plan_id,plan_date,plant_id,line_id,product_id,planned_quantity,planned_capacity_units,capacity_utilization_plan,plan_version,planner_id,source_system
PLAN-20250801-L01,2025-08-01,P01,L01,PRD-028,48723,58068,0.839,v1,PLN-007,APS
PLAN-20250801-L02,2025-08-01,P01,L02,PRD-071,77986,82062,0.95,v1,PLN-006,APS
PLAN-20250801-L03,2025-08-01,P02,L03,PRD-023,43758,52992,0.826,v3,PLN-008,APS
PLAN-20250801-L04,2025-08-01,P02,L04,PRD-040,31877,34380,0.927,v3,PLN-012,APS
PLAN-20250801-L05,2025-08-01,P03,L05,PRD-010,41844,44946,0.931,v3,PLN-012,APS
PLAN-20250801-L06,2025-08-01,P03,L06,PRD-022,84509,84438,1.001,v3,PLN-005,APS
PLAN-20250802-L01,2025-08-02,P01,L01,PRD-009,44192,58068,0.761,v1,PLN-004,APS
PLAN-20250802-L02,2025-08-02,P01,L02,PRD-062,57095,82062,0.696,v1,PLN-007,APS
PLAN-20250802-L03,2025-08-02,P02,L03,PRD-040,32744,52992,0.618,v1,PLN-008,APS
PLAN-20250802-L04,2025-08-02,P02,L04,PRD-001,24250,34380,0.705,v2,PLN-007,APS
PLAN-20250802-L05,2025-08-02,P03,L05,PRD-049,28486,44946,0.634,v3,PLN-011,APS
PLAN-20250802-L06,2025-08-02,P03,L06,PRD-070,56721,84438,0.672,v1,PLN-009,APS
PLAN-20250803-L01,2025-08-03,P01,L01,PRD-059,35166,58068,0.606,v2,PLN-005,APS
PLAN-20250803-L02,2025-08-03,P01,L02,PRD-020,51210,82062,0.624,v1,PLN-012,APS
PLAN-20250803-L03,2025-08-03,P02,L03,PRD-070,37717,52992,0.712,v1,PLN-011,APS
PLAN-20250803-L04,2025-08-03,P02,L04,PRD-031,23735,34380,0.69,v2,PLN-011,APS
PLAN-20250803-L05,2025-08-03,P03,L05,PRD-052,30852,44946,0.686,v1,PLN-007,APS
PLAN-20250803-L06,2025-08-03,P03,L06,PRD-048,65224,84438,0.772,v3,PLN-001,APS
PLAN-20250804-L01,2025-08-04,P01,L01,PRD-001,55788,58068,0.961,v2,PLN-008,APS
PLAN-20250804-L02,2025-08-04,P01,L02,PRD-011,65617,82062,0.8,v2,PLN-005,APS
PLAN-20250804-L03,2025-08-04,P02,L03,PRD-019,50559,52992,0.954,v3,PLN-009,APS
PLAN-20250804-L04,2025-08-04,P02,L04,PRD-062,31523,34380,0.917,v2,PLN-004,APS
PLAN-20250804-L05,2025-08-04,P03,L05,PRD-075,36701,44946,0.817,v3,PLN-004,APS
PLAN-20250804-L06,2025-08-04,P03,L06,PRD-016,84840,84438,1.005,v1,PLN-012,APS
PLAN-20250805-L01,2025-08-05,P01,L01,PRD-009,47215,58068,0.813,v1,PLN-003,APS
PLAN-20250805-L02,2025-08-05,P01,L02,PRD-012,78106,82062,0.952,v1,PLN-006,APS
PLAN-20250805-L03,2025-08-05,P02,L03,PRD-075,51371,52992,0.969,v1,PLN-009,APS
PLAN-20250805-L04,2025-08-05,P02,L04,PRD-078,27504,34380,0.8,v3,PLN-009,APS
PLAN-20250805-L05,2025-08-05,P03,L05,PRD-079,38921,44946,0.866,v3,PLN-005,APS
PLAN-20250805-L06,2025-08-05,P03,L06,PRD-073,77507,84438,0.918,v1,PLN-002,APS
PLAN-20250806-L01,2025-08-06,P01,L01,PRD-046,46365,58068,0.798,v1,PLN-003,APS
PLAN-20250806-L02,2025-08-06,P01,L02,PRD-039,79433,82062,0.968,v3,PLN-010,APS
PLAN-20250806-L03,2025-08-06,P02,L03,PRD-042,46128,52992,0.87,v1,PLN-010,APS
PLAN-20250806-L04,2025-08-06,P02,L04,PRD-039,27561,34380,0.802,v2,PLN-012,APS
PLAN-20250806-L05,2025-08-06,P03,L05,PRD-064,42966,44946,0.956,v3,PLN-003,APS
PLAN-20250806-L06,2025-08-06,P03,L06,PRD-017,80603,84438,0.955,v1,PLN-012,APS
PLAN-20250807-L01,2025-08-07,P01,L01,PRD-072,49797,58068,0.858,v3,PLN-003,APS
PLAN-20250807-L02,2025-08-07,P01,L02,PRD-005,85156,82062,1.038,v1,PLN-003,APS
PLAN-20250807-L03,2025-08-07,P02,L03,PRD-070,52273,52992,0.986,v3,PLN-008,APS
PLAN-20250807-L04,2025-08-07,P02,L04,PRD-059,34110,34380,0.992,v1,PLN-004,APS
PLAN-20250807-L05,2025-08-07,P03,L05,PRD-002,44504,44946,0.99,v2,PLN-004,APS
PLAN-20250807-L06,2025-08-07,P03,L06,PRD-073,81355,84438,0.963,v1,PLN-011,APS
PLAN-20250808-L01,2025-08-08,P01,L01,PRD-031,56050,58068,0.965,v2,PLN-005,APS
PLAN-20250808-L02,2025-08-08,P01,L02,PRD-069,83590,82062,1.019,v1,PLN-001,APS
PLAN-20250808-L03,2025-08-08,P02,L03,PRD-037,45526,52992,0.859,v2,PLN-002,APS
PLAN-20250808-L04,2025-08-08,P02,L04,PRD-067,31557,34380,0.918,v2,PLN-004,APS
PLAN-20250808-L05,2025-08-08,P03,L05,PRD-044,35933,44946,0.799,v3,PLN-002,APS
PLAN-20250808-L06,2025-08-08,P03,L06,PRD-042,79901,84438,0.946,v1,PLN-005,APS
PLAN-20250809-L01,2025-08-09,P01,L01,PRD-020,39046,58068,0.672,v3,PLN-012,APS
PLAN-20250809-L02,2025-08-09,P01,L02,PRD-012,64511,82062,0.786,v2,PLN-008,APS
PLAN-20250809-L03,2025-08-09,P02,L03,PRD-002,32427,52992,0.612,v3,PLN-012,APS
PLAN-20250809-L04,2025-08-09,P02,L04,PRD-072,20292,34380,0.59,v3,PLN-012,APS
PLAN-20250809-L05,2025-08-09,P03,L05,PRD-012,28295,44946,0.63,v1,PLN-003,APS
PLAN-20250809-L06,2025-08-09,P03,L06,PRD-078,56754,84438,0.672,v2,PLN-009,APS
PLAN-20250810-L01,2025-08-10,P01,L01,PRD-007,44528,58068,0.767,v3,PLN-010,APS
PLAN-20250810-L02,2025-08-10,P01,L02,PRD-012,47855,82062,0.583,v2,PLN-009,APS
PLAN-20250810-L03,2025-08-10,P02,L03,PRD-045,38560,52992,0.728,v1,PLN-003,APS
PLAN-20250810-L04,2025-08-10,P02,L04,PRD-078,27116,34380,0.789,v1,PLN-003,APS
PLAN-20250810-L05,2025-08-10,P03,L05,PRD-077,34299,44946,0.763,v2,PLN-010,APS
PLAN-20250810-L06,2025-08-10,P03,L06,PRD-035,56816,84438,0.673,v1,PLN-001,APS
PLAN-20250811-L01,2025-08-11,P01,L01,PRD-077,56920,58068,0.98,v1,PLN-006,APS
PLAN-20250811-L02,2025-08-11,P01,L02,PRD-069,74862,82062,0.912,v1,PLN-006,APS
PLAN-20250811-L03,2025-08-11,P02,L03,PRD-048,43378,52992,0.819,v1,PLN-012,APS
PLAN-20250811-L04,2025-08-11,P02,L04,PRD-046,30876,34380,0.898,v2,PLN-011,APS
PLAN-20250811-L05,2025-08-11,P03,L05,PRD-029,46325,44946,1.031,v3,PLN-012,APS
PLAN-20250811-L06,2025-08-11,P03,L06,PRD-054,88855,84438,1.052,v1,PLN-006,APS
PLAN-20250812-L01,2025-08-12,P01,L01,PRD-068,46901,58068,0.808,v3,PLN-009,APS
PLAN-20250812-L02,2025-08-12,P01,L02,PRD-035,74856,82062,0.912,v2,PLN-005,APS
PLAN-20250812-L03,2025-08-12,P02,L03,PRD-050,53782,52992,1.015,v3,PLN-001,APS
PLAN-20250812-L04,2025-08-12,P02,L04,PRD-067,29758,34380,0.866,v1,PLN-002,APS
PLAN-20250812-L05,2025-08-12,P03,L05,PRD-015,42401,44946,0.943,v1,PLN-005,APS
PLAN-20250812-L06,2025-08-12,P03,L06,PRD-013,86514,84438,1.025,v3,PLN-001,APS
PLAN-20250813-L01,2025-08-13,P01,L01,PRD-046,56609,58068,0.975,v3,PLN-009,APS
PLAN-20250813-L02,2025-08-13,P01,L02,PRD-005,75372,82062,0.918,v3,PLN-005,APS
PLAN-20250813-L03,2025-08-13,P02,L03,PRD-075,52737,52992,0.995,v2,PLN-008,APS
PLAN-20250813-L04,2025-08-13,P02,L04,PRD-079,33541,34380,0.976,v3,PLN-009,APS
PLAN-20250813-L05,2025-08-13,P03,L05,PRD-002,36350,44946,0.809,v1,PLN-002,APS
PLAN-20250813-L06,2025-08-13,P03,L06,PRD-048,85470,84438,1.012,v2,PLN-003,APS
PLAN-20250814-L01,2025-08-14,P01,L01,PRD-007,50791,58068,0.875,v3,PLN-002,APS
PLAN-20250814-L02,2025-08-14,P01,L02,PRD-029,79801,82062,0.972,v1,PLN-006,APS
PLAN-20250814-L03,2025-08-14,P02,L03,PRD-027,45429,52992,0.857,v3,PLN-003,APS
PLAN-20250814-L04,2025-08-14,P02,L04,PRD-024,30593,34380,0.89,v3,PLN-003,APS
PLAN-20250814-L05,2025-08-14,P03,L05,PRD-007,36757,44946,0.818,v2,PLN-007,APS
PLAN-20250814-L06,2025-08-14,P03,L06,PRD-062,86059,84438,1.019,v3,PLN-012,APS
PLAN-20250815-L01,2025-08-15,P01,L01,PRD-008,59095,58068,1.018,v2,PLN-008,APS
PLAN-20250815-L02,2025-08-15,P01,L02,PRD-066,69173,82062,0.843,v3,PLN-008,APS
PLAN-20250815-L03,2025-08-15,P02,L03,PRD-027,44305,52992,0.836,v3,PLN-006,APS
PLAN-20250815-L04,2025-08-15,P02,L04,PRD-006,35413,34380,1.03,v2,PLN-012,APS
PLAN-20250815-L05,2025-08-15,P03,L05,PRD-039,44897,44946,0.999,v2,PLN-008,APS
PLAN-20250815-L06,2025-08-15,P03,L06,PRD-074,83887,84438,0.993,v1,PLN-012,APS
PLAN-20250816-L01,2025-08-16,P01,L01,PRD-078,34741,58068,0.598,v3,PLN-011,APS
PLAN-20250816-L02,2025-08-16,P01,L02,PRD-007,60627,82062,0.739,v1,PLN-003,APS
PLAN-20250816-L03,2025-08-16,P02,L03,PRD-075,36361,52992,0.686,v3,PLN-008,APS
PLAN-20250816-L04,2025-08-16,P02,L04,PRD-002,24053,34380,0.7,v2,PLN-001,APS
PLAN-20250816-L05,2025-08-16,P03,L05,PRD-079,33118,44946,0.737,v3,PLN-010,APS
PLAN-20250816-L06,2025-08-16,P03,L06,PRD-003,57599,84438,0.682,v3,PLN-006,APS
PLAN-20250817-L01,2025-08-17,P01,L01,PRD-032,37513,58068,0.646,v1,PLN-012,APS
PLAN-20250817-L02,2025-08-17,P01,L02,PRD-030,54218,82062,0.661,v2,PLN-009,APS
PLAN-20250817-L03,2025-08-17,P02,L03,PRD-023,41969,52992,0.792,v1,PLN-011,APS
PLAN-20250817-L04,2025-08-17,P02,L04,PRD-059,21946,34380,0.638,v1,PLN-009,APS
PLAN-20250817-L05,2025-08-17,P03,L05,PRD-052,36166,44946,0.805,v1,PLN-004,APS
PLAN-20250817-L06,2025-08-17,P03,L06,PRD-054,52935,84438,0.627,v3,PLN-001,APS
PLAN-20250818-L01,2025-08-18,P01,L01,PRD-079,51401,58068,0.885,v1,PLN-002,APS
PLAN-20250818-L02,2025-08-18,P01,L02,PRD-008,78414,82062,0.956,v2,PLN-006,APS
PLAN-20250818-L03,2025-08-18,P02,L03,PRD-042,56515,52992,1.066,v2,PLN-004,APS
PLAN-20250818-L04,2025-08-18,P02,L04,PRD-037,31727,34380,0.923,v1,PLN-008,APS
PLAN-20250818-L05,2025-08-18,P03,L05,PRD-062,36535,44946,0.813,v2,PLN-005,APS
PLAN-20250818-L06,2025-08-18,P03,L06,PRD-048,67906,84438,0.804,v3,PLN-007,APS
PLAN-20250819-L01,2025-08-19,P01,L01,PRD-008,57295,58068,0.987,v1,PLN-007,APS
PLAN-20250819-L02,2025-08-19,P01,L02,PRD-064,81381,82062,0.992,v2,PLN-004,APS
PLAN-20250819-L03,2025-08-19,P02,L03,PRD-037,43587,52992,0.823,v1,PLN-009,APS
PLAN-20250819-L04,2025-08-19,P02,L04,PRD-001,34824,34380,1.013,v3,PLN-003,APS
PLAN-20250819-L05,2025-08-19,P03,L05,PRD-040,47347,44946,1.053,v1,PLN-004,APS
PLAN-20250819-L06,2025-08-19,P03,L06,PRD-069,88344,84438,1.046,v3,PLN-006,APS
PLAN-20250820-L01,2025-08-20,P01,L01,PRD-020,57189,58068,0.985,v1,PLN-012,APS
PLAN-20250820-L02,2025-08-20,P01,L02,PRD-031,66815,82062,0.814,v3,PLN-012,APS
PLAN-20250820-L03,2025-08-20,P02,L03,PRD-058,54911,52992,1.036,v3,PLN-009,APS
PLAN-20250820-L04,2025-08-20,P02,L04,PRD-023,34745,34380,1.011,v2,PLN-010,APS
PLAN-20250820-L05,2025-08-20,P03,L05,PRD-022,38890,44946,0.865,v2,PLN-003,APS
PLAN-20250820-L06,2025-08-20,P03,L06,PRD-073,83619,84438,0.99,v2,PLN-005,APS
PLAN-20250821-L01,2025-08-21,P01,L01,PRD-060,58648,58068,1.01,v1,PLN-011,APS
PLAN-20250821-L02,2025-08-21,P01,L02,PRD-004,78759,82062,0.96,v2,PLN-007,APS
PLAN-20250821-L03,2025-08-21,P02,L03,PRD-057,54112,52992,1.021,v1,PLN-002,APS
PLAN-20250821-L04,2025-08-21,P02,L04,PRD-017,34810,34380,1.013,v2,PLN-008,APS
PLAN-20250821-L05,2025-08-21,P03,L05,PRD-006,43422,44946,0.966,v1,PLN-004,APS
PLAN-20250821-L06,2025-08-21,P03,L06,PRD-042,73462,84438,0.87,v2,PLN-010,APS
PLAN-20250822-L01,2025-08-22,P01,L01,PRD-028,62563,58068,1.077,v3,PLN-010,APS
PLAN-20250822-L02,2025-08-22,P01,L02,PRD-024,70234,82062,0.856,v3,PLN-002,APS
PLAN-20250822-L03,2025-08-22,P02,L03,PRD-003,50592,52992,0.955,v1,PLN-012,APS
PLAN-20250822-L04,2025-08-22,P02,L04,PRD-066,29986,34380,0.872,v1,PLN-008,APS
PLAN-20250822-L05,2025-08-22,P03,L05,PRD-052,39749,44946,0.884,v1,PLN-007,APS
PLAN-20250822-L06,2025-08-22,P03,L06,PRD-058,77333,84438,0.916,v1,PLN-010,APS
PLAN-20250823-L01,2025-08-23,P01,L01,PRD-023,42363,58068,0.73,v3,PLN-007,APS
PLAN-20250823-L02,2025-08-23,P01,L02,PRD-045,57611,82062,0.702,v2,PLN-004,APS
PLAN-20250823-L03,2025-08-23,P02,L03,PRD-042,36830,52992,0.695,v3,PLN-001,APS
PLAN-20250823-L04,2025-08-23,P02,L04,PRD-067,27975,34380,0.814,v2,PLN-004,APS
PLAN-20250823-L05,2025-08-23,P03,L05,PRD-007,27003,44946,0.601,v1,PLN-005,APS
PLAN-20250823-L06,2025-08-23,P03,L06,PRD-064,68971,84438,0.817,v1,PLN-008,APS
PLAN-20250824-L01,2025-08-24,P01,L01,PRD-061,47525,58068,0.818,v2,PLN-010,APS
PLAN-20250824-L02,2025-08-24,P01,L02,PRD-062,58271,82062,0.71,v3,PLN-005,APS
PLAN-20250824-L03,2025-08-24,P02,L03,PRD-023,33488,52992,0.632,v1,PLN-001,APS
PLAN-20250824-L04,2025-08-24,P02,L04,PRD-066,25327,34380,0.737,v3,PLN-010,APS
PLAN-20250824-L05,2025-08-24,P03,L05,PRD-075,33376,44946,0.743,v3,PLN-010,APS
PLAN-20250824-L06,2025-08-24,P03,L06,PRD-017,63230,84438,0.749,v3,PLN-007,APS
PLAN-20250825-L01,2025-08-25,P01,L01,PRD-074,58388,58068,1.006,v3,PLN-002,APS
PLAN-20250825-L02,2025-08-25,P01,L02,PRD-079,67529,82062,0.823,v3,PLN-003,APS
PLAN-20250825-L03,2025-08-25,P02,L03,PRD-024,55188,52992,1.041,v3,PLN-008,APS
PLAN-20250825-L04,2025-08-25,P02,L04,PRD-010,28632,34380,0.833,v3,PLN-003,APS
PLAN-20250825-L05,2025-08-25,P03,L05,PRD-013,45261,44946,1.007,v2,PLN-004,APS
PLAN-20250825-L06,2025-08-25,P03,L06,PRD-040,75998,84438,0.9,v1,PLN-010,APS
PLAN-20250826-L01,2025-08-26,P01,L01,PRD-060,61470,58068,1.059,v3,PLN-007,APS
PLAN-20250826-L02,2025-08-26,P01,L02,PRD-075,69902,82062,0.852,v1,PLN-003,APS
PLAN-20250826-L03,2025-08-26,P02,L03,PRD-040,45080,52992,0.851,v3,PLN-012,APS
PLAN-20250826-L04,2025-08-26,P02,L04,PRD-067,35038,34380,1.019,v2,PLN-010,APS
PLAN-20250826-L05,2025-08-26,P03,L05,PRD-006,39393,44946,0.876,v3,PLN-010,APS
PLAN-20250826-L06,2025-08-26,P03,L06,PRD-071,86366,84438,1.023,v2,PLN-002,APS
PLAN-20250827-L01,2025-08-27,P01,L01,PRD-074,53221,58068,0.917,v3,PLN-011,APS
PLAN-20250827-L02,2025-08-27,P01,L02,PRD-036,90001,82062,1.097,v1,PLN-008,APS
PLAN-20250827-L03,2025-08-27,P02,L03,PRD-058,46914,52992,0.885,v3,PLN-010,APS
PLAN-20250827-L04,2025-08-27,P02,L04,PRD-079,37208,34380,1.082,v2,PLN-003,APS
PLAN-20250827-L05,2025-08-27,P03,L05,PRD-002,44477,44946,0.99,v3,PLN-003,APS
PLAN-20250827-L06,2025-08-27,P03,L06,PRD-062,92969,84438,1.101,v3,PLN-007,APS
PLAN-20250828-L01,2025-08-28,P01,L01,PRD-059,51145,58068,0.881,v3,PLN-006,APS
PLAN-20250828-L02,2025-08-28,P01,L02,PRD-030,69148,82062,0.843,v2,PLN-011,APS
PLAN-20250828-L03,2025-08-28,P02,L03,PRD-066,58476,52992,1.103,v3,PLN-010,APS
PLAN-20250828-L04,2025-08-28,P02,L04,PRD-041,37624,34380,1.094,v2,PLN-003,APS
PLAN-20250828-L05,2025-08-28,P03,L05,PRD-040,48523,44946,1.08,v2,PLN-007,APS
PLAN-20250828-L06,2025-08-28,P03,L06,PRD-034,83918,84438,0.994,v3,PLN-004,APS
PLAN-20250829-L01,2025-08-29,P01,L01,PRD-027,47874,58068,0.824,v2,PLN-003,APS
PLAN-20250829-L02,2025-08-29,P01,L02,PRD-005,85517,82062,1.042,v3,PLN-009,APS
PLAN-20250829-L03,2025-08-29,P02,L03,PRD-071,53777,52992,1.015,v2,PLN-009,APS
PLAN-20250829-L04,2025-08-29,P02,L04,PRD-024,28199,34380,0.82,v3,PLN-004,APS
PLAN-20250829-L05,2025-08-29,P03,L05,PRD-070,42269,44946,0.94,v2,PLN-007,APS
PLAN-20250829-L06,2025-08-29,P03,L06,PRD-045,75936,84438,0.899,v2,PLN-009,APS
PLAN-20250830-L01,2025-08-30,P01,L01,PRD-044,47850,58068,0.824,v1,PLN-008,APS
PLAN-20250830-L02,2025-08-30,P01,L02,PRD-020,65290,82062,0.796,v3,PLN-005,APS
PLAN-20250830-L03,2025-08-30,P02,L03,PRD-077,36817,52992,0.695,v3,PLN-002,APS
PLAN-20250830-L04,2025-08-30,P02,L04,PRD-024,26565,34380,0.773,v1,PLN-012,APS
PLAN-20250830-L05,2025-08-30,P03,L05,PRD-063,28109,44946,0.625,v3,PLN-011,APS
PLAN-20250830-L06,2025-08-30,P03,L06,PRD-073,55866,84438,0.662,v1,PLN-002,APS
PLAN-20250831-L01,2025-08-31,P01,L01,PRD-014,38357,58068,0.661,v3,PLN-002,APS
PLAN-20250831-L02,2025-08-31,P01,L02,PRD-005,60988,82062,0.743,v1,PLN-011,APS
PLAN-20250831-L03,2025-08-31,P02,L03,PRD-028,40648,52992,0.767,v3,PLN-004,APS
PLAN-20250831-L04,2025-08-31,P02,L04,PRD-042,24292,34380,0.707,v1,PLN-009,APS
PLAN-20250831-L05,2025-08-31,P03,L05,PRD-073,33405,44946,0.743,v1,PLN-006,APS
PLAN-20250831-L06,2025-08-31,P03,L06,PRD-012,56800,84438,0.673,v3,PLN-009,APS
PLAN-20250901-L01,2025-09-01,P01,L01,PRD-046,54157,58068,0.933,v1,PLN-006,APS
PLAN-20250901-L02,2025-09-01,P01,L02,PRD-029,75210,82062,0.917,v3,PLN-010,APS
PLAN-20250901-L03,2025-09-01,P02,L03,PRD-048,55757,52992,1.052,v3,PLN-002,APS
PLAN-20250901-L04,2025-09-01,P02,L04,PRD-072,31224,34380,0.908,v1,PLN-001,APS
PLAN-20250901-L05,2025-09-01,P03,L05,PRD-073,42952,44946,0.956,v3,PLN-010,APS
PLAN-20250901-L06,2025-09-01,P03,L06,PRD-070,70142,84438,0.831,v1,PLN-001,APS
PLAN-20250902-L01,2025-09-02,P01,L01,PRD-051,57987,58068,0.999,v3,PLN-010,APS
PLAN-20250902-L02,2025-09-02,P01,L02,PRD-066,80743,82062,0.984,v3,PLN-009,APS
PLAN-20250902-L03,2025-09-02,P02,L03,PRD-048,45043,52992,0.85,v2,PLN-007,APS
PLAN-20250902-L04,2025-09-02,P02,L04,PRD-002,34306,34380,0.998,v1,PLN-010,APS
PLAN-20250902-L05,2025-09-02,P03,L05,PRD-056,41923,44946,0.933,v3,PLN-012,APS
PLAN-20250902-L06,2025-09-02,P03,L06,PRD-067,89681,84438,1.062,v1,PLN-011,APS
PLAN-20250903-L01,2025-09-03,P01,L01,PRD-044,53072,58068,0.914,v1,PLN-004,APS
PLAN-20250903-L02,2025-09-03,P01,L02,PRD-079,74111,82062,0.903,v2,PLN-010,APS
PLAN-20250903-L03,2025-09-03,P02,L03,PRD-058,46138,52992,0.871,v2,PLN-006,APS
PLAN-20250903-L04,2025-09-03,P02,L04,PRD-002,38754,34380,1.127,v1,PLN-011,APS
PLAN-20250903-L05,2025-09-03,P03,L05,PRD-015,48145,44946,1.071,v3,PLN-003,APS
PLAN-20250903-L06,2025-09-03,P03,L06,PRD-003,84831,84438,1.005,v3,PLN-005,APS
PLAN-20250904-L01,2025-09-04,P01,L01,PRD-023,63802,58068,1.099,v2,PLN-001,APS
PLAN-20250904-L02,2025-09-04,P01,L02,PRD-022,84442,82062,1.029,v1,PLN-002,APS
PLAN-20250904-L03,2025-09-04,P02,L03,PRD-053,53916,52992,1.017,v2,PLN-005,APS
PLAN-20250904-L04,2025-09-04,P02,L04,PRD-072,37610,34380,1.094,v2,PLN-011,APS
PLAN-20250904-L05,2025-09-04,P03,L05,PRD-010,40110,44946,0.892,v2,PLN-005,APS
PLAN-20250904-L06,2025-09-04,P03,L06,PRD-043,86355,84438,1.023,v1,PLN-004,APS
PLAN-20250905-L01,2025-09-05,P01,L01,PRD-034,49997,58068,0.861,v1,PLN-011,APS
PLAN-20250905-L02,2025-09-05,P01,L02,PRD-071,89391,82062,1.089,v2,PLN-001,APS
PLAN-20250905-L03,2025-09-05,P02,L03,PRD-044,44728,52992,0.844,v2,PLN-001,APS
PLAN-20250905-L04,2025-09-05,P02,L04,PRD-077,32308,34380,0.94,v2,PLN-003,APS
PLAN-20250905-L05,2025-09-05,P03,L05,PRD-075,47139,44946,1.049,v2,PLN-005,APS
PLAN-20250905-L06,2025-09-05,P03,L06,PRD-015,72022,84438,0.853,v1,PLN-002,APS
PLAN-20250906-L01,2025-09-06,P01,L01,PRD-077,45852,58068,0.79,v2,PLN-009,APS
PLAN-20250906-L02,2025-09-06,P01,L02,PRD-031,64365,82062,0.784,v1,PLN-002,APS
PLAN-20250906-L03,2025-09-06,P02,L03,PRD-050,44967,52992,0.849,v2,PLN-007,APS
PLAN-20250906-L04,2025-09-06,P02,L04,PRD-023,21910,34380,0.637,v3,PLN-006,APS
PLAN-20250906-L05,2025-09-06,P03,L05,PRD-055,33427,44946,0.744,v3,PLN-005,APS
PLAN-20250906-L06,2025-09-06,P03,L06,PRD-022,63924,84438,0.757,v1,PLN-004,APS
PLAN-20250907-L01,2025-09-07,P01,L01,PRD-068,47596,58068,0.82,v1,PLN-002,APS
PLAN-20250907-L02,2025-09-07,P01,L02,PRD-020,56979,82062,0.694,v2,PLN-004,APS
PLAN-20250907-L03,2025-09-07,P02,L03,PRD-048,41161,52992,0.777,v2,PLN-004,APS
PLAN-20250907-L04,2025-09-07,P02,L04,PRD-036,24186,34380,0.703,v1,PLN-001,APS
PLAN-20250907-L05,2025-09-07,P03,L05,PRD-055,29112,44946,0.648,v2,PLN-011,APS
PLAN-20250907-L06,2025-09-07,P03,L06,PRD-066,58373,84438,0.691,v3,PLN-011,APS
PLAN-20250908-L01,2025-09-08,P01,L01,PRD-025,50139,58068,0.863,v1,PLN-002,APS
PLAN-20250908-L02,2025-09-08,P01,L02,PRD-069,85136,82062,1.037,v3,PLN-005,APS
PLAN-20250908-L03,2025-09-08,P02,L03,PRD-075,52736,52992,0.995,v1,PLN-003,APS
PLAN-20250908-L04,2025-09-08,P02,L04,PRD-035,31017,34380,0.902,v2,PLN-009,APS
PLAN-20250908-L05,2025-09-08,P03,L05,PRD-054,41699,44946,0.928,v3,PLN-011,APS
PLAN-20250908-L06,2025-09-08,P03,L06,PRD-073,87160,84438,1.032,v2,PLN-010,APS
PLAN-20250909-L01,2025-09-09,P01,L01,PRD-079,51711,58068,0.891,v3,PLN-002,APS
PLAN-20250909-L02,2025-09-09,P01,L02,PRD-012,85585,82062,1.043,v1,PLN-010,APS
PLAN-20250909-L03,2025-09-09,P02,L03,PRD-028,45312,52992,0.855,v2,PLN-002,APS
PLAN-20250909-L04,2025-09-09,P02,L04,PRD-051,31607,34380,0.919,v2,PLN-010,APS
PLAN-20250909-L05,2025-09-09,P03,L05,PRD-045,48814,44946,1.086,v3,PLN-012,APS
PLAN-20250909-L06,2025-09-09,P03,L06,PRD-066,91712,84438,1.086,v3,PLN-012,APS
PLAN-20250910-L01,2025-09-10,P01,L01,PRD-050,59086,58068,1.018,v2,PLN-006,APS
PLAN-20250910-L02,2025-09-10,P01,L02,PRD-004,74478,82062,0.908,v3,PLN-004,APS
PLAN-20250910-L03,2025-09-10,P02,L03,PRD-022,53225,52992,1.004,v1,PLN-006,APS
PLAN-20250910-L04,2025-09-10,P02,L04,PRD-035,37662,34380,1.095,v3,PLN-004,APS
PLAN-20250910-L05,2025-09-10,P03,L05,PRD-064,44270,44946,0.985,v3,PLN-006,APS
PLAN-20250910-L06,2025-09-10,P03,L06,PRD-061,77593,84438,0.919,v1,PLN-003,APS
PLAN-20250911-L01,2025-09-11,P01,L01,PRD-029,61127,58068,1.053,v2,PLN-012,APS
PLAN-20250911-L02,2025-09-11,P01,L02,PRD-007,85566,82062,1.043,v2,PLN-010,APS
PLAN-20250911-L03,2025-09-11,P02,L03,PRD-073,45055,52992,0.85,v3,PLN-010,APS
PLAN-20250911-L04,2025-09-11,P02,L04,PRD-023,36669,34380,1.067,v2,PLN-012,APS
PLAN-20250911-L05,2025-09-11,P03,L05,PRD-045,37983,44946,0.845,v1,PLN-011,APS
PLAN-20250911-L06,2025-09-11,P03,L06,PRD-035,88493,84438,1.048,v1,PLN-008,APS
PLAN-20250912-L01,2025-09-12,P01,L01,PRD-034,63144,58068,1.087,v1,PLN-010,APS
PLAN-20250912-L02,2025-09-12,P01,L02,PRD-075,73671,82062,0.898,v1,PLN-001,APS
PLAN-20250912-L03,2025-09-12,P02,L03,PRD-063,60200,52992,1.136,v3,PLN-006,APS
PLAN-20250912-L04,2025-09-12,P02,L04,PRD-032,30641,34380,0.891,v2,PLN-008,APS
PLAN-20250912-L05,2025-09-12,P03,L05,PRD-022,41606,44946,0.926,v2,PLN-010,APS
PLAN-20250912-L06,2025-09-12,P03,L06,PRD-059,84730,84438,1.003,v2,PLN-003,APS
PLAN-20250913-L01,2025-09-13,P01,L01,PRD-027,49031,58068,0.844,v2,PLN-011,APS
PLAN-20250913-L02,2025-09-13,P01,L02,PRD-045,66076,82062,0.805,v3,PLN-003,APS
PLAN-20250913-L03,2025-09-13,P02,L03,PRD-057,45104,52992,0.851,v3,PLN-010,APS
PLAN-20250913-L04,2025-09-13,P02,L04,PRD-001,24209,34380,0.704,v1,PLN-011,APS
PLAN-20250913-L05,2025-09-13,P03,L05,PRD-052,37685,44946,0.838,v2,PLN-006,APS
PLAN-20250913-L06,2025-09-13,P03,L06,PRD-003,63139,84438,0.748,v2,PLN-008,APS
PLAN-20250914-L01,2025-09-14,P01,L01,PRD-050,49003,58068,0.844,v2,PLN-007,APS
PLAN-20250914-L02,2025-09-14,P01,L02,PRD-035,67796,82062,0.826,v3,PLN-005,APS
PLAN-20250914-L03,2025-09-14,P02,L03,PRD-023,41313,52992,0.78,v1,PLN-001,APS
PLAN-20250914-L04,2025-09-14,P02,L04,PRD-017,23541,34380,0.685,v3,PLN-011,APS
PLAN-20250914-L05,2025-09-14,P03,L05,PRD-064,35442,44946,0.789,v2,PLN-010,APS
PLAN-20250914-L06,2025-09-14,P03,L06,PRD-015,63599,84438,0.753,v2,PLN-005,APS
PLAN-20250915-L01,2025-09-15,P01,L01,PRD-027,50056,58068,0.862,v2,PLN-009,APS
PLAN-20250915-L02,2025-09-15,P01,L02,PRD-002,88025,82062,1.073,v1,PLN-012,APS
PLAN-20250915-L03,2025-09-15,P02,L03,PRD-017,59863,52992,1.13,v3,PLN-003,APS
PLAN-20250915-L04,2025-09-15,P02,L04,PRD-052,32116,34380,0.934,v3,PLN-002,APS
PLAN-20250915-L05,2025-09-15,P03,L05,PRD-031,51546,44946,1.147,v1,PLN-001,APS
PLAN-20250915-L06,2025-09-15,P03,L06,PRD-067,81419,84438,0.964,v1,PLN-007,APS
PLAN-20250916-L01,2025-09-16,P01,L01,PRD-060,65884,58068,1.135,v2,PLN-004,APS
PLAN-20250916-L02,2025-09-16,P01,L02,PRD-037,76775,82062,0.936,v2,PLN-003,APS
PLAN-20250916-L03,2025-09-16,P02,L03,PRD-023,55206,52992,1.042,v2,PLN-004,APS
PLAN-20250916-L04,2025-09-16,P02,L04,PRD-032,32756,34380,0.953,v3,PLN-004,APS
PLAN-20250916-L05,2025-09-16,P03,L05,PRD-049,41771,44946,0.929,v3,PLN-009,APS
PLAN-20250916-L06,2025-09-16,P03,L06,PRD-045,92163,84438,1.091,v2,PLN-010,APS
PLAN-20250917-L01,2025-09-17,P01,L01,PRD-031,56036,58068,0.965,v1,PLN-001,APS
PLAN-20250917-L02,2025-09-17,P01,L02,PRD-024,88128,82062,1.074,v2,PLN-008,APS
PLAN-20250917-L03,2025-09-17,P02,L03,PRD-053,59831,52992,1.129,v2,PLN-009,APS
PLAN-20250917-L04,2025-09-17,P02,L04,PRD-035,36381,34380,1.058,v2,PLN-007,APS
PLAN-20250917-L05,2025-09-17,P03,L05,PRD-062,39126,44946,0.871,v3,PLN-008,APS
PLAN-20250917-L06,2025-09-17,P03,L06,PRD-035,74553,84438,0.883,v2,PLN-002,APS
PLAN-20250918-L01,2025-09-18,P01,L01,PRD-028,60493,58068,1.042,v3,PLN-008,APS
PLAN-20250918-L02,2025-09-18,P01,L02,PRD-004,78438,82062,0.956,v1,PLN-005,APS
PLAN-20250918-L03,2025-09-18,P02,L03,PRD-044,50393,52992,0.951,v1,PLN-008,APS
PLAN-20250918-L04,2025-09-18,P02,L04,PRD-046,39569,34380,1.151,v2,PLN-005,APS
PLAN-20250918-L05,2025-09-18,P03,L05,PRD-002,48845,44946,1.087,v3,PLN-009,APS
PLAN-20250918-L06,2025-09-18,P03,L06,PRD-006,74269,84438,0.88,v1,PLN-003,APS
PLAN-20250919-L01,2025-09-19,P01,L01,PRD-020,55867,58068,0.962,v1,PLN-009,APS
PLAN-20250919-L02,2025-09-19,P01,L02,PRD-029,81366,82062,0.992,v1,PLN-007,APS
PLAN-20250919-L03,2025-09-19,P02,L03,PRD-075,61106,52992,1.153,v1,PLN-009,APS
PLAN-20250919-L04,2025-09-19,P02,L04,PRD-062,38469,34380,1.119,v2,PLN-011,APS
PLAN-20250919-L05,2025-09-19,P03,L05,PRD-054,44748,44946,0.996,v2,PLN-007,APS
PLAN-20250919-L06,2025-09-19,P03,L06,PRD-059,78711,84438,0.932,v1,PLN-007,APS
PLAN-20250920-L01,2025-09-20,P01,L01,PRD-013,46544,58068,0.802,v2,PLN-001,APS
PLAN-20250920-L02,2025-09-20,P01,L02,PRD-002,52725,82062,0.643,v1,PLN-010,APS
PLAN-20250920-L03,2025-09-20,P02,L03,PRD-050,44306,52992,0.836,v1,PLN-003,APS
PLAN-20250920-L04,2025-09-20,P02,L04,PRD-005,29037,34380,0.845,v3,PLN-002,APS
PLAN-20250920-L05,2025-09-20,P03,L05,PRD-049,28880,44946,0.643,v3,PLN-004,APS
PLAN-20250920-L06,2025-09-20,P03,L06,PRD-064,72421,84438,0.858,v3,PLN-002,APS
PLAN-20250921-L01,2025-09-21,P01,L01,PRD-028,42394,58068,0.73,v3,PLN-003,APS
PLAN-20250921-L02,2025-09-21,P01,L02,PRD-071,62347,82062,0.76,v3,PLN-001,APS
PLAN-20250921-L03,2025-09-21,P02,L03,PRD-066,34333,52992,0.648,v3,PLN-008,APS
PLAN-20250921-L04,2025-09-21,P02,L04,PRD-031,28073,34380,0.817,v3,PLN-004,APS
PLAN-20250921-L05,2025-09-21,P03,L05,PRD-078,37079,44946,0.825,v2,PLN-001,APS
PLAN-20250921-L06,2025-09-21,P03,L06,PRD-054,62851,84438,0.744,v1,PLN-002,APS
PLAN-20250922-L01,2025-09-22,P01,L01,PRD-068,66727,58068,1.149,v3,PLN-001,APS
PLAN-20250922-L02,2025-09-22,P01,L02,PRD-071,80896,82062,0.986,v3,PLN-012,APS
PLAN-20250922-L03,2025-09-22,P02,L03,PRD-002,57237,52992,1.08,v1,PLN-011,APS
PLAN-20250922-L04,2025-09-22,P02,L04,PRD-040,37491,34380,1.09,v3,PLN-006,APS
PLAN-20250922-L05,2025-09-22,P03,L05,PRD-077,47515,44946,1.057,v2,PLN-003,APS
PLAN-20250922-L06,2025-09-22,P03,L06,PRD-045,86785,84438,1.028,v3,PLN-005,APS
PLAN-20250923-L01,2025-09-23,P01,L01,PRD-064,64176,58068,1.105,v2,PLN-012,APS
PLAN-20250923-L02,2025-09-23,P01,L02,PRD-001,93737,82062,1.142,v2,PLN-005,APS
PLAN-20250923-L03,2025-09-23,P02,L03,PRD-057,47982,52992,0.905,v2,PLN-011,APS
PLAN-20250923-L04,2025-09-23,P02,L04,PRD-049,32699,34380,0.951,v1,PLN-004,APS
PLAN-20250923-L05,2025-09-23,P03,L05,PRD-033,39109,44946,0.87,v3,PLN-006,APS
PLAN-20250923-L06,2025-09-23,P03,L06,PRD-024,94903,84438,1.124,v1,PLN-004,APS
PLAN-20250924-L01,2025-09-24,P01,L01,PRD-028,55945,58068,0.963,v3,PLN-004,APS
PLAN-20250924-L02,2025-09-24,P01,L02,PRD-060,90297,82062,1.1,v2,PLN-011,APS
PLAN-20250924-L03,2025-09-24,P02,L03,PRD-073,59598,52992,1.125,v1,PLN-009,APS
PLAN-20250924-L04,2025-09-24,P02,L04,PRD-040,34612,34380,1.007,v3,PLN-009,APS
PLAN-20250924-L05,2025-09-24,P03,L05,PRD-068,52491,44946,1.168,v2,PLN-005,APS
PLAN-20250924-L06,2025-09-24,P03,L06,PRD-034,79009,84438,0.936,v3,PLN-008,APS
PLAN-20250925-L01,2025-09-25,P01,L01,PRD-032,68061,58068,1.172,v1,PLN-002,APS
PLAN-20250925-L02,2025-09-25,P01,L02,PRD-030,78155,82062,0.952,v3,PLN-010,APS
PLAN-20250925-L03,2025-09-25,P02,L03,PRD-077,57746,52992,1.09,v1,PLN-004,APS
PLAN-20250925-L04,2025-09-25,P02,L04,PRD-039,36370,34380,1.058,v2,PLN-008,APS
PLAN-20250925-L05,2025-09-25,P03,L05,PRD-013,46066,44946,1.025,v3,PLN-002,APS
PLAN-20250925-L06,2025-09-25,P03,L06,PRD-061,92995,84438,1.101,v3,PLN-002,APS
PLAN-20250926-L01,2025-09-26,P01,L01,PRD-052,58669,58068,1.01,v3,PLN-010,APS
PLAN-20250926-L02,2025-09-26,P01,L02,PRD-007,95599,82062,1.165,v3,PLN-003,APS
PLAN-20250926-L03,2025-09-26,P02,L03,PRD-003,54045,52992,1.02,v2,PLN-008,APS
PLAN-20250926-L04,2025-09-26,P02,L04,PRD-017,39051,34380,1.136,v2,PLN-008,APS
PLAN-20250926-L05,2025-09-26,P03,L05,PRD-043,41742,44946,0.929,v2,PLN-002,APS
PLAN-20250926-L06,2025-09-26,P03,L06,PRD-004,90596,84438,1.073,v3,PLN-008,APS
PLAN-20250927-L01,2025-09-27,P01,L01,PRD-016,45045,58068,0.776,v1,PLN-010,APS
PLAN-20250927-L02,2025-09-27,P01,L02,PRD-017,59795,82062,0.729,v1,PLN-001,APS
PLAN-20250927-L03,2025-09-27,P02,L03,PRD-066,39944,52992,0.754,v1,PLN-004,APS
PLAN-20250927-L04,2025-09-27,P02,L04,PRD-004,22748,34380,0.662,v3,PLN-011,APS
PLAN-20250927-L05,2025-09-27,P03,L05,PRD-010,32819,44946,0.73,v3,PLN-011,APS
PLAN-20250927-L06,2025-09-27,P03,L06,PRD-004,69572,84438,0.824,v1,PLN-010,APS
PLAN-20250928-L01,2025-09-28,P01,L01,PRD-032,50561,58068,0.871,v1,PLN-004,APS
PLAN-20250928-L02,2025-09-28,P01,L02,PRD-020,67837,82062,0.827,v2,PLN-001,APS
PLAN-20250928-L03,2025-09-28,P02,L03,PRD-048,36788,52992,0.694,v3,PLN-008,APS
PLAN-20250928-L04,2025-09-28,P02,L04,PRD-024,29154,34380,0.848,v1,PLN-001,APS
PLAN-20250928-L05,2025-09-28,P03,L05,PRD-019,36315,44946,0.808,v2,PLN-001,APS
PLAN-20250928-L06,2025-09-28,P03,L06,PRD-024,63648,84438,0.754,v3,PLN-011,APS
PLAN-20250929-L01,2025-09-29,P01,L01,PRD-072,52643,58068,0.907,v2,PLN-003,APS
PLAN-20250929-L02,2025-09-29,P01,L02,PRD-062,84083,82062,1.025,v1,PLN-006,APS
PLAN-20250929-L03,2025-09-29,P02,L03,PRD-019,58656,52992,1.107,v1,PLN-001,APS
PLAN-20250929-L04,2025-09-29,P02,L04,PRD-041,31774,34380,0.924,v1,PLN-004,APS
PLAN-20250929-L05,2025-09-29,P03,L05,PRD-033,46491,44946,1.034,v2,PLN-005,APS
PLAN-20250929-L06,2025-09-29,P03,L06,PRD-006,83983,84438,0.995,v1,PLN-003,APS
PLAN-20250930-L01,2025-09-30,P01,L01,PRD-051,52683,58068,0.907,v1,PLN-007,APS
PLAN-20250930-L02,2025-09-30,P01,L02,PRD-011,75804,82062,0.924,v1,PLN-009,APS
PLAN-20250930-L03,2025-09-30,P02,L03,PRD-024,57496,52992,1.085,v2,PLN-008,APS
PLAN-20250930-L04,2025-09-30,P02,L04,PRD-079,30080,34380,0.875,v3,PLN-002,APS
PLAN-20250930-L05,2025-09-30,P03,L05,PRD-033,49212,44946,1.095,v1,PLN-012,APS
PLAN-20250930-L06,2025-09-30,P03,L06,PRD-066,84425,84438,1.0,v1,PLN-010,APS
PLAN-20251001-L01,2025-10-01,P01,L01,PRD-027,64999,58068,1.119,v1,PLN-002,APS
PLAN-20251001-L02,2025-10-01,P01,L02,PRD-005,80329,82062,0.979,v3,PLN-007,APS
PLAN-20251001-L03,2025-10-01,P02,L03,PRD-063,46005,52992,0.868,v2,PLN-011,APS
PLAN-20251001-L04,2025-10-01,P02,L04,PRD-029,40500,34380,1.178,v1,PLN-005,APS
PLAN-20251001-L05,2025-10-01,P03,L05,PRD-064,41080,44946,0.914,v3,PLN-011,APS
PLAN-20251001-L06,2025-10-01,P03,L06,PRD-045,94349,84438,1.117,v2,PLN-004,APS
PLAN-20251002-L01,2025-10-02,P01,L01,PRD-051,66328,58068,1.142,v3,PLN-005,APS
PLAN-20251002-L02,2025-10-02,P01,L02,PRD-024,82803,82062,1.009,v2,PLN-012,APS
PLAN-20251002-L03,2025-10-02,P02,L03,PRD-044,46901,52992,0.885,v1,PLN-002,APS
PLAN-20251002-L04,2025-10-02,P02,L04,PRD-010,30826,34380,0.897,v1,PLN-004,APS
PLAN-20251002-L05,2025-10-02,P03,L05,PRD-009,43212,44946,0.961,v1,PLN-007,APS
PLAN-20251002-L06,2025-10-02,P03,L06,PRD-051,98259,84438,1.164,v3,PLN-011,APS
PLAN-20251003-L01,2025-10-03,P01,L01,PRD-016,60658,58068,1.045,v2,PLN-002,APS
PLAN-20251003-L02,2025-10-03,P01,L02,PRD-060,83027,82062,1.012,v1,PLN-004,APS
PLAN-20251003-L03,2025-10-03,P02,L03,PRD-027,59069,52992,1.115,v1,PLN-006,APS
PLAN-20251003-L04,2025-10-03,P02,L04,PRD-010,40747,34380,1.185,v1,PLN-009,APS
PLAN-20251003-L05,2025-10-03,P03,L05,PRD-045,45980,44946,1.023,v3,PLN-007,APS
PLAN-20251003-L06,2025-10-03,P03,L06,PRD-014,94294,84438,1.117,v1,PLN-001,APS
PLAN-20251004-L01,2025-10-04,P01,L01,PRD-060,47480,58068,0.818,v1,PLN-005,APS
PLAN-20251004-L02,2025-10-04,P01,L02,PRD-045,65115,82062,0.793,v1,PLN-001,APS
PLAN-20251004-L03,2025-10-04,P02,L03,PRD-058,41096,52992,0.776,v2,PLN-001,APS
PLAN-20251004-L04,2025-10-04,P02,L04,PRD-078,27102,34380,0.788,v3,PLN-010,APS
PLAN-20251004-L05,2025-10-04,P03,L05,PRD-013,35748,44946,0.795,v2,PLN-011,APS
PLAN-20251004-L06,2025-10-04,P03,L06,PRD-037,55283,84438,0.655,v1,PLN-003,APS
PLAN-20251005-L01,2025-10-05,P01,L01,PRD-061,47043,58068,0.81,v3,PLN-009,APS
PLAN-20251005-L02,2025-10-05,P01,L02,PRD-037,62496,82062,0.762,v2,PLN-008,APS
PLAN-20251005-L03,2025-10-05,P02,L03,PRD-066,36660,52992,0.692,v2,PLN-006,APS
PLAN-20251005-L04,2025-10-05,P02,L04,PRD-011,23365,34380,0.68,v3,PLN-003,APS
PLAN-20251005-L05,2025-10-05,P03,L05,PRD-002,32116,44946,0.715,v2,PLN-007,APS
PLAN-20251005-L06,2025-10-05,P03,L06,PRD-010,55701,84438,0.66,v1,PLN-009,APS
PLAN-20251006-L01,2025-10-06,P01,L01,PRD-068,63009,58068,1.085,v2,PLN-003,APS
PLAN-20251006-L02,2025-10-06,P01,L02,PRD-060,80522,82062,0.981,v1,PLN-008,APS
PLAN-20251006-L03,2025-10-06,P02,L03,PRD-027,56937,52992,1.074,v3,PLN-011,APS
PLAN-20251006-L04,2025-10-06,P02,L04,PRD-003,35532,34380,1.034,v2,PLN-001,APS
PLAN-20251006-L05,2025-10-06,P03,L05,PRD-056,52900,44946,1.177,v3,PLN-001,APS
PLAN-20251006-L06,2025-10-06,P03,L06,PRD-078,76736,84438,0.909,v3,PLN-005,APS
PLAN-20251007-L01,2025-10-07,P01,L01,PRD-020,52124,58068,0.898,v3,PLN-001,APS
PLAN-20251007-L02,2025-10-07,P01,L02,PRD-048,87795,82062,1.07,v2,PLN-004,APS
PLAN-20251007-L03,2025-10-07,P02,L03,PRD-077,55228,52992,1.042,v1,PLN-007,APS
PLAN-20251007-L04,2025-10-07,P02,L04,PRD-005,36423,34380,1.059,v2,PLN-010,APS
PLAN-20251007-L05,2025-10-07,P03,L05,PRD-010,49488,44946,1.101,v3,PLN-007,APS
PLAN-20251007-L06,2025-10-07,P03,L06,PRD-034,95795,84438,1.135,v3,PLN-011,APS
PLAN-20251008-L01,2025-10-08,P01,L01,PRD-050,55067,58068,0.948,v3,PLN-009,APS
PLAN-20251008-L02,2025-10-08,P01,L02,PRD-064,79198,82062,0.965,v3,PLN-010,APS
PLAN-20251008-L03,2025-10-08,P02,L03,PRD-015,55033,52992,1.039,v3,PLN-011,APS
PLAN-20251008-L04,2025-10-08,P02,L04,PRD-024,31311,34380,0.911,v3,PLN-004,APS
PLAN-20251008-L05,2025-10-08,P03,L05,PRD-006,42986,44946,0.956,v2,PLN-010,APS
PLAN-20251008-L06,2025-10-08,P03,L06,PRD-009,75072,84438,0.889,v2,PLN-009,APS
PLAN-20251009-L01,2025-10-09,P01,L01,PRD-079,66923,58068,1.152,v2,PLN-005,APS
PLAN-20251009-L02,2025-10-09,P01,L02,PRD-062,82164,82062,1.001,v1,PLN-004,APS
PLAN-20251009-L03,2025-10-09,P02,L03,PRD-003,56026,52992,1.057,v2,PLN-003,APS
PLAN-20251009-L04,2025-10-09,P02,L04,PRD-039,40478,34380,1.177,v3,PLN-001,APS
PLAN-20251009-L05,2025-10-09,P03,L05,PRD-010,47245,44946,1.051,v1,PLN-010,APS
PLAN-20251009-L06,2025-10-09,P03,L06,PRD-034,85798,84438,1.016,v2,PLN-011,APS
PLAN-20251010-L01,2025-10-10,P01,L01,PRD-059,61092,58068,1.052,v2,PLN-005,APS
PLAN-20251010-L02,2025-10-10,P01,L02,PRD-004,94571,82062,1.152,v1,PLN-006,APS
PLAN-20251010-L03,2025-10-10,P02,L03,PRD-069,54765,52992,1.033,v3,PLN-008,APS
PLAN-20251010-L04,2025-10-10,P02,L04,PRD-066,32980,34380,0.959,v2,PLN-001,APS
PLAN-20251010-L05,2025-10-10,P03,L05,PRD-029,41462,44946,0.922,v1,PLN-006,APS
PLAN-20251010-L06,2025-10-10,P03,L06,PRD-003,82795,84438,0.981,v2,PLN-012,APS
PLAN-20251011-L01,2025-10-11,P01,L01,PRD-029,40317,58068,0.694,v2,PLN-008,APS
PLAN-20251011-L02,2025-10-11,P01,L02,PRD-004,67603,82062,0.824,v1,PLN-011,APS
PLAN-20251011-L03,2025-10-11,P02,L03,PRD-057,35353,52992,0.667,v3,PLN-001,APS
PLAN-20251011-L04,2025-10-11,P02,L04,PRD-062,26462,34380,0.77,v3,PLN-005,APS
PLAN-20251011-L05,2025-10-11,P03,L05,PRD-015,33312,44946,0.741,v3,PLN-003,APS
PLAN-20251011-L06,2025-10-11,P03,L06,PRD-013,58090,84438,0.688,v1,PLN-001,APS
PLAN-20251012-L01,2025-10-12,P01,L01,PRD-066,45561,58068,0.785,v1,PLN-011,APS
PLAN-20251012-L02,2025-10-12,P01,L02,PRD-048,58504,82062,0.713,v3,PLN-011,APS
PLAN-20251012-L03,2025-10-12,P02,L03,PRD-045,36105,52992,0.681,v1,PLN-002,APS
PLAN-20251012-L04,2025-10-12,P02,L04,PRD-010,23940,34380,0.696,v3,PLN-003,APS
PLAN-20251012-L05,2025-10-12,P03,L05,PRD-006,29875,44946,0.665,v3,PLN-001,APS
PLAN-20251012-L06,2025-10-12,P03,L06,PRD-071,72135,84438,0.854,v2,PLN-007,APS
PLAN-20251013-L01,2025-10-13,P01,L01,PRD-051,51555,58068,0.888,v3,PLN-007,APS
PLAN-20251013-L02,2025-10-13,P01,L02,PRD-036,88223,82062,1.075,v2,PLN-011,APS
PLAN-20251013-L03,2025-10-13,P02,L03,PRD-057,51991,52992,0.981,v3,PLN-003,APS
PLAN-20251013-L04,2025-10-13,P02,L04,PRD-035,38260,34380,1.113,v2,PLN-001,APS
PLAN-20251013-L05,2025-10-13,P03,L05,PRD-077,45494,44946,1.012,v2,PLN-007,APS
PLAN-20251013-L06,2025-10-13,P03,L06,PRD-078,99909,84438,1.183,v2,PLN-010,APS
PLAN-20251014-L01,2025-10-14,P01,L01,PRD-072,60990,58068,1.05,v3,PLN-005,APS
PLAN-20251014-L02,2025-10-14,P01,L02,PRD-031,90248,82062,1.1,v2,PLN-007,APS
PLAN-20251014-L03,2025-10-14,P02,L03,PRD-015,53798,52992,1.015,v2,PLN-011,APS
PLAN-20251014-L04,2025-10-14,P02,L04,PRD-001,36375,34380,1.058,v2,PLN-011,APS
PLAN-20251014-L05,2025-10-14,P03,L05,PRD-007,40143,44946,0.893,v1,PLN-005,APS
PLAN-20251014-L06,2025-10-14,P03,L06,PRD-004,94999,84438,1.125,v2,PLN-004,APS
PLAN-20251015-L01,2025-10-15,P01,L01,PRD-052,61868,58068,1.065,v2,PLN-006,APS
PLAN-20251015-L02,2025-10-15,P01,L02,PRD-022,91576,82062,1.116,v2,PLN-005,APS
PLAN-20251015-L03,2025-10-15,P02,L03,PRD-043,50507,52992,0.953,v1,PLN-004,APS
PLAN-20251015-L04,2025-10-15,P02,L04,PRD-006,35002,34380,1.018,v1,PLN-010,APS
PLAN-20251015-L05,2025-10-15,P03,L05,PRD-056,40101,44946,0.892,v3,PLN-003,APS
PLAN-20251015-L06,2025-10-15,P03,L06,PRD-010,91475,84438,1.083,v1,PLN-003,APS
PLAN-20251016-L01,2025-10-16,P01,L01,PRD-027,57950,58068,0.998,v3,PLN-003,APS
PLAN-20251016-L02,2025-10-16,P01,L02,PRD-039,74203,82062,0.904,v2,PLN-010,APS
PLAN-20251016-L03,2025-10-16,P02,L03,PRD-053,49331,52992,0.931,v3,PLN-010,APS
PLAN-20251016-L04,2025-10-16,P02,L04,PRD-029,36167,34380,1.052,v3,PLN-002,APS
PLAN-20251016-L05,2025-10-16,P03,L05,PRD-033,53069,44946,1.181,v3,PLN-004,APS
PLAN-20251016-L06,2025-10-16,P03,L06,PRD-037,84114,84438,0.996,v1,PLN-009,APS
PLAN-20251017-L01,2025-10-17,P01,L01,PRD-013,53769,58068,0.926,v2,PLN-008,APS
PLAN-20251017-L02,2025-10-17,P01,L02,PRD-045,97519,82062,1.188,v3,PLN-006,APS
PLAN-20251017-L03,2025-10-17,P02,L03,PRD-037,56900,52992,1.074,v2,PLN-004,APS
PLAN-20251017-L04,2025-10-17,P02,L04,PRD-067,32053,34380,0.932,v1,PLN-002,APS
PLAN-20251017-L05,2025-10-17,P03,L05,PRD-062,41885,44946,0.932,v1,PLN-011,APS
PLAN-20251017-L06,2025-10-17,P03,L06,PRD-014,93669,84438,1.109,v1,PLN-009,APS
PLAN-20251018-L01,2025-10-18,P01,L01,PRD-023,51494,58068,0.887,v1,PLN-008,APS
PLAN-20251018-L02,2025-10-18,P01,L02,PRD-037,66756,82062,0.813,v3,PLN-005,APS
PLAN-20251018-L03,2025-10-18,P02,L03,PRD-003,45236,52992,0.854,v1,PLN-010,APS
PLAN-20251018-L04,2025-10-18,P02,L04,PRD-004,24846,34380,0.723,v1,PLN-007,APS
PLAN-20251018-L05,2025-10-18,P03,L05,PRD-073,29920,44946,0.666,v2,PLN-007,APS
PLAN-20251018-L06,2025-10-18,P03,L06,PRD-035,58929,84438,0.698,v3,PLN-009,APS
PLAN-20251019-L01,2025-10-19,P01,L01,PRD-032,38436,58068,0.662,v2,PLN-005,APS
PLAN-20251019-L02,2025-10-19,P01,L02,PRD-039,62578,82062,0.763,v3,PLN-007,APS
PLAN-20251019-L03,2025-10-19,P02,L03,PRD-015,41541,52992,0.784,v2,PLN-004,APS
PLAN-20251019-L04,2025-10-19,P02,L04,PRD-062,26843,34380,0.781,v3,PLN-011,APS
PLAN-20251019-L05,2025-10-19,P03,L05,PRD-052,35786,44946,0.796,v1,PLN-012,APS
PLAN-20251019-L06,2025-10-19,P03,L06,PRD-073,60825,84438,0.72,v1,PLN-002,APS
PLAN-20251020-L01,2025-10-20,P01,L01,PRD-025,51659,58068,0.89,v1,PLN-005,APS
PLAN-20251020-L02,2025-10-20,P01,L02,PRD-030,92657,82062,1.129,v3,PLN-009,APS
PLAN-20251020-L03,2025-10-20,P02,L03,PRD-003,61774,52992,1.166,v2,PLN-003,APS
PLAN-20251020-L04,2025-10-20,P02,L04,PRD-024,36723,34380,1.068,v1,PLN-004,APS
PLAN-20251020-L05,2025-10-20,P03,L05,PRD-010,47451,44946,1.056,v2,PLN-005,APS
PLAN-20251020-L06,2025-10-20,P03,L06,PRD-058,96329,84438,1.141,v2,PLN-006,APS
PLAN-20251021-L01,2025-10-21,P01,L01,PRD-034,60605,58068,1.044,v2,PLN-006,APS
PLAN-20251021-L02,2025-10-21,P01,L02,PRD-066,88341,82062,1.077,v2,PLN-008,APS
PLAN-20251021-L03,2025-10-21,P02,L03,PRD-003,54933,52992,1.037,v2,PLN-002,APS
PLAN-20251021-L04,2025-10-21,P02,L04,PRD-006,38450,34380,1.118,v2,PLN-010,APS
PLAN-20251021-L05,2025-10-21,P03,L05,PRD-021,47319,44946,1.053,v1,PLN-001,APS
PLAN-20251021-L06,2025-10-21,P03,L06,PRD-034,93494,84438,1.107,v1,PLN-012,APS
PLAN-20251022-L01,2025-10-22,P01,L01,PRD-008,59325,58068,1.022,v1,PLN-001,APS
PLAN-20251022-L02,2025-10-22,P01,L02,PRD-075,93361,82062,1.138,v2,PLN-002,APS
PLAN-20251022-L03,2025-10-22,P02,L03,PRD-075,56360,52992,1.064,v3,PLN-011,APS
PLAN-20251022-L04,2025-10-22,P02,L04,PRD-013,40093,34380,1.166,v1,PLN-011,APS
PLAN-20251022-L05,2025-10-22,P03,L05,PRD-009,52416,44946,1.166,v2,PLN-011,APS
PLAN-20251022-L06,2025-10-22,P03,L06,PRD-054,85520,84438,1.013,v1,PLN-004,APS
PLAN-20251023-L01,2025-10-23,P01,L01,PRD-052,65428,58068,1.127,v2,PLN-012,APS
PLAN-20251023-L02,2025-10-23,P01,L02,PRD-064,92692,82062,1.13,v1,PLN-004,APS
PLAN-20251023-L03,2025-10-23,P02,L03,PRD-069,54422,52992,1.027,v1,PLN-009,APS
PLAN-20251023-L04,2025-10-23,P02,L04,PRD-017,37654,34380,1.095,v2,PLN-009,APS
PLAN-20251023-L05,2025-10-23,P03,L05,PRD-006,45578,44946,1.014,v3,PLN-010,APS
PLAN-20251023-L06,2025-10-23,P03,L06,PRD-064,97311,84438,1.152,v1,PLN-003,APS
PLAN-20251024-L01,2025-10-24,P01,L01,PRD-028,68451,58068,1.179,v2,PLN-001,APS
PLAN-20251024-L02,2025-10-24,P01,L02,PRD-017,80665,82062,0.983,v1,PLN-011,APS
PLAN-20251024-L03,2025-10-24,P02,L03,PRD-024,57699,52992,1.089,v2,PLN-004,APS
PLAN-20251024-L04,2025-10-24,P02,L04,PRD-017,38726,34380,1.126,v2,PLN-004,APS
PLAN-20251024-L05,2025-10-24,P03,L05,PRD-073,49195,44946,1.095,v1,PLN-004,APS
PLAN-20251024-L06,2025-10-24,P03,L06,PRD-073,91299,84438,1.081,v2,PLN-009,APS
PLAN-20251025-L01,2025-10-25,P01,L01,PRD-051,41139,58068,0.708,v1,PLN-001,APS
PLAN-20251025-L02,2025-10-25,P01,L02,PRD-060,58064,82062,0.708,v1,PLN-010,APS
PLAN-20251025-L03,2025-10-25,P02,L03,PRD-071,47538,52992,0.897,v2,PLN-002,APS
PLAN-20251025-L04,2025-10-25,P02,L04,PRD-011,27805,34380,0.809,v2,PLN-008,APS
PLAN-20251025-L05,2025-10-25,P03,L05,PRD-077,35715,44946,0.795,v1,PLN-009,APS
PLAN-20251025-L06,2025-10-25,P03,L06,PRD-006,66886,84438,0.792,v2,PLN-002,APS
PLAN-20251026-L01,2025-10-26,P01,L01,PRD-078,43540,58068,0.75,v3,PLN-009,APS
PLAN-20251026-L02,2025-10-26,P01,L02,PRD-045,59191,82062,0.721,v3,PLN-004,APS
PLAN-20251026-L03,2025-10-26,P02,L03,PRD-042,38120,52992,0.719,v3,PLN-007,APS
PLAN-20251026-L04,2025-10-26,P02,L04,PRD-042,30364,34380,0.883,v2,PLN-010,APS
PLAN-20251026-L05,2025-10-26,P03,L05,PRD-054,32137,44946,0.715,v3,PLN-012,APS
PLAN-20251026-L06,2025-10-26,P03,L06,PRD-056,67077,84438,0.794,v3,PLN-001,APS
PLAN-20251027-L01,2025-10-27,P01,L01,PRD-050,65117,58068,1.121,v3,PLN-004,APS
PLAN-20251027-L02,2025-10-27,P01,L02,PRD-048,80912,82062,0.986,v1,PLN-003,APS
PLAN-20251027-L03,2025-10-27,P02,L03,PRD-022,62895,52992,1.187,v3,PLN-010,APS
PLAN-20251027-L04,2025-10-27,P02,L04,PRD-021,31111,34380,0.905,v3,PLN-007,APS
PLAN-20251027-L05,2025-10-27,P03,L05,PRD-022,40695,44946,0.905,v1,PLN-005,APS
PLAN-20251027-L06,2025-10-27,P03,L06,PRD-048,84959,84438,1.006,v1,PLN-007,APS
PLAN-20251028-L01,2025-10-28,P01,L01,PRD-023,56010,58068,0.965,v1,PLN-004,APS
PLAN-20251028-L02,2025-10-28,P01,L02,PRD-051,97047,82062,1.183,v3,PLN-006,APS
PLAN-20251028-L03,2025-10-28,P02,L03,PRD-044,50061,52992,0.945,v2,PLN-010,APS
PLAN-20251028-L04,2025-10-28,P02,L04,PRD-036,33587,34380,0.977,v2,PLN-007,APS
PLAN-20251028-L05,2025-10-28,P03,L05,PRD-050,46072,44946,1.025,v1,PLN-010,APS
PLAN-20251028-L06,2025-10-28,P03,L06,PRD-024,74988,84438,0.888,v1,PLN-011,APS
PLAN-20251029-L01,2025-10-29,P01,L01,PRD-064,56205,58068,0.968,v1,PLN-005,APS
PLAN-20251029-L02,2025-10-29,P01,L02,PRD-048,91698,82062,1.117,v1,PLN-009,APS
PLAN-20251029-L03,2025-10-29,P02,L03,PRD-023,62228,52992,1.174,v1,PLN-003,APS
PLAN-20251029-L04,2025-10-29,P02,L04,PRD-031,30841,34380,0.897,v2,PLN-007,APS
PLAN-20251029-L05,2025-10-29,P03,L05,PRD-056,51629,44946,1.149,v1,PLN-007,APS
PLAN-20251029-L06,2025-10-29,P03,L06,PRD-024,101896,84438,1.207,v2,PLN-005,APS
PLAN-20251030-L01,2025-10-30,P01,L01,PRD-072,65971,58068,1.136,v2,PLN-008,APS
PLAN-20251030-L02,2025-10-30,P01,L02,PRD-039,82180,82062,1.001,v1,PLN-002,APS
PLAN-20251030-L03,2025-10-30,P02,L03,PRD-043,61546,52992,1.161,v1,PLN-001,APS
PLAN-20251030-L04,2025-10-30,P02,L04,PRD-024,30456,34380,0.886,v1,PLN-003,APS
PLAN-20251030-L05,2025-10-30,P03,L05,PRD-063,46319,44946,1.031,v3,PLN-011,APS
PLAN-20251030-L06,2025-10-30,P03,L06,PRD-017,86001,84438,1.019,v3,PLN-003,APS
PLAN-20251031-L01,2025-10-31,P01,L01,PRD-047,59602,58068,1.026,v1,PLN-002,APS
PLAN-20251031-L02,2025-10-31,P01,L02,PRD-071,80341,82062,0.979,v1,PLN-008,APS
PLAN-20251031-L03,2025-10-31,P02,L03,PRD-027,47128,52992,0.889,v3,PLN-011,APS
PLAN-20251031-L04,2025-10-31,P02,L04,PRD-049,34902,34380,1.015,v3,PLN-011,APS
PLAN-20251031-L05,2025-10-31,P03,L05,PRD-062,46852,44946,1.042,v1,PLN-009,APS
PLAN-20251031-L06,2025-10-31,P03,L06,PRD-045,80207,84438,0.95,v1,PLN-007,APS
PLAN-20251101-L01,2025-11-01,P01,L01,PRD-025,41328,58068,0.712,v3,PLN-002,APS
PLAN-20251101-L02,2025-11-01,P01,L02,PRD-069,58333,82062,0.711,v2,PLN-004,APS
PLAN-20251101-L03,2025-11-01,P02,L03,PRD-042,48184,52992,0.909,v2,PLN-007,APS
PLAN-20251101-L04,2025-11-01,P02,L04,PRD-042,27859,34380,0.81,v2,PLN-010,APS
PLAN-20251101-L05,2025-11-01,P03,L05,PRD-064,39401,44946,0.877,v2,PLN-011,APS
PLAN-20251101-L06,2025-11-01,P03,L06,PRD-070,60633,84438,0.718,v2,PLN-010,APS
PLAN-20251102-L01,2025-11-02,P01,L01,PRD-016,39629,58068,0.682,v1,PLN-010,APS
PLAN-20251102-L02,2025-11-02,P01,L02,PRD-053,63703,82062,0.776,v1,PLN-005,APS
PLAN-20251102-L03,2025-11-02,P02,L03,PRD-028,40957,52992,0.773,v2,PLN-003,APS
PLAN-20251102-L04,2025-11-02,P02,L04,PRD-032,30423,34380,0.885,v1,PLN-008,APS
PLAN-20251102-L05,2025-11-02,P03,L05,PRD-052,32249,44946,0.718,v3,PLN-008,APS
PLAN-20251102-L06,2025-11-02,P03,L06,PRD-017,70181,84438,0.831,v3,PLN-008,APS
PLAN-20251103-L01,2025-11-03,P01,L01,PRD-025,63970,58068,1.102,v3,PLN-005,APS
PLAN-20251103-L02,2025-11-03,P01,L02,PRD-029,96000,82062,1.17,v1,PLN-005,APS
PLAN-20251103-L03,2025-11-03,P02,L03,PRD-045,54885,52992,1.036,v1,PLN-009,APS
PLAN-20251103-L04,2025-11-03,P02,L04,PRD-048,38762,34380,1.127,v2,PLN-003,APS
PLAN-20251103-L05,2025-11-03,P03,L05,PRD-078,46834,44946,1.042,v1,PLN-002,APS
PLAN-20251103-L06,2025-11-03,P03,L06,PRD-056,93060,84438,1.102,v1,PLN-012,APS
PLAN-20251104-L01,2025-11-04,P01,L01,PRD-072,67119,58068,1.156,v2,PLN-006,APS
PLAN-20251104-L02,2025-11-04,P01,L02,PRD-039,77249,82062,0.941,v3,PLN-007,APS
PLAN-20251104-L03,2025-11-04,P02,L03,PRD-057,50190,52992,0.947,v2,PLN-006,APS
PLAN-20251104-L04,2025-11-04,P02,L04,PRD-046,34832,34380,1.013,v3,PLN-011,APS
PLAN-20251104-L05,2025-11-04,P03,L05,PRD-039,51124,44946,1.137,v3,PLN-006,APS
PLAN-20251104-L06,2025-11-04,P03,L06,PRD-045,101101,84438,1.197,v1,PLN-006,APS
PLAN-20251105-L01,2025-11-05,P01,L01,PRD-066,63534,58068,1.094,v3,PLN-012,APS
PLAN-20251105-L02,2025-11-05,P01,L02,PRD-029,75039,82062,0.914,v1,PLN-004,APS
PLAN-20251105-L03,2025-11-05,P02,L03,PRD-073,58013,52992,1.095,v3,PLN-006,APS
PLAN-20251105-L04,2025-11-05,P02,L04,PRD-029,35318,34380,1.027,v2,PLN-002,APS
PLAN-20251105-L05,2025-11-05,P03,L05,PRD-062,45270,44946,1.007,v1,PLN-012,APS
PLAN-20251105-L06,2025-11-05,P03,L06,PRD-024,86917,84438,1.029,v1,PLN-002,APS
PLAN-20251106-L01,2025-11-06,P01,L01,PRD-051,60849,58068,1.048,v1,PLN-008,APS
PLAN-20251106-L02,2025-11-06,P01,L02,PRD-036,91841,82062,1.119,v3,PLN-007,APS
PLAN-20251106-L03,2025-11-06,P02,L03,PRD-071,53743,52992,1.014,v2,PLN-010,APS
PLAN-20251106-L04,2025-11-06,P02,L04,PRD-032,32886,34380,0.957,v1,PLN-010,APS
PLAN-20251106-L05,2025-11-06,P03,L05,PRD-080,43394,44946,0.965,v3,PLN-002,APS
PLAN-20251106-L06,2025-11-06,P03,L06,PRD-064,86170,84438,1.021,v3,PLN-004,APS
PLAN-20251107-L01,2025-11-07,P01,L01,PRD-007,70065,58068,1.207,v1,PLN-001,APS
PLAN-20251107-L02,2025-11-07,P01,L02,PRD-022,77878,82062,0.949,v2,PLN-001,APS
PLAN-20251107-L03,2025-11-07,P02,L03,PRD-002,48171,52992,0.909,v2,PLN-009,APS
PLAN-20251107-L04,2025-11-07,P02,L04,PRD-040,38491,34380,1.12,v3,PLN-008,APS
PLAN-20251107-L05,2025-11-07,P03,L05,PRD-007,45517,44946,1.013,v1,PLN-004,APS
PLAN-20251107-L06,2025-11-07,P03,L06,PRD-003,102263,84438,1.211,v3,PLN-003,APS
PLAN-20251108-L01,2025-11-08,P01,L01,PRD-034,52393,58068,0.902,v1,PLN-012,APS
PLAN-20251108-L02,2025-11-08,P01,L02,PRD-045,64763,82062,0.789,v1,PLN-006,APS
PLAN-20251108-L03,2025-11-08,P02,L03,PRD-023,41020,52992,0.774,v3,PLN-008,APS
PLAN-20251108-L04,2025-11-08,P02,L04,PRD-021,28684,34380,0.834,v1,PLN-005,APS
PLAN-20251108-L05,2025-11-08,P03,L05,PRD-052,35952,44946,0.8,v1,PLN-011,APS
PLAN-20251108-L06,2025-11-08,P03,L06,PRD-054,60889,84438,0.721,v3,PLN-003,APS
PLAN-20251109-L01,2025-11-09,P01,L01,PRD-064,51452,58068,0.886,v2,PLN-010,APS
PLAN-20251109-L02,2025-11-09,P01,L02,PRD-053,64651,82062,0.788,v2,PLN-010,APS
PLAN-20251109-L03,2025-11-09,P02,L03,PRD-019,43456,52992,0.82,v3,PLN-001,APS
PLAN-20251109-L04,2025-11-09,P02,L04,PRD-046,26864,34380,0.781,v2,PLN-003,APS
PLAN-20251109-L05,2025-11-09,P03,L05,PRD-022,32972,44946,0.734,v1,PLN-002,APS
PLAN-20251109-L06,2025-11-09,P03,L06,PRD-078,60509,84438,0.717,v3,PLN-009,APS
PLAN-20251110-L01,2025-11-10,P01,L01,PRD-079,57583,58068,0.992,v1,PLN-008,APS
PLAN-20251110-L02,2025-11-10,P01,L02,PRD-048,89716,82062,1.093,v2,PLN-012,APS
PLAN-20251110-L03,2025-11-10,P02,L03,PRD-057,48183,52992,0.909,v3,PLN-002,APS
PLAN-20251110-L04,2025-11-10,P02,L04,PRD-079,39732,34380,1.156,v2,PLN-005,APS
PLAN-20251110-L05,2025-11-10,P03,L05,PRD-055,50067,44946,1.114,v1,PLN-011,APS
PLAN-20251110-L06,2025-11-10,P03,L06,PRD-070,94062,84438,1.114,v1,PLN-007,APS
PLAN-20251111-L01,2025-11-11,P01,L01,PRD-025,58295,58068,1.004,v2,PLN-005,APS
PLAN-20251111-L02,2025-11-11,P01,L02,PRD-031,86835,82062,1.058,v3,PLN-004,APS
PLAN-20251111-L03,2025-11-11,P02,L03,PRD-069,53835,52992,1.016,v2,PLN-006,APS
PLAN-20251111-L04,2025-11-11,P02,L04,PRD-036,31143,34380,0.906,v3,PLN-002,APS
PLAN-20251111-L05,2025-11-11,P03,L05,PRD-007,52502,44946,1.168,v2,PLN-003,APS
PLAN-20251111-L06,2025-11-11,P03,L06,PRD-066,99214,84438,1.175,v2,PLN-003,APS
PLAN-20251112-L01,2025-11-12,P01,L01,PRD-059,56878,58068,0.98,v2,PLN-007,APS
PLAN-20251112-L02,2025-11-12,P01,L02,PRD-008,82958,82062,1.011,v3,PLN-010,APS
PLAN-20251112-L03,2025-11-12,P02,L03,PRD-073,51798,52992,0.977,v3,PLN-009,APS
PLAN-20251112-L04,2025-11-12,P02,L04,PRD-005,32510,34380,0.946,v2,PLN-004,APS
PLAN-20251112-L05,2025-11-12,P03,L05,PRD-043,43737,44946,0.973,v1,PLN-010,APS
PLAN-20251112-L06,2025-11-12,P03,L06,PRD-058,92740,84438,1.098,v2,PLN-007,APS
PLAN-20251113-L01,2025-11-13,P01,L01,PRD-046,56813,58068,0.978,v2,PLN-010,APS
PLAN-20251113-L02,2025-11-13,P01,L02,PRD-020,90707,82062,1.105,v1,PLN-010,APS
PLAN-20251113-L03,2025-11-13,P02,L03,PRD-066,63499,52992,1.198,v1,PLN-007,APS
PLAN-20251113-L04,2025-11-13,P02,L04,PRD-077,34046,34380,0.99,v2,PLN-004,APS
PLAN-20251113-L05,2025-11-13,P03,L05,PRD-075,47246,44946,1.051,v3,PLN-005,APS
PLAN-20251113-L06,2025-11-13,P03,L06,PRD-059,101083,84438,1.197,v1,PLN-012,APS
PLAN-20251114-L01,2025-11-14,P01,L01,PRD-025,60307,58068,1.039,v1,PLN-012,APS
PLAN-20251114-L02,2025-11-14,P01,L02,PRD-064,77316,82062,0.942,v1,PLN-011,APS
PLAN-20251114-L03,2025-11-14,P02,L03,PRD-024,56256,52992,1.062,v2,PLN-003,APS
PLAN-20251114-L04,2025-11-14,P02,L04,PRD-035,39518,34380,1.149,v1,PLN-006,APS
PLAN-20251114-L05,2025-11-14,P03,L05,PRD-045,46526,44946,1.035,v1,PLN-003,APS
PLAN-20251114-L06,2025-11-14,P03,L06,PRD-054,84508,84438,1.001,v3,PLN-004,APS
PLAN-20251115-L01,2025-11-15,P01,L01,PRD-028,40842,58068,0.703,v2,PLN-007,APS
PLAN-20251115-L02,2025-11-15,P01,L02,PRD-053,57201,82062,0.697,v2,PLN-002,APS
PLAN-20251115-L03,2025-11-15,P02,L03,PRD-066,35250,52992,0.665,v2,PLN-002,APS
PLAN-20251115-L04,2025-11-15,P02,L04,PRD-049,27886,34380,0.811,v3,PLN-001,APS
PLAN-20251115-L05,2025-11-15,P03,L05,PRD-015,39228,44946,0.873,v3,PLN-010,APS
PLAN-20251115-L06,2025-11-15,P03,L06,PRD-048,56653,84438,0.671,v2,PLN-005,APS
PLAN-20251116-L01,2025-11-16,P01,L01,PRD-032,43640,58068,0.752,v1,PLN-001,APS
PLAN-20251116-L02,2025-11-16,P01,L02,PRD-020,67113,82062,0.818,v2,PLN-010,APS
PLAN-20251116-L03,2025-11-16,P02,L03,PRD-028,44281,52992,0.836,v2,PLN-004,APS
PLAN-20251116-L04,2025-11-16,P02,L04,PRD-037,24077,34380,0.7,v3,PLN-006,APS
PLAN-20251116-L05,2025-11-16,P03,L05,PRD-019,37443,44946,0.833,v1,PLN-012,APS
PLAN-20251116-L06,2025-11-16,P03,L06,PRD-062,75121,84438,0.89,v3,PLN-001,APS
PLAN-20251117-L01,2025-11-17,P01,L01,PRD-064,57119,58068,0.984,v2,PLN-003,APS
PLAN-20251117-L02,2025-11-17,P01,L02,PRD-035,94518,82062,1.152,v3,PLN-010,APS
PLAN-20251117-L03,2025-11-17,P02,L03,PRD-017,57338,52992,1.082,v2,PLN-006,APS
PLAN-20251117-L04,2025-11-17,P02,L04,PRD-037,34053,34380,0.99,v3,PLN-008,APS
PLAN-20251117-L05,2025-11-17,P03,L05,PRD-012,43399,44946,0.966,v1,PLN-001,APS
PLAN-20251117-L06,2025-11-17,P03,L06,PRD-048,77124,84438,0.913,v1,PLN-003,APS
PLAN-20251118-L01,2025-11-18,P01,L01,PRD-074,56408,58068,0.971,v1,PLN-012,APS
PLAN-20251118-L02,2025-11-18,P01,L02,PRD-061,93005,82062,1.133,v1,PLN-009,APS
PLAN-20251118-L03,2025-11-18,P02,L03,PRD-073,60956,52992,1.15,v1,PLN-010,APS
PLAN-20251118-L04,2025-11-18,P02,L04,PRD-072,36102,34380,1.05,v1,PLN-005,APS
PLAN-20251118-L05,2025-11-18,P03,L05,PRD-080,40929,44946,0.911,v3,PLN-012,APS
PLAN-20251118-L06,2025-11-18,P03,L06,PRD-056,96566,84438,1.144,v2,PLN-001,APS
PLAN-20251119-L01,2025-11-19,P01,L01,PRD-013,62097,58068,1.069,v2,PLN-003,APS
PLAN-20251119-L02,2025-11-19,P01,L02,PRD-052,87313,82062,1.064,v3,PLN-011,APS
PLAN-20251119-L03,2025-11-19,P02,L03,PRD-057,48308,52992,0.912,v1,PLN-001,APS
PLAN-20251119-L04,2025-11-19,P02,L04,PRD-078,37780,34380,1.099,v1,PLN-010,APS
PLAN-20251119-L05,2025-11-19,P03,L05,PRD-068,48740,44946,1.084,v3,PLN-007,APS
PLAN-20251119-L06,2025-11-19,P03,L06,PRD-035,84317,84438,0.999,v1,PLN-009,APS
PLAN-20251120-L01,2025-11-20,P01,L01,PRD-080,63110,58068,1.087,v2,PLN-004,APS
PLAN-20251120-L02,2025-11-20,P01,L02,PRD-004,82941,82062,1.011,v3,PLN-009,APS
PLAN-20251120-L03,2025-11-20,P02,L03,PRD-028,48453,52992,0.914,v2,PLN-002,APS
PLAN-20251120-L04,2025-11-20,P02,L04,PRD-079,32447,34380,0.944,v3,PLN-011,APS
PLAN-20251120-L05,2025-11-20,P03,L05,PRD-008,53935,44946,1.2,v3,PLN-007,APS
PLAN-20251120-L06,2025-11-20,P03,L06,PRD-013,75566,84438,0.895,v1,PLN-007,APS
PLAN-20251121-L01,2025-11-21,P01,L01,PRD-020,68812,58068,1.185,v2,PLN-006,APS
PLAN-20251121-L02,2025-11-21,P01,L02,PRD-015,72307,82062,0.881,v3,PLN-007,APS
PLAN-20251121-L03,2025-11-21,P02,L03,PRD-077,63589,52992,1.2,v3,PLN-005,APS
PLAN-20251121-L04,2025-11-21,P02,L04,PRD-051,30317,34380,0.882,v2,PLN-010,APS
PLAN-20251121-L05,2025-11-21,P03,L05,PRD-077,53292,44946,1.186,v3,PLN-002,APS
PLAN-20251121-L06,2025-11-21,P03,L06,PRD-061,75104,84438,0.889,v1,PLN-006,APS
PLAN-20251122-L01,2025-11-22,P01,L01,PRD-052,44987,58068,0.775,v1,PLN-002,APS
PLAN-20251122-L02,2025-11-22,P01,L02,PRD-022,66514,82062,0.811,v3,PLN-012,APS
PLAN-20251122-L03,2025-11-22,P02,L03,PRD-012,42074,52992,0.794,v2,PLN-007,APS
PLAN-20251122-L04,2025-11-22,P02,L04,PRD-052,26759,34380,0.778,v2,PLN-011,APS
PLAN-20251122-L05,2025-11-22,P03,L05,PRD-031,33690,44946,0.75,v3,PLN-007,APS
PLAN-20251122-L06,2025-11-22,P03,L06,PRD-070,71756,84438,0.85,v3,PLN-009,APS
PLAN-20251123-L01,2025-11-23,P01,L01,PRD-023,46901,58068,0.808,v3,PLN-010,APS
PLAN-20251123-L02,2025-11-23,P01,L02,PRD-017,64319,82062,0.784,v2,PLN-005,APS
PLAN-20251123-L03,2025-11-23,P02,L03,PRD-022,45456,52992,0.858,v3,PLN-008,APS
PLAN-20251123-L04,2025-11-23,P02,L04,PRD-077,24615,34380,0.716,v3,PLN-007,APS
PLAN-20251123-L05,2025-11-23,P03,L05,PRD-013,36813,44946,0.819,v1,PLN-003,APS
PLAN-20251123-L06,2025-11-23,P03,L06,PRD-078,73514,84438,0.871,v1,PLN-003,APS
PLAN-20251124-L01,2025-11-24,P01,L01,PRD-047,53811,58068,0.927,v1,PLN-007,APS
PLAN-20251124-L02,2025-11-24,P01,L02,PRD-075,72736,82062,0.886,v2,PLN-012,APS
PLAN-20251124-L03,2025-11-24,P02,L03,PRD-019,55681,52992,1.051,v3,PLN-011,APS
PLAN-20251124-L04,2025-11-24,P02,L04,PRD-062,31408,34380,0.914,v1,PLN-007,APS
PLAN-20251124-L05,2025-11-24,P03,L05,PRD-020,51141,44946,1.138,v1,PLN-007,APS
PLAN-20251124-L06,2025-11-24,P03,L06,PRD-012,83964,84438,0.994,v3,PLN-011,APS
PLAN-20251125-L01,2025-11-25,P01,L01,PRD-068,63824,58068,1.099,v2,PLN-004,APS
PLAN-20251125-L02,2025-11-25,P01,L02,PRD-004,72720,82062,0.886,v3,PLN-007,APS
PLAN-20251125-L03,2025-11-25,P02,L03,PRD-045,50329,52992,0.95,v3,PLN-010,APS
PLAN-20251125-L04,2025-11-25,P02,L04,PRD-041,32030,34380,0.932,v3,PLN-009,APS
PLAN-20251125-L05,2025-11-25,P03,L05,PRD-022,42803,44946,0.952,v1,PLN-006,APS
PLAN-20251125-L06,2025-11-25,P03,L06,PRD-024,94149,84438,1.115,v1,PLN-009,APS
PLAN-20251126-L01,2025-11-26,P01,L01,PRD-023,52963,58068,0.912,v2,PLN-004,APS
PLAN-20251126-L02,2025-11-26,P01,L02,PRD-053,73754,82062,0.899,v1,PLN-009,APS
PLAN-20251126-L03,2025-11-26,P02,L03,PRD-023,53668,52992,1.013,v1,PLN-007,APS
PLAN-20251126-L04,2025-11-26,P02,L04,PRD-078,31983,34380,0.93,v1,PLN-005,APS
PLAN-20251126-L05,2025-11-26,P03,L05,PRD-071,42525,44946,0.946,v2,PLN-003,APS
PLAN-20251126-L06,2025-11-26,P03,L06,PRD-051,74354,84438,0.881,v1,PLN-008,APS
PLAN-20251127-L01,2025-11-27,P01,L01,PRD-032,64858,58068,1.117,v3,PLN-008,APS
PLAN-20251127-L02,2025-11-27,P01,L02,PRD-001,95158,82062,1.16,v2,PLN-002,APS
PLAN-20251127-L03,2025-11-27,P02,L03,PRD-069,62257,52992,1.175,v2,PLN-004,APS
PLAN-20251127-L04,2025-11-27,P02,L04,PRD-037,34713,34380,1.01,v3,PLN-012,APS
PLAN-20251127-L05,2025-11-27,P03,L05,PRD-068,45767,44946,1.018,v2,PLN-008,APS
PLAN-20251127-L06,2025-11-27,P03,L06,PRD-013,75612,84438,0.895,v1,PLN-007,APS
PLAN-20251128-L01,2025-11-28,P01,L01,PRD-047,61652,58068,1.062,v1,PLN-003,APS
PLAN-20251128-L02,2025-11-28,P01,L02,PRD-017,86230,82062,1.051,v1,PLN-004,APS
PLAN-20251128-L03,2025-11-28,P02,L03,PRD-044,58697,52992,1.108,v3,PLN-005,APS
PLAN-20251128-L04,2025-11-28,P02,L04,PRD-079,39771,34380,1.157,v3,PLN-005,APS
PLAN-20251128-L05,2025-11-28,P03,L05,PRD-044,39502,44946,0.879,v2,PLN-010,APS
PLAN-20251128-L06,2025-11-28,P03,L06,PRD-034,88988,84438,1.054,v2,PLN-003,APS
PLAN-20251129-L01,2025-11-29,P01,L01,PRD-001,47806,58068,0.823,v1,PLN-011,APS
PLAN-20251129-L02,2025-11-29,P01,L02,PRD-022,53755,82062,0.655,v3,PLN-002,APS
PLAN-20251129-L03,2025-11-29,P02,L03,PRD-002,46896,52992,0.885,v1,PLN-010,APS
PLAN-20251129-L04,2025-11-29,P02,L04,PRD-010,23477,34380,0.683,v3,PLN-010,APS
PLAN-20251129-L05,2025-11-29,P03,L05,PRD-070,38434,44946,0.855,v1,PLN-012,APS
PLAN-20251129-L06,2025-11-29,P03,L06,PRD-078,67358,84438,0.798,v1,PLN-003,APS
PLAN-20251130-L01,2025-11-30,P01,L01,PRD-023,46281,58068,0.797,v1,PLN-007,APS
PLAN-20251130-L02,2025-11-30,P01,L02,PRD-030,64618,82062,0.787,v3,PLN-001,APS
PLAN-20251130-L03,2025-11-30,P02,L03,PRD-045,42043,52992,0.793,v1,PLN-011,APS
PLAN-20251130-L04,2025-11-30,P02,L04,PRD-040,23125,34380,0.673,v1,PLN-002,APS
PLAN-20251130-L05,2025-11-30,P03,L05,PRD-022,34426,44946,0.766,v3,PLN-011,APS
PLAN-20251130-L06,2025-11-30,P03,L06,PRD-066,55331,84438,0.655,v2,PLN-004,APS
PLAN-20251201-L01,2025-12-01,P01,L01,PRD-077,63539,58068,1.094,v1,PLN-005,APS
PLAN-20251201-L02,2025-12-01,P01,L02,PRD-008,81010,82062,0.987,v1,PLN-008,APS
PLAN-20251201-L03,2025-12-01,P02,L03,PRD-044,56287,52992,1.062,v3,PLN-007,APS
PLAN-20251201-L04,2025-12-01,P02,L04,PRD-013,38388,34380,1.117,v2,PLN-009,APS
PLAN-20251201-L05,2025-12-01,P03,L05,PRD-012,40564,44946,0.903,v2,PLN-008,APS
PLAN-20251201-L06,2025-12-01,P03,L06,PRD-071,86661,84438,1.026,v3,PLN-011,APS
PLAN-20251202-L01,2025-12-02,P01,L01,PRD-077,66412,58068,1.144,v2,PLN-005,APS
PLAN-20251202-L02,2025-12-02,P01,L02,PRD-007,75677,82062,0.922,v3,PLN-005,APS
PLAN-20251202-L03,2025-12-02,P02,L03,PRD-023,62103,52992,1.172,v2,PLN-011,APS
PLAN-20251202-L04,2025-12-02,P02,L04,PRD-029,32720,34380,0.952,v1,PLN-012,APS
PLAN-20251202-L05,2025-12-02,P03,L05,PRD-020,44229,44946,0.984,v3,PLN-001,APS
PLAN-20251202-L06,2025-12-02,P03,L06,PRD-073,100040,84438,1.185,v2,PLN-006,APS
PLAN-20251203-L01,2025-12-03,P01,L01,PRD-059,68594,58068,1.181,v3,PLN-004,APS
PLAN-20251203-L02,2025-12-03,P01,L02,PRD-066,74573,82062,0.909,v2,PLN-005,APS
PLAN-20251203-L03,2025-12-03,P02,L03,PRD-027,54131,52992,1.021,v3,PLN-012,APS
PLAN-20251203-L04,2025-12-03,P02,L04,PRD-002,31393,34380,0.913,v1,PLN-003,APS
PLAN-20251203-L05,2025-12-03,P03,L05,PRD-039,39173,44946,0.872,v2,PLN-006,APS
PLAN-20251203-L06,2025-12-03,P03,L06,PRD-071,92119,84438,1.091,v2,PLN-001,APS
PLAN-20251204-L01,2025-12-04,P01,L01,PRD-008,50678,58068,0.873,v2,PLN-002,APS
PLAN-20251204-L02,2025-12-04,P01,L02,PRD-012,79650,82062,0.971,v2,PLN-008,APS
PLAN-20251204-L03,2025-12-04,P02,L03,PRD-045,45785,52992,0.864,v1,PLN-001,APS
PLAN-20251204-L04,2025-12-04,P02,L04,PRD-040,36735,34380,1.068,v3,PLN-011,APS
PLAN-20251204-L05,2025-12-04,P03,L05,PRD-029,43739,44946,0.973,v1,PLN-001,APS
PLAN-20251204-L06,2025-12-04,P03,L06,PRD-058,88934,84438,1.053,v2,PLN-008,APS
PLAN-20251205-L01,2025-12-05,P01,L01,PRD-031,58345,58068,1.005,v1,PLN-010,APS
PLAN-20251205-L02,2025-12-05,P01,L02,PRD-007,73046,82062,0.89,v3,PLN-006,APS
PLAN-20251205-L03,2025-12-05,P02,L03,PRD-077,58082,52992,1.096,v3,PLN-007,APS
PLAN-20251205-L04,2025-12-05,P02,L04,PRD-066,38801,34380,1.129,v3,PLN-009,APS
PLAN-20251205-L05,2025-12-05,P03,L05,PRD-071,44556,44946,0.991,v1,PLN-008,APS
PLAN-20251205-L06,2025-12-05,P03,L06,PRD-006,96278,84438,1.14,v3,PLN-004,APS
PLAN-20251206-L01,2025-12-06,P01,L01,PRD-016,42165,58068,0.726,v3,PLN-009,APS
PLAN-20251206-L02,2025-12-06,P01,L02,PRD-001,65667,82062,0.8,v2,PLN-009,APS
PLAN-20251206-L03,2025-12-06,P02,L03,PRD-063,38136,52992,0.72,v1,PLN-012,APS
PLAN-20251206-L04,2025-12-06,P02,L04,PRD-066,24303,34380,0.707,v3,PLN-006,APS
PLAN-20251206-L05,2025-12-06,P03,L05,PRD-044,34629,44946,0.77,v1,PLN-010,APS
PLAN-20251206-L06,2025-12-06,P03,L06,PRD-061,56064,84438,0.664,v3,PLN-006,APS
PLAN-20251207-L01,2025-12-07,P01,L01,PRD-077,49351,58068,0.85,v2,PLN-012,APS
PLAN-20251207-L02,2025-12-07,P01,L02,PRD-029,57619,82062,0.702,v1,PLN-011,APS
PLAN-20251207-L03,2025-12-07,P02,L03,PRD-058,46608,52992,0.88,v3,PLN-008,APS
PLAN-20251207-L04,2025-12-07,P02,L04,PRD-037,26274,34380,0.764,v2,PLN-002,APS
PLAN-20251207-L05,2025-12-07,P03,L05,PRD-021,29178,44946,0.649,v2,PLN-003,APS
PLAN-20251207-L06,2025-12-07,P03,L06,PRD-004,68196,84438,0.808,v2,PLN-002,APS
PLAN-20251208-L01,2025-12-08,P01,L01,PRD-028,50953,58068,0.877,v1,PLN-003,APS
PLAN-20251208-L02,2025-12-08,P01,L02,PRD-008,76769,82062,0.935,v3,PLN-012,APS
PLAN-20251208-L03,2025-12-08,P02,L03,PRD-044,50923,52992,0.961,v1,PLN-008,APS
PLAN-20251208-L04,2025-12-08,P02,L04,PRD-077,37616,34380,1.094,v3,PLN-010,APS
PLAN-20251208-L05,2025-12-08,P03,L05,PRD-079,45134,44946,1.004,v2,PLN-012,APS
PLAN-20251208-L06,2025-12-08,P03,L06,PRD-073,79919,84438,0.946,v3,PLN-001,APS
PLAN-20251209-L01,2025-12-09,P01,L01,PRD-052,63244,58068,1.089,v3,PLN-006,APS
PLAN-20251209-L02,2025-12-09,P01,L02,PRD-060,79807,82062,0.973,v2,PLN-002,APS
PLAN-20251209-L03,2025-12-09,P02,L03,PRD-024,54170,52992,1.022,v3,PLN-007,APS
PLAN-20251209-L04,2025-12-09,P02,L04,PRD-051,33031,34380,0.961,v3,PLN-012,APS
PLAN-20251209-L05,2025-12-09,P03,L05,PRD-020,45003,44946,1.001,v3,PLN-008,APS
PLAN-20251209-L06,2025-12-09,P03,L06,PRD-034,76528,84438,0.906,v1,PLN-003,APS
PLAN-20251210-L01,2025-12-10,P01,L01,PRD-014,64963,58068,1.119,v1,PLN-008,APS
PLAN-20251210-L02,2025-12-10,P01,L02,PRD-029,78088,82062,0.952,v2,PLN-012,APS
PLAN-20251210-L03,2025-12-10,P02,L03,PRD-053,57659,52992,1.088,v3,PLN-001,APS
PLAN-20251210-L04,2025-12-10,P02,L04,PRD-037,32955,34380,0.959,v1,PLN-004,APS
PLAN-20251210-L05,2025-12-10,P03,L05,PRD-043,50628,44946,1.126,v1,PLN-001,APS
PLAN-20251210-L06,2025-12-10,P03,L06,PRD-069,97438,84438,1.154,v1,PLN-007,APS
PLAN-20251211-L01,2025-12-11,P01,L01,PRD-050,50234,58068,0.865,v3,PLN-012,APS
PLAN-20251211-L02,2025-12-11,P01,L02,PRD-030,70489,82062,0.859,v3,PLN-008,APS
PLAN-20251211-L03,2025-12-11,P02,L03,PRD-043,53259,52992,1.005,v3,PLN-007,APS
PLAN-20251211-L04,2025-12-11,P02,L04,PRD-078,35214,34380,1.024,v1,PLN-007,APS
PLAN-20251211-L05,2025-12-11,P03,L05,PRD-052,39003,44946,0.868,v3,PLN-003,APS
PLAN-20251211-L06,2025-12-11,P03,L06,PRD-061,75085,84438,0.889,v1,PLN-009,APS
PLAN-20251212-L01,2025-12-12,P01,L01,PRD-031,63279,58068,1.09,v1,PLN-010,APS
PLAN-20251212-L02,2025-12-12,P01,L02,PRD-031,81392,82062,0.992,v2,PLN-012,APS
PLAN-20251212-L03,2025-12-12,P02,L03,PRD-027,57521,52992,1.085,v2,PLN-003,APS
PLAN-20251212-L04,2025-12-12,P02,L04,PRD-051,33943,34380,0.987,v3,PLN-006,APS
PLAN-20251212-L05,2025-12-12,P03,L05,PRD-055,39518,44946,0.879,v2,PLN-002,APS
PLAN-20251212-L06,2025-12-12,P03,L06,PRD-006,92757,84438,1.099,v2,PLN-008,APS
PLAN-20251213-L01,2025-12-13,P01,L01,PRD-001,42583,58068,0.733,v2,PLN-010,APS
PLAN-20251213-L02,2025-12-13,P01,L02,PRD-012,52943,82062,0.645,v1,PLN-006,APS
PLAN-20251213-L03,2025-12-13,P02,L03,PRD-044,38574,52992,0.728,v1,PLN-003,APS
PLAN-20251213-L04,2025-12-13,P02,L04,PRD-048,22266,34380,0.648,v1,PLN-012,APS
PLAN-20251213-L05,2025-12-13,P03,L05,PRD-002,38824,44946,0.864,v1,PLN-004,APS
PLAN-20251213-L06,2025-12-13,P03,L06,PRD-051,69793,84438,0.827,v2,PLN-004,APS
PLAN-20251214-L01,2025-12-14,P01,L01,PRD-072,41346,58068,0.712,v1,PLN-009,APS
PLAN-20251214-L02,2025-12-14,P01,L02,PRD-007,63268,82062,0.771,v3,PLN-010,APS
PLAN-20251214-L03,2025-12-14,P02,L03,PRD-040,42916,52992,0.81,v2,PLN-012,APS
PLAN-20251214-L04,2025-12-14,P02,L04,PRD-059,24283,34380,0.706,v2,PLN-002,APS
PLAN-20251214-L05,2025-12-14,P03,L05,PRD-010,34183,44946,0.761,v2,PLN-012,APS
PLAN-20251214-L06,2025-12-14,P03,L06,PRD-066,71906,84438,0.852,v3,PLN-001,APS
PLAN-20251215-L01,2025-12-15,P01,L01,PRD-037,56423,58068,0.972,v1,PLN-004,APS
PLAN-20251215-L02,2025-12-15,P01,L02,PRD-007,88131,82062,1.074,v1,PLN-011,APS
PLAN-20251215-L03,2025-12-15,P02,L03,PRD-022,60009,52992,1.132,v1,PLN-005,APS
PLAN-20251215-L04,2025-12-15,P02,L04,PRD-032,31260,34380,0.909,v1,PLN-003,APS
PLAN-20251215-L05,2025-12-15,P03,L05,PRD-070,43341,44946,0.964,v2,PLN-009,APS
PLAN-20251215-L06,2025-12-15,P03,L06,PRD-069,92058,84438,1.09,v2,PLN-007,APS
PLAN-20251216-L01,2025-12-16,P01,L01,PRD-009,62022,58068,1.068,v3,PLN-004,APS
PLAN-20251216-L02,2025-12-16,P01,L02,PRD-039,93219,82062,1.136,v1,PLN-008,APS
PLAN-20251216-L03,2025-12-16,P02,L03,PRD-073,48367,52992,0.913,v3,PLN-007,APS
PLAN-20251216-L04,2025-12-16,P02,L04,PRD-066,29111,34380,0.847,v3,PLN-004,APS
PLAN-20251216-L05,2025-12-16,P03,L05,PRD-063,51556,44946,1.147,v3,PLN-010,APS
PLAN-20251216-L06,2025-12-16,P03,L06,PRD-034,91589,84438,1.085,v1,PLN-008,APS
PLAN-20251217-L01,2025-12-17,P01,L01,PRD-032,60625,58068,1.044,v3,PLN-006,APS
PLAN-20251217-L02,2025-12-17,P01,L02,PRD-039,87021,82062,1.06,v1,PLN-009,APS
PLAN-20251217-L03,2025-12-17,P02,L03,PRD-048,47338,52992,0.893,v2,PLN-001,APS
PLAN-20251217-L04,2025-12-17,P02,L04,PRD-059,34611,34380,1.007,v1,PLN-012,APS
PLAN-20251217-L05,2025-12-17,P03,L05,PRD-033,39454,44946,0.878,v1,PLN-001,APS
PLAN-20251217-L06,2025-12-17,P03,L06,PRD-006,92384,84438,1.094,v1,PLN-003,APS
PLAN-20251218-L01,2025-12-18,P01,L01,PRD-078,60281,58068,1.038,v1,PLN-003,APS
PLAN-20251218-L02,2025-12-18,P01,L02,PRD-052,78902,82062,0.961,v1,PLN-007,APS
PLAN-20251218-L03,2025-12-18,P02,L03,PRD-037,51260,52992,0.967,v3,PLN-002,APS
PLAN-20251218-L04,2025-12-18,P02,L04,PRD-072,39642,34380,1.153,v2,PLN-004,APS
PLAN-20251218-L05,2025-12-18,P03,L05,PRD-019,40319,44946,0.897,v1,PLN-009,APS
PLAN-20251218-L06,2025-12-18,P03,L06,PRD-034,77122,84438,0.913,v3,PLN-008,APS
PLAN-20251219-L01,2025-12-19,P01,L01,PRD-060,50490,58068,0.869,v3,PLN-007,APS
PLAN-20251219-L02,2025-12-19,P01,L02,PRD-063,74345,82062,0.906,v3,PLN-002,APS
PLAN-20251219-L03,2025-12-19,P02,L03,PRD-024,58830,52992,1.11,v1,PLN-008,APS
PLAN-20251219-L04,2025-12-19,P02,L04,PRD-039,32486,34380,0.945,v2,PLN-004,APS
PLAN-20251219-L05,2025-12-19,P03,L05,PRD-031,46498,44946,1.035,v3,PLN-001,APS
PLAN-20251219-L06,2025-12-19,P03,L06,PRD-062,86476,84438,1.024,v3,PLN-010,APS
PLAN-20251220-L01,2025-12-20,P01,L01,PRD-009,38336,58068,0.66,v3,PLN-001,APS
PLAN-20251220-L02,2025-12-20,P01,L02,PRD-045,53082,82062,0.647,v2,PLN-008,APS
PLAN-20251220-L03,2025-12-20,P02,L03,PRD-037,35436,52992,0.669,v3,PLN-012,APS
PLAN-20251220-L04,2025-12-20,P02,L04,PRD-059,25731,34380,0.748,v3,PLN-001,APS
PLAN-20251220-L05,2025-12-20,P03,L05,PRD-044,38157,44946,0.849,v3,PLN-008,APS
PLAN-20251220-L06,2025-12-20,P03,L06,PRD-015,63720,84438,0.755,v1,PLN-010,APS
PLAN-20251221-L01,2025-12-21,P01,L01,PRD-016,41954,58068,0.722,v2,PLN-004,APS
PLAN-20251221-L02,2025-12-21,P01,L02,PRD-011,61419,82062,0.748,v1,PLN-001,APS
PLAN-20251221-L03,2025-12-21,P02,L03,PRD-044,36654,52992,0.692,v2,PLN-004,APS
PLAN-20251221-L04,2025-12-21,P02,L04,PRD-021,23690,34380,0.689,v3,PLN-009,APS
PLAN-20251221-L05,2025-12-21,P03,L05,PRD-056,31284,44946,0.696,v1,PLN-006,APS
PLAN-20251221-L06,2025-12-21,P03,L06,PRD-012,68170,84438,0.807,v3,PLN-008,APS
PLAN-20251222-L01,2025-12-22,P01,L01,PRD-047,50626,58068,0.872,v2,PLN-012,APS
PLAN-20251222-L02,2025-12-22,P01,L02,PRD-064,77911,82062,0.949,v2,PLN-010,APS
PLAN-20251222-L03,2025-12-22,P02,L03,PRD-071,51046,52992,0.963,v1,PLN-010,APS
PLAN-20251222-L04,2025-12-22,P02,L04,PRD-005,37826,34380,1.1,v3,PLN-001,APS
PLAN-20251222-L05,2025-12-22,P03,L05,PRD-071,47409,44946,1.055,v1,PLN-005,APS
PLAN-20251222-L06,2025-12-22,P03,L06,PRD-071,80144,84438,0.949,v1,PLN-002,APS
PLAN-20251223-L01,2025-12-23,P01,L01,PRD-023,63025,58068,1.085,v3,PLN-005,APS
PLAN-20251223-L02,2025-12-23,P01,L02,PRD-069,83299,82062,1.015,v3,PLN-001,APS
PLAN-20251223-L03,2025-12-23,P02,L03,PRD-050,44824,52992,0.846,v3,PLN-004,APS
PLAN-20251223-L04,2025-12-23,P02,L04,PRD-001,29217,34380,0.85,v1,PLN-011,APS
PLAN-20251223-L05,2025-12-23,P03,L05,PRD-022,46925,44946,1.044,v1,PLN-011,APS
PLAN-20251223-L06,2025-12-23,P03,L06,PRD-071,89796,84438,1.063,v1,PLN-010,APS
PLAN-20251224-L01,2025-12-24,P01,L01,PRD-014,52278,58068,0.9,v3,PLN-009,APS
PLAN-20251224-L02,2025-12-24,P01,L02,PRD-060,93274,82062,1.137,v2,PLN-004,APS
PLAN-20251224-L03,2025-12-24,P02,L03,PRD-017,46892,52992,0.885,v3,PLN-011,APS
PLAN-20251224-L04,2025-12-24,P02,L04,PRD-067,35274,34380,1.026,v2,PLN-003,APS
PLAN-20251224-L05,2025-12-24,P03,L05,PRD-063,46701,44946,1.039,v3,PLN-005,APS
PLAN-20251224-L06,2025-12-24,P03,L06,PRD-022,82206,84438,0.974,v3,PLN-003,APS
PLAN-20251225-L01,2025-12-25,P01,L01,PRD-059,57557,58068,0.991,v2,PLN-008,APS
PLAN-20251225-L02,2025-12-25,P01,L02,PRD-029,75196,82062,0.916,v2,PLN-001,APS
PLAN-20251225-L03,2025-12-25,P02,L03,PRD-069,59764,52992,1.128,v1,PLN-011,APS
PLAN-20251225-L04,2025-12-25,P02,L04,PRD-011,38532,34380,1.121,v3,PLN-009,APS
PLAN-20251225-L05,2025-12-25,P03,L05,PRD-021,45503,44946,1.012,v2,PLN-010,APS
PLAN-20251225-L06,2025-12-25,P03,L06,PRD-040,90986,84438,1.078,v3,PLN-009,APS
PLAN-20251226-L01,2025-12-26,P01,L01,PRD-028,55945,58068,0.963,v1,PLN-012,APS
PLAN-20251226-L02,2025-12-26,P01,L02,PRD-007,84322,82062,1.028,v3,PLN-001,APS
PLAN-20251226-L03,2025-12-26,P02,L03,PRD-019,47739,52992,0.901,v1,PLN-008,APS
PLAN-20251226-L04,2025-12-26,P02,L04,PRD-051,31157,34380,0.906,v2,PLN-008,APS
PLAN-20251226-L05,2025-12-26,P03,L05,PRD-070,50234,44946,1.118,v3,PLN-012,APS
PLAN-20251226-L06,2025-12-26,P03,L06,PRD-048,79733,84438,0.944,v3,PLN-011,APS
PLAN-20251227-L01,2025-12-27,P01,L01,PRD-068,39721,58068,0.684,v3,PLN-006,APS
PLAN-20251227-L02,2025-12-27,P01,L02,PRD-007,62296,82062,0.759,v2,PLN-005,APS
PLAN-20251227-L03,2025-12-27,P02,L03,PRD-075,34129,52992,0.644,v1,PLN-004,APS
PLAN-20251227-L04,2025-12-27,P02,L04,PRD-041,21686,34380,0.631,v1,PLN-001,APS
PLAN-20251227-L05,2025-12-27,P03,L05,PRD-008,31215,44946,0.695,v1,PLN-007,APS
PLAN-20251227-L06,2025-12-27,P03,L06,PRD-034,60870,84438,0.721,v3,PLN-003,APS
PLAN-20251228-L01,2025-12-28,P01,L01,PRD-014,47018,58068,0.81,v3,PLN-002,APS
PLAN-20251228-L02,2025-12-28,P01,L02,PRD-005,54100,82062,0.659,v2,PLN-006,APS
PLAN-20251228-L03,2025-12-28,P02,L03,PRD-071,44078,52992,0.832,v3,PLN-002,APS
PLAN-20251228-L04,2025-12-28,P02,L04,PRD-032,27654,34380,0.804,v3,PLN-004,APS
PLAN-20251228-L05,2025-12-28,P03,L05,PRD-078,29148,44946,0.649,v2,PLN-002,APS
PLAN-20251228-L06,2025-12-28,P03,L06,PRD-017,66230,84438,0.784,v1,PLN-007,APS
PLAN-20251229-L01,2025-12-29,P01,L01,PRD-061,61207,58068,1.054,v1,PLN-008,APS
PLAN-20251229-L02,2025-12-29,P01,L02,PRD-017,75877,82062,0.925,v3,PLN-006,APS
PLAN-20251229-L03,2025-12-29,P02,L03,PRD-057,46317,52992,0.874,v3,PLN-007,APS
PLAN-20251229-L04,2025-12-29,P02,L04,PRD-059,38226,34380,1.112,v3,PLN-005,APS
PLAN-20251229-L05,2025-12-29,P03,L05,PRD-006,46981,44946,1.045,v1,PLN-012,APS
PLAN-20251229-L06,2025-12-29,P03,L06,PRD-078,86284,84438,1.022,v3,PLN-012,APS
PLAN-20251230-L01,2025-12-30,P01,L01,PRD-059,47966,58068,0.826,v3,PLN-008,APS
PLAN-20251230-L02,2025-12-30,P01,L02,PRD-017,89818,82062,1.095,v3,PLN-006,APS
PLAN-20251230-L03,2025-12-30,P02,L03,PRD-071,44961,52992,0.848,v1,PLN-012,APS
PLAN-20251230-L04,2025-12-30,P02,L04,PRD-066,28922,34380,0.841,v1,PLN-006,APS
PLAN-20251230-L05,2025-12-30,P03,L05,PRD-031,39322,44946,0.875,v3,PLN-003,APS
PLAN-20251230-L06,2025-12-30,P03,L06,PRD-043,73752,84438,0.873,v1,PLN-006,APS
PLAN-20251231-L01,2025-12-31,P01,L01,PRD-059,63605,58068,1.095,v2,PLN-010,APS
PLAN-20251231-L02,2025-12-31,P01,L02,PRD-029,76298,82062,0.93,v3,PLN-008,APS
PLAN-20251231-L03,2025-12-31,P02,L03,PRD-023,47033,52992,0.888,v2,PLN-011,APS
PLAN-20251231-L04,2025-12-31,P02,L04,PRD-078,32826,34380,0.955,v1,PLN-001,APS
PLAN-20251231-L05,2025-12-31,P03,L05,PRD-052,44176,44946,0.983,v2,PLN-011,APS
PLAN-20251231-L06,2025-12-31,P03,L06,PRD-042,93356,84438,1.106,v3,PLN-010,APS
PLAN-20260101-L01,2026-01-01,P01,L01,PRD-077,64212,58068,1.106,v2,PLN-009,APS
PLAN-20260101-L02,2026-01-01,P01,L02,PRD-048,89682,82062,1.093,v1,PLN-007,APS
PLAN-20260101-L03,2026-01-01,P02,L03,PRD-017,54379,52992,1.026,v2,PLN-007,APS
PLAN-20260101-L04,2026-01-01,P02,L04,PRD-037,31961,34380,0.93,v2,PLN-012,APS
PLAN-20260101-L05,2026-01-01,P03,L05,PRD-049,44922,44946,0.999,v2,PLN-003,APS
PLAN-20260101-L06,2026-01-01,P03,L06,PRD-048,88831,84438,1.052,v2,PLN-003,APS
PLAN-20260102-L01,2026-01-02,P01,L01,PRD-032,50343,58068,0.867,v1,PLN-002,APS
PLAN-20260102-L02,2026-01-02,P01,L02,PRD-017,79474,82062,0.968,v2,PLN-005,APS
PLAN-20260102-L03,2026-01-02,P02,L03,PRD-063,54756,52992,1.033,v2,PLN-009,APS
PLAN-20260102-L04,2026-01-02,P02,L04,PRD-077,37807,34380,1.1,v2,PLN-001,APS
PLAN-20260102-L05,2026-01-02,P03,L05,PRD-068,46868,44946,1.043,v1,PLN-009,APS
PLAN-20260102-L06,2026-01-02,P03,L06,PRD-058,85111,84438,1.008,v3,PLN-008,APS
PLAN-20260103-L01,2026-01-03,P01,L01,PRD-050,35694,58068,0.615,v3,PLN-009,APS
PLAN-20260103-L02,2026-01-03,P01,L02,PRD-031,61001,82062,0.743,v2,PLN-005,APS
PLAN-20260103-L03,2026-01-03,P02,L03,PRD-045,40607,52992,0.766,v3,PLN-002,APS
PLAN-20260103-L04,2026-01-03,P02,L04,PRD-048,24521,34380,0.713,v2,PLN-002,APS
PLAN-20260103-L05,2026-01-03,P03,L05,PRD-054,29066,44946,0.647,v3,PLN-004,APS
PLAN-20260103-L06,2026-01-03,P03,L06,PRD-048,67043,84438,0.794,v3,PLN-010,APS
PLAN-20260104-L01,2026-01-04,P01,L01,PRD-059,43835,58068,0.755,v1,PLN-009,APS
PLAN-20260104-L02,2026-01-04,P01,L02,PRD-024,62666,82062,0.764,v2,PLN-010,APS
PLAN-20260104-L03,2026-01-04,P02,L03,PRD-058,36578,52992,0.69,v3,PLN-007,APS
PLAN-20260104-L04,2026-01-04,P02,L04,PRD-072,27545,34380,0.801,v1,PLN-006,APS
PLAN-20260104-L05,2026-01-04,P03,L05,PRD-008,31899,44946,0.71,v3,PLN-011,APS
PLAN-20260104-L06,2026-01-04,P03,L06,PRD-010,53335,84438,0.632,v2,PLN-001,APS
PLAN-20260105-L01,2026-01-05,P01,L01,PRD-044,57425,58068,0.989,v1,PLN-011,APS
PLAN-20260105-L02,2026-01-05,P01,L02,PRD-048,76883,82062,0.937,v2,PLN-010,APS
PLAN-20260105-L03,2026-01-05,P02,L03,PRD-003,46526,52992,0.878,v3,PLN-008,APS
PLAN-20260105-L04,2026-01-05,P02,L04,PRD-046,34998,34380,1.018,v2,PLN-007,APS
PLAN-20260105-L05,2026-01-05,P03,L05,PRD-031,39931,44946,0.888,v1,PLN-011,APS
PLAN-20260105-L06,2026-01-05,P03,L06,PRD-038,85169,84438,1.009,v2,PLN-003,APS
PLAN-20260106-L01,2026-01-06,P01,L01,PRD-020,53452,58068,0.921,v1,PLN-004,APS
PLAN-20260106-L02,2026-01-06,P01,L02,PRD-061,85642,82062,1.044,v1,PLN-004,APS
PLAN-20260106-L03,2026-01-06,P02,L03,PRD-050,49309,52992,0.93,v1,PLN-001,APS
PLAN-20260106-L04,2026-01-06,P02,L04,PRD-004,36161,34380,1.052,v2,PLN-011,APS
PLAN-20260106-L05,2026-01-06,P03,L05,PRD-009,46146,44946,1.027,v2,PLN-004,APS
PLAN-20260106-L06,2026-01-06,P03,L06,PRD-058,90748,84438,1.075,v2,PLN-005,APS
PLAN-20260107-L01,2026-01-07,P01,L01,PRD-059,50033,58068,0.862,v3,PLN-011,APS
PLAN-20260107-L02,2026-01-07,P01,L02,PRD-036,70235,82062,0.856,v2,PLN-010,APS
PLAN-20260107-L03,2026-01-07,P02,L03,PRD-075,55704,52992,1.051,v1,PLN-011,APS
PLAN-20260107-L04,2026-01-07,P02,L04,PRD-042,32604,34380,0.948,v2,PLN-006,APS
PLAN-20260107-L05,2026-01-07,P03,L05,PRD-009,42405,44946,0.943,v1,PLN-002,APS
PLAN-20260107-L06,2026-01-07,P03,L06,PRD-051,72681,84438,0.861,v3,PLN-004,APS
PLAN-20260108-L01,2026-01-08,P01,L01,PRD-020,49537,58068,0.853,v1,PLN-009,APS
PLAN-20260108-L02,2026-01-08,P01,L02,PRD-035,80433,82062,0.98,v2,PLN-003,APS
PLAN-20260108-L03,2026-01-08,P02,L03,PRD-012,48627,52992,0.918,v3,PLN-004,APS
PLAN-20260108-L04,2026-01-08,P02,L04,PRD-052,29381,34380,0.855,v2,PLN-011,APS
PLAN-20260108-L05,2026-01-08,P03,L05,PRD-020,40051,44946,0.891,v2,PLN-011,APS
PLAN-20260108-L06,2026-01-08,P03,L06,PRD-038,76421,84438,0.905,v2,PLN-009,APS
PLAN-20260109-L01,2026-01-09,P01,L01,PRD-064,55751,58068,0.96,v1,PLN-006,APS
PLAN-20260109-L02,2026-01-09,P01,L02,PRD-022,73650,82062,0.897,v1,PLN-011,APS
PLAN-20260109-L03,2026-01-09,P02,L03,PRD-066,57918,52992,1.093,v2,PLN-010,APS
PLAN-20260109-L04,2026-01-09,P02,L04,PRD-062,35170,34380,1.023,v2,PLN-001,APS
PLAN-20260109-L05,2026-01-09,P03,L05,PRD-008,38009,44946,0.846,v1,PLN-010,APS
PLAN-20260109-L06,2026-01-09,P03,L06,PRD-006,74254,84438,0.879,v1,PLN-008,APS
PLAN-20260110-L01,2026-01-10,P01,L01,PRD-014,40804,58068,0.703,v2,PLN-004,APS
PLAN-20260110-L02,2026-01-10,P01,L02,PRD-008,52152,82062,0.636,v2,PLN-004,APS
PLAN-20260110-L03,2026-01-10,P02,L03,PRD-045,38913,52992,0.734,v2,PLN-002,APS
PLAN-20260110-L04,2026-01-10,P02,L04,PRD-035,26459,34380,0.77,v3,PLN-010,APS
PLAN-20260110-L05,2026-01-10,P03,L05,PRD-006,33674,44946,0.749,v1,PLN-007,APS
PLAN-20260110-L06,2026-01-10,P03,L06,PRD-045,62713,84438,0.743,v2,PLN-007,APS
PLAN-20260111-L01,2026-01-11,P01,L01,PRD-078,39234,58068,0.676,v3,PLN-008,APS
PLAN-20260111-L02,2026-01-11,P01,L02,PRD-029,55653,82062,0.678,v3,PLN-010,APS
PLAN-20260111-L03,2026-01-11,P02,L03,PRD-012,39267,52992,0.741,v2,PLN-012,APS
PLAN-20260111-L04,2026-01-11,P02,L04,PRD-059,20586,34380,0.599,v2,PLN-011,APS
PLAN-20260111-L05,2026-01-11,P03,L05,PRD-019,27483,44946,0.611,v2,PLN-001,APS
PLAN-20260111-L06,2026-01-11,P03,L06,PRD-003,64003,84438,0.758,v2,PLN-006,APS
PLAN-20260112-L01,2026-01-12,P01,L01,PRD-077,59082,58068,1.017,v2,PLN-003,APS
PLAN-20260112-L02,2026-01-12,P01,L02,PRD-035,70534,82062,0.86,v3,PLN-007,APS
PLAN-20260112-L03,2026-01-12,P02,L03,PRD-040,53470,52992,1.009,v1,PLN-003,APS
PLAN-20260112-L04,2026-01-12,P02,L04,PRD-024,27460,34380,0.799,v1,PLN-006,APS
PLAN-20260112-L05,2026-01-12,P03,L05,PRD-022,43196,44946,0.961,v2,PLN-009,APS
PLAN-20260112-L06,2026-01-12,P03,L06,PRD-073,75722,84438,0.897,v1,PLN-012,APS
PLAN-20260113-L01,2026-01-13,P01,L01,PRD-014,61567,58068,1.06,v1,PLN-012,APS
PLAN-20260113-L02,2026-01-13,P01,L02,PRD-017,66298,82062,0.808,v3,PLN-003,APS
PLAN-20260113-L03,2026-01-13,P02,L03,PRD-053,42675,52992,0.805,v2,PLN-010,APS
PLAN-20260113-L04,2026-01-13,P02,L04,PRD-029,33687,34380,0.98,v3,PLN-001,APS
PLAN-20260113-L05,2026-01-13,P03,L05,PRD-054,42285,44946,0.941,v1,PLN-008,APS
PLAN-20260113-L06,2026-01-13,P03,L06,PRD-056,78619,84438,0.931,v1,PLN-005,APS
PLAN-20260114-L01,2026-01-14,P01,L01,PRD-028,56917,58068,0.98,v3,PLN-011,APS
PLAN-20260114-L02,2026-01-14,P01,L02,PRD-064,74852,82062,0.912,v1,PLN-010,APS
PLAN-20260114-L03,2026-01-14,P02,L03,PRD-075,43629,52992,0.823,v3,PLN-011,APS
PLAN-20260114-L04,2026-01-14,P02,L04,PRD-051,37115,34380,1.08,v3,PLN-010,APS
PLAN-20260114-L05,2026-01-14,P03,L05,PRD-019,46225,44946,1.028,v3,PLN-007,APS
PLAN-20260114-L06,2026-01-14,P03,L06,PRD-048,86356,84438,1.023,v2,PLN-011,APS
PLAN-20260115-L01,2026-01-15,P01,L01,PRD-025,60862,58068,1.048,v1,PLN-001,APS
PLAN-20260115-L02,2026-01-15,P01,L02,PRD-002,67840,82062,0.827,v3,PLN-009,APS
PLAN-20260115-L03,2026-01-15,P02,L03,PRD-027,44986,52992,0.849,v2,PLN-007,APS
PLAN-20260115-L04,2026-01-15,P02,L04,PRD-077,36366,34380,1.058,v2,PLN-006,APS
PLAN-20260115-L05,2026-01-15,P03,L05,PRD-044,38203,44946,0.85,v1,PLN-005,APS
PLAN-20260115-L06,2026-01-15,P03,L06,PRD-080,79317,84438,0.939,v3,PLN-005,APS
PLAN-20260116-L01,2026-01-16,P01,L01,PRD-016,55550,58068,0.957,v1,PLN-011,APS
PLAN-20260116-L02,2026-01-16,P01,L02,PRD-015,82009,82062,0.999,v3,PLN-012,APS
PLAN-20260116-L03,2026-01-16,P02,L03,PRD-063,51058,52992,0.964,v3,PLN-004,APS
PLAN-20260116-L04,2026-01-16,P02,L04,PRD-051,33100,34380,0.963,v1,PLN-010,APS
PLAN-20260116-L05,2026-01-16,P03,L05,PRD-077,47751,44946,1.062,v3,PLN-009,APS
PLAN-20260116-L06,2026-01-16,P03,L06,PRD-040,86092,84438,1.02,v1,PLN-003,APS
PLAN-20260117-L01,2026-01-17,P01,L01,PRD-008,42431,58068,0.731,v2,PLN-011,APS
PLAN-20260117-L02,2026-01-17,P01,L02,PRD-061,59268,82062,0.722,v3,PLN-001,APS
PLAN-20260117-L03,2026-01-17,P02,L03,PRD-075,36755,52992,0.694,v3,PLN-005,APS
PLAN-20260117-L04,2026-01-17,P02,L04,PRD-037,20202,34380,0.588,v1,PLN-011,APS
PLAN-20260117-L05,2026-01-17,P03,L05,PRD-075,34255,44946,0.762,v2,PLN-006,APS
PLAN-20260117-L06,2026-01-17,P03,L06,PRD-051,56742,84438,0.672,v1,PLN-004,APS
PLAN-20260118-L01,2026-01-18,P01,L01,PRD-074,45174,58068,0.778,v3,PLN-006,APS
PLAN-20260118-L02,2026-01-18,P01,L02,PRD-001,64527,82062,0.786,v1,PLN-004,APS
PLAN-20260118-L03,2026-01-18,P02,L03,PRD-022,32340,52992,0.61,v2,PLN-001,APS
PLAN-20260118-L04,2026-01-18,P02,L04,PRD-049,21080,34380,0.613,v1,PLN-005,APS
PLAN-20260118-L05,2026-01-18,P03,L05,PRD-077,28600,44946,0.636,v3,PLN-001,APS
PLAN-20260118-L06,2026-01-18,P03,L06,PRD-058,59127,84438,0.7,v1,PLN-007,APS
PLAN-20260119-L01,2026-01-19,P01,L01,PRD-025,51462,58068,0.886,v1,PLN-002,APS
PLAN-20260119-L02,2026-01-19,P01,L02,PRD-052,75038,82062,0.914,v1,PLN-007,APS
PLAN-20260119-L03,2026-01-19,P02,L03,PRD-042,41175,52992,0.777,v3,PLN-009,APS
PLAN-20260119-L04,2026-01-19,P02,L04,PRD-005,29874,34380,0.869,v2,PLN-009,APS
PLAN-20260119-L05,2026-01-19,P03,L05,PRD-063,38566,44946,0.858,v3,PLN-010,APS
PLAN-20260119-L06,2026-01-19,P03,L06,PRD-013,87549,84438,1.037,v2,PLN-011,APS
PLAN-20260120-L01,2026-01-20,P01,L01,PRD-061,60510,58068,1.042,v3,PLN-009,APS
PLAN-20260120-L02,2026-01-20,P01,L02,PRD-012,82545,82062,1.006,v2,PLN-010,APS
PLAN-20260120-L03,2026-01-20,P02,L03,PRD-075,42207,52992,0.796,v1,PLN-009,APS
PLAN-20260120-L04,2026-01-20,P02,L04,PRD-002,35971,34380,1.046,v1,PLN-012,APS
PLAN-20260120-L05,2026-01-20,P03,L05,PRD-075,47423,44946,1.055,v1,PLN-003,APS
PLAN-20260120-L06,2026-01-20,P03,L06,PRD-042,80832,84438,0.957,v1,PLN-005,APS
PLAN-20260121-L01,2026-01-21,P01,L01,PRD-028,47723,58068,0.822,v1,PLN-009,APS
PLAN-20260121-L02,2026-01-21,P01,L02,PRD-012,67245,82062,0.819,v3,PLN-002,APS
PLAN-20260121-L03,2026-01-21,P02,L03,PRD-073,41427,52992,0.782,v1,PLN-003,APS
PLAN-20260121-L04,2026-01-21,P02,L04,PRD-078,31880,34380,0.927,v1,PLN-003,APS
PLAN-20260121-L05,2026-01-21,P03,L05,PRD-063,35961,44946,0.8,v1,PLN-005,APS
PLAN-20260121-L06,2026-01-21,P03,L06,PRD-040,66738,84438,0.79,v2,PLN-003,APS
PLAN-20260122-L01,2026-01-22,P01,L01,PRD-008,52352,58068,0.902,v1,PLN-009,APS
PLAN-20260122-L02,2026-01-22,P01,L02,PRD-001,72695,82062,0.886,v3,PLN-008,APS
PLAN-20260122-L03,2026-01-22,P02,L03,PRD-069,55498,52992,1.047,v1,PLN-002,APS
PLAN-20260122-L04,2026-01-22,P02,L04,PRD-039,29093,34380,0.846,v3,PLN-004,APS
PLAN-20260122-L05,2026-01-22,P03,L05,PRD-068,46598,44946,1.037,v2,PLN-010,APS
PLAN-20260122-L06,2026-01-22,P03,L06,PRD-012,78646,84438,0.931,v2,PLN-006,APS
PLAN-20260123-L01,2026-01-23,P01,L01,PRD-007,54428,58068,0.937,v2,PLN-004,APS
PLAN-20260123-L02,2026-01-23,P01,L02,PRD-011,83175,82062,1.014,v3,PLN-009,APS
PLAN-20260123-L03,2026-01-23,P02,L03,PRD-042,48772,52992,0.92,v1,PLN-003,APS
PLAN-20260123-L04,2026-01-23,P02,L04,PRD-072,29263,34380,0.851,v3,PLN-012,APS
PLAN-20260123-L05,2026-01-23,P03,L05,PRD-040,44953,44946,1.0,v1,PLN-004,APS
PLAN-20260123-L06,2026-01-23,P03,L06,PRD-056,87320,84438,1.034,v3,PLN-006,APS
PLAN-20260124-L01,2026-01-24,P01,L01,PRD-080,44210,58068,0.761,v2,PLN-009,APS
PLAN-20260124-L02,2026-01-24,P01,L02,PRD-045,64245,82062,0.783,v1,PLN-007,APS
PLAN-20260124-L03,2026-01-24,P02,L03,PRD-057,38913,52992,0.734,v1,PLN-001,APS
PLAN-20260124-L04,2026-01-24,P02,L04,PRD-052,22392,34380,0.651,v1,PLN-004,APS
PLAN-20260124-L05,2026-01-24,P03,L05,PRD-007,31769,44946,0.707,v3,PLN-010,APS
PLAN-20260124-L06,2026-01-24,P03,L06,PRD-069,59004,84438,0.699,v3,PLN-012,APS
PLAN-20260125-L01,2026-01-25,P01,L01,PRD-060,40551,58068,0.698,v2,PLN-006,APS
PLAN-20260125-L02,2026-01-25,P01,L02,PRD-051,56260,82062,0.686,v1,PLN-004,APS
PLAN-20260125-L03,2026-01-25,P02,L03,PRD-027,34876,52992,0.658,v1,PLN-003,APS
PLAN-20260125-L04,2026-01-25,P02,L04,PRD-006,25247,34380,0.734,v2,PLN-004,APS
PLAN-20260125-L05,2026-01-25,P03,L05,PRD-021,29204,44946,0.65,v3,PLN-008,APS
PLAN-20260125-L06,2026-01-25,P03,L06,PRD-017,63993,84438,0.758,v1,PLN-008,APS
PLAN-20260126-L01,2026-01-26,P01,L01,PRD-080,49496,58068,0.852,v1,PLN-007,APS
PLAN-20260126-L02,2026-01-26,P01,L02,PRD-035,67434,82062,0.822,v3,PLN-010,APS
PLAN-20260126-L03,2026-01-26,P02,L03,PRD-019,49785,52992,0.939,v2,PLN-002,APS
PLAN-20260126-L04,2026-01-26,P02,L04,PRD-021,33978,34380,0.988,v3,PLN-011,APS
PLAN-20260126-L05,2026-01-26,P03,L05,PRD-013,38533,44946,0.857,v1,PLN-003,APS
PLAN-20260126-L06,2026-01-26,P03,L06,PRD-064,84034,84438,0.995,v2,PLN-009,APS
PLAN-20260127-L01,2026-01-27,P01,L01,PRD-028,53752,58068,0.926,v2,PLN-003,APS
PLAN-20260127-L02,2026-01-27,P01,L02,PRD-071,69131,82062,0.842,v3,PLN-003,APS
PLAN-20260127-L03,2026-01-27,P02,L03,PRD-017,45555,52992,0.86,v3,PLN-010,APS
PLAN-20260127-L04,2026-01-27,P02,L04,PRD-021,32510,34380,0.946,v2,PLN-008,APS
PLAN-20260127-L05,2026-01-27,P03,L05,PRD-029,44986,44946,1.001,v1,PLN-005,APS
PLAN-20260127-L06,2026-01-27,P03,L06,PRD-067,68224,84438,0.808,v1,PLN-007,APS
PLAN-20260128-L01,2026-01-28,P01,L01,PRD-032,57431,58068,0.989,v2,PLN-006,APS
PLAN-20260128-L02,2026-01-28,P01,L02,PRD-024,65411,82062,0.797,v2,PLN-009,APS
PLAN-20260128-L03,2026-01-28,P02,L03,PRD-042,52303,52992,0.987,v2,PLN-005,APS
PLAN-20260128-L04,2026-01-28,P02,L04,PRD-040,29369,34380,0.854,v2,PLN-009,APS
PLAN-20260128-L05,2026-01-28,P03,L05,PRD-078,42370,44946,0.943,v1,PLN-007,APS
PLAN-20260128-L06,2026-01-28,P03,L06,PRD-067,79952,84438,0.947,v1,PLN-011,APS
PLAN-20260129-L01,2026-01-29,P01,L01,PRD-061,55539,58068,0.956,v2,PLN-007,APS
PLAN-20260129-L02,2026-01-29,P01,L02,PRD-002,65001,82062,0.792,v1,PLN-002,APS
PLAN-20260129-L03,2026-01-29,P02,L03,PRD-070,44146,52992,0.833,v1,PLN-002,APS
PLAN-20260129-L04,2026-01-29,P02,L04,PRD-010,32681,34380,0.951,v2,PLN-009,APS
PLAN-20260129-L05,2026-01-29,P03,L05,PRD-078,40798,44946,0.908,v3,PLN-001,APS
PLAN-20260129-L06,2026-01-29,P03,L06,PRD-004,74944,84438,0.888,v2,PLN-001,APS
PLAN-20260130-L01,2026-01-30,P01,L01,PRD-066,54129,58068,0.932,v3,PLN-001,APS
PLAN-20260130-L02,2026-01-30,P01,L02,PRD-015,82237,82062,1.002,v3,PLN-010,APS
PLAN-20260130-L03,2026-01-30,P02,L03,PRD-053,49631,52992,0.937,v2,PLN-012,APS
PLAN-20260130-L04,2026-01-30,P02,L04,PRD-052,27414,34380,0.797,v2,PLN-006,APS
PLAN-20260130-L05,2026-01-30,P03,L05,PRD-033,44174,44946,0.983,v1,PLN-011,APS
PLAN-20260130-L06,2026-01-30,P03,L06,PRD-013,72679,84438,0.861,v1,PLN-009,APS
PLAN-20260131-L01,2026-01-31,P01,L01,PRD-052,34516,58068,0.594,v1,PLN-003,APS
PLAN-20260131-L02,2026-01-31,P01,L02,PRD-061,60798,82062,0.741,v1,PLN-004,APS
PLAN-20260131-L03,2026-01-31,P02,L03,PRD-069,38232,52992,0.721,v2,PLN-009,APS
PLAN-20260131-L04,2026-01-31,P02,L04,PRD-078,24450,34380,0.711,v2,PLN-004,APS
PLAN-20260131-L05,2026-01-31,P03,L05,PRD-064,31696,44946,0.705,v1,PLN-005,APS
PLAN-20260131-L06,2026-01-31,P03,L06,PRD-064,50692,84438,0.6,v1,PLN-011,APS
PLAN-20260201-L01,2026-02-01,P01,L01,PRD-051,40844,58068,0.703,v2,PLN-006,APS
PLAN-20260201-L02,2026-02-01,P01,L02,PRD-061,54863,82062,0.669,v1,PLN-006,APS
PLAN-20260201-L03,2026-02-01,P02,L03,PRD-057,38642,52992,0.729,v3,PLN-005,APS
PLAN-20260201-L04,2026-02-01,P02,L04,PRD-032,25072,34380,0.729,v1,PLN-011,APS
PLAN-20260201-L05,2026-02-01,P03,L05,PRD-002,27076,44946,0.602,v2,PLN-009,APS
PLAN-20260201-L06,2026-02-01,P03,L06,PRD-004,55328,84438,0.655,v3,PLN-005,APS
PLAN-20260202-L01,2026-02-02,P01,L01,PRD-009,54426,58068,0.937,v3,PLN-006,APS
PLAN-20260202-L02,2026-02-02,P01,L02,PRD-066,75205,82062,0.916,v2,PLN-009,APS
PLAN-20260202-L03,2026-02-02,P02,L03,PRD-075,51373,52992,0.969,v1,PLN-009,APS
PLAN-20260202-L04,2026-02-02,P02,L04,PRD-010,25926,34380,0.754,v1,PLN-011,APS
PLAN-20260202-L05,2026-02-02,P03,L05,PRD-007,34135,44946,0.759,v2,PLN-010,APS
PLAN-20260202-L06,2026-02-02,P03,L06,PRD-003,76411,84438,0.905,v3,PLN-009,APS
PLAN-20260203-L01,2026-02-03,P01,L01,PRD-061,53843,58068,0.927,v2,PLN-001,APS
PLAN-20260203-L02,2026-02-03,P01,L02,PRD-031,66762,82062,0.814,v3,PLN-012,APS
PLAN-20260203-L03,2026-02-03,P02,L03,PRD-066,53808,52992,1.015,v1,PLN-008,APS
PLAN-20260203-L04,2026-02-03,P02,L04,PRD-029,25727,34380,0.748,v3,PLN-008,APS
PLAN-20260203-L05,2026-02-03,P03,L05,PRD-071,36317,44946,0.808,v2,PLN-009,APS
PLAN-20260203-L06,2026-02-03,P03,L06,PRD-017,71031,84438,0.841,v3,PLN-008,APS
PLAN-20260204-L01,2026-02-04,P01,L01,PRD-013,53540,58068,0.922,v3,PLN-002,APS
PLAN-20260204-L02,2026-02-04,P01,L02,PRD-071,75461,82062,0.92,v2,PLN-005,APS
PLAN-20260204-L03,2026-02-04,P02,L03,PRD-037,47921,52992,0.904,v1,PLN-005,APS
PLAN-20260204-L04,2026-02-04,P02,L04,PRD-059,25635,34380,0.746,v1,PLN-003,APS
PLAN-20260204-L05,2026-02-04,P03,L05,PRD-049,39907,44946,0.888,v1,PLN-011,APS
PLAN-20260204-L06,2026-02-04,P03,L06,PRD-038,63489,84438,0.752,v1,PLN-003,APS
PLAN-20260205-L01,2026-02-05,P01,L01,PRD-047,50946,58068,0.877,v1,PLN-005,APS
PLAN-20260205-L02,2026-02-05,P01,L02,PRD-029,82170,82062,1.001,v3,PLN-010,APS
PLAN-20260205-L03,2026-02-05,P02,L03,PRD-023,50027,52992,0.944,v2,PLN-008,APS
PLAN-20260205-L04,2026-02-05,P02,L04,PRD-078,31086,34380,0.904,v2,PLN-011,APS
PLAN-20260205-L05,2026-02-05,P03,L05,PRD-079,42411,44946,0.944,v1,PLN-007,APS
PLAN-20260205-L06,2026-02-05,P03,L06,PRD-048,68009,84438,0.805,v3,PLN-011,APS
PLAN-20260206-L01,2026-02-06,P01,L01,PRD-032,58392,58068,1.006,v1,PLN-009,APS
PLAN-20260206-L02,2026-02-06,P01,L02,PRD-063,78652,82062,0.958,v1,PLN-006,APS
PLAN-20260206-L03,2026-02-06,P02,L03,PRD-012,47820,52992,0.902,v2,PLN-003,APS
PLAN-20260206-L04,2026-02-06,P02,L04,PRD-002,26137,34380,0.76,v2,PLN-003,APS
PLAN-20260206-L05,2026-02-06,P03,L05,PRD-015,40762,44946,0.907,v2,PLN-007,APS
PLAN-20260206-L06,2026-02-06,P03,L06,PRD-067,73207,84438,0.867,v2,PLN-004,APS
PLAN-20260207-L01,2026-02-07,P01,L01,PRD-032,37035,58068,0.638,v3,PLN-009,APS
PLAN-20260207-L02,2026-02-07,P01,L02,PRD-039,61582,82062,0.75,v1,PLN-005,APS
PLAN-20260207-L03,2026-02-07,P02,L03,PRD-019,34496,52992,0.651,v2,PLN-009,APS
PLAN-20260207-L04,2026-02-07,P02,L04,PRD-036,23653,34380,0.688,v1,PLN-004,APS
PLAN-20260207-L05,2026-02-07,P03,L05,PRD-075,25395,44946,0.565,v1,PLN-005,APS
PLAN-20260207-L06,2026-02-07,P03,L06,PRD-078,62353,84438,0.738,v2,PLN-005,APS
PLAN-20260208-L01,2026-02-08,P01,L01,PRD-080,41630,58068,0.717,v2,PLN-010,APS
PLAN-20260208-L02,2026-02-08,P01,L02,PRD-069,53222,82062,0.649,v2,PLN-012,APS
PLAN-20260208-L03,2026-02-08,P02,L03,PRD-075,31803,52992,0.6,v2,PLN-004,APS
PLAN-20260208-L04,2026-02-08,P02,L04,PRD-072,25681,34380,0.747,v2,PLN-011,APS
PLAN-20260208-L05,2026-02-08,P03,L05,PRD-064,25331,44946,0.564,v3,PLN-010,APS
PLAN-20260208-L06,2026-02-08,P03,L06,PRD-070,55740,84438,0.66,v1,PLN-004,APS
PLAN-20260209-L01,2026-02-09,P01,L01,PRD-077,42968,58068,0.74,v1,PLN-005,APS
PLAN-20260209-L02,2026-02-09,P01,L02,PRD-064,68840,82062,0.839,v1,PLN-008,APS
PLAN-20260209-L03,2026-02-09,P02,L03,PRD-050,48670,52992,0.918,v1,PLN-004,APS
PLAN-20260209-L04,2026-02-09,P02,L04,PRD-049,30549,34380,0.889,v2,PLN-003,APS
PLAN-20260209-L05,2026-02-09,P03,L05,PRD-079,36988,44946,0.823,v3,PLN-003,APS
PLAN-20260209-L06,2026-02-09,P03,L06,PRD-071,77419,84438,0.917,v1,PLN-011,APS
PLAN-20260210-L01,2026-02-10,P01,L01,PRD-050,43563,58068,0.75,v2,PLN-010,APS
PLAN-20260210-L02,2026-02-10,P01,L02,PRD-069,79941,82062,0.974,v3,PLN-002,APS
PLAN-20260210-L03,2026-02-10,P02,L03,PRD-015,47871,52992,0.903,v1,PLN-003,APS
PLAN-20260210-L04,2026-02-10,P02,L04,PRD-039,32492,34380,0.945,v2,PLN-009,APS
PLAN-20260210-L05,2026-02-10,P03,L05,PRD-064,36900,44946,0.821,v2,PLN-004,APS
PLAN-20260210-L06,2026-02-10,P03,L06,PRD-009,72943,84438,0.864,v3,PLN-004,APS
PLAN-20260211-L01,2026-02-11,P01,L01,PRD-064,43528,58068,0.75,v2,PLN-002,APS
PLAN-20260211-L02,2026-02-11,P01,L02,PRD-051,67266,82062,0.82,v2,PLN-008,APS
PLAN-20260211-L03,2026-02-11,P02,L03,PRD-012,41898,52992,0.791,v1,PLN-003,APS
PLAN-20260211-L04,2026-02-11,P02,L04,PRD-002,27996,34380,0.814,v3,PLN-010,APS
PLAN-20260211-L05,2026-02-11,P03,L05,PRD-055,37473,44946,0.834,v1,PLN-006,APS
PLAN-20260211-L06,2026-02-11,P03,L06,PRD-080,76781,84438,0.909,v2,PLN-011,APS
PLAN-20260212-L01,2026-02-12,P01,L01,PRD-051,43512,58068,0.749,v2,PLN-008,APS
PLAN-20260212-L02,2026-02-12,P01,L02,PRD-045,64531,82062,0.786,v1,PLN-003,APS
PLAN-20260212-L03,2026-02-12,P02,L03,PRD-071,44942,52992,0.848,v3,PLN-004,APS
PLAN-20260212-L04,2026-02-12,P02,L04,PRD-031,31788,34380,0.925,v2,PLN-008,APS
PLAN-20260212-L05,2026-02-12,P03,L05,PRD-052,32546,44946,0.724,v1,PLN-008,APS
PLAN-20260212-L06,2026-02-12,P03,L06,PRD-051,63262,84438,0.749,v2,PLN-003,APS
PLAN-20260213-L01,2026-02-13,P01,L01,PRD-060,52290,58068,0.9,v2,PLN-011,APS
PLAN-20260213-L02,2026-02-13,P01,L02,PRD-022,59852,82062,0.729,v3,PLN-011,APS
PLAN-20260213-L03,2026-02-13,P02,L03,PRD-023,40598,52992,0.766,v1,PLN-010,APS
PLAN-20260213-L04,2026-02-13,P02,L04,PRD-052,29352,34380,0.854,v2,PLN-007,APS
PLAN-20260213-L05,2026-02-13,P03,L05,PRD-054,34243,44946,0.762,v2,PLN-004,APS
PLAN-20260213-L06,2026-02-13,P03,L06,PRD-071,62167,84438,0.736,v2,PLN-003,APS
PLAN-20260214-L01,2026-02-14,P01,L01,PRD-029,38158,58068,0.657,v3,PLN-007,APS
PLAN-20260214-L02,2026-02-14,P01,L02,PRD-051,46585,82062,0.568,v1,PLN-006,APS
PLAN-20260214-L03,2026-02-14,P02,L03,PRD-017,36154,52992,0.682,v3,PLN-010,APS
PLAN-20260214-L04,2026-02-14,P02,L04,PRD-051,25272,34380,0.735,v1,PLN-007,APS
PLAN-20260214-L05,2026-02-14,P03,L05,PRD-044,29809,44946,0.663,v1,PLN-008,APS
PLAN-20260214-L06,2026-02-14,P03,L06,PRD-071,48902,84438,0.579,v3,PLN-006,APS
PLAN-20260215-L01,2026-02-15,P01,L01,PRD-001,35254,58068,0.607,v2,PLN-008,APS
PLAN-20260215-L02,2026-02-15,P01,L02,PRD-071,48550,82062,0.592,v2,PLN-009,APS
PLAN-20260215-L03,2026-02-15,P02,L03,PRD-075,36874,52992,0.696,v2,PLN-012,APS
PLAN-20260215-L04,2026-02-15,P02,L04,PRD-021,21454,34380,0.624,v1,PLN-001,APS
PLAN-20260215-L05,2026-02-15,P03,L05,PRD-056,29044,44946,0.646,v1,PLN-005,APS
PLAN-20260215-L06,2026-02-15,P03,L06,PRD-071,56794,84438,0.673,v3,PLN-007,APS
PLAN-20260216-L01,2026-02-16,P01,L01,PRD-009,47024,58068,0.81,v3,PLN-012,APS
PLAN-20260216-L02,2026-02-16,P01,L02,PRD-022,60099,82062,0.732,v1,PLN-003,APS
PLAN-20260216-L03,2026-02-16,P02,L03,PRD-069,44995,52992,0.849,v1,PLN-008,APS
PLAN-20260216-L04,2026-02-16,P02,L04,PRD-031,33019,34380,0.96,v2,PLN-002,APS
PLAN-20260216-L05,2026-02-16,P03,L05,PRD-019,38106,44946,0.848,v1,PLN-006,APS
PLAN-20260216-L06,2026-02-16,P03,L06,PRD-051,74697,84438,0.885,v2,PLN-011,APS
PLAN-20260217-L01,2026-02-17,P01,L01,PRD-029,47542,58068,0.819,v1,PLN-012,APS
PLAN-20260217-L02,2026-02-17,P01,L02,PRD-004,59394,82062,0.724,v2,PLN-004,APS
PLAN-20260217-L03,2026-02-17,P02,L03,PRD-066,47792,52992,0.902,v1,PLN-004,APS
PLAN-20260217-L04,2026-02-17,P02,L04,PRD-078,31013,34380,0.902,v1,PLN-009,APS
PLAN-20260217-L05,2026-02-17,P03,L05,PRD-040,37440,44946,0.833,v1,PLN-005,APS
PLAN-20260217-L06,2026-02-17,P03,L06,PRD-009,78138,84438,0.925,v3,PLN-004,APS
PLAN-20260218-L01,2026-02-18,P01,L01,PRD-044,48583,58068,0.837,v3,PLN-011,APS
PLAN-20260218-L02,2026-02-18,P01,L02,PRD-008,71592,82062,0.872,v3,PLN-006,APS
PLAN-20260218-L03,2026-02-18,P02,L03,PRD-075,42870,52992,0.809,v1,PLN-010,APS
PLAN-20260218-L04,2026-02-18,P02,L04,PRD-005,31185,34380,0.907,v3,PLN-003,APS
PLAN-20260218-L05,2026-02-18,P03,L05,PRD-056,37320,44946,0.83,v3,PLN-006,APS
PLAN-20260218-L06,2026-02-18,P03,L06,PRD-042,65482,84438,0.776,v3,PLN-010,APS
PLAN-20260219-L01,2026-02-19,P01,L01,PRD-077,50630,58068,0.872,v2,PLN-003,APS
PLAN-20260219-L02,2026-02-19,P01,L02,PRD-066,66487,82062,0.81,v3,PLN-004,APS
PLAN-20260219-L03,2026-02-19,P02,L03,PRD-069,48550,52992,0.916,v2,PLN-006,APS
PLAN-20260219-L04,2026-02-19,P02,L04,PRD-039,26031,34380,0.757,v1,PLN-005,APS
PLAN-20260219-L05,2026-02-19,P03,L05,PRD-078,33755,44946,0.751,v3,PLN-004,APS
PLAN-20260219-L06,2026-02-19,P03,L06,PRD-015,65937,84438,0.781,v2,PLN-011,APS
PLAN-20260220-L01,2026-02-20,P01,L01,PRD-031,53807,58068,0.927,v2,PLN-003,APS
PLAN-20260220-L02,2026-02-20,P01,L02,PRD-037,63430,82062,0.773,v3,PLN-005,APS
PLAN-20260220-L03,2026-02-20,P02,L03,PRD-048,46199,52992,0.872,v1,PLN-006,APS
PLAN-20260220-L04,2026-02-20,P02,L04,PRD-072,24534,34380,0.714,v2,PLN-007,APS
PLAN-20260220-L05,2026-02-20,P03,L05,PRD-049,39056,44946,0.869,v2,PLN-003,APS
PLAN-20260220-L06,2026-02-20,P03,L06,PRD-013,70244,84438,0.832,v3,PLN-008,APS
PLAN-20260221-L01,2026-02-21,P01,L01,PRD-023,40109,58068,0.691,v2,PLN-005,APS
PLAN-20260221-L02,2026-02-21,P01,L02,PRD-075,46798,82062,0.57,v1,PLN-010,APS
PLAN-20260221-L03,2026-02-21,P02,L03,PRD-075,34706,52992,0.655,v2,PLN-010,APS
PLAN-20260221-L04,2026-02-21,P02,L04,PRD-072,22728,34380,0.661,v2,PLN-005,APS
PLAN-20260221-L05,2026-02-21,P03,L05,PRD-015,30575,44946,0.68,v3,PLN-009,APS
PLAN-20260221-L06,2026-02-21,P03,L06,PRD-080,55406,84438,0.656,v2,PLN-012,APS
PLAN-20260222-L01,2026-02-22,P01,L01,PRD-077,31911,58068,0.55,v3,PLN-004,APS
PLAN-20260222-L02,2026-02-22,P01,L02,PRD-024,57910,82062,0.706,v3,PLN-012,APS
PLAN-20260222-L03,2026-02-22,P02,L03,PRD-042,32333,52992,0.61,v3,PLN-006,APS
PLAN-20260222-L04,2026-02-22,P02,L04,PRD-029,23358,34380,0.679,v1,PLN-001,APS
PLAN-20260222-L05,2026-02-22,P03,L05,PRD-078,31997,44946,0.712,v3,PLN-006,APS
PLAN-20260222-L06,2026-02-22,P03,L06,PRD-013,46361,84438,0.549,v2,PLN-003,APS
PLAN-20260223-L01,2026-02-23,P01,L01,PRD-052,50643,58068,0.872,v3,PLN-010,APS
PLAN-20260223-L02,2026-02-23,P01,L02,PRD-004,66869,82062,0.815,v1,PLN-008,APS
PLAN-20260223-L03,2026-02-23,P02,L03,PRD-050,50055,52992,0.945,v3,PLN-009,APS
PLAN-20260223-L04,2026-02-23,P02,L04,PRD-005,28689,34380,0.834,v1,PLN-007,APS
PLAN-20260223-L05,2026-02-23,P03,L05,PRD-009,35428,44946,0.788,v1,PLN-004,APS
PLAN-20260223-L06,2026-02-23,P03,L06,PRD-013,72475,84438,0.858,v3,PLN-012,APS
PLAN-20260224-L01,2026-02-24,P01,L01,PRD-031,46711,58068,0.804,v2,PLN-001,APS
PLAN-20260224-L02,2026-02-24,P01,L02,PRD-069,64421,82062,0.785,v2,PLN-001,APS
PLAN-20260224-L03,2026-02-24,P02,L03,PRD-022,38243,52992,0.722,v2,PLN-003,APS
PLAN-20260224-L04,2026-02-24,P02,L04,PRD-037,24521,34380,0.713,v1,PLN-003,APS
PLAN-20260224-L05,2026-02-24,P03,L05,PRD-049,39335,44946,0.875,v3,PLN-012,APS
PLAN-20260224-L06,2026-02-24,P03,L06,PRD-010,72565,84438,0.859,v2,PLN-005,APS
PLAN-20260225-L01,2026-02-25,P01,L01,PRD-009,45226,58068,0.779,v2,PLN-010,APS
PLAN-20260225-L02,2026-02-25,P01,L02,PRD-001,67329,82062,0.82,v1,PLN-001,APS
PLAN-20260225-L03,2026-02-25,P02,L03,PRD-070,42441,52992,0.801,v3,PLN-007,APS
PLAN-20260225-L04,2026-02-25,P02,L04,PRD-037,26455,34380,0.769,v1,PLN-005,APS
PLAN-20260225-L05,2026-02-25,P03,L05,PRD-008,36823,44946,0.819,v1,PLN-010,APS
PLAN-20260225-L06,2026-02-25,P03,L06,PRD-066,76761,84438,0.909,v1,PLN-009,APS
PLAN-20260226-L01,2026-02-26,P01,L01,PRD-066,49231,58068,0.848,v2,PLN-001,APS
PLAN-20260226-L02,2026-02-26,P01,L02,PRD-061,68635,82062,0.836,v3,PLN-001,APS
PLAN-20260226-L03,2026-02-26,P02,L03,PRD-015,43295,52992,0.817,v3,PLN-004,APS
PLAN-20260226-L04,2026-02-26,P02,L04,PRD-023,27733,34380,0.807,v3,PLN-012,APS
PLAN-20260226-L05,2026-02-26,P03,L05,PRD-033,35533,44946,0.791,v1,PLN-008,APS
PLAN-20260226-L06,2026-02-26,P03,L06,PRD-024,59418,84438,0.704,v3,PLN-010,APS
PLAN-20260227-L01,2026-02-27,P01,L01,PRD-029,42243,58068,0.727,v1,PLN-010,APS
PLAN-20260227-L02,2026-02-27,P01,L02,PRD-060,72782,82062,0.887,v1,PLN-012,APS
PLAN-20260227-L03,2026-02-27,P02,L03,PRD-023,42317,52992,0.799,v2,PLN-003,APS
PLAN-20260227-L04,2026-02-27,P02,L04,PRD-077,31705,34380,0.922,v1,PLN-008,APS
PLAN-20260227-L05,2026-02-27,P03,L05,PRD-013,41654,44946,0.927,v1,PLN-012,APS
PLAN-20260227-L06,2026-02-27,P03,L06,PRD-067,67801,84438,0.803,v2,PLN-004,APS
PLAN-20260228-L01,2026-02-28,P01,L01,PRD-029,36167,58068,0.623,v1,PLN-005,APS
PLAN-20260228-L02,2026-02-28,P01,L02,PRD-022,57721,82062,0.703,v3,PLN-002,APS
PLAN-20260228-L03,2026-02-28,P02,L03,PRD-071,34426,52992,0.65,v1,PLN-002,APS
PLAN-20260228-L04,2026-02-28,P02,L04,PRD-036,23999,34380,0.698,v1,PLN-001,APS
PLAN-20260228-L05,2026-02-28,P03,L05,PRD-022,24443,44946,0.544,v2,PLN-004,APS
PLAN-20260228-L06,2026-02-28,P03,L06,PRD-024,45994,84438,0.545,v3,PLN-003,APS
PLAN-20260301-L01,2026-03-01,P01,L01,PRD-020,34590,58068,0.596,v2,PLN-006,APS
PLAN-20260301-L02,2026-03-01,P01,L02,PRD-062,49230,82062,0.6,v2,PLN-003,APS
PLAN-20260301-L03,2026-03-01,P02,L03,PRD-073,29679,52992,0.56,v3,PLN-008,APS
PLAN-20260301-L04,2026-03-01,P02,L04,PRD-066,20987,34380,0.61,v1,PLN-001,APS
PLAN-20260301-L05,2026-03-01,P03,L05,PRD-012,30261,44946,0.673,v3,PLN-011,APS
PLAN-20260301-L06,2026-03-01,P03,L06,PRD-037,45152,84438,0.535,v3,PLN-009,APS
PLAN-20260302-L01,2026-03-02,P01,L01,PRD-079,41921,58068,0.722,v2,PLN-012,APS
PLAN-20260302-L02,2026-03-02,P01,L02,PRD-036,64019,82062,0.78,v1,PLN-006,APS
PLAN-20260302-L03,2026-03-02,P02,L03,PRD-027,47502,52992,0.896,v1,PLN-001,APS
PLAN-20260302-L04,2026-03-02,P02,L04,PRD-051,30853,34380,0.897,v2,PLN-001,APS
PLAN-20260302-L05,2026-03-02,P03,L05,PRD-009,38222,44946,0.85,v1,PLN-010,APS
PLAN-20260302-L06,2026-03-02,P03,L06,PRD-067,73731,84438,0.873,v1,PLN-010,APS
PLAN-20260303-L01,2026-03-03,P01,L01,PRD-016,43748,58068,0.753,v3,PLN-002,APS
PLAN-20260303-L02,2026-03-03,P01,L02,PRD-039,67447,82062,0.822,v3,PLN-011,APS
PLAN-20260303-L03,2026-03-03,P02,L03,PRD-069,38067,52992,0.718,v3,PLN-003,APS
PLAN-20260303-L04,2026-03-03,P02,L04,PRD-002,30422,34380,0.885,v3,PLN-008,APS
PLAN-20260303-L05,2026-03-03,P03,L05,PRD-054,37813,44946,0.841,v2,PLN-007,APS
PLAN-20260303-L06,2026-03-03,P03,L06,PRD-045,77112,84438,0.913,v2,PLN-008,APS
PLAN-20260304-L01,2026-03-04,P01,L01,PRD-023,48181,58068,0.83,v2,PLN-003,APS
PLAN-20260304-L02,2026-03-04,P01,L02,PRD-005,59542,82062,0.726,v2,PLN-011,APS
PLAN-20260304-L03,2026-03-04,P02,L03,PRD-024,48292,52992,0.911,v3,PLN-002,APS
PLAN-20260304-L04,2026-03-04,P02,L04,PRD-006,30474,34380,0.886,v1,PLN-001,APS
PLAN-20260304-L05,2026-03-04,P03,L05,PRD-063,39952,44946,0.889,v3,PLN-011,APS
PLAN-20260304-L06,2026-03-04,P03,L06,PRD-022,74351,84438,0.881,v3,PLN-008,APS
PLAN-20260305-L01,2026-03-05,P01,L01,PRD-064,46495,58068,0.801,v2,PLN-001,APS
PLAN-20260305-L02,2026-03-05,P01,L02,PRD-060,70292,82062,0.857,v2,PLN-010,APS
PLAN-20260305-L03,2026-03-05,P02,L03,PRD-003,48455,52992,0.914,v1,PLN-010,APS
PLAN-20260305-L04,2026-03-05,P02,L04,PRD-003,23351,34380,0.679,v1,PLN-012,APS
PLAN-20260305-L05,2026-03-05,P03,L05,PRD-010,37804,44946,0.841,v1,PLN-001,APS
PLAN-20260305-L06,2026-03-05,P03,L06,PRD-080,62812,84438,0.744,v3,PLN-003,APS
PLAN-20260306-L01,2026-03-06,P01,L01,PRD-007,49879,58068,0.859,v2,PLN-002,APS
PLAN-20260306-L02,2026-03-06,P01,L02,PRD-029,62635,82062,0.763,v1,PLN-011,APS
PLAN-20260306-L03,2026-03-06,P02,L03,PRD-002,41163,52992,0.777,v2,PLN-011,APS
PLAN-20260306-L04,2026-03-06,P02,L04,PRD-051,25105,34380,0.73,v3,PLN-009,APS
PLAN-20260306-L05,2026-03-06,P03,L05,PRD-013,35201,44946,0.783,v2,PLN-010,APS
PLAN-20260306-L06,2026-03-06,P03,L06,PRD-062,58658,84438,0.695,v2,PLN-008,APS
PLAN-20260307-L01,2026-03-07,P01,L01,PRD-001,31271,58068,0.539,v3,PLN-005,APS
PLAN-20260307-L02,2026-03-07,P01,L02,PRD-037,43826,82062,0.534,v2,PLN-003,APS
PLAN-20260307-L03,2026-03-07,P02,L03,PRD-071,31586,52992,0.596,v2,PLN-001,APS
PLAN-20260307-L04,2026-03-07,P02,L04,PRD-005,23201,34380,0.675,v2,PLN-003,APS
PLAN-20260307-L05,2026-03-07,P03,L05,PRD-043,26699,44946,0.594,v2,PLN-007,APS
PLAN-20260307-L06,2026-03-07,P03,L06,PRD-074,57079,84438,0.676,v2,PLN-011,APS
PLAN-20260308-L01,2026-03-08,P01,L01,PRD-023,38010,58068,0.655,v1,PLN-003,APS
PLAN-20260308-L02,2026-03-08,P01,L02,PRD-037,42117,82062,0.513,v1,PLN-003,APS
PLAN-20260308-L03,2026-03-08,P02,L03,PRD-019,30388,52992,0.573,v3,PLN-006,APS
PLAN-20260308-L04,2026-03-08,P02,L04,PRD-035,22388,34380,0.651,v1,PLN-005,APS
PLAN-20260308-L05,2026-03-08,P03,L05,PRD-063,29236,44946,0.65,v2,PLN-002,APS
PLAN-20260308-L06,2026-03-08,P03,L06,PRD-067,50827,84438,0.602,v1,PLN-012,APS
PLAN-20260309-L01,2026-03-09,P01,L01,PRD-050,39913,58068,0.687,v3,PLN-004,APS
PLAN-20260309-L02,2026-03-09,P01,L02,PRD-063,70620,82062,0.861,v1,PLN-009,APS
PLAN-20260309-L03,2026-03-09,P02,L03,PRD-002,36944,52992,0.697,v2,PLN-005,APS
PLAN-20260309-L04,2026-03-09,P02,L04,PRD-005,25735,34380,0.749,v2,PLN-007,APS
PLAN-20260309-L05,2026-03-09,P03,L05,PRD-062,39853,44946,0.887,v3,PLN-007,APS
PLAN-20260309-L06,2026-03-09,P03,L06,PRD-064,68740,84438,0.814,v2,PLN-006,APS
PLAN-20260310-L01,2026-03-10,P01,L01,PRD-061,40473,58068,0.697,v1,PLN-004,APS
PLAN-20260310-L02,2026-03-10,P01,L02,PRD-045,66637,82062,0.812,v3,PLN-004,APS
PLAN-20260310-L03,2026-03-10,P02,L03,PRD-069,45884,52992,0.866,v1,PLN-008,APS
PLAN-20260310-L04,2026-03-10,P02,L04,PRD-011,31401,34380,0.913,v2,PLN-005,APS
PLAN-20260310-L05,2026-03-10,P03,L05,PRD-075,38312,44946,0.852,v2,PLN-006,APS
PLAN-20260310-L06,2026-03-10,P03,L06,PRD-035,58809,84438,0.696,v1,PLN-009,APS
PLAN-20260311-L01,2026-03-11,P01,L01,PRD-031,51272,58068,0.883,v2,PLN-003,APS
PLAN-20260311-L02,2026-03-11,P01,L02,PRD-064,58611,82062,0.714,v3,PLN-005,APS
PLAN-20260311-L03,2026-03-11,P02,L03,PRD-042,35825,52992,0.676,v2,PLN-010,APS
PLAN-20260311-L04,2026-03-11,P02,L04,PRD-023,23020,34380,0.67,v3,PLN-012,APS
PLAN-20260311-L05,2026-03-11,P03,L05,PRD-020,40783,44946,0.907,v2,PLN-002,APS
PLAN-20260311-L06,2026-03-11,P03,L06,PRD-045,61647,84438,0.73,v3,PLN-006,APS
PLAN-20260312-L01,2026-03-12,P01,L01,PRD-032,46323,58068,0.798,v3,PLN-009,APS
PLAN-20260312-L02,2026-03-12,P01,L02,PRD-002,64181,82062,0.782,v1,PLN-011,APS
PLAN-20260312-L03,2026-03-12,P02,L03,PRD-058,37101,52992,0.7,v2,PLN-004,APS
PLAN-20260312-L04,2026-03-12,P02,L04,PRD-048,24640,34380,0.717,v3,PLN-006,APS
PLAN-20260312-L05,2026-03-12,P03,L05,PRD-012,36445,44946,0.811,v1,PLN-012,APS
PLAN-20260312-L06,2026-03-12,P03,L06,PRD-056,74383,84438,0.881,v3,PLN-003,APS
PLAN-20260313-L01,2026-03-13,P01,L01,PRD-074,51014,58068,0.879,v2,PLN-004,APS
PLAN-20260313-L02,2026-03-13,P01,L02,PRD-024,69527,82062,0.847,v3,PLN-003,APS
PLAN-20260313-L03,2026-03-13,P02,L03,PRD-063,37495,52992,0.708,v1,PLN-004,APS
PLAN-20260313-L04,2026-03-13,P02,L04,PRD-067,23880,34380,0.695,v2,PLN-009,APS
PLAN-20260313-L05,2026-03-13,P03,L05,PRD-029,33044,44946,0.735,v3,PLN-011,APS
PLAN-20260313-L06,2026-03-13,P03,L06,PRD-064,56559,84438,0.67,v1,PLN-012,APS
PLAN-20260314-L01,2026-03-14,P01,L01,PRD-072,29636,58068,0.51,v3,PLN-008,APS
PLAN-20260314-L02,2026-03-14,P01,L02,PRD-030,46739,82062,0.57,v1,PLN-006,APS
PLAN-20260314-L03,2026-03-14,P02,L03,PRD-037,30832,52992,0.582,v1,PLN-004,APS
PLAN-20260314-L04,2026-03-14,P02,L04,PRD-031,23169,34380,0.674,v3,PLN-003,APS
PLAN-20260314-L05,2026-03-14,P03,L05,PRD-043,24403,44946,0.543,v1,PLN-008,APS
PLAN-20260314-L06,2026-03-14,P03,L06,PRD-045,53611,84438,0.635,v1,PLN-008,APS
PLAN-20260315-L01,2026-03-15,P01,L01,PRD-023,29666,58068,0.511,v2,PLN-001,APS
PLAN-20260315-L02,2026-03-15,P01,L02,PRD-051,50796,82062,0.619,v1,PLN-002,APS
PLAN-20260315-L03,2026-03-15,P02,L03,PRD-071,29517,52992,0.557,v1,PLN-008,APS
PLAN-20260315-L04,2026-03-15,P02,L04,PRD-023,18118,34380,0.527,v3,PLN-007,APS
PLAN-20260315-L05,2026-03-15,P03,L05,PRD-040,25965,44946,0.578,v1,PLN-006,APS
PLAN-20260315-L06,2026-03-15,P03,L06,PRD-043,44595,84438,0.528,v3,PLN-001,APS
PLAN-20260316-L01,2026-03-16,P01,L01,PRD-051,46588,58068,0.802,v2,PLN-006,APS
PLAN-20260316-L02,2026-03-16,P01,L02,PRD-035,54509,82062,0.664,v3,PLN-004,APS
PLAN-20260316-L03,2026-03-16,P02,L03,PRD-070,43020,52992,0.812,v2,PLN-009,APS
PLAN-20260316-L04,2026-03-16,P02,L04,PRD-032,27271,34380,0.793,v2,PLN-001,APS
PLAN-20260316-L05,2026-03-16,P03,L05,PRD-063,32199,44946,0.716,v2,PLN-001,APS
PLAN-20260316-L06,2026-03-16,P03,L06,PRD-006,61705,84438,0.731,v2,PLN-007,APS
PLAN-20260317-L01,2026-03-17,P01,L01,PRD-079,41729,58068,0.719,v3,PLN-001,APS
PLAN-20260317-L02,2026-03-17,P01,L02,PRD-036,67473,82062,0.822,v3,PLN-007,APS
PLAN-20260317-L03,2026-03-17,P02,L03,PRD-077,41544,52992,0.784,v2,PLN-001,APS
PLAN-20260317-L04,2026-03-17,P02,L04,PRD-003,23532,34380,0.684,v2,PLN-011,APS
PLAN-20260317-L05,2026-03-17,P03,L05,PRD-073,39991,44946,0.89,v2,PLN-004,APS
PLAN-20260317-L06,2026-03-17,P03,L06,PRD-054,65758,84438,0.779,v1,PLN-010,APS
PLAN-20260318-L01,2026-03-18,P01,L01,PRD-051,48553,58068,0.836,v3,PLN-011,APS
PLAN-20260318-L02,2026-03-18,P01,L02,PRD-035,70775,82062,0.862,v1,PLN-007,APS
PLAN-20260318-L03,2026-03-18,P02,L03,PRD-019,39578,52992,0.747,v2,PLN-009,APS
PLAN-20260318-L04,2026-03-18,P02,L04,PRD-059,24846,34380,0.723,v2,PLN-002,APS
PLAN-20260318-L05,2026-03-18,P03,L05,PRD-020,39131,44946,0.871,v2,PLN-007,APS
PLAN-20260318-L06,2026-03-18,P03,L06,PRD-006,64160,84438,0.76,v2,PLN-009,APS
PLAN-20260319-L01,2026-03-19,P01,L01,PRD-009,47336,58068,0.815,v1,PLN-007,APS
PLAN-20260319-L02,2026-03-19,P01,L02,PRD-066,65976,82062,0.804,v2,PLN-002,APS
PLAN-20260319-L03,2026-03-19,P02,L03,PRD-073,41949,52992,0.792,v3,PLN-003,APS
PLAN-20260319-L04,2026-03-19,P02,L04,PRD-062,25026,34380,0.728,v1,PLN-009,APS
PLAN-20260319-L05,2026-03-19,P03,L05,PRD-079,31858,44946,0.709,v1,PLN-005,APS
PLAN-20260319-L06,2026-03-19,P03,L06,PRD-035,61578,84438,0.729,v1,PLN-007,APS
PLAN-20260320-L01,2026-03-20,P01,L01,PRD-029,47794,58068,0.823,v3,PLN-004,APS
PLAN-20260320-L02,2026-03-20,P01,L02,PRD-045,72153,82062,0.879,v1,PLN-011,APS
PLAN-20260320-L03,2026-03-20,P02,L03,PRD-057,45660,52992,0.862,v2,PLN-003,APS
PLAN-20260320-L04,2026-03-20,P02,L04,PRD-077,26154,34380,0.761,v3,PLN-002,APS
PLAN-20260320-L05,2026-03-20,P03,L05,PRD-071,34536,44946,0.768,v2,PLN-002,APS
PLAN-20260320-L06,2026-03-20,P03,L06,PRD-045,72974,84438,0.864,v3,PLN-006,APS
PLAN-20260321-L01,2026-03-21,P01,L01,PRD-059,29644,58068,0.511,v2,PLN-006,APS
PLAN-20260321-L02,2026-03-21,P01,L02,PRD-011,43334,82062,0.528,v1,PLN-009,APS
PLAN-20260321-L03,2026-03-21,P02,L03,PRD-002,32114,52992,0.606,v3,PLN-012,APS
PLAN-20260321-L04,2026-03-21,P02,L04,PRD-010,18970,34380,0.552,v2,PLN-007,APS
PLAN-20260321-L05,2026-03-21,P03,L05,PRD-064,27694,44946,0.616,v1,PLN-005,APS
PLAN-20260321-L06,2026-03-21,P03,L06,PRD-043,52691,84438,0.624,v2,PLN-003,APS
PLAN-20260322-L01,2026-03-22,P01,L01,PRD-028,31840,58068,0.548,v3,PLN-005,APS
PLAN-20260322-L02,2026-03-22,P01,L02,PRD-024,43720,82062,0.533,v2,PLN-007,APS
PLAN-20260322-L03,2026-03-22,P02,L03,PRD-027,26887,52992,0.507,v1,PLN-006,APS
PLAN-20260322-L04,2026-03-22,P02,L04,PRD-042,19175,34380,0.558,v3,PLN-008,APS
PLAN-20260322-L05,2026-03-22,P03,L05,PRD-039,28103,44946,0.625,v2,PLN-002,APS
PLAN-20260322-L06,2026-03-22,P03,L06,PRD-024,42529,84438,0.504,v3,PLN-005,APS
PLAN-20260323-L01,2026-03-23,P01,L01,PRD-080,41803,58068,0.72,v1,PLN-009,APS
PLAN-20260323-L02,2026-03-23,P01,L02,PRD-020,56228,82062,0.685,v3,PLN-011,APS
PLAN-20260323-L03,2026-03-23,P02,L03,PRD-048,37527,52992,0.708,v3,PLN-010,APS
PLAN-20260323-L04,2026-03-23,P02,L04,PRD-066,29483,34380,0.858,v2,PLN-004,APS
PLAN-20260323-L05,2026-03-23,P03,L05,PRD-019,32017,44946,0.712,v3,PLN-011,APS
PLAN-20260323-L06,2026-03-23,P03,L06,PRD-040,58207,84438,0.689,v1,PLN-003,APS
PLAN-20260324-L01,2026-03-24,P01,L01,PRD-020,45736,58068,0.788,v3,PLN-005,APS
PLAN-20260324-L02,2026-03-24,P01,L02,PRD-017,68017,82062,0.829,v3,PLN-009,APS
PLAN-20260324-L03,2026-03-24,P02,L03,PRD-077,34213,52992,0.646,v2,PLN-008,APS
PLAN-20260324-L04,2026-03-24,P02,L04,PRD-002,22723,34380,0.661,v3,PLN-003,APS
PLAN-20260324-L05,2026-03-24,P03,L05,PRD-044,35222,44946,0.784,v1,PLN-011,APS
PLAN-20260324-L06,2026-03-24,P03,L06,PRD-012,73688,84438,0.873,v3,PLN-009,APS
PLAN-20260325-L01,2026-03-25,P01,L01,PRD-078,48332,58068,0.832,v3,PLN-011,APS
PLAN-20260325-L02,2026-03-25,P01,L02,PRD-069,62286,82062,0.759,v1,PLN-003,APS
PLAN-20260325-L03,2026-03-25,P02,L03,PRD-075,40197,52992,0.759,v2,PLN-011,APS
PLAN-20260325-L04,2026-03-25,P02,L04,PRD-079,25147,34380,0.731,v2,PLN-004,APS
PLAN-20260325-L05,2026-03-25,P03,L05,PRD-010,38293,44946,0.852,v3,PLN-006,APS
PLAN-20260325-L06,2026-03-25,P03,L06,PRD-004,62933,84438,0.745,v1,PLN-009,APS
PLAN-20260326-L01,2026-03-26,P01,L01,PRD-050,47168,58068,0.812,v1,PLN-008,APS
PLAN-20260326-L02,2026-03-26,P01,L02,PRD-079,61741,82062,0.752,v3,PLN-001,APS
PLAN-20260326-L03,2026-03-26,P02,L03,PRD-070,45773,52992,0.864,v3,PLN-007,APS
PLAN-20260326-L04,2026-03-26,P02,L04,PRD-006,28978,34380,0.843,v2,PLN-005,APS
PLAN-20260326-L05,2026-03-26,P03,L05,PRD-050,29018,44946,0.646,v3,PLN-010,APS
PLAN-20260326-L06,2026-03-26,P03,L06,PRD-042,67514,84438,0.8,v1,PLN-004,APS
PLAN-20260327-L01,2026-03-27,P01,L01,PRD-052,42476,58068,0.731,v3,PLN-001,APS
PLAN-20260327-L02,2026-03-27,P01,L02,PRD-008,63335,82062,0.772,v3,PLN-002,APS
PLAN-20260327-L03,2026-03-27,P02,L03,PRD-040,42642,52992,0.805,v2,PLN-004,APS
PLAN-20260327-L04,2026-03-27,P02,L04,PRD-067,28188,34380,0.82,v3,PLN-001,APS
PLAN-20260327-L05,2026-03-27,P03,L05,PRD-062,36789,44946,0.819,v2,PLN-005,APS
PLAN-20260327-L06,2026-03-27,P03,L06,PRD-067,58828,84438,0.697,v2,PLN-005,APS
PLAN-20260328-L01,2026-03-28,P01,L01,PRD-037,37206,58068,0.641,v1,PLN-012,APS
PLAN-20260328-L02,2026-03-28,P01,L02,PRD-005,45822,82062,0.558,v3,PLN-005,APS
PLAN-20260328-L03,2026-03-28,P02,L03,PRD-075,31478,52992,0.594,v2,PLN-008,APS
PLAN-20260328-L04,2026-03-28,P02,L04,PRD-037,17041,34380,0.496,v2,PLN-009,APS
PLAN-20260328-L05,2026-03-28,P03,L05,PRD-080,27558,44946,0.613,v2,PLN-002,APS
PLAN-20260328-L06,2026-03-28,P03,L06,PRD-006,43684,84438,0.517,v3,PLN-002,APS
PLAN-20260329-L01,2026-03-29,P01,L01,PRD-023,29342,58068,0.505,v2,PLN-010,APS
PLAN-20260329-L02,2026-03-29,P01,L02,PRD-024,48507,82062,0.591,v1,PLN-006,APS
PLAN-20260329-L03,2026-03-29,P02,L03,PRD-058,27741,52992,0.523,v3,PLN-008,APS
PLAN-20260329-L04,2026-03-29,P02,L04,PRD-017,17056,34380,0.496,v3,PLN-003,APS
PLAN-20260329-L05,2026-03-29,P03,L05,PRD-070,25161,44946,0.56,v3,PLN-006,APS
PLAN-20260329-L06,2026-03-29,P03,L06,PRD-064,50812,84438,0.602,v3,PLN-007,APS
PLAN-20260330-L01,2026-03-30,P01,L01,PRD-037,43171,58068,0.743,v3,PLN-007,APS
PLAN-20260330-L02,2026-03-30,P01,L02,PRD-015,61616,82062,0.751,v1,PLN-011,APS
PLAN-20260330-L03,2026-03-30,P02,L03,PRD-017,41488,52992,0.783,v2,PLN-002,APS
PLAN-20260330-L04,2026-03-30,P02,L04,PRD-021,26315,34380,0.765,v2,PLN-010,APS
PLAN-20260330-L05,2026-03-30,P03,L05,PRD-010,36533,44946,0.813,v3,PLN-012,APS
PLAN-20260330-L06,2026-03-30,P03,L06,PRD-074,68186,84438,0.808,v1,PLN-003,APS
PLAN-20260331-L01,2026-03-31,P01,L01,PRD-008,37014,58068,0.637,v3,PLN-008,APS
PLAN-20260331-L02,2026-03-31,P01,L02,PRD-022,68987,82062,0.841,v3,PLN-007,APS
PLAN-20260331-L03,2026-03-31,P02,L03,PRD-022,40173,52992,0.758,v2,PLN-004,APS
PLAN-20260331-L04,2026-03-31,P02,L04,PRD-021,25352,34380,0.737,v1,PLN-001,APS
PLAN-20260331-L05,2026-03-31,P03,L05,PRD-013,31189,44946,0.694,v2,PLN-002,APS
PLAN-20260331-L06,2026-03-31,P03,L06,PRD-004,70472,84438,0.835,v2,PLN-004,APS
PLAN-20260401-L01,2026-04-01,P01,L01,PRD-050,46232,58068,0.796,v1,PLN-008,APS
PLAN-20260401-L02,2026-04-01,P01,L02,PRD-024,64525,82062,0.786,v2,PLN-004,APS
PLAN-20260401-L03,2026-04-01,P02,L03,PRD-053,39805,52992,0.751,v1,PLN-006,APS
PLAN-20260401-L04,2026-04-01,P02,L04,PRD-036,24248,34380,0.705,v2,PLN-012,APS
PLAN-20260401-L05,2026-04-01,P03,L05,PRD-054,30316,44946,0.674,v2,PLN-011,APS
PLAN-20260401-L06,2026-04-01,P03,L06,PRD-017,54747,84438,0.648,v3,PLN-008,APS
PLAN-20260402-L01,2026-04-02,P01,L01,PRD-028,45580,58068,0.785,v1,PLN-012,APS
PLAN-20260402-L02,2026-04-02,P01,L02,PRD-051,55456,82062,0.676,v1,PLN-001,APS
PLAN-20260402-L03,2026-04-02,P02,L03,PRD-002,37138,52992,0.701,v3,PLN-004,APS
PLAN-20260402-L04,2026-04-02,P02,L04,PRD-017,22925,34380,0.667,v1,PLN-008,APS
PLAN-20260402-L05,2026-04-02,P03,L05,PRD-079,33873,44946,0.754,v3,PLN-012,APS
PLAN-20260402-L06,2026-04-02,P03,L06,PRD-037,69301,84438,0.821,v1,PLN-005,APS
PLAN-20260403-L01,2026-04-03,P01,L01,PRD-072,36949,58068,0.636,v3,PLN-007,APS
PLAN-20260403-L02,2026-04-03,P01,L02,PRD-005,63810,82062,0.778,v3,PLN-001,APS
PLAN-20260403-L03,2026-04-03,P02,L03,PRD-012,44116,52992,0.833,v2,PLN-002,APS
PLAN-20260403-L04,2026-04-03,P02,L04,PRD-078,28400,34380,0.826,v3,PLN-001,APS
PLAN-20260403-L05,2026-04-03,P03,L05,PRD-006,36452,44946,0.811,v3,PLN-002,APS
PLAN-20260403-L06,2026-04-03,P03,L06,PRD-061,56132,84438,0.665,v3,PLN-004,APS
PLAN-20260404-L01,2026-04-04,P01,L01,PRD-007,37101,58068,0.639,v2,PLN-009,APS
PLAN-20260404-L02,2026-04-04,P01,L02,PRD-031,47396,82062,0.578,v3,PLN-007,APS
PLAN-20260404-L03,2026-04-04,P02,L03,PRD-063,31226,52992,0.589,v2,PLN-004,APS
PLAN-20260404-L04,2026-04-04,P02,L04,PRD-051,17291,34380,0.503,v2,PLN-006,APS
PLAN-20260404-L05,2026-04-04,P03,L05,PRD-064,26946,44946,0.6,v3,PLN-003,APS
PLAN-20260404-L06,2026-04-04,P03,L06,PRD-067,42659,84438,0.505,v2,PLN-001,APS
PLAN-20260405-L01,2026-04-05,P01,L01,PRD-074,27657,58068,0.476,v2,PLN-010,APS
PLAN-20260405-L02,2026-04-05,P01,L02,PRD-066,38911,82062,0.474,v1,PLN-003,APS
PLAN-20260405-L03,2026-04-05,P02,L03,PRD-043,31098,52992,0.587,v2,PLN-001,APS
PLAN-20260405-L04,2026-04-05,P02,L04,PRD-049,20472,34380,0.595,v3,PLN-007,APS
PLAN-20260405-L05,2026-04-05,P03,L05,PRD-052,26984,44946,0.6,v2,PLN-009,APS
PLAN-20260405-L06,2026-04-05,P03,L06,PRD-042,41041,84438,0.486,v1,PLN-006,APS
PLAN-20260406-L01,2026-04-06,P01,L01,PRD-029,48666,58068,0.838,v2,PLN-007,APS
PLAN-20260406-L02,2026-04-06,P01,L02,PRD-039,60157,82062,0.733,v1,PLN-012,APS
PLAN-20260406-L03,2026-04-06,P02,L03,PRD-003,41671,52992,0.786,v3,PLN-005,APS
PLAN-20260406-L04,2026-04-06,P02,L04,PRD-046,25742,34380,0.749,v1,PLN-012,APS
PLAN-20260406-L05,2026-04-06,P03,L05,PRD-049,37217,44946,0.828,v3,PLN-005,APS
PLAN-20260406-L06,2026-04-06,P03,L06,PRD-073,58215,84438,0.689,v3,PLN-001,APS
PLAN-20260407-L01,2026-04-07,P01,L01,PRD-061,39659,58068,0.683,v3,PLN-009,APS
PLAN-20260407-L02,2026-04-07,P01,L02,PRD-035,68641,82062,0.836,v2,PLN-005,APS
PLAN-20260407-L03,2026-04-07,P02,L03,PRD-071,42149,52992,0.795,v1,PLN-004,APS
PLAN-20260407-L04,2026-04-07,P02,L04,PRD-059,25535,34380,0.743,v3,PLN-004,APS
PLAN-20260407-L05,2026-04-07,P03,L05,PRD-052,32678,44946,0.727,v3,PLN-011,APS
PLAN-20260407-L06,2026-04-07,P03,L06,PRD-066,63660,84438,0.754,v3,PLN-009,APS
PLAN-20260408-L01,2026-04-08,P01,L01,PRD-020,47388,58068,0.816,v1,PLN-006,APS
PLAN-20260408-L02,2026-04-08,P01,L02,PRD-001,64526,82062,0.786,v2,PLN-001,APS
PLAN-20260408-L03,2026-04-08,P02,L03,PRD-066,43903,52992,0.828,v2,PLN-001,APS
PLAN-20260408-L04,2026-04-08,P02,L04,PRD-006,27932,34380,0.812,v2,PLN-009,APS
PLAN-20260408-L05,2026-04-08,P03,L05,PRD-039,30216,44946,0.672,v2,PLN-011,APS
PLAN-20260408-L06,2026-04-08,P03,L06,PRD-013,55831,84438,0.661,v1,PLN-007,APS
PLAN-20260409-L01,2026-04-09,P01,L01,PRD-061,39021,58068,0.672,v2,PLN-006,APS
PLAN-20260409-L02,2026-04-09,P01,L02,PRD-004,61248,82062,0.746,v2,PLN-001,APS
PLAN-20260409-L03,2026-04-09,P02,L03,PRD-023,44084,52992,0.832,v3,PLN-009,APS
PLAN-20260409-L04,2026-04-09,P02,L04,PRD-037,28976,34380,0.843,v3,PLN-012,APS
PLAN-20260409-L05,2026-04-09,P03,L05,PRD-039,35360,44946,0.787,v2,PLN-001,APS
PLAN-20260409-L06,2026-04-09,P03,L06,PRD-062,65165,84438,0.772,v1,PLN-001,APS
PLAN-20260410-L01,2026-04-10,P01,L01,PRD-078,46828,58068,0.806,v3,PLN-004,APS
PLAN-20260410-L02,2026-04-10,P01,L02,PRD-075,52499,82062,0.64,v3,PLN-005,APS
PLAN-20260410-L03,2026-04-10,P02,L03,PRD-058,39105,52992,0.738,v2,PLN-009,APS
PLAN-20260410-L04,2026-04-10,P02,L04,PRD-035,22599,34380,0.657,v2,PLN-008,APS
PLAN-20260410-L05,2026-04-10,P03,L05,PRD-054,29182,44946,0.649,v3,PLN-008,APS
PLAN-20260410-L06,2026-04-10,P03,L06,PRD-070,55103,84438,0.653,v3,PLN-001,APS
PLAN-20260411-L01,2026-04-11,P01,L01,PRD-046,31846,58068,0.548,v3,PLN-009,APS
PLAN-20260411-L02,2026-04-11,P01,L02,PRD-012,48796,82062,0.595,v2,PLN-004,APS
PLAN-20260411-L03,2026-04-11,P02,L03,PRD-024,29760,52992,0.562,v3,PLN-010,APS
PLAN-20260411-L04,2026-04-11,P02,L04,PRD-037,16673,34380,0.485,v3,PLN-011,APS
PLAN-20260411-L05,2026-04-11,P03,L05,PRD-073,24493,44946,0.545,v1,PLN-004,APS
PLAN-20260411-L06,2026-04-11,P03,L06,PRD-016,52486,84438,0.622,v2,PLN-011,APS
PLAN-20260412-L01,2026-04-12,P01,L01,PRD-052,30208,58068,0.52,v2,PLN-001,APS
PLAN-20260412-L02,2026-04-12,P01,L02,PRD-012,47904,82062,0.584,v2,PLN-005,APS
PLAN-20260412-L03,2026-04-12,P02,L03,PRD-017,25347,52992,0.478,v2,PLN-005,APS
PLAN-20260412-L04,2026-04-12,P02,L04,PRD-002,16296,34380,0.474,v1,PLN-011,APS
PLAN-20260412-L05,2026-04-12,P03,L05,PRD-025,23266,44946,0.518,v2,PLN-004,APS
PLAN-20260412-L06,2026-04-12,P03,L06,PRD-080,53678,84438,0.636,v2,PLN-001,APS
PLAN-20260413-L01,2026-04-13,P01,L01,PRD-016,44262,58068,0.762,v3,PLN-011,APS
PLAN-20260413-L02,2026-04-13,P01,L02,PRD-035,57526,82062,0.701,v2,PLN-004,APS
PLAN-20260413-L03,2026-04-13,P02,L03,PRD-024,44680,52992,0.843,v2,PLN-001,APS
PLAN-20260413-L04,2026-04-13,P02,L04,PRD-041,27670,34380,0.805,v2,PLN-008,APS
PLAN-20260413-L05,2026-04-13,P03,L05,PRD-063,30639,44946,0.682,v2,PLN-012,APS
PLAN-20260413-L06,2026-04-13,P03,L06,PRD-064,71539,84438,0.847,v2,PLN-007,APS
PLAN-20260414-L01,2026-04-14,P01,L01,PRD-072,40162,58068,0.692,v2,PLN-006,APS
PLAN-20260414-L02,2026-04-14,P01,L02,PRD-035,58773,82062,0.716,v3,PLN-007,APS
PLAN-20260414-L03,2026-04-14,P02,L03,PRD-075,44345,52992,0.837,v2,PLN-001,APS
PLAN-20260414-L04,2026-04-14,P02,L04,PRD-029,28524,34380,0.83,v2,PLN-011,APS
PLAN-20260414-L05,2026-04-14,P03,L05,PRD-033,33156,44946,0.738,v2,PLN-004,APS
PLAN-20260414-L06,2026-04-14,P03,L06,PRD-064,60081,84438,0.712,v1,PLN-001,APS
PLAN-20260415-L01,2026-04-15,P01,L01,PRD-001,44634,58068,0.769,v2,PLN-003,APS
PLAN-20260415-L02,2026-04-15,P01,L02,PRD-061,60453,82062,0.737,v3,PLN-003,APS
PLAN-20260415-L03,2026-04-15,P02,L03,PRD-077,42344,52992,0.799,v1,PLN-005,APS
PLAN-20260415-L04,2026-04-15,P02,L04,PRD-046,26628,34380,0.775,v2,PLN-002,APS
PLAN-20260415-L05,2026-04-15,P03,L05,PRD-054,32514,44946,0.723,v2,PLN-003,APS
PLAN-20260415-L06,2026-04-15,P03,L06,PRD-080,60856,84438,0.721,v2,PLN-011,APS
PLAN-20260416-L01,2026-04-16,P01,L01,PRD-074,39579,58068,0.682,v1,PLN-008,APS
PLAN-20260416-L02,2026-04-16,P01,L02,PRD-011,56394,82062,0.687,v2,PLN-009,APS
PLAN-20260416-L03,2026-04-16,P02,L03,PRD-037,36562,52992,0.69,v3,PLN-003,APS
PLAN-20260416-L04,2026-04-16,P02,L04,PRD-024,23711,34380,0.69,v1,PLN-009,APS
PLAN-20260416-L05,2026-04-16,P03,L05,PRD-055,32333,44946,0.719,v2,PLN-012,APS
PLAN-20260416-L06,2026-04-16,P03,L06,PRD-013,59979,84438,0.71,v1,PLN-006,APS
PLAN-20260417-L01,2026-04-17,P01,L01,PRD-066,38974,58068,0.671,v2,PLN-002,APS
PLAN-20260417-L02,2026-04-17,P01,L02,PRD-035,61894,82062,0.754,v1,PLN-004,APS
PLAN-20260417-L03,2026-04-17,P02,L03,PRD-024,37200,52992,0.702,v2,PLN-007,APS
PLAN-20260417-L04,2026-04-17,P02,L04,PRD-001,26293,34380,0.765,v2,PLN-009,APS
PLAN-20260417-L05,2026-04-17,P03,L05,PRD-008,31692,44946,0.705,v3,PLN-002,APS
PLAN-20260417-L06,2026-04-17,P03,L06,PRD-058,63054,84438,0.747,v3,PLN-007,APS
PLAN-20260418-L01,2026-04-18,P01,L01,PRD-051,28596,58068,0.492,v2,PLN-003,APS
PLAN-20260418-L02,2026-04-18,P01,L02,PRD-015,43243,82062,0.527,v3,PLN-004,APS
PLAN-20260418-L03,2026-04-18,P02,L03,PRD-042,32952,52992,0.622,v2,PLN-003,APS
PLAN-20260418-L04,2026-04-18,P02,L04,PRD-021,16735,34380,0.487,v2,PLN-008,APS
PLAN-20260418-L05,2026-04-18,P03,L05,PRD-043,27612,44946,0.614,v1,PLN-007,APS
PLAN-20260418-L06,2026-04-18,P03,L06,PRD-054,43926,84438,0.52,v2,PLN-012,APS
PLAN-20260419-L01,2026-04-19,P01,L01,PRD-027,28006,58068,0.482,v2,PLN-011,APS
PLAN-20260419-L02,2026-04-19,P01,L02,PRD-061,50771,82062,0.619,v2,PLN-001,APS
PLAN-20260419-L03,2026-04-19,P02,L03,PRD-058,30644,52992,0.578,v3,PLN-010,APS
PLAN-20260419-L04,2026-04-19,P02,L04,PRD-077,18015,34380,0.524,v1,PLN-006,APS
PLAN-20260419-L05,2026-04-19,P03,L05,PRD-071,24223,44946,0.539,v3,PLN-001,APS
PLAN-20260419-L06,2026-04-19,P03,L06,PRD-035,51062,84438,0.605,v3,PLN-011,APS
PLAN-20260420-L01,2026-04-20,P01,L01,PRD-078,37029,58068,0.638,v1,PLN-010,APS
PLAN-20260420-L02,2026-04-20,P01,L02,PRD-029,53636,82062,0.654,v2,PLN-004,APS
PLAN-20260420-L03,2026-04-20,P02,L03,PRD-023,35234,52992,0.665,v1,PLN-012,APS
PLAN-20260420-L04,2026-04-20,P02,L04,PRD-052,26498,34380,0.771,v2,PLN-009,APS
PLAN-20260420-L05,2026-04-20,P03,L05,PRD-077,36079,44946,0.803,v2,PLN-009,APS
PLAN-20260420-L06,2026-04-20,P03,L06,PRD-038,56017,84438,0.663,v2,PLN-010,APS
PLAN-20260421-L01,2026-04-21,P01,L01,PRD-020,44600,58068,0.768,v2,PLN-011,APS
PLAN-20260421-L02,2026-04-21,P01,L02,PRD-048,59300,82062,0.723,v1,PLN-008,APS
PLAN-20260421-L03,2026-04-21,P02,L03,PRD-073,40419,52992,0.763,v1,PLN-002,APS
PLAN-20260421-L04,2026-04-21,P02,L04,PRD-024,24232,34380,0.705,v3,PLN-012,APS
PLAN-20260421-L05,2026-04-21,P03,L05,PRD-050,34258,44946,0.762,v3,PLN-003,APS
PLAN-20260421-L06,2026-04-21,P03,L06,PRD-042,66287,84438,0.785,v1,PLN-001,APS
PLAN-20260422-L01,2026-04-22,P01,L01,PRD-051,45288,58068,0.78,v3,PLN-002,APS
PLAN-20260422-L02,2026-04-22,P01,L02,PRD-008,68385,82062,0.833,v3,PLN-005,APS
PLAN-20260422-L03,2026-04-22,P02,L03,PRD-044,36188,52992,0.683,v2,PLN-002,APS
PLAN-20260422-L04,2026-04-22,P02,L04,PRD-024,26143,34380,0.76,v3,PLN-001,APS
PLAN-20260422-L05,2026-04-22,P03,L05,PRD-080,35240,44946,0.784,v2,PLN-007,APS
PLAN-20260422-L06,2026-04-22,P03,L06,PRD-045,52282,84438,0.619,v2,PLN-012,APS
PLAN-20260423-L01,2026-04-23,P01,L01,PRD-061,38065,58068,0.656,v1,PLN-002,APS
PLAN-20260423-L02,2026-04-23,P01,L02,PRD-035,52164,82062,0.636,v3,PLN-008,APS
PLAN-20260423-L03,2026-04-23,P02,L03,PRD-023,38384,52992,0.724,v3,PLN-012,APS
PLAN-20260423-L04,2026-04-23,P02,L04,PRD-079,22820,34380,0.664,v2,PLN-010,APS
PLAN-20260423-L05,2026-04-23,P03,L05,PRD-078,32378,44946,0.72,v2,PLN-011,APS
PLAN-20260423-L06,2026-04-23,P03,L06,PRD-066,65237,84438,0.773,v1,PLN-003,APS
PLAN-20260424-L01,2026-04-24,P01,L01,PRD-072,39155,58068,0.674,v1,PLN-002,APS
PLAN-20260424-L02,2026-04-24,P01,L02,PRD-024,57183,82062,0.697,v2,PLN-010,APS
PLAN-20260424-L03,2026-04-24,P02,L03,PRD-069,37991,52992,0.717,v2,PLN-011,APS
PLAN-20260424-L04,2026-04-24,P02,L04,PRD-077,22412,34380,0.652,v2,PLN-001,APS
PLAN-20260424-L05,2026-04-24,P03,L05,PRD-050,30221,44946,0.672,v3,PLN-001,APS
PLAN-20260424-L06,2026-04-24,P03,L06,PRD-066,52439,84438,0.621,v2,PLN-011,APS
PLAN-20260425-L01,2026-04-25,P01,L01,PRD-064,36096,58068,0.622,v1,PLN-012,APS
PLAN-20260425-L02,2026-04-25,P01,L02,PRD-045,46085,82062,0.562,v1,PLN-003,APS
PLAN-20260425-L03,2026-04-25,P02,L03,PRD-002,30121,52992,0.568,v2,PLN-008,APS
PLAN-20260425-L04,2026-04-25,P02,L04,PRD-023,19215,34380,0.559,v2,PLN-002,APS
PLAN-20260425-L05,2026-04-25,P03,L05,PRD-052,23042,44946,0.513,v2,PLN-008,APS
PLAN-20260425-L06,2026-04-25,P03,L06,PRD-022,41259,84438,0.489,v2,PLN-008,APS
PLAN-20260426-L01,2026-04-26,P01,L01,PRD-020,32194,58068,0.554,v1,PLN-003,APS
PLAN-20260426-L02,2026-04-26,P01,L02,PRD-005,38062,82062,0.464,v3,PLN-003,APS
PLAN-20260426-L03,2026-04-26,P02,L03,PRD-053,25970,52992,0.49,v2,PLN-011,APS
PLAN-20260426-L04,2026-04-26,P02,L04,PRD-013,16375,34380,0.476,v1,PLN-007,APS
PLAN-20260426-L05,2026-04-26,P03,L05,PRD-008,22628,44946,0.503,v2,PLN-011,APS
PLAN-20260426-L06,2026-04-26,P03,L06,PRD-074,50055,84438,0.593,v2,PLN-003,APS
PLAN-20260427-L01,2026-04-27,P01,L01,PRD-072,39114,58068,0.674,v1,PLN-009,APS
PLAN-20260427-L02,2026-04-27,P01,L02,PRD-069,52976,82062,0.646,v3,PLN-004,APS
PLAN-20260427-L03,2026-04-27,P02,L03,PRD-063,38767,52992,0.732,v1,PLN-005,APS
PLAN-20260427-L04,2026-04-27,P02,L04,PRD-051,21648,34380,0.63,v1,PLN-002,APS
PLAN-20260427-L05,2026-04-27,P03,L05,PRD-063,34108,44946,0.759,v1,PLN-002,APS
PLAN-20260427-L06,2026-04-27,P03,L06,PRD-006,64771,84438,0.767,v2,PLN-009,APS
PLAN-20260428-L01,2026-04-28,P01,L01,PRD-077,37464,58068,0.645,v2,PLN-001,APS
PLAN-20260428-L02,2026-04-28,P01,L02,PRD-029,54324,82062,0.662,v2,PLN-002,APS
PLAN-20260428-L03,2026-04-28,P02,L03,PRD-023,38894,52992,0.734,v3,PLN-009,APS
PLAN-20260428-L04,2026-04-28,P02,L04,PRD-029,22903,34380,0.666,v3,PLN-008,APS
PLAN-20260428-L05,2026-04-28,P03,L05,PRD-077,33851,44946,0.753,v1,PLN-002,APS
PLAN-20260428-L06,2026-04-28,P03,L06,PRD-010,69485,84438,0.823,v3,PLN-009,APS
PLAN-20260429-L01,2026-04-29,P01,L01,PRD-034,36860,58068,0.635,v1,PLN-011,APS
PLAN-20260429-L02,2026-04-29,P01,L02,PRD-036,67183,82062,0.819,v3,PLN-005,APS
PLAN-20260429-L03,2026-04-29,P02,L03,PRD-037,41862,52992,0.79,v3,PLN-002,APS
PLAN-20260429-L04,2026-04-29,P02,L04,PRD-041,24570,34380,0.715,v3,PLN-006,APS
PLAN-20260429-L05,2026-04-29,P03,L05,PRD-025,31063,44946,0.691,v3,PLN-011,APS
PLAN-20260429-L06,2026-04-29,P03,L06,PRD-058,65591,84438,0.777,v2,PLN-003,APS
PLAN-20260430-L01,2026-04-30,P01,L01,PRD-079,43301,58068,0.746,v3,PLN-001,APS
PLAN-20260430-L02,2026-04-30,P01,L02,PRD-053,68073,82062,0.83,v3,PLN-001,APS
PLAN-20260430-L03,2026-04-30,P02,L03,PRD-048,35283,52992,0.666,v2,PLN-011,APS
PLAN-20260430-L04,2026-04-30,P02,L04,PRD-003,25505,34380,0.742,v3,PLN-010,APS
PLAN-20260430-L05,2026-04-30,P03,L05,PRD-033,27809,44946,0.619,v3,PLN-012,APS
PLAN-20260430-L06,2026-04-30,P03,L06,PRD-006,52831,84438,0.626,v2,PLN-006,APS
PLAN-20260501-L01,2026-05-01,P01,L01,PRD-044,41092,58068,0.708,v1,PLN-012,APS
PLAN-20260501-L02,2026-05-01,P01,L02,PRD-048,58974,82062,0.719,v2,PLN-003,APS
PLAN-20260501-L03,2026-05-01,P02,L03,PRD-075,39569,52992,0.747,v3,PLN-007,APS
PLAN-20260501-L04,2026-05-01,P02,L04,PRD-052,22266,34380,0.648,v3,PLN-002,APS
PLAN-20260501-L05,2026-05-01,P03,L05,PRD-080,36073,44946,0.803,v1,PLN-006,APS
PLAN-20260501-L06,2026-05-01,P03,L06,PRD-017,64663,84438,0.766,v1,PLN-002,APS
PLAN-20260502-L01,2026-05-02,P01,L01,PRD-051,27172,58068,0.468,v3,PLN-002,APS
PLAN-20260502-L02,2026-05-02,P01,L02,PRD-002,39630,82062,0.483,v1,PLN-002,APS
PLAN-20260502-L03,2026-05-02,P02,L03,PRD-027,28970,52992,0.547,v2,PLN-006,APS
PLAN-20260502-L04,2026-05-02,P02,L04,PRD-023,16771,34380,0.488,v3,PLN-002,APS
PLAN-20260502-L05,2026-05-02,P03,L05,PRD-019,21993,44946,0.489,v2,PLN-008,APS
PLAN-20260502-L06,2026-05-02,P03,L06,PRD-051,39414,84438,0.467,v3,PLN-006,APS
PLAN-20260503-L01,2026-05-03,P01,L01,PRD-044,31162,58068,0.537,v3,PLN-011,APS
PLAN-20260503-L02,2026-05-03,P01,L02,PRD-031,40220,82062,0.49,v3,PLN-001,APS
PLAN-20260503-L03,2026-05-03,P02,L03,PRD-040,30737,52992,0.58,v3,PLN-006,APS
PLAN-20260503-L04,2026-05-03,P02,L04,PRD-079,17024,34380,0.495,v3,PLN-003,APS
PLAN-20260503-L05,2026-05-03,P03,L05,PRD-010,25176,44946,0.56,v3,PLN-008,APS
PLAN-20260503-L06,2026-05-03,P03,L06,PRD-014,44549,84438,0.528,v3,PLN-006,APS
PLAN-20260504-L01,2026-05-04,P01,L01,PRD-074,45554,58068,0.784,v2,PLN-002,APS
PLAN-20260504-L02,2026-05-04,P01,L02,PRD-048,65052,82062,0.793,v2,PLN-006,APS
PLAN-20260504-L03,2026-05-04,P02,L03,PRD-024,37834,52992,0.714,v3,PLN-005,APS
PLAN-20260504-L04,2026-05-04,P02,L04,PRD-004,22018,34380,0.64,v2,PLN-010,APS
PLAN-20260504-L05,2026-05-04,P03,L05,PRD-071,36029,44946,0.802,v1,PLN-002,APS
PLAN-20260504-L06,2026-05-04,P03,L06,PRD-016,58611,84438,0.694,v3,PLN-002,APS
PLAN-20260505-L01,2026-05-05,P01,L01,PRD-078,38146,58068,0.657,v3,PLN-010,APS
PLAN-20260505-L02,2026-05-05,P01,L02,PRD-007,59896,82062,0.73,v1,PLN-009,APS
PLAN-20260505-L03,2026-05-05,P02,L03,PRD-042,41178,52992,0.777,v3,PLN-012,APS
PLAN-20260505-L04,2026-05-05,P02,L04,PRD-052,24862,34380,0.723,v2,PLN-007,APS
PLAN-20260505-L05,2026-05-05,P03,L05,PRD-029,36780,44946,0.818,v3,PLN-006,APS
PLAN-20260505-L06,2026-05-05,P03,L06,PRD-067,60304,84438,0.714,v2,PLN-003,APS
PLAN-20260506-L01,2026-05-06,P01,L01,PRD-078,37704,58068,0.649,v3,PLN-005,APS
PLAN-20260506-L02,2026-05-06,P01,L02,PRD-048,64880,82062,0.791,v2,PLN-009,APS
PLAN-20260506-L03,2026-05-06,P02,L03,PRD-027,35346,52992,0.667,v1,PLN-007,APS
PLAN-20260506-L04,2026-05-06,P02,L04,PRD-048,26091,34380,0.759,v3,PLN-003,APS
PLAN-20260506-L05,2026-05-06,P03,L05,PRD-013,37612,44946,0.837,v3,PLN-003,APS
PLAN-20260506-L06,2026-05-06,P03,L06,PRD-013,58641,84438,0.694,v2,PLN-008,APS
PLAN-20260507-L01,2026-05-07,P01,L01,PRD-044,39662,58068,0.683,v1,PLN-002,APS
PLAN-20260507-L02,2026-05-07,P01,L02,PRD-017,57138,82062,0.696,v1,PLN-011,APS
PLAN-20260507-L03,2026-05-07,P02,L03,PRD-044,40977,52992,0.773,v1,PLN-005,APS
PLAN-20260507-L04,2026-05-07,P02,L04,PRD-037,26784,34380,0.779,v2,PLN-001,APS
PLAN-20260507-L05,2026-05-07,P03,L05,PRD-056,27973,44946,0.622,v3,PLN-007,APS
PLAN-20260507-L06,2026-05-07,P03,L06,PRD-004,61399,84438,0.727,v2,PLN-007,APS
PLAN-20260508-L01,2026-05-08,P01,L01,PRD-066,46814,58068,0.806,v1,PLN-011,APS
PLAN-20260508-L02,2026-05-08,P01,L02,PRD-060,64747,82062,0.789,v1,PLN-003,APS
PLAN-20260508-L03,2026-05-08,P02,L03,PRD-069,34919,52992,0.659,v1,PLN-012,APS
PLAN-20260508-L04,2026-05-08,P02,L04,PRD-011,23338,34380,0.679,v2,PLN-010,APS
PLAN-20260508-L05,2026-05-08,P03,L05,PRD-075,36126,44946,0.804,v3,PLN-012,APS
PLAN-20260508-L06,2026-05-08,P03,L06,PRD-073,65042,84438,0.77,v1,PLN-008,APS
PLAN-20260509-L01,2026-05-09,P01,L01,PRD-047,28785,58068,0.496,v2,PLN-001,APS
PLAN-20260509-L02,2026-05-09,P01,L02,PRD-064,47391,82062,0.578,v3,PLN-004,APS
PLAN-20260509-L03,2026-05-09,P02,L03,PRD-050,31919,52992,0.602,v1,PLN-005,APS
PLAN-20260509-L04,2026-05-09,P02,L04,PRD-021,19920,34380,0.579,v1,PLN-012,APS
PLAN-20260509-L05,2026-05-09,P03,L05,PRD-015,23909,44946,0.532,v1,PLN-006,APS
PLAN-20260509-L06,2026-05-09,P03,L06,PRD-062,48662,84438,0.576,v3,PLN-001,APS
PLAN-20260510-L01,2026-05-10,P01,L01,PRD-031,31862,58068,0.549,v1,PLN-008,APS
PLAN-20260510-L02,2026-05-10,P01,L02,PRD-015,41919,82062,0.511,v2,PLN-006,APS
PLAN-20260510-L03,2026-05-10,P02,L03,PRD-071,31030,52992,0.586,v1,PLN-005,APS
PLAN-20260510-L04,2026-05-10,P02,L04,PRD-059,16060,34380,0.467,v1,PLN-010,APS
PLAN-20260510-L05,2026-05-10,P03,L05,PRD-071,27373,44946,0.609,v1,PLN-001,APS
PLAN-20260510-L06,2026-05-10,P03,L06,PRD-012,43335,84438,0.513,v2,PLN-005,APS
PLAN-20260511-L01,2026-05-11,P01,L01,PRD-072,43042,58068,0.741,v2,PLN-003,APS
PLAN-20260511-L02,2026-05-11,P01,L02,PRD-017,56431,82062,0.688,v3,PLN-001,APS
PLAN-20260511-L03,2026-05-11,P02,L03,PRD-003,35743,52992,0.674,v2,PLN-002,APS
PLAN-20260511-L04,2026-05-11,P02,L04,PRD-062,22826,34380,0.664,v2,PLN-005,APS
PLAN-20260511-L05,2026-05-11,P03,L05,PRD-079,35531,44946,0.791,v2,PLN-003,APS
PLAN-20260511-L06,2026-05-11,P03,L06,PRD-035,56509,84438,0.669,v2,PLN-010,APS
PLAN-20260512-L01,2026-05-12,P01,L01,PRD-059,44768,58068,0.771,v2,PLN-003,APS
PLAN-20260512-L02,2026-05-12,P01,L02,PRD-052,53005,82062,0.646,v2,PLN-001,APS
PLAN-20260512-L03,2026-05-12,P02,L03,PRD-037,38753,52992,0.731,v3,PLN-005,APS
PLAN-20260512-L04,2026-05-12,P02,L04,PRD-037,23381,34380,0.68,v3,PLN-006,APS
PLAN-20260512-L05,2026-05-12,P03,L05,PRD-062,35801,44946,0.797,v2,PLN-008,APS
PLAN-20260512-L06,2026-05-12,P03,L06,PRD-034,56479,84438,0.669,v3,PLN-011,APS
PLAN-20260513-L01,2026-05-13,P01,L01,PRD-064,36423,58068,0.627,v2,PLN-007,APS
PLAN-20260513-L02,2026-05-13,P01,L02,PRD-079,67201,82062,0.819,v1,PLN-008,APS
PLAN-20260513-L03,2026-05-13,P02,L03,PRD-015,42450,52992,0.801,v2,PLN-002,APS
PLAN-20260513-L04,2026-05-13,P02,L04,PRD-035,23586,34380,0.686,v1,PLN-003,APS
PLAN-20260513-L05,2026-05-13,P03,L05,PRD-077,34564,44946,0.769,v1,PLN-003,APS
PLAN-20260513-L06,2026-05-13,P03,L06,PRD-073,53924,84438,0.639,v2,PLN-001,APS
PLAN-20260514-L01,2026-05-14,P01,L01,PRD-046,37835,58068,0.652,v2,PLN-005,APS
PLAN-20260514-L02,2026-05-14,P01,L02,PRD-011,59192,82062,0.721,v2,PLN-008,APS
PLAN-20260514-L03,2026-05-14,P02,L03,PRD-045,34198,52992,0.645,v3,PLN-008,APS
PLAN-20260514-L04,2026-05-14,P02,L04,PRD-040,23277,34380,0.677,v1,PLN-009,APS
PLAN-20260514-L05,2026-05-14,P03,L05,PRD-054,36198,44946,0.805,v1,PLN-001,APS
PLAN-20260514-L06,2026-05-14,P03,L06,PRD-059,66616,84438,0.789,v3,PLN-003,APS
PLAN-20260515-L01,2026-05-15,P01,L01,PRD-074,46752,58068,0.805,v2,PLN-002,APS
PLAN-20260515-L02,2026-05-15,P01,L02,PRD-037,52963,82062,0.645,v3,PLN-001,APS
PLAN-20260515-L03,2026-05-15,P02,L03,PRD-022,32939,52992,0.622,v2,PLN-004,APS
PLAN-20260515-L04,2026-05-15,P02,L04,PRD-006,26070,34380,0.758,v3,PLN-007,APS
PLAN-20260515-L05,2026-05-15,P03,L05,PRD-002,30643,44946,0.682,v2,PLN-004,APS
PLAN-20260515-L06,2026-05-15,P03,L06,PRD-051,61664,84438,0.73,v2,PLN-002,APS
PLAN-20260516-L01,2026-05-16,P01,L01,PRD-013,35014,58068,0.603,v1,PLN-012,APS
PLAN-20260516-L02,2026-05-16,P01,L02,PRD-066,38736,82062,0.472,v1,PLN-003,APS
PLAN-20260516-L03,2026-05-16,P02,L03,PRD-063,28139,52992,0.531,v2,PLN-001,APS
PLAN-20260516-L04,2026-05-16,P02,L04,PRD-013,20048,34380,0.583,v1,PLN-010,APS
PLAN-20260516-L05,2026-05-16,P03,L05,PRD-008,22512,44946,0.501,v1,PLN-012,APS
PLAN-20260516-L06,2026-05-16,P03,L06,PRD-012,53588,84438,0.635,v3,PLN-010,APS
PLAN-20260517-L01,2026-05-17,P01,L01,PRD-066,35266,58068,0.607,v1,PLN-002,APS
PLAN-20260517-L02,2026-05-17,P01,L02,PRD-062,46404,82062,0.565,v2,PLN-001,APS
PLAN-20260517-L03,2026-05-17,P02,L03,PRD-077,26984,52992,0.509,v2,PLN-002,APS
PLAN-20260517-L04,2026-05-17,P02,L04,PRD-037,16927,34380,0.492,v2,PLN-003,APS
PLAN-20260517-L05,2026-05-17,P03,L05,PRD-068,20916,44946,0.465,v2,PLN-011,APS
PLAN-20260517-L06,2026-05-17,P03,L06,PRD-061,42976,84438,0.509,v2,PLN-011,APS
PLAN-20260518-L01,2026-05-18,P01,L01,PRD-032,46789,58068,0.806,v3,PLN-006,APS
PLAN-20260518-L02,2026-05-18,P01,L02,PRD-060,53857,82062,0.656,v2,PLN-009,APS
PLAN-20260518-L03,2026-05-18,P02,L03,PRD-042,37102,52992,0.7,v1,PLN-005,APS
PLAN-20260518-L04,2026-05-18,P02,L04,PRD-049,27654,34380,0.804,v1,PLN-007,APS
PLAN-20260518-L05,2026-05-18,P03,L05,PRD-052,33670,44946,0.749,v1,PLN-005,APS
PLAN-20260518-L06,2026-05-18,P03,L06,PRD-016,58615,84438,0.694,v3,PLN-004,APS
PLAN-20260519-L01,2026-05-19,P01,L01,PRD-034,37422,58068,0.644,v3,PLN-002,APS
PLAN-20260519-L02,2026-05-19,P01,L02,PRD-004,60319,82062,0.735,v1,PLN-004,APS
PLAN-20260519-L03,2026-05-19,P02,L03,PRD-044,37721,52992,0.712,v1,PLN-012,APS
PLAN-20260519-L04,2026-05-19,P02,L04,PRD-024,27365,34380,0.796,v3,PLN-006,APS
PLAN-20260519-L05,2026-05-19,P03,L05,PRD-007,30040,44946,0.668,v1,PLN-003,APS
PLAN-20260519-L06,2026-05-19,P03,L06,PRD-014,60628,84438,0.718,v2,PLN-004,APS
PLAN-20260520-L01,2026-05-20,P01,L01,PRD-025,38557,58068,0.664,v3,PLN-010,APS
PLAN-20260520-L02,2026-05-20,P01,L02,PRD-062,65073,82062,0.793,v3,PLN-010,APS
PLAN-20260520-L03,2026-05-20,P02,L03,PRD-003,38804,52992,0.732,v3,PLN-007,APS
PLAN-20260520-L04,2026-05-20,P02,L04,PRD-046,26727,34380,0.777,v3,PLN-006,APS
PLAN-20260520-L05,2026-05-20,P03,L05,PRD-055,35611,44946,0.792,v2,PLN-001,APS
PLAN-20260520-L06,2026-05-20,P03,L06,PRD-067,61347,84438,0.727,v1,PLN-002,APS
PLAN-20260521-L01,2026-05-21,P01,L01,PRD-007,43621,58068,0.751,v2,PLN-004,APS
PLAN-20260521-L02,2026-05-21,P01,L02,PRD-004,54777,82062,0.668,v3,PLN-005,APS
PLAN-20260521-L03,2026-05-21,P02,L03,PRD-022,38070,52992,0.718,v3,PLN-007,APS
PLAN-20260521-L04,2026-05-21,P02,L04,PRD-021,25966,34380,0.755,v3,PLN-010,APS
PLAN-20260521-L05,2026-05-21,P03,L05,PRD-056,29864,44946,0.664,v3,PLN-007,APS
PLAN-20260521-L06,2026-05-21,P03,L06,PRD-043,64192,84438,0.76,v3,PLN-003,APS
PLAN-20260522-L01,2026-05-22,P01,L01,PRD-014,42014,58068,0.724,v3,PLN-010,APS
PLAN-20260522-L02,2026-05-22,P01,L02,PRD-063,56431,82062,0.688,v3,PLN-011,APS
PLAN-20260522-L03,2026-05-22,P02,L03,PRD-058,39537,52992,0.746,v2,PLN-007,APS
PLAN-20260522-L04,2026-05-22,P02,L04,PRD-024,29022,34380,0.844,v2,PLN-003,APS
PLAN-20260522-L05,2026-05-22,P03,L05,PRD-022,35550,44946,0.791,v3,PLN-001,APS
PLAN-20260522-L06,2026-05-22,P03,L06,PRD-064,58577,84438,0.694,v1,PLN-006,APS
PLAN-20260523-L01,2026-05-23,P01,L01,PRD-013,27658,58068,0.476,v3,PLN-003,APS
PLAN-20260523-L02,2026-05-23,P01,L02,PRD-063,49999,82062,0.609,v1,PLN-004,APS
PLAN-20260523-L03,2026-05-23,P02,L03,PRD-003,24944,52992,0.471,v2,PLN-004,APS
PLAN-20260523-L04,2026-05-23,P02,L04,PRD-066,17248,34380,0.502,v3,PLN-010,APS
PLAN-20260523-L05,2026-05-23,P03,L05,PRD-080,27890,44946,0.621,v2,PLN-002,APS
PLAN-20260523-L06,2026-05-23,P03,L06,PRD-024,46463,84438,0.55,v2,PLN-008,APS
PLAN-20260524-L01,2026-05-24,P01,L01,PRD-029,29029,58068,0.5,v1,PLN-011,APS
PLAN-20260524-L02,2026-05-24,P01,L02,PRD-051,48671,82062,0.593,v1,PLN-005,APS
PLAN-20260524-L03,2026-05-24,P02,L03,PRD-073,27940,52992,0.527,v2,PLN-009,APS
PLAN-20260524-L04,2026-05-24,P02,L04,PRD-049,20921,34380,0.609,v3,PLN-006,APS
PLAN-20260524-L05,2026-05-24,P03,L05,PRD-043,26622,44946,0.592,v1,PLN-010,APS
PLAN-20260524-L06,2026-05-24,P03,L06,PRD-015,39878,84438,0.472,v1,PLN-001,APS
PLAN-20260525-L01,2026-05-25,P01,L01,PRD-016,39420,58068,0.679,v1,PLN-010,APS
PLAN-20260525-L02,2026-05-25,P01,L02,PRD-063,58366,82062,0.711,v3,PLN-008,APS
PLAN-20260525-L03,2026-05-25,P02,L03,PRD-037,44997,52992,0.849,v1,PLN-011,APS
PLAN-20260525-L04,2026-05-25,P02,L04,PRD-004,26719,34380,0.777,v1,PLN-005,APS
PLAN-20260525-L05,2026-05-25,P03,L05,PRD-075,35079,44946,0.78,v3,PLN-010,APS
PLAN-20260525-L06,2026-05-25,P03,L06,PRD-022,60268,84438,0.714,v1,PLN-003,APS
PLAN-20260526-L01,2026-05-26,P01,L01,PRD-059,36585,58068,0.63,v2,PLN-006,APS
PLAN-20260526-L02,2026-05-26,P01,L02,PRD-031,61788,82062,0.753,v2,PLN-009,APS
PLAN-20260526-L03,2026-05-26,P02,L03,PRD-024,34352,52992,0.648,v1,PLN-012,APS
PLAN-20260526-L04,2026-05-26,P02,L04,PRD-024,25052,34380,0.729,v3,PLN-012,APS
PLAN-20260526-L05,2026-05-26,P03,L05,PRD-006,30576,44946,0.68,v2,PLN-009,APS
PLAN-20260526-L06,2026-05-26,P03,L06,PRD-058,61961,84438,0.734,v2,PLN-007,APS
PLAN-20260527-L01,2026-05-27,P01,L01,PRD-032,40667,58068,0.7,v2,PLN-006,APS
PLAN-20260527-L02,2026-05-27,P01,L02,PRD-024,61677,82062,0.752,v1,PLN-006,APS
PLAN-20260527-L03,2026-05-27,P02,L03,PRD-045,35977,52992,0.679,v1,PLN-005,APS
PLAN-20260527-L04,2026-05-27,P02,L04,PRD-039,29241,34380,0.851,v1,PLN-009,APS
PLAN-20260527-L05,2026-05-27,P03,L05,PRD-062,31490,44946,0.701,v3,PLN-007,APS
PLAN-20260527-L06,2026-05-27,P03,L06,PRD-064,62336,84438,0.738,v2,PLN-009,APS
PLAN-20260528-L01,2026-05-28,P01,L01,PRD-001,44959,58068,0.774,v1,PLN-012,APS
PLAN-20260528-L02,2026-05-28,P01,L02,PRD-004,68886,82062,0.839,v3,PLN-005,APS
PLAN-20260528-L03,2026-05-28,P02,L03,PRD-017,43116,52992,0.814,v3,PLN-003,APS
PLAN-20260528-L04,2026-05-28,P02,L04,PRD-046,26775,34380,0.779,v1,PLN-007,APS
PLAN-20260528-L05,2026-05-28,P03,L05,PRD-045,28869,44946,0.642,v1,PLN-002,APS
PLAN-20260528-L06,2026-05-28,P03,L06,PRD-045,56120,84438,0.665,v1,PLN-003,APS
PLAN-20260529-L01,2026-05-29,P01,L01,PRD-044,38790,58068,0.668,v3,PLN-012,APS
PLAN-20260529-L02,2026-05-29,P01,L02,PRD-075,58954,82062,0.718,v3,PLN-008,APS
PLAN-20260529-L03,2026-05-29,P02,L03,PRD-044,43770,52992,0.826,v2,PLN-010,APS
PLAN-20260529-L04,2026-05-29,P02,L04,PRD-077,23830,34380,0.693,v3,PLN-007,APS
PLAN-20260529-L05,2026-05-29,P03,L05,PRD-009,33434,44946,0.744,v2,PLN-010,APS
PLAN-20260529-L06,2026-05-29,P03,L06,PRD-006,54786,84438,0.649,v1,PLN-008,APS
PLAN-20260530-L01,2026-05-30,P01,L01,PRD-052,31900,58068,0.549,v1,PLN-010,APS
PLAN-20260530-L02,2026-05-30,P01,L02,PRD-020,39617,82062,0.483,v1,PLN-010,APS
PLAN-20260530-L03,2026-05-30,P02,L03,PRD-077,29271,52992,0.552,v3,PLN-009,APS
PLAN-20260530-L04,2026-05-30,P02,L04,PRD-002,22092,34380,0.643,v1,PLN-007,APS
PLAN-20260530-L05,2026-05-30,P03,L05,PRD-049,23063,44946,0.513,v1,PLN-007,APS
PLAN-20260530-L06,2026-05-30,P03,L06,PRD-073,43843,84438,0.519,v3,PLN-003,APS
PLAN-20260531-L01,2026-05-31,P01,L01,PRD-072,34936,58068,0.602,v2,PLN-008,APS
PLAN-20260531-L02,2026-05-31,P01,L02,PRD-022,46761,82062,0.57,v1,PLN-010,APS
PLAN-20260531-L03,2026-05-31,P02,L03,PRD-024,28537,52992,0.539,v1,PLN-012,APS
PLAN-20260531-L04,2026-05-31,P02,L04,PRD-035,19683,34380,0.573,v2,PLN-007,APS
PLAN-20260531-L05,2026-05-31,P03,L05,PRD-052,28297,44946,0.63,v1,PLN-003,APS
PLAN-20260531-L06,2026-05-31,P03,L06,PRD-016,52125,84438,0.617,v1,PLN-002,APS
PLAN-20260601-L01,2026-06-01,P01,L01,PRD-068,43730,58068,0.753,v2,PLN-001,APS
PLAN-20260601-L02,2026-06-01,P01,L02,PRD-005,61778,82062,0.753,v2,PLN-002,APS
PLAN-20260601-L03,2026-06-01,P02,L03,PRD-050,41669,52992,0.786,v2,PLN-002,APS
PLAN-20260601-L04,2026-06-01,P02,L04,PRD-035,25264,34380,0.735,v1,PLN-005,APS
PLAN-20260601-L05,2026-06-01,P03,L05,PRD-031,30009,44946,0.668,v3,PLN-004,APS
PLAN-20260601-L06,2026-06-01,P03,L06,PRD-040,72624,84438,0.86,v2,PLN-009,APS
PLAN-20260602-L01,2026-06-02,P01,L01,PRD-052,47014,58068,0.81,v2,PLN-003,APS
PLAN-20260602-L02,2026-06-02,P01,L02,PRD-069,58272,82062,0.71,v3,PLN-001,APS
PLAN-20260602-L03,2026-06-02,P02,L03,PRD-066,38339,52992,0.723,v1,PLN-002,APS
PLAN-20260602-L04,2026-06-02,P02,L04,PRD-010,23799,34380,0.692,v1,PLN-010,APS
PLAN-20260602-L05,2026-06-02,P03,L05,PRD-064,36478,44946,0.812,v2,PLN-009,APS
PLAN-20260602-L06,2026-06-02,P03,L06,PRD-059,54032,84438,0.64,v1,PLN-010,APS
PLAN-20260603-L01,2026-06-03,P01,L01,PRD-031,48584,58068,0.837,v2,PLN-009,APS
PLAN-20260603-L02,2026-06-03,P01,L02,PRD-015,60373,82062,0.736,v2,PLN-002,APS
PLAN-20260603-L03,2026-06-03,P02,L03,PRD-077,34519,52992,0.651,v2,PLN-011,APS
PLAN-20260603-L04,2026-06-03,P02,L04,PRD-006,27214,34380,0.792,v3,PLN-008,APS
PLAN-20260603-L05,2026-06-03,P03,L05,PRD-049,36560,44946,0.813,v3,PLN-007,APS
PLAN-20260603-L06,2026-06-03,P03,L06,PRD-035,63810,84438,0.756,v2,PLN-001,APS
PLAN-20260604-L01,2026-06-04,P01,L01,PRD-029,38307,58068,0.66,v3,PLN-004,APS
PLAN-20260604-L02,2026-06-04,P01,L02,PRD-053,62524,82062,0.762,v3,PLN-003,APS
PLAN-20260604-L03,2026-06-04,P02,L03,PRD-066,43794,52992,0.826,v2,PLN-002,APS
PLAN-20260604-L04,2026-06-04,P02,L04,PRD-006,23305,34380,0.678,v3,PLN-003,APS
PLAN-20260604-L05,2026-06-04,P03,L05,PRD-009,29129,44946,0.648,v1,PLN-010,APS
PLAN-20260604-L06,2026-06-04,P03,L06,PRD-012,63989,84438,0.758,v1,PLN-006,APS
PLAN-20260605-L01,2026-06-05,P01,L01,PRD-028,43393,58068,0.747,v1,PLN-001,APS
PLAN-20260605-L02,2026-06-05,P01,L02,PRD-060,62984,82062,0.768,v1,PLN-006,APS
PLAN-20260605-L03,2026-06-05,P02,L03,PRD-073,40520,52992,0.765,v1,PLN-011,APS
PLAN-20260605-L04,2026-06-05,P02,L04,PRD-052,25413,34380,0.739,v2,PLN-004,APS
PLAN-20260605-L05,2026-06-05,P03,L05,PRD-015,30104,44946,0.67,v2,PLN-007,APS
PLAN-20260605-L06,2026-06-05,P03,L06,PRD-070,61310,84438,0.726,v3,PLN-001,APS
PLAN-20260606-L01,2026-06-06,P01,L01,PRD-079,32308,58068,0.556,v1,PLN-007,APS
PLAN-20260606-L02,2026-06-06,P01,L02,PRD-069,41356,82062,0.504,v3,PLN-004,APS
PLAN-20260606-L03,2026-06-06,P02,L03,PRD-075,29640,52992,0.559,v3,PLN-005,APS
PLAN-20260606-L04,2026-06-06,P02,L04,PRD-067,21693,34380,0.631,v2,PLN-002,APS
PLAN-20260606-L05,2026-06-06,P03,L05,PRD-045,22791,44946,0.507,v2,PLN-009,APS
PLAN-20260606-L06,2026-06-06,P03,L06,PRD-035,50351,84438,0.596,v2,PLN-006,APS
PLAN-20260607-L01,2026-06-07,P01,L01,PRD-050,28407,58068,0.489,v2,PLN-005,APS
PLAN-20260607-L02,2026-06-07,P01,L02,PRD-045,42892,82062,0.523,v1,PLN-006,APS
PLAN-20260607-L03,2026-06-07,P02,L03,PRD-042,26807,52992,0.506,v1,PLN-003,APS
PLAN-20260607-L04,2026-06-07,P02,L04,PRD-023,22190,34380,0.645,v1,PLN-003,APS
PLAN-20260607-L05,2026-06-07,P03,L05,PRD-031,26738,44946,0.595,v3,PLN-006,APS
PLAN-20260607-L06,2026-06-07,P03,L06,PRD-017,51744,84438,0.613,v3,PLN-004,APS
PLAN-20260608-L01,2026-06-08,P01,L01,PRD-064,46942,58068,0.808,v3,PLN-004,APS
PLAN-20260608-L02,2026-06-08,P01,L02,PRD-005,64336,82062,0.784,v1,PLN-012,APS
PLAN-20260608-L03,2026-06-08,P02,L03,PRD-017,34893,52992,0.658,v1,PLN-011,APS
PLAN-20260608-L04,2026-06-08,P02,L04,PRD-066,27464,34380,0.799,v3,PLN-011,APS
PLAN-20260608-L05,2026-06-08,P03,L05,PRD-043,36654,44946,0.816,v2,PLN-002,APS
PLAN-20260608-L06,2026-06-08,P03,L06,PRD-017,71481,84438,0.847,v3,PLN-003,APS
PLAN-20260609-L01,2026-06-09,P01,L01,PRD-028,50904,58068,0.877,v3,PLN-011,APS
PLAN-20260609-L02,2026-06-09,P01,L02,PRD-053,70233,82062,0.856,v1,PLN-007,APS
PLAN-20260609-L03,2026-06-09,P02,L03,PRD-037,44038,52992,0.831,v2,PLN-002,APS
PLAN-20260609-L04,2026-06-09,P02,L04,PRD-048,25814,34380,0.751,v3,PLN-007,APS
PLAN-20260609-L05,2026-06-09,P03,L05,PRD-075,31051,44946,0.691,v1,PLN-010,APS
PLAN-20260609-L06,2026-06-09,P03,L06,PRD-014,69468,84438,0.823,v1,PLN-004,APS
PLAN-20260610-L01,2026-06-10,P01,L01,PRD-029,42254,58068,0.728,v3,PLN-003,APS
PLAN-20260610-L02,2026-06-10,P01,L02,PRD-017,65529,82062,0.799,v3,PLN-011,APS
PLAN-20260610-L03,2026-06-10,P02,L03,PRD-024,38416,52992,0.725,v1,PLN-007,APS
PLAN-20260610-L04,2026-06-10,P02,L04,PRD-049,22574,34380,0.657,v2,PLN-003,APS
PLAN-20260610-L05,2026-06-10,P03,L05,PRD-033,31687,44946,0.705,v3,PLN-007,APS
PLAN-20260610-L06,2026-06-10,P03,L06,PRD-040,71425,84438,0.846,v1,PLN-003,APS
PLAN-20260611-L01,2026-06-11,P01,L01,PRD-060,39777,58068,0.685,v2,PLN-010,APS
PLAN-20260611-L02,2026-06-11,P01,L02,PRD-020,70699,82062,0.862,v3,PLN-009,APS
PLAN-20260611-L03,2026-06-11,P02,L03,PRD-071,45985,52992,0.868,v1,PLN-002,APS
PLAN-20260611-L04,2026-06-11,P02,L04,PRD-032,23061,34380,0.671,v2,PLN-009,APS
PLAN-20260611-L05,2026-06-11,P03,L05,PRD-015,34064,44946,0.758,v2,PLN-003,APS
PLAN-20260611-L06,2026-06-11,P03,L06,PRD-070,64562,84438,0.765,v2,PLN-001,APS
PLAN-20260612-L01,2026-06-12,P01,L01,PRD-061,42803,58068,0.737,v2,PLN-010,APS
PLAN-20260612-L02,2026-06-12,P01,L02,PRD-037,67245,82062,0.819,v1,PLN-008,APS
PLAN-20260612-L03,2026-06-12,P02,L03,PRD-050,43458,52992,0.82,v2,PLN-003,APS
PLAN-20260612-L04,2026-06-12,P02,L04,PRD-036,29332,34380,0.853,v3,PLN-005,APS
PLAN-20260612-L05,2026-06-12,P03,L05,PRD-052,35163,44946,0.782,v2,PLN-008,APS
PLAN-20260612-L06,2026-06-12,P03,L06,PRD-012,54958,84438,0.651,v2,PLN-003,APS
PLAN-20260613-L01,2026-06-13,P01,L01,PRD-001,30311,58068,0.522,v3,PLN-006,APS
PLAN-20260613-L02,2026-06-13,P01,L02,PRD-037,44865,82062,0.547,v1,PLN-010,APS
PLAN-20260613-L03,2026-06-13,P02,L03,PRD-045,31899,52992,0.602,v2,PLN-005,APS
PLAN-20260613-L04,2026-06-13,P02,L04,PRD-049,19038,34380,0.554,v3,PLN-003,APS
PLAN-20260613-L05,2026-06-13,P03,L05,PRD-063,23520,44946,0.523,v3,PLN-006,APS
PLAN-20260613-L06,2026-06-13,P03,L06,PRD-012,42410,84438,0.502,v2,PLN-005,APS
PLAN-20260614-L01,2026-06-14,P01,L01,PRD-064,33081,58068,0.57,v3,PLN-012,APS
PLAN-20260614-L02,2026-06-14,P01,L02,PRD-079,49593,82062,0.604,v1,PLN-001,APS
PLAN-20260614-L03,2026-06-14,P02,L03,PRD-012,30599,52992,0.577,v2,PLN-004,APS
PLAN-20260614-L04,2026-06-14,P02,L04,PRD-040,19980,34380,0.581,v3,PLN-007,APS
PLAN-20260614-L05,2026-06-14,P03,L05,PRD-021,26440,44946,0.588,v1,PLN-009,APS
PLAN-20260614-L06,2026-06-14,P03,L06,PRD-062,44366,84438,0.525,v3,PLN-002,APS
PLAN-20260615-L01,2026-06-15,P01,L01,PRD-072,44427,58068,0.765,v1,PLN-002,APS
PLAN-20260615-L02,2026-06-15,P01,L02,PRD-024,61143,82062,0.745,v1,PLN-004,APS
PLAN-20260615-L03,2026-06-15,P02,L03,PRD-050,36503,52992,0.689,v3,PLN-005,APS
PLAN-20260615-L04,2026-06-15,P02,L04,PRD-051,22753,34380,0.662,v2,PLN-005,APS
PLAN-20260615-L05,2026-06-15,P03,L05,PRD-078,36573,44946,0.814,v1,PLN-006,APS
PLAN-20260615-L06,2026-06-15,P03,L06,PRD-070,58170,84438,0.689,v3,PLN-005,APS
PLAN-20260616-L01,2026-06-16,P01,L01,PRD-080,50792,58068,0.875,v1,PLN-004,APS
PLAN-20260616-L02,2026-06-16,P01,L02,PRD-063,65495,82062,0.798,v1,PLN-001,APS
PLAN-20260616-L03,2026-06-16,P02,L03,PRD-048,44385,52992,0.838,v2,PLN-011,APS
PLAN-20260616-L04,2026-06-16,P02,L04,PRD-041,27865,34380,0.811,v3,PLN-004,APS
PLAN-20260616-L05,2026-06-16,P03,L05,PRD-039,35684,44946,0.794,v2,PLN-010,APS
PLAN-20260616-L06,2026-06-16,P03,L06,PRD-067,70160,84438,0.831,v1,PLN-011,APS
PLAN-20260617-L01,2026-06-17,P01,L01,PRD-047,41247,58068,0.71,v2,PLN-003,APS
PLAN-20260617-L02,2026-06-17,P01,L02,PRD-029,71975,82062,0.877,v3,PLN-004,APS
PLAN-20260617-L03,2026-06-17,P02,L03,PRD-040,39703,52992,0.749,v1,PLN-008,APS
PLAN-20260617-L04,2026-06-17,P02,L04,PRD-072,28701,34380,0.835,v1,PLN-003,APS
PLAN-20260617-L05,2026-06-17,P03,L05,PRD-062,35344,44946,0.786,v1,PLN-006,APS
PLAN-20260617-L06,2026-06-17,P03,L06,PRD-067,68841,84438,0.815,v3,PLN-011,APS
PLAN-20260618-L01,2026-06-18,P01,L01,PRD-074,42497,58068,0.732,v3,PLN-011,APS
PLAN-20260618-L02,2026-06-18,P01,L02,PRD-061,67957,82062,0.828,v2,PLN-005,APS
PLAN-20260618-L03,2026-06-18,P02,L03,PRD-066,46089,52992,0.87,v1,PLN-004,APS
PLAN-20260618-L04,2026-06-18,P02,L04,PRD-041,28620,34380,0.832,v3,PLN-004,APS
PLAN-20260618-L05,2026-06-18,P03,L05,PRD-040,37003,44946,0.823,v2,PLN-002,APS
PLAN-20260618-L06,2026-06-18,P03,L06,PRD-006,70566,84438,0.836,v1,PLN-005,APS
PLAN-20260619-L01,2026-06-19,P01,L01,PRD-009,41649,58068,0.717,v2,PLN-006,APS
PLAN-20260619-L02,2026-06-19,P01,L02,PRD-031,66648,82062,0.812,v2,PLN-002,APS
PLAN-20260619-L03,2026-06-19,P02,L03,PRD-070,42575,52992,0.803,v1,PLN-001,APS
PLAN-20260619-L04,2026-06-19,P02,L04,PRD-049,27749,34380,0.807,v3,PLN-006,APS
PLAN-20260619-L05,2026-06-19,P03,L05,PRD-019,34283,44946,0.763,v3,PLN-001,APS
PLAN-20260619-L06,2026-06-19,P03,L06,PRD-022,56248,84438,0.666,v3,PLN-004,APS
PLAN-20260620-L01,2026-06-20,P01,L01,PRD-020,36479,58068,0.628,v2,PLN-002,APS
PLAN-20260620-L02,2026-06-20,P01,L02,PRD-004,53358,82062,0.65,v1,PLN-004,APS
PLAN-20260620-L03,2026-06-20,P02,L03,PRD-002,26718,52992,0.504,v1,PLN-008,APS
PLAN-20260620-L04,2026-06-20,P02,L04,PRD-032,22565,34380,0.656,v3,PLN-002,APS
PLAN-20260620-L05,2026-06-20,P03,L05,PRD-044,24295,44946,0.541,v3,PLN-007,APS
PLAN-20260620-L06,2026-06-20,P03,L06,PRD-067,47348,84438,0.561,v2,PLN-008,APS
PLAN-20260621-L01,2026-06-21,P01,L01,PRD-072,34257,58068,0.59,v3,PLN-010,APS
PLAN-20260621-L02,2026-06-21,P01,L02,PRD-031,47880,82062,0.583,v2,PLN-007,APS
PLAN-20260621-L03,2026-06-21,P02,L03,PRD-012,32003,52992,0.604,v1,PLN-006,APS
PLAN-20260621-L04,2026-06-21,P02,L04,PRD-017,22827,34380,0.664,v2,PLN-002,APS
PLAN-20260621-L05,2026-06-21,P03,L05,PRD-012,26938,44946,0.599,v3,PLN-008,APS
PLAN-20260621-L06,2026-06-21,P03,L06,PRD-022,43413,84438,0.514,v3,PLN-002,APS
PLAN-20260622-L01,2026-06-22,P01,L01,PRD-013,41503,58068,0.715,v1,PLN-004,APS
PLAN-20260622-L02,2026-06-22,P01,L02,PRD-011,54699,82062,0.667,v1,PLN-012,APS
PLAN-20260622-L03,2026-06-22,P02,L03,PRD-040,38373,52992,0.724,v3,PLN-006,APS
PLAN-20260622-L04,2026-06-22,P02,L04,PRD-006,23242,34380,0.676,v3,PLN-001,APS
PLAN-20260622-L05,2026-06-22,P03,L05,PRD-050,29941,44946,0.666,v3,PLN-007,APS
PLAN-20260622-L06,2026-06-22,P03,L06,PRD-038,59563,84438,0.705,v2,PLN-007,APS
PLAN-20260623-L01,2026-06-23,P01,L01,PRD-013,49407,58068,0.851,v1,PLN-005,APS
PLAN-20260623-L02,2026-06-23,P01,L02,PRD-063,73819,82062,0.9,v3,PLN-002,APS
PLAN-20260623-L03,2026-06-23,P02,L03,PRD-048,42312,52992,0.798,v2,PLN-003,APS
PLAN-20260623-L04,2026-06-23,P02,L04,PRD-006,28870,34380,0.84,v2,PLN-011,APS
PLAN-20260623-L05,2026-06-23,P03,L05,PRD-025,36592,44946,0.814,v3,PLN-001,APS
PLAN-20260623-L06,2026-06-23,P03,L06,PRD-009,68023,84438,0.806,v2,PLN-010,APS
PLAN-20260624-L01,2026-06-24,P01,L01,PRD-013,46884,58068,0.807,v3,PLN-005,APS
PLAN-20260624-L02,2026-06-24,P01,L02,PRD-011,55072,82062,0.671,v2,PLN-004,APS
PLAN-20260624-L03,2026-06-24,P02,L03,PRD-077,40111,52992,0.757,v1,PLN-010,APS
PLAN-20260624-L04,2026-06-24,P02,L04,PRD-036,30371,34380,0.883,v3,PLN-011,APS
PLAN-20260624-L05,2026-06-24,P03,L05,PRD-020,31892,44946,0.71,v3,PLN-007,APS
PLAN-20260624-L06,2026-06-24,P03,L06,PRD-074,59446,84438,0.704,v2,PLN-002,APS
PLAN-20260625-L01,2026-06-25,P01,L01,PRD-060,46034,58068,0.793,v2,PLN-002,APS
PLAN-20260625-L02,2026-06-25,P01,L02,PRD-031,58398,82062,0.712,v1,PLN-012,APS
PLAN-20260625-L03,2026-06-25,P02,L03,PRD-015,43600,52992,0.823,v1,PLN-007,APS
PLAN-20260625-L04,2026-06-25,P02,L04,PRD-017,25257,34380,0.735,v1,PLN-005,APS
PLAN-20260625-L05,2026-06-25,P03,L05,PRD-033,39151,44946,0.871,v1,PLN-005,APS
PLAN-20260625-L06,2026-06-25,P03,L06,PRD-069,76192,84438,0.902,v1,PLN-011,APS
PLAN-20260626-L01,2026-06-26,P01,L01,PRD-074,42013,58068,0.724,v2,PLN-005,APS
PLAN-20260626-L02,2026-06-26,P01,L02,PRD-045,71086,82062,0.866,v1,PLN-006,APS
PLAN-20260626-L03,2026-06-26,P02,L03,PRD-040,36240,52992,0.684,v1,PLN-006,APS
PLAN-20260626-L04,2026-06-26,P02,L04,PRD-041,26216,34380,0.763,v2,PLN-010,APS
PLAN-20260626-L05,2026-06-26,P03,L05,PRD-055,35408,44946,0.788,v2,PLN-006,APS
PLAN-20260626-L06,2026-06-26,P03,L06,PRD-059,70967,84438,0.84,v2,PLN-005,APS
PLAN-20260627-L01,2026-06-27,P01,L01,PRD-050,39223,58068,0.675,v3,PLN-004,APS
PLAN-20260627-L02,2026-06-27,P01,L02,PRD-035,45885,82062,0.559,v1,PLN-004,APS
PLAN-20260627-L03,2026-06-27,P02,L03,PRD-015,29343,52992,0.554,v3,PLN-001,APS
PLAN-20260627-L04,2026-06-27,P02,L04,PRD-048,23075,34380,0.671,v2,PLN-003,APS
PLAN-20260627-L05,2026-06-27,P03,L05,PRD-064,25113,44946,0.559,v2,PLN-007,APS
PLAN-20260627-L06,2026-06-27,P03,L06,PRD-038,47281,84438,0.56,v1,PLN-007,APS
PLAN-20260628-L01,2026-06-28,P01,L01,PRD-080,31834,58068,0.548,v2,PLN-001,APS
PLAN-20260628-L02,2026-06-28,P01,L02,PRD-053,46655,82062,0.569,v3,PLN-004,APS
PLAN-20260628-L03,2026-06-28,P02,L03,PRD-053,29602,52992,0.559,v3,PLN-009,APS
PLAN-20260628-L04,2026-06-28,P02,L04,PRD-036,18357,34380,0.534,v2,PLN-004,APS
PLAN-20260628-L05,2026-06-28,P03,L05,PRD-079,28231,44946,0.628,v3,PLN-012,APS
PLAN-20260628-L06,2026-06-28,P03,L06,PRD-006,52725,84438,0.624,v1,PLN-002,APS
PLAN-20260629-L01,2026-06-29,P01,L01,PRD-025,42538,58068,0.733,v2,PLN-010,APS
PLAN-20260629-L02,2026-06-29,P01,L02,PRD-060,60027,82062,0.731,v3,PLN-011,APS
PLAN-20260629-L03,2026-06-29,P02,L03,PRD-023,42011,52992,0.793,v3,PLN-001,APS
PLAN-20260629-L04,2026-06-29,P02,L04,PRD-051,28984,34380,0.843,v2,PLN-002,APS
PLAN-20260629-L05,2026-06-29,P03,L05,PRD-040,35454,44946,0.789,v3,PLN-009,APS
PLAN-20260629-L06,2026-06-29,P03,L06,PRD-080,57650,84438,0.683,v1,PLN-006,APS
PLAN-20260630-L01,2026-06-30,P01,L01,PRD-001,47799,58068,0.823,v2,PLN-009,APS
PLAN-20260630-L02,2026-06-30,P01,L02,PRD-039,70358,82062,0.857,v1,PLN-005,APS
PLAN-20260630-L03,2026-06-30,P02,L03,PRD-063,47368,52992,0.894,v3,PLN-005,APS
PLAN-20260630-L04,2026-06-30,P02,L04,PRD-003,24893,34380,0.724,v1,PLN-012,APS
PLAN-20260630-L05,2026-06-30,P03,L05,PRD-044,35932,44946,0.799,v2,PLN-004,APS
PLAN-20260630-L06,2026-06-30,P03,L06,PRD-015,59066,84438,0.7,v3,PLN-008,APS
PLAN-20260701-L01,2026-07-01,P01,L01,PRD-066,41989,58068,0.723,v1,PLN-006,APS
PLAN-20260701-L02,2026-07-01,P01,L02,PRD-053,59358,82062,0.723,v3,PLN-008,APS
PLAN-20260701-L03,2026-07-01,P02,L03,PRD-077,44785,52992,0.845,v1,PLN-002,APS
PLAN-20260701-L04,2026-07-01,P02,L04,PRD-001,28156,34380,0.819,v1,PLN-008,APS
PLAN-20260701-L05,2026-07-01,P03,L05,PRD-020,33729,44946,0.75,v2,PLN-003,APS
PLAN-20260701-L06,2026-07-01,P03,L06,PRD-064,76746,84438,0.909,v2,PLN-003,APS
PLAN-20260702-L01,2026-07-02,P01,L01,PRD-064,44076,58068,0.759,v2,PLN-012,APS
PLAN-20260702-L02,2026-07-02,P01,L02,PRD-030,67214,82062,0.819,v1,PLN-006,APS
PLAN-20260702-L03,2026-07-02,P02,L03,PRD-066,47402,52992,0.895,v2,PLN-009,APS
PLAN-20260702-L04,2026-07-02,P02,L04,PRD-040,31429,34380,0.914,v1,PLN-011,APS
PLAN-20260702-L05,2026-07-02,P03,L05,PRD-006,33886,44946,0.754,v1,PLN-012,APS
PLAN-20260702-L06,2026-07-02,P03,L06,PRD-064,70788,84438,0.838,v3,PLN-004,APS
PLAN-20260703-L01,2026-07-03,P01,L01,PRD-028,39939,58068,0.688,v2,PLN-011,APS
PLAN-20260703-L02,2026-07-03,P01,L02,PRD-069,72475,82062,0.883,v3,PLN-006,APS
PLAN-20260703-L03,2026-07-03,P02,L03,PRD-037,36799,52992,0.694,v2,PLN-009,APS
PLAN-20260703-L04,2026-07-03,P02,L04,PRD-024,27123,34380,0.789,v2,PLN-004,APS
PLAN-20260703-L05,2026-07-03,P03,L05,PRD-015,35742,44946,0.795,v1,PLN-004,APS
PLAN-20260703-L06,2026-07-03,P03,L06,PRD-061,76234,84438,0.903,v2,PLN-001,APS
PLAN-20260704-L01,2026-07-04,P01,L01,PRD-078,34588,58068,0.596,v2,PLN-006,APS
PLAN-20260704-L02,2026-07-04,P01,L02,PRD-075,57585,82062,0.702,v3,PLN-002,APS
PLAN-20260704-L03,2026-07-04,P02,L03,PRD-023,32470,52992,0.613,v2,PLN-004,APS
PLAN-20260704-L04,2026-07-04,P02,L04,PRD-002,23570,34380,0.686,v2,PLN-003,APS
PLAN-20260704-L05,2026-07-04,P03,L05,PRD-033,25734,44946,0.573,v1,PLN-006,APS
PLAN-20260704-L06,2026-07-04,P03,L06,PRD-069,43857,84438,0.519,v1,PLN-002,APS
PLAN-20260705-L01,2026-07-05,P01,L01,PRD-007,39909,58068,0.687,v1,PLN-009,APS
PLAN-20260705-L02,2026-07-05,P01,L02,PRD-053,49803,82062,0.607,v2,PLN-009,APS
PLAN-20260705-L03,2026-07-05,P02,L03,PRD-070,28527,52992,0.538,v1,PLN-001,APS
PLAN-20260705-L04,2026-07-05,P02,L04,PRD-013,21601,34380,0.628,v3,PLN-005,APS
PLAN-20260705-L05,2026-07-05,P03,L05,PRD-006,24394,44946,0.543,v2,PLN-006,APS
PLAN-20260705-L06,2026-07-05,P03,L06,PRD-009,50282,84438,0.595,v2,PLN-006,APS
PLAN-20260706-L01,2026-07-06,P01,L01,PRD-029,50931,58068,0.877,v1,PLN-004,APS
PLAN-20260706-L02,2026-07-06,P01,L02,PRD-011,57855,82062,0.705,v1,PLN-012,APS
PLAN-20260706-L03,2026-07-06,P02,L03,PRD-019,43194,52992,0.815,v1,PLN-010,APS
PLAN-20260706-L04,2026-07-06,P02,L04,PRD-041,26852,34380,0.781,v1,PLN-007,APS
PLAN-20260706-L05,2026-07-06,P03,L05,PRD-071,39555,44946,0.88,v1,PLN-007,APS
PLAN-20260706-L06,2026-07-06,P03,L06,PRD-017,74172,84438,0.878,v2,PLN-010,APS
PLAN-20260707-L01,2026-07-07,P01,L01,PRD-025,50883,58068,0.876,v3,PLN-007,APS
PLAN-20260707-L02,2026-07-07,P01,L02,PRD-011,59714,82062,0.728,v1,PLN-012,APS
PLAN-20260707-L03,2026-07-07,P02,L03,PRD-022,41719,52992,0.787,v1,PLN-006,APS
PLAN-20260707-L04,2026-07-07,P02,L04,PRD-029,31614,34380,0.92,v1,PLN-001,APS
PLAN-20260707-L05,2026-07-07,P03,L05,PRD-031,36330,44946,0.808,v1,PLN-005,APS
PLAN-20260707-L06,2026-07-07,P03,L06,PRD-024,71361,84438,0.845,v2,PLN-010,APS
PLAN-20260708-L01,2026-07-08,P01,L01,PRD-032,45758,58068,0.788,v3,PLN-001,APS
PLAN-20260708-L02,2026-07-08,P01,L02,PRD-063,68481,82062,0.835,v2,PLN-003,APS
PLAN-20260708-L03,2026-07-08,P02,L03,PRD-037,40725,52992,0.769,v2,PLN-011,APS
PLAN-20260708-L04,2026-07-08,P02,L04,PRD-031,29393,34380,0.855,v1,PLN-010,APS
PLAN-20260708-L05,2026-07-08,P03,L05,PRD-029,33392,44946,0.743,v3,PLN-003,APS
PLAN-20260708-L06,2026-07-08,P03,L06,PRD-071,60749,84438,0.719,v3,PLN-003,APS
PLAN-20260709-L01,2026-07-09,P01,L01,PRD-013,49376,58068,0.85,v2,PLN-004,APS
PLAN-20260709-L02,2026-07-09,P01,L02,PRD-036,68392,82062,0.833,v1,PLN-004,APS
PLAN-20260709-L03,2026-07-09,P02,L03,PRD-003,43963,52992,0.83,v1,PLN-002,APS
PLAN-20260709-L04,2026-07-09,P02,L04,PRD-067,24892,34380,0.724,v2,PLN-009,APS
PLAN-20260709-L05,2026-07-09,P03,L05,PRD-009,33865,44946,0.753,v2,PLN-002,APS
PLAN-20260709-L06,2026-07-09,P03,L06,PRD-073,72181,84438,0.855,v2,PLN-007,APS
PLAN-20260710-L01,2026-07-10,P01,L01,PRD-072,46717,58068,0.805,v2,PLN-002,APS
PLAN-20260710-L02,2026-07-10,P01,L02,PRD-007,78387,82062,0.955,v1,PLN-005,APS
PLAN-20260710-L03,2026-07-10,P02,L03,PRD-058,37567,52992,0.709,v2,PLN-002,APS
PLAN-20260710-L04,2026-07-10,P02,L04,PRD-013,32336,34380,0.941,v1,PLN-001,APS
PLAN-20260710-L05,2026-07-10,P03,L05,PRD-015,31999,44946,0.712,v1,PLN-012,APS
PLAN-20260710-L06,2026-07-10,P03,L06,PRD-056,62570,84438,0.741,v2,PLN-012,APS
PLAN-20260711-L01,2026-07-11,P01,L01,PRD-060,33397,58068,0.575,v3,PLN-004,APS
PLAN-20260711-L02,2026-07-11,P01,L02,PRD-062,55893,82062,0.681,v3,PLN-005,APS
PLAN-20260711-L03,2026-07-11,P02,L03,PRD-045,28810,52992,0.544,v1,PLN-008,APS
PLAN-20260711-L04,2026-07-11,P02,L04,PRD-010,23661,34380,0.688,v2,PLN-003,APS
PLAN-20260711-L05,2026-07-11,P03,L05,PRD-080,29048,44946,0.646,v1,PLN-004,APS
PLAN-20260711-L06,2026-07-11,P03,L06,PRD-037,60381,84438,0.715,v1,PLN-007,APS
PLAN-20260712-L01,2026-07-12,P01,L01,PRD-072,39448,58068,0.679,v3,PLN-011,APS
PLAN-20260712-L02,2026-07-12,P01,L02,PRD-024,47159,82062,0.575,v3,PLN-002,APS
PLAN-20260712-L03,2026-07-12,P02,L03,PRD-027,28953,52992,0.546,v1,PLN-005,APS
PLAN-20260712-L04,2026-07-12,P02,L04,PRD-001,18837,34380,0.548,v3,PLN-010,APS
PLAN-20260712-L05,2026-07-12,P03,L05,PRD-033,26327,44946,0.586,v2,PLN-007,APS
PLAN-20260712-L06,2026-07-12,P03,L06,PRD-015,57661,84438,0.683,v2,PLN-008,APS
PLAN-20260713-L01,2026-07-13,P01,L01,PRD-027,53075,58068,0.914,v3,PLN-002,APS
PLAN-20260713-L02,2026-07-13,P01,L02,PRD-008,77896,82062,0.949,v3,PLN-001,APS
PLAN-20260713-L03,2026-07-13,P02,L03,PRD-003,43646,52992,0.824,v3,PLN-009,APS
PLAN-20260713-L04,2026-07-13,P02,L04,PRD-041,25235,34380,0.734,v3,PLN-004,APS
PLAN-20260713-L05,2026-07-13,P03,L05,PRD-064,42731,44946,0.951,v2,PLN-009,APS
PLAN-20260713-L06,2026-07-13,P03,L06,PRD-043,77837,84438,0.922,v1,PLN-008,APS
PLAN-20260714-L01,2026-07-14,P01,L01,PRD-013,42492,58068,0.732,v2,PLN-006,APS
PLAN-20260714-L02,2026-07-14,P01,L02,PRD-005,73008,82062,0.89,v3,PLN-009,APS
PLAN-20260714-L03,2026-07-14,P02,L03,PRD-043,49435,52992,0.933,v1,PLN-004,APS
PLAN-20260714-L04,2026-07-14,P02,L04,PRD-032,24885,34380,0.724,v1,PLN-011,APS
PLAN-20260714-L05,2026-07-14,P03,L05,PRD-073,35745,44946,0.795,v2,PLN-007,APS
PLAN-20260714-L06,2026-07-14,P03,L06,PRD-009,62904,84438,0.745,v1,PLN-009,APS
PLAN-20260715-L01,2026-07-15,P01,L01,PRD-007,47265,58068,0.814,v2,PLN-011,APS
PLAN-20260715-L02,2026-07-15,P01,L02,PRD-071,63896,82062,0.779,v2,PLN-008,APS
PLAN-20260715-L03,2026-07-15,P02,L03,PRD-015,39965,52992,0.754,v1,PLN-010,APS
PLAN-20260715-L04,2026-07-15,P02,L04,PRD-059,32794,34380,0.954,v2,PLN-006,APS
PLAN-20260715-L05,2026-07-15,P03,L05,PRD-013,41081,44946,0.914,v3,PLN-002,APS
PLAN-20260715-L06,2026-07-15,P03,L06,PRD-035,64014,84438,0.758,v1,PLN-005,APS
PLAN-20260716-L01,2026-07-16,P01,L01,PRD-077,54221,58068,0.934,v1,PLN-006,APS
PLAN-20260716-L02,2026-07-16,P01,L02,PRD-062,73318,82062,0.893,v1,PLN-001,APS
PLAN-20260716-L03,2026-07-16,P02,L03,PRD-003,43208,52992,0.815,v3,PLN-009,APS
PLAN-20260716-L04,2026-07-16,P02,L04,PRD-078,28885,34380,0.84,v3,PLN-012,APS
PLAN-20260716-L05,2026-07-16,P03,L05,PRD-010,32396,44946,0.721,v3,PLN-010,APS
PLAN-20260716-L06,2026-07-16,P03,L06,PRD-016,75817,84438,0.898,v3,PLN-002,APS
PLAN-20260717-L01,2026-07-17,P01,L01,PRD-007,42814,58068,0.737,v2,PLN-002,APS
PLAN-20260717-L02,2026-07-17,P01,L02,PRD-071,70968,82062,0.865,v1,PLN-012,APS
PLAN-20260717-L03,2026-07-17,P02,L03,PRD-069,49196,52992,0.928,v1,PLN-012,APS
PLAN-20260717-L04,2026-07-17,P02,L04,PRD-040,25608,34380,0.745,v3,PLN-012,APS
PLAN-20260717-L05,2026-07-17,P03,L05,PRD-039,41299,44946,0.919,v2,PLN-009,APS
PLAN-20260717-L06,2026-07-17,P03,L06,PRD-016,75271,84438,0.891,v2,PLN-001,APS
PLAN-20260718-L01,2026-07-18,P01,L01,PRD-052,38673,58068,0.666,v3,PLN-010,APS
PLAN-20260718-L02,2026-07-18,P01,L02,PRD-007,54231,82062,0.661,v1,PLN-003,APS
PLAN-20260718-L03,2026-07-18,P02,L03,PRD-053,32978,52992,0.622,v2,PLN-008,APS
PLAN-20260718-L04,2026-07-18,P02,L04,PRD-077,19273,34380,0.561,v2,PLN-012,APS
PLAN-20260718-L05,2026-07-18,P03,L05,PRD-044,25512,44946,0.568,v1,PLN-002,APS
PLAN-20260718-L06,2026-07-18,P03,L06,PRD-017,57061,84438,0.676,v1,PLN-001,APS
PLAN-20260719-L01,2026-07-19,P01,L01,PRD-031,39366,58068,0.678,v3,PLN-009,APS
PLAN-20260719-L02,2026-07-19,P01,L02,PRD-075,54454,82062,0.664,v2,PLN-005,APS
PLAN-20260719-L03,2026-07-19,P02,L03,PRD-069,34652,52992,0.654,v2,PLN-008,APS
PLAN-20260719-L04,2026-07-19,P02,L04,PRD-066,25364,34380,0.738,v3,PLN-011,APS
PLAN-20260719-L05,2026-07-19,P03,L05,PRD-054,26852,44946,0.597,v3,PLN-006,APS
PLAN-20260719-L06,2026-07-19,P03,L06,PRD-034,46014,84438,0.545,v3,PLN-005,APS
PLAN-20260720-L01,2026-07-20,P01,L01,PRD-016,51981,58068,0.895,v2,PLN-001,APS
PLAN-20260720-L02,2026-07-20,P01,L02,PRD-063,75360,82062,0.918,v3,PLN-009,APS
PLAN-20260720-L03,2026-07-20,P02,L03,PRD-043,49151,52992,0.928,v1,PLN-005,APS
PLAN-20260720-L04,2026-07-20,P02,L04,PRD-005,30241,34380,0.88,v3,PLN-012,APS
PLAN-20260720-L05,2026-07-20,P03,L05,PRD-039,36110,44946,0.803,v3,PLN-009,APS
PLAN-20260720-L06,2026-07-20,P03,L06,PRD-017,68017,84438,0.806,v1,PLN-004,APS
PLAN-20260721-L01,2026-07-21,P01,L01,PRD-046,55541,58068,0.956,v2,PLN-006,APS
PLAN-20260721-L02,2026-07-21,P01,L02,PRD-007,65836,82062,0.802,v3,PLN-008,APS
PLAN-20260721-L03,2026-07-21,P02,L03,PRD-070,41955,52992,0.792,v2,PLN-001,APS
PLAN-20260721-L04,2026-07-21,P02,L04,PRD-021,31833,34380,0.926,v2,PLN-002,APS
PLAN-20260721-L05,2026-07-21,P03,L05,PRD-019,38675,44946,0.86,v3,PLN-004,APS
PLAN-20260721-L06,2026-07-21,P03,L06,PRD-022,65305,84438,0.773,v2,PLN-004,APS
PLAN-20260722-L01,2026-07-22,P01,L01,PRD-008,49578,58068,0.854,v2,PLN-004,APS
PLAN-20260722-L02,2026-07-22,P01,L02,PRD-069,70913,82062,0.864,v1,PLN-012,APS
PLAN-20260722-L03,2026-07-22,P02,L03,PRD-024,43125,52992,0.814,v3,PLN-001,APS
PLAN-20260722-L04,2026-07-22,P02,L04,PRD-023,29823,34380,0.867,v3,PLN-005,APS
PLAN-20260722-L05,2026-07-22,P03,L05,PRD-052,43000,44946,0.957,v1,PLN-009,APS
PLAN-20260722-L06,2026-07-22,P03,L06,PRD-016,74403,84438,0.881,v3,PLN-010,APS
PLAN-20260723-L01,2026-07-23,P01,L01,PRD-044,46911,58068,0.808,v3,PLN-010,APS
PLAN-20260723-L02,2026-07-23,P01,L02,PRD-066,67211,82062,0.819,v3,PLN-011,APS
PLAN-20260723-L03,2026-07-23,P02,L03,PRD-023,45352,52992,0.856,v3,PLN-011,APS
PLAN-20260723-L04,2026-07-23,P02,L04,PRD-003,29958,34380,0.871,v3,PLN-004,APS
PLAN-20260723-L05,2026-07-23,P03,L05,PRD-033,39698,44946,0.883,v1,PLN-001,APS
PLAN-20260723-L06,2026-07-23,P03,L06,PRD-045,69003,84438,0.817,v1,PLN-001,APS
PLAN-20260724-L01,2026-07-24,P01,L01,PRD-060,51943,58068,0.895,v2,PLN-007,APS
PLAN-20260724-L02,2026-07-24,P01,L02,PRD-051,79492,82062,0.969,v1,PLN-009,APS
PLAN-20260724-L03,2026-07-24,P02,L03,PRD-075,45825,52992,0.865,v1,PLN-009,APS
PLAN-20260724-L04,2026-07-24,P02,L04,PRD-066,30540,34380,0.888,v3,PLN-008,APS
PLAN-20260724-L05,2026-07-24,P03,L05,PRD-031,37756,44946,0.84,v1,PLN-010,APS
PLAN-20260724-L06,2026-07-24,P03,L06,PRD-051,68854,84438,0.815,v2,PLN-009,APS
PLAN-20260725-L01,2026-07-25,P01,L01,PRD-051,34315,58068,0.591,v1,PLN-008,APS
PLAN-20260725-L02,2026-07-25,P01,L02,PRD-008,54807,82062,0.668,v1,PLN-009,APS
PLAN-20260725-L03,2026-07-25,P02,L03,PRD-050,37759,52992,0.713,v1,PLN-010,APS
PLAN-20260725-L04,2026-07-25,P02,L04,PRD-039,19186,34380,0.558,v2,PLN-008,APS
PLAN-20260725-L05,2026-07-25,P03,L05,PRD-025,27459,44946,0.611,v3,PLN-006,APS
PLAN-20260725-L06,2026-07-25,P03,L06,PRD-035,55367,84438,0.656,v3,PLN-005,APS
PLAN-20260726-L01,2026-07-26,P01,L01,PRD-079,41388,58068,0.713,v2,PLN-002,APS
PLAN-20260726-L02,2026-07-26,P01,L02,PRD-045,47329,82062,0.577,v2,PLN-011,APS
PLAN-20260726-L03,2026-07-26,P02,L03,PRD-015,37769,52992,0.713,v2,PLN-001,APS
PLAN-20260726-L04,2026-07-26,P02,L04,PRD-023,21978,34380,0.639,v3,PLN-007,APS
PLAN-20260726-L05,2026-07-26,P03,L05,PRD-064,32701,44946,0.728,v2,PLN-001,APS
PLAN-20260726-L06,2026-07-26,P03,L06,PRD-010,47831,84438,0.566,v1,PLN-005,APS
PLAN-20260727-L01,2026-07-27,P01,L01,PRD-001,50653,58068,0.872,v1,PLN-006,APS
PLAN-20260727-L02,2026-07-27,P01,L02,PRD-053,74007,82062,0.902,v3,PLN-001,APS
PLAN-20260727-L03,2026-07-27,P02,L03,PRD-019,50511,52992,0.953,v1,PLN-006,APS
PLAN-20260727-L04,2026-07-27,P02,L04,PRD-006,28030,34380,0.815,v2,PLN-010,APS
PLAN-20260727-L05,2026-07-27,P03,L05,PRD-073,42494,44946,0.945,v2,PLN-004,APS
PLAN-20260727-L06,2026-07-27,P03,L06,PRD-071,80322,84438,0.951,v1,PLN-003,APS
PLAN-20260728-L01,2026-07-28,P01,L01,PRD-007,43680,58068,0.752,v1,PLN-012,APS
PLAN-20260728-L02,2026-07-28,P01,L02,PRD-048,63361,82062,0.772,v2,PLN-006,APS
PLAN-20260728-L03,2026-07-28,P02,L03,PRD-066,41218,52992,0.778,v2,PLN-001,APS
PLAN-20260728-L04,2026-07-28,P02,L04,PRD-017,33663,34380,0.979,v2,PLN-001,APS
PLAN-20260728-L05,2026-07-28,P03,L05,PRD-025,34288,44946,0.763,v1,PLN-001,APS
PLAN-20260728-L06,2026-07-28,P03,L06,PRD-048,64270,84438,0.761,v1,PLN-006,APS
PLAN-20260729-L01,2026-07-29,P01,L01,PRD-064,46790,58068,0.806,v3,PLN-006,APS
PLAN-20260729-L02,2026-07-29,P01,L02,PRD-008,73602,82062,0.897,v2,PLN-008,APS
PLAN-20260729-L03,2026-07-29,P02,L03,PRD-073,47399,52992,0.894,v2,PLN-008,APS
PLAN-20260729-L04,2026-07-29,P02,L04,PRD-048,32040,34380,0.932,v3,PLN-007,APS
PLAN-20260729-L05,2026-07-29,P03,L05,PRD-079,39907,44946,0.888,v2,PLN-008,APS
PLAN-20260729-L06,2026-07-29,P03,L06,PRD-013,82040,84438,0.972,v1,PLN-004,APS
PLAN-20260730-L01,2026-07-30,P01,L01,PRD-060,49193,58068,0.847,v2,PLN-009,APS
PLAN-20260730-L02,2026-07-30,P01,L02,PRD-002,80029,82062,0.975,v3,PLN-001,APS
PLAN-20260730-L03,2026-07-30,P02,L03,PRD-075,54099,52992,1.021,v2,PLN-005,APS
PLAN-20260730-L04,2026-07-30,P02,L04,PRD-036,33214,34380,0.966,v1,PLN-007,APS
PLAN-20260730-L05,2026-07-30,P03,L05,PRD-078,35079,44946,0.78,v2,PLN-009,APS
PLAN-20260730-L06,2026-07-30,P03,L06,PRD-071,65863,84438,0.78,v1,PLN-003,APS
PLAN-20260731-L01,2026-07-31,P01,L01,PRD-072,49467,58068,0.852,v2,PLN-005,APS
PLAN-20260731-L02,2026-07-31,P01,L02,PRD-071,61849,82062,0.754,v1,PLN-012,APS
PLAN-20260731-L03,2026-07-31,P02,L03,PRD-058,49876,52992,0.941,v2,PLN-008,APS
PLAN-20260731-L04,2026-07-31,P02,L04,PRD-006,30279,34380,0.881,v1,PLN-002,APS
PLAN-20260731-L05,2026-07-31,P03,L05,PRD-020,34702,44946,0.772,v3,PLN-007,APS
PLAN-20260731-L06,2026-07-31,P03,L06,PRD-010,79412,84438,0.94,v1,PLN-009,APS
