date,product_id,product_family,actual_order_quantity,promotion_flag,holiday_flag,season_index,price_index
2025-08-01,PRD-036,connector,0,0,0,1.0,0.9884
2025-08-01,PRD-077,control_board,0,0,0,1.0,1.0668
2025-08-01,PRD-032,connector,13254,0,0,1.0,1.0655
2025-08-01,PRD-060,connector,0,0,0,1.0,1.0363
2025-08-01,PRD-071,connector,0,0,0,1.0,0.9589
2025-08-01,PRD-075,industrial_switch,0,0,0,1.0,0.9549
2025-08-01,PRD-011,industrial_switch,0,0,0,1.0,1.0405
2025-08-01,PRD-055,power_unit,0,0,0,1.0,0.9495
2025-08-01,PRD-068,connector,1326,0,0,1.0,1.0573
2025-08-01,PRD-013,industrial_switch,0,0,0,1.0,1.0516
2025-08-01,PRD-041,control_board,0,0,0,1.0,1.0583
2025-08-01,PRD-047,metal_housing,5548,0,0,1.0,0.9457
2025-08-01,PRD-002,sensor_module,0,0,0,1.0,1.0203
2025-08-01,PRD-078,connector,0,0,0,1.0,0.9551
2025-08-01,PRD-010,power_unit,3937,0,0,1.0,1.0128
2025-08-01,PRD-024,connector,4913,0,0,1.0,0.9965
2025-08-01,PRD-054,power_unit,0,0,0,1.0,0.9479
2025-08-01,PRD-073,connector,0,0,0,1.0,1.0657
2025-08-01,PRD-045,control_board,773,0,0,1.0,1.0533
2025-08-01,PRD-065,connector,0,0,0,1.0,1.0668
2025-08-02,PRD-012,connector,0,0,0,1.0031,1.0015
2025-08-02,PRD-059,control_board,0,0,0,1.0031,0.9541
2025-08-02,PRD-050,control_board,0,0,0,1.0031,0.953
2025-08-02,PRD-034,power_unit,0,0,0,1.0031,0.959
2025-08-02,PRD-003,power_unit,0,0,0,1.0031,1.039
2025-08-02,PRD-020,control_board,0,0,0,1.0031,1.0067
2025-08-02,PRD-038,connector,0,0,0,1.0031,0.9722
2025-08-02,PRD-039,industrial_switch,0,0,0,1.0031,1.0265
2025-08-02,PRD-071,connector,0,0,0,1.0031,0.9394
2025-08-02,PRD-045,control_board,0,0,0,1.0031,1.0512
2025-08-02,PRD-076,metal_housing,2579,0,0,1.0031,1.0163
2025-08-02,PRD-063,industrial_switch,2025,0,0,1.0031,0.9349
2025-08-02,PRD-070,industrial_switch,0,0,0,1.0031,1.025
2025-08-02,PRD-040,control_board,3226,0,0,1.0031,0.9522
2025-08-02,PRD-024,connector,0,0,0,1.0031,0.981
2025-08-02,PRD-042,connector,0,0,0,1.0031,0.9464
2025-08-02,PRD-004,control_board,0,0,0,1.0031,0.9387
2025-08-02,PRD-053,industrial_switch,0,0,0,1.0031,1.0295
2025-08-02,PRD-009,power_unit,0,0,0,1.0031,0.9595
2025-08-02,PRD-055,power_unit,0,0,0,1.0031,0.9403
2025-08-03,PRD-018,sensor_module,0,0,0,1.0062,1.0328
2025-08-03,PRD-007,control_board,0,0,0,1.0062,0.9407
2025-08-03,PRD-078,connector,0,0,0,1.0062,0.9335
2025-08-03,PRD-056,industrial_switch,0,0,0,1.0062,1.0237
2025-08-03,PRD-022,industrial_switch,0,0,0,1.0062,1.0226
2025-08-03,PRD-041,control_board,811,0,0,1.0062,0.9816
2025-08-03,PRD-013,industrial_switch,0,0,0,1.0062,0.9854
2025-08-03,PRD-029,connector,0,0,0,1.0062,1.0309
2025-08-03,PRD-040,control_board,0,0,0,1.0062,0.9826
2025-08-03,PRD-044,sensor_module,7759,0,0,1.0062,1.041
2025-08-03,PRD-001,sensor_module,0,1,0,1.0062,1.0048
2025-08-03,PRD-006,sensor_module,0,0,0,1.0062,1.0544
2025-08-03,PRD-067,sensor_module,0,0,0,1.0062,1.0168
2025-08-03,PRD-002,sensor_module,0,0,0,1.0062,1.0286
2025-08-03,PRD-052,metal_housing,0,0,0,1.0062,0.9708
2025-08-03,PRD-065,connector,0,0,0,1.0062,1.0276
2025-08-03,PRD-035,sensor_module,0,0,0,1.0062,0.9643
2025-08-03,PRD-042,connector,2302,0,0,1.0062,0.9986
2025-08-03,PRD-021,power_unit,0,0,0,1.0062,1.0619
2025-08-03,PRD-064,power_unit,0,0,0,1.0062,1.055
2025-08-04,PRD-042,connector,0,0,0,1.0093,1.0046
2025-08-04,PRD-012,connector,0,0,0,1.0093,0.9636
2025-08-04,PRD-032,connector,1751,0,0,1.0093,0.998
2025-08-04,PRD-040,control_board,0,0,0,1.0093,0.9329
2025-08-04,PRD-041,control_board,4399,0,0,1.0093,0.9343
2025-08-04,PRD-050,control_board,0,0,0,1.0093,1.0253
2025-08-04,PRD-004,control_board,3296,0,0,1.0093,1.0436
2025-08-04,PRD-075,industrial_switch,0,0,0,1.0093,0.9326
2025-08-04,PRD-069,sensor_module,4994,0,0,1.0093,1.0155
2025-08-04,PRD-036,connector,5347,0,0,1.0093,0.9689
2025-08-04,PRD-013,industrial_switch,0,0,0,1.0093,0.9726
2025-08-04,PRD-048,power_unit,0,0,0,1.0093,1.0363
2025-08-04,PRD-064,power_unit,7023,0,0,1.0093,0.9824
2025-08-04,PRD-054,power_unit,0,0,0,1.0093,1.0699
2025-08-04,PRD-079,connector,0,0,0,1.0093,0.9943
2025-08-04,PRD-057,sensor_module,0,0,0,1.0093,0.9555
2025-08-04,PRD-028,industrial_switch,0,0,0,1.0093,1.0276
2025-08-04,PRD-030,sensor_module,0,1,0,1.0093,1.0316
2025-08-04,PRD-034,power_unit,2924,0,0,1.0093,0.9885
2025-08-04,PRD-024,connector,0,0,0,1.0093,1.0506
2025-08-05,PRD-036,connector,0,0,0,1.0124,1.0056
2025-08-05,PRD-052,metal_housing,0,0,0,1.0124,0.9464
2025-08-05,PRD-030,sensor_module,0,0,0,1.0124,1.0412
2025-08-05,PRD-073,connector,0,0,0,1.0124,1.0677
2025-08-05,PRD-079,connector,0,0,0,1.0124,0.9374
2025-08-05,PRD-080,metal_housing,0,0,0,1.0124,0.9773
2025-08-05,PRD-009,power_unit,0,0,0,1.0124,1.0027
2025-08-05,PRD-074,sensor_module,0,0,0,1.0124,1.0674
2025-08-05,PRD-054,power_unit,0,0,0,1.0124,1.0457
2025-08-05,PRD-034,power_unit,0,0,0,1.0124,0.9702
2025-08-05,PRD-041,control_board,7687,0,0,1.0124,0.9357
2025-08-05,PRD-040,control_board,0,0,0,1.0124,1.0437
2025-08-05,PRD-001,sensor_module,0,0,0,1.0124,1.0138
2025-08-05,PRD-078,connector,0,0,0,1.0124,0.9776
2025-08-05,PRD-043,industrial_switch,0,0,0,1.0124,1.0581
2025-08-05,PRD-042,connector,0,0,0,1.0124,1.0214
2025-08-05,PRD-066,metal_housing,0,0,0,1.0124,1.007
2025-08-05,PRD-037,control_board,0,0,0,1.0124,1.0231
2025-08-05,PRD-006,sensor_module,3165,0,0,1.0124,0.9781
2025-08-05,PRD-005,industrial_switch,0,0,0,1.0124,1.0302
2025-08-06,PRD-041,control_board,0,0,0,1.0155,0.9959
2025-08-06,PRD-051,control_board,0,0,0,1.0155,1.0135
2025-08-06,PRD-034,power_unit,0,0,0,1.0155,0.9982
2025-08-06,PRD-063,industrial_switch,0,0,0,1.0155,0.9613
2025-08-06,PRD-080,metal_housing,2230,0,0,1.0155,1.0648
2025-08-06,PRD-064,power_unit,0,0,0,1.0155,1.047
2025-08-06,PRD-020,control_board,0,0,0,1.0155,1.0624
2025-08-06,PRD-049,power_unit,12315,0,0,1.0155,0.9349
2025-08-06,PRD-013,industrial_switch,1677,0,0,1.0155,0.9981
2025-08-06,PRD-075,industrial_switch,0,0,0,1.0155,1.0043
2025-08-06,PRD-078,connector,5749,0,0,1.0155,1.0058
2025-08-06,PRD-028,industrial_switch,0,0,0,1.0155,0.9666
2025-08-06,PRD-055,power_unit,0,0,0,1.0155,1.0014
2025-08-06,PRD-033,control_board,0,0,0,1.0155,1.0489
2025-08-06,PRD-077,control_board,0,0,0,1.0155,1.0268
2025-08-06,PRD-009,power_unit,0,0,0,1.0155,1.0092
2025-08-06,PRD-007,control_board,0,0,0,1.0155,0.9388
2025-08-06,PRD-069,sensor_module,0,0,0,1.0155,0.9411
2025-08-06,PRD-056,industrial_switch,0,0,0,1.0155,1.034
2025-08-06,PRD-072,metal_housing,8400,0,0,1.0155,0.956
2025-08-07,PRD-053,industrial_switch,0,0,0,1.0186,0.985
2025-08-07,PRD-068,connector,2546,0,0,1.0186,1.0261
2025-08-07,PRD-031,connector,0,0,0,1.0186,1.0654
2025-08-07,PRD-064,power_unit,0,0,0,1.0186,0.9847
2025-08-07,PRD-026,power_unit,2812,0,0,1.0186,1.0124
2025-08-07,PRD-044,sensor_module,0,0,0,1.0186,1.0413
2025-08-07,PRD-028,industrial_switch,0,0,0,1.0186,0.97
2025-08-07,PRD-066,metal_housing,2102,0,0,1.0186,1.0584
2025-08-07,PRD-071,connector,0,0,0,1.0186,1.0112
2025-08-07,PRD-074,sensor_module,0,0,0,1.0186,0.9339
2025-08-07,PRD-052,metal_housing,0,0,0,1.0186,0.945
2025-08-07,PRD-073,connector,0,0,0,1.0186,1.0515
2025-08-07,PRD-060,connector,1371,0,0,1.0186,1.0116
2025-08-07,PRD-002,sensor_module,0,0,0,1.0186,1.0034
2025-08-07,PRD-079,connector,3443,0,0,1.0186,1.011
2025-08-07,PRD-011,industrial_switch,0,0,0,1.0186,1.0352
2025-08-07,PRD-035,sensor_module,1732,0,0,1.0186,1.0091
2025-08-07,PRD-069,sensor_module,5265,0,0,1.0186,0.9827
2025-08-07,PRD-032,connector,0,0,0,1.0186,0.9499
2025-08-07,PRD-030,sensor_module,0,0,0,1.0186,1.0395
2025-08-08,PRD-056,industrial_switch,0,0,0,1.0216,0.957
2025-08-08,PRD-077,control_board,0,1,0,1.0216,1.0431
2025-08-08,PRD-060,connector,0,0,0,1.0216,0.969
2025-08-08,PRD-078,connector,2191,0,0,1.0216,0.9676
2025-08-08,PRD-080,metal_housing,0,0,0,1.0216,1.0246
2025-08-08,PRD-005,industrial_switch,752,0,0,1.0216,0.9436
2025-08-08,PRD-015,industrial_switch,1102,0,0,1.0216,1.0063
2025-08-08,PRD-046,control_board,0,0,0,1.0216,0.9597
2025-08-08,PRD-049,power_unit,0,0,0,1.0216,0.938
2025-08-08,PRD-028,industrial_switch,0,0,0,1.0216,1.0412
2025-08-08,PRD-074,sensor_module,2020,0,0,1.0216,0.9337
2025-08-08,PRD-059,control_board,1901,0,0,1.0216,0.9823
2025-08-08,PRD-021,power_unit,0,0,0,1.0216,1.0423
2025-08-08,PRD-003,power_unit,0,0,0,1.0216,1.0264
2025-08-08,PRD-067,sensor_module,9133,0,0,1.0216,0.9811
2025-08-08,PRD-061,industrial_switch,0,0,0,1.0216,0.9584
2025-08-08,PRD-079,connector,0,1,0,1.0216,0.9696
2025-08-08,PRD-002,sensor_module,0,0,0,1.0216,1.0295
2025-08-08,PRD-069,sensor_module,0,0,0,1.0216,0.9865
2025-08-08,PRD-034,power_unit,0,0,0,1.0216,1.0222
2025-08-09,PRD-039,industrial_switch,0,0,0,1.0247,0.9932
2025-08-09,PRD-051,control_board,0,0,0,1.0247,1.0286
2025-08-09,PRD-025,power_unit,0,0,0,1.0247,1.0332
2025-08-09,PRD-024,connector,0,0,0,1.0247,1.0488
2025-08-09,PRD-060,connector,0,0,0,1.0247,1.0448
2025-08-09,PRD-007,control_board,0,0,0,1.0247,1.0528
2025-08-09,PRD-075,industrial_switch,18616,0,0,1.0247,0.9489
2025-08-09,PRD-080,metal_housing,0,0,0,1.0247,0.9544
2025-08-09,PRD-077,control_board,0,0,0,1.0247,0.9507
2025-08-09,PRD-009,power_unit,0,0,0,1.0247,0.9812
2025-08-09,PRD-061,industrial_switch,0,0,0,1.0247,1.0314
2025-08-09,PRD-029,connector,0,0,0,1.0247,1.0337
2025-08-09,PRD-028,industrial_switch,0,0,0,1.0247,0.9935
2025-08-09,PRD-001,sensor_module,0,0,0,1.0247,0.9683
2025-08-09,PRD-020,control_board,2226,0,0,1.0247,0.9591
2025-08-09,PRD-078,connector,0,0,0,1.0247,0.9527
2025-08-09,PRD-073,connector,0,0,0,1.0247,1.0444
2025-08-09,PRD-069,sensor_module,0,0,0,1.0247,0.9927
2025-08-09,PRD-002,sensor_module,0,0,0,1.0247,0.9474
2025-08-09,PRD-070,industrial_switch,0,0,0,1.0247,1.0086
2025-08-10,PRD-071,connector,0,0,0,1.0278,1.0609
2025-08-10,PRD-052,metal_housing,0,0,0,1.0278,1.0445
2025-08-10,PRD-018,sensor_module,0,0,0,1.0278,0.9708
2025-08-10,PRD-030,sensor_module,0,0,0,1.0278,1.0263
2025-08-10,PRD-075,industrial_switch,0,0,0,1.0278,0.9852
2025-08-10,PRD-035,sensor_module,0,0,0,1.0278,0.9477
2025-08-10,PRD-073,connector,0,0,0,1.0278,1.0089
2025-08-10,PRD-053,industrial_switch,0,0,0,1.0278,0.9734
2025-08-10,PRD-034,power_unit,6827,0,0,1.0278,1.0039
2025-08-10,PRD-072,metal_housing,0,0,0,1.0278,1.0338
2025-08-10,PRD-067,sensor_module,0,0,0,1.0278,0.972
2025-08-10,PRD-009,power_unit,2506,1,0,1.0278,1.0493
2025-08-10,PRD-038,connector,0,0,0,1.0278,0.9408
2025-08-10,PRD-042,connector,0,0,0,1.0278,1.0058
2025-08-10,PRD-051,control_board,0,0,0,1.0278,1.0016
2025-08-10,PRD-020,control_board,0,0,0,1.0278,0.9826
2025-08-10,PRD-029,connector,0,0,0,1.0278,1.0456
2025-08-10,PRD-061,industrial_switch,0,0,0,1.0278,0.9317
2025-08-10,PRD-027,power_unit,0,0,0,1.0278,0.9683
2025-08-10,PRD-039,industrial_switch,2520,0,0,1.0278,0.9837
2025-08-11,PRD-046,control_board,0,0,0,1.0308,1.0535
2025-08-11,PRD-016,connector,0,0,0,1.0308,0.9853
2025-08-11,PRD-042,connector,0,0,0,1.0308,0.9773
2025-08-11,PRD-062,sensor_module,0,0,0,1.0308,1.063
2025-08-11,PRD-066,metal_housing,4790,0,0,1.0308,0.9882
2025-08-11,PRD-064,power_unit,0,0,0,1.0308,1.0161
2025-08-11,PRD-069,sensor_module,0,0,0,1.0308,0.9658
2025-08-11,PRD-031,connector,0,0,0,1.0308,0.9813
2025-08-11,PRD-027,power_unit,0,0,0,1.0308,1.0061
2025-08-11,PRD-059,control_board,8950,0,0,1.0308,1.0388
2025-08-11,PRD-023,power_unit,0,0,0,1.0308,1.011
2025-08-11,PRD-056,industrial_switch,0,0,0,1.0308,1.0331
2025-08-11,PRD-028,industrial_switch,0,0,0,1.0308,1.0694
2025-08-11,PRD-033,control_board,0,0,0,1.0308,0.9962
2025-08-11,PRD-072,metal_housing,6668,0,0,1.0308,1.0244
2025-08-11,PRD-041,control_board,0,0,0,1.0308,0.9374
2025-08-11,PRD-005,industrial_switch,0,0,0,1.0308,0.9387
2025-08-11,PRD-079,connector,6160,0,0,1.0308,1.0133
2025-08-11,PRD-077,control_board,0,0,0,1.0308,0.9376
2025-08-11,PRD-032,connector,0,0,0,1.0308,1.0343
2025-08-12,PRD-043,industrial_switch,0,0,0,1.0339,1.0177
2025-08-12,PRD-060,connector,0,0,0,1.0339,1.055
2025-08-12,PRD-062,sensor_module,8135,0,0,1.0339,1.0487
2025-08-12,PRD-009,power_unit,0,0,0,1.0339,1.0026
2025-08-12,PRD-069,sensor_module,0,0,0,1.0339,1.0173
2025-08-12,PRD-048,power_unit,0,0,0,1.0339,1.0535
2025-08-12,PRD-001,sensor_module,0,0,0,1.0339,1.0107
2025-08-12,PRD-020,control_board,0,0,0,1.0339,1.0665
2025-08-12,PRD-038,connector,0,0,0,1.0339,1.0329
2025-08-12,PRD-002,sensor_module,0,0,0,1.0339,1.0208
2025-08-12,PRD-022,industrial_switch,0,0,0,1.0339,1.0354
2025-08-12,PRD-032,connector,0,0,0,1.0339,1.0256
2025-08-12,PRD-042,connector,0,0,0,1.0339,0.9831
2025-08-12,PRD-072,metal_housing,0,0,0,1.0339,0.9392
2025-08-12,PRD-046,control_board,0,1,0,1.0339,0.9902
2025-08-12,PRD-036,connector,0,0,0,1.0339,0.9744
2025-08-12,PRD-003,power_unit,0,0,0,1.0339,0.9423
2025-08-12,PRD-071,connector,0,0,0,1.0339,0.9744
2025-08-12,PRD-057,sensor_module,0,0,0,1.0339,1.0264
2025-08-12,PRD-050,control_board,0,0,0,1.0339,0.9381
2025-08-13,PRD-031,connector,4546,0,0,1.0369,0.9756
2025-08-13,PRD-002,sensor_module,0,0,0,1.0369,1.0379
2025-08-13,PRD-071,connector,0,0,0,1.0369,0.9889
2025-08-13,PRD-049,power_unit,0,0,0,1.0369,0.9764
2025-08-13,PRD-045,control_board,0,0,0,1.0369,1.0422
2025-08-13,PRD-061,industrial_switch,1361,0,0,1.0369,1.0653
2025-08-13,PRD-050,control_board,0,0,0,1.0369,0.9379
2025-08-13,PRD-079,connector,0,1,0,1.0369,0.9729
2025-08-13,PRD-001,sensor_module,0,0,0,1.0369,1.0109
2025-08-13,PRD-022,industrial_switch,0,0,0,1.0369,1.0118
2025-08-13,PRD-026,power_unit,0,0,0,1.0369,0.9894
2025-08-13,PRD-012,connector,0,0,0,1.0369,1.0126
2025-08-13,PRD-070,industrial_switch,2934,0,0,1.0369,0.9997
2025-08-13,PRD-080,metal_housing,0,0,0,1.0369,1.041
2025-08-13,PRD-075,industrial_switch,0,0,0,1.0369,1.0456
2025-08-13,PRD-035,sensor_module,2522,0,0,1.0369,1.0615
2025-08-13,PRD-013,industrial_switch,0,0,0,1.0369,0.9379
2025-08-13,PRD-074,sensor_module,0,0,0,1.0369,0.9959
2025-08-13,PRD-058,sensor_module,0,0,0,1.0369,0.9866
2025-08-13,PRD-052,metal_housing,2193,0,0,1.0369,1.0523
2025-08-14,PRD-011,industrial_switch,0,0,0,1.0399,1.0502
2025-08-14,PRD-074,sensor_module,0,0,0,1.0399,0.9966
2025-08-14,PRD-071,connector,0,0,0,1.0399,0.9961
2025-08-14,PRD-013,industrial_switch,0,0,0,1.0399,1.0461
2025-08-14,PRD-059,control_board,0,0,0,1.0399,1.0221
2025-08-14,PRD-026,power_unit,0,0,0,1.0399,1.0473
2025-08-14,PRD-010,power_unit,0,0,0,1.0399,1.0174
2025-08-14,PRD-028,industrial_switch,0,0,0,1.0399,0.9919
2025-08-14,PRD-052,metal_housing,0,0,0,1.0399,0.987
2025-08-14,PRD-027,power_unit,0,0,0,1.0399,0.9946
2025-08-14,PRD-062,sensor_module,0,0,0,1.0399,0.9553
2025-08-14,PRD-049,power_unit,0,0,0,1.0399,0.9667
2025-08-14,PRD-030,sensor_module,0,0,0,1.0399,0.9734
2025-08-14,PRD-058,sensor_module,0,0,0,1.0399,1.0145
2025-08-14,PRD-051,control_board,0,0,0,1.0399,1.0531
2025-08-14,PRD-032,connector,0,0,0,1.0399,0.949
2025-08-14,PRD-041,control_board,0,0,0,1.0399,1.0218
2025-08-14,PRD-005,industrial_switch,0,0,0,1.0399,1.0086
2025-08-14,PRD-021,power_unit,0,0,0,1.0399,1.0591
2025-08-14,PRD-008,power_unit,0,0,0,1.0399,0.9782
2025-08-15,PRD-015,industrial_switch,1761,0,0,1.043,1.0638
2025-08-15,PRD-030,sensor_module,9620,0,0,1.043,0.9584
2025-08-15,PRD-031,connector,3918,0,0,1.043,1.0648
2025-08-15,PRD-058,sensor_module,0,0,0,1.043,0.9675
2025-08-15,PRD-019,control_board,0,0,0,1.043,0.9537
2025-08-15,PRD-073,connector,5580,0,0,1.043,1.0465
2025-08-15,PRD-080,metal_housing,0,0,0,1.043,0.9669
2025-08-15,PRD-078,connector,3142,0,0,1.043,1.0653
2025-08-15,PRD-064,power_unit,17409,0,0,1.043,1.0273
2025-08-15,PRD-047,metal_housing,4184,0,0,1.043,0.9318
2025-08-15,PRD-045,control_board,0,0,0,1.043,1.0295
2025-08-15,PRD-003,power_unit,5702,0,0,1.043,0.9631
2025-08-15,PRD-020,control_board,0,0,0,1.043,1.0463
2025-08-15,PRD-055,power_unit,0,0,0,1.043,1.0609
2025-08-15,PRD-051,control_board,0,0,0,1.043,0.9457
2025-08-15,PRD-052,metal_housing,0,0,0,1.043,0.9911
2025-08-15,PRD-057,sensor_module,0,0,0,1.043,1.0332
2025-08-15,PRD-026,power_unit,0,0,0,1.043,0.9589
2025-08-15,PRD-004,control_board,0,0,0,1.043,1.0511
2025-08-15,PRD-036,connector,4602,0,0,1.043,1.0022
2025-08-16,PRD-036,connector,0,0,0,1.046,0.9703
2025-08-16,PRD-077,control_board,0,0,0,1.046,1.0166
2025-08-16,PRD-039,industrial_switch,0,0,0,1.046,1.0682
2025-08-16,PRD-037,control_board,0,0,0,1.046,0.9676
2025-08-16,PRD-030,sensor_module,0,0,0,1.046,1.0617
2025-08-16,PRD-014,industrial_switch,0,0,0,1.046,0.9951
2025-08-16,PRD-051,control_board,0,0,0,1.046,0.9494
2025-08-16,PRD-009,power_unit,1295,0,0,1.046,0.9511
2025-08-16,PRD-002,sensor_module,0,0,0,1.046,0.9993
2025-08-16,PRD-066,metal_housing,0,0,0,1.046,1.0169
2025-08-16,PRD-072,metal_housing,0,0,0,1.046,0.9923
2025-08-16,PRD-047,metal_housing,0,0,0,1.046,1.0668
2025-08-16,PRD-004,control_board,0,0,0,1.046,0.9902
2025-08-16,PRD-040,control_board,0,0,0,1.046,1.0117
2025-08-16,PRD-033,control_board,0,0,0,1.046,0.9524
2025-08-16,PRD-059,control_board,4233,0,0,1.046,0.9344
2025-08-16,PRD-075,industrial_switch,0,0,0,1.046,1.0433
2025-08-16,PRD-070,industrial_switch,0,0,0,1.046,0.9918
2025-08-16,PRD-024,connector,2354,0,0,1.046,0.9345
2025-08-16,PRD-074,sensor_module,0,0,0,1.046,0.9584
2025-08-17,PRD-045,control_board,0,0,0,1.049,1.0039
2025-08-17,PRD-056,industrial_switch,0,0,0,1.049,1.0453
2025-08-17,PRD-042,connector,0,0,0,1.049,1.0022
2025-08-17,PRD-059,control_board,0,0,0,1.049,0.9327
2025-08-17,PRD-074,sensor_module,0,0,0,1.049,1.0631
2025-08-17,PRD-028,industrial_switch,0,0,0,1.049,1.0658
2025-08-17,PRD-026,power_unit,0,0,0,1.049,1.0671
2025-08-17,PRD-049,power_unit,0,0,0,1.049,0.9979
2025-08-17,PRD-062,sensor_module,0,0,0,1.049,0.9858
2025-08-17,PRD-017,metal_housing,3800,0,0,1.049,1.0664
2025-08-17,PRD-029,connector,0,0,0,1.049,0.941
2025-08-17,PRD-012,connector,0,0,0,1.049,0.9559
2025-08-17,PRD-046,control_board,19036,0,0,1.049,1.0273
2025-08-17,PRD-076,metal_housing,0,0,0,1.049,0.9586
2025-08-17,PRD-078,connector,0,0,0,1.049,1.0596
2025-08-17,PRD-050,control_board,0,0,0,1.049,1.0287
2025-08-17,PRD-053,industrial_switch,0,0,0,1.049,0.9802
2025-08-17,PRD-032,connector,0,0,0,1.049,1.0352
2025-08-17,PRD-037,control_board,0,0,0,1.049,0.9863
2025-08-17,PRD-064,power_unit,0,0,0,1.049,0.9629
2025-08-18,PRD-017,metal_housing,0,0,1,1.0519,0.9302
2025-08-18,PRD-062,sensor_module,8918,0,1,1.0519,0.9598
2025-08-18,PRD-034,power_unit,0,0,1,1.0519,1.0085
2025-08-18,PRD-052,metal_housing,0,0,1,1.0519,0.9588
2025-08-18,PRD-033,control_board,0,0,1,1.0519,1.0356
2025-08-18,PRD-080,metal_housing,0,1,1,1.0519,1.0574
2025-08-18,PRD-030,sensor_module,0,0,1,1.0519,0.9481
2025-08-18,PRD-005,industrial_switch,0,0,1,1.0519,1.0487
2025-08-18,PRD-071,connector,0,0,1,1.0519,0.976
2025-08-18,PRD-010,power_unit,0,0,1,1.0519,1.0555
2025-08-18,PRD-066,metal_housing,0,0,1,1.0519,0.9604
2025-08-18,PRD-075,industrial_switch,0,0,1,1.0519,1.0201
2025-08-18,PRD-040,control_board,3294,0,1,1.0519,0.9843
2025-08-18,PRD-029,connector,0,0,1,1.0519,1.0143
2025-08-18,PRD-063,industrial_switch,0,0,1,1.0519,0.9879
2025-08-18,PRD-015,industrial_switch,0,0,1,1.0519,1.0626
2025-08-18,PRD-028,industrial_switch,0,0,1,1.0519,0.9509
2025-08-18,PRD-008,power_unit,0,0,1,1.0519,1.0062
2025-08-18,PRD-047,metal_housing,0,0,1,1.0519,0.9587
2025-08-18,PRD-018,sensor_module,0,0,1,1.0519,1.0519
2025-08-19,PRD-007,control_board,0,0,0,1.0549,1.0184
2025-08-19,PRD-003,power_unit,0,0,0,1.0549,0.996
2025-08-19,PRD-005,industrial_switch,0,0,0,1.0549,0.9717
2025-08-19,PRD-004,control_board,1228,0,0,1.0549,0.9357
2025-08-19,PRD-064,power_unit,0,0,0,1.0549,1.0591
2025-08-19,PRD-053,industrial_switch,0,0,0,1.0549,0.9529
2025-08-19,PRD-010,power_unit,4008,0,0,1.0549,0.9659
2025-08-19,PRD-022,industrial_switch,0,0,0,1.0549,1.0412
2025-08-19,PRD-046,control_board,0,0,0,1.0549,0.9538
2025-08-19,PRD-021,power_unit,0,0,0,1.0549,0.9753
2025-08-19,PRD-057,sensor_module,6290,0,0,1.0549,1.0487
2025-08-19,PRD-055,power_unit,4520,0,0,1.0549,1.0376
2025-08-19,PRD-056,industrial_switch,0,0,0,1.0549,0.9672
2025-08-19,PRD-038,connector,0,0,0,1.0549,0.9377
2025-08-19,PRD-026,power_unit,9224,0,0,1.0549,1.0511
2025-08-19,PRD-037,control_board,0,0,0,1.0549,0.9387
2025-08-19,PRD-016,connector,1664,0,0,1.0549,1.0101
2025-08-19,PRD-077,control_board,0,0,0,1.0549,0.9787
2025-08-19,PRD-068,connector,0,0,0,1.0549,1.01
2025-08-19,PRD-030,sensor_module,0,0,0,1.0549,1.0078
2025-08-20,PRD-008,power_unit,0,0,0,1.0578,1.0052
2025-08-20,PRD-063,industrial_switch,0,1,0,1.0578,0.9542
2025-08-20,PRD-017,metal_housing,7878,0,0,1.0578,0.9533
2025-08-20,PRD-056,industrial_switch,0,0,0,1.0578,0.9615
2025-08-20,PRD-012,connector,0,0,0,1.0578,0.9676
2025-08-20,PRD-035,sensor_module,0,0,0,1.0578,1.061
2025-08-20,PRD-010,power_unit,0,0,0,1.0578,0.9564
2025-08-20,PRD-027,power_unit,0,0,0,1.0578,1.0657
2025-08-20,PRD-011,industrial_switch,0,0,0,1.0578,1.0384
2025-08-20,PRD-052,metal_housing,0,0,0,1.0578,0.9663
2025-08-20,PRD-077,control_board,2025,0,0,1.0578,1.0697
2025-08-20,PRD-004,control_board,0,0,0,1.0578,0.9819
2025-08-20,PRD-025,power_unit,0,0,0,1.0578,1.0086
2025-08-20,PRD-058,sensor_module,0,0,0,1.0578,1.0667
2025-08-20,PRD-043,industrial_switch,0,0,0,1.0578,1.0629
2025-08-20,PRD-020,control_board,0,0,0,1.0578,0.9438
2025-08-20,PRD-007,control_board,0,0,0,1.0578,0.9712
2025-08-20,PRD-066,metal_housing,0,1,0,1.0578,0.9973
2025-08-20,PRD-060,connector,0,0,0,1.0578,1.0409
2025-08-20,PRD-061,industrial_switch,0,0,0,1.0578,1.0679
2025-08-21,PRD-023,power_unit,0,0,0,1.0608,1.0675
2025-08-21,PRD-068,connector,0,0,0,1.0608,1.0213
2025-08-21,PRD-063,industrial_switch,0,1,0,1.0608,0.9578
2025-08-21,PRD-053,industrial_switch,0,0,0,1.0608,0.9896
2025-08-21,PRD-054,power_unit,0,0,0,1.0608,1.0131
2025-08-21,PRD-028,industrial_switch,0,0,0,1.0608,0.9426
2025-08-21,PRD-002,sensor_module,0,0,0,1.0608,0.9971
2025-08-21,PRD-027,power_unit,0,0,0,1.0608,1.0613
2025-08-21,PRD-060,connector,0,0,0,1.0608,1.0326
2025-08-21,PRD-036,connector,0,0,0,1.0608,0.9489
2025-08-21,PRD-029,connector,0,0,0,1.0608,0.932
2025-08-21,PRD-055,power_unit,0,0,0,1.0608,0.9438
2025-08-21,PRD-078,connector,0,0,0,1.0608,0.9778
2025-08-21,PRD-016,connector,2821,0,0,1.0608,1.0654
2025-08-21,PRD-076,metal_housing,3260,0,0,1.0608,1.0267
2025-08-21,PRD-043,industrial_switch,0,0,0,1.0608,0.9593
2025-08-21,PRD-050,control_board,0,0,0,1.0608,1.0305
2025-08-21,PRD-026,power_unit,1583,0,0,1.0608,1.0223
2025-08-21,PRD-049,power_unit,0,0,0,1.0608,0.9487
2025-08-21,PRD-069,sensor_module,0,0,0,1.0608,1.0268
2025-08-22,PRD-044,sensor_module,0,0,0,1.0637,0.9313
2025-08-22,PRD-054,power_unit,0,0,0,1.0637,0.9602
2025-08-22,PRD-031,connector,0,0,0,1.0637,0.9695
2025-08-22,PRD-010,power_unit,0,0,0,1.0637,1.0464
2025-08-22,PRD-058,sensor_module,0,0,0,1.0637,0.9541
2025-08-22,PRD-042,connector,0,0,0,1.0637,0.9885
2025-08-22,PRD-072,metal_housing,0,0,0,1.0637,1.0219
2025-08-22,PRD-039,industrial_switch,0,0,0,1.0637,0.9642
2025-08-22,PRD-067,sensor_module,0,1,0,1.0637,0.9542
2025-08-22,PRD-056,industrial_switch,3204,0,0,1.0637,1.0485
2025-08-22,PRD-019,control_board,0,0,0,1.0637,0.9352
2025-08-22,PRD-002,sensor_module,0,0,0,1.0637,1.0065
2025-08-22,PRD-017,metal_housing,0,0,0,1.0637,0.9376
2025-08-22,PRD-077,control_board,0,0,0,1.0637,1.0678
2025-08-22,PRD-035,sensor_module,0,1,0,1.0637,1.0479
2025-08-22,PRD-029,connector,1242,0,0,1.0637,1.0369
2025-08-22,PRD-049,power_unit,0,0,0,1.0637,0.9595
2025-08-22,PRD-068,connector,0,0,0,1.0637,0.9965
2025-08-22,PRD-057,sensor_module,0,0,0,1.0637,0.9967
2025-08-22,PRD-034,power_unit,0,0,0,1.0637,1.0623
2025-08-23,PRD-067,sensor_module,0,0,0,1.0666,0.9626
2025-08-23,PRD-040,control_board,0,0,0,1.0666,1.0062
2025-08-23,PRD-024,connector,0,1,0,1.0666,0.9335
2025-08-23,PRD-053,industrial_switch,17596,0,0,1.0666,0.9552
2025-08-23,PRD-012,connector,4971,0,0,1.0666,0.954
2025-08-23,PRD-043,industrial_switch,0,0,0,1.0666,1.0037
2025-08-23,PRD-062,sensor_module,0,0,0,1.0666,0.9765
2025-08-23,PRD-063,industrial_switch,0,0,0,1.0666,1.0215
2025-08-23,PRD-020,control_board,0,0,0,1.0666,1.0011
2025-08-23,PRD-049,power_unit,0,0,0,1.0666,0.9572
2025-08-23,PRD-054,power_unit,0,0,0,1.0666,1.0102
2025-08-23,PRD-041,control_board,0,0,0,1.0666,0.9352
2025-08-23,PRD-066,metal_housing,0,0,0,1.0666,1.0133
2025-08-23,PRD-069,sensor_module,0,0,0,1.0666,1.055
2025-08-23,PRD-059,control_board,36054,0,0,1.0666,1.003
2025-08-23,PRD-057,sensor_module,0,0,0,1.0666,0.9762
2025-08-23,PRD-009,power_unit,0,0,0,1.0666,1.0237
2025-08-23,PRD-071,connector,2011,0,0,1.0666,1.0117
2025-08-23,PRD-076,metal_housing,0,0,0,1.0666,1.0052
2025-08-23,PRD-005,industrial_switch,3249,0,0,1.0666,0.9643
2025-08-24,PRD-022,industrial_switch,0,0,0,1.0694,1.0141
2025-08-24,PRD-036,connector,0,0,0,1.0694,1.0568
2025-08-24,PRD-070,industrial_switch,0,0,0,1.0694,1.0156
2025-08-24,PRD-024,connector,0,0,0,1.0694,1.0628
2025-08-24,PRD-025,power_unit,0,0,0,1.0694,0.9886
2025-08-24,PRD-066,metal_housing,2972,0,0,1.0694,0.9602
2025-08-24,PRD-038,connector,10707,0,0,1.0694,1.0033
2025-08-24,PRD-031,connector,0,0,0,1.0694,1.0136
2025-08-24,PRD-035,sensor_module,571,0,0,1.0694,1.0184
2025-08-24,PRD-039,industrial_switch,4772,0,0,1.0694,1.0292
2025-08-24,PRD-052,metal_housing,0,0,0,1.0694,0.9441
2025-08-24,PRD-006,sensor_module,0,0,0,1.0694,0.9688
2025-08-24,PRD-071,connector,0,0,0,1.0694,0.9586
2025-08-24,PRD-075,industrial_switch,3655,0,0,1.0694,1.0688
2025-08-24,PRD-033,control_board,0,0,0,1.0694,1.0432
2025-08-24,PRD-021,power_unit,0,0,0,1.0694,0.9905
2025-08-24,PRD-011,industrial_switch,4443,0,0,1.0694,1.0674
2025-08-24,PRD-029,connector,0,0,0,1.0694,1.0464
2025-08-24,PRD-058,sensor_module,0,0,0,1.0694,1.01
2025-08-24,PRD-068,connector,0,0,0,1.0694,1.0058
2025-08-25,PRD-036,connector,0,0,1,1.0723,1.0221
2025-08-25,PRD-075,industrial_switch,0,0,1,1.0723,1.0167
2025-08-25,PRD-050,control_board,0,0,1,1.0723,1.0658
2025-08-25,PRD-038,connector,0,0,1,1.0723,0.9548
2025-08-25,PRD-026,power_unit,0,0,1,1.0723,0.9697
2025-08-25,PRD-044,sensor_module,9886,0,1,1.0723,1.0051
2025-08-25,PRD-070,industrial_switch,0,1,1,1.0723,0.9457
2025-08-25,PRD-034,power_unit,1930,0,1,1.0723,0.9788
2025-08-25,PRD-067,sensor_module,0,0,1,1.0723,1.0676
2025-08-25,PRD-021,power_unit,1637,0,1,1.0723,0.9311
2025-08-25,PRD-078,connector,0,0,1,1.0723,0.9533
2025-08-25,PRD-003,power_unit,0,0,1,1.0723,1.0483
2025-08-25,PRD-004,control_board,0,0,1,1.0723,1.0368
2025-08-25,PRD-017,metal_housing,0,0,1,1.0723,1.0513
2025-08-25,PRD-061,industrial_switch,0,0,1,1.0723,1.0427
2025-08-25,PRD-011,industrial_switch,0,0,1,1.0723,1.0172
2025-08-25,PRD-035,sensor_module,0,0,1,1.0723,1.0491
2025-08-25,PRD-052,metal_housing,0,0,1,1.0723,1.0566
2025-08-25,PRD-020,control_board,0,0,1,1.0723,0.9315
2025-08-25,PRD-028,industrial_switch,0,0,1,1.0723,0.9758
2025-08-26,PRD-023,power_unit,0,0,0,1.0751,0.9366
2025-08-26,PRD-004,control_board,0,0,0,1.0751,0.9884
2025-08-26,PRD-065,connector,5297,0,0,1.0751,0.9882
2025-08-26,PRD-051,control_board,8045,0,0,1.0751,0.9653
2025-08-26,PRD-052,metal_housing,0,0,0,1.0751,0.9876
2025-08-26,PRD-036,connector,0,0,0,1.0751,0.9832
2025-08-26,PRD-053,industrial_switch,0,0,0,1.0751,1.0055
2025-08-26,PRD-020,control_board,0,0,0,1.0751,1.0475
2025-08-26,PRD-047,metal_housing,1375,0,0,1.0751,0.9307
2025-08-26,PRD-059,control_board,0,0,0,1.0751,0.9937
2025-08-26,PRD-063,industrial_switch,0,0,0,1.0751,0.9742
2025-08-26,PRD-055,power_unit,0,0,0,1.0751,1.0602
2025-08-26,PRD-066,metal_housing,0,0,0,1.0751,0.9845
2025-08-26,PRD-033,control_board,0,0,0,1.0751,1.0658
2025-08-26,PRD-049,power_unit,0,0,0,1.0751,1.0349
2025-08-26,PRD-014,industrial_switch,7551,0,0,1.0751,0.9703
2025-08-26,PRD-006,sensor_module,0,0,0,1.0751,1.029
2025-08-26,PRD-037,control_board,0,0,0,1.0751,0.9558
2025-08-26,PRD-031,connector,0,0,0,1.0751,1.0624
2025-08-26,PRD-018,sensor_module,0,0,0,1.0751,0.975
2025-08-27,PRD-006,sensor_module,0,0,0,1.0779,0.9838
2025-08-27,PRD-071,connector,0,0,0,1.0779,1.0343
2025-08-27,PRD-061,industrial_switch,0,0,0,1.0779,1.044
2025-08-27,PRD-010,power_unit,0,0,0,1.0779,0.9421
2025-08-27,PRD-058,sensor_module,0,0,0,1.0779,1.0165
2025-08-27,PRD-030,sensor_module,0,0,0,1.0779,0.9536
2025-08-27,PRD-012,connector,0,0,0,1.0779,0.9565
2025-08-27,PRD-028,industrial_switch,0,1,0,1.0779,1.0006
2025-08-27,PRD-040,control_board,0,0,0,1.0779,0.947
2025-08-27,PRD-042,connector,0,0,0,1.0779,0.9907
2025-08-27,PRD-069,sensor_module,0,0,0,1.0779,0.9907
2025-08-27,PRD-003,power_unit,0,0,0,1.0779,1.0238
2025-08-27,PRD-037,control_board,0,0,0,1.0779,1.0225
2025-08-27,PRD-075,industrial_switch,0,0,0,1.0779,0.9748
2025-08-27,PRD-029,connector,0,0,0,1.0779,1.0301
2025-08-27,PRD-048,power_unit,0,0,0,1.0779,1.0241
2025-08-27,PRD-056,industrial_switch,0,0,0,1.0779,1.0632
2025-08-27,PRD-011,industrial_switch,4452,0,0,1.0779,1.0035
2025-08-27,PRD-063,industrial_switch,0,0,0,1.0779,0.9579
2025-08-27,PRD-065,connector,0,0,0,1.0779,0.9705
2025-08-28,PRD-069,sensor_module,5867,0,0,1.0807,0.9597
2025-08-28,PRD-011,industrial_switch,0,0,0,1.0807,0.9491
2025-08-28,PRD-007,control_board,1454,0,0,1.0807,0.9834
2025-08-28,PRD-062,sensor_module,0,0,0,1.0807,1.0397
2025-08-28,PRD-020,control_board,1360,0,0,1.0807,0.9668
2025-08-28,PRD-052,metal_housing,4543,0,0,1.0807,1.0199
2025-08-28,PRD-074,sensor_module,0,0,0,1.0807,0.9568
2025-08-28,PRD-047,metal_housing,0,0,0,1.0807,1.0398
2025-08-28,PRD-016,connector,0,0,0,1.0807,1.0431
2025-08-28,PRD-021,power_unit,0,0,0,1.0807,0.9744
2025-08-28,PRD-015,industrial_switch,12429,0,0,1.0807,0.9496
2025-08-28,PRD-075,industrial_switch,0,0,0,1.0807,1.0307
2025-08-28,PRD-046,control_board,0,0,0,1.0807,0.9749
2025-08-28,PRD-076,metal_housing,4154,0,0,1.0807,0.9409
2025-08-28,PRD-058,sensor_module,0,0,0,1.0807,1.0269
2025-08-28,PRD-033,control_board,0,0,0,1.0807,1.0356
2025-08-28,PRD-053,industrial_switch,0,0,0,1.0807,1.01
2025-08-28,PRD-037,control_board,0,0,0,1.0807,0.9465
2025-08-28,PRD-059,control_board,0,0,0,1.0807,0.938
2025-08-28,PRD-045,control_board,0,0,0,1.0807,0.9525
2025-08-29,PRD-066,metal_housing,0,0,0,1.0834,1.0463
2025-08-29,PRD-059,control_board,0,0,0,1.0834,1.0389
2025-08-29,PRD-042,connector,8635,0,0,1.0834,1.0064
2025-08-29,PRD-063,industrial_switch,0,0,0,1.0834,0.9792
2025-08-29,PRD-033,control_board,4037,0,0,1.0834,0.9891
2025-08-29,PRD-003,power_unit,3530,0,0,1.0834,1.0378
2025-08-29,PRD-072,metal_housing,0,0,0,1.0834,0.9926
2025-08-29,PRD-035,sensor_module,0,0,0,1.0834,0.949
2025-08-29,PRD-064,power_unit,1857,0,0,1.0834,0.9774
2025-08-29,PRD-075,industrial_switch,0,0,0,1.0834,0.9985
2025-08-29,PRD-076,metal_housing,8087,0,0,1.0834,1.0366
2025-08-29,PRD-060,connector,0,0,0,1.0834,1.0352
2025-08-29,PRD-025,power_unit,0,0,0,1.0834,0.935
2025-08-29,PRD-058,sensor_module,0,1,0,1.0834,1.0488
2025-08-29,PRD-061,industrial_switch,0,0,0,1.0834,0.9755
2025-08-29,PRD-048,power_unit,0,0,0,1.0834,0.9773
2025-08-29,PRD-031,connector,0,0,0,1.0834,0.9649
2025-08-29,PRD-043,industrial_switch,0,0,0,1.0834,0.9523
2025-08-29,PRD-023,power_unit,0,0,0,1.0834,0.986
2025-08-29,PRD-074,sensor_module,0,0,0,1.0834,0.9501
2025-08-30,PRD-058,sensor_module,0,0,0,1.0862,1.0234
2025-08-30,PRD-078,connector,0,0,0,1.0862,1.0443
2025-08-30,PRD-011,industrial_switch,0,0,0,1.0862,1.042
2025-08-30,PRD-041,control_board,2006,0,0,1.0862,1.0385
2025-08-30,PRD-019,control_board,0,0,0,1.0862,1.0502
2025-08-30,PRD-028,industrial_switch,0,0,0,1.0862,1.0045
2025-08-30,PRD-042,connector,0,0,0,1.0862,0.9654
2025-08-30,PRD-015,industrial_switch,0,0,0,1.0862,1.0146
2025-08-30,PRD-061,industrial_switch,0,0,0,1.0862,0.9556
2025-08-30,PRD-014,industrial_switch,0,0,0,1.0862,1.0293
2025-08-30,PRD-053,industrial_switch,0,0,0,1.0862,1.0364
2025-08-30,PRD-022,industrial_switch,4210,0,0,1.0862,0.9343
2025-08-30,PRD-046,control_board,0,0,0,1.0862,1.0517
2025-08-30,PRD-077,control_board,0,0,0,1.0862,0.946
2025-08-30,PRD-055,power_unit,0,0,0,1.0862,1.0198
2025-08-30,PRD-054,power_unit,4876,0,0,1.0862,1.0529
2025-08-30,PRD-056,industrial_switch,2281,0,0,1.0862,0.9641
2025-08-30,PRD-025,power_unit,0,0,0,1.0862,0.9579
2025-08-30,PRD-072,metal_housing,0,0,0,1.0862,0.9673
2025-08-30,PRD-066,metal_housing,0,0,0,1.0862,1.0427
2025-08-31,PRD-014,industrial_switch,0,0,0,1.0889,0.9745
2025-08-31,PRD-022,industrial_switch,0,0,0,1.0889,1.0434
2025-08-31,PRD-057,sensor_module,8188,0,0,1.0889,0.9542
2025-08-31,PRD-050,control_board,0,0,0,1.0889,1.0079
2025-08-31,PRD-060,connector,9537,0,0,1.0889,0.9637
2025-08-31,PRD-046,control_board,0,0,0,1.0889,0.9398
2025-08-31,PRD-002,sensor_module,0,0,0,1.0889,1.0665
2025-08-31,PRD-054,power_unit,1772,0,0,1.0889,0.9625
2025-08-31,PRD-058,sensor_module,0,0,0,1.0889,1.0212
2025-08-31,PRD-042,connector,4286,0,0,1.0889,1.0
2025-08-31,PRD-039,industrial_switch,0,0,0,1.0889,1.0379
2025-08-31,PRD-076,metal_housing,0,0,0,1.0889,0.9997
2025-08-31,PRD-062,sensor_module,0,0,0,1.0889,0.9717
2025-08-31,PRD-073,connector,0,0,0,1.0889,1.0635
2025-08-31,PRD-065,connector,0,0,0,1.0889,0.9674
2025-08-31,PRD-061,industrial_switch,0,0,0,1.0889,1.0471
2025-08-31,PRD-015,industrial_switch,0,0,0,1.0889,0.9906
2025-08-31,PRD-064,power_unit,0,0,0,1.0889,0.9575
2025-08-31,PRD-027,power_unit,0,0,0,1.0889,1.0007
2025-08-31,PRD-023,power_unit,0,0,0,1.0889,1.0339
2025-09-01,PRD-062,sensor_module,0,0,0,1.0916,1.0648
2025-09-01,PRD-001,sensor_module,0,0,0,1.0916,1.0305
2025-09-01,PRD-031,connector,0,0,0,1.0916,1.0272
2025-09-01,PRD-022,industrial_switch,0,0,0,1.0916,1.0302
2025-09-01,PRD-067,sensor_module,0,0,0,1.0916,0.9359
2025-09-01,PRD-043,industrial_switch,0,0,0,1.0916,0.9743
2025-09-01,PRD-056,industrial_switch,0,0,0,1.0916,0.9588
2025-09-01,PRD-064,power_unit,809,0,0,1.0916,1.0416
2025-09-01,PRD-016,connector,5915,0,0,1.0916,0.9517
2025-09-01,PRD-080,metal_housing,0,1,0,1.0916,0.954
2025-09-01,PRD-059,control_board,0,0,0,1.0916,0.9628
2025-09-01,PRD-068,connector,0,0,0,1.0916,1.0341
2025-09-01,PRD-041,control_board,0,0,0,1.0916,1.0343
2025-09-01,PRD-036,connector,0,0,0,1.0916,1.0443
2025-09-01,PRD-028,industrial_switch,0,0,0,1.0916,0.9984
2025-09-01,PRD-061,industrial_switch,0,0,0,1.0916,0.9835
2025-09-01,PRD-071,connector,4183,0,0,1.0916,0.9968
2025-09-01,PRD-060,connector,0,0,0,1.0916,1.0206
2025-09-01,PRD-027,power_unit,0,0,0,1.0916,0.9385
2025-09-01,PRD-048,power_unit,0,0,0,1.0916,0.9645
2025-09-02,PRD-014,industrial_switch,0,0,0,1.0942,0.9832
2025-09-02,PRD-065,connector,0,0,0,1.0942,0.937
2025-09-02,PRD-011,industrial_switch,0,0,0,1.0942,0.9305
2025-09-02,PRD-072,metal_housing,0,0,0,1.0942,1.0259
2025-09-02,PRD-041,control_board,0,0,0,1.0942,0.9394
2025-09-02,PRD-054,power_unit,0,0,0,1.0942,1.0321
2025-09-02,PRD-005,industrial_switch,0,0,0,1.0942,1.0296
2025-09-02,PRD-037,control_board,0,0,0,1.0942,1.0631
2025-09-02,PRD-020,control_board,0,0,0,1.0942,0.966
2025-09-02,PRD-071,connector,0,0,0,1.0942,0.9575
2025-09-02,PRD-066,metal_housing,0,0,0,1.0942,0.9647
2025-09-02,PRD-073,connector,0,0,0,1.0942,1.0413
2025-09-02,PRD-029,connector,0,0,0,1.0942,0.9464
2025-09-02,PRD-039,industrial_switch,0,0,0,1.0942,1.0094
2025-09-02,PRD-016,connector,42992,0,0,1.0942,1.0612
2025-09-02,PRD-049,power_unit,0,0,0,1.0942,0.9617
2025-09-02,PRD-043,industrial_switch,0,0,0,1.0942,0.9353
2025-09-02,PRD-031,connector,0,0,0,1.0942,0.9506
2025-09-02,PRD-015,industrial_switch,0,0,0,1.0942,1.0193
2025-09-02,PRD-018,sensor_module,0,0,0,1.0942,0.9866
2025-09-03,PRD-040,control_board,0,0,0,1.0968,1.0636
2025-09-03,PRD-076,metal_housing,2094,0,0,1.0968,1.058
2025-09-03,PRD-073,connector,0,0,0,1.0968,1.0599
2025-09-03,PRD-080,metal_housing,0,0,0,1.0968,1.017
2025-09-03,PRD-059,control_board,0,0,0,1.0968,1.0393
2025-09-03,PRD-028,industrial_switch,0,0,0,1.0968,1.0249
2025-09-03,PRD-047,metal_housing,0,0,0,1.0968,0.9534
2025-09-03,PRD-003,power_unit,0,0,0,1.0968,0.9373
2025-09-03,PRD-024,connector,0,0,0,1.0968,1.0519
2025-09-03,PRD-038,connector,0,0,0,1.0968,0.9679
2025-09-03,PRD-016,connector,1645,0,0,1.0968,0.9473
2025-09-03,PRD-042,connector,1182,0,0,1.0968,1.0418
2025-09-03,PRD-069,sensor_module,0,0,0,1.0968,1.0313
2025-09-03,PRD-026,power_unit,1335,0,0,1.0968,1.0654
2025-09-03,PRD-031,connector,0,0,0,1.0968,0.967
2025-09-03,PRD-037,control_board,1869,1,0,1.0968,1.026
2025-09-03,PRD-074,sensor_module,0,1,0,1.0968,0.9949
2025-09-03,PRD-061,industrial_switch,0,0,0,1.0968,1.0392
2025-09-03,PRD-045,control_board,4857,0,0,1.0968,0.9743
2025-09-03,PRD-066,metal_housing,0,0,0,1.0968,1.0015
2025-09-04,PRD-062,sensor_module,0,0,0,1.0994,1.0026
2025-09-04,PRD-039,industrial_switch,0,0,0,1.0994,1.0071
2025-09-04,PRD-079,connector,0,0,0,1.0994,1.009
2025-09-04,PRD-066,metal_housing,0,0,0,1.0994,1.0664
2025-09-04,PRD-067,sensor_module,0,0,0,1.0994,1.0098
2025-09-04,PRD-074,sensor_module,1619,0,0,1.0994,0.9885
2025-09-04,PRD-011,industrial_switch,0,0,0,1.0994,1.0694
2025-09-04,PRD-020,control_board,0,0,0,1.0994,0.9897
2025-09-04,PRD-058,sensor_module,0,0,0,1.0994,0.9941
2025-09-04,PRD-037,control_board,2054,0,0,1.0994,1.0528
2025-09-04,PRD-056,industrial_switch,0,0,0,1.0994,0.9744
2025-09-04,PRD-003,power_unit,0,0,0,1.0994,1.0526
2025-09-04,PRD-064,power_unit,0,0,0,1.0994,0.9969
2025-09-04,PRD-009,power_unit,0,0,0,1.0994,1.0309
2025-09-04,PRD-019,control_board,0,0,0,1.0994,1.0508
2025-09-04,PRD-031,connector,3677,0,0,1.0994,0.9742
2025-09-04,PRD-057,sensor_module,4515,0,0,1.0994,1.0622
2025-09-04,PRD-021,power_unit,0,0,0,1.0994,1.0301
2025-09-04,PRD-014,industrial_switch,0,0,0,1.0994,1.0279
2025-09-04,PRD-005,industrial_switch,0,0,0,1.0994,1.0124
2025-09-05,PRD-051,control_board,8659,0,0,1.102,1.0469
2025-09-05,PRD-003,power_unit,0,0,0,1.102,1.0441
2025-09-05,PRD-057,sensor_module,0,0,0,1.102,1.0286
2025-09-05,PRD-067,sensor_module,0,0,0,1.102,0.9516
2025-09-05,PRD-053,industrial_switch,0,0,0,1.102,1.069
2025-09-05,PRD-050,control_board,3005,0,0,1.102,0.9962
2025-09-05,PRD-020,control_board,0,0,0,1.102,0.9333
2025-09-05,PRD-038,connector,0,0,0,1.102,0.9589
2025-09-05,PRD-064,power_unit,16016,0,0,1.102,1.0276
2025-09-05,PRD-002,sensor_module,5851,0,0,1.102,0.9469
2025-09-05,PRD-004,control_board,8133,0,0,1.102,1.0423
2025-09-05,PRD-001,sensor_module,0,0,0,1.102,0.9803
2025-09-05,PRD-019,control_board,0,0,0,1.102,1.0157
2025-09-05,PRD-045,control_board,0,0,0,1.102,0.992
2025-09-05,PRD-023,power_unit,0,0,0,1.102,1.0502
2025-09-05,PRD-070,industrial_switch,0,0,0,1.102,1.0309
2025-09-05,PRD-031,connector,7253,0,0,1.102,0.9944
2025-09-05,PRD-078,connector,0,0,0,1.102,0.9827
2025-09-05,PRD-047,metal_housing,0,0,0,1.102,1.0167
2025-09-05,PRD-080,metal_housing,0,0,0,1.102,0.9409
2025-09-06,PRD-044,sensor_module,0,0,0,1.1045,0.9688
2025-09-06,PRD-022,industrial_switch,2329,0,0,1.1045,0.9702
2025-09-06,PRD-010,power_unit,4701,0,0,1.1045,1.0522
2025-09-06,PRD-033,control_board,0,0,0,1.1045,0.9564
2025-09-06,PRD-078,connector,0,0,0,1.1045,1.0203
2025-09-06,PRD-017,metal_housing,0,0,0,1.1045,0.9903
2025-09-06,PRD-034,power_unit,0,0,0,1.1045,0.9316
2025-09-06,PRD-028,industrial_switch,0,0,0,1.1045,1.066
2025-09-06,PRD-043,industrial_switch,0,0,0,1.1045,1.0272
2025-09-06,PRD-019,control_board,0,0,0,1.1045,0.9323
2025-09-06,PRD-063,industrial_switch,0,0,0,1.1045,1.0138
2025-09-06,PRD-055,power_unit,0,0,0,1.1045,0.9368
2025-09-06,PRD-051,control_board,0,0,0,1.1045,1.0689
2025-09-06,PRD-040,control_board,0,0,0,1.1045,0.9515
2025-09-06,PRD-025,power_unit,0,0,0,1.1045,1.056
2025-09-06,PRD-073,connector,0,1,0,1.1045,0.9999
2025-09-06,PRD-038,connector,0,0,0,1.1045,1.0003
2025-09-06,PRD-011,industrial_switch,0,0,0,1.1045,0.9355
2025-09-06,PRD-071,connector,0,0,0,1.1045,0.9526
2025-09-06,PRD-058,sensor_module,2591,0,0,1.1045,1.0016
2025-09-07,PRD-010,power_unit,0,1,0,1.1071,1.0239
2025-09-07,PRD-024,connector,0,0,0,1.1071,1.0409
2025-09-07,PRD-049,power_unit,0,0,0,1.1071,1.0639
2025-09-07,PRD-030,sensor_module,4565,0,0,1.1071,1.0388
2025-09-07,PRD-012,connector,0,0,0,1.1071,1.042
2025-09-07,PRD-008,power_unit,6374,0,0,1.1071,0.9881
2025-09-07,PRD-033,control_board,0,0,0,1.1071,0.9606
2025-09-07,PRD-044,sensor_module,0,0,0,1.1071,0.9594
2025-09-07,PRD-005,industrial_switch,16307,0,0,1.1071,0.9576
2025-09-07,PRD-071,connector,0,0,0,1.1071,0.9948
2025-09-07,PRD-050,control_board,5667,0,0,1.1071,1.0535
2025-09-07,PRD-032,connector,0,0,0,1.1071,1.0256
2025-09-07,PRD-037,control_board,0,0,0,1.1071,0.9561
2025-09-07,PRD-015,industrial_switch,0,0,0,1.1071,1.0459
2025-09-07,PRD-034,power_unit,0,1,0,1.1071,1.0518
2025-09-07,PRD-022,industrial_switch,1012,0,0,1.1071,1.0095
2025-09-07,PRD-036,connector,0,0,0,1.1071,0.9632
2025-09-07,PRD-038,connector,0,0,0,1.1071,1.0437
2025-09-07,PRD-060,connector,0,0,0,1.1071,1.0325
2025-09-07,PRD-011,industrial_switch,0,0,0,1.1071,0.9312
2025-09-08,PRD-027,power_unit,0,0,0,1.1095,0.9421
2025-09-08,PRD-015,industrial_switch,0,0,0,1.1095,1.0353
2025-09-08,PRD-066,metal_housing,0,0,0,1.1095,1.0696
2025-09-08,PRD-009,power_unit,0,0,0,1.1095,1.0033
2025-09-08,PRD-002,sensor_module,0,0,0,1.1095,1.0552
2025-09-08,PRD-050,control_board,0,0,0,1.1095,0.9713
2025-09-08,PRD-003,power_unit,0,0,0,1.1095,1.0184
2025-09-08,PRD-014,industrial_switch,0,0,0,1.1095,1.0391
2025-09-08,PRD-068,connector,1786,0,0,1.1095,0.9654
2025-09-08,PRD-043,industrial_switch,0,0,0,1.1095,1.0475
2025-09-08,PRD-008,power_unit,0,0,0,1.1095,0.98
2025-09-08,PRD-030,sensor_module,2363,0,0,1.1095,1.0228
2025-09-08,PRD-039,industrial_switch,0,0,0,1.1095,1.0353
2025-09-08,PRD-053,industrial_switch,4626,0,0,1.1095,1.0
2025-09-08,PRD-007,control_board,4785,0,0,1.1095,0.9643
2025-09-08,PRD-079,connector,0,0,0,1.1095,1.0052
2025-09-08,PRD-031,connector,0,0,0,1.1095,1.0563
2025-09-08,PRD-041,control_board,0,0,0,1.1095,0.9652
2025-09-08,PRD-006,sensor_module,0,0,0,1.1095,0.997
2025-09-08,PRD-019,control_board,0,0,0,1.1095,0.987
2025-09-09,PRD-072,metal_housing,0,0,0,1.112,0.9551
2025-09-09,PRD-063,industrial_switch,6989,0,0,1.112,1.0338
2025-09-09,PRD-058,sensor_module,0,0,0,1.112,1.0374
2025-09-09,PRD-005,industrial_switch,0,0,0,1.112,1.0032
2025-09-09,PRD-014,industrial_switch,0,0,0,1.112,1.0082
2025-09-09,PRD-017,metal_housing,0,0,0,1.112,0.9817
2025-09-09,PRD-038,connector,1594,0,0,1.112,0.988
2025-09-09,PRD-021,power_unit,0,0,0,1.112,1.0655
2025-09-09,PRD-002,sensor_module,0,0,0,1.112,0.9381
2025-09-09,PRD-007,control_board,0,0,0,1.112,1.0435
2025-09-09,PRD-051,control_board,0,0,0,1.112,1.0461
2025-09-09,PRD-044,sensor_module,0,0,0,1.112,0.9801
2025-09-09,PRD-019,control_board,0,0,0,1.112,1.0314
2025-09-09,PRD-026,power_unit,0,1,0,1.112,0.9412
2025-09-09,PRD-075,industrial_switch,0,0,0,1.112,0.9686
2025-09-09,PRD-062,sensor_module,0,0,0,1.112,0.9915
2025-09-09,PRD-078,connector,0,0,0,1.112,0.9956
2025-09-09,PRD-036,connector,0,0,0,1.112,0.9462
2025-09-09,PRD-023,power_unit,0,0,0,1.112,1.0696
2025-09-09,PRD-080,metal_housing,3155,0,0,1.112,1.0519
2025-09-10,PRD-049,power_unit,0,0,0,1.1144,1.0263
2025-09-10,PRD-059,control_board,0,0,0,1.1144,1.054
2025-09-10,PRD-037,control_board,0,0,0,1.1144,1.0605
2025-09-10,PRD-004,control_board,3089,0,0,1.1144,0.9983
2025-09-10,PRD-065,connector,0,0,0,1.1144,1.0234
2025-09-10,PRD-031,connector,0,0,0,1.1144,0.9306
2025-09-10,PRD-056,industrial_switch,0,0,0,1.1144,1.0561
2025-09-10,PRD-027,power_unit,0,0,0,1.1144,1.0689
2025-09-10,PRD-011,industrial_switch,0,0,0,1.1144,0.9983
2025-09-10,PRD-012,connector,3461,0,0,1.1144,0.9606
2025-09-10,PRD-068,connector,0,0,0,1.1144,0.9909
2025-09-10,PRD-002,sensor_module,2665,0,0,1.1144,1.0189
2025-09-10,PRD-057,sensor_module,0,0,0,1.1144,0.9907
2025-09-10,PRD-014,industrial_switch,0,0,0,1.1144,0.9529
2025-09-10,PRD-045,control_board,2569,0,0,1.1144,0.9412
2025-09-10,PRD-071,connector,0,0,0,1.1144,1.015
2025-09-10,PRD-021,power_unit,0,0,0,1.1144,1.0252
2025-09-10,PRD-018,sensor_module,0,0,0,1.1144,0.9434
2025-09-10,PRD-044,sensor_module,5311,0,0,1.1144,1.0208
2025-09-10,PRD-077,control_board,0,0,0,1.1144,1.0039
2025-09-11,PRD-040,control_board,0,0,0,1.1168,0.9948
2025-09-11,PRD-020,control_board,6901,0,0,1.1168,0.9974
2025-09-11,PRD-053,industrial_switch,2009,0,0,1.1168,0.9512
2025-09-11,PRD-022,industrial_switch,0,0,0,1.1168,1.0436
2025-09-11,PRD-028,industrial_switch,6022,0,0,1.1168,0.9431
2025-09-11,PRD-002,sensor_module,0,0,0,1.1168,1.0683
2025-09-11,PRD-041,control_board,1642,0,0,1.1168,1.0
2025-09-11,PRD-016,connector,0,0,0,1.1168,1.0298
2025-09-11,PRD-033,control_board,0,0,0,1.1168,1.028
2025-09-11,PRD-069,sensor_module,0,0,0,1.1168,1.0309
2025-09-11,PRD-032,connector,0,0,0,1.1168,1.0155
2025-09-11,PRD-025,power_unit,0,0,0,1.1168,1.0171
2025-09-11,PRD-005,industrial_switch,0,0,0,1.1168,1.0429
2025-09-11,PRD-080,metal_housing,0,0,0,1.1168,0.9637
2025-09-11,PRD-006,sensor_module,0,0,0,1.1168,1.04
2025-09-11,PRD-064,power_unit,0,0,0,1.1168,1.0081
2025-09-11,PRD-021,power_unit,0,0,0,1.1168,1.0402
2025-09-11,PRD-019,control_board,0,0,0,1.1168,1.0129
2025-09-11,PRD-007,control_board,0,0,0,1.1168,1.0345
2025-09-11,PRD-031,connector,0,0,0,1.1168,1.0328
2025-09-12,PRD-009,power_unit,0,0,0,1.1191,0.978
2025-09-12,PRD-038,connector,0,0,0,1.1191,1.0313
2025-09-12,PRD-010,power_unit,0,0,0,1.1191,0.9844
2025-09-12,PRD-008,power_unit,4605,0,0,1.1191,1.0404
2025-09-12,PRD-023,power_unit,955,0,0,1.1191,1.0536
2025-09-12,PRD-062,sensor_module,0,0,0,1.1191,0.9306
2025-09-12,PRD-034,power_unit,0,0,0,1.1191,0.9371
2025-09-12,PRD-057,sensor_module,1834,0,0,1.1191,1.0512
2025-09-12,PRD-001,sensor_module,0,0,0,1.1191,1.0072
2025-09-12,PRD-069,sensor_module,0,0,0,1.1191,0.9889
2025-09-12,PRD-059,control_board,0,0,0,1.1191,0.9992
2025-09-12,PRD-072,metal_housing,0,1,0,1.1191,1.0511
2025-09-12,PRD-033,control_board,5031,0,0,1.1191,1.0149
2025-09-12,PRD-037,control_board,0,0,0,1.1191,0.9716
2025-09-12,PRD-007,control_board,2593,0,0,1.1191,1.0522
2025-09-12,PRD-052,metal_housing,0,0,0,1.1191,0.9329
2025-09-12,PRD-012,connector,0,0,0,1.1191,0.9708
2025-09-12,PRD-017,metal_housing,0,0,0,1.1191,0.9953
2025-09-12,PRD-030,sensor_module,0,0,0,1.1191,0.9697
2025-09-12,PRD-039,industrial_switch,0,0,0,1.1191,0.9975
2025-09-13,PRD-060,connector,0,0,0,1.1214,1.0279
2025-09-13,PRD-011,industrial_switch,0,0,0,1.1214,0.9957
2025-09-13,PRD-077,control_board,0,0,0,1.1214,1.0501
2025-09-13,PRD-039,industrial_switch,0,0,0,1.1214,0.9897
2025-09-13,PRD-058,sensor_module,0,0,0,1.1214,1.0681
2025-09-13,PRD-078,connector,0,0,0,1.1214,0.9441
2025-09-13,PRD-046,control_board,0,0,0,1.1214,1.0124
2025-09-13,PRD-006,sensor_module,0,0,0,1.1214,0.9394
2025-09-13,PRD-073,connector,0,0,0,1.1214,0.9672
2025-09-13,PRD-004,control_board,0,0,0,1.1214,1.0168
2025-09-13,PRD-018,sensor_module,0,0,0,1.1214,0.9911
2025-09-13,PRD-066,metal_housing,0,0,0,1.1214,0.9384
2025-09-13,PRD-045,control_board,3836,0,0,1.1214,0.949
2025-09-13,PRD-068,connector,0,0,0,1.1214,0.9601
2025-09-13,PRD-029,connector,0,0,0,1.1214,0.9799
2025-09-13,PRD-054,power_unit,0,0,0,1.1214,1.0639
2025-09-13,PRD-067,sensor_module,0,1,0,1.1214,0.9464
2025-09-13,PRD-001,sensor_module,0,0,0,1.1214,0.9385
2025-09-13,PRD-076,metal_housing,0,0,0,1.1214,0.9724
2025-09-13,PRD-008,power_unit,0,0,0,1.1214,0.9847
2025-09-14,PRD-075,industrial_switch,0,0,0,1.1237,0.9761
2025-09-14,PRD-061,industrial_switch,0,0,0,1.1237,1.0294
2025-09-14,PRD-065,connector,0,0,0,1.1237,1.024
2025-09-14,PRD-057,sensor_module,0,0,0,1.1237,0.9658
2025-09-14,PRD-077,control_board,0,0,0,1.1237,1.0636
2025-09-14,PRD-060,connector,0,0,0,1.1237,1.0058
2025-09-14,PRD-021,power_unit,0,0,0,1.1237,0.9631
2025-09-14,PRD-044,sensor_module,5207,0,0,1.1237,0.9776
2025-09-14,PRD-019,control_board,0,0,0,1.1237,1.0661
2025-09-14,PRD-004,control_board,0,0,0,1.1237,0.9603
2025-09-14,PRD-039,industrial_switch,0,0,0,1.1237,0.9418
2025-09-14,PRD-074,sensor_module,0,0,0,1.1237,0.9553
2025-09-14,PRD-002,sensor_module,0,0,0,1.1237,1.0434
2025-09-14,PRD-055,power_unit,1703,0,0,1.1237,1.0566
2025-09-14,PRD-054,power_unit,0,0,0,1.1237,0.9903
2025-09-14,PRD-023,power_unit,0,0,0,1.1237,1.0198
2025-09-14,PRD-026,power_unit,2140,0,0,1.1237,0.9502
2025-09-14,PRD-013,industrial_switch,0,0,0,1.1237,1.0458
2025-09-14,PRD-080,metal_housing,0,0,0,1.1237,0.9535
2025-09-14,PRD-068,connector,0,0,0,1.1237,0.9864
2025-09-15,PRD-074,sensor_module,0,0,0,1.1259,0.9345
2025-09-15,PRD-059,control_board,0,0,0,1.1259,1.0254
2025-09-15,PRD-069,sensor_module,0,0,0,1.1259,0.9691
2025-09-15,PRD-060,connector,1178,0,0,1.1259,0.9388
2025-09-15,PRD-021,power_unit,0,0,0,1.1259,1.0209
2025-09-15,PRD-045,control_board,0,0,0,1.1259,1.0385
2025-09-15,PRD-061,industrial_switch,0,0,0,1.1259,1.014
2025-09-15,PRD-030,sensor_module,0,0,0,1.1259,1.055
2025-09-15,PRD-067,sensor_module,0,0,0,1.1259,0.9331
2025-09-15,PRD-034,power_unit,0,0,0,1.1259,1.0175
2025-09-15,PRD-055,power_unit,0,0,0,1.1259,1.0611
2025-09-15,PRD-023,power_unit,0,0,0,1.1259,0.9841
2025-09-15,PRD-056,industrial_switch,0,0,0,1.1259,0.9707
2025-09-15,PRD-043,industrial_switch,0,0,0,1.1259,1.0215
2025-09-15,PRD-001,sensor_module,0,0,0,1.1259,0.9555
2025-09-15,PRD-071,connector,0,0,0,1.1259,0.9873
2025-09-15,PRD-011,industrial_switch,0,0,0,1.1259,0.9778
2025-09-15,PRD-031,connector,0,0,0,1.1259,1.0322
2025-09-15,PRD-005,industrial_switch,7189,0,0,1.1259,1.0644
2025-09-15,PRD-037,control_board,3307,0,0,1.1259,1.0644
2025-09-16,PRD-068,connector,0,0,0,1.1281,0.995
2025-09-16,PRD-069,sensor_module,0,0,0,1.1281,1.0108
2025-09-16,PRD-009,power_unit,0,0,0,1.1281,0.9477
2025-09-16,PRD-014,industrial_switch,0,0,0,1.1281,0.9642
2025-09-16,PRD-031,connector,3816,0,0,1.1281,0.9873
2025-09-16,PRD-005,industrial_switch,0,0,0,1.1281,0.947
2025-09-16,PRD-023,power_unit,1788,0,0,1.1281,1.0241
2025-09-16,PRD-042,connector,0,0,0,1.1281,1.0164
2025-09-16,PRD-024,connector,0,0,0,1.1281,1.0244
2025-09-16,PRD-052,metal_housing,0,0,0,1.1281,0.9514
2025-09-16,PRD-075,industrial_switch,0,0,0,1.1281,1.0378
2025-09-16,PRD-038,connector,0,0,0,1.1281,1.013
2025-09-16,PRD-049,power_unit,0,0,0,1.1281,0.9502
2025-09-16,PRD-030,sensor_module,0,0,0,1.1281,0.9929
2025-09-16,PRD-073,connector,0,0,0,1.1281,1.0393
2025-09-16,PRD-050,control_board,0,0,0,1.1281,1.0554
2025-09-16,PRD-072,metal_housing,0,0,0,1.1281,1.0019
2025-09-16,PRD-002,sensor_module,0,0,0,1.1281,0.9874
2025-09-16,PRD-074,sensor_module,0,0,0,1.1281,0.9957
2025-09-16,PRD-065,connector,0,0,0,1.1281,0.9513
2025-09-17,PRD-013,industrial_switch,0,0,0,1.1303,0.9821
2025-09-17,PRD-011,industrial_switch,6703,0,0,1.1303,1.0375
2025-09-17,PRD-030,sensor_module,0,0,0,1.1303,0.9568
2025-09-17,PRD-069,sensor_module,2129,1,0,1.1303,1.0276
2025-09-17,PRD-040,control_board,0,0,0,1.1303,1.04
2025-09-17,PRD-043,industrial_switch,0,0,0,1.1303,1.0514
2025-09-17,PRD-079,connector,0,0,0,1.1303,0.9495
2025-09-17,PRD-008,power_unit,0,0,0,1.1303,0.9714
2025-09-17,PRD-020,control_board,0,0,0,1.1303,0.9939
2025-09-17,PRD-024,connector,0,0,0,1.1303,1.0641
2025-09-17,PRD-041,control_board,0,0,0,1.1303,0.9546
2025-09-17,PRD-015,industrial_switch,4823,0,0,1.1303,1.0275
2025-09-17,PRD-033,control_board,0,0,0,1.1303,1.0252
2025-09-17,PRD-004,control_board,1304,0,0,1.1303,1.0376
2025-09-17,PRD-006,sensor_module,0,0,0,1.1303,0.937
2025-09-17,PRD-059,control_board,0,0,0,1.1303,0.9517
2025-09-17,PRD-037,control_board,1285,0,0,1.1303,1.0179
2025-09-17,PRD-066,metal_housing,0,0,0,1.1303,0.9905
2025-09-17,PRD-045,control_board,0,0,0,1.1303,0.9605
2025-09-17,PRD-072,metal_housing,0,0,0,1.1303,1.034
2025-09-18,PRD-021,power_unit,0,0,0,1.1324,1.0241
2025-09-18,PRD-065,connector,0,0,0,1.1324,0.9602
2025-09-18,PRD-036,connector,1801,0,0,1.1324,0.948
2025-09-18,PRD-046,control_board,4416,0,0,1.1324,1.0323
2025-09-18,PRD-031,connector,0,0,0,1.1324,1.0501
2025-09-18,PRD-063,industrial_switch,0,0,0,1.1324,1.0175
2025-09-18,PRD-051,control_board,0,0,0,1.1324,0.936
2025-09-18,PRD-024,connector,0,0,0,1.1324,1.0488
2025-09-18,PRD-047,metal_housing,0,0,0,1.1324,1.0634
2025-09-18,PRD-060,connector,0,0,0,1.1324,0.9698
2025-09-18,PRD-045,control_board,6671,0,0,1.1324,1.0037
2025-09-18,PRD-079,connector,0,0,0,1.1324,1.0655
2025-09-18,PRD-066,metal_housing,0,0,0,1.1324,0.9447
2025-09-18,PRD-011,industrial_switch,0,0,0,1.1324,0.9406
2025-09-18,PRD-040,control_board,0,0,0,1.1324,0.938
2025-09-18,PRD-073,connector,0,0,0,1.1324,1.0359
2025-09-18,PRD-026,power_unit,0,0,0,1.1324,0.9966
2025-09-18,PRD-020,control_board,6053,0,0,1.1324,1.0463
2025-09-18,PRD-058,sensor_module,0,0,0,1.1324,1.0286
2025-09-18,PRD-053,industrial_switch,2364,0,0,1.1324,1.0099
2025-09-19,PRD-026,power_unit,1668,0,0,1.1345,1.0546
2025-09-19,PRD-080,metal_housing,0,1,0,1.1345,0.9752
2025-09-19,PRD-043,industrial_switch,0,0,0,1.1345,1.0547
2025-09-19,PRD-076,metal_housing,0,0,0,1.1345,0.9615
2025-09-19,PRD-056,industrial_switch,0,0,0,1.1345,1.0144
2025-09-19,PRD-011,industrial_switch,0,0,0,1.1345,1.0215
2025-09-19,PRD-029,connector,0,0,0,1.1345,0.9464
2025-09-19,PRD-019,control_board,0,0,0,1.1345,0.9409
2025-09-19,PRD-004,control_board,2717,0,0,1.1345,1.033
2025-09-19,PRD-055,power_unit,0,0,0,1.1345,0.9533
2025-09-19,PRD-069,sensor_module,0,0,0,1.1345,1.0683
2025-09-19,PRD-073,connector,0,0,0,1.1345,0.9727
2025-09-19,PRD-024,connector,0,1,0,1.1345,1.0232
2025-09-19,PRD-022,industrial_switch,0,0,0,1.1345,0.9647
2025-09-19,PRD-042,connector,0,0,0,1.1345,0.9828
2025-09-19,PRD-028,industrial_switch,0,0,0,1.1345,1.0256
2025-09-19,PRD-023,power_unit,0,0,0,1.1345,0.9581
2025-09-19,PRD-059,control_board,0,0,0,1.1345,1.0616
2025-09-19,PRD-037,control_board,0,0,0,1.1345,0.9566
2025-09-19,PRD-079,connector,0,0,0,1.1345,0.9575
2025-09-20,PRD-013,industrial_switch,0,0,0,1.1365,1.0097
2025-09-20,PRD-057,sensor_module,0,0,0,1.1365,0.9491
2025-09-20,PRD-062,sensor_module,0,0,0,1.1365,1.0474
2025-09-20,PRD-008,power_unit,0,0,0,1.1365,1.0501
2025-09-20,PRD-014,industrial_switch,2524,0,0,1.1365,1.0364
2025-09-20,PRD-056,industrial_switch,1084,0,0,1.1365,1.0359
2025-09-20,PRD-009,power_unit,0,0,0,1.1365,0.9854
2025-09-20,PRD-033,control_board,0,0,0,1.1365,0.9684
2025-09-20,PRD-007,control_board,0,0,0,1.1365,1.0505
2025-09-20,PRD-012,connector,0,0,0,1.1365,0.9324
2025-09-20,PRD-073,connector,0,0,0,1.1365,1.0595
2025-09-20,PRD-021,power_unit,4529,0,0,1.1365,1.0185
2025-09-20,PRD-018,sensor_module,0,0,0,1.1365,1.0184
2025-09-20,PRD-023,power_unit,0,0,0,1.1365,1.0133
2025-09-20,PRD-035,sensor_module,0,0,0,1.1365,1.0205
2025-09-20,PRD-052,metal_housing,0,0,0,1.1365,1.0552
2025-09-20,PRD-020,control_board,1392,0,0,1.1365,0.9413
2025-09-20,PRD-078,connector,0,0,0,1.1365,1.0418
2025-09-20,PRD-015,industrial_switch,11477,1,0,1.1365,0.9857
2025-09-20,PRD-049,power_unit,0,0,0,1.1365,1.0156
2025-09-21,PRD-040,control_board,0,0,0,1.1385,1.0648
2025-09-21,PRD-024,connector,0,0,0,1.1385,1.0141
2025-09-21,PRD-006,sensor_module,2997,0,0,1.1385,1.0206
2025-09-21,PRD-023,power_unit,0,0,0,1.1385,0.9531
2025-09-21,PRD-059,control_board,0,0,0,1.1385,0.9746
2025-09-21,PRD-015,industrial_switch,0,0,0,1.1385,1.0076
2025-09-21,PRD-002,sensor_module,0,0,0,1.1385,1.0476
2025-09-21,PRD-027,power_unit,8142,0,0,1.1385,1.0472
2025-09-21,PRD-066,metal_housing,0,0,0,1.1385,1.0269
2025-09-21,PRD-033,control_board,8573,0,0,1.1385,1.0004
2025-09-21,PRD-016,connector,0,0,0,1.1385,0.9747
2025-09-21,PRD-053,industrial_switch,0,0,0,1.1385,1.0557
2025-09-21,PRD-061,industrial_switch,0,0,0,1.1385,1.0438
2025-09-21,PRD-062,sensor_module,3517,0,0,1.1385,0.9305
2025-09-21,PRD-060,connector,0,0,0,1.1385,0.9783
2025-09-21,PRD-026,power_unit,0,0,0,1.1385,0.9989
2025-09-21,PRD-041,control_board,0,0,0,1.1385,0.9921
2025-09-21,PRD-046,control_board,0,0,0,1.1385,1.0607
2025-09-21,PRD-025,power_unit,0,0,0,1.1385,0.9636
2025-09-21,PRD-049,power_unit,0,0,0,1.1385,1.0425
2025-09-22,PRD-056,industrial_switch,0,0,0,1.1405,0.9747
2025-09-22,PRD-049,power_unit,0,0,0,1.1405,1.0469
2025-09-22,PRD-004,control_board,0,0,0,1.1405,1.019
2025-09-22,PRD-077,control_board,0,0,0,1.1405,1.0452
2025-09-22,PRD-032,connector,9816,0,0,1.1405,0.9658
2025-09-22,PRD-054,power_unit,3536,0,0,1.1405,0.9699
2025-09-22,PRD-070,industrial_switch,4348,0,0,1.1405,0.9501
2025-09-22,PRD-059,control_board,0,0,0,1.1405,1.009
2025-09-22,PRD-017,metal_housing,1051,0,0,1.1405,0.9647
2025-09-22,PRD-050,control_board,0,0,0,1.1405,0.9791
2025-09-22,PRD-045,control_board,0,0,0,1.1405,0.9556
2025-09-22,PRD-068,connector,1904,0,0,1.1405,1.0451
2025-09-22,PRD-012,connector,0,0,0,1.1405,1.0533
2025-09-22,PRD-003,power_unit,0,0,0,1.1405,1.0573
2025-09-22,PRD-055,power_unit,0,0,0,1.1405,0.9679
2025-09-22,PRD-019,control_board,0,1,0,1.1405,0.9654
2025-09-22,PRD-024,connector,0,0,0,1.1405,1.0111
2025-09-22,PRD-030,sensor_module,0,0,0,1.1405,0.9969
2025-09-22,PRD-075,industrial_switch,2284,0,0,1.1405,1.0075
2025-09-22,PRD-080,metal_housing,0,0,0,1.1405,1.0346
2025-09-23,PRD-058,sensor_module,4463,0,0,1.1424,0.996
2025-09-23,PRD-064,power_unit,0,0,0,1.1424,0.9893
2025-09-23,PRD-010,power_unit,7689,0,0,1.1424,1.0277
2025-09-23,PRD-020,control_board,3788,0,0,1.1424,0.9601
2025-09-23,PRD-069,sensor_module,0,0,0,1.1424,0.9682
2025-09-23,PRD-035,sensor_module,3744,0,0,1.1424,1.0119
2025-09-23,PRD-021,power_unit,0,0,0,1.1424,0.9838
2025-09-23,PRD-073,connector,0,0,0,1.1424,1.0477
2025-09-23,PRD-075,industrial_switch,0,0,0,1.1424,0.9613
2025-09-23,PRD-053,industrial_switch,0,0,0,1.1424,0.9516
2025-09-23,PRD-029,connector,0,0,0,1.1424,1.0628
2025-09-23,PRD-022,industrial_switch,0,0,0,1.1424,1.0595
2025-09-23,PRD-055,power_unit,0,0,0,1.1424,1.0438
2025-09-23,PRD-063,industrial_switch,0,0,0,1.1424,1.038
2025-09-23,PRD-052,metal_housing,0,0,0,1.1424,0.9572
2025-09-23,PRD-027,power_unit,0,0,0,1.1424,0.9677
2025-09-23,PRD-068,connector,0,0,0,1.1424,0.989
2025-09-23,PRD-015,industrial_switch,0,0,0,1.1424,0.9594
2025-09-23,PRD-031,connector,9182,0,0,1.1424,1.0131
2025-09-23,PRD-047,metal_housing,0,0,0,1.1424,0.9575
2025-09-24,PRD-019,control_board,0,0,0,1.1442,0.9485
2025-09-24,PRD-035,sensor_module,0,0,0,1.1442,0.9857
2025-09-24,PRD-057,sensor_module,0,0,0,1.1442,1.0048
2025-09-24,PRD-017,metal_housing,4019,0,0,1.1442,1.0525
2025-09-24,PRD-080,metal_housing,0,0,0,1.1442,0.9739
2025-09-24,PRD-005,industrial_switch,2627,0,0,1.1442,1.0435
2025-09-24,PRD-012,connector,0,0,0,1.1442,0.9933
2025-09-24,PRD-020,control_board,0,0,0,1.1442,1.0008
2025-09-24,PRD-038,connector,2613,0,0,1.1442,0.9463
2025-09-24,PRD-015,industrial_switch,0,0,0,1.1442,1.0034
2025-09-24,PRD-064,power_unit,0,0,0,1.1442,0.9828
2025-09-24,PRD-023,power_unit,0,0,0,1.1442,1.0411
2025-09-24,PRD-010,power_unit,1206,0,0,1.1442,0.969
2025-09-24,PRD-013,industrial_switch,0,0,0,1.1442,0.9953
2025-09-24,PRD-025,power_unit,0,0,0,1.1442,1.0345
2025-09-24,PRD-008,power_unit,0,0,0,1.1442,0.9633
2025-09-24,PRD-026,power_unit,0,0,0,1.1442,1.0267
2025-09-24,PRD-048,power_unit,0,0,0,1.1442,0.9441
2025-09-24,PRD-024,connector,0,0,0,1.1442,1.0182
2025-09-24,PRD-058,sensor_module,0,0,0,1.1442,1.0029
2025-09-25,PRD-061,industrial_switch,0,0,0,1.1461,1.0048
2025-09-25,PRD-033,control_board,0,0,0,1.1461,0.9694
2025-09-25,PRD-027,power_unit,0,0,0,1.1461,1.0461
2025-09-25,PRD-077,control_board,0,0,0,1.1461,0.9398
2025-09-25,PRD-011,industrial_switch,0,0,0,1.1461,1.0441
2025-09-25,PRD-071,connector,0,0,0,1.1461,1.042
2025-09-25,PRD-051,control_board,0,0,0,1.1461,1.0657
2025-09-25,PRD-072,metal_housing,0,0,0,1.1461,0.9498
2025-09-25,PRD-079,connector,0,0,0,1.1461,0.9431
2025-09-25,PRD-069,sensor_module,0,0,0,1.1461,1.0631
2025-09-25,PRD-068,connector,0,0,0,1.1461,0.9343
2025-09-25,PRD-016,connector,0,0,0,1.1461,1.0321
2025-09-25,PRD-010,power_unit,10295,0,0,1.1461,1.0228
2025-09-25,PRD-013,industrial_switch,0,0,0,1.1461,1.0515
2025-09-25,PRD-044,sensor_module,0,0,0,1.1461,0.9464
2025-09-25,PRD-007,control_board,1455,0,0,1.1461,0.9801
2025-09-25,PRD-031,connector,4394,0,0,1.1461,0.9386
2025-09-25,PRD-014,industrial_switch,0,0,0,1.1461,1.0266
2025-09-25,PRD-005,industrial_switch,0,0,0,1.1461,0.9701
2025-09-25,PRD-024,connector,0,0,0,1.1461,1.0556
2025-09-26,PRD-041,control_board,0,0,0,1.1479,1.0388
2025-09-26,PRD-003,power_unit,1569,0,0,1.1479,1.0619
2025-09-26,PRD-038,connector,0,0,0,1.1479,1.0272
2025-09-26,PRD-042,connector,0,0,0,1.1479,1.042
2025-09-26,PRD-036,connector,0,0,0,1.1479,1.0393
2025-09-26,PRD-017,metal_housing,0,0,0,1.1479,1.0591
2025-09-26,PRD-077,control_board,0,1,0,1.1479,1.0057
2025-09-26,PRD-066,metal_housing,0,0,0,1.1479,1.0508
2025-09-26,PRD-031,connector,0,0,0,1.1479,0.9334
2025-09-26,PRD-020,control_board,0,0,0,1.1479,1.0174
2025-09-26,PRD-068,connector,4777,0,0,1.1479,1.0461
2025-09-26,PRD-019,control_board,0,0,0,1.1479,0.9818
2025-09-26,PRD-011,industrial_switch,0,0,0,1.1479,0.9757
2025-09-26,PRD-008,power_unit,0,0,0,1.1479,0.9841
2025-09-26,PRD-067,sensor_module,0,0,0,1.1479,0.9688
2025-09-26,PRD-059,control_board,0,0,0,1.1479,1.0477
2025-09-26,PRD-060,connector,0,0,0,1.1479,1.0634
2025-09-26,PRD-052,metal_housing,0,0,0,1.1479,0.9646
2025-09-26,PRD-061,industrial_switch,0,0,0,1.1479,1.0228
2025-09-26,PRD-043,industrial_switch,0,0,0,1.1479,1.0434
2025-09-27,PRD-015,industrial_switch,2708,0,0,1.1496,0.9416
2025-09-27,PRD-007,control_board,0,0,0,1.1496,0.9751
2025-09-27,PRD-047,metal_housing,0,0,0,1.1496,0.9752
2025-09-27,PRD-008,power_unit,0,0,0,1.1496,1.012
2025-09-27,PRD-076,metal_housing,4756,0,0,1.1496,1.0034
2025-09-27,PRD-075,industrial_switch,0,0,0,1.1496,0.9633
2025-09-27,PRD-059,control_board,0,0,0,1.1496,1.0147
2025-09-27,PRD-025,power_unit,0,0,0,1.1496,0.9812
2025-09-27,PRD-078,connector,0,0,0,1.1496,1.0666
2025-09-27,PRD-074,sensor_module,35989,0,0,1.1496,0.9465
2025-09-27,PRD-002,sensor_module,4559,0,0,1.1496,0.9575
2025-09-27,PRD-067,sensor_module,0,0,0,1.1496,0.9625
2025-09-27,PRD-005,industrial_switch,0,0,0,1.1496,1.0197
2025-09-27,PRD-039,industrial_switch,0,0,0,1.1496,1.0587
2025-09-27,PRD-065,connector,0,1,0,1.1496,1.0272
2025-09-27,PRD-048,power_unit,0,0,0,1.1496,0.9466
2025-09-27,PRD-068,connector,0,0,0,1.1496,1.0224
2025-09-27,PRD-071,connector,2289,0,0,1.1496,0.9614
2025-09-27,PRD-028,industrial_switch,3913,0,0,1.1496,0.9434
2025-09-27,PRD-033,control_board,0,0,0,1.1496,0.9589
2025-09-28,PRD-043,industrial_switch,0,0,0,1.1513,1.0694
2025-09-28,PRD-007,control_board,0,0,0,1.1513,1.0526
2025-09-28,PRD-060,connector,3555,0,0,1.1513,1.0325
2025-09-28,PRD-022,industrial_switch,0,0,0,1.1513,0.94
2025-09-28,PRD-032,connector,0,0,0,1.1513,1.0157
2025-09-28,PRD-079,connector,0,0,0,1.1513,0.9812
2025-09-28,PRD-040,control_board,0,0,0,1.1513,1.0277
2025-09-28,PRD-050,control_board,0,0,0,1.1513,0.9453
2025-09-28,PRD-065,connector,0,1,0,1.1513,0.9813
2025-09-28,PRD-072,metal_housing,0,0,0,1.1513,0.9574
2025-09-28,PRD-068,connector,0,0,0,1.1513,1.0303
2025-09-28,PRD-030,sensor_module,3761,0,0,1.1513,1.0017
2025-09-28,PRD-034,power_unit,6604,0,0,1.1513,0.9614
2025-09-28,PRD-052,metal_housing,0,0,0,1.1513,0.9804
2025-09-28,PRD-012,connector,0,0,0,1.1513,0.9818
2025-09-28,PRD-075,industrial_switch,0,0,0,1.1513,0.9736
2025-09-28,PRD-003,power_unit,0,0,0,1.1513,1.0648
2025-09-28,PRD-071,connector,0,0,0,1.1513,0.9916
2025-09-28,PRD-062,sensor_module,0,0,0,1.1513,1.0245
2025-09-28,PRD-078,connector,0,0,0,1.1513,1.0563
2025-09-29,PRD-060,connector,0,0,0,1.153,0.9692
2025-09-29,PRD-074,sensor_module,0,0,0,1.153,1.0676
2025-09-29,PRD-061,industrial_switch,1560,0,0,1.153,1.0184
2025-09-29,PRD-051,control_board,10201,0,0,1.153,0.9667
2025-09-29,PRD-024,connector,0,0,0,1.153,0.9381
2025-09-29,PRD-001,sensor_module,0,0,0,1.153,1.0408
2025-09-29,PRD-056,industrial_switch,0,0,0,1.153,0.9712
2025-09-29,PRD-046,control_board,0,0,0,1.153,0.9574
2025-09-29,PRD-018,sensor_module,0,0,0,1.153,0.9999
2025-09-29,PRD-011,industrial_switch,0,0,0,1.153,1.0499
2025-09-29,PRD-064,power_unit,0,0,0,1.153,0.9987
2025-09-29,PRD-071,connector,0,0,0,1.153,0.9593
2025-09-29,PRD-058,sensor_module,0,0,0,1.153,0.9482
2025-09-29,PRD-040,control_board,0,0,0,1.153,1.0295
2025-09-29,PRD-076,metal_housing,0,0,0,1.153,1.0601
2025-09-29,PRD-077,control_board,0,0,0,1.153,1.031
2025-09-29,PRD-044,sensor_module,0,0,0,1.153,0.9427
2025-09-29,PRD-069,sensor_module,0,0,0,1.153,0.999
2025-09-29,PRD-049,power_unit,0,0,0,1.153,1.0615
2025-09-29,PRD-014,industrial_switch,0,0,0,1.153,1.0536
2025-09-30,PRD-065,connector,0,0,0,1.1546,1.036
2025-09-30,PRD-067,sensor_module,0,0,0,1.1546,1.0036
2025-09-30,PRD-022,industrial_switch,0,0,0,1.1546,0.972
2025-09-30,PRD-043,industrial_switch,0,0,0,1.1546,1.041
2025-09-30,PRD-003,power_unit,0,0,0,1.1546,0.9982
2025-09-30,PRD-053,industrial_switch,0,0,0,1.1546,1.0161
2025-09-30,PRD-050,control_board,0,0,0,1.1546,1.02
2025-09-30,PRD-073,connector,0,0,0,1.1546,1.0218
2025-09-30,PRD-048,power_unit,2973,0,0,1.1546,0.9356
2025-09-30,PRD-030,sensor_module,1972,0,0,1.1546,0.9382
2025-09-30,PRD-033,control_board,3450,0,0,1.1546,0.9985
2025-09-30,PRD-069,sensor_module,0,0,0,1.1546,0.934
2025-09-30,PRD-055,power_unit,0,0,0,1.1546,0.9612
2025-09-30,PRD-075,industrial_switch,0,0,0,1.1546,0.9552
2025-09-30,PRD-026,power_unit,0,0,0,1.1546,1.0385
2025-09-30,PRD-039,industrial_switch,0,0,0,1.1546,1.0645
2025-09-30,PRD-061,industrial_switch,0,0,0,1.1546,0.9922
2025-09-30,PRD-046,control_board,0,0,0,1.1546,1.0134
2025-09-30,PRD-007,control_board,0,0,0,1.1546,1.0489
2025-09-30,PRD-012,connector,0,0,0,1.1546,1.0173
2025-10-01,PRD-018,sensor_module,1946,0,0,1.1561,1.0001
2025-10-01,PRD-053,industrial_switch,0,0,0,1.1561,1.0236
2025-10-01,PRD-055,power_unit,0,1,0,1.1561,0.9698
2025-10-01,PRD-004,control_board,0,0,0,1.1561,1.0415
2025-10-01,PRD-043,industrial_switch,0,0,0,1.1561,0.9375
2025-10-01,PRD-006,sensor_module,0,0,0,1.1561,0.9802
2025-10-01,PRD-080,metal_housing,0,0,0,1.1561,0.9998
2025-10-01,PRD-047,metal_housing,0,0,0,1.1561,0.9438
2025-10-01,PRD-028,industrial_switch,0,0,0,1.1561,0.9395
2025-10-01,PRD-026,power_unit,2129,0,0,1.1561,0.9564
2025-10-01,PRD-064,power_unit,4589,1,0,1.1561,0.9636
2025-10-01,PRD-056,industrial_switch,0,0,0,1.1561,1.0384
2025-10-01,PRD-024,connector,0,0,0,1.1561,1.0131
2025-10-01,PRD-039,industrial_switch,0,0,0,1.1561,1.0564
2025-10-01,PRD-076,metal_housing,0,0,0,1.1561,0.9404
2025-10-01,PRD-040,control_board,8645,0,0,1.1561,0.932
2025-10-01,PRD-063,industrial_switch,0,0,0,1.1561,1.0161
2025-10-01,PRD-037,control_board,0,0,0,1.1561,0.9657
2025-10-01,PRD-044,sensor_module,0,0,0,1.1561,0.9988
2025-10-01,PRD-049,power_unit,2231,0,0,1.1561,0.9414
2025-10-02,PRD-044,sensor_module,0,0,0,1.1577,1.0604
2025-10-02,PRD-017,metal_housing,0,0,0,1.1577,0.9535
2025-10-02,PRD-075,industrial_switch,0,0,0,1.1577,0.9728
2025-10-02,PRD-006,sensor_module,0,0,0,1.1577,0.9865
2025-10-02,PRD-042,connector,4353,1,0,1.1577,0.9442
2025-10-02,PRD-008,power_unit,3592,0,0,1.1577,1.0475
2025-10-02,PRD-003,power_unit,0,0,0,1.1577,0.9587
2025-10-02,PRD-050,control_board,0,0,0,1.1577,1.0456
2025-10-02,PRD-010,power_unit,0,0,0,1.1577,1.0022
2025-10-02,PRD-036,connector,957,0,0,1.1577,0.9581
2025-10-02,PRD-029,connector,0,0,0,1.1577,0.9608
2025-10-02,PRD-065,connector,0,0,0,1.1577,1.0141
2025-10-02,PRD-046,control_board,0,0,0,1.1577,1.0309
2025-10-02,PRD-061,industrial_switch,0,0,0,1.1577,0.9506
2025-10-02,PRD-030,sensor_module,0,0,0,1.1577,0.9529
2025-10-02,PRD-012,connector,0,0,0,1.1577,1.0456
2025-10-02,PRD-021,power_unit,0,0,0,1.1577,0.9955
2025-10-02,PRD-058,sensor_module,0,0,0,1.1577,0.9793
2025-10-02,PRD-032,connector,1281,0,0,1.1577,1.007
2025-10-02,PRD-060,connector,0,0,0,1.1577,0.9541
2025-10-03,PRD-075,industrial_switch,0,0,0,1.1591,0.9349
2025-10-03,PRD-071,connector,0,0,0,1.1591,0.9683
2025-10-03,PRD-041,control_board,2417,0,0,1.1591,0.9873
2025-10-03,PRD-073,connector,0,0,0,1.1591,0.9623
2025-10-03,PRD-028,industrial_switch,0,0,0,1.1591,0.9677
2025-10-03,PRD-050,control_board,0,0,0,1.1591,0.9806
2025-10-03,PRD-059,control_board,7512,0,0,1.1591,0.9659
2025-10-03,PRD-052,metal_housing,0,0,0,1.1591,0.9774
2025-10-03,PRD-032,connector,0,0,0,1.1591,1.0527
2025-10-03,PRD-021,power_unit,0,0,0,1.1591,0.9796
2025-10-03,PRD-074,sensor_module,0,0,0,1.1591,1.0048
2025-10-03,PRD-064,power_unit,0,0,0,1.1591,0.9326
2025-10-03,PRD-010,power_unit,0,0,0,1.1591,0.9352
2025-10-03,PRD-043,industrial_switch,0,0,0,1.1591,0.9755
2025-10-03,PRD-066,metal_housing,0,0,0,1.1591,0.9348
2025-10-03,PRD-055,power_unit,6673,0,0,1.1591,0.9526
2025-10-03,PRD-009,power_unit,0,0,0,1.1591,0.97
2025-10-03,PRD-037,control_board,0,0,0,1.1591,1.0596
2025-10-03,PRD-025,power_unit,4076,0,0,1.1591,0.9521
2025-10-03,PRD-042,connector,0,0,0,1.1591,0.9788
2025-10-04,PRD-069,sensor_module,0,0,0,1.1606,1.0634
2025-10-04,PRD-037,control_board,0,0,0,1.1606,0.9736
2025-10-04,PRD-013,industrial_switch,0,0,0,1.1606,0.9952
2025-10-04,PRD-071,connector,0,0,0,1.1606,0.9782
2025-10-04,PRD-022,industrial_switch,0,0,0,1.1606,0.9736
2025-10-04,PRD-068,connector,0,0,0,1.1606,1.0129
2025-10-04,PRD-046,control_board,0,0,0,1.1606,0.9645
2025-10-04,PRD-045,control_board,0,0,0,1.1606,1.0546
2025-10-04,PRD-011,industrial_switch,0,0,0,1.1606,0.9749
2025-10-04,PRD-076,metal_housing,0,0,0,1.1606,1.0685
2025-10-04,PRD-014,industrial_switch,0,0,0,1.1606,0.9973
2025-10-04,PRD-001,sensor_module,0,0,0,1.1606,1.023
2025-10-04,PRD-040,control_board,0,0,0,1.1606,1.0449
2025-10-04,PRD-030,sensor_module,0,0,0,1.1606,0.9693
2025-10-04,PRD-056,industrial_switch,0,0,0,1.1606,1.0168
2025-10-04,PRD-002,sensor_module,0,0,0,1.1606,0.9353
2025-10-04,PRD-007,control_board,0,0,0,1.1606,1.0142
2025-10-04,PRD-025,power_unit,0,0,0,1.1606,0.9421
2025-10-04,PRD-065,connector,0,0,0,1.1606,1.0669
2025-10-04,PRD-003,power_unit,0,0,0,1.1606,0.9767
2025-10-05,PRD-018,sensor_module,0,0,0,1.1619,1.0252
2025-10-05,PRD-012,connector,0,0,0,1.1619,1.0522
2025-10-05,PRD-019,control_board,13998,0,0,1.1619,0.9995
2025-10-05,PRD-011,industrial_switch,0,0,0,1.1619,1.0148
2025-10-05,PRD-023,power_unit,4488,0,0,1.1619,0.9586
2025-10-05,PRD-042,connector,0,0,0,1.1619,0.972
2025-10-05,PRD-005,industrial_switch,0,1,0,1.1619,1.0516
2025-10-05,PRD-017,metal_housing,0,0,0,1.1619,1.0604
2025-10-05,PRD-040,control_board,0,0,0,1.1619,1.0124
2025-10-05,PRD-069,sensor_module,0,0,0,1.1619,1.0489
2025-10-05,PRD-052,metal_housing,0,0,0,1.1619,1.0381
2025-10-05,PRD-022,industrial_switch,0,0,0,1.1619,0.9698
2025-10-05,PRD-034,power_unit,0,0,0,1.1619,1.0164
2025-10-05,PRD-076,metal_housing,0,0,0,1.1619,0.9625
2025-10-05,PRD-054,power_unit,5440,0,0,1.1619,0.9522
2025-10-05,PRD-036,connector,0,0,0,1.1619,0.9742
2025-10-05,PRD-035,sensor_module,0,0,0,1.1619,1.0332
2025-10-05,PRD-058,sensor_module,0,0,0,1.1619,0.9935
2025-10-05,PRD-041,control_board,0,0,0,1.1619,0.9965
2025-10-05,PRD-068,connector,2465,0,0,1.1619,0.976
2025-10-06,PRD-014,industrial_switch,0,0,0,1.1633,0.9793
2025-10-06,PRD-010,power_unit,0,0,0,1.1633,1.0482
2025-10-06,PRD-047,metal_housing,0,0,0,1.1633,0.987
2025-10-06,PRD-029,connector,0,0,0,1.1633,1.0011
2025-10-06,PRD-033,control_board,3286,0,0,1.1633,0.9724
2025-10-06,PRD-058,sensor_module,0,0,0,1.1633,1.0554
2025-10-06,PRD-063,industrial_switch,0,0,0,1.1633,0.9475
2025-10-06,PRD-016,connector,0,0,0,1.1633,0.9956
2025-10-06,PRD-018,sensor_module,0,0,0,1.1633,0.9884
2025-10-06,PRD-007,control_board,0,0,0,1.1633,1.065
2025-10-06,PRD-006,sensor_module,0,0,0,1.1633,1.0612
2025-10-06,PRD-055,power_unit,3764,0,0,1.1633,0.9796
2025-10-06,PRD-054,power_unit,0,0,0,1.1633,0.969
2025-10-06,PRD-034,power_unit,0,0,0,1.1633,0.9521
2025-10-06,PRD-028,industrial_switch,0,0,0,1.1633,0.9716
2025-10-06,PRD-003,power_unit,0,0,0,1.1633,1.003
2025-10-06,PRD-025,power_unit,0,0,0,1.1633,0.9761
2025-10-06,PRD-026,power_unit,12446,0,0,1.1633,1.0592
2025-10-06,PRD-079,connector,0,0,0,1.1633,0.9973
2025-10-06,PRD-001,sensor_module,0,0,0,1.1633,0.9448
2025-10-07,PRD-035,sensor_module,0,0,0,1.1645,0.9496
2025-10-07,PRD-080,metal_housing,8707,0,0,1.1645,0.9441
2025-10-07,PRD-038,connector,0,0,0,1.1645,1.0085
2025-10-07,PRD-015,industrial_switch,0,0,0,1.1645,0.9381
2025-10-07,PRD-032,connector,0,0,0,1.1645,0.9902
2025-10-07,PRD-042,connector,0,0,0,1.1645,1.0032
2025-10-07,PRD-018,sensor_module,0,0,0,1.1645,0.9438
2025-10-07,PRD-011,industrial_switch,12498,0,0,1.1645,0.9806
2025-10-07,PRD-021,power_unit,0,0,0,1.1645,1.063
2025-10-07,PRD-006,sensor_module,0,0,0,1.1645,0.9977
2025-10-07,PRD-079,connector,0,0,0,1.1645,0.9392
2025-10-07,PRD-049,power_unit,0,0,0,1.1645,1.0426
2025-10-07,PRD-012,connector,0,0,0,1.1645,1.0417
2025-10-07,PRD-039,industrial_switch,0,0,0,1.1645,1.0383
2025-10-07,PRD-069,sensor_module,2597,0,0,1.1645,1.0413
2025-10-07,PRD-074,sensor_module,0,0,0,1.1645,0.9537
2025-10-07,PRD-064,power_unit,3518,0,0,1.1645,1.0456
2025-10-07,PRD-009,power_unit,0,0,0,1.1645,1.0499
2025-10-07,PRD-008,power_unit,0,0,0,1.1645,0.9768
2025-10-07,PRD-078,connector,3864,0,0,1.1645,1.007
2025-10-08,PRD-051,control_board,0,0,0,1.1658,1.016
2025-10-08,PRD-023,power_unit,0,0,0,1.1658,0.9938
2025-10-08,PRD-002,sensor_module,0,0,0,1.1658,0.9667
2025-10-08,PRD-057,sensor_module,0,0,0,1.1658,1.0108
2025-10-08,PRD-075,industrial_switch,0,0,0,1.1658,1.0584
2025-10-08,PRD-054,power_unit,0,0,0,1.1658,1.0399
2025-10-08,PRD-010,power_unit,0,0,0,1.1658,0.9563
2025-10-08,PRD-070,industrial_switch,0,0,0,1.1658,0.9926
2025-10-08,PRD-025,power_unit,0,0,0,1.1658,1.0696
2025-10-08,PRD-031,connector,0,0,0,1.1658,0.9816
2025-10-08,PRD-021,power_unit,0,0,0,1.1658,0.9923
2025-10-08,PRD-032,connector,0,0,0,1.1658,0.9666
2025-10-08,PRD-080,metal_housing,2606,0,0,1.1658,0.9366
2025-10-08,PRD-060,connector,0,0,0,1.1658,1.0556
2025-10-08,PRD-056,industrial_switch,7003,0,0,1.1658,0.9796
2025-10-08,PRD-003,power_unit,0,0,0,1.1658,1.0568
2025-10-08,PRD-005,industrial_switch,2274,0,0,1.1658,1.0455
2025-10-08,PRD-066,metal_housing,0,0,0,1.1658,0.9484
2025-10-08,PRD-045,control_board,0,0,0,1.1658,0.9635
2025-10-08,PRD-058,sensor_module,4442,0,0,1.1658,0.9451
2025-10-09,PRD-016,connector,0,0,0,1.167,1.0297
2025-10-09,PRD-075,industrial_switch,0,0,0,1.167,1.056
2025-10-09,PRD-066,metal_housing,0,0,0,1.167,0.9347
2025-10-09,PRD-073,connector,0,0,0,1.167,0.9734
2025-10-09,PRD-012,connector,7496,0,0,1.167,0.9592
2025-10-09,PRD-007,control_board,6980,0,0,1.167,0.9465
2025-10-09,PRD-026,power_unit,0,0,0,1.167,1.0038
2025-10-09,PRD-038,connector,0,0,0,1.167,0.989
2025-10-09,PRD-039,industrial_switch,1867,0,0,1.167,0.9882
2025-10-09,PRD-046,control_board,0,0,0,1.167,1.033
2025-10-09,PRD-022,industrial_switch,0,0,0,1.167,1.0315
2025-10-09,PRD-018,sensor_module,1633,0,0,1.167,1.015
2025-10-09,PRD-027,power_unit,6420,0,0,1.167,1.0331
2025-10-09,PRD-003,power_unit,4552,0,0,1.167,1.0615
2025-10-09,PRD-076,metal_housing,0,0,0,1.167,0.9683
2025-10-09,PRD-015,industrial_switch,0,0,0,1.167,0.9777
2025-10-09,PRD-077,control_board,0,0,0,1.167,1.0582
2025-10-09,PRD-067,sensor_module,0,0,0,1.167,0.969
2025-10-09,PRD-055,power_unit,0,0,0,1.167,1.0251
2025-10-09,PRD-043,industrial_switch,0,0,0,1.167,0.9512
2025-10-10,PRD-011,industrial_switch,0,0,0,1.1681,1.0187
2025-10-10,PRD-061,industrial_switch,0,0,0,1.1681,1.0518
2025-10-10,PRD-068,connector,0,0,0,1.1681,0.9714
2025-10-10,PRD-062,sensor_module,0,0,0,1.1681,1.0589
2025-10-10,PRD-013,industrial_switch,0,0,0,1.1681,0.9574
2025-10-10,PRD-010,power_unit,0,0,0,1.1681,1.0159
2025-10-10,PRD-033,control_board,0,0,0,1.1681,0.9665
2025-10-10,PRD-075,industrial_switch,0,0,0,1.1681,1.0309
2025-10-10,PRD-023,power_unit,0,0,0,1.1681,0.9959
2025-10-10,PRD-015,industrial_switch,6690,0,0,1.1681,0.9855
2025-10-10,PRD-077,control_board,0,0,0,1.1681,0.9764
2025-10-10,PRD-041,control_board,6733,0,0,1.1681,1.0006
2025-10-10,PRD-019,control_board,0,0,0,1.1681,0.9626
2025-10-10,PRD-056,industrial_switch,0,0,0,1.1681,1.0224
2025-10-10,PRD-014,industrial_switch,0,0,0,1.1681,1.0175
2025-10-10,PRD-026,power_unit,2329,0,0,1.1681,0.9962
2025-10-10,PRD-008,power_unit,0,0,0,1.1681,0.9602
2025-10-10,PRD-038,connector,0,0,0,1.1681,0.9574
2025-10-10,PRD-043,industrial_switch,0,1,0,1.1681,1.0451
2025-10-10,PRD-049,power_unit,4542,0,0,1.1681,0.9359
2025-10-11,PRD-072,metal_housing,0,0,0,1.1692,1.0612
2025-10-11,PRD-063,industrial_switch,0,0,0,1.1692,0.993
2025-10-11,PRD-077,control_board,0,0,0,1.1692,0.9519
2025-10-11,PRD-014,industrial_switch,0,0,0,1.1692,1.0226
2025-10-11,PRD-070,industrial_switch,0,0,0,1.1692,1.0699
2025-10-11,PRD-062,sensor_module,0,0,0,1.1692,1.0493
2025-10-11,PRD-068,connector,0,0,0,1.1692,0.9994
2025-10-11,PRD-002,sensor_module,0,0,0,1.1692,0.9458
2025-10-11,PRD-012,connector,0,0,0,1.1692,0.9399
2025-10-11,PRD-029,connector,4152,1,0,1.1692,0.968
2025-10-11,PRD-024,connector,0,0,0,1.1692,1.0198
2025-10-11,PRD-009,power_unit,0,0,0,1.1692,0.97
2025-10-11,PRD-043,industrial_switch,0,0,0,1.1692,1.0386
2025-10-11,PRD-023,power_unit,0,0,0,1.1692,1.0357
2025-10-11,PRD-079,connector,0,0,0,1.1692,0.9863
2025-10-11,PRD-037,control_board,0,0,0,1.1692,0.9493
2025-10-11,PRD-003,power_unit,0,0,0,1.1692,0.9506
2025-10-11,PRD-044,sensor_module,11675,0,0,1.1692,0.9907
2025-10-11,PRD-032,connector,0,0,0,1.1692,1.0589
2025-10-11,PRD-059,control_board,0,0,0,1.1692,1.0467
2025-10-12,PRD-036,connector,5685,0,0,1.1702,0.9743
2025-10-12,PRD-035,sensor_module,0,0,0,1.1702,1.0125
2025-10-12,PRD-064,power_unit,0,0,0,1.1702,1.0105
2025-10-12,PRD-006,sensor_module,0,0,0,1.1702,1.0142
2025-10-12,PRD-069,sensor_module,4131,0,0,1.1702,0.9639
2025-10-12,PRD-078,connector,0,0,0,1.1702,1.0149
2025-10-12,PRD-059,control_board,0,0,0,1.1702,0.9638
2025-10-12,PRD-031,connector,0,0,0,1.1702,1.026
2025-10-12,PRD-005,industrial_switch,0,0,0,1.1702,0.9863
2025-10-12,PRD-018,sensor_module,0,0,0,1.1702,1.0307
2025-10-12,PRD-051,control_board,0,0,0,1.1702,1.008
2025-10-12,PRD-040,control_board,0,0,0,1.1702,0.9691
2025-10-12,PRD-073,connector,0,0,0,1.1702,0.976
2025-10-12,PRD-056,industrial_switch,0,0,0,1.1702,1.0131
2025-10-12,PRD-025,power_unit,0,0,0,1.1702,0.9665
2025-10-12,PRD-004,control_board,3012,0,0,1.1702,0.9386
2025-10-12,PRD-033,control_board,0,0,0,1.1702,0.9444
2025-10-12,PRD-030,sensor_module,2097,0,0,1.1702,0.9448
2025-10-12,PRD-011,industrial_switch,0,0,0,1.1702,1.0102
2025-10-12,PRD-041,control_board,0,0,0,1.1702,1.0638
2025-10-13,PRD-074,sensor_module,0,0,0,1.1712,0.9953
2025-10-13,PRD-037,control_board,0,0,0,1.1712,1.0333
2025-10-13,PRD-069,sensor_module,8769,0,0,1.1712,1.0389
2025-10-13,PRD-024,connector,0,0,0,1.1712,1.0646
2025-10-13,PRD-059,control_board,0,0,0,1.1712,0.9375
2025-10-13,PRD-004,control_board,0,0,0,1.1712,1.0572
2025-10-13,PRD-033,control_board,0,0,0,1.1712,1.0026
2025-10-13,PRD-028,industrial_switch,0,0,0,1.1712,0.9308
2025-10-13,PRD-005,industrial_switch,0,0,0,1.1712,0.9915
2025-10-13,PRD-079,connector,0,0,0,1.1712,0.9638
2025-10-13,PRD-034,power_unit,3792,0,0,1.1712,0.9677
2025-10-13,PRD-032,connector,0,0,0,1.1712,0.9677
2025-10-13,PRD-070,industrial_switch,0,1,0,1.1712,0.9812
2025-10-13,PRD-057,sensor_module,0,0,0,1.1712,1.0584
2025-10-13,PRD-009,power_unit,0,0,0,1.1712,0.9337
2025-10-13,PRD-080,metal_housing,0,0,0,1.1712,0.957
2025-10-13,PRD-017,metal_housing,0,0,0,1.1712,0.9926
2025-10-13,PRD-073,connector,3782,0,0,1.1712,0.9775
2025-10-13,PRD-006,sensor_module,0,0,0,1.1712,1.06
2025-10-13,PRD-020,control_board,4513,0,0,1.1712,1.026
2025-10-14,PRD-028,industrial_switch,0,0,0,1.1721,0.949
2025-10-14,PRD-013,industrial_switch,0,0,0,1.1721,1.0463
2025-10-14,PRD-042,connector,0,0,0,1.1721,1.0299
2025-10-14,PRD-062,sensor_module,0,0,0,1.1721,0.9479
2025-10-14,PRD-073,connector,0,0,0,1.1721,1.0237
2025-10-14,PRD-066,metal_housing,0,0,0,1.1721,0.9541
2025-10-14,PRD-030,sensor_module,0,0,0,1.1721,0.9994
2025-10-14,PRD-021,power_unit,0,0,0,1.1721,0.9537
2025-10-14,PRD-063,industrial_switch,0,0,0,1.1721,1.0198
2025-10-14,PRD-043,industrial_switch,0,0,0,1.1721,0.9572
2025-10-14,PRD-040,control_board,0,0,0,1.1721,1.0517
2025-10-14,PRD-078,connector,2503,0,0,1.1721,1.0505
2025-10-14,PRD-045,control_board,0,0,0,1.1721,0.9599
2025-10-14,PRD-059,control_board,0,0,0,1.1721,0.9436
2025-10-14,PRD-017,metal_housing,0,0,0,1.1721,1.0508
2025-10-14,PRD-072,metal_housing,0,0,0,1.1721,1.0402
2025-10-14,PRD-024,connector,0,0,0,1.1721,0.9475
2025-10-14,PRD-007,control_board,0,0,0,1.1721,0.961
2025-10-14,PRD-005,industrial_switch,0,0,0,1.1721,1.0511
2025-10-14,PRD-067,sensor_module,1301,0,0,1.1721,0.9335
2025-10-15,PRD-016,connector,0,0,0,1.173,1.0252
2025-10-15,PRD-062,sensor_module,0,0,0,1.173,1.0042
2025-10-15,PRD-015,industrial_switch,0,0,0,1.173,0.9407
2025-10-15,PRD-023,power_unit,0,0,0,1.173,1.049
2025-10-15,PRD-049,power_unit,0,0,0,1.173,0.9943
2025-10-15,PRD-066,metal_housing,0,0,0,1.173,0.9512
2025-10-15,PRD-002,sensor_module,0,0,0,1.173,0.9684
2025-10-15,PRD-038,connector,0,0,0,1.173,0.9938
2025-10-15,PRD-017,metal_housing,0,0,0,1.173,1.0133
2025-10-15,PRD-067,sensor_module,1855,0,0,1.173,0.954
2025-10-15,PRD-057,sensor_module,0,0,0,1.173,1.0277
2025-10-15,PRD-040,control_board,0,0,0,1.173,0.951
2025-10-15,PRD-030,sensor_module,0,1,0,1.173,1.0092
2025-10-15,PRD-058,sensor_module,3088,0,0,1.173,0.9851
2025-10-15,PRD-005,industrial_switch,0,0,0,1.173,0.9659
2025-10-15,PRD-009,power_unit,5376,0,0,1.173,0.9722
2025-10-15,PRD-053,industrial_switch,0,0,0,1.173,0.9363
2025-10-15,PRD-055,power_unit,0,0,0,1.173,1.056
2025-10-15,PRD-063,industrial_switch,2670,0,0,1.173,0.9668
2025-10-15,PRD-018,sensor_module,0,0,0,1.173,0.9648
2025-10-16,PRD-001,sensor_module,0,0,0,1.1738,1.0611
2025-10-16,PRD-035,sensor_module,0,0,0,1.1738,0.9313
2025-10-16,PRD-004,control_board,8152,0,0,1.1738,0.945
2025-10-16,PRD-079,connector,0,0,0,1.1738,1.0278
2025-10-16,PRD-043,industrial_switch,0,0,0,1.1738,0.9464
2025-10-16,PRD-011,industrial_switch,0,0,0,1.1738,0.9849
2025-10-16,PRD-060,connector,0,0,0,1.1738,0.9482
2025-10-16,PRD-022,industrial_switch,0,0,0,1.1738,1.0696
2025-10-16,PRD-071,connector,0,0,0,1.1738,1.0619
2025-10-16,PRD-003,power_unit,0,0,0,1.1738,1.0278
2025-10-16,PRD-055,power_unit,0,0,0,1.1738,0.9539
2025-10-16,PRD-017,metal_housing,0,0,0,1.1738,1.0203
2025-10-16,PRD-028,industrial_switch,6270,1,0,1.1738,1.0588
2025-10-16,PRD-045,control_board,0,1,0,1.1738,1.0468
2025-10-16,PRD-080,metal_housing,0,0,0,1.1738,0.9968
2025-10-16,PRD-078,connector,0,0,0,1.1738,0.9879
2025-10-16,PRD-059,control_board,0,0,0,1.1738,1.0614
2025-10-16,PRD-041,control_board,0,0,0,1.1738,0.9755
2025-10-16,PRD-047,metal_housing,0,0,0,1.1738,1.0528
2025-10-16,PRD-048,power_unit,0,0,0,1.1738,0.9374
2025-10-17,PRD-041,control_board,0,0,0,1.1746,0.94
2025-10-17,PRD-062,sensor_module,0,0,0,1.1746,0.9954
2025-10-17,PRD-006,sensor_module,0,0,0,1.1746,1.0002
2025-10-17,PRD-049,power_unit,0,0,0,1.1746,0.9561
2025-10-17,PRD-023,power_unit,0,0,0,1.1746,0.9752
2025-10-17,PRD-068,connector,0,0,0,1.1746,0.9711
2025-10-17,PRD-052,metal_housing,8518,0,0,1.1746,0.9593
2025-10-17,PRD-027,power_unit,0,0,0,1.1746,0.9374
2025-10-17,PRD-078,connector,0,0,0,1.1746,1.0013
2025-10-17,PRD-001,sensor_module,0,0,0,1.1746,1.0475
2025-10-17,PRD-013,industrial_switch,0,0,0,1.1746,0.9949
2025-10-17,PRD-018,sensor_module,0,0,0,1.1746,0.9885
2025-10-17,PRD-004,control_board,0,0,0,1.1746,0.9828
2025-10-17,PRD-002,sensor_module,0,0,0,1.1746,0.9661
2025-10-17,PRD-008,power_unit,0,0,0,1.1746,0.9418
2025-10-17,PRD-007,control_board,0,0,0,1.1746,0.9818
2025-10-17,PRD-029,connector,0,0,0,1.1746,1.0096
2025-10-17,PRD-059,control_board,1503,0,0,1.1746,0.9393
2025-10-17,PRD-080,metal_housing,0,1,0,1.1746,0.9949
2025-10-17,PRD-060,connector,1568,0,0,1.1746,0.978
2025-10-18,PRD-038,connector,0,0,0,1.1753,1.0594
2025-10-18,PRD-013,industrial_switch,3706,0,0,1.1753,1.0506
2025-10-18,PRD-072,metal_housing,2552,0,0,1.1753,0.9441
2025-10-18,PRD-057,sensor_module,0,0,0,1.1753,1.0516
2025-10-18,PRD-074,sensor_module,0,0,0,1.1753,1.0438
2025-10-18,PRD-056,industrial_switch,0,0,0,1.1753,1.0651
2025-10-18,PRD-049,power_unit,0,0,0,1.1753,0.9388
2025-10-18,PRD-060,connector,0,0,0,1.1753,0.9839
2025-10-18,PRD-053,industrial_switch,0,0,0,1.1753,1.0128
2025-10-18,PRD-032,connector,0,0,0,1.1753,0.9661
2025-10-18,PRD-044,sensor_module,0,0,0,1.1753,0.9597
2025-10-18,PRD-021,power_unit,0,0,0,1.1753,0.9572
2025-10-18,PRD-054,power_unit,3822,0,0,1.1753,1.0659
2025-10-18,PRD-068,connector,787,0,0,1.1753,0.968
2025-10-18,PRD-014,industrial_switch,5136,0,0,1.1753,1.0223
2025-10-18,PRD-001,sensor_module,0,0,0,1.1753,0.9362
2025-10-18,PRD-010,power_unit,0,0,0,1.1753,1.0537
2025-10-18,PRD-063,industrial_switch,0,0,0,1.1753,0.9855
2025-10-18,PRD-020,control_board,0,0,0,1.1753,0.9828
2025-10-18,PRD-070,industrial_switch,0,0,0,1.1753,0.932
2025-10-19,PRD-037,control_board,1345,0,0,1.176,0.9564
2025-10-19,PRD-060,connector,0,0,0,1.176,1.0613
2025-10-19,PRD-026,power_unit,0,0,0,1.176,0.9358
2025-10-19,PRD-061,industrial_switch,0,0,0,1.176,1.0338
2025-10-19,PRD-046,control_board,4931,1,0,1.176,1.0186
2025-10-19,PRD-049,power_unit,15478,0,0,1.176,1.0432
2025-10-19,PRD-030,sensor_module,0,0,0,1.176,0.9934
2025-10-19,PRD-012,connector,0,0,0,1.176,0.9505
2025-10-19,PRD-054,power_unit,0,0,0,1.176,0.9535
2025-10-19,PRD-041,control_board,6751,1,0,1.176,0.9326
2025-10-19,PRD-042,connector,0,0,0,1.176,1.0137
2025-10-19,PRD-021,power_unit,0,0,0,1.176,1.0403
2025-10-19,PRD-039,industrial_switch,0,0,0,1.176,0.9769
2025-10-19,PRD-076,metal_housing,0,0,0,1.176,0.9917
2025-10-19,PRD-066,metal_housing,4913,0,0,1.176,0.9803
2025-10-19,PRD-011,industrial_switch,0,0,0,1.176,1.0641
2025-10-19,PRD-053,industrial_switch,0,0,0,1.176,0.934
2025-10-19,PRD-056,industrial_switch,0,0,0,1.176,1.0517
2025-10-19,PRD-079,connector,0,0,0,1.176,0.9567
2025-10-19,PRD-014,industrial_switch,0,0,0,1.176,0.945
2025-10-20,PRD-014,industrial_switch,0,0,0,1.1766,1.0366
2025-10-20,PRD-002,sensor_module,2031,0,0,1.1766,1.0412
2025-10-20,PRD-020,control_board,0,0,0,1.1766,1.0379
2025-10-20,PRD-031,connector,0,0,0,1.1766,1.0407
2025-10-20,PRD-034,power_unit,0,0,0,1.1766,1.0377
2025-10-20,PRD-028,industrial_switch,17661,0,0,1.1766,1.0364
2025-10-20,PRD-047,metal_housing,10433,0,0,1.1766,1.0365
2025-10-20,PRD-075,industrial_switch,0,0,0,1.1766,1.0057
2025-10-20,PRD-015,industrial_switch,3482,0,0,1.1766,0.9345
2025-10-20,PRD-057,sensor_module,2487,0,0,1.1766,1.0286
2025-10-20,PRD-072,metal_housing,0,0,0,1.1766,1.0299
2025-10-20,PRD-007,control_board,0,0,0,1.1766,1.0422
2025-10-20,PRD-063,industrial_switch,0,0,0,1.1766,0.9333
2025-10-20,PRD-055,power_unit,0,0,0,1.1766,0.9655
2025-10-20,PRD-035,sensor_module,0,0,0,1.1766,0.9583
2025-10-20,PRD-009,power_unit,0,0,0,1.1766,0.9406
2025-10-20,PRD-016,connector,0,0,0,1.1766,1.0104
2025-10-20,PRD-042,connector,0,0,0,1.1766,0.9526
2025-10-20,PRD-037,control_board,0,0,0,1.1766,0.9841
2025-10-20,PRD-049,power_unit,0,0,0,1.1766,1.034
2025-10-21,PRD-051,control_board,0,0,0,1.1772,1.0266
2025-10-21,PRD-072,metal_housing,0,0,0,1.1772,0.9981
2025-10-21,PRD-066,metal_housing,0,0,0,1.1772,1.0281
2025-10-21,PRD-044,sensor_module,0,0,0,1.1772,0.9734
2025-10-21,PRD-079,connector,0,0,0,1.1772,0.9579
2025-10-21,PRD-026,power_unit,0,0,0,1.1772,0.9698
2025-10-21,PRD-053,industrial_switch,0,0,0,1.1772,1.0299
2025-10-21,PRD-007,control_board,0,0,0,1.1772,0.9895
2025-10-21,PRD-006,sensor_module,0,0,0,1.1772,0.948
2025-10-21,PRD-070,industrial_switch,0,0,0,1.1772,1.0618
2025-10-21,PRD-013,industrial_switch,0,0,0,1.1772,0.9304
2025-10-21,PRD-011,industrial_switch,0,0,0,1.1772,0.939
2025-10-21,PRD-008,power_unit,0,0,0,1.1772,0.9882
2025-10-21,PRD-075,industrial_switch,0,0,0,1.1772,0.9668
2025-10-21,PRD-056,industrial_switch,0,0,0,1.1772,1.0493
2025-10-21,PRD-032,connector,0,0,0,1.1772,1.0037
2025-10-21,PRD-047,metal_housing,0,0,0,1.1772,0.9577
2025-10-21,PRD-035,sensor_module,3730,0,0,1.1772,1.0131
2025-10-21,PRD-010,power_unit,0,0,0,1.1772,1.0119
2025-10-21,PRD-022,industrial_switch,0,0,0,1.1772,0.952
2025-10-22,PRD-021,power_unit,3148,0,0,1.1777,1.0394
2025-10-22,PRD-061,industrial_switch,0,0,0,1.1777,0.9792
2025-10-22,PRD-029,connector,3829,0,0,1.1777,0.9731
2025-10-22,PRD-030,sensor_module,2348,0,0,1.1777,0.9678
2025-10-22,PRD-066,metal_housing,0,0,0,1.1777,0.9569
2025-10-22,PRD-042,connector,0,0,0,1.1777,0.9676
2025-10-22,PRD-078,connector,0,0,0,1.1777,1.0408
2025-10-22,PRD-052,metal_housing,0,0,0,1.1777,1.0291
2025-10-22,PRD-044,sensor_module,6493,0,0,1.1777,1.0172
2025-10-22,PRD-043,industrial_switch,0,0,0,1.1777,1.0205
2025-10-22,PRD-012,connector,1735,0,0,1.1777,0.9372
2025-10-22,PRD-002,sensor_module,1285,0,0,1.1777,0.9626
2025-10-22,PRD-054,power_unit,0,0,0,1.1777,0.9411
2025-10-22,PRD-028,industrial_switch,0,0,0,1.1777,1.0444
2025-10-22,PRD-026,power_unit,1345,0,0,1.1777,0.9758
2025-10-22,PRD-033,control_board,0,0,0,1.1777,1.0452
2025-10-22,PRD-007,control_board,0,0,0,1.1777,0.9445
2025-10-22,PRD-040,control_board,0,0,0,1.1777,0.944
2025-10-22,PRD-011,industrial_switch,0,0,0,1.1777,1.0588
2025-10-22,PRD-006,sensor_module,0,0,0,1.1777,0.981
2025-10-23,PRD-010,power_unit,0,0,0,1.1782,1.0558
2025-10-23,PRD-022,industrial_switch,0,0,0,1.1782,1.0415
2025-10-23,PRD-048,power_unit,0,0,0,1.1782,0.9381
2025-10-23,PRD-013,industrial_switch,0,0,0,1.1782,0.9449
2025-10-23,PRD-004,control_board,5502,0,0,1.1782,0.9893
2025-10-23,PRD-070,industrial_switch,5283,0,0,1.1782,0.9978
2025-10-23,PRD-019,control_board,0,0,0,1.1782,1.0046
2025-10-23,PRD-006,sensor_module,0,0,0,1.1782,0.9511
2025-10-23,PRD-028,industrial_switch,5046,0,0,1.1782,0.9521
2025-10-23,PRD-015,industrial_switch,0,0,0,1.1782,0.9446
2025-10-23,PRD-062,sensor_module,0,0,0,1.1782,1.0314
2025-10-23,PRD-018,sensor_module,0,0,0,1.1782,1.024
2025-10-23,PRD-012,connector,0,1,0,1.1782,0.9318
2025-10-23,PRD-005,industrial_switch,5421,0,0,1.1782,0.9964
2025-10-23,PRD-054,power_unit,0,0,0,1.1782,0.9985
2025-10-23,PRD-002,sensor_module,0,0,0,1.1782,1.0146
2025-10-23,PRD-079,connector,0,0,0,1.1782,1.0438
2025-10-23,PRD-037,control_board,0,0,0,1.1782,0.9467
2025-10-23,PRD-003,power_unit,0,0,0,1.1782,0.9423
2025-10-23,PRD-063,industrial_switch,7005,0,0,1.1782,1.0206
2025-10-24,PRD-010,power_unit,4371,0,0,1.1786,0.9441
2025-10-24,PRD-077,control_board,0,0,0,1.1786,0.9746
2025-10-24,PRD-019,control_board,0,0,0,1.1786,1.0154
2025-10-24,PRD-061,industrial_switch,0,0,0,1.1786,0.9888
2025-10-24,PRD-055,power_unit,0,0,0,1.1786,1.0193
2025-10-24,PRD-012,connector,0,0,0,1.1786,0.9726
2025-10-24,PRD-011,industrial_switch,0,1,0,1.1786,1.0228
2025-10-24,PRD-063,industrial_switch,0,0,0,1.1786,1.0254
2025-10-24,PRD-002,sensor_module,0,0,0,1.1786,1.0367
2025-10-24,PRD-017,metal_housing,16103,0,0,1.1786,1.0329
2025-10-24,PRD-022,industrial_switch,0,0,0,1.1786,0.9818
2025-10-24,PRD-039,industrial_switch,0,0,0,1.1786,1.0297
2025-10-24,PRD-079,connector,0,0,0,1.1786,1.0414
2025-10-24,PRD-006,sensor_module,0,0,0,1.1786,0.9661
2025-10-24,PRD-076,metal_housing,0,0,0,1.1786,1.0224
2025-10-24,PRD-049,power_unit,0,0,0,1.1786,0.9621
2025-10-24,PRD-060,connector,0,0,0,1.1786,0.9846
2025-10-24,PRD-023,power_unit,0,0,0,1.1786,0.9455
2025-10-24,PRD-041,control_board,0,0,0,1.1786,1.0289
2025-10-24,PRD-016,connector,0,0,0,1.1786,0.9671
2025-10-25,PRD-056,industrial_switch,0,0,0,1.179,0.98
2025-10-25,PRD-004,control_board,5561,0,0,1.179,0.9687
2025-10-25,PRD-050,control_board,0,0,0,1.179,0.9798
2025-10-25,PRD-064,power_unit,0,0,0,1.179,0.9448
2025-10-25,PRD-052,metal_housing,0,0,0,1.179,0.9381
2025-10-25,PRD-011,industrial_switch,0,0,0,1.179,0.9367
2025-10-25,PRD-060,connector,0,0,0,1.179,0.9532
2025-10-25,PRD-022,industrial_switch,0,0,0,1.179,1.0148
2025-10-25,PRD-024,connector,0,0,0,1.179,1.0051
2025-10-25,PRD-054,power_unit,0,0,0,1.179,0.9418
2025-10-25,PRD-040,control_board,7259,0,0,1.179,1.0315
2025-10-25,PRD-031,connector,0,0,0,1.179,0.9891
2025-10-25,PRD-061,industrial_switch,0,0,0,1.179,0.9542
2025-10-25,PRD-076,metal_housing,0,0,0,1.179,1.0317
2025-10-25,PRD-026,power_unit,0,0,0,1.179,1.0638
2025-10-25,PRD-020,control_board,0,0,0,1.179,1.0301
2025-10-25,PRD-071,connector,0,0,0,1.179,1.0492
2025-10-25,PRD-002,sensor_module,0,0,0,1.179,0.9747
2025-10-25,PRD-042,connector,0,0,0,1.179,0.9507
2025-10-25,PRD-051,control_board,0,0,0,1.179,1.0343
2025-10-26,PRD-043,industrial_switch,0,0,0,1.1793,1.0597
2025-10-26,PRD-049,power_unit,0,0,0,1.1793,1.0026
2025-10-26,PRD-010,power_unit,0,0,0,1.1793,0.9993
2025-10-26,PRD-031,connector,0,0,0,1.1793,0.9715
2025-10-26,PRD-074,sensor_module,3150,0,0,1.1793,1.0138
2025-10-26,PRD-002,sensor_module,0,0,0,1.1793,0.9817
2025-10-26,PRD-080,metal_housing,0,0,0,1.1793,1.0398
2025-10-26,PRD-006,sensor_module,0,0,0,1.1793,0.9351
2025-10-26,PRD-047,metal_housing,6095,0,0,1.1793,1.0597
2025-10-26,PRD-070,industrial_switch,0,1,0,1.1793,0.9642
2025-10-26,PRD-036,connector,0,1,0,1.1793,1.0293
2025-10-26,PRD-004,control_board,0,0,0,1.1793,0.9915
2025-10-26,PRD-054,power_unit,0,0,0,1.1793,1.0555
2025-10-26,PRD-066,metal_housing,1542,0,0,1.1793,1.0581
2025-10-26,PRD-052,metal_housing,0,0,0,1.1793,1.0195
2025-10-26,PRD-019,control_board,0,0,0,1.1793,1.0109
2025-10-26,PRD-037,control_board,0,0,0,1.1793,0.98
2025-10-26,PRD-013,industrial_switch,0,0,0,1.1793,0.9611
2025-10-26,PRD-001,sensor_module,6392,0,0,1.1793,1.0395
2025-10-26,PRD-064,power_unit,0,1,0,1.1793,1.0602
2025-10-27,PRD-036,connector,0,0,0,1.1795,0.9382
2025-10-27,PRD-059,control_board,0,0,0,1.1795,0.9574
2025-10-27,PRD-021,power_unit,0,0,0,1.1795,0.9922
2025-10-27,PRD-053,industrial_switch,0,0,0,1.1795,0.9399
2025-10-27,PRD-011,industrial_switch,0,0,0,1.1795,0.9735
2025-10-27,PRD-051,control_board,0,0,0,1.1795,1.0527
2025-10-27,PRD-001,sensor_module,0,0,0,1.1795,0.9409
2025-10-27,PRD-066,metal_housing,0,0,0,1.1795,1.0622
2025-10-27,PRD-077,control_board,0,0,0,1.1795,1.004
2025-10-27,PRD-080,metal_housing,0,0,0,1.1795,0.96
2025-10-27,PRD-079,connector,0,0,0,1.1795,0.9319
2025-10-27,PRD-065,connector,4054,0,0,1.1795,1.0425
2025-10-27,PRD-072,metal_housing,0,0,0,1.1795,0.9794
2025-10-27,PRD-003,power_unit,7238,0,0,1.1795,1.0125
2025-10-27,PRD-033,control_board,0,0,0,1.1795,1.0496
2025-10-27,PRD-023,power_unit,0,0,0,1.1795,1.0231
2025-10-27,PRD-038,connector,0,0,0,1.1795,0.9676
2025-10-27,PRD-050,control_board,0,0,0,1.1795,1.0328
2025-10-27,PRD-013,industrial_switch,0,0,0,1.1795,1.0679
2025-10-27,PRD-047,metal_housing,0,0,0,1.1795,0.9498
2025-10-28,PRD-007,control_board,0,0,0,1.1797,1.0405
2025-10-28,PRD-068,connector,0,0,0,1.1797,1.0035
2025-10-28,PRD-057,sensor_module,2918,0,0,1.1797,1.0071
2025-10-28,PRD-049,power_unit,0,0,0,1.1797,0.9907
2025-10-28,PRD-051,control_board,4710,0,0,1.1797,1.0445
2025-10-28,PRD-063,industrial_switch,0,0,0,1.1797,0.9397
2025-10-28,PRD-079,connector,0,0,0,1.1797,0.9627
2025-10-28,PRD-080,metal_housing,2877,0,0,1.1797,0.996
2025-10-28,PRD-021,power_unit,0,0,0,1.1797,1.0182
2025-10-28,PRD-025,power_unit,3133,0,0,1.1797,1.0342
2025-10-28,PRD-072,metal_housing,0,0,0,1.1797,0.9715
2025-10-28,PRD-012,connector,0,0,0,1.1797,1.0215
2025-10-28,PRD-045,control_board,2162,0,0,1.1797,0.9672
2025-10-28,PRD-033,control_board,0,0,0,1.1797,0.954
2025-10-28,PRD-001,sensor_module,0,0,0,1.1797,1.0521
2025-10-28,PRD-005,industrial_switch,11587,0,0,1.1797,0.9671
2025-10-28,PRD-073,connector,0,0,0,1.1797,1.0477
2025-10-28,PRD-027,power_unit,0,0,0,1.1797,1.0243
2025-10-28,PRD-056,industrial_switch,0,0,0,1.1797,1.0629
2025-10-28,PRD-071,connector,0,0,0,1.1797,0.9971
2025-10-29,PRD-040,control_board,0,0,0,1.1799,1.0166
2025-10-29,PRD-071,connector,0,0,0,1.1799,1.0033
2025-10-29,PRD-070,industrial_switch,0,0,0,1.1799,1.0259
2025-10-29,PRD-016,connector,2365,0,0,1.1799,1.0311
2025-10-29,PRD-036,connector,0,0,0,1.1799,0.9953
2025-10-29,PRD-032,connector,0,0,0,1.1799,0.9961
2025-10-29,PRD-015,industrial_switch,0,0,0,1.1799,1.0109
2025-10-29,PRD-033,control_board,0,0,0,1.1799,0.9515
2025-10-29,PRD-042,connector,0,0,0,1.1799,1.0348
2025-10-29,PRD-025,power_unit,0,0,0,1.1799,0.9729
2025-10-29,PRD-064,power_unit,0,0,0,1.1799,0.9963
2025-10-29,PRD-019,control_board,0,0,0,1.1799,0.9602
2025-10-29,PRD-027,power_unit,2097,0,0,1.1799,0.9454
2025-10-29,PRD-020,control_board,0,0,0,1.1799,0.9975
2025-10-29,PRD-007,control_board,0,0,0,1.1799,0.9653
2025-10-29,PRD-072,metal_housing,0,0,0,1.1799,0.9779
2025-10-29,PRD-063,industrial_switch,0,0,0,1.1799,1.0509
2025-10-29,PRD-004,control_board,0,0,0,1.1799,0.9818
2025-10-29,PRD-041,control_board,0,0,0,1.1799,1.0249
2025-10-29,PRD-037,control_board,5237,0,0,1.1799,0.9327
2025-10-30,PRD-071,connector,0,0,0,1.18,1.0441
2025-10-30,PRD-005,industrial_switch,0,0,0,1.18,1.0555
2025-10-30,PRD-029,connector,0,0,0,1.18,0.9803
2025-10-30,PRD-033,control_board,0,0,0,1.18,0.9534
2025-10-30,PRD-072,metal_housing,0,0,0,1.18,1.059
2025-10-30,PRD-023,power_unit,0,1,0,1.18,1.0368
2025-10-30,PRD-065,connector,0,0,0,1.18,0.964
2025-10-30,PRD-060,connector,0,0,0,1.18,0.9815
2025-10-30,PRD-059,control_board,4065,0,0,1.18,0.9934
2025-10-30,PRD-019,control_board,0,0,0,1.18,1.013
2025-10-30,PRD-018,sensor_module,0,1,0,1.18,0.9526
2025-10-30,PRD-040,control_board,0,0,0,1.18,0.9802
2025-10-30,PRD-069,sensor_module,0,0,0,1.18,0.9443
2025-10-30,PRD-049,power_unit,0,0,0,1.18,0.9613
2025-10-30,PRD-011,industrial_switch,0,0,0,1.18,0.9915
2025-10-30,PRD-043,industrial_switch,0,0,0,1.18,1.012
2025-10-30,PRD-047,metal_housing,0,0,0,1.18,1.0683
2025-10-30,PRD-053,industrial_switch,0,0,0,1.18,1.0179
2025-10-30,PRD-070,industrial_switch,0,0,0,1.18,1.058
2025-10-30,PRD-012,connector,0,0,0,1.18,0.9713
2025-10-31,PRD-032,connector,0,0,0,1.18,0.9516
2025-10-31,PRD-060,connector,0,0,0,1.18,0.9677
2025-10-31,PRD-022,industrial_switch,0,0,0,1.18,1.0633
2025-10-31,PRD-077,control_board,2405,0,0,1.18,1.0446
2025-10-31,PRD-031,connector,0,0,0,1.18,0.967
2025-10-31,PRD-078,connector,0,0,0,1.18,0.9817
2025-10-31,PRD-012,connector,0,0,0,1.18,1.029
2025-10-31,PRD-063,industrial_switch,0,0,0,1.18,0.9918
2025-10-31,PRD-044,sensor_module,0,0,0,1.18,0.9916
2025-10-31,PRD-014,industrial_switch,0,0,0,1.18,1.0166
2025-10-31,PRD-071,connector,0,1,0,1.18,0.932
2025-10-31,PRD-034,power_unit,0,0,0,1.18,0.965
2025-10-31,PRD-029,connector,1795,0,0,1.18,1.0072
2025-10-31,PRD-068,connector,3154,0,0,1.18,1.0549
2025-10-31,PRD-017,metal_housing,0,0,0,1.18,1.0507
2025-10-31,PRD-040,control_board,0,0,0,1.18,1.0612
2025-10-31,PRD-049,power_unit,0,0,0,1.18,0.9941
2025-10-31,PRD-045,control_board,0,1,0,1.18,1.0297
2025-10-31,PRD-050,control_board,0,0,0,1.18,0.9819
2025-10-31,PRD-053,industrial_switch,0,0,0,1.18,0.9924
2025-11-01,PRD-070,industrial_switch,0,0,0,1.18,0.9394
2025-11-01,PRD-001,sensor_module,0,0,0,1.18,0.936
2025-11-01,PRD-027,power_unit,0,0,0,1.18,1.0407
2025-11-01,PRD-030,sensor_module,0,0,0,1.18,0.9717
2025-11-01,PRD-080,metal_housing,0,0,0,1.18,0.9741
2025-11-01,PRD-064,power_unit,1942,0,0,1.18,1.0531
2025-11-01,PRD-050,control_board,6508,0,0,1.18,1.0427
2025-11-01,PRD-015,industrial_switch,0,0,0,1.18,1.0211
2025-11-01,PRD-040,control_board,0,0,0,1.18,1.0559
2025-11-01,PRD-012,connector,2351,0,0,1.18,0.9323
2025-11-01,PRD-075,industrial_switch,0,0,0,1.18,0.9724
2025-11-01,PRD-025,power_unit,0,0,0,1.18,1.0111
2025-11-01,PRD-058,sensor_module,0,0,0,1.18,1.0555
2025-11-01,PRD-073,connector,0,0,0,1.18,1.0698
2025-11-01,PRD-029,connector,0,0,0,1.18,1.0513
2025-11-01,PRD-078,connector,0,0,0,1.18,1.0257
2025-11-01,PRD-057,sensor_module,0,0,0,1.18,0.9477
2025-11-01,PRD-077,control_board,0,0,0,1.18,0.9371
2025-11-01,PRD-039,industrial_switch,0,0,0,1.18,0.9897
2025-11-01,PRD-034,power_unit,0,0,0,1.18,1.0608
2025-11-02,PRD-053,industrial_switch,0,0,0,1.1799,0.9727
2025-11-02,PRD-043,industrial_switch,0,0,0,1.1799,0.9753
2025-11-02,PRD-007,control_board,5808,0,0,1.1799,0.9684
2025-11-02,PRD-051,control_board,0,0,0,1.1799,0.9627
2025-11-02,PRD-073,connector,0,0,0,1.1799,1.0457
2025-11-02,PRD-079,connector,0,0,0,1.1799,0.9828
2025-11-02,PRD-060,connector,0,0,0,1.1799,1.0012
2025-11-02,PRD-068,connector,0,0,0,1.1799,0.9595
2025-11-02,PRD-011,industrial_switch,0,0,0,1.1799,0.9418
2025-11-02,PRD-075,industrial_switch,1941,0,0,1.1799,0.9834
2025-11-02,PRD-050,control_board,0,0,0,1.1799,0.9684
2025-11-02,PRD-033,control_board,1822,0,0,1.1799,0.9583
2025-11-02,PRD-022,industrial_switch,0,1,0,1.1799,1.023
2025-11-02,PRD-002,sensor_module,1500,0,0,1.1799,0.949
2025-11-02,PRD-029,connector,0,0,0,1.1799,0.9992
2025-11-02,PRD-003,power_unit,1521,0,0,1.1799,1.0665
2025-11-02,PRD-030,sensor_module,0,0,0,1.1799,0.9333
2025-11-02,PRD-013,industrial_switch,0,0,0,1.1799,1.0429
2025-11-02,PRD-034,power_unit,5989,0,0,1.1799,1.0054
2025-11-02,PRD-055,power_unit,0,0,0,1.1799,1.0671
2025-11-03,PRD-040,control_board,2659,0,0,1.1798,1.0297
2025-11-03,PRD-001,sensor_module,0,0,0,1.1798,1.0553
2025-11-03,PRD-020,control_board,0,0,0,1.1798,0.9463
2025-11-03,PRD-028,industrial_switch,1057,0,0,1.1798,1.0247
2025-11-03,PRD-079,connector,0,0,0,1.1798,0.9364
2025-11-03,PRD-027,power_unit,0,0,0,1.1798,1.0252
2025-11-03,PRD-018,sensor_module,0,0,0,1.1798,1.0637
2025-11-03,PRD-016,connector,0,0,0,1.1798,0.9836
2025-11-03,PRD-045,control_board,0,0,0,1.1798,0.9701
2025-11-03,PRD-071,connector,0,0,0,1.1798,0.9305
2025-11-03,PRD-055,power_unit,0,0,0,1.1798,0.9584
2025-11-03,PRD-070,industrial_switch,0,0,0,1.1798,0.9577
2025-11-03,PRD-069,sensor_module,0,0,0,1.1798,1.0029
2025-11-03,PRD-021,power_unit,0,0,0,1.1798,1.0379
2025-11-03,PRD-063,industrial_switch,0,0,0,1.1798,0.987
2025-11-03,PRD-056,industrial_switch,0,0,0,1.1798,1.0095
2025-11-03,PRD-065,connector,0,0,0,1.1798,0.9336
2025-11-03,PRD-026,power_unit,0,0,0,1.1798,0.9938
2025-11-03,PRD-030,sensor_module,0,0,0,1.1798,0.9559
2025-11-03,PRD-062,sensor_module,0,0,0,1.1798,0.9513
2025-11-04,PRD-073,connector,0,0,0,1.1796,0.943
2025-11-04,PRD-022,industrial_switch,0,1,0,1.1796,1.0048
2025-11-04,PRD-044,sensor_module,0,0,0,1.1796,1.0272
2025-11-04,PRD-037,control_board,0,0,0,1.1796,1.0621
2025-11-04,PRD-069,sensor_module,0,0,0,1.1796,0.9477
2025-11-04,PRD-057,sensor_module,0,0,0,1.1796,1.0194
2025-11-04,PRD-070,industrial_switch,0,0,0,1.1796,1.0652
2025-11-04,PRD-021,power_unit,0,0,0,1.1796,1.0088
2025-11-04,PRD-040,control_board,0,0,0,1.1796,1.03
2025-11-04,PRD-025,power_unit,0,0,0,1.1796,0.9941
2025-11-04,PRD-005,industrial_switch,11049,0,0,1.1796,0.9332
2025-11-04,PRD-024,connector,0,0,0,1.1796,0.9374
2025-11-04,PRD-009,power_unit,0,0,0,1.1796,0.9558
2025-11-04,PRD-078,connector,2998,0,0,1.1796,1.0386
2025-11-04,PRD-054,power_unit,0,0,0,1.1796,0.9699
2025-11-04,PRD-046,control_board,0,0,0,1.1796,1.0284
2025-11-04,PRD-052,metal_housing,0,0,0,1.1796,1.0171
2025-11-04,PRD-071,connector,0,0,0,1.1796,0.9356
2025-11-04,PRD-048,power_unit,0,0,0,1.1796,0.9583
2025-11-04,PRD-062,sensor_module,0,0,0,1.1796,0.9862
2025-11-05,PRD-063,industrial_switch,0,1,0,1.1794,0.9462
2025-11-05,PRD-012,connector,0,0,0,1.1794,0.955
2025-11-05,PRD-027,power_unit,0,0,0,1.1794,1.038
2025-11-05,PRD-045,control_board,2422,0,0,1.1794,1.0314
2025-11-05,PRD-022,industrial_switch,0,0,0,1.1794,0.9494
2025-11-05,PRD-008,power_unit,0,0,0,1.1794,1.0085
2025-11-05,PRD-003,power_unit,0,0,0,1.1794,1.0228
2025-11-05,PRD-042,connector,7373,0,0,1.1794,0.964
2025-11-05,PRD-066,metal_housing,0,0,0,1.1794,1.0664
2025-11-05,PRD-002,sensor_module,0,0,0,1.1794,1.0236
2025-11-05,PRD-029,connector,2298,0,0,1.1794,0.9994
2025-11-05,PRD-074,sensor_module,0,0,0,1.1794,1.0057
2025-11-05,PRD-077,control_board,3308,0,0,1.1794,0.9742
2025-11-05,PRD-056,industrial_switch,0,0,0,1.1794,1.0316
2025-11-05,PRD-076,metal_housing,0,0,0,1.1794,0.9331
2025-11-05,PRD-048,power_unit,0,0,0,1.1794,0.9378
2025-11-05,PRD-067,sensor_module,3538,0,0,1.1794,1.0101
2025-11-05,PRD-034,power_unit,7054,0,0,1.1794,1.047
2025-11-05,PRD-024,connector,0,0,0,1.1794,1.0397
2025-11-05,PRD-005,industrial_switch,0,0,0,1.1794,1.028
2025-11-06,PRD-017,metal_housing,0,0,0,1.1791,1.0088
2025-11-06,PRD-076,metal_housing,0,0,0,1.1791,1.0349
2025-11-06,PRD-030,sensor_module,0,0,0,1.1791,1.0689
2025-11-06,PRD-037,control_board,5191,0,0,1.1791,1.0003
2025-11-06,PRD-025,power_unit,0,0,0,1.1791,1.0568
2025-11-06,PRD-062,sensor_module,5929,0,0,1.1791,0.9396
2025-11-06,PRD-021,power_unit,2644,0,0,1.1791,1.0333
2025-11-06,PRD-027,power_unit,0,0,0,1.1791,1.0135
2025-11-06,PRD-009,power_unit,0,0,0,1.1791,0.998
2025-11-06,PRD-063,industrial_switch,0,0,0,1.1791,1.0243
2025-11-06,PRD-039,industrial_switch,0,0,0,1.1791,0.9617
2025-11-06,PRD-051,control_board,0,0,0,1.1791,0.9305
2025-11-06,PRD-068,connector,0,0,0,1.1791,0.9408
2025-11-06,PRD-033,control_board,3746,0,0,1.1791,0.9793
2025-11-06,PRD-007,control_board,2153,0,0,1.1791,0.9767
2025-11-06,PRD-056,industrial_switch,0,0,0,1.1791,0.9833
2025-11-06,PRD-077,control_board,0,0,0,1.1791,1.0115
2025-11-06,PRD-015,industrial_switch,0,0,0,1.1791,1.0415
2025-11-06,PRD-014,industrial_switch,0,0,0,1.1791,0.9349
2025-11-06,PRD-070,industrial_switch,2209,0,0,1.1791,1.0186
2025-11-07,PRD-019,control_board,0,0,0,1.1788,0.982
2025-11-07,PRD-003,power_unit,7098,0,0,1.1788,1.0111
2025-11-07,PRD-040,control_board,0,0,0,1.1788,1.0406
2025-11-07,PRD-027,power_unit,0,0,0,1.1788,1.0321
2025-11-07,PRD-051,control_board,0,0,0,1.1788,0.9528
2025-11-07,PRD-022,industrial_switch,4328,0,0,1.1788,0.9899
2025-11-07,PRD-062,sensor_module,0,0,0,1.1788,0.9657
2025-11-07,PRD-034,power_unit,3285,0,0,1.1788,1.0411
2025-11-07,PRD-004,control_board,0,0,0,1.1788,1.0147
2025-11-07,PRD-010,power_unit,0,0,0,1.1788,0.9872
2025-11-07,PRD-077,control_board,0,0,0,1.1788,1.026
2025-11-07,PRD-061,industrial_switch,0,0,0,1.1788,1.0628
2025-11-07,PRD-049,power_unit,1250,0,0,1.1788,0.9396
2025-11-07,PRD-021,power_unit,0,0,0,1.1788,0.977
2025-11-07,PRD-039,industrial_switch,821,0,0,1.1788,0.9919
2025-11-07,PRD-048,power_unit,0,0,0,1.1788,0.9539
2025-11-07,PRD-042,connector,0,0,0,1.1788,0.9756
2025-11-07,PRD-016,connector,0,0,0,1.1788,0.9807
2025-11-07,PRD-018,sensor_module,0,0,0,1.1788,0.9612
2025-11-07,PRD-068,connector,0,0,0,1.1788,1.0451
2025-11-08,PRD-031,connector,0,0,0,1.1784,1.0003
2025-11-08,PRD-060,connector,0,0,0,1.1784,1.012
2025-11-08,PRD-017,metal_housing,0,0,0,1.1784,1.055
2025-11-08,PRD-008,power_unit,0,0,0,1.1784,0.9834
2025-11-08,PRD-075,industrial_switch,0,0,0,1.1784,1.0076
2025-11-08,PRD-041,control_board,3671,0,0,1.1784,0.9709
2025-11-08,PRD-073,connector,0,0,0,1.1784,0.9624
2025-11-08,PRD-011,industrial_switch,2523,0,0,1.1784,0.9588
2025-11-08,PRD-066,metal_housing,0,0,0,1.1784,1.0498
2025-11-08,PRD-079,connector,0,0,0,1.1784,0.9937
2025-11-08,PRD-042,connector,13686,0,0,1.1784,0.9708
2025-11-08,PRD-078,connector,8004,0,0,1.1784,0.9334
2025-11-08,PRD-033,control_board,0,0,0,1.1784,0.9779
2025-11-08,PRD-032,connector,0,0,0,1.1784,1.0236
2025-11-08,PRD-050,control_board,0,0,0,1.1784,1.0205
2025-11-08,PRD-014,industrial_switch,0,0,0,1.1784,1.0428
2025-11-08,PRD-070,industrial_switch,0,0,0,1.1784,0.9398
2025-11-08,PRD-064,power_unit,0,0,0,1.1784,1.0064
2025-11-08,PRD-026,power_unit,0,0,0,1.1784,1.0251
2025-11-08,PRD-051,control_board,3977,0,0,1.1784,0.9844
2025-11-09,PRD-014,industrial_switch,0,0,0,1.178,1.0406
2025-11-09,PRD-059,control_board,0,0,0,1.178,0.9401
2025-11-09,PRD-033,control_board,0,0,0,1.178,0.9906
2025-11-09,PRD-079,connector,0,0,0,1.178,0.9573
2025-11-09,PRD-021,power_unit,0,0,0,1.178,0.9895
2025-11-09,PRD-005,industrial_switch,0,0,0,1.178,1.0236
2025-11-09,PRD-034,power_unit,0,0,0,1.178,1.0345
2025-11-09,PRD-030,sensor_module,5232,0,0,1.178,1.0643
2025-11-09,PRD-075,industrial_switch,0,0,0,1.178,1.0412
2025-11-09,PRD-041,control_board,2043,0,0,1.178,0.9689
2025-11-09,PRD-077,control_board,5661,0,0,1.178,0.9826
2025-11-09,PRD-073,connector,0,0,0,1.178,0.9463
2025-11-09,PRD-046,control_board,0,0,0,1.178,1.0076
2025-11-09,PRD-004,control_board,0,0,0,1.178,0.9888
2025-11-09,PRD-031,connector,0,0,0,1.178,0.9462
2025-11-09,PRD-055,power_unit,0,0,0,1.178,0.9945
2025-11-09,PRD-016,connector,0,0,0,1.178,0.9972
2025-11-09,PRD-011,industrial_switch,0,0,0,1.178,1.0129
2025-11-09,PRD-044,sensor_module,0,0,0,1.178,1.0136
2025-11-09,PRD-006,sensor_module,0,0,0,1.178,0.9862
2025-11-10,PRD-076,metal_housing,4656,0,0,1.1775,0.9444
2025-11-10,PRD-028,industrial_switch,0,0,0,1.1775,0.9857
2025-11-10,PRD-047,metal_housing,0,0,0,1.1775,1.0293
2025-11-10,PRD-001,sensor_module,2764,0,0,1.1775,0.9929
2025-11-10,PRD-003,power_unit,0,0,0,1.1775,0.99
2025-11-10,PRD-066,metal_housing,2329,0,0,1.1775,1.0181
2025-11-10,PRD-022,industrial_switch,0,0,0,1.1775,1.0122
2025-11-10,PRD-006,sensor_module,4396,0,0,1.1775,0.9498
2025-11-10,PRD-002,sensor_module,0,0,0,1.1775,1.0439
2025-11-10,PRD-070,industrial_switch,0,0,0,1.1775,0.9578
2025-11-10,PRD-079,connector,0,0,0,1.1775,1.0111
2025-11-10,PRD-014,industrial_switch,0,0,0,1.1775,1.0015
2025-11-10,PRD-012,connector,0,0,0,1.1775,0.9396
2025-11-10,PRD-073,connector,2230,0,0,1.1775,1.0176
2025-11-10,PRD-055,power_unit,2665,0,0,1.1775,0.9605
2025-11-10,PRD-004,control_board,0,0,0,1.1775,1.0531
2025-11-10,PRD-052,metal_housing,0,0,0,1.1775,1.0046
2025-11-10,PRD-057,sensor_module,0,0,0,1.1775,1.054
2025-11-10,PRD-056,industrial_switch,0,0,0,1.1775,1.0273
2025-11-10,PRD-064,power_unit,5464,0,0,1.1775,0.9861
2025-11-11,PRD-028,industrial_switch,0,0,0,1.1769,1.0552
2025-11-11,PRD-066,metal_housing,0,0,0,1.1769,1.0634
2025-11-11,PRD-044,sensor_module,0,0,0,1.1769,1.0205
2025-11-11,PRD-073,connector,0,0,0,1.1769,1.0621
2025-11-11,PRD-029,connector,0,0,0,1.1769,1.0008
2025-11-11,PRD-041,control_board,2375,0,0,1.1769,1.0051
2025-11-11,PRD-058,sensor_module,0,0,0,1.1769,1.0161
2025-11-11,PRD-034,power_unit,0,0,0,1.1769,0.9452
2025-11-11,PRD-076,metal_housing,0,0,0,1.1769,1.046
2025-11-11,PRD-071,connector,0,0,0,1.1769,0.9882
2025-11-11,PRD-022,industrial_switch,0,0,0,1.1769,0.9331
2025-11-11,PRD-047,metal_housing,0,0,0,1.1769,0.9989
2025-11-11,PRD-004,control_board,0,0,0,1.1769,0.9534
2025-11-11,PRD-002,sensor_module,0,1,0,1.1769,1.0594
2025-11-11,PRD-072,metal_housing,0,0,0,1.1769,1.0355
2025-11-11,PRD-009,power_unit,8683,0,0,1.1769,1.0578
2025-11-11,PRD-069,sensor_module,0,0,0,1.1769,1.0201
2025-11-11,PRD-060,connector,0,0,0,1.1769,1.0016
2025-11-11,PRD-063,industrial_switch,0,0,0,1.1769,0.9737
2025-11-11,PRD-037,control_board,508,0,0,1.1769,0.9886
2025-11-12,PRD-071,connector,0,0,0,1.1763,1.033
2025-11-12,PRD-053,industrial_switch,0,0,0,1.1763,1.0507
2025-11-12,PRD-003,power_unit,3425,0,0,1.1763,0.9628
2025-11-12,PRD-062,sensor_module,0,0,0,1.1763,0.9437
2025-11-12,PRD-036,connector,0,0,0,1.1763,1.0018
2025-11-12,PRD-011,industrial_switch,2569,1,0,1.1763,0.9586
2025-11-12,PRD-008,power_unit,0,0,0,1.1763,1.0105
2025-11-12,PRD-054,power_unit,0,0,0,1.1763,0.958
2025-11-12,PRD-015,industrial_switch,0,0,0,1.1763,0.9576
2025-11-12,PRD-046,control_board,0,0,0,1.1763,0.957
2025-11-12,PRD-076,metal_housing,0,0,0,1.1763,0.9856
2025-11-12,PRD-010,power_unit,2766,0,0,1.1763,0.984
2025-11-12,PRD-058,sensor_module,0,0,0,1.1763,0.9485
2025-11-12,PRD-023,power_unit,3042,0,0,1.1763,0.9544
2025-11-12,PRD-026,power_unit,0,0,0,1.1763,1.0557
2025-11-12,PRD-069,sensor_module,0,0,0,1.1763,1.0066
2025-11-12,PRD-055,power_unit,0,0,0,1.1763,1.057
2025-11-12,PRD-020,control_board,0,0,0,1.1763,1.0141
2025-11-12,PRD-047,metal_housing,0,0,0,1.1763,1.0321
2025-11-12,PRD-007,control_board,0,0,0,1.1763,0.986
2025-11-13,PRD-076,metal_housing,0,0,0,1.1757,1.0455
2025-11-13,PRD-061,industrial_switch,0,0,0,1.1757,1.0275
2025-11-13,PRD-072,metal_housing,3104,0,0,1.1757,0.9787
2025-11-13,PRD-030,sensor_module,4120,0,0,1.1757,0.9761
2025-11-13,PRD-066,metal_housing,0,0,0,1.1757,1.0395
2025-11-13,PRD-058,sensor_module,4221,0,0,1.1757,1.0581
2025-11-13,PRD-018,sensor_module,0,0,0,1.1757,1.0431
2025-11-13,PRD-026,power_unit,0,0,0,1.1757,0.9346
2025-11-13,PRD-037,control_board,0,0,0,1.1757,1.0258
2025-11-13,PRD-050,control_board,0,0,0,1.1757,1.067
2025-11-13,PRD-048,power_unit,0,0,0,1.1757,1.0336
2025-11-13,PRD-075,industrial_switch,0,0,0,1.1757,1.0647
2025-11-13,PRD-029,connector,0,0,0,1.1757,0.9554
2025-11-13,PRD-043,industrial_switch,0,0,0,1.1757,1.0194
2025-11-13,PRD-044,sensor_module,633,0,0,1.1757,0.9845
2025-11-13,PRD-017,metal_housing,1598,0,0,1.1757,1.0445
2025-11-13,PRD-003,power_unit,0,0,0,1.1757,1.0174
2025-11-13,PRD-020,control_board,0,0,0,1.1757,0.9866
2025-11-13,PRD-078,connector,0,0,0,1.1757,0.9885
2025-11-13,PRD-027,power_unit,0,0,0,1.1757,1.0241
2025-11-14,PRD-032,connector,0,0,0,1.175,1.0096
2025-11-14,PRD-073,connector,0,0,0,1.175,0.9504
2025-11-14,PRD-028,industrial_switch,0,0,0,1.175,1.0284
2025-11-14,PRD-038,connector,0,0,0,1.175,1.0525
2025-11-14,PRD-021,power_unit,0,0,0,1.175,1.0239
2025-11-14,PRD-040,control_board,4448,0,0,1.175,0.9561
2025-11-14,PRD-077,control_board,0,0,0,1.175,0.9566
2025-11-14,PRD-075,industrial_switch,0,0,0,1.175,0.9777
2025-11-14,PRD-072,metal_housing,0,0,0,1.175,0.9661
2025-11-14,PRD-015,industrial_switch,0,0,0,1.175,0.9839
2025-11-14,PRD-058,sensor_module,2955,1,0,1.175,1.0227
2025-11-14,PRD-005,industrial_switch,0,0,0,1.175,0.9313
2025-11-14,PRD-042,connector,0,0,0,1.175,0.9409
2025-11-14,PRD-017,metal_housing,0,0,0,1.175,1.0368
2025-11-14,PRD-066,metal_housing,0,0,0,1.175,0.9858
2025-11-14,PRD-044,sensor_module,0,0,0,1.175,0.9665
2025-11-14,PRD-079,connector,0,0,0,1.175,0.9832
2025-11-14,PRD-012,connector,10357,0,0,1.175,0.9504
2025-11-14,PRD-059,control_board,0,1,0,1.175,1.0271
2025-11-14,PRD-036,connector,0,0,0,1.175,1.0026
2025-11-15,PRD-080,metal_housing,0,0,0,1.1742,1.0314
2025-11-15,PRD-048,power_unit,0,0,0,1.1742,1.048
2025-11-15,PRD-016,connector,8079,0,0,1.1742,1.0023
2025-11-15,PRD-057,sensor_module,0,0,0,1.1742,1.0435
2025-11-15,PRD-053,industrial_switch,0,0,0,1.1742,0.9583
2025-11-15,PRD-068,connector,0,0,0,1.1742,0.979
2025-11-15,PRD-077,control_board,0,0,0,1.1742,0.9495
2025-11-15,PRD-055,power_unit,0,0,0,1.1742,0.9542
2025-11-15,PRD-041,control_board,2798,0,0,1.1742,1.0322
2025-11-15,PRD-018,sensor_module,0,0,0,1.1742,0.9918
2025-11-15,PRD-027,power_unit,0,0,0,1.1742,0.9428
2025-11-15,PRD-020,control_board,4435,0,0,1.1742,0.9893
2025-11-15,PRD-076,metal_housing,2673,0,0,1.1742,0.9355
2025-11-15,PRD-040,control_board,0,0,0,1.1742,0.9924
2025-11-15,PRD-033,control_board,1728,0,0,1.1742,0.9991
2025-11-15,PRD-038,connector,0,0,0,1.1742,0.9951
2025-11-15,PRD-078,connector,0,1,0,1.1742,1.0229
2025-11-15,PRD-052,metal_housing,0,0,0,1.1742,0.9977
2025-11-15,PRD-071,connector,0,0,0,1.1742,1.0085
2025-11-15,PRD-050,control_board,1798,0,0,1.1742,1.0667
2025-11-16,PRD-064,power_unit,0,0,0,1.1734,0.9539
2025-11-16,PRD-010,power_unit,5090,0,0,1.1734,0.9529
2025-11-16,PRD-077,control_board,0,0,0,1.1734,0.9445
2025-11-16,PRD-063,industrial_switch,0,1,0,1.1734,1.0159
2025-11-16,PRD-035,sensor_module,0,0,0,1.1734,1.0547
2025-11-16,PRD-074,sensor_module,0,0,0,1.1734,1.0612
2025-11-16,PRD-024,connector,0,0,0,1.1734,1.0188
2025-11-16,PRD-070,industrial_switch,0,0,0,1.1734,0.9974
2025-11-16,PRD-059,control_board,0,0,0,1.1734,0.9399
2025-11-16,PRD-017,metal_housing,1708,0,0,1.1734,0.9352
2025-11-16,PRD-013,industrial_switch,0,0,0,1.1734,1.0159
2025-11-16,PRD-002,sensor_module,0,0,0,1.1734,0.9513
2025-11-16,PRD-001,sensor_module,4583,0,0,1.1734,0.9753
2025-11-16,PRD-071,connector,0,0,0,1.1734,0.9779
2025-11-16,PRD-036,connector,0,0,0,1.1734,1.0325
2025-11-16,PRD-025,power_unit,0,0,0,1.1734,1.0582
2025-11-16,PRD-069,sensor_module,0,0,0,1.1734,1.0527
2025-11-16,PRD-022,industrial_switch,2384,0,0,1.1734,0.9301
2025-11-16,PRD-016,connector,3848,0,0,1.1734,0.9534
2025-11-16,PRD-020,control_board,0,0,0,1.1734,0.9517
2025-11-17,PRD-063,industrial_switch,0,0,0,1.1726,1.0095
2025-11-17,PRD-065,connector,0,0,0,1.1726,0.9442
2025-11-17,PRD-026,power_unit,7423,0,0,1.1726,1.0252
2025-11-17,PRD-033,control_board,0,0,0,1.1726,1.0327
2025-11-17,PRD-053,industrial_switch,12153,0,0,1.1726,0.9499
2025-11-17,PRD-071,connector,0,0,0,1.1726,1.0079
2025-11-17,PRD-041,control_board,0,0,0,1.1726,1.0126
2025-11-17,PRD-055,power_unit,0,0,0,1.1726,0.9945
2025-11-17,PRD-027,power_unit,0,0,0,1.1726,1.0547
2025-11-17,PRD-079,connector,0,0,0,1.1726,0.9765
2025-11-17,PRD-069,sensor_module,0,0,0,1.1726,0.9838
2025-11-17,PRD-012,connector,0,0,0,1.1726,1.011
2025-11-17,PRD-018,sensor_module,0,0,0,1.1726,1.0187
2025-11-17,PRD-073,connector,0,0,0,1.1726,1.0059
2025-11-17,PRD-050,control_board,0,0,0,1.1726,1.0277
2025-11-17,PRD-021,power_unit,2813,0,0,1.1726,0.9787
2025-11-17,PRD-010,power_unit,0,0,0,1.1726,1.0128
2025-11-17,PRD-011,industrial_switch,0,0,0,1.1726,1.0184
2025-11-17,PRD-038,connector,4777,0,0,1.1726,0.9668
2025-11-17,PRD-035,sensor_module,7589,0,0,1.1726,1.0579
2025-11-18,PRD-079,connector,0,0,0,1.1717,1.0343
2025-11-18,PRD-029,connector,0,1,0,1.1717,0.998
2025-11-18,PRD-039,industrial_switch,0,0,0,1.1717,0.9973
2025-11-18,PRD-031,connector,0,0,0,1.1717,0.9825
2025-11-18,PRD-065,connector,0,0,0,1.1717,0.9574
2025-11-18,PRD-020,control_board,0,0,0,1.1717,1.0467
2025-11-18,PRD-080,metal_housing,0,0,0,1.1717,1.0696
2025-11-18,PRD-055,power_unit,0,0,0,1.1717,0.9504
2025-11-18,PRD-010,power_unit,0,1,0,1.1717,1.0469
2025-11-18,PRD-050,control_board,0,0,0,1.1717,1.0091
2025-11-18,PRD-025,power_unit,0,0,0,1.1717,1.0071
2025-11-18,PRD-013,industrial_switch,0,0,0,1.1717,1.0298
2025-11-18,PRD-049,power_unit,0,0,0,1.1717,1.03
2025-11-18,PRD-057,sensor_module,0,0,0,1.1717,0.9901
2025-11-18,PRD-076,metal_housing,0,0,0,1.1717,1.0001
2025-11-18,PRD-051,control_board,0,0,0,1.1717,1.0674
2025-11-18,PRD-030,sensor_module,0,0,0,1.1717,1.0339
2025-11-18,PRD-016,connector,0,0,0,1.1717,0.9503
2025-11-18,PRD-064,power_unit,0,0,0,1.1717,0.9864
2025-11-18,PRD-035,sensor_module,0,0,0,1.1717,0.9476
2025-11-19,PRD-015,industrial_switch,0,0,0,1.1707,0.9899
2025-11-19,PRD-077,control_board,2586,0,0,1.1707,1.0484
2025-11-19,PRD-001,sensor_module,0,0,0,1.1707,0.9906
2025-11-19,PRD-025,power_unit,0,0,0,1.1707,1.067
2025-11-19,PRD-027,power_unit,0,0,0,1.1707,1.0397
2025-11-19,PRD-075,industrial_switch,0,0,0,1.1707,1.02
2025-11-19,PRD-012,connector,0,0,0,1.1707,0.9787
2025-11-19,PRD-002,sensor_module,1337,0,0,1.1707,1.0508
2025-11-19,PRD-053,industrial_switch,0,0,0,1.1707,1.0095
2025-11-19,PRD-056,industrial_switch,0,0,0,1.1707,0.9552
2025-11-19,PRD-007,control_board,0,0,0,1.1707,0.9978
2025-11-19,PRD-054,power_unit,0,0,0,1.1707,0.97
2025-11-19,PRD-068,connector,0,0,0,1.1707,1.0325
2025-11-19,PRD-016,connector,2171,0,0,1.1707,0.9764
2025-11-19,PRD-003,power_unit,0,0,0,1.1707,1.0552
2025-11-19,PRD-076,metal_housing,1966,0,0,1.1707,0.9518
2025-11-19,PRD-041,control_board,0,0,0,1.1707,0.9375
2025-11-19,PRD-019,control_board,0,0,0,1.1707,0.9443
2025-11-19,PRD-063,industrial_switch,0,0,0,1.1707,1.0024
2025-11-19,PRD-005,industrial_switch,3703,0,0,1.1707,0.999
2025-11-20,PRD-036,connector,0,0,0,1.1697,0.9754
2025-11-20,PRD-018,sensor_module,0,0,0,1.1697,1.0374
2025-11-20,PRD-066,metal_housing,5653,0,0,1.1697,1.0682
2025-11-20,PRD-038,connector,0,0,0,1.1697,0.9608
2025-11-20,PRD-045,control_board,0,0,0,1.1697,0.953
2025-11-20,PRD-027,power_unit,0,0,0,1.1697,1.0572
2025-11-20,PRD-065,connector,0,0,0,1.1697,1.0242
2025-11-20,PRD-007,control_board,0,0,0,1.1697,0.9952
2025-11-20,PRD-016,connector,0,0,0,1.1697,1.0221
2025-11-20,PRD-050,control_board,0,0,0,1.1697,1.0146
2025-11-20,PRD-061,industrial_switch,0,0,0,1.1697,1.0457
2025-11-20,PRD-002,sensor_module,0,0,0,1.1697,0.987
2025-11-20,PRD-003,power_unit,1532,0,0,1.1697,0.9307
2025-11-20,PRD-058,sensor_module,0,0,0,1.1697,0.9335
2025-11-20,PRD-034,power_unit,0,0,0,1.1697,0.9983
2025-11-20,PRD-075,industrial_switch,0,0,0,1.1697,0.9825
2025-11-20,PRD-080,metal_housing,2002,0,0,1.1697,0.9916
2025-11-20,PRD-047,metal_housing,0,0,0,1.1697,0.9978
2025-11-20,PRD-011,industrial_switch,6685,1,0,1.1697,1.0065
2025-11-20,PRD-010,power_unit,0,0,0,1.1697,1.0535
2025-11-21,PRD-005,industrial_switch,0,0,0,1.1686,1.0135
2025-11-21,PRD-012,connector,4165,0,0,1.1686,1.0182
2025-11-21,PRD-010,power_unit,6042,0,0,1.1686,1.033
2025-11-21,PRD-037,control_board,0,0,0,1.1686,1.0241
2025-11-21,PRD-058,sensor_module,4240,0,0,1.1686,1.0388
2025-11-21,PRD-068,connector,0,0,0,1.1686,1.0042
2025-11-21,PRD-078,connector,0,0,0,1.1686,1.0582
2025-11-21,PRD-015,industrial_switch,0,0,0,1.1686,0.9744
2025-11-21,PRD-026,power_unit,0,0,0,1.1686,1.006
2025-11-21,PRD-030,sensor_module,0,0,0,1.1686,0.9898
2025-11-21,PRD-048,power_unit,3120,0,0,1.1686,0.9463
2025-11-21,PRD-033,control_board,0,0,0,1.1686,0.9918
2025-11-21,PRD-043,industrial_switch,0,0,0,1.1686,1.0472
2025-11-21,PRD-020,control_board,0,0,0,1.1686,0.9979
2025-11-21,PRD-067,sensor_module,0,0,0,1.1686,1.0648
2025-11-21,PRD-016,connector,0,0,0,1.1686,1.0101
2025-11-21,PRD-039,industrial_switch,0,0,0,1.1686,1.0586
2025-11-21,PRD-003,power_unit,0,0,0,1.1686,0.9359
2025-11-21,PRD-031,connector,0,0,0,1.1686,0.9945
2025-11-21,PRD-022,industrial_switch,0,0,0,1.1686,0.9346
2025-11-22,PRD-022,industrial_switch,0,0,0,1.1675,1.0339
2025-11-22,PRD-030,sensor_module,0,0,0,1.1675,0.9919
2025-11-22,PRD-015,industrial_switch,0,0,0,1.1675,1.0542
2025-11-22,PRD-018,sensor_module,12271,0,0,1.1675,0.9818
2025-11-22,PRD-027,power_unit,0,0,0,1.1675,1.0477
2025-11-22,PRD-061,industrial_switch,0,0,0,1.1675,1.0286
2025-11-22,PRD-019,control_board,0,0,0,1.1675,1.05
2025-11-22,PRD-031,connector,0,0,0,1.1675,0.9948
2025-11-22,PRD-012,connector,0,0,0,1.1675,0.9408
2025-11-22,PRD-051,control_board,0,0,0,1.1675,1.006
2025-11-22,PRD-057,sensor_module,0,0,0,1.1675,0.9582
2025-11-22,PRD-025,power_unit,0,0,0,1.1675,1.0127
2025-11-22,PRD-021,power_unit,0,0,0,1.1675,1.0327
2025-11-22,PRD-026,power_unit,0,0,0,1.1675,0.9607
2025-11-22,PRD-009,power_unit,0,0,0,1.1675,1.0184
2025-11-22,PRD-038,connector,0,1,0,1.1675,1.0208
2025-11-22,PRD-006,sensor_module,0,0,0,1.1675,1.0069
2025-11-22,PRD-064,power_unit,0,0,0,1.1675,0.9563
2025-11-22,PRD-068,connector,0,0,0,1.1675,0.9753
2025-11-22,PRD-077,control_board,3331,0,0,1.1675,1.06
2025-11-23,PRD-052,metal_housing,0,0,0,1.1664,0.959
2025-11-23,PRD-005,industrial_switch,0,0,0,1.1664,1.0529
2025-11-23,PRD-014,industrial_switch,1252,0,0,1.1664,0.9723
2025-11-23,PRD-029,connector,0,0,0,1.1664,1.006
2025-11-23,PRD-064,power_unit,0,0,0,1.1664,0.9587
2025-11-23,PRD-049,power_unit,1288,0,0,1.1664,0.9385
2025-11-23,PRD-061,industrial_switch,0,0,0,1.1664,0.9737
2025-11-23,PRD-059,control_board,2434,0,0,1.1664,0.9636
2025-11-23,PRD-074,sensor_module,0,0,0,1.1664,0.9572
2025-11-23,PRD-018,sensor_module,0,0,0,1.1664,0.9998
2025-11-23,PRD-051,control_board,0,0,0,1.1664,0.9535
2025-11-23,PRD-076,metal_housing,0,0,0,1.1664,1.0507
2025-11-23,PRD-070,industrial_switch,0,0,0,1.1664,0.9328
2025-11-23,PRD-013,industrial_switch,0,0,0,1.1664,0.944
2025-11-23,PRD-048,power_unit,0,0,0,1.1664,0.9567
2025-11-23,PRD-041,control_board,0,0,0,1.1664,0.9429
2025-11-23,PRD-034,power_unit,4228,0,0,1.1664,1.0219
2025-11-23,PRD-053,industrial_switch,0,0,0,1.1664,1.0455
2025-11-23,PRD-036,connector,0,0,0,1.1664,1.0428
2025-11-23,PRD-066,metal_housing,0,0,0,1.1664,1.0598
2025-11-24,PRD-040,control_board,7976,0,0,1.1652,0.9959
2025-11-24,PRD-031,connector,0,0,0,1.1652,0.9505
2025-11-24,PRD-062,sensor_module,0,0,0,1.1652,0.9482
2025-11-24,PRD-002,sensor_module,0,0,0,1.1652,1.0502
2025-11-24,PRD-034,power_unit,0,0,0,1.1652,1.0391
2025-11-24,PRD-074,sensor_module,1527,0,0,1.1652,1.0259
2025-11-24,PRD-015,industrial_switch,0,0,0,1.1652,1.0608
2025-11-24,PRD-042,connector,0,0,0,1.1652,1.0122
2025-11-24,PRD-023,power_unit,0,0,0,1.1652,0.9972
2025-11-24,PRD-019,control_board,0,0,0,1.1652,1.0662
2025-11-24,PRD-078,connector,0,0,0,1.1652,0.9346
2025-11-24,PRD-050,control_board,0,0,0,1.1652,0.9699
2025-11-24,PRD-010,power_unit,0,0,0,1.1652,0.9705
2025-11-24,PRD-066,metal_housing,0,0,0,1.1652,1.0496
2025-11-24,PRD-051,control_board,0,0,0,1.1652,1.0134
2025-11-24,PRD-017,metal_housing,0,0,0,1.1652,1.0533
2025-11-24,PRD-016,connector,0,0,0,1.1652,1.0474
2025-11-24,PRD-033,control_board,0,0,0,1.1652,1.0109
2025-11-24,PRD-064,power_unit,0,0,0,1.1652,0.9746
2025-11-24,PRD-014,industrial_switch,0,0,0,1.1652,1.0246
2025-11-25,PRD-052,metal_housing,19333,0,0,1.1639,0.9507
2025-11-25,PRD-042,connector,0,0,0,1.1639,1.0252
2025-11-25,PRD-029,connector,0,0,0,1.1639,1.027
2025-11-25,PRD-064,power_unit,0,0,0,1.1639,1.0175
2025-11-25,PRD-001,sensor_module,1493,0,0,1.1639,1.0025
2025-11-25,PRD-066,metal_housing,0,0,0,1.1639,0.9902
2025-11-25,PRD-011,industrial_switch,0,1,0,1.1639,0.9547
2025-11-25,PRD-055,power_unit,0,0,0,1.1639,0.9718
2025-11-25,PRD-028,industrial_switch,10802,0,0,1.1639,1.0402
2025-11-25,PRD-075,industrial_switch,0,0,0,1.1639,1.06
2025-11-25,PRD-020,control_board,0,0,0,1.1639,0.9845
2025-11-25,PRD-067,sensor_module,1146,0,0,1.1639,0.9461
2025-11-25,PRD-010,power_unit,0,1,0,1.1639,1.0497
2025-11-25,PRD-078,connector,0,0,0,1.1639,0.9561
2025-11-25,PRD-037,control_board,0,0,0,1.1639,0.9925
2025-11-25,PRD-068,connector,0,0,0,1.1639,0.9799
2025-11-25,PRD-079,connector,0,0,0,1.1639,0.9997
2025-11-25,PRD-077,control_board,0,0,0,1.1639,1.0156
2025-11-25,PRD-024,connector,0,0,0,1.1639,0.9907
2025-11-25,PRD-074,sensor_module,0,0,0,1.1639,0.9869
2025-11-26,PRD-047,metal_housing,0,0,0,1.1626,0.9625
2025-11-26,PRD-073,connector,0,0,0,1.1626,0.9804
2025-11-26,PRD-064,power_unit,0,0,0,1.1626,1.0022
2025-11-26,PRD-018,sensor_module,2815,0,0,1.1626,0.9791
2025-11-26,PRD-060,connector,0,0,0,1.1626,1.055
2025-11-26,PRD-037,control_board,0,0,0,1.1626,0.984
2025-11-26,PRD-054,power_unit,0,0,0,1.1626,0.9724
2025-11-26,PRD-014,industrial_switch,0,0,0,1.1626,0.9747
2025-11-26,PRD-063,industrial_switch,0,0,0,1.1626,0.9664
2025-11-26,PRD-031,connector,0,0,0,1.1626,1.0471
2025-11-26,PRD-066,metal_housing,3266,0,0,1.1626,0.9311
2025-11-26,PRD-006,sensor_module,0,0,0,1.1626,1.0234
2025-11-26,PRD-049,power_unit,0,0,0,1.1626,1.0327
2025-11-26,PRD-039,industrial_switch,0,0,0,1.1626,1.0193
2025-11-26,PRD-074,sensor_module,0,0,0,1.1626,0.9793
2025-11-26,PRD-075,industrial_switch,0,0,0,1.1626,0.935
2025-11-26,PRD-079,connector,0,0,0,1.1626,1.0276
2025-11-26,PRD-076,metal_housing,0,0,0,1.1626,1.0391
2025-11-26,PRD-042,connector,6981,0,0,1.1626,0.9607
2025-11-26,PRD-068,connector,0,0,0,1.1626,1.0688
2025-11-27,PRD-054,power_unit,0,0,0,1.1613,0.9463
2025-11-27,PRD-066,metal_housing,0,0,0,1.1613,1.0204
2025-11-27,PRD-057,sensor_module,0,0,0,1.1613,0.99
2025-11-27,PRD-046,control_board,0,0,0,1.1613,0.9662
2025-11-27,PRD-016,connector,0,0,0,1.1613,1.0446
2025-11-27,PRD-074,sensor_module,0,0,0,1.1613,1.0498
2025-11-27,PRD-013,industrial_switch,0,0,0,1.1613,1.0162
2025-11-27,PRD-027,power_unit,0,0,0,1.1613,0.9514
2025-11-27,PRD-038,connector,0,0,0,1.1613,1.0594
2025-11-27,PRD-070,industrial_switch,3092,0,0,1.1613,1.037
2025-11-27,PRD-041,control_board,0,0,0,1.1613,1.0218
2025-11-27,PRD-006,sensor_module,0,0,0,1.1613,0.9857
2025-11-27,PRD-044,sensor_module,0,0,0,1.1613,1.0275
2025-11-27,PRD-007,control_board,9462,0,0,1.1613,0.9809
2025-11-27,PRD-064,power_unit,0,0,0,1.1613,1.0647
2025-11-27,PRD-036,connector,0,0,0,1.1613,0.9387
2025-11-27,PRD-014,industrial_switch,0,0,0,1.1613,1.012
2025-11-27,PRD-008,power_unit,0,0,0,1.1613,0.9342
2025-11-27,PRD-039,industrial_switch,0,0,0,1.1613,1.0289
2025-11-27,PRD-053,industrial_switch,0,0,0,1.1613,1.0555
2025-11-28,PRD-026,power_unit,4540,0,0,1.1599,1.0559
2025-11-28,PRD-004,control_board,0,0,0,1.1599,0.9482
2025-11-28,PRD-080,metal_housing,3667,0,0,1.1599,1.0151
2025-11-28,PRD-044,sensor_module,0,0,0,1.1599,0.9492
2025-11-28,PRD-002,sensor_module,0,0,0,1.1599,1.0098
2025-11-28,PRD-025,power_unit,0,0,0,1.1599,0.9573
2025-11-28,PRD-028,industrial_switch,0,0,0,1.1599,0.9804
2025-11-28,PRD-062,sensor_module,0,0,0,1.1599,1.0022
2025-11-28,PRD-035,sensor_module,0,0,0,1.1599,1.0182
2025-11-28,PRD-034,power_unit,0,0,0,1.1599,1.0663
2025-11-28,PRD-010,power_unit,0,0,0,1.1599,0.9531
2025-11-28,PRD-022,industrial_switch,0,0,0,1.1599,0.9984
2025-11-28,PRD-052,metal_housing,0,0,0,1.1599,1.0675
2025-11-28,PRD-053,industrial_switch,0,0,0,1.1599,1.0237
2025-11-28,PRD-033,control_board,0,0,0,1.1599,1.0279
2025-11-28,PRD-064,power_unit,0,0,0,1.1599,0.9868
2025-11-28,PRD-054,power_unit,0,1,0,1.1599,1.0627
2025-11-28,PRD-020,control_board,1715,0,0,1.1599,1.0065
2025-11-28,PRD-018,sensor_module,0,0,0,1.1599,0.9992
2025-11-28,PRD-009,power_unit,12466,1,0,1.1599,1.0097
2025-11-29,PRD-064,power_unit,0,0,0,1.1584,0.9456
2025-11-29,PRD-002,sensor_module,0,0,0,1.1584,0.959
2025-11-29,PRD-053,industrial_switch,2436,0,0,1.1584,1.0022
2025-11-29,PRD-009,power_unit,0,0,0,1.1584,0.9905
2025-11-29,PRD-057,sensor_module,1678,0,0,1.1584,1.0298
2025-11-29,PRD-074,sensor_module,0,0,0,1.1584,0.9601
2025-11-29,PRD-045,control_board,1610,0,0,1.1584,0.9574
2025-11-29,PRD-028,industrial_switch,3472,0,0,1.1584,1.0683
2025-11-29,PRD-046,control_board,0,0,0,1.1584,0.9565
2025-11-29,PRD-003,power_unit,0,0,0,1.1584,1.0148
2025-11-29,PRD-075,industrial_switch,15577,0,0,1.1584,0.9574
2025-11-29,PRD-063,industrial_switch,0,0,0,1.1584,1.0392
2025-11-29,PRD-055,power_unit,0,0,0,1.1584,1.0399
2025-11-29,PRD-004,control_board,0,0,0,1.1584,0.9972
2025-11-29,PRD-030,sensor_module,0,0,0,1.1584,1.0338
2025-11-29,PRD-077,control_board,0,0,0,1.1584,1.0544
2025-11-29,PRD-061,industrial_switch,0,0,0,1.1584,0.9749
2025-11-29,PRD-062,sensor_module,0,0,0,1.1584,1.0434
2025-11-29,PRD-073,connector,0,0,0,1.1584,0.9484
2025-11-29,PRD-018,sensor_module,0,0,0,1.1584,0.9656
2025-11-30,PRD-012,connector,0,0,0,1.1569,1.0637
2025-11-30,PRD-037,control_board,0,1,0,1.1569,0.9701
2025-11-30,PRD-075,industrial_switch,0,0,0,1.1569,1.068
2025-11-30,PRD-067,sensor_module,0,0,0,1.1569,0.9406
2025-11-30,PRD-074,sensor_module,8489,0,0,1.1569,1.0139
2025-11-30,PRD-014,industrial_switch,5193,0,0,1.1569,0.9536
2025-11-30,PRD-026,power_unit,0,0,0,1.1569,1.0611
2025-11-30,PRD-049,power_unit,0,0,0,1.1569,0.9922
2025-11-30,PRD-077,control_board,0,0,0,1.1569,1.0087
2025-11-30,PRD-066,metal_housing,0,0,0,1.1569,1.0693
2025-11-30,PRD-016,connector,0,0,0,1.1569,1.0472
2025-11-30,PRD-005,industrial_switch,0,1,0,1.1569,0.9879
2025-11-30,PRD-039,industrial_switch,0,0,0,1.1569,0.9946
2025-11-30,PRD-057,sensor_module,0,0,0,1.1569,0.9413
2025-11-30,PRD-042,connector,0,0,0,1.1569,0.9524
2025-11-30,PRD-030,sensor_module,0,0,0,1.1569,0.9301
2025-11-30,PRD-056,industrial_switch,0,0,0,1.1569,1.004
2025-11-30,PRD-020,control_board,0,0,0,1.1569,0.9733
2025-11-30,PRD-035,sensor_module,0,0,0,1.1569,0.935
2025-11-30,PRD-038,connector,0,0,0,1.1569,0.9377
2025-12-01,PRD-052,metal_housing,0,0,0,1.1554,1.0273
2025-12-01,PRD-027,power_unit,0,0,0,1.1554,1.0127
2025-12-01,PRD-078,connector,0,0,0,1.1554,0.9384
2025-12-01,PRD-065,connector,0,0,0,1.1554,0.9603
2025-12-01,PRD-036,connector,0,1,0,1.1554,0.9534
2025-12-01,PRD-040,control_board,2254,0,0,1.1554,0.9376
2025-12-01,PRD-076,metal_housing,0,0,0,1.1554,1.0513
2025-12-01,PRD-005,industrial_switch,0,1,0,1.1554,1.0615
2025-12-01,PRD-023,power_unit,0,0,0,1.1554,0.9962
2025-12-01,PRD-018,sensor_module,0,1,0,1.1554,0.9391
2025-12-01,PRD-004,control_board,0,0,0,1.1554,1.0662
2025-12-01,PRD-030,sensor_module,0,0,0,1.1554,0.9545
2025-12-01,PRD-012,connector,0,0,0,1.1554,1.0129
2025-12-01,PRD-062,sensor_module,0,0,0,1.1554,1.0121
2025-12-01,PRD-025,power_unit,0,0,0,1.1554,1.0194
2025-12-01,PRD-015,industrial_switch,0,0,0,1.1554,1.0011
2025-12-01,PRD-013,industrial_switch,0,0,0,1.1554,0.9744
2025-12-01,PRD-008,power_unit,0,0,0,1.1554,0.9794
2025-12-01,PRD-061,industrial_switch,0,0,0,1.1554,1.0164
2025-12-01,PRD-038,connector,0,0,0,1.1554,1.0079
2025-12-02,PRD-067,sensor_module,0,0,0,1.1538,1.0099
2025-12-02,PRD-055,power_unit,0,0,0,1.1538,1.0065
2025-12-02,PRD-013,industrial_switch,0,0,0,1.1538,1.0589
2025-12-02,PRD-043,industrial_switch,1146,0,0,1.1538,0.9956
2025-12-02,PRD-063,industrial_switch,0,0,0,1.1538,1.0329
2025-12-02,PRD-030,sensor_module,0,0,0,1.1538,1.0436
2025-12-02,PRD-018,sensor_module,0,0,0,1.1538,1.001
2025-12-02,PRD-026,power_unit,1488,0,0,1.1538,1.0605
2025-12-02,PRD-034,power_unit,0,0,0,1.1538,1.0692
2025-12-02,PRD-011,industrial_switch,5322,0,0,1.1538,1.0222
2025-12-02,PRD-080,metal_housing,5226,0,0,1.1538,0.9367
2025-12-02,PRD-037,control_board,0,0,0,1.1538,0.9929
2025-12-02,PRD-016,connector,5197,0,0,1.1538,1.0172
2025-12-02,PRD-024,connector,0,0,0,1.1538,1.0288
2025-12-02,PRD-041,control_board,0,0,0,1.1538,1.0664
2025-12-02,PRD-039,industrial_switch,0,1,0,1.1538,0.9779
2025-12-02,PRD-075,industrial_switch,2883,0,0,1.1538,1.015
2025-12-02,PRD-023,power_unit,0,0,0,1.1538,1.0696
2025-12-02,PRD-061,industrial_switch,0,0,0,1.1538,1.0441
2025-12-02,PRD-035,sensor_module,0,0,0,1.1538,0.9944
2025-12-03,PRD-030,sensor_module,12824,0,0,1.1521,0.941
2025-12-03,PRD-064,power_unit,2563,0,0,1.1521,1.0526
2025-12-03,PRD-020,control_board,0,0,0,1.1521,1.0426
2025-12-03,PRD-063,industrial_switch,0,0,0,1.1521,1.0032
2025-12-03,PRD-053,industrial_switch,0,0,0,1.1521,1.0078
2025-12-03,PRD-068,connector,0,0,0,1.1521,0.9923
2025-12-03,PRD-039,industrial_switch,0,0,0,1.1521,1.0269
2025-12-03,PRD-066,metal_housing,0,0,0,1.1521,0.989
2025-12-03,PRD-051,control_board,0,0,0,1.1521,1.0501
2025-12-03,PRD-054,power_unit,0,0,0,1.1521,1.0304
2025-12-03,PRD-060,connector,0,0,0,1.1521,1.0347
2025-12-03,PRD-012,connector,2161,0,0,1.1521,0.974
2025-12-03,PRD-080,metal_housing,0,0,0,1.1521,1.0145
2025-12-03,PRD-021,power_unit,0,0,0,1.1521,1.0494
2025-12-03,PRD-034,power_unit,1169,0,0,1.1521,1.0218
2025-12-03,PRD-028,industrial_switch,0,0,0,1.1521,1.0696
2025-12-03,PRD-005,industrial_switch,3559,0,0,1.1521,1.0196
2025-12-03,PRD-052,metal_housing,0,0,0,1.1521,1.0133
2025-12-03,PRD-032,connector,6185,0,0,1.1521,0.9654
2025-12-03,PRD-045,control_board,8882,0,0,1.1521,1.0022
2025-12-04,PRD-079,connector,0,0,0,1.1505,1.0377
2025-12-04,PRD-007,control_board,0,0,0,1.1505,1.0569
2025-12-04,PRD-003,power_unit,2904,0,0,1.1505,1.0699
2025-12-04,PRD-001,sensor_module,0,0,0,1.1505,1.0613
2025-12-04,PRD-063,industrial_switch,0,0,0,1.1505,1.0528
2025-12-04,PRD-021,power_unit,0,0,0,1.1505,1.0143
2025-12-04,PRD-024,connector,0,0,0,1.1505,0.9768
2025-12-04,PRD-058,sensor_module,0,0,0,1.1505,0.9347
2025-12-04,PRD-018,sensor_module,0,0,0,1.1505,1.012
2025-12-04,PRD-051,control_board,0,0,0,1.1505,0.9993
2025-12-04,PRD-031,connector,0,0,0,1.1505,0.9418
2025-12-04,PRD-022,industrial_switch,0,0,0,1.1505,0.9697
2025-12-04,PRD-020,control_board,0,0,0,1.1505,0.9577
2025-12-04,PRD-023,power_unit,0,0,0,1.1505,0.9792
2025-12-04,PRD-014,industrial_switch,0,0,0,1.1505,0.9305
2025-12-04,PRD-004,control_board,0,0,0,1.1505,0.9452
2025-12-04,PRD-002,sensor_module,0,0,0,1.1505,0.9781
2025-12-04,PRD-013,industrial_switch,9324,0,0,1.1505,0.9639
2025-12-04,PRD-048,power_unit,0,1,0,1.1505,0.9638
2025-12-04,PRD-041,control_board,0,0,0,1.1505,0.955
2025-12-05,PRD-049,power_unit,6292,0,0,1.1487,0.9547
2025-12-05,PRD-042,connector,0,0,0,1.1487,1.0566
2025-12-05,PRD-011,industrial_switch,0,0,0,1.1487,1.0219
2025-12-05,PRD-070,industrial_switch,0,0,0,1.1487,1.0061
2025-12-05,PRD-046,control_board,3789,0,0,1.1487,0.9944
2025-12-05,PRD-020,control_board,0,0,0,1.1487,1.0399
2025-12-05,PRD-034,power_unit,0,0,0,1.1487,0.9627
2025-12-05,PRD-035,sensor_module,0,0,0,1.1487,0.9475
2025-12-05,PRD-053,industrial_switch,0,0,0,1.1487,1.0049
2025-12-05,PRD-069,sensor_module,0,0,0,1.1487,0.9464
2025-12-05,PRD-025,power_unit,0,0,0,1.1487,0.9912
2025-12-05,PRD-067,sensor_module,0,0,0,1.1487,0.9346
2025-12-05,PRD-010,power_unit,0,0,0,1.1487,1.0562
2025-12-05,PRD-006,sensor_module,0,0,0,1.1487,1.0639
2025-12-05,PRD-041,control_board,0,0,0,1.1487,1.0208
2025-12-05,PRD-080,metal_housing,0,0,0,1.1487,1.0492
2025-12-05,PRD-039,industrial_switch,0,0,0,1.1487,0.9417
2025-12-05,PRD-008,power_unit,0,0,0,1.1487,1.0055
2025-12-05,PRD-054,power_unit,0,0,0,1.1487,0.9417
2025-12-05,PRD-022,industrial_switch,0,0,0,1.1487,1.0621
2025-12-06,PRD-058,sensor_module,0,0,0,1.147,1.0085
2025-12-06,PRD-074,sensor_module,0,0,0,1.147,0.9372
2025-12-06,PRD-024,connector,10967,0,0,1.147,1.0138
2025-12-06,PRD-015,industrial_switch,0,0,0,1.147,0.9383
2025-12-06,PRD-044,sensor_module,881,0,0,1.147,1.0265
2025-12-06,PRD-016,connector,0,0,0,1.147,0.9619
2025-12-06,PRD-023,power_unit,0,0,0,1.147,0.9658
2025-12-06,PRD-027,power_unit,0,0,0,1.147,0.9304
2025-12-06,PRD-011,industrial_switch,3595,0,0,1.147,1.0551
2025-12-06,PRD-041,control_board,0,0,0,1.147,0.9613
2025-12-06,PRD-073,connector,0,0,0,1.147,1.0101
2025-12-06,PRD-046,control_board,0,0,0,1.147,0.9855
2025-12-06,PRD-040,control_board,0,0,0,1.147,0.9542
2025-12-06,PRD-061,industrial_switch,0,0,0,1.147,1.0221
2025-12-06,PRD-052,metal_housing,0,0,0,1.147,0.9398
2025-12-06,PRD-072,metal_housing,0,0,0,1.147,1.015
2025-12-06,PRD-054,power_unit,0,0,0,1.147,0.9791
2025-12-06,PRD-042,connector,0,0,0,1.147,0.9607
2025-12-06,PRD-056,industrial_switch,0,0,0,1.147,0.9776
2025-12-06,PRD-068,connector,0,0,0,1.147,1.0368
2025-12-07,PRD-027,power_unit,0,0,0,1.1452,1.0596
2025-12-07,PRD-016,connector,0,0,0,1.1452,1.0592
2025-12-07,PRD-077,control_board,0,0,0,1.1452,0.9955
2025-12-07,PRD-019,control_board,0,0,0,1.1452,1.0116
2025-12-07,PRD-049,power_unit,5356,0,0,1.1452,0.9872
2025-12-07,PRD-029,connector,0,0,0,1.1452,0.9573
2025-12-07,PRD-035,sensor_module,5879,0,0,1.1452,1.0058
2025-12-07,PRD-043,industrial_switch,0,0,0,1.1452,1.0101
2025-12-07,PRD-020,control_board,0,0,0,1.1452,0.9537
2025-12-07,PRD-028,industrial_switch,4964,0,0,1.1452,1.0577
2025-12-07,PRD-079,connector,0,0,0,1.1452,1.0529
2025-12-07,PRD-012,connector,0,0,0,1.1452,0.9412
2025-12-07,PRD-007,control_board,4803,0,0,1.1452,0.9466
2025-12-07,PRD-002,sensor_module,0,0,0,1.1452,0.9705
2025-12-07,PRD-013,industrial_switch,0,0,0,1.1452,0.9686
2025-12-07,PRD-033,control_board,0,0,0,1.1452,1.0486
2025-12-07,PRD-037,control_board,0,0,0,1.1452,0.9914
2025-12-07,PRD-005,industrial_switch,0,0,0,1.1452,0.9812
2025-12-07,PRD-044,sensor_module,0,0,0,1.1452,0.9969
2025-12-07,PRD-056,industrial_switch,0,0,0,1.1452,1.0071
2025-12-08,PRD-037,control_board,0,0,0,1.1433,1.034
2025-12-08,PRD-027,power_unit,0,0,0,1.1433,1.0424
2025-12-08,PRD-079,connector,0,0,0,1.1433,0.9506
2025-12-08,PRD-059,control_board,0,0,0,1.1433,0.9897
2025-12-08,PRD-038,connector,0,0,0,1.1433,1.0056
2025-12-08,PRD-002,sensor_module,15512,0,0,1.1433,0.9653
2025-12-08,PRD-062,sensor_module,0,0,0,1.1433,0.9962
2025-12-08,PRD-076,metal_housing,0,0,0,1.1433,1.0119
2025-12-08,PRD-073,connector,0,0,0,1.1433,1.062
2025-12-08,PRD-006,sensor_module,0,0,0,1.1433,0.9783
2025-12-08,PRD-054,power_unit,0,0,0,1.1433,0.9965
2025-12-08,PRD-016,connector,0,0,0,1.1433,0.9969
2025-12-08,PRD-026,power_unit,0,0,0,1.1433,1.0204
2025-12-08,PRD-047,metal_housing,0,0,0,1.1433,1.0458
2025-12-08,PRD-042,connector,0,0,0,1.1433,1.0341
2025-12-08,PRD-017,metal_housing,0,0,0,1.1433,1.0527
2025-12-08,PRD-039,industrial_switch,0,0,0,1.1433,1.0326
2025-12-08,PRD-015,industrial_switch,0,0,0,1.1433,0.9548
2025-12-08,PRD-007,control_board,0,0,0,1.1433,1.0538
2025-12-08,PRD-041,control_board,0,0,0,1.1433,1.0594
2025-12-09,PRD-059,control_board,0,0,0,1.1414,0.9387
2025-12-09,PRD-054,power_unit,0,0,0,1.1414,0.9799
2025-12-09,PRD-027,power_unit,0,0,0,1.1414,0.9785
2025-12-09,PRD-005,industrial_switch,0,0,0,1.1414,1.0618
2025-12-09,PRD-077,control_board,0,0,0,1.1414,1.0276
2025-12-09,PRD-028,industrial_switch,0,0,0,1.1414,0.9898
2025-12-09,PRD-025,power_unit,0,0,0,1.1414,0.992
2025-12-09,PRD-055,power_unit,0,0,0,1.1414,0.9692
2025-12-09,PRD-002,sensor_module,0,0,0,1.1414,0.9438
2025-12-09,PRD-038,connector,0,0,0,1.1414,0.9467
2025-12-09,PRD-004,control_board,0,0,0,1.1414,1.0345
2025-12-09,PRD-071,connector,0,0,0,1.1414,0.9498
2025-12-09,PRD-063,industrial_switch,0,0,0,1.1414,1.0128
2025-12-09,PRD-065,connector,0,0,0,1.1414,1.0277
2025-12-09,PRD-064,power_unit,0,0,0,1.1414,0.9997
2025-12-09,PRD-012,connector,4026,0,0,1.1414,1.0053
2025-12-09,PRD-031,connector,0,0,0,1.1414,1.0377
2025-12-09,PRD-068,connector,0,1,0,1.1414,0.9509
2025-12-09,PRD-078,connector,0,0,0,1.1414,1.0175
2025-12-09,PRD-008,power_unit,0,0,0,1.1414,0.9923
2025-12-10,PRD-004,control_board,0,0,0,1.1395,1.0611
2025-12-10,PRD-054,power_unit,0,0,0,1.1395,0.9379
2025-12-10,PRD-024,connector,0,1,0,1.1395,0.9933
2025-12-10,PRD-070,industrial_switch,0,0,0,1.1395,0.9314
2025-12-10,PRD-055,power_unit,8380,0,0,1.1395,1.0064
2025-12-10,PRD-078,connector,0,1,0,1.1395,0.9571
2025-12-10,PRD-022,industrial_switch,0,0,0,1.1395,1.0064
2025-12-10,PRD-047,metal_housing,0,0,0,1.1395,1.0012
2025-12-10,PRD-058,sensor_module,0,0,0,1.1395,1.0438
2025-12-10,PRD-066,metal_housing,0,0,0,1.1395,1.0309
2025-12-10,PRD-071,connector,0,0,0,1.1395,0.9679
2025-12-10,PRD-016,connector,3808,0,0,1.1395,1.0132
2025-12-10,PRD-040,control_board,0,0,0,1.1395,0.9726
2025-12-10,PRD-080,metal_housing,0,0,0,1.1395,0.9875
2025-12-10,PRD-051,control_board,0,0,0,1.1395,0.9528
2025-12-10,PRD-062,sensor_module,0,0,0,1.1395,0.9864
2025-12-10,PRD-014,industrial_switch,0,0,0,1.1395,1.0155
2025-12-10,PRD-013,industrial_switch,0,0,0,1.1395,0.9988
2025-12-10,PRD-063,industrial_switch,0,0,0,1.1395,0.9781
2025-12-10,PRD-075,industrial_switch,0,0,0,1.1395,0.9976
2025-12-11,PRD-059,control_board,0,0,0,1.1375,1.0256
2025-12-11,PRD-050,control_board,3932,0,0,1.1375,0.9622
2025-12-11,PRD-042,connector,1452,0,0,1.1375,0.9877
2025-12-11,PRD-072,metal_housing,0,0,0,1.1375,1.0694
2025-12-11,PRD-021,power_unit,0,0,0,1.1375,0.9383
2025-12-11,PRD-078,connector,0,0,0,1.1375,0.9656
2025-12-11,PRD-012,connector,0,0,0,1.1375,1.0659
2025-12-11,PRD-043,industrial_switch,3999,0,0,1.1375,1.0511
2025-12-11,PRD-006,sensor_module,1147,0,0,1.1375,1.0526
2025-12-11,PRD-008,power_unit,0,0,0,1.1375,0.9323
2025-12-11,PRD-069,sensor_module,0,0,0,1.1375,1.0332
2025-12-11,PRD-062,sensor_module,0,0,0,1.1375,1.0201
2025-12-11,PRD-013,industrial_switch,7920,0,0,1.1375,1.0156
2025-12-11,PRD-018,sensor_module,0,0,0,1.1375,1.0516
2025-12-11,PRD-068,connector,0,0,0,1.1375,0.9561
2025-12-11,PRD-017,metal_housing,2346,0,0,1.1375,1.005
2025-12-11,PRD-027,power_unit,1753,0,0,1.1375,1.0011
2025-12-11,PRD-066,metal_housing,0,0,0,1.1375,1.0519
2025-12-11,PRD-051,control_board,0,0,0,1.1375,1.0035
2025-12-11,PRD-079,connector,0,0,0,1.1375,0.931
2025-12-12,PRD-053,industrial_switch,0,0,0,1.1355,1.0478
2025-12-12,PRD-033,control_board,1565,0,0,1.1355,0.9889
2025-12-12,PRD-017,metal_housing,0,0,0,1.1355,1.0217
2025-12-12,PRD-080,metal_housing,0,0,0,1.1355,0.9594
2025-12-12,PRD-070,industrial_switch,0,0,0,1.1355,0.9651
2025-12-12,PRD-056,industrial_switch,0,1,0,1.1355,0.932
2025-12-12,PRD-051,control_board,0,0,0,1.1355,0.9507
2025-12-12,PRD-065,connector,0,0,0,1.1355,0.9652
2025-12-12,PRD-054,power_unit,0,0,0,1.1355,1.0605
2025-12-12,PRD-066,metal_housing,29779,0,0,1.1355,1.0202
2025-12-12,PRD-079,connector,0,0,0,1.1355,1.0066
2025-12-12,PRD-018,sensor_module,0,0,0,1.1355,1.0628
2025-12-12,PRD-008,power_unit,0,0,0,1.1355,1.0661
2025-12-12,PRD-064,power_unit,3766,0,0,1.1355,1.0023
2025-12-12,PRD-034,power_unit,0,0,0,1.1355,0.9923
2025-12-12,PRD-059,control_board,0,0,0,1.1355,1.0696
2025-12-12,PRD-006,sensor_module,0,0,0,1.1355,0.9762
2025-12-12,PRD-047,metal_housing,0,0,0,1.1355,1.0589
2025-12-12,PRD-027,power_unit,0,0,0,1.1355,0.9964
2025-12-12,PRD-021,power_unit,8722,0,0,1.1355,0.9469
2025-12-13,PRD-043,industrial_switch,0,0,0,1.1334,1.0568
2025-12-13,PRD-073,connector,0,0,0,1.1334,0.9302
2025-12-13,PRD-002,sensor_module,5368,0,0,1.1334,1.0406
2025-12-13,PRD-027,power_unit,0,0,0,1.1334,1.0478
2025-12-13,PRD-022,industrial_switch,12888,0,0,1.1334,1.0428
2025-12-13,PRD-045,control_board,872,1,0,1.1334,1.0636
2025-12-13,PRD-071,connector,0,0,0,1.1334,0.9301
2025-12-13,PRD-004,control_board,0,0,0,1.1334,1.0018
2025-12-13,PRD-018,sensor_module,0,0,0,1.1334,0.9388
2025-12-13,PRD-046,control_board,0,0,0,1.1334,0.9915
2025-12-13,PRD-031,connector,0,0,0,1.1334,1.0058
2025-12-13,PRD-025,power_unit,0,0,0,1.1334,1.0211
2025-12-13,PRD-061,industrial_switch,0,0,0,1.1334,0.9806
2025-12-13,PRD-024,connector,0,0,0,1.1334,0.9935
2025-12-13,PRD-021,power_unit,10959,0,0,1.1334,0.9844
2025-12-13,PRD-003,power_unit,0,0,0,1.1334,0.9719
2025-12-13,PRD-057,sensor_module,1378,0,0,1.1334,1.0357
2025-12-13,PRD-006,sensor_module,0,0,0,1.1334,1.054
2025-12-13,PRD-080,metal_housing,0,0,0,1.1334,1.0145
2025-12-13,PRD-063,industrial_switch,0,0,0,1.1334,0.9925
2025-12-14,PRD-062,sensor_module,0,0,0,1.1313,0.9988
2025-12-14,PRD-032,connector,0,0,0,1.1313,0.9471
2025-12-14,PRD-060,connector,4583,0,0,1.1313,0.9582
2025-12-14,PRD-080,metal_housing,0,0,0,1.1313,0.975
2025-12-14,PRD-075,industrial_switch,0,0,0,1.1313,0.9545
2025-12-14,PRD-014,industrial_switch,0,0,0,1.1313,1.0372
2025-12-14,PRD-044,sensor_module,0,0,0,1.1313,0.9612
2025-12-14,PRD-001,sensor_module,0,0,0,1.1313,0.9413
2025-12-14,PRD-013,industrial_switch,0,0,0,1.1313,0.9526
2025-12-14,PRD-016,connector,0,0,0,1.1313,0.9839
2025-12-14,PRD-028,industrial_switch,0,0,0,1.1313,1.0155
2025-12-14,PRD-073,connector,0,0,0,1.1313,1.0006
2025-12-14,PRD-020,control_board,3815,0,0,1.1313,1.0028
2025-12-14,PRD-055,power_unit,0,0,0,1.1313,0.9921
2025-12-14,PRD-053,industrial_switch,6014,0,0,1.1313,0.9504
2025-12-14,PRD-052,metal_housing,0,0,0,1.1313,1.0643
2025-12-14,PRD-056,industrial_switch,0,0,0,1.1313,1.0444
2025-12-14,PRD-003,power_unit,0,0,0,1.1313,1.0659
2025-12-14,PRD-042,connector,0,0,0,1.1313,0.997
2025-12-14,PRD-070,industrial_switch,0,0,0,1.1313,1.0054
2025-12-15,PRD-061,industrial_switch,1625,0,0,1.1292,1.0011
2025-12-15,PRD-013,industrial_switch,0,0,0,1.1292,1.0519
2025-12-15,PRD-017,metal_housing,0,0,0,1.1292,0.9363
2025-12-15,PRD-059,control_board,0,0,0,1.1292,0.9917
2025-12-15,PRD-039,industrial_switch,0,0,0,1.1292,0.9499
2025-12-15,PRD-028,industrial_switch,3852,0,0,1.1292,0.9916
2025-12-15,PRD-009,power_unit,0,0,0,1.1292,0.9473
2025-12-15,PRD-044,sensor_module,0,0,0,1.1292,0.9499
2025-12-15,PRD-049,power_unit,0,0,0,1.1292,1.0082
2025-12-15,PRD-047,metal_housing,0,0,0,1.1292,0.939
2025-12-15,PRD-010,power_unit,2225,0,0,1.1292,1.0117
2025-12-15,PRD-069,sensor_module,0,0,0,1.1292,0.9524
2025-12-15,PRD-046,control_board,0,0,0,1.1292,1.0699
2025-12-15,PRD-067,sensor_module,0,0,0,1.1292,0.9949
2025-12-15,PRD-063,industrial_switch,0,0,0,1.1292,1.0634
2025-12-15,PRD-001,sensor_module,0,0,0,1.1292,1.0084
2025-12-15,PRD-007,control_board,0,0,0,1.1292,1.0285
2025-12-15,PRD-005,industrial_switch,0,0,0,1.1292,0.9532
2025-12-15,PRD-074,sensor_module,0,0,0,1.1292,0.9451
2025-12-15,PRD-068,connector,0,0,0,1.1292,0.9863
2025-12-16,PRD-049,power_unit,0,0,0,1.127,0.9334
2025-12-16,PRD-034,power_unit,0,0,0,1.127,1.0204
2025-12-16,PRD-063,industrial_switch,0,0,0,1.127,0.9335
2025-12-16,PRD-019,control_board,0,0,0,1.127,1.0115
2025-12-16,PRD-015,industrial_switch,0,0,0,1.127,1.0631
2025-12-16,PRD-006,sensor_module,0,0,0,1.127,1.0401
2025-12-16,PRD-073,connector,0,0,0,1.127,0.9516
2025-12-16,PRD-007,control_board,0,0,0,1.127,1.0491
2025-12-16,PRD-028,industrial_switch,2754,0,0,1.127,0.9414
2025-12-16,PRD-065,connector,0,0,0,1.127,0.9466
2025-12-16,PRD-023,power_unit,2651,0,0,1.127,0.9522
2025-12-16,PRD-069,sensor_module,0,0,0,1.127,0.9317
2025-12-16,PRD-043,industrial_switch,1459,0,0,1.127,1.02
2025-12-16,PRD-042,connector,2382,0,0,1.127,0.9884
2025-12-16,PRD-047,metal_housing,0,0,0,1.127,1.0159
2025-12-16,PRD-029,connector,0,0,0,1.127,0.9308
2025-12-16,PRD-053,industrial_switch,0,0,0,1.127,1.0376
2025-12-16,PRD-022,industrial_switch,0,0,0,1.127,1.0048
2025-12-16,PRD-041,control_board,0,0,0,1.127,0.9345
2025-12-16,PRD-072,metal_housing,0,0,0,1.127,0.9583
2025-12-17,PRD-044,sensor_module,0,0,0,1.1248,1.0194
2025-12-17,PRD-037,control_board,0,0,0,1.1248,0.9792
2025-12-17,PRD-064,power_unit,1697,0,0,1.1248,1.0201
2025-12-17,PRD-051,control_board,0,0,0,1.1248,1.0146
2025-12-17,PRD-046,control_board,0,0,0,1.1248,0.9679
2025-12-17,PRD-010,power_unit,0,1,0,1.1248,0.9314
2025-12-17,PRD-008,power_unit,0,0,0,1.1248,0.9842
2025-12-17,PRD-056,industrial_switch,0,0,0,1.1248,1.0243
2025-12-17,PRD-003,power_unit,0,0,0,1.1248,1.0383
2025-12-17,PRD-060,connector,0,0,0,1.1248,1.0409
2025-12-17,PRD-019,control_board,0,0,0,1.1248,0.9456
2025-12-17,PRD-032,connector,0,0,0,1.1248,0.9937
2025-12-17,PRD-013,industrial_switch,0,0,0,1.1248,1.0686
2025-12-17,PRD-065,connector,0,0,0,1.1248,0.9304
2025-12-17,PRD-068,connector,0,0,0,1.1248,1.037
2025-12-17,PRD-030,sensor_module,1255,0,0,1.1248,0.9964
2025-12-17,PRD-031,connector,8920,0,0,1.1248,0.978
2025-12-17,PRD-038,connector,0,0,0,1.1248,0.9439
2025-12-17,PRD-059,control_board,0,0,0,1.1248,1.0335
2025-12-17,PRD-079,connector,0,0,0,1.1248,1.0032
2025-12-18,PRD-061,industrial_switch,0,0,0,1.1225,1.0454
2025-12-18,PRD-052,metal_housing,0,0,0,1.1225,1.0061
2025-12-18,PRD-059,control_board,0,0,0,1.1225,1.0374
2025-12-18,PRD-028,industrial_switch,0,0,0,1.1225,0.9858
2025-12-18,PRD-009,power_unit,0,0,0,1.1225,0.9689
2025-12-18,PRD-010,power_unit,0,0,0,1.1225,1.0439
2025-12-18,PRD-004,control_board,0,0,0,1.1225,1.0204
2025-12-18,PRD-044,sensor_module,0,0,0,1.1225,0.9921
2025-12-18,PRD-042,connector,0,0,0,1.1225,1.0564
2025-12-18,PRD-025,power_unit,0,0,0,1.1225,0.9558
2025-12-18,PRD-051,control_board,0,0,0,1.1225,0.989
2025-12-18,PRD-079,connector,0,0,0,1.1225,1.0161
2025-12-18,PRD-065,connector,0,0,0,1.1225,1.0641
2025-12-18,PRD-002,sensor_module,0,0,0,1.1225,0.9991
2025-12-18,PRD-037,control_board,0,0,0,1.1225,1.0147
2025-12-18,PRD-048,power_unit,0,0,0,1.1225,1.0184
2025-12-18,PRD-076,metal_housing,0,0,0,1.1225,0.9929
2025-12-18,PRD-049,power_unit,0,0,0,1.1225,0.9395
2025-12-18,PRD-008,power_unit,0,0,0,1.1225,1.01
2025-12-18,PRD-064,power_unit,0,0,0,1.1225,0.9748
2025-12-19,PRD-060,connector,0,0,0,1.1203,0.9972
2025-12-19,PRD-009,power_unit,9876,0,0,1.1203,0.9487
2025-12-19,PRD-002,sensor_module,0,1,0,1.1203,0.9575
2025-12-19,PRD-001,sensor_module,0,0,0,1.1203,1.0384
2025-12-19,PRD-062,sensor_module,740,0,0,1.1203,0.9772
2025-12-19,PRD-049,power_unit,0,0,0,1.1203,0.9451
2025-12-19,PRD-071,connector,0,0,0,1.1203,0.9498
2025-12-19,PRD-005,industrial_switch,0,0,0,1.1203,1.0106
2025-12-19,PRD-039,industrial_switch,0,0,0,1.1203,0.9752
2025-12-19,PRD-020,control_board,0,1,0,1.1203,1.0241
2025-12-19,PRD-006,sensor_module,1686,0,0,1.1203,1.0171
2025-12-19,PRD-033,control_board,0,0,0,1.1203,0.9609
2025-12-19,PRD-030,sensor_module,0,0,0,1.1203,1.0069
2025-12-19,PRD-027,power_unit,0,0,0,1.1203,1.0018
2025-12-19,PRD-047,metal_housing,0,0,0,1.1203,1.0631
2025-12-19,PRD-065,connector,1802,0,0,1.1203,0.9426
2025-12-19,PRD-035,sensor_module,0,0,0,1.1203,1.0685
2025-12-19,PRD-064,power_unit,0,0,0,1.1203,1.0495
2025-12-19,PRD-021,power_unit,0,0,0,1.1203,1.0692
2025-12-19,PRD-076,metal_housing,0,0,0,1.1203,1.0534
2025-12-20,PRD-070,industrial_switch,0,0,0,1.1179,1.0369
2025-12-20,PRD-072,metal_housing,2963,0,0,1.1179,1.0308
2025-12-20,PRD-006,sensor_module,0,0,0,1.1179,0.965
2025-12-20,PRD-067,sensor_module,0,0,0,1.1179,0.9316
2025-12-20,PRD-037,control_board,0,0,0,1.1179,1.0014
2025-12-20,PRD-064,power_unit,0,0,0,1.1179,1.0252
2025-12-20,PRD-032,connector,0,0,0,1.1179,1.064
2025-12-20,PRD-008,power_unit,0,0,0,1.1179,0.9969
2025-12-20,PRD-062,sensor_module,0,1,0,1.1179,1.0689
2025-12-20,PRD-002,sensor_module,0,0,0,1.1179,0.9882
2025-12-20,PRD-058,sensor_module,0,0,0,1.1179,1.0478
2025-12-20,PRD-011,industrial_switch,0,0,0,1.1179,1.0307
2025-12-20,PRD-025,power_unit,0,0,0,1.1179,0.9679
2025-12-20,PRD-053,industrial_switch,0,0,0,1.1179,0.9794
2025-12-20,PRD-001,sensor_module,0,0,0,1.1179,0.9754
2025-12-20,PRD-041,control_board,0,0,0,1.1179,1.0504
2025-12-20,PRD-040,control_board,0,0,0,1.1179,1.0453
2025-12-20,PRD-016,connector,0,1,0,1.1179,0.9655
2025-12-20,PRD-014,industrial_switch,0,0,0,1.1179,0.9646
2025-12-20,PRD-039,industrial_switch,0,0,0,1.1179,1.0244
2025-12-21,PRD-046,control_board,0,0,0,1.1156,1.0483
2025-12-21,PRD-004,control_board,0,0,0,1.1156,1.0086
2025-12-21,PRD-017,metal_housing,2304,0,0,1.1156,1.06
2025-12-21,PRD-042,connector,0,0,0,1.1156,1.0199
2025-12-21,PRD-056,industrial_switch,0,0,0,1.1156,1.0032
2025-12-21,PRD-063,industrial_switch,2680,0,0,1.1156,1.0268
2025-12-21,PRD-060,connector,0,0,0,1.1156,0.9772
2025-12-21,PRD-027,power_unit,0,0,0,1.1156,0.9366
2025-12-21,PRD-016,connector,6418,0,0,1.1156,1.0363
2025-12-21,PRD-059,control_board,9060,1,0,1.1156,0.9993
2025-12-21,PRD-053,industrial_switch,0,1,0,1.1156,1.0478
2025-12-21,PRD-048,power_unit,0,0,0,1.1156,0.9737
2025-12-21,PRD-003,power_unit,0,0,0,1.1156,1.0037
2025-12-21,PRD-061,industrial_switch,2917,0,0,1.1156,0.9642
2025-12-21,PRD-010,power_unit,0,0,0,1.1156,0.934
2025-12-21,PRD-064,power_unit,0,0,0,1.1156,0.9378
2025-12-21,PRD-015,industrial_switch,0,0,0,1.1156,1.0374
2025-12-21,PRD-029,connector,0,0,0,1.1156,1.0192
2025-12-21,PRD-077,control_board,0,0,0,1.1156,1.0105
2025-12-21,PRD-036,connector,0,0,0,1.1156,1.0397
2025-12-22,PRD-024,connector,0,0,0,1.1132,0.9793
2025-12-22,PRD-056,industrial_switch,4734,0,0,1.1132,1.0097
2025-12-22,PRD-008,power_unit,0,0,0,1.1132,0.9867
2025-12-22,PRD-076,metal_housing,0,0,0,1.1132,0.9643
2025-12-22,PRD-071,connector,0,0,0,1.1132,0.9621
2025-12-22,PRD-010,power_unit,0,0,0,1.1132,0.9875
2025-12-22,PRD-015,industrial_switch,0,0,0,1.1132,1.0303
2025-12-22,PRD-009,power_unit,0,0,0,1.1132,0.9723
2025-12-22,PRD-051,control_board,0,0,0,1.1132,1.0344
2025-12-22,PRD-073,connector,0,0,0,1.1132,0.9402
2025-12-22,PRD-042,connector,0,0,0,1.1132,0.9779
2025-12-22,PRD-030,sensor_module,0,0,0,1.1132,1.0493
2025-12-22,PRD-059,control_board,0,0,0,1.1132,0.9459
2025-12-22,PRD-064,power_unit,0,0,0,1.1132,0.9321
2025-12-22,PRD-012,connector,0,0,0,1.1132,0.9963
2025-12-22,PRD-017,metal_housing,0,0,0,1.1132,1.0179
2025-12-22,PRD-046,control_board,0,0,0,1.1132,1.0025
2025-12-22,PRD-062,sensor_module,0,0,0,1.1132,1.058
2025-12-22,PRD-078,connector,3310,0,0,1.1132,1.0568
2025-12-22,PRD-023,power_unit,0,0,0,1.1132,0.9302
2025-12-23,PRD-002,sensor_module,2352,0,0,1.1108,1.0008
2025-12-23,PRD-057,sensor_module,0,0,0,1.1108,1.0183
2025-12-23,PRD-003,power_unit,1048,0,0,1.1108,0.9502
2025-12-23,PRD-004,control_board,17402,0,0,1.1108,1.035
2025-12-23,PRD-077,control_board,0,0,0,1.1108,1.0682
2025-12-23,PRD-018,sensor_module,0,0,0,1.1108,1.0243
2025-12-23,PRD-073,connector,0,0,0,1.1108,0.9352
2025-12-23,PRD-008,power_unit,0,0,0,1.1108,1.0213
2025-12-23,PRD-010,power_unit,0,0,0,1.1108,0.963
2025-12-23,PRD-021,power_unit,0,0,0,1.1108,0.9831
2025-12-23,PRD-019,control_board,0,0,0,1.1108,1.0233
2025-12-23,PRD-035,sensor_module,0,0,0,1.1108,0.973
2025-12-23,PRD-062,sensor_module,0,0,0,1.1108,0.9868
2025-12-23,PRD-043,industrial_switch,4444,0,0,1.1108,1.0056
2025-12-23,PRD-001,sensor_module,0,0,0,1.1108,1.0048
2025-12-23,PRD-051,control_board,1954,0,0,1.1108,1.0152
2025-12-23,PRD-041,control_board,0,0,0,1.1108,0.9583
2025-12-23,PRD-065,connector,0,1,0,1.1108,0.9928
2025-12-23,PRD-054,power_unit,0,0,0,1.1108,1.0628
2025-12-23,PRD-058,sensor_module,0,0,0,1.1108,0.972
2025-12-24,PRD-063,industrial_switch,0,0,0,1.1083,1.0071
2025-12-24,PRD-069,sensor_module,0,0,0,1.1083,0.9734
2025-12-24,PRD-045,control_board,0,0,0,1.1083,1.015
2025-12-24,PRD-040,control_board,0,0,0,1.1083,0.9942
2025-12-24,PRD-022,industrial_switch,0,0,0,1.1083,0.9591
2025-12-24,PRD-044,sensor_module,0,0,0,1.1083,0.944
2025-12-24,PRD-076,metal_housing,0,1,0,1.1083,1.0143
2025-12-24,PRD-036,connector,5018,0,0,1.1083,1.0674
2025-12-24,PRD-048,power_unit,0,0,0,1.1083,0.9325
2025-12-24,PRD-070,industrial_switch,0,0,0,1.1083,0.9689
2025-12-24,PRD-032,connector,0,0,0,1.1083,1.004
2025-12-24,PRD-002,sensor_module,0,0,0,1.1083,0.9573
2025-12-24,PRD-041,control_board,0,0,0,1.1083,1.0085
2025-12-24,PRD-073,connector,0,0,0,1.1083,1.0599
2025-12-24,PRD-027,power_unit,0,0,0,1.1083,1.0194
2025-12-24,PRD-025,power_unit,0,0,0,1.1083,1.0311
2025-12-24,PRD-060,connector,493,0,0,1.1083,1.0556
2025-12-24,PRD-024,connector,0,1,0,1.1083,1.0218
2025-12-24,PRD-051,control_board,0,0,0,1.1083,0.9694
2025-12-24,PRD-015,industrial_switch,0,0,0,1.1083,1.0036
2025-12-25,PRD-003,power_unit,1065,0,0,1.1058,0.9893
2025-12-25,PRD-001,sensor_module,0,0,0,1.1058,1.0348
2025-12-25,PRD-016,connector,0,0,0,1.1058,1.0329
2025-12-25,PRD-005,industrial_switch,0,0,0,1.1058,0.9784
2025-12-25,PRD-031,connector,0,0,0,1.1058,1.0265
2025-12-25,PRD-047,metal_housing,0,0,0,1.1058,1.0123
2025-12-25,PRD-074,sensor_module,0,0,0,1.1058,0.9991
2025-12-25,PRD-015,industrial_switch,0,0,0,1.1058,1.0492
2025-12-25,PRD-072,metal_housing,0,0,0,1.1058,0.9395
2025-12-25,PRD-044,sensor_module,0,0,0,1.1058,0.9412
2025-12-25,PRD-004,control_board,2953,0,0,1.1058,0.9706
2025-12-25,PRD-069,sensor_module,0,0,0,1.1058,0.9696
2025-12-25,PRD-032,connector,0,0,0,1.1058,1.0344
2025-12-25,PRD-040,control_board,0,0,0,1.1058,1.0076
2025-12-25,PRD-071,connector,0,0,0,1.1058,0.9831
2025-12-25,PRD-022,industrial_switch,0,0,0,1.1058,0.9866
2025-12-25,PRD-007,control_board,0,0,0,1.1058,1.0283
2025-12-25,PRD-012,connector,0,0,0,1.1058,0.9646
2025-12-25,PRD-073,connector,5221,0,0,1.1058,0.9589
2025-12-25,PRD-013,industrial_switch,0,0,0,1.1058,0.9381
2025-12-26,PRD-043,industrial_switch,0,0,0,1.1033,0.9517
2025-12-26,PRD-001,sensor_module,0,0,0,1.1033,1.0044
2025-12-26,PRD-052,metal_housing,0,0,0,1.1033,1.0646
2025-12-26,PRD-058,sensor_module,0,1,0,1.1033,0.9775
2025-12-26,PRD-010,power_unit,0,0,0,1.1033,0.9426
2025-12-26,PRD-019,control_board,970,0,0,1.1033,1.0334
2025-12-26,PRD-080,metal_housing,0,0,0,1.1033,1.0332
2025-12-26,PRD-076,metal_housing,1324,0,0,1.1033,0.9653
2025-12-26,PRD-029,connector,0,0,0,1.1033,0.9728
2025-12-26,PRD-079,connector,0,0,0,1.1033,1.0497
2025-12-26,PRD-070,industrial_switch,0,0,0,1.1033,0.9657
2025-12-26,PRD-073,connector,0,0,0,1.1033,0.94
2025-12-26,PRD-034,power_unit,0,0,0,1.1033,1.0107
2025-12-26,PRD-018,sensor_module,4281,0,0,1.1033,1.0182
2025-12-26,PRD-009,power_unit,0,0,0,1.1033,0.9636
2025-12-26,PRD-056,industrial_switch,0,0,0,1.1033,0.9978
2025-12-26,PRD-036,connector,0,0,0,1.1033,0.9628
2025-12-26,PRD-015,industrial_switch,0,0,0,1.1033,1.0446
2025-12-26,PRD-064,power_unit,0,0,0,1.1033,1.0473
2025-12-26,PRD-025,power_unit,0,0,0,1.1033,1.04
2025-12-27,PRD-035,sensor_module,5456,0,1,1.1007,1.0016
2025-12-27,PRD-008,power_unit,8075,0,1,1.1007,1.0034
2025-12-27,PRD-023,power_unit,0,0,1,1.1007,0.9572
2025-12-27,PRD-037,control_board,0,0,1,1.1007,1.0436
2025-12-27,PRD-032,connector,0,1,1,1.1007,0.9531
2025-12-27,PRD-072,metal_housing,0,0,1,1.1007,1.0332
2025-12-27,PRD-080,metal_housing,0,0,1,1.1007,0.9741
2025-12-27,PRD-061,industrial_switch,0,0,1,1.1007,0.9389
2025-12-27,PRD-011,industrial_switch,0,0,1,1.1007,1.0129
2025-12-27,PRD-025,power_unit,0,0,1,1.1007,0.971
2025-12-27,PRD-044,sensor_module,0,0,1,1.1007,0.9777
2025-12-27,PRD-019,control_board,0,0,1,1.1007,0.9901
2025-12-27,PRD-071,connector,0,0,1,1.1007,1.0355
2025-12-27,PRD-078,connector,0,0,1,1.1007,1.065
2025-12-27,PRD-006,sensor_module,0,0,1,1.1007,1.0125
2025-12-27,PRD-054,power_unit,0,0,1,1.1007,1.0042
2025-12-27,PRD-027,power_unit,0,0,1,1.1007,1.0411
2025-12-27,PRD-029,connector,0,0,1,1.1007,1.0651
2025-12-27,PRD-002,sensor_module,0,0,1,1.1007,1.031
2025-12-27,PRD-056,industrial_switch,2743,0,1,1.1007,0.9914
2025-12-28,PRD-050,control_board,0,0,0,1.0981,0.9375
2025-12-28,PRD-032,connector,0,0,0,1.0981,1.0203
2025-12-28,PRD-075,industrial_switch,0,0,0,1.0981,0.9495
2025-12-28,PRD-031,connector,0,0,0,1.0981,1.0151
2025-12-28,PRD-053,industrial_switch,0,0,0,1.0981,0.9884
2025-12-28,PRD-015,industrial_switch,0,0,0,1.0981,0.9573
2025-12-28,PRD-080,metal_housing,1628,0,0,1.0981,1.0263
2025-12-28,PRD-045,control_board,0,0,0,1.0981,1.0503
2025-12-28,PRD-044,sensor_module,0,0,0,1.0981,1.0285
2025-12-28,PRD-023,power_unit,1810,0,0,1.0981,0.963
2025-12-28,PRD-003,power_unit,0,0,0,1.0981,1.0424
2025-12-28,PRD-061,industrial_switch,514,0,0,1.0981,0.9373
2025-12-28,PRD-018,sensor_module,0,0,0,1.0981,1.0288
2025-12-28,PRD-008,power_unit,0,0,0,1.0981,0.9326
2025-12-28,PRD-056,industrial_switch,0,0,0,1.0981,1.0049
2025-12-28,PRD-005,industrial_switch,0,1,0,1.0981,1.0345
2025-12-28,PRD-004,control_board,0,0,0,1.0981,1.0505
2025-12-28,PRD-039,industrial_switch,0,0,0,1.0981,0.9574
2025-12-28,PRD-060,connector,0,0,0,1.0981,1.0464
2025-12-28,PRD-051,control_board,0,0,0,1.0981,0.9917
2025-12-29,PRD-020,control_board,0,0,0,1.0955,1.0214
2025-12-29,PRD-063,industrial_switch,0,0,0,1.0955,1.0412
2025-12-29,PRD-054,power_unit,0,0,0,1.0955,0.994
2025-12-29,PRD-041,control_board,0,0,0,1.0955,0.971
2025-12-29,PRD-026,power_unit,1012,0,0,1.0955,1.0139
2025-12-29,PRD-005,industrial_switch,0,0,0,1.0955,1.0038
2025-12-29,PRD-075,industrial_switch,0,0,0,1.0955,1.0029
2025-12-29,PRD-027,power_unit,0,0,0,1.0955,1.0637
2025-12-29,PRD-010,power_unit,0,0,0,1.0955,1.0685
2025-12-29,PRD-025,power_unit,0,0,0,1.0955,0.9312
2025-12-29,PRD-071,connector,0,0,0,1.0955,0.9565
2025-12-29,PRD-035,sensor_module,6020,0,0,1.0955,1.0097
2025-12-29,PRD-029,connector,6044,0,0,1.0955,1.0608
2025-12-29,PRD-060,connector,0,0,0,1.0955,1.0445
2025-12-29,PRD-061,industrial_switch,0,0,0,1.0955,0.9358
2025-12-29,PRD-004,control_board,0,0,0,1.0955,1.0002
2025-12-29,PRD-034,power_unit,0,0,0,1.0955,0.9385
2025-12-29,PRD-077,control_board,0,0,0,1.0955,1.0583
2025-12-29,PRD-044,sensor_module,0,0,0,1.0955,0.9874
2025-12-29,PRD-055,power_unit,2294,0,0,1.0955,1.0159
2025-12-30,PRD-011,industrial_switch,0,1,0,1.0929,1.0365
2025-12-30,PRD-036,connector,2691,0,0,1.0929,1.041
2025-12-30,PRD-006,sensor_module,0,0,0,1.0929,1.062
2025-12-30,PRD-040,control_board,0,0,0,1.0929,0.9454
2025-12-30,PRD-023,power_unit,0,0,0,1.0929,1.0122
2025-12-30,PRD-026,power_unit,0,0,0,1.0929,0.9635
2025-12-30,PRD-014,industrial_switch,7604,0,0,1.0929,1.0438
2025-12-30,PRD-048,power_unit,0,0,0,1.0929,0.9357
2025-12-30,PRD-027,power_unit,0,0,0,1.0929,1.0105
2025-12-30,PRD-033,control_board,0,0,0,1.0929,0.9314
2025-12-30,PRD-043,industrial_switch,6782,0,0,1.0929,0.9502
2025-12-30,PRD-045,control_board,0,0,0,1.0929,0.9896
2025-12-30,PRD-004,control_board,0,1,0,1.0929,1.0079
2025-12-30,PRD-015,industrial_switch,6793,0,0,1.0929,1.0126
2025-12-30,PRD-062,sensor_module,0,0,0,1.0929,1.0276
2025-12-30,PRD-041,control_board,4034,0,0,1.0929,0.9695
2025-12-30,PRD-005,industrial_switch,0,0,0,1.0929,0.9579
2025-12-30,PRD-017,metal_housing,0,0,0,1.0929,1.0396
2025-12-30,PRD-016,connector,0,0,0,1.0929,1.0159
2025-12-30,PRD-049,power_unit,0,0,0,1.0929,0.9617
2025-12-31,PRD-058,sensor_module,9455,0,0,1.0902,1.0647
2025-12-31,PRD-012,connector,0,0,0,1.0902,0.9492
2025-12-31,PRD-011,industrial_switch,0,0,0,1.0902,1.0115
2025-12-31,PRD-079,connector,0,0,0,1.0902,1.0611
2025-12-31,PRD-031,connector,2266,0,0,1.0902,1.0416
2025-12-31,PRD-071,connector,0,0,0,1.0902,0.9516
2025-12-31,PRD-072,metal_housing,0,0,0,1.0902,0.9666
2025-12-31,PRD-009,power_unit,0,0,0,1.0902,1.0015
2025-12-31,PRD-076,metal_housing,0,0,0,1.0902,0.9445
2025-12-31,PRD-019,control_board,0,0,0,1.0902,1.0354
2025-12-31,PRD-061,industrial_switch,0,0,0,1.0902,0.9933
2025-12-31,PRD-015,industrial_switch,0,0,0,1.0902,1.0229
2025-12-31,PRD-047,metal_housing,0,0,0,1.0902,1.0445
2025-12-31,PRD-023,power_unit,0,0,0,1.0902,1.0672
2025-12-31,PRD-059,control_board,0,0,0,1.0902,0.9928
2025-12-31,PRD-054,power_unit,0,0,0,1.0902,1.021
2025-12-31,PRD-067,sensor_module,0,0,0,1.0902,1.0229
2025-12-31,PRD-044,sensor_module,0,0,0,1.0902,1.0627
2025-12-31,PRD-008,power_unit,0,0,0,1.0902,0.9793
2025-12-31,PRD-001,sensor_module,0,0,0,1.0902,1.0331
2026-01-01,PRD-056,industrial_switch,0,1,0,1.0875,1.0066
2026-01-01,PRD-046,control_board,2282,0,0,1.0875,1.0398
2026-01-01,PRD-019,control_board,0,0,0,1.0875,0.9714
2026-01-01,PRD-070,industrial_switch,10978,0,0,1.0875,0.9808
2026-01-01,PRD-059,control_board,0,1,0,1.0875,0.9394
2026-01-01,PRD-047,metal_housing,5467,0,0,1.0875,0.9384
2026-01-01,PRD-043,industrial_switch,0,0,0,1.0875,1.0663
2026-01-01,PRD-076,metal_housing,0,0,0,1.0875,0.9435
2026-01-01,PRD-011,industrial_switch,8609,0,0,1.0875,0.9826
2026-01-01,PRD-071,connector,0,0,0,1.0875,0.9611
2026-01-01,PRD-027,power_unit,0,0,0,1.0875,1.0471
2026-01-01,PRD-054,power_unit,0,0,0,1.0875,1.0133
2026-01-01,PRD-004,control_board,6481,0,0,1.0875,0.9853
2026-01-01,PRD-079,connector,0,0,0,1.0875,0.9311
2026-01-01,PRD-031,connector,0,0,0,1.0875,0.953
2026-01-01,PRD-041,control_board,0,0,0,1.0875,0.9872
2026-01-01,PRD-030,sensor_module,2741,0,0,1.0875,1.0501
2026-01-01,PRD-032,connector,2010,0,0,1.0875,1.0144
2026-01-01,PRD-065,connector,0,0,0,1.0875,1.0323
2026-01-01,PRD-005,industrial_switch,0,0,0,1.0875,0.9999
2026-01-02,PRD-021,power_unit,0,0,0,1.0848,0.9747
2026-01-02,PRD-024,connector,0,0,0,1.0848,1.0407
2026-01-02,PRD-025,power_unit,0,0,0,1.0848,1.0084
2026-01-02,PRD-012,connector,5591,0,0,1.0848,0.9537
2026-01-02,PRD-074,sensor_module,0,0,0,1.0848,0.9361
2026-01-02,PRD-044,sensor_module,0,0,0,1.0848,0.9453
2026-01-02,PRD-073,connector,0,0,0,1.0848,1.0173
2026-01-02,PRD-041,control_board,1414,0,0,1.0848,0.989
2026-01-02,PRD-043,industrial_switch,0,0,0,1.0848,0.9453
2026-01-02,PRD-038,connector,0,0,0,1.0848,1.0211
2026-01-02,PRD-006,sensor_module,1754,0,0,1.0848,0.9821
2026-01-02,PRD-054,power_unit,0,0,0,1.0848,1.0008
2026-01-02,PRD-050,control_board,0,0,0,1.0848,1.0579
2026-01-02,PRD-031,connector,0,0,0,1.0848,1.0254
2026-01-02,PRD-013,industrial_switch,0,0,0,1.0848,1.0214
2026-01-02,PRD-049,power_unit,0,0,0,1.0848,0.9417
2026-01-02,PRD-042,connector,0,0,0,1.0848,0.9633
2026-01-02,PRD-071,connector,0,0,0,1.0848,1.0022
2026-01-02,PRD-008,power_unit,0,0,0,1.0848,1.0384
2026-01-02,PRD-037,control_board,0,0,0,1.0848,1.059
2026-01-03,PRD-041,control_board,0,1,0,1.0821,1.0547
2026-01-03,PRD-061,industrial_switch,0,0,0,1.0821,0.9777
2026-01-03,PRD-004,control_board,0,0,0,1.0821,1.0001
2026-01-03,PRD-011,industrial_switch,0,0,0,1.0821,0.9728
2026-01-03,PRD-052,metal_housing,0,1,0,1.0821,0.9779
2026-01-03,PRD-015,industrial_switch,0,0,0,1.0821,0.9403
2026-01-03,PRD-054,power_unit,0,0,0,1.0821,1.0079
2026-01-03,PRD-053,industrial_switch,4766,0,0,1.0821,1.0489
2026-01-03,PRD-078,connector,0,0,0,1.0821,0.9324
2026-01-03,PRD-032,connector,0,0,0,1.0821,1.0229
2026-01-03,PRD-064,power_unit,0,0,0,1.0821,1.0559
2026-01-03,PRD-006,sensor_module,0,0,0,1.0821,0.9736
2026-01-03,PRD-066,metal_housing,0,0,0,1.0821,0.9536
2026-01-03,PRD-059,control_board,0,0,0,1.0821,0.9478
2026-01-03,PRD-021,power_unit,0,0,0,1.0821,0.9736
2026-01-03,PRD-069,sensor_module,0,0,0,1.0821,1.0342
2026-01-03,PRD-049,power_unit,0,0,0,1.0821,1.0045
2026-01-03,PRD-057,sensor_module,0,0,0,1.0821,1.0038
2026-01-03,PRD-019,control_board,0,0,0,1.0821,0.9713
2026-01-03,PRD-037,control_board,7084,0,0,1.0821,1.0418
2026-01-04,PRD-071,connector,0,0,0,1.0793,1.0428
2026-01-04,PRD-080,metal_housing,12544,0,0,1.0793,1.0267
2026-01-04,PRD-017,metal_housing,0,0,0,1.0793,1.0104
2026-01-04,PRD-051,control_board,0,0,0,1.0793,0.9765
2026-01-04,PRD-070,industrial_switch,0,0,0,1.0793,0.9931
2026-01-04,PRD-038,connector,0,0,0,1.0793,0.9395
2026-01-04,PRD-003,power_unit,0,0,0,1.0793,1.0188
2026-01-04,PRD-055,power_unit,0,0,0,1.0793,1.053
2026-01-04,PRD-041,control_board,4483,0,0,1.0793,1.0419
2026-01-04,PRD-072,metal_housing,1058,0,0,1.0793,0.9418
2026-01-04,PRD-056,industrial_switch,0,0,0,1.0793,1.0672
2026-01-04,PRD-066,metal_housing,0,0,0,1.0793,1.0193
2026-01-04,PRD-001,sensor_module,0,0,0,1.0793,1.0064
2026-01-04,PRD-040,control_board,0,0,0,1.0793,0.987
2026-01-04,PRD-076,metal_housing,0,0,0,1.0793,0.9337
2026-01-04,PRD-042,connector,2218,0,0,1.0793,0.9774
2026-01-04,PRD-058,sensor_module,0,0,0,1.0793,0.9408
2026-01-04,PRD-048,power_unit,4054,0,0,1.0793,0.9913
2026-01-04,PRD-034,power_unit,0,0,0,1.0793,1.0108
2026-01-04,PRD-077,control_board,3976,0,0,1.0793,0.9787
2026-01-05,PRD-028,industrial_switch,0,0,0,1.0765,1.0325
2026-01-05,PRD-066,metal_housing,4184,0,0,1.0765,1.0117
2026-01-05,PRD-073,connector,0,0,0,1.0765,1.0349
2026-01-05,PRD-080,metal_housing,0,0,0,1.0765,0.9724
2026-01-05,PRD-052,metal_housing,0,0,0,1.0765,1.0244
2026-01-05,PRD-014,industrial_switch,0,0,0,1.0765,1.0661
2026-01-05,PRD-057,sensor_module,0,0,0,1.0765,1.061
2026-01-05,PRD-045,control_board,0,0,0,1.0765,0.9398
2026-01-05,PRD-017,metal_housing,0,0,0,1.0765,1.0388
2026-01-05,PRD-021,power_unit,0,0,0,1.0765,0.9874
2026-01-05,PRD-043,industrial_switch,0,0,0,1.0765,1.0165
2026-01-05,PRD-060,connector,0,0,0,1.0765,1.0402
2026-01-05,PRD-029,connector,0,0,0,1.0765,0.9364
2026-01-05,PRD-058,sensor_module,0,0,0,1.0765,0.9791
2026-01-05,PRD-067,sensor_module,0,0,0,1.0765,0.9786
2026-01-05,PRD-063,industrial_switch,0,1,0,1.0765,0.9467
2026-01-05,PRD-031,connector,0,0,0,1.0765,0.9509
2026-01-05,PRD-061,industrial_switch,0,0,0,1.0765,0.9485
2026-01-05,PRD-030,sensor_module,0,0,0,1.0765,0.9766
2026-01-05,PRD-022,industrial_switch,0,0,0,1.0765,1.0275
2026-01-06,PRD-057,sensor_module,0,0,0,1.0737,0.9731
2026-01-06,PRD-032,connector,4235,0,0,1.0737,1.065
2026-01-06,PRD-037,control_board,0,0,0,1.0737,1.0653
2026-01-06,PRD-034,power_unit,0,0,0,1.0737,1.0628
2026-01-06,PRD-014,industrial_switch,0,0,0,1.0737,0.9636
2026-01-06,PRD-054,power_unit,0,0,0,1.0737,0.9485
2026-01-06,PRD-017,metal_housing,0,0,0,1.0737,0.9942
2026-01-06,PRD-044,sensor_module,0,0,0,1.0737,0.9948
2026-01-06,PRD-045,control_board,6387,0,0,1.0737,1.0258
2026-01-06,PRD-036,connector,0,0,0,1.0737,1.0591
2026-01-06,PRD-056,industrial_switch,0,0,0,1.0737,1.0425
2026-01-06,PRD-033,control_board,3472,0,0,1.0737,0.9782
2026-01-06,PRD-007,control_board,0,0,0,1.0737,1.0548
2026-01-06,PRD-040,control_board,0,0,0,1.0737,1.0597
2026-01-06,PRD-024,connector,4264,0,0,1.0737,0.9659
2026-01-06,PRD-011,industrial_switch,0,0,0,1.0737,1.0035
2026-01-06,PRD-041,control_board,0,0,0,1.0737,0.946
2026-01-06,PRD-016,connector,0,0,0,1.0737,1.0127
2026-01-06,PRD-006,sensor_module,0,0,0,1.0737,1.0187
2026-01-06,PRD-060,connector,0,0,0,1.0737,0.9592
2026-01-07,PRD-018,sensor_module,0,0,0,1.0708,0.9844
2026-01-07,PRD-023,power_unit,0,0,0,1.0708,0.944
2026-01-07,PRD-008,power_unit,0,0,0,1.0708,1.0553
2026-01-07,PRD-060,connector,0,0,0,1.0708,1.0627
2026-01-07,PRD-045,control_board,0,0,0,1.0708,0.9524
2026-01-07,PRD-061,industrial_switch,0,0,0,1.0708,1.012
2026-01-07,PRD-077,control_board,0,1,0,1.0708,1.0065
2026-01-07,PRD-033,control_board,0,0,0,1.0708,1.061
2026-01-07,PRD-078,connector,0,0,0,1.0708,1.0104
2026-01-07,PRD-004,control_board,0,0,0,1.0708,0.9618
2026-01-07,PRD-034,power_unit,0,0,0,1.0708,1.0062
2026-01-07,PRD-043,industrial_switch,15502,0,0,1.0708,0.9548
2026-01-07,PRD-036,connector,0,0,0,1.0708,0.9626
2026-01-07,PRD-025,power_unit,0,0,0,1.0708,0.9728
2026-01-07,PRD-072,metal_housing,1305,0,0,1.0708,0.9621
2026-01-07,PRD-031,connector,0,0,0,1.0708,1.0482
2026-01-07,PRD-038,connector,0,0,0,1.0708,0.9599
2026-01-07,PRD-028,industrial_switch,0,0,0,1.0708,1.0285
2026-01-07,PRD-027,power_unit,0,0,0,1.0708,1.055
2026-01-07,PRD-059,control_board,10197,0,0,1.0708,0.9305
2026-01-08,PRD-055,power_unit,0,0,0,1.068,0.9874
2026-01-08,PRD-019,control_board,0,0,0,1.068,1.0177
2026-01-08,PRD-077,control_board,3334,0,0,1.068,0.9838
2026-01-08,PRD-041,control_board,1242,0,0,1.068,0.9343
2026-01-08,PRD-012,connector,0,0,0,1.068,0.9839
2026-01-08,PRD-003,power_unit,4878,0,0,1.068,0.9607
2026-01-08,PRD-059,control_board,0,0,0,1.068,0.9679
2026-01-08,PRD-042,connector,3214,0,0,1.068,1.0099
2026-01-08,PRD-008,power_unit,0,0,0,1.068,0.9768
2026-01-08,PRD-046,control_board,5051,0,0,1.068,1.0645
2026-01-08,PRD-024,connector,855,0,0,1.068,1.0096
2026-01-08,PRD-048,power_unit,0,0,0,1.068,1.0
2026-01-08,PRD-049,power_unit,0,0,0,1.068,1.0046
2026-01-08,PRD-023,power_unit,0,0,0,1.068,1.0389
2026-01-08,PRD-009,power_unit,4359,0,0,1.068,0.9489
2026-01-08,PRD-054,power_unit,0,0,0,1.068,1.0183
2026-01-08,PRD-072,metal_housing,0,0,0,1.068,0.9758
2026-01-08,PRD-011,industrial_switch,0,0,0,1.068,1.0678
2026-01-08,PRD-004,control_board,7055,0,0,1.068,1.0239
2026-01-08,PRD-066,metal_housing,0,0,0,1.068,1.0449
2026-01-09,PRD-049,power_unit,0,0,0,1.0651,0.934
2026-01-09,PRD-025,power_unit,0,0,0,1.0651,1.0323
2026-01-09,PRD-017,metal_housing,0,1,0,1.0651,1.0674
2026-01-09,PRD-048,power_unit,0,0,0,1.0651,0.9794
2026-01-09,PRD-009,power_unit,8329,0,0,1.0651,0.9542
2026-01-09,PRD-035,sensor_module,0,0,0,1.0651,0.9316
2026-01-09,PRD-042,connector,2028,0,0,1.0651,0.9475
2026-01-09,PRD-043,industrial_switch,0,0,0,1.0651,0.9376
2026-01-09,PRD-076,metal_housing,0,0,0,1.0651,0.9816
2026-01-09,PRD-058,sensor_module,3272,0,0,1.0651,1.0609
2026-01-09,PRD-068,connector,0,0,0,1.0651,0.9504
2026-01-09,PRD-050,control_board,0,0,0,1.0651,0.9864
2026-01-09,PRD-052,metal_housing,0,0,0,1.0651,1.0107
2026-01-09,PRD-018,sensor_module,0,0,0,1.0651,1.0346
2026-01-09,PRD-027,power_unit,0,0,0,1.0651,1.0678
2026-01-09,PRD-063,industrial_switch,0,0,0,1.0651,0.9774
2026-01-09,PRD-036,connector,0,0,0,1.0651,1.0375
2026-01-09,PRD-011,industrial_switch,0,0,0,1.0651,1.0004
2026-01-09,PRD-072,metal_housing,0,0,0,1.0651,0.9759
2026-01-09,PRD-020,control_board,0,0,0,1.0651,1.009
2026-01-10,PRD-017,metal_housing,1634,0,0,1.0622,1.0486
2026-01-10,PRD-016,connector,0,0,0,1.0622,1.0172
2026-01-10,PRD-003,power_unit,2861,0,0,1.0622,0.9704
2026-01-10,PRD-075,industrial_switch,0,0,0,1.0622,1.065
2026-01-10,PRD-029,connector,0,0,0,1.0622,1.019
2026-01-10,PRD-041,control_board,0,0,0,1.0622,1.0672
2026-01-10,PRD-058,sensor_module,0,1,0,1.0622,0.9673
2026-01-10,PRD-018,sensor_module,0,0,0,1.0622,1.0661
2026-01-10,PRD-063,industrial_switch,0,0,0,1.0622,1.0454
2026-01-10,PRD-057,sensor_module,0,0,0,1.0622,0.9515
2026-01-10,PRD-010,power_unit,2569,0,0,1.0622,0.9595
2026-01-10,PRD-050,control_board,1829,1,0,1.0622,1.0258
2026-01-10,PRD-047,metal_housing,4410,0,0,1.0622,1.0663
2026-01-10,PRD-024,connector,0,0,0,1.0622,0.9794
2026-01-10,PRD-077,control_board,0,0,0,1.0622,0.9951
2026-01-10,PRD-061,industrial_switch,0,0,0,1.0622,0.9468
2026-01-10,PRD-049,power_unit,1145,0,0,1.0622,1.0207
2026-01-10,PRD-031,connector,0,0,0,1.0622,0.9306
2026-01-10,PRD-070,industrial_switch,0,0,0,1.0622,0.9871
2026-01-10,PRD-014,industrial_switch,0,0,0,1.0622,1.0671
2026-01-11,PRD-072,metal_housing,5648,0,0,1.0593,0.9402
2026-01-11,PRD-020,control_board,0,0,0,1.0593,0.9539
2026-01-11,PRD-079,connector,0,0,0,1.0593,0.989
2026-01-11,PRD-051,control_board,0,0,0,1.0593,0.9954
2026-01-11,PRD-039,industrial_switch,0,0,0,1.0593,1.0146
2026-01-11,PRD-044,sensor_module,0,0,0,1.0593,1.0552
2026-01-11,PRD-024,connector,0,0,0,1.0593,1.0138
2026-01-11,PRD-071,connector,0,0,0,1.0593,1.0425
2026-01-11,PRD-008,power_unit,0,0,0,1.0593,1.059
2026-01-11,PRD-074,sensor_module,0,0,0,1.0593,0.9546
2026-01-11,PRD-018,sensor_module,0,0,0,1.0593,1.0389
2026-01-11,PRD-006,sensor_module,0,0,0,1.0593,1.0577
2026-01-11,PRD-073,connector,4514,0,0,1.0593,1.0358
2026-01-11,PRD-033,control_board,4945,0,0,1.0593,0.9469
2026-01-11,PRD-015,industrial_switch,0,0,0,1.0593,0.9597
2026-01-11,PRD-025,power_unit,1382,0,0,1.0593,1.0126
2026-01-11,PRD-075,industrial_switch,0,0,0,1.0593,0.9354
2026-01-11,PRD-032,connector,0,0,0,1.0593,0.9801
2026-01-11,PRD-076,metal_housing,0,0,0,1.0593,1.0259
2026-01-11,PRD-036,connector,6330,0,0,1.0593,1.0497
2026-01-12,PRD-009,power_unit,0,0,0,1.0564,1.0431
2026-01-12,PRD-067,sensor_module,0,0,0,1.0564,0.9481
2026-01-12,PRD-003,power_unit,0,0,0,1.0564,0.9671
2026-01-12,PRD-057,sensor_module,0,0,0,1.0564,0.9795
2026-01-12,PRD-073,connector,0,0,0,1.0564,0.9447
2026-01-12,PRD-022,industrial_switch,0,0,0,1.0564,1.0361
2026-01-12,PRD-064,power_unit,0,0,0,1.0564,1.058
2026-01-12,PRD-020,control_board,0,0,0,1.0564,0.9493
2026-01-12,PRD-037,control_board,0,0,0,1.0564,0.9736
2026-01-12,PRD-044,sensor_module,0,1,0,1.0564,0.9829
2026-01-12,PRD-047,metal_housing,0,0,0,1.0564,1.065
2026-01-12,PRD-031,connector,0,0,0,1.0564,1.0071
2026-01-12,PRD-026,power_unit,0,1,0,1.0564,0.9802
2026-01-12,PRD-060,connector,0,0,0,1.0564,0.9317
2026-01-12,PRD-036,connector,6107,0,0,1.0564,0.9775
2026-01-12,PRD-014,industrial_switch,0,0,0,1.0564,0.9609
2026-01-12,PRD-039,industrial_switch,0,0,0,1.0564,1.0292
2026-01-12,PRD-076,metal_housing,0,0,0,1.0564,1.0389
2026-01-12,PRD-058,sensor_module,0,0,0,1.0564,1.0038
2026-01-12,PRD-043,industrial_switch,0,0,0,1.0564,1.0441
2026-01-13,PRD-004,control_board,0,0,0,1.0534,0.9388
2026-01-13,PRD-077,control_board,0,0,0,1.0534,1.0427
2026-01-13,PRD-022,industrial_switch,0,0,0,1.0534,1.0574
2026-01-13,PRD-013,industrial_switch,0,0,0,1.0534,1.0388
2026-01-13,PRD-012,connector,0,0,0,1.0534,1.0055
2026-01-13,PRD-073,connector,0,0,0,1.0534,0.9978
2026-01-13,PRD-026,power_unit,5391,0,0,1.0534,0.9884
2026-01-13,PRD-056,industrial_switch,0,0,0,1.0534,1.0149
2026-01-13,PRD-068,connector,0,0,0,1.0534,0.9383
2026-01-13,PRD-063,industrial_switch,1702,0,0,1.0534,0.9612
2026-01-13,PRD-007,control_board,0,0,0,1.0534,0.9538
2026-01-13,PRD-058,sensor_module,0,0,0,1.0534,1.0272
2026-01-13,PRD-011,industrial_switch,1660,0,0,1.0534,0.9956
2026-01-13,PRD-054,power_unit,0,0,0,1.0534,0.9897
2026-01-13,PRD-072,metal_housing,0,0,0,1.0534,0.9748
2026-01-13,PRD-038,connector,0,0,0,1.0534,0.9693
2026-01-13,PRD-061,industrial_switch,0,0,0,1.0534,0.9643
2026-01-13,PRD-079,connector,0,0,0,1.0534,1.0186
2026-01-13,PRD-035,sensor_module,0,0,0,1.0534,1.0499
2026-01-13,PRD-036,connector,0,0,0,1.0534,0.9338
2026-01-14,PRD-025,power_unit,0,1,0,1.0504,0.9488
2026-01-14,PRD-078,connector,0,0,0,1.0504,0.9963
2026-01-14,PRD-009,power_unit,0,0,0,1.0504,0.99
2026-01-14,PRD-010,power_unit,0,0,0,1.0504,0.9608
2026-01-14,PRD-030,sensor_module,0,0,0,1.0504,0.9475
2026-01-14,PRD-044,sensor_module,0,0,0,1.0504,0.9472
2026-01-14,PRD-042,connector,0,0,0,1.0504,1.0408
2026-01-14,PRD-028,industrial_switch,5821,0,0,1.0504,0.9344
2026-01-14,PRD-072,metal_housing,4171,0,0,1.0504,1.0478
2026-01-14,PRD-052,metal_housing,0,1,0,1.0504,0.9431
2026-01-14,PRD-002,sensor_module,0,0,0,1.0504,0.959
2026-01-14,PRD-079,connector,0,0,0,1.0504,0.9439
2026-01-14,PRD-026,power_unit,0,0,0,1.0504,0.9976
2026-01-14,PRD-037,control_board,0,0,0,1.0504,1.0437
2026-01-14,PRD-063,industrial_switch,0,0,0,1.0504,0.955
2026-01-14,PRD-074,sensor_module,3803,0,0,1.0504,1.0437
2026-01-14,PRD-066,metal_housing,0,0,0,1.0504,0.9452
2026-01-14,PRD-076,metal_housing,0,0,0,1.0504,0.9991
2026-01-14,PRD-006,sensor_module,0,0,0,1.0504,1.0404
2026-01-14,PRD-062,sensor_module,0,0,0,1.0504,0.9615
2026-01-15,PRD-072,metal_housing,0,1,0,1.0475,0.9905
2026-01-15,PRD-038,connector,0,0,0,1.0475,1.0601
2026-01-15,PRD-058,sensor_module,0,0,0,1.0475,0.9593
2026-01-15,PRD-051,control_board,0,0,0,1.0475,1.0316
2026-01-15,PRD-059,control_board,0,0,0,1.0475,0.9849
2026-01-15,PRD-061,industrial_switch,0,0,0,1.0475,0.9371
2026-01-15,PRD-035,sensor_module,0,0,0,1.0475,0.9614
2026-01-15,PRD-012,connector,0,0,0,1.0475,0.9939
2026-01-15,PRD-007,control_board,0,0,0,1.0475,0.9885
2026-01-15,PRD-025,power_unit,0,0,0,1.0475,0.9364
2026-01-15,PRD-054,power_unit,0,0,0,1.0475,0.9421
2026-01-15,PRD-008,power_unit,0,0,0,1.0475,0.9587
2026-01-15,PRD-016,connector,0,0,0,1.0475,0.9951
2026-01-15,PRD-006,sensor_module,0,0,0,1.0475,1.0137
2026-01-15,PRD-070,industrial_switch,0,1,0,1.0475,0.9493
2026-01-15,PRD-039,industrial_switch,0,0,0,1.0475,0.9467
2026-01-15,PRD-033,control_board,0,0,0,1.0475,0.9567
2026-01-15,PRD-037,control_board,5680,0,0,1.0475,1.0078
2026-01-15,PRD-040,control_board,0,0,0,1.0475,0.96
2026-01-15,PRD-063,industrial_switch,0,0,0,1.0475,0.9306
2026-01-16,PRD-039,industrial_switch,6609,0,0,1.0445,0.9901
2026-01-16,PRD-078,connector,0,0,0,1.0445,0.942
2026-01-16,PRD-028,industrial_switch,928,0,0,1.0445,1.0513
2026-01-16,PRD-075,industrial_switch,0,0,0,1.0445,0.9767
2026-01-16,PRD-022,industrial_switch,3274,0,0,1.0445,1.0581
2026-01-16,PRD-079,connector,0,0,0,1.0445,0.9492
2026-01-16,PRD-063,industrial_switch,0,0,0,1.0445,1.0163
2026-01-16,PRD-056,industrial_switch,0,0,0,1.0445,0.9874
2026-01-16,PRD-005,industrial_switch,3536,0,0,1.0445,0.9447
2026-01-16,PRD-035,sensor_module,0,0,0,1.0445,1.0116
2026-01-16,PRD-021,power_unit,0,0,0,1.0445,0.9361
2026-01-16,PRD-077,control_board,0,0,0,1.0445,0.9524
2026-01-16,PRD-004,control_board,0,0,0,1.0445,1.0373
2026-01-16,PRD-044,sensor_module,0,0,0,1.0445,1.0562
2026-01-16,PRD-019,control_board,0,0,0,1.0445,1.0479
2026-01-16,PRD-048,power_unit,1534,0,0,1.0445,0.9421
2026-01-16,PRD-016,connector,0,0,0,1.0445,0.9742
2026-01-16,PRD-023,power_unit,0,0,0,1.0445,0.9573
2026-01-16,PRD-038,connector,0,0,0,1.0445,1.0092
2026-01-16,PRD-061,industrial_switch,0,0,0,1.0445,0.9848
2026-01-17,PRD-043,industrial_switch,0,0,0,1.0415,0.9438
2026-01-17,PRD-047,metal_housing,2379,0,0,1.0415,1.0597
2026-01-17,PRD-072,metal_housing,0,0,0,1.0415,0.9717
2026-01-17,PRD-004,control_board,0,0,0,1.0415,1.0089
2026-01-17,PRD-038,connector,0,0,0,1.0415,0.946
2026-01-17,PRD-045,control_board,0,0,0,1.0415,0.9373
2026-01-17,PRD-075,industrial_switch,0,0,0,1.0415,1.0489
2026-01-17,PRD-055,power_unit,0,0,0,1.0415,0.9366
2026-01-17,PRD-062,sensor_module,4161,0,0,1.0415,0.9631
2026-01-17,PRD-026,power_unit,0,0,0,1.0415,0.9954
2026-01-17,PRD-040,control_board,0,0,0,1.0415,1.0021
2026-01-17,PRD-028,industrial_switch,12981,0,0,1.0415,1.0196
2026-01-17,PRD-016,connector,3205,0,0,1.0415,0.9606
2026-01-17,PRD-035,sensor_module,1449,0,0,1.0415,1.0652
2026-01-17,PRD-032,connector,0,0,0,1.0415,0.9444
2026-01-17,PRD-021,power_unit,0,0,0,1.0415,0.9639
2026-01-17,PRD-033,control_board,0,0,0,1.0415,0.9832
2026-01-17,PRD-014,industrial_switch,0,0,0,1.0415,0.9487
2026-01-17,PRD-061,industrial_switch,0,0,0,1.0415,0.9468
2026-01-17,PRD-046,control_board,0,0,0,1.0415,1.0161
2026-01-18,PRD-018,sensor_module,0,0,0,1.0384,0.9684
2026-01-18,PRD-025,power_unit,0,0,0,1.0384,1.0218
2026-01-18,PRD-001,sensor_module,2814,0,0,1.0384,0.9727
2026-01-18,PRD-031,connector,5514,0,0,1.0384,1.0128
2026-01-18,PRD-066,metal_housing,5745,0,0,1.0384,1.0148
2026-01-18,PRD-051,control_board,0,0,0,1.0384,1.036
2026-01-18,PRD-007,control_board,0,0,0,1.0384,1.0683
2026-01-18,PRD-049,power_unit,0,0,0,1.0384,1.0519
2026-01-18,PRD-055,power_unit,0,0,0,1.0384,1.0023
2026-01-18,PRD-060,connector,0,0,0,1.0384,1.0489
2026-01-18,PRD-052,metal_housing,0,0,0,1.0384,0.9672
2026-01-18,PRD-019,control_board,0,0,0,1.0384,1.0122
2026-01-18,PRD-064,power_unit,0,0,0,1.0384,1.0468
2026-01-18,PRD-074,sensor_module,1207,0,0,1.0384,0.9716
2026-01-18,PRD-014,industrial_switch,0,0,0,1.0384,0.9493
2026-01-18,PRD-035,sensor_module,0,0,0,1.0384,1.034
2026-01-18,PRD-043,industrial_switch,0,0,0,1.0384,0.9986
2026-01-18,PRD-016,connector,0,0,0,1.0384,0.9913
2026-01-18,PRD-041,control_board,0,0,0,1.0384,1.0172
2026-01-18,PRD-054,power_unit,0,0,0,1.0384,1.0607
2026-01-19,PRD-062,sensor_module,4852,0,0,1.0354,0.9318
2026-01-19,PRD-013,industrial_switch,0,0,0,1.0354,0.9396
2026-01-19,PRD-014,industrial_switch,0,0,0,1.0354,1.0282
2026-01-19,PRD-075,industrial_switch,0,0,0,1.0354,0.9964
2026-01-19,PRD-046,control_board,0,0,0,1.0354,0.9938
2026-01-19,PRD-010,power_unit,0,0,0,1.0354,1.0192
2026-01-19,PRD-007,control_board,3592,0,0,1.0354,1.0315
2026-01-19,PRD-005,industrial_switch,1152,0,0,1.0354,0.9396
2026-01-19,PRD-063,industrial_switch,0,0,0,1.0354,0.934
2026-01-19,PRD-033,control_board,3820,0,0,1.0354,0.9463
2026-01-19,PRD-052,metal_housing,0,0,0,1.0354,0.9841
2026-01-19,PRD-057,sensor_module,1486,0,0,1.0354,1.0346
2026-01-19,PRD-045,control_board,0,0,0,1.0354,1.0623
2026-01-19,PRD-009,power_unit,1031,0,0,1.0354,0.9968
2026-01-19,PRD-029,connector,0,0,0,1.0354,1.0194
2026-01-19,PRD-028,industrial_switch,0,0,0,1.0354,1.0435
2026-01-19,PRD-074,sensor_module,0,0,0,1.0354,0.9649
2026-01-19,PRD-015,industrial_switch,0,0,0,1.0354,0.9954
2026-01-19,PRD-017,metal_housing,3971,0,0,1.0354,0.957
2026-01-19,PRD-068,connector,0,0,0,1.0354,0.9551
2026-01-20,PRD-051,control_board,0,0,0,1.0324,0.9306
2026-01-20,PRD-011,industrial_switch,0,0,0,1.0324,1.0576
2026-01-20,PRD-044,sensor_module,0,0,0,1.0324,0.9418
2026-01-20,PRD-076,metal_housing,0,0,0,1.0324,1.0406
2026-01-20,PRD-080,metal_housing,0,0,0,1.0324,0.9577
2026-01-20,PRD-060,connector,0,0,0,1.0324,0.9445
2026-01-20,PRD-008,power_unit,0,0,0,1.0324,1.0541
2026-01-20,PRD-004,control_board,0,0,0,1.0324,1.0131
2026-01-20,PRD-033,control_board,0,0,0,1.0324,0.9916
2026-01-20,PRD-034,power_unit,0,0,0,1.0324,0.9941
2026-01-20,PRD-057,sensor_module,0,0,0,1.0324,0.9951
2026-01-20,PRD-043,industrial_switch,0,1,0,1.0324,1.0494
2026-01-20,PRD-061,industrial_switch,0,0,0,1.0324,1.0398
2026-01-20,PRD-047,metal_housing,0,0,0,1.0324,1.0602
2026-01-20,PRD-018,sensor_module,11328,0,0,1.0324,1.0581
2026-01-20,PRD-072,metal_housing,0,0,0,1.0324,1.0636
2026-01-20,PRD-070,industrial_switch,0,0,0,1.0324,0.9917
2026-01-20,PRD-041,control_board,0,0,0,1.0324,1.0226
2026-01-20,PRD-030,sensor_module,0,0,0,1.0324,1.0179
2026-01-20,PRD-022,industrial_switch,0,0,0,1.0324,1.0149
2026-01-21,PRD-014,industrial_switch,0,0,0,1.0293,1.0261
2026-01-21,PRD-031,connector,0,0,0,1.0293,0.9381
2026-01-21,PRD-011,industrial_switch,0,0,0,1.0293,1.0506
2026-01-21,PRD-037,control_board,0,0,0,1.0293,0.9687
2026-01-21,PRD-063,industrial_switch,5359,0,0,1.0293,1.0195
2026-01-21,PRD-077,control_board,0,0,0,1.0293,0.9955
2026-01-21,PRD-057,sensor_module,0,0,0,1.0293,1.0534
2026-01-21,PRD-030,sensor_module,0,0,0,1.0293,1.0377
2026-01-21,PRD-052,metal_housing,8022,0,0,1.0293,1.0619
2026-01-21,PRD-022,industrial_switch,0,0,0,1.0293,1.0244
2026-01-21,PRD-016,connector,5463,0,0,1.0293,0.9359
2026-01-21,PRD-033,control_board,0,0,0,1.0293,0.9835
2026-01-21,PRD-012,connector,3437,0,0,1.0293,0.9904
2026-01-21,PRD-079,connector,0,0,0,1.0293,0.9975
2026-01-21,PRD-040,control_board,0,0,0,1.0293,1.0639
2026-01-21,PRD-041,control_board,2257,0,0,1.0293,1.0569
2026-01-21,PRD-062,sensor_module,15663,0,0,1.0293,1.0588
2026-01-21,PRD-029,connector,0,0,0,1.0293,1.047
2026-01-21,PRD-058,sensor_module,0,0,0,1.0293,1.0638
2026-01-21,PRD-078,connector,0,0,0,1.0293,0.9561
2026-01-22,PRD-043,industrial_switch,0,0,0,1.0262,1.004
2026-01-22,PRD-068,connector,0,0,0,1.0262,0.9325
2026-01-22,PRD-055,power_unit,0,0,0,1.0262,0.9414
2026-01-22,PRD-071,connector,0,0,0,1.0262,0.9457
2026-01-22,PRD-033,control_board,0,0,0,1.0262,0.9606
2026-01-22,PRD-024,connector,0,0,0,1.0262,1.0109
2026-01-22,PRD-056,industrial_switch,0,0,0,1.0262,0.9479
2026-01-22,PRD-065,connector,0,0,0,1.0262,1.0402
2026-01-22,PRD-004,control_board,0,0,0,1.0262,0.9485
2026-01-22,PRD-008,power_unit,0,1,0,1.0262,0.9728
2026-01-22,PRD-036,connector,0,0,0,1.0262,1.0315
2026-01-22,PRD-038,connector,0,0,0,1.0262,0.9797
2026-01-22,PRD-022,industrial_switch,0,0,0,1.0262,1.038
2026-01-22,PRD-002,sensor_module,0,0,0,1.0262,1.0082
2026-01-22,PRD-063,industrial_switch,0,0,0,1.0262,0.9491
2026-01-22,PRD-047,metal_housing,0,0,0,1.0262,1.0619
2026-01-22,PRD-040,control_board,0,0,0,1.0262,1.0659
2026-01-22,PRD-014,industrial_switch,0,0,0,1.0262,1.0377
2026-01-22,PRD-062,sensor_module,0,0,0,1.0262,1.0457
2026-01-22,PRD-009,power_unit,0,0,0,1.0262,1.0224
2026-01-23,PRD-070,industrial_switch,0,0,0,1.0232,1.0615
2026-01-23,PRD-036,connector,0,0,0,1.0232,0.9445
2026-01-23,PRD-067,sensor_module,0,0,0,1.0232,0.9855
2026-01-23,PRD-021,power_unit,0,0,0,1.0232,1.0403
2026-01-23,PRD-037,control_board,0,0,0,1.0232,0.9803
2026-01-23,PRD-012,connector,0,0,0,1.0232,0.9841
2026-01-23,PRD-038,connector,0,1,0,1.0232,0.945
2026-01-23,PRD-022,industrial_switch,0,0,0,1.0232,0.9776
2026-01-23,PRD-014,industrial_switch,0,0,0,1.0232,0.9656
2026-01-23,PRD-004,control_board,0,0,0,1.0232,1.0022
2026-01-23,PRD-076,metal_housing,0,0,0,1.0232,0.9515
2026-01-23,PRD-041,control_board,0,0,0,1.0232,1.0008
2026-01-23,PRD-005,industrial_switch,0,0,0,1.0232,1.0417
2026-01-23,PRD-019,control_board,0,0,0,1.0232,1.0191
2026-01-23,PRD-030,sensor_module,0,0,0,1.0232,1.0216
2026-01-23,PRD-069,sensor_module,0,0,0,1.0232,0.998
2026-01-23,PRD-033,control_board,0,0,0,1.0232,1.0687
2026-01-23,PRD-074,sensor_module,0,0,0,1.0232,1.0002
2026-01-23,PRD-049,power_unit,7084,0,0,1.0232,1.0482
2026-01-23,PRD-009,power_unit,0,0,0,1.0232,1.0009
2026-01-24,PRD-077,control_board,0,0,0,1.0201,1.0338
2026-01-24,PRD-034,power_unit,0,0,0,1.0201,1.0361
2026-01-24,PRD-073,connector,0,0,0,1.0201,0.9439
2026-01-24,PRD-022,industrial_switch,0,0,0,1.0201,1.0307
2026-01-24,PRD-011,industrial_switch,1195,0,0,1.0201,1.0134
2026-01-24,PRD-026,power_unit,3017,0,0,1.0201,0.9463
2026-01-24,PRD-072,metal_housing,4564,0,0,1.0201,1.0643
2026-01-24,PRD-062,sensor_module,0,0,0,1.0201,0.9395
2026-01-24,PRD-057,sensor_module,3911,0,0,1.0201,0.9762
2026-01-24,PRD-056,industrial_switch,0,0,0,1.0201,1.0335
2026-01-24,PRD-001,sensor_module,2261,0,0,1.0201,0.9515
2026-01-24,PRD-038,connector,0,0,0,1.0201,0.9313
2026-01-24,PRD-069,sensor_module,0,0,0,1.0201,1.0215
2026-01-24,PRD-076,metal_housing,3380,0,0,1.0201,0.9447
2026-01-24,PRD-080,metal_housing,0,0,0,1.0201,0.9721
2026-01-24,PRD-008,power_unit,0,0,0,1.0201,1.0363
2026-01-24,PRD-028,industrial_switch,6903,0,0,1.0201,1.0179
2026-01-24,PRD-012,connector,5078,0,0,1.0201,0.9942
2026-01-24,PRD-017,metal_housing,0,0,0,1.0201,0.9646
2026-01-24,PRD-046,control_board,0,0,0,1.0201,0.9606
2026-01-25,PRD-076,metal_housing,1477,0,0,1.017,1.0233
2026-01-25,PRD-015,industrial_switch,0,0,0,1.017,1.0408
2026-01-25,PRD-061,industrial_switch,2953,0,0,1.017,0.9445
2026-01-25,PRD-024,connector,0,0,0,1.017,1.02
2026-01-25,PRD-045,control_board,3078,0,0,1.017,0.9303
2026-01-25,PRD-017,metal_housing,0,0,0,1.017,0.9922
2026-01-25,PRD-059,control_board,0,0,0,1.017,1.0143
2026-01-25,PRD-036,connector,0,0,0,1.017,1.0385
2026-01-25,PRD-074,sensor_module,3600,0,0,1.017,0.9388
2026-01-25,PRD-025,power_unit,0,0,0,1.017,1.0631
2026-01-25,PRD-050,control_board,5203,0,0,1.017,0.9831
2026-01-25,PRD-072,metal_housing,0,0,0,1.017,1.0351
2026-01-25,PRD-057,sensor_module,0,0,0,1.017,1.0001
2026-01-25,PRD-078,connector,7373,0,0,1.017,0.933
2026-01-25,PRD-069,sensor_module,0,0,0,1.017,0.9686
2026-01-25,PRD-058,sensor_module,10883,0,0,1.017,0.9738
2026-01-25,PRD-052,metal_housing,2731,0,0,1.017,0.9601
2026-01-25,PRD-042,connector,1112,0,0,1.017,1.0452
2026-01-25,PRD-071,connector,0,0,0,1.017,0.9315
2026-01-25,PRD-062,sensor_module,6189,0,0,1.017,1.0361
2026-01-26,PRD-035,sensor_module,0,0,1,1.0139,1.0424
2026-01-26,PRD-036,connector,0,0,1,1.0139,1.0083
2026-01-26,PRD-060,connector,1045,0,1,1.0139,0.9321
2026-01-26,PRD-068,connector,0,0,1,1.0139,0.9499
2026-01-26,PRD-042,connector,0,0,1,1.0139,1.0293
2026-01-26,PRD-055,power_unit,0,0,1,1.0139,0.9822
2026-01-26,PRD-044,sensor_module,0,0,1,1.0139,0.9568
2026-01-26,PRD-072,metal_housing,0,0,1,1.0139,1.0568
2026-01-26,PRD-012,connector,0,0,1,1.0139,0.9959
2026-01-26,PRD-079,connector,0,0,1,1.0139,0.9538
2026-01-26,PRD-075,industrial_switch,0,0,1,1.0139,0.9468
2026-01-26,PRD-002,sensor_module,3191,0,1,1.0139,1.0449
2026-01-26,PRD-004,control_board,0,0,1,1.0139,0.9823
2026-01-26,PRD-046,control_board,0,0,1,1.0139,0.932
2026-01-26,PRD-071,connector,0,0,1,1.0139,1.038
2026-01-26,PRD-020,control_board,0,0,1,1.0139,0.995
2026-01-26,PRD-010,power_unit,2807,0,1,1.0139,0.9689
2026-01-26,PRD-008,power_unit,0,0,1,1.0139,0.9978
2026-01-26,PRD-031,connector,0,0,1,1.0139,1.0149
2026-01-26,PRD-077,control_board,0,0,1,1.0139,0.987
2026-01-27,PRD-020,control_board,0,0,0,1.0108,0.9441
2026-01-27,PRD-038,connector,0,0,0,1.0108,0.9717
2026-01-27,PRD-056,industrial_switch,0,0,0,1.0108,0.9673
2026-01-27,PRD-010,power_unit,0,0,0,1.0108,0.9348
2026-01-27,PRD-011,industrial_switch,0,0,0,1.0108,0.9672
2026-01-27,PRD-024,connector,0,0,0,1.0108,1.0415
2026-01-27,PRD-021,power_unit,0,0,0,1.0108,1.0603
2026-01-27,PRD-049,power_unit,0,0,0,1.0108,1.0453
2026-01-27,PRD-066,metal_housing,0,0,0,1.0108,0.9414
2026-01-27,PRD-035,sensor_module,0,0,0,1.0108,0.9689
2026-01-27,PRD-046,control_board,0,0,0,1.0108,1.0391
2026-01-27,PRD-042,connector,0,0,0,1.0108,0.9731
2026-01-27,PRD-003,power_unit,0,0,0,1.0108,0.9609
2026-01-27,PRD-023,power_unit,0,0,0,1.0108,1.058
2026-01-27,PRD-022,industrial_switch,0,0,0,1.0108,0.967
2026-01-27,PRD-075,industrial_switch,0,0,0,1.0108,0.9742
2026-01-27,PRD-070,industrial_switch,0,0,0,1.0108,0.9396
2026-01-27,PRD-034,power_unit,0,0,0,1.0108,0.958
2026-01-27,PRD-063,industrial_switch,6506,0,0,1.0108,0.9997
2026-01-27,PRD-025,power_unit,0,0,0,1.0108,0.9468
2026-01-28,PRD-044,sensor_module,0,0,0,1.0077,0.9566
2026-01-28,PRD-076,metal_housing,0,0,0,1.0077,0.9855
2026-01-28,PRD-071,connector,0,0,0,1.0077,0.959
2026-01-28,PRD-057,sensor_module,0,0,0,1.0077,1.0533
2026-01-28,PRD-023,power_unit,0,0,0,1.0077,1.0272
2026-01-28,PRD-063,industrial_switch,0,0,0,1.0077,1.0624
2026-01-28,PRD-074,sensor_module,0,0,0,1.0077,0.9598
2026-01-28,PRD-001,sensor_module,0,0,0,1.0077,0.9348
2026-01-28,PRD-049,power_unit,22095,0,0,1.0077,1.0532
2026-01-28,PRD-061,industrial_switch,0,1,0,1.0077,1.0143
2026-01-28,PRD-018,sensor_module,0,1,0,1.0077,1.0585
2026-01-28,PRD-025,power_unit,0,0,0,1.0077,0.963
2026-01-28,PRD-055,power_unit,4155,0,0,1.0077,0.9919
2026-01-28,PRD-067,sensor_module,0,0,0,1.0077,0.9523
2026-01-28,PRD-010,power_unit,2839,0,0,1.0077,1.0645
2026-01-28,PRD-028,industrial_switch,0,0,0,1.0077,1.0052
2026-01-28,PRD-047,metal_housing,0,0,0,1.0077,1.0053
2026-01-28,PRD-034,power_unit,7264,0,0,1.0077,0.9902
2026-01-28,PRD-020,control_board,0,0,0,1.0077,0.9395
2026-01-28,PRD-062,sensor_module,0,0,0,1.0077,0.9417
2026-01-29,PRD-009,power_unit,0,0,0,1.0046,0.9939
2026-01-29,PRD-001,sensor_module,0,0,0,1.0046,0.951
2026-01-29,PRD-080,metal_housing,0,0,0,1.0046,0.9938
2026-01-29,PRD-060,connector,0,0,0,1.0046,1.0163
2026-01-29,PRD-013,industrial_switch,0,0,0,1.0046,1.0278
2026-01-29,PRD-039,industrial_switch,0,0,0,1.0046,1.0577
2026-01-29,PRD-027,power_unit,0,0,0,1.0046,0.9646
2026-01-29,PRD-005,industrial_switch,0,0,0,1.0046,0.9494
2026-01-29,PRD-051,control_board,10333,0,0,1.0046,0.9608
2026-01-29,PRD-004,control_board,7922,0,0,1.0046,0.9808
2026-01-29,PRD-078,connector,0,0,0,1.0046,1.0137
2026-01-29,PRD-064,power_unit,0,0,0,1.0046,0.9631
2026-01-29,PRD-015,industrial_switch,0,0,0,1.0046,1.0223
2026-01-29,PRD-054,power_unit,0,0,0,1.0046,0.9953
2026-01-29,PRD-070,industrial_switch,0,0,0,1.0046,1.0162
2026-01-29,PRD-035,sensor_module,0,1,0,1.0046,0.9553
2026-01-29,PRD-057,sensor_module,0,0,0,1.0046,0.9988
2026-01-29,PRD-041,control_board,0,0,0,1.0046,0.997
2026-01-29,PRD-012,connector,0,0,0,1.0046,1.0423
2026-01-29,PRD-065,connector,0,0,0,1.0046,0.9314
2026-01-30,PRD-010,power_unit,0,0,0,1.0015,1.0234
2026-01-30,PRD-018,sensor_module,0,1,0,1.0015,1.0306
2026-01-30,PRD-053,industrial_switch,0,0,0,1.0015,0.9568
2026-01-30,PRD-027,power_unit,0,0,0,1.0015,0.9949
2026-01-30,PRD-022,industrial_switch,0,0,0,1.0015,1.0154
2026-01-30,PRD-029,connector,0,0,0,1.0015,1.0661
2026-01-30,PRD-013,industrial_switch,0,0,0,1.0015,0.9324
2026-01-30,PRD-072,metal_housing,0,0,0,1.0015,0.9302
2026-01-30,PRD-064,power_unit,0,0,0,1.0015,1.0239
2026-01-30,PRD-057,sensor_module,0,0,0,1.0015,0.9714
2026-01-30,PRD-019,control_board,0,0,0,1.0015,1.0591
2026-01-30,PRD-030,sensor_module,0,0,0,1.0015,1.0175
2026-01-30,PRD-076,metal_housing,0,0,0,1.0015,1.0046
2026-01-30,PRD-050,control_board,0,0,0,1.0015,0.9991
2026-01-30,PRD-006,sensor_module,0,0,0,1.0015,1.0305
2026-01-30,PRD-014,industrial_switch,0,0,0,1.0015,0.9939
2026-01-30,PRD-033,control_board,0,0,0,1.0015,0.9393
2026-01-30,PRD-065,connector,2721,0,0,1.0015,1.0051
2026-01-30,PRD-038,connector,0,0,0,1.0015,1.002
2026-01-30,PRD-059,control_board,0,0,0,1.0015,0.9678
2026-01-31,PRD-045,control_board,0,0,0,0.9985,0.9942
2026-01-31,PRD-063,industrial_switch,0,0,0,0.9985,0.9663
2026-01-31,PRD-007,control_board,0,0,0,0.9985,1.0659
2026-01-31,PRD-062,sensor_module,0,0,0,0.9985,1.0431
2026-01-31,PRD-053,industrial_switch,0,0,0,0.9985,1.0465
2026-01-31,PRD-038,connector,0,0,0,0.9985,1.0271
2026-01-31,PRD-043,industrial_switch,0,0,0,0.9985,1.0382
2026-01-31,PRD-077,control_board,0,0,0,0.9985,0.9623
2026-01-31,PRD-059,control_board,1668,0,0,0.9985,0.9996
2026-01-31,PRD-042,connector,0,0,0,0.9985,0.9913
2026-01-31,PRD-069,sensor_module,0,0,0,0.9985,1.0107
2026-01-31,PRD-061,industrial_switch,0,0,0,0.9985,0.9872
2026-01-31,PRD-052,metal_housing,0,0,0,0.9985,0.9978
2026-01-31,PRD-056,industrial_switch,0,1,0,0.9985,1.0267
2026-01-31,PRD-019,control_board,0,0,0,0.9985,1.0533
2026-01-31,PRD-071,connector,0,0,0,0.9985,1.0281
2026-01-31,PRD-006,sensor_module,0,0,0,0.9985,0.9477
2026-01-31,PRD-036,connector,0,0,0,0.9985,1.0639
2026-01-31,PRD-016,connector,0,0,0,0.9985,0.9867
2026-01-31,PRD-029,connector,0,0,0,0.9985,0.9431
2026-02-01,PRD-032,connector,0,0,0,0.9954,1.0433
2026-02-01,PRD-008,power_unit,3900,0,0,0.9954,0.9778
2026-02-01,PRD-030,sensor_module,0,0,0,0.9954,1.0425
2026-02-01,PRD-074,sensor_module,0,0,0,0.9954,1.0089
2026-02-01,PRD-053,industrial_switch,2793,0,0,0.9954,1.064
2026-02-01,PRD-044,sensor_module,0,0,0,0.9954,0.9322
2026-02-01,PRD-064,power_unit,0,0,0,0.9954,0.9616
2026-02-01,PRD-060,connector,0,0,0,0.9954,1.0223
2026-02-01,PRD-054,power_unit,7374,0,0,0.9954,1.0329
2026-02-01,PRD-072,metal_housing,5724,0,0,0.9954,1.0524
2026-02-01,PRD-018,sensor_module,0,0,0,0.9954,0.9398
2026-02-01,PRD-071,connector,0,0,0,0.9954,1.0298
2026-02-01,PRD-031,connector,0,0,0,0.9954,1.0677
2026-02-01,PRD-005,industrial_switch,0,0,0,0.9954,1.0654
2026-02-01,PRD-065,connector,0,0,0,0.9954,1.0045
2026-02-01,PRD-052,metal_housing,0,0,0,0.9954,0.994
2026-02-01,PRD-017,metal_housing,0,0,0,0.9954,1.049
2026-02-01,PRD-061,industrial_switch,0,0,0,0.9954,1.0228
2026-02-01,PRD-073,connector,0,0,0,0.9954,0.9389
2026-02-01,PRD-003,power_unit,0,0,0,0.9954,0.9828
2026-02-02,PRD-042,connector,0,0,0,0.9923,1.0503
2026-02-02,PRD-012,connector,8934,0,0,0.9923,0.9434
2026-02-02,PRD-051,control_board,0,0,0,0.9923,0.9361
2026-02-02,PRD-078,connector,0,0,0,0.9923,1.0648
2026-02-02,PRD-027,power_unit,0,0,0,0.9923,0.9893
2026-02-02,PRD-010,power_unit,3028,0,0,0.9923,0.9437
2026-02-02,PRD-028,industrial_switch,0,0,0,0.9923,0.9309
2026-02-02,PRD-055,power_unit,0,0,0,0.9923,1.0232
2026-02-02,PRD-017,metal_housing,0,0,0,0.9923,1.045
2026-02-02,PRD-003,power_unit,3059,0,0,0.9923,0.9831
2026-02-02,PRD-050,control_board,3513,0,0,0.9923,1.0645
2026-02-02,PRD-067,sensor_module,4285,0,0,0.9923,0.9652
2026-02-02,PRD-004,control_board,0,0,0,0.9923,0.9761
2026-02-02,PRD-013,industrial_switch,0,1,0,0.9923,0.9626
2026-02-02,PRD-048,power_unit,0,0,0,0.9923,0.9374
2026-02-02,PRD-075,industrial_switch,7237,0,0,0.9923,0.9918
2026-02-02,PRD-025,power_unit,3990,0,0,0.9923,1.0625
2026-02-02,PRD-007,control_board,0,0,0,0.9923,1.0468
2026-02-02,PRD-061,industrial_switch,2162,0,0,0.9923,1.0181
2026-02-02,PRD-034,power_unit,2668,0,0,0.9923,1.0644
2026-02-03,PRD-054,power_unit,0,0,0,0.9892,1.0552
2026-02-03,PRD-051,control_board,0,0,0,0.9892,1.0042
2026-02-03,PRD-034,power_unit,3976,0,0,0.9892,0.9584
2026-02-03,PRD-029,connector,0,0,0,0.9892,1.0447
2026-02-03,PRD-023,power_unit,0,0,0,0.9892,1.0366
2026-02-03,PRD-055,power_unit,5534,0,0,0.9892,0.9979
2026-02-03,PRD-025,power_unit,0,0,0,0.9892,1.0466
2026-02-03,PRD-015,industrial_switch,0,0,0,0.9892,1.0042
2026-02-03,PRD-042,connector,0,0,0,0.9892,0.979
2026-02-03,PRD-053,industrial_switch,0,0,0,0.9892,0.956
2026-02-03,PRD-056,industrial_switch,0,0,0,0.9892,1.0408
2026-02-03,PRD-047,metal_housing,0,0,0,0.9892,1.0217
2026-02-03,PRD-035,sensor_module,0,0,0,0.9892,1.0516
2026-02-03,PRD-045,control_board,0,0,0,0.9892,0.956
2026-02-03,PRD-061,industrial_switch,0,0,0,0.9892,0.9408
2026-02-03,PRD-071,connector,0,0,0,0.9892,0.9767
2026-02-03,PRD-040,control_board,0,0,0,0.9892,1.0112
2026-02-03,PRD-027,power_unit,0,0,0,0.9892,1.055
2026-02-03,PRD-036,connector,0,0,0,0.9892,1.023
2026-02-03,PRD-031,connector,0,0,0,0.9892,0.9387
2026-02-04,PRD-065,connector,0,0,0,0.9861,0.9985
2026-02-04,PRD-079,connector,0,0,0,0.9861,0.9737
2026-02-04,PRD-007,control_board,0,0,0,0.9861,1.0605
2026-02-04,PRD-074,sensor_module,0,0,0,0.9861,0.995
2026-02-04,PRD-032,connector,0,1,0,0.9861,1.0556
2026-02-04,PRD-042,connector,0,0,0,0.9861,1.0471
2026-02-04,PRD-021,power_unit,1179,0,0,0.9861,0.9798
2026-02-04,PRD-070,industrial_switch,0,0,0,0.9861,0.9552
2026-02-04,PRD-051,control_board,0,0,0,0.9861,1.067
2026-02-04,PRD-008,power_unit,0,0,0,0.9861,0.9395
2026-02-04,PRD-017,metal_housing,4017,0,0,0.9861,0.9428
2026-02-04,PRD-067,sensor_module,0,0,0,0.9861,1.0639
2026-02-04,PRD-077,control_board,0,0,0,0.9861,1.0251
2026-02-04,PRD-052,metal_housing,0,0,0,0.9861,0.9947
2026-02-04,PRD-059,control_board,0,0,0,0.9861,1.0584
2026-02-04,PRD-080,metal_housing,0,0,0,0.9861,0.9599
2026-02-04,PRD-019,control_board,0,0,0,0.9861,1.0355
2026-02-04,PRD-048,power_unit,0,0,0,0.9861,0.9316
2026-02-04,PRD-040,control_board,0,0,0,0.9861,1.0355
2026-02-04,PRD-001,sensor_module,1225,0,0,0.9861,1.0192
2026-02-05,PRD-011,industrial_switch,0,0,0,0.983,0.9768
2026-02-05,PRD-027,power_unit,0,0,0,0.983,1.0019
2026-02-05,PRD-073,connector,0,0,0,0.983,1.0056
2026-02-05,PRD-020,control_board,0,0,0,0.983,0.9806
2026-02-05,PRD-024,connector,2566,0,0,0.983,1.056
2026-02-05,PRD-042,connector,0,0,0,0.983,0.9664
2026-02-05,PRD-003,power_unit,1355,0,0,0.983,1.0538
2026-02-05,PRD-010,power_unit,0,0,0,0.983,0.9864
2026-02-05,PRD-057,sensor_module,0,0,0,0.983,0.9436
2026-02-05,PRD-034,power_unit,0,0,0,0.983,0.9897
2026-02-05,PRD-028,industrial_switch,0,0,0,0.983,0.9348
2026-02-05,PRD-069,sensor_module,0,0,0,0.983,1.0026
2026-02-05,PRD-052,metal_housing,0,0,0,0.983,0.949
2026-02-05,PRD-001,sensor_module,0,0,0,0.983,1.0373
2026-02-05,PRD-053,industrial_switch,0,0,0,0.983,0.9439
2026-02-05,PRD-040,control_board,4748,0,0,0.983,0.9725
2026-02-05,PRD-058,sensor_module,0,0,0,0.983,0.9759
2026-02-05,PRD-019,control_board,0,0,0,0.983,0.9538
2026-02-05,PRD-036,connector,0,0,0,0.983,1.0278
2026-02-05,PRD-061,industrial_switch,0,0,0,0.983,0.9869
2026-02-06,PRD-030,sensor_module,5053,0,0,0.9799,1.0406
2026-02-06,PRD-044,sensor_module,0,0,0,0.9799,0.9365
2026-02-06,PRD-043,industrial_switch,0,0,0,0.9799,1.0152
2026-02-06,PRD-070,industrial_switch,0,0,0,0.9799,0.9889
2026-02-06,PRD-052,metal_housing,0,0,0,0.9799,1.0338
2026-02-06,PRD-025,power_unit,0,0,0,0.9799,1.0083
2026-02-06,PRD-038,connector,0,0,0,0.9799,1.056
2026-02-06,PRD-050,control_board,0,0,0,0.9799,1.0545
2026-02-06,PRD-078,connector,0,0,0,0.9799,0.9425
2026-02-06,PRD-079,connector,5942,0,0,0.9799,0.9329
2026-02-06,PRD-059,control_board,0,0,0,0.9799,1.0542
2026-02-06,PRD-063,industrial_switch,0,0,0,0.9799,0.9311
2026-02-06,PRD-041,control_board,1425,0,0,0.9799,1.033
2026-02-06,PRD-008,power_unit,7513,0,0,0.9799,0.9933
2026-02-06,PRD-057,sensor_module,0,0,0,0.9799,0.9951
2026-02-06,PRD-042,connector,0,0,0,0.9799,1.0609
2026-02-06,PRD-022,industrial_switch,0,0,0,0.9799,0.9405
2026-02-06,PRD-067,sensor_module,0,0,0,0.9799,0.9913
2026-02-06,PRD-021,power_unit,0,0,0,0.9799,1.0326
2026-02-06,PRD-017,metal_housing,0,0,0,0.9799,0.9611
2026-02-07,PRD-067,sensor_module,0,0,0,0.9768,0.9766
2026-02-07,PRD-049,power_unit,0,0,0,0.9768,1.0139
2026-02-07,PRD-009,power_unit,0,0,0,0.9768,0.975
2026-02-07,PRD-050,control_board,0,0,0,0.9768,0.9665
2026-02-07,PRD-047,metal_housing,0,0,0,0.9768,1.0475
2026-02-07,PRD-063,industrial_switch,0,0,0,0.9768,0.9746
2026-02-07,PRD-078,connector,0,0,0,0.9768,0.9568
2026-02-07,PRD-040,control_board,0,0,0,0.9768,1.0315
2026-02-07,PRD-033,control_board,1514,0,0,0.9768,0.972
2026-02-07,PRD-074,sensor_module,0,0,0,0.9768,1.0647
2026-02-07,PRD-058,sensor_module,0,0,0,0.9768,1.0431
2026-02-07,PRD-010,power_unit,4535,0,0,0.9768,1.047
2026-02-07,PRD-036,connector,5390,0,0,0.9768,0.9576
2026-02-07,PRD-060,connector,0,0,0,0.9768,1.0196
2026-02-07,PRD-028,industrial_switch,0,0,0,0.9768,0.9418
2026-02-07,PRD-052,metal_housing,4424,0,0,0.9768,0.9384
2026-02-07,PRD-013,industrial_switch,0,0,0,0.9768,1.0407
2026-02-07,PRD-073,connector,6419,0,0,0.9768,0.9742
2026-02-07,PRD-069,sensor_module,0,0,0,0.9768,0.9883
2026-02-07,PRD-051,control_board,7782,0,0,0.9768,1.0535
2026-02-08,PRD-030,sensor_module,0,0,0,0.9738,1.0634
2026-02-08,PRD-058,sensor_module,3420,0,0,0.9738,1.0058
2026-02-08,PRD-018,sensor_module,0,1,0,0.9738,1.0431
2026-02-08,PRD-075,industrial_switch,0,0,0,0.9738,0.9727
2026-02-08,PRD-005,industrial_switch,0,0,0,0.9738,0.9764
2026-02-08,PRD-044,sensor_module,1131,0,0,0.9738,0.9355
2026-02-08,PRD-033,control_board,0,0,0,0.9738,1.07
2026-02-08,PRD-006,sensor_module,2260,0,0,0.9738,1.0084
2026-02-08,PRD-060,connector,1940,0,0,0.9738,0.9336
2026-02-08,PRD-056,industrial_switch,0,0,0,0.9738,0.9731
2026-02-08,PRD-046,control_board,0,0,0,0.9738,0.953
2026-02-08,PRD-042,connector,0,0,0,0.9738,0.9691
2026-02-08,PRD-028,industrial_switch,0,0,0,0.9738,1.061
2026-02-08,PRD-034,power_unit,0,0,0,0.9738,0.9688
2026-02-08,PRD-043,industrial_switch,0,0,0,0.9738,1.041
2026-02-08,PRD-039,industrial_switch,0,0,0,0.9738,0.9555
2026-02-08,PRD-070,industrial_switch,0,0,0,0.9738,1.0062
2026-02-08,PRD-015,industrial_switch,0,0,0,0.9738,0.9313
2026-02-08,PRD-017,metal_housing,0,0,0,0.9738,0.9991
2026-02-08,PRD-014,industrial_switch,7495,0,0,0.9738,0.9655
2026-02-09,PRD-056,industrial_switch,0,0,0,0.9707,0.9555
2026-02-09,PRD-006,sensor_module,0,0,0,0.9707,1.0256
2026-02-09,PRD-048,power_unit,0,0,0,0.9707,0.9981
2026-02-09,PRD-076,metal_housing,0,0,0,0.9707,1.0216
2026-02-09,PRD-031,connector,7311,0,0,0.9707,0.9688
2026-02-09,PRD-030,sensor_module,0,0,0,0.9707,0.9797
2026-02-09,PRD-059,control_board,0,0,0,0.9707,1.0568
2026-02-09,PRD-045,control_board,0,0,0,0.9707,0.9477
2026-02-09,PRD-064,power_unit,0,0,0,0.9707,0.939
2026-02-09,PRD-066,metal_housing,0,0,0,0.9707,1.0147
2026-02-09,PRD-043,industrial_switch,0,0,0,0.9707,1.0186
2026-02-09,PRD-042,connector,0,0,0,0.9707,1.0571
2026-02-09,PRD-080,metal_housing,0,0,0,0.9707,0.9951
2026-02-09,PRD-069,sensor_module,0,0,0,0.9707,0.9483
2026-02-09,PRD-050,control_board,0,1,0,0.9707,0.9434
2026-02-09,PRD-049,power_unit,0,0,0,0.9707,0.9324
2026-02-09,PRD-065,connector,0,0,0,0.9707,0.9934
2026-02-09,PRD-016,connector,7540,0,0,0.9707,0.9952
2026-02-09,PRD-015,industrial_switch,0,0,0,0.9707,0.9567
2026-02-09,PRD-037,control_board,0,0,0,0.9707,0.946
2026-02-10,PRD-075,industrial_switch,0,0,0,0.9676,1.0592
2026-02-10,PRD-056,industrial_switch,0,0,0,0.9676,1.0631
2026-02-10,PRD-068,connector,0,0,0,0.9676,1.029
2026-02-10,PRD-053,industrial_switch,0,0,0,0.9676,1.0095
2026-02-10,PRD-044,sensor_module,0,0,0,0.9676,0.9371
2026-02-10,PRD-011,industrial_switch,0,0,0,0.9676,1.0491
2026-02-10,PRD-069,sensor_module,0,0,0,0.9676,0.9661
2026-02-10,PRD-037,control_board,0,0,0,0.9676,0.9648
2026-02-10,PRD-016,connector,21641,0,0,0.9676,0.9859
2026-02-10,PRD-076,metal_housing,0,0,0,0.9676,0.965
2026-02-10,PRD-033,control_board,2269,0,0,0.9676,0.9648
2026-02-10,PRD-010,power_unit,0,0,0,0.9676,1.0096
2026-02-10,PRD-048,power_unit,2097,0,0,0.9676,1.0266
2026-02-10,PRD-027,power_unit,0,0,0,0.9676,0.9438
2026-02-10,PRD-017,metal_housing,0,1,0,0.9676,1.0253
2026-02-10,PRD-026,power_unit,3936,0,0,0.9676,0.987
2026-02-10,PRD-072,metal_housing,0,0,0,0.9676,1.0291
2026-02-10,PRD-012,connector,0,0,0,0.9676,1.0245
2026-02-10,PRD-028,industrial_switch,1743,0,0,0.9676,1.0618
2026-02-10,PRD-040,control_board,0,0,0,0.9676,1.0104
2026-02-11,PRD-009,power_unit,0,0,0,0.9646,0.9867
2026-02-11,PRD-061,industrial_switch,0,1,0,0.9646,0.9714
2026-02-11,PRD-039,industrial_switch,0,0,0,0.9646,0.9737
2026-02-11,PRD-058,sensor_module,0,0,0,0.9646,0.9888
2026-02-11,PRD-024,connector,0,0,0,0.9646,1.0555
2026-02-11,PRD-065,connector,0,0,0,0.9646,0.9484
2026-02-11,PRD-063,industrial_switch,0,1,0,0.9646,0.996
2026-02-11,PRD-003,power_unit,0,0,0,0.9646,1.0255
2026-02-11,PRD-033,control_board,0,0,0,0.9646,0.9566
2026-02-11,PRD-028,industrial_switch,2010,0,0,0.9646,0.986
2026-02-11,PRD-066,metal_housing,0,0,0,0.9646,0.9382
2026-02-11,PRD-034,power_unit,0,0,0,0.9646,1.022
2026-02-11,PRD-038,connector,0,0,0,0.9646,0.9637
2026-02-11,PRD-045,control_board,0,0,0,0.9646,0.9994
2026-02-11,PRD-060,connector,0,0,0,0.9646,0.9487
2026-02-11,PRD-043,industrial_switch,0,0,0,0.9646,1.0334
2026-02-11,PRD-047,metal_housing,0,0,0,0.9646,0.9816
2026-02-11,PRD-031,connector,0,0,0,0.9646,1.0336
2026-02-11,PRD-048,power_unit,0,0,0,0.9646,0.9476
2026-02-11,PRD-035,sensor_module,0,0,0,0.9646,0.9569
2026-02-12,PRD-006,sensor_module,0,0,0,0.9616,1.0135
2026-02-12,PRD-013,industrial_switch,0,0,0,0.9616,0.9369
2026-02-12,PRD-045,control_board,0,1,0,0.9616,1.0238
2026-02-12,PRD-061,industrial_switch,0,0,0,0.9616,0.9356
2026-02-12,PRD-003,power_unit,2205,0,0,0.9616,1.0179
2026-02-12,PRD-060,connector,1911,0,0,0.9616,0.9753
2026-02-12,PRD-019,control_board,0,0,0,0.9616,0.9373
2026-02-12,PRD-032,connector,6930,0,0,0.9616,1.012
2026-02-12,PRD-077,control_board,6977,0,0,0.9616,1.0296
2026-02-12,PRD-076,metal_housing,0,0,0,0.9616,0.9576
2026-02-12,PRD-043,industrial_switch,0,0,0,0.9616,1.046
2026-02-12,PRD-080,metal_housing,0,0,0,0.9616,1.002
2026-02-12,PRD-054,power_unit,0,1,0,0.9616,0.9555
2026-02-12,PRD-067,sensor_module,0,0,0,0.9616,0.9548
2026-02-12,PRD-075,industrial_switch,0,0,0,0.9616,0.9731
2026-02-12,PRD-056,industrial_switch,0,0,0,0.9616,1.022
2026-02-12,PRD-048,power_unit,0,1,0,0.9616,0.9433
2026-02-12,PRD-072,metal_housing,7448,0,0,0.9616,1.0409
2026-02-12,PRD-021,power_unit,0,0,0,0.9616,1.0161
2026-02-12,PRD-059,control_board,0,1,0,0.9616,0.9956
2026-02-13,PRD-013,industrial_switch,0,0,0,0.9585,1.0435
2026-02-13,PRD-037,control_board,0,0,0,0.9585,0.9772
2026-02-13,PRD-017,metal_housing,0,0,0,0.9585,0.9704
2026-02-13,PRD-027,power_unit,0,0,0,0.9585,0.9412
2026-02-13,PRD-018,sensor_module,0,1,0,0.9585,0.9885
2026-02-13,PRD-010,power_unit,0,0,0,0.9585,1.0112
2026-02-13,PRD-028,industrial_switch,0,0,0,0.9585,1.0124
2026-02-13,PRD-077,control_board,1234,0,0,0.9585,0.9635
2026-02-13,PRD-009,power_unit,3379,0,0,0.9585,1.0059
2026-02-13,PRD-059,control_board,0,0,0,0.9585,1.0116
2026-02-13,PRD-066,metal_housing,0,0,0,0.9585,0.9927
2026-02-13,PRD-025,power_unit,4652,0,0,0.9585,0.9517
2026-02-13,PRD-050,control_board,0,0,0,0.9585,0.9493
2026-02-13,PRD-046,control_board,1132,0,0,0.9585,1.0398
2026-02-13,PRD-079,connector,0,0,0,0.9585,1.0138
2026-02-13,PRD-076,metal_housing,0,0,0,0.9585,0.9653
2026-02-13,PRD-022,industrial_switch,3543,0,0,0.9585,0.9852
2026-02-13,PRD-008,power_unit,0,0,0,0.9585,1.0484
2026-02-13,PRD-036,connector,0,0,0,0.9585,0.977
2026-02-13,PRD-001,sensor_module,0,0,0,0.9585,0.9404
2026-02-14,PRD-002,sensor_module,0,0,0,0.9555,1.0044
2026-02-14,PRD-071,connector,0,0,0,0.9555,1.0328
2026-02-14,PRD-016,connector,0,0,0,0.9555,1.0586
2026-02-14,PRD-045,control_board,0,0,0,0.9555,0.993
2026-02-14,PRD-044,sensor_module,0,0,0,0.9555,1.0142
2026-02-14,PRD-075,industrial_switch,0,0,0,0.9555,1.0223
2026-02-14,PRD-037,control_board,0,0,0,0.9555,0.9899
2026-02-14,PRD-056,industrial_switch,2927,0,0,0.9555,1.0463
2026-02-14,PRD-064,power_unit,0,0,0,0.9555,1.0287
2026-02-14,PRD-043,industrial_switch,0,0,0,0.9555,0.9731
2026-02-14,PRD-057,sensor_module,0,0,0,0.9555,1.0375
2026-02-14,PRD-048,power_unit,4216,0,0,0.9555,0.9699
2026-02-14,PRD-069,sensor_module,0,0,0,0.9555,0.969
2026-02-14,PRD-054,power_unit,0,0,0,0.9555,0.9403
2026-02-14,PRD-052,metal_housing,0,0,0,0.9555,1.0524
2026-02-14,PRD-077,control_board,0,0,0,0.9555,0.9456
2026-02-14,PRD-066,metal_housing,4764,0,0,0.9555,1.0563
2026-02-14,PRD-039,industrial_switch,0,0,0,0.9555,1.0148
2026-02-14,PRD-017,metal_housing,0,0,0,0.9555,1.0236
2026-02-14,PRD-023,power_unit,0,0,0,0.9555,0.9405
2026-02-15,PRD-001,sensor_module,4644,0,0,0.9525,1.0571
2026-02-15,PRD-036,connector,3043,0,0,0.9525,1.0393
2026-02-15,PRD-034,power_unit,0,0,0,0.9525,0.9515
2026-02-15,PRD-037,control_board,0,0,0,0.9525,0.9752
2026-02-15,PRD-068,connector,1681,0,0,0.9525,0.9701
2026-02-15,PRD-052,metal_housing,0,0,0,0.9525,0.9351
2026-02-15,PRD-045,control_board,0,0,0,0.9525,1.0408
2026-02-15,PRD-021,power_unit,0,0,0,0.9525,1.0561
2026-02-15,PRD-074,sensor_module,0,0,0,0.9525,1.0121
2026-02-15,PRD-009,power_unit,0,0,0,0.9525,1.0429
2026-02-15,PRD-027,power_unit,0,0,0,0.9525,0.9395
2026-02-15,PRD-064,power_unit,0,0,0,0.9525,0.9651
2026-02-15,PRD-023,power_unit,5407,0,0,0.9525,0.9454
2026-02-15,PRD-049,power_unit,0,0,0,0.9525,0.9573
2026-02-15,PRD-047,metal_housing,3299,0,0,0.9525,1.0395
2026-02-15,PRD-055,power_unit,0,0,0,0.9525,1.0066
2026-02-15,PRD-058,sensor_module,0,0,0,0.9525,0.961
2026-02-15,PRD-056,industrial_switch,0,0,0,0.9525,1.0525
2026-02-15,PRD-005,industrial_switch,3457,0,0,0.9525,0.9804
2026-02-15,PRD-065,connector,0,0,0,0.9525,1.0311
2026-02-16,PRD-051,control_board,0,0,0,0.9496,1.0553
2026-02-16,PRD-052,metal_housing,0,0,0,0.9496,1.0547
2026-02-16,PRD-009,power_unit,0,0,0,0.9496,1.0696
2026-02-16,PRD-078,connector,0,0,0,0.9496,0.9395
2026-02-16,PRD-003,power_unit,0,0,0,0.9496,0.9823
2026-02-16,PRD-012,connector,0,0,0,0.9496,1.066
2026-02-16,PRD-075,industrial_switch,0,0,0,0.9496,0.9865
2026-02-16,PRD-016,connector,0,0,0,0.9496,1.0504
2026-02-16,PRD-076,metal_housing,0,0,0,0.9496,1.0303
2026-02-16,PRD-021,power_unit,0,0,0,0.9496,0.993
2026-02-16,PRD-036,connector,0,0,0,0.9496,1.0368
2026-02-16,PRD-005,industrial_switch,0,0,0,0.9496,1.0179
2026-02-16,PRD-035,sensor_module,0,0,0,0.9496,0.9905
2026-02-16,PRD-038,connector,0,0,0,0.9496,1.0684
2026-02-16,PRD-068,connector,0,0,0,0.9496,0.9882
2026-02-16,PRD-079,connector,0,0,0,0.9496,0.9917
2026-02-16,PRD-058,sensor_module,0,0,0,0.9496,1.0036
2026-02-16,PRD-063,industrial_switch,0,0,0,0.9496,1.0123
2026-02-16,PRD-027,power_unit,2863,1,0,0.9496,1.0247
2026-02-16,PRD-060,connector,0,0,0,0.9496,0.9335
2026-02-17,PRD-004,control_board,3945,0,0,0.9466,0.9582
2026-02-17,PRD-063,industrial_switch,0,0,0,0.9466,1.0344
2026-02-17,PRD-065,connector,0,0,0,0.9466,0.9398
2026-02-17,PRD-030,sensor_module,0,0,0,0.9466,0.9902
2026-02-17,PRD-005,industrial_switch,0,0,0,0.9466,0.9865
2026-02-17,PRD-061,industrial_switch,0,1,0,0.9466,1.033
2026-02-17,PRD-068,connector,0,0,0,0.9466,0.9828
2026-02-17,PRD-060,connector,4546,0,0,0.9466,0.9671
2026-02-17,PRD-070,industrial_switch,0,1,0,0.9466,1.0668
2026-02-17,PRD-007,control_board,0,0,0,0.9466,0.9464
2026-02-17,PRD-078,connector,0,0,0,0.9466,1.0406
2026-02-17,PRD-011,industrial_switch,0,0,0,0.9466,1.0462
2026-02-17,PRD-072,metal_housing,0,0,0,0.9466,0.9806
2026-02-17,PRD-076,metal_housing,0,0,0,0.9466,0.9658
2026-02-17,PRD-049,power_unit,4041,0,0,0.9466,0.9857
2026-02-17,PRD-062,sensor_module,0,0,0,0.9466,0.9577
2026-02-17,PRD-053,industrial_switch,3643,0,0,0.9466,1.0281
2026-02-17,PRD-015,industrial_switch,0,1,0,0.9466,0.9584
2026-02-17,PRD-080,metal_housing,8621,1,0,0.9466,0.9972
2026-02-17,PRD-010,power_unit,0,0,0,0.9466,1.0348
2026-02-18,PRD-007,control_board,2127,0,0,0.9436,0.9863
2026-02-18,PRD-012,connector,0,0,0,0.9436,1.0415
2026-02-18,PRD-071,connector,0,0,0,0.9436,0.9949
2026-02-18,PRD-055,power_unit,0,0,0,0.9436,0.9938
2026-02-18,PRD-037,control_board,0,0,0,0.9436,1.0657
2026-02-18,PRD-027,power_unit,0,0,0,0.9436,0.9916
2026-02-18,PRD-017,metal_housing,5150,0,0,0.9436,1.0157
2026-02-18,PRD-004,control_board,0,0,0,0.9436,0.9472
2026-02-18,PRD-015,industrial_switch,4118,0,0,0.9436,0.9791
2026-02-18,PRD-044,sensor_module,19913,0,0,0.9436,1.0251
2026-02-18,PRD-058,sensor_module,6087,0,0,0.9436,1.0614
2026-02-18,PRD-077,control_board,10776,0,0,0.9436,1.0016
2026-02-18,PRD-034,power_unit,0,0,0,0.9436,0.9933
2026-02-18,PRD-022,industrial_switch,0,0,0,0.9436,1.0402
2026-02-18,PRD-066,metal_housing,3540,0,0,0.9436,0.9785
2026-02-18,PRD-025,power_unit,0,0,0,0.9436,0.9796
2026-02-18,PRD-001,sensor_module,0,0,0,0.9436,1.0642
2026-02-18,PRD-070,industrial_switch,0,0,0,0.9436,1.031
2026-02-18,PRD-079,connector,0,0,0,0.9436,1.0484
2026-02-18,PRD-033,control_board,0,0,0,0.9436,1.0434
2026-02-19,PRD-059,control_board,0,1,0,0.9407,1.0423
2026-02-19,PRD-052,metal_housing,0,0,0,0.9407,0.9726
2026-02-19,PRD-053,industrial_switch,0,0,0,0.9407,0.965
2026-02-19,PRD-005,industrial_switch,0,0,0,0.9407,0.9914
2026-02-19,PRD-006,sensor_module,0,0,0,0.9407,1.0259
2026-02-19,PRD-023,power_unit,0,0,0,0.9407,1.0532
2026-02-19,PRD-025,power_unit,0,0,0,0.9407,1.0121
2026-02-19,PRD-017,metal_housing,0,0,0,0.9407,1.0587
2026-02-19,PRD-002,sensor_module,0,0,0,0.9407,0.9951
2026-02-19,PRD-076,metal_housing,1059,0,0,0.9407,0.9828
2026-02-19,PRD-045,control_board,0,0,0,0.9407,1.028
2026-02-19,PRD-039,industrial_switch,0,0,0,0.9407,0.9315
2026-02-19,PRD-075,industrial_switch,0,0,0,0.9407,0.9667
2026-02-19,PRD-004,control_board,1276,0,0,0.9407,0.9393
2026-02-19,PRD-027,power_unit,0,0,0,0.9407,0.9565
2026-02-19,PRD-032,connector,0,0,0,0.9407,1.062
2026-02-19,PRD-024,connector,0,0,0,0.9407,1.0494
2026-02-19,PRD-030,sensor_module,0,0,0,0.9407,1.0008
2026-02-19,PRD-062,sensor_module,0,0,0,0.9407,1.0286
2026-02-19,PRD-037,control_board,992,0,0,0.9407,1.0462
2026-02-20,PRD-043,industrial_switch,0,0,0,0.9378,1.0465
2026-02-20,PRD-059,control_board,0,0,0,0.9378,1.0099
2026-02-20,PRD-023,power_unit,0,0,0,0.9378,1.0477
2026-02-20,PRD-067,sensor_module,0,0,0,0.9378,1.0693
2026-02-20,PRD-050,control_board,0,0,0,0.9378,0.9413
2026-02-20,PRD-054,power_unit,0,1,0,0.9378,0.9877
2026-02-20,PRD-065,connector,0,0,0,0.9378,1.0374
2026-02-20,PRD-058,sensor_module,0,0,0,0.9378,0.9873
2026-02-20,PRD-036,connector,0,0,0,0.9378,1.0221
2026-02-20,PRD-031,connector,0,0,0,0.9378,1.0385
2026-02-20,PRD-074,sensor_module,0,0,0,0.9378,1.022
2026-02-20,PRD-025,power_unit,0,1,0,0.9378,0.9899
2026-02-20,PRD-015,industrial_switch,0,0,0,0.9378,1.0545
2026-02-20,PRD-056,industrial_switch,0,0,0,0.9378,1.0102
2026-02-20,PRD-037,control_board,0,0,0,0.9378,1.0664
2026-02-20,PRD-073,connector,0,0,0,0.9378,0.9621
2026-02-20,PRD-045,control_board,0,0,0,0.9378,1.0259
2026-02-20,PRD-063,industrial_switch,0,0,0,0.9378,1.0078
2026-02-20,PRD-016,connector,0,0,0,0.9378,1.0298
2026-02-20,PRD-006,sensor_module,1252,0,0,0.9378,1.0237
2026-02-21,PRD-072,metal_housing,0,0,0,0.9349,0.9709
2026-02-21,PRD-023,power_unit,0,0,0,0.9349,0.9556
2026-02-21,PRD-009,power_unit,0,0,0,0.9349,0.964
2026-02-21,PRD-039,industrial_switch,0,0,0,0.9349,0.97
2026-02-21,PRD-051,control_board,0,0,0,0.9349,1.0156
2026-02-21,PRD-069,sensor_module,6188,0,0,0.9349,0.9538
2026-02-21,PRD-036,connector,0,0,0,0.9349,0.9487
2026-02-21,PRD-052,metal_housing,0,0,0,0.9349,0.963
2026-02-21,PRD-071,connector,0,0,0,0.9349,1.0191
2026-02-21,PRD-027,power_unit,0,0,0,0.9349,0.9621
2026-02-21,PRD-019,control_board,0,0,0,0.9349,1.0059
2026-02-21,PRD-037,control_board,0,0,0,0.9349,0.9794
2026-02-21,PRD-065,connector,0,0,0,0.9349,1.0679
2026-02-21,PRD-014,industrial_switch,0,0,0,0.9349,0.9924
2026-02-21,PRD-008,power_unit,0,0,0,0.9349,0.9337
2026-02-21,PRD-076,metal_housing,0,0,0,0.9349,1.0053
2026-02-21,PRD-073,connector,0,0,0,0.9349,0.9397
2026-02-21,PRD-044,sensor_module,0,0,0,0.9349,0.9322
2026-02-21,PRD-059,control_board,0,0,0,0.9349,0.934
2026-02-21,PRD-049,power_unit,0,0,0,0.9349,0.9845
2026-02-22,PRD-017,metal_housing,0,0,0,0.932,0.9743
2026-02-22,PRD-031,connector,0,0,0,0.932,0.9786
2026-02-22,PRD-079,connector,0,0,0,0.932,1.0129
2026-02-22,PRD-022,industrial_switch,0,0,0,0.932,1.0482
2026-02-22,PRD-004,control_board,0,0,0,0.932,1.0679
2026-02-22,PRD-076,metal_housing,0,0,0,0.932,0.9627
2026-02-22,PRD-061,industrial_switch,0,0,0,0.932,1.0501
2026-02-22,PRD-049,power_unit,0,0,0,0.932,1.0123
2026-02-22,PRD-070,industrial_switch,9705,0,0,0.932,1.061
2026-02-22,PRD-025,power_unit,3667,0,0,0.932,1.0029
2026-02-22,PRD-045,control_board,0,0,0,0.932,1.0048
2026-02-22,PRD-044,sensor_module,0,0,0,0.932,1.0384
2026-02-22,PRD-013,industrial_switch,0,0,0,0.932,1.0067
2026-02-22,PRD-027,power_unit,0,0,0,0.932,1.032
2026-02-22,PRD-064,power_unit,0,0,0,0.932,0.9669
2026-02-22,PRD-028,industrial_switch,0,0,0,0.932,1.0186
2026-02-22,PRD-065,connector,0,0,0,0.932,0.998
2026-02-22,PRD-077,control_board,0,0,0,0.932,0.9918
2026-02-22,PRD-011,industrial_switch,0,0,0,0.932,0.9421
2026-02-22,PRD-036,connector,0,0,0,0.932,1.0017
2026-02-23,PRD-056,industrial_switch,0,0,1,0.9292,1.0208
2026-02-23,PRD-035,sensor_module,0,0,1,0.9292,1.0289
2026-02-23,PRD-031,connector,0,0,1,0.9292,1.0188
2026-02-23,PRD-039,industrial_switch,0,0,1,0.9292,0.9752
2026-02-23,PRD-058,sensor_module,0,0,1,0.9292,0.9504
2026-02-23,PRD-015,industrial_switch,0,0,1,0.9292,1.0267
2026-02-23,PRD-073,connector,4135,0,1,0.9292,0.9599
2026-02-23,PRD-011,industrial_switch,756,0,1,0.9292,0.9905
2026-02-23,PRD-018,sensor_module,0,0,1,0.9292,1.0548
2026-02-23,PRD-022,industrial_switch,0,0,1,0.9292,1.0602
2026-02-23,PRD-028,industrial_switch,0,0,1,0.9292,0.9547
2026-02-23,PRD-059,control_board,0,0,1,0.9292,0.9347
2026-02-23,PRD-053,industrial_switch,0,0,1,0.9292,0.9677
2026-02-23,PRD-062,sensor_module,6283,0,1,0.9292,0.9781
2026-02-23,PRD-019,control_board,0,0,1,0.9292,1.0093
2026-02-23,PRD-042,connector,971,0,1,0.9292,0.9608
2026-02-23,PRD-009,power_unit,0,0,1,0.9292,1.0333
2026-02-23,PRD-006,sensor_module,0,0,1,0.9292,0.9842
2026-02-23,PRD-013,industrial_switch,0,0,1,0.9292,1.0339
2026-02-23,PRD-004,control_board,1780,0,1,0.9292,1.014
2026-02-24,PRD-050,control_board,0,0,0,0.9263,0.9852
2026-02-24,PRD-039,industrial_switch,0,0,0,0.9263,1.0561
2026-02-24,PRD-047,metal_housing,10479,0,0,0.9263,0.9642
2026-02-24,PRD-031,connector,0,0,0,0.9263,1.0442
2026-02-24,PRD-012,connector,0,0,0,0.9263,0.9824
2026-02-24,PRD-038,connector,0,0,0,0.9263,1.0074
2026-02-24,PRD-002,sensor_module,0,0,0,0.9263,1.0395
2026-02-24,PRD-069,sensor_module,0,0,0,0.9263,0.9757
2026-02-24,PRD-032,connector,0,0,0,0.9263,1.0322
2026-02-24,PRD-001,sensor_module,0,0,0,0.9263,0.9453
2026-02-24,PRD-025,power_unit,0,0,0,0.9263,1.0133
2026-02-24,PRD-016,connector,0,0,0,0.9263,0.9442
2026-02-24,PRD-054,power_unit,0,0,0,0.9263,1.0255
2026-02-24,PRD-076,metal_housing,0,0,0,0.9263,0.9305
2026-02-24,PRD-077,control_board,0,0,0,0.9263,1.031
2026-02-24,PRD-017,metal_housing,0,0,0,0.9263,1.0691
2026-02-24,PRD-060,connector,0,0,0,0.9263,0.957
2026-02-24,PRD-011,industrial_switch,0,0,0,0.9263,0.97
2026-02-24,PRD-037,control_board,0,0,0,0.9263,0.9574
2026-02-24,PRD-029,connector,0,0,0,0.9263,0.9824
2026-02-25,PRD-007,control_board,0,0,0,0.9235,0.9625
2026-02-25,PRD-079,connector,0,0,0,0.9235,1.0354
2026-02-25,PRD-066,metal_housing,0,0,0,0.9235,0.9468
2026-02-25,PRD-061,industrial_switch,0,0,0,0.9235,0.9687
2026-02-25,PRD-060,connector,0,1,0,0.9235,1.0692
2026-02-25,PRD-002,sensor_module,0,0,0,0.9235,1.0126
2026-02-25,PRD-048,power_unit,0,0,0,0.9235,1.0337
2026-02-25,PRD-027,power_unit,0,0,0,0.9235,0.9979
2026-02-25,PRD-026,power_unit,0,0,0,0.9235,0.9736
2026-02-25,PRD-025,power_unit,0,0,0,0.9235,1.0488
2026-02-25,PRD-016,connector,756,0,0,0.9235,0.9427
2026-02-25,PRD-078,connector,0,0,0,0.9235,1.0237
2026-02-25,PRD-045,control_board,0,0,0,0.9235,1.0672
2026-02-25,PRD-062,sensor_module,0,0,0,0.9235,0.9625
2026-02-25,PRD-067,sensor_module,0,0,0,0.9235,1.0223
2026-02-25,PRD-032,connector,0,0,0,0.9235,0.9845
2026-02-25,PRD-011,industrial_switch,0,0,0,0.9235,1.0493
2026-02-25,PRD-019,control_board,0,0,0,0.9235,0.9337
2026-02-25,PRD-077,control_board,0,0,0,0.9235,0.986
2026-02-25,PRD-080,metal_housing,0,0,0,0.9235,1.0346
2026-02-26,PRD-060,connector,0,0,0,0.9207,1.0394
2026-02-26,PRD-075,industrial_switch,0,0,0,0.9207,0.9432
2026-02-26,PRD-035,sensor_module,5734,0,0,0.9207,1.0225
2026-02-26,PRD-046,control_board,0,0,0,0.9207,0.9867
2026-02-26,PRD-004,control_board,3689,0,0,0.9207,0.9561
2026-02-26,PRD-045,control_board,0,0,0,0.9207,1.0557
2026-02-26,PRD-009,power_unit,0,0,0,0.9207,1.0195
2026-02-26,PRD-052,metal_housing,0,0,0,0.9207,0.9535
2026-02-26,PRD-077,control_board,0,0,0,0.9207,1.0365
2026-02-26,PRD-034,power_unit,0,0,0,0.9207,1.0167
2026-02-26,PRD-057,sensor_module,0,0,0,0.9207,0.9896
2026-02-26,PRD-078,connector,0,1,0,0.9207,0.9885
2026-02-26,PRD-032,connector,0,0,0,0.9207,0.9514
2026-02-26,PRD-017,metal_housing,0,0,0,0.9207,0.9329
2026-02-26,PRD-016,connector,0,0,0,0.9207,1.0237
2026-02-26,PRD-047,metal_housing,0,0,0,0.9207,0.9872
2026-02-26,PRD-050,control_board,0,0,0,0.9207,1.0187
2026-02-26,PRD-007,control_board,0,0,0,0.9207,1.0139
2026-02-26,PRD-080,metal_housing,0,0,0,0.9207,1.0208
2026-02-26,PRD-005,industrial_switch,0,0,0,0.9207,1.0573
2026-02-27,PRD-064,power_unit,0,1,0,0.9179,1.0589
2026-02-27,PRD-068,connector,0,0,0,0.9179,0.9595
2026-02-27,PRD-065,connector,0,0,0,0.9179,1.0537
2026-02-27,PRD-026,power_unit,0,0,0,0.9179,0.9843
2026-02-27,PRD-070,industrial_switch,0,0,0,0.9179,0.9349
2026-02-27,PRD-015,industrial_switch,0,0,0,0.9179,1.0184
2026-02-27,PRD-075,industrial_switch,0,0,0,0.9179,0.9759
2026-02-27,PRD-006,sensor_module,0,0,0,0.9179,1.0227
2026-02-27,PRD-033,control_board,0,0,0,0.9179,1.0022
2026-02-27,PRD-008,power_unit,4376,0,0,0.9179,0.9747
2026-02-27,PRD-054,power_unit,0,0,0,0.9179,1.0251
2026-02-27,PRD-059,control_board,0,0,0,0.9179,1.0154
2026-02-27,PRD-050,control_board,0,0,0,0.9179,1.0332
2026-02-27,PRD-055,power_unit,0,0,0,0.9179,0.9644
2026-02-27,PRD-036,connector,0,0,0,0.9179,0.9621
2026-02-27,PRD-069,sensor_module,0,0,0,0.9179,0.9946
2026-02-27,PRD-031,connector,0,0,0,0.9179,0.9567
2026-02-27,PRD-061,industrial_switch,0,0,0,0.9179,1.0038
2026-02-27,PRD-077,control_board,0,0,0,0.9179,1.0532
2026-02-27,PRD-079,connector,0,0,0,0.9179,1.0455
2026-02-28,PRD-001,sensor_module,0,0,0,0.9152,0.9445
2026-02-28,PRD-012,connector,2098,0,0,0.9152,0.9947
2026-02-28,PRD-068,connector,0,0,0,0.9152,1.0661
2026-02-28,PRD-055,power_unit,0,0,0,0.9152,0.9792
2026-02-28,PRD-017,metal_housing,0,0,0,0.9152,0.9955
2026-02-28,PRD-051,control_board,0,0,0,0.9152,1.0224
2026-02-28,PRD-071,connector,0,0,0,0.9152,1.0175
2026-02-28,PRD-077,control_board,0,0,0,0.9152,0.9786
2026-02-28,PRD-043,industrial_switch,6312,0,0,0.9152,0.9742
2026-02-28,PRD-004,control_board,0,0,0,0.9152,1.028
2026-02-28,PRD-069,sensor_module,0,0,0,0.9152,1.0689
2026-02-28,PRD-064,power_unit,7777,0,0,0.9152,0.9512
2026-02-28,PRD-032,connector,0,0,0,0.9152,1.0124
2026-02-28,PRD-041,control_board,0,0,0,0.9152,1.0476
2026-02-28,PRD-073,connector,4738,0,0,0.9152,1.0059
2026-02-28,PRD-034,power_unit,0,0,0,0.9152,1.0517
2026-02-28,PRD-078,connector,0,0,0,0.9152,1.0204
2026-02-28,PRD-052,metal_housing,12275,1,0,0.9152,1.0262
2026-02-28,PRD-059,control_board,0,0,0,0.9152,1.0415
2026-02-28,PRD-038,connector,0,0,0,0.9152,0.9353
2026-03-01,PRD-020,control_board,0,0,0,0.9125,1.0287
2026-03-01,PRD-058,sensor_module,0,0,0,0.9125,1.0111
2026-03-01,PRD-074,sensor_module,0,0,0,0.9125,1.0677
2026-03-01,PRD-048,power_unit,0,0,0,0.9125,0.9747
2026-03-01,PRD-042,connector,0,0,0,0.9125,0.9796
2026-03-01,PRD-030,sensor_module,0,0,0,0.9125,0.9459
2026-03-01,PRD-029,connector,0,0,0,0.9125,1.0506
2026-03-01,PRD-001,sensor_module,0,0,0,0.9125,0.9737
2026-03-01,PRD-053,industrial_switch,0,0,0,0.9125,1.0664
2026-03-01,PRD-002,sensor_module,0,0,0,0.9125,0.99
2026-03-01,PRD-018,sensor_module,8776,0,0,0.9125,1.0306
2026-03-01,PRD-063,industrial_switch,0,0,0,0.9125,1.0167
2026-03-01,PRD-032,connector,0,0,0,0.9125,0.9326
2026-03-01,PRD-038,connector,0,0,0,0.9125,1.0691
2026-03-01,PRD-004,control_board,0,0,0,0.9125,1.0193
2026-03-01,PRD-062,sensor_module,11259,0,0,0.9125,1.0005
2026-03-01,PRD-012,connector,0,0,0,0.9125,1.0516
2026-03-01,PRD-075,industrial_switch,0,0,0,0.9125,0.963
2026-03-01,PRD-036,connector,0,0,0,0.9125,0.9749
2026-03-01,PRD-035,sensor_module,0,0,0,0.9125,1.0107
2026-03-02,PRD-007,control_board,0,0,0,0.9098,1.048
2026-03-02,PRD-078,connector,0,0,0,0.9098,0.999
2026-03-02,PRD-013,industrial_switch,0,0,0,0.9098,1.0629
2026-03-02,PRD-033,control_board,9003,0,0,0.9098,1.019
2026-03-02,PRD-016,connector,0,0,0,0.9098,1.0279
2026-03-02,PRD-026,power_unit,0,0,0,0.9098,0.9692
2026-03-02,PRD-036,connector,0,0,0,0.9098,0.9669
2026-03-02,PRD-008,power_unit,0,0,0,0.9098,1.007
2026-03-02,PRD-030,sensor_module,3748,0,0,0.9098,1.0442
2026-03-02,PRD-068,connector,12572,0,0,0.9098,0.9624
2026-03-02,PRD-074,sensor_module,0,0,0,0.9098,1.0211
2026-03-02,PRD-057,sensor_module,0,0,0,0.9098,1.0157
2026-03-02,PRD-032,connector,3828,0,0,0.9098,1.0148
2026-03-02,PRD-059,control_board,0,0,0,0.9098,0.9459
2026-03-02,PRD-019,control_board,0,0,0,0.9098,1.0183
2026-03-02,PRD-071,connector,0,1,0,0.9098,1.0264
2026-03-02,PRD-064,power_unit,0,0,0,0.9098,1.0441
2026-03-02,PRD-046,control_board,0,0,0,0.9098,1.039
2026-03-02,PRD-012,connector,0,0,0,0.9098,1.0205
2026-03-02,PRD-060,connector,3648,0,0,0.9098,0.9482
2026-03-03,PRD-047,metal_housing,0,0,0,0.9071,0.9792
2026-03-03,PRD-061,industrial_switch,0,0,0,0.9071,1.0618
2026-03-03,PRD-018,sensor_module,0,0,0,0.9071,1.022
2026-03-03,PRD-080,metal_housing,0,0,0,0.9071,0.9503
2026-03-03,PRD-074,sensor_module,1814,0,0,0.9071,1.0196
2026-03-03,PRD-013,industrial_switch,0,0,0,0.9071,1.0202
2026-03-03,PRD-077,control_board,0,0,0,0.9071,0.9654
2026-03-03,PRD-071,connector,0,1,0,0.9071,0.9436
2026-03-03,PRD-025,power_unit,0,0,0,0.9071,1.0405
2026-03-03,PRD-052,metal_housing,0,0,0,0.9071,0.9986
2026-03-03,PRD-053,industrial_switch,0,0,0,0.9071,0.9429
2026-03-03,PRD-031,connector,0,0,0,0.9071,1.0469
2026-03-03,PRD-045,control_board,0,0,0,0.9071,0.9908
2026-03-03,PRD-057,sensor_module,0,0,0,0.9071,0.9982
2026-03-03,PRD-058,sensor_module,3673,0,0,0.9071,1.0577
2026-03-03,PRD-006,sensor_module,0,0,0,0.9071,1.0421
2026-03-03,PRD-008,power_unit,0,0,0,0.9071,0.9758
2026-03-03,PRD-040,control_board,0,0,0,0.9071,1.0446
2026-03-03,PRD-039,industrial_switch,0,0,0,0.9071,1.0067
2026-03-03,PRD-068,connector,0,0,0,0.9071,1.0327
2026-03-04,PRD-005,industrial_switch,0,0,0,0.9045,0.9361
2026-03-04,PRD-023,power_unit,0,0,0,0.9045,1.0547
2026-03-04,PRD-030,sensor_module,0,0,0,0.9045,1.0199
2026-03-04,PRD-054,power_unit,5293,0,0,0.9045,1.0603
2026-03-04,PRD-013,industrial_switch,0,0,0,0.9045,1.0597
2026-03-04,PRD-074,sensor_module,0,0,0,0.9045,1.0642
2026-03-04,PRD-079,connector,0,0,0,0.9045,0.9645
2026-03-04,PRD-026,power_unit,0,0,0,0.9045,1.0203
2026-03-04,PRD-069,sensor_module,0,0,0,0.9045,1.0407
2026-03-04,PRD-058,sensor_module,4648,0,0,0.9045,0.9984
2026-03-04,PRD-034,power_unit,0,0,0,0.9045,0.9797
2026-03-04,PRD-076,metal_housing,0,0,0,0.9045,0.9818
2026-03-04,PRD-040,control_board,0,0,0,0.9045,0.9561
2026-03-04,PRD-046,control_board,0,0,0,0.9045,1.0049
2026-03-04,PRD-055,power_unit,0,0,0,0.9045,1.0506
2026-03-04,PRD-037,control_board,0,0,0,0.9045,1.0269
2026-03-04,PRD-062,sensor_module,0,0,0,0.9045,1.0098
2026-03-04,PRD-025,power_unit,0,0,0,0.9045,1.0105
2026-03-04,PRD-045,control_board,0,0,0,0.9045,0.9684
2026-03-04,PRD-008,power_unit,0,1,0,0.9045,1.0084
2026-03-05,PRD-062,sensor_module,0,0,0,0.9019,0.9971
2026-03-05,PRD-047,metal_housing,0,0,0,0.9019,0.9723
2026-03-05,PRD-051,control_board,0,0,0,0.9019,1.0213
2026-03-05,PRD-006,sensor_module,1092,0,0,0.9019,0.9918
2026-03-05,PRD-010,power_unit,0,0,0,0.9019,0.9447
2026-03-05,PRD-035,sensor_module,0,0,0,0.9019,0.9955
2026-03-05,PRD-064,power_unit,0,0,0,0.9019,0.9872
2026-03-05,PRD-002,sensor_module,0,0,0,0.9019,0.9857
2026-03-05,PRD-075,industrial_switch,0,0,0,0.9019,0.9436
2026-03-05,PRD-039,industrial_switch,0,0,0,0.9019,0.944
2026-03-05,PRD-048,power_unit,0,0,0,0.9019,1.0076
2026-03-05,PRD-066,metal_housing,0,0,0,0.9019,1.0068
2026-03-05,PRD-080,metal_housing,6772,0,0,0.9019,0.943
2026-03-05,PRD-014,industrial_switch,5468,0,0,0.9019,0.9304
2026-03-05,PRD-077,control_board,0,0,0,0.9019,1.0491
2026-03-05,PRD-022,industrial_switch,0,0,0,0.9019,0.968
2026-03-05,PRD-044,sensor_module,0,0,0,0.9019,0.954
2026-03-05,PRD-012,connector,0,0,0,0.9019,0.9647
2026-03-05,PRD-038,connector,0,0,0,0.9019,1.0463
2026-03-05,PRD-029,connector,0,0,0,0.9019,1.0274
2026-03-06,PRD-019,control_board,0,0,0,0.8993,0.974
2026-03-06,PRD-077,control_board,0,0,0,0.8993,0.9698
2026-03-06,PRD-039,industrial_switch,0,0,0,0.8993,0.995
2026-03-06,PRD-021,power_unit,0,0,0,0.8993,0.9995
2026-03-06,PRD-022,industrial_switch,0,0,0,0.8993,0.9937
2026-03-06,PRD-054,power_unit,0,0,0,0.8993,1.0536
2026-03-06,PRD-055,power_unit,0,0,0,0.8993,0.9951
2026-03-06,PRD-004,control_board,3678,0,0,0.8993,1.0606
2026-03-06,PRD-042,connector,0,0,0,0.8993,0.9662
2026-03-06,PRD-040,control_board,0,0,0,0.8993,1.0691
2026-03-06,PRD-058,sensor_module,3464,0,0,0.8993,0.9736
2026-03-06,PRD-014,industrial_switch,0,0,0,0.8993,1.0098
2026-03-06,PRD-053,industrial_switch,0,0,0,0.8993,0.9491
2026-03-06,PRD-047,metal_housing,0,0,0,0.8993,0.9393
2026-03-06,PRD-011,industrial_switch,0,0,0,0.8993,0.9493
2026-03-06,PRD-041,control_board,0,0,0,0.8993,0.9935
2026-03-06,PRD-006,sensor_module,0,0,0,0.8993,1.002
2026-03-06,PRD-037,control_board,0,0,0,0.8993,0.9816
2026-03-06,PRD-036,connector,0,0,0,0.8993,0.996
2026-03-06,PRD-002,sensor_module,0,0,0,0.8993,0.9406
2026-03-07,PRD-040,control_board,0,0,0,0.8967,0.9742
2026-03-07,PRD-078,connector,0,0,0,0.8967,0.971
2026-03-07,PRD-003,power_unit,0,0,0,0.8967,1.062
2026-03-07,PRD-017,metal_housing,4618,0,0,0.8967,0.9663
2026-03-07,PRD-039,industrial_switch,0,0,0,0.8967,1.0523
2026-03-07,PRD-047,metal_housing,0,0,0,0.8967,1.021
2026-03-07,PRD-071,connector,0,0,0,0.8967,0.9905
2026-03-07,PRD-023,power_unit,0,0,0,0.8967,0.9487
2026-03-07,PRD-014,industrial_switch,0,0,0,0.8967,0.9837
2026-03-07,PRD-007,control_board,0,0,0,0.8967,0.9747
2026-03-07,PRD-021,power_unit,0,1,0,0.8967,1.0345
2026-03-07,PRD-068,connector,0,0,0,0.8967,0.973
2026-03-07,PRD-027,power_unit,5555,0,0,0.8967,1.0687
2026-03-07,PRD-045,control_board,0,0,0,0.8967,1.0654
2026-03-07,PRD-032,connector,0,0,0,0.8967,1.006
2026-03-07,PRD-063,industrial_switch,0,0,0,0.8967,0.9519
2026-03-07,PRD-009,power_unit,0,0,0,0.8967,1.0426
2026-03-07,PRD-042,connector,0,0,0,0.8967,0.9755
2026-03-07,PRD-080,metal_housing,0,0,0,0.8967,0.9489
2026-03-07,PRD-051,control_board,0,0,0,0.8967,1.0154
2026-03-08,PRD-006,sensor_module,1688,0,0,0.8942,1.025
2026-03-08,PRD-063,industrial_switch,0,1,0,0.8942,0.9451
2026-03-08,PRD-028,industrial_switch,0,0,0,0.8942,1.0496
2026-03-08,PRD-017,metal_housing,0,0,0,0.8942,0.989
2026-03-08,PRD-007,control_board,0,0,0,0.8942,1.0098
2026-03-08,PRD-015,industrial_switch,0,0,0,0.8942,1.0175
2026-03-08,PRD-058,sensor_module,0,0,0,0.8942,1.0181
2026-03-08,PRD-019,control_board,0,0,0,0.8942,1.0417
2026-03-08,PRD-047,metal_housing,0,0,0,0.8942,1.0048
2026-03-08,PRD-052,metal_housing,3956,0,0,0.8942,1.0438
2026-03-08,PRD-008,power_unit,1222,0,0,0.8942,1.0526
2026-03-08,PRD-041,control_board,0,0,0,0.8942,0.959
2026-03-08,PRD-024,connector,0,0,0,0.8942,1.0461
2026-03-08,PRD-068,connector,0,0,0,0.8942,0.9585
2026-03-08,PRD-036,connector,12184,0,0,0.8942,1.046
2026-03-08,PRD-022,industrial_switch,0,0,0,0.8942,1.0346
2026-03-08,PRD-023,power_unit,0,0,0,0.8942,1.052
2026-03-08,PRD-046,control_board,0,1,0,0.8942,0.962
2026-03-08,PRD-030,sensor_module,1680,0,0,0.8942,1.0208
2026-03-08,PRD-050,control_board,0,0,0,0.8942,0.9761
2026-03-09,PRD-023,power_unit,0,0,0,0.8917,1.054
2026-03-09,PRD-024,connector,0,0,0,0.8917,0.9729
2026-03-09,PRD-062,sensor_module,0,0,0,0.8917,1.0442
2026-03-09,PRD-019,control_board,0,0,0,0.8917,1.0364
2026-03-09,PRD-018,sensor_module,0,0,0,0.8917,0.9908
2026-03-09,PRD-016,connector,0,0,0,0.8917,0.9407
2026-03-09,PRD-029,connector,0,0,0,0.8917,0.9742
2026-03-09,PRD-021,power_unit,0,0,0,0.8917,0.9802
2026-03-09,PRD-059,control_board,0,0,0,0.8917,1.0211
2026-03-09,PRD-042,connector,0,0,0,0.8917,1.0099
2026-03-09,PRD-066,metal_housing,0,0,0,0.8917,0.9709
2026-03-09,PRD-040,control_board,0,0,0,0.8917,0.9989
2026-03-09,PRD-012,connector,0,0,0,0.8917,1.0104
2026-03-09,PRD-050,control_board,2904,0,0,0.8917,1.0246
2026-03-09,PRD-001,sensor_module,0,0,0,0.8917,1.0027
2026-03-09,PRD-071,connector,3698,0,0,0.8917,1.0577
2026-03-09,PRD-069,sensor_module,3891,0,0,0.8917,1.032
2026-03-09,PRD-033,control_board,0,0,0,0.8917,1.0299
2026-03-09,PRD-015,industrial_switch,4570,0,0,0.8917,0.956
2026-03-09,PRD-009,power_unit,0,1,0,0.8917,0.9459
2026-03-10,PRD-065,connector,0,0,0,0.8892,0.9627
2026-03-10,PRD-039,industrial_switch,0,0,0,0.8892,1.0227
2026-03-10,PRD-076,metal_housing,0,0,0,0.8892,0.9993
2026-03-10,PRD-038,connector,0,0,0,0.8892,1.0048
2026-03-10,PRD-064,power_unit,2221,0,0,0.8892,1.0062
2026-03-10,PRD-080,metal_housing,0,0,0,0.8892,0.9392
2026-03-10,PRD-054,power_unit,0,0,0,0.8892,1.0344
2026-03-10,PRD-050,control_board,0,0,0,0.8892,0.9934
2026-03-10,PRD-015,industrial_switch,0,0,0,0.8892,0.939
2026-03-10,PRD-008,power_unit,0,0,0,0.8892,1.0251
2026-03-10,PRD-056,industrial_switch,0,0,0,0.8892,1.0319
2026-03-10,PRD-001,sensor_module,0,0,0,0.8892,1.026
2026-03-10,PRD-059,control_board,1612,1,0,0.8892,1.0373
2026-03-10,PRD-067,sensor_module,0,0,0,0.8892,1.0401
2026-03-10,PRD-049,power_unit,5807,0,0,0.8892,1.0419
2026-03-10,PRD-012,connector,0,0,0,0.8892,1.05
2026-03-10,PRD-075,industrial_switch,0,0,0,0.8892,1.0521
2026-03-10,PRD-063,industrial_switch,0,0,0,0.8892,1.0006
2026-03-10,PRD-052,metal_housing,0,0,0,0.8892,0.9571
2026-03-10,PRD-062,sensor_module,0,0,0,0.8892,0.9874
2026-03-11,PRD-063,industrial_switch,0,0,0,0.8868,0.9521
2026-03-11,PRD-009,power_unit,3995,0,0,0.8868,0.9561
2026-03-11,PRD-011,industrial_switch,0,0,0,0.8868,0.9872
2026-03-11,PRD-035,sensor_module,0,0,0,0.8868,0.9788
2026-03-11,PRD-022,industrial_switch,0,0,0,0.8868,1.0099
2026-03-11,PRD-048,power_unit,0,0,0,0.8868,0.9336
2026-03-11,PRD-015,industrial_switch,0,0,0,0.8868,1.0195
2026-03-11,PRD-078,connector,0,0,0,0.8868,0.9811
2026-03-11,PRD-020,control_board,0,0,0,0.8868,1.0131
2026-03-11,PRD-055,power_unit,0,0,0,0.8868,1.0002
2026-03-11,PRD-013,industrial_switch,0,0,0,0.8868,1.064
2026-03-11,PRD-068,connector,0,0,0,0.8868,0.9993
2026-03-11,PRD-007,control_board,0,0,0,0.8868,1.0381
2026-03-11,PRD-005,industrial_switch,0,0,0,0.8868,1.0129
2026-03-11,PRD-039,industrial_switch,2817,0,0,0.8868,0.9427
2026-03-11,PRD-056,industrial_switch,0,0,0,0.8868,0.936
2026-03-11,PRD-058,sensor_module,4428,0,0,0.8868,1.0073
2026-03-11,PRD-046,control_board,3829,0,0,0.8868,1.0122
2026-03-11,PRD-072,metal_housing,0,0,0,0.8868,1.019
2026-03-11,PRD-016,connector,0,0,0,0.8868,1.0439
2026-03-12,PRD-055,power_unit,0,0,0,0.8844,1.0007
2026-03-12,PRD-059,control_board,0,0,0,0.8844,1.0674
2026-03-12,PRD-076,metal_housing,0,0,0,0.8844,1.0366
2026-03-12,PRD-008,power_unit,0,0,0,0.8844,1.0491
2026-03-12,PRD-047,metal_housing,4737,0,0,0.8844,1.0291
2026-03-12,PRD-036,connector,1819,0,0,0.8844,1.0508
2026-03-12,PRD-023,power_unit,0,0,0,0.8844,1.0494
2026-03-12,PRD-020,control_board,4181,0,0,0.8844,0.9932
2026-03-12,PRD-066,metal_housing,0,0,0,0.8844,1.0231
2026-03-12,PRD-032,connector,2899,0,0,0.8844,1.0038
2026-03-12,PRD-046,control_board,0,0,0,0.8844,0.9956
2026-03-12,PRD-022,industrial_switch,0,0,0,0.8844,1.042
2026-03-12,PRD-027,power_unit,2717,0,0,0.8844,0.985
2026-03-12,PRD-016,connector,0,0,0,0.8844,0.9535
2026-03-12,PRD-080,metal_housing,7779,0,0,0.8844,1.0119
2026-03-12,PRD-044,sensor_module,0,0,0,0.8844,0.9389
2026-03-12,PRD-018,sensor_module,0,0,0,0.8844,0.9769
2026-03-12,PRD-043,industrial_switch,0,0,0,0.8844,0.9911
2026-03-12,PRD-054,power_unit,0,0,0,0.8844,1.0325
2026-03-12,PRD-003,power_unit,2666,1,0,0.8844,0.9689
2026-03-13,PRD-019,control_board,0,1,0,0.8821,1.0509
2026-03-13,PRD-075,industrial_switch,0,0,0,0.8821,0.9578
2026-03-13,PRD-060,connector,2206,0,0,0.8821,1.0458
2026-03-13,PRD-029,connector,0,0,0,0.8821,0.9535
2026-03-13,PRD-007,control_board,12897,0,0,0.8821,0.9929
2026-03-13,PRD-037,control_board,0,0,0,0.8821,1.0557
2026-03-13,PRD-018,sensor_module,0,0,0,0.8821,1.0125
2026-03-13,PRD-055,power_unit,2263,0,0,0.8821,0.9538
2026-03-13,PRD-003,power_unit,0,0,0,0.8821,1.0101
2026-03-13,PRD-054,power_unit,614,0,0,0.8821,0.9606
2026-03-13,PRD-072,metal_housing,0,0,0,0.8821,1.0501
2026-03-13,PRD-067,sensor_module,0,0,0,0.8821,1.018
2026-03-13,PRD-058,sensor_module,0,0,0,0.8821,1.0639
2026-03-13,PRD-046,control_board,0,0,0,0.8821,0.9755
2026-03-13,PRD-065,connector,0,1,0,0.8821,0.9338
2026-03-13,PRD-021,power_unit,0,0,0,0.8821,1.0102
2026-03-13,PRD-073,connector,0,0,0,0.8821,1.0366
2026-03-13,PRD-070,industrial_switch,0,0,0,0.8821,0.9912
2026-03-13,PRD-041,control_board,0,0,0,0.8821,1.0003
2026-03-13,PRD-062,sensor_module,0,0,0,0.8821,1.0452
2026-03-14,PRD-057,sensor_module,0,0,0,0.8797,0.9465
2026-03-14,PRD-015,industrial_switch,0,0,0,0.8797,1.0211
2026-03-14,PRD-005,industrial_switch,0,0,0,0.8797,0.9936
2026-03-14,PRD-040,control_board,0,0,0,0.8797,0.9425
2026-03-14,PRD-016,connector,0,0,0,0.8797,0.9581
2026-03-14,PRD-062,sensor_module,0,0,0,0.8797,0.9857
2026-03-14,PRD-047,metal_housing,0,0,0,0.8797,1.0693
2026-03-14,PRD-002,sensor_module,2538,0,0,0.8797,0.9453
2026-03-14,PRD-024,connector,0,0,0,0.8797,1.0485
2026-03-14,PRD-058,sensor_module,4376,0,0,0.8797,0.9482
2026-03-14,PRD-011,industrial_switch,0,0,0,0.8797,0.9709
2026-03-14,PRD-028,industrial_switch,3764,0,0,0.8797,0.977
2026-03-14,PRD-077,control_board,2755,0,0,0.8797,1.0197
2026-03-14,PRD-033,control_board,2615,0,0,0.8797,1.0617
2026-03-14,PRD-034,power_unit,0,0,0,0.8797,0.9417
2026-03-14,PRD-017,metal_housing,0,0,0,0.8797,1.0621
2026-03-14,PRD-049,power_unit,1459,0,0,0.8797,1.0638
2026-03-14,PRD-038,connector,0,0,0,0.8797,1.0281
2026-03-14,PRD-042,connector,0,0,0,0.8797,1.0584
2026-03-14,PRD-060,connector,0,0,0,0.8797,1.0473
2026-03-15,PRD-046,control_board,0,0,0,0.8775,0.9522
2026-03-15,PRD-013,industrial_switch,0,0,0,0.8775,0.9517
2026-03-15,PRD-026,power_unit,0,0,0,0.8775,1.0615
2026-03-15,PRD-068,connector,0,0,0,0.8775,1.0273
2026-03-15,PRD-027,power_unit,1417,1,0,0.8775,1.0269
2026-03-15,PRD-041,control_board,0,0,0,0.8775,0.9648
2026-03-15,PRD-056,industrial_switch,0,0,0,0.8775,0.943
2026-03-15,PRD-044,sensor_module,0,1,0,0.8775,1.0695
2026-03-15,PRD-057,sensor_module,0,0,0,0.8775,0.9703
2026-03-15,PRD-024,connector,0,0,0,0.8775,0.9858
2026-03-15,PRD-060,connector,0,0,0,0.8775,1.0342
2026-03-15,PRD-028,industrial_switch,0,0,0,0.8775,0.9305
2026-03-15,PRD-071,connector,0,0,0,0.8775,1.018
2026-03-15,PRD-040,control_board,10331,0,0,0.8775,1.0239
2026-03-15,PRD-076,metal_housing,0,0,0,0.8775,0.9946
2026-03-15,PRD-010,power_unit,9227,0,0,0.8775,0.9834
2026-03-15,PRD-058,sensor_module,0,0,0,0.8775,1.057
2026-03-15,PRD-029,connector,0,0,0,0.8775,1.0016
2026-03-15,PRD-023,power_unit,0,0,0,0.8775,1.0027
2026-03-15,PRD-070,industrial_switch,0,0,0,0.8775,0.9489
2026-03-16,PRD-076,metal_housing,6516,0,0,0.8752,1.0357
2026-03-16,PRD-010,power_unit,0,0,0,0.8752,0.9513
2026-03-16,PRD-068,connector,0,0,0,0.8752,1.0249
2026-03-16,PRD-016,connector,0,0,0,0.8752,0.949
2026-03-16,PRD-015,industrial_switch,4494,0,0,0.8752,1.0122
2026-03-16,PRD-001,sensor_module,0,0,0,0.8752,0.994
2026-03-16,PRD-071,connector,6282,0,0,0.8752,1.0085
2026-03-16,PRD-048,power_unit,0,0,0,0.8752,1.0629
2026-03-16,PRD-020,control_board,0,0,0,0.8752,0.9988
2026-03-16,PRD-070,industrial_switch,0,0,0,0.8752,0.9908
2026-03-16,PRD-027,power_unit,0,0,0,0.8752,0.9841
2026-03-16,PRD-064,power_unit,0,0,0,0.8752,1.064
2026-03-16,PRD-052,metal_housing,0,0,0,0.8752,0.9869
2026-03-16,PRD-028,industrial_switch,0,1,0,0.8752,0.9723
2026-03-16,PRD-026,power_unit,0,0,0,0.8752,1.0232
2026-03-16,PRD-078,connector,0,0,0,0.8752,1.0622
2026-03-16,PRD-062,sensor_module,0,0,0,0.8752,0.9979
2026-03-16,PRD-003,power_unit,0,0,0,0.8752,0.986
2026-03-16,PRD-023,power_unit,0,0,0,0.8752,0.9485
2026-03-16,PRD-033,control_board,6096,0,0,0.8752,1.0372
2026-03-17,PRD-066,metal_housing,0,0,0,0.873,1.0633
2026-03-17,PRD-023,power_unit,0,0,0,0.873,0.969
2026-03-17,PRD-078,connector,0,0,0,0.873,0.9315
2026-03-17,PRD-058,sensor_module,0,0,0,0.873,1.0228
2026-03-17,PRD-033,control_board,0,0,0,0.873,1.0181
2026-03-17,PRD-073,connector,0,0,0,0.873,0.9871
2026-03-17,PRD-029,connector,0,0,0,0.873,1.0062
2026-03-17,PRD-039,industrial_switch,0,1,0,0.873,1.0079
2026-03-17,PRD-072,metal_housing,0,0,0,0.873,1.0481
2026-03-17,PRD-048,power_unit,0,0,0,0.873,0.9874
2026-03-17,PRD-049,power_unit,0,0,0,0.873,0.9966
2026-03-17,PRD-037,control_board,2915,0,0,0.873,1.0113
2026-03-17,PRD-043,industrial_switch,0,0,0,0.873,0.9728
2026-03-17,PRD-014,industrial_switch,1106,0,0,0.873,1.0527
2026-03-17,PRD-010,power_unit,0,0,0,0.873,1.0217
2026-03-17,PRD-070,industrial_switch,0,0,0,0.873,0.9441
2026-03-17,PRD-069,sensor_module,0,0,0,0.873,0.9712
2026-03-17,PRD-041,control_board,2771,0,0,0.873,0.9561
2026-03-17,PRD-002,sensor_module,6265,0,0,0.873,1.0379
2026-03-17,PRD-052,metal_housing,0,0,0,0.873,0.9325
2026-03-18,PRD-072,metal_housing,3347,0,0,0.8708,0.9619
2026-03-18,PRD-040,control_board,0,0,0,0.8708,0.9337
2026-03-18,PRD-043,industrial_switch,7262,0,0,0.8708,0.9604
2026-03-18,PRD-024,connector,0,0,0,0.8708,1.0559
2026-03-18,PRD-058,sensor_module,0,0,0,0.8708,0.9334
2026-03-18,PRD-068,connector,4171,0,0,0.8708,1.0045
2026-03-18,PRD-032,connector,0,0,0,0.8708,1.0076
2026-03-18,PRD-066,metal_housing,0,0,0,0.8708,1.053
2026-03-18,PRD-017,metal_housing,0,0,0,0.8708,1.0149
2026-03-18,PRD-008,power_unit,0,0,0,0.8708,1.0495
2026-03-18,PRD-007,control_board,0,0,0,0.8708,1.0486
2026-03-18,PRD-035,sensor_module,0,0,0,0.8708,1.0176
2026-03-18,PRD-018,sensor_module,0,0,0,0.8708,0.9356
2026-03-18,PRD-013,industrial_switch,0,0,0,0.8708,0.9877
2026-03-18,PRD-075,industrial_switch,0,0,0,0.8708,0.973
2026-03-18,PRD-005,industrial_switch,0,0,0,0.8708,1.0283
2026-03-18,PRD-079,connector,0,0,0,0.8708,1.0542
2026-03-18,PRD-050,control_board,0,0,0,0.8708,1.0237
2026-03-18,PRD-071,connector,0,0,0,0.8708,0.9739
2026-03-18,PRD-063,industrial_switch,0,0,0,0.8708,0.9706
2026-03-19,PRD-058,sensor_module,6378,0,0,0.8687,1.0393
2026-03-19,PRD-063,industrial_switch,0,0,0,0.8687,0.9312
2026-03-19,PRD-030,sensor_module,0,0,0,0.8687,0.9709
2026-03-19,PRD-003,power_unit,0,0,0,0.8687,0.9597
2026-03-19,PRD-001,sensor_module,0,0,0,0.8687,1.0336
2026-03-19,PRD-079,connector,2324,0,0,0.8687,1.0012
2026-03-19,PRD-071,connector,0,0,0,0.8687,1.0685
2026-03-19,PRD-056,industrial_switch,0,0,0,0.8687,0.9747
2026-03-19,PRD-026,power_unit,0,0,0,0.8687,0.955
2026-03-19,PRD-024,connector,5892,0,0,0.8687,0.9737
2026-03-19,PRD-048,power_unit,0,0,0,0.8687,0.9671
2026-03-19,PRD-074,sensor_module,0,0,0,0.8687,0.9309
2026-03-19,PRD-018,sensor_module,0,0,0,0.8687,0.9301
2026-03-19,PRD-051,control_board,0,0,0,0.8687,0.9577
2026-03-19,PRD-006,sensor_module,0,0,0,0.8687,0.9487
2026-03-19,PRD-072,metal_housing,2153,0,0,0.8687,0.9869
2026-03-19,PRD-053,industrial_switch,0,0,0,0.8687,1.0365
2026-03-19,PRD-031,connector,0,0,0,0.8687,0.9954
2026-03-19,PRD-044,sensor_module,4323,0,0,0.8687,1.0695
2026-03-19,PRD-045,control_board,3899,0,0,0.8687,1.0592
2026-03-20,PRD-078,connector,0,0,0,0.8666,1.0338
2026-03-20,PRD-070,industrial_switch,0,0,0,0.8666,0.9533
2026-03-20,PRD-009,power_unit,0,0,0,0.8666,0.9989
2026-03-20,PRD-057,sensor_module,0,0,0,0.8666,1.0317
2026-03-20,PRD-064,power_unit,14885,0,0,0.8666,1.0668
2026-03-20,PRD-014,industrial_switch,0,0,0,0.8666,0.9857
2026-03-20,PRD-033,control_board,0,0,0,0.8666,1.0609
2026-03-20,PRD-028,industrial_switch,0,0,0,0.8666,0.9908
2026-03-20,PRD-026,power_unit,0,0,0,0.8666,0.9837
2026-03-20,PRD-001,sensor_module,0,0,0,0.8666,0.9626
2026-03-20,PRD-060,connector,0,0,0,0.8666,0.9319
2026-03-20,PRD-079,connector,0,0,0,0.8666,1.0693
2026-03-20,PRD-034,power_unit,0,0,0,0.8666,1.0406
2026-03-20,PRD-031,connector,3407,0,0,0.8666,0.9704
2026-03-20,PRD-055,power_unit,0,0,0,0.8666,0.9859
2026-03-20,PRD-053,industrial_switch,0,0,0,0.8666,1.0229
2026-03-20,PRD-027,power_unit,6061,0,0,0.8666,1.0262
2026-03-20,PRD-062,sensor_module,0,0,0,0.8666,1.0209
2026-03-20,PRD-074,sensor_module,7152,0,0,0.8666,1.039
2026-03-20,PRD-051,control_board,0,0,0,0.8666,1.0236
2026-03-21,PRD-028,industrial_switch,0,0,0,0.8645,0.95
2026-03-21,PRD-004,control_board,0,0,0,0.8645,0.9915
2026-03-21,PRD-079,connector,22150,0,0,0.8645,1.0398
2026-03-21,PRD-057,sensor_module,0,0,0,0.8645,1.0222
2026-03-21,PRD-036,connector,2142,0,0,0.8645,1.0168
2026-03-21,PRD-078,connector,2001,0,0,0.8645,1.0557
2026-03-21,PRD-053,industrial_switch,0,0,0,0.8645,0.9633
2026-03-21,PRD-009,power_unit,3014,0,0,0.8645,1.0238
2026-03-21,PRD-024,connector,3194,0,0,0.8645,0.9668
2026-03-21,PRD-080,metal_housing,0,0,0,0.8645,0.9628
2026-03-21,PRD-002,sensor_module,0,0,0,0.8645,1.0369
2026-03-21,PRD-052,metal_housing,1222,0,0,0.8645,0.988
2026-03-21,PRD-070,industrial_switch,5918,0,0,0.8645,0.9649
2026-03-21,PRD-015,industrial_switch,0,0,0,0.8645,0.935
2026-03-21,PRD-077,control_board,0,0,0,0.8645,0.9399
2026-03-21,PRD-058,sensor_module,3127,0,0,0.8645,0.9691
2026-03-21,PRD-040,control_board,0,0,0,0.8645,1.0344
2026-03-21,PRD-061,industrial_switch,0,0,0,0.8645,1.0566
2026-03-21,PRD-003,power_unit,0,0,0,0.8645,0.9457
2026-03-21,PRD-034,power_unit,0,0,0,0.8645,0.9337
2026-03-22,PRD-026,power_unit,0,0,0,0.8625,1.0545
2026-03-22,PRD-039,industrial_switch,0,0,0,0.8625,0.9608
2026-03-22,PRD-061,industrial_switch,0,0,0,0.8625,0.9827
2026-03-22,PRD-040,control_board,0,0,0,0.8625,1.029
2026-03-22,PRD-013,industrial_switch,0,0,0,0.8625,0.9791
2026-03-22,PRD-075,industrial_switch,2889,0,0,0.8625,1.0059
2026-03-22,PRD-055,power_unit,0,0,0,0.8625,1.0675
2026-03-22,PRD-030,sensor_module,4719,0,0,0.8625,1.0376
2026-03-22,PRD-063,industrial_switch,0,0,0,0.8625,0.9698
2026-03-22,PRD-001,sensor_module,0,0,0,0.8625,0.9608
2026-03-22,PRD-015,industrial_switch,0,0,0,0.8625,1.0366
2026-03-22,PRD-033,control_board,0,0,0,0.8625,1.0479
2026-03-22,PRD-062,sensor_module,0,0,0,0.8625,1.0214
2026-03-22,PRD-016,connector,0,0,0,0.8625,1.0496
2026-03-22,PRD-031,connector,8639,0,0,0.8625,1.0311
2026-03-22,PRD-011,industrial_switch,0,1,0,0.8625,0.9523
2026-03-22,PRD-035,sensor_module,0,0,0,0.8625,0.9442
2026-03-22,PRD-048,power_unit,0,0,0,0.8625,1.0366
2026-03-22,PRD-076,metal_housing,2495,0,0,0.8625,0.9953
2026-03-22,PRD-024,connector,2711,0,0,0.8625,0.9749
2026-03-23,PRD-057,sensor_module,0,0,0,0.8605,0.995
2026-03-23,PRD-034,power_unit,0,0,0,0.8605,1.0238
2026-03-23,PRD-063,industrial_switch,0,0,0,0.8605,1.0215
2026-03-23,PRD-035,sensor_module,1578,0,0,0.8605,0.982
2026-03-23,PRD-025,power_unit,7960,0,0,0.8605,1.0156
2026-03-23,PRD-028,industrial_switch,0,0,0,0.8605,1.0479
2026-03-23,PRD-077,control_board,0,0,0,0.8605,0.978
2026-03-23,PRD-051,control_board,11925,0,0,0.8605,1.0392
2026-03-23,PRD-041,control_board,0,0,0,0.8605,1.0633
2026-03-23,PRD-030,sensor_module,0,0,0,0.8605,1.0111
2026-03-23,PRD-065,connector,0,0,0,0.8605,0.9801
2026-03-23,PRD-037,control_board,0,0,0,0.8605,0.9795
2026-03-23,PRD-007,control_board,0,0,0,0.8605,0.9904
2026-03-23,PRD-062,sensor_module,0,0,0,0.8605,0.9423
2026-03-23,PRD-015,industrial_switch,0,0,0,0.8605,1.0119
2026-03-23,PRD-046,control_board,0,0,0,0.8605,1.0561
2026-03-23,PRD-020,control_board,1096,0,0,0.8605,0.9774
2026-03-23,PRD-064,power_unit,0,0,0,0.8605,1.0081
2026-03-23,PRD-012,connector,0,0,0,0.8605,1.0131
2026-03-23,PRD-003,power_unit,0,0,0,0.8605,1.0299
2026-03-24,PRD-062,sensor_module,0,0,0,0.8586,0.9973
2026-03-24,PRD-003,power_unit,0,0,0,0.8586,0.995
2026-03-24,PRD-008,power_unit,0,0,0,0.8586,0.9733
2026-03-24,PRD-019,control_board,23448,0,0,0.8586,0.9452
2026-03-24,PRD-071,connector,0,0,0,0.8586,0.9818
2026-03-24,PRD-060,connector,0,1,0,0.8586,0.9505
2026-03-24,PRD-064,power_unit,0,0,0,0.8586,0.9889
2026-03-24,PRD-020,control_board,0,0,0,0.8586,1.0319
2026-03-24,PRD-039,industrial_switch,18484,0,0,0.8586,0.9606
2026-03-24,PRD-041,control_board,0,0,0,0.8586,1.0553
2026-03-24,PRD-036,connector,0,0,0,0.8586,1.0462
2026-03-24,PRD-007,control_board,9456,0,0,0.8586,1.0106
2026-03-24,PRD-069,sensor_module,0,0,0,0.8586,0.9679
2026-03-24,PRD-056,industrial_switch,0,0,0,0.8586,1.0032
2026-03-24,PRD-055,power_unit,0,0,0,0.8586,1.0509
2026-03-24,PRD-044,sensor_module,0,0,0,0.8586,0.9447
2026-03-24,PRD-063,industrial_switch,0,0,0,0.8586,0.9759
2026-03-24,PRD-031,connector,0,0,0,0.8586,1.0528
2026-03-24,PRD-037,control_board,0,0,0,0.8586,0.9433
2026-03-24,PRD-017,metal_housing,0,0,0,0.8586,0.9741
2026-03-25,PRD-060,connector,0,0,0,0.8567,0.9931
2026-03-25,PRD-007,control_board,0,0,0,0.8567,1.0126
2026-03-25,PRD-063,industrial_switch,0,0,0,0.8567,0.9999
2026-03-25,PRD-076,metal_housing,2565,0,0,0.8567,1.0452
2026-03-25,PRD-033,control_board,5395,0,0,0.8567,1.0627
2026-03-25,PRD-041,control_board,0,0,0,0.8567,1.0478
2026-03-25,PRD-038,connector,0,0,0,0.8567,1.0525
2026-03-25,PRD-052,metal_housing,0,0,0,0.8567,0.9894
2026-03-25,PRD-034,power_unit,0,0,0,0.8567,1.024
2026-03-25,PRD-046,control_board,0,0,0,0.8567,0.9782
2026-03-25,PRD-071,connector,0,0,0,0.8567,1.0099
2026-03-25,PRD-068,connector,0,0,0,0.8567,0.9873
2026-03-25,PRD-080,metal_housing,5953,0,0,0.8567,1.0666
2026-03-25,PRD-013,industrial_switch,0,0,0,0.8567,1.0228
2026-03-25,PRD-026,power_unit,0,0,0,0.8567,0.9442
2026-03-25,PRD-079,connector,0,0,0,0.8567,1.0495
2026-03-25,PRD-044,sensor_module,0,0,0,0.8567,1.0148
2026-03-25,PRD-028,industrial_switch,4287,0,0,0.8567,0.9355
2026-03-25,PRD-062,sensor_module,0,0,0,0.8567,0.9882
2026-03-25,PRD-039,industrial_switch,0,0,0,0.8567,1.0529
2026-03-26,PRD-080,metal_housing,0,0,0,0.8548,0.9749
2026-03-26,PRD-014,industrial_switch,0,0,0,0.8548,0.9604
2026-03-26,PRD-020,control_board,0,0,0,0.8548,1.0084
2026-03-26,PRD-066,metal_housing,0,0,0,0.8548,1.0268
2026-03-26,PRD-078,connector,0,0,0,0.8548,0.9674
2026-03-26,PRD-047,metal_housing,0,0,0,0.8548,1.0231
2026-03-26,PRD-015,industrial_switch,0,0,0,0.8548,1.0641
2026-03-26,PRD-038,connector,4472,0,0,0.8548,1.0138
2026-03-26,PRD-052,metal_housing,0,0,0,0.8548,1.0452
2026-03-26,PRD-024,connector,0,0,0,0.8548,1.0275
2026-03-26,PRD-051,control_board,0,0,0,0.8548,1.0205
2026-03-26,PRD-059,control_board,19825,0,0,0.8548,0.9534
2026-03-26,PRD-044,sensor_module,0,0,0,0.8548,1.0234
2026-03-26,PRD-011,industrial_switch,0,0,0,0.8548,1.0337
2026-03-26,PRD-010,power_unit,4433,0,0,0.8548,0.9426
2026-03-26,PRD-017,metal_housing,3785,0,0,0.8548,1.0522
2026-03-26,PRD-075,industrial_switch,0,0,0,0.8548,1.0455
2026-03-26,PRD-079,connector,0,0,0,0.8548,0.9524
2026-03-26,PRD-072,metal_housing,10916,0,0,0.8548,0.9756
2026-03-26,PRD-021,power_unit,4816,0,0,0.8548,0.987
2026-03-27,PRD-055,power_unit,0,0,0,0.853,0.9427
2026-03-27,PRD-021,power_unit,0,0,0,0.853,0.9605
2026-03-27,PRD-058,sensor_module,1943,0,0,0.853,0.9449
2026-03-27,PRD-036,connector,0,0,0,0.853,0.9885
2026-03-27,PRD-059,control_board,0,0,0,0.853,0.9493
2026-03-27,PRD-066,metal_housing,2190,0,0,0.853,0.9537
2026-03-27,PRD-079,connector,0,0,0,0.853,0.9751
2026-03-27,PRD-052,metal_housing,0,0,0,0.853,0.9446
2026-03-27,PRD-068,connector,0,0,0,0.853,0.9527
2026-03-27,PRD-015,industrial_switch,0,0,0,0.853,0.9608
2026-03-27,PRD-041,control_board,0,0,0,0.853,1.0139
2026-03-27,PRD-020,control_board,0,0,0,0.853,0.9773
2026-03-27,PRD-013,industrial_switch,0,0,0,0.853,0.9312
2026-03-27,PRD-032,connector,0,0,0,0.853,0.9988
2026-03-27,PRD-010,power_unit,0,0,0,0.853,1.0362
2026-03-27,PRD-003,power_unit,7920,0,0,0.853,0.9318
2026-03-27,PRD-039,industrial_switch,0,0,0,0.853,0.9559
2026-03-27,PRD-047,metal_housing,0,0,0,0.853,0.9512
2026-03-27,PRD-001,sensor_module,0,0,0,0.853,0.9455
2026-03-27,PRD-062,sensor_module,0,0,0,0.853,1.0003
2026-03-28,PRD-077,control_board,0,0,0,0.8513,1.0231
2026-03-28,PRD-056,industrial_switch,0,0,0,0.8513,1.0282
2026-03-28,PRD-047,metal_housing,0,0,0,0.8513,0.9599
2026-03-28,PRD-027,power_unit,0,0,0,0.8513,1.0204
2026-03-28,PRD-080,metal_housing,0,0,0,0.8513,1.0376
2026-03-28,PRD-058,sensor_module,0,0,0,0.8513,1.038
2026-03-28,PRD-037,control_board,0,0,0,0.8513,1.0494
2026-03-28,PRD-028,industrial_switch,0,0,0,0.8513,1.0228
2026-03-28,PRD-041,control_board,0,0,0,0.8513,0.9914
2026-03-28,PRD-048,power_unit,0,0,0,0.8513,1.0447
2026-03-28,PRD-070,industrial_switch,0,0,0,0.8513,1.0537
2026-03-28,PRD-075,industrial_switch,0,1,0,0.8513,1.028
2026-03-28,PRD-061,industrial_switch,0,0,0,0.8513,0.9646
2026-03-28,PRD-021,power_unit,0,0,0,0.8513,0.9395
2026-03-28,PRD-001,sensor_module,0,0,0,0.8513,1.0115
2026-03-28,PRD-078,connector,0,0,0,0.8513,0.9722
2026-03-28,PRD-038,connector,0,0,0,0.8513,1.0573
2026-03-28,PRD-054,power_unit,3245,0,0,0.8513,1.0375
2026-03-28,PRD-007,control_board,0,0,0,0.8513,0.9831
2026-03-28,PRD-045,control_board,0,0,0,0.8513,1.0029
2026-03-29,PRD-073,connector,0,0,1,0.8495,0.9699
2026-03-29,PRD-069,sensor_module,0,0,1,0.8495,0.9891
2026-03-29,PRD-008,power_unit,0,0,1,0.8495,1.0259
2026-03-29,PRD-037,control_board,0,0,1,0.8495,1.0018
2026-03-29,PRD-051,control_board,0,0,1,0.8495,0.9468
2026-03-29,PRD-007,control_board,0,0,1,0.8495,0.968
2026-03-29,PRD-043,industrial_switch,0,0,1,0.8495,1.0692
2026-03-29,PRD-048,power_unit,0,0,1,0.8495,0.9762
2026-03-29,PRD-079,connector,2093,0,1,0.8495,1.0392
2026-03-29,PRD-041,control_board,0,0,1,0.8495,0.9847
2026-03-29,PRD-005,industrial_switch,0,0,1,0.8495,0.9763
2026-03-29,PRD-004,control_board,0,0,1,0.8495,1.0321
2026-03-29,PRD-067,sensor_module,0,0,1,0.8495,0.9354
2026-03-29,PRD-057,sensor_module,8630,0,1,0.8495,1.0021
2026-03-29,PRD-035,sensor_module,0,0,1,0.8495,0.9621
2026-03-29,PRD-044,sensor_module,0,0,1,0.8495,0.9755
2026-03-29,PRD-016,connector,0,0,1,0.8495,0.936
2026-03-29,PRD-071,connector,0,0,1,0.8495,1.0442
2026-03-29,PRD-056,industrial_switch,0,0,1,0.8495,0.9894
2026-03-29,PRD-032,connector,0,0,1,0.8495,0.9922
2026-03-30,PRD-012,connector,0,0,0,0.8479,0.9566
2026-03-30,PRD-027,power_unit,0,0,0,0.8479,1.0205
2026-03-30,PRD-074,sensor_module,0,0,0,0.8479,0.9801
2026-03-30,PRD-035,sensor_module,0,0,0,0.8479,1.0437
2026-03-30,PRD-029,connector,0,0,0,0.8479,1.0075
2026-03-30,PRD-046,control_board,0,0,0,0.8479,0.9895
2026-03-30,PRD-050,control_board,0,0,0,0.8479,1.0105
2026-03-30,PRD-033,control_board,0,0,0,0.8479,0.9497
2026-03-30,PRD-072,metal_housing,0,0,0,0.8479,0.9819
2026-03-30,PRD-068,connector,0,0,0,0.8479,0.9352
2026-03-30,PRD-069,sensor_module,0,0,0,0.8479,0.9648
2026-03-30,PRD-075,industrial_switch,0,0,0,0.8479,1.0643
2026-03-30,PRD-048,power_unit,0,0,0,0.8479,1.041
2026-03-30,PRD-071,connector,0,0,0,0.8479,1.0633
2026-03-30,PRD-026,power_unit,0,0,0,0.8479,0.9766
2026-03-30,PRD-056,industrial_switch,0,0,0,0.8479,1.0567
2026-03-30,PRD-023,power_unit,0,0,0,0.8479,1.0669
2026-03-30,PRD-011,industrial_switch,0,0,0,0.8479,1.0184
2026-03-30,PRD-013,industrial_switch,12330,0,0,0.8479,1.0586
2026-03-30,PRD-060,connector,0,0,0,0.8479,1.0479
2026-03-31,PRD-022,industrial_switch,0,0,0,0.8462,0.957
2026-03-31,PRD-074,sensor_module,0,0,0,0.8462,1.0643
2026-03-31,PRD-040,control_board,0,0,0,0.8462,1.0448
2026-03-31,PRD-079,connector,0,1,0,0.8462,1.0172
2026-03-31,PRD-007,control_board,0,0,0,0.8462,0.9511
2026-03-31,PRD-025,power_unit,0,0,0,0.8462,0.9914
2026-03-31,PRD-043,industrial_switch,12071,0,0,0.8462,0.9562
2026-03-31,PRD-030,sensor_module,0,0,0,0.8462,1.0285
2026-03-31,PRD-061,industrial_switch,0,0,0,0.8462,0.9685
2026-03-31,PRD-015,industrial_switch,8655,0,0,0.8462,0.9427
2026-03-31,PRD-021,power_unit,0,0,0,0.8462,0.9647
2026-03-31,PRD-071,connector,0,0,0,0.8462,1.0606
2026-03-31,PRD-012,connector,0,0,0,0.8462,0.9563
2026-03-31,PRD-057,sensor_module,0,0,0,0.8462,0.9362
2026-03-31,PRD-029,connector,0,0,0,0.8462,1.0666
2026-03-31,PRD-050,control_board,0,0,0,0.8462,1.0094
2026-03-31,PRD-035,sensor_module,1034,0,0,0.8462,1.0281
2026-03-31,PRD-064,power_unit,0,0,0,0.8462,0.9443
2026-03-31,PRD-024,connector,0,0,0,0.8462,0.978
2026-03-31,PRD-014,industrial_switch,0,0,0,0.8462,1.0263
2026-04-01,PRD-034,power_unit,0,0,0,0.8446,0.9589
2026-04-01,PRD-038,connector,4462,0,0,0.8446,1.009
2026-04-01,PRD-067,sensor_module,0,0,0,0.8446,0.9398
2026-04-01,PRD-013,industrial_switch,13609,0,0,0.8446,0.939
2026-04-01,PRD-055,power_unit,0,0,0,0.8446,1.0081
2026-04-01,PRD-056,industrial_switch,0,0,0,0.8446,0.9759
2026-04-01,PRD-079,connector,0,0,0,0.8446,0.9761
2026-04-01,PRD-058,sensor_module,0,0,0,0.8446,0.9534
2026-04-01,PRD-066,metal_housing,0,0,0,0.8446,1.0233
2026-04-01,PRD-045,control_board,0,1,0,0.8446,0.9521
2026-04-01,PRD-018,sensor_module,0,0,0,0.8446,1.0584
2026-04-01,PRD-043,industrial_switch,0,0,0,0.8446,0.9661
2026-04-01,PRD-040,control_board,0,0,0,0.8446,0.958
2026-04-01,PRD-070,industrial_switch,0,0,0,0.8446,1.0145
2026-04-01,PRD-002,sensor_module,0,0,0,0.8446,0.9625
2026-04-01,PRD-075,industrial_switch,0,0,0,0.8446,0.9475
2026-04-01,PRD-019,control_board,0,0,0,0.8446,1.0558
2026-04-01,PRD-065,connector,4545,0,0,0.8446,0.9319
2026-04-01,PRD-047,metal_housing,4935,0,0,0.8446,1.0457
2026-04-01,PRD-017,metal_housing,0,0,0,0.8446,1.0568
2026-04-02,PRD-056,industrial_switch,0,0,0,0.8431,1.0332
2026-04-02,PRD-017,metal_housing,0,0,0,0.8431,0.9384
2026-04-02,PRD-057,sensor_module,4466,0,0,0.8431,1.0563
2026-04-02,PRD-035,sensor_module,0,0,0,0.8431,0.9338
2026-04-02,PRD-064,power_unit,18461,0,0,0.8431,0.9479
2026-04-02,PRD-075,industrial_switch,0,0,0,0.8431,0.9397
2026-04-02,PRD-030,sensor_module,0,0,0,0.8431,0.9609
2026-04-02,PRD-045,control_board,0,0,0,0.8431,1.02
2026-04-02,PRD-008,power_unit,2567,0,0,0.8431,0.9329
2026-04-02,PRD-046,control_board,0,0,0,0.8431,0.9359
2026-04-02,PRD-020,control_board,0,0,0,0.8431,1.0526
2026-04-02,PRD-028,industrial_switch,2474,0,0,0.8431,0.9349
2026-04-02,PRD-041,control_board,10718,0,0,0.8431,0.9422
2026-04-02,PRD-078,connector,0,0,0,0.8431,1.0022
2026-04-02,PRD-044,sensor_module,0,0,0,0.8431,0.9905
2026-04-02,PRD-074,sensor_module,0,0,0,0.8431,1.0433
2026-04-02,PRD-004,control_board,0,0,0,0.8431,0.9941
2026-04-02,PRD-070,industrial_switch,0,0,0,0.8431,0.9494
2026-04-02,PRD-029,connector,1525,0,0,0.8431,0.9793
2026-04-02,PRD-027,power_unit,0,0,0,0.8431,0.9776
2026-04-03,PRD-018,sensor_module,0,0,0,0.8416,1.0204
2026-04-03,PRD-067,sensor_module,0,0,0,0.8416,0.9588
2026-04-03,PRD-019,control_board,4203,0,0,0.8416,0.9942
2026-04-03,PRD-046,control_board,0,0,0,0.8416,0.9499
2026-04-03,PRD-056,industrial_switch,0,0,0,0.8416,1.03
2026-04-03,PRD-013,industrial_switch,0,0,0,0.8416,0.9592
2026-04-03,PRD-042,connector,5821,0,0,0.8416,1.0222
2026-04-03,PRD-036,connector,0,0,0,0.8416,0.9671
2026-04-03,PRD-051,control_board,0,0,0,0.8416,1.0128
2026-04-03,PRD-007,control_board,0,0,0,0.8416,0.9962
2026-04-03,PRD-066,metal_housing,1418,0,0,0.8416,1.0451
2026-04-03,PRD-012,connector,2663,0,0,0.8416,0.9395
2026-04-03,PRD-062,sensor_module,3823,0,0,0.8416,0.973
2026-04-03,PRD-079,connector,0,0,0,0.8416,1.0447
2026-04-03,PRD-035,sensor_module,0,0,0,0.8416,1.0308
2026-04-03,PRD-022,industrial_switch,0,0,0,0.8416,0.9783
2026-04-03,PRD-002,sensor_module,0,0,0,0.8416,1.0146
2026-04-03,PRD-043,industrial_switch,0,0,0,0.8416,0.9704
2026-04-03,PRD-037,control_board,9791,0,0,0.8416,1.0421
2026-04-03,PRD-016,connector,0,0,0,0.8416,1.0491
2026-04-04,PRD-060,connector,0,0,0,0.8401,1.0238
2026-04-04,PRD-061,industrial_switch,0,1,0,0.8401,0.9313
2026-04-04,PRD-066,metal_housing,0,0,0,0.8401,0.9471
2026-04-04,PRD-036,connector,0,0,0,0.8401,1.0619
2026-04-04,PRD-013,industrial_switch,0,0,0,0.8401,0.9311
2026-04-04,PRD-006,sensor_module,0,0,0,0.8401,1.0161
2026-04-04,PRD-052,metal_housing,0,0,0,0.8401,0.9531
2026-04-04,PRD-005,industrial_switch,0,0,0,0.8401,0.9854
2026-04-04,PRD-034,power_unit,0,0,0,0.8401,0.9484
2026-04-04,PRD-035,sensor_module,0,0,0,0.8401,1.0012
2026-04-04,PRD-008,power_unit,0,0,0,0.8401,0.981
2026-04-04,PRD-044,sensor_module,0,0,0,0.8401,0.9575
2026-04-04,PRD-030,sensor_module,0,1,0,0.8401,1.0387
2026-04-04,PRD-011,industrial_switch,0,0,0,0.8401,1.0648
2026-04-04,PRD-058,sensor_module,0,0,0,0.8401,1.0286
2026-04-04,PRD-076,metal_housing,0,0,0,0.8401,0.9836
2026-04-04,PRD-042,connector,0,0,0,0.8401,1.0331
2026-04-04,PRD-043,industrial_switch,8009,0,0,0.8401,0.9808
2026-04-04,PRD-077,control_board,2149,0,0,0.8401,0.9982
2026-04-04,PRD-039,industrial_switch,0,0,0,0.8401,0.9307
2026-04-05,PRD-063,industrial_switch,0,0,0,0.8387,1.0568
2026-04-05,PRD-016,connector,0,0,0,0.8387,1.007
2026-04-05,PRD-039,industrial_switch,0,0,0,0.8387,0.9982
2026-04-05,PRD-068,connector,0,0,0,0.8387,1.0211
2026-04-05,PRD-014,industrial_switch,0,0,0,0.8387,1.0657
2026-04-05,PRD-062,sensor_module,0,0,0,0.8387,0.9975
2026-04-05,PRD-044,sensor_module,4203,0,0,0.8387,1.0611
2026-04-05,PRD-079,connector,0,0,0,0.8387,1.0026
2026-04-05,PRD-008,power_unit,0,0,0,0.8387,0.9625
2026-04-05,PRD-031,connector,0,0,0,0.8387,0.982
2026-04-05,PRD-040,control_board,0,0,0,0.8387,0.981
2026-04-05,PRD-049,power_unit,0,0,0,0.8387,1.0065
2026-04-05,PRD-011,industrial_switch,0,0,0,0.8387,1.004
2026-04-05,PRD-058,sensor_module,0,0,0,0.8387,1.035
2026-04-05,PRD-067,sensor_module,14833,1,0,0.8387,1.0297
2026-04-05,PRD-053,industrial_switch,0,0,0,0.8387,1.0639
2026-04-05,PRD-037,control_board,0,0,0,0.8387,0.9842
2026-04-05,PRD-013,industrial_switch,0,0,0,0.8387,0.9956
2026-04-05,PRD-060,connector,3357,0,0,0.8387,0.9369
2026-04-05,PRD-024,connector,0,0,0,0.8387,0.9306
2026-04-06,PRD-037,control_board,0,0,0,0.8374,0.9773
2026-04-06,PRD-020,control_board,0,0,0,0.8374,1.0192
2026-04-06,PRD-029,connector,0,0,0,0.8374,1.0499
2026-04-06,PRD-048,power_unit,0,0,0,0.8374,0.9471
2026-04-06,PRD-047,metal_housing,0,0,0,0.8374,0.9904
2026-04-06,PRD-080,metal_housing,0,0,0,0.8374,0.938
2026-04-06,PRD-004,control_board,0,0,0,0.8374,1.0239
2026-04-06,PRD-043,industrial_switch,0,0,0,0.8374,0.9623
2026-04-06,PRD-056,industrial_switch,0,0,0,0.8374,1.0081
2026-04-06,PRD-024,connector,0,0,0,0.8374,0.9523
2026-04-06,PRD-010,power_unit,2990,0,0,0.8374,1.0083
2026-04-06,PRD-053,industrial_switch,0,0,0,0.8374,0.9653
2026-04-06,PRD-055,power_unit,0,0,0,0.8374,1.0507
2026-04-06,PRD-065,connector,0,0,0,0.8374,0.9766
2026-04-06,PRD-041,control_board,0,0,0,0.8374,1.054
2026-04-06,PRD-003,power_unit,0,0,0,0.8374,1.0195
2026-04-06,PRD-009,power_unit,0,0,0,0.8374,1.0438
2026-04-06,PRD-031,connector,0,0,0,0.8374,0.9607
2026-04-06,PRD-063,industrial_switch,0,0,0,0.8374,0.9964
2026-04-06,PRD-011,industrial_switch,0,0,0,0.8374,0.931
2026-04-07,PRD-017,metal_housing,0,0,0,0.8361,1.0697
2026-04-07,PRD-048,power_unit,0,0,0,0.8361,0.9392
2026-04-07,PRD-005,industrial_switch,0,0,0,0.8361,1.0345
2026-04-07,PRD-058,sensor_module,0,0,0,0.8361,0.9319
2026-04-07,PRD-023,power_unit,0,0,0,0.8361,1.0433
2026-04-07,PRD-061,industrial_switch,0,1,0,0.8361,0.9744
2026-04-07,PRD-055,power_unit,0,0,0,0.8361,1.0268
2026-04-07,PRD-038,connector,0,0,0,0.8361,1.0641
2026-04-07,PRD-045,control_board,0,0,0,0.8361,0.9864
2026-04-07,PRD-037,control_board,3912,0,0,0.8361,1.0079
2026-04-07,PRD-036,connector,0,0,0,0.8361,0.9408
2026-04-07,PRD-043,industrial_switch,0,1,0,0.8361,0.9659
2026-04-07,PRD-066,metal_housing,6100,0,0,0.8361,0.9869
2026-04-07,PRD-028,industrial_switch,0,0,0,0.8361,1.0288
2026-04-07,PRD-021,power_unit,0,0,0,0.8361,1.0061
2026-04-07,PRD-008,power_unit,0,0,0,0.8361,1.0043
2026-04-07,PRD-078,connector,0,0,0,0.8361,1.0122
2026-04-07,PRD-057,sensor_module,0,0,0,0.8361,0.9865
2026-04-07,PRD-047,metal_housing,0,0,0,0.8361,0.9554
2026-04-07,PRD-026,power_unit,0,0,0,0.8361,0.9953
2026-04-08,PRD-012,connector,0,0,0,0.8348,1.0046
2026-04-08,PRD-015,industrial_switch,0,0,0,0.8348,1.0504
2026-04-08,PRD-013,industrial_switch,0,0,0,0.8348,1.0081
2026-04-08,PRD-027,power_unit,3354,0,0,0.8348,0.9977
2026-04-08,PRD-004,control_board,0,0,0,0.8348,1.0511
2026-04-08,PRD-032,connector,0,0,0,0.8348,0.9626
2026-04-08,PRD-067,sensor_module,0,0,0,0.8348,0.9545
2026-04-08,PRD-020,control_board,0,0,0,0.8348,0.9641
2026-04-08,PRD-075,industrial_switch,0,0,0,0.8348,1.0593
2026-04-08,PRD-046,control_board,0,0,0,0.8348,0.9658
2026-04-08,PRD-034,power_unit,0,0,0,0.8348,1.0335
2026-04-08,PRD-016,connector,0,0,0,0.8348,0.9689
2026-04-08,PRD-044,sensor_module,0,0,0,0.8348,0.9656
2026-04-08,PRD-079,connector,0,0,0,0.8348,1.0296
2026-04-08,PRD-080,metal_housing,0,0,0,0.8348,1.0656
2026-04-08,PRD-053,industrial_switch,0,0,0,0.8348,0.9508
2026-04-08,PRD-038,connector,0,0,0,0.8348,0.9649
2026-04-08,PRD-014,industrial_switch,0,0,0,0.8348,0.967
2026-04-08,PRD-072,metal_housing,9474,0,0,0.8348,0.9922
2026-04-08,PRD-047,metal_housing,0,0,0,0.8348,1.0412
2026-04-09,PRD-008,power_unit,0,0,0,0.8336,0.9421
2026-04-09,PRD-034,power_unit,0,0,0,0.8336,1.0687
2026-04-09,PRD-009,power_unit,1293,0,0,0.8336,0.9907
2026-04-09,PRD-041,control_board,3634,0,0,0.8336,0.9996
2026-04-09,PRD-030,sensor_module,0,0,0,0.8336,0.9923
2026-04-09,PRD-066,metal_housing,0,0,0,0.8336,1.0597
2026-04-09,PRD-014,industrial_switch,0,0,0,0.8336,0.9885
2026-04-09,PRD-064,power_unit,0,0,0,0.8336,0.9595
2026-04-09,PRD-027,power_unit,1515,0,0,0.8336,0.9637
2026-04-09,PRD-005,industrial_switch,0,0,0,0.8336,0.9454
2026-04-09,PRD-078,connector,0,0,0,0.8336,1.0678
2026-04-09,PRD-079,connector,0,0,0,0.8336,1.0677
2026-04-09,PRD-020,control_board,0,0,0,0.8336,0.9376
2026-04-09,PRD-046,control_board,0,0,0,0.8336,0.962
2026-04-09,PRD-058,sensor_module,0,0,0,0.8336,1.0699
2026-04-09,PRD-023,power_unit,0,0,0,0.8336,0.9487
2026-04-09,PRD-073,connector,0,0,0,0.8336,1.0062
2026-04-09,PRD-019,control_board,0,0,0,0.8336,1.0643
2026-04-09,PRD-032,connector,0,0,0,0.8336,1.0159
2026-04-09,PRD-047,metal_housing,0,0,0,0.8336,1.0627
2026-04-10,PRD-044,sensor_module,7828,0,0,0.8325,1.0205
2026-04-10,PRD-055,power_unit,0,0,0,0.8325,0.9769
2026-04-10,PRD-024,connector,0,0,0,0.8325,1.0694
2026-04-10,PRD-057,sensor_module,0,0,0,0.8325,1.0382
2026-04-10,PRD-018,sensor_module,0,0,0,0.8325,0.9933
2026-04-10,PRD-051,control_board,0,0,0,0.8325,0.9379
2026-04-10,PRD-007,control_board,0,0,0,0.8325,0.9395
2026-04-10,PRD-059,control_board,0,0,0,0.8325,1.0331
2026-04-10,PRD-010,power_unit,0,0,0,0.8325,1.0452
2026-04-10,PRD-060,connector,0,0,0,0.8325,0.9758
2026-04-10,PRD-042,connector,0,0,0,0.8325,1.0432
2026-04-10,PRD-058,sensor_module,1816,0,0,0.8325,0.9793
2026-04-10,PRD-043,industrial_switch,2931,1,0,0.8325,1.0006
2026-04-10,PRD-073,connector,0,0,0,0.8325,1.0328
2026-04-10,PRD-011,industrial_switch,0,0,0,0.8325,0.945
2026-04-10,PRD-063,industrial_switch,5785,0,0,0.8325,1.0321
2026-04-10,PRD-070,industrial_switch,0,0,0,0.8325,1.0016
2026-04-10,PRD-062,sensor_module,0,0,0,0.8325,0.9848
2026-04-10,PRD-052,metal_housing,0,0,0,0.8325,0.959
2026-04-10,PRD-041,control_board,3459,0,0,0.8325,1.0447
2026-04-11,PRD-077,control_board,0,0,0,0.8314,0.9885
2026-04-11,PRD-036,connector,0,0,0,0.8314,1.0586
2026-04-11,PRD-014,industrial_switch,0,0,0,0.8314,1.0453
2026-04-11,PRD-006,sensor_module,0,0,0,0.8314,1.042
2026-04-11,PRD-013,industrial_switch,1514,0,0,0.8314,1.0098
2026-04-11,PRD-056,industrial_switch,0,0,0,0.8314,1.051
2026-04-11,PRD-017,metal_housing,0,0,0,0.8314,1.0471
2026-04-11,PRD-080,metal_housing,0,0,0,0.8314,0.9572
2026-04-11,PRD-022,industrial_switch,0,0,0,0.8314,1.0184
2026-04-11,PRD-019,control_board,0,0,0,0.8314,1.0611
2026-04-11,PRD-009,power_unit,0,0,0,0.8314,0.9573
2026-04-11,PRD-057,sensor_module,0,0,0,0.8314,1.0636
2026-04-11,PRD-026,power_unit,0,0,0,0.8314,1.0519
2026-04-11,PRD-049,power_unit,0,0,0,0.8314,1.0073
2026-04-11,PRD-048,power_unit,0,0,0,0.8314,1.0215
2026-04-11,PRD-007,control_board,0,0,0,0.8314,1.0299
2026-04-11,PRD-020,control_board,0,0,0,0.8314,0.9385
2026-04-11,PRD-070,industrial_switch,0,0,0,0.8314,0.9927
2026-04-11,PRD-052,metal_housing,0,0,0,0.8314,1.0271
2026-04-11,PRD-044,sensor_module,0,0,0,0.8314,0.967
2026-04-12,PRD-079,connector,1573,0,0,0.8303,1.0423
2026-04-12,PRD-016,connector,2023,0,0,0.8303,0.9431
2026-04-12,PRD-006,sensor_module,2438,0,0,0.8303,1.0331
2026-04-12,PRD-004,control_board,0,0,0,0.8303,1.0587
2026-04-12,PRD-014,industrial_switch,0,0,0,0.8303,1.0666
2026-04-12,PRD-057,sensor_module,0,0,0,0.8303,1.0475
2026-04-12,PRD-055,power_unit,0,0,0,0.8303,1.0208
2026-04-12,PRD-059,control_board,5314,0,0,0.8303,1.0147
2026-04-12,PRD-023,power_unit,4408,0,0,0.8303,0.9324
2026-04-12,PRD-047,metal_housing,0,0,0,0.8303,0.957
2026-04-12,PRD-041,control_board,0,0,0,0.8303,1.0528
2026-04-12,PRD-054,power_unit,0,0,0,0.8303,1.0571
2026-04-12,PRD-065,connector,0,0,0,0.8303,0.9309
2026-04-12,PRD-077,control_board,0,0,0,0.8303,0.995
2026-04-12,PRD-063,industrial_switch,3610,0,0,0.8303,0.9724
2026-04-12,PRD-010,power_unit,0,0,0,0.8303,0.9884
2026-04-12,PRD-019,control_board,0,0,0,0.8303,1.0682
2026-04-12,PRD-005,industrial_switch,0,1,0,0.8303,1.0221
2026-04-12,PRD-078,connector,0,1,0,0.8303,0.9767
2026-04-12,PRD-074,sensor_module,0,0,0,0.8303,1.0485
2026-04-13,PRD-067,sensor_module,5639,0,0,0.8293,0.9958
2026-04-13,PRD-059,control_board,0,0,0,0.8293,0.9456
2026-04-13,PRD-061,industrial_switch,0,0,0,0.8293,1.0387
2026-04-13,PRD-073,connector,0,0,0,0.8293,1.0335
2026-04-13,PRD-029,connector,0,0,0,0.8293,0.9444
2026-04-13,PRD-071,connector,0,0,0,0.8293,0.9929
2026-04-13,PRD-048,power_unit,0,0,0,0.8293,0.9343
2026-04-13,PRD-051,control_board,0,0,0,0.8293,0.9648
2026-04-13,PRD-015,industrial_switch,0,0,0,0.8293,0.9681
2026-04-13,PRD-003,power_unit,0,0,0,0.8293,0.9761
2026-04-13,PRD-057,sensor_module,0,0,0,0.8293,1.0667
2026-04-13,PRD-007,control_board,0,0,0,0.8293,0.9778
2026-04-13,PRD-017,metal_housing,0,0,0,0.8293,1.0171
2026-04-13,PRD-013,industrial_switch,0,0,0,0.8293,0.9684
2026-04-13,PRD-072,metal_housing,0,0,0,0.8293,0.9983
2026-04-13,PRD-080,metal_housing,2847,0,0,0.8293,0.9639
2026-04-13,PRD-032,connector,0,0,0,0.8293,0.9365
2026-04-13,PRD-054,power_unit,0,0,0,0.8293,0.9778
2026-04-13,PRD-060,connector,0,0,0,0.8293,0.95
2026-04-13,PRD-068,connector,0,0,0,0.8293,1.005
2026-04-14,PRD-034,power_unit,0,0,0,0.8283,0.9949
2026-04-14,PRD-046,control_board,0,0,0,0.8283,0.9353
2026-04-14,PRD-021,power_unit,0,0,0,0.8283,1.0133
2026-04-14,PRD-017,metal_housing,0,0,0,0.8283,1.0687
2026-04-14,PRD-010,power_unit,0,0,0,0.8283,1.0639
2026-04-14,PRD-068,connector,0,0,0,0.8283,0.9874
2026-04-14,PRD-079,connector,0,0,0,0.8283,1.0384
2026-04-14,PRD-049,power_unit,0,0,0,0.8283,0.9358
2026-04-14,PRD-035,sensor_module,5218,0,0,0.8283,1.0103
2026-04-14,PRD-069,sensor_module,0,0,0,0.8283,1.0505
2026-04-14,PRD-036,connector,0,0,0,0.8283,1.0664
2026-04-14,PRD-050,control_board,0,0,0,0.8283,0.9319
2026-04-14,PRD-051,control_board,0,0,0,0.8283,1.0309
2026-04-14,PRD-030,sensor_module,0,0,0,0.8283,1.0042
2026-04-14,PRD-059,control_board,0,0,0,0.8283,0.9426
2026-04-14,PRD-006,sensor_module,0,0,0,0.8283,0.9821
2026-04-14,PRD-052,metal_housing,0,0,0,0.8283,0.9564
2026-04-14,PRD-029,connector,0,0,0,0.8283,1.0607
2026-04-14,PRD-011,industrial_switch,0,0,0,0.8283,0.9429
2026-04-14,PRD-063,industrial_switch,0,0,0,0.8283,0.9413
2026-04-15,PRD-035,sensor_module,0,0,0,0.8274,1.0396
2026-04-15,PRD-008,power_unit,0,0,0,0.8274,0.9617
2026-04-15,PRD-051,control_board,0,0,0,0.8274,1.042
2026-04-15,PRD-010,power_unit,0,0,0,0.8274,1.0307
2026-04-15,PRD-005,industrial_switch,0,0,0,0.8274,0.9862
2026-04-15,PRD-009,power_unit,0,0,0,0.8274,0.9619
2026-04-15,PRD-079,connector,0,0,0,0.8274,1.0156
2026-04-15,PRD-076,metal_housing,0,0,0,0.8274,1.0078
2026-04-15,PRD-036,connector,0,0,0,0.8274,1.0513
2026-04-15,PRD-018,sensor_module,3508,0,0,0.8274,0.9816
2026-04-15,PRD-026,power_unit,0,0,0,0.8274,0.9345
2026-04-15,PRD-027,power_unit,0,0,0,0.8274,0.9808
2026-04-15,PRD-019,control_board,0,0,0,0.8274,0.9582
2026-04-15,PRD-002,sensor_module,0,0,0,0.8274,0.9482
2026-04-15,PRD-064,power_unit,0,0,0,0.8274,0.9588
2026-04-15,PRD-014,industrial_switch,0,0,0,0.8274,1.0138
2026-04-15,PRD-032,connector,0,0,0,0.8274,1.0242
2026-04-15,PRD-075,industrial_switch,0,1,0,0.8274,1.0009
2026-04-15,PRD-052,metal_housing,0,0,0,0.8274,0.9967
2026-04-15,PRD-072,metal_housing,0,0,0,0.8274,1.0676
2026-04-16,PRD-049,power_unit,5351,0,0,0.8266,1.0107
2026-04-16,PRD-015,industrial_switch,0,0,0,0.8266,1.0125
2026-04-16,PRD-037,control_board,0,0,0,0.8266,0.9443
2026-04-16,PRD-051,control_board,0,1,0,0.8266,1.0321
2026-04-16,PRD-019,control_board,0,0,0,0.8266,0.9488
2026-04-16,PRD-030,sensor_module,0,0,0,0.8266,1.0329
2026-04-16,PRD-034,power_unit,0,0,0,0.8266,1.0695
2026-04-16,PRD-003,power_unit,1053,0,0,0.8266,0.9689
2026-04-16,PRD-070,industrial_switch,0,0,0,0.8266,0.9547
2026-04-16,PRD-020,control_board,0,0,0,0.8266,1.0077
2026-04-16,PRD-064,power_unit,0,0,0,0.8266,0.9533
2026-04-16,PRD-011,industrial_switch,0,0,0,0.8266,1.0507
2026-04-16,PRD-061,industrial_switch,0,0,0,0.8266,0.9503
2026-04-16,PRD-048,power_unit,0,0,0,0.8266,0.9857
2026-04-16,PRD-063,industrial_switch,0,0,0,0.8266,1.0043
2026-04-16,PRD-067,sensor_module,3030,0,0,0.8266,0.9588
2026-04-16,PRD-008,power_unit,0,0,0,0.8266,1.0103
2026-04-16,PRD-036,connector,0,0,0,0.8266,1.025
2026-04-16,PRD-071,connector,0,0,0,0.8266,0.987
2026-04-16,PRD-004,control_board,6763,0,0,0.8266,1.0639
2026-04-17,PRD-016,connector,0,0,0,0.8258,1.0387
2026-04-17,PRD-033,control_board,0,0,0,0.8258,1.0605
2026-04-17,PRD-002,sensor_module,0,0,0,0.8258,1.0662
2026-04-17,PRD-075,industrial_switch,0,0,0,0.8258,1.0369
2026-04-17,PRD-042,connector,12112,0,0,0.8258,1.0279
2026-04-17,PRD-052,metal_housing,0,0,0,0.8258,1.0534
2026-04-17,PRD-048,power_unit,0,0,0,0.8258,0.9719
2026-04-17,PRD-056,industrial_switch,0,0,0,0.8258,1.0154
2026-04-17,PRD-060,connector,0,0,0,0.8258,1.0075
2026-04-17,PRD-025,power_unit,0,0,0,0.8258,0.9427
2026-04-17,PRD-017,metal_housing,0,0,0,0.8258,1.0109
2026-04-17,PRD-031,connector,0,0,0,0.8258,0.9887
2026-04-17,PRD-030,sensor_module,12022,0,0,0.8258,1.0098
2026-04-17,PRD-020,control_board,0,0,0,0.8258,0.9991
2026-04-17,PRD-028,industrial_switch,0,0,0,0.8258,0.9841
2026-04-17,PRD-039,industrial_switch,0,0,0,0.8258,0.9387
2026-04-17,PRD-036,connector,0,0,0,0.8258,1.0684
2026-04-17,PRD-027,power_unit,0,0,0,0.8258,1.0216
2026-04-17,PRD-045,control_board,0,1,0,0.8258,0.9828
2026-04-17,PRD-021,power_unit,0,0,0,0.8258,0.9891
2026-04-18,PRD-050,control_board,0,0,0,0.825,1.0168
2026-04-18,PRD-053,industrial_switch,0,0,0,0.825,0.9663
2026-04-18,PRD-046,control_board,0,0,0,0.825,0.9816
2026-04-18,PRD-047,metal_housing,6850,0,0,0.825,0.9467
2026-04-18,PRD-069,sensor_module,0,0,0,0.825,1.0081
2026-04-18,PRD-005,industrial_switch,0,0,0,0.825,0.9365
2026-04-18,PRD-029,connector,0,0,0,0.825,1.0217
2026-04-18,PRD-016,connector,0,0,0,0.825,0.9342
2026-04-18,PRD-011,industrial_switch,0,0,0,0.825,0.9978
2026-04-18,PRD-014,industrial_switch,0,0,0,0.825,1.0237
2026-04-18,PRD-008,power_unit,0,0,0,0.825,0.9546
2026-04-18,PRD-001,sensor_module,6105,0,0,0.825,0.9748
2026-04-18,PRD-060,connector,0,0,0,0.825,0.9996
2026-04-18,PRD-063,industrial_switch,2477,0,0,0.825,1.0298
2026-04-18,PRD-076,metal_housing,3103,0,0,0.825,1.0689
2026-04-18,PRD-061,industrial_switch,0,0,0,0.825,0.9361
2026-04-18,PRD-009,power_unit,2425,0,0,0.825,0.9492
2026-04-18,PRD-057,sensor_module,0,0,0,0.825,1.0324
2026-04-18,PRD-036,connector,0,0,0,0.825,0.9783
2026-04-18,PRD-006,sensor_module,0,0,0,0.825,0.9661
2026-04-19,PRD-053,industrial_switch,0,0,0,0.8243,1.0005
2026-04-19,PRD-055,power_unit,8289,0,0,0.8243,1.0104
2026-04-19,PRD-051,control_board,0,0,0,0.8243,1.0539
2026-04-19,PRD-004,control_board,0,0,0,0.8243,1.0678
2026-04-19,PRD-010,power_unit,0,0,0,0.8243,1.002
2026-04-19,PRD-052,metal_housing,0,0,0,0.8243,1.0347
2026-04-19,PRD-080,metal_housing,10462,0,0,0.8243,1.0603
2026-04-19,PRD-068,connector,4321,0,0,0.8243,0.9898
2026-04-19,PRD-029,connector,0,0,0,0.8243,1.0103
2026-04-19,PRD-026,power_unit,0,0,0,0.8243,1.0323
2026-04-19,PRD-028,industrial_switch,0,0,0,0.8243,0.9705
2026-04-19,PRD-027,power_unit,17442,0,0,0.8243,1.0509
2026-04-19,PRD-061,industrial_switch,0,0,0,0.8243,0.9376
2026-04-19,PRD-002,sensor_module,0,0,0,0.8243,0.9548
2026-04-19,PRD-042,connector,0,0,0,0.8243,1.0088
2026-04-19,PRD-017,metal_housing,0,0,0,0.8243,1.0427
2026-04-19,PRD-065,connector,5496,0,0,0.8243,0.9468
2026-04-19,PRD-049,power_unit,0,0,0,0.8243,0.9957
2026-04-19,PRD-070,industrial_switch,2445,0,0,0.8243,0.9939
2026-04-19,PRD-048,power_unit,0,0,0,0.8243,1.0577
2026-04-20,PRD-055,power_unit,0,0,0,0.8237,0.9574
2026-04-20,PRD-011,industrial_switch,0,0,0,0.8237,0.9372
2026-04-20,PRD-057,sensor_module,0,0,0,0.8237,1.0597
2026-04-20,PRD-061,industrial_switch,0,0,0,0.8237,1.0669
2026-04-20,PRD-031,connector,0,0,0,0.8237,1.0012
2026-04-20,PRD-076,metal_housing,0,0,0,0.8237,1.0283
2026-04-20,PRD-037,control_board,0,0,0,0.8237,1.0181
2026-04-20,PRD-024,connector,0,0,0,0.8237,1.0204
2026-04-20,PRD-056,industrial_switch,0,0,0,0.8237,1.023
2026-04-20,PRD-062,sensor_module,4953,0,0,0.8237,1.0687
2026-04-20,PRD-032,connector,0,0,0,0.8237,1.0654
2026-04-20,PRD-052,metal_housing,0,0,0,0.8237,0.9615
2026-04-20,PRD-051,control_board,0,0,0,0.8237,0.9437
2026-04-20,PRD-021,power_unit,0,0,0,0.8237,0.9332
2026-04-20,PRD-020,control_board,0,0,0,0.8237,1.044
2026-04-20,PRD-048,power_unit,0,0,0,0.8237,0.9877
2026-04-20,PRD-080,metal_housing,0,0,0,0.8237,0.9642
2026-04-20,PRD-017,metal_housing,0,0,0,0.8237,1.0636
2026-04-20,PRD-019,control_board,0,0,0,0.8237,1.0637
2026-04-20,PRD-074,sensor_module,5746,0,0,0.8237,0.9822
2026-04-21,PRD-076,metal_housing,1777,0,0,0.8231,1.0277
2026-04-21,PRD-026,power_unit,0,0,0,0.8231,0.9828
2026-04-21,PRD-077,control_board,0,0,0,0.8231,1.0383
2026-04-21,PRD-037,control_board,0,0,0,0.8231,1.0045
2026-04-21,PRD-042,connector,0,0,0,0.8231,0.9716
2026-04-21,PRD-020,control_board,0,1,0,0.8231,1.0006
2026-04-21,PRD-047,metal_housing,8962,0,0,0.8231,1.0579
2026-04-21,PRD-072,metal_housing,5438,0,0,0.8231,0.9801
2026-04-21,PRD-044,sensor_module,0,0,0,0.8231,0.9344
2026-04-21,PRD-006,sensor_module,0,0,0,0.8231,1.0018
2026-04-21,PRD-012,connector,0,0,0,0.8231,0.9591
2026-04-21,PRD-010,power_unit,12612,0,0,0.8231,0.9447
2026-04-21,PRD-013,industrial_switch,0,0,0,0.8231,0.9548
2026-04-21,PRD-080,metal_housing,0,0,0,0.8231,0.9931
2026-04-21,PRD-009,power_unit,0,0,0,0.8231,1.0567
2026-04-21,PRD-002,sensor_module,0,0,0,0.8231,1.0215
2026-04-21,PRD-018,sensor_module,0,0,0,0.8231,1.0471
2026-04-21,PRD-069,sensor_module,0,0,0,0.8231,1.0601
2026-04-21,PRD-049,power_unit,0,0,0,0.8231,0.9909
2026-04-21,PRD-043,industrial_switch,0,0,0,0.8231,1.0157
2026-04-22,PRD-077,control_board,0,0,0,0.8225,0.9836
2026-04-22,PRD-079,connector,0,0,0,0.8225,0.9919
2026-04-22,PRD-011,industrial_switch,6194,0,0,0.8225,1.0559
2026-04-22,PRD-039,industrial_switch,0,0,0,0.8225,0.9393
2026-04-22,PRD-046,control_board,0,0,0,0.8225,0.9621
2026-04-22,PRD-030,sensor_module,0,0,0,0.8225,0.9431
2026-04-22,PRD-066,metal_housing,3151,0,0,0.8225,1.0352
2026-04-22,PRD-071,connector,0,0,0,0.8225,1.0323
2026-04-22,PRD-080,metal_housing,0,0,0,0.8225,0.9848
2026-04-22,PRD-015,industrial_switch,0,0,0,0.8225,0.9498
2026-04-22,PRD-034,power_unit,5936,0,0,0.8225,1.0063
2026-04-22,PRD-068,connector,3772,0,0,0.8225,0.9693
2026-04-22,PRD-006,sensor_module,0,0,0,0.8225,1.0347
2026-04-22,PRD-020,control_board,0,0,0,0.8225,0.9715
2026-04-22,PRD-064,power_unit,3437,0,0,0.8225,1.0582
2026-04-22,PRD-078,connector,0,0,0,0.8225,1.0128
2026-04-22,PRD-056,industrial_switch,0,0,0,0.8225,0.9865
2026-04-22,PRD-026,power_unit,0,0,0,0.8225,1.0031
2026-04-22,PRD-061,industrial_switch,0,0,0,0.8225,0.9831
2026-04-22,PRD-073,connector,0,0,0,0.8225,0.9708
2026-04-23,PRD-006,sensor_module,2704,0,0,0.822,1.0671
2026-04-23,PRD-032,connector,8347,0,0,0.822,0.9735
2026-04-23,PRD-023,power_unit,0,0,0,0.822,0.9445
2026-04-23,PRD-073,connector,0,0,0,0.822,1.0418
2026-04-23,PRD-041,control_board,0,0,0,0.822,0.9432
2026-04-23,PRD-040,control_board,4418,0,0,0.822,1.0643
2026-04-23,PRD-011,industrial_switch,0,0,0,0.822,1.0068
2026-04-23,PRD-046,control_board,0,0,0,0.822,1.0157
2026-04-23,PRD-019,control_board,0,1,0,0.822,0.9951
2026-04-23,PRD-051,control_board,2458,0,0,0.822,1.027
2026-04-23,PRD-024,connector,0,0,0,0.822,0.9772
2026-04-23,PRD-078,connector,6586,0,0,0.822,0.9529
2026-04-23,PRD-050,control_board,0,0,0,0.822,0.9343
2026-04-23,PRD-044,sensor_module,0,0,0,0.822,0.9909
2026-04-23,PRD-037,control_board,0,0,0,0.822,1.0166
2026-04-23,PRD-043,industrial_switch,0,0,0,0.822,0.9648
2026-04-23,PRD-003,power_unit,0,0,0,0.822,1.0645
2026-04-23,PRD-002,sensor_module,0,0,0,0.822,1.0349
2026-04-23,PRD-077,control_board,0,0,0,0.822,1.0691
2026-04-23,PRD-020,control_board,3622,0,0,0.822,0.9916
2026-04-24,PRD-027,power_unit,0,0,0,0.8216,0.9464
2026-04-24,PRD-002,sensor_module,0,0,0,0.8216,1.0632
2026-04-24,PRD-079,connector,0,0,0,0.8216,1.0056
2026-04-24,PRD-053,industrial_switch,4835,0,0,0.8216,1.031
2026-04-24,PRD-017,metal_housing,12466,0,0,0.8216,0.9559
2026-04-24,PRD-075,industrial_switch,0,0,0,0.8216,1.0448
2026-04-24,PRD-025,power_unit,0,0,0,0.8216,1.0495
2026-04-24,PRD-006,sensor_module,0,0,0,0.8216,0.9993
2026-04-24,PRD-052,metal_housing,0,0,0,0.8216,1.0552
2026-04-24,PRD-050,control_board,0,0,0,0.8216,0.9438
2026-04-24,PRD-037,control_board,1969,0,0,0.8216,0.9321
2026-04-24,PRD-016,connector,0,0,0,0.8216,1.0679
2026-04-24,PRD-067,sensor_module,0,0,0,0.8216,0.9433
2026-04-24,PRD-032,connector,0,0,0,0.8216,1.0011
2026-04-24,PRD-044,sensor_module,0,1,0,0.8216,1.052
2026-04-24,PRD-023,power_unit,2356,0,0,0.8216,0.9433
2026-04-24,PRD-060,connector,0,0,0,0.8216,1.0521
2026-04-24,PRD-005,industrial_switch,0,0,0,0.8216,0.9745
2026-04-24,PRD-024,connector,0,0,0,0.8216,1.0082
2026-04-24,PRD-042,connector,0,0,0,0.8216,0.9572
2026-04-25,PRD-061,industrial_switch,0,0,0,0.8212,0.9959
2026-04-25,PRD-052,metal_housing,6881,0,0,0.8212,0.9586
2026-04-25,PRD-008,power_unit,0,0,0,0.8212,0.9605
2026-04-25,PRD-076,metal_housing,0,0,0,0.8212,1.0619
2026-04-25,PRD-044,sensor_module,920,0,0,0.8212,1.0091
2026-04-25,PRD-080,metal_housing,0,0,0,0.8212,1.0131
2026-04-25,PRD-007,control_board,0,0,0,0.8212,1.0463
2026-04-25,PRD-030,sensor_module,0,0,0,0.8212,1.0366
2026-04-25,PRD-039,industrial_switch,0,0,0,0.8212,0.9648
2026-04-25,PRD-033,control_board,0,0,0,0.8212,0.9319
2026-04-25,PRD-068,connector,0,0,0,0.8212,0.969
2026-04-25,PRD-067,sensor_module,2867,0,0,0.8212,0.9359
2026-04-25,PRD-004,control_board,0,0,0,0.8212,1.0006
2026-04-25,PRD-001,sensor_module,3711,1,0,0.8212,1.0467
2026-04-25,PRD-032,connector,0,0,0,0.8212,0.9348
2026-04-25,PRD-011,industrial_switch,0,1,0,0.8212,0.9417
2026-04-25,PRD-073,connector,0,0,0,0.8212,1.0637
2026-04-25,PRD-056,industrial_switch,0,0,0,0.8212,1.0511
2026-04-25,PRD-002,sensor_module,0,0,0,0.8212,0.9594
2026-04-25,PRD-051,control_board,0,0,0,0.8212,1.0293
2026-04-26,PRD-066,metal_housing,0,0,0,0.8209,1.0162
2026-04-26,PRD-056,industrial_switch,0,0,0,0.8209,0.9533
2026-04-26,PRD-046,control_board,0,0,0,0.8209,1.0179
2026-04-26,PRD-030,sensor_module,0,0,0,0.8209,1.0194
2026-04-26,PRD-036,connector,0,0,0,0.8209,1.0638
2026-04-26,PRD-071,connector,0,0,0,0.8209,0.9846
2026-04-26,PRD-047,metal_housing,0,0,0,0.8209,1.0036
2026-04-26,PRD-076,metal_housing,0,0,0,0.8209,0.9822
2026-04-26,PRD-074,sensor_module,0,0,0,0.8209,0.9319
2026-04-26,PRD-072,metal_housing,0,0,0,0.8209,1.0361
2026-04-26,PRD-059,control_board,1440,0,0,0.8209,0.9413
2026-04-26,PRD-054,power_unit,0,0,0,0.8209,1.0365
2026-04-26,PRD-025,power_unit,0,0,0,0.8209,1.0692
2026-04-26,PRD-015,industrial_switch,0,0,0,0.8209,1.027
2026-04-26,PRD-045,control_board,0,0,0,0.8209,0.9324
2026-04-26,PRD-024,connector,4908,0,0,0.8209,0.9417
2026-04-26,PRD-044,sensor_module,0,0,0,0.8209,0.9733
2026-04-26,PRD-041,control_board,0,0,0,0.8209,0.9968
2026-04-26,PRD-005,industrial_switch,2990,0,0,0.8209,0.9719
2026-04-26,PRD-068,connector,802,0,0,0.8209,1.0066
2026-04-27,PRD-009,power_unit,0,0,1,0.8206,0.9806
2026-04-27,PRD-030,sensor_module,0,0,1,0.8206,1.023
2026-04-27,PRD-023,power_unit,0,0,1,0.8206,1.0448
2026-04-27,PRD-061,industrial_switch,0,0,1,0.8206,1.0345
2026-04-27,PRD-068,connector,0,0,1,0.8206,0.9889
2026-04-27,PRD-063,industrial_switch,0,0,1,0.8206,0.9763
2026-04-27,PRD-042,connector,6263,0,1,0.8206,0.9603
2026-04-27,PRD-031,connector,0,0,1,0.8206,0.9823
2026-04-27,PRD-035,sensor_module,2995,0,1,0.8206,0.9871
2026-04-27,PRD-080,metal_housing,1469,0,1,0.8206,1.0518
2026-04-27,PRD-057,sensor_module,0,0,1,0.8206,1.0433
2026-04-27,PRD-037,control_board,0,0,1,0.8206,0.9785
2026-04-27,PRD-059,control_board,0,0,1,0.8206,0.9589
2026-04-27,PRD-075,industrial_switch,0,0,1,0.8206,0.9684
2026-04-27,PRD-016,connector,0,0,1,0.8206,1.0002
2026-04-27,PRD-076,metal_housing,0,0,1,0.8206,0.9742
2026-04-27,PRD-072,metal_housing,0,0,1,0.8206,1.0554
2026-04-27,PRD-065,connector,2572,0,1,0.8206,1.0014
2026-04-27,PRD-025,power_unit,3055,0,1,0.8206,1.0278
2026-04-27,PRD-017,metal_housing,0,0,1,0.8206,1.0531
2026-04-28,PRD-032,connector,0,0,0,0.8204,0.9519
2026-04-28,PRD-018,sensor_module,0,0,0,0.8204,0.9434
2026-04-28,PRD-003,power_unit,0,0,0,0.8204,1.0335
2026-04-28,PRD-053,industrial_switch,2444,0,0,0.8204,1.0568
2026-04-28,PRD-031,connector,0,0,0,0.8204,0.9785
2026-04-28,PRD-044,sensor_module,0,0,0,0.8204,1.0345
2026-04-28,PRD-057,sensor_module,4927,0,0,0.8204,0.9359
2026-04-28,PRD-077,control_board,0,0,0,0.8204,0.9743
2026-04-28,PRD-043,industrial_switch,0,0,0,0.8204,0.9887
2026-04-28,PRD-013,industrial_switch,4567,0,0,0.8204,1.0506
2026-04-28,PRD-042,connector,0,0,0,0.8204,1.0053
2026-04-28,PRD-006,sensor_module,0,0,0,0.8204,1.061
2026-04-28,PRD-071,connector,0,0,0,0.8204,0.9447
2026-04-28,PRD-034,power_unit,0,0,0,0.8204,0.9665
2026-04-28,PRD-028,industrial_switch,0,0,0,0.8204,1.0008
2026-04-28,PRD-078,connector,0,0,0,0.8204,0.9848
2026-04-28,PRD-062,sensor_module,0,0,0,0.8204,1.0051
2026-04-28,PRD-008,power_unit,3937,0,0,0.8204,1.0223
2026-04-28,PRD-037,control_board,0,0,0,0.8204,1.0228
2026-04-28,PRD-012,connector,3636,0,0,0.8204,0.9814
2026-04-29,PRD-069,sensor_module,0,0,0,0.8202,1.0017
2026-04-29,PRD-062,sensor_module,0,0,0,0.8202,1.0243
2026-04-29,PRD-071,connector,0,0,0,0.8202,1.0444
2026-04-29,PRD-079,connector,0,0,0,0.8202,0.9552
2026-04-29,PRD-066,metal_housing,0,0,0,0.8202,0.9575
2026-04-29,PRD-001,sensor_module,0,0,0,0.8202,0.9691
2026-04-29,PRD-034,power_unit,0,0,0,0.8202,1.0387
2026-04-29,PRD-031,connector,0,0,0,0.8202,0.9453
2026-04-29,PRD-078,connector,0,0,0,0.8202,0.9327
2026-04-29,PRD-028,industrial_switch,0,0,0,0.8202,0.9498
2026-04-29,PRD-020,control_board,0,0,0,0.8202,0.9989
2026-04-29,PRD-052,metal_housing,0,0,0,0.8202,1.042
2026-04-29,PRD-050,control_board,11443,0,0,0.8202,0.9922
2026-04-29,PRD-054,power_unit,0,1,0,0.8202,0.9783
2026-04-29,PRD-008,power_unit,0,0,0,0.8202,0.9547
2026-04-29,PRD-044,sensor_module,2020,0,0,0.8202,1.0691
2026-04-29,PRD-041,control_board,0,0,0,0.8202,0.9353
2026-04-29,PRD-035,sensor_module,3792,0,0,0.8202,0.9926
2026-04-29,PRD-053,industrial_switch,0,0,0,0.8202,0.9708
2026-04-29,PRD-075,industrial_switch,0,0,0,0.8202,1.0627
2026-04-30,PRD-007,control_board,0,0,0,0.8201,1.031
2026-04-30,PRD-006,sensor_module,0,0,0,0.8201,1.0135
2026-04-30,PRD-035,sensor_module,0,0,0,0.8201,0.961
2026-04-30,PRD-016,connector,10051,0,0,0.8201,0.9818
2026-04-30,PRD-064,power_unit,0,0,0,0.8201,1.0699
2026-04-30,PRD-004,control_board,5905,0,0,0.8201,1.0638
2026-04-30,PRD-061,industrial_switch,5236,0,0,0.8201,0.9811
2026-04-30,PRD-060,connector,0,0,0,0.8201,1.051
2026-04-30,PRD-055,power_unit,0,0,0,0.8201,0.9729
2026-04-30,PRD-078,connector,0,0,0,0.8201,0.988
2026-04-30,PRD-054,power_unit,13920,0,0,0.8201,1.0207
2026-04-30,PRD-046,control_board,0,0,0,0.8201,0.952
2026-04-30,PRD-003,power_unit,0,0,0,0.8201,1.0505
2026-04-30,PRD-071,connector,0,0,0,0.8201,1.0525
2026-04-30,PRD-074,sensor_module,2242,0,0,0.8201,1.0164
2026-04-30,PRD-005,industrial_switch,0,0,0,0.8201,0.9316
2026-04-30,PRD-012,connector,0,0,0,0.8201,0.9516
2026-04-30,PRD-068,connector,0,0,0,0.8201,0.9427
2026-04-30,PRD-049,power_unit,0,0,0,0.8201,1.0598
2026-04-30,PRD-045,control_board,0,0,0,0.8201,1.0113
2026-05-01,PRD-018,sensor_module,8723,0,0,0.82,0.993
2026-05-01,PRD-009,power_unit,4542,0,0,0.82,1.0309
2026-05-01,PRD-020,control_board,0,0,0,0.82,1.0317
2026-05-01,PRD-042,connector,1493,0,0,0.82,1.0587
2026-05-01,PRD-029,connector,4491,0,0,0.82,0.9448
2026-05-01,PRD-044,sensor_module,0,0,0,0.82,0.9802
2026-05-01,PRD-012,connector,0,0,0,0.82,0.9608
2026-05-01,PRD-023,power_unit,8330,0,0,0.82,1.0107
2026-05-01,PRD-041,control_board,0,0,0,0.82,0.939
2026-05-01,PRD-063,industrial_switch,0,0,0,0.82,0.9755
2026-05-01,PRD-028,industrial_switch,0,0,0,0.82,0.9966
2026-05-01,PRD-024,connector,0,0,0,0.82,1.0573
2026-05-01,PRD-062,sensor_module,16409,0,0,0.82,1.0592
2026-05-01,PRD-043,industrial_switch,0,0,0,0.82,0.9995
2026-05-01,PRD-066,metal_housing,684,0,0,0.82,1.0323
2026-05-01,PRD-022,industrial_switch,0,0,0,0.82,1.009
2026-05-01,PRD-072,metal_housing,0,0,0,0.82,1.0325
2026-05-01,PRD-078,connector,0,1,0,0.82,1.0435
2026-05-01,PRD-027,power_unit,3096,0,0,0.82,1.0249
2026-05-01,PRD-005,industrial_switch,0,0,0,0.82,0.9627
2026-05-02,PRD-037,control_board,0,0,0,0.82,1.0224
2026-05-02,PRD-064,power_unit,0,0,0,0.82,0.9361
2026-05-02,PRD-049,power_unit,0,0,0,0.82,0.9695
2026-05-02,PRD-060,connector,0,0,0,0.82,0.9706
2026-05-02,PRD-065,connector,0,0,0,0.82,0.9692
2026-05-02,PRD-026,power_unit,0,0,0,0.82,0.9578
2026-05-02,PRD-073,connector,0,0,0,0.82,0.9847
2026-05-02,PRD-053,industrial_switch,0,0,0,0.82,0.9979
2026-05-02,PRD-044,sensor_module,0,0,0,0.82,1.0407
2026-05-02,PRD-020,control_board,4771,0,0,0.82,1.0229
2026-05-02,PRD-078,connector,2178,0,0,0.82,0.9345
2026-05-02,PRD-009,power_unit,10077,0,0,0.82,1.0439
2026-05-02,PRD-063,industrial_switch,0,0,0,0.82,0.9522
2026-05-02,PRD-062,sensor_module,6531,0,0,0.82,0.9307
2026-05-02,PRD-025,power_unit,0,0,0,0.82,1.013
2026-05-02,PRD-034,power_unit,0,0,0,0.82,1.0678
2026-05-02,PRD-006,sensor_module,0,0,0,0.82,1.0577
2026-05-02,PRD-027,power_unit,0,0,0,0.82,1.0429
2026-05-02,PRD-008,power_unit,0,0,0,0.82,0.9354
2026-05-02,PRD-001,sensor_module,1355,0,0,0.82,1.0247
2026-05-03,PRD-025,power_unit,0,0,0,0.82,1.0668
2026-05-03,PRD-018,sensor_module,5515,0,0,0.82,1.0219
2026-05-03,PRD-061,industrial_switch,5100,0,0,0.82,0.9599
2026-05-03,PRD-059,control_board,0,0,0,0.82,1.0075
2026-05-03,PRD-023,power_unit,0,0,0,0.82,0.954
2026-05-03,PRD-071,connector,0,0,0,0.82,0.9526
2026-05-03,PRD-019,control_board,1670,0,0,0.82,0.9418
2026-05-03,PRD-020,control_board,0,0,0,0.82,0.9405
2026-05-03,PRD-014,industrial_switch,0,0,0,0.82,0.9429
2026-05-03,PRD-066,metal_housing,0,0,0,0.82,0.9383
2026-05-03,PRD-035,sensor_module,0,0,0,0.82,1.037
2026-05-03,PRD-016,connector,0,0,0,0.82,0.963
2026-05-03,PRD-075,industrial_switch,0,0,0,0.82,1.0456
2026-05-03,PRD-022,industrial_switch,0,0,0,0.82,1.0126
2026-05-03,PRD-051,control_board,0,0,0,0.82,1.008
2026-05-03,PRD-080,metal_housing,0,0,0,0.82,1.0651
2026-05-03,PRD-042,connector,0,0,0,0.82,0.9418
2026-05-03,PRD-049,power_unit,0,0,0,0.82,0.962
2026-05-03,PRD-060,connector,0,0,0,0.82,0.9498
2026-05-03,PRD-044,sensor_module,0,0,0,0.82,1.0432
2026-05-04,PRD-028,industrial_switch,0,0,0,0.8201,1.0309
2026-05-04,PRD-012,connector,0,0,0,0.8201,1.0416
2026-05-04,PRD-062,sensor_module,0,0,0,0.8201,1.009
2026-05-04,PRD-010,power_unit,955,0,0,0.8201,0.9624
2026-05-04,PRD-040,control_board,0,0,0,0.8201,1.0432
2026-05-04,PRD-071,connector,0,0,0,0.8201,1.0179
2026-05-04,PRD-064,power_unit,2406,0,0,0.8201,1.041
2026-05-04,PRD-049,power_unit,5808,0,0,0.8201,1.0021
2026-05-04,PRD-080,metal_housing,0,0,0,0.8201,0.9364
2026-05-04,PRD-056,industrial_switch,0,0,0,0.8201,1.04
2026-05-04,PRD-069,sensor_module,0,0,0,0.8201,0.9798
2026-05-04,PRD-038,connector,0,0,0,0.8201,1.067
2026-05-04,PRD-011,industrial_switch,0,0,0,0.8201,0.9474
2026-05-04,PRD-021,power_unit,3086,0,0,0.8201,0.9392
2026-05-04,PRD-006,sensor_module,0,0,0,0.8201,1.0063
2026-05-04,PRD-031,connector,0,0,0,0.8201,1.0112
2026-05-04,PRD-025,power_unit,0,0,0,0.8201,0.9508
2026-05-04,PRD-034,power_unit,0,1,0,0.8201,1.012
2026-05-04,PRD-029,connector,0,0,0,0.8201,0.9924
2026-05-04,PRD-058,sensor_module,0,0,0,0.8201,1.0541
2026-05-05,PRD-041,control_board,0,0,0,0.8203,1.0349
2026-05-05,PRD-030,sensor_module,0,0,0,0.8203,1.0455
2026-05-05,PRD-032,connector,0,0,0,0.8203,1.0519
2026-05-05,PRD-063,industrial_switch,0,1,0,0.8203,0.9959
2026-05-05,PRD-001,sensor_module,0,0,0,0.8203,0.9924
2026-05-05,PRD-016,connector,0,0,0,0.8203,0.935
2026-05-05,PRD-008,power_unit,0,1,0,0.8203,0.9626
2026-05-05,PRD-018,sensor_module,3043,0,0,0.8203,0.9872
2026-05-05,PRD-036,connector,0,0,0,0.8203,0.9455
2026-05-05,PRD-077,control_board,0,0,0,0.8203,0.9498
2026-05-05,PRD-048,power_unit,0,0,0,0.8203,0.9886
2026-05-05,PRD-073,connector,0,0,0,0.8203,0.9703
2026-05-05,PRD-060,connector,0,0,0,0.8203,1.0092
2026-05-05,PRD-065,connector,0,0,0,0.8203,0.9743
2026-05-05,PRD-055,power_unit,0,0,0,0.8203,0.9885
2026-05-05,PRD-010,power_unit,0,1,0,0.8203,0.9623
2026-05-05,PRD-014,industrial_switch,0,0,0,0.8203,0.9518
2026-05-05,PRD-054,power_unit,0,0,0,0.8203,0.9561
2026-05-05,PRD-019,control_board,0,0,0,0.8203,1.0239
2026-05-05,PRD-025,power_unit,0,0,0,0.8203,1.0426
2026-05-06,PRD-016,connector,0,0,0,0.8205,0.9637
2026-05-06,PRD-064,power_unit,0,0,0,0.8205,1.0658
2026-05-06,PRD-021,power_unit,2628,0,0,0.8205,0.9848
2026-05-06,PRD-031,connector,0,0,0,0.8205,1.0268
2026-05-06,PRD-007,control_board,0,0,0,0.8205,1.0051
2026-05-06,PRD-002,sensor_module,0,0,0,0.8205,0.9561
2026-05-06,PRD-045,control_board,3059,0,0,0.8205,1.0013
2026-05-06,PRD-038,connector,0,0,0,0.8205,1.0306
2026-05-06,PRD-013,industrial_switch,0,0,0,0.8205,0.9523
2026-05-06,PRD-023,power_unit,0,0,0,0.8205,1.0131
2026-05-06,PRD-070,industrial_switch,16228,0,0,0.8205,0.9404
2026-05-06,PRD-028,industrial_switch,0,0,0,0.8205,1.0586
2026-05-06,PRD-072,metal_housing,0,0,0,0.8205,0.9568
2026-05-06,PRD-036,connector,0,0,0,0.8205,1.0589
2026-05-06,PRD-010,power_unit,0,0,0,0.8205,1.0215
2026-05-06,PRD-032,connector,0,0,0,0.8205,1.0275
2026-05-06,PRD-056,industrial_switch,8149,0,0,0.8205,0.9971
2026-05-06,PRD-049,power_unit,0,1,0,0.8205,0.9863
2026-05-06,PRD-026,power_unit,0,0,0,0.8205,1.0547
2026-05-06,PRD-042,connector,1418,1,0,0.8205,0.9942
2026-05-07,PRD-016,connector,0,0,0,0.8207,1.0308
2026-05-07,PRD-073,connector,0,0,0,0.8207,0.9751
2026-05-07,PRD-047,metal_housing,0,0,0,0.8207,0.9806
2026-05-07,PRD-069,sensor_module,0,0,0,0.8207,1.0095
2026-05-07,PRD-063,industrial_switch,0,0,0,0.8207,0.9566
2026-05-07,PRD-079,connector,0,0,0,0.8207,0.9891
2026-05-07,PRD-031,connector,17443,0,0,0.8207,1.0635
2026-05-07,PRD-080,metal_housing,0,0,0,0.8207,0.9986
2026-05-07,PRD-041,control_board,0,0,0,0.8207,0.9749
2026-05-07,PRD-022,industrial_switch,0,0,0,0.8207,1.0088
2026-05-07,PRD-019,control_board,0,0,0,0.8207,1.0296
2026-05-07,PRD-002,sensor_module,0,0,0,0.8207,1.0155
2026-05-07,PRD-023,power_unit,6062,0,0,0.8207,1.0211
2026-05-07,PRD-009,power_unit,0,0,0,0.8207,1.0547
2026-05-07,PRD-037,control_board,0,0,0,0.8207,0.9342
2026-05-07,PRD-020,control_board,0,0,0,0.8207,0.9377
2026-05-07,PRD-017,metal_housing,0,0,0,0.8207,1.016
2026-05-07,PRD-004,control_board,0,0,0,0.8207,1.0622
2026-05-07,PRD-024,connector,4436,0,0,0.8207,0.9934
2026-05-07,PRD-072,metal_housing,4567,0,0,0.8207,0.9785
2026-05-08,PRD-010,power_unit,0,0,1,0.821,1.0395
2026-05-08,PRD-008,power_unit,3833,0,1,0.821,0.9366
2026-05-08,PRD-059,control_board,0,0,1,0.821,1.0448
2026-05-08,PRD-063,industrial_switch,0,0,1,0.821,0.9476
2026-05-08,PRD-060,connector,0,0,1,0.821,0.9776
2026-05-08,PRD-055,power_unit,0,0,1,0.821,0.9615
2026-05-08,PRD-036,connector,5208,0,1,0.821,0.9788
2026-05-08,PRD-062,sensor_module,0,0,1,0.821,1.0163
2026-05-08,PRD-051,control_board,0,0,1,0.821,1.0018
2026-05-08,PRD-080,metal_housing,0,0,1,0.821,0.9508
2026-05-08,PRD-052,metal_housing,0,0,1,0.821,0.9429
2026-05-08,PRD-030,sensor_module,0,0,1,0.821,0.9341
2026-05-08,PRD-025,power_unit,0,0,1,0.821,0.951
2026-05-08,PRD-074,sensor_module,1302,0,1,0.821,1.038
2026-05-08,PRD-075,industrial_switch,0,0,1,0.821,0.954
2026-05-08,PRD-009,power_unit,0,1,1,0.821,1.0497
2026-05-08,PRD-054,power_unit,0,0,1,0.821,0.9659
2026-05-08,PRD-022,industrial_switch,0,0,1,0.821,0.9944
2026-05-08,PRD-043,industrial_switch,0,0,1,0.821,0.975
2026-05-08,PRD-035,sensor_module,0,0,1,0.821,1.0131
2026-05-09,PRD-075,industrial_switch,0,0,0,0.8214,0.986
2026-05-09,PRD-037,control_board,0,0,0,0.8214,0.9881
2026-05-09,PRD-007,control_board,0,0,0,0.8214,1.0508
2026-05-09,PRD-055,power_unit,0,0,0,0.8214,0.9701
2026-05-09,PRD-002,sensor_module,0,0,0,0.8214,0.9916
2026-05-09,PRD-003,power_unit,0,0,0,0.8214,1.0207
2026-05-09,PRD-006,sensor_module,0,1,0,0.8214,0.9933
2026-05-09,PRD-047,metal_housing,11101,0,0,0.8214,0.9934
2026-05-09,PRD-074,sensor_module,0,0,0,0.8214,1.0626
2026-05-09,PRD-064,power_unit,0,0,0,0.8214,0.9308
2026-05-09,PRD-028,industrial_switch,3597,0,0,0.8214,0.9456
2026-05-09,PRD-070,industrial_switch,0,0,0,0.8214,0.9708
2026-05-09,PRD-058,sensor_module,0,0,0,0.8214,1.0021
2026-05-09,PRD-046,control_board,0,0,0,0.8214,1.0451
2026-05-09,PRD-027,power_unit,5961,0,0,0.8214,1.0658
2026-05-09,PRD-068,connector,0,0,0,0.8214,1.0413
2026-05-09,PRD-067,sensor_module,0,0,0,0.8214,1.0488
2026-05-09,PRD-023,power_unit,0,0,0,0.8214,1.0655
2026-05-09,PRD-008,power_unit,0,0,0,0.8214,0.9685
2026-05-09,PRD-063,industrial_switch,0,0,0,0.8214,0.9844
2026-05-10,PRD-071,connector,0,0,0,0.8218,1.0566
2026-05-10,PRD-048,power_unit,0,1,0,0.8218,1.045
2026-05-10,PRD-003,power_unit,0,0,0,0.8218,0.9677
2026-05-10,PRD-024,connector,0,0,0,0.8218,1.0366
2026-05-10,PRD-046,control_board,0,0,0,0.8218,0.9311
2026-05-10,PRD-027,power_unit,0,0,0,0.8218,0.9347
2026-05-10,PRD-004,control_board,0,0,0,0.8218,0.9645
2026-05-10,PRD-077,control_board,6800,0,0,0.8218,0.943
2026-05-10,PRD-039,industrial_switch,0,0,0,0.8218,0.9831
2026-05-10,PRD-060,connector,4003,0,0,0.8218,0.9717
2026-05-10,PRD-035,sensor_module,0,0,0,0.8218,1.0352
2026-05-10,PRD-025,power_unit,0,0,0,0.8218,1.0598
2026-05-10,PRD-019,control_board,0,0,0,0.8218,1.0557
2026-05-10,PRD-028,industrial_switch,0,0,0,0.8218,1.0321
2026-05-10,PRD-006,sensor_module,0,0,0,0.8218,0.9581
2026-05-10,PRD-078,connector,0,0,0,0.8218,0.998
2026-05-10,PRD-001,sensor_module,21179,0,0,0.8218,0.9562
2026-05-10,PRD-033,control_board,11836,0,0,0.8218,0.997
2026-05-10,PRD-049,power_unit,0,0,0,0.8218,1.0687
2026-05-10,PRD-065,connector,0,0,0,0.8218,0.9592
2026-05-11,PRD-022,industrial_switch,0,0,0,0.8223,1.0491
2026-05-11,PRD-007,control_board,0,0,0,0.8223,1.0207
2026-05-11,PRD-075,industrial_switch,991,0,0,0.8223,0.9726
2026-05-11,PRD-058,sensor_module,0,0,0,0.8223,1.0069
2026-05-11,PRD-053,industrial_switch,0,0,0,0.8223,1.0101
2026-05-11,PRD-052,metal_housing,0,0,0,0.8223,1.0462
2026-05-11,PRD-047,metal_housing,0,0,0,0.8223,0.9322
2026-05-11,PRD-061,industrial_switch,0,0,0,0.8223,1.0199
2026-05-11,PRD-033,control_board,20987,0,0,0.8223,0.9619
2026-05-11,PRD-067,sensor_module,0,0,0,0.8223,1.0174
2026-05-11,PRD-012,connector,0,1,0,0.8223,1.0111
2026-05-11,PRD-015,industrial_switch,0,0,0,0.8223,1.0647
2026-05-11,PRD-069,sensor_module,0,1,0,0.8223,0.9394
2026-05-11,PRD-004,control_board,0,0,0,0.8223,1.0474
2026-05-11,PRD-060,connector,0,0,0,0.8223,0.952
2026-05-11,PRD-057,sensor_module,0,0,0,0.8223,0.9594
2026-05-11,PRD-036,connector,3086,0,0,0.8223,0.9779
2026-05-11,PRD-055,power_unit,0,0,0,0.8223,1.0187
2026-05-11,PRD-044,sensor_module,0,1,0,0.8223,1.023
2026-05-11,PRD-054,power_unit,0,0,0,0.8223,0.9337
2026-05-12,PRD-078,connector,1487,0,0,0.8228,0.9524
2026-05-12,PRD-080,metal_housing,0,0,0,0.8228,0.9339
2026-05-12,PRD-012,connector,0,0,0,0.8228,0.9463
2026-05-12,PRD-066,metal_housing,0,0,0,0.8228,0.9909
2026-05-12,PRD-017,metal_housing,3420,0,0,0.8228,1.0409
2026-05-12,PRD-019,control_board,0,0,0,0.8228,0.9758
2026-05-12,PRD-068,connector,0,0,0,0.8228,1.0536
2026-05-12,PRD-008,power_unit,0,0,0,0.8228,0.9957
2026-05-12,PRD-018,sensor_module,0,0,0,0.8228,0.965
2026-05-12,PRD-050,control_board,0,0,0,0.8228,1.0165
2026-05-12,PRD-036,connector,3753,0,0,0.8228,0.9465
2026-05-12,PRD-003,power_unit,1258,0,0,0.8228,1.0672
2026-05-12,PRD-079,connector,3152,0,0,0.8228,0.9675
2026-05-12,PRD-063,industrial_switch,0,0,0,0.8228,1.0057
2026-05-12,PRD-047,metal_housing,0,0,0,0.8228,0.9573
2026-05-12,PRD-074,sensor_module,0,1,0,0.8228,1.0526
2026-05-12,PRD-028,industrial_switch,2198,0,0,0.8228,1.0176
2026-05-12,PRD-064,power_unit,0,0,0,0.8228,0.9421
2026-05-12,PRD-046,control_board,0,0,0,0.8228,0.976
2026-05-12,PRD-045,control_board,0,0,0,0.8228,0.9474
2026-05-13,PRD-024,connector,0,0,0,0.8234,1.0308
2026-05-13,PRD-005,industrial_switch,0,0,0,0.8234,0.9882
2026-05-13,PRD-020,control_board,0,0,0,0.8234,0.9426
2026-05-13,PRD-049,power_unit,0,0,0,0.8234,0.9923
2026-05-13,PRD-069,sensor_module,0,0,0,0.8234,0.943
2026-05-13,PRD-071,connector,0,0,0,0.8234,0.9613
2026-05-13,PRD-009,power_unit,5706,0,0,0.8234,1.0195
2026-05-13,PRD-017,metal_housing,0,0,0,0.8234,0.9455
2026-05-13,PRD-023,power_unit,0,0,0,0.8234,0.996
2026-05-13,PRD-001,sensor_module,0,0,0,0.8234,1.0296
2026-05-13,PRD-019,control_board,0,0,0,0.8234,0.9368
2026-05-13,PRD-050,control_board,0,0,0,0.8234,1.0589
2026-05-13,PRD-029,connector,0,0,0,0.8234,0.9668
2026-05-13,PRD-051,control_board,0,0,0,0.8234,0.9605
2026-05-13,PRD-006,sensor_module,5692,0,0,0.8234,1.043
2026-05-13,PRD-061,industrial_switch,0,0,0,0.8234,1.0059
2026-05-13,PRD-076,metal_housing,0,0,0,0.8234,0.9484
2026-05-13,PRD-064,power_unit,0,0,0,0.8234,1.0512
2026-05-13,PRD-048,power_unit,0,0,0,0.8234,1.0593
2026-05-13,PRD-045,control_board,0,0,0,0.8234,0.9831
2026-05-14,PRD-029,connector,0,0,0,0.824,1.054
2026-05-14,PRD-042,connector,0,0,0,0.824,1.0393
2026-05-14,PRD-049,power_unit,0,0,0,0.824,1.0074
2026-05-14,PRD-038,connector,0,0,0,0.824,1.0233
2026-05-14,PRD-074,sensor_module,0,0,0,0.824,0.9484
2026-05-14,PRD-020,control_board,14333,0,0,0.824,1.0647
2026-05-14,PRD-044,sensor_module,0,0,0,0.824,0.9952
2026-05-14,PRD-019,control_board,1282,0,0,0.824,1.0202
2026-05-14,PRD-030,sensor_module,0,1,0,0.824,1.0339
2026-05-14,PRD-013,industrial_switch,0,0,0,0.824,0.9302
2026-05-14,PRD-050,control_board,0,0,0,0.824,1.0142
2026-05-14,PRD-008,power_unit,0,0,0,0.824,0.9848
2026-05-14,PRD-005,industrial_switch,0,0,0,0.824,1.0561
2026-05-14,PRD-079,connector,2307,0,0,0.824,1.0341
2026-05-14,PRD-024,connector,0,0,0,0.824,1.0604
2026-05-14,PRD-026,power_unit,0,0,0,0.824,1.0529
2026-05-14,PRD-017,metal_housing,0,0,0,0.824,0.9984
2026-05-14,PRD-064,power_unit,4781,0,0,0.824,0.9582
2026-05-14,PRD-022,industrial_switch,0,0,0,0.824,1.0364
2026-05-14,PRD-068,connector,0,0,0,0.824,0.9467
2026-05-15,PRD-075,industrial_switch,0,0,0,0.8247,1.0695
2026-05-15,PRD-057,sensor_module,0,0,0,0.8247,0.9929
2026-05-15,PRD-011,industrial_switch,0,0,0,0.8247,1.0648
2026-05-15,PRD-001,sensor_module,0,0,0,0.8247,0.9924
2026-05-15,PRD-050,control_board,0,0,0,0.8247,1.0313
2026-05-15,PRD-065,connector,0,0,0,0.8247,0.9581
2026-05-15,PRD-027,power_unit,0,0,0,0.8247,0.9875
2026-05-15,PRD-017,metal_housing,0,0,0,0.8247,0.9484
2026-05-15,PRD-042,connector,0,0,0,0.8247,1.0661
2026-05-15,PRD-005,industrial_switch,0,0,0,0.8247,0.9673
2026-05-15,PRD-076,metal_housing,0,0,0,0.8247,1.0147
2026-05-15,PRD-008,power_unit,0,0,0,0.8247,0.9924
2026-05-15,PRD-064,power_unit,0,0,0,0.8247,1.0517
2026-05-15,PRD-046,control_board,0,0,0,0.8247,1.0399
2026-05-15,PRD-021,power_unit,0,0,0,0.8247,1.0598
2026-05-15,PRD-016,connector,0,0,0,0.8247,0.9657
2026-05-15,PRD-040,control_board,0,0,0,0.8247,0.9894
2026-05-15,PRD-051,control_board,0,0,0,0.8247,0.968
2026-05-15,PRD-019,control_board,0,0,0,0.8247,0.9813
2026-05-15,PRD-032,connector,0,0,0,0.8247,0.9717
2026-05-16,PRD-010,power_unit,0,0,0,0.8254,1.0244
2026-05-16,PRD-060,connector,1360,0,0,0.8254,1.0344
2026-05-16,PRD-073,connector,0,0,0,0.8254,1.0031
2026-05-16,PRD-025,power_unit,0,0,0,0.8254,1.0318
2026-05-16,PRD-001,sensor_module,0,0,0,0.8254,1.0057
2026-05-16,PRD-057,sensor_module,0,0,0,0.8254,1.0183
2026-05-16,PRD-004,control_board,0,0,0,0.8254,1.0459
2026-05-16,PRD-007,control_board,0,0,0,0.8254,1.0385
2026-05-16,PRD-028,industrial_switch,0,0,0,0.8254,1.0488
2026-05-16,PRD-030,sensor_module,0,0,0,0.8254,0.9648
2026-05-16,PRD-042,connector,0,0,0,0.8254,0.9955
2026-05-16,PRD-031,connector,11086,0,0,0.8254,1.0643
2026-05-16,PRD-033,control_board,0,0,0,0.8254,1.0493
2026-05-16,PRD-053,industrial_switch,0,1,0,0.8254,1.0184
2026-05-16,PRD-043,industrial_switch,0,0,0,0.8254,1.0167
2026-05-16,PRD-061,industrial_switch,0,0,0,0.8254,1.0471
2026-05-16,PRD-045,control_board,0,0,0,0.8254,1.0222
2026-05-16,PRD-011,industrial_switch,0,0,0,0.8254,1.0041
2026-05-16,PRD-009,power_unit,0,0,0,0.8254,1.0021
2026-05-16,PRD-022,industrial_switch,0,0,0,0.8254,1.0519
2026-05-17,PRD-074,sensor_module,0,0,0,0.8262,1.023
2026-05-17,PRD-038,connector,0,0,0,0.8262,1.0411
2026-05-17,PRD-026,power_unit,0,0,0,0.8262,0.9784
2026-05-17,PRD-055,power_unit,0,0,0,0.8262,0.9507
2026-05-17,PRD-031,connector,0,0,0,0.8262,0.9572
2026-05-17,PRD-042,connector,0,0,0,0.8262,1.0428
2026-05-17,PRD-009,power_unit,0,0,0,0.8262,1.0659
2026-05-17,PRD-011,industrial_switch,4597,0,0,0.8262,0.9534
2026-05-17,PRD-054,power_unit,0,0,0,0.8262,1.0247
2026-05-17,PRD-049,power_unit,0,0,0,0.8262,0.9621
2026-05-17,PRD-023,power_unit,0,0,0,0.8262,0.9665
2026-05-17,PRD-010,power_unit,0,0,0,0.8262,1.027
2026-05-17,PRD-002,sensor_module,4121,0,0,0.8262,0.9969
2026-05-17,PRD-017,metal_housing,0,0,0,0.8262,0.9557
2026-05-17,PRD-063,industrial_switch,0,0,0,0.8262,0.9536
2026-05-17,PRD-012,connector,0,0,0,0.8262,0.9921
2026-05-17,PRD-016,connector,0,0,0,0.8262,1.0441
2026-05-17,PRD-024,connector,0,0,0,0.8262,1.0105
2026-05-17,PRD-020,control_board,0,0,0,0.8262,1.0603
2026-05-17,PRD-008,power_unit,0,1,0,0.8262,0.9552
2026-05-18,PRD-068,connector,4567,0,1,0.827,1.0609
2026-05-18,PRD-054,power_unit,0,0,1,0.827,0.9575
2026-05-18,PRD-004,control_board,0,0,1,0.827,1.005
2026-05-18,PRD-056,industrial_switch,15174,0,1,0.827,0.9384
2026-05-18,PRD-052,metal_housing,0,0,1,0.827,0.976
2026-05-18,PRD-017,metal_housing,5028,0,1,0.827,1.0466
2026-05-18,PRD-002,sensor_module,0,0,1,0.827,1.0099
2026-05-18,PRD-016,connector,5409,0,1,0.827,0.9887
2026-05-18,PRD-076,metal_housing,0,0,1,0.827,0.9835
2026-05-18,PRD-061,industrial_switch,0,0,1,0.827,1.0211
2026-05-18,PRD-077,control_board,0,0,1,0.827,1.0517
2026-05-18,PRD-024,connector,0,0,1,0.827,0.9461
2026-05-18,PRD-008,power_unit,0,0,1,0.827,1.0238
2026-05-18,PRD-058,sensor_module,0,0,1,0.827,1.0497
2026-05-18,PRD-001,sensor_module,0,0,1,0.827,0.9791
2026-05-18,PRD-003,power_unit,0,0,1,0.827,0.9344
2026-05-18,PRD-078,connector,0,0,1,0.827,0.9814
2026-05-18,PRD-045,control_board,0,0,1,0.827,1.0106
2026-05-18,PRD-050,control_board,0,0,1,0.827,1.0624
2026-05-18,PRD-036,connector,3438,0,1,0.827,0.9977
2026-05-19,PRD-005,industrial_switch,5007,0,0,0.8279,0.9394
2026-05-19,PRD-012,connector,0,0,0,0.8279,0.9408
2026-05-19,PRD-057,sensor_module,0,0,0,0.8279,1.0615
2026-05-19,PRD-018,sensor_module,0,0,0,0.8279,0.9924
2026-05-19,PRD-026,power_unit,2467,0,0,0.8279,0.9333
2026-05-19,PRD-054,power_unit,0,0,0,0.8279,1.0026
2026-05-19,PRD-033,control_board,0,1,0,0.8279,0.9586
2026-05-19,PRD-003,power_unit,0,0,0,0.8279,0.9898
2026-05-19,PRD-067,sensor_module,0,0,0,0.8279,0.9313
2026-05-19,PRD-069,sensor_module,0,0,0,0.8279,0.9825
2026-05-19,PRD-002,sensor_module,0,0,0,0.8279,1.0312
2026-05-19,PRD-065,connector,0,0,0,0.8279,0.9749
2026-05-19,PRD-004,control_board,0,0,0,0.8279,1.0576
2026-05-19,PRD-047,metal_housing,0,0,0,0.8279,1.0355
2026-05-19,PRD-011,industrial_switch,0,0,0,0.8279,0.9569
2026-05-19,PRD-015,industrial_switch,0,0,0,0.8279,1.0013
2026-05-19,PRD-010,power_unit,0,0,0,0.8279,1.0306
2026-05-19,PRD-042,connector,0,0,0,0.8279,1.0516
2026-05-19,PRD-045,control_board,2420,0,0,0.8279,0.9956
2026-05-19,PRD-021,power_unit,0,0,0,0.8279,0.9556
2026-05-20,PRD-008,power_unit,1343,0,0,0.8288,0.9993
2026-05-20,PRD-002,sensor_module,0,0,0,0.8288,0.9883
2026-05-20,PRD-064,power_unit,4617,0,0,0.8288,1.0049
2026-05-20,PRD-069,sensor_module,0,0,0,0.8288,1.013
2026-05-20,PRD-062,sensor_module,0,0,0,0.8288,0.9842
2026-05-20,PRD-019,control_board,0,0,0,0.8288,0.9427
2026-05-20,PRD-039,industrial_switch,1806,0,0,0.8288,1.0615
2026-05-20,PRD-034,power_unit,0,0,0,0.8288,1.0317
2026-05-20,PRD-025,power_unit,0,0,0,0.8288,0.9958
2026-05-20,PRD-079,connector,4906,0,0,0.8288,1.0108
2026-05-20,PRD-012,connector,3616,0,0,0.8288,1.0105
2026-05-20,PRD-017,metal_housing,0,0,0,0.8288,1.0084
2026-05-20,PRD-055,power_unit,0,1,0,0.8288,0.9328
2026-05-20,PRD-053,industrial_switch,9472,0,0,0.8288,0.9897
2026-05-20,PRD-071,connector,0,1,0,0.8288,1.0489
2026-05-20,PRD-005,industrial_switch,0,0,0,0.8288,0.9538
2026-05-20,PRD-049,power_unit,11959,0,0,0.8288,0.9724
2026-05-20,PRD-033,control_board,0,0,0,0.8288,1.0113
2026-05-20,PRD-007,control_board,0,0,0,0.8288,1.0196
2026-05-20,PRD-003,power_unit,0,0,0,0.8288,1.0557
2026-05-21,PRD-058,sensor_module,0,0,0,0.8298,0.9377
2026-05-21,PRD-007,control_board,0,0,0,0.8298,0.9848
2026-05-21,PRD-042,connector,10184,0,0,0.8298,0.9559
2026-05-21,PRD-019,control_board,0,0,0,0.8298,1.0191
2026-05-21,PRD-027,power_unit,0,0,0,0.8298,1.0151
2026-05-21,PRD-025,power_unit,0,0,0,0.8298,1.0255
2026-05-21,PRD-057,sensor_module,0,0,0,0.8298,1.0114
2026-05-21,PRD-021,power_unit,0,0,0,0.8298,1.0159
2026-05-21,PRD-066,metal_housing,0,0,0,0.8298,1.0565
2026-05-21,PRD-048,power_unit,0,0,0,0.8298,0.9965
2026-05-21,PRD-065,connector,0,0,0,0.8298,0.9828
2026-05-21,PRD-011,industrial_switch,0,0,0,0.8298,1.0324
2026-05-21,PRD-002,sensor_module,0,0,0,0.8298,0.9383
2026-05-21,PRD-026,power_unit,0,0,0,0.8298,1.0283
2026-05-21,PRD-056,industrial_switch,0,0,0,0.8298,0.9972
2026-05-21,PRD-076,metal_housing,3876,0,0,0.8298,1.0327
2026-05-21,PRD-039,industrial_switch,0,0,0,0.8298,1.0516
2026-05-21,PRD-004,control_board,0,0,0,0.8298,0.9524
2026-05-21,PRD-064,power_unit,0,0,0,0.8298,1.0292
2026-05-21,PRD-054,power_unit,0,0,0,0.8298,1.0656
2026-05-22,PRD-015,industrial_switch,0,0,0,0.8308,1.0496
2026-05-22,PRD-020,control_board,0,0,0,0.8308,1.025
2026-05-22,PRD-024,connector,0,0,0,0.8308,0.9752
2026-05-22,PRD-004,control_board,0,0,0,0.8308,1.0241
2026-05-22,PRD-028,industrial_switch,0,0,0,0.8308,1.0273
2026-05-22,PRD-066,metal_housing,0,0,0,0.8308,1.0445
2026-05-22,PRD-025,power_unit,0,0,0,0.8308,1.051
2026-05-22,PRD-067,sensor_module,0,0,0,0.8308,0.9961
2026-05-22,PRD-073,connector,0,0,0,0.8308,1.0294
2026-05-22,PRD-053,industrial_switch,0,0,0,0.8308,0.9928
2026-05-22,PRD-018,sensor_module,0,1,0,0.8308,1.0409
2026-05-22,PRD-045,control_board,0,0,0,0.8308,1.0224
2026-05-22,PRD-021,power_unit,0,0,0,0.8308,0.9784
2026-05-22,PRD-055,power_unit,0,0,0,0.8308,1.0584
2026-05-22,PRD-038,connector,0,0,0,0.8308,0.9758
2026-05-22,PRD-075,industrial_switch,0,0,0,0.8308,1.008
2026-05-22,PRD-036,connector,0,0,0,0.8308,0.9591
2026-05-22,PRD-048,power_unit,5886,0,0,0.8308,1.0678
2026-05-22,PRD-032,connector,0,0,0,0.8308,0.9343
2026-05-22,PRD-050,control_board,0,1,0,0.8308,1.0451
2026-05-23,PRD-049,power_unit,0,0,1,0.8319,1.034
2026-05-23,PRD-027,power_unit,0,0,1,0.8319,1.0463
2026-05-23,PRD-026,power_unit,0,0,1,0.8319,1.0063
2026-05-23,PRD-035,sensor_module,0,0,1,0.8319,1.0492
2026-05-23,PRD-060,connector,0,0,1,0.8319,0.931
2026-05-23,PRD-033,control_board,1948,1,1,0.8319,1.0553
2026-05-23,PRD-038,connector,0,1,1,0.8319,1.0696
2026-05-23,PRD-021,power_unit,0,0,1,0.8319,0.9982
2026-05-23,PRD-037,control_board,0,0,1,0.8319,0.952
2026-05-23,PRD-050,control_board,0,0,1,0.8319,0.9811
2026-05-23,PRD-018,sensor_module,0,0,1,0.8319,0.9638
2026-05-23,PRD-020,control_board,5257,0,1,0.8319,0.9854
2026-05-23,PRD-001,sensor_module,0,0,1,0.8319,1.0109
2026-05-23,PRD-053,industrial_switch,0,0,1,0.8319,1.0252
2026-05-23,PRD-029,connector,0,0,1,0.8319,1.0498
2026-05-23,PRD-073,connector,3257,0,1,0.8319,1.0554
2026-05-23,PRD-074,sensor_module,0,0,1,0.8319,0.9581
2026-05-23,PRD-012,connector,0,0,1,0.8319,0.9839
2026-05-23,PRD-079,connector,0,0,1,0.8319,1.0568
2026-05-23,PRD-071,connector,0,0,1,0.8319,1.0102
2026-05-24,PRD-043,industrial_switch,0,0,0,0.833,0.9408
2026-05-24,PRD-004,control_board,0,0,0,0.833,1.0322
2026-05-24,PRD-038,connector,0,1,0,0.833,1.0088
2026-05-24,PRD-067,sensor_module,0,1,0,0.833,1.0657
2026-05-24,PRD-049,power_unit,0,0,0,0.833,1.0634
2026-05-24,PRD-064,power_unit,0,0,0,0.833,1.0093
2026-05-24,PRD-021,power_unit,0,1,0,0.833,0.947
2026-05-24,PRD-009,power_unit,0,0,0,0.833,1.0285
2026-05-24,PRD-030,sensor_module,0,0,0,0.833,0.9484
2026-05-24,PRD-029,connector,0,0,0,0.833,1.0677
2026-05-24,PRD-077,control_board,0,0,0,0.833,0.9938
2026-05-24,PRD-069,sensor_module,0,0,0,0.833,0.9638
2026-05-24,PRD-001,sensor_module,0,0,0,0.833,1.0507
2026-05-24,PRD-022,industrial_switch,0,0,0,0.833,1.0082
2026-05-24,PRD-068,connector,0,0,0,0.833,0.9369
2026-05-24,PRD-014,industrial_switch,0,0,0,0.833,1.0641
2026-05-24,PRD-012,connector,0,0,0,0.833,0.9451
2026-05-24,PRD-008,power_unit,0,0,0,0.833,1.0575
2026-05-24,PRD-063,industrial_switch,0,0,0,0.833,1.032
2026-05-24,PRD-039,industrial_switch,0,0,0,0.833,1.0152
2026-05-25,PRD-013,industrial_switch,0,0,0,0.8342,1.0262
2026-05-25,PRD-015,industrial_switch,0,0,0,0.8342,1.0587
2026-05-25,PRD-025,power_unit,0,0,0,0.8342,1.0041
2026-05-25,PRD-030,sensor_module,8982,0,0,0.8342,1.0447
2026-05-25,PRD-033,control_board,6926,0,0,0.8342,0.984
2026-05-25,PRD-060,connector,0,0,0,0.8342,1.0481
2026-05-25,PRD-039,industrial_switch,0,0,0,0.8342,1.0003
2026-05-25,PRD-006,sensor_module,0,1,0,0.8342,0.9507
2026-05-25,PRD-049,power_unit,0,0,0,0.8342,0.9861
2026-05-25,PRD-053,industrial_switch,0,1,0,0.8342,1.027
2026-05-25,PRD-069,sensor_module,0,0,0,0.8342,0.9675
2026-05-25,PRD-041,control_board,0,0,0,0.8342,1.0555
2026-05-25,PRD-037,control_board,0,0,0,0.8342,1.001
2026-05-25,PRD-014,industrial_switch,0,0,0,0.8342,1.0591
2026-05-25,PRD-063,industrial_switch,0,0,0,0.8342,1.0343
2026-05-25,PRD-061,industrial_switch,0,0,0,0.8342,1.0296
2026-05-25,PRD-050,control_board,0,0,0,0.8342,0.9348
2026-05-25,PRD-055,power_unit,0,0,0,0.8342,0.9559
2026-05-25,PRD-071,connector,5692,0,0,0.8342,1.0619
2026-05-25,PRD-072,metal_housing,0,0,0,0.8342,0.9529
2026-05-26,PRD-008,power_unit,0,0,0,0.8355,0.9682
2026-05-26,PRD-003,power_unit,0,0,0,0.8355,0.9555
2026-05-26,PRD-039,industrial_switch,4973,0,0,0.8355,1.0519
2026-05-26,PRD-047,metal_housing,0,0,0,0.8355,1.0564
2026-05-26,PRD-013,industrial_switch,0,0,0,0.8355,0.939
2026-05-26,PRD-043,industrial_switch,0,1,0,0.8355,1.0189
2026-05-26,PRD-071,connector,0,0,0,0.8355,1.0287
2026-05-26,PRD-021,power_unit,0,0,0,0.8355,1.0115
2026-05-26,PRD-049,power_unit,0,0,0,0.8355,0.9368
2026-05-26,PRD-044,sensor_module,0,0,0,0.8355,1.0661
2026-05-26,PRD-027,power_unit,0,0,0,0.8355,0.962
2026-05-26,PRD-076,metal_housing,0,0,0,0.8355,0.9771
2026-05-26,PRD-050,control_board,0,0,0,0.8355,0.9624
2026-05-26,PRD-059,control_board,0,0,0,0.8355,0.999
2026-05-26,PRD-032,connector,0,0,0,0.8355,1.0109
2026-05-26,PRD-055,power_unit,0,0,0,0.8355,0.9717
2026-05-26,PRD-016,connector,0,0,0,0.8355,1.0678
2026-05-26,PRD-006,sensor_module,5925,0,0,0.8355,1.0439
2026-05-26,PRD-072,metal_housing,0,0,0,0.8355,0.9521
2026-05-26,PRD-004,control_board,2085,0,0,0.8355,0.9625
2026-05-27,PRD-045,control_board,0,0,0,0.8367,1.0555
2026-05-27,PRD-068,connector,0,0,0,0.8367,0.9671
2026-05-27,PRD-028,industrial_switch,0,0,0,0.8367,0.9675
2026-05-27,PRD-012,connector,3450,0,0,0.8367,0.984
2026-05-27,PRD-004,control_board,0,0,0,0.8367,1.0145
2026-05-27,PRD-060,connector,0,0,0,0.8367,1.0065
2026-05-27,PRD-032,connector,0,0,0,0.8367,0.9842
2026-05-27,PRD-015,industrial_switch,0,0,0,0.8367,1.0174
2026-05-27,PRD-025,power_unit,0,0,0,0.8367,0.9385
2026-05-27,PRD-024,connector,0,0,0,0.8367,1.0594
2026-05-27,PRD-003,power_unit,4519,0,0,0.8367,0.9904
2026-05-27,PRD-020,control_board,0,0,0,0.8367,1.0227
2026-05-27,PRD-041,control_board,0,0,0,0.8367,1.0127
2026-05-27,PRD-076,metal_housing,0,0,0,0.8367,0.971
2026-05-27,PRD-063,industrial_switch,0,0,0,0.8367,1.0492
2026-05-27,PRD-062,sensor_module,0,0,0,0.8367,1.0346
2026-05-27,PRD-018,sensor_module,3458,0,0,0.8367,1.0525
2026-05-27,PRD-069,sensor_module,0,0,0,0.8367,1.0555
2026-05-27,PRD-064,power_unit,2442,0,0,0.8367,1.0017
2026-05-27,PRD-052,metal_housing,0,0,0,0.8367,0.935
2026-05-28,PRD-026,power_unit,0,0,0,0.8381,1.0522
2026-05-28,PRD-042,connector,0,0,0,0.8381,0.9894
2026-05-28,PRD-061,industrial_switch,0,0,0,0.8381,0.9372
2026-05-28,PRD-039,industrial_switch,0,0,0,0.8381,0.9745
2026-05-28,PRD-031,connector,0,0,0,0.8381,1.0494
2026-05-28,PRD-030,sensor_module,0,0,0,0.8381,0.9552
2026-05-28,PRD-068,connector,0,0,0,0.8381,0.9617
2026-05-28,PRD-041,control_board,0,0,0,0.8381,0.9453
2026-05-28,PRD-010,power_unit,0,0,0,0.8381,0.9393
2026-05-28,PRD-049,power_unit,0,0,0,0.8381,0.9905
2026-05-28,PRD-009,power_unit,0,0,0,0.8381,0.9595
2026-05-28,PRD-036,connector,0,0,0,0.8381,1.0383
2026-05-28,PRD-043,industrial_switch,0,0,0,0.8381,0.9678
2026-05-28,PRD-047,metal_housing,0,0,0,0.8381,0.9848
2026-05-28,PRD-053,industrial_switch,6654,0,0,0.8381,1.0408
2026-05-28,PRD-070,industrial_switch,2318,0,0,0.8381,0.9652
2026-05-28,PRD-072,metal_housing,0,0,0,0.8381,0.9888
2026-05-28,PRD-059,control_board,0,1,0,0.8381,1.0666
2026-05-28,PRD-007,control_board,2746,0,0,0.8381,0.971
2026-05-28,PRD-021,power_unit,0,0,0,0.8381,0.9826
2026-05-29,PRD-061,industrial_switch,0,0,0,0.8394,0.9839
2026-05-29,PRD-027,power_unit,0,0,0,0.8394,0.9628
2026-05-29,PRD-067,sensor_module,0,0,0,0.8394,1.0692
2026-05-29,PRD-071,connector,0,0,0,0.8394,0.9733
2026-05-29,PRD-020,control_board,0,0,0,0.8394,0.932
2026-05-29,PRD-063,industrial_switch,0,0,0,0.8394,0.9886
2026-05-29,PRD-004,control_board,0,0,0,0.8394,0.9509
2026-05-29,PRD-011,industrial_switch,0,0,0,0.8394,0.9383
2026-05-29,PRD-080,metal_housing,0,0,0,0.8394,0.9916
2026-05-29,PRD-070,industrial_switch,0,0,0,0.8394,1.0024
2026-05-29,PRD-064,power_unit,0,0,0,0.8394,1.0296
2026-05-29,PRD-069,sensor_module,0,0,0,0.8394,0.9414
2026-05-29,PRD-031,connector,0,0,0,0.8394,1.0294
2026-05-29,PRD-052,metal_housing,12450,0,0,0.8394,0.9585
2026-05-29,PRD-035,sensor_module,6310,0,0,0.8394,1.0503
2026-05-29,PRD-033,control_board,0,0,0,0.8394,1.0576
2026-05-29,PRD-030,sensor_module,0,0,0,0.8394,1.0026
2026-05-29,PRD-008,power_unit,0,0,0,0.8394,0.9927
2026-05-29,PRD-006,sensor_module,0,0,0,0.8394,0.9506
2026-05-29,PRD-046,control_board,0,0,0,0.8394,0.9507
2026-05-30,PRD-032,connector,23751,0,0,0.8409,1.0314
2026-05-30,PRD-045,control_board,0,0,0,0.8409,0.9935
2026-05-30,PRD-027,power_unit,0,0,0,0.8409,0.9748
2026-05-30,PRD-059,control_board,0,0,0,0.8409,0.9894
2026-05-30,PRD-028,industrial_switch,0,0,0,0.8409,1.0185
2026-05-30,PRD-078,connector,0,0,0,0.8409,0.9337
2026-05-30,PRD-079,connector,0,0,0,0.8409,1.0214
2026-05-30,PRD-037,control_board,0,0,0,0.8409,1.061
2026-05-30,PRD-006,sensor_module,0,0,0,0.8409,0.9713
2026-05-30,PRD-013,industrial_switch,0,0,0,0.8409,1.0382
2026-05-30,PRD-072,metal_housing,0,0,0,0.8409,1.0351
2026-05-30,PRD-034,power_unit,4329,0,0,0.8409,0.9376
2026-05-30,PRD-026,power_unit,1502,0,0,0.8409,0.9642
2026-05-30,PRD-036,connector,0,1,0,0.8409,0.982
2026-05-30,PRD-061,industrial_switch,1336,0,0,0.8409,1.0058
2026-05-30,PRD-021,power_unit,0,0,0,0.8409,1.0072
2026-05-30,PRD-043,industrial_switch,0,0,0,0.8409,0.9646
2026-05-30,PRD-038,connector,0,1,0,0.8409,0.9672
2026-05-30,PRD-023,power_unit,0,0,0,0.8409,1.0267
2026-05-30,PRD-044,sensor_module,0,0,0,0.8409,0.9778
2026-05-31,PRD-042,connector,0,0,0,0.8423,0.9546
2026-05-31,PRD-003,power_unit,0,0,0,0.8423,0.9327
2026-05-31,PRD-074,sensor_module,0,0,0,0.8423,1.0533
2026-05-31,PRD-023,power_unit,0,0,0,0.8423,1.0293
2026-05-31,PRD-012,connector,0,0,0,0.8423,1.0166
2026-05-31,PRD-067,sensor_module,5518,0,0,0.8423,0.9492
2026-05-31,PRD-048,power_unit,2761,0,0,0.8423,1.0576
2026-05-31,PRD-032,connector,6442,0,0,0.8423,0.9479
2026-05-31,PRD-027,power_unit,0,0,0,0.8423,1.0379
2026-05-31,PRD-033,control_board,0,0,0,0.8423,1.0183
2026-05-31,PRD-021,power_unit,3750,0,0,0.8423,1.0537
2026-05-31,PRD-031,connector,0,1,0,0.8423,0.9456
2026-05-31,PRD-068,connector,4311,0,0,0.8423,1.0149
2026-05-31,PRD-019,control_board,8899,0,0,0.8423,0.9612
2026-05-31,PRD-064,power_unit,0,0,0,0.8423,1.0309
2026-05-31,PRD-040,control_board,4610,0,0,0.8423,1.0195
2026-05-31,PRD-079,connector,0,0,0,0.8423,0.999
2026-05-31,PRD-028,industrial_switch,1300,0,0,0.8423,0.9505
2026-05-31,PRD-037,control_board,0,1,0,0.8423,1.0578
2026-05-31,PRD-053,industrial_switch,0,0,0,0.8423,0.9885
2026-06-01,PRD-025,power_unit,0,0,0,0.8439,0.9875
2026-06-01,PRD-015,industrial_switch,0,0,0,0.8439,1.0573
2026-06-01,PRD-028,industrial_switch,0,0,0,0.8439,1.0695
2026-06-01,PRD-062,sensor_module,0,0,0,0.8439,1.0593
2026-06-01,PRD-013,industrial_switch,0,0,0,0.8439,0.9551
2026-06-01,PRD-037,control_board,0,1,0,0.8439,0.9577
2026-06-01,PRD-046,control_board,7849,0,0,0.8439,0.9912
2026-06-01,PRD-010,power_unit,2483,0,0,0.8439,0.9757
2026-06-01,PRD-063,industrial_switch,0,0,0,0.8439,1.052
2026-06-01,PRD-056,industrial_switch,0,0,0,0.8439,0.9925
2026-06-01,PRD-077,control_board,0,0,0,0.8439,0.9531
2026-06-01,PRD-038,connector,6067,0,0,0.8439,1.007
2026-06-01,PRD-023,power_unit,0,0,0,0.8439,0.9958
2026-06-01,PRD-018,sensor_module,0,0,0,0.8439,1.0054
2026-06-01,PRD-075,industrial_switch,0,0,0,0.8439,1.0346
2026-06-01,PRD-035,sensor_module,2193,0,0,0.8439,1.0226
2026-06-01,PRD-001,sensor_module,0,0,0,0.8439,0.9709
2026-06-01,PRD-050,control_board,0,0,0,0.8439,0.9436
2026-06-01,PRD-047,metal_housing,0,0,0,0.8439,0.9662
2026-06-01,PRD-048,power_unit,0,0,0,0.8439,0.9996
2026-06-02,PRD-001,sensor_module,0,0,0,0.8454,0.995
2026-06-02,PRD-035,sensor_module,0,0,0,0.8454,0.977
2026-06-02,PRD-072,metal_housing,0,0,0,0.8454,0.967
2026-06-02,PRD-023,power_unit,5635,0,0,0.8454,1.0211
2026-06-02,PRD-063,industrial_switch,0,0,0,0.8454,1.0152
2026-06-02,PRD-025,power_unit,0,0,0,0.8454,1.0098
2026-06-02,PRD-045,control_board,0,0,0,0.8454,1.0237
2026-06-02,PRD-076,metal_housing,2445,1,0,0.8454,1.0437
2026-06-02,PRD-015,industrial_switch,5831,0,0,0.8454,0.9694
2026-06-02,PRD-079,connector,0,1,0,0.8454,1.0148
2026-06-02,PRD-051,control_board,0,0,0,0.8454,1.0648
2026-06-02,PRD-029,connector,0,0,0,0.8454,1.0228
2026-06-02,PRD-073,connector,0,0,0,0.8454,1.0478
2026-06-02,PRD-034,power_unit,0,0,0,0.8454,0.9627
2026-06-02,PRD-031,connector,0,0,0,0.8454,0.9706
2026-06-02,PRD-040,control_board,0,0,0,0.8454,1.0653
2026-06-02,PRD-020,control_board,0,0,0,0.8454,1.0337
2026-06-02,PRD-059,control_board,0,0,0,0.8454,0.9896
2026-06-02,PRD-002,sensor_module,0,0,0,0.8454,1.0472
2026-06-02,PRD-065,connector,5079,0,0,0.8454,0.9654
2026-06-03,PRD-013,industrial_switch,0,0,0,0.847,1.0047
2026-06-03,PRD-026,power_unit,11023,1,0,0.847,0.9598
2026-06-03,PRD-046,control_board,0,0,0,0.847,1.0308
2026-06-03,PRD-076,metal_housing,0,0,0,0.847,1.0667
2026-06-03,PRD-009,power_unit,0,0,0,0.847,1.0107
2026-06-03,PRD-050,control_board,8664,0,0,0.847,0.9308
2026-06-03,PRD-039,industrial_switch,0,0,0,0.847,1.0698
2026-06-03,PRD-074,sensor_module,0,0,0,0.847,1.0583
2026-06-03,PRD-033,control_board,0,0,0,0.847,0.9549
2026-06-03,PRD-078,connector,0,0,0,0.847,1.0013
2026-06-03,PRD-075,industrial_switch,0,0,0,0.847,0.9564
2026-06-03,PRD-059,control_board,0,0,0,0.847,0.9351
2026-06-03,PRD-024,connector,0,1,0,0.847,1.0006
2026-06-03,PRD-019,control_board,0,0,0,0.847,1.0006
2026-06-03,PRD-015,industrial_switch,0,0,0,0.847,0.9727
2026-06-03,PRD-036,connector,0,0,0,0.847,0.9587
2026-06-03,PRD-044,sensor_module,0,0,0,0.847,0.965
2026-06-03,PRD-048,power_unit,0,0,0,0.847,1.0555
2026-06-03,PRD-035,sensor_module,6329,0,0,0.847,1.064
2026-06-03,PRD-061,industrial_switch,0,0,0,0.847,1.0101
2026-06-04,PRD-044,sensor_module,0,0,0,0.8487,0.9476
2026-06-04,PRD-068,connector,5053,0,0,0.8487,0.9359
2026-06-04,PRD-004,control_board,0,0,0,0.8487,0.9418
2026-06-04,PRD-008,power_unit,0,0,0,0.8487,1.0434
2026-06-04,PRD-036,connector,0,1,0,0.8487,1.0533
2026-06-04,PRD-079,connector,2241,0,0,0.8487,0.9659
2026-06-04,PRD-077,control_board,0,0,0,0.8487,0.9687
2026-06-04,PRD-009,power_unit,2859,0,0,0.8487,0.9552
2026-06-04,PRD-053,industrial_switch,2628,0,0,0.8487,1.0565
2026-06-04,PRD-034,power_unit,2243,0,0,0.8487,0.9681
2026-06-04,PRD-026,power_unit,0,1,0,0.8487,0.9913
2026-06-04,PRD-023,power_unit,0,0,0,0.8487,1.0133
2026-06-04,PRD-074,sensor_module,619,1,0,0.8487,0.952
2026-06-04,PRD-024,connector,0,0,0,0.8487,1.0496
2026-06-04,PRD-045,control_board,0,0,0,0.8487,1.0366
2026-06-04,PRD-059,control_board,2118,0,0,0.8487,1.0017
2026-06-04,PRD-054,power_unit,0,0,0,0.8487,0.9788
2026-06-04,PRD-031,connector,0,0,0,0.8487,0.9498
2026-06-04,PRD-010,power_unit,0,0,0,0.8487,1.021
2026-06-04,PRD-047,metal_housing,0,0,0,0.8487,0.9336
2026-06-05,PRD-019,control_board,0,0,0,0.8504,0.9766
2026-06-05,PRD-021,power_unit,0,0,0,0.8504,0.9833
2026-06-05,PRD-048,power_unit,2964,0,0,0.8504,1.0295
2026-06-05,PRD-020,control_board,0,0,0,0.8504,0.985
2026-06-05,PRD-051,control_board,0,0,0,0.8504,1.0647
2026-06-05,PRD-036,connector,0,0,0,0.8504,1.0126
2026-06-05,PRD-039,industrial_switch,0,0,0,0.8504,1.0452
2026-06-05,PRD-001,sensor_module,0,0,0,0.8504,0.9535
2026-06-05,PRD-066,metal_housing,0,0,0,0.8504,0.987
2026-06-05,PRD-030,sensor_module,0,0,0,0.8504,1.0582
2026-06-05,PRD-061,industrial_switch,0,0,0,0.8504,0.9837
2026-06-05,PRD-040,control_board,0,0,0,0.8504,0.9499
2026-06-05,PRD-014,industrial_switch,0,0,0,0.8504,0.933
2026-06-05,PRD-032,connector,0,0,0,0.8504,0.9401
2026-06-05,PRD-067,sensor_module,0,0,0,0.8504,0.951
2026-06-05,PRD-012,connector,0,0,0,0.8504,1.0657
2026-06-05,PRD-070,industrial_switch,0,0,0,0.8504,1.066
2026-06-05,PRD-005,industrial_switch,0,0,0,0.8504,1.0496
2026-06-05,PRD-047,metal_housing,0,0,0,0.8504,0.9812
2026-06-05,PRD-045,control_board,4042,0,0,0.8504,0.9342
2026-06-06,PRD-010,power_unit,0,0,0,0.8521,0.9328
2026-06-06,PRD-016,connector,3981,0,0,0.8521,1.0471
2026-06-06,PRD-075,industrial_switch,0,0,0,0.8521,1.0288
2026-06-06,PRD-069,sensor_module,0,0,0,0.8521,1.008
2026-06-06,PRD-078,connector,0,0,0,0.8521,0.9735
2026-06-06,PRD-038,connector,0,0,0,0.8521,0.9987
2026-06-06,PRD-030,sensor_module,0,0,0,0.8521,0.9817
2026-06-06,PRD-065,connector,0,0,0,0.8521,1.0014
2026-06-06,PRD-061,industrial_switch,0,0,0,0.8521,1.052
2026-06-06,PRD-057,sensor_module,0,0,0,0.8521,1.069
2026-06-06,PRD-028,industrial_switch,0,0,0,0.8521,0.9362
2026-06-06,PRD-077,control_board,0,0,0,0.8521,0.9512
2026-06-06,PRD-067,sensor_module,2504,0,0,0.8521,0.9624
2026-06-06,PRD-044,sensor_module,0,0,0,0.8521,0.9984
2026-06-06,PRD-045,control_board,0,0,0,0.8521,1.0362
2026-06-06,PRD-063,industrial_switch,0,0,0,0.8521,1.0042
2026-06-06,PRD-015,industrial_switch,6093,0,0,0.8521,0.9948
2026-06-06,PRD-031,connector,0,0,0,0.8521,1.0559
2026-06-06,PRD-080,metal_housing,0,0,0,0.8521,1.0307
2026-06-06,PRD-043,industrial_switch,2136,0,0,0.8521,0.9427
2026-06-07,PRD-077,control_board,5778,0,0,0.8539,1.0545
2026-06-07,PRD-059,control_board,24883,0,0,0.8539,1.0607
2026-06-07,PRD-064,power_unit,3083,0,0,0.8539,1.0317
2026-06-07,PRD-071,connector,1402,0,0,0.8539,0.9397
2026-06-07,PRD-024,connector,0,0,0,0.8539,1.0266
2026-06-07,PRD-005,industrial_switch,0,0,0,0.8539,0.9474
2026-06-07,PRD-022,industrial_switch,0,0,0,0.8539,0.942
2026-06-07,PRD-033,control_board,0,0,0,0.8539,1.0287
2026-06-07,PRD-041,control_board,0,0,0,0.8539,1.0006
2026-06-07,PRD-047,metal_housing,3766,0,0,0.8539,0.9978
2026-06-07,PRD-028,industrial_switch,0,0,0,0.8539,1.0624
2026-06-07,PRD-053,industrial_switch,5237,0,0,0.8539,0.9803
2026-06-07,PRD-075,industrial_switch,0,0,0,0.8539,0.9456
2026-06-07,PRD-056,industrial_switch,0,0,0,0.8539,1.0277
2026-06-07,PRD-061,industrial_switch,0,0,0,0.8539,1.056
2026-06-07,PRD-054,power_unit,0,0,0,0.8539,0.9885
2026-06-07,PRD-065,connector,0,0,0,0.8539,1.0418
2026-06-07,PRD-074,sensor_module,0,0,0,0.8539,0.9345
2026-06-07,PRD-026,power_unit,0,0,0,0.8539,0.9627
2026-06-07,PRD-021,power_unit,0,0,0,0.8539,1.0118
2026-06-08,PRD-037,control_board,0,0,0,0.8558,0.9592
2026-06-08,PRD-033,control_board,0,0,0,0.8558,1.0441
2026-06-08,PRD-026,power_unit,0,0,0,0.8558,1.0604
2026-06-08,PRD-066,metal_housing,0,1,0,0.8558,0.9825
2026-06-08,PRD-028,industrial_switch,0,0,0,0.8558,0.951
2026-06-08,PRD-023,power_unit,0,0,0,0.8558,1.0293
2026-06-08,PRD-067,sensor_module,0,0,0,0.8558,0.9378
2026-06-08,PRD-055,power_unit,0,0,0,0.8558,0.9835
2026-06-08,PRD-070,industrial_switch,0,0,0,0.8558,1.0606
2026-06-08,PRD-038,connector,0,0,0,0.8558,1.0584
2026-06-08,PRD-054,power_unit,0,0,0,0.8558,1.0081
2026-06-08,PRD-024,connector,0,0,0,0.8558,0.958
2026-06-08,PRD-073,connector,3582,0,0,0.8558,0.9779
2026-06-08,PRD-053,industrial_switch,0,0,0,0.8558,1.0396
2026-06-08,PRD-031,connector,0,0,0,0.8558,0.9423
2026-06-08,PRD-071,connector,0,0,0,0.8558,1.0164
2026-06-08,PRD-044,sensor_module,0,0,0,0.8558,1.0613
2026-06-08,PRD-003,power_unit,0,0,0,0.8558,0.9511
2026-06-08,PRD-040,control_board,0,0,0,0.8558,0.9494
2026-06-08,PRD-068,connector,0,0,0,0.8558,1.0337
2026-06-09,PRD-031,connector,0,0,0,0.8576,1.0437
2026-06-09,PRD-001,sensor_module,0,0,0,0.8576,1.0691
2026-06-09,PRD-032,connector,0,0,0,0.8576,0.9564
2026-06-09,PRD-042,connector,0,0,0,0.8576,0.9722
2026-06-09,PRD-050,control_board,0,0,0,0.8576,0.9746
2026-06-09,PRD-071,connector,0,0,0,0.8576,0.9864
2026-06-09,PRD-003,power_unit,2596,0,0,0.8576,0.9545
2026-06-09,PRD-066,metal_housing,0,0,0,0.8576,1.0129
2026-06-09,PRD-040,control_board,0,0,0,0.8576,0.9611
2026-06-09,PRD-048,power_unit,2240,0,0,0.8576,0.9624
2026-06-09,PRD-077,control_board,0,0,0,0.8576,1.0328
2026-06-09,PRD-014,industrial_switch,13564,0,0,0.8576,0.9457
2026-06-09,PRD-076,metal_housing,0,0,0,0.8576,0.9564
2026-06-09,PRD-036,connector,0,0,0,0.8576,0.9655
2026-06-09,PRD-020,control_board,0,0,0,0.8576,0.9997
2026-06-09,PRD-006,sensor_module,9534,0,0,0.8576,0.9942
2026-06-09,PRD-021,power_unit,0,0,0,0.8576,1.018
2026-06-09,PRD-017,metal_housing,0,0,0,0.8576,0.963
2026-06-09,PRD-010,power_unit,0,0,0,0.8576,1.0016
2026-06-09,PRD-018,sensor_module,0,0,0,0.8576,0.993
2026-06-10,PRD-078,connector,0,0,0,0.8595,1.0575
2026-06-10,PRD-006,sensor_module,1224,0,0,0.8595,0.988
2026-06-10,PRD-049,power_unit,0,0,0,0.8595,0.9846
2026-06-10,PRD-076,metal_housing,0,0,0,0.8595,0.9321
2026-06-10,PRD-005,industrial_switch,0,0,0,0.8595,1.011
2026-06-10,PRD-063,industrial_switch,0,0,0,0.8595,1.0054
2026-06-10,PRD-075,industrial_switch,0,0,0,0.8595,0.9617
2026-06-10,PRD-025,power_unit,0,0,0,0.8595,1.0421
2026-06-10,PRD-079,connector,0,0,0,0.8595,0.9887
2026-06-10,PRD-015,industrial_switch,0,0,0,0.8595,0.9445
2026-06-10,PRD-062,sensor_module,0,0,0,0.8595,0.9885
2026-06-10,PRD-042,connector,0,0,0,0.8595,0.9992
2026-06-10,PRD-017,metal_housing,0,1,0,0.8595,0.965
2026-06-10,PRD-060,connector,1574,0,0,0.8595,0.9872
2026-06-10,PRD-040,control_board,0,0,0,0.8595,0.9672
2026-06-10,PRD-001,sensor_module,6126,0,0,0.8595,0.9341
2026-06-10,PRD-046,control_board,0,0,0,0.8595,0.9613
2026-06-10,PRD-048,power_unit,0,0,0,0.8595,1.0234
2026-06-10,PRD-010,power_unit,0,0,0,0.8595,1.0692
2026-06-10,PRD-027,power_unit,4629,0,0,0.8595,0.9331
2026-06-11,PRD-067,sensor_module,0,0,0,0.8615,1.0355
2026-06-11,PRD-058,sensor_module,0,0,0,0.8615,0.9389
2026-06-11,PRD-003,power_unit,0,0,0,0.8615,0.9328
2026-06-11,PRD-005,industrial_switch,0,0,0,0.8615,0.9792
2026-06-11,PRD-069,sensor_module,0,0,0,0.8615,1.0597
2026-06-11,PRD-051,control_board,1145,0,0,0.8615,1.0414
2026-06-11,PRD-074,sensor_module,0,1,0,0.8615,0.9951
2026-06-11,PRD-049,power_unit,0,0,0,0.8615,0.999
2026-06-11,PRD-027,power_unit,0,0,0,0.8615,1.0638
2026-06-11,PRD-075,industrial_switch,0,0,0,0.8615,0.9803
2026-06-11,PRD-002,sensor_module,4181,0,0,0.8615,1.034
2026-06-11,PRD-035,sensor_module,9272,0,0,0.8615,1.0586
2026-06-11,PRD-024,connector,0,0,0,0.8615,1.0688
2026-06-11,PRD-009,power_unit,0,0,0,0.8615,1.0461
2026-06-11,PRD-066,metal_housing,0,0,0,0.8615,1.0174
2026-06-11,PRD-008,power_unit,0,0,0,0.8615,0.9564
2026-06-11,PRD-037,control_board,0,0,0,0.8615,0.9981
2026-06-11,PRD-019,control_board,0,0,0,0.8615,1.0483
2026-06-11,PRD-073,connector,3325,0,0,0.8615,0.936
2026-06-11,PRD-047,metal_housing,0,0,0,0.8615,0.9304
2026-06-12,PRD-012,connector,0,0,0,0.8635,0.9973
2026-06-12,PRD-074,sensor_module,0,0,0,0.8635,0.9788
2026-06-12,PRD-032,connector,0,0,0,0.8635,1.0136
2026-06-12,PRD-040,control_board,0,0,0,0.8635,0.9713
2026-06-12,PRD-043,industrial_switch,0,0,0,0.8635,1.0199
2026-06-12,PRD-020,control_board,0,0,0,0.8635,0.9883
2026-06-12,PRD-023,power_unit,0,0,0,0.8635,0.9488
2026-06-12,PRD-067,sensor_module,0,0,0,0.8635,1.0495
2026-06-12,PRD-044,sensor_module,0,0,0,0.8635,1.0214
2026-06-12,PRD-046,control_board,4185,0,0,0.8635,0.9692
2026-06-12,PRD-061,industrial_switch,0,0,0,0.8635,1.0212
2026-06-12,PRD-010,power_unit,2639,0,0,0.8635,0.9673
2026-06-12,PRD-041,control_board,0,0,0,0.8635,1.0658
2026-06-12,PRD-028,industrial_switch,0,0,0,0.8635,1.0624
2026-06-12,PRD-038,connector,0,1,0,0.8635,0.9722
2026-06-12,PRD-060,connector,0,0,0,0.8635,0.9777
2026-06-12,PRD-057,sensor_module,0,0,0,0.8635,1.0209
2026-06-12,PRD-003,power_unit,0,0,0,0.8635,1.0201
2026-06-12,PRD-049,power_unit,0,0,0,0.8635,1.0659
2026-06-12,PRD-056,industrial_switch,1072,0,0,0.8635,0.9372
2026-06-13,PRD-059,control_board,0,0,0,0.8655,1.0089
2026-06-13,PRD-064,power_unit,0,0,0,0.8655,1.0395
2026-06-13,PRD-073,connector,1321,0,0,0.8655,1.0007
2026-06-13,PRD-014,industrial_switch,0,0,0,0.8655,0.9913
2026-06-13,PRD-070,industrial_switch,0,0,0,0.8655,0.9406
2026-06-13,PRD-042,connector,0,0,0,0.8655,1.0416
2026-06-13,PRD-066,metal_housing,0,0,0,0.8655,1.0457
2026-06-13,PRD-010,power_unit,0,0,0,0.8655,0.977
2026-06-13,PRD-043,industrial_switch,0,0,0,0.8655,0.9418
2026-06-13,PRD-019,control_board,0,0,0,0.8655,0.9456
2026-06-13,PRD-075,industrial_switch,0,0,0,0.8655,1.0105
2026-06-13,PRD-067,sensor_module,4681,0,0,0.8655,1.0259
2026-06-13,PRD-077,control_board,0,0,0,0.8655,1.0693
2026-06-13,PRD-028,industrial_switch,0,0,0,0.8655,1.0434
2026-06-13,PRD-068,connector,2012,0,0,0.8655,1.0358
2026-06-13,PRD-062,sensor_module,0,0,0,0.8655,1.0307
2026-06-13,PRD-074,sensor_module,0,0,0,0.8655,0.9992
2026-06-13,PRD-060,connector,0,0,0,0.8655,1.0424
2026-06-13,PRD-013,industrial_switch,0,0,0,0.8655,1.0222
2026-06-13,PRD-080,metal_housing,0,0,0,0.8655,1.0001
2026-06-14,PRD-044,sensor_module,0,0,0,0.8676,1.0034
2026-06-14,PRD-079,connector,0,0,0,0.8676,1.0161
2026-06-14,PRD-040,control_board,12412,0,0,0.8676,1.0192
2026-06-14,PRD-045,control_board,1719,0,0,0.8676,1.0321
2026-06-14,PRD-075,industrial_switch,0,1,0,0.8676,1.0239
2026-06-14,PRD-007,control_board,0,0,0,0.8676,1.0552
2026-06-14,PRD-034,power_unit,0,0,0,0.8676,1.0362
2026-06-14,PRD-064,power_unit,0,0,0,0.8676,0.9795
2026-06-14,PRD-013,industrial_switch,0,0,0,0.8676,1.0324
2026-06-14,PRD-017,metal_housing,0,0,0,0.8676,1.0226
2026-06-14,PRD-010,power_unit,0,0,0,0.8676,0.9354
2026-06-14,PRD-071,connector,0,0,0,0.8676,1.0326
2026-06-14,PRD-023,power_unit,2530,0,0,0.8676,1.0579
2026-06-14,PRD-003,power_unit,0,0,0,0.8676,1.0563
2026-06-14,PRD-043,industrial_switch,0,0,0,0.8676,1.0461
2026-06-14,PRD-014,industrial_switch,0,0,0,0.8676,1.0695
2026-06-14,PRD-030,sensor_module,0,0,0,0.8676,0.9836
2026-06-14,PRD-015,industrial_switch,0,0,0,0.8676,0.981
2026-06-14,PRD-002,sensor_module,0,0,0,0.8676,1.0558
2026-06-14,PRD-037,control_board,0,0,0,0.8676,0.9777
2026-06-15,PRD-022,industrial_switch,0,0,0,0.8697,1.021
2026-06-15,PRD-009,power_unit,0,0,0,0.8697,1.0446
2026-06-15,PRD-010,power_unit,0,0,0,0.8697,0.9822
2026-06-15,PRD-024,connector,1603,0,0,0.8697,1.0575
2026-06-15,PRD-072,metal_housing,0,0,0,0.8697,0.9643
2026-06-15,PRD-016,connector,5770,0,0,0.8697,1.0253
2026-06-15,PRD-073,connector,5482,0,0,0.8697,1.0518
2026-06-15,PRD-053,industrial_switch,0,0,0,0.8697,1.0399
2026-06-15,PRD-071,connector,0,0,0,0.8697,0.9506
2026-06-15,PRD-063,industrial_switch,2727,0,0,0.8697,0.9508
2026-06-15,PRD-012,connector,0,0,0,0.8697,0.9989
2026-06-15,PRD-041,control_board,0,0,0,0.8697,0.9897
2026-06-15,PRD-044,sensor_module,0,0,0,0.8697,0.9451
2026-06-15,PRD-056,industrial_switch,0,0,0,0.8697,0.9644
2026-06-15,PRD-070,industrial_switch,0,0,0,0.8697,0.9805
2026-06-15,PRD-069,sensor_module,7678,0,0,0.8697,1.0341
2026-06-15,PRD-018,sensor_module,0,0,0,0.8697,1.0423
2026-06-15,PRD-032,connector,2575,0,0,0.8697,1.0163
2026-06-15,PRD-078,connector,4089,0,0,0.8697,1.0129
2026-06-15,PRD-025,power_unit,4239,0,0,0.8697,1.0073
2026-06-16,PRD-027,power_unit,0,0,0,0.8719,0.9396
2026-06-16,PRD-002,sensor_module,0,0,0,0.8719,1.0672
2026-06-16,PRD-050,control_board,7273,0,0,0.8719,0.9846
2026-06-16,PRD-015,industrial_switch,0,0,0,0.8719,0.9589
2026-06-16,PRD-031,connector,0,0,0,0.8719,0.9835
2026-06-16,PRD-044,sensor_module,0,0,0,0.8719,0.9939
2026-06-16,PRD-012,connector,0,0,0,0.8719,0.9845
2026-06-16,PRD-035,sensor_module,0,0,0,0.8719,0.981
2026-06-16,PRD-045,control_board,7537,0,0,0.8719,0.9946
2026-06-16,PRD-019,control_board,0,0,0,0.8719,0.9653
2026-06-16,PRD-058,sensor_module,4727,0,0,0.8719,0.9833
2026-06-16,PRD-039,industrial_switch,0,0,0,0.8719,0.9333
2026-06-16,PRD-013,industrial_switch,6666,1,0,0.8719,0.9807
2026-06-16,PRD-010,power_unit,0,0,0,0.8719,0.9885
2026-06-16,PRD-048,power_unit,0,0,0,0.8719,1.0118
2026-06-16,PRD-076,metal_housing,0,0,0,0.8719,0.9791
2026-06-16,PRD-073,connector,0,0,0,0.8719,0.9535
2026-06-16,PRD-025,power_unit,0,0,0,0.8719,0.9411
2026-06-16,PRD-034,power_unit,3681,0,0,0.8719,0.9819
2026-06-16,PRD-040,control_board,0,0,0,0.8719,0.9388
2026-06-17,PRD-041,control_board,0,0,0,0.8741,0.9688
2026-06-17,PRD-048,power_unit,0,0,0,0.8741,0.9707
2026-06-17,PRD-034,power_unit,0,0,0,0.8741,1.0359
2026-06-17,PRD-040,control_board,3044,0,0,0.8741,0.9506
2026-06-17,PRD-046,control_board,0,0,0,0.8741,0.9371
2026-06-17,PRD-008,power_unit,0,0,0,0.8741,0.9536
2026-06-17,PRD-015,industrial_switch,0,0,0,0.8741,0.9778
2026-06-17,PRD-036,connector,0,0,0,0.8741,1.0265
2026-06-17,PRD-038,connector,0,0,0,0.8741,0.9784
2026-06-17,PRD-063,industrial_switch,6007,0,0,0.8741,0.9728
2026-06-17,PRD-003,power_unit,0,0,0,0.8741,1.0617
2026-06-17,PRD-028,industrial_switch,0,0,0,0.8741,0.9626
2026-06-17,PRD-067,sensor_module,0,0,0,0.8741,0.9919
2026-06-17,PRD-055,power_unit,12259,0,0,0.8741,1.0099
2026-06-17,PRD-002,sensor_module,0,0,0,0.8741,0.997
2026-06-17,PRD-021,power_unit,0,0,0,0.8741,0.9832
2026-06-17,PRD-001,sensor_module,3636,0,0,0.8741,0.9464
2026-06-17,PRD-031,connector,0,0,0,0.8741,1.0003
2026-06-17,PRD-080,metal_housing,0,0,0,0.8741,1.0029
2026-06-17,PRD-050,control_board,0,0,0,0.8741,1.0128
2026-06-18,PRD-057,sensor_module,0,0,0,0.8763,1.018
2026-06-18,PRD-037,control_board,0,0,0,0.8763,1.0038
2026-06-18,PRD-017,metal_housing,0,0,0,0.8763,0.9643
2026-06-18,PRD-014,industrial_switch,0,0,0,0.8763,0.9692
2026-06-18,PRD-054,power_unit,0,0,0,0.8763,1.029
2026-06-18,PRD-058,sensor_module,0,0,0,0.8763,0.9705
2026-06-18,PRD-074,sensor_module,0,0,0,0.8763,1.0314
2026-06-18,PRD-053,industrial_switch,0,0,0,0.8763,0.9679
2026-06-18,PRD-018,sensor_module,0,0,0,0.8763,0.9674
2026-06-18,PRD-031,connector,0,0,0,0.8763,0.9884
2026-06-18,PRD-028,industrial_switch,0,0,0,0.8763,0.9736
2026-06-18,PRD-016,connector,0,0,0,0.8763,1.0671
2026-06-18,PRD-073,connector,0,0,0,0.8763,1.0683
2026-06-18,PRD-061,industrial_switch,0,0,0,0.8763,1.0118
2026-06-18,PRD-068,connector,0,0,0,0.8763,1.0698
2026-06-18,PRD-042,connector,0,0,0,0.8763,1.0231
2026-06-18,PRD-007,control_board,0,0,0,0.8763,1.0651
2026-06-18,PRD-062,sensor_module,0,0,0,0.8763,1.0643
2026-06-18,PRD-013,industrial_switch,0,0,0,0.8763,1.018
2026-06-18,PRD-027,power_unit,0,0,0,0.8763,0.9333
2026-06-19,PRD-034,power_unit,0,0,0,0.8786,0.9779
2026-06-19,PRD-010,power_unit,0,0,0,0.8786,1.0155
2026-06-19,PRD-016,connector,0,0,0,0.8786,0.9786
2026-06-19,PRD-033,control_board,0,0,0,0.8786,0.9854
2026-06-19,PRD-021,power_unit,0,0,0,0.8786,0.9904
2026-06-19,PRD-074,sensor_module,0,0,0,0.8786,0.9541
2026-06-19,PRD-024,connector,0,0,0,0.8786,0.9322
2026-06-19,PRD-012,connector,0,0,0,0.8786,1.012
2026-06-19,PRD-068,connector,0,0,0,0.8786,0.9767
2026-06-19,PRD-054,power_unit,0,0,0,0.8786,1.0494
2026-06-19,PRD-069,sensor_module,0,0,0,0.8786,0.9338
2026-06-19,PRD-007,control_board,0,0,0,0.8786,1.0102
2026-06-19,PRD-003,power_unit,0,0,0,0.8786,1.0469
2026-06-19,PRD-006,sensor_module,0,0,0,0.8786,1.0444
2026-06-19,PRD-004,control_board,0,0,0,0.8786,0.9673
2026-06-19,PRD-079,connector,0,0,0,0.8786,0.9311
2026-06-19,PRD-005,industrial_switch,0,0,0,0.8786,0.9997
2026-06-19,PRD-046,control_board,0,0,0,0.8786,1.0474
2026-06-19,PRD-018,sensor_module,0,0,0,0.8786,1.0053
2026-06-19,PRD-052,metal_housing,0,0,0,0.8786,0.9667
2026-06-20,PRD-006,sensor_module,0,0,0,0.8809,0.9513
2026-06-20,PRD-079,connector,0,0,0,0.8809,0.9675
2026-06-20,PRD-048,power_unit,0,0,0,0.8809,0.9668
2026-06-20,PRD-021,power_unit,0,0,0,0.8809,1.0126
2026-06-20,PRD-003,power_unit,0,0,0,0.8809,0.9723
2026-06-20,PRD-080,metal_housing,0,0,0,0.8809,0.9422
2026-06-20,PRD-017,metal_housing,0,0,0,0.8809,1.0539
2026-06-20,PRD-066,metal_housing,0,0,0,0.8809,0.9475
2026-06-20,PRD-042,connector,0,0,0,0.8809,1.0645
2026-06-20,PRD-067,sensor_module,0,0,0,0.8809,0.9772
2026-06-20,PRD-075,industrial_switch,0,0,0,0.8809,0.9532
2026-06-20,PRD-016,connector,0,0,0,0.8809,1.0115
2026-06-20,PRD-054,power_unit,0,0,0,0.8809,0.9788
2026-06-20,PRD-007,control_board,0,0,0,0.8809,0.9433
2026-06-20,PRD-073,connector,0,0,0,0.8809,1.0262
2026-06-20,PRD-060,connector,0,0,0,0.8809,1.0027
2026-06-20,PRD-035,sensor_module,0,0,0,0.8809,0.9741
2026-06-20,PRD-078,connector,0,0,0,0.8809,0.9731
2026-06-20,PRD-010,power_unit,0,0,0,0.8809,1.069
2026-06-20,PRD-012,connector,0,0,0,0.8809,0.9324
2026-06-21,PRD-062,sensor_module,0,0,0,0.8832,1.0422
2026-06-21,PRD-030,sensor_module,0,0,0,0.8832,1.0161
2026-06-21,PRD-012,connector,0,0,0,0.8832,1.0255
2026-06-21,PRD-065,connector,0,0,0,0.8832,0.9775
2026-06-21,PRD-054,power_unit,0,0,0,0.8832,0.9674
2026-06-21,PRD-080,metal_housing,0,1,0,0.8832,1.0657
2026-06-21,PRD-022,industrial_switch,0,0,0,0.8832,1.0496
2026-06-21,PRD-034,power_unit,0,0,0,0.8832,1.0547
2026-06-21,PRD-078,connector,0,0,0,0.8832,0.9572
2026-06-21,PRD-045,control_board,0,0,0,0.8832,1.0028
2026-06-21,PRD-038,connector,0,0,0,0.8832,1.0087
2026-06-21,PRD-042,connector,0,0,0,0.8832,1.0304
2026-06-21,PRD-069,sensor_module,0,0,0,0.8832,1.0435
2026-06-21,PRD-023,power_unit,0,0,0,0.8832,0.9898
2026-06-21,PRD-057,sensor_module,0,0,0,0.8832,0.9929
2026-06-21,PRD-001,sensor_module,0,0,0,0.8832,1.0453
2026-06-21,PRD-028,industrial_switch,0,0,0,0.8832,0.9414
2026-06-21,PRD-039,industrial_switch,0,0,0,0.8832,0.9623
2026-06-21,PRD-075,industrial_switch,0,1,0,0.8832,1.045
2026-06-21,PRD-050,control_board,0,0,0,0.8832,0.9648
2026-06-22,PRD-069,sensor_module,0,0,0,0.8856,1.0637
2026-06-22,PRD-065,connector,0,0,0,0.8856,0.9831
2026-06-22,PRD-079,connector,0,0,0,0.8856,1.0635
2026-06-22,PRD-008,power_unit,0,0,0,0.8856,0.9536
2026-06-22,PRD-042,connector,0,0,0,0.8856,0.9941
2026-06-22,PRD-006,sensor_module,0,0,0,0.8856,1.068
2026-06-22,PRD-027,power_unit,0,0,0,0.8856,0.9951
2026-06-22,PRD-030,sensor_module,0,0,0,0.8856,1.0673
2026-06-22,PRD-045,control_board,0,0,0,0.8856,1.0585
2026-06-22,PRD-057,sensor_module,0,0,0,0.8856,0.9538
2026-06-22,PRD-020,control_board,0,0,0,0.8856,1.0383
2026-06-22,PRD-031,connector,0,0,0,0.8856,0.9649
2026-06-22,PRD-025,power_unit,0,0,0,0.8856,1.0427
2026-06-22,PRD-072,metal_housing,0,0,0,0.8856,1.0311
2026-06-22,PRD-028,industrial_switch,0,0,0,0.8856,1.0687
2026-06-22,PRD-029,connector,0,0,0,0.8856,0.9776
2026-06-22,PRD-012,connector,0,0,0,0.8856,1.0305
2026-06-22,PRD-060,connector,0,0,0,0.8856,1.0493
2026-06-22,PRD-075,industrial_switch,0,1,0,0.8856,0.9808
2026-06-22,PRD-038,connector,0,0,0,0.8856,1.0543
2026-06-23,PRD-022,industrial_switch,0,0,0,0.888,1.0301
2026-06-23,PRD-025,power_unit,0,0,0,0.888,1.0584
2026-06-23,PRD-039,industrial_switch,0,0,0,0.888,1.041
2026-06-23,PRD-044,sensor_module,0,0,0,0.888,0.9595
2026-06-23,PRD-011,industrial_switch,0,0,0,0.888,1.0451
2026-06-23,PRD-078,connector,0,0,0,0.888,1.0112
2026-06-23,PRD-068,connector,0,0,0,0.888,0.9647
2026-06-23,PRD-045,control_board,0,0,0,0.888,0.9798
2026-06-23,PRD-020,control_board,0,0,0,0.888,0.9664
2026-06-23,PRD-026,power_unit,0,0,0,0.888,0.9649
2026-06-23,PRD-006,sensor_module,0,0,0,0.888,0.977
2026-06-23,PRD-079,connector,0,0,0,0.888,1.0363
2026-06-23,PRD-042,connector,0,0,0,0.888,0.9699
2026-06-23,PRD-064,power_unit,0,0,0,0.888,1.0023
2026-06-23,PRD-040,control_board,0,0,0,0.888,1.0086
2026-06-23,PRD-060,connector,0,0,0,0.888,0.9427
2026-06-23,PRD-010,power_unit,0,0,0,0.888,1.0476
2026-06-23,PRD-001,sensor_module,0,0,0,0.888,0.9356
2026-06-23,PRD-059,control_board,0,0,0,0.888,0.9387
2026-06-23,PRD-009,power_unit,0,0,0,0.888,1.0
2026-06-24,PRD-017,metal_housing,0,0,0,0.8905,1.047
2026-06-24,PRD-078,connector,0,0,0,0.8905,0.9995
2026-06-24,PRD-010,power_unit,0,0,0,0.8905,0.9872
2026-06-24,PRD-067,sensor_module,0,0,0,0.8905,0.9475
2026-06-24,PRD-013,industrial_switch,0,0,0,0.8905,0.9954
2026-06-24,PRD-037,control_board,0,0,0,0.8905,1.049
2026-06-24,PRD-059,control_board,0,0,0,0.8905,0.9564
2026-06-24,PRD-035,sensor_module,0,0,0,0.8905,0.9567
2026-06-24,PRD-045,control_board,0,0,0,0.8905,1.0258
2026-06-24,PRD-046,control_board,0,0,0,0.8905,1.0499
2026-06-24,PRD-027,power_unit,0,0,0,0.8905,1.0547
2026-06-24,PRD-008,power_unit,0,0,0,0.8905,0.9401
2026-06-24,PRD-011,industrial_switch,0,0,0,0.8905,0.9731
2026-06-24,PRD-049,power_unit,0,0,0,0.8905,0.9784
2026-06-24,PRD-064,power_unit,0,0,0,0.8905,1.01
2026-06-24,PRD-031,connector,0,0,0,0.8905,0.9352
2026-06-24,PRD-034,power_unit,0,0,0,0.8905,0.9928
2026-06-24,PRD-051,control_board,0,0,0,0.8905,1.0327
2026-06-24,PRD-038,connector,0,0,0,0.8905,1.049
2026-06-24,PRD-009,power_unit,0,0,0,0.8905,0.9611
2026-06-25,PRD-051,control_board,0,0,0,0.8929,0.9482
2026-06-25,PRD-057,sensor_module,0,0,0,0.8929,0.9581
2026-06-25,PRD-073,connector,0,0,0,0.8929,1.0535
2026-06-25,PRD-067,sensor_module,0,0,0,0.8929,0.9422
2026-06-25,PRD-069,sensor_module,0,0,0,0.8929,1.0549
2026-06-25,PRD-056,industrial_switch,0,0,0,0.8929,0.9347
2026-06-25,PRD-025,power_unit,0,0,0,0.8929,1.0471
2026-06-25,PRD-011,industrial_switch,0,0,0,0.8929,1.0344
2026-06-25,PRD-072,metal_housing,0,0,0,0.8929,0.9626
2026-06-25,PRD-033,control_board,0,0,0,0.8929,1.0304
2026-06-25,PRD-077,control_board,0,0,0,0.8929,1.0085
2026-06-25,PRD-020,control_board,0,0,0,0.8929,0.9515
2026-06-25,PRD-076,metal_housing,0,0,0,0.8929,1.0647
2026-06-25,PRD-014,industrial_switch,0,0,0,0.8929,1.0205
2026-06-25,PRD-023,power_unit,0,0,0,0.8929,1.0448
2026-06-25,PRD-022,industrial_switch,0,0,0,0.8929,1.0169
2026-06-25,PRD-024,connector,0,0,0,0.8929,1.0425
2026-06-25,PRD-070,industrial_switch,0,0,0,0.8929,0.9626
2026-06-25,PRD-003,power_unit,0,0,0,0.8929,1.0363
2026-06-25,PRD-007,control_board,0,0,0,0.8929,0.9342
2026-06-26,PRD-062,sensor_module,0,0,0,0.8955,0.9454
2026-06-26,PRD-067,sensor_module,0,0,0,0.8955,0.9781
2026-06-26,PRD-039,industrial_switch,0,0,0,0.8955,0.9305
2026-06-26,PRD-045,control_board,0,0,0,0.8955,0.944
2026-06-26,PRD-020,control_board,0,0,0,0.8955,1.0318
2026-06-26,PRD-030,sensor_module,0,0,0,0.8955,1.0514
2026-06-26,PRD-063,industrial_switch,0,0,0,0.8955,0.9968
2026-06-26,PRD-048,power_unit,0,0,0,0.8955,1.0646
2026-06-26,PRD-005,industrial_switch,0,0,0,0.8955,0.9302
2026-06-26,PRD-061,industrial_switch,0,0,0,0.8955,0.9911
2026-06-26,PRD-059,control_board,0,1,0,0.8955,1.0261
2026-06-26,PRD-054,power_unit,0,0,0,0.8955,1.0359
2026-06-26,PRD-024,connector,0,0,0,0.8955,0.9331
2026-06-26,PRD-033,control_board,0,0,0,0.8955,1.0139
2026-06-26,PRD-053,industrial_switch,0,0,0,0.8955,0.9355
2026-06-26,PRD-027,power_unit,0,0,0,0.8955,0.9573
2026-06-26,PRD-079,connector,0,0,0,0.8955,0.9951
2026-06-26,PRD-075,industrial_switch,0,0,0,0.8955,0.9684
2026-06-26,PRD-016,connector,0,0,0,0.8955,0.9336
2026-06-26,PRD-071,connector,0,0,0,0.8955,1.0169
2026-06-27,PRD-058,sensor_module,0,0,0,0.898,0.9307
2026-06-27,PRD-053,industrial_switch,0,0,0,0.898,1.0629
2026-06-27,PRD-041,control_board,0,0,0,0.898,0.9534
2026-06-27,PRD-079,connector,0,0,0,0.898,0.9583
2026-06-27,PRD-043,industrial_switch,0,0,0,0.898,0.9999
2026-06-27,PRD-001,sensor_module,0,0,0,0.898,0.9798
2026-06-27,PRD-013,industrial_switch,0,1,0,0.898,1.0303
2026-06-27,PRD-002,sensor_module,0,0,0,0.898,1.0398
2026-06-27,PRD-004,control_board,0,0,0,0.898,0.9508
2026-06-27,PRD-059,control_board,0,0,0,0.898,1.0086
2026-06-27,PRD-009,power_unit,0,0,0,0.898,1.0066
2026-06-27,PRD-005,industrial_switch,0,0,0,0.898,0.9857
2026-06-27,PRD-074,sensor_module,0,0,0,0.898,1.0535
2026-06-27,PRD-069,sensor_module,0,0,0,0.898,1.001
2026-06-27,PRD-007,control_board,0,0,0,0.898,1.0044
2026-06-27,PRD-049,power_unit,0,0,0,0.898,0.9301
2026-06-27,PRD-022,industrial_switch,0,0,0,0.898,1.0234
2026-06-27,PRD-029,connector,0,0,0,0.898,1.0611
2026-06-27,PRD-048,power_unit,0,0,0,0.898,1.0464
2026-06-27,PRD-032,connector,0,0,0,0.898,1.0383
2026-06-28,PRD-048,power_unit,0,0,0,0.9006,1.0365
2026-06-28,PRD-002,sensor_module,0,0,0,0.9006,1.0077
2026-06-28,PRD-006,sensor_module,0,0,0,0.9006,0.9755
2026-06-28,PRD-033,control_board,0,0,0,0.9006,1.0609
2026-06-28,PRD-001,sensor_module,0,0,0,0.9006,0.9361
2026-06-28,PRD-040,control_board,0,0,0,0.9006,0.9815
2026-06-28,PRD-080,metal_housing,0,0,0,0.9006,1.0462
2026-06-28,PRD-016,connector,0,1,0,0.9006,0.9949
2026-06-28,PRD-025,power_unit,0,0,0,0.9006,0.9809
2026-06-28,PRD-050,control_board,0,0,0,0.9006,0.9464
2026-06-28,PRD-027,power_unit,0,0,0,0.9006,0.986
2026-06-28,PRD-019,control_board,0,0,0,0.9006,1.044
2026-06-28,PRD-017,metal_housing,0,0,0,0.9006,1.0444
2026-06-28,PRD-024,connector,0,1,0,0.9006,1.0228
2026-06-28,PRD-007,control_board,0,0,0,0.9006,0.993
2026-06-28,PRD-061,industrial_switch,0,0,0,0.9006,1.0009
2026-06-28,PRD-036,connector,0,0,0,0.9006,1.0118
2026-06-28,PRD-049,power_unit,0,0,0,0.9006,0.9418
2026-06-28,PRD-057,sensor_module,0,0,0,0.9006,1.0572
2026-06-28,PRD-008,power_unit,0,0,0,0.9006,1.0683
2026-06-29,PRD-034,power_unit,0,1,0,0.9032,1.0613
2026-06-29,PRD-008,power_unit,0,0,0,0.9032,0.9823
2026-06-29,PRD-077,control_board,0,0,0,0.9032,0.9438
2026-06-29,PRD-071,connector,0,0,0,0.9032,0.9324
2026-06-29,PRD-040,control_board,0,0,0,0.9032,0.9862
2026-06-29,PRD-009,power_unit,0,0,0,0.9032,1.0265
2026-06-29,PRD-023,power_unit,0,0,0,0.9032,0.9395
2026-06-29,PRD-005,industrial_switch,0,0,0,0.9032,0.9914
2026-06-29,PRD-067,sensor_module,0,0,0,0.9032,0.9664
2026-06-29,PRD-031,connector,0,0,0,0.9032,0.9928
2026-06-29,PRD-050,control_board,0,0,0,0.9032,1.0533
2026-06-29,PRD-022,industrial_switch,0,0,0,0.9032,1.0004
2026-06-29,PRD-010,power_unit,0,0,0,0.9032,0.9687
2026-06-29,PRD-018,sensor_module,0,0,0,0.9032,0.9478
2026-06-29,PRD-073,connector,0,0,0,0.9032,0.9554
2026-06-29,PRD-029,connector,0,0,0,0.9032,1.0406
2026-06-29,PRD-020,control_board,0,0,0,0.9032,0.9595
2026-06-29,PRD-066,metal_housing,0,0,0,0.9032,0.9625
2026-06-29,PRD-059,control_board,0,0,0,0.9032,1.0526
2026-06-29,PRD-002,sensor_module,0,0,0,0.9032,0.9353
2026-06-30,PRD-019,control_board,0,1,0,0.9058,1.0226
2026-06-30,PRD-067,sensor_module,0,0,0,0.9058,1.0611
2026-06-30,PRD-039,industrial_switch,0,0,0,0.9058,0.9435
2026-06-30,PRD-029,connector,0,0,0,0.9058,0.9451
2026-06-30,PRD-021,power_unit,0,0,0,0.9058,1.0693
2026-06-30,PRD-016,connector,0,0,0,0.9058,1.0436
2026-06-30,PRD-017,metal_housing,0,0,0,0.9058,1.0568
2026-06-30,PRD-049,power_unit,0,0,0,0.9058,0.9382
2026-06-30,PRD-018,sensor_module,0,0,0,0.9058,0.9841
2026-06-30,PRD-040,control_board,0,0,0,0.9058,0.9859
2026-06-30,PRD-079,connector,0,0,0,0.9058,0.9601
2026-06-30,PRD-074,sensor_module,0,0,0,0.9058,1.01
2026-06-30,PRD-020,control_board,0,0,0,0.9058,0.9996
2026-06-30,PRD-061,industrial_switch,0,0,0,0.9058,1.0545
2026-06-30,PRD-070,industrial_switch,0,0,0,0.9058,1.0597
2026-06-30,PRD-041,control_board,0,0,0,0.9058,0.9375
2026-06-30,PRD-068,connector,0,0,0,0.9058,1.0439
2026-06-30,PRD-004,control_board,0,0,0,0.9058,1.0628
2026-06-30,PRD-035,sensor_module,0,0,0,0.9058,1.0064
2026-06-30,PRD-072,metal_housing,0,0,0,0.9058,0.986
2026-07-01,PRD-032,connector,0,0,0,0.9084,0.9572
2026-07-01,PRD-016,connector,0,0,0,0.9084,0.9716
2026-07-01,PRD-035,sensor_module,0,0,0,0.9084,1.0621
2026-07-01,PRD-058,sensor_module,0,0,0,0.9084,1.0652
2026-07-01,PRD-076,metal_housing,0,0,0,0.9084,1.0015
2026-07-01,PRD-052,metal_housing,0,0,0,0.9084,0.9737
2026-07-01,PRD-050,control_board,0,0,0,0.9084,1.0067
2026-07-01,PRD-045,control_board,0,0,0,0.9084,1.0209
2026-07-01,PRD-025,power_unit,0,0,0,0.9084,1.0203
2026-07-01,PRD-062,sensor_module,0,0,0,0.9084,0.9434
2026-07-01,PRD-071,connector,0,0,0,0.9084,1.0248
2026-07-01,PRD-073,connector,0,0,0,0.9084,0.9755
2026-07-01,PRD-022,industrial_switch,0,0,0,0.9084,0.9551
2026-07-01,PRD-039,industrial_switch,0,0,0,0.9084,1.0388
2026-07-01,PRD-047,metal_housing,0,0,0,0.9084,0.9952
2026-07-01,PRD-057,sensor_module,0,0,0,0.9084,1.0107
2026-07-01,PRD-072,metal_housing,0,0,0,0.9084,0.9688
2026-07-01,PRD-033,control_board,0,0,0,0.9084,1.0205
2026-07-01,PRD-049,power_unit,0,0,0,0.9084,0.9709
2026-07-01,PRD-013,industrial_switch,0,0,0,0.9084,1.0618
2026-07-02,PRD-077,control_board,0,0,0,0.9111,0.948
2026-07-02,PRD-028,industrial_switch,0,0,0,0.9111,0.9591
2026-07-02,PRD-065,connector,0,0,0,0.9111,0.9585
2026-07-02,PRD-013,industrial_switch,0,0,0,0.9111,1.0255
2026-07-02,PRD-042,connector,0,0,0,0.9111,1.0518
2026-07-02,PRD-046,control_board,0,0,0,0.9111,0.9921
2026-07-02,PRD-030,sensor_module,0,0,0,0.9111,0.9532
2026-07-02,PRD-023,power_unit,0,0,0,0.9111,1.0482
2026-07-02,PRD-031,connector,0,0,0,0.9111,0.9349
2026-07-02,PRD-021,power_unit,0,0,0,0.9111,1.0558
2026-07-02,PRD-050,control_board,0,0,0,0.9111,0.9855
2026-07-02,PRD-057,sensor_module,0,0,0,0.9111,0.9589
2026-07-02,PRD-047,metal_housing,0,0,0,0.9111,0.9831
2026-07-02,PRD-071,connector,0,0,0,0.9111,0.9528
2026-07-02,PRD-018,sensor_module,0,0,0,0.9111,0.9763
2026-07-02,PRD-073,connector,0,0,0,0.9111,1.064
2026-07-02,PRD-040,control_board,0,0,0,0.9111,0.9868
2026-07-02,PRD-035,sensor_module,0,0,0,0.9111,0.9868
2026-07-02,PRD-020,control_board,0,0,0,0.9111,0.9407
2026-07-02,PRD-029,connector,0,0,0,0.9111,0.9927
2026-07-03,PRD-033,control_board,0,0,0,0.9138,1.0657
2026-07-03,PRD-052,metal_housing,0,0,0,0.9138,1.0142
2026-07-03,PRD-017,metal_housing,0,0,0,0.9138,0.9994
2026-07-03,PRD-069,sensor_module,0,0,0,0.9138,1.0128
2026-07-03,PRD-020,control_board,0,0,0,0.9138,0.9573
2026-07-03,PRD-078,connector,0,0,0,0.9138,0.9753
2026-07-03,PRD-045,control_board,0,0,0,0.9138,1.0526
2026-07-03,PRD-036,connector,0,0,0,0.9138,0.9766
2026-07-03,PRD-009,power_unit,0,0,0,0.9138,0.9538
2026-07-03,PRD-039,industrial_switch,0,0,0,0.9138,1.0197
2026-07-03,PRD-044,sensor_module,0,0,0,0.9138,0.9997
2026-07-03,PRD-064,power_unit,0,0,0,0.9138,1.0042
2026-07-03,PRD-079,connector,0,0,0,0.9138,0.9698
2026-07-03,PRD-060,connector,0,0,0,0.9138,1.002
2026-07-03,PRD-042,connector,0,0,0,0.9138,0.9607
2026-07-03,PRD-035,sensor_module,0,0,0,0.9138,0.9487
2026-07-03,PRD-062,sensor_module,0,0,0,0.9138,1.0007
2026-07-03,PRD-058,sensor_module,0,0,0,0.9138,1.01
2026-07-03,PRD-080,metal_housing,0,1,0,0.9138,1.0529
2026-07-03,PRD-066,metal_housing,0,0,0,0.9138,1.0011
2026-07-04,PRD-047,metal_housing,0,0,0,0.9166,0.9818
2026-07-04,PRD-059,control_board,0,0,0,0.9166,1.0587
2026-07-04,PRD-060,connector,0,0,0,0.9166,0.9517
2026-07-04,PRD-039,industrial_switch,0,0,0,0.9166,0.9437
2026-07-04,PRD-019,control_board,0,0,0,0.9166,0.9906
2026-07-04,PRD-056,industrial_switch,0,0,0,0.9166,1.0267
2026-07-04,PRD-077,control_board,0,0,0,0.9166,1.0058
2026-07-04,PRD-048,power_unit,0,0,0,0.9166,1.0028
2026-07-04,PRD-011,industrial_switch,0,0,0,0.9166,0.9727
2026-07-04,PRD-017,metal_housing,0,0,0,0.9166,0.9586
2026-07-04,PRD-067,sensor_module,0,0,0,0.9166,1.037
2026-07-04,PRD-015,industrial_switch,0,0,0,0.9166,1.0259
2026-07-04,PRD-068,connector,0,0,0,0.9166,0.9335
2026-07-04,PRD-078,connector,0,0,0,0.9166,0.9792
2026-07-04,PRD-034,power_unit,0,0,0,0.9166,0.9613
2026-07-04,PRD-030,sensor_module,0,0,0,0.9166,0.9805
2026-07-04,PRD-037,control_board,0,0,0,0.9166,0.9796
2026-07-04,PRD-007,control_board,0,0,0,0.9166,0.9852
2026-07-04,PRD-003,power_unit,0,0,0,0.9166,1.034
2026-07-04,PRD-023,power_unit,0,0,0,0.9166,0.9754
2026-07-05,PRD-066,metal_housing,0,0,0,0.9193,1.0385
2026-07-05,PRD-077,control_board,0,0,0,0.9193,0.9914
2026-07-05,PRD-038,connector,0,0,0,0.9193,0.9404
2026-07-05,PRD-052,metal_housing,0,0,0,0.9193,1.0219
2026-07-05,PRD-056,industrial_switch,0,0,0,0.9193,1.0488
2026-07-05,PRD-009,power_unit,0,0,0,0.9193,1.0301
2026-07-05,PRD-079,connector,0,0,0,0.9193,1.0557
2026-07-05,PRD-001,sensor_module,0,0,0,0.9193,0.9458
2026-07-05,PRD-005,industrial_switch,0,0,0,0.9193,0.934
2026-07-05,PRD-015,industrial_switch,0,0,0,0.9193,1.0192
2026-07-05,PRD-067,sensor_module,0,0,0,0.9193,1.008
2026-07-05,PRD-008,power_unit,0,0,0,0.9193,1.0116
2026-07-05,PRD-042,connector,0,0,0,0.9193,1.0438
2026-07-05,PRD-075,industrial_switch,0,0,0,0.9193,0.9394
2026-07-05,PRD-011,industrial_switch,0,0,0,0.9193,1.0285
2026-07-05,PRD-004,control_board,0,0,0,0.9193,0.9534
2026-07-05,PRD-050,control_board,0,0,0,0.9193,0.95
2026-07-05,PRD-064,power_unit,0,0,0,0.9193,0.9361
2026-07-05,PRD-073,connector,0,0,0,0.9193,0.9688
2026-07-05,PRD-070,industrial_switch,0,0,0,0.9193,0.9609
2026-07-06,PRD-039,industrial_switch,0,0,0,0.9221,0.9937
2026-07-06,PRD-001,sensor_module,0,0,0,0.9221,0.9702
2026-07-06,PRD-016,connector,0,0,0,0.9221,1.0686
2026-07-06,PRD-027,power_unit,0,0,0,0.9221,0.9544
2026-07-06,PRD-038,connector,0,0,0,0.9221,0.9437
2026-07-06,PRD-080,metal_housing,0,0,0,0.9221,0.9372
2026-07-06,PRD-014,industrial_switch,0,0,0,0.9221,0.9694
2026-07-06,PRD-020,control_board,0,0,0,0.9221,1.0187
2026-07-06,PRD-063,industrial_switch,0,0,0,0.9221,1.0076
2026-07-06,PRD-067,sensor_module,0,0,0,0.9221,0.9603
2026-07-06,PRD-041,control_board,0,0,0,0.9221,1.0603
2026-07-06,PRD-023,power_unit,0,0,0,0.9221,0.9759
2026-07-06,PRD-061,industrial_switch,0,0,0,0.9221,1.0532
2026-07-06,PRD-028,industrial_switch,0,0,0,0.9221,1.0218
2026-07-06,PRD-045,control_board,0,0,0,0.9221,0.9322
2026-07-06,PRD-026,power_unit,0,1,0,0.9221,0.9799
2026-07-06,PRD-048,power_unit,0,0,0,0.9221,1.0172
2026-07-06,PRD-070,industrial_switch,0,0,0,0.9221,1.0094
2026-07-06,PRD-002,sensor_module,0,0,0,0.9221,0.9901
2026-07-06,PRD-011,industrial_switch,0,0,0,0.9221,1.0072
2026-07-07,PRD-014,industrial_switch,0,0,0,0.9249,0.976
2026-07-07,PRD-068,connector,0,1,0,0.9249,0.9344
2026-07-07,PRD-058,sensor_module,0,0,0,0.9249,1.0438
2026-07-07,PRD-033,control_board,0,0,0,0.9249,1.0083
2026-07-07,PRD-007,control_board,0,1,0,0.9249,1.0487
2026-07-07,PRD-027,power_unit,0,0,0,0.9249,0.9636
2026-07-07,PRD-008,power_unit,0,0,0,0.9249,1.0453
2026-07-07,PRD-060,connector,0,0,0,0.9249,1.0136
2026-07-07,PRD-012,connector,0,0,0,0.9249,0.9989
2026-07-07,PRD-029,connector,0,0,0,0.9249,1.0294
2026-07-07,PRD-074,sensor_module,0,0,0,0.9249,0.9973
2026-07-07,PRD-024,connector,0,0,0,0.9249,1.0373
2026-07-07,PRD-063,industrial_switch,0,0,0,0.9249,1.0133
2026-07-07,PRD-017,metal_housing,0,0,0,0.9249,0.9445
2026-07-07,PRD-031,connector,0,0,0,0.9249,1.0067
2026-07-07,PRD-075,industrial_switch,0,0,0,0.9249,1.057
2026-07-07,PRD-009,power_unit,0,0,0,0.9249,0.9488
2026-07-07,PRD-055,power_unit,0,0,0,0.9249,1.0068
2026-07-07,PRD-015,industrial_switch,0,0,0,0.9249,1.0349
2026-07-07,PRD-077,control_board,0,0,0,0.9249,1.0131
2026-07-08,PRD-033,control_board,0,0,0,0.9277,0.9316
2026-07-08,PRD-014,industrial_switch,0,0,0,0.9277,0.9482
2026-07-08,PRD-029,connector,0,0,0,0.9277,1.036
2026-07-08,PRD-080,metal_housing,0,0,0,0.9277,1.0559
2026-07-08,PRD-003,power_unit,0,0,0,0.9277,1.0383
2026-07-08,PRD-047,metal_housing,0,0,0,0.9277,1.0439
2026-07-08,PRD-001,sensor_module,0,0,0,0.9277,1.0286
2026-07-08,PRD-036,connector,0,0,0,0.9277,0.9676
2026-07-08,PRD-011,industrial_switch,0,0,0,0.9277,1.0447
2026-07-08,PRD-048,power_unit,0,0,0,0.9277,1.037
2026-07-08,PRD-032,connector,0,0,0,0.9277,0.9969
2026-07-08,PRD-052,metal_housing,0,0,0,0.9277,0.9866
2026-07-08,PRD-007,control_board,0,0,0,0.9277,0.9407
2026-07-08,PRD-053,industrial_switch,0,0,0,0.9277,0.9311
2026-07-08,PRD-031,connector,0,0,0,0.9277,0.9848
2026-07-08,PRD-002,sensor_module,0,0,0,0.9277,1.0698
2026-07-08,PRD-019,control_board,0,0,0,0.9277,1.0077
2026-07-08,PRD-075,industrial_switch,0,0,0,0.9277,0.9405
2026-07-08,PRD-039,industrial_switch,0,0,0,0.9277,0.995
2026-07-08,PRD-063,industrial_switch,0,0,0,0.9277,0.9911
2026-07-09,PRD-003,power_unit,0,0,0,0.9306,1.0281
2026-07-09,PRD-072,metal_housing,0,0,0,0.9306,1.065
2026-07-09,PRD-055,power_unit,0,0,0,0.9306,1.0483
2026-07-09,PRD-077,control_board,0,0,0,0.9306,0.9503
2026-07-09,PRD-046,control_board,0,0,0,0.9306,1.03
2026-07-09,PRD-026,power_unit,0,0,0,0.9306,1.0559
2026-07-09,PRD-032,connector,0,0,0,0.9306,0.9352
2026-07-09,PRD-014,industrial_switch,0,0,0,0.9306,1.0281
2026-07-09,PRD-006,sensor_module,0,0,0,0.9306,1.0392
2026-07-09,PRD-030,sensor_module,0,0,0,0.9306,0.9736
2026-07-09,PRD-016,connector,0,0,0,0.9306,1.048
2026-07-09,PRD-062,sensor_module,0,0,0,0.9306,0.9918
2026-07-09,PRD-052,metal_housing,0,0,0,0.9306,1.0032
2026-07-09,PRD-041,control_board,0,0,0,0.9306,1.0579
2026-07-09,PRD-044,sensor_module,0,0,0,0.9306,1.0368
2026-07-09,PRD-023,power_unit,0,0,0,0.9306,0.939
2026-07-09,PRD-066,metal_housing,0,0,0,0.9306,0.9636
2026-07-09,PRD-005,industrial_switch,0,0,0,0.9306,0.9813
2026-07-09,PRD-063,industrial_switch,0,0,0,0.9306,0.9859
2026-07-09,PRD-045,control_board,0,0,0,0.9306,1.0486
2026-07-10,PRD-053,industrial_switch,0,0,0,0.9334,0.9679
2026-07-10,PRD-076,metal_housing,0,0,0,0.9334,0.9927
2026-07-10,PRD-042,connector,0,0,0,0.9334,1.0543
2026-07-10,PRD-080,metal_housing,0,0,0,0.9334,1.0584
2026-07-10,PRD-031,connector,0,0,0,0.9334,0.9611
2026-07-10,PRD-064,power_unit,0,0,0,0.9334,1.0385
2026-07-10,PRD-072,metal_housing,0,0,0,0.9334,0.9638
2026-07-10,PRD-006,sensor_module,0,0,0,0.9334,1.0107
2026-07-10,PRD-059,control_board,0,0,0,0.9334,1.0599
2026-07-10,PRD-069,sensor_module,0,0,0,0.9334,0.9852
2026-07-10,PRD-044,sensor_module,0,1,0,0.9334,0.9978
2026-07-10,PRD-056,industrial_switch,0,0,0,0.9334,1.0451
2026-07-10,PRD-001,sensor_module,0,0,0,0.9334,1.0109
2026-07-10,PRD-011,industrial_switch,0,0,0,0.9334,0.9876
2026-07-10,PRD-052,metal_housing,0,0,0,0.9334,0.9788
2026-07-10,PRD-021,power_unit,0,0,0,0.9334,0.9921
2026-07-10,PRD-054,power_unit,0,0,0,0.9334,0.9746
2026-07-10,PRD-043,industrial_switch,0,0,0,0.9334,1.0033
2026-07-10,PRD-058,sensor_module,0,0,0,0.9334,1.0223
2026-07-10,PRD-023,power_unit,0,0,0,0.9334,1.0687
2026-07-11,PRD-030,sensor_module,0,0,0,0.9363,1.0648
2026-07-11,PRD-012,connector,0,0,0,0.9363,1.0022
2026-07-11,PRD-016,connector,0,0,0,0.9363,1.047
2026-07-11,PRD-077,control_board,0,0,0,0.9363,1.0063
2026-07-11,PRD-024,connector,0,0,0,0.9363,1.0179
2026-07-11,PRD-021,power_unit,0,0,0,0.9363,0.9591
2026-07-11,PRD-068,connector,0,0,0,0.9363,1.0081
2026-07-11,PRD-057,sensor_module,0,0,0,0.9363,0.9405
2026-07-11,PRD-005,industrial_switch,0,0,0,0.9363,1.0693
2026-07-11,PRD-052,metal_housing,0,0,0,0.9363,0.9936
2026-07-11,PRD-004,control_board,0,0,0,0.9363,1.0632
2026-07-11,PRD-058,sensor_module,0,0,0,0.9363,0.9661
2026-07-11,PRD-043,industrial_switch,0,0,0,0.9363,1.0167
2026-07-11,PRD-046,control_board,0,0,0,0.9363,0.9689
2026-07-11,PRD-003,power_unit,0,0,0,0.9363,0.9597
2026-07-11,PRD-061,industrial_switch,0,0,0,0.9363,1.0063
2026-07-11,PRD-066,metal_housing,0,0,0,0.9363,1.0242
2026-07-11,PRD-002,sensor_module,0,0,0,0.9363,1.042
2026-07-11,PRD-071,connector,0,0,0,0.9363,1.062
2026-07-11,PRD-028,industrial_switch,0,0,0,0.9363,1.0081
2026-07-12,PRD-013,industrial_switch,0,0,0,0.9392,1.0672
2026-07-12,PRD-003,power_unit,0,0,0,0.9392,0.9662
2026-07-12,PRD-021,power_unit,0,0,0,0.9392,0.9893
2026-07-12,PRD-052,metal_housing,0,0,0,0.9392,1.0675
2026-07-12,PRD-009,power_unit,0,0,0,0.9392,0.9511
2026-07-12,PRD-066,metal_housing,0,0,0,0.9392,0.9784
2026-07-12,PRD-079,connector,0,0,0,0.9392,0.9923
2026-07-12,PRD-077,control_board,0,0,0,0.9392,0.9899
2026-07-12,PRD-006,sensor_module,0,0,0,0.9392,1.0035
2026-07-12,PRD-076,metal_housing,0,0,0,0.9392,1.0395
2026-07-12,PRD-078,connector,0,0,0,0.9392,1.0368
2026-07-12,PRD-047,metal_housing,0,0,0,0.9392,1.0164
2026-07-12,PRD-010,power_unit,0,0,0,0.9392,1.0228
2026-07-12,PRD-067,sensor_module,0,0,0,0.9392,1.0614
2026-07-12,PRD-004,control_board,0,0,0,0.9392,0.9823
2026-07-12,PRD-023,power_unit,0,0,0,0.9392,0.9991
2026-07-12,PRD-053,industrial_switch,0,0,0,0.9392,0.9944
2026-07-12,PRD-072,metal_housing,0,0,0,0.9392,1.038
2026-07-12,PRD-045,control_board,0,0,0,0.9392,0.9523
2026-07-12,PRD-065,connector,0,0,0,0.9392,1.0397
2026-07-13,PRD-062,sensor_module,0,0,0,0.9422,0.944
2026-07-13,PRD-033,control_board,0,0,0,0.9422,1.0663
2026-07-13,PRD-005,industrial_switch,0,0,0,0.9422,0.9726
2026-07-13,PRD-075,industrial_switch,0,0,0,0.9422,0.9456
2026-07-13,PRD-061,industrial_switch,0,0,0,0.9422,1.0292
2026-07-13,PRD-028,industrial_switch,0,0,0,0.9422,1.0426
2026-07-13,PRD-069,sensor_module,0,0,0,0.9422,0.9621
2026-07-13,PRD-015,industrial_switch,0,0,0,0.9422,0.9481
2026-07-13,PRD-031,connector,0,0,0,0.9422,0.9693
2026-07-13,PRD-072,metal_housing,0,0,0,0.9422,1.0281
2026-07-13,PRD-020,control_board,0,0,0,0.9422,0.9699
2026-07-13,PRD-017,metal_housing,0,0,0,0.9422,0.9612
2026-07-13,PRD-022,industrial_switch,0,0,0,0.9422,1.0088
2026-07-13,PRD-003,power_unit,0,0,0,0.9422,1.0184
2026-07-13,PRD-043,industrial_switch,0,0,0,0.9422,0.9595
2026-07-13,PRD-018,sensor_module,0,0,0,0.9422,0.9809
2026-07-13,PRD-074,sensor_module,0,0,0,0.9422,1.0227
2026-07-13,PRD-071,connector,0,0,0,0.9422,1.0135
2026-07-13,PRD-048,power_unit,0,0,0,0.9422,0.9855
2026-07-13,PRD-070,industrial_switch,0,0,0,0.9422,1.0589
2026-07-14,PRD-077,control_board,0,0,0,0.9451,0.9769
2026-07-14,PRD-011,industrial_switch,0,0,0,0.9451,1.0247
2026-07-14,PRD-002,sensor_module,0,0,0,0.9451,1.0099
2026-07-14,PRD-076,metal_housing,0,0,0,0.9451,0.9429
2026-07-14,PRD-026,power_unit,0,0,0,0.9451,1.0537
2026-07-14,PRD-055,power_unit,0,0,0,0.9451,1.0211
2026-07-14,PRD-049,power_unit,0,0,0,0.9451,0.9624
2026-07-14,PRD-058,sensor_module,0,0,0,0.9451,1.0544
2026-07-14,PRD-065,connector,0,0,0,0.9451,1.0093
2026-07-14,PRD-060,connector,0,0,0,0.9451,1.0367
2026-07-14,PRD-073,connector,0,0,0,0.9451,0.9878
2026-07-14,PRD-005,industrial_switch,0,0,0,0.9451,1.03
2026-07-14,PRD-030,sensor_module,0,0,0,0.9451,0.9497
2026-07-14,PRD-016,connector,0,0,0,0.9451,1.0127
2026-07-14,PRD-008,power_unit,0,0,0,0.9451,1.0
2026-07-14,PRD-062,sensor_module,0,0,0,0.9451,0.9546
2026-07-14,PRD-063,industrial_switch,0,1,0,0.9451,1.0364
2026-07-14,PRD-038,connector,0,0,0,0.9451,0.99
2026-07-14,PRD-068,connector,0,0,0,0.9451,1.06
2026-07-14,PRD-037,control_board,0,0,0,0.9451,1.0057
2026-07-15,PRD-054,power_unit,0,0,0,0.9481,1.0358
2026-07-15,PRD-024,connector,0,0,0,0.9481,1.0429
2026-07-15,PRD-056,industrial_switch,0,0,0,0.9481,1.0257
2026-07-15,PRD-036,connector,0,0,0,0.9481,0.9699
2026-07-15,PRD-031,connector,0,0,0,0.9481,0.9403
2026-07-15,PRD-026,power_unit,0,0,0,0.9481,0.9445
2026-07-15,PRD-073,connector,0,0,0,0.9481,0.9346
2026-07-15,PRD-019,control_board,0,0,0,0.9481,1.0502
2026-07-15,PRD-075,industrial_switch,0,0,0,0.9481,1.0601
2026-07-15,PRD-072,metal_housing,0,0,0,0.9481,1.001
2026-07-15,PRD-020,control_board,0,0,0,0.9481,1.0086
2026-07-15,PRD-041,control_board,0,0,0,0.9481,0.9589
2026-07-15,PRD-063,industrial_switch,0,0,0,0.9481,1.0688
2026-07-15,PRD-029,connector,0,0,0,0.9481,1.0511
2026-07-15,PRD-067,sensor_module,0,0,0,0.9481,0.9582
2026-07-15,PRD-006,sensor_module,0,0,0,0.9481,1.0293
2026-07-15,PRD-032,connector,0,0,0,0.9481,1.034
2026-07-15,PRD-074,sensor_module,0,0,0,0.9481,1.0682
2026-07-15,PRD-066,metal_housing,0,0,0,0.9481,0.9806
2026-07-15,PRD-004,control_board,0,0,0,0.9481,0.9866
2026-07-16,PRD-024,connector,0,0,0,0.951,0.9429
2026-07-16,PRD-075,industrial_switch,0,0,0,0.951,0.9748
2026-07-16,PRD-030,sensor_module,0,0,0,0.951,0.9655
2026-07-16,PRD-045,control_board,0,0,0,0.951,0.9369
2026-07-16,PRD-034,power_unit,0,0,0,0.951,1.0466
2026-07-16,PRD-065,connector,0,0,0,0.951,1.0655
2026-07-16,PRD-044,sensor_module,0,0,0,0.951,0.9476
2026-07-16,PRD-054,power_unit,0,0,0,0.951,0.9793
2026-07-16,PRD-010,power_unit,0,0,0,0.951,0.9829
2026-07-16,PRD-069,sensor_module,0,0,0,0.951,1.0588
2026-07-16,PRD-074,sensor_module,0,0,0,0.951,0.9324
2026-07-16,PRD-062,sensor_module,0,0,0,0.951,1.0631
2026-07-16,PRD-014,industrial_switch,0,0,0,0.951,0.9471
2026-07-16,PRD-059,control_board,0,0,0,0.951,0.9583
2026-07-16,PRD-043,industrial_switch,0,0,0,0.951,1.0254
2026-07-16,PRD-037,control_board,0,0,0,0.951,0.9479
2026-07-16,PRD-035,sensor_module,0,0,0,0.951,0.9591
2026-07-16,PRD-027,power_unit,0,0,0,0.951,1.0165
2026-07-16,PRD-006,sensor_module,0,0,0,0.951,0.988
2026-07-16,PRD-015,industrial_switch,0,0,0,0.951,0.997
2026-07-17,PRD-065,connector,0,0,0,0.954,0.9851
2026-07-17,PRD-009,power_unit,0,0,0,0.954,0.9384
2026-07-17,PRD-056,industrial_switch,0,0,0,0.954,1.0335
2026-07-17,PRD-015,industrial_switch,0,0,0,0.954,1.0316
2026-07-17,PRD-012,connector,0,0,0,0.954,1.0482
2026-07-17,PRD-044,sensor_module,0,0,0,0.954,1.0189
2026-07-17,PRD-078,connector,0,0,0,0.954,0.9479
2026-07-17,PRD-033,control_board,0,0,0,0.954,1.058
2026-07-17,PRD-018,sensor_module,0,0,0,0.954,0.9466
2026-07-17,PRD-051,control_board,0,0,0,0.954,0.9741
2026-07-17,PRD-045,control_board,0,0,0,0.954,1.0209
2026-07-17,PRD-067,sensor_module,0,0,0,0.954,1.0664
2026-07-17,PRD-043,industrial_switch,0,0,0,0.954,0.9532
2026-07-17,PRD-039,industrial_switch,0,0,0,0.954,1.0606
2026-07-17,PRD-001,sensor_module,0,0,0,0.954,0.9945
2026-07-17,PRD-038,connector,0,0,0,0.954,1.0105
2026-07-17,PRD-049,power_unit,0,0,0,0.954,0.9334
2026-07-17,PRD-054,power_unit,0,0,0,0.954,0.985
2026-07-17,PRD-073,connector,0,0,0,0.954,0.9861
2026-07-17,PRD-071,connector,0,0,0,0.954,0.9654
2026-07-18,PRD-016,connector,0,0,0,0.957,1.0413
2026-07-18,PRD-014,industrial_switch,0,0,0,0.957,1.0423
2026-07-18,PRD-069,sensor_module,0,0,0,0.957,1.0566
2026-07-18,PRD-057,sensor_module,0,0,0,0.957,1.0278
2026-07-18,PRD-071,connector,0,0,0,0.957,1.0437
2026-07-18,PRD-008,power_unit,0,0,0,0.957,1.0433
2026-07-18,PRD-067,sensor_module,0,0,0,0.957,0.9405
2026-07-18,PRD-032,connector,0,0,0,0.957,0.9852
2026-07-18,PRD-060,connector,0,0,0,0.957,1.0611
2026-07-18,PRD-019,control_board,0,0,0,0.957,1.0509
2026-07-18,PRD-045,control_board,0,1,0,0.957,1.0384
2026-07-18,PRD-021,power_unit,0,0,0,0.957,1.0274
2026-07-18,PRD-038,connector,0,0,0,0.957,1.0109
2026-07-18,PRD-026,power_unit,0,0,0,0.957,0.9553
2026-07-18,PRD-050,control_board,0,0,0,0.957,1.0106
2026-07-18,PRD-077,control_board,0,1,0,0.957,0.9785
2026-07-18,PRD-023,power_unit,0,0,0,0.957,0.95
2026-07-18,PRD-005,industrial_switch,0,0,0,0.957,1.0187
2026-07-18,PRD-052,metal_housing,0,0,0,0.957,1.0429
2026-07-18,PRD-036,connector,0,0,0,0.957,0.9774
2026-07-19,PRD-052,metal_housing,0,0,0,0.9601,0.9581
2026-07-19,PRD-013,industrial_switch,0,0,0,0.9601,0.9503
2026-07-19,PRD-059,control_board,0,0,0,0.9601,0.9599
2026-07-19,PRD-051,control_board,0,0,0,0.9601,1.0134
2026-07-19,PRD-071,connector,0,0,0,0.9601,0.9516
2026-07-19,PRD-065,connector,0,0,0,0.9601,0.9431
2026-07-19,PRD-006,sensor_module,0,0,0,0.9601,1.0263
2026-07-19,PRD-031,connector,0,0,0,0.9601,1.0016
2026-07-19,PRD-003,power_unit,0,0,0,0.9601,1.0602
2026-07-19,PRD-041,control_board,0,0,0,0.9601,0.9753
2026-07-19,PRD-054,power_unit,0,0,0,0.9601,1.0016
2026-07-19,PRD-074,sensor_module,0,0,0,0.9601,0.9696
2026-07-19,PRD-066,metal_housing,0,0,0,0.9601,1.0157
2026-07-19,PRD-040,control_board,0,1,0,0.9601,0.9338
2026-07-19,PRD-016,connector,0,0,0,0.9601,1.0341
2026-07-19,PRD-055,power_unit,0,0,0,0.9601,0.9613
2026-07-19,PRD-062,sensor_module,0,0,0,0.9601,0.9548
2026-07-19,PRD-078,connector,0,0,0,0.9601,1.0028
2026-07-19,PRD-028,industrial_switch,0,0,0,0.9601,0.9812
2026-07-19,PRD-023,power_unit,0,0,0,0.9601,0.9892
2026-07-20,PRD-026,power_unit,0,0,0,0.9631,0.9821
2026-07-20,PRD-043,industrial_switch,0,0,0,0.9631,0.9777
2026-07-20,PRD-036,connector,0,0,0,0.9631,0.9534
2026-07-20,PRD-049,power_unit,0,0,0,0.9631,1.0675
2026-07-20,PRD-076,metal_housing,0,0,0,0.9631,1.0392
2026-07-20,PRD-062,sensor_module,0,0,0,0.9631,0.9425
2026-07-20,PRD-065,connector,0,0,0,0.9631,1.009
2026-07-20,PRD-061,industrial_switch,0,0,0,0.9631,0.9847
2026-07-20,PRD-039,industrial_switch,0,0,0,0.9631,1.0068
2026-07-20,PRD-040,control_board,0,0,0,0.9631,1.0376
2026-07-20,PRD-031,connector,0,0,0,0.9631,1.0133
2026-07-20,PRD-047,metal_housing,0,0,0,0.9631,0.9349
2026-07-20,PRD-001,sensor_module,0,0,0,0.9631,0.9521
2026-07-20,PRD-004,control_board,0,0,0,0.9631,1.056
2026-07-20,PRD-046,control_board,0,0,0,0.9631,1.0106
2026-07-20,PRD-008,power_unit,0,0,0,0.9631,1.0436
2026-07-20,PRD-010,power_unit,0,0,0,0.9631,1.0358
2026-07-20,PRD-027,power_unit,0,1,0,0.9631,0.9748
2026-07-20,PRD-069,sensor_module,0,0,0,0.9631,0.9484
2026-07-20,PRD-056,industrial_switch,0,0,0,0.9631,1.0034
2026-07-21,PRD-078,connector,0,0,1,0.9661,0.9542
2026-07-21,PRD-062,sensor_module,0,0,1,0.9661,0.9656
2026-07-21,PRD-021,power_unit,0,0,1,0.9661,1.0008
2026-07-21,PRD-041,control_board,0,0,1,0.9661,0.9957
2026-07-21,PRD-004,control_board,0,0,1,0.9661,0.996
2026-07-21,PRD-006,sensor_module,0,0,1,0.9661,1.0451
2026-07-21,PRD-047,metal_housing,0,0,1,0.9661,1.0375
2026-07-21,PRD-060,connector,0,0,1,0.9661,1.0399
2026-07-21,PRD-002,sensor_module,0,0,1,0.9661,1.0456
2026-07-21,PRD-071,connector,0,0,1,0.9661,0.9832
2026-07-21,PRD-018,sensor_module,0,0,1,0.9661,1.0068
2026-07-21,PRD-052,metal_housing,0,0,1,0.9661,0.9689
2026-07-21,PRD-045,control_board,0,0,1,0.9661,1.0679
2026-07-21,PRD-031,connector,0,0,1,0.9661,1.0615
2026-07-21,PRD-003,power_unit,0,0,1,0.9661,1.0273
2026-07-21,PRD-063,industrial_switch,0,0,1,0.9661,1.0182
2026-07-21,PRD-024,connector,0,0,1,0.9661,0.9669
2026-07-21,PRD-032,connector,0,0,1,0.9661,0.9496
2026-07-21,PRD-013,industrial_switch,0,0,1,0.9661,0.9559
2026-07-21,PRD-067,sensor_module,0,0,1,0.9661,1.0244
2026-07-22,PRD-016,connector,0,0,0,0.9692,1.0503
2026-07-22,PRD-071,connector,0,0,0,0.9692,1.0123
2026-07-22,PRD-005,industrial_switch,0,0,0,0.9692,0.9476
2026-07-22,PRD-029,connector,0,0,0,0.9692,0.9748
2026-07-22,PRD-054,power_unit,0,0,0,0.9692,0.9438
2026-07-22,PRD-018,sensor_module,0,0,0,0.9692,1.0103
2026-07-22,PRD-050,control_board,0,0,0,0.9692,0.9871
2026-07-22,PRD-075,industrial_switch,0,0,0,0.9692,1.0574
2026-07-22,PRD-064,power_unit,0,0,0,0.9692,1.0698
2026-07-22,PRD-079,connector,0,0,0,0.9692,0.9421
2026-07-22,PRD-059,control_board,0,0,0,0.9692,0.9893
2026-07-22,PRD-063,industrial_switch,0,0,0,0.9692,0.9301
2026-07-22,PRD-035,sensor_module,0,0,0,0.9692,0.9925
2026-07-22,PRD-045,control_board,0,0,0,0.9692,0.9371
2026-07-22,PRD-036,connector,0,0,0,0.9692,1.0256
2026-07-22,PRD-022,industrial_switch,0,0,0,0.9692,1.0381
2026-07-22,PRD-023,power_unit,0,0,0,0.9692,1.066
2026-07-22,PRD-040,control_board,0,0,0,0.9692,1.0148
2026-07-22,PRD-009,power_unit,0,0,0,0.9692,0.9427
2026-07-22,PRD-034,power_unit,0,0,0,0.9692,1.0239
2026-07-23,PRD-012,connector,0,0,0,0.9722,0.99
2026-07-23,PRD-070,industrial_switch,0,0,0,0.9722,1.053
2026-07-23,PRD-038,connector,0,0,0,0.9722,0.9622
2026-07-23,PRD-007,control_board,0,0,0,0.9722,0.9486
2026-07-23,PRD-026,power_unit,0,0,0,0.9722,0.9834
2026-07-23,PRD-066,metal_housing,0,0,0,0.9722,1.061
2026-07-23,PRD-051,control_board,0,0,0,0.9722,0.9518
2026-07-23,PRD-065,connector,0,0,0,0.9722,0.9438
2026-07-23,PRD-034,power_unit,0,0,0,0.9722,1.013
2026-07-23,PRD-077,control_board,0,0,0,0.9722,1.0364
2026-07-23,PRD-058,sensor_module,0,0,0,0.9722,1.0671
2026-07-23,PRD-020,control_board,0,0,0,0.9722,1.0656
2026-07-23,PRD-045,control_board,0,0,0,0.9722,0.9498
2026-07-23,PRD-016,connector,0,0,0,0.9722,1.0057
2026-07-23,PRD-010,power_unit,0,0,0,0.9722,1.0643
2026-07-23,PRD-067,sensor_module,0,0,0,0.9722,1.0248
2026-07-23,PRD-014,industrial_switch,0,0,0,0.9722,0.9806
2026-07-23,PRD-040,control_board,0,0,0,0.9722,1.0011
2026-07-23,PRD-078,connector,0,0,0,0.9722,0.9585
2026-07-23,PRD-031,connector,0,0,0,0.9722,0.939
2026-07-24,PRD-063,industrial_switch,0,0,0,0.9753,0.946
2026-07-24,PRD-044,sensor_module,0,0,0,0.9753,0.9567
2026-07-24,PRD-073,connector,0,0,0,0.9753,1.0273
2026-07-24,PRD-053,industrial_switch,0,0,0,0.9753,0.9364
2026-07-24,PRD-054,power_unit,0,0,0,0.9753,0.9436
2026-07-24,PRD-078,connector,0,0,0,0.9753,0.9679
2026-07-24,PRD-021,power_unit,0,0,0,0.9753,1.0587
2026-07-24,PRD-013,industrial_switch,0,0,0,0.9753,1.0315
2026-07-24,PRD-076,metal_housing,0,0,0,0.9753,0.9996
2026-07-24,PRD-009,power_unit,0,0,0,0.9753,0.9989
2026-07-24,PRD-029,connector,0,0,0,0.9753,0.943
2026-07-24,PRD-024,connector,0,0,0,0.9753,0.9539
2026-07-24,PRD-011,industrial_switch,0,0,0,0.9753,1.067
2026-07-24,PRD-008,power_unit,0,0,0,0.9753,0.9529
2026-07-24,PRD-070,industrial_switch,0,0,0,0.9753,1.0216
2026-07-24,PRD-033,control_board,0,0,0,0.9753,0.966
2026-07-24,PRD-045,control_board,0,0,0,0.9753,0.9469
2026-07-24,PRD-067,sensor_module,0,0,0,0.9753,1.0388
2026-07-24,PRD-077,control_board,0,0,0,0.9753,1.0148
2026-07-24,PRD-059,control_board,0,0,0,0.9753,0.96
2026-07-25,PRD-035,sensor_module,0,0,0,0.9784,0.9505
2026-07-25,PRD-005,industrial_switch,0,0,0,0.9784,1.0562
2026-07-25,PRD-068,connector,0,0,0,0.9784,1.0038
2026-07-25,PRD-042,connector,0,0,0,0.9784,1.0186
2026-07-25,PRD-054,power_unit,0,0,0,0.9784,1.0099
2026-07-25,PRD-069,sensor_module,0,0,0,0.9784,0.9454
2026-07-25,PRD-078,connector,0,0,0,0.9784,0.9397
2026-07-25,PRD-040,control_board,0,0,0,0.9784,0.9354
2026-07-25,PRD-012,connector,0,0,0,0.9784,0.9312
2026-07-25,PRD-071,connector,0,0,0,0.9784,1.0093
2026-07-25,PRD-077,control_board,0,0,0,0.9784,0.9986
2026-07-25,PRD-057,sensor_module,0,0,0,0.9784,0.9556
2026-07-25,PRD-063,industrial_switch,0,0,0,0.9784,1.0522
2026-07-25,PRD-051,control_board,0,0,0,0.9784,0.9381
2026-07-25,PRD-034,power_unit,0,0,0,0.9784,1.0016
2026-07-25,PRD-027,power_unit,0,0,0,0.9784,1.0424
2026-07-25,PRD-070,industrial_switch,0,0,0,0.9784,1.0617
2026-07-25,PRD-003,power_unit,0,0,0,0.9784,0.9977
2026-07-25,PRD-001,sensor_module,0,0,0,0.9784,0.962
2026-07-25,PRD-006,sensor_module,0,0,0,0.9784,1.0223
2026-07-26,PRD-070,industrial_switch,0,0,0,0.9814,1.011
2026-07-26,PRD-076,metal_housing,0,0,0,0.9814,0.9899
2026-07-26,PRD-079,connector,0,0,0,0.9814,0.9531
2026-07-26,PRD-002,sensor_module,0,0,0,0.9814,1.0455
2026-07-26,PRD-043,industrial_switch,0,0,0,0.9814,0.9575
2026-07-26,PRD-008,power_unit,0,0,0,0.9814,1.0048
2026-07-26,PRD-038,connector,0,0,0,0.9814,1.0048
2026-07-26,PRD-058,sensor_module,0,0,0,0.9814,1.0274
2026-07-26,PRD-039,industrial_switch,0,0,0,0.9814,0.957
2026-07-26,PRD-018,sensor_module,0,0,0,0.9814,0.9317
2026-07-26,PRD-005,industrial_switch,0,0,0,0.9814,0.9643
2026-07-26,PRD-061,industrial_switch,0,0,0,0.9814,1.01
2026-07-26,PRD-073,connector,0,0,0,0.9814,0.9844
2026-07-26,PRD-044,sensor_module,0,0,0,0.9814,1.0175
2026-07-26,PRD-004,control_board,0,0,0,0.9814,1.0639
2026-07-26,PRD-029,connector,0,0,0,0.9814,0.9314
2026-07-26,PRD-045,control_board,0,0,0,0.9814,1.0351
2026-07-26,PRD-007,control_board,0,0,0,0.9814,0.9644
2026-07-26,PRD-067,sensor_module,0,0,0,0.9814,1.015
2026-07-26,PRD-024,connector,0,0,0,0.9814,1.0077
2026-07-27,PRD-042,connector,0,0,0,0.9845,1.0494
2026-07-27,PRD-043,industrial_switch,0,0,0,0.9845,0.9728
2026-07-27,PRD-063,industrial_switch,0,0,0,0.9845,0.9956
2026-07-27,PRD-024,connector,0,0,0,0.9845,0.964
2026-07-27,PRD-020,control_board,0,0,0,0.9845,1.0274
2026-07-27,PRD-074,sensor_module,0,0,0,0.9845,1.0312
2026-07-27,PRD-051,control_board,0,0,0,0.9845,1.019
2026-07-27,PRD-069,sensor_module,0,0,0,0.9845,1.0408
2026-07-27,PRD-072,metal_housing,0,0,0,0.9845,0.9612
2026-07-27,PRD-047,metal_housing,0,0,0,0.9845,0.9307
2026-07-27,PRD-079,connector,0,0,0,0.9845,1.0691
2026-07-27,PRD-027,power_unit,0,0,0,0.9845,0.9847
2026-07-27,PRD-006,sensor_module,0,0,0,0.9845,0.9754
2026-07-27,PRD-035,sensor_module,0,0,0,0.9845,0.952
2026-07-27,PRD-048,power_unit,0,0,0,0.9845,1.0256
2026-07-27,PRD-060,connector,0,0,0,0.9845,0.9805
2026-07-27,PRD-010,power_unit,0,0,0,0.9845,0.935
2026-07-27,PRD-080,metal_housing,0,0,0,0.9845,0.9452
2026-07-27,PRD-070,industrial_switch,0,0,0,0.9845,0.9609
2026-07-27,PRD-034,power_unit,0,0,0,0.9845,0.9855
2026-07-28,PRD-036,connector,0,0,0,0.9876,1.0501
2026-07-28,PRD-055,power_unit,0,0,0,0.9876,1.0614
2026-07-28,PRD-010,power_unit,0,0,0,0.9876,1.0174
2026-07-28,PRD-035,sensor_module,0,0,0,0.9876,0.9718
2026-07-28,PRD-033,control_board,0,0,0,0.9876,1.0049
2026-07-28,PRD-053,industrial_switch,0,0,0,0.9876,1.0263
2026-07-28,PRD-066,metal_housing,0,0,0,0.9876,1.0674
2026-07-28,PRD-015,industrial_switch,0,0,0,0.9876,0.9526
2026-07-28,PRD-048,power_unit,0,0,0,0.9876,0.9309
2026-07-28,PRD-061,industrial_switch,0,0,0,0.9876,1.0011
2026-07-28,PRD-071,connector,0,0,0,0.9876,1.0295
2026-07-28,PRD-020,control_board,0,0,0,0.9876,1.0376
2026-07-28,PRD-075,industrial_switch,0,0,0,0.9876,1.0525
2026-07-28,PRD-016,connector,0,0,0,0.9876,1.0076
2026-07-28,PRD-043,industrial_switch,0,0,0,0.9876,1.0547
2026-07-28,PRD-074,sensor_module,0,0,0,0.9876,1.0243
2026-07-28,PRD-011,industrial_switch,0,0,0,0.9876,0.9833
2026-07-28,PRD-072,metal_housing,0,0,0,0.9876,1.0603
2026-07-28,PRD-080,metal_housing,0,0,0,0.9876,0.9757
2026-07-28,PRD-042,connector,0,0,0,0.9876,0.9772
2026-07-29,PRD-076,metal_housing,0,0,0,0.9907,1.046
2026-07-29,PRD-021,power_unit,0,0,0,0.9907,0.9816
2026-07-29,PRD-033,control_board,0,0,0,0.9907,0.9815
2026-07-29,PRD-066,metal_housing,0,0,0,0.9907,0.9527
2026-07-29,PRD-041,control_board,0,0,0,0.9907,1.0376
2026-07-29,PRD-011,industrial_switch,0,0,0,0.9907,1.0156
2026-07-29,PRD-072,metal_housing,0,0,0,0.9907,1.0221
2026-07-29,PRD-037,control_board,0,0,0,0.9907,1.0222
2026-07-29,PRD-077,control_board,0,0,0,0.9907,0.9912
2026-07-29,PRD-013,industrial_switch,0,0,0,0.9907,0.9362
2026-07-29,PRD-055,power_unit,0,0,0,0.9907,1.0238
2026-07-29,PRD-060,connector,0,0,0,0.9907,0.9638
2026-07-29,PRD-040,control_board,0,0,0,0.9907,0.9932
2026-07-29,PRD-026,power_unit,0,0,0,0.9907,0.9501
2026-07-29,PRD-075,industrial_switch,0,0,0,0.9907,0.9525
2026-07-29,PRD-001,sensor_module,0,0,0,0.9907,1.0362
2026-07-29,PRD-019,control_board,0,0,0,0.9907,0.9912
2026-07-29,PRD-029,connector,0,0,0,0.9907,1.0625
2026-07-29,PRD-032,connector,0,0,0,0.9907,0.9685
2026-07-29,PRD-005,industrial_switch,0,0,0,0.9907,1.0174
2026-07-30,PRD-057,sensor_module,0,0,0,0.9938,1.0029
2026-07-30,PRD-024,connector,0,0,0,0.9938,0.9709
2026-07-30,PRD-026,power_unit,0,0,0,0.9938,0.9515
2026-07-30,PRD-005,industrial_switch,0,0,0,0.9938,0.9337
2026-07-30,PRD-051,control_board,0,0,0,0.9938,1.0645
2026-07-30,PRD-004,control_board,0,0,0,0.9938,0.9557
2026-07-30,PRD-036,connector,0,0,0,0.9938,1.031
2026-07-30,PRD-063,industrial_switch,0,0,0,0.9938,1.0312
2026-07-30,PRD-034,power_unit,0,0,0,0.9938,1.0372
2026-07-30,PRD-038,connector,0,0,0,0.9938,0.9674
2026-07-30,PRD-055,power_unit,0,0,0,0.9938,1.0421
2026-07-30,PRD-066,metal_housing,0,0,0,0.9938,0.9849
2026-07-30,PRD-048,power_unit,0,0,0,0.9938,1.0684
2026-07-30,PRD-029,connector,0,0,0,0.9938,0.9576
2026-07-30,PRD-007,control_board,0,0,0,0.9938,0.9806
2026-07-30,PRD-011,industrial_switch,0,0,0,0.9938,0.9574
2026-07-30,PRD-080,metal_housing,0,1,0,0.9938,0.9615
2026-07-30,PRD-040,control_board,0,0,0,0.9938,0.9954
2026-07-30,PRD-041,control_board,0,0,0,0.9938,0.983
2026-07-30,PRD-045,control_board,0,0,0,0.9938,0.9837
2026-07-31,PRD-080,metal_housing,0,0,0,0.9969,1.0192
2026-07-31,PRD-060,connector,0,0,0,0.9969,1.03
2026-07-31,PRD-075,industrial_switch,0,0,0,0.9969,0.9744
2026-07-31,PRD-034,power_unit,0,0,0,0.9969,0.9407
2026-07-31,PRD-058,sensor_module,0,0,0,0.9969,1.0459
2026-07-31,PRD-007,control_board,0,1,0,0.9969,1.0694
2026-07-31,PRD-032,connector,0,0,0,0.9969,0.9895
2026-07-31,PRD-024,connector,0,0,0,0.9969,0.9406
2026-07-31,PRD-028,industrial_switch,0,0,0,0.9969,0.99
2026-07-31,PRD-071,connector,0,0,0,0.9969,0.9716
2026-07-31,PRD-037,control_board,0,0,0,0.9969,0.9576
2026-07-31,PRD-051,control_board,0,0,0,0.9969,0.9375
2026-07-31,PRD-055,power_unit,0,0,0,0.9969,0.963
2026-07-31,PRD-040,control_board,0,0,0,0.9969,0.9441
2026-07-31,PRD-069,sensor_module,0,0,0,0.9969,0.9686
2026-07-31,PRD-054,power_unit,0,0,0,0.9969,1.0091
2026-07-31,PRD-074,sensor_module,0,0,0,0.9969,0.9832
2026-07-31,PRD-044,sensor_module,0,0,0,0.9969,0.9972
2026-07-31,PRD-043,industrial_switch,0,0,0,0.9969,1.0589
2026-07-31,PRD-013,industrial_switch,0,0,0,0.9969,0.9521
