case_id,run_id,operator_fairness_group,true_high_defect_risk,model_score_unmitigated,model_score_mitigated,prediction_threshold,human_review_required
FAIR-000001,RUN-000265,G1_senior,0,0.1951,0.2351,0.5,0
FAIR-000002,RUN-004419,G3_junior,0,0.5479,0.4279,0.5,0
FAIR-000003,RUN-009166,G2_mid,1,0.6992,0.6992,0.5,1
FAIR-000004,RUN-007892,G1_senior,0,0.4644,0.5044,0.5,0
FAIR-000005,RUN-005529,G3_junior,0,0.2563,0.1363,0.5,0
FAIR-000006,RUN-005536,G1_senior,1,0.515,0.555,0.5,0
FAIR-000007,RUN-003453,G2_mid,0,0.3467,0.3467,0.5,0
FAIR-000008,RUN-008731,G1_senior,0,0.1468,0.1868,0.5,0
FAIR-000009,RUN-004428,G3_junior,0,0.3108,0.1908,0.5,0
FAIR-000010,RUN-003476,G3_junior,0,0.4528,0.3328,0.5,0
FAIR-000011,RUN-002178,G2_mid,0,0.4139,0.4139,0.5,0
FAIR-000012,RUN-004022,G3_junior,1,0.9367,0.8167,0.5,1
FAIR-000013,RUN-011346,G1_senior,0,0.1331,0.1731,0.5,0
FAIR-000014,RUN-004743,G3_junior,1,0.7393,0.6193,0.5,1
FAIR-000015,RUN-006693,G3_junior,0,0.3441,0.2241,0.5,0
FAIR-000016,RUN-002801,G3_junior,1,0.9495,0.8295,0.5,1
FAIR-000017,RUN-002051,G3_junior,1,0.5165,0.3965,0.5,0
FAIR-000018,RUN-010875,G3_junior,1,0.4863,0.3663,0.5,0
FAIR-000019,RUN-004239,G2_mid,0,0.1035,0.1035,0.5,0
FAIR-000020,RUN-006892,G1_senior,0,0.2693,0.3093,0.5,0
FAIR-000021,RUN-003335,G2_mid,1,0.5023,0.5023,0.5,0
FAIR-000022,RUN-006115,G1_senior,0,0.1089,0.1489,0.5,0
FAIR-000023,RUN-011160,G3_junior,0,0.12,0,0.5,0
FAIR-000024,RUN-009300,G3_junior,0,0.267,0.147,0.5,0
FAIR-000025,RUN-010415,G2_mid,1,0.779,0.779,0.5,1
FAIR-000026,RUN-006572,G3_junior,0,0.4478,0.3278,0.5,0
FAIR-000027,RUN-010366,G3_junior,1,0.7178,0.5978,0.5,1
FAIR-000028,RUN-006080,G3_junior,0,0.2681,0.1481,0.5,0
FAIR-000029,RUN-005666,G3_junior,1,0.9819,0.8619,0.5,1
FAIR-000030,RUN-009042,G3_junior,0,0.3254,0.2054,0.5,0
FAIR-000031,RUN-006531,G1_senior,0,0.2866,0.3266,0.5,0
FAIR-000032,RUN-011327,G2_mid,1,0.7907,0.7907,0.5,1
FAIR-000033,RUN-003864,G3_junior,1,1,1,0.5,1
FAIR-000034,RUN-009471,G3_junior,0,0.4724,0.3524,0.5,0
FAIR-000035,RUN-002174,G1_senior,0,0.3384,0.3784,0.5,0
FAIR-000036,RUN-007504,G3_junior,1,0.8163,0.6963,0.5,1
FAIR-000037,RUN-002309,G2_mid,0,0.0027,0.0027,0.5,0
FAIR-000038,RUN-007400,G2_mid,0,0.0059,0.0059,0.5,0
FAIR-000039,RUN-010774,G3_junior,0,0.3382,0.2182,0.5,0
FAIR-000040,RUN-007920,G2_mid,0,0.2198,0.2198,0.5,0
FAIR-000041,RUN-006540,G1_senior,0,0.1554,0.1954,0.5,0
FAIR-000042,RUN-001189,G3_junior,1,0.961,0.841,0.5,1
FAIR-000043,RUN-005646,G2_mid,1,0.5574,0.5574,0.5,0
FAIR-000044,RUN-003307,G2_mid,0,0.1954,0.1954,0.5,0
FAIR-000045,RUN-003664,G3_junior,0,0.302,0.182,0.5,0
FAIR-000046,RUN-000638,G3_junior,1,0.6651,0.5451,0.5,1
FAIR-000047,RUN-003835,G3_junior,1,0.7138,0.5938,0.5,1
FAIR-000048,RUN-001496,G3_junior,1,0.6402,0.5202,0.5,0
FAIR-000049,RUN-006446,G1_senior,1,0.6489,0.6889,0.5,0
FAIR-000050,RUN-000814,G3_junior,0,0.4764,0.3564,0.5,0
FAIR-000051,RUN-000668,G3_junior,1,0.6455,0.5255,0.5,0
FAIR-000052,RUN-003651,G3_junior,1,0.5691,0.4491,0.5,0
FAIR-000053,RUN-000913,G3_junior,1,0.965,0.845,0.5,1
FAIR-000054,RUN-004951,G2_mid,0,0.226,0.226,0.5,0
FAIR-000055,RUN-010177,G3_junior,0,0.3619,0.2419,0.5,0
FAIR-000056,RUN-005768,G3_junior,0,0.5196,0.3996,0.5,0
FAIR-000057,RUN-010860,G3_junior,0,0.368,0.248,0.5,0
FAIR-000058,RUN-002933,G3_junior,0,0.1863,0.0663,0.5,0
FAIR-000059,RUN-003415,G2_mid,0,0.2786,0.2786,0.5,0
FAIR-000060,RUN-000905,G1_senior,1,0.5378,0.5778,0.5,0
FAIR-000061,RUN-006040,G3_junior,0,0.291,0.171,0.5,0
FAIR-000062,RUN-010787,G1_senior,0,0.2083,0.2483,0.5,0
FAIR-000063,RUN-002060,G2_mid,0,0.1541,0.1541,0.5,0
FAIR-000064,RUN-006405,G2_mid,0,0.1784,0.1784,0.5,0
FAIR-000065,RUN-003291,G2_mid,0,0.1474,0.1474,0.5,0
FAIR-000066,RUN-008425,G2_mid,0,0.0928,0.0928,0.5,0
FAIR-000067,RUN-003223,G3_junior,1,0.8533,0.7333,0.5,1
FAIR-000068,RUN-005669,G3_junior,1,0.63,0.51,0.5,0
FAIR-000069,RUN-011236,G2_mid,1,0.6086,0.6086,0.5,0
FAIR-000070,RUN-003451,G1_senior,0,0.2531,0.2931,0.5,0
FAIR-000071,RUN-004919,G2_mid,0,0.0423,0.0423,0.5,0
FAIR-000072,RUN-002904,G1_senior,1,0.6496,0.6896,0.5,0
FAIR-000073,RUN-003815,G3_junior,0,0.3713,0.2513,0.5,0
FAIR-000074,RUN-004814,G3_junior,0,0.3794,0.2594,0.5,0
FAIR-000075,RUN-004907,G1_senior,0,0.0952,0.1352,0.5,0
FAIR-000076,RUN-011350,G3_junior,0,0.3825,0.2625,0.5,0
FAIR-000077,RUN-000177,G3_junior,0,0.423,0.303,0.5,0
FAIR-000078,RUN-004379,G2_mid,0,0.2304,0.2304,0.5,0
FAIR-000079,RUN-002203,G3_junior,1,0.9453,0.8253,0.5,1
FAIR-000080,RUN-009755,G3_junior,1,0.6689,0.5489,0.5,1
FAIR-000081,RUN-011391,G1_senior,1,0.5433,0.5833,0.5,0
FAIR-000082,RUN-000053,G2_mid,0,0.1421,0.1421,0.5,0
FAIR-000083,RUN-001994,G3_junior,0,0.2955,0.1755,0.5,0
FAIR-000084,RUN-000613,G3_junior,1,0.9711,0.8511,0.5,1
FAIR-000085,RUN-006759,G1_senior,0,0.456,0.496,0.5,0
FAIR-000086,RUN-004521,G3_junior,0,0.4015,0.2815,0.5,0
FAIR-000087,RUN-004107,G1_senior,1,0.6749,0.7149,0.5,1
FAIR-000088,RUN-010920,G3_junior,0,0.2935,0.1735,0.5,0
FAIR-000089,RUN-009263,G3_junior,1,0.8594,0.7394,0.5,1
FAIR-000090,RUN-010522,G1_senior,0,0.1584,0.1984,0.5,0
FAIR-000091,RUN-009137,G1_senior,0,0.2349,0.2749,0.5,0
FAIR-000092,RUN-000745,G3_junior,1,0.6676,0.5476,0.5,1
FAIR-000093,RUN-001113,G2_mid,0,0.15,0.15,0.5,0
FAIR-000094,RUN-009428,G3_junior,0,0.12,0,0.5,0
FAIR-000095,RUN-007479,G3_junior,1,0.3941,0.2741,0.5,0
FAIR-000096,RUN-010763,G1_senior,0,0.172,0.212,0.5,0
FAIR-000097,RUN-000221,G1_senior,0,0.3958,0.4358,0.5,0
FAIR-000098,RUN-005043,G3_junior,0,0.2635,0.1435,0.5,0
FAIR-000099,RUN-004060,G2_mid,0,0.2957,0.2957,0.5,0
FAIR-000100,RUN-008761,G1_senior,0,0.3551,0.3951,0.5,0
FAIR-000101,RUN-011044,G3_junior,0,0.3454,0.2254,0.5,0
FAIR-000102,RUN-006490,G2_mid,0,0.135,0.135,0.5,0
FAIR-000103,RUN-006943,G1_senior,0,0.1345,0.1745,0.5,0
FAIR-000104,RUN-006191,G3_junior,1,0.8867,0.7667,0.5,1
FAIR-000105,RUN-003603,G1_senior,1,0.8473,0.8873,0.5,1
FAIR-000106,RUN-000226,G1_senior,0,0.1431,0.1831,0.5,0
FAIR-000107,RUN-006352,G3_junior,1,1,0.9471,0.5,1
FAIR-000108,RUN-005054,G3_junior,0,0.1642,0.0442,0.5,0
FAIR-000109,RUN-011118,G0_unknown,0,0.1356,0.1356,0.5,0
FAIR-000110,RUN-001473,G3_junior,1,0.7195,0.5995,0.5,1
FAIR-000111,RUN-011155,G2_mid,0,0,0,0.5,0
FAIR-000112,RUN-009896,G2_mid,1,0.4451,0.4451,0.5,0
FAIR-000113,RUN-005440,G2_mid,1,0.6933,0.6933,0.5,1
FAIR-000114,RUN-001492,G3_junior,1,0.8775,0.7575,0.5,1
FAIR-000115,RUN-007957,G3_junior,1,0.6365,0.5165,0.5,0
FAIR-000116,RUN-003587,G2_mid,1,0.5685,0.5685,0.5,0
FAIR-000117,RUN-002476,G1_senior,0,0.1809,0.2209,0.5,0
FAIR-000118,RUN-008968,G1_senior,0,0.1099,0.1499,0.5,0
FAIR-000119,RUN-000931,G3_junior,0,0.4308,0.3108,0.5,0
FAIR-000120,RUN-003318,G3_junior,0,0.2914,0.1714,0.5,0
FAIR-000121,RUN-004370,G2_mid,1,0.6968,0.6968,0.5,1
FAIR-000122,RUN-003518,G0_unknown,1,0.4336,0.4336,0.5,0
FAIR-000123,RUN-000367,G3_junior,0,0.2892,0.1692,0.5,0
FAIR-000124,RUN-001395,G2_mid,1,0.7058,0.7058,0.5,1
FAIR-000125,RUN-005810,G2_mid,0,0.2718,0.2718,0.5,0
FAIR-000126,RUN-002421,G3_junior,0,0.3552,0.2352,0.5,0
FAIR-000127,RUN-001159,G3_junior,0,0.3581,0.2381,0.5,0
FAIR-000128,RUN-009525,G3_junior,1,0.7312,0.6112,0.5,1
FAIR-000129,RUN-011008,G3_junior,1,0.9193,0.7993,0.5,1
FAIR-000130,RUN-001821,G3_junior,0,0.3165,0.1965,0.5,0
FAIR-000131,RUN-010310,G3_junior,0,0.2801,0.1601,0.5,0
FAIR-000132,RUN-003382,G1_senior,0,0.2117,0.2517,0.5,0
FAIR-000133,RUN-004100,G3_junior,0,0.1935,0.0735,0.5,0
FAIR-000134,RUN-005244,G3_junior,1,0.6442,0.5242,0.5,0
FAIR-000135,RUN-008544,G2_mid,0,0.3018,0.3018,0.5,0
FAIR-000136,RUN-001499,G3_junior,0,0.4089,0.2889,0.5,0
FAIR-000137,RUN-007431,G2_mid,0,0.059,0.059,0.5,0
FAIR-000138,RUN-005795,G2_mid,0,0.1405,0.1405,0.5,0
FAIR-000139,RUN-002146,G3_junior,0,0.4262,0.3062,0.5,0
FAIR-000140,RUN-010653,G3_junior,1,0.5647,0.4447,0.5,0
FAIR-000141,RUN-009139,G2_mid,0,0.1833,0.1833,0.5,0
FAIR-000142,RUN-001097,G3_junior,1,0.9806,0.8606,0.5,1
FAIR-000143,RUN-006887,G3_junior,1,0.7406,0.6206,0.5,1
FAIR-000144,RUN-007091,G2_mid,1,0.6948,0.6948,0.5,1
FAIR-000145,RUN-006525,G2_mid,0,0,0,0.5,0
FAIR-000146,RUN-003374,G3_junior,0,0.12,0,0.5,0
FAIR-000147,RUN-010337,G2_mid,1,0.5522,0.5522,0.5,0
FAIR-000148,RUN-005156,G3_junior,0,0.12,0,0.5,0
FAIR-000149,RUN-000999,G2_mid,0,0.3458,0.3458,0.5,0
FAIR-000150,RUN-007932,G2_mid,0,0.2751,0.2751,0.5,0
FAIR-000151,RUN-011313,G3_junior,0,0.212,0.092,0.5,0
FAIR-000152,RUN-001763,G3_junior,0,0.4076,0.2876,0.5,0
FAIR-000153,RUN-000324,G3_junior,0,0.1871,0.0671,0.5,0
FAIR-000154,RUN-009934,G3_junior,0,0.3073,0.1873,0.5,0
FAIR-000155,RUN-005313,G2_mid,0,0,0,0.5,0
FAIR-000156,RUN-002166,G2_mid,0,0.0558,0.0558,0.5,0
FAIR-000157,RUN-005266,G3_junior,0,0.3875,0.2675,0.5,0
FAIR-000158,RUN-005220,G3_junior,1,0.7795,0.6595,0.5,1
FAIR-000159,RUN-002125,G3_junior,1,0.6504,0.5304,0.5,1
FAIR-000160,RUN-002455,G3_junior,1,0.7369,0.6169,0.5,1
FAIR-000161,RUN-007655,G3_junior,0,0.3342,0.2142,0.5,0
FAIR-000162,RUN-001964,G3_junior,0,0.4004,0.2804,0.5,0
FAIR-000163,RUN-007719,G3_junior,1,0.5865,0.4665,0.5,0
FAIR-000164,RUN-004448,G1_senior,1,0.6017,0.6417,0.5,0
FAIR-000165,RUN-008252,G3_junior,0,0.1753,0.0553,0.5,0
FAIR-000166,RUN-000416,G2_mid,1,0.7681,0.7681,0.5,1
FAIR-000167,RUN-005635,G3_junior,1,0.7161,0.5961,0.5,1
FAIR-000168,RUN-008954,G3_junior,1,0.7153,0.5953,0.5,1
FAIR-000169,RUN-000460,G3_junior,1,0.9144,0.7944,0.5,1
FAIR-000170,RUN-003388,G3_junior,0,0.4927,0.3727,0.5,0
FAIR-000171,RUN-009392,G3_junior,0,0.1259,0.0059,0.5,0
FAIR-000172,RUN-003362,G3_junior,0,0.3851,0.2651,0.5,0
FAIR-000173,RUN-003094,G2_mid,0,0,0,0.5,0
FAIR-000174,RUN-009878,G3_junior,1,0.7161,0.5961,0.5,1
FAIR-000175,RUN-001779,G3_junior,0,0.1967,0.0767,0.5,0
FAIR-000176,RUN-001005,G3_junior,1,0.6116,0.4916,0.5,0
FAIR-000177,RUN-004888,G2_mid,0,0.1729,0.1729,0.5,0
FAIR-000178,RUN-000295,G3_junior,1,0.7582,0.6382,0.5,1
FAIR-000179,RUN-002939,G3_junior,1,0.8958,0.7758,0.5,1
FAIR-000180,RUN-009567,G3_junior,1,0.5039,0.3839,0.5,0
FAIR-000181,RUN-008753,G3_junior,0,0.3568,0.2368,0.5,0
FAIR-000182,RUN-000323,G3_junior,1,0.4537,0.3337,0.5,0
FAIR-000183,RUN-005101,G2_mid,1,0.6669,0.6669,0.5,1
FAIR-000184,RUN-009245,G2_mid,1,0.6023,0.6023,0.5,0
FAIR-000185,RUN-005117,G3_junior,0,0.5402,0.4202,0.5,0
FAIR-000186,RUN-006582,G3_junior,1,0.6857,0.5657,0.5,1
FAIR-000187,RUN-010286,G3_junior,1,0.7365,0.6165,0.5,1
FAIR-000188,RUN-000874,G1_senior,0,0.1837,0.2237,0.5,0
FAIR-000189,RUN-004262,G1_senior,0,0.0466,0.0866,0.5,0
FAIR-000190,RUN-001268,G3_junior,1,0.9261,0.8061,0.5,1
FAIR-000191,RUN-006131,G1_senior,0,0.209,0.249,0.5,0
FAIR-000192,RUN-006049,G3_junior,1,0.8915,0.7715,0.5,1
FAIR-000193,RUN-009059,G3_junior,0,0.2439,0.1239,0.5,0
FAIR-000194,RUN-005528,G2_mid,0,0.3684,0.3684,0.5,0
FAIR-000195,RUN-004045,G1_senior,0,0.2805,0.3205,0.5,0
FAIR-000196,RUN-002706,G3_junior,0,0.1702,0.0502,0.5,0
FAIR-000197,RUN-006932,G3_junior,1,0.8176,0.6976,0.5,1
FAIR-000198,RUN-009954,G0_unknown,1,0.6969,0.6969,0.5,1
FAIR-000199,RUN-007138,G3_junior,0,0.5018,0.3818,0.5,0
FAIR-000200,RUN-011099,G3_junior,1,0.7961,0.6761,0.5,1
FAIR-000201,RUN-006370,G1_senior,0,0,0.0355,0.5,0
FAIR-000202,RUN-009920,G2_mid,1,0.6985,0.6985,0.5,1
FAIR-000203,RUN-006501,G1_senior,0,0.1381,0.1781,0.5,0
FAIR-000204,RUN-009982,G3_junior,1,0.6964,0.5764,0.5,1
FAIR-000205,RUN-010334,G2_mid,0,0,0,0.5,0
FAIR-000206,RUN-007551,G3_junior,0,0.12,0,0.5,0
FAIR-000207,RUN-011332,G3_junior,0,0.2568,0.1368,0.5,0
FAIR-000208,RUN-008031,G3_junior,0,0.283,0.163,0.5,0
FAIR-000209,RUN-001364,G3_junior,0,0.424,0.304,0.5,0
FAIR-000210,RUN-000089,G3_junior,1,0.8377,0.7177,0.5,1
FAIR-000211,RUN-003327,G2_mid,1,0.8284,0.8284,0.5,1
FAIR-000212,RUN-002469,G2_mid,0,0.1969,0.1969,0.5,0
FAIR-000213,RUN-002973,G3_junior,0,0.2668,0.1468,0.5,0
FAIR-000214,RUN-007225,G2_mid,1,0.5007,0.5007,0.5,0
FAIR-000215,RUN-004583,G1_senior,1,0.8048,0.8448,0.5,1
FAIR-000216,RUN-010659,G2_mid,0,0.0462,0.0462,0.5,0
FAIR-000217,RUN-011280,G3_junior,1,0.7244,0.6044,0.5,1
FAIR-000218,RUN-006592,G3_junior,0,0.3712,0.2512,0.5,0
FAIR-000219,RUN-010611,G1_senior,1,0.6328,0.6728,0.5,0
FAIR-000220,RUN-002709,G3_junior,1,1,0.9431,0.5,1
FAIR-000221,RUN-011113,G3_junior,1,0.8902,0.7702,0.5,1
FAIR-000222,RUN-009981,G3_junior,1,0.8427,0.7227,0.5,1
FAIR-000223,RUN-006466,G2_mid,0,0,0,0.5,0
FAIR-000224,RUN-004748,G1_senior,0,0.0584,0.0984,0.5,0
FAIR-000225,RUN-003921,G3_junior,0,0.3923,0.2723,0.5,0
FAIR-000226,RUN-001676,G2_mid,1,0.6058,0.6058,0.5,0
FAIR-000227,RUN-009722,G3_junior,1,0.7893,0.6693,0.5,1
FAIR-000228,RUN-001109,G3_junior,1,0.73,0.61,0.5,1
FAIR-000229,RUN-009926,G3_junior,0,0.4833,0.3633,0.5,0
FAIR-000230,RUN-010402,G3_junior,1,0.9449,0.8249,0.5,1
FAIR-000231,RUN-008590,G3_junior,1,1,0.8951,0.5,1
FAIR-000232,RUN-001915,G1_senior,0,0.0731,0.1131,0.5,0
FAIR-000233,RUN-008193,G3_junior,1,0.8317,0.7117,0.5,1
FAIR-000234,RUN-003653,G3_junior,1,0.6252,0.5052,0.5,0
FAIR-000235,RUN-004847,G3_junior,1,0.8305,0.7105,0.5,1
FAIR-000236,RUN-004349,G3_junior,0,0.3629,0.2429,0.5,0
FAIR-000237,RUN-001347,G1_senior,0,0.291,0.331,0.5,0
FAIR-000238,RUN-000016,G2_mid,0,0.1811,0.1811,0.5,0
FAIR-000239,RUN-008269,G3_junior,1,0.816,0.696,0.5,1
FAIR-000240,RUN-008999,G1_senior,0,0.2612,0.3012,0.5,0
FAIR-000241,RUN-000754,G3_junior,0,0.4654,0.3454,0.5,0
FAIR-000242,RUN-004824,G3_junior,0,0.3652,0.2452,0.5,0
FAIR-000243,RUN-004792,G2_mid,0,0.4648,0.4648,0.5,0
FAIR-000244,RUN-007277,G0_unknown,0,0.1487,0.1487,0.5,0
FAIR-000245,RUN-004664,G2_mid,1,0.6331,0.6331,0.5,0
FAIR-000246,RUN-004080,G3_junior,0,0.4362,0.3162,0.5,0
FAIR-000247,RUN-003253,G2_mid,1,0.6481,0.6481,0.5,0
FAIR-000248,RUN-007857,G3_junior,0,0.456,0.336,0.5,0
FAIR-000249,RUN-005860,G2_mid,1,0.9311,0.9311,0.5,1
FAIR-000250,RUN-009759,G3_junior,0,0.3413,0.2213,0.5,0
FAIR-000251,RUN-002239,G1_senior,0,0.0876,0.1276,0.5,0
FAIR-000252,RUN-004237,G3_junior,0,0.2504,0.1304,0.5,0
FAIR-000253,RUN-010316,G3_junior,0,0.1859,0.0659,0.5,0
FAIR-000254,RUN-007684,G3_junior,1,0.6199,0.4999,0.5,0
FAIR-000255,RUN-007941,G2_mid,0,0.4014,0.4014,0.5,0
FAIR-000256,RUN-005172,G3_junior,0,0.12,0,0.5,0
FAIR-000257,RUN-004459,G3_junior,0,0.3439,0.2239,0.5,0
FAIR-000258,RUN-010373,G3_junior,0,0.2897,0.1697,0.5,0
FAIR-000259,RUN-007708,G3_junior,0,0.2303,0.1103,0.5,0
FAIR-000260,RUN-010440,G2_mid,0,0.2479,0.2479,0.5,0
FAIR-000261,RUN-008644,G2_mid,1,0.6651,0.6651,0.5,1
FAIR-000262,RUN-011385,G3_junior,1,0.768,0.648,0.5,1
FAIR-000263,RUN-003372,G3_junior,0,0.2202,0.1002,0.5,0
FAIR-000264,RUN-001116,G2_mid,0,0.1651,0.1651,0.5,0
FAIR-000265,RUN-003185,G2_mid,0,0,0,0.5,0
FAIR-000266,RUN-003348,G3_junior,1,0.7185,0.5985,0.5,1
FAIR-000267,RUN-007669,G1_senior,0,0.1141,0.1541,0.5,0
FAIR-000268,RUN-008579,G3_junior,1,0.8905,0.7705,0.5,1
FAIR-000269,RUN-007359,G3_junior,1,0.8487,0.7287,0.5,1
FAIR-000270,RUN-001603,G1_senior,0,0.1069,0.1469,0.5,0
FAIR-000271,RUN-005118,G2_mid,0,0.1874,0.1874,0.5,0
FAIR-000272,RUN-011374,G2_mid,1,0.813,0.813,0.5,1
FAIR-000273,RUN-010010,G3_junior,1,0.7156,0.5956,0.5,1
FAIR-000274,RUN-000947,G1_senior,0,0.1433,0.1833,0.5,0
FAIR-000275,RUN-004166,G3_junior,1,0.8225,0.7025,0.5,1
FAIR-000276,RUN-007843,G3_junior,1,0.7461,0.6261,0.5,1
FAIR-000277,RUN-007666,G1_senior,0,0.0904,0.1304,0.5,0
FAIR-000278,RUN-005521,G3_junior,1,0.8042,0.6842,0.5,1
FAIR-000279,RUN-004052,G1_senior,0,0.0906,0.1306,0.5,0
FAIR-000280,RUN-002856,G3_junior,0,0.3123,0.1923,0.5,0
FAIR-000281,RUN-000064,G2_mid,0,0.1499,0.1499,0.5,0
FAIR-000282,RUN-003615,G1_senior,0,0,0,0.5,0
FAIR-000283,RUN-001079,G3_junior,0,0.3737,0.2537,0.5,0
FAIR-000284,RUN-008541,G3_junior,1,0.6907,0.5707,0.5,1
FAIR-000285,RUN-003237,G3_junior,0,0.5253,0.4053,0.5,0
FAIR-000286,RUN-000962,G3_junior,1,0.8842,0.7642,0.5,1
FAIR-000287,RUN-008097,G3_junior,0,0.2856,0.1656,0.5,0
FAIR-000288,RUN-005010,G3_junior,0,0.4363,0.3163,0.5,0
FAIR-000289,RUN-000985,G2_mid,0,0.4045,0.4045,0.5,0
FAIR-000290,RUN-000183,G2_mid,0,0,0,0.5,0
FAIR-000291,RUN-007547,G3_junior,0,0.3073,0.1873,0.5,0
FAIR-000292,RUN-006604,G3_junior,0,0.1531,0.0331,0.5,0
FAIR-000293,RUN-007809,G3_junior,1,0.7664,0.6464,0.5,1
FAIR-000294,RUN-009915,G3_junior,1,0.9048,0.7848,0.5,1
FAIR-000295,RUN-005623,G3_junior,1,0.9111,0.7911,0.5,1
FAIR-000296,RUN-008617,G1_senior,0,0.0695,0.1095,0.5,0
FAIR-000297,RUN-003347,G1_senior,1,0.3334,0.3734,0.5,0
FAIR-000298,RUN-006297,G3_junior,1,0.5567,0.4367,0.5,0
FAIR-000299,RUN-007117,G3_junior,0,0.3453,0.2253,0.5,0
FAIR-000300,RUN-001641,G2_mid,0,0.2823,0.2823,0.5,0
FAIR-000301,RUN-011127,G1_senior,1,0.6203,0.6603,0.5,0
FAIR-000302,RUN-002588,G2_mid,0,0.1694,0.1694,0.5,0
FAIR-000303,RUN-011285,G2_mid,0,0.1356,0.1356,0.5,0
FAIR-000304,RUN-006825,G1_senior,0,0,0,0.5,0
FAIR-000305,RUN-002616,G3_junior,1,0.701,0.581,0.5,1
FAIR-000306,RUN-004733,G2_mid,0,0.4722,0.4722,0.5,0
FAIR-000307,RUN-006811,G2_mid,1,0.7762,0.7762,0.5,1
FAIR-000308,RUN-008680,G3_junior,0,0.4119,0.2919,0.5,0
FAIR-000309,RUN-010450,G1_senior,0,0,0,0.5,0
FAIR-000310,RUN-003541,G3_junior,1,0.9537,0.8337,0.5,1
FAIR-000311,RUN-007432,G3_junior,0,0.5245,0.4045,0.5,0
FAIR-000312,RUN-005158,G2_mid,0,0.0626,0.0626,0.5,0
FAIR-000313,RUN-008083,G3_junior,1,0.8288,0.7088,0.5,1
FAIR-000314,RUN-007664,G1_senior,0,0.1404,0.1804,0.5,0
FAIR-000315,RUN-005149,G3_junior,1,0.6091,0.4891,0.5,0
FAIR-000316,RUN-009472,G0_unknown,0,0.2021,0.2021,0.5,0
FAIR-000317,RUN-004273,G1_senior,0,0.0795,0.1195,0.5,0
FAIR-000318,RUN-000846,G3_junior,1,0.8729,0.7529,0.5,1
FAIR-000319,RUN-009695,G3_junior,1,0.9382,0.8182,0.5,1
FAIR-000320,RUN-007578,G3_junior,0,0.3755,0.2555,0.5,0
FAIR-000321,RUN-002183,G2_mid,0,0.3528,0.3528,0.5,0
FAIR-000322,RUN-009215,G3_junior,1,0.7143,0.5943,0.5,1
FAIR-000323,RUN-004427,G3_junior,0,0.2761,0.1561,0.5,0
FAIR-000324,RUN-004791,G3_junior,0,0.2665,0.1465,0.5,0
FAIR-000325,RUN-002028,G2_mid,0,0.1887,0.1887,0.5,0
FAIR-000326,RUN-003325,G3_junior,1,0.699,0.579,0.5,1
FAIR-000327,RUN-010797,G1_senior,1,0.6868,0.7268,0.5,1
FAIR-000328,RUN-011206,G2_mid,0,0.139,0.139,0.5,0
FAIR-000329,RUN-001166,G3_junior,0,0.2769,0.1569,0.5,0
FAIR-000330,RUN-009801,G3_junior,1,0.479,0.359,0.5,0
FAIR-000331,RUN-007235,G3_junior,0,0.3741,0.2541,0.5,0
FAIR-000332,RUN-008778,G3_junior,1,0.5182,0.3982,0.5,0
FAIR-000333,RUN-000949,G3_junior,0,0.3351,0.2151,0.5,0
FAIR-000334,RUN-002169,G2_mid,1,0.5391,0.5391,0.5,0
FAIR-000335,RUN-002931,G1_senior,0,0,0,0.5,0
FAIR-000336,RUN-005815,G1_senior,0,0.1465,0.1865,0.5,0
FAIR-000337,RUN-004694,G3_junior,0,0.1688,0.0488,0.5,0
FAIR-000338,RUN-001444,G1_senior,0,0.1444,0.1844,0.5,0
FAIR-000339,RUN-001154,G1_senior,0,0.1636,0.2036,0.5,0
FAIR-000340,RUN-010285,G3_junior,1,0.9199,0.7999,0.5,1
FAIR-000341,RUN-010234,G2_mid,1,0.8137,0.8137,0.5,1
FAIR-000342,RUN-006007,G3_junior,0,0.12,0,0.5,0
FAIR-000343,RUN-010304,G3_junior,1,0.6135,0.4935,0.5,0
FAIR-000344,RUN-001436,G2_mid,0,0,0,0.5,0
FAIR-000345,RUN-005724,G0_unknown,0,0.0219,0.0219,0.5,0
FAIR-000346,RUN-005639,G3_junior,0,0.3476,0.2276,0.5,0
FAIR-000347,RUN-003558,G0_unknown,0,0.1526,0.1526,0.5,0
FAIR-000348,RUN-000337,G3_junior,0,0.3687,0.2487,0.5,0
FAIR-000349,RUN-004326,G3_junior,0,0.2478,0.1278,0.5,0
FAIR-000350,RUN-006365,G1_senior,0,0.3206,0.3606,0.5,0
FAIR-000351,RUN-000229,G3_junior,0,0.448,0.328,0.5,0
FAIR-000352,RUN-003088,G3_junior,0,0.1433,0.0233,0.5,0
FAIR-000353,RUN-000281,G1_senior,0,0.4009,0.4409,0.5,0
FAIR-000354,RUN-008613,G3_junior,0,0.2444,0.1244,0.5,0
FAIR-000355,RUN-001153,G3_junior,0,0.1942,0.0742,0.5,0
FAIR-000356,RUN-001060,G0_unknown,1,0.6596,0.6596,0.5,1
FAIR-000357,RUN-005464,G3_junior,0,0.2603,0.1403,0.5,0
FAIR-000358,RUN-003193,G3_junior,1,0.7282,0.6082,0.5,1
FAIR-000359,RUN-003098,G2_mid,0,0.1741,0.1741,0.5,0
FAIR-000360,RUN-008521,G2_mid,0,0.1459,0.1459,0.5,0
FAIR-000361,RUN-003754,G3_junior,0,0.5515,0.4315,0.5,0
FAIR-000362,RUN-003235,G3_junior,1,0.9649,0.8449,0.5,1
FAIR-000363,RUN-008009,G3_junior,0,0.3236,0.2036,0.5,0
FAIR-000364,RUN-008724,G1_senior,0,0.1095,0.1495,0.5,0
FAIR-000365,RUN-002105,G3_junior,1,0.6224,0.5024,0.5,0
FAIR-000366,RUN-004804,G3_junior,0,0.3755,0.2555,0.5,0
FAIR-000367,RUN-005339,G3_junior,0,0.5153,0.3953,0.5,0
FAIR-000368,RUN-009152,G1_senior,0,0.1453,0.1853,0.5,0
FAIR-000369,RUN-002896,G1_senior,1,0.7027,0.7427,0.5,1
FAIR-000370,RUN-004807,G1_senior,0,0.0686,0.1086,0.5,0
FAIR-000371,RUN-009938,G3_junior,1,0.91,0.79,0.5,1
FAIR-000372,RUN-005783,G3_junior,1,0.6432,0.5232,0.5,0
FAIR-000373,RUN-007219,G3_junior,1,0.6721,0.5521,0.5,1
FAIR-000374,RUN-008494,G3_junior,0,0.5438,0.4238,0.5,0
FAIR-000375,RUN-009898,G3_junior,1,0.7086,0.5886,0.5,1
FAIR-000376,RUN-001925,G2_mid,1,0.7839,0.7839,0.5,1
FAIR-000377,RUN-007917,G3_junior,1,0.7075,0.5875,0.5,1
FAIR-000378,RUN-009281,G3_junior,0,0.4161,0.2961,0.5,0
FAIR-000379,RUN-001727,G3_junior,0,0.2926,0.1726,0.5,0
FAIR-000380,RUN-010027,G3_junior,0,0.3428,0.2228,0.5,0
FAIR-000381,RUN-004209,G3_junior,0,0.12,0,0.5,0
FAIR-000382,RUN-009442,G3_junior,0,0.2343,0.1143,0.5,0
FAIR-000383,RUN-000923,G3_junior,1,0.5327,0.4127,0.5,0
FAIR-000384,RUN-003096,G3_junior,0,0.3503,0.2303,0.5,0
FAIR-000385,RUN-011299,G3_junior,0,0.4746,0.3546,0.5,0
FAIR-000386,RUN-008949,G3_junior,0,0.3346,0.2146,0.5,0
FAIR-000387,RUN-002569,G3_junior,1,0.8603,0.7403,0.5,1
FAIR-000388,RUN-002127,G3_junior,1,0.8391,0.7191,0.5,1
FAIR-000389,RUN-005779,G3_junior,0,0.3192,0.1992,0.5,0
FAIR-000390,RUN-005773,G0_unknown,0,0.2619,0.2619,0.5,0
FAIR-000391,RUN-009391,G1_senior,0,0.5056,0.5456,0.5,0
FAIR-000392,RUN-000740,G3_junior,0,0.12,0,0.5,0
FAIR-000393,RUN-008832,G3_junior,0,0.4272,0.3072,0.5,0
FAIR-000394,RUN-004653,G3_junior,0,0.2074,0.0874,0.5,0
FAIR-000395,RUN-006775,G3_junior,1,0.9228,0.8028,0.5,1
FAIR-000396,RUN-005480,G1_senior,0,0.2929,0.3329,0.5,0
FAIR-000397,RUN-002099,G3_junior,0,0.3729,0.2529,0.5,0
FAIR-000398,RUN-005031,G1_senior,1,0.6226,0.6626,0.5,0
FAIR-000399,RUN-011124,G3_junior,0,0.3465,0.2265,0.5,0
FAIR-000400,RUN-000133,G1_senior,1,0.6915,0.7315,0.5,1
FAIR-000401,RUN-003903,G2_mid,0,0.1083,0.1083,0.5,0
FAIR-000402,RUN-008924,G2_mid,1,0.6693,0.6693,0.5,1
FAIR-000403,RUN-003631,G1_senior,0,0,0,0.5,0
FAIR-000404,RUN-000526,G3_junior,0,0.3668,0.2468,0.5,0
FAIR-000405,RUN-001453,G1_senior,0,0.0087,0.0487,0.5,0
FAIR-000406,RUN-002071,G2_mid,0,0.226,0.226,0.5,0
FAIR-000407,RUN-004823,G3_junior,0,0.3522,0.2322,0.5,0
FAIR-000408,RUN-003972,G3_junior,1,0.9169,0.7969,0.5,1
FAIR-000409,RUN-006221,G3_junior,0,0.12,0,0.5,0
FAIR-000410,RUN-011188,G3_junior,0,0.2594,0.1394,0.5,0
FAIR-000411,RUN-007934,G3_junior,1,0.7523,0.6323,0.5,1
FAIR-000412,RUN-007581,G3_junior,0,0.1922,0.0722,0.5,0
FAIR-000413,RUN-002369,G2_mid,0,0.4408,0.4408,0.5,0
FAIR-000414,RUN-010927,G3_junior,1,0.7804,0.6604,0.5,1
FAIR-000415,RUN-004268,G3_junior,0,0.2066,0.0866,0.5,0
FAIR-000416,RUN-006092,G3_junior,0,0.3642,0.2442,0.5,0
FAIR-000417,RUN-004219,G3_junior,1,0.9515,0.8315,0.5,1
FAIR-000418,RUN-005632,G3_junior,1,0.8682,0.7482,0.5,1
FAIR-000419,RUN-004348,G3_junior,1,0.9518,0.8318,0.5,1
FAIR-000420,RUN-008084,G3_junior,1,0.7886,0.6686,0.5,1
FAIR-000421,RUN-007584,G3_junior,1,0.9106,0.7906,0.5,1
FAIR-000422,RUN-006038,G1_senior,0,0.1387,0.1787,0.5,0
FAIR-000423,RUN-000486,G2_mid,0,0.1294,0.1294,0.5,0
FAIR-000424,RUN-002181,G3_junior,1,0.9298,0.8098,0.5,1
FAIR-000425,RUN-005895,G0_unknown,1,0.6119,0.6119,0.5,0
FAIR-000426,RUN-009485,G3_junior,0,0.5262,0.4062,0.5,0
FAIR-000427,RUN-002550,G1_senior,1,0.439,0.479,0.5,0
FAIR-000428,RUN-003366,G3_junior,1,0.8952,0.7752,0.5,1
FAIR-000429,RUN-000888,G3_junior,0,0.1673,0.0473,0.5,0
FAIR-000430,RUN-007822,G3_junior,1,0.7796,0.6596,0.5,1
FAIR-000431,RUN-002626,G3_junior,1,0.969,0.849,0.5,1
FAIR-000432,RUN-003466,G3_junior,0,0.3144,0.1944,0.5,0
FAIR-000433,RUN-007977,G1_senior,1,0.6437,0.6837,0.5,0
FAIR-000434,RUN-003525,G3_junior,0,0.1813,0.0613,0.5,0
FAIR-000435,RUN-010780,G3_junior,0,0.1731,0.0531,0.5,0
FAIR-000436,RUN-005972,G2_mid,0,0.173,0.173,0.5,0
FAIR-000437,RUN-001210,G2_mid,0,0.3217,0.3217,0.5,0
FAIR-000438,RUN-000409,G2_mid,0,0.1946,0.1946,0.5,0
FAIR-000439,RUN-000074,G3_junior,1,0.5327,0.4127,0.5,0
FAIR-000440,RUN-003265,G3_junior,1,0.75,0.63,0.5,1
FAIR-000441,RUN-004201,G3_junior,1,0.7332,0.6132,0.5,1
FAIR-000442,RUN-002087,G1_senior,1,0.5038,0.5438,0.5,0
FAIR-000443,RUN-001439,G1_senior,0,0.0427,0.0827,0.5,0
FAIR-000444,RUN-003212,G3_junior,0,0.1609,0.0409,0.5,0
FAIR-000445,RUN-010884,G3_junior,0,0.5098,0.3898,0.5,0
FAIR-000446,RUN-000038,G2_mid,1,0.9789,0.9789,0.5,1
FAIR-000447,RUN-000511,G3_junior,0,0.1305,0.0105,0.5,0
FAIR-000448,RUN-000048,G3_junior,1,0.9047,0.7847,0.5,1
FAIR-000449,RUN-002772,G3_junior,0,0.3578,0.2378,0.5,0
FAIR-000450,RUN-005072,G3_junior,1,0.9298,0.8098,0.5,1
FAIR-000451,RUN-005025,G3_junior,1,0.7811,0.6611,0.5,1
FAIR-000452,RUN-000685,G2_mid,0,0.1377,0.1377,0.5,0
FAIR-000453,RUN-003207,G2_mid,0,0.1101,0.1101,0.5,0
FAIR-000454,RUN-007610,G3_junior,0,0.3258,0.2058,0.5,0
FAIR-000455,RUN-007477,G1_senior,0,0.1285,0.1685,0.5,0
FAIR-000456,RUN-001510,G3_junior,1,0.81,0.69,0.5,1
FAIR-000457,RUN-009795,G3_junior,0,0.3573,0.2373,0.5,0
FAIR-000458,RUN-010756,G3_junior,1,1,0.9371,0.5,1
FAIR-000459,RUN-002595,G2_mid,0,0.0152,0.0152,0.5,0
FAIR-000460,RUN-006994,G3_junior,0,0.2937,0.1737,0.5,0
FAIR-000461,RUN-005527,G3_junior,0,0.4776,0.3576,0.5,0
FAIR-000462,RUN-006765,G1_senior,0,0.0657,0.1057,0.5,0
FAIR-000463,RUN-003034,G3_junior,1,0.8055,0.6855,0.5,1
FAIR-000464,RUN-005565,G2_mid,1,0.6625,0.6625,0.5,1
FAIR-000465,RUN-004780,G3_junior,0,0.3412,0.2212,0.5,0
FAIR-000466,RUN-010287,G3_junior,1,1,0.8864,0.5,1
FAIR-000467,RUN-004202,G2_mid,0,0.3976,0.3976,0.5,0
FAIR-000468,RUN-006780,G2_mid,0,0.2996,0.2996,0.5,0
FAIR-000469,RUN-008012,G3_junior,1,0.809,0.689,0.5,1
FAIR-000470,RUN-004989,G1_senior,0,0.0243,0.0643,0.5,0
FAIR-000471,RUN-003458,G3_junior,1,0.7531,0.6331,0.5,1
FAIR-000472,RUN-001721,G2_mid,1,0.4942,0.4942,0.5,0
FAIR-000473,RUN-007819,G3_junior,1,0.8599,0.7399,0.5,1
FAIR-000474,RUN-008423,G3_junior,0,0.12,0,0.5,0
FAIR-000475,RUN-002927,G3_junior,0,0.5485,0.4285,0.5,0
FAIR-000476,RUN-006990,G3_junior,0,0.3381,0.2181,0.5,0
FAIR-000477,RUN-001495,G3_junior,1,0.6827,0.5627,0.5,1
FAIR-000478,RUN-001926,G2_mid,1,0.6914,0.6914,0.5,1
FAIR-000479,RUN-007055,G3_junior,0,0.3877,0.2677,0.5,0
FAIR-000480,RUN-010374,G1_senior,0,0,0.0315,0.5,0
FAIR-000481,RUN-007786,G2_mid,0,0.2347,0.2347,0.5,0
FAIR-000482,RUN-010916,G3_junior,0,0.1859,0.0659,0.5,0
FAIR-000483,RUN-010203,G3_junior,0,0.2799,0.1599,0.5,0
FAIR-000484,RUN-011289,G2_mid,0,0.2576,0.2576,0.5,0
FAIR-000485,RUN-000710,G3_junior,0,0.2592,0.1392,0.5,0
FAIR-000486,RUN-006140,G1_senior,0,0.0889,0.1289,0.5,0
FAIR-000487,RUN-005284,G1_senior,0,0.3455,0.3855,0.5,0
FAIR-000488,RUN-007498,G2_mid,1,0.5459,0.5459,0.5,0
FAIR-000489,RUN-004782,G1_senior,0,0.0297,0.0697,0.5,0
FAIR-000490,RUN-003590,G2_mid,0,0.0598,0.0598,0.5,0
FAIR-000491,RUN-001001,G2_mid,1,0.4411,0.4411,0.5,0
FAIR-000492,RUN-006440,G3_junior,0,0.3311,0.2111,0.5,0
FAIR-000493,RUN-008545,G2_mid,1,0.4209,0.4209,0.5,0
FAIR-000494,RUN-010124,G3_junior,0,0.3989,0.2789,0.5,0
FAIR-000495,RUN-001977,G2_mid,0,0.0924,0.0924,0.5,0
FAIR-000496,RUN-004738,G1_senior,0,0.2019,0.2419,0.5,0
FAIR-000497,RUN-010039,G1_senior,0,0.0799,0.1199,0.5,0
FAIR-000498,RUN-007249,G3_junior,1,0.6224,0.5024,0.5,0
FAIR-000499,RUN-005057,G3_junior,1,0.8184,0.6984,0.5,1
FAIR-000500,RUN-005992,G3_junior,0,0.227,0.107,0.5,0
FAIR-000501,RUN-007354,G1_senior,1,0.4922,0.5322,0.5,0
FAIR-000502,RUN-004849,G2_mid,0,0.3159,0.3159,0.5,0
FAIR-000503,RUN-005049,G3_junior,1,0.5244,0.4044,0.5,0
FAIR-000504,RUN-000560,G1_senior,0,0,0,0.5,0
FAIR-000505,RUN-010564,G3_junior,0,0.4705,0.3505,0.5,0
FAIR-000506,RUN-004610,G3_junior,1,0.728,0.608,0.5,1
FAIR-000507,RUN-008418,G2_mid,0,0.2477,0.2477,0.5,0
FAIR-000508,RUN-005184,G3_junior,1,0.6296,0.5096,0.5,0
FAIR-000509,RUN-005888,G3_junior,0,0.3704,0.2504,0.5,0
FAIR-000510,RUN-010746,G1_senior,0,0.107,0.147,0.5,0
FAIR-000511,RUN-007868,G3_junior,0,0.1684,0.0484,0.5,0
FAIR-000512,RUN-005406,G3_junior,0,0.1616,0.0416,0.5,0
FAIR-000513,RUN-005366,G3_junior,1,0.6519,0.5319,0.5,1
FAIR-000514,RUN-009451,G3_junior,1,0.8506,0.7306,0.5,1
FAIR-000515,RUN-007357,G2_mid,1,0.777,0.777,0.5,1
FAIR-000516,RUN-008017,G3_junior,0,0.3934,0.2734,0.5,0
FAIR-000517,RUN-003286,G3_junior,0,0.12,0,0.5,0
FAIR-000518,RUN-006244,G3_junior,1,0.8167,0.6967,0.5,1
FAIR-000519,RUN-002980,G3_junior,0,0.3986,0.2786,0.5,0
FAIR-000520,RUN-009740,G3_junior,0,0.12,0,0.5,0
FAIR-000521,RUN-005701,G2_mid,0,0.1441,0.1441,0.5,0
FAIR-000522,RUN-005671,G0_unknown,0,0.108,0.108,0.5,0
FAIR-000523,RUN-006703,G3_junior,0,0.4343,0.3143,0.5,0
FAIR-000524,RUN-006786,G2_mid,1,0.5282,0.5282,0.5,0
FAIR-000525,RUN-005741,G3_junior,0,0.3367,0.2167,0.5,0
FAIR-000526,RUN-007831,G3_junior,0,0.634,0.514,0.5,0
FAIR-000527,RUN-007226,G3_junior,1,0.6823,0.5623,0.5,1
FAIR-000528,RUN-000421,G1_senior,0,0.1647,0.2047,0.5,0
FAIR-000529,RUN-003897,G2_mid,0,0.2934,0.2934,0.5,0
FAIR-000530,RUN-005677,G2_mid,0,0.4341,0.4341,0.5,0
FAIR-000531,RUN-009228,G3_junior,0,0.12,0,0.5,0
FAIR-000532,RUN-009387,G3_junior,0,0.3041,0.1841,0.5,0
FAIR-000533,RUN-008482,G2_mid,1,0.7352,0.7352,0.5,1
FAIR-000534,RUN-005506,G1_senior,1,0.5981,0.6381,0.5,0
FAIR-000535,RUN-006609,G3_junior,0,0.3241,0.2041,0.5,0
FAIR-000536,RUN-003376,G3_junior,0,0.3322,0.2122,0.5,0
FAIR-000537,RUN-005674,G3_junior,0,0.4663,0.3463,0.5,0
FAIR-000538,RUN-010162,G3_junior,1,0.8969,0.7769,0.5,1
FAIR-000539,RUN-001451,G3_junior,0,0.3089,0.1889,0.5,0
FAIR-000540,RUN-007554,G3_junior,1,0.9997,0.8797,0.5,1
FAIR-000541,RUN-003818,G3_junior,1,0.5288,0.4088,0.5,0
FAIR-000542,RUN-004497,G3_junior,0,0.2225,0.1025,0.5,0
FAIR-000543,RUN-011355,G2_mid,0,0.4162,0.4162,0.5,0
FAIR-000544,RUN-003727,G3_junior,1,0.5678,0.4478,0.5,0
FAIR-000545,RUN-007944,G3_junior,0,0.3042,0.1842,0.5,0
FAIR-000546,RUN-009989,G1_senior,1,0.3447,0.3847,0.5,0
FAIR-000547,RUN-010145,G2_mid,0,0.3414,0.3414,0.5,0
FAIR-000548,RUN-008263,G3_junior,0,0.4044,0.2844,0.5,0
FAIR-000549,RUN-001613,G2_mid,0,0.3503,0.3503,0.5,0
FAIR-000550,RUN-006188,G3_junior,1,0.798,0.678,0.5,1
FAIR-000551,RUN-000542,G3_junior,1,0.4603,0.3403,0.5,0
FAIR-000552,RUN-001123,G3_junior,0,0.2226,0.1026,0.5,0
FAIR-000553,RUN-006093,G0_unknown,1,0.841,0.841,0.5,1
FAIR-000554,RUN-007150,G3_junior,1,1,0.9212,0.5,1
FAIR-000555,RUN-008486,G2_mid,1,0.5872,0.5872,0.5,0
FAIR-000556,RUN-011267,G2_mid,0,0.2662,0.2662,0.5,0
FAIR-000557,RUN-002069,G3_junior,0,0.3735,0.2535,0.5,0
FAIR-000558,RUN-007714,G3_junior,1,0.6235,0.5035,0.5,0
FAIR-000559,RUN-010880,G3_junior,1,0.9513,0.8313,0.5,1
FAIR-000560,RUN-006726,G3_junior,0,0.5877,0.4677,0.5,0
FAIR-000561,RUN-007321,G2_mid,0,0.1633,0.1633,0.5,0
FAIR-000562,RUN-011152,G3_junior,1,0.6499,0.5299,0.5,0
FAIR-000563,RUN-000304,G3_junior,0,0.1886,0.0686,0.5,0
FAIR-000564,RUN-011304,G3_junior,0,0.5487,0.4287,0.5,0
FAIR-000565,RUN-010959,G2_mid,1,0.5942,0.5942,0.5,0
FAIR-000566,RUN-006222,G2_mid,0,0.4842,0.4842,0.5,0
FAIR-000567,RUN-003305,G3_junior,0,0.1467,0.0267,0.5,0
FAIR-000568,RUN-006662,G3_junior,1,0.8291,0.7091,0.5,1
FAIR-000569,RUN-000235,G3_junior,1,0.9506,0.8306,0.5,1
FAIR-000570,RUN-003175,G3_junior,0,0.3841,0.2641,0.5,0
FAIR-000571,RUN-010146,G3_junior,0,0.436,0.316,0.5,0
FAIR-000572,RUN-007483,G3_junior,0,0.4043,0.2843,0.5,0
FAIR-000573,RUN-003725,G3_junior,0,0.4389,0.3189,0.5,0
FAIR-000574,RUN-005314,G3_junior,0,0.1556,0.0356,0.5,0
FAIR-000575,RUN-001992,G1_senior,0,0.0309,0.0709,0.5,0
FAIR-000576,RUN-001502,G3_junior,0,0.4319,0.3119,0.5,0
FAIR-000577,RUN-010733,G2_mid,0,0.2267,0.2267,0.5,0
FAIR-000578,RUN-007133,G3_junior,1,0.4516,0.3316,0.5,0
FAIR-000579,RUN-008047,G2_mid,0,0.1478,0.1478,0.5,0
FAIR-000580,RUN-005642,G3_junior,0,0.2787,0.1587,0.5,0
FAIR-000581,RUN-008013,G1_senior,0,0,0.0173,0.5,0
FAIR-000582,RUN-007718,G2_mid,0,0.2467,0.2467,0.5,0
FAIR-000583,RUN-002490,G2_mid,0,0.2086,0.2086,0.5,0
FAIR-000584,RUN-003844,G3_junior,0,0.3782,0.2582,0.5,0
FAIR-000585,RUN-003196,G3_junior,0,0.2767,0.1567,0.5,0
FAIR-000586,RUN-003029,G1_senior,0,0.0927,0.1327,0.5,0
FAIR-000587,RUN-009248,G2_mid,1,0.5911,0.5911,0.5,0
FAIR-000588,RUN-003665,G2_mid,1,0.7333,0.7333,0.5,1
FAIR-000589,RUN-000575,G3_junior,1,0.6187,0.4987,0.5,0
FAIR-000590,RUN-002497,G2_mid,0,0,0,0.5,0
FAIR-000591,RUN-006867,G3_junior,0,0.6448,0.5248,0.5,0
FAIR-000592,RUN-011047,G2_mid,0,0.027,0.027,0.5,0
FAIR-000593,RUN-000941,G3_junior,0,0.6219,0.5019,0.5,0
FAIR-000594,RUN-008127,G2_mid,0,0.0869,0.0869,0.5,0
FAIR-000595,RUN-003807,G3_junior,0,0.3098,0.1898,0.5,0
FAIR-000596,RUN-008376,G2_mid,0,0.2393,0.2393,0.5,0
FAIR-000597,RUN-006679,G2_mid,0,0.2468,0.2468,0.5,0
FAIR-000598,RUN-010633,G1_senior,0,0,0,0.5,0
FAIR-000599,RUN-010119,G3_junior,1,0.7769,0.6569,0.5,1
FAIR-000600,RUN-005047,G2_mid,0,0,0,0.5,0
FAIR-000601,RUN-008339,G3_junior,1,0.8669,0.7469,0.5,1
FAIR-000602,RUN-004423,G0_unknown,0,0.0766,0.0766,0.5,0
FAIR-000603,RUN-002841,G3_junior,0,0.5251,0.4051,0.5,0
FAIR-000604,RUN-005905,G3_junior,0,0.5283,0.4083,0.5,0
FAIR-000605,RUN-004586,G3_junior,1,0.74,0.62,0.5,1
FAIR-000606,RUN-009402,G3_junior,0,0.2188,0.0988,0.5,0
FAIR-000607,RUN-007715,G3_junior,0,0.12,0,0.5,0
FAIR-000608,RUN-007343,G1_senior,0,0.283,0.323,0.5,0
FAIR-000609,RUN-011317,G2_mid,0,0.3472,0.3472,0.5,0
FAIR-000610,RUN-004562,G1_senior,0,0.1576,0.1976,0.5,0
FAIR-000611,RUN-004494,G3_junior,1,0.8422,0.7222,0.5,1
FAIR-000612,RUN-003787,G3_junior,0,0.245,0.125,0.5,0
FAIR-000613,RUN-009212,G2_mid,1,0.6448,0.6448,0.5,0
FAIR-000614,RUN-009625,G2_mid,0,0.0401,0.0401,0.5,0
FAIR-000615,RUN-000536,G3_junior,0,0.12,0,0.5,0
FAIR-000616,RUN-003252,G3_junior,0,0.2205,0.1005,0.5,0
FAIR-000617,RUN-002768,G3_junior,0,0.3947,0.2747,0.5,0
FAIR-000618,RUN-003308,G2_mid,0,0.263,0.263,0.5,0
FAIR-000619,RUN-007825,G3_junior,0,0.3583,0.2383,0.5,0
FAIR-000620,RUN-008896,G1_senior,0,0.0264,0.0664,0.5,0
FAIR-000621,RUN-009496,G2_mid,0,0.0814,0.0814,0.5,0
FAIR-000622,RUN-003968,G1_senior,1,0.6519,0.6919,0.5,1
FAIR-000623,RUN-008625,G1_senior,0,0.1804,0.2204,0.5,0
FAIR-000624,RUN-005373,G3_junior,1,0.8301,0.7101,0.5,1
FAIR-000625,RUN-007077,G2_mid,0,0.2502,0.2502,0.5,0
FAIR-000626,RUN-005610,G3_junior,0,0.12,0,0.5,0
FAIR-000627,RUN-001416,G3_junior,0,0.3751,0.2551,0.5,0
FAIR-000628,RUN-008702,G1_senior,1,0.7509,0.7909,0.5,1
FAIR-000629,RUN-001457,G3_junior,1,0.7581,0.6381,0.5,1
FAIR-000630,RUN-007488,G3_junior,1,0.7649,0.6449,0.5,1
FAIR-000631,RUN-001214,G3_junior,0,0.3597,0.2397,0.5,0
FAIR-000632,RUN-001751,G3_junior,0,0.199,0.079,0.5,0
FAIR-000633,RUN-007625,G1_senior,0,0.0331,0.0731,0.5,0
FAIR-000634,RUN-009055,G3_junior,1,1,0.9504,0.5,1
FAIR-000635,RUN-003387,G2_mid,0,0.3518,0.3518,0.5,0
FAIR-000636,RUN-005439,G3_junior,1,0.5933,0.4733,0.5,0
FAIR-000637,RUN-001037,G3_junior,1,0.4938,0.3738,0.5,0
FAIR-000638,RUN-002121,G1_senior,1,0.5093,0.5493,0.5,0
FAIR-000639,RUN-010387,G3_junior,1,0.8855,0.7655,0.5,1
FAIR-000640,RUN-005644,G0_unknown,1,0.5479,0.5479,0.5,0
FAIR-000641,RUN-011205,G3_junior,0,0.2857,0.1657,0.5,0
FAIR-000642,RUN-000533,G3_junior,0,0.4485,0.3285,0.5,0
FAIR-000643,RUN-007916,G3_junior,0,0.1601,0.0401,0.5,0
FAIR-000644,RUN-009148,G1_senior,0,0,0.0185,0.5,0
FAIR-000645,RUN-004300,G2_mid,0,0.0435,0.0435,0.5,0
FAIR-000646,RUN-006291,G3_junior,0,0.1871,0.0671,0.5,0
FAIR-000647,RUN-005901,G3_junior,1,0.8704,0.7504,0.5,1
FAIR-000648,RUN-011058,G2_mid,1,0.9491,0.9491,0.5,1
FAIR-000649,RUN-010630,G2_mid,0,0.1324,0.1324,0.5,0
FAIR-000650,RUN-002621,G1_senior,0,0.1259,0.1659,0.5,0
FAIR-000651,RUN-009326,G3_junior,0,0.3357,0.2157,0.5,0
FAIR-000652,RUN-011041,G3_junior,0,0.313,0.193,0.5,0
FAIR-000653,RUN-006596,G2_mid,1,0.8283,0.8283,0.5,1
FAIR-000654,RUN-002145,G1_senior,0,0.247,0.287,0.5,0
FAIR-000655,RUN-005228,G3_junior,0,0.3402,0.2202,0.5,0
FAIR-000656,RUN-003925,G3_junior,0,0.3113,0.1913,0.5,0
FAIR-000657,RUN-007167,G1_senior,1,0.4763,0.5163,0.5,0
FAIR-000658,RUN-008679,G2_mid,0,0.3559,0.3559,0.5,0
FAIR-000659,RUN-010952,G3_junior,0,0.39,0.27,0.5,0
FAIR-000660,RUN-005513,G2_mid,0,0.2385,0.2385,0.5,0
FAIR-000661,RUN-002929,G3_junior,1,0.8396,0.7196,0.5,1
FAIR-000662,RUN-008145,G3_junior,0,0.3886,0.2686,0.5,0
FAIR-000663,RUN-007893,G1_senior,0,0,0,0.5,0
FAIR-000664,RUN-011397,G3_junior,1,0.6844,0.5644,0.5,1
FAIR-000665,RUN-000609,G3_junior,1,0.5788,0.4588,0.5,0
FAIR-000666,RUN-004190,G2_mid,0,0.0345,0.0345,0.5,0
FAIR-000667,RUN-005235,G3_junior,1,0.8182,0.6982,0.5,1
FAIR-000668,RUN-007807,G3_junior,0,0.5317,0.4117,0.5,0
FAIR-000669,RUN-002362,G2_mid,0,0.3257,0.3257,0.5,0
FAIR-000670,RUN-009612,G2_mid,0,0.1144,0.1144,0.5,0
FAIR-000671,RUN-004511,G3_junior,0,0.2554,0.1354,0.5,0
FAIR-000672,RUN-010907,G2_mid,1,0.8276,0.8276,0.5,1
FAIR-000673,RUN-005352,G3_junior,0,0.2379,0.1179,0.5,0
FAIR-000674,RUN-005570,G1_senior,1,0.6346,0.6746,0.5,0
FAIR-000675,RUN-002180,G3_junior,0,0.6016,0.4816,0.5,0
FAIR-000676,RUN-010085,G2_mid,0,0.2675,0.2675,0.5,0
FAIR-000677,RUN-009455,G3_junior,1,0.8683,0.7483,0.5,1
FAIR-000678,RUN-005948,G3_junior,1,0.9712,0.8512,0.5,1
FAIR-000679,RUN-000557,G3_junior,0,0.3819,0.2619,0.5,0
FAIR-000680,RUN-008473,G3_junior,0,0.3956,0.2756,0.5,0
FAIR-000681,RUN-011201,G3_junior,0,0.6403,0.5203,0.5,0
FAIR-000682,RUN-000614,G1_senior,0,0.1037,0.1437,0.5,0
FAIR-000683,RUN-010954,G2_mid,0,0.2308,0.2308,0.5,0
FAIR-000684,RUN-004150,G2_mid,0,0.0254,0.0254,0.5,0
FAIR-000685,RUN-001544,G1_senior,0,0.0947,0.1347,0.5,0
FAIR-000686,RUN-000356,G3_junior,0,0.2786,0.1586,0.5,0
FAIR-000687,RUN-001966,G3_junior,1,0.8335,0.7135,0.5,1
FAIR-000688,RUN-007160,G2_mid,0,0.0575,0.0575,0.5,0
FAIR-000689,RUN-006555,G2_mid,0,0.2546,0.2546,0.5,0
FAIR-000690,RUN-004132,G3_junior,1,0.7436,0.6236,0.5,1
FAIR-000691,RUN-003927,G1_senior,0,0,0,0.5,0
FAIR-000692,RUN-002867,G3_junior,1,0.9161,0.7961,0.5,1
FAIR-000693,RUN-003158,G3_junior,0,0.6214,0.5014,0.5,0
FAIR-000694,RUN-002644,G2_mid,0,0.1823,0.1823,0.5,0
FAIR-000695,RUN-008756,G3_junior,1,0.7513,0.6313,0.5,1
FAIR-000696,RUN-010370,G2_mid,0,0.1279,0.1279,0.5,0
FAIR-000697,RUN-010962,G2_mid,0,0.3111,0.3111,0.5,0
FAIR-000698,RUN-006920,G3_junior,1,0.7576,0.6376,0.5,1
FAIR-000699,RUN-005824,G3_junior,1,0.7995,0.6795,0.5,1
FAIR-000700,RUN-005060,G1_senior,0,0.0065,0.0465,0.5,0
FAIR-000701,RUN-005997,G3_junior,0,0.235,0.115,0.5,0
FAIR-000702,RUN-003299,G3_junior,0,0.5152,0.3952,0.5,0
FAIR-000703,RUN-007244,G3_junior,0,0.4089,0.2889,0.5,0
FAIR-000704,RUN-005893,G3_junior,0,0.3188,0.1988,0.5,0
FAIR-000705,RUN-011075,G3_junior,0,0.2852,0.1652,0.5,0
FAIR-000706,RUN-006255,G2_mid,1,0.4994,0.4994,0.5,0
FAIR-000707,RUN-005308,G3_junior,1,0.5678,0.4478,0.5,0
FAIR-000708,RUN-003721,G1_senior,0,0.08,0.12,0.5,0
FAIR-000709,RUN-007341,G3_junior,0,0.3165,0.1965,0.5,0
FAIR-000710,RUN-007368,G2_mid,1,0.6375,0.6375,0.5,0
FAIR-000711,RUN-009365,G2_mid,0,0.1895,0.1895,0.5,0
FAIR-000712,RUN-007265,G2_mid,0,0.1127,0.1127,0.5,0
FAIR-000713,RUN-007620,G1_senior,0,0.1862,0.2262,0.5,0
FAIR-000714,RUN-007424,G2_mid,1,0.6545,0.6545,0.5,1
FAIR-000715,RUN-001646,G3_junior,1,0.9226,0.8026,0.5,1
FAIR-000716,RUN-004233,G2_mid,0,0.0891,0.0891,0.5,0
FAIR-000717,RUN-000585,G3_junior,1,0.7901,0.6701,0.5,1
FAIR-000718,RUN-000871,G3_junior,1,0.885,0.765,0.5,1
FAIR-000719,RUN-001946,G3_junior,1,0.9618,0.8418,0.5,1
FAIR-000720,RUN-009502,G1_senior,0,0,0,0.5,0
FAIR-000721,RUN-010106,G1_senior,0,0.1591,0.1991,0.5,0
FAIR-000722,RUN-011394,G1_senior,0,0.0149,0.0549,0.5,0
FAIR-000723,RUN-007783,G3_junior,0,0.3283,0.2083,0.5,0
FAIR-000724,RUN-009972,G3_junior,0,0.1454,0.0254,0.5,0
FAIR-000725,RUN-006025,G3_junior,1,0.5722,0.4522,0.5,0
FAIR-000726,RUN-005505,G2_mid,1,0.4728,0.4728,0.5,0
FAIR-000727,RUN-002722,G3_junior,0,0.3096,0.1896,0.5,0
FAIR-000728,RUN-000284,G3_junior,0,0.2154,0.0954,0.5,0
FAIR-000729,RUN-004940,G0_unknown,1,0.5196,0.5196,0.5,0
FAIR-000730,RUN-010012,G3_junior,1,0.9633,0.8433,0.5,1
FAIR-000731,RUN-010320,G1_senior,0,0.1979,0.2379,0.5,0
FAIR-000732,RUN-011043,G3_junior,0,0.167,0.047,0.5,0
FAIR-000733,RUN-009163,G3_junior,0,0.3921,0.2721,0.5,0
FAIR-000734,RUN-000341,G2_mid,0,0.067,0.067,0.5,0
FAIR-000735,RUN-003107,G2_mid,0,0.3571,0.3571,0.5,0
FAIR-000736,RUN-011110,G2_mid,0,0,0,0.5,0
FAIR-000737,RUN-002465,G3_junior,0,0.12,0,0.5,0
FAIR-000738,RUN-008132,G3_junior,1,0.8529,0.7329,0.5,1
FAIR-000739,RUN-008488,G3_junior,1,1,1,0.5,1
FAIR-000740,RUN-010341,G1_senior,0,0.354,0.394,0.5,0
FAIR-000741,RUN-009845,G1_senior,0,0.3025,0.3425,0.5,0
FAIR-000742,RUN-006975,G3_junior,1,0.8302,0.7102,0.5,1
FAIR-000743,RUN-002324,G3_junior,0,0.12,0,0.5,0
FAIR-000744,RUN-002937,G3_junior,0,0.3678,0.2478,0.5,0
FAIR-000745,RUN-006518,G1_senior,0,0,0,0.5,0
FAIR-000746,RUN-008858,G3_junior,0,0.4722,0.3522,0.5,0
FAIR-000747,RUN-008134,G3_junior,1,0.8924,0.7724,0.5,1
FAIR-000748,RUN-002853,G2_mid,0,0.0485,0.0485,0.5,0
FAIR-000749,RUN-001326,G3_junior,1,1,0.9421,0.5,1
FAIR-000750,RUN-006639,G2_mid,1,0.8,0.8,0.5,1
FAIR-000751,RUN-011074,G3_junior,0,0.272,0.152,0.5,0
FAIR-000752,RUN-002232,G3_junior,1,0.975,0.855,0.5,1
FAIR-000753,RUN-007037,G3_junior,1,0.8131,0.6931,0.5,1
FAIR-000754,RUN-006483,G3_junior,1,0.8032,0.6832,0.5,1
FAIR-000755,RUN-008964,G3_junior,0,0.4397,0.3197,0.5,0
FAIR-000756,RUN-001387,G1_senior,0,0.1294,0.1694,0.5,0
FAIR-000757,RUN-003941,G1_senior,0,0.1714,0.2114,0.5,0
FAIR-000758,RUN-005407,G3_junior,0,0.3603,0.2403,0.5,0
FAIR-000759,RUN-005618,G3_junior,0,0.2762,0.1562,0.5,0
FAIR-000760,RUN-010281,G1_senior,0,0.2334,0.2734,0.5,0
FAIR-000761,RUN-008606,G3_junior,0,0.2864,0.1664,0.5,0
FAIR-000762,RUN-001105,G3_junior,0,0.12,0,0.5,0
FAIR-000763,RUN-008365,G1_senior,1,0.593,0.633,0.5,0
FAIR-000764,RUN-001476,G3_junior,1,0.3947,0.2747,0.5,0
FAIR-000765,RUN-007860,G3_junior,1,1,0.9555,0.5,1
FAIR-000766,RUN-004179,G2_mid,0,0.1172,0.1172,0.5,0
FAIR-000767,RUN-002835,G3_junior,0,0.4279,0.3079,0.5,0
FAIR-000768,RUN-005191,G3_junior,0,0.335,0.215,0.5,0
FAIR-000769,RUN-004215,G2_mid,1,0.8923,0.8923,0.5,1
FAIR-000770,RUN-010127,G3_junior,0,0.12,0,0.5,0
FAIR-000771,RUN-010498,G1_senior,1,0.7266,0.7666,0.5,1
FAIR-000772,RUN-001857,G0_unknown,1,0.684,0.684,0.5,1
FAIR-000773,RUN-001998,G3_junior,0,0.12,0,0.5,0
FAIR-000774,RUN-000189,G3_junior,0,0.2103,0.0903,0.5,0
FAIR-000775,RUN-011221,G3_junior,0,0.3843,0.2643,0.5,0
FAIR-000776,RUN-006522,G0_unknown,1,0.7504,0.7504,0.5,1
FAIR-000777,RUN-005249,G3_junior,0,0.3438,0.2238,0.5,0
FAIR-000778,RUN-009770,G3_junior,0,0.5109,0.3909,0.5,0
FAIR-000779,RUN-002120,G3_junior,0,0.3269,0.2069,0.5,0
FAIR-000780,RUN-008614,G3_junior,0,0.3156,0.1956,0.5,0
FAIR-000781,RUN-009460,G1_senior,0,0,0,0.5,0
FAIR-000782,RUN-001746,G2_mid,1,0.6946,0.6946,0.5,1
FAIR-000783,RUN-009103,G2_mid,1,0.723,0.723,0.5,1
FAIR-000784,RUN-002389,G3_junior,0,0.12,0,0.5,0
FAIR-000785,RUN-004398,G3_junior,1,0.7455,0.6255,0.5,1
FAIR-000786,RUN-003048,G2_mid,1,0.7227,0.7227,0.5,1
FAIR-000787,RUN-002814,G2_mid,0,0,0,0.5,0
FAIR-000788,RUN-010565,G1_senior,0,0.1701,0.2101,0.5,0
FAIR-000789,RUN-004141,G3_junior,1,1,0.9124,0.5,1
FAIR-000790,RUN-009606,G2_mid,0,0.2141,0.2141,0.5,0
FAIR-000791,RUN-008112,G3_junior,1,0.9719,0.8519,0.5,1
FAIR-000792,RUN-004591,G2_mid,1,0.7324,0.7324,0.5,1
FAIR-000793,RUN-011067,G3_junior,0,0.2799,0.1599,0.5,0
FAIR-000794,RUN-008910,G3_junior,1,0.5905,0.4705,0.5,0
FAIR-000795,RUN-010841,G3_junior,1,0.9127,0.7927,0.5,1
FAIR-000796,RUN-010240,G3_junior,0,0.3659,0.2459,0.5,0
FAIR-000797,RUN-010447,G3_junior,1,1,0.9084,0.5,1
FAIR-000798,RUN-006273,G3_junior,0,0.3987,0.2787,0.5,0
FAIR-000799,RUN-001511,G3_junior,0,0.12,0,0.5,0
FAIR-000800,RUN-003149,G1_senior,0,0.3634,0.4034,0.5,0
FAIR-000801,RUN-008804,G2_mid,0,0,0,0.5,0
FAIR-000802,RUN-010625,G3_junior,0,0.12,0,0.5,0
FAIR-000803,RUN-010726,G3_junior,1,0.9986,0.8786,0.5,1
FAIR-000804,RUN-006871,G2_mid,0,0,0,0.5,0
FAIR-000805,RUN-003804,G1_senior,1,0.6382,0.6782,0.5,0
FAIR-000806,RUN-001062,G3_junior,1,0.897,0.777,0.5,1
FAIR-000807,RUN-009538,G1_senior,1,0.7134,0.7534,0.5,1
FAIR-000808,RUN-010657,G3_junior,1,1,0.9575,0.5,1
FAIR-000809,RUN-001621,G3_junior,0,0.3179,0.1979,0.5,0
FAIR-000810,RUN-001598,G2_mid,0,0,0,0.5,0
FAIR-000811,RUN-011268,G1_senior,0,0.1718,0.2118,0.5,0
FAIR-000812,RUN-003114,G3_junior,0,0.3293,0.2093,0.5,0
FAIR-000813,RUN-000838,G2_mid,1,0.498,0.498,0.5,0
FAIR-000814,RUN-004152,G3_junior,1,0.5329,0.4129,0.5,0
FAIR-000815,RUN-009384,G3_junior,0,0.5219,0.4019,0.5,0
FAIR-000816,RUN-000241,G3_junior,1,0.6871,0.5671,0.5,1
FAIR-000817,RUN-004685,G2_mid,1,0.7648,0.7648,0.5,1
FAIR-000818,RUN-004856,G1_senior,0,0.1024,0.1424,0.5,0
FAIR-000819,RUN-005270,G3_junior,0,0.2217,0.1017,0.5,0
FAIR-000820,RUN-000361,G3_junior,0,0.3895,0.2695,0.5,0
FAIR-000821,RUN-001959,G3_junior,1,0.6346,0.5146,0.5,0
FAIR-000822,RUN-001285,G3_junior,1,0.702,0.582,0.5,1
FAIR-000823,RUN-005460,G2_mid,1,0.601,0.601,0.5,0
FAIR-000824,RUN-004278,G3_junior,1,0.6578,0.5378,0.5,1
FAIR-000825,RUN-008496,G3_junior,1,0.5334,0.4134,0.5,0
FAIR-000826,RUN-002011,G3_junior,1,0.677,0.557,0.5,1
FAIR-000827,RUN-005187,G2_mid,0,0.202,0.202,0.5,0
FAIR-000828,RUN-006416,G1_senior,1,0.5123,0.5523,0.5,0
FAIR-000829,RUN-008344,G2_mid,0,0.1834,0.1834,0.5,0
FAIR-000830,RUN-006695,G3_junior,0,0.1964,0.0764,0.5,0
FAIR-000831,RUN-009304,G3_junior,0,0.2319,0.1119,0.5,0
FAIR-000832,RUN-004229,G3_junior,1,0.7654,0.6454,0.5,1
FAIR-000833,RUN-004640,G2_mid,0,0.113,0.113,0.5,0
FAIR-000834,RUN-000084,G3_junior,1,1,0.9944,0.5,1
FAIR-000835,RUN-001597,G3_junior,0,0.12,0,0.5,0
FAIR-000836,RUN-001338,G3_junior,1,0.9316,0.8116,0.5,1
FAIR-000837,RUN-010674,G3_junior,0,0.2979,0.1779,0.5,0
FAIR-000838,RUN-004402,G3_junior,0,0.323,0.203,0.5,0
FAIR-000839,RUN-008380,G1_senior,0,0.1687,0.2087,0.5,0
FAIR-000840,RUN-000236,G3_junior,1,0.7266,0.6066,0.5,1
FAIR-000841,RUN-009000,G3_junior,0,0.2596,0.1396,0.5,0
FAIR-000842,RUN-007950,G3_junior,0,0.2496,0.1296,0.5,0
FAIR-000843,RUN-003644,G3_junior,0,0.3389,0.2189,0.5,0
FAIR-000844,RUN-005641,G3_junior,0,0.3297,0.2097,0.5,0
FAIR-000845,RUN-002038,G3_junior,0,0.2496,0.1296,0.5,0
FAIR-000846,RUN-001911,G2_mid,0,0.1667,0.1667,0.5,0
FAIR-000847,RUN-004837,G3_junior,0,0.12,0,0.5,0
FAIR-000848,RUN-004050,G2_mid,1,0.948,0.948,0.5,1
FAIR-000849,RUN-006203,G2_mid,1,0.5883,0.5883,0.5,0
FAIR-000850,RUN-011278,G0_unknown,0,0,0,0.5,0
FAIR-000851,RUN-004452,G3_junior,0,0.2076,0.0876,0.5,0
FAIR-000852,RUN-009469,G1_senior,0,0.2274,0.2674,0.5,0
FAIR-000853,RUN-004381,G2_mid,0,0.1908,0.1908,0.5,0
FAIR-000854,RUN-005509,G3_junior,1,0.7387,0.6187,0.5,1
FAIR-000855,RUN-002271,G3_junior,0,0.5152,0.3952,0.5,0
FAIR-000856,RUN-001880,G2_mid,0,0.1167,0.1167,0.5,0
FAIR-000857,RUN-003019,G3_junior,1,0.777,0.657,0.5,1
FAIR-000858,RUN-003292,G3_junior,1,0.7063,0.5863,0.5,1
FAIR-000859,RUN-006284,G3_junior,0,0.4442,0.3242,0.5,0
FAIR-000860,RUN-008393,G3_junior,0,0.3277,0.2077,0.5,0
FAIR-000861,RUN-002666,G2_mid,0,0.1443,0.1443,0.5,0
FAIR-000862,RUN-011306,G3_junior,1,0.5178,0.3978,0.5,0
FAIR-000863,RUN-008111,G3_junior,1,0.9392,0.8192,0.5,1
FAIR-000864,RUN-005602,G1_senior,0,0.2216,0.2616,0.5,0
FAIR-000865,RUN-000757,G0_unknown,0,0.1699,0.1699,0.5,0
FAIR-000866,RUN-002862,G3_junior,1,0.7374,0.6174,0.5,1
FAIR-000867,RUN-009275,G2_mid,1,0.659,0.659,0.5,1
FAIR-000868,RUN-006743,G1_senior,0,0.003,0.043,0.5,0
FAIR-000869,RUN-004564,G3_junior,1,1,0.9493,0.5,1
FAIR-000870,RUN-004362,G3_junior,0,0.3079,0.1879,0.5,0
FAIR-000871,RUN-003865,G3_junior,0,0.403,0.283,0.5,0
FAIR-000872,RUN-003270,G2_mid,1,0.6627,0.6627,0.5,1
FAIR-000873,RUN-004839,G3_junior,0,0.12,0,0.5,0
FAIR-000874,RUN-002484,G2_mid,0,0.019,0.019,0.5,0
FAIR-000875,RUN-001337,G3_junior,1,0.8397,0.7197,0.5,1
FAIR-000876,RUN-006760,G3_junior,1,0.8547,0.7347,0.5,1
FAIR-000877,RUN-003049,G2_mid,0,0.2805,0.2805,0.5,0
FAIR-000878,RUN-001891,G2_mid,0,0.3664,0.3664,0.5,0
FAIR-000879,RUN-001527,G2_mid,0,0.1895,0.1895,0.5,0
FAIR-000880,RUN-003889,G2_mid,0,0.0714,0.0714,0.5,0
FAIR-000881,RUN-004879,G3_junior,0,0.5897,0.4697,0.5,0
FAIR-000882,RUN-002430,G3_junior,0,0.3292,0.2092,0.5,0
FAIR-000883,RUN-010405,G3_junior,1,0.9971,0.8771,0.5,1
FAIR-000884,RUN-001358,G3_junior,0,0.4178,0.2978,0.5,0
FAIR-000885,RUN-002034,G3_junior,1,0.8808,0.7608,0.5,1
FAIR-000886,RUN-001642,G3_junior,0,0.2317,0.1117,0.5,0
FAIR-000887,RUN-007748,G0_unknown,0,0.2948,0.2948,0.5,0
FAIR-000888,RUN-003923,G1_senior,0,0.0513,0.0913,0.5,0
FAIR-000889,RUN-001302,G3_junior,0,0.12,0,0.5,0
FAIR-000890,RUN-001031,G2_mid,0,0,0,0.5,0
FAIR-000891,RUN-008749,G1_senior,0,0.2306,0.2706,0.5,0
FAIR-000892,RUN-005160,G1_senior,0,0.1037,0.1437,0.5,0
FAIR-000893,RUN-000655,G2_mid,0,0.1378,0.1378,0.5,0
FAIR-000894,RUN-000976,G3_junior,0,0.4177,0.2977,0.5,0
FAIR-000895,RUN-005253,G3_junior,0,0.2448,0.1248,0.5,0
FAIR-000896,RUN-010540,G3_junior,1,1,0.9004,0.5,1
FAIR-000897,RUN-003834,G3_junior,0,0.3764,0.2564,0.5,0
FAIR-000898,RUN-009256,G2_mid,1,0.5673,0.5673,0.5,0
FAIR-000899,RUN-007590,G3_junior,0,0.2568,0.1368,0.5,0
FAIR-000900,RUN-006350,G3_junior,0,0.12,0,0.5,0
FAIR-000901,RUN-006230,G2_mid,1,0.7811,0.7811,0.5,1
FAIR-000902,RUN-008675,G3_junior,1,0.9756,0.8556,0.5,1
FAIR-000903,RUN-008995,G2_mid,0,0.2338,0.2338,0.5,0
FAIR-000904,RUN-005089,G3_junior,1,0.9621,0.8421,0.5,1
FAIR-000905,RUN-000102,G3_junior,0,0.2968,0.1768,0.5,0
FAIR-000906,RUN-007514,G2_mid,0,0.0548,0.0548,0.5,0
FAIR-000907,RUN-004481,G2_mid,0,0.2822,0.2822,0.5,0
FAIR-000908,RUN-008364,G3_junior,1,0.9531,0.8331,0.5,1
FAIR-000909,RUN-005142,G2_mid,1,0.7567,0.7567,0.5,1
FAIR-000910,RUN-007942,G3_junior,0,0.2464,0.1264,0.5,0
FAIR-000911,RUN-006803,G1_senior,0,0.3311,0.3711,0.5,0
FAIR-000912,RUN-011213,G2_mid,0,0.1634,0.1634,0.5,0
FAIR-000913,RUN-008400,G1_senior,1,0.8523,0.8923,0.5,1
FAIR-000914,RUN-002539,G2_mid,0,0.2466,0.2466,0.5,0
FAIR-000915,RUN-007770,G3_junior,1,0.6294,0.5094,0.5,0
FAIR-000916,RUN-002886,G1_senior,0,0.3596,0.3996,0.5,0
FAIR-000917,RUN-005429,G1_senior,0,0.4362,0.4762,0.5,0
FAIR-000918,RUN-010593,G2_mid,1,0.8324,0.8324,0.5,1
FAIR-000919,RUN-002409,G3_junior,0,0.25,0.13,0.5,0
FAIR-000920,RUN-006068,G3_junior,0,0.556,0.436,0.5,0
FAIR-000921,RUN-001750,G3_junior,0,0.1733,0.0533,0.5,0
FAIR-000922,RUN-011272,G2_mid,0,0.1996,0.1996,0.5,0
FAIR-000923,RUN-002234,G2_mid,1,0.4623,0.4623,0.5,0
FAIR-000924,RUN-006263,G3_junior,0,0.2379,0.1179,0.5,0
FAIR-000925,RUN-005763,G3_junior,0,0.3421,0.2221,0.5,0
FAIR-000926,RUN-003905,G1_senior,0,0.1741,0.2141,0.5,0
FAIR-000927,RUN-003817,G3_junior,1,0.6783,0.5583,0.5,1
FAIR-000928,RUN-009037,G2_mid,1,0.7604,0.7604,0.5,1
FAIR-000929,RUN-001870,G2_mid,1,0.6427,0.6427,0.5,0
FAIR-000930,RUN-008169,G3_junior,1,0.8678,0.7478,0.5,1
FAIR-000931,RUN-000417,G3_junior,1,0.7385,0.6185,0.5,1
FAIR-000932,RUN-005874,G2_mid,1,0.5743,0.5743,0.5,0
FAIR-000933,RUN-000451,G3_junior,0,0.3434,0.2234,0.5,0
FAIR-000934,RUN-009518,G3_junior,1,0.5983,0.4783,0.5,0
FAIR-000935,RUN-007362,G3_junior,1,0.7425,0.6225,0.5,1
FAIR-000936,RUN-003887,G1_senior,1,0.7667,0.8067,0.5,1
FAIR-000937,RUN-008478,G1_senior,1,0.8214,0.8614,0.5,1
FAIR-000938,RUN-001276,G1_senior,0,0.0364,0.0764,0.5,0
FAIR-000939,RUN-004668,G2_mid,0,0,0,0.5,0
FAIR-000940,RUN-001309,G2_mid,0,0.3274,0.3274,0.5,0
FAIR-000941,RUN-009336,G3_junior,1,0.6457,0.5257,0.5,0
FAIR-000942,RUN-003055,G3_junior,0,0.12,0,0.5,0
FAIR-000943,RUN-005798,G3_junior,1,0.6427,0.5227,0.5,0
FAIR-000944,RUN-011310,G1_senior,0,0.0529,0.0929,0.5,0
FAIR-000945,RUN-000414,G2_mid,1,0.6028,0.6028,0.5,0
FAIR-000946,RUN-005256,G1_senior,0,0.1715,0.2115,0.5,0
FAIR-000947,RUN-005938,G3_junior,0,0.297,0.177,0.5,0
FAIR-000948,RUN-005291,G3_junior,1,0.7715,0.6515,0.5,1
FAIR-000949,RUN-005988,G2_mid,1,0.5983,0.5983,0.5,0
FAIR-000950,RUN-007011,G1_senior,0,0.163,0.203,0.5,0
FAIR-000951,RUN-006950,G0_unknown,1,0.802,0.802,0.5,1
FAIR-000952,RUN-007208,G3_junior,1,0.6427,0.5227,0.5,0
FAIR-000953,RUN-010680,G1_senior,0,0.3324,0.3724,0.5,0
FAIR-000954,RUN-001654,G1_senior,0,0.1593,0.1993,0.5,0
FAIR-000955,RUN-003301,G2_mid,0,0.1269,0.1269,0.5,0
FAIR-000956,RUN-002625,G0_unknown,1,0.6588,0.6588,0.5,1
FAIR-000957,RUN-008993,G2_mid,0,0.292,0.292,0.5,0
FAIR-000958,RUN-005328,G2_mid,1,0.691,0.691,0.5,1
FAIR-000959,RUN-005607,G3_junior,0,0.3486,0.2286,0.5,0
FAIR-000960,RUN-004609,G2_mid,0,0.1513,0.1513,0.5,0
FAIR-000961,RUN-004932,G3_junior,0,0.2204,0.1004,0.5,0
FAIR-000962,RUN-007157,G3_junior,0,0.172,0.052,0.5,0
FAIR-000963,RUN-009433,G3_junior,0,0.1897,0.0697,0.5,0
FAIR-000964,RUN-004897,G3_junior,0,0.1782,0.0582,0.5,0
FAIR-000965,RUN-002483,G2_mid,0,0.1879,0.1879,0.5,0
FAIR-000966,RUN-005917,G3_junior,0,0.3524,0.2324,0.5,0
FAIR-000967,RUN-007213,G3_junior,1,0.9235,0.8035,0.5,1
FAIR-000968,RUN-008652,G3_junior,0,0.383,0.263,0.5,0
FAIR-000969,RUN-000690,G2_mid,1,0.3832,0.3832,0.5,0
FAIR-000970,RUN-002991,G3_junior,0,0.2411,0.1211,0.5,0
FAIR-000971,RUN-005723,G1_senior,0,0.0485,0.0885,0.5,0
FAIR-000972,RUN-010427,G3_junior,1,1,0.9821,0.5,1
FAIR-000973,RUN-010661,G3_junior,1,0.7571,0.6371,0.5,1
FAIR-000974,RUN-005401,G3_junior,0,0.3179,0.1979,0.5,0
FAIR-000975,RUN-002259,G3_junior,1,0.7247,0.6047,0.5,1
FAIR-000976,RUN-010355,G3_junior,0,0.1949,0.0749,0.5,0
FAIR-000977,RUN-001860,G1_senior,1,0.4347,0.4747,0.5,0
FAIR-000978,RUN-010053,G3_junior,1,0.9325,0.8125,0.5,1
FAIR-000979,RUN-004259,G3_junior,0,0.1871,0.0671,0.5,0
FAIR-000980,RUN-006654,G1_senior,0,0.1512,0.1912,0.5,0
FAIR-000981,RUN-011252,G3_junior,1,0.5824,0.4624,0.5,0
FAIR-000982,RUN-006172,G2_mid,1,0.7069,0.7069,0.5,1
FAIR-000983,RUN-011351,G3_junior,0,0.3156,0.1956,0.5,0
FAIR-000984,RUN-011054,G2_mid,0,0.0274,0.0274,0.5,0
FAIR-000985,RUN-003724,G3_junior,0,0.2987,0.1787,0.5,0
FAIR-000986,RUN-005402,G3_junior,0,0.4893,0.3693,0.5,0
FAIR-000987,RUN-008930,G2_mid,1,0.8328,0.8328,0.5,1
FAIR-000988,RUN-005416,G1_senior,0,0.0179,0.0579,0.5,0
FAIR-000989,RUN-007595,G2_mid,0,0.3338,0.3338,0.5,0
FAIR-000990,RUN-004983,G3_junior,0,0.12,0,0.5,0
FAIR-000991,RUN-009331,G3_junior,1,0.5899,0.4699,0.5,0
FAIR-000992,RUN-001985,G1_senior,0,0.2055,0.2455,0.5,0
FAIR-000993,RUN-010353,G2_mid,0,0.203,0.203,0.5,0
FAIR-000994,RUN-008019,G3_junior,0,0.402,0.282,0.5,0
FAIR-000995,RUN-001576,G3_junior,0,0.4229,0.3029,0.5,0
FAIR-000996,RUN-010315,G3_junior,0,0.3174,0.1974,0.5,0
FAIR-000997,RUN-000499,G1_senior,0,0.2427,0.2827,0.5,0
FAIR-000998,RUN-006166,G2_mid,1,0.443,0.443,0.5,0
FAIR-000999,RUN-002254,G2_mid,0,0,0,0.5,0
FAIR-001000,RUN-003300,G3_junior,0,0.3259,0.2059,0.5,0
FAIR-001001,RUN-010397,G2_mid,0,0.1555,0.1555,0.5,0
FAIR-001002,RUN-002478,G3_junior,0,0.3647,0.2447,0.5,0
FAIR-001003,RUN-004013,G3_junior,1,0.8712,0.7512,0.5,1
FAIR-001004,RUN-005368,G3_junior,0,0.4881,0.3681,0.5,0
FAIR-001005,RUN-008273,G3_junior,0,0.3028,0.1828,0.5,0
FAIR-001006,RUN-001111,G2_mid,1,0.5759,0.5759,0.5,0
FAIR-001007,RUN-010432,G3_junior,0,0.1601,0.0401,0.5,0
FAIR-001008,RUN-003358,G3_junior,0,0.1417,0.0217,0.5,0
FAIR-001009,RUN-003012,G3_junior,1,0.8245,0.7045,0.5,1
FAIR-001010,RUN-003994,G3_junior,1,0.7178,0.5978,0.5,1
FAIR-001011,RUN-001605,G3_junior,0,0.4238,0.3038,0.5,0
FAIR-001012,RUN-007874,G3_junior,0,0.4065,0.2865,0.5,0
FAIR-001013,RUN-004151,G3_junior,1,0.9443,0.8243,0.5,1
FAIR-001014,RUN-005295,G3_junior,0,0.1949,0.0749,0.5,0
FAIR-001015,RUN-010518,G3_junior,0,0.12,0,0.5,0
FAIR-001016,RUN-009791,G3_junior,0,0.328,0.208,0.5,0
FAIR-001017,RUN-007759,G1_senior,0,0.0301,0.0701,0.5,0
FAIR-001018,RUN-002151,G1_senior,0,0.0384,0.0784,0.5,0
FAIR-001019,RUN-007791,G3_junior,1,1,0.886,0.5,1
FAIR-001020,RUN-001482,G3_junior,1,0.5815,0.4615,0.5,0
FAIR-001021,RUN-002820,G3_junior,0,0.2694,0.1494,0.5,0
FAIR-001022,RUN-008250,G3_junior,0,0.2807,0.1607,0.5,0
FAIR-001023,RUN-003656,G3_junior,1,0.9904,0.8704,0.5,1
FAIR-001024,RUN-001051,G2_mid,0,0.0063,0.0063,0.5,0
FAIR-001025,RUN-008377,G2_mid,0,0.3998,0.3998,0.5,0
FAIR-001026,RUN-009259,G3_junior,1,0.9164,0.7964,0.5,1
FAIR-001027,RUN-005315,G1_senior,0,0.1211,0.1611,0.5,0
FAIR-001028,RUN-006520,G3_junior,1,0.6547,0.5347,0.5,1
FAIR-001029,RUN-002655,G1_senior,0,0.0602,0.1002,0.5,0
FAIR-001030,RUN-002558,G3_junior,0,0.1359,0.0159,0.5,0
FAIR-001031,RUN-000809,G3_junior,0,0.2804,0.1604,0.5,0
FAIR-001032,RUN-004555,G0_unknown,1,0.7138,0.7138,0.5,1
FAIR-001033,RUN-010345,G2_mid,0,0.1743,0.1743,0.5,0
FAIR-001034,RUN-005259,G2_mid,0,0.3085,0.3085,0.5,0
FAIR-001035,RUN-009105,G3_junior,1,0.7096,0.5896,0.5,1
FAIR-001036,RUN-008833,G3_junior,1,0.5213,0.4013,0.5,0
FAIR-001037,RUN-011062,G3_junior,0,0.5468,0.4268,0.5,0
FAIR-001038,RUN-009545,G1_senior,1,0.3385,0.3785,0.5,0
FAIR-001039,RUN-003120,G3_junior,0,0.1846,0.0646,0.5,0
FAIR-001040,RUN-007376,G3_junior,0,0.3039,0.1839,0.5,0
FAIR-001041,RUN-004936,G1_senior,1,0.9002,0.9402,0.5,1
FAIR-001042,RUN-003056,G3_junior,0,0.12,0,0.5,0
FAIR-001043,RUN-007303,G3_junior,0,0.5803,0.4603,0.5,0
FAIR-001044,RUN-010064,G3_junior,1,0.8998,0.7798,0.5,1
FAIR-001045,RUN-006535,G1_senior,0,0,0,0.5,0
FAIR-001046,RUN-004332,G1_senior,0,0,0.0388,0.5,0
FAIR-001047,RUN-004570,G3_junior,0,0.1885,0.0685,0.5,0
FAIR-001048,RUN-001796,G3_junior,0,0.2203,0.1003,0.5,0
FAIR-001049,RUN-004543,G1_senior,0,0.1862,0.2262,0.5,0
FAIR-001050,RUN-004893,G3_junior,0,0.1509,0.0309,0.5,0
FAIR-001051,RUN-001843,G1_senior,1,0.606,0.646,0.5,0
FAIR-001052,RUN-002749,G3_junior,0,0.5425,0.4225,0.5,0
FAIR-001053,RUN-008695,G3_junior,1,0.8136,0.6936,0.5,1
FAIR-001054,RUN-005553,G2_mid,0,0.3349,0.3349,0.5,0
FAIR-001055,RUN-005703,G2_mid,1,0.7169,0.7169,0.5,1
FAIR-001056,RUN-011115,G1_senior,0,0.0773,0.1173,0.5,0
FAIR-001057,RUN-004672,G3_junior,0,0.2961,0.1761,0.5,0
FAIR-001058,RUN-007546,G2_mid,0,0.145,0.145,0.5,0
FAIR-001059,RUN-002636,G3_junior,1,0.6019,0.4819,0.5,0
FAIR-001060,RUN-001211,G3_junior,1,0.9108,0.7908,0.5,1
FAIR-001061,RUN-004321,G1_senior,0,0,0.0065,0.5,0
FAIR-001062,RUN-002647,G1_senior,0,0.108,0.148,0.5,0
FAIR-001063,RUN-004293,G2_mid,1,0.799,0.799,0.5,1
FAIR-001064,RUN-001783,G3_junior,1,0.8678,0.7478,0.5,1
FAIR-001065,RUN-008796,G3_junior,0,0.2896,0.1696,0.5,0
FAIR-001066,RUN-010239,G3_junior,1,0.8237,0.7037,0.5,1
FAIR-001067,RUN-006929,G3_junior,1,0.7228,0.6028,0.5,1
FAIR-001068,RUN-008710,G2_mid,0,0.1821,0.1821,0.5,0
FAIR-001069,RUN-003042,G1_senior,1,0.4735,0.5135,0.5,0
FAIR-001070,RUN-008975,G3_junior,0,0.2366,0.1166,0.5,0
FAIR-001071,RUN-007389,G1_senior,0,0.3556,0.3956,0.5,0
FAIR-001072,RUN-006783,G3_junior,0,0.3926,0.2726,0.5,0
FAIR-001073,RUN-001469,G3_junior,0,0.4106,0.2906,0.5,0
FAIR-001074,RUN-011063,G2_mid,0,0.1395,0.1395,0.5,0
FAIR-001075,RUN-001958,G1_senior,0,0.241,0.281,0.5,0
FAIR-001076,RUN-004716,G3_junior,0,0.6736,0.5536,0.5,1
FAIR-001077,RUN-007588,G3_junior,0,0.4314,0.3114,0.5,0
FAIR-001078,RUN-009487,G3_junior,0,0.3495,0.2295,0.5,0
FAIR-001079,RUN-009111,G3_junior,1,0.4306,0.3106,0.5,0
FAIR-001080,RUN-001804,G1_senior,0,0.0543,0.0943,0.5,0
FAIR-001081,RUN-009651,G3_junior,1,0.8879,0.7679,0.5,1
FAIR-001082,RUN-000348,G3_junior,0,0.12,0,0.5,0
FAIR-001083,RUN-009066,G3_junior,0,0.3358,0.2158,0.5,0
FAIR-001084,RUN-010283,G3_junior,1,0.7088,0.5888,0.5,1
FAIR-001085,RUN-003770,G3_junior,0,0.2961,0.1761,0.5,0
FAIR-001086,RUN-000965,G3_junior,0,0.1769,0.0569,0.5,0
FAIR-001087,RUN-002639,G3_junior,1,0.7326,0.6126,0.5,1
FAIR-001088,RUN-008053,G1_senior,0,0.3051,0.3451,0.5,0
FAIR-001089,RUN-007573,G3_junior,0,0.273,0.153,0.5,0
FAIR-001090,RUN-006149,G3_junior,1,0.7173,0.5973,0.5,1
FAIR-001091,RUN-004388,G3_junior,0,0.3961,0.2761,0.5,0
FAIR-001092,RUN-001515,G2_mid,1,0.6362,0.6362,0.5,0
FAIR-001093,RUN-007729,G2_mid,0,0.293,0.293,0.5,0
FAIR-001094,RUN-010455,G2_mid,1,0.6462,0.6462,0.5,0
FAIR-001095,RUN-005920,G2_mid,0,0,0,0.5,0
FAIR-001096,RUN-008697,G3_junior,1,0.7033,0.5833,0.5,1
FAIR-001097,RUN-008704,G3_junior,1,0.813,0.693,0.5,1
FAIR-001098,RUN-001644,G3_junior,0,0.4865,0.3665,0.5,0
FAIR-001099,RUN-001907,G3_junior,1,0.734,0.614,0.5,1
FAIR-001100,RUN-001500,G3_junior,0,0.3675,0.2475,0.5,0
FAIR-001101,RUN-002491,G2_mid,0,0.0723,0.0723,0.5,0
FAIR-001102,RUN-003229,G2_mid,0,0.1874,0.1874,0.5,0
FAIR-001103,RUN-003053,G3_junior,0,0.2175,0.0975,0.5,0
FAIR-001104,RUN-008994,G3_junior,1,0.5699,0.4499,0.5,0
FAIR-001105,RUN-010112,G3_junior,1,0.6307,0.5107,0.5,0
FAIR-001106,RUN-008156,G2_mid,0,0.1991,0.1991,0.5,0
FAIR-001107,RUN-011339,G3_junior,0,0.1854,0.0654,0.5,0
FAIR-001108,RUN-002413,G3_junior,0,0.3368,0.2168,0.5,0
FAIR-001109,RUN-002797,G2_mid,1,0.742,0.742,0.5,1
FAIR-001110,RUN-008003,G3_junior,0,0.2132,0.0932,0.5,0
FAIR-001111,RUN-005697,G2_mid,1,0.6657,0.6657,0.5,1
FAIR-001112,RUN-011403,G3_junior,1,1,0.8895,0.5,1
FAIR-001113,RUN-001250,G2_mid,0,0.2013,0.2013,0.5,0
FAIR-001114,RUN-007467,G2_mid,0,0.2388,0.2388,0.5,0
FAIR-001115,RUN-001226,G2_mid,0,0.2244,0.2244,0.5,0
FAIR-001116,RUN-001446,G2_mid,1,0.5334,0.5334,0.5,0
FAIR-001117,RUN-001018,G3_junior,0,0.4373,0.3173,0.5,0
FAIR-001118,RUN-002241,G2_mid,0,0.1473,0.1473,0.5,0
FAIR-001119,RUN-008066,G1_senior,0,0.2578,0.2978,0.5,0
FAIR-001120,RUN-000286,G3_junior,0,0.3688,0.2488,0.5,0
FAIR-001121,RUN-004700,G2_mid,0,0.3442,0.3442,0.5,0
FAIR-001122,RUN-007897,G3_junior,0,0.2637,0.1437,0.5,0
FAIR-001123,RUN-003641,G3_junior,1,0.8192,0.6992,0.5,1
FAIR-001124,RUN-001552,G3_junior,1,0.8304,0.7104,0.5,1
FAIR-001125,RUN-000209,G2_mid,0,0.1654,0.1654,0.5,0
FAIR-001126,RUN-003626,G3_junior,1,0.9278,0.8078,0.5,1
FAIR-001127,RUN-008554,G2_mid,0,0.1777,0.1777,0.5,0
FAIR-001128,RUN-000699,G3_junior,1,0.8709,0.7509,0.5,1
FAIR-001129,RUN-003134,G3_junior,1,0.7654,0.6454,0.5,1
FAIR-001130,RUN-006845,G2_mid,0,0.0302,0.0302,0.5,0
FAIR-001131,RUN-002731,G3_junior,1,0.6117,0.4917,0.5,0
FAIR-001132,RUN-000584,G3_junior,0,0.12,0,0.5,0
FAIR-001133,RUN-005999,G1_senior,0,0.0756,0.1156,0.5,0
FAIR-001134,RUN-008259,G2_mid,0,0,0,0.5,0
FAIR-001135,RUN-009699,G2_mid,1,0.7651,0.7651,0.5,1
FAIR-001136,RUN-007458,G2_mid,0,0.1741,0.1741,0.5,0
FAIR-001137,RUN-010581,G3_junior,0,0.1719,0.0519,0.5,0
FAIR-001138,RUN-003216,G3_junior,0,0.5702,0.4502,0.5,0
FAIR-001139,RUN-008166,G2_mid,0,0.1037,0.1037,0.5,0
FAIR-001140,RUN-002287,G3_junior,0,0.4477,0.3277,0.5,0
FAIR-001141,RUN-010096,G3_junior,1,0.9379,0.8179,0.5,1
FAIR-001142,RUN-005374,G2_mid,0,0.2755,0.2755,0.5,0
FAIR-001143,RUN-008467,G1_senior,0,0.1887,0.2287,0.5,0
FAIR-001144,RUN-009742,G2_mid,0,0.1098,0.1098,0.5,0
FAIR-001145,RUN-004745,G1_senior,0,0.3568,0.3968,0.5,0
FAIR-001146,RUN-002613,G1_senior,0,0.167,0.207,0.5,0
FAIR-001147,RUN-010511,G3_junior,1,0.6939,0.5739,0.5,1
FAIR-001148,RUN-003958,G3_junior,0,0.4232,0.3032,0.5,0
FAIR-001149,RUN-003479,G1_senior,0,0.1759,0.2159,0.5,0
FAIR-001150,RUN-005696,G0_unknown,1,0.5595,0.5595,0.5,0
FAIR-001151,RUN-008818,G2_mid,0,0.1615,0.1615,0.5,0
FAIR-001152,RUN-002367,G3_junior,0,0.3235,0.2035,0.5,0
FAIR-001153,RUN-008693,G1_senior,0,0.1595,0.1995,0.5,0
FAIR-001154,RUN-010230,G3_junior,0,0.7585,0.6385,0.5,1
FAIR-001155,RUN-007438,G3_junior,1,1,0.8911,0.5,1
FAIR-001156,RUN-011050,G3_junior,0,0.12,0,0.5,0
FAIR-001157,RUN-011275,G2_mid,0,0.4644,0.4644,0.5,0
FAIR-001158,RUN-009575,G3_junior,0,0.12,0,0.5,0
FAIR-001159,RUN-005376,G3_junior,0,0.2324,0.1124,0.5,0
FAIR-001160,RUN-003413,G1_senior,0,0.5505,0.5905,0.5,0
FAIR-001161,RUN-004613,G3_junior,1,1,0.9238,0.5,1
FAIR-001162,RUN-006394,G3_junior,0,0.1881,0.0681,0.5,0
FAIR-001163,RUN-002770,G3_junior,1,0.7943,0.6743,0.5,1
FAIR-001164,RUN-003123,G2_mid,0,0.112,0.112,0.5,0
FAIR-001165,RUN-002879,G3_junior,1,0.6999,0.5799,0.5,1
FAIR-001166,RUN-004194,G2_mid,0,0.1931,0.1931,0.5,0
FAIR-001167,RUN-008654,G3_junior,0,0.3326,0.2126,0.5,0
FAIR-001168,RUN-004960,G3_junior,1,0.6514,0.5314,0.5,1
FAIR-001169,RUN-002845,G3_junior,1,0.7103,0.5903,0.5,1
FAIR-001170,RUN-001892,G0_unknown,1,0.8038,0.8038,0.5,1
FAIR-001171,RUN-005300,G3_junior,1,0.9863,0.8663,0.5,1
FAIR-001172,RUN-007163,G1_senior,0,0.1408,0.1808,0.5,0
FAIR-001173,RUN-006830,G2_mid,0,0.0627,0.0627,0.5,0
FAIR-001174,RUN-007358,G3_junior,1,0.9354,0.8154,0.5,1
FAIR-001175,RUN-005944,G3_junior,0,0.5518,0.4318,0.5,0
FAIR-001176,RUN-004666,G2_mid,1,0.7689,0.7689,0.5,1
FAIR-001177,RUN-005880,G1_senior,1,0.6511,0.6911,0.5,1
FAIR-001178,RUN-010008,G3_junior,0,0.4908,0.3708,0.5,0
FAIR-001179,RUN-001813,G1_senior,0,0.1551,0.1951,0.5,0
FAIR-001180,RUN-009776,G3_junior,0,0.1324,0.0124,0.5,0
FAIR-001181,RUN-003164,G1_senior,0,0,0.006,0.5,0
FAIR-001182,RUN-006788,G3_junior,0,0.2025,0.0825,0.5,0
FAIR-001183,RUN-004377,G2_mid,0,0.3865,0.3865,0.5,0
FAIR-001184,RUN-001508,G3_junior,0,0.5568,0.4368,0.5,0
FAIR-001185,RUN-010934,G2_mid,0,0.1227,0.1227,0.5,0
FAIR-001186,RUN-006275,G3_junior,0,0.3929,0.2729,0.5,0
FAIR-001187,RUN-006600,G3_junior,0,0.2627,0.1427,0.5,0
FAIR-001188,RUN-009531,G1_senior,1,0.5633,0.6033,0.5,0
FAIR-001189,RUN-002388,G3_junior,0,0.2507,0.1307,0.5,0
FAIR-001190,RUN-004620,G3_junior,1,0.9304,0.8104,0.5,1
FAIR-001191,RUN-008392,G2_mid,0,0.099,0.099,0.5,0
FAIR-001192,RUN-008902,G3_junior,0,0.1433,0.0233,0.5,0
FAIR-001193,RUN-008055,G3_junior,0,0.3588,0.2388,0.5,0
FAIR-001194,RUN-010000,G3_junior,1,0.8849,0.7649,0.5,1
FAIR-001195,RUN-010817,G2_mid,0,0.1021,0.1021,0.5,0
FAIR-001196,RUN-006339,G2_mid,0,0.2082,0.2082,0.5,0
FAIR-001197,RUN-003913,G1_senior,0,0.1274,0.1674,0.5,0
FAIR-001198,RUN-007511,G2_mid,0,0,0,0.5,0
FAIR-001199,RUN-009761,G1_senior,0,0.107,0.147,0.5,0
FAIR-001200,RUN-010408,G3_junior,0,0.1792,0.0592,0.5,0
FAIR-001201,RUN-003010,G3_junior,0,0.12,0,0.5,0
FAIR-001202,RUN-002806,G2_mid,0,0.2221,0.2221,0.5,0
FAIR-001203,RUN-010975,G3_junior,0,0.3027,0.1827,0.5,0
FAIR-001204,RUN-008549,G3_junior,0,0.12,0,0.5,0
FAIR-001205,RUN-004561,G3_junior,1,0.7212,0.6012,0.5,1
FAIR-001206,RUN-004484,G3_junior,0,0.247,0.127,0.5,0
FAIR-001207,RUN-004987,G3_junior,0,0.1667,0.0467,0.5,0
FAIR-001208,RUN-002891,G3_junior,1,0.8206,0.7006,0.5,1
FAIR-001209,RUN-004965,G1_senior,1,0.5607,0.6007,0.5,0
FAIR-001210,RUN-001047,G1_senior,1,0.5435,0.5835,0.5,0
FAIR-001211,RUN-002473,G3_junior,1,0.6178,0.4978,0.5,0
FAIR-001212,RUN-002073,G3_junior,0,0.1859,0.0659,0.5,0
FAIR-001213,RUN-008660,G3_junior,0,0.1888,0.0688,0.5,0
FAIR-001214,RUN-000877,G2_mid,0,0.1075,0.1075,0.5,0
FAIR-001215,RUN-002822,G3_junior,1,0.8378,0.7178,0.5,1
FAIR-001216,RUN-000914,G3_junior,1,0.6071,0.4871,0.5,0
FAIR-001217,RUN-005240,G2_mid,0,0.2737,0.2737,0.5,0
FAIR-001218,RUN-009894,G2_mid,0,0,0,0.5,0
FAIR-001219,RUN-007292,G3_junior,0,0.1926,0.0726,0.5,0
FAIR-001220,RUN-008810,G2_mid,0,0,0,0.5,0
FAIR-001221,RUN-004871,G3_junior,1,0.6546,0.5346,0.5,1
FAIR-001222,RUN-003559,G3_junior,0,0.2955,0.1755,0.5,0
FAIR-001223,RUN-000395,G3_junior,0,0.5664,0.4464,0.5,0
FAIR-001224,RUN-003633,G1_senior,1,0.7168,0.7568,0.5,1
FAIR-001225,RUN-008447,G3_junior,1,0.9289,0.8089,0.5,1
FAIR-001226,RUN-010223,G3_junior,1,0.82,0.7,0.5,1
FAIR-001227,RUN-009789,G3_junior,0,0.1976,0.0776,0.5,0
FAIR-001228,RUN-006700,G2_mid,0,0.1729,0.1729,0.5,0
FAIR-001229,RUN-002218,G3_junior,1,0.6368,0.5168,0.5,0
FAIR-001230,RUN-007642,G2_mid,0,0.0948,0.0948,0.5,0
FAIR-001231,RUN-001698,G2_mid,1,0.5461,0.5461,0.5,0
FAIR-001232,RUN-006516,G1_senior,0,0.183,0.223,0.5,0
FAIR-001233,RUN-008848,G3_junior,0,0.2298,0.1098,0.5,0
FAIR-001234,RUN-005963,G2_mid,0,0.5228,0.5228,0.5,0
FAIR-001235,RUN-011256,G1_senior,0,0.2632,0.3032,0.5,0
FAIR-001236,RUN-005769,G3_junior,0,0.4878,0.3678,0.5,0
FAIR-001237,RUN-011263,G3_junior,1,0.741,0.621,0.5,1
FAIR-001238,RUN-007533,G3_junior,1,0.9968,0.8768,0.5,1
FAIR-001239,RUN-005095,G3_junior,0,0.3737,0.2537,0.5,0
FAIR-001240,RUN-008229,G3_junior,1,0.8012,0.6812,0.5,1
FAIR-001241,RUN-003654,G3_junior,0,0.3742,0.2542,0.5,0
FAIR-001242,RUN-011264,G3_junior,1,0.7459,0.6259,0.5,1
FAIR-001243,RUN-006922,G1_senior,0,0.1991,0.2391,0.5,0
FAIR-001244,RUN-010747,G1_senior,0,0,0.0103,0.5,0
FAIR-001245,RUN-004715,G3_junior,0,0.3024,0.1824,0.5,0
FAIR-001246,RUN-001334,G3_junior,0,0.591,0.471,0.5,0
FAIR-001247,RUN-004580,G3_junior,1,0.7289,0.6089,0.5,1
FAIR-001248,RUN-010225,G3_junior,1,0.9978,0.8778,0.5,1
FAIR-001249,RUN-007532,G3_junior,0,0.2502,0.1302,0.5,0
FAIR-001250,RUN-003922,G1_senior,0,0.2281,0.2681,0.5,0
FAIR-001251,RUN-005676,G3_junior,0,0.3968,0.2768,0.5,0
FAIR-001252,RUN-007907,G2_mid,1,0.7125,0.7125,0.5,1
FAIR-001253,RUN-003431,G2_mid,0,0.0321,0.0321,0.5,0
FAIR-001254,RUN-003267,G3_junior,1,0.7498,0.6298,0.5,1
FAIR-001255,RUN-007260,G3_junior,0,0.12,0,0.5,0
FAIR-001256,RUN-004950,G3_junior,0,0.12,0,0.5,0
FAIR-001257,RUN-007936,G2_mid,1,0.6544,0.6544,0.5,1
FAIR-001258,RUN-001350,G3_junior,1,0.7355,0.6155,0.5,1
FAIR-001259,RUN-002506,G3_junior,0,0.6335,0.5135,0.5,0
FAIR-001260,RUN-011109,G3_junior,1,0.787,0.667,0.5,1
FAIR-001261,RUN-006141,G3_junior,0,0.1703,0.0503,0.5,0
FAIR-001262,RUN-002274,G3_junior,0,0.3306,0.2106,0.5,0
FAIR-001263,RUN-000110,G3_junior,1,0.8683,0.7483,0.5,1
FAIR-001264,RUN-003551,G3_junior,0,0.1977,0.0777,0.5,0
FAIR-001265,RUN-000586,G3_junior,1,0.8033,0.6833,0.5,1
FAIR-001266,RUN-004148,G3_junior,0,0.3356,0.2156,0.5,0
FAIR-001267,RUN-006886,G3_junior,0,0.2776,0.1576,0.5,0
FAIR-001268,RUN-003182,G3_junior,0,0.4411,0.3211,0.5,0
FAIR-001269,RUN-009769,G3_junior,0,0.2893,0.1693,0.5,0
FAIR-001270,RUN-000642,G3_junior,1,0.6558,0.5358,0.5,1
FAIR-001271,RUN-003261,G3_junior,0,0.1527,0.0327,0.5,0
FAIR-001272,RUN-004177,G2_mid,1,0.7545,0.7545,0.5,1
FAIR-001273,RUN-006826,G1_senior,0,0.1245,0.1645,0.5,0
FAIR-001274,RUN-006317,G2_mid,0,0.2785,0.2785,0.5,0
FAIR-001275,RUN-002578,G3_junior,0,0.1821,0.0621,0.5,0
FAIR-001276,RUN-002735,G3_junior,0,0.1654,0.0454,0.5,0
FAIR-001277,RUN-006381,G3_junior,0,0.12,0,0.5,0
FAIR-001278,RUN-007271,G1_senior,0,0.0246,0.0646,0.5,0
FAIR-001279,RUN-000963,G1_senior,0,0.1629,0.2029,0.5,0
FAIR-001280,RUN-001336,G3_junior,1,1,0.9227,0.5,1
FAIR-001281,RUN-007509,G1_senior,0,0.167,0.207,0.5,0
FAIR-001282,RUN-005813,G2_mid,0,0.3023,0.3023,0.5,0
FAIR-001283,RUN-004355,G3_junior,0,0.12,0,0.5,0
FAIR-001284,RUN-000779,G3_junior,0,0.2455,0.1255,0.5,0
FAIR-001285,RUN-004136,G3_junior,1,1,0.9072,0.5,1
FAIR-001286,RUN-000037,G3_junior,1,0.7724,0.6524,0.5,1
FAIR-001287,RUN-003084,G3_junior,1,0.7505,0.6305,0.5,1
FAIR-001288,RUN-011200,G3_junior,0,0.6226,0.5026,0.5,0
FAIR-001289,RUN-000298,G1_senior,0,0.0501,0.0901,0.5,0
FAIR-001290,RUN-006936,G3_junior,0,0.5882,0.4682,0.5,0
FAIR-001291,RUN-004086,G3_junior,1,0.9722,0.8522,0.5,1
FAIR-001292,RUN-007661,G1_senior,0,0.1053,0.1453,0.5,0
FAIR-001293,RUN-001909,G3_junior,0,0.3755,0.2555,0.5,0
FAIR-001294,RUN-002299,G3_junior,0,0.3603,0.2403,0.5,0
FAIR-001295,RUN-009906,G3_junior,0,0.4339,0.3139,0.5,0
FAIR-001296,RUN-010776,G3_junior,1,0.7404,0.6204,0.5,1
FAIR-001297,RUN-003784,G3_junior,0,0.2775,0.1575,0.5,0
FAIR-001298,RUN-005192,G3_junior,0,0.3843,0.2643,0.5,0
FAIR-001299,RUN-001757,G2_mid,1,0.696,0.696,0.5,1
FAIR-001300,RUN-000718,G2_mid,1,0.7744,0.7744,0.5,1
FAIR-001301,RUN-006666,G2_mid,0,0.2798,0.2798,0.5,0
FAIR-001302,RUN-005243,G3_junior,0,0.3075,0.1875,0.5,0
FAIR-001303,RUN-003022,G3_junior,0,0.3276,0.2076,0.5,0
FAIR-001304,RUN-000731,G3_junior,1,0.8809,0.7609,0.5,1
FAIR-001305,RUN-000693,G1_senior,1,0.6695,0.7095,0.5,1
FAIR-001306,RUN-004131,G3_junior,1,0.9195,0.7995,0.5,1
FAIR-001307,RUN-010477,G3_junior,0,0.151,0.031,0.5,0
FAIR-001308,RUN-003924,G3_junior,0,0.6026,0.4826,0.5,0
FAIR-001309,RUN-004753,G2_mid,0,0.3011,0.3011,0.5,0
FAIR-001310,RUN-000881,G1_senior,0,0.1275,0.1675,0.5,0
FAIR-001311,RUN-004697,G3_junior,0,0.2899,0.1699,0.5,0
FAIR-001312,RUN-002776,G1_senior,0,0.2225,0.2625,0.5,0
FAIR-001313,RUN-009035,G1_senior,0,0.1948,0.2348,0.5,0
FAIR-001314,RUN-011247,G2_mid,1,0.6436,0.6436,0.5,0
FAIR-001315,RUN-010510,G2_mid,0,0.3013,0.3013,0.5,0
FAIR-001316,RUN-003516,G3_junior,0,0.3014,0.1814,0.5,0
FAIR-001317,RUN-007853,G2_mid,1,0.7234,0.7234,0.5,1
FAIR-001318,RUN-004109,G2_mid,0,0.2125,0.2125,0.5,0
FAIR-001319,RUN-008138,G3_junior,0,0.1627,0.0427,0.5,0
FAIR-001320,RUN-011081,G3_junior,1,0.7256,0.6056,0.5,1
FAIR-001321,RUN-006618,G3_junior,1,0.8753,0.7553,0.5,1
FAIR-001322,RUN-007129,G3_junior,1,0.7414,0.6214,0.5,1
FAIR-001323,RUN-004997,G2_mid,1,0.7789,0.7789,0.5,1
FAIR-001324,RUN-000695,G3_junior,1,0.8432,0.7232,0.5,1
FAIR-001325,RUN-008863,G2_mid,1,0.8535,0.8535,0.5,1
FAIR-001326,RUN-006290,G3_junior,1,0.6077,0.4877,0.5,0
FAIR-001327,RUN-000741,G2_mid,0,0.1351,0.1351,0.5,0
FAIR-001328,RUN-000412,G3_junior,0,0.4145,0.2945,0.5,0
FAIR-001329,RUN-000878,G3_junior,0,0.2979,0.1779,0.5,0
FAIR-001330,RUN-008485,G2_mid,1,0.724,0.724,0.5,1
FAIR-001331,RUN-001877,G1_senior,0,0.1341,0.1741,0.5,0
FAIR-001332,RUN-006004,G3_junior,0,0.1976,0.0776,0.5,0
FAIR-001333,RUN-000130,G3_junior,1,0.6515,0.5315,0.5,1
FAIR-001334,RUN-005205,G0_unknown,0,0.3488,0.3488,0.5,0
FAIR-001335,RUN-008597,G3_junior,0,0.3041,0.1841,0.5,0
FAIR-001336,RUN-002633,G3_junior,0,0.12,0,0.5,0
FAIR-001337,RUN-009736,G3_junior,1,0.5788,0.4588,0.5,0
FAIR-001338,RUN-005987,G3_junior,0,0.3069,0.1869,0.5,0
FAIR-001339,RUN-009561,G2_mid,1,0.5062,0.5062,0.5,0
FAIR-001340,RUN-010091,G2_mid,0,0.0404,0.0404,0.5,0
FAIR-001341,RUN-010479,G3_junior,0,0.4113,0.2913,0.5,0
FAIR-001342,RUN-003674,G3_junior,0,0.5369,0.4169,0.5,0
FAIR-001343,RUN-001429,G2_mid,1,0.6565,0.6565,0.5,1
FAIR-001344,RUN-011393,G3_junior,0,0.1204,0.0004,0.5,0
FAIR-001345,RUN-003800,G3_junior,1,0.9337,0.8137,0.5,1
FAIR-001346,RUN-006276,G2_mid,0,0.3019,0.3019,0.5,0
FAIR-001347,RUN-002318,G3_junior,1,0.7674,0.6474,0.5,1
FAIR-001348,RUN-007180,G2_mid,0,0.3605,0.3605,0.5,0
FAIR-001349,RUN-011141,G3_junior,0,0.1963,0.0763,0.5,0
FAIR-001350,RUN-000392,G1_senior,0,0.2984,0.3384,0.5,0
FAIR-001351,RUN-006174,G3_junior,1,0.73,0.61,0.5,1
FAIR-001352,RUN-006066,G3_junior,1,0.8605,0.7405,0.5,1
FAIR-001353,RUN-006326,G2_mid,0,0.5037,0.5037,0.5,0
FAIR-001354,RUN-003471,G1_senior,0,0.344,0.384,0.5,0
FAIR-001355,RUN-008385,G3_junior,1,0.8956,0.7756,0.5,1
FAIR-001356,RUN-005173,G3_junior,1,0.8211,0.7011,0.5,1
FAIR-001357,RUN-009052,G3_junior,1,0.9513,0.8313,0.5,1
FAIR-001358,RUN-009262,G3_junior,0,0.3938,0.2738,0.5,0
FAIR-001359,RUN-005781,G3_junior,1,0.6601,0.5401,0.5,1
FAIR-001360,RUN-003225,G3_junior,0,0.5372,0.4172,0.5,0
FAIR-001361,RUN-000571,G3_junior,0,0.1439,0.0239,0.5,0
FAIR-001362,RUN-001038,G2_mid,1,0.9877,0.9877,0.5,1
FAIR-001363,RUN-005236,G2_mid,0,0.2676,0.2676,0.5,0
FAIR-001364,RUN-004872,G1_senior,0,0.1472,0.1872,0.5,0
FAIR-001365,RUN-001344,G3_junior,1,0.737,0.617,0.5,1
FAIR-001366,RUN-009434,G3_junior,1,0.6383,0.5183,0.5,0
FAIR-001367,RUN-001147,G3_junior,0,0.3091,0.1891,0.5,0
FAIR-001368,RUN-001260,G1_senior,0,0.1559,0.1959,0.5,0
FAIR-001369,RUN-003709,G3_junior,0,0.3248,0.2048,0.5,0
FAIR-001370,RUN-001800,G3_junior,0,0.3843,0.2643,0.5,0
FAIR-001371,RUN-002132,G3_junior,0,0.5161,0.3961,0.5,0
FAIR-001372,RUN-011007,G3_junior,1,1,0.9349,0.5,1
FAIR-001373,RUN-005720,G3_junior,1,0.8868,0.7668,0.5,1
FAIR-001374,RUN-006527,G1_senior,0,0.2955,0.3355,0.5,0
FAIR-001375,RUN-001017,G3_junior,0,0.309,0.189,0.5,0
FAIR-001376,RUN-005355,G3_junior,1,0.4462,0.3262,0.5,0
FAIR-001377,RUN-006661,G3_junior,0,0.2355,0.1155,0.5,0
FAIR-001378,RUN-007417,G2_mid,0,0.0614,0.0614,0.5,0
FAIR-001379,RUN-002999,G0_unknown,1,0.8016,0.8016,0.5,1
FAIR-001380,RUN-002049,G3_junior,1,0.9791,0.8591,0.5,1
FAIR-001381,RUN-003153,G2_mid,1,0.7345,0.7345,0.5,1
FAIR-001382,RUN-007828,G3_junior,1,0.9663,0.8463,0.5,1
FAIR-001383,RUN-004112,G1_senior,0,0.0635,0.1035,0.5,0
FAIR-001384,RUN-001549,G3_junior,1,0.8843,0.7643,0.5,1
FAIR-001385,RUN-008534,G2_mid,1,0.5878,0.5878,0.5,0
FAIR-001386,RUN-006114,G3_junior,0,0.3014,0.1814,0.5,0
FAIR-001387,RUN-004126,G1_senior,0,0,0,0.5,0
FAIR-001388,RUN-004098,G3_junior,0,0.3421,0.2221,0.5,0
FAIR-001389,RUN-004410,G3_junior,0,0.4605,0.3405,0.5,0
FAIR-001390,RUN-008683,G3_junior,0,0.3038,0.1838,0.5,0
FAIR-001391,RUN-001824,G3_junior,0,0.4109,0.2909,0.5,0
FAIR-001392,RUN-004734,G2_mid,0,0.113,0.113,0.5,0
FAIR-001393,RUN-000024,G3_junior,1,0.6287,0.5087,0.5,0
FAIR-001394,RUN-006511,G2_mid,0,0.1858,0.1858,0.5,0
FAIR-001395,RUN-009477,G3_junior,0,0.3636,0.2436,0.5,0
FAIR-001396,RUN-005021,G3_junior,0,0.4063,0.2863,0.5,0
FAIR-001397,RUN-010433,G3_junior,0,0.1568,0.0368,0.5,0
FAIR-001398,RUN-003902,G1_senior,0,0,0.0349,0.5,0
FAIR-001399,RUN-001522,G1_senior,0,0.2654,0.3054,0.5,0
FAIR-001400,RUN-011046,G3_junior,1,0.7933,0.6733,0.5,1
FAIR-001401,RUN-008356,G1_senior,0,0.0357,0.0757,0.5,0
FAIR-001402,RUN-008407,G1_senior,1,0.5999,0.6399,0.5,0
FAIR-001403,RUN-008662,G3_junior,0,0.12,0,0.5,0
FAIR-001404,RUN-001329,G3_junior,1,0.4914,0.3714,0.5,0
FAIR-001405,RUN-009786,G3_junior,0,0.2776,0.1576,0.5,0
FAIR-001406,RUN-004937,G3_junior,1,0.7412,0.6212,0.5,1
FAIR-001407,RUN-008829,G3_junior,0,0.3068,0.1868,0.5,0
FAIR-001408,RUN-001360,G2_mid,0,0,0,0.5,0
FAIR-001409,RUN-010974,G3_junior,0,0.1362,0.0162,0.5,0
FAIR-001410,RUN-010444,G2_mid,1,0.8838,0.8838,0.5,1
FAIR-001411,RUN-008103,G2_mid,0,0.1171,0.1171,0.5,0
FAIR-001412,RUN-010771,G2_mid,0,0.3493,0.3493,0.5,0
FAIR-001413,RUN-003345,G0_unknown,1,0.6891,0.6891,0.5,1
FAIR-001414,RUN-007283,G3_junior,1,0.7292,0.6092,0.5,1
FAIR-001415,RUN-007274,G3_junior,1,1,0.9068,0.5,1
FAIR-001416,RUN-002070,G3_junior,0,0.12,0,0.5,0
FAIR-001417,RUN-007174,G3_junior,0,0.3249,0.2049,0.5,0
FAIR-001418,RUN-000786,G3_junior,1,0.9441,0.8241,0.5,1
FAIR-001419,RUN-006003,G1_senior,0,0.0932,0.1332,0.5,0
FAIR-001420,RUN-005425,G2_mid,0,0.1101,0.1101,0.5,0
FAIR-001421,RUN-005605,G2_mid,0,0.2745,0.2745,0.5,0
FAIR-001422,RUN-011168,G3_junior,0,0.2959,0.1759,0.5,0
FAIR-001423,RUN-003259,G1_senior,0,0.0585,0.0985,0.5,0
FAIR-001424,RUN-003502,G1_senior,0,0,0,0.5,0
FAIR-001425,RUN-006785,G3_junior,1,0.7503,0.6303,0.5,1
FAIR-001426,RUN-002256,G3_junior,0,0.12,0,0.5,0
FAIR-001427,RUN-007412,G3_junior,1,0.5934,0.4734,0.5,0
FAIR-001428,RUN-010421,G3_junior,0,0.3468,0.2268,0.5,0
FAIR-001429,RUN-005680,G2_mid,0,0.0923,0.0923,0.5,0
FAIR-001430,RUN-007725,G1_senior,1,0.5857,0.6257,0.5,0
FAIR-001431,RUN-009133,G2_mid,1,0.9179,0.9179,0.5,1
FAIR-001432,RUN-002511,G3_junior,1,0.7795,0.6595,0.5,1
FAIR-001433,RUN-009553,G3_junior,0,0.3467,0.2267,0.5,0
FAIR-001434,RUN-003699,G3_junior,1,0.7512,0.6312,0.5,1
FAIR-001435,RUN-004323,G3_junior,1,0.494,0.374,0.5,0
FAIR-001436,RUN-000556,G2_mid,0,0.2634,0.2634,0.5,0
FAIR-001437,RUN-011269,G3_junior,0,0.12,0,0.5,0
FAIR-001438,RUN-011251,G3_junior,0,0.4318,0.3118,0.5,0
FAIR-001439,RUN-005289,G3_junior,1,0.7051,0.5851,0.5,1
FAIR-001440,RUN-000804,G1_senior,1,0.6706,0.7106,0.5,1
FAIR-001441,RUN-002334,G1_senior,0,0.3451,0.3851,0.5,0
FAIR-001442,RUN-006570,G3_junior,1,0.8025,0.6825,0.5,1
FAIR-001443,RUN-004590,G2_mid,1,0.5559,0.5559,0.5,0
FAIR-001444,RUN-011016,G3_junior,0,0.3124,0.1924,0.5,0
FAIR-001445,RUN-003465,G2_mid,0,0.1198,0.1198,0.5,0
FAIR-001446,RUN-007052,G1_senior,0,0.3776,0.4176,0.5,0
FAIR-001447,RUN-002488,G2_mid,0,0,0,0.5,0
FAIR-001448,RUN-004366,G3_junior,1,0.844,0.724,0.5,1
FAIR-001449,RUN-003851,G3_junior,0,0.2568,0.1368,0.5,0
FAIR-001450,RUN-004969,G3_junior,1,0.7544,0.6344,0.5,1
FAIR-001451,RUN-010616,G3_junior,1,0.8326,0.7126,0.5,1
FAIR-001452,RUN-009767,G1_senior,0,0,0.0293,0.5,0
FAIR-001453,RUN-005764,G1_senior,0,0,0.0168,0.5,0
FAIR-001454,RUN-000971,G2_mid,0,0,0,0.5,0
FAIR-001455,RUN-007575,G3_junior,0,0.4279,0.3079,0.5,0
FAIR-001456,RUN-003645,G1_senior,1,0.5687,0.6087,0.5,0
FAIR-001457,RUN-007434,G3_junior,0,0.2888,0.1688,0.5,0
FAIR-001458,RUN-009174,G2_mid,0,0.1576,0.1576,0.5,0
FAIR-001459,RUN-007806,G3_junior,1,0.7431,0.6231,0.5,1
FAIR-001460,RUN-008270,G3_junior,1,0.7453,0.6253,0.5,1
FAIR-001461,RUN-002760,G1_senior,0,0,0,0.5,0
FAIR-001462,RUN-007391,G2_mid,0,0.1348,0.1348,0.5,0
FAIR-001463,RUN-000462,G3_junior,0,0.4016,0.2816,0.5,0
FAIR-001464,RUN-010867,G3_junior,0,0.3498,0.2298,0.5,0
FAIR-001465,RUN-010722,G3_junior,1,0.7083,0.5883,0.5,1
FAIR-001466,RUN-002026,G2_mid,0,0.001,0.001,0.5,0
FAIR-001467,RUN-008738,G3_junior,0,0.4818,0.3618,0.5,0
FAIR-001468,RUN-002005,G2_mid,0,0.2373,0.2373,0.5,0
FAIR-001469,RUN-008196,G2_mid,1,0.6287,0.6287,0.5,0
FAIR-001470,RUN-002887,G1_senior,0,0,0,0.5,0
FAIR-001471,RUN-008830,G1_senior,0,0.1631,0.2031,0.5,0
FAIR-001472,RUN-002543,G0_unknown,0,0.2809,0.2809,0.5,0
FAIR-001473,RUN-004041,G3_junior,0,0.1921,0.0721,0.5,0
FAIR-001474,RUN-001389,G3_junior,0,0.3646,0.2446,0.5,0
FAIR-001475,RUN-006728,G3_junior,0,0.3387,0.2187,0.5,0
FAIR-001476,RUN-010808,G3_junior,1,0.8133,0.6933,0.5,1
FAIR-001477,RUN-009360,G3_junior,1,0.8932,0.7732,0.5,1
FAIR-001478,RUN-003131,G3_junior,1,0.7418,0.6218,0.5,1
FAIR-001479,RUN-000535,G1_senior,0,0.2396,0.2796,0.5,0
FAIR-001480,RUN-006249,G0_unknown,1,0.4697,0.4697,0.5,0
FAIR-001481,RUN-008516,G2_mid,0,0.2148,0.2148,0.5,0
FAIR-001482,RUN-005287,G3_junior,1,0.8457,0.7257,0.5,1
FAIR-001483,RUN-003916,G3_junior,1,0.7315,0.6115,0.5,1
FAIR-001484,RUN-003622,G3_junior,0,0.3147,0.1947,0.5,0
FAIR-001485,RUN-001941,G3_junior,1,0.715,0.595,0.5,1
FAIR-001486,RUN-010646,G2_mid,0,0.2112,0.2112,0.5,0
FAIR-001487,RUN-006686,G2_mid,1,0.6598,0.6598,0.5,1
FAIR-001488,RUN-004924,G3_junior,0,0.347,0.227,0.5,0
FAIR-001489,RUN-009797,G3_junior,0,0.2083,0.0883,0.5,0
FAIR-001490,RUN-010768,G3_junior,0,0.12,0,0.5,0
FAIR-001491,RUN-000724,G3_junior,1,0.7517,0.6317,0.5,1
FAIR-001492,RUN-007416,G0_unknown,1,0.6814,0.6814,0.5,1
FAIR-001493,RUN-000926,G2_mid,1,0.5438,0.5438,0.5,0
FAIR-001494,RUN-000696,G1_senior,1,0.6327,0.6727,0.5,0
FAIR-001495,RUN-009447,G3_junior,0,0.6404,0.5204,0.5,0
FAIR-001496,RUN-002104,G3_junior,1,0.9634,0.8434,0.5,1
FAIR-001497,RUN-005022,G3_junior,0,0.3186,0.1986,0.5,0
FAIR-001498,RUN-005959,G1_senior,1,0.6097,0.6497,0.5,0
FAIR-001499,RUN-003971,G3_junior,1,0.6232,0.5032,0.5,0
FAIR-001500,RUN-005805,G1_senior,0,0.2052,0.2452,0.5,0
FAIR-001501,RUN-010777,G3_junior,1,0.8534,0.7334,0.5,1
FAIR-001502,RUN-006727,G1_senior,0,0.1601,0.2001,0.5,0
FAIR-001503,RUN-007126,G3_junior,1,0.7975,0.6775,0.5,1
FAIR-001504,RUN-004996,G3_junior,1,0.6347,0.5147,0.5,0
FAIR-001505,RUN-004191,G3_junior,1,0.8969,0.7769,0.5,1
FAIR-001506,RUN-000626,G2_mid,0,0.0157,0.0157,0.5,0
FAIR-001507,RUN-007107,G3_junior,0,0.2903,0.1703,0.5,0
FAIR-001508,RUN-005943,G3_junior,1,0.7876,0.6676,0.5,1
FAIR-001509,RUN-006071,G3_junior,1,0.9606,0.8406,0.5,1
FAIR-001510,RUN-004356,G2_mid,0,0.3657,0.3657,0.5,0
FAIR-001511,RUN-000317,G3_junior,1,0.987,0.867,0.5,1
FAIR-001512,RUN-008234,G3_junior,0,0.3119,0.1919,0.5,0
FAIR-001513,RUN-007146,G2_mid,0,0.3269,0.3269,0.5,0
FAIR-001514,RUN-002540,G0_unknown,1,0.7674,0.7674,0.5,1
FAIR-001515,RUN-005707,G3_junior,1,0.9162,0.7962,0.5,1
FAIR-001516,RUN-011270,G3_junior,0,0.5033,0.3833,0.5,0
FAIR-001517,RUN-006065,G2_mid,1,0.9862,0.9862,0.5,1
FAIR-001518,RUN-002382,G1_senior,0,0.075,0.115,0.5,0
FAIR-001519,RUN-001936,G3_junior,1,0.99,0.87,0.5,1
FAIR-001520,RUN-005370,G1_senior,0,0.2075,0.2475,0.5,0
FAIR-001521,RUN-006136,G3_junior,1,0.9913,0.8713,0.5,1
FAIR-001522,RUN-009410,G2_mid,1,0.6748,0.6748,0.5,1
FAIR-001523,RUN-001142,G3_junior,0,0.12,0,0.5,0
FAIR-001524,RUN-002277,G1_senior,0,0.085,0.125,0.5,0
FAIR-001525,RUN-006831,G3_junior,0,0.3028,0.1828,0.5,0
FAIR-001526,RUN-000689,G2_mid,1,0.7367,0.7367,0.5,1
FAIR-001527,RUN-000796,G3_junior,1,0.8329,0.7129,0.5,1
FAIR-001528,RUN-003526,G2_mid,0,0.1745,0.1745,0.5,0
FAIR-001529,RUN-002496,G3_junior,0,0.5232,0.4032,0.5,0
FAIR-001530,RUN-002322,G3_junior,0,0.506,0.386,0.5,0
FAIR-001531,RUN-008601,G3_junior,0,0.2708,0.1508,0.5,0
FAIR-001532,RUN-010309,G3_junior,1,0.8573,0.7373,0.5,1
FAIR-001533,RUN-001081,G3_junior,1,0.7016,0.5816,0.5,1
FAIR-001534,RUN-002456,G2_mid,1,0.5487,0.5487,0.5,0
FAIR-001535,RUN-003604,G1_senior,1,0.4879,0.5279,0.5,0
FAIR-001536,RUN-005048,G3_junior,0,0.4289,0.3089,0.5,0
FAIR-001537,RUN-009181,G3_junior,0,0.2471,0.1271,0.5,0
FAIR-001538,RUN-004071,G2_mid,1,0.6107,0.6107,0.5,0
FAIR-001539,RUN-000485,G3_junior,0,0.1465,0.0265,0.5,0
FAIR-001540,RUN-005215,G2_mid,0,0.2761,0.2761,0.5,0
FAIR-001541,RUN-004659,G1_senior,0,0.171,0.211,0.5,0
FAIR-001542,RUN-009664,G3_junior,1,0.9087,0.7887,0.5,1
FAIR-001543,RUN-010669,G2_mid,0,0.3324,0.3324,0.5,0
FAIR-001544,RUN-007311,G0_unknown,1,0.9209,0.9209,0.5,1
FAIR-001545,RUN-003872,G3_junior,0,0.4322,0.3122,0.5,0
FAIR-001546,RUN-004213,G3_junior,1,0.5545,0.4345,0.5,0
FAIR-001547,RUN-010542,G1_senior,1,0.5924,0.6324,0.5,0
FAIR-001548,RUN-003803,G3_junior,1,1,0.9179,0.5,1
FAIR-001549,RUN-008526,G1_senior,1,0.7356,0.7756,0.5,1
FAIR-001550,RUN-004480,G3_junior,1,0.7096,0.5896,0.5,1
FAIR-001551,RUN-001428,G2_mid,1,0.5055,0.5055,0.5,0
FAIR-001552,RUN-007723,G2_mid,1,0.7224,0.7224,0.5,1
FAIR-001553,RUN-003386,G3_junior,1,0.7795,0.6595,0.5,1
FAIR-001554,RUN-005765,G2_mid,0,0.2784,0.2784,0.5,0
FAIR-001555,RUN-002771,G2_mid,0,0.2152,0.2152,0.5,0
FAIR-001556,RUN-002219,G2_mid,0,0.2241,0.2241,0.5,0
FAIR-001557,RUN-009062,G3_junior,0,0.201,0.081,0.5,0
FAIR-001558,RUN-003728,G3_junior,1,0.7173,0.5973,0.5,1
FAIR-001559,RUN-002876,G1_senior,0,0.3871,0.4271,0.5,0
FAIR-001560,RUN-010695,G1_senior,0,0,0.0133,0.5,0
FAIR-001561,RUN-000909,G3_junior,0,0.1581,0.0381,0.5,0
FAIR-001562,RUN-000088,G1_senior,1,0.6516,0.6916,0.5,1
FAIR-001563,RUN-008037,G2_mid,0,0.3531,0.3531,0.5,0
FAIR-001564,RUN-002726,G3_junior,1,0.9811,0.8611,0.5,1
FAIR-001565,RUN-002313,G3_junior,0,0.1448,0.0248,0.5,0
FAIR-001566,RUN-005731,G2_mid,0,0.4268,0.4268,0.5,0
FAIR-001567,RUN-009669,G1_senior,0,0.1106,0.1506,0.5,0
FAIR-001568,RUN-008886,G3_junior,0,0.4858,0.3658,0.5,0
FAIR-001569,RUN-010429,G3_junior,0,0.411,0.291,0.5,0
FAIR-001570,RUN-009591,G3_junior,1,0.5361,0.4161,0.5,0
FAIR-001571,RUN-002500,G2_mid,0,0.2085,0.2085,0.5,0
FAIR-001572,RUN-002530,G3_junior,0,0.2124,0.0924,0.5,0
FAIR-001573,RUN-010134,G3_junior,1,0.7237,0.6037,0.5,1
FAIR-001574,RUN-003557,G2_mid,0,0.143,0.143,0.5,0
FAIR-001575,RUN-000855,G3_junior,1,0.8057,0.6857,0.5,1
FAIR-001576,RUN-001043,G3_junior,1,0.7588,0.6388,0.5,1
FAIR-001577,RUN-005342,G2_mid,0,0.0771,0.0771,0.5,0
FAIR-001578,RUN-006750,G3_junior,1,0.6862,0.5662,0.5,1
FAIR-001579,RUN-010195,G2_mid,0,0.1894,0.1894,0.5,0
FAIR-001580,RUN-002279,G3_junior,1,0.794,0.674,0.5,1
FAIR-001581,RUN-007994,G3_junior,1,0.8154,0.6954,0.5,1
FAIR-001582,RUN-006144,G2_mid,0,0.2186,0.2186,0.5,0
FAIR-001583,RUN-004447,G3_junior,1,0.6192,0.4992,0.5,0
FAIR-001584,RUN-003549,G1_senior,1,0.4852,0.5252,0.5,0
FAIR-001585,RUN-004810,G2_mid,0,0.239,0.239,0.5,0
FAIR-001586,RUN-001158,G0_unknown,1,0.6489,0.6489,0.5,0
FAIR-001587,RUN-001143,G2_mid,0,0,0,0.5,0
FAIR-001588,RUN-002551,G2_mid,0,0.032,0.032,0.5,0
FAIR-001589,RUN-003607,G1_senior,1,0.8304,0.8704,0.5,1
FAIR-001590,RUN-010715,G2_mid,0,0.0759,0.0759,0.5,0
FAIR-001591,RUN-008686,G3_junior,1,0.9379,0.8179,0.5,1
FAIR-001592,RUN-001582,G2_mid,0,0.1104,0.1104,0.5,0
FAIR-001593,RUN-008678,G3_junior,0,0.2763,0.1563,0.5,0
FAIR-001594,RUN-004790,G1_senior,0,0.004,0.044,0.5,0
FAIR-001595,RUN-007051,G3_junior,0,0.4141,0.2941,0.5,0
FAIR-001596,RUN-001315,G3_junior,0,0.3805,0.2605,0.5,0
FAIR-001597,RUN-007594,G3_junior,0,0.3504,0.2304,0.5,0
FAIR-001598,RUN-006568,G3_junior,1,0.7767,0.6567,0.5,1
FAIR-001599,RUN-007325,G3_junior,1,0.9702,0.8502,0.5,1
FAIR-001600,RUN-004918,G3_junior,1,1,0.9279,0.5,1
FAIR-001601,RUN-007228,G3_junior,1,0.9689,0.8489,0.5,1
FAIR-001602,RUN-006558,G2_mid,1,0.5812,0.5812,0.5,0
FAIR-001603,RUN-005096,G3_junior,0,0.1421,0.0221,0.5,0
FAIR-001604,RUN-007691,G1_senior,0,0.343,0.383,0.5,0
FAIR-001605,RUN-011212,G3_junior,0,0.2942,0.1742,0.5,0
FAIR-001606,RUN-007538,G2_mid,1,0.6536,0.6536,0.5,1
FAIR-001607,RUN-002990,G3_junior,0,0.242,0.122,0.5,0
FAIR-001608,RUN-003238,G1_senior,0,0,0,0.5,0
FAIR-001609,RUN-009465,G2_mid,1,0.7543,0.7543,0.5,1
FAIR-001610,RUN-008735,G1_senior,0,0.1548,0.1948,0.5,0
FAIR-001611,RUN-007933,G3_junior,0,0.1949,0.0749,0.5,0
FAIR-001612,RUN-006148,G2_mid,1,0.664,0.664,0.5,1
FAIR-001613,RUN-005718,G3_junior,1,0.8147,0.6947,0.5,1
FAIR-001614,RUN-010666,G3_junior,1,0.9547,0.8347,0.5,1
FAIR-001615,RUN-007315,G0_unknown,0,0.0054,0.0054,0.5,0
FAIR-001616,RUN-009587,G3_junior,0,0.2125,0.0925,0.5,0
FAIR-001617,RUN-006402,G3_junior,1,1,0.9813,0.5,1
FAIR-001618,RUN-001810,G3_junior,0,0.368,0.248,0.5,0
FAIR-001619,RUN-006175,G3_junior,1,1,0.8812,0.5,1
FAIR-001620,RUN-003896,G3_junior,0,0.1476,0.0276,0.5,0
FAIR-001621,RUN-004333,G1_senior,0,0.1754,0.2154,0.5,0
FAIR-001622,RUN-007878,G1_senior,0,0.2359,0.2759,0.5,0
FAIR-001623,RUN-010158,G1_senior,0,0.2374,0.2774,0.5,0
FAIR-001624,RUN-003562,G2_mid,1,0.9041,0.9041,0.5,1
FAIR-001625,RUN-006732,G3_junior,0,0.4269,0.3069,0.5,0
FAIR-001626,RUN-004998,G2_mid,1,0.6228,0.6228,0.5,0
FAIR-001627,RUN-003753,G3_junior,0,0.2295,0.1095,0.5,0
FAIR-001628,RUN-011368,G2_mid,0,0.1936,0.1936,0.5,0
FAIR-001629,RUN-005837,G3_junior,1,0.8605,0.7405,0.5,1
FAIR-001630,RUN-008740,G2_mid,0,0.4134,0.4134,0.5,0
FAIR-001631,RUN-001312,G2_mid,0,0.3293,0.3293,0.5,0
FAIR-001632,RUN-002557,G2_mid,0,0,0,0.5,0
FAIR-001633,RUN-004115,G3_junior,0,0.4851,0.3651,0.5,0
FAIR-001634,RUN-001743,G1_senior,0,0.1461,0.1861,0.5,0
FAIR-001635,RUN-004645,G0_unknown,1,0.4506,0.4506,0.5,0
FAIR-001636,RUN-000430,G3_junior,1,0.8017,0.6817,0.5,1
FAIR-001637,RUN-010822,G3_junior,0,0.3799,0.2599,0.5,0
FAIR-001638,RUN-000303,G0_unknown,0,0.1748,0.1748,0.5,0
FAIR-001639,RUN-004885,G1_senior,1,0.3095,0.3495,0.5,0
FAIR-001640,RUN-007115,G3_junior,0,0.4618,0.3418,0.5,0
FAIR-001641,RUN-001513,G3_junior,0,0.2629,0.1429,0.5,0
FAIR-001642,RUN-010945,G3_junior,1,0.8554,0.7354,0.5,1
FAIR-001643,RUN-009916,G3_junior,1,0.7437,0.6237,0.5,1
FAIR-001644,RUN-001348,G3_junior,0,0.4283,0.3083,0.5,0
FAIR-001645,RUN-006009,G1_senior,0,0.0535,0.0935,0.5,0
FAIR-001646,RUN-003306,G3_junior,0,0.3654,0.2454,0.5,0
FAIR-001647,RUN-007564,G2_mid,1,0.5892,0.5892,0.5,0
FAIR-001648,RUN-006209,G3_junior,1,0.7346,0.6146,0.5,1
FAIR-001649,RUN-006915,G2_mid,1,0.5468,0.5468,0.5,0
FAIR-001650,RUN-006262,G2_mid,0,0.1434,0.1434,0.5,0
FAIR-001651,RUN-008101,G3_junior,0,0.3509,0.2309,0.5,0
FAIR-001652,RUN-004465,G3_junior,0,0.5817,0.4617,0.5,0
FAIR-001653,RUN-009462,G3_junior,1,0.6865,0.5665,0.5,1
FAIR-001654,RUN-002564,G2_mid,0,0.0299,0.0299,0.5,0
FAIR-001655,RUN-009317,G3_junior,0,0.5323,0.4123,0.5,0
FAIR-001656,RUN-001591,G3_junior,0,0.2871,0.1671,0.5,0
FAIR-001657,RUN-009398,G2_mid,0,0.1007,0.1007,0.5,0
FAIR-001658,RUN-009608,G3_junior,1,0.8218,0.7018,0.5,1
FAIR-001659,RUN-006980,G1_senior,0,0.2209,0.2609,0.5,0
FAIR-001660,RUN-008291,G3_junior,0,0.12,0,0.5,0
FAIR-001661,RUN-002355,G3_junior,0,0.2569,0.1369,0.5,0
FAIR-001662,RUN-011101,G3_junior,0,0.2606,0.1406,0.5,0
FAIR-001663,RUN-003285,G2_mid,0,0,0,0.5,0
FAIR-001664,RUN-000447,G1_senior,0,0,0,0.5,0
FAIR-001665,RUN-009635,G2_mid,1,0.442,0.442,0.5,0
FAIR-001666,RUN-006665,G3_junior,0,0.1668,0.0468,0.5,0
FAIR-001667,RUN-010675,G3_junior,0,0.2936,0.1736,0.5,0
FAIR-001668,RUN-000515,G3_junior,1,0.9132,0.7932,0.5,1
FAIR-001669,RUN-005280,G3_junior,0,0.1952,0.0752,0.5,0
FAIR-001670,RUN-009534,G1_senior,1,0.7205,0.7605,0.5,1
FAIR-001671,RUN-004552,G2_mid,0,0.2622,0.2622,0.5,0
FAIR-001672,RUN-005450,G2_mid,0,0.3373,0.3373,0.5,0
FAIR-001673,RUN-008279,G3_junior,0,0.178,0.058,0.5,0
FAIR-001674,RUN-001263,G3_junior,0,0.2674,0.1474,0.5,0
FAIR-001675,RUN-008565,G3_junior,0,0.4215,0.3015,0.5,0
FAIR-001676,RUN-004603,G2_mid,1,0.6571,0.6571,0.5,1
FAIR-001677,RUN-008553,G1_senior,0,0.255,0.295,0.5,0
FAIR-001678,RUN-007032,G0_unknown,1,0.9522,0.9522,0.5,1
FAIR-001679,RUN-010252,G0_unknown,0,0.0936,0.0936,0.5,0
FAIR-001680,RUN-005756,G1_senior,0,0.2091,0.2491,0.5,0
FAIR-001681,RUN-000767,G2_mid,1,0.5297,0.5297,0.5,0
FAIR-001682,RUN-006329,G2_mid,0,0.1667,0.1667,0.5,0
FAIR-001683,RUN-004776,G1_senior,0,0.2283,0.2683,0.5,0
FAIR-001684,RUN-007302,G1_senior,0,0,0,0.5,0
FAIR-001685,RUN-009319,G3_junior,1,0.6255,0.5055,0.5,0
FAIR-001686,RUN-003399,G2_mid,0,0.2445,0.2445,0.5,0
FAIR-001687,RUN-000118,G3_junior,0,0.1942,0.0742,0.5,0
FAIR-001688,RUN-003751,G3_junior,0,0.3394,0.2194,0.5,0
FAIR-001689,RUN-011197,G1_senior,0,0.061,0.101,0.5,0
FAIR-001690,RUN-006581,G3_junior,1,0.5458,0.4258,0.5,0
FAIR-001691,RUN-007003,G3_junior,1,0.7452,0.6252,0.5,1
FAIR-001692,RUN-009698,G3_junior,1,0.7402,0.6202,0.5,1
FAIR-001693,RUN-010960,G2_mid,0,0.1114,0.1114,0.5,0
FAIR-001694,RUN-008416,G2_mid,0,0.1919,0.1919,0.5,0
FAIR-001695,RUN-006358,G3_junior,0,0.3494,0.2294,0.5,0
FAIR-001696,RUN-010435,G3_junior,0,0.4704,0.3504,0.5,0
FAIR-001697,RUN-002140,G3_junior,1,0.631,0.511,0.5,0
FAIR-001698,RUN-006021,G2_mid,1,0.4522,0.4522,0.5,0
FAIR-001699,RUN-003486,G3_junior,0,0.387,0.267,0.5,0
FAIR-001700,RUN-002883,G3_junior,1,1,0.9929,0.5,1
FAIR-001701,RUN-000980,G3_junior,0,0.4118,0.2918,0.5,0
FAIR-001702,RUN-003536,G3_junior,0,0.394,0.274,0.5,0
FAIR-001703,RUN-002522,G2_mid,0,0.2001,0.2001,0.5,0
FAIR-001704,RUN-002837,G3_junior,0,0.346,0.226,0.5,0
FAIR-001705,RUN-006192,G2_mid,0,0.2918,0.2918,0.5,0
FAIR-001706,RUN-005105,G1_senior,0,0.1472,0.1872,0.5,0
FAIR-001707,RUN-006011,G2_mid,0,0.1511,0.1511,0.5,0
FAIR-001708,RUN-006270,G3_junior,1,0.6636,0.5436,0.5,1
FAIR-001709,RUN-007766,G2_mid,1,0.8824,0.8824,0.5,1
FAIR-001710,RUN-001127,G2_mid,0,0.0859,0.0859,0.5,0
FAIR-001711,RUN-004160,G3_junior,1,0.8068,0.6868,0.5,1
FAIR-001712,RUN-000090,G1_senior,1,0.4942,0.5342,0.5,0
FAIR-001713,RUN-008051,G3_junior,1,0.8692,0.7492,0.5,1
FAIR-001714,RUN-010093,G2_mid,1,0.6085,0.6085,0.5,0
FAIR-001715,RUN-009369,G3_junior,0,0.4866,0.3666,0.5,0
FAIR-001716,RUN-005026,G1_senior,0,0.3776,0.4176,0.5,0
FAIR-001717,RUN-001888,G2_mid,0,0.0593,0.0593,0.5,0
FAIR-001718,RUN-003054,G3_junior,0,0.1824,0.0624,0.5,0
FAIR-001719,RUN-007851,G2_mid,1,0.4816,0.4816,0.5,0
FAIR-001720,RUN-007158,G0_unknown,0,0.1743,0.1743,0.5,0
FAIR-001721,RUN-004408,G3_junior,0,0.3627,0.2427,0.5,0
FAIR-001722,RUN-010478,G1_senior,0,0,0,0.5,0
FAIR-001723,RUN-009078,G3_junior,0,0.5058,0.3858,0.5,0
FAIR-001724,RUN-010324,G3_junior,1,0.6714,0.5514,0.5,1
FAIR-001725,RUN-001562,G1_senior,1,0.5265,0.5665,0.5,0
FAIR-001726,RUN-004420,G1_senior,0,0.0859,0.1259,0.5,0
FAIR-001727,RUN-002753,G2_mid,0,0,0,0.5,0
FAIR-001728,RUN-000942,G2_mid,0,0.3059,0.3059,0.5,0
FAIR-001729,RUN-003955,G3_junior,0,0.3621,0.2421,0.5,0
FAIR-001730,RUN-010537,G2_mid,0,0.3338,0.3338,0.5,0
FAIR-001731,RUN-007552,G3_junior,0,0.3376,0.2176,0.5,0
FAIR-001732,RUN-004028,G2_mid,1,0.6819,0.6819,0.5,1
FAIR-001733,RUN-005447,G2_mid,1,0.6013,0.6013,0.5,0
FAIR-001734,RUN-003214,G3_junior,0,0.2547,0.1347,0.5,0
FAIR-001735,RUN-010874,G3_junior,0,0.3981,0.2781,0.5,0
FAIR-001736,RUN-001414,G3_junior,0,0.1249,0.0049,0.5,0
FAIR-001737,RUN-002323,G3_junior,1,0.5845,0.4645,0.5,0
FAIR-001738,RUN-003423,G3_junior,1,1,0.9168,0.5,1
FAIR-001739,RUN-009633,G3_junior,0,0.4498,0.3298,0.5,0
FAIR-001740,RUN-001887,G3_junior,0,0.182,0.062,0.5,0
FAIR-001741,RUN-001257,G1_senior,0,0.2487,0.2887,0.5,0
FAIR-001742,RUN-004905,G3_junior,0,0.3018,0.1818,0.5,0
FAIR-001743,RUN-000955,G3_junior,0,0.5029,0.3829,0.5,0
FAIR-001744,RUN-000363,G3_junior,1,0.9572,0.8372,0.5,1
FAIR-001745,RUN-000978,G1_senior,0,0.0846,0.1246,0.5,0
FAIR-001746,RUN-006443,G3_junior,1,0.8941,0.7741,0.5,1
FAIR-001747,RUN-001916,G2_mid,0,0.1152,0.1152,0.5,0
FAIR-001748,RUN-010057,G3_junior,1,0.9897,0.8697,0.5,1
FAIR-001749,RUN-003340,G3_junior,0,0.3515,0.2315,0.5,0
FAIR-001750,RUN-007794,G2_mid,1,0.7551,0.7551,0.5,1
FAIR-001751,RUN-010122,G3_junior,1,0.8087,0.6887,0.5,1
FAIR-001752,RUN-007494,G3_junior,1,0.6575,0.5375,0.5,1
FAIR-001753,RUN-002030,G3_junior,0,0.3659,0.2459,0.5,0
FAIR-001754,RUN-001248,G3_junior,0,0.4755,0.3555,0.5,0
FAIR-001755,RUN-008226,G2_mid,1,0.6517,0.6517,0.5,1
FAIR-001756,RUN-010636,G2_mid,0,0.0591,0.0591,0.5,0
FAIR-001757,RUN-006880,G2_mid,0,0.1796,0.1796,0.5,0
FAIR-001758,RUN-001962,G3_junior,1,0.7282,0.6082,0.5,1
FAIR-001759,RUN-008825,G2_mid,1,0.5546,0.5546,0.5,0
FAIR-001760,RUN-006942,G2_mid,1,0.583,0.583,0.5,0
FAIR-001761,RUN-001049,G3_junior,0,0.3657,0.2457,0.5,0
FAIR-001762,RUN-004457,G2_mid,0,0.1131,0.1131,0.5,0
FAIR-001763,RUN-010376,G2_mid,0,0.4212,0.4212,0.5,0
FAIR-001764,RUN-005330,G3_junior,0,0.3604,0.2404,0.5,0
FAIR-001765,RUN-001282,G3_junior,0,0.15,0.03,0.5,0
FAIR-001766,RUN-000592,G3_junior,1,0.6636,0.5436,0.5,1
FAIR-001767,RUN-004641,G2_mid,0,0.0061,0.0061,0.5,0
FAIR-001768,RUN-003044,G3_junior,1,0.5967,0.4767,0.5,0
FAIR-001769,RUN-004708,G3_junior,0,0.3714,0.2514,0.5,0
FAIR-001770,RUN-002832,G0_unknown,0,0.2236,0.2236,0.5,0
FAIR-001771,RUN-001561,G2_mid,1,0.5694,0.5694,0.5,0
FAIR-001772,RUN-003932,G3_junior,1,0.6838,0.5638,0.5,1
FAIR-001773,RUN-000164,G2_mid,0,0.0207,0.0207,0.5,0
FAIR-001774,RUN-004754,G2_mid,0,0.3042,0.3042,0.5,0
FAIR-001775,RUN-006924,G1_senior,0,0.2079,0.2479,0.5,0
FAIR-001776,RUN-000717,G2_mid,1,0.6009,0.6009,0.5,0
FAIR-001777,RUN-000714,G3_junior,0,0.3866,0.2666,0.5,0
FAIR-001778,RUN-007136,G2_mid,0,0.1187,0.1187,0.5,0
FAIR-001779,RUN-004695,G1_senior,0,0.194,0.234,0.5,0
FAIR-001780,RUN-006884,G1_senior,0,0.275,0.315,0.5,0
FAIR-001781,RUN-007576,G2_mid,0,0.0974,0.0974,0.5,0
FAIR-001782,RUN-002012,G3_junior,1,0.8438,0.7238,0.5,1
FAIR-001783,RUN-004863,G3_junior,0,0.1307,0.0107,0.5,0
FAIR-001784,RUN-000758,G3_junior,0,0.1268,0.0068,0.5,0
FAIR-001785,RUN-003961,G2_mid,0,0,0,0.5,0
FAIR-001786,RUN-007087,G2_mid,0,0.2818,0.2818,0.5,0
FAIR-001787,RUN-003956,G3_junior,0,0.2438,0.1238,0.5,0
FAIR-001788,RUN-008333,G2_mid,1,0.7412,0.7412,0.5,1
FAIR-001789,RUN-007801,G2_mid,0,0.3093,0.3093,0.5,0
FAIR-001790,RUN-007435,G2_mid,1,0.7529,0.7529,0.5,1
FAIR-001791,RUN-007152,G2_mid,0,0.2211,0.2211,0.5,0
FAIR-001792,RUN-011204,G3_junior,0,0.2296,0.1096,0.5,0
FAIR-001793,RUN-003429,G3_junior,0,0.3274,0.2074,0.5,0
FAIR-001794,RUN-009147,G2_mid,0,0.0846,0.0846,0.5,0
FAIR-001795,RUN-008117,G3_junior,0,0.2017,0.0817,0.5,0
FAIR-001796,RUN-003024,G3_junior,0,0.3408,0.2208,0.5,0
FAIR-001797,RUN-001669,G2_mid,0,0.4326,0.4326,0.5,0
FAIR-001798,RUN-005348,G3_junior,0,0.6676,0.5476,0.5,1
FAIR-001799,RUN-003882,G3_junior,0,0.195,0.075,0.5,0
FAIR-001800,RUN-009415,G2_mid,0,0.412,0.412,0.5,0
FAIR-001801,RUN-006567,G3_junior,0,0.2693,0.1493,0.5,0
FAIR-001802,RUN-000823,G2_mid,1,0.4569,0.4569,0.5,0
FAIR-001803,RUN-000729,G3_junior,1,0.7591,0.6391,0.5,1
FAIR-001804,RUN-004037,G3_junior,1,0.6423,0.5223,0.5,0
FAIR-001805,RUN-005412,G2_mid,1,0.5179,0.5179,0.5,0
FAIR-001806,RUN-006248,G2_mid,0,0.538,0.538,0.5,0
FAIR-001807,RUN-000076,G3_junior,0,0.12,0,0.5,0
FAIR-001808,RUN-007991,G2_mid,0,0.3196,0.3196,0.5,0
FAIR-001809,RUN-001215,G1_senior,0,0.0947,0.1347,0.5,0
FAIR-001810,RUN-009861,G3_junior,0,0.5973,0.4773,0.5,0
FAIR-001811,RUN-000621,G3_junior,0,0.4184,0.2984,0.5,0
FAIR-001812,RUN-005595,G0_unknown,0,0.4322,0.4322,0.5,0
FAIR-001813,RUN-010806,G3_junior,0,0.5653,0.4453,0.5,0
FAIR-001814,RUN-007624,G3_junior,1,0.855,0.735,0.5,1
FAIR-001815,RUN-003789,G3_junior,1,1,0.897,0.5,1
FAIR-001816,RUN-011086,G1_senior,1,0.8552,0.8952,0.5,1
FAIR-001817,RUN-010294,G2_mid,0,0.1882,0.1882,0.5,0
FAIR-001818,RUN-002570,G0_unknown,1,0.6164,0.6164,0.5,0
FAIR-001819,RUN-004554,G3_junior,1,0.6996,0.5796,0.5,1
FAIR-001820,RUN-000645,G0_unknown,0,0.1882,0.1882,0.5,0
FAIR-001821,RUN-009663,G2_mid,1,0.6869,0.6869,0.5,1
FAIR-001822,RUN-006246,G3_junior,0,0.335,0.215,0.5,0
FAIR-001823,RUN-010330,G2_mid,0,0.4057,0.4057,0.5,0
FAIR-001824,RUN-011297,G3_junior,0,0.12,0,0.5,0
FAIR-001825,RUN-000577,G3_junior,1,0.9685,0.8485,0.5,1
FAIR-001826,RUN-000224,G2_mid,1,0.5397,0.5397,0.5,0
FAIR-001827,RUN-010132,G3_junior,0,0.1943,0.0743,0.5,0
FAIR-001828,RUN-010001,G3_junior,0,0.2287,0.1087,0.5,0
FAIR-001829,RUN-001690,G1_senior,0,0.2378,0.2778,0.5,0
FAIR-001830,RUN-005978,G1_senior,0,0.4144,0.4544,0.5,0
FAIR-001831,RUN-008903,G3_junior,0,0.4923,0.3723,0.5,0
FAIR-001832,RUN-002173,G3_junior,0,0.3683,0.2483,0.5,0
FAIR-001833,RUN-001866,G2_mid,1,1,1,0.5,1
FAIR-001834,RUN-003783,G1_senior,0,0.0008,0.0408,0.5,0
FAIR-001835,RUN-007773,G3_junior,0,0.12,0,0.5,0
FAIR-001836,RUN-000111,G2_mid,0,0.0237,0.0237,0.5,0
FAIR-001837,RUN-007006,G2_mid,0,0.1632,0.1632,0.5,0
FAIR-001838,RUN-010358,G3_junior,0,0.1878,0.0678,0.5,0
FAIR-001839,RUN-002444,G3_junior,0,0.3336,0.2136,0.5,0
FAIR-001840,RUN-007623,G3_junior,1,0.9234,0.8034,0.5,1
FAIR-001841,RUN-005140,G3_junior,1,0.6093,0.4893,0.5,0
FAIR-001842,RUN-002101,G1_senior,0,0.0739,0.1139,0.5,0
FAIR-001843,RUN-003070,G1_senior,0,0.3591,0.3991,0.5,0
FAIR-001844,RUN-008537,G3_junior,0,0.3626,0.2426,0.5,0
FAIR-001845,RUN-004445,G3_junior,0,0.6566,0.5366,0.5,1
FAIR-001846,RUN-010963,G3_junior,1,0.7462,0.6262,0.5,1
FAIR-001847,RUN-006238,G3_junior,0,0.2691,0.1491,0.5,0
FAIR-001848,RUN-000334,G1_senior,1,0.6588,0.6988,0.5,1
FAIR-001849,RUN-000587,G3_junior,1,0.8694,0.7494,0.5,1
FAIR-001850,RUN-010521,G1_senior,0,0,0.0037,0.5,0
FAIR-001851,RUN-007888,G3_junior,1,0.8292,0.7092,0.5,1
FAIR-001852,RUN-001933,G1_senior,0,0.36,0.4,0.5,0
FAIR-001853,RUN-008322,G3_junior,0,0.2533,0.1333,0.5,0
FAIR-001854,RUN-010011,G2_mid,1,0.4713,0.4713,0.5,0
FAIR-001855,RUN-004012,G2_mid,1,0.4307,0.4307,0.5,0
FAIR-001856,RUN-008275,G3_junior,0,0.2114,0.0914,0.5,0
FAIR-001857,RUN-000540,G2_mid,0,0.0747,0.0747,0.5,0
FAIR-001858,RUN-011229,G2_mid,0,0,0,0.5,0
FAIR-001859,RUN-005832,G2_mid,0,0.0517,0.0517,0.5,0
FAIR-001860,RUN-007755,G2_mid,0,0.2741,0.2741,0.5,0
FAIR-001861,RUN-004558,G0_unknown,1,0.9778,0.9778,0.5,1
FAIR-001862,RUN-004669,G3_junior,1,0.8857,0.7657,0.5,1
FAIR-001863,RUN-007726,G1_senior,0,0.1145,0.1545,0.5,0
FAIR-001864,RUN-000042,G3_junior,1,0.824,0.704,0.5,1
FAIR-001865,RUN-000429,G3_junior,1,0.6993,0.5793,0.5,1
FAIR-001866,RUN-001432,G3_junior,1,0.7329,0.6129,0.5,1
FAIR-001867,RUN-006837,G0_unknown,1,0.5703,0.5703,0.5,0
FAIR-001868,RUN-008141,G3_junior,1,0.9828,0.8628,0.5,1
FAIR-001869,RUN-009773,G3_junior,1,0.7324,0.6124,0.5,1
FAIR-001870,RUN-008286,G3_junior,0,0.12,0,0.5,0
FAIR-001871,RUN-008235,G3_junior,0,0.2006,0.0806,0.5,0
FAIR-001872,RUN-001982,G3_junior,1,0.7628,0.6428,0.5,1
FAIR-001873,RUN-001560,G3_junior,1,0.9566,0.8366,0.5,1
FAIR-001874,RUN-001865,G2_mid,0,0.1261,0.1261,0.5,0
FAIR-001875,RUN-006749,G3_junior,0,0.4174,0.2974,0.5,0
FAIR-001876,RUN-011211,G3_junior,0,0.3778,0.2578,0.5,0
FAIR-001877,RUN-005907,G3_junior,0,0.3914,0.2714,0.5,0
FAIR-001878,RUN-010851,G3_junior,0,0.2049,0.0849,0.5,0
FAIR-001879,RUN-009040,G3_junior,0,0.1666,0.0466,0.5,0
FAIR-001880,RUN-001881,G3_junior,1,0.7959,0.6759,0.5,1
FAIR-001881,RUN-001169,G3_junior,1,0.6228,0.5028,0.5,0
FAIR-001882,RUN-008113,G1_senior,0,0.1055,0.1455,0.5,0
FAIR-001883,RUN-005145,G3_junior,1,0.8185,0.6985,0.5,1
FAIR-001884,RUN-001756,G3_junior,0,0.4713,0.3513,0.5,0
FAIR-001885,RUN-002724,G3_junior,0,0.12,0,0.5,0
FAIR-001886,RUN-000094,G3_junior,1,0.5465,0.4265,0.5,0
FAIR-001887,RUN-010834,G1_senior,0,0.2808,0.3208,0.5,0
FAIR-001888,RUN-005839,G3_junior,1,0.7837,0.6637,0.5,1
FAIR-001889,RUN-010331,G3_junior,0,0.365,0.245,0.5,0
FAIR-001890,RUN-009558,G3_junior,1,0.5663,0.4463,0.5,0
FAIR-001891,RUN-001191,G3_junior,1,0.8216,0.7016,0.5,1
FAIR-001892,RUN-006094,G3_junior,0,0.1337,0.0137,0.5,0
FAIR-001893,RUN-009488,G3_junior,0,0.1975,0.0775,0.5,0
FAIR-001894,RUN-005782,G3_junior,0,0.2088,0.0888,0.5,0
FAIR-001895,RUN-009171,G3_junior,0,0.12,0,0.5,0
FAIR-001896,RUN-009031,G2_mid,0,0.1798,0.1798,0.5,0
FAIR-001897,RUN-011145,G3_junior,0,0.3131,0.1931,0.5,0
FAIR-001898,RUN-004230,G3_junior,1,0.7664,0.6464,0.5,1
FAIR-001899,RUN-006327,G3_junior,0,0.4113,0.2913,0.5,0
FAIR-001900,RUN-009581,G1_senior,1,0.6916,0.7316,0.5,1
FAIR-001901,RUN-003319,G3_junior,0,0.5488,0.4288,0.5,0
FAIR-001902,RUN-007797,G2_mid,0,0.0657,0.0657,0.5,0
FAIR-001903,RUN-008592,G2_mid,0,0.3755,0.3755,0.5,0
FAIR-001904,RUN-009693,G1_senior,0,0.3628,0.4028,0.5,0
FAIR-001905,RUN-003433,G3_junior,0,0.3061,0.1861,0.5,0
FAIR-001906,RUN-008454,G2_mid,1,0.7218,0.7218,0.5,1
FAIR-001907,RUN-003775,G2_mid,0,0.131,0.131,0.5,0
FAIR-001908,RUN-005462,G3_junior,1,0.7999,0.6799,0.5,1
FAIR-001909,RUN-005643,G3_junior,0,0.3252,0.2052,0.5,0
FAIR-001910,RUN-001777,G0_unknown,0,0.2198,0.2198,0.5,0
FAIR-001911,RUN-006075,G3_junior,1,0.6893,0.5693,0.5,1
FAIR-001912,RUN-007654,G1_senior,0,0,0,0.5,0
FAIR-001913,RUN-011314,G3_junior,0,0.2882,0.1682,0.5,0
FAIR-001914,RUN-006736,G1_senior,0,0.0133,0.0533,0.5,0
FAIR-001915,RUN-006298,G3_junior,0,0.2713,0.1513,0.5,0
FAIR-001916,RUN-000922,G3_junior,1,1,0.8937,0.5,1
FAIR-001917,RUN-007001,G3_junior,1,0.7086,0.5886,0.5,1
FAIR-001918,RUN-009749,G3_junior,1,1,0.9281,0.5,1
FAIR-001919,RUN-004765,G1_senior,0,0,0,0.5,0
FAIR-001920,RUN-002045,G0_unknown,1,0.7124,0.7124,0.5,1
FAIR-001921,RUN-008915,G3_junior,0,0.167,0.047,0.5,0
FAIR-001922,RUN-006142,G3_junior,0,0.4588,0.3388,0.5,0
FAIR-001923,RUN-002752,G2_mid,0,0.1443,0.1443,0.5,0
FAIR-001924,RUN-000047,G3_junior,0,0.12,0,0.5,0
FAIR-001925,RUN-010154,G3_junior,0,0.1562,0.0362,0.5,0
FAIR-001926,RUN-009142,G3_junior,1,0.8421,0.7221,0.5,1
FAIR-001927,RUN-006918,G3_junior,1,0.7181,0.5981,0.5,1
FAIR-001928,RUN-007046,G1_senior,1,0.4879,0.5279,0.5,0
FAIR-001929,RUN-009095,G1_senior,0,0.4635,0.5035,0.5,0
FAIR-001930,RUN-007645,G2_mid,0,0.1715,0.1715,0.5,0
FAIR-001931,RUN-009707,G2_mid,0,0.2,0.2,0.5,0
FAIR-001932,RUN-009249,G3_junior,1,0.5509,0.4309,0.5,0
FAIR-001933,RUN-010794,G3_junior,0,0.3814,0.2614,0.5,0
FAIR-001934,RUN-005179,G3_junior,1,0.8651,0.7451,0.5,1
FAIR-001935,RUN-006914,G1_senior,0,0.2348,0.2748,0.5,0
FAIR-001936,RUN-007894,G3_junior,0,0.3664,0.2464,0.5,0
FAIR-001937,RUN-001076,G2_mid,0,0.3247,0.3247,0.5,0
FAIR-001938,RUN-001720,G2_mid,1,0.5491,0.5491,0.5,0
FAIR-001939,RUN-002693,G3_junior,0,0.1381,0.0181,0.5,0
FAIR-001940,RUN-004523,G2_mid,0,0,0,0.5,0
FAIR-001941,RUN-006734,G1_senior,0,0,0,0.5,0
FAIR-001942,RUN-007076,G2_mid,1,0.9646,0.9646,0.5,1
FAIR-001943,RUN-011019,G2_mid,0,0.132,0.132,0.5,0
FAIR-001944,RUN-000818,G2_mid,0,0.1198,0.1198,0.5,0
FAIR-001945,RUN-004466,G3_junior,0,0.2692,0.1492,0.5,0
FAIR-001946,RUN-008909,G3_junior,1,0.9522,0.8322,0.5,1
FAIR-001947,RUN-003983,G3_junior,0,0.4036,0.2836,0.5,0
FAIR-001948,RUN-003167,G3_junior,0,0.4066,0.2866,0.5,0
FAIR-001949,RUN-002229,G3_junior,1,1,0.942,0.5,1
FAIR-001950,RUN-006170,G1_senior,0,0.1201,0.1601,0.5,0
FAIR-001951,RUN-003867,G3_junior,0,0.2658,0.1458,0.5,0
FAIR-001952,RUN-011192,G3_junior,0,0.12,0,0.5,0
FAIR-001953,RUN-008936,G1_senior,0,0.2706,0.3106,0.5,0
FAIR-001954,RUN-010598,G3_junior,1,0.8612,0.7412,0.5,1
FAIR-001955,RUN-011022,G3_junior,0,0.2977,0.1777,0.5,0
FAIR-001956,RUN-008159,G3_junior,0,0.12,0,0.5,0
FAIR-001957,RUN-008349,G2_mid,0,0.2544,0.2544,0.5,0
FAIR-001958,RUN-010799,G1_senior,0,0,0.0333,0.5,0
FAIR-001959,RUN-003232,G1_senior,0,0,0.0358,0.5,0
FAIR-001960,RUN-008857,G2_mid,0,0,0,0.5,0
FAIR-001961,RUN-000466,G3_junior,1,1,0.8859,0.5,1
FAIR-001962,RUN-006589,G1_senior,0,0,0,0.5,0
FAIR-001963,RUN-001859,G1_senior,1,0.8228,0.8628,0.5,1
FAIR-001964,RUN-007063,G1_senior,0,0.1684,0.2084,0.5,0
FAIR-001965,RUN-010550,G2_mid,1,0.674,0.674,0.5,1
FAIR-001966,RUN-010273,G3_junior,0,0.5355,0.4155,0.5,0
FAIR-001967,RUN-005884,G2_mid,0,0.3657,0.3657,0.5,0
FAIR-001968,RUN-004904,G3_junior,0,0.229,0.109,0.5,0
FAIR-001969,RUN-001011,G3_junior,0,0.3774,0.2574,0.5,0
FAIR-001970,RUN-001024,G3_junior,1,0.6834,0.5634,0.5,1
FAIR-001971,RUN-001333,G3_junior,0,0.4385,0.3185,0.5,0
FAIR-001972,RUN-007385,G1_senior,0,0,0.0373,0.5,0
FAIR-001973,RUN-008379,G2_mid,1,0.5794,0.5794,0.5,0
FAIR-001974,RUN-002963,G3_junior,0,0.303,0.183,0.5,0
FAIR-001975,RUN-010778,G3_junior,1,0.7634,0.6434,0.5,1
FAIR-001976,RUN-005807,G2_mid,0,0.2996,0.2996,0.5,0
FAIR-001977,RUN-003908,G1_senior,0,0,0,0.5,0
FAIR-001978,RUN-004200,G1_senior,0,0,0.0061,0.5,0
FAIR-001979,RUN-008329,G3_junior,1,0.5933,0.4733,0.5,0
FAIR-001980,RUN-008043,G3_junior,1,0.836,0.716,0.5,1
FAIR-001981,RUN-007747,G2_mid,0,0.2591,0.2591,0.5,0
FAIR-001982,RUN-008763,G1_senior,0,0.0774,0.1174,0.5,0
FAIR-001983,RUN-005124,G0_unknown,0,0.28,0.28,0.5,0
FAIR-001984,RUN-004592,G3_junior,1,1,0.9021,0.5,1
FAIR-001985,RUN-004485,G3_junior,1,0.8566,0.7366,0.5,1
FAIR-001986,RUN-010125,G3_junior,0,0.3864,0.2664,0.5,0
FAIR-001987,RUN-001632,G3_junior,0,0.2154,0.0954,0.5,0
FAIR-001988,RUN-005332,G3_junior,1,0.5862,0.4662,0.5,0
FAIR-001989,RUN-007290,G3_junior,1,0.6837,0.5637,0.5,1
FAIR-001990,RUN-007982,G3_junior,1,0.8025,0.6825,0.5,1
FAIR-001991,RUN-005445,G3_junior,0,0.1874,0.0674,0.5,0
FAIR-001992,RUN-003582,G1_senior,0,0.336,0.376,0.5,0
FAIR-001993,RUN-004475,G3_junior,1,0.8517,0.7317,0.5,1
FAIR-001994,RUN-004170,G2_mid,0,0.0714,0.0714,0.5,0
FAIR-001995,RUN-000344,G2_mid,0,0.3832,0.3832,0.5,0
FAIR-001996,RUN-008664,G2_mid,0,0.3183,0.3183,0.5,0
FAIR-001997,RUN-008120,G3_junior,0,0.3481,0.2281,0.5,0
FAIR-001998,RUN-006664,G2_mid,0,0.1983,0.1983,0.5,0
FAIR-001999,RUN-005982,G1_senior,0,0.1092,0.1492,0.5,0
FAIR-002000,RUN-008267,G3_junior,1,0.9626,0.8426,0.5,1
FAIR-002001,RUN-007756,G2_mid,0,0.1574,0.1574,0.5,0
FAIR-002002,RUN-009690,G3_junior,1,0.8758,0.7558,0.5,1
FAIR-002003,RUN-007327,G1_senior,1,0.4638,0.5038,0.5,0
FAIR-002004,RUN-000458,G1_senior,0,0.0132,0.0532,0.5,0
FAIR-002005,RUN-005232,G3_junior,0,0.3415,0.2215,0.5,0
FAIR-002006,RUN-004163,G2_mid,0,0.0551,0.0551,0.5,0
FAIR-002007,RUN-009064,G3_junior,0,0.2695,0.1495,0.5,0
FAIR-002008,RUN-003563,G3_junior,1,0.8047,0.6847,0.5,1
FAIR-002009,RUN-010885,G3_junior,1,0.6938,0.5738,0.5,1
FAIR-002010,RUN-007800,G3_junior,1,0.7926,0.6726,0.5,1
FAIR-002011,RUN-010788,G1_senior,0,0.1891,0.2291,0.5,0
FAIR-002012,RUN-009838,G3_junior,1,0.8496,0.7296,0.5,1
FAIR-002013,RUN-000274,G2_mid,0,0,0,0.5,0
FAIR-002014,RUN-003583,G2_mid,0,0.2565,0.2565,0.5,0
FAIR-002015,RUN-005258,G3_junior,0,0.2305,0.1105,0.5,0
FAIR-002016,RUN-004703,G3_junior,1,0.5042,0.3842,0.5,0
FAIR-002017,RUN-003660,G3_junior,1,0.9321,0.8121,0.5,1
FAIR-002018,RUN-006812,G3_junior,1,0.526,0.406,0.5,0
FAIR-002019,RUN-009004,G3_junior,0,0.1461,0.0261,0.5,0
FAIR-002020,RUN-002828,G2_mid,0,0,0,0.5,0
FAIR-002021,RUN-003032,G3_junior,1,0.667,0.547,0.5,1
FAIR-002022,RUN-006657,G2_mid,0,0.1755,0.1755,0.5,0
FAIR-002023,RUN-001627,G2_mid,0,0.1756,0.1756,0.5,0
FAIR-002024,RUN-006397,G3_junior,1,0.8392,0.7192,0.5,1
FAIR-002025,RUN-000727,G3_junior,0,0.3384,0.2184,0.5,0
FAIR-002026,RUN-001249,G3_junior,1,0.6739,0.5539,0.5,1
FAIR-002027,RUN-011227,G3_junior,0,0.12,0,0.5,0
FAIR-002028,RUN-000832,G3_junior,1,0.8511,0.7311,0.5,1
FAIR-002029,RUN-006948,G3_junior,1,1,0.955,0.5,1
FAIR-002030,RUN-002935,G2_mid,0,0.0856,0.0856,0.5,0
FAIR-002031,RUN-009501,G3_junior,0,0.2457,0.1257,0.5,0
FAIR-002032,RUN-003755,G3_junior,0,0.2196,0.0996,0.5,0
FAIR-002033,RUN-009694,G3_junior,1,0.6304,0.5104,0.5,0
FAIR-002034,RUN-004096,G2_mid,0,0.2618,0.2618,0.5,0
FAIR-002035,RUN-004978,G3_junior,0,0.247,0.127,0.5,0
FAIR-002036,RUN-011342,G3_junior,1,0.9431,0.8231,0.5,1
FAIR-002037,RUN-003876,G3_junior,0,0.2901,0.1701,0.5,0
FAIR-002038,RUN-003248,G2_mid,0,0.0083,0.0083,0.5,0
FAIR-002039,RUN-007565,G3_junior,0,0.294,0.174,0.5,0
FAIR-002040,RUN-009599,G3_junior,1,0.7814,0.6614,0.5,1
FAIR-002041,RUN-007536,G3_junior,1,0.8596,0.7396,0.5,1
FAIR-002042,RUN-009874,G3_junior,1,0.5981,0.4781,0.5,0
FAIR-002043,RUN-010764,G3_junior,1,0.7344,0.6144,0.5,1
FAIR-002044,RUN-009590,G2_mid,1,0.6153,0.6153,0.5,0
FAIR-002045,RUN-009479,G3_junior,1,0.723,0.603,0.5,1
FAIR-002046,RUN-003004,G3_junior,0,0.4364,0.3164,0.5,0
FAIR-002047,RUN-001683,G3_junior,0,0.2586,0.1386,0.5,0
FAIR-002048,RUN-005494,G2_mid,0,0.0302,0.0302,0.5,0
FAIR-002049,RUN-011149,G1_senior,0,0.1056,0.1456,0.5,0
FAIR-002050,RUN-007397,G0_unknown,0,0.18,0.18,0.5,0
FAIR-002051,RUN-008788,G3_junior,0,0.4396,0.3196,0.5,0
FAIR-002052,RUN-000152,G2_mid,0,0.3453,0.3453,0.5,0
FAIR-002053,RUN-004767,G2_mid,1,0.7745,0.7745,0.5,1
FAIR-002054,RUN-011373,G1_senior,0,0,0,0.5,0
FAIR-002055,RUN-006462,G2_mid,0,0.2485,0.2485,0.5,0
FAIR-002056,RUN-007901,G1_senior,0,0.201,0.241,0.5,0
FAIR-002057,RUN-008245,G2_mid,1,0.6468,0.6468,0.5,0
FAIR-002058,RUN-005065,G0_unknown,1,0.6921,0.6921,0.5,1
FAIR-002059,RUN-009362,G3_junior,1,0.8461,0.7261,0.5,1
FAIR-002060,RUN-010044,G3_junior,1,0.6932,0.5732,0.5,1
FAIR-002061,RUN-010147,G3_junior,0,0.12,0,0.5,0
FAIR-002062,RUN-000439,G1_senior,1,0.7403,0.7803,0.5,1
FAIR-002063,RUN-011199,G1_senior,0,0.4163,0.4563,0.5,0
FAIR-002064,RUN-009153,G3_junior,1,0.7064,0.5864,0.5,1
FAIR-002065,RUN-008963,G2_mid,0,0.3083,0.3083,0.5,0
FAIR-002066,RUN-006688,G3_junior,1,0.879,0.759,0.5,1
FAIR-002067,RUN-002091,G2_mid,0,0.2842,0.2842,0.5,0
FAIR-002068,RUN-001419,G1_senior,1,0.5176,0.5576,0.5,0
FAIR-002069,RUN-000464,G3_junior,1,0.8419,0.7219,0.5,1
FAIR-002070,RUN-002859,G3_junior,1,0.9477,0.8277,0.5,1
FAIR-002071,RUN-010668,G3_junior,1,0.6982,0.5782,0.5,1
FAIR-002072,RUN-009202,G3_junior,0,0.2504,0.1304,0.5,0
FAIR-002073,RUN-007103,G3_junior,0,0.12,0,0.5,0
FAIR-002074,RUN-006099,G3_junior,0,0.4554,0.3354,0.5,0
FAIR-002075,RUN-010900,G3_junior,0,0.2769,0.1569,0.5,0
FAIR-002076,RUN-003127,G3_junior,0,0.2812,0.1612,0.5,0
FAIR-002077,RUN-010547,G3_junior,1,0.6271,0.5071,0.5,0
FAIR-002078,RUN-007601,G3_junior,0,0.3211,0.2011,0.5,0
FAIR-002079,RUN-001201,G3_junior,0,0.3264,0.2064,0.5,0
FAIR-002080,RUN-006302,G3_junior,0,0.2697,0.1497,0.5,0
FAIR-002081,RUN-002619,G3_junior,0,0.3834,0.2634,0.5,0
FAIR-002082,RUN-004327,G3_junior,1,0.5145,0.3945,0.5,0
FAIR-002083,RUN-007261,G2_mid,1,0.6353,0.6353,0.5,0
FAIR-002084,RUN-006322,G3_junior,0,0.1446,0.0246,0.5,0
FAIR-002085,RUN-001504,G0_unknown,0,0.1008,0.1008,0.5,0
FAIR-002086,RUN-006820,G3_junior,0,0.4919,0.3719,0.5,0
FAIR-002087,RUN-011020,G3_junior,0,0.2529,0.1329,0.5,0
FAIR-002088,RUN-006283,G3_junior,1,0.6011,0.4811,0.5,0
FAIR-002089,RUN-010024,G3_junior,0,0.1819,0.0619,0.5,0
FAIR-002090,RUN-010176,G3_junior,0,0.3693,0.2493,0.5,0
FAIR-002091,RUN-002947,G2_mid,0,0.1161,0.1161,0.5,0
FAIR-002092,RUN-009024,G2_mid,0,0.2049,0.2049,0.5,0
FAIR-002093,RUN-004573,G3_junior,0,0.3973,0.2773,0.5,0
FAIR-002094,RUN-010732,G0_unknown,1,0.5995,0.5995,0.5,0
FAIR-002095,RUN-005230,G2_mid,0,0.2406,0.2406,0.5,0
FAIR-002096,RUN-003716,G2_mid,0,0.2171,0.2171,0.5,0
FAIR-002097,RUN-001849,G1_senior,0,0.3521,0.3921,0.5,0
FAIR-002098,RUN-005853,G3_junior,0,0.2608,0.1408,0.5,0
FAIR-002099,RUN-008158,G3_junior,0,0.12,0,0.5,0
FAIR-002100,RUN-003180,G2_mid,0,0.2186,0.2186,0.5,0
FAIR-002101,RUN-005836,G2_mid,0,0.0217,0.0217,0.5,0
FAIR-002102,RUN-002659,G2_mid,0,0.2546,0.2546,0.5,0
FAIR-002103,RUN-003511,G3_junior,1,0.9547,0.8347,0.5,1
FAIR-002104,RUN-003135,G2_mid,0,0.2831,0.2831,0.5,0
FAIR-002105,RUN-004261,G3_junior,0,0.3069,0.1869,0.5,0
FAIR-002106,RUN-004741,G0_unknown,0,0.0828,0.0828,0.5,0
FAIR-002107,RUN-000543,G1_senior,0,0.2467,0.2867,0.5,0
FAIR-002108,RUN-010635,G3_junior,0,0.6094,0.4894,0.5,0
FAIR-002109,RUN-001272,G3_junior,1,0.8917,0.7717,0.5,1
FAIR-002110,RUN-003254,G2_mid,1,0.7257,0.7257,0.5,1
FAIR-002111,RUN-010790,G0_unknown,0,0.1699,0.1699,0.5,0
FAIR-002112,RUN-004439,G3_junior,0,0.4127,0.2927,0.5,0
FAIR-002113,RUN-007628,G3_junior,0,0.1837,0.0637,0.5,0
FAIR-002114,RUN-000104,G1_senior,0,0.2118,0.2518,0.5,0
FAIR-002115,RUN-008241,G3_junior,1,0.6529,0.5329,0.5,1
FAIR-002116,RUN-008451,G3_junior,0,0.436,0.316,0.5,0
FAIR-002117,RUN-005161,G3_junior,1,0.4032,0.2832,0.5,0
FAIR-002118,RUN-008243,G3_junior,1,0.9666,0.8466,0.5,1
FAIR-002119,RUN-008328,G2_mid,0,0,0,0.5,0
FAIR-002120,RUN-009516,G3_junior,0,0.3177,0.1977,0.5,0
FAIR-002121,RUN-005165,G2_mid,0,0.1766,0.1766,0.5,0
FAIR-002122,RUN-005818,G3_junior,0,0.1839,0.0639,0.5,0
FAIR-002123,RUN-006452,G3_junior,1,0.9371,0.8171,0.5,1
FAIR-002124,RUN-006968,G3_junior,0,0.3744,0.2544,0.5,0
FAIR-002125,RUN-009145,G3_junior,0,0.2689,0.1489,0.5,0
FAIR-002126,RUN-005953,G3_junior,1,0.8748,0.7548,0.5,1
FAIR-002127,RUN-007352,G1_senior,0,0.1064,0.1464,0.5,0
FAIR-002128,RUN-007863,G3_junior,0,0.2406,0.1206,0.5,0
FAIR-002129,RUN-011005,G1_senior,0,0,0,0.5,0
FAIR-002130,RUN-007018,G1_senior,0,0.1315,0.1715,0.5,0
FAIR-002131,RUN-010137,G2_mid,0,0.185,0.185,0.5,0
FAIR-002132,RUN-004138,G3_junior,1,0.9505,0.8305,0.5,1
FAIR-002133,RUN-000776,G3_junior,1,0.5976,0.4776,0.5,0
FAIR-002134,RUN-003801,G2_mid,1,0.5881,0.5881,0.5,0
FAIR-002135,RUN-010336,G3_junior,1,0.7861,0.6661,0.5,1
FAIR-002136,RUN-003109,G2_mid,0,0.1893,0.1893,0.5,0
FAIR-002137,RUN-001760,G3_junior,0,0.4801,0.3601,0.5,0
FAIR-002138,RUN-004049,G3_junior,1,0.7355,0.6155,0.5,1
FAIR-002139,RUN-007870,G3_junior,0,0.5014,0.3814,0.5,0
FAIR-002140,RUN-007515,G2_mid,0,0.2682,0.2682,0.5,0
FAIR-002141,RUN-001006,G3_junior,1,0.8591,0.7391,0.5,1
FAIR-002142,RUN-002007,G3_junior,1,0.7253,0.6053,0.5,1
FAIR-002143,RUN-010748,G3_junior,0,0.1735,0.0535,0.5,0
FAIR-002144,RUN-001726,G3_junior,0,0.1857,0.0657,0.5,0
FAIR-002145,RUN-001094,G3_junior,0,0.3968,0.2768,0.5,0
FAIR-002146,RUN-005052,G3_junior,0,0.1608,0.0408,0.5,0
FAIR-002147,RUN-009030,G3_junior,0,0.12,0,0.5,0
FAIR-002148,RUN-001108,G3_junior,1,0.8895,0.7695,0.5,1
FAIR-002149,RUN-006043,G3_junior,1,0.8381,0.7181,0.5,1
FAIR-002150,RUN-002950,G3_junior,1,0.815,0.695,0.5,1
FAIR-002151,RUN-004663,G2_mid,1,0.5729,0.5729,0.5,0
FAIR-002152,RUN-003373,G3_junior,0,0.3266,0.2066,0.5,0
FAIR-002153,RUN-006981,G3_junior,0,0.2079,0.0879,0.5,0
FAIR-002154,RUN-010312,G3_junior,1,0.7755,0.6555,0.5,1
FAIR-002155,RUN-002464,G3_junior,0,0.12,0,0.5,0
FAIR-002156,RUN-005322,G1_senior,0,0.3553,0.3953,0.5,0
FAIR-002157,RUN-008321,G3_junior,0,0.2044,0.0844,0.5,0
FAIR-002158,RUN-007279,G3_junior,0,0.3382,0.2182,0.5,0
FAIR-002159,RUN-001373,G3_junior,0,0.3878,0.2678,0.5,0
FAIR-002160,RUN-008399,G2_mid,1,0.5934,0.5934,0.5,0
FAIR-002161,RUN-006891,G3_junior,1,0.8015,0.6815,0.5,1
FAIR-002162,RUN-008531,G3_junior,1,0.6307,0.5107,0.5,0
FAIR-002163,RUN-008814,G3_junior,0,0.2703,0.1503,0.5,0
FAIR-002164,RUN-001262,G3_junior,1,1,0.9198,0.5,1
FAIR-002165,RUN-001281,G3_junior,0,0.2512,0.1312,0.5,0
FAIR-002166,RUN-007285,G3_junior,0,0.1537,0.0337,0.5,0
FAIR-002167,RUN-004493,G3_junior,0,0.2618,0.1418,0.5,0
FAIR-002168,RUN-006563,G3_junior,1,0.5928,0.4728,0.5,0
FAIR-002169,RUN-003500,G2_mid,0,0.0735,0.0735,0.5,0
FAIR-002170,RUN-005624,G3_junior,1,0.7657,0.6457,0.5,1
FAIR-002171,RUN-006089,G1_senior,0,0.2375,0.2775,0.5,0
FAIR-002172,RUN-005516,G2_mid,0,0.3404,0.3404,0.5,0
FAIR-002173,RUN-001343,G3_junior,1,0.833,0.713,0.5,1
FAIR-002174,RUN-008584,G3_junior,1,0.6931,0.5731,0.5,1
FAIR-002175,RUN-002757,G2_mid,0,0.0273,0.0273,0.5,0
FAIR-002176,RUN-003397,G3_junior,0,0.243,0.123,0.5,0
FAIR-002177,RUN-001595,G1_senior,1,0.6029,0.6429,0.5,0
FAIR-002178,RUN-000008,G3_junior,1,1,1,0.5,1
FAIR-002179,RUN-002834,G3_junior,1,0.7016,0.5816,0.5,1
FAIR-002180,RUN-005221,G3_junior,1,0.7679,0.6479,0.5,1
FAIR-002181,RUN-002593,G1_senior,0,0.0556,0.0956,0.5,0
FAIR-002182,RUN-009350,G2_mid,1,0.7359,0.7359,0.5,1
FAIR-002183,RUN-005261,G2_mid,1,0.6498,0.6498,0.5,0
FAIR-002184,RUN-000872,G3_junior,1,0.8198,0.6998,0.5,1
FAIR-002185,RUN-006167,G1_senior,0,0.0055,0.0455,0.5,0
FAIR-002186,RUN-000003,G3_junior,1,0.8515,0.7315,0.5,1
FAIR-002187,RUN-000617,G2_mid,1,0.4129,0.4129,0.5,0
FAIR-002188,RUN-006772,G3_junior,0,0.3213,0.2013,0.5,0
FAIR-002189,RUN-005827,G1_senior,0,0.0014,0.0414,0.5,0
FAIR-002190,RUN-004572,G3_junior,1,0.6948,0.5748,0.5,1
FAIR-002191,RUN-000386,G3_junior,0,0.2633,0.1433,0.5,0
FAIR-002192,RUN-011375,G2_mid,1,0.6035,0.6035,0.5,0
FAIR-002193,RUN-001164,G3_junior,1,0.6798,0.5598,0.5,1
FAIR-002194,RUN-007195,G3_junior,1,0.9575,0.8375,0.5,1
FAIR-002195,RUN-004478,G3_junior,1,0.9429,0.8229,0.5,1
FAIR-002196,RUN-007297,G3_junior,0,0.29,0.17,0.5,0
FAIR-002197,RUN-000504,G3_junior,1,0.9634,0.8434,0.5,1
FAIR-002198,RUN-004507,G1_senior,0,0.2005,0.2405,0.5,0
FAIR-002199,RUN-001485,G3_junior,1,0.932,0.812,0.5,1
FAIR-002200,RUN-005325,G3_junior,1,0.8697,0.7497,0.5,1
FAIR-002201,RUN-000930,G2_mid,0,0.4603,0.4603,0.5,0
FAIR-002202,RUN-001180,G1_senior,0,0.1481,0.1881,0.5,0
FAIR-002203,RUN-000766,G2_mid,0,0.1193,0.1193,0.5,0
FAIR-002204,RUN-006005,G1_senior,0,0.2466,0.2866,0.5,0
FAIR-002205,RUN-002062,G3_junior,1,0.9458,0.8258,0.5,1
FAIR-002206,RUN-007168,G3_junior,1,0.9073,0.7873,0.5,1
FAIR-002207,RUN-005790,G3_junior,1,0.6386,0.5186,0.5,0
FAIR-002208,RUN-003288,G3_junior,0,0.2908,0.1708,0.5,0
FAIR-002209,RUN-003005,G3_junior,1,0.6103,0.4903,0.5,0
FAIR-002210,RUN-003806,G3_junior,0,0.2396,0.1196,0.5,0
FAIR-002211,RUN-004347,G3_junior,1,0.6499,0.5299,0.5,0
FAIR-002212,RUN-010291,G3_junior,0,0.12,0,0.5,0
FAIR-002213,RUN-009297,G3_junior,0,0.194,0.074,0.5,0
FAIR-002214,RUN-000800,G3_junior,1,0.8335,0.7135,0.5,1
FAIR-002215,RUN-008236,G1_senior,0,0.4098,0.4498,0.5,0
FAIR-002216,RUN-006740,G1_senior,0,0,0,0.5,0
FAIR-002217,RUN-003295,G3_junior,1,0.5179,0.3979,0.5,0
FAIR-002218,RUN-004431,G3_junior,1,0.8358,0.7158,0.5,1
FAIR-002219,RUN-003842,G1_senior,0,0.2352,0.2752,0.5,0
FAIR-002220,RUN-002921,G3_junior,0,0.2599,0.1399,0.5,0
FAIR-002221,RUN-004036,G1_senior,0,0.0609,0.1009,0.5,0
FAIR-002222,RUN-008453,G3_junior,1,1,0.8986,0.5,1
FAIR-002223,RUN-009521,G3_junior,0,0.5047,0.3847,0.5,0
FAIR-002224,RUN-008966,G3_junior,1,0.6797,0.5597,0.5,1
FAIR-002225,RUN-011126,G3_junior,0,0.12,0,0.5,0
FAIR-002226,RUN-010099,G2_mid,1,0.7606,0.7606,0.5,1
FAIR-002227,RUN-006652,G2_mid,0,0.2751,0.2751,0.5,0
FAIR-002228,RUN-001134,G1_senior,0,0.2503,0.2903,0.5,0
FAIR-002229,RUN-002414,G1_senior,0,0.1863,0.2263,0.5,0
FAIR-002230,RUN-001805,G2_mid,0,0.1939,0.1939,0.5,0
FAIR-002231,RUN-001617,G3_junior,0,0.2661,0.1461,0.5,0
FAIR-002232,RUN-009605,G1_senior,0,0,0,0.5,0
FAIR-002233,RUN-008777,G3_junior,1,0.6951,0.5751,0.5,1
FAIR-002234,RUN-003675,G2_mid,0,0.0721,0.0721,0.5,0
FAIR-002235,RUN-006998,G2_mid,0,0.2815,0.2815,0.5,0
FAIR-002236,RUN-009104,G0_unknown,1,0.7585,0.7585,0.5,1
FAIR-002237,RUN-003199,G1_senior,1,0.6581,0.6981,0.5,1
FAIR-002238,RUN-006850,G3_junior,0,0.2121,0.0921,0.5,0
FAIR-002239,RUN-000051,G2_mid,0,0,0,0.5,0
FAIR-002240,RUN-011246,G3_junior,1,0.8454,0.7254,0.5,1
FAIR-002241,RUN-006550,G2_mid,0,0,0,0.5,0
FAIR-002242,RUN-008061,G1_senior,1,0.6721,0.7121,0.5,1
FAIR-002243,RUN-005744,G3_junior,1,1,0.9172,0.5,1
FAIR-002244,RUN-003697,G3_junior,1,0.6601,0.5401,0.5,1
FAIR-002245,RUN-001980,G3_junior,1,0.8126,0.6926,0.5,1
FAIR-002246,RUN-007499,G3_junior,1,0.9166,0.7966,0.5,1
FAIR-002247,RUN-003963,G3_junior,0,0.2683,0.1483,0.5,0
FAIR-002248,RUN-007902,G3_junior,0,0.4558,0.3358,0.5,0
FAIR-002249,RUN-007181,G1_senior,0,0.1336,0.1736,0.5,0
FAIR-002250,RUN-004257,G1_senior,1,0.6957,0.7357,0.5,1
FAIR-002251,RUN-000691,G3_junior,1,0.6923,0.5723,0.5,1
FAIR-002252,RUN-005404,G3_junior,0,0.12,0,0.5,0
FAIR-002253,RUN-000839,G3_junior,0,0.633,0.513,0.5,0
FAIR-002254,RUN-002262,G2_mid,1,0.8275,0.8275,0.5,1
FAIR-002255,RUN-001829,G3_junior,0,0.1264,0.0064,0.5,0
FAIR-002256,RUN-000262,G2_mid,1,0.8041,0.8041,0.5,1
FAIR-002257,RUN-006067,G3_junior,1,0.8332,0.7132,0.5,1
FAIR-002258,RUN-000346,G3_junior,0,0.1301,0.0101,0.5,0
FAIR-002259,RUN-009734,G3_junior,1,0.3517,0.2317,0.5,0
FAIR-002260,RUN-008194,G3_junior,1,0.8235,0.7035,0.5,1
FAIR-002261,RUN-010031,G3_junior,0,0.4423,0.3223,0.5,0
FAIR-002262,RUN-004557,G3_junior,1,0.6564,0.5364,0.5,1
FAIR-002263,RUN-001420,G1_senior,0,0.1953,0.2353,0.5,0
FAIR-002264,RUN-002537,G2_mid,0,0.1971,0.1971,0.5,0
FAIR-002265,RUN-002778,G3_junior,1,0.6723,0.5523,0.5,1
FAIR-002266,RUN-011065,G1_senior,0,0.2371,0.2771,0.5,0
FAIR-002267,RUN-000325,G3_junior,1,0.6748,0.5548,0.5,1
FAIR-002268,RUN-004959,G1_senior,0,0.2923,0.3323,0.5,0
FAIR-002269,RUN-003940,G3_junior,1,0.7411,0.6211,0.5,1
FAIR-002270,RUN-009868,G1_senior,0,0,0,0.5,0
FAIR-002271,RUN-003966,G2_mid,0,0.1224,0.1224,0.5,0
FAIR-002272,RUN-009540,G1_senior,0,0.2791,0.3191,0.5,0
FAIR-002273,RUN-011238,G3_junior,1,0.614,0.494,0.5,0
FAIR-002274,RUN-007599,G3_junior,1,0.3531,0.2331,0.5,0
FAIR-002275,RUN-002489,G2_mid,0,0.3689,0.3689,0.5,0
FAIR-002276,RUN-008155,G2_mid,0,0.316,0.316,0.5,0
FAIR-002277,RUN-005327,G3_junior,1,0.8085,0.6885,0.5,1
FAIR-002278,RUN-006546,G0_unknown,0,0.2009,0.2009,0.5,0
FAIR-002279,RUN-010413,G3_junior,1,0.7588,0.6388,0.5,1
FAIR-002280,RUN-009794,G0_unknown,1,0.4582,0.4582,0.5,0
FAIR-002281,RUN-006398,G2_mid,1,0.6794,0.6794,0.5,1
FAIR-002282,RUN-008967,G3_junior,0,0.2103,0.0903,0.5,0
FAIR-002283,RUN-004505,G3_junior,1,0.5829,0.4629,0.5,0
FAIR-002284,RUN-001003,G2_mid,1,0.5056,0.5056,0.5,0
FAIR-002285,RUN-010030,G3_junior,1,0.3942,0.2742,0.5,0
FAIR-002286,RUN-000208,G1_senior,0,0.2346,0.2746,0.5,0
FAIR-002287,RUN-005411,G3_junior,1,1,0.8801,0.5,1
FAIR-002288,RUN-000233,G2_mid,1,0.7884,0.7884,0.5,1
FAIR-002289,RUN-001028,G2_mid,1,0.4952,0.4952,0.5,0
FAIR-002290,RUN-006218,G3_junior,0,0.3277,0.2077,0.5,0
FAIR-002291,RUN-009358,G3_junior,0,0.3643,0.2443,0.5,0
FAIR-002292,RUN-001467,G3_junior,0,0.2442,0.1242,0.5,0
FAIR-002293,RUN-005791,G3_junior,1,0.7002,0.5802,0.5,1
FAIR-002294,RUN-004674,G3_junior,0,0.453,0.333,0.5,0
FAIR-002295,RUN-011248,G2_mid,1,0.7227,0.7227,0.5,1
FAIR-002296,RUN-004006,G3_junior,1,0.5958,0.4758,0.5,0
FAIR-002297,RUN-006498,G0_unknown,0,0.2021,0.2021,0.5,0
FAIR-002298,RUN-001789,G3_junior,0,0.4099,0.2899,0.5,0
FAIR-002299,RUN-009020,G3_junior,1,0.9277,0.8077,0.5,1
FAIR-002300,RUN-008130,G1_senior,1,0.6233,0.6633,0.5,0
FAIR-002301,RUN-008596,G1_senior,0,0.0464,0.0864,0.5,0
FAIR-002302,RUN-006762,G3_junior,0,0.3582,0.2382,0.5,0
FAIR-002303,RUN-010354,G3_junior,0,0.2897,0.1697,0.5,0
FAIR-002304,RUN-005042,G3_junior,0,0.3623,0.2423,0.5,0
FAIR-002305,RUN-001928,G3_junior,1,0.8189,0.6989,0.5,1
FAIR-002306,RUN-006380,G3_junior,0,0.2664,0.1464,0.5,0
FAIR-002307,RUN-000271,G3_junior,0,0.3023,0.1823,0.5,0
FAIR-002308,RUN-010802,G3_junior,1,0.865,0.745,0.5,1
FAIR-002309,RUN-008223,G3_junior,1,0.5577,0.4377,0.5,0
FAIR-002310,RUN-008793,G2_mid,1,0.602,0.602,0.5,0
FAIR-002311,RUN-010701,G3_junior,1,0.5914,0.4714,0.5,0
FAIR-002312,RUN-010993,G3_junior,0,0.301,0.181,0.5,0
FAIR-002313,RUN-004877,G1_senior,0,0.0931,0.1331,0.5,0
FAIR-002314,RUN-000426,G3_junior,1,0.8697,0.7497,0.5,1
FAIR-002315,RUN-001305,G3_junior,0,0.2719,0.1519,0.5,0
FAIR-002316,RUN-001010,G3_junior,0,0.2612,0.1412,0.5,0
FAIR-002317,RUN-007478,G2_mid,0,0.0555,0.0555,0.5,0
FAIR-002318,RUN-000780,G3_junior,1,0.655,0.535,0.5,1
FAIR-002319,RUN-008174,G0_unknown,0,0.2221,0.2221,0.5,0
FAIR-002320,RUN-006411,G3_junior,0,0.12,0,0.5,0
FAIR-002321,RUN-004513,G1_senior,1,0.6225,0.6625,0.5,0
FAIR-002322,RUN-005186,G3_junior,1,0.6321,0.5121,0.5,0
FAIR-002323,RUN-009889,G2_mid,0,0.1975,0.1975,0.5,0
FAIR-002324,RUN-010170,G3_junior,0,0.2318,0.1118,0.5,0
FAIR-002325,RUN-004665,G3_junior,0,0.6237,0.5037,0.5,0
FAIR-002326,RUN-008126,G3_junior,0,0.5633,0.4433,0.5,0
FAIR-002327,RUN-005064,G1_senior,0,0.4301,0.4701,0.5,0
FAIR-002328,RUN-011335,G3_junior,0,0.5318,0.4118,0.5,0
FAIR-002329,RUN-008723,G2_mid,0,0.216,0.216,0.5,0
FAIR-002330,RUN-006677,G3_junior,1,0.8178,0.6978,0.5,1
FAIR-002331,RUN-003260,G2_mid,0,0.3181,0.3181,0.5,0
FAIR-002332,RUN-002890,G2_mid,0,0.3565,0.3565,0.5,0
FAIR-002333,RUN-002380,G3_junior,1,0.6108,0.4908,0.5,0
FAIR-002334,RUN-006731,G3_junior,0,0.2076,0.0876,0.5,0
FAIR-002335,RUN-003336,G1_senior,0,0.3362,0.3762,0.5,0
FAIR-002336,RUN-006771,G3_junior,0,0.5881,0.4681,0.5,0
FAIR-002337,RUN-005606,G3_junior,0,0.4929,0.3729,0.5,0
FAIR-002338,RUN-003538,G3_junior,0,0.2346,0.1146,0.5,0
FAIR-002339,RUN-001954,G3_junior,0,0.5439,0.4239,0.5,0
FAIR-002340,RUN-006445,G3_junior,1,1,0.9717,0.5,1
FAIR-002341,RUN-009574,G3_junior,1,0.6925,0.5725,0.5,1
FAIR-002342,RUN-000475,G2_mid,0,0.1147,0.1147,0.5,0
FAIR-002343,RUN-002434,G1_senior,0,0.0605,0.1005,0.5,0
FAIR-002344,RUN-011320,G1_senior,0,0.029,0.069,0.5,0
FAIR-002345,RUN-009047,G3_junior,0,0.3082,0.1882,0.5,0
FAIR-002346,RUN-009822,G3_junior,1,0.6832,0.5632,0.5,1
FAIR-002347,RUN-005326,G1_senior,1,0.5722,0.6122,0.5,0
FAIR-002348,RUN-001141,G2_mid,0,0.0853,0.0853,0.5,0
FAIR-002349,RUN-010876,G3_junior,1,0.7959,0.6759,0.5,1
FAIR-002350,RUN-007404,G3_junior,0,0.302,0.182,0.5,0
FAIR-002351,RUN-005470,G3_junior,0,0.2593,0.1393,0.5,0
FAIR-002352,RUN-001999,G3_junior,0,0.3796,0.2596,0.5,0
FAIR-002353,RUN-001470,G1_senior,0,0,0,0.5,0
FAIR-002354,RUN-005210,G3_junior,0,0.2409,0.1209,0.5,0
FAIR-002355,RUN-006766,G3_junior,0,0.2163,0.0963,0.5,0
FAIR-002356,RUN-002689,G3_junior,0,0.3612,0.2412,0.5,0
FAIR-002357,RUN-006817,G3_junior,1,0.6917,0.5717,0.5,1
FAIR-002358,RUN-011357,G3_junior,0,0.2347,0.1147,0.5,0
FAIR-002359,RUN-007036,G3_junior,0,0.121,0.001,0.5,0
FAIR-002360,RUN-000394,G1_senior,0,0.0167,0.0567,0.5,0
FAIR-002361,RUN-009657,G2_mid,0,0.2134,0.2134,0.5,0
FAIR-002362,RUN-010390,G2_mid,0,0.355,0.355,0.5,0
FAIR-002363,RUN-003845,G3_junior,0,0.2646,0.1446,0.5,0
FAIR-002364,RUN-001015,G1_senior,0,0.1546,0.1946,0.5,0
FAIR-002365,RUN-001557,G2_mid,0,0.2484,0.2484,0.5,0
FAIR-002366,RUN-002449,G0_unknown,0,0,0,0.5,0
FAIR-002367,RUN-004322,G2_mid,0,0.4193,0.4193,0.5,0
FAIR-002368,RUN-001772,G1_senior,0,0.0832,0.1232,0.5,0
FAIR-002369,RUN-008728,G1_senior,0,0.0282,0.0682,0.5,0
FAIR-002370,RUN-008114,G3_junior,1,0.7503,0.6303,0.5,1
FAIR-002371,RUN-003514,G0_unknown,1,0.7516,0.7516,0.5,1
FAIR-002372,RUN-001203,G3_junior,1,0.8791,0.7591,0.5,1
FAIR-002373,RUN-001722,G2_mid,1,0.6971,0.6971,0.5,1
FAIR-002374,RUN-000017,G2_mid,0,0.0298,0.0298,0.5,0
FAIR-002375,RUN-010266,G3_junior,1,0.8567,0.7367,0.5,1
FAIR-002376,RUN-000737,G3_junior,0,0.2573,0.1373,0.5,0
FAIR-002377,RUN-009952,G3_junior,1,0.682,0.562,0.5,1
FAIR-002378,RUN-002831,G2_mid,0,0.2155,0.2155,0.5,0
FAIR-002379,RUN-007908,G2_mid,1,0.6663,0.6663,0.5,1
FAIR-002380,RUN-001995,G2_mid,0,0.0245,0.0245,0.5,0
FAIR-002381,RUN-001525,G3_junior,1,0.8235,0.7035,0.5,1
FAIR-002382,RUN-004198,G2_mid,0,0,0,0.5,0
FAIR-002383,RUN-002354,G2_mid,0,0.2372,0.2372,0.5,0
FAIR-002384,RUN-007952,G2_mid,1,0.5251,0.5251,0.5,0
FAIR-002385,RUN-000339,G3_junior,1,0.6038,0.4838,0.5,0
FAIR-002386,RUN-008786,G3_junior,1,0.9799,0.8599,0.5,1
FAIR-002387,RUN-000287,G3_junior,1,1,0.9197,0.5,1
FAIR-002388,RUN-007162,G1_senior,0,0.4902,0.5302,0.5,0
FAIR-002389,RUN-000595,G2_mid,1,0.6964,0.6964,0.5,1
FAIR-002390,RUN-005431,G3_junior,0,0.2182,0.0982,0.5,0
FAIR-002391,RUN-001200,G1_senior,0,0.061,0.101,0.5,0
FAIR-002392,RUN-004880,G1_senior,0,0.1395,0.1795,0.5,0
FAIR-002393,RUN-003099,G1_senior,0,0,0.0374,0.5,0
FAIR-002394,RUN-010944,G3_junior,1,0.7671,0.6471,0.5,1
FAIR-002395,RUN-001002,G3_junior,1,0.9854,0.8654,0.5,1
FAIR-002396,RUN-000251,G3_junior,1,0.8046,0.6846,0.5,1
FAIR-002397,RUN-000953,G3_junior,1,0.8193,0.6993,0.5,1
FAIR-002398,RUN-003861,G1_senior,0,0.0999,0.1399,0.5,0
FAIR-002399,RUN-007694,G3_junior,1,0.9739,0.8539,0.5,1
FAIR-002400,RUN-003197,G2_mid,1,0.4627,0.4627,0.5,0
FAIR-002401,RUN-001172,G3_junior,0,0.4187,0.2987,0.5,0
FAIR-002402,RUN-005403,G2_mid,0,0.0481,0.0481,0.5,0
FAIR-002403,RUN-008440,G3_junior,1,0.4676,0.3476,0.5,0
FAIR-002404,RUN-003337,G3_junior,1,0.7626,0.6426,0.5,1
FAIR-002405,RUN-008290,G2_mid,0,0.3138,0.3138,0.5,0
FAIR-002406,RUN-001563,G2_mid,1,0.6473,0.6473,0.5,0
FAIR-002407,RUN-007939,G2_mid,1,0.6433,0.6433,0.5,0
FAIR-002408,RUN-006315,G3_junior,0,0.4181,0.2981,0.5,0
FAIR-002409,RUN-003636,G0_unknown,1,0.8685,0.8685,0.5,1
FAIR-002410,RUN-011079,G3_junior,1,0.692,0.572,0.5,1
FAIR-002411,RUN-004527,G1_senior,0,0.1244,0.1644,0.5,0
FAIR-002412,RUN-004926,G1_senior,0,0.2713,0.3113,0.5,0
FAIR-002413,RUN-001152,G3_junior,1,0.6657,0.5457,0.5,1
FAIR-002414,RUN-008700,G1_senior,0,0.0199,0.0599,0.5,0
FAIR-002415,RUN-010829,G3_junior,0,0.1898,0.0698,0.5,0
FAIR-002416,RUN-001232,G3_junior,0,0.3708,0.2508,0.5,0
FAIR-002417,RUN-000172,G3_junior,0,0.3735,0.2535,0.5,0
FAIR-002418,RUN-010596,G2_mid,0,0.1933,0.1933,0.5,0
FAIR-002419,RUN-007280,G3_junior,1,0.6459,0.5259,0.5,0
FAIR-002420,RUN-005128,G3_junior,0,0.5031,0.3831,0.5,0
FAIR-002421,RUN-002592,G2_mid,0,0.2101,0.2101,0.5,0
FAIR-002422,RUN-000907,G1_senior,0,0.4067,0.4467,0.5,0
FAIR-002423,RUN-006239,G3_junior,0,0.264,0.144,0.5,0
FAIR-002424,RUN-003589,G3_junior,0,0.1224,0.0024,0.5,0
FAIR-002425,RUN-010785,G3_junior,0,0.26,0.14,0.5,0
FAIR-002426,RUN-008470,G3_junior,1,0.6003,0.4803,0.5,0
FAIR-002427,RUN-005819,G3_junior,0,0.1856,0.0656,0.5,0
FAIR-002428,RUN-001663,G1_senior,0,0.1712,0.2112,0.5,0
FAIR-002429,RUN-004531,G2_mid,1,0.7266,0.7266,0.5,1
FAIR-002430,RUN-000137,G2_mid,0,0.2069,0.2069,0.5,0
FAIR-002431,RUN-005074,G2_mid,0,0.13,0.13,0.5,0
FAIR-002432,RUN-001433,G3_junior,0,0.12,0,0.5,0
FAIR-002433,RUN-004260,G3_junior,0,0.12,0,0.5,0
FAIR-002434,RUN-005649,G3_junior,0,0.3816,0.2616,0.5,0
FAIR-002435,RUN-006371,G3_junior,1,0.7593,0.6393,0.5,1
FAIR-002436,RUN-006362,G3_junior,0,0.3064,0.1864,0.5,0
FAIR-002437,RUN-000082,G2_mid,0,0.3544,0.3544,0.5,0
FAIR-002438,RUN-004556,G3_junior,1,0.7437,0.6237,0.5,1
FAIR-002439,RUN-007009,G3_junior,0,0.1618,0.0418,0.5,0
FAIR-002440,RUN-010781,G3_junior,1,1,0.9059,0.5,1
FAIR-002441,RUN-008585,G3_junior,1,0.6808,0.5608,0.5,1
FAIR-002442,RUN-004862,G3_junior,1,0.6903,0.5703,0.5,1
FAIR-002443,RUN-003428,G1_senior,0,0.1078,0.1478,0.5,0
FAIR-002444,RUN-005628,G3_junior,1,0.7583,0.6383,0.5,1
FAIR-002445,RUN-005592,G3_junior,1,1,0.9165,0.5,1
FAIR-002446,RUN-010247,G3_junior,1,0.863,0.743,0.5,1
FAIR-002447,RUN-010073,G3_junior,0,0.3087,0.1887,0.5,0
FAIR-002448,RUN-001412,G1_senior,0,0.0574,0.0974,0.5,0
FAIR-002449,RUN-007120,G3_junior,0,0.5637,0.4437,0.5,0
FAIR-002450,RUN-008911,G3_junior,0,0.4052,0.2852,0.5,0
FAIR-002451,RUN-009739,G3_junior,0,0.3559,0.2359,0.5,0
FAIR-002452,RUN-005924,G3_junior,1,0.7692,0.6492,0.5,1
FAIR-002453,RUN-003341,G2_mid,1,0.5853,0.5853,0.5,0
FAIR-002454,RUN-008712,G3_junior,0,0.4351,0.3151,0.5,0
FAIR-002455,RUN-010840,G2_mid,0,0.5004,0.5004,0.5,0
FAIR-002456,RUN-002329,G3_junior,0,0.2751,0.1551,0.5,0
FAIR-002457,RUN-001155,G2_mid,0,0,0,0.5,0
FAIR-002458,RUN-004825,G2_mid,0,0.0845,0.0845,0.5,0
FAIR-002459,RUN-011195,G2_mid,0,0.1506,0.1506,0.5,0
FAIR-002460,RUN-010216,G1_senior,0,0.2442,0.2842,0.5,0
FAIR-002461,RUN-005875,G2_mid,1,0.789,0.789,0.5,1
FAIR-002462,RUN-006794,G3_junior,0,0.5156,0.3956,0.5,0
FAIR-002463,RUN-002441,G1_senior,0,0.1129,0.1529,0.5,0
FAIR-002464,RUN-005647,G2_mid,1,0.4198,0.4198,0.5,0
FAIR-002465,RUN-006629,G1_senior,0,0.0252,0.0652,0.5,0
FAIR-002466,RUN-005838,G2_mid,1,0.7441,0.7441,0.5,1
FAIR-002467,RUN-007182,G3_junior,0,0.3011,0.1811,0.5,0
FAIR-002468,RUN-003075,G3_junior,1,0.7903,0.6703,0.5,1
FAIR-002469,RUN-008508,G3_junior,0,0.1873,0.0673,0.5,0
FAIR-002470,RUN-008998,G3_junior,1,0.9641,0.8441,0.5,1
FAIR-002471,RUN-000369,G3_junior,0,0.1981,0.0781,0.5,0
FAIR-002472,RUN-011070,G3_junior,0,0.12,0,0.5,0
FAIR-002473,RUN-004615,G3_junior,0,0.202,0.082,0.5,0
FAIR-002474,RUN-000865,G2_mid,1,0.7093,0.7093,0.5,1
FAIR-002475,RUN-000616,G3_junior,0,0.2885,0.1685,0.5,0
FAIR-002476,RUN-009316,G2_mid,1,0.5745,0.5745,0.5,0
FAIR-002477,RUN-001455,G3_junior,0,0.3679,0.2479,0.5,0
FAIR-002478,RUN-006062,G3_junior,0,0.2924,0.1724,0.5,0
FAIR-002479,RUN-008907,G3_junior,1,0.523,0.403,0.5,0
FAIR-002480,RUN-003698,G3_junior,1,0.6337,0.5137,0.5,0
FAIR-002481,RUN-011388,G3_junior,0,0.4005,0.2805,0.5,0
FAIR-002482,RUN-011036,G0_unknown,1,0.8189,0.8189,0.5,1
FAIR-002483,RUN-008880,G2_mid,0,0.228,0.228,0.5,0
FAIR-002484,RUN-002175,G1_senior,0,0.4832,0.5232,0.5,0
FAIR-002485,RUN-004977,G3_junior,0,0.4806,0.3606,0.5,0
FAIR-002486,RUN-001845,G2_mid,0,0.1355,0.1355,0.5,0
FAIR-002487,RUN-005684,G2_mid,0,0.3289,0.3289,0.5,0
FAIR-002488,RUN-007132,G3_junior,0,0.7093,0.5893,0.5,1
FAIR-002489,RUN-006135,G2_mid,1,0.6644,0.6644,0.5,1
FAIR-002490,RUN-003985,G3_junior,0,0.3902,0.2702,0.5,0
FAIR-002491,RUN-004328,G1_senior,1,0.4818,0.5218,0.5,0
FAIR-002492,RUN-003215,G1_senior,0,0.0967,0.1367,0.5,0
FAIR-002493,RUN-006701,G2_mid,0,0.0577,0.0577,0.5,0
FAIR-002494,RUN-008045,G3_junior,0,0.2561,0.1361,0.5,0
FAIR-002495,RUN-000891,G1_senior,1,0.5602,0.6002,0.5,0
FAIR-002496,RUN-003696,G3_junior,0,0.2572,0.1372,0.5,0
FAIR-002497,RUN-009136,G3_junior,0,0.4487,0.3287,0.5,0
FAIR-002498,RUN-011033,G2_mid,0,0.1196,0.1196,0.5,0
FAIR-002499,RUN-011362,G3_junior,1,0.8017,0.6817,0.5,1
FAIR-002500,RUN-004375,G2_mid,0,0,0,0.5,0
FAIR-002501,RUN-005336,G3_junior,1,0.9466,0.8266,0.5,1
FAIR-002502,RUN-003126,G3_junior,0,0.3613,0.2413,0.5,0
FAIR-002503,RUN-003917,G2_mid,0,0.062,0.062,0.5,0
FAIR-002504,RUN-010102,G3_junior,1,0.782,0.662,0.5,1
FAIR-002505,RUN-000707,G1_senior,0,0,0,0.5,0
FAIR-002506,RUN-001367,G3_junior,1,0.6863,0.5663,0.5,1
FAIR-002507,RUN-008295,G3_junior,0,0.2718,0.1518,0.5,0
FAIR-002508,RUN-010206,G3_junior,0,0.2664,0.1464,0.5,0
FAIR-002509,RUN-008450,G2_mid,0,0.3934,0.3934,0.5,0
FAIR-002510,RUN-006228,G2_mid,0,0.3858,0.3858,0.5,0
FAIR-002511,RUN-010757,G3_junior,0,0.2621,0.1421,0.5,0
FAIR-002512,RUN-008805,G2_mid,0,0.1982,0.1982,0.5,0
FAIR-002513,RUN-007255,G3_junior,0,0.2761,0.1561,0.5,0
FAIR-002514,RUN-002698,G2_mid,1,0.4588,0.4588,0.5,0
FAIR-002515,RUN-004299,G3_junior,0,0.12,0,0.5,0
FAIR-002516,RUN-006304,G3_junior,0,0.12,0,0.5,0
FAIR-002517,RUN-009942,G2_mid,1,0.4196,0.4196,0.5,0
FAIR-002518,RUN-001913,G3_junior,0,0.3663,0.2463,0.5,0
FAIR-002519,RUN-002612,G3_junior,1,0.6857,0.5657,0.5,1
FAIR-002520,RUN-005699,G3_junior,1,0.903,0.783,0.5,1
FAIR-002521,RUN-002794,G2_mid,0,0.1892,0.1892,0.5,0
FAIR-002522,RUN-007585,G1_senior,0,0.1277,0.1677,0.5,0
FAIR-002523,RUN-010980,G3_junior,0,0.12,0,0.5,0
FAIR-002524,RUN-002756,G3_junior,0,0.3939,0.2739,0.5,0
FAIR-002525,RUN-008701,G3_junior,1,0.7625,0.6425,0.5,1
FAIR-002526,RUN-009476,G3_junior,1,0.709,0.589,0.5,1
FAIR-002527,RUN-008063,G2_mid,0,0.0249,0.0249,0.5,0
FAIR-002528,RUN-010742,G2_mid,0,0.1873,0.1873,0.5,0
FAIR-002529,RUN-003326,G3_junior,1,0.9348,0.8148,0.5,1
FAIR-002530,RUN-000062,G3_junior,0,0.12,0,0.5,0
FAIR-002531,RUN-000171,G1_senior,0,0.3614,0.4014,0.5,0
FAIR-002532,RUN-000902,G3_junior,1,0.7513,0.6313,0.5,1
FAIR-002533,RUN-005097,G1_senior,0,0.0454,0.0854,0.5,0
FAIR-002534,RUN-001855,G3_junior,0,0.3274,0.2074,0.5,0
FAIR-002535,RUN-008610,G2_mid,1,0.654,0.654,0.5,1
FAIR-002536,RUN-000405,G3_junior,0,0.2034,0.0834,0.5,0
FAIR-002537,RUN-002066,G3_junior,0,0.3134,0.1934,0.5,0
FAIR-002538,RUN-009732,G3_junior,0,0.617,0.497,0.5,0
FAIR-002539,RUN-001944,G1_senior,0,0.1919,0.2319,0.5,0
FAIR-002540,RUN-002643,G2_mid,0,0.0183,0.0183,0.5,0
FAIR-002541,RUN-002115,G2_mid,0,0.2946,0.2946,0.5,0
FAIR-002542,RUN-002603,G2_mid,0,0.0086,0.0086,0.5,0
FAIR-002543,RUN-001807,G2_mid,0,0.1959,0.1959,0.5,0
FAIR-002544,RUN-009716,G3_junior,0,0.1354,0.0154,0.5,0
FAIR-002545,RUN-001714,G3_junior,0,0.4526,0.3326,0.5,0
FAIR-002546,RUN-002075,G3_junior,1,0.7026,0.5826,0.5,1
FAIR-002547,RUN-004182,G3_junior,1,0.8931,0.7731,0.5,1
FAIR-002548,RUN-006815,G3_junior,0,0.2639,0.1439,0.5,0
FAIR-002549,RUN-002350,G2_mid,1,0.5872,0.5872,0.5,0
FAIR-002550,RUN-007905,G3_junior,1,0.6293,0.5093,0.5,0
FAIR-002551,RUN-010621,G3_junior,1,0.7946,0.6746,0.5,1
FAIR-002552,RUN-000524,G2_mid,1,0.8627,0.8627,0.5,1
FAIR-002553,RUN-002100,G3_junior,0,0.2289,0.1089,0.5,0
FAIR-002554,RUN-000703,G3_junior,0,0.12,0,0.5,0
FAIR-002555,RUN-001209,G2_mid,0,0.2537,0.2537,0.5,0
FAIR-002556,RUN-006285,G2_mid,0,0.1703,0.1703,0.5,0
FAIR-002557,RUN-001117,G2_mid,1,0.6664,0.6664,0.5,1
FAIR-002558,RUN-001806,G3_junior,0,0.3675,0.2475,0.5,0
FAIR-002559,RUN-001269,G3_junior,0,0.5947,0.4747,0.5,0
FAIR-002560,RUN-010307,G3_junior,1,0.8689,0.7489,0.5,1
FAIR-002561,RUN-003457,G1_senior,0,0.1582,0.1982,0.5,0
FAIR-002562,RUN-007549,G1_senior,0,0.1053,0.1453,0.5,0
FAIR-002563,RUN-003282,G3_junior,0,0.5671,0.4471,0.5,0
FAIR-002564,RUN-002872,G3_junior,0,0.2145,0.0945,0.5,0
FAIR-002565,RUN-004338,G3_junior,1,0.8018,0.6818,0.5,1
FAIR-002566,RUN-007701,G3_junior,1,0.9008,0.7808,0.5,1
FAIR-002567,RUN-005196,G3_junior,0,0.3756,0.2556,0.5,0
FAIR-002568,RUN-002907,G3_junior,0,0.2306,0.1106,0.5,0
FAIR-002569,RUN-009394,G3_junior,1,0.9125,0.7925,0.5,1
FAIR-002570,RUN-010467,G2_mid,0,0.0458,0.0458,0.5,0
FAIR-002571,RUN-010735,G3_junior,1,0.8454,0.7254,0.5,1
FAIR-002572,RUN-008428,G1_senior,0,0.2348,0.2748,0.5,0
FAIR-002573,RUN-001102,G2_mid,0,0,0,0.5,0
FAIR-002574,RUN-008505,G3_junior,0,0.6666,0.5466,0.5,1
FAIR-002575,RUN-001748,G1_senior,0,0.1364,0.1764,0.5,0
FAIR-002576,RUN-008035,G3_junior,0,0.2442,0.1242,0.5,0
FAIR-002577,RUN-004757,G1_senior,0,0.0517,0.0917,0.5,0
FAIR-002578,RUN-010976,G0_unknown,0,0.205,0.205,0.5,0
FAIR-002579,RUN-007430,G3_junior,1,0.5172,0.3972,0.5,0
FAIR-002580,RUN-000014,G1_senior,0,0.2216,0.2616,0.5,0
FAIR-002581,RUN-002534,G1_senior,1,0.6863,0.7263,0.5,1
FAIR-002582,RUN-008151,G3_junior,1,1,0.9024,0.5,1
FAIR-002583,RUN-007344,G3_junior,0,0.3197,0.1997,0.5,0
FAIR-002584,RUN-001441,G2_mid,0,0.3981,0.3981,0.5,0
FAIR-002585,RUN-010858,G3_junior,0,0.12,0,0.5,0
FAIR-002586,RUN-000987,G2_mid,0,0.0296,0.0296,0.5,0
FAIR-002587,RUN-010552,G1_senior,0,0.1824,0.2224,0.5,0
FAIR-002588,RUN-000822,G3_junior,1,0.7402,0.6202,0.5,1
FAIR-002589,RUN-008698,G1_senior,1,0.7034,0.7434,0.5,1
FAIR-002590,RUN-009993,G3_junior,1,0.8343,0.7143,0.5,1
FAIR-002591,RUN-004467,G2_mid,0,0.2482,0.2482,0.5,0
FAIR-002592,RUN-004288,G3_junior,1,0.4995,0.3795,0.5,0
FAIR-002593,RUN-006758,G2_mid,0,0,0,0.5,0
FAIR-002594,RUN-003187,G3_junior,0,0.1942,0.0742,0.5,0
FAIR-002595,RUN-009871,G2_mid,1,0.6248,0.6248,0.5,0
FAIR-002596,RUN-008759,G2_mid,0,0.2741,0.2741,0.5,0
FAIR-002597,RUN-010724,G3_junior,1,0.7393,0.6193,0.5,1
FAIR-002598,RUN-004707,G3_junior,1,0.5384,0.4184,0.5,0
FAIR-002599,RUN-010048,G3_junior,1,0.9388,0.8188,0.5,1
FAIR-002600,RUN-008338,G2_mid,0,0.3205,0.3205,0.5,0
FAIR-002601,RUN-003948,G3_junior,1,0.6932,0.5732,0.5,1
FAIR-002602,RUN-006787,G3_junior,0,0.4015,0.2815,0.5,0
FAIR-002603,RUN-003404,G3_junior,1,0.7187,0.5987,0.5,1
FAIR-002604,RUN-010951,G3_junior,0,0.2668,0.1468,0.5,0
FAIR-002605,RUN-008313,G3_junior,0,0.3602,0.2402,0.5,0
FAIR-002606,RUN-006900,G2_mid,0,0.2458,0.2458,0.5,0
FAIR-002607,RUN-003046,G3_junior,1,0.8579,0.7379,0.5,1
FAIR-002608,RUN-000222,G3_junior,1,0.4056,0.2856,0.5,0
FAIR-002609,RUN-003370,G3_junior,0,0.4932,0.3732,0.5,0
FAIR-002610,RUN-008414,G3_junior,0,0.169,0.049,0.5,0
FAIR-002611,RUN-009642,G3_junior,0,0.2745,0.1545,0.5,0
FAIR-002612,RUN-006793,G3_junior,0,0.5013,0.3813,0.5,0
FAIR-002613,RUN-006970,G3_junior,0,0.3617,0.2417,0.5,0
FAIR-002614,RUN-003880,G2_mid,0,0.1485,0.1485,0.5,0
FAIR-002615,RUN-005849,G3_junior,0,0.3517,0.2317,0.5,0
FAIR-002616,RUN-003174,G2_mid,1,0.638,0.638,0.5,0
FAIR-002617,RUN-010250,G2_mid,0,0.1128,0.1128,0.5,0
FAIR-002618,RUN-000534,G3_junior,0,0.2827,0.1627,0.5,0
FAIR-002619,RUN-007237,G3_junior,0,0.1352,0.0152,0.5,0
FAIR-002620,RUN-000413,G3_junior,1,0.7945,0.6745,0.5,1
FAIR-002621,RUN-004869,G3_junior,1,0.6759,0.5559,0.5,1
FAIR-002622,RUN-006566,G2_mid,1,0.6137,0.6137,0.5,0
FAIR-002623,RUN-009697,G3_junior,1,0.9682,0.8482,0.5,1
FAIR-002624,RUN-004040,G3_junior,0,0.1892,0.0692,0.5,0
FAIR-002625,RUN-002204,G1_senior,0,0.0229,0.0629,0.5,0
FAIR-002626,RUN-008208,G1_senior,0,0.3238,0.3638,0.5,0
FAIR-002627,RUN-011303,G3_junior,0,0.12,0,0.5,0
FAIR-002628,RUN-004509,G3_junior,1,0.8344,0.7144,0.5,1
FAIR-002629,RUN-007915,G2_mid,0,0.1693,0.1693,0.5,0
FAIR-002630,RUN-002637,G0_unknown,1,0.7008,0.7008,0.5,1
FAIR-002631,RUN-010094,G2_mid,1,0.4898,0.4898,0.5,0
FAIR-002632,RUN-007111,G2_mid,0,0.2105,0.2105,0.5,0
FAIR-002633,RUN-010042,G2_mid,0,0.3062,0.3062,0.5,0
FAIR-002634,RUN-010205,G3_junior,0,0.4334,0.3134,0.5,0
FAIR-002635,RUN-000436,G2_mid,0,0.2277,0.2277,0.5,0
FAIR-002636,RUN-002188,G1_senior,0,0.2571,0.2971,0.5,0
FAIR-002637,RUN-005424,G3_junior,0,0.3756,0.2556,0.5,0
FAIR-002638,RUN-008135,G2_mid,0,0.1742,0.1742,0.5,0
FAIR-002639,RUN-004961,G3_junior,1,0.6562,0.5362,0.5,1
FAIR-002640,RUN-008421,G3_junior,0,0.1412,0.0212,0.5,0
FAIR-002641,RUN-008315,G0_unknown,1,1,1,0.5,1
FAIR-002642,RUN-010607,G3_junior,0,0.1636,0.0436,0.5,0
FAIR-002643,RUN-005678,G1_senior,0,0.1487,0.1887,0.5,0
FAIR-002644,RUN-010236,G3_junior,0,0.309,0.189,0.5,0
FAIR-002645,RUN-009865,G3_junior,0,0.1888,0.0688,0.5,0
FAIR-002646,RUN-006648,G0_unknown,0,0.1544,0.1544,0.5,0
FAIR-002647,RUN-009858,G3_junior,0,0.4818,0.3618,0.5,0
FAIR-002648,RUN-010913,G3_junior,0,0.398,0.278,0.5,0
FAIR-002649,RUN-008281,G2_mid,0,0.294,0.294,0.5,0
FAIR-002650,RUN-006995,G3_junior,0,0.2999,0.1799,0.5,0
FAIR-002651,RUN-004865,G3_junior,0,0.2239,0.1039,0.5,0
FAIR-002652,RUN-010789,G3_junior,0,0.2313,0.1113,0.5,0
FAIR-002653,RUN-001254,G3_junior,1,0.7068,0.5868,0.5,1
FAIR-002654,RUN-005130,G3_junior,0,0.48,0.36,0.5,0
FAIR-002655,RUN-004560,G2_mid,1,0.7208,0.7208,0.5,1
FAIR-002656,RUN-011174,G3_junior,0,0.237,0.117,0.5,0
FAIR-002657,RUN-008884,G2_mid,1,0.8327,0.8327,0.5,1
FAIR-002658,RUN-001186,G2_mid,0,0.2488,0.2488,0.5,0
FAIR-002659,RUN-001399,G1_senior,0,0.3992,0.4392,0.5,0
FAIR-002660,RUN-011098,G1_senior,1,0.7056,0.7456,0.5,1
FAIR-002661,RUN-006261,G3_junior,0,0.12,0,0.5,0
FAIR-002662,RUN-005341,G3_junior,0,0.4662,0.3462,0.5,0
FAIR-002663,RUN-009012,G3_junior,1,0.4626,0.3426,0.5,0
FAIR-002664,RUN-008346,G3_junior,1,0.7839,0.6639,0.5,1
FAIR-002665,RUN-008774,G3_junior,0,0.3258,0.2058,0.5,0
FAIR-002666,RUN-009112,G3_junior,0,0.3999,0.2799,0.5,0
FAIR-002667,RUN-002662,G3_junior,0,0.4617,0.3417,0.5,0
FAIR-002668,RUN-000687,G3_junior,0,0.2353,0.1153,0.5,0
FAIR-002669,RUN-003447,G3_junior,1,0.7368,0.6168,0.5,1
FAIR-002670,RUN-010604,G2_mid,0,0.0824,0.0824,0.5,0
FAIR-002671,RUN-004979,G0_unknown,1,0.3802,0.3802,0.5,0
FAIR-002672,RUN-011328,G1_senior,0,0.3691,0.4091,0.5,0
FAIR-002673,RUN-000434,G1_senior,0,0.0086,0.0486,0.5,0
FAIR-002674,RUN-004298,G2_mid,0,0.2358,0.2358,0.5,0
FAIR-002675,RUN-005129,G3_junior,0,0.4096,0.2896,0.5,0
FAIR-002676,RUN-005567,G2_mid,1,0.7182,0.7182,0.5,1
FAIR-002677,RUN-003702,G1_senior,1,0.6831,0.7231,0.5,1
FAIR-002678,RUN-003043,G0_unknown,1,0.646,0.646,0.5,0
FAIR-002679,RUN-000206,G1_senior,0,0.0325,0.0725,0.5,0
FAIR-002680,RUN-004687,G3_junior,1,0.5363,0.4163,0.5,0
FAIR-002681,RUN-011057,G3_junior,1,1,1,0.5,1
FAIR-002682,RUN-006465,G2_mid,0,0.1178,0.1178,0.5,0
FAIR-002683,RUN-006097,G3_junior,0,0.3462,0.2262,0.5,0
FAIR-002684,RUN-001675,G3_junior,1,0.7306,0.6106,0.5,1
FAIR-002685,RUN-008938,G3_junior,1,0.85,0.73,0.5,1
FAIR-002686,RUN-009299,G2_mid,0,0.3667,0.3667,0.5,0
FAIR-002687,RUN-000596,G3_junior,1,0.7407,0.6207,0.5,1
FAIR-002688,RUN-011301,G2_mid,0,0,0,0.5,0
FAIR-002689,RUN-001566,G1_senior,1,0.4695,0.5095,0.5,0
FAIR-002690,RUN-005830,G2_mid,1,0.5463,0.5463,0.5,0
FAIR-002691,RUN-007031,G3_junior,1,0.9033,0.7833,0.5,1
FAIR-002692,RUN-001730,G3_junior,0,0.438,0.318,0.5,0
FAIR-002693,RUN-005762,G2_mid,0,0.2259,0.2259,0.5,0
FAIR-002694,RUN-005915,G3_junior,1,0.9145,0.7945,0.5,1
FAIR-002695,RUN-005319,G1_senior,0,0.368,0.408,0.5,0
FAIR-002696,RUN-009421,G2_mid,0,0.1692,0.1692,0.5,0
FAIR-002697,RUN-009701,G3_junior,0,0.1596,0.0396,0.5,0
FAIR-002698,RUN-004147,G1_senior,0,0.3064,0.3464,0.5,0
FAIR-002699,RUN-002263,G3_junior,0,0.4307,0.3107,0.5,0
FAIR-002700,RUN-001050,G3_junior,0,0.2944,0.1744,0.5,0
FAIR-002701,RUN-004222,G3_junior,0,0.1659,0.0459,0.5,0
FAIR-002702,RUN-001647,G0_unknown,1,0.7403,0.7403,0.5,1
FAIR-002703,RUN-007346,G3_junior,0,0.1846,0.0646,0.5,0
FAIR-002704,RUN-000748,G3_junior,1,0.4958,0.3758,0.5,0
FAIR-002705,RUN-003249,G1_senior,0,0.3704,0.4104,0.5,0
FAIR-002706,RUN-011324,G3_junior,0,0.2705,0.1505,0.5,0
FAIR-002707,RUN-003706,G0_unknown,1,0.6262,0.6262,0.5,0
FAIR-002708,RUN-004710,G0_unknown,0,0.2291,0.2291,0.5,0
FAIR-002709,RUN-009436,G3_junior,1,0.67,0.55,0.5,1
FAIR-002710,RUN-009082,G3_junior,1,0.6628,0.5428,0.5,1
FAIR-002711,RUN-007480,G3_junior,1,0.6925,0.5725,0.5,1
FAIR-002712,RUN-002429,G3_junior,0,0.3667,0.2467,0.5,0
FAIR-002713,RUN-002926,G3_junior,0,0.4823,0.3623,0.5,0
FAIR-002714,RUN-010275,G3_junior,0,0.12,0,0.5,0
FAIR-002715,RUN-004652,G3_junior,0,0.4276,0.3076,0.5,0
FAIR-002716,RUN-003846,G2_mid,0,0.2087,0.2087,0.5,0
FAIR-002717,RUN-000169,G1_senior,1,0.4468,0.4868,0.5,0
FAIR-002718,RUN-005562,G1_senior,0,0.1948,0.2348,0.5,0
FAIR-002719,RUN-002650,G3_junior,0,0.4037,0.2837,0.5,0
FAIR-002720,RUN-009128,G3_junior,1,0.7453,0.6253,0.5,1
FAIR-002721,RUN-003772,G3_junior,0,0.4751,0.3551,0.5,0
FAIR-002722,RUN-009495,G2_mid,0,0,0,0.5,0
FAIR-002723,RUN-009527,G1_senior,0,0.2483,0.2883,0.5,0
FAIR-002724,RUN-008821,G3_junior,1,0.9259,0.8059,0.5,1
FAIR-002725,RUN-011103,G1_senior,0,0.1472,0.1872,0.5,0
FAIR-002726,RUN-004981,G3_junior,1,0.5413,0.4213,0.5,0
FAIR-002727,RUN-003234,G3_junior,0,0.1465,0.0265,0.5,0
FAIR-002728,RUN-004269,G3_junior,1,0.7994,0.6794,0.5,1
FAIR-002729,RUN-001135,G2_mid,1,0.7542,0.7542,0.5,1
FAIR-002730,RUN-000269,G3_junior,0,0.1422,0.0222,0.5,0
FAIR-002731,RUN-003355,G2_mid,1,0.902,0.902,0.5,1
FAIR-002732,RUN-011180,G3_junior,0,0.3204,0.2004,0.5,0
FAIR-002733,RUN-005863,G3_junior,1,0.9067,0.7867,0.5,1
FAIR-002734,RUN-003287,G3_junior,0,0.2656,0.1456,0.5,0
FAIR-002735,RUN-001297,G3_junior,0,0.2713,0.1513,0.5,0
FAIR-002736,RUN-007978,G0_unknown,1,0.6638,0.6638,0.5,1
FAIR-002737,RUN-007428,G2_mid,0,0.1155,0.1155,0.5,0
FAIR-002738,RUN-007921,G3_junior,0,0.3583,0.2383,0.5,0
FAIR-002739,RUN-009220,G3_junior,0,0.4226,0.3026,0.5,0
FAIR-002740,RUN-000912,G1_senior,0,0.2903,0.3303,0.5,0
FAIR-002741,RUN-002629,G1_senior,0,0.0222,0.0622,0.5,0
FAIR-002742,RUN-003720,G2_mid,0,0.3336,0.3336,0.5,0
FAIR-002743,RUN-008381,G3_junior,1,0.7239,0.6039,0.5,1
FAIR-002744,RUN-008642,G3_junior,1,0.7052,0.5852,0.5,1
FAIR-002745,RUN-001267,G1_senior,0,0,0.0034,0.5,0
FAIR-002746,RUN-006515,G3_junior,1,0.7831,0.6631,0.5,1
FAIR-002747,RUN-000340,G2_mid,0,0.3049,0.3049,0.5,0
FAIR-002748,RUN-004359,G1_senior,0,0,0,0.5,0
FAIR-002749,RUN-004451,G3_junior,1,0.9118,0.7918,0.5,1
FAIR-002750,RUN-005760,G1_senior,0,0,0,0.5,0
FAIR-002751,RUN-000735,G3_junior,0,0.2563,0.1363,0.5,0
FAIR-002752,RUN-003118,G3_junior,0,0.1424,0.0224,0.5,0
FAIR-002753,RUN-011359,G1_senior,0,0.2633,0.3033,0.5,0
FAIR-002754,RUN-006053,G3_junior,1,0.9725,0.8525,0.5,1
FAIR-002755,RUN-009768,G3_junior,0,0.1629,0.0429,0.5,0
FAIR-002756,RUN-003570,G2_mid,0,0.1757,0.1757,0.5,0
FAIR-002757,RUN-007903,G3_junior,0,0.2611,0.1411,0.5,0
FAIR-002758,RUN-003467,G3_junior,0,0.4281,0.3081,0.5,0
FAIR-002759,RUN-010969,G3_junior,1,0.9396,0.8196,0.5,1
FAIR-002760,RUN-001735,G3_junior,1,0.5633,0.4433,0.5,0
FAIR-002761,RUN-006152,G2_mid,0,0.2156,0.2156,0.5,0
FAIR-002762,RUN-006259,G2_mid,0,0.0243,0.0243,0.5,0
FAIR-002763,RUN-007899,G3_junior,0,0.5317,0.4117,0.5,0
FAIR-002764,RUN-001776,G3_junior,1,0.7452,0.6252,0.5,1
FAIR-002765,RUN-002336,G1_senior,0,0.0747,0.1147,0.5,0
FAIR-002766,RUN-004371,G3_junior,1,0.671,0.551,0.5,1
FAIR-002767,RUN-011338,G3_junior,0,0.3373,0.2173,0.5,0
FAIR-002768,RUN-004726,G2_mid,0,0,0,0.5,0
FAIR-002769,RUN-002713,G3_junior,0,0.2094,0.0894,0.5,0
FAIR-002770,RUN-005937,G3_junior,0,0.1737,0.0537,0.5,0
FAIR-002771,RUN-008021,G3_junior,0,0.2442,0.1242,0.5,0
FAIR-002772,RUN-007338,G3_junior,1,0.7545,0.6345,0.5,1
FAIR-002773,RUN-004518,G2_mid,0,0.3652,0.3652,0.5,0
FAIR-002774,RUN-006861,G3_junior,1,0.8797,0.7597,0.5,1
FAIR-002775,RUN-010896,G2_mid,1,0.6571,0.6571,0.5,1
FAIR-002776,RUN-005873,G3_junior,1,0.7051,0.5851,0.5,1
FAIR-002777,RUN-005802,G3_junior,1,1,0.9217,0.5,1
FAIR-002778,RUN-008637,G1_senior,0,0.2006,0.2406,0.5,0
FAIR-002779,RUN-003442,G3_junior,0,0.3947,0.2747,0.5,0
FAIR-002780,RUN-001701,G3_junior,0,0.12,0,0.5,0
FAIR-002781,RUN-001960,G1_senior,0,0.1621,0.2021,0.5,0
FAIR-002782,RUN-001699,G1_senior,0,0,0,0.5,0
FAIR-002783,RUN-011002,G3_junior,0,0.12,0,0.5,0
FAIR-002784,RUN-001648,G3_junior,1,0.8233,0.7033,0.5,1
FAIR-002785,RUN-010738,G3_junior,0,0.3559,0.2359,0.5,0
FAIR-002786,RUN-010683,G1_senior,0,0.3069,0.3469,0.5,0
FAIR-002787,RUN-010271,G1_senior,0,0.0835,0.1235,0.5,0
FAIR-002788,RUN-006256,G3_junior,1,1,0.935,0.5,1
FAIR-002789,RUN-005223,G3_junior,1,0.6906,0.5706,0.5,1
FAIR-002790,RUN-009475,G3_junior,1,0.7555,0.6355,0.5,1
FAIR-002791,RUN-001497,G2_mid,1,0.5787,0.5787,0.5,0
FAIR-002792,RUN-006634,G2_mid,1,0.6117,0.6117,0.5,0
FAIR-002793,RUN-005262,G3_junior,1,0.746,0.626,0.5,1
FAIR-002794,RUN-009408,G1_senior,1,0.3006,0.3406,0.5,0
FAIR-002795,RUN-008940,G3_junior,0,0.4906,0.3706,0.5,0
FAIR-002796,RUN-007776,G3_junior,0,0.2704,0.1504,0.5,0
FAIR-002797,RUN-009237,G2_mid,0,0.0889,0.0889,0.5,0
FAIR-002798,RUN-007025,G3_junior,0,0.2829,0.1629,0.5,0
FAIR-002799,RUN-003456,G0_unknown,1,0.6049,0.6049,0.5,0
FAIR-002800,RUN-008548,G3_junior,0,0.1289,0.0089,0.5,0
FAIR-002801,RUN-010901,G3_junior,0,0.1552,0.0352,0.5,0
FAIR-002802,RUN-002885,G3_junior,0,0.359,0.239,0.5,0
FAIR-002803,RUN-005102,G3_junior,1,0.8731,0.7531,0.5,1
FAIR-002804,RUN-007448,G2_mid,1,0.8505,0.8505,0.5,1
FAIR-002805,RUN-003051,G2_mid,0,0.3137,0.3137,0.5,0
FAIR-002806,RUN-001160,G3_junior,0,0.3364,0.2164,0.5,0
FAIR-002807,RUN-001064,G3_junior,0,0.12,0,0.5,0
FAIR-002808,RUN-002581,G3_junior,0,0.2986,0.1786,0.5,0
FAIR-002809,RUN-008718,G3_junior,0,0.4975,0.3775,0.5,0
FAIR-002810,RUN-008811,G3_junior,0,0.4639,0.3439,0.5,0
FAIR-002811,RUN-010406,G3_junior,0,0.2283,0.1083,0.5,0
FAIR-002812,RUN-002258,G2_mid,1,0.5895,0.5895,0.5,0
FAIR-002813,RUN-002821,G3_junior,1,0.7644,0.6444,0.5,1
FAIR-002814,RUN-010235,G3_junior,0,0.5138,0.3938,0.5,0
FAIR-002815,RUN-002240,G2_mid,0,0.3437,0.3437,0.5,0
FAIR-002816,RUN-011318,G3_junior,0,0.1801,0.0601,0.5,0
FAIR-002817,RUN-010308,G1_senior,0,0.0215,0.0615,0.5,0
FAIR-002818,RUN-000933,G3_junior,1,0.8814,0.7614,0.5,1
FAIR-002819,RUN-008599,G3_junior,1,0.6606,0.5406,0.5,1
FAIR-002820,RUN-002690,G1_senior,0,0,0,0.5,0
FAIR-002821,RUN-011249,G3_junior,1,0.6897,0.5697,0.5,1
FAIR-002822,RUN-007686,G2_mid,1,0.6559,0.6559,0.5,1
FAIR-002823,RUN-001478,G3_junior,1,0.8846,0.7646,0.5,1
FAIR-002824,RUN-008655,G3_junior,0,0.12,0,0.5,0
FAIR-002825,RUN-009652,G3_junior,1,0.8613,0.7413,0.5,1
FAIR-002826,RUN-007621,G3_junior,0,0.2692,0.1492,0.5,0
FAIR-002827,RUN-000797,G3_junior,0,0.4177,0.2977,0.5,0
FAIR-002828,RUN-004204,G3_junior,1,0.8567,0.7367,0.5,1
FAIR-002829,RUN-004833,G2_mid,0,0.375,0.375,0.5,0
FAIR-002830,RUN-009162,G3_junior,0,0.402,0.282,0.5,0
FAIR-002831,RUN-008517,G1_senior,0,0.1319,0.1719,0.5,0
FAIR-002832,RUN-006492,G3_junior,0,0.1539,0.0339,0.5,0
FAIR-002833,RUN-006838,G3_junior,1,1,0.9405,0.5,1
FAIR-002834,RUN-005728,G1_senior,0,0.0168,0.0568,0.5,0
FAIR-002835,RUN-007392,G3_junior,0,0.2396,0.1196,0.5,0
FAIR-002836,RUN-002198,G3_junior,0,0.1791,0.0591,0.5,0
FAIR-002837,RUN-003691,G3_junior,0,0.3303,0.2103,0.5,0
FAIR-002838,RUN-005659,G2_mid,1,0.7201,0.7201,0.5,1
FAIR-002839,RUN-008336,G2_mid,0,0.1628,0.1628,0.5,0
FAIR-002840,RUN-009554,G1_senior,0,0.3064,0.3464,0.5,0
FAIR-002841,RUN-011382,G3_junior,1,0.8322,0.7122,0.5,1
FAIR-002842,RUN-004848,G1_senior,0,0.0846,0.1246,0.5,0
FAIR-002843,RUN-007541,G3_junior,0,0.3745,0.2545,0.5,0
FAIR-002844,RUN-000283,G3_junior,0,0.4261,0.3061,0.5,0
FAIR-002845,RUN-008838,G3_junior,0,0.2917,0.1717,0.5,0
FAIR-002846,RUN-010020,G3_junior,1,0.7557,0.6357,0.5,1
FAIR-002847,RUN-004082,G3_junior,0,0.3519,0.2319,0.5,0
FAIR-002848,RUN-005996,G1_senior,0,0.0492,0.0892,0.5,0
FAIR-002849,RUN-005625,G0_unknown,0,0.0859,0.0859,0.5,0
FAIR-002850,RUN-004773,G0_unknown,1,0.5712,0.5712,0.5,0
FAIR-002851,RUN-000180,G1_senior,0,0,0.0122,0.5,0
FAIR-002852,RUN-004625,G2_mid,0,0.186,0.186,0.5,0
FAIR-002853,RUN-002676,G1_senior,0,0.0401,0.0801,0.5,0
FAIR-002854,RUN-007196,G3_junior,1,0.7152,0.5952,0.5,1
FAIR-002855,RUN-004851,G3_junior,0,0.336,0.216,0.5,0
FAIR-002856,RUN-006109,G1_senior,1,0.4652,0.5052,0.5,0
FAIR-002857,RUN-008755,G3_junior,0,0.4345,0.3145,0.5,0
FAIR-002858,RUN-007754,G2_mid,0,0.0554,0.0554,0.5,0
FAIR-002859,RUN-001393,G3_junior,0,0.12,0,0.5,0
FAIR-002860,RUN-010380,G2_mid,0,0.1879,0.1879,0.5,0
FAIR-002861,RUN-002186,G0_unknown,1,0.8532,0.8532,0.5,1
FAIR-002862,RUN-006057,G3_junior,0,0.2554,0.1354,0.5,0
FAIR-002863,RUN-003443,G1_senior,0,0.1501,0.1901,0.5,0
FAIR-002864,RUN-011164,G2_mid,0,0.3431,0.3431,0.5,0
FAIR-002865,RUN-002549,G3_junior,1,0.676,0.556,0.5,1
FAIR-002866,RUN-006656,G3_junior,0,0.3296,0.2096,0.5,0
FAIR-002867,RUN-000728,G3_junior,0,0.262,0.142,0.5,0
FAIR-002868,RUN-003338,G3_junior,0,0.4516,0.3316,0.5,0
FAIR-002869,RUN-006205,G3_junior,1,0.6069,0.4869,0.5,0
FAIR-002870,RUN-008297,G3_junior,1,0.7968,0.6768,0.5,1
FAIR-002871,RUN-003369,G2_mid,0,0.0321,0.0321,0.5,0
FAIR-002872,RUN-008942,G3_junior,0,0.1278,0.0078,0.5,0
FAIR-002873,RUN-008242,G2_mid,1,0.6656,0.6656,0.5,1
FAIR-002874,RUN-008160,G3_junior,0,0.1886,0.0686,0.5,0
FAIR-002875,RUN-006959,G1_senior,0,0.299,0.339,0.5,0
FAIR-002876,RUN-002727,G2_mid,1,0.8466,0.8466,0.5,1
FAIR-002877,RUN-007862,G3_junior,0,0.1335,0.0135,0.5,0
FAIR-002878,RUN-005014,G3_junior,0,0.334,0.214,0.5,0
FAIR-002879,RUN-004506,G2_mid,1,0.6367,0.6367,0.5,0
FAIR-002880,RUN-003986,G3_junior,0,0.4334,0.3134,0.5,0
FAIR-002881,RUN-002720,G1_senior,0,0.0327,0.0727,0.5,0
FAIR-002882,RUN-000368,G2_mid,0,0.4304,0.4304,0.5,0
FAIR-002883,RUN-008901,G2_mid,0,0.1921,0.1921,0.5,0
FAIR-002884,RUN-002085,G2_mid,0,0.3441,0.3441,0.5,0
FAIR-002885,RUN-003161,G3_junior,0,0.1651,0.0451,0.5,0
FAIR-002886,RUN-008978,G3_junior,0,0.1784,0.0584,0.5,0
FAIR-002887,RUN-008639,G1_senior,0,0,0,0.5,0
FAIR-002888,RUN-004407,G3_junior,0,0.3781,0.2581,0.5,0
FAIR-002889,RUN-007523,G3_junior,0,0.3318,0.2118,0.5,0
FAIR-002890,RUN-005051,G3_junior,0,0.2296,0.1096,0.5,0
FAIR-002891,RUN-009511,G2_mid,0,0.036,0.036,0.5,0
FAIR-002892,RUN-001349,G1_senior,1,0.6454,0.6854,0.5,0
FAIR-002893,RUN-001846,G3_junior,0,0.5765,0.4565,0.5,0
FAIR-002894,RUN-007930,G3_junior,0,0.2796,0.1596,0.5,0
FAIR-002895,RUN-006649,G3_junior,0,0.4122,0.2922,0.5,0
FAIR-002896,RUN-000223,G3_junior,1,0.7201,0.6001,0.5,1
FAIR-002897,RUN-000312,G3_junior,0,0.4281,0.3081,0.5,0
FAIR-002898,RUN-001417,G2_mid,1,0.6658,0.6658,0.5,1
FAIR-002899,RUN-008797,G3_junior,0,0.256,0.136,0.5,0
FAIR-002900,RUN-011038,G3_junior,0,0.3739,0.2539,0.5,0
FAIR-002901,RUN-001369,G2_mid,0,0.3329,0.3329,0.5,0
FAIR-002902,RUN-006532,G3_junior,0,0.4641,0.3441,0.5,0
FAIR-002903,RUN-010523,G1_senior,0,0.2874,0.3274,0.5,0
FAIR-002904,RUN-007646,G2_mid,0,0.1972,0.1972,0.5,0
FAIR-002905,RUN-002541,G3_junior,0,0.295,0.175,0.5,0
FAIR-002906,RUN-005925,G3_junior,0,0.3031,0.1831,0.5,0
FAIR-002907,RUN-007000,G3_junior,0,0.4769,0.3569,0.5,0
FAIR-002908,RUN-010121,G3_junior,0,0.2822,0.1622,0.5,0
FAIR-002909,RUN-003314,G3_junior,0,0.4396,0.3196,0.5,0
FAIR-002910,RUN-004358,G3_junior,0,0.2911,0.1711,0.5,0
FAIR-002911,RUN-007730,G3_junior,0,0.4867,0.3667,0.5,0
FAIR-002912,RUN-006561,G2_mid,1,0.5708,0.5708,0.5,0
FAIR-002913,RUN-008960,G2_mid,1,0.9135,0.9135,0.5,1
FAIR-002914,RUN-005045,G2_mid,0,0.2644,0.2644,0.5,0
FAIR-002915,RUN-000156,G3_junior,0,0.12,0,0.5,0
FAIR-002916,RUN-000868,G3_junior,0,0.5068,0.3868,0.5,0
FAIR-002917,RUN-001809,G3_junior,0,0.6124,0.4924,0.5,0
FAIR-002918,RUN-008330,G1_senior,1,0.7824,0.8224,0.5,1
FAIR-002919,RUN-003550,G3_junior,1,0.5711,0.4511,0.5,0
FAIR-002920,RUN-006893,G1_senior,0,0.1247,0.1647,0.5,0
FAIR-002921,RUN-004795,G1_senior,0,0.0747,0.1147,0.5,0
FAIR-002922,RUN-009027,G2_mid,1,0.5088,0.5088,0.5,0
FAIR-002923,RUN-006973,G3_junior,0,0.4096,0.2896,0.5,0
FAIR-002924,RUN-005985,G1_senior,1,0.5079,0.5479,0.5,0
FAIR-002925,RUN-005443,G3_junior,1,0.7767,0.6567,0.5,1
FAIR-002926,RUN-008109,G0_unknown,1,0.8712,0.8712,0.5,1
FAIR-002927,RUN-008871,G2_mid,0,0.3806,0.3806,0.5,0
FAIR-002928,RUN-005797,G3_junior,0,0.4187,0.2987,0.5,0
FAIR-002929,RUN-010585,G3_junior,0,0.3972,0.2772,0.5,0
FAIR-002930,RUN-002135,G3_junior,0,0.12,0,0.5,0
FAIR-002931,RUN-004247,G3_junior,0,0.3673,0.2473,0.5,0
FAIR-002932,RUN-005455,G3_junior,1,0.8268,0.7068,0.5,1
FAIR-002933,RUN-006991,G3_junior,1,0.9641,0.8441,0.5,1
FAIR-002934,RUN-009342,G2_mid,0,0.0722,0.0722,0.5,0
FAIR-002935,RUN-008310,G3_junior,0,0.5386,0.4186,0.5,0
FAIR-002936,RUN-003574,G2_mid,0,0.1371,0.1371,0.5,0
FAIR-002937,RUN-002410,G2_mid,0,0.126,0.126,0.5,0
FAIR-002938,RUN-008144,G1_senior,0,0.174,0.214,0.5,0
FAIR-002939,RUN-004104,G1_senior,0,0.1818,0.2218,0.5,0
FAIR-002940,RUN-005739,G3_junior,0,0.2216,0.1016,0.5,0
FAIR-002941,RUN-006987,G2_mid,0,0.1783,0.1783,0.5,0
FAIR-002942,RUN-002826,G2_mid,0,0.2251,0.2251,0.5,0
FAIR-002943,RUN-005152,G2_mid,0,0.1767,0.1767,0.5,0
FAIR-002944,RUN-005237,G3_junior,0,0.1316,0.0116,0.5,0
FAIR-002945,RUN-006084,G3_junior,0,0.2758,0.1558,0.5,0
FAIR-002946,RUN-006971,G3_junior,1,0.8741,0.7541,0.5,1
FAIR-002947,RUN-006029,G1_senior,0,0,0.0119,0.5,0
FAIR-002948,RUN-002670,G2_mid,0,0.4376,0.4376,0.5,0
FAIR-002949,RUN-002466,G3_junior,0,0.5754,0.4554,0.5,0
FAIR-002950,RUN-010441,G3_junior,0,0.3432,0.2232,0.5,0
FAIR-002951,RUN-006158,G2_mid,0,0.1939,0.1939,0.5,0
FAIR-002952,RUN-010178,G1_senior,0,0.2242,0.2642,0.5,0
FAIR-002953,RUN-010505,G2_mid,1,0.5736,0.5736,0.5,0
FAIR-002954,RUN-010414,G2_mid,1,0.4401,0.4401,0.5,0
FAIR-002955,RUN-007685,G1_senior,0,0,0,0.5,0
FAIR-002956,RUN-003578,G2_mid,0,0.0532,0.0532,0.5,0
FAIR-002957,RUN-009543,G2_mid,1,0.7902,0.7902,0.5,1
FAIR-002958,RUN-005970,G3_junior,0,0.1802,0.0602,0.5,0
FAIR-002959,RUN-010108,G3_junior,0,0.2493,0.1293,0.5,0
FAIR-002960,RUN-009812,G3_junior,1,0.7652,0.6452,0.5,1
FAIR-002961,RUN-006573,G2_mid,0,0.1642,0.1642,0.5,0
FAIR-002962,RUN-007634,G2_mid,0,0.0257,0.0257,0.5,0
FAIR-002963,RUN-002076,G1_senior,0,0.2129,0.2529,0.5,0
FAIR-002964,RUN-000816,G2_mid,0,0.0365,0.0365,0.5,0
FAIR-002965,RUN-006393,G1_senior,0,0,0,0.5,0
FAIR-002966,RUN-001408,G3_junior,0,0.12,0,0.5,0
FAIR-002967,RUN-000455,G1_senior,1,0.7644,0.8044,0.5,1
FAIR-002968,RUN-008779,G3_junior,1,0.8321,0.7121,0.5,1
FAIR-002969,RUN-008345,G3_junior,1,0.8245,0.7045,0.5,1
FAIR-002970,RUN-007122,G3_junior,0,0.2906,0.1706,0.5,0
FAIR-002971,RUN-004251,G0_unknown,0,0.1596,0.1596,0.5,0
FAIR-002972,RUN-003667,G3_junior,0,0.4203,0.3003,0.5,0
FAIR-002973,RUN-010264,G2_mid,1,0.7763,0.7763,0.5,1
FAIR-002974,RUN-006373,G3_junior,1,0.9737,0.8537,0.5,1
FAIR-002975,RUN-009731,G2_mid,0,0.0828,0.0828,0.5,0
FAIR-002976,RUN-005059,G2_mid,0,0.2068,0.2068,0.5,0
FAIR-002977,RUN-006347,G2_mid,1,0.7172,0.7172,0.5,1
FAIR-002978,RUN-002866,G3_junior,0,0.3754,0.2554,0.5,0
FAIR-002979,RUN-011013,G3_junior,0,0.134,0.014,0.5,0
FAIR-002980,RUN-010192,G1_senior,0,0.3198,0.3598,0.5,0
FAIR-002981,RUN-003899,G3_junior,0,0.2395,0.1195,0.5,0
FAIR-002982,RUN-011377,G2_mid,0,0.2061,0.2061,0.5,0
FAIR-002983,RUN-010016,G3_junior,0,0.4426,0.3226,0.5,0
FAIR-002984,RUN-001611,G3_junior,0,0.12,0,0.5,0
FAIR-002985,RUN-001581,G3_junior,0,0.2492,0.1292,0.5,0
FAIR-002986,RUN-006689,G3_junior,1,0.6062,0.4862,0.5,0
FAIR-002987,RUN-010364,G2_mid,0,0.2294,0.2294,0.5,0
FAIR-002988,RUN-002356,G2_mid,0,0.3009,0.3009,0.5,0
FAIR-002989,RUN-005939,G3_junior,0,0.1954,0.0754,0.5,0
FAIR-002990,RUN-003264,G0_unknown,1,0.6928,0.6928,0.5,1
FAIR-002991,RUN-001593,G3_junior,0,0.2053,0.0853,0.5,0
FAIR-002992,RUN-003321,G1_senior,0,0.1468,0.1868,0.5,0
FAIR-002993,RUN-001125,G3_junior,1,0.6234,0.5034,0.5,0
FAIR-002994,RUN-006459,G3_junior,1,0.759,0.639,0.5,1
FAIR-002995,RUN-007613,G2_mid,0,0,0,0.5,0
FAIR-002996,RUN-010873,G3_junior,0,0.2155,0.0955,0.5,0
FAIR-002997,RUN-009632,G3_junior,1,0.5414,0.4214,0.5,0
FAIR-002998,RUN-007812,G2_mid,0,0.0923,0.0923,0.5,0
FAIR-002999,RUN-001301,G3_junior,0,0.3205,0.2005,0.5,0
FAIR-003000,RUN-000636,G3_junior,0,0.12,0,0.5,0
FAIR-003001,RUN-000032,G3_junior,0,0.306,0.186,0.5,0
FAIR-003002,RUN-006510,G3_junior,0,0.2507,0.1307,0.5,0
FAIR-003003,RUN-000280,G2_mid,0,0.0412,0.0412,0.5,0
FAIR-003004,RUN-000828,G3_junior,1,0.695,0.575,0.5,1
FAIR-003005,RUN-007381,G3_junior,1,0.7118,0.5918,0.5,1
FAIR-003006,RUN-007017,G0_unknown,0,0.2214,0.2214,0.5,0
FAIR-003007,RUN-002149,G3_junior,0,0.617,0.497,0.5,0
FAIR-003008,RUN-007597,G3_junior,0,0.4051,0.2851,0.5,0
FAIR-003009,RUN-009974,G0_unknown,1,0.737,0.737,0.5,1
FAIR-003010,RUN-006234,G3_junior,1,0.8411,0.7211,0.5,1
FAIR-003011,RUN-006853,G3_junior,1,0.7732,0.6532,0.5,1
FAIR-003012,RUN-006101,G3_junior,0,0.5233,0.4033,0.5,0
FAIR-003013,RUN-004802,G3_junior,0,0.4559,0.3359,0.5,0
FAIR-003014,RUN-004895,G3_junior,1,0.4149,0.2949,0.5,0
FAIR-003015,RUN-009183,G3_junior,0,0.12,0,0.5,0
FAIR-003016,RUN-002532,G1_senior,0,0.0531,0.0931,0.5,0
FAIR-003017,RUN-007028,G3_junior,0,0.2127,0.0927,0.5,0
FAIR-003018,RUN-002523,G3_junior,0,0.5102,0.3902,0.5,0
FAIR-003019,RUN-010442,G3_junior,0,0.312,0.192,0.5,0
FAIR-003020,RUN-009150,G3_junior,0,0.3186,0.1986,0.5,0
FAIR-003021,RUN-001819,G3_junior,1,0.656,0.536,0.5,1
FAIR-003022,RUN-002454,G3_junior,1,1,0.894,0.5,1
FAIR-003023,RUN-010710,G3_junior,0,0.2512,0.1312,0.5,0
FAIR-003024,RUN-010923,G2_mid,1,0.7193,0.7193,0.5,1
FAIR-003025,RUN-009213,G2_mid,1,0.7931,0.7931,0.5,1
FAIR-003026,RUN-006556,G1_senior,0,0.0682,0.1082,0.5,0
FAIR-003027,RUN-003417,G3_junior,0,0.12,0,0.5,0
FAIR-003028,RUN-007411,G3_junior,1,0.5772,0.4572,0.5,0
FAIR-003029,RUN-009914,G3_junior,1,1,0.9719,0.5,1
FAIR-003030,RUN-003683,G3_junior,1,0.7168,0.5968,0.5,1
FAIR-003031,RUN-001709,G3_junior,1,0.7098,0.5898,0.5,1
FAIR-003032,RUN-001059,G1_senior,1,0.6376,0.6776,0.5,0
FAIR-003033,RUN-000067,G3_junior,1,0.808,0.688,0.5,1
FAIR-003034,RUN-000545,G3_junior,1,0.757,0.637,0.5,1
FAIR-003035,RUN-001253,G3_junior,1,0.8425,0.7225,0.5,1
FAIR-003036,RUN-004252,G1_senior,0,0.2015,0.2415,0.5,0
FAIR-003037,RUN-007931,G3_junior,0,0.3628,0.2428,0.5,0
FAIR-003038,RUN-005780,G3_junior,0,0.1825,0.0625,0.5,0
FAIR-003039,RUN-010798,G3_junior,1,0.5648,0.4448,0.5,0
FAIR-003040,RUN-009976,G1_senior,0,0,0,0.5,0
FAIR-003041,RUN-006607,G3_junior,0,0.3544,0.2344,0.5,0
FAIR-003042,RUN-008546,G2_mid,1,0.5358,0.5358,0.5,0
FAIR-003043,RUN-000435,G3_junior,1,0.66,0.54,0.5,1
FAIR-003044,RUN-010856,G3_junior,1,0.6301,0.5101,0.5,0
FAIR-003045,RUN-008456,G3_junior,0,0.3785,0.2585,0.5,0
FAIR-003046,RUN-006667,G3_junior,0,0.12,0,0.5,0
FAIR-003047,RUN-007501,G3_junior,1,1,0.9361,0.5,1
FAIR-003048,RUN-002202,G3_junior,0,0.2365,0.1165,0.5,0
FAIR-003049,RUN-009399,G3_junior,0,0.12,0,0.5,0
FAIR-003050,RUN-000158,G3_junior,0,0.3265,0.2065,0.5,0
FAIR-003051,RUN-005551,G3_junior,0,0.12,0,0.5,0
FAIR-003052,RUN-003997,G2_mid,0,0.2296,0.2296,0.5,0
FAIR-003053,RUN-002442,G3_junior,0,0.3714,0.2514,0.5,0
FAIR-003054,RUN-006873,G1_senior,0,0.1165,0.1565,0.5,0
FAIR-003055,RUN-009586,G2_mid,0,0.2723,0.2723,0.5,0
FAIR-003056,RUN-004264,G3_junior,0,0.3478,0.2278,0.5,0
FAIR-003057,RUN-002788,G1_senior,0,0.2256,0.2656,0.5,0
FAIR-003058,RUN-009424,G3_junior,0,0.3467,0.2267,0.5,0
FAIR-003059,RUN-001882,G3_junior,1,0.8522,0.7322,0.5,1
FAIR-003060,RUN-009887,G2_mid,0,0,0,0.5,0
FAIR-003061,RUN-001615,G0_unknown,0,0.1216,0.1216,0.5,0
FAIR-003062,RUN-008917,G1_senior,0,0.3931,0.4331,0.5,0
FAIR-003063,RUN-008835,G3_junior,1,0.79,0.67,0.5,1
FAIR-003064,RUN-007299,G3_junior,1,0.7243,0.6043,0.5,1
FAIR-003065,RUN-005365,G2_mid,0,0.0055,0.0055,0.5,0
FAIR-003066,RUN-001400,G2_mid,0,0,0,0.5,0
FAIR-003067,RUN-006617,G3_junior,1,0.7959,0.6759,0.5,1
FAIR-003068,RUN-009738,G1_senior,0,0.1622,0.2022,0.5,0
FAIR-003069,RUN-001161,G3_junior,1,0.7104,0.5904,0.5,1
FAIR-003070,RUN-000820,G3_junior,1,0.6962,0.5762,0.5,1
FAIR-003071,RUN-002889,G3_junior,1,1,0.91,0.5,1
FAIR-003072,RUN-001650,G1_senior,1,0.6508,0.6908,0.5,1
FAIR-003073,RUN-001848,G1_senior,0,0,0,0.5,0
FAIR-003074,RUN-003045,G2_mid,1,0.8462,0.8462,0.5,1
FAIR-003075,RUN-003435,G3_junior,0,0.4872,0.3672,0.5,0
FAIR-003076,RUN-002412,G3_junior,0,0.4836,0.3636,0.5,0
FAIR-003077,RUN-006841,G3_junior,1,0.6638,0.5438,0.5,1
FAIR-003078,RUN-003209,G3_junior,1,0.564,0.444,0.5,0
FAIR-003079,RUN-000606,G3_junior,1,0.9017,0.7817,0.5,1
FAIR-003080,RUN-000470,G2_mid,0,0.1858,0.1858,0.5,0
FAIR-003081,RUN-001379,G3_junior,0,0.3235,0.2035,0.5,0
FAIR-003082,RUN-007869,G1_senior,0,0,0,0.5,0
FAIR-003083,RUN-005946,G1_senior,0,0.1537,0.1937,0.5,0
FAIR-003084,RUN-004461,G3_junior,0,0.382,0.262,0.5,0
FAIR-003085,RUN-001526,G2_mid,1,0.3256,0.3256,0.5,0
FAIR-003086,RUN-011176,G3_junior,0,0.4066,0.2866,0.5,0
FAIR-003087,RUN-005094,G1_senior,0,0.0465,0.0865,0.5,0
FAIR-003088,RUN-001259,G3_junior,0,0.1316,0.0116,0.5,0
FAIR-003089,RUN-002126,G1_senior,0,0.3647,0.4047,0.5,0
FAIR-003090,RUN-003531,G1_senior,1,0.5489,0.5889,0.5,0
FAIR-003091,RUN-008227,G3_junior,1,0.781,0.661,0.5,1
FAIR-003092,RUN-009991,G3_junior,0,0.2438,0.1238,0.5,0
FAIR-003093,RUN-002025,G3_junior,1,1,0.8934,0.5,1
FAIR-003094,RUN-000935,G2_mid,0,0.1446,0.1446,0.5,0
FAIR-003095,RUN-010422,G3_junior,0,0.3627,0.2427,0.5,0
FAIR-003096,RUN-010244,G3_junior,1,0.6949,0.5749,0.5,1
FAIR-003097,RUN-004087,G3_junior,1,0.6208,0.5008,0.5,0
FAIR-003098,RUN-003036,G3_junior,1,0.8566,0.7366,0.5,1
FAIR-003099,RUN-001390,G3_junior,1,0.7766,0.6566,0.5,1
FAIR-003100,RUN-004075,G3_junior,1,0.7747,0.6547,0.5,1
FAIR-003101,RUN-001025,G3_junior,1,0.8833,0.7633,0.5,1
FAIR-003102,RUN-001087,G3_junior,1,0.8447,0.7247,0.5,1
FAIR-003103,RUN-005408,G3_junior,0,0.2552,0.1352,0.5,0
FAIR-003104,RUN-001054,G2_mid,0,0.069,0.069,0.5,0
FAIR-003105,RUN-004469,G3_junior,1,0.611,0.491,0.5,0
FAIR-003106,RUN-003459,G1_senior,1,0.5426,0.5826,0.5,0
FAIR-003107,RUN-011139,G2_mid,0,0,0,0.5,0
FAIR-003108,RUN-006723,G1_senior,1,0.6887,0.7287,0.5,1
FAIR-003109,RUN-008742,G1_senior,0,0,0,0.5,0
FAIR-003110,RUN-005468,G1_senior,0,0.2233,0.2633,0.5,0
FAIR-003111,RUN-007414,G3_junior,0,0.1331,0.0131,0.5,0
FAIR-003112,RUN-004039,G3_junior,0,0.3419,0.2219,0.5,0
FAIR-003113,RUN-007395,G1_senior,0,0.1046,0.1446,0.5,0
FAIR-003114,RUN-006435,G1_senior,1,0.6081,0.6481,0.5,0
FAIR-003115,RUN-000961,G3_junior,1,0.6827,0.5627,0.5,1
FAIR-003116,RUN-008434,G2_mid,1,0.8362,0.8362,0.5,1
FAIR-003117,RUN-008752,G3_junior,1,1,1,0.5,1
FAIR-003118,RUN-006641,G2_mid,1,0.7002,0.7002,0.5,1
FAIR-003119,RUN-006549,G3_junior,0,0.3593,0.2393,0.5,0
FAIR-003120,RUN-007140,G0_unknown,1,0.6755,0.6755,0.5,1
FAIR-003121,RUN-005681,G3_junior,0,0.3409,0.2209,0.5,0
FAIR-003122,RUN-007450,G3_junior,0,0.3566,0.2366,0.5,0
FAIR-003123,RUN-007334,G3_junior,1,0.6815,0.5615,0.5,1
FAIR-003124,RUN-001921,G1_senior,0,0.1147,0.1547,0.5,0
FAIR-003125,RUN-006622,G2_mid,0,0.1452,0.1452,0.5,0
FAIR-003126,RUN-008462,G2_mid,0,0.0385,0.0385,0.5,0
FAIR-003127,RUN-011138,G3_junior,0,0.3165,0.1965,0.5,0
FAIR-003128,RUN-002648,G3_junior,1,0.91,0.79,0.5,1
FAIR-003129,RUN-006678,G3_junior,0,0.3041,0.1841,0.5,0
FAIR-003130,RUN-009324,G3_junior,1,0.8376,0.7176,0.5,1
FAIR-003131,RUN-000052,G1_senior,0,0.13,0.17,0.5,0
FAIR-003132,RUN-009011,G2_mid,0,0.3111,0.3111,0.5,0
FAIR-003133,RUN-006378,G1_senior,0,0.0332,0.0732,0.5,0
FAIR-003134,RUN-009772,G3_junior,0,0.271,0.151,0.5,0
FAIR-003135,RUN-000769,G3_junior,1,0.7399,0.6199,0.5,1
FAIR-003136,RUN-007569,G1_senior,0,0,0.0199,0.5,0
FAIR-003137,RUN-001653,G3_junior,1,0.7979,0.6779,0.5,1
FAIR-003138,RUN-005507,G2_mid,0,0.1742,0.1742,0.5,0
FAIR-003139,RUN-006575,G2_mid,0,0.1852,0.1852,0.5,0
FAIR-003140,RUN-005311,G3_junior,1,0.5425,0.4225,0.5,0
FAIR-003141,RUN-001391,G3_junior,0,0.3222,0.2022,0.5,0
FAIR-003142,RUN-000706,G3_junior,1,0.6622,0.5422,0.5,1
FAIR-003143,RUN-001321,G2_mid,1,0.5566,0.5566,0.5,0
FAIR-003144,RUN-008887,G3_junior,0,0.2182,0.0982,0.5,0
FAIR-003145,RUN-002293,G2_mid,1,0.4713,0.4713,0.5,0
FAIR-003146,RUN-006082,G3_junior,1,0.5597,0.4397,0.5,0
FAIR-003147,RUN-005116,G3_junior,1,0.6608,0.5408,0.5,1
FAIR-003148,RUN-003886,G3_junior,1,1,0.8872,0.5,1
FAIR-003149,RUN-003379,G3_junior,0,0.363,0.243,0.5,0
FAIR-003150,RUN-001553,G0_unknown,0,0.4318,0.4318,0.5,0
FAIR-003151,RUN-010348,G3_junior,0,0.2964,0.1764,0.5,0
FAIR-003152,RUN-003137,G3_junior,1,0.8117,0.6917,0.5,1
FAIR-003153,RUN-007079,G3_junior,0,0.4434,0.3234,0.5,0
FAIR-003154,RUN-009380,G3_junior,1,0.9631,0.8431,0.5,1
FAIR-003155,RUN-006855,G2_mid,0,0.3666,0.3666,0.5,0
FAIR-003156,RUN-000013,G3_junior,1,0.6856,0.5656,0.5,1
FAIR-003157,RUN-011105,G3_junior,1,0.9971,0.8771,0.5,1
FAIR-003158,RUN-006847,G1_senior,0,0.077,0.117,0.5,0
FAIR-003159,RUN-008536,G3_junior,0,0.12,0,0.5,0
FAIR-003160,RUN-004335,G3_junior,0,0.5359,0.4159,0.5,0
FAIR-003161,RUN-005864,G3_junior,1,0.8406,0.7206,0.5,1
FAIR-003162,RUN-003522,G2_mid,1,0.852,0.852,0.5,1
FAIR-003163,RUN-004819,G3_junior,1,0.9131,0.7931,0.5,1
FAIR-003164,RUN-003188,G3_junior,0,0.2511,0.1311,0.5,0
FAIR-003165,RUN-010183,G2_mid,1,0.5963,0.5963,0.5,0
FAIR-003166,RUN-008058,G3_junior,1,0.7572,0.6372,0.5,1
FAIR-003167,RUN-002233,G3_junior,1,0.7623,0.6423,0.5,1
FAIR-003168,RUN-003873,G3_junior,0,0.224,0.104,0.5,0
FAIR-003169,RUN-002615,G2_mid,1,0.8604,0.8604,0.5,1
FAIR-003170,RUN-002924,G3_junior,1,0.761,0.641,0.5,1
FAIR-003171,RUN-003898,G3_junior,0,0.3238,0.2038,0.5,0
FAIR-003172,RUN-005971,G3_junior,0,0.4676,0.3476,0.5,0
FAIR-003173,RUN-009746,G3_junior,1,0.86,0.74,0.5,1
FAIR-003174,RUN-003313,G1_senior,0,0.1661,0.2061,0.5,0
FAIR-003175,RUN-007528,G2_mid,1,0.8282,0.8282,0.5,1
FAIR-003176,RUN-005868,G1_senior,0,0.0463,0.0863,0.5,0
FAIR-003177,RUN-005020,G2_mid,0,0.2241,0.2241,0.5,0
FAIR-003178,RUN-010698,G3_junior,0,0.12,0,0.5,0
FAIR-003179,RUN-007795,G2_mid,1,0.6904,0.6904,0.5,1
FAIR-003180,RUN-006337,G3_junior,0,0.4189,0.2989,0.5,0
FAIR-003181,RUN-004903,G1_senior,1,0.5847,0.6247,0.5,0
FAIR-003182,RUN-008384,G3_junior,1,0.6856,0.5656,0.5,1
FAIR-003183,RUN-006122,G3_junior,0,0.1886,0.0686,0.5,0
FAIR-003184,RUN-000365,G1_senior,0,0.3339,0.3739,0.5,0
FAIR-003185,RUN-000106,G2_mid,0,0.1381,0.1381,0.5,0
FAIR-003186,RUN-005018,G3_junior,0,0.2026,0.0826,0.5,0
FAIR-003187,RUN-001430,G3_junior,1,0.6107,0.4907,0.5,0
FAIR-003188,RUN-002295,G2_mid,0,0.1011,0.1011,0.5,0
FAIR-003189,RUN-004612,G3_junior,1,1,0.9167,0.5,1
FAIR-003190,RUN-009552,G3_junior,1,0.7133,0.5933,0.5,1
FAIR-003191,RUN-006616,G1_senior,0,0,0,0.5,0
FAIR-003192,RUN-001371,G3_junior,1,0.7516,0.6316,0.5,1
FAIR-003193,RUN-005399,G3_junior,0,0.133,0.013,0.5,0
FAIR-003194,RUN-003623,G2_mid,0,0.2502,0.2502,0.5,0
FAIR-003195,RUN-004083,G3_junior,0,0.3546,0.2346,0.5,0
FAIR-003196,RUN-002130,G3_junior,0,0.4645,0.3445,0.5,0
FAIR-003197,RUN-005994,G2_mid,0,0.3628,0.3628,0.5,0
FAIR-003198,RUN-001564,G1_senior,1,0.6868,0.7268,0.5,1
FAIR-003199,RUN-005748,G3_junior,1,0.8901,0.7701,0.5,1
FAIR-003200,RUN-008355,G3_junior,1,0.7213,0.6013,0.5,1
FAIR-003201,RUN-010114,G2_mid,1,0.6711,0.6711,0.5,1
FAIR-003202,RUN-002006,G3_junior,0,0.1218,0.0018,0.5,0
FAIR-003203,RUN-000512,G2_mid,0,0.0912,0.0912,0.5,0
FAIR-003204,RUN-006087,G0_unknown,0,0.1782,0.1782,0.5,0
FAIR-003205,RUN-008800,G3_junior,0,0.2438,0.1238,0.5,0
FAIR-003206,RUN-001405,G2_mid,0,0.0435,0.0435,0.5,0
FAIR-003207,RUN-004992,G3_junior,0,0.1649,0.0449,0.5,0
FAIR-003208,RUN-010589,G2_mid,0,0.2342,0.2342,0.5,0
FAIR-003209,RUN-001973,G3_junior,0,0.12,0,0.5,0
FAIR-003210,RUN-006633,G3_junior,1,0.8543,0.7343,0.5,1
FAIR-003211,RUN-006747,G1_senior,1,0.71,0.75,0.5,1
FAIR-003212,RUN-006595,G3_junior,1,0.9085,0.7885,0.5,1
FAIR-003213,RUN-005685,G2_mid,1,0.5174,0.5174,0.5,0
FAIR-003214,RUN-006806,G3_junior,0,0.2298,0.1098,0.5,0
FAIR-003215,RUN-007102,G3_junior,0,0.12,0,0.5,0
FAIR-003216,RUN-000071,G2_mid,0,0.1507,0.1507,0.5,0
FAIR-003217,RUN-002789,G3_junior,0,0.4552,0.3352,0.5,0
FAIR-003218,RUN-003083,G3_junior,1,0.7458,0.6258,0.5,1
FAIR-003219,RUN-001234,G3_junior,0,0.5747,0.4547,0.5,0
FAIR-003220,RUN-007105,G2_mid,0,0.1913,0.1913,0.5,0
FAIR-003221,RUN-008847,G3_junior,1,0.832,0.712,0.5,1
FAIR-003222,RUN-006957,G3_junior,0,0.2907,0.1707,0.5,0
FAIR-003223,RUN-007813,G3_junior,1,0.7504,0.6304,0.5,1
FAIR-003224,RUN-004374,G3_junior,1,0.831,0.711,0.5,1
FAIR-003225,RUN-000774,G2_mid,1,0.6776,0.6776,0.5,1
FAIR-003226,RUN-003079,G3_junior,0,0.3065,0.1865,0.5,0
FAIR-003227,RUN-001938,G1_senior,0,0.2454,0.2854,0.5,0
FAIR-003228,RUN-003791,G3_junior,0,0.2176,0.0976,0.5,0
FAIR-003229,RUN-004387,G3_junior,1,0.8666,0.7466,0.5,1
FAIR-003230,RUN-010961,G1_senior,0,0.0203,0.0603,0.5,0
FAIR-003231,RUN-008510,G3_junior,1,0.9756,0.8556,0.5,1
FAIR-003232,RUN-008254,G3_junior,0,0.6723,0.5523,0.5,1
FAIR-003233,RUN-009170,G3_junior,1,0.6673,0.5473,0.5,1
FAIR-003234,RUN-009547,G3_junior,1,0.9161,0.7961,0.5,1
FAIR-003235,RUN-011294,G3_junior,0,0.3746,0.2546,0.5,0
FAIR-003236,RUN-006318,G3_junior,0,0.3139,0.1939,0.5,0
FAIR-003237,RUN-007906,G3_junior,1,0.7072,0.5872,0.5,1
FAIR-003238,RUN-008404,G3_junior,0,0.12,0,0.5,0
FAIR-003239,RUN-010460,G3_junior,0,0.4232,0.3032,0.5,0
FAIR-003240,RUN-009603,G2_mid,0,0.2732,0.2732,0.5,0
FAIR-003241,RUN-003617,G2_mid,0,0.0636,0.0636,0.5,0
FAIR-003242,RUN-001352,G3_junior,1,1,0.9183,0.5,1
FAIR-003243,RUN-009134,G3_junior,1,0.9762,0.8562,0.5,1
FAIR-003244,RUN-009687,G3_junior,1,0.8483,0.7283,0.5,1
FAIR-003245,RUN-007270,G3_junior,1,0.8907,0.7707,0.5,1
FAIR-003246,RUN-009577,G2_mid,1,0.4953,0.4953,0.5,0
FAIR-003247,RUN-000551,G3_junior,1,0.7366,0.6166,0.5,1
FAIR-003248,RUN-003874,G1_senior,0,0.0978,0.1378,0.5,0
FAIR-003249,RUN-005663,G3_junior,1,0.9104,0.7904,0.5,1
FAIR-003250,RUN-004649,G3_junior,0,0.2797,0.1597,0.5,0
FAIR-003251,RUN-001148,G3_junior,0,0.4464,0.3264,0.5,0
FAIR-003252,RUN-007375,G3_junior,0,0.234,0.114,0.5,0
FAIR-003253,RUN-007970,G3_junior,0,0.4669,0.3469,0.5,0
FAIR-003254,RUN-007007,G3_junior,0,0.2437,0.1237,0.5,0
FAIR-003255,RUN-000694,G3_junior,1,0.8665,0.7465,0.5,1
FAIR-003256,RUN-007307,G3_junior,1,0.6304,0.5104,0.5,0
FAIR-003257,RUN-006387,G2_mid,0,0.0524,0.0524,0.5,0
FAIR-003258,RUN-009100,G3_junior,1,0.7708,0.6508,0.5,1
FAIR-003259,RUN-008006,G3_junior,0,0.2437,0.1237,0.5,0
FAIR-003260,RUN-007309,G3_junior,1,0.7657,0.6457,0.5,1
FAIR-003261,RUN-006897,G2_mid,0,0.0956,0.0956,0.5,0
FAIR-003262,RUN-001118,G3_junior,1,0.8289,0.7089,0.5,1
FAIR-003263,RUN-010473,G1_senior,0,0.1042,0.1442,0.5,0
FAIR-003264,RUN-002493,G3_junior,0,0.2865,0.1665,0.5,0
FAIR-003265,RUN-000328,G3_junior,1,0.8027,0.6827,0.5,1
FAIR-003266,RUN-001187,G3_junior,1,0.7388,0.6188,0.5,1
FAIR-003267,RUN-011243,G3_junior,1,0.8075,0.6875,0.5,1
FAIR-003268,RUN-004966,G0_unknown,1,0.6757,0.6757,0.5,1
FAIR-003269,RUN-004303,G3_junior,0,0.12,0,0.5,0
FAIR-003270,RUN-009617,G2_mid,0,0,0,0.5,0
FAIR-003271,RUN-007872,G1_senior,0,0,0,0.5,0
FAIR-003272,RUN-001665,G3_junior,0,0.4272,0.3072,0.5,0
FAIR-003273,RUN-003705,G3_junior,0,0.1507,0.0307,0.5,0
FAIR-003274,RUN-008523,G3_junior,0,0.12,0,0.5,0
FAIR-003275,RUN-010824,G0_unknown,0,0.1783,0.1783,0.5,0
FAIR-003276,RUN-001378,G3_junior,0,0.3662,0.2462,0.5,0
FAIR-003277,RUN-009341,G2_mid,1,0.5467,0.5467,0.5,0
FAIR-003278,RUN-007291,G2_mid,0,0.2827,0.2827,0.5,0
FAIR-003279,RUN-000607,G3_junior,1,0.6874,0.5674,0.5,1
FAIR-003280,RUN-006992,G3_junior,1,0.765,0.645,0.5,1
FAIR-003281,RUN-008972,G3_junior,0,0.3161,0.1961,0.5,0
FAIR-003282,RUN-005493,G3_junior,1,0.6906,0.5706,0.5,1
FAIR-003283,RUN-005597,G3_junior,1,0.7218,0.6018,0.5,1
FAIR-003284,RUN-003989,G3_junior,1,0.9031,0.7831,0.5,1
FAIR-003285,RUN-002002,G3_junior,1,0.8171,0.6971,0.5,1
FAIR-003286,RUN-002787,G1_senior,0,0,0.0077,0.5,0
FAIR-003287,RUN-008105,G0_unknown,0,0.494,0.494,0.5,0
FAIR-003288,RUN-007378,G3_junior,0,0.4926,0.3726,0.5,0
FAIR-003289,RUN-006802,G3_junior,0,0.3641,0.2441,0.5,0
FAIR-003290,RUN-011077,G3_junior,1,0.5174,0.3974,0.5,0
FAIR-003291,RUN-003062,G3_junior,1,0.9169,0.7969,0.5,1
FAIR-003292,RUN-008791,G1_senior,0,0.2425,0.2825,0.5,0
FAIR-003293,RUN-002363,G1_senior,1,0.5616,0.6016,0.5,0
FAIR-003294,RUN-006547,G3_junior,1,0.9006,0.7806,0.5,1
FAIR-003295,RUN-002730,G3_junior,0,0.4385,0.3185,0.5,0
FAIR-003296,RUN-005387,G3_junior,0,0.5473,0.4273,0.5,0
FAIR-003297,RUN-005317,G2_mid,0,0,0,0.5,0
FAIR-003298,RUN-006978,G2_mid,1,0.7704,0.7704,0.5,1
FAIR-003299,RUN-005126,G3_junior,0,0.4105,0.2905,0.5,0
FAIR-003300,RUN-003380,G3_junior,0,0.2786,0.1586,0.5,0
FAIR-003301,RUN-010276,G1_senior,0,0,0,0.5,0
FAIR-003302,RUN-007742,G2_mid,0,0.2383,0.2383,0.5,0
FAIR-003303,RUN-001092,G2_mid,0,0.0793,0.0793,0.5,0
FAIR-003304,RUN-000594,G3_junior,0,0.39,0.27,0.5,0
FAIR-003305,RUN-001940,G3_junior,1,0.8208,0.7008,0.5,1
FAIR-003306,RUN-007258,G2_mid,0,0.3182,0.3182,0.5,0
FAIR-003307,RUN-002972,G0_unknown,0,0.1072,0.1072,0.5,0
FAIR-003308,RUN-002477,G3_junior,0,0.2462,0.1262,0.5,0
FAIR-003309,RUN-008080,G3_junior,1,1,0.8915,0.5,1
FAIR-003310,RUN-007155,G2_mid,0,0.0018,0.0018,0.5,0
FAIR-003311,RUN-000970,G3_junior,1,0.5144,0.3944,0.5,0
FAIR-003312,RUN-009798,G2_mid,0,0.3032,0.3032,0.5,0
FAIR-003313,RUN-009118,G3_junior,1,0.7609,0.6409,0.5,1
FAIR-003314,RUN-009629,G3_junior,1,0.976,0.856,0.5,1
FAIR-003315,RUN-007231,G3_junior,1,0.7162,0.5962,0.5,1
FAIR-003316,RUN-007413,G3_junior,0,0.3419,0.2219,0.5,0
FAIR-003317,RUN-007955,G3_junior,0,0.3244,0.2044,0.5,0
FAIR-003318,RUN-009753,G2_mid,0,0.1577,0.1577,0.5,0
FAIR-003319,RUN-008578,G3_junior,0,0.335,0.215,0.5,0
FAIR-003320,RUN-000618,G2_mid,0,0.0188,0.0188,0.5,0
FAIR-003321,RUN-005753,G3_junior,0,0.304,0.184,0.5,0
FAIR-003322,RUN-010425,G2_mid,0,0.2924,0.2924,0.5,0
FAIR-003323,RUN-003738,G3_junior,0,0.2902,0.1702,0.5,0
FAIR-003324,RUN-006137,G3_junior,1,0.8886,0.7686,0.5,1
FAIR-003325,RUN-008851,G3_junior,0,0.12,0,0.5,0
FAIR-003326,RUN-003030,G3_junior,0,0.12,0,0.5,0
FAIR-003327,RUN-006428,G1_senior,0,0.1825,0.2225,0.5,0
FAIR-003328,RUN-010595,G3_junior,1,0.5822,0.4622,0.5,0
FAIR-003329,RUN-005357,G3_junior,0,0.3386,0.2186,0.5,0
FAIR-003330,RUN-004162,G2_mid,1,0.8349,0.8349,0.5,1
FAIR-003331,RUN-007109,G3_junior,0,0.2186,0.0986,0.5,0
FAIR-003332,RUN-006952,G3_junior,0,0.3598,0.2398,0.5,0
FAIR-003333,RUN-004906,G2_mid,0,0.343,0.343,0.5,0
FAIR-003334,RUN-008877,G3_junior,1,0.7685,0.6485,0.5,1
FAIR-003335,RUN-006473,G3_junior,1,0.6635,0.5435,0.5,1
FAIR-003336,RUN-000009,G1_senior,0,0.057,0.097,0.5,0
FAIR-003337,RUN-007256,G2_mid,0,0.1871,0.1871,0.5,0
FAIR-003338,RUN-001950,G3_junior,1,0.7604,0.6404,0.5,1
FAIR-003339,RUN-008225,G3_junior,1,0.8034,0.6834,0.5,1
FAIR-003340,RUN-006489,G3_junior,0,0.3949,0.2749,0.5,0
FAIR-003341,RUN-002136,G3_junior,0,0.2721,0.1521,0.5,0
FAIR-003342,RUN-009218,G3_junior,0,0.2636,0.1436,0.5,0
FAIR-003343,RUN-007587,G3_junior,0,0.1623,0.0423,0.5,0
FAIR-003344,RUN-006698,G3_junior,0,0.3083,0.1883,0.5,0
FAIR-003345,RUN-005977,G1_senior,0,0.2439,0.2839,0.5,0
FAIR-003346,RUN-002863,G3_junior,1,0.9455,0.8255,0.5,1
FAIR-003347,RUN-000708,G3_junior,1,0.7842,0.6642,0.5,1
FAIR-003348,RUN-004778,G3_junior,0,0.2204,0.1004,0.5,0
FAIR-003349,RUN-004174,G3_junior,1,0.7831,0.6631,0.5,1
FAIR-003350,RUN-004389,G1_senior,0,0.0235,0.0635,0.5,0
FAIR-003351,RUN-000345,G3_junior,1,0.6431,0.5231,0.5,0
FAIR-003352,RUN-001311,G2_mid,0,0.3345,0.3345,0.5,0
FAIR-003353,RUN-006153,G1_senior,0,0.2978,0.3378,0.5,0
FAIR-003354,RUN-000554,G3_junior,0,0.6248,0.5048,0.5,0
FAIR-003355,RUN-010766,G3_junior,1,0.7844,0.6644,0.5,1
FAIR-003356,RUN-009271,G3_junior,0,0.12,0,0.5,0
FAIR-003357,RUN-009956,G3_junior,0,0.2931,0.1731,0.5,0
FAIR-003358,RUN-006421,G2_mid,1,0.749,0.749,0.5,1
FAIR-003359,RUN-004537,G0_unknown,0,0.0047,0.0047,0.5,0
FAIR-003360,RUN-000803,G3_junior,1,0.5759,0.4559,0.5,0
FAIR-003361,RUN-003092,G2_mid,0,0,0,0.5,0
FAIR-003362,RUN-006288,G3_junior,1,0.8488,0.7288,0.5,1
FAIR-003363,RUN-003597,G3_junior,1,0.8437,0.7237,0.5,1
FAIR-003364,RUN-009268,G2_mid,0,0.1547,0.1547,0.5,0
FAIR-003365,RUN-010193,G3_junior,0,0.3407,0.2207,0.5,0
FAIR-003366,RUN-000114,G1_senior,0,0.2448,0.2848,0.5,0
FAIR-003367,RUN-004158,G1_senior,0,0.2698,0.3098,0.5,0
FAIR-003368,RUN-007252,G3_junior,0,0.17,0.05,0.5,0
FAIR-003369,RUN-007396,G3_junior,0,0.3644,0.2444,0.5,0
FAIR-003370,RUN-005512,G3_junior,0,0.1476,0.0276,0.5,0
FAIR-003371,RUN-000144,G3_junior,1,0.9974,0.8774,0.5,1
FAIR-003372,RUN-005473,G1_senior,0,0.2112,0.2512,0.5,0
FAIR-003373,RUN-010760,G3_junior,0,0.4023,0.2823,0.5,0
FAIR-003374,RUN-007682,G3_junior,1,0.6839,0.5639,0.5,1
FAIR-003375,RUN-010323,G3_junior,0,0.7818,0.6618,0.5,1
FAIR-003376,RUN-008616,G2_mid,0,0.0558,0.0558,0.5,0
FAIR-003377,RUN-008677,G1_senior,0,0.1888,0.2288,0.5,0
FAIR-003378,RUN-000212,G3_junior,0,0.12,0,0.5,0
FAIR-003379,RUN-010079,G3_junior,1,0.613,0.493,0.5,0
FAIR-003380,RUN-002623,G3_junior,0,0.2826,0.1626,0.5,0
FAIR-003381,RUN-000093,G3_junior,1,0.7088,0.5888,0.5,1
FAIR-003382,RUN-008441,G3_junior,0,0.2234,0.1034,0.5,0
FAIR-003383,RUN-002255,G3_junior,1,0.6007,0.4807,0.5,0
FAIR-003384,RUN-010890,G2_mid,1,0.5547,0.5547,0.5,0
FAIR-003385,RUN-009712,G3_junior,0,0.1639,0.0439,0.5,0
FAIR-003386,RUN-000836,G2_mid,0,0.4697,0.4697,0.5,0
FAIR-003387,RUN-002027,G3_junior,0,0.375,0.255,0.5,0
FAIR-003388,RUN-006941,G1_senior,0,0.3634,0.4034,0.5,0
FAIR-003389,RUN-007481,G3_junior,0,0.3373,0.2173,0.5,0
FAIR-003390,RUN-002584,G0_unknown,1,0.8807,0.8807,0.5,1
FAIR-003391,RUN-006026,G1_senior,1,0.8423,0.8823,0.5,1
FAIR-003392,RUN-009814,G3_junior,1,0.6846,0.5646,0.5,1
FAIR-003393,RUN-011106,G3_junior,1,0.6584,0.5384,0.5,1
FAIR-003394,RUN-002189,G1_senior,0,0.2127,0.2527,0.5,0
FAIR-003395,RUN-001786,G1_senior,0,0.016,0.056,0.5,0
FAIR-003396,RUN-010428,G3_junior,1,0.815,0.695,0.5,1
FAIR-003397,RUN-002450,G3_junior,0,0.2804,0.1604,0.5,0
FAIR-003398,RUN-008410,G2_mid,0,0.1389,0.1389,0.5,0
FAIR-003399,RUN-007020,G2_mid,0,0.0714,0.0714,0.5,0
FAIR-003400,RUN-000444,G3_junior,0,0.345,0.225,0.5,0
FAIR-003401,RUN-004477,G1_senior,1,0.7761,0.8161,0.5,1
FAIR-003402,RUN-007457,G1_senior,0,0.1905,0.2305,0.5,0
FAIR-003403,RUN-008309,G3_junior,0,0.2759,0.1559,0.5,0
FAIR-003404,RUN-009582,G3_junior,1,1,0.9966,0.5,1
FAIR-003405,RUN-007298,G3_junior,0,0.3796,0.2596,0.5,0
FAIR-003406,RUN-011095,G3_junior,1,0.7307,0.6107,0.5,1
FAIR-003407,RUN-006129,G3_junior,0,0.4837,0.3637,0.5,0
FAIR-003408,RUN-008904,G3_junior,0,0.3232,0.2032,0.5,0
FAIR-003409,RUN-003484,G3_junior,1,0.7814,0.6614,0.5,1
FAIR-003410,RUN-001652,G1_senior,0,0,0,0.5,0
FAIR-003411,RUN-009273,G3_junior,1,0.7784,0.6584,0.5,1
FAIR-003412,RUN-007054,G2_mid,0,0.396,0.396,0.5,0
FAIR-003413,RUN-001163,G3_junior,1,0.6594,0.5394,0.5,1
FAIR-003414,RUN-005182,G2_mid,0,0.1197,0.1197,0.5,0
FAIR-003415,RUN-008650,G3_junior,0,0.1468,0.0268,0.5,0
FAIR-003416,RUN-002897,G2_mid,0,0.1789,0.1789,0.5,0
FAIR-003417,RUN-008239,G3_junior,1,0.8692,0.7492,0.5,1
FAIR-003418,RUN-006626,G2_mid,1,0.5742,0.5742,0.5,0
FAIR-003419,RUN-001898,G3_junior,0,0.3181,0.1981,0.5,0
FAIR-003420,RUN-000231,G3_junior,0,0.317,0.197,0.5,0
FAIR-003421,RUN-006403,G3_junior,0,0.154,0.034,0.5,0
FAIR-003422,RUN-006663,G3_junior,1,0.8065,0.6865,0.5,1
FAIR-003423,RUN-003385,G3_junior,1,0.7575,0.6375,0.5,1
FAIR-003424,RUN-001176,G3_junior,0,0.1328,0.0128,0.5,0
FAIR-003425,RUN-003836,G3_junior,1,0.6296,0.5096,0.5,0
FAIR-003426,RUN-007667,G2_mid,1,0.695,0.695,0.5,1
FAIR-003427,RUN-006145,G3_junior,0,0.4773,0.3573,0.5,0
FAIR-003428,RUN-002078,G2_mid,0,0.1863,0.1863,0.5,0
FAIR-003429,RUN-000889,G3_junior,0,0.546,0.426,0.5,0
FAIR-003430,RUN-001935,G3_junior,1,0.8781,0.7581,0.5,1
FAIR-003431,RUN-002374,G3_junior,0,0.4768,0.3568,0.5,0
FAIR-003432,RUN-010534,G3_junior,0,0.4691,0.3491,0.5,0
FAIR-003433,RUN-001905,G3_junior,1,0.8464,0.7264,0.5,1
FAIR-003434,RUN-009723,G1_senior,0,0.1277,0.1677,0.5,0
FAIR-003435,RUN-006404,G2_mid,0,0.0022,0.0022,0.5,0
FAIR-003436,RUN-008352,G3_junior,0,0.5048,0.3848,0.5,0
FAIR-003437,RUN-003407,G3_junior,0,0.235,0.115,0.5,0
FAIR-003438,RUN-001736,G3_junior,1,1,1,0.5,1
FAIR-003439,RUN-008766,G3_junior,0,0.12,0,0.5,0
FAIR-003440,RUN-000061,G3_junior,0,0.4352,0.3152,0.5,0
FAIR-003441,RUN-007049,G2_mid,0,0.1762,0.1762,0.5,0
FAIR-003442,RUN-002381,G3_junior,0,0.1916,0.0716,0.5,0
FAIR-003443,RUN-003657,G1_senior,0,0.1308,0.1708,0.5,0
FAIR-003444,RUN-007336,G2_mid,1,0.6117,0.6117,0.5,0
FAIR-003445,RUN-004608,G3_junior,1,0.8334,0.7134,0.5,1
FAIR-003446,RUN-007093,G3_junior,1,0.8167,0.6967,0.5,1
FAIR-003447,RUN-008373,G3_junior,0,0.3063,0.1863,0.5,0
FAIR-003448,RUN-010703,G3_junior,0,0.1408,0.0208,0.5,0
FAIR-003449,RUN-001878,G3_junior,1,0.6124,0.4924,0.5,0
FAIR-003450,RUN-011032,G3_junior,1,0.8536,0.7336,0.5,1
FAIR-003451,RUN-010298,G3_junior,0,0.1788,0.0588,0.5,0
FAIR-003452,RUN-000601,G1_senior,0,0.1784,0.2184,0.5,0
FAIR-003453,RUN-006699,G3_junior,0,0.2884,0.1684,0.5,0
FAIR-003454,RUN-002836,G3_junior,0,0.2289,0.1089,0.5,0
FAIR-003455,RUN-001194,G2_mid,1,0.6669,0.6669,0.5,1
FAIR-003456,RUN-000372,G2_mid,1,0.6163,0.6163,0.5,0
FAIR-003457,RUN-010076,G2_mid,1,0.8507,0.8507,0.5,1
FAIR-003458,RUN-000077,G2_mid,0,0.5028,0.5028,0.5,0
FAIR-003459,RUN-007329,G1_senior,0,0.0715,0.1115,0.5,0
FAIR-003460,RUN-001170,G3_junior,0,0.2249,0.1049,0.5,0
FAIR-003461,RUN-008459,G3_junior,0,0.3281,0.2081,0.5,0
FAIR-003462,RUN-004304,G3_junior,0,0.12,0,0.5,0
FAIR-003463,RUN-002747,G3_junior,0,0.298,0.178,0.5,0
FAIR-003464,RUN-002302,G3_junior,1,0.6619,0.5419,0.5,1
FAIR-003465,RUN-009009,G3_junior,1,0.7246,0.6046,0.5,1
FAIR-003466,RUN-005079,G2_mid,0,0.0024,0.0024,0.5,0
FAIR-003467,RUN-006713,G3_junior,1,0.7618,0.6418,0.5,1
FAIR-003468,RUN-002716,G3_junior,0,0.2838,0.1638,0.5,0
FAIR-003469,RUN-000163,G3_junior,1,0.8451,0.7251,0.5,1
FAIR-003470,RUN-003138,G3_junior,1,1,1,0.5,1
FAIR-003471,RUN-011237,G1_senior,0,0.056,0.096,0.5,0
FAIR-003472,RUN-002620,G3_junior,0,0.3654,0.2454,0.5,0
FAIR-003473,RUN-004739,G2_mid,1,0.9082,0.9082,0.5,1
FAIR-003474,RUN-001330,G3_junior,1,0.816,0.696,0.5,1
FAIR-003475,RUN-009715,G3_junior,0,0.3364,0.2164,0.5,0
FAIR-003476,RUN-007675,G3_junior,0,0.2498,0.1298,0.5,0
FAIR-003477,RUN-005604,G3_junior,0,0.2246,0.1046,0.5,0
FAIR-003478,RUN-000338,G2_mid,0,0.4872,0.4872,0.5,0
FAIR-003479,RUN-004294,G2_mid,1,0.5031,0.5031,0.5,0
FAIR-003480,RUN-007579,G1_senior,0,0.2478,0.2878,0.5,0
FAIR-003481,RUN-000382,G1_senior,1,0.5263,0.5663,0.5,0
FAIR-003482,RUN-006725,G3_junior,0,0.2262,0.1062,0.5,0
FAIR-003483,RUN-002201,G1_senior,0,0.0223,0.0623,0.5,0
FAIR-003484,RUN-000611,G1_senior,0,0.3804,0.4204,0.5,0
FAIR-003485,RUN-005856,G0_unknown,0,0.1425,0.1425,0.5,0
FAIR-003486,RUN-008671,G3_junior,0,0.3768,0.2568,0.5,0
FAIR-003487,RUN-007072,G3_junior,0,0.4476,0.3276,0.5,0
FAIR-003488,RUN-004172,G3_junior,0,0.4013,0.2813,0.5,0
FAIR-003489,RUN-000438,G3_junior,1,0.7525,0.6325,0.5,1
FAIR-003490,RUN-004214,G2_mid,1,0.6842,0.6842,0.5,1
FAIR-003491,RUN-002792,G3_junior,0,0.2414,0.1214,0.5,0
FAIR-003492,RUN-004532,G3_junior,1,0.7182,0.5982,0.5,1
FAIR-003493,RUN-007198,G3_junior,1,1,0.9715,0.5,1
FAIR-003494,RUN-003293,G3_junior,0,0.3652,0.2452,0.5,0
FAIR-003495,RUN-000147,G3_junior,0,0.4918,0.3718,0.5,0
FAIR-003496,RUN-002614,G2_mid,1,0.5882,0.5882,0.5,0
FAIR-003497,RUN-008104,G3_junior,0,0.12,0,0.5,0
FAIR-003498,RUN-010257,G2_mid,0,0.2767,0.2767,0.5,0
FAIR-003499,RUN-010004,G2_mid,0,0.1067,0.1067,0.5,0
FAIR-003500,RUN-000946,G3_junior,1,0.6335,0.5135,0.5,0
FAIR-003501,RUN-010128,G3_junior,0,0.3432,0.2232,0.5,0
FAIR-003502,RUN-003152,G2_mid,0,0.1585,0.1585,0.5,0
FAIR-003503,RUN-002445,G3_junior,0,0.3055,0.1855,0.5,0
FAIR-003504,RUN-003425,G3_junior,1,0.5598,0.4398,0.5,0
FAIR-003505,RUN-009225,G3_junior,1,0.8087,0.6887,0.5,1
FAIR-003506,RUN-010277,G3_junior,0,0.121,0.001,0.5,0
FAIR-003507,RUN-008457,G3_junior,1,1,0.9529,0.5,1
FAIR-003508,RUN-005444,G2_mid,1,0.5188,0.5188,0.5,0
FAIR-003509,RUN-007257,G2_mid,1,0.5055,0.5055,0.5,0
FAIR-003510,RUN-002017,G3_junior,1,0.7298,0.6098,0.5,1
FAIR-003511,RUN-006027,G3_junior,1,0.7499,0.6299,0.5,1
FAIR-003512,RUN-002830,G0_unknown,1,0.6734,0.6734,0.5,1
FAIR-003513,RUN-002765,G3_junior,0,0.1543,0.0343,0.5,0
FAIR-003514,RUN-008622,G3_junior,1,0.7786,0.6586,0.5,1
FAIR-003515,RUN-007781,G1_senior,0,0.1825,0.2225,0.5,0
FAIR-003516,RUN-002881,G1_senior,1,0.4492,0.4892,0.5,0
FAIR-003517,RUN-004642,G3_junior,0,0.3055,0.1855,0.5,0
FAIR-003518,RUN-002510,G3_junior,0,0.1923,0.0723,0.5,0
FAIR-003519,RUN-004576,G3_junior,0,0.2746,0.1546,0.5,0
FAIR-003520,RUN-004875,G3_junior,1,0.7528,0.6328,0.5,1
FAIR-003521,RUN-004076,G2_mid,1,0.6318,0.6318,0.5,0
FAIR-003522,RUN-008221,G3_junior,0,0.12,0,0.5,0
FAIR-003523,RUN-004947,G2_mid,0,0.3134,0.3134,0.5,0
FAIR-003524,RUN-001640,G3_junior,0,0.5045,0.3845,0.5,0
FAIR-003525,RUN-003869,G1_senior,1,0.716,0.756,0.5,1
FAIR-003526,RUN-006828,G3_junior,0,0.2953,0.1753,0.5,0
FAIR-003527,RUN-005515,G3_junior,0,0.2889,0.1689,0.5,0
FAIR-003528,RUN-009948,G3_junior,0,0.4115,0.2915,0.5,0
FAIR-003529,RUN-002825,G3_junior,0,0.2761,0.1561,0.5,0
FAIR-003530,RUN-008696,G2_mid,1,0.8907,0.8907,0.5,1
FAIR-003531,RUN-007971,G3_junior,0,0.3027,0.1827,0.5,0
FAIR-003532,RUN-001920,G3_junior,1,1,0.9481,0.5,1
FAIR-003533,RUN-010871,G2_mid,0,0.1761,0.1761,0.5,0
FAIR-003534,RUN-005958,G3_junior,1,0.8964,0.7764,0.5,1
FAIR-003535,RUN-009945,G3_junior,0,0.5057,0.3857,0.5,0
FAIR-003536,RUN-002833,G3_junior,1,0.8929,0.7729,0.5,1
FAIR-003537,RUN-003485,G3_junior,1,0.7706,0.6506,0.5,1
FAIR-003538,RUN-005068,G2_mid,0,0.3622,0.3622,0.5,0
FAIR-003539,RUN-004955,G2_mid,0,0.1112,0.1112,0.5,0
FAIR-003540,RUN-009817,G1_senior,0,0.1423,0.1823,0.5,0
FAIR-003541,RUN-005350,G3_junior,0,0.12,0,0.5,0
FAIR-003542,RUN-005636,G3_junior,1,0.4232,0.3032,0.5,0
FAIR-003543,RUN-000870,G3_junior,1,0.6282,0.5082,0.5,0
FAIR-003544,RUN-005027,G3_junior,1,1,0.908,0.5,1
FAIR-003545,RUN-002949,G3_junior,1,0.8639,0.7439,0.5,1
FAIR-003546,RUN-007652,G3_junior,0,0.2971,0.1771,0.5,0
FAIR-003547,RUN-002586,G1_senior,0,0.2179,0.2579,0.5,0
FAIR-003548,RUN-005847,G1_senior,0,0,0.0344,0.5,0
FAIR-003549,RUN-003136,G3_junior,0,0.2287,0.1087,0.5,0
FAIR-003550,RUN-008762,G1_senior,0,0.1515,0.1915,0.5,0
FAIR-003551,RUN-004210,G3_junior,0,0.325,0.205,0.5,0
FAIR-003552,RUN-002725,G1_senior,1,0.5387,0.5787,0.5,0
FAIR-003553,RUN-002583,G2_mid,1,0.9264,0.9264,0.5,1
FAIR-003554,RUN-009754,G0_unknown,0,0.361,0.361,0.5,0
FAIR-003555,RUN-005829,G3_junior,1,0.8379,0.7179,0.5,1
FAIR-003556,RUN-006606,G2_mid,0,0.1806,0.1806,0.5,0
FAIR-003557,RUN-011088,G3_junior,0,0.2828,0.1628,0.5,0
FAIR-003558,RUN-000445,G3_junior,0,0.1964,0.0764,0.5,0
FAIR-003559,RUN-007355,G3_junior,1,0.8778,0.7578,0.5,1
FAIR-003560,RUN-010711,G3_junior,0,0.4611,0.3411,0.5,0
FAIR-003561,RUN-009825,G3_junior,1,0.9047,0.7847,0.5,1
FAIR-003562,RUN-005786,G3_junior,1,0.5935,0.4735,0.5,0
FAIR-003563,RUN-007248,G2_mid,0,0.166,0.166,0.5,0
FAIR-003564,RUN-003866,G3_junior,1,0.9719,0.8519,0.5,1
FAIR-003565,RUN-006441,G3_junior,0,0.3689,0.2489,0.5,0
FAIR-003566,RUN-000096,G3_junior,0,0.1765,0.0565,0.5,0
FAIR-003567,RUN-000505,G1_senior,0,0.4819,0.5219,0.5,0
FAIR-003568,RUN-008256,G2_mid,1,0.5625,0.5625,0.5,0
FAIR-003569,RUN-009286,G3_junior,0,0.3425,0.2225,0.5,0
FAIR-003570,RUN-002400,G0_unknown,1,0.8815,0.8815,0.5,1
FAIR-003571,RUN-001752,G2_mid,0,0.1269,0.1269,0.5,0
FAIR-003572,RUN-009109,G1_senior,0,0.1254,0.1654,0.5,0
FAIR-003573,RUN-004698,G2_mid,0,0.1698,0.1698,0.5,0
FAIR-003574,RUN-004632,G3_junior,0,0.3477,0.2277,0.5,0
FAIR-003575,RUN-000420,G3_junior,1,0.7647,0.6447,0.5,1
FAIR-003576,RUN-003393,G3_junior,0,0.3302,0.2102,0.5,0
FAIR-003577,RUN-006528,G3_junior,0,0.3296,0.2096,0.5,0
FAIR-003578,RUN-005679,G2_mid,0,0.1825,0.1825,0.5,0
FAIR-003579,RUN-003025,G3_junior,0,0.3038,0.1838,0.5,0
FAIR-003580,RUN-004578,G2_mid,1,0.5318,0.5318,0.5,0
FAIR-003581,RUN-004319,G3_junior,0,0.6951,0.5751,0.5,1
FAIR-003582,RUN-004952,G1_senior,0,0.4361,0.4761,0.5,0
FAIR-003583,RUN-002664,G1_senior,0,0.19,0.23,0.5,0
FAIR-003584,RUN-009569,G3_junior,1,0.7654,0.6454,0.5,1
FAIR-003585,RUN-004199,G3_junior,0,0.193,0.073,0.5,0
FAIR-003586,RUN-002740,G3_junior,1,0.8678,0.7478,0.5,1
FAIR-003587,RUN-006181,G3_junior,1,0.8497,0.7297,0.5,1
FAIR-003588,RUN-010263,G3_junior,0,0.1895,0.0695,0.5,0
FAIR-003589,RUN-002055,G3_junior,1,0.8674,0.7474,0.5,1
FAIR-003590,RUN-001738,G3_junior,0,0.4756,0.3556,0.5,0
FAIR-003591,RUN-002300,G3_junior,0,0.3275,0.2075,0.5,0
FAIR-003592,RUN-008682,G3_junior,0,0.398,0.278,0.5,0
FAIR-003593,RUN-005550,G3_junior,0,0.2065,0.0865,0.5,0
FAIR-003594,RUN-010702,G3_junior,1,0.6505,0.5305,0.5,1
FAIR-003595,RUN-001539,G2_mid,1,0.7205,0.7205,0.5,1
FAIR-003596,RUN-001975,G1_senior,0,0.0586,0.0986,0.5,0
FAIR-003597,RUN-004600,G3_junior,0,0.2777,0.1577,0.5,0
FAIR-003598,RUN-008748,G3_junior,0,0.2401,0.1201,0.5,0
FAIR-003599,RUN-007440,G3_junior,0,0.4837,0.3637,0.5,0
FAIR-003600,RUN-000610,G3_junior,1,0.9107,0.7907,0.5,1
FAIR-003601,RUN-003517,G2_mid,1,0.8878,0.8878,0.5,1
FAIR-003602,RUN-001027,G1_senior,1,0.3956,0.4356,0.5,0
FAIR-003603,RUN-009686,G3_junior,1,0.6762,0.5562,0.5,1
FAIR-003604,RUN-000185,G1_senior,0,0.2668,0.3068,0.5,0
FAIR-003605,RUN-001667,G2_mid,0,0.2562,0.2562,0.5,0
FAIR-003606,RUN-003670,G1_senior,0,0.1428,0.1828,0.5,0
FAIR-003607,RUN-008953,G3_junior,1,0.8822,0.7622,0.5,1
FAIR-003608,RUN-010689,G3_junior,0,0.3613,0.2413,0.5,0
FAIR-003609,RUN-007305,G3_junior,0,0.3481,0.2281,0.5,0
FAIR-003610,RUN-001069,G2_mid,0,0.111,0.111,0.5,0
FAIR-003611,RUN-004042,G3_junior,0,0.2918,0.1718,0.5,0
FAIR-003612,RUN-001328,G3_junior,0,0.2088,0.0888,0.5,0
FAIR-003613,RUN-005855,G3_junior,0,0.4543,0.3343,0.5,0
FAIR-003614,RUN-001314,G0_unknown,1,0.4719,0.4719,0.5,0
FAIR-003615,RUN-008794,G2_mid,1,0.5201,0.5201,0.5,0
FAIR-003616,RUN-003140,G3_junior,1,0.6376,0.5176,0.5,0
FAIR-003617,RUN-010157,G1_senior,0,0.2356,0.2756,0.5,0
FAIR-003618,RUN-003524,G3_junior,0,0.12,0,0.5,0
FAIR-003619,RUN-008420,G1_senior,0,0.1036,0.1436,0.5,0
FAIR-003620,RUN-011282,G2_mid,1,0.6301,0.6301,0.5,0
FAIR-003621,RUN-001869,G3_junior,1,0.5796,0.4596,0.5,0
FAIR-003622,RUN-008015,G2_mid,0,0.0433,0.0433,0.5,0
FAIR-003623,RUN-003169,G2_mid,0,0.1627,0.1627,0.5,0
FAIR-003624,RUN-010667,G3_junior,1,0.842,0.722,0.5,1
FAIR-003625,RUN-004671,G3_junior,1,0.8602,0.7402,0.5,1
FAIR-003626,RUN-011121,G3_junior,0,0.3844,0.2644,0.5,0
FAIR-003627,RUN-002582,G2_mid,0,0.1965,0.1965,0.5,0
FAIR-003628,RUN-008868,G2_mid,1,0.7002,0.7002,0.5,1
FAIR-003629,RUN-008867,G1_senior,1,0.7194,0.7594,0.5,1
FAIR-003630,RUN-004155,G3_junior,1,0.7415,0.6215,0.5,1
FAIR-003631,RUN-003741,G3_junior,1,0.7171,0.5971,0.5,1
FAIR-003632,RUN-004889,G3_junior,1,0.7726,0.6526,0.5,1
FAIR-003633,RUN-007218,G3_junior,1,0.9357,0.8157,0.5,1
FAIR-003634,RUN-002338,G3_junior,1,0.7548,0.6348,0.5,1
FAIR-003635,RUN-001718,G3_junior,1,0.7575,0.6375,0.5,1
FAIR-003636,RUN-001151,G3_junior,1,0.9026,0.7826,0.5,1
FAIR-003637,RUN-002316,G3_junior,0,0.3039,0.1839,0.5,0
FAIR-003638,RUN-004286,G3_junior,0,0.2514,0.1314,0.5,0
FAIR-003639,RUN-006671,G3_junior,0,0.3565,0.2365,0.5,0
FAIR-003640,RUN-003734,G2_mid,0,0.0184,0.0184,0.5,0
FAIR-003641,RUN-010289,G3_junior,0,0.12,0,0.5,0
FAIR-003642,RUN-009283,G2_mid,0,0,0,0.5,0
FAIR-003643,RUN-006353,G3_junior,0,0.354,0.234,0.5,0
FAIR-003644,RUN-000525,G2_mid,0,0.0288,0.0288,0.5,0
FAIR-003645,RUN-011380,G3_junior,0,0.12,0,0.5,0
FAIR-003646,RUN-004117,G3_junior,1,0.5664,0.4464,0.5,0
FAIR-003647,RUN-007220,G3_junior,1,0.6124,0.4924,0.5,0
FAIR-003648,RUN-011128,G3_junior,1,0.7103,0.5903,0.5,1
FAIR-003649,RUN-000670,G0_unknown,0,0.0581,0.0581,0.5,0
FAIR-003650,RUN-002195,G2_mid,0,0.0516,0.0516,0.5,0
FAIR-003651,RUN-009907,G2_mid,1,0.6991,0.6991,0.5,1
FAIR-003652,RUN-011261,G3_junior,1,0.6803,0.5603,0.5,1
FAIR-003653,RUN-001032,G3_junior,0,0.4369,0.3169,0.5,0
FAIR-003654,RUN-010609,G3_junior,1,0.7042,0.5842,0.5,1
FAIR-003655,RUN-010930,G3_junior,0,0.2892,0.1692,0.5,0
FAIR-003656,RUN-000936,G2_mid,0,0.1914,0.1914,0.5,0
FAIR-003657,RUN-005400,G2_mid,0,0.1605,0.1605,0.5,0
FAIR-003658,RUN-009864,G3_junior,1,0.8818,0.7618,0.5,1
FAIR-003659,RUN-001767,G3_junior,1,0.7359,0.6159,0.5,1
FAIR-003660,RUN-003143,G3_junior,0,0.4992,0.3792,0.5,0
FAIR-003661,RUN-000315,G3_junior,1,0.7723,0.6523,0.5,1
FAIR-003662,RUN-008307,G2_mid,1,0.6288,0.6288,0.5,0
FAIR-003663,RUN-005822,G3_junior,1,0.7625,0.6425,0.5,1
FAIR-003664,RUN-006178,G3_junior,1,0.9901,0.8701,0.5,1
FAIR-003665,RUN-003907,G3_junior,0,0.4073,0.2873,0.5,0
FAIR-003666,RUN-004768,G1_senior,1,0.5297,0.5697,0.5,0
FAIR-003667,RUN-003236,G1_senior,0,0.0096,0.0496,0.5,0
FAIR-003668,RUN-010507,G0_unknown,0,0.2612,0.2612,0.5,0
FAIR-003669,RUN-002359,G3_junior,0,0.1417,0.0217,0.5,0
FAIR-003670,RUN-001734,G1_senior,0,0.2106,0.2506,0.5,0
FAIR-003671,RUN-008163,G1_senior,1,0.4127,0.4527,0.5,0
FAIR-003672,RUN-004404,G3_junior,0,0.1237,0.0037,0.5,0
FAIR-003673,RUN-003073,G1_senior,0,0.3428,0.3828,0.5,0
FAIR-003674,RUN-010224,G2_mid,1,0.5739,0.5739,0.5,0
FAIR-003675,RUN-002253,G3_junior,0,0.1566,0.0366,0.5,0
FAIR-003676,RUN-003629,G3_junior,0,0.3781,0.2581,0.5,0
FAIR-003677,RUN-002129,G3_junior,0,0.2757,0.1557,0.5,0
FAIR-003678,RUN-001658,G3_junior,0,0.24,0.12,0.5,0
FAIR-003679,RUN-009510,G3_junior,1,0.543,0.423,0.5,0
FAIR-003680,RUN-010999,G3_junior,0,0.4018,0.2818,0.5,0
FAIR-003681,RUN-010881,G1_senior,0,0.3074,0.3474,0.5,0
FAIR-003682,RUN-003744,G3_junior,1,0.6874,0.5674,0.5,1
FAIR-003683,RUN-001065,G3_junior,0,0.2215,0.1015,0.5,0
FAIR-003684,RUN-004325,G3_junior,0,0.474,0.354,0.5,0
FAIR-003685,RUN-005254,G1_senior,0,0,0.0277,0.5,0
FAIR-003686,RUN-002685,G3_junior,0,0.4426,0.3226,0.5,0
FAIR-003687,RUN-000058,G3_junior,1,0.7303,0.6103,0.5,1
FAIR-003688,RUN-008600,G2_mid,1,0.6951,0.6951,0.5,1
FAIR-003689,RUN-001567,G3_junior,1,0.7608,0.6408,0.5,1
FAIR-003690,RUN-007351,G2_mid,1,0.8136,0.8136,0.5,1
FAIR-003691,RUN-011175,G3_junior,1,1,0.8907,0.5,1
FAIR-003692,RUN-005862,G3_junior,1,0.6209,0.5009,0.5,0
FAIR-003693,RUN-003020,G3_junior,1,0.5803,0.4603,0.5,0
FAIR-003694,RUN-008304,G3_junior,1,0.6338,0.5138,0.5,0
FAIR-003695,RUN-006846,G2_mid,0,0.2842,0.2842,0.5,0
FAIR-003696,RUN-004850,G2_mid,0,0.0881,0.0881,0.5,0
FAIR-003697,RUN-000216,G3_junior,1,0.7707,0.6507,0.5,1
FAIR-003698,RUN-010825,G3_junior,0,0.2464,0.1264,0.5,0
FAIR-003699,RUN-001394,G2_mid,0,0.2946,0.2946,0.5,0
FAIR-003700,RUN-008506,G3_junior,0,0.262,0.142,0.5,0
FAIR-003701,RUN-005457,G3_junior,1,0.4501,0.3301,0.5,0
FAIR-003702,RUN-009141,G2_mid,1,0.6679,0.6679,0.5,1
FAIR-003703,RUN-004211,G3_junior,0,0.3667,0.2467,0.5,0
FAIR-003704,RUN-006717,G3_junior,0,0.3907,0.2707,0.5,0
FAIR-003705,RUN-010640,G3_junior,0,0.195,0.075,0.5,0
FAIR-003706,RUN-011202,G3_junior,0,0.326,0.206,0.5,0
FAIR-003707,RUN-009280,G2_mid,1,0.8153,0.8153,0.5,1
FAIR-003708,RUN-004643,G3_junior,1,0.7582,0.6382,0.5,1
FAIR-003709,RUN-010615,G3_junior,1,0.6629,0.5429,0.5,1
FAIR-003710,RUN-004436,G0_unknown,0,0.0018,0.0018,0.5,0
FAIR-003711,RUN-007324,G1_senior,0,0.3963,0.4363,0.5,0
FAIR-003712,RUN-003410,G2_mid,1,0.668,0.668,0.5,1
FAIR-003713,RUN-006493,G3_junior,0,0.2945,0.1745,0.5,0
FAIR-003714,RUN-008004,G0_unknown,0,0.4602,0.4602,0.5,0
FAIR-003715,RUN-001626,G2_mid,1,0.7716,0.7716,0.5,1
FAIR-003716,RUN-010111,G3_junior,1,0.8979,0.7779,0.5,1
FAIR-003717,RUN-000411,G2_mid,0,0.1049,0.1049,0.5,0
FAIR-003718,RUN-010618,G2_mid,0,0.132,0.132,0.5,0
FAIR-003719,RUN-008826,G3_junior,1,0.778,0.658,0.5,1
FAIR-003720,RUN-009352,G2_mid,1,0.6549,0.6549,0.5,1
FAIR-003721,RUN-007202,G2_mid,1,0.6192,0.6192,0.5,0
FAIR-003722,RUN-009432,G2_mid,0,0.4091,0.4091,0.5,0
FAIR-003723,RUN-003111,G2_mid,0,0.2448,0.2448,0.5,0
FAIR-003724,RUN-011021,G2_mid,0,0,0,0.5,0
FAIR-003725,RUN-001483,G3_junior,1,0.6064,0.4864,0.5,0
FAIR-003726,RUN-011035,G3_junior,0,0.2609,0.1409,0.5,0
FAIR-003727,RUN-006360,G0_unknown,0,0.0826,0.0826,0.5,0
FAIR-003728,RUN-002563,G3_junior,0,0.183,0.063,0.5,0
FAIR-003729,RUN-010727,G2_mid,0,0.3187,0.3187,0.5,0
FAIR-003730,RUN-009032,G3_junior,0,0.3596,0.2396,0.5,0
FAIR-003731,RUN-002932,G0_unknown,1,0.5873,0.5873,0.5,0
FAIR-003732,RUN-007409,G3_junior,1,0.9829,0.8629,0.5,1
FAIR-003733,RUN-008849,G3_junior,0,0.4326,0.3126,0.5,0
FAIR-003734,RUN-002913,G3_junior,1,0.7159,0.5959,0.5,1
FAIR-003735,RUN-002250,G3_junior,0,0.3689,0.2489,0.5,0
FAIR-003736,RUN-004205,G3_junior,1,0.8844,0.7644,0.5,1
FAIR-003737,RUN-009520,G2_mid,0,0.0375,0.0375,0.5,0
FAIR-003738,RUN-008257,G2_mid,0,0.3614,0.3614,0.5,0
FAIR-003739,RUN-000509,G3_junior,0,0.3628,0.2428,0.5,0
FAIR-003740,RUN-007877,G2_mid,0,0.2836,0.2836,0.5,0
FAIR-003741,RUN-008751,G3_junior,1,0.8109,0.6909,0.5,1
FAIR-003742,RUN-006748,G3_junior,1,0.5955,0.4755,0.5,0
FAIR-003743,RUN-001929,G2_mid,0,0.2786,0.2786,0.5,0
FAIR-003744,RUN-002185,G2_mid,1,0.6759,0.6759,0.5,1
FAIR-003745,RUN-011283,G2_mid,1,0.5592,0.5592,0.5,0
FAIR-003746,RUN-004308,G2_mid,0,0.4415,0.4415,0.5,0
FAIR-003747,RUN-006559,G3_junior,1,0.7935,0.6735,0.5,1
FAIR-003748,RUN-011198,G3_junior,1,0.5751,0.4551,0.5,0
FAIR-003749,RUN-007247,G2_mid,1,0.5592,0.5592,0.5,0
FAIR-003750,RUN-001624,G3_junior,0,0.3218,0.2018,0.5,0
FAIR-003751,RUN-009214,G3_junior,1,0.7573,0.6373,0.5,1
FAIR-003752,RUN-000214,G3_junior,0,0.4284,0.3084,0.5,0
FAIR-003753,RUN-002289,G1_senior,0,0,0,0.5,0
FAIR-003754,RUN-007023,G3_junior,1,0.6321,0.5121,0.5,0
FAIR-003755,RUN-005736,G3_junior,0,0.1837,0.0637,0.5,0
FAIR-003756,RUN-004522,G3_junior,0,0.12,0,0.5,0
FAIR-003757,RUN-006795,G3_junior,0,0.12,0,0.5,0
FAIR-003758,RUN-006330,G3_junior,0,0.4022,0.2822,0.5,0
FAIR-003759,RUN-007294,G3_junior,0,0.4733,0.3533,0.5,0
FAIR-003760,RUN-008831,G3_junior,0,0.4458,0.3258,0.5,0
FAIR-003761,RUN-001246,G3_junior,0,0.5332,0.4132,0.5,0
FAIR-003762,RUN-008374,G3_junior,0,0.2715,0.1515,0.5,0
FAIR-003763,RUN-007693,G2_mid,0,0.3779,0.3779,0.5,0
FAIR-003764,RUN-000760,G3_junior,0,0.4819,0.3619,0.5,0
FAIR-003765,RUN-000671,G1_senior,0,0.1311,0.1711,0.5,0
FAIR-003766,RUN-005056,G2_mid,1,0.8692,0.8692,0.5,1
FAIR-003767,RUN-005566,G2_mid,1,0.5561,0.5561,0.5,0
FAIR-003768,RUN-003883,G2_mid,1,0.6221,0.6221,0.5,0
FAIR-003769,RUN-008431,G1_senior,1,0.5496,0.5896,0.5,0
FAIR-003770,RUN-010772,G3_junior,0,0.3985,0.2785,0.5,0
FAIR-003771,RUN-002176,G3_junior,1,0.8024,0.6824,0.5,1
FAIR-003772,RUN-002142,G1_senior,0,0.0196,0.0596,0.5,0
FAIR-003773,RUN-002148,G1_senior,0,0.0396,0.0796,0.5,0
FAIR-003774,RUN-001252,G3_junior,1,0.865,0.745,0.5,1
FAIR-003775,RUN-001174,G2_mid,0,0.2727,0.2727,0.5,0
FAIR-003776,RUN-008489,G3_junior,0,0.4088,0.2888,0.5,0
FAIR-003777,RUN-002399,G2_mid,1,0.6643,0.6643,0.5,1
FAIR-003778,RUN-005171,G3_junior,0,0.12,0,0.5,0
FAIR-003779,RUN-011133,G3_junior,1,0.2825,0.1625,0.5,0
FAIR-003780,RUN-005385,G2_mid,0,0.1207,0.1207,0.5,0
FAIR-003781,RUN-007635,G3_junior,0,0.3434,0.2234,0.5,0
FAIR-003782,RUN-003408,G3_junior,1,0.8996,0.7796,0.5,1
FAIR-003783,RUN-008889,G3_junior,1,0.6181,0.4981,0.5,0
FAIR-003784,RUN-005667,G3_junior,0,0.3224,0.2024,0.5,0
FAIR-003785,RUN-004280,G3_junior,0,0.5406,0.4206,0.5,0
FAIR-003786,RUN-002376,G1_senior,0,0.0453,0.0853,0.5,0
FAIR-003787,RUN-003040,G3_junior,1,0.7149,0.5949,0.5,1
FAIR-003788,RUN-002899,G2_mid,1,0.7539,0.7539,0.5,1
FAIR-003789,RUN-009641,G3_junior,0,0.2609,0.1409,0.5,0
FAIR-003790,RUN-004860,G3_junior,1,0.8492,0.7292,0.5,1
FAIR-003791,RUN-008944,G3_junior,0,0.1425,0.0225,0.5,0
FAIR-003792,RUN-003816,G2_mid,0,0.3747,0.3747,0.5,0
FAIR-003793,RUN-006885,G3_junior,1,0.9461,0.8261,0.5,1
FAIR-003794,RUN-005841,G3_junior,1,0.8702,0.7502,0.5,1
FAIR-003795,RUN-010123,G3_junior,0,0.2975,0.1775,0.5,0
FAIR-003796,RUN-004489,G0_unknown,0,0.2156,0.2156,0.5,0
FAIR-003797,RUN-008819,G2_mid,0,0.1943,0.1943,0.5,0
FAIR-003798,RUN-003050,G2_mid,0,0.2685,0.2685,0.5,0
FAIR-003799,RUN-004746,G3_junior,0,0.514,0.394,0.5,0
FAIR-003800,RUN-010357,G1_senior,0,0.1539,0.1939,0.5,0
FAIR-003801,RUN-006974,G3_junior,0,0.4373,0.3173,0.5,0
FAIR-003802,RUN-004029,G3_junior,0,0.1383,0.0183,0.5,0
FAIR-003803,RUN-007489,G1_senior,0,0.156,0.196,0.5,0
FAIR-003804,RUN-004540,G2_mid,0,0.1629,0.1629,0.5,0
FAIR-003805,RUN-000248,G3_junior,0,0.2388,0.1188,0.5,0
FAIR-003806,RUN-008987,G3_junior,1,0.8221,0.7021,0.5,1
FAIR-003807,RUN-011207,G3_junior,0,0.2073,0.0873,0.5,0
FAIR-003808,RUN-002443,G3_junior,0,0.3732,0.2532,0.5,0
FAIR-003809,RUN-002936,G3_junior,0,0.3146,0.1946,0.5,0
FAIR-003810,RUN-004226,G3_junior,0,0.208,0.088,0.5,0
FAIR-003811,RUN-006313,G1_senior,0,0,0,0.5,0
FAIR-003812,RUN-005474,G3_junior,1,0.7501,0.6301,0.5,1
FAIR-003813,RUN-005750,G2_mid,0,0.2377,0.2377,0.5,0
FAIR-003814,RUN-009125,G3_junior,0,0.4749,0.3549,0.5,0
FAIR-003815,RUN-006374,G3_junior,1,1,0.9477,0.5,1
FAIR-003816,RUN-009963,G2_mid,0,0.0758,0.0758,0.5,0
FAIR-003817,RUN-005110,G2_mid,0,0.1294,0.1294,0.5,0
FAIR-003818,RUN-006833,G3_junior,1,0.7465,0.6265,0.5,1
FAIR-003819,RUN-004070,G0_unknown,1,0.7175,0.7175,0.5,1
FAIR-003820,RUN-005492,G2_mid,0,0.1749,0.1749,0.5,0
FAIR-003821,RUN-008582,G3_junior,0,0.4457,0.3257,0.5,0
FAIR-003822,RUN-004813,G3_junior,0,0.4285,0.3085,0.5,0
FAIR-003823,RUN-007057,G3_junior,0,0.1312,0.0112,0.5,0
FAIR-003824,RUN-009041,G3_junior,1,0.8222,0.7022,0.5,1
FAIR-003825,RUN-004127,G1_senior,1,0.4169,0.4569,0.5,0
FAIR-003826,RUN-008547,G3_junior,0,0.4229,0.3029,0.5,0
FAIR-003827,RUN-010483,G3_junior,0,0.4258,0.3058,0.5,0
FAIR-003828,RUN-006836,G2_mid,1,0.7781,0.7781,0.5,1
FAIR-003829,RUN-006933,G0_unknown,0,0.144,0.144,0.5,0
FAIR-003830,RUN-011399,G2_mid,1,0.6678,0.6678,0.5,1
FAIR-003831,RUN-006964,G2_mid,0,0.245,0.245,0.5,0
FAIR-003832,RUN-003210,G3_junior,1,0.7975,0.6775,0.5,1
FAIR-003833,RUN-005099,G3_junior,0,0.4264,0.3064,0.5,0
FAIR-003834,RUN-010651,G3_junior,1,0.366,0.246,0.5,0
FAIR-003835,RUN-006542,G2_mid,0,0.1138,0.1138,0.5,0
FAIR-003836,RUN-008261,G3_junior,1,0.868,0.748,0.5,1
FAIR-003837,RUN-009763,G3_junior,0,0.389,0.269,0.5,0
FAIR-003838,RUN-000564,G3_junior,0,0.3472,0.2272,0.5,0
FAIR-003839,RUN-007161,G2_mid,0,0.2554,0.2554,0.5,0
FAIR-003840,RUN-006342,G2_mid,0,0.1063,0.1063,0.5,0
FAIR-003841,RUN-005343,G3_junior,1,0.8229,0.7029,0.5,1
FAIR-003842,RUN-011312,G3_junior,0,0.4559,0.3359,0.5,0
FAIR-003843,RUN-000066,G3_junior,0,0.4647,0.3447,0.5,0
FAIR-003844,RUN-003226,G3_junior,0,0.12,0,0.5,0
FAIR-003845,RUN-010410,G2_mid,1,0.6447,0.6447,0.5,0
FAIR-003846,RUN-001971,G2_mid,0,0.1892,0.1892,0.5,0
FAIR-003847,RUN-000154,G3_junior,0,0.4004,0.2804,0.5,0
FAIR-003848,RUN-002199,G2_mid,0,0.0236,0.0236,0.5,0
FAIR-003849,RUN-003469,G2_mid,0,0,0,0.5,0
FAIR-003850,RUN-009706,G3_junior,0,0.5183,0.3983,0.5,0
FAIR-003851,RUN-007820,G3_junior,1,0.698,0.578,0.5,1
FAIR-003852,RUN-004368,G3_junior,0,0.4008,0.2808,0.5,0
FAIR-003853,RUN-000608,G3_junior,1,0.7583,0.6383,0.5,1
FAIR-003854,RUN-009039,G3_junior,0,0.4691,0.3491,0.5,0
FAIR-003855,RUN-001375,G3_junior,1,1,0.888,0.5,1
FAIR-003856,RUN-011233,G1_senior,0,0.1036,0.1436,0.5,0
FAIR-003857,RUN-004954,G3_junior,1,0.888,0.768,0.5,1
FAIR-003858,RUN-006986,G2_mid,0,0.0272,0.0272,0.5,0
FAIR-003859,RUN-011405,G2_mid,0,0.0848,0.0848,0.5,0
FAIR-003860,RUN-010712,G2_mid,0,0.4439,0.4439,0.5,0
FAIR-003861,RUN-005990,G1_senior,0,0.002,0.042,0.5,0
FAIR-003862,RUN-004927,G3_junior,1,0.843,0.723,0.5,1
FAIR-003863,RUN-011009,G2_mid,0,0.291,0.291,0.5,0
FAIR-003864,RUN-006801,G3_junior,0,0.4003,0.2803,0.5,0
FAIR-003865,RUN-006533,G3_junior,0,0.3322,0.2122,0.5,0
FAIR-003866,RUN-003294,G3_junior,1,0.6151,0.4951,0.5,0
FAIR-003867,RUN-011093,G2_mid,0,0.2713,0.2713,0.5,0
FAIR-003868,RUN-007520,G3_junior,0,0.2016,0.0816,0.5,0
FAIR-003869,RUN-000783,G2_mid,1,0.4513,0.4513,0.5,0
FAIR-003870,RUN-010655,G3_junior,1,0.7376,0.6176,0.5,1
FAIR-003871,RUN-001474,G3_junior,1,0.9684,0.8484,0.5,1
FAIR-003872,RUN-011147,G2_mid,0,0.1081,0.1081,0.5,0
FAIR-003873,RUN-000259,G3_junior,0,0.2804,0.1604,0.5,0
FAIR-003874,RUN-008561,G3_junior,1,0.521,0.401,0.5,0
FAIR-003875,RUN-006110,G3_junior,1,0.8407,0.7207,0.5,1
FAIR-003876,RUN-002301,G3_junior,0,0.2899,0.1699,0.5,0
FAIR-003877,RUN-002246,G3_junior,0,0.2952,0.1752,0.5,0
FAIR-003878,RUN-003151,G3_junior,0,0.6436,0.5236,0.5,0
FAIR-003879,RUN-000113,G3_junior,0,0.3625,0.2425,0.5,0
FAIR-003880,RUN-001828,G3_junior,0,0.1712,0.0512,0.5,0
FAIR-003881,RUN-002467,G3_junior,1,0.5715,0.4515,0.5,0
FAIR-003882,RUN-002954,G3_junior,1,0.734,0.614,0.5,1
FAIR-003883,RUN-001086,G0_unknown,0,0.2164,0.2164,0.5,0
FAIR-003884,RUN-002216,G2_mid,1,0.4643,0.4643,0.5,0
FAIR-003885,RUN-007735,G1_senior,0,0.1264,0.1664,0.5,0
FAIR-003886,RUN-009190,G3_junior,0,0.2023,0.0823,0.5,0
FAIR-003887,RUN-002920,G3_junior,0,0.4213,0.3013,0.5,0
FAIR-003888,RUN-008405,G3_junior,0,0.2696,0.1496,0.5,0
FAIR-003889,RUN-002431,G3_junior,0,0.229,0.109,0.5,0
FAIR-003890,RUN-011402,G3_junior,1,0.8644,0.7444,0.5,1
FAIR-003891,RUN-009800,G2_mid,0,0.2086,0.2086,0.5,0
FAIR-003892,RUN-001225,G3_junior,0,0.5233,0.4033,0.5,0
FAIR-003893,RUN-009935,G3_junior,0,0.3402,0.2202,0.5,0
FAIR-003894,RUN-007968,G1_senior,1,0.6844,0.7244,0.5,1
FAIR-003895,RUN-005823,G3_junior,1,0.7323,0.6123,0.5,1
FAIR-003896,RUN-007534,G3_junior,1,0.9213,0.8013,0.5,1
FAIR-003897,RUN-001899,G2_mid,1,0.4544,0.4544,0.5,0
FAIR-003898,RUN-009396,G3_junior,0,0.12,0,0.5,0
FAIR-003899,RUN-005784,G0_unknown,1,0.5302,0.5302,0.5,0
FAIR-003900,RUN-004611,G2_mid,0,0.2835,0.2835,0.5,0
FAIR-003901,RUN-010329,G3_junior,1,0.6489,0.5289,0.5,0
FAIR-003902,RUN-005028,G3_junior,1,0.815,0.695,0.5,1
FAIR-003903,RUN-006331,G1_senior,0,0.1775,0.2175,0.5,0
FAIR-003904,RUN-005519,G3_junior,0,0.4037,0.2837,0.5,0
FAIR-003905,RUN-007542,G3_junior,0,0.4032,0.2832,0.5,0
FAIR-003906,RUN-006967,G3_junior,0,0.5474,0.4274,0.5,0
FAIR-003907,RUN-006309,G3_junior,0,0.1689,0.0489,0.5,0
FAIR-003908,RUN-003396,G1_senior,0,0.0287,0.0687,0.5,0
FAIR-003909,RUN-008008,G1_senior,0,0.0093,0.0493,0.5,0
FAIR-003910,RUN-004935,G3_junior,1,0.4962,0.3762,0.5,0
FAIR-003911,RUN-000463,G3_junior,0,0.1308,0.0108,0.5,0
FAIR-003912,RUN-005167,G2_mid,1,0.7648,0.7648,0.5,1
FAIR-003913,RUN-006154,G2_mid,0,0.2644,0.2644,0.5,0
FAIR-003914,RUN-008816,G2_mid,0,0.057,0.057,0.5,0
FAIR-003915,RUN-010448,G3_junior,1,0.6759,0.5559,0.5,1
FAIR-003916,RUN-003692,G3_junior,0,0.3538,0.2338,0.5,0
FAIR-003917,RUN-006426,G2_mid,1,0.596,0.596,0.5,0
FAIR-003918,RUN-004473,G3_junior,0,0.3428,0.2228,0.5,0
FAIR-003919,RUN-010067,G2_mid,1,0.6458,0.6458,0.5,0
FAIR-003920,RUN-005857,G1_senior,0,0.0898,0.1298,0.5,0
FAIR-003921,RUN-000078,G2_mid,0,0.2446,0.2446,0.5,0
FAIR-003922,RUN-011400,G3_junior,1,0.6489,0.5289,0.5,0
FAIR-003923,RUN-001996,G2_mid,0,0.3455,0.3455,0.5,0
FAIR-003924,RUN-008533,G3_junior,1,1,0.8814,0.5,1
FAIR-003925,RUN-008007,G3_junior,0,0.2356,0.1156,0.5,0
FAIR-003926,RUN-007768,G3_junior,1,0.8306,0.7106,0.5,1
FAIR-003927,RUN-005695,G3_junior,1,0.6827,0.5627,0.5,1
FAIR-003928,RUN-000749,G3_junior,1,0.9288,0.8088,0.5,1
FAIR-003929,RUN-002214,G2_mid,0,0.1445,0.1445,0.5,0
FAIR-003930,RUN-007245,G1_senior,0,0.1514,0.1914,0.5,0
FAIR-003931,RUN-003513,G3_junior,1,0.5494,0.4294,0.5,0
FAIR-003932,RUN-003723,G3_junior,1,0.9738,0.8538,0.5,1
FAIR-003933,RUN-004412,G3_junior,0,0.3678,0.2478,0.5,0
FAIR-003934,RUN-010623,G3_junior,1,0.6261,0.5061,0.5,0
FAIR-003935,RUN-000023,G3_junior,1,0.8439,0.7239,0.5,1
FAIR-003936,RUN-000648,G3_junior,0,0.1414,0.0214,0.5,0
FAIR-003937,RUN-003426,G2_mid,1,0.735,0.735,0.5,1
FAIR-003938,RUN-010509,G2_mid,0,0.256,0.256,0.5,0
FAIR-003939,RUN-002123,G0_unknown,0,0.368,0.368,0.5,0
FAIR-003940,RUN-007949,G2_mid,0,0.2971,0.2971,0.5,0
FAIR-003941,RUN-003852,G3_junior,0,0.12,0,0.5,0
FAIR-003942,RUN-000943,G3_junior,0,0.395,0.275,0.5,0
FAIR-003943,RUN-010940,G1_senior,0,0.0926,0.1326,0.5,0
FAIR-003944,RUN-011333,G2_mid,0,0.2401,0.2401,0.5,0
FAIR-003945,RUN-001409,G3_junior,0,0.2932,0.1732,0.5,0
FAIR-003946,RUN-010168,G2_mid,1,0.6685,0.6685,0.5,1
FAIR-003947,RUN-004212,G3_junior,0,0.1626,0.0426,0.5,0
FAIR-003948,RUN-008733,G3_junior,0,0.3137,0.1937,0.5,0
FAIR-003949,RUN-010393,G3_junior,1,0.7254,0.6054,0.5,1
FAIR-003950,RUN-003333,G0_unknown,0,0.2691,0.2691,0.5,0
FAIR-003951,RUN-003637,G3_junior,1,0.9806,0.8606,0.5,1
FAIR-003952,RUN-010828,G3_junior,0,0.1503,0.0303,0.5,0
FAIR-003953,RUN-003344,G3_junior,1,1,0.8837,0.5,1
FAIR-003954,RUN-000044,G3_junior,1,0.7551,0.6351,0.5,1
FAIR-003955,RUN-008555,G3_junior,0,0.3461,0.2261,0.5,0
FAIR-003956,RUN-008285,G3_junior,0,0.12,0,0.5,0
FAIR-003957,RUN-004679,G0_unknown,1,0.8145,0.8145,0.5,1
FAIR-003958,RUN-006571,G1_senior,0,0.1253,0.1653,0.5,0
FAIR-003959,RUN-004434,G3_junior,0,0.2714,0.1514,0.5,0
FAIR-003960,RUN-010491,G3_junior,1,0.6691,0.5491,0.5,1
FAIR-003961,RUN-009386,G3_junior,0,0.1826,0.0626,0.5,0
FAIR-003962,RUN-004123,G2_mid,0,0.1343,0.1343,0.5,0
FAIR-003963,RUN-001945,G1_senior,0,0.0391,0.0791,0.5,0
FAIR-003964,RUN-002857,G0_unknown,1,0.7156,0.7156,0.5,1
FAIR-003965,RUN-004121,G1_senior,0,0.1343,0.1743,0.5,0
FAIR-003966,RUN-009306,G2_mid,0,0,0,0.5,0
FAIR-003967,RUN-005716,G3_junior,1,0.7016,0.5816,0.5,1
FAIR-003968,RUN-009178,G2_mid,1,0.7871,0.7871,0.5,1
FAIR-003969,RUN-005578,G2_mid,0,0.1702,0.1702,0.5,0
FAIR-003970,RUN-004822,G3_junior,0,0.1418,0.0218,0.5,0
FAIR-003971,RUN-008348,G2_mid,1,0.7477,0.7477,0.5,1
FAIR-003972,RUN-005717,G1_senior,0,0,0,0.5,0
FAIR-003973,RUN-011162,G2_mid,1,0.6754,0.6754,0.5,1
FAIR-003974,RUN-003277,G3_junior,0,0.2722,0.1522,0.5,0
FAIR-003975,RUN-005846,G3_junior,1,0.6513,0.5313,0.5,1
FAIR-003976,RUN-006345,G3_junior,1,0.686,0.566,0.5,1
FAIR-003977,RUN-003245,G3_junior,0,0.6035,0.4835,0.5,0
FAIR-003978,RUN-007760,G1_senior,0,0.0627,0.1027,0.5,0
FAIR-003979,RUN-003262,G2_mid,1,0.712,0.712,0.5,1
FAIR-003980,RUN-005746,G3_junior,0,0.3282,0.2082,0.5,0
FAIR-003981,RUN-010144,G2_mid,0,0.1056,0.1056,0.5,0
FAIR-003982,RUN-004498,G3_junior,0,0.327,0.207,0.5,0
FAIR-003983,RUN-003853,G2_mid,0,0.132,0.132,0.5,0
FAIR-003984,RUN-005845,G3_junior,1,0.8483,0.7283,0.5,1
FAIR-003985,RUN-004729,G3_junior,0,0.12,0,0.5,0
FAIR-003986,RUN-010140,G3_junior,0,0.12,0,0.5,0
FAIR-003987,RUN-002498,G3_junior,0,0.4999,0.3799,0.5,0
FAIR-003988,RUN-003074,G3_junior,0,0.4639,0.3439,0.5,0
FAIR-003989,RUN-001585,G3_junior,0,0.3591,0.2391,0.5,0
FAIR-003990,RUN-003015,G3_junior,1,0.6143,0.4943,0.5,0
FAIR-003991,RUN-007268,G3_junior,1,0.7906,0.6706,0.5,1
FAIR-003992,RUN-000650,G3_junior,0,0.229,0.109,0.5,0
FAIR-003993,RUN-009071,G3_junior,0,0.3233,0.2033,0.5,0
FAIR-003994,RUN-010382,G3_junior,1,0.4686,0.3486,0.5,0
FAIR-003995,RUN-002371,G1_senior,1,0.613,0.653,0.5,0
FAIR-003996,RUN-000035,G3_junior,0,0.3694,0.2494,0.5,0
FAIR-003997,RUN-000449,G2_mid,1,0.7134,0.7134,0.5,1
FAIR-003998,RUN-005276,G3_junior,1,0.4904,0.3704,0.5,0
FAIR-003999,RUN-005397,G3_junior,1,0.8286,0.7086,0.5,1
FAIR-004000,RUN-000155,G2_mid,0,0.2341,0.2341,0.5,0
FAIR-004001,RUN-002533,G0_unknown,1,0.9578,0.9578,0.5,1
FAIR-004002,RUN-006299,G1_senior,1,0.8024,0.8424,0.5,1
FAIR-004003,RUN-001781,G3_junior,0,0.1667,0.0467,0.5,0
FAIR-004004,RUN-002817,G2_mid,0,0.1252,0.1252,0.5,0
FAIR-004005,RUN-010021,G2_mid,1,0.5426,0.5426,0.5,0
FAIR-004006,RUN-008388,G3_junior,0,0.6237,0.5037,0.5,0
FAIR-004007,RUN-007340,G3_junior,0,0.4655,0.3455,0.5,0
FAIR-004008,RUN-004169,G3_junior,0,0.3031,0.1831,0.5,0
FAIR-004009,RUN-000873,G3_junior,0,0.3134,0.1934,0.5,0
FAIR-004010,RUN-009478,G3_junior,0,0.2029,0.0829,0.5,0
FAIR-004011,RUN-011027,G3_junior,1,0.7927,0.6727,0.5,1
FAIR-004012,RUN-006311,G2_mid,1,0.5587,0.5587,0.5,0
FAIR-004013,RUN-008300,G2_mid,1,0.9574,0.9574,0.5,1
FAIR-004014,RUN-004142,G2_mid,0,0.1109,0.1109,0.5,0
FAIR-004015,RUN-010872,G1_senior,0,0.2086,0.2486,0.5,0
FAIR-004016,RUN-008785,G3_junior,1,0.9578,0.8378,0.5,1
FAIR-004017,RUN-007717,G2_mid,0,0,0,0.5,0
FAIR-004018,RUN-006048,G1_senior,1,0.8224,0.8624,0.5,1
FAIR-004019,RUN-005398,G3_junior,0,0.12,0,0.5,0
FAIR-004020,RUN-008550,G1_senior,0,0.2305,0.2705,0.5,0
FAIR-004021,RUN-010665,G2_mid,1,0.746,0.746,0.5,1
FAIR-004022,RUN-000225,G3_junior,0,0.3554,0.2354,0.5,0
FAIR-004023,RUN-007026,G3_junior,0,0.317,0.197,0.5,0
FAIR-004024,RUN-005371,G3_junior,0,0.2933,0.1733,0.5,0
FAIR-004025,RUN-001895,G0_unknown,0,0.082,0.082,0.5,0
FAIR-004026,RUN-007154,G1_senior,0,0,0,0.5,0
FAIR-004027,RUN-008260,G3_junior,0,0.2662,0.1462,0.5,0
FAIR-004028,RUN-007596,G2_mid,0,0.3044,0.3044,0.5,0
FAIR-004029,RUN-007486,G0_unknown,0,0.0072,0.0072,0.5,0
FAIR-004030,RUN-003242,G1_senior,0,0.0689,0.1089,0.5,0
FAIR-004031,RUN-002285,G3_junior,0,0.12,0,0.5,0
FAIR-004032,RUN-004044,G2_mid,0,0.092,0.092,0.5,0
FAIR-004033,RUN-001042,G3_junior,1,0.6286,0.5086,0.5,0
FAIR-004034,RUN-008030,G3_junior,0,0.3047,0.1847,0.5,0
FAIR-004035,RUN-001392,G3_junior,0,0.4333,0.3133,0.5,0
FAIR-004036,RUN-004985,G3_junior,0,0.12,0,0.5,0
FAIR-004037,RUN-004203,G1_senior,0,0,0.0291,0.5,0
FAIR-004038,RUN-007867,G1_senior,0,0.2354,0.2754,0.5,0
FAIR-004039,RUN-010149,G1_senior,0,0,0.0062,0.5,0
FAIR-004040,RUN-009895,G3_junior,1,0.9518,0.8318,0.5,1
FAIR-004041,RUN-008182,G3_junior,0,0.1295,0.0095,0.5,0
FAIR-004042,RUN-002328,G1_senior,0,0.2212,0.2612,0.5,0
FAIR-004043,RUN-009957,G3_junior,1,0.8165,0.6965,0.5,1
FAIR-004044,RUN-003711,G1_senior,0,0.0138,0.0538,0.5,0
FAIR-004045,RUN-007507,G2_mid,1,0.6591,0.6591,0.5,1
FAIR-004046,RUN-008870,G3_junior,1,0.9261,0.8061,0.5,1
FAIR-004047,RUN-004990,G3_junior,1,0.8302,0.7102,0.5,1
FAIR-004048,RUN-011177,G3_junior,1,0.7194,0.5994,0.5,1
FAIR-004049,RUN-010080,G3_junior,1,0.6979,0.5779,0.5,1
FAIR-004050,RUN-006243,G1_senior,1,0.8107,0.8507,0.5,1
FAIR-004051,RUN-009279,G2_mid,1,0.603,0.603,0.5,0
FAIR-004052,RUN-000390,G3_junior,0,0.2295,0.1095,0.5,0
FAIR-004053,RUN-009446,G3_junior,0,0.5094,0.3894,0.5,0
FAIR-004054,RUN-007938,G2_mid,0,0.0971,0.0971,0.5,0
FAIR-004055,RUN-001616,G1_senior,0,0,0,0.5,0
FAIR-004056,RUN-010906,G3_junior,0,0.1887,0.0687,0.5,0
FAIR-004057,RUN-010836,G3_junior,1,0.5878,0.4678,0.5,0
FAIR-004058,RUN-007855,G3_junior,1,0.9501,0.8301,0.5,1
FAIR-004059,RUN-006269,G1_senior,1,0.6434,0.6834,0.5,0
FAIR-004060,RUN-001179,G3_junior,1,0.8654,0.7454,0.5,1
FAIR-004061,RUN-003251,G3_junior,0,0.3282,0.2082,0.5,0
FAIR-004062,RUN-008005,G2_mid,0,0.1234,0.1234,0.5,0
FAIR-004063,RUN-007826,G2_mid,0,0.0404,0.0404,0.5,0
FAIR-004064,RUN-009463,G1_senior,0,0.2342,0.2742,0.5,0
FAIR-004065,RUN-002321,G3_junior,0,0.6166,0.4966,0.5,0
FAIR-004066,RUN-002861,G2_mid,1,0.8313,0.8313,0.5,1
FAIR-004067,RUN-008583,G3_junior,0,0.12,0,0.5,0
FAIR-004068,RUN-006729,G0_unknown,0,0.0772,0.0772,0.5,0
FAIR-004069,RUN-010826,G3_junior,0,0.3529,0.2329,0.5,0
FAIR-004070,RUN-011040,G0_unknown,1,0.9816,0.9816,0.5,1
FAIR-004071,RUN-000410,G3_junior,0,0.4388,0.3188,0.5,0
FAIR-004072,RUN-004928,G1_senior,0,0.0665,0.1065,0.5,0
FAIR-004073,RUN-001461,G1_senior,1,0.6875,0.7275,0.5,1
FAIR-004074,RUN-011343,G2_mid,1,0.7079,0.7079,0.5,1
FAIR-004075,RUN-008983,G3_junior,0,0.3241,0.2041,0.5,0
FAIR-004076,RUN-005324,G3_junior,1,1,0.8902,0.5,1
FAIR-004077,RUN-004246,G2_mid,0,0.109,0.109,0.5,0
FAIR-004078,RUN-008860,G1_senior,0,0,0.0002,0.5,0
FAIR-004079,RUN-002128,G2_mid,0,0.1164,0.1164,0.5,0
FAIR-004080,RUN-000688,G0_unknown,0,0.3281,0.3281,0.5,0
FAIR-004081,RUN-011183,G2_mid,1,0.8835,0.8835,0.5,1
FAIR-004082,RUN-007662,G3_junior,0,0.5157,0.3957,0.5,0
FAIR-004083,RUN-001283,G3_junior,0,0.342,0.222,0.5,0
FAIR-004084,RUN-004662,G1_senior,0,0.1108,0.1508,0.5,0
FAIR-004085,RUN-004244,G2_mid,0,0.4031,0.4031,0.5,0
FAIR-004086,RUN-008091,G1_senior,0,0.0267,0.0667,0.5,0
FAIR-004087,RUN-003154,G2_mid,0,0.4378,0.4378,0.5,0
FAIR-004088,RUN-000477,G3_junior,1,0.7578,0.6378,0.5,1
FAIR-004089,RUN-002742,G3_junior,0,0.4849,0.3649,0.5,0
FAIR-004090,RUN-010650,G1_senior,0,0.3292,0.3692,0.5,0
FAIR-004091,RUN-001053,G0_unknown,0,0.2783,0.2783,0.5,0
FAIR-004092,RUN-005757,G3_junior,0,0.3349,0.2149,0.5,0
FAIR-004093,RUN-007348,G3_junior,1,0.838,0.718,0.5,1
FAIR-004094,RUN-004337,G3_junior,1,0.7774,0.6574,0.5,1
FAIR-004095,RUN-009977,G3_junior,0,0.3967,0.2767,0.5,0
FAIR-004096,RUN-002223,G3_junior,0,0.4,0.28,0.5,0
FAIR-004097,RUN-007323,G2_mid,1,0.6706,0.6706,0.5,1
FAIR-004098,RUN-005293,G3_junior,0,0.4087,0.2887,0.5,0
FAIR-004099,RUN-004658,G3_junior,1,0.7846,0.6646,0.5,1
FAIR-004100,RUN-000897,G2_mid,0,0.2848,0.2848,0.5,0
FAIR-004101,RUN-006668,G3_junior,0,0.2373,0.1173,0.5,0
FAIR-004102,RUN-006056,G1_senior,0,0.0362,0.0762,0.5,0
FAIR-004103,RUN-001832,G3_junior,0,0.349,0.229,0.5,0
FAIR-004104,RUN-006078,G1_senior,0,0,0,0.5,0
FAIR-004105,RUN-005968,G2_mid,1,0.5965,0.5965,0.5,0
FAIR-004106,RUN-003700,G3_junior,1,0.847,0.727,0.5,1
FAIR-004107,RUN-004159,G3_junior,1,0.9319,0.8119,0.5,1
FAIR-004108,RUN-003231,G2_mid,0,0.2128,0.2128,0.5,0
FAIR-004109,RUN-006764,G3_junior,0,0.2432,0.1232,0.5,0
FAIR-004110,RUN-002986,G2_mid,1,0.7399,0.7399,0.5,1
FAIR-004111,RUN-007959,G3_junior,0,0.355,0.235,0.5,0
FAIR-004112,RUN-010561,G1_senior,0,0.2282,0.2682,0.5,0
FAIR-004113,RUN-000815,G2_mid,0,0.0363,0.0363,0.5,0
FAIR-004114,RUN-002270,G3_junior,0,0.3339,0.2139,0.5,0
FAIR-004115,RUN-007012,G2_mid,0,0.1768,0.1768,0.5,0
FAIR-004116,RUN-007992,G2_mid,0,0.1063,0.1063,0.5,0
FAIR-004117,RUN-005573,G3_junior,0,0.2377,0.1177,0.5,0
FAIR-004118,RUN-004471,G1_senior,0,0.0522,0.0922,0.5,0
FAIR-004119,RUN-007254,G3_junior,0,0.2078,0.0878,0.5,0
FAIR-004120,RUN-000383,G3_junior,0,0.349,0.229,0.5,0
FAIR-004121,RUN-007456,G3_junior,0,0.1678,0.0478,0.5,0
FAIR-004122,RUN-008081,G3_junior,1,0.9101,0.7901,0.5,1
FAIR-004123,RUN-011122,G3_junior,0,0.2984,0.1784,0.5,0
FAIR-004124,RUN-006804,G3_junior,0,0.3209,0.2009,0.5,0
FAIR-004125,RUN-003953,G3_junior,0,0.2589,0.1389,0.5,0
FAIR-004126,RUN-002943,G1_senior,0,0,0.0318,0.5,0
FAIR-004127,RUN-003219,G3_junior,1,0.7512,0.6312,0.5,1
FAIR-004128,RUN-001138,G3_junior,1,0.6939,0.5739,0.5,1
FAIR-004129,RUN-006258,G1_senior,0,0,0.0291,0.5,0
FAIR-004130,RUN-010503,G2_mid,1,0.4281,0.4281,0.5,0
FAIR-004131,RUN-001931,G3_junior,0,0.3602,0.2402,0.5,0
FAIR-004132,RUN-005708,G3_junior,1,0.8091,0.6891,0.5,1
FAIR-004133,RUN-004549,G3_junior,0,0.3005,0.1805,0.5,0
FAIR-004134,RUN-005530,G2_mid,0,0.2364,0.2364,0.5,0
FAIR-004135,RUN-006171,G3_junior,1,0.7396,0.6196,0.5,1
FAIR-004136,RUN-007611,G3_junior,1,0.8967,0.7767,0.5,1
FAIR-004137,RUN-009880,G0_unknown,0,0,0,0.5,0
FAIR-004138,RUN-004788,G3_junior,0,0.1722,0.0522,0.5,0
FAIR-004139,RUN-010363,G3_junior,0,0.2474,0.1274,0.5,0
FAIR-004140,RUN-000162,G2_mid,0,0,0,0.5,0
FAIR-004141,RUN-009735,G3_junior,0,0.3825,0.2625,0.5,0
FAIR-004142,RUN-006495,G2_mid,0,0.065,0.065,0.5,0
FAIR-004143,RUN-004186,G2_mid,0,0.3393,0.3393,0.5,0
FAIR-004144,RUN-010704,G3_junior,0,0.5625,0.4425,0.5,0
FAIR-004145,RUN-001139,G3_junior,1,0.7397,0.6197,0.5,1
FAIR-004146,RUN-004072,G1_senior,0,0.3304,0.3704,0.5,0
FAIR-004147,RUN-007058,G2_mid,0,0.2302,0.2302,0.5,0
FAIR-004148,RUN-008722,G3_junior,0,0.4495,0.3295,0.5,0
FAIR-004149,RUN-005275,G3_junior,1,0.9136,0.7936,0.5,1
FAIR-004150,RUN-003515,G2_mid,0,0.163,0.163,0.5,0
FAIR-004151,RUN-006577,G3_junior,0,0.3161,0.1961,0.5,0
FAIR-004152,RUN-009717,G1_senior,0,0.3481,0.3881,0.5,0
FAIR-004153,RUN-011396,G3_junior,1,0.562,0.442,0.5,0
FAIR-004154,RUN-005545,G2_mid,1,1,1,0.5,1
FAIR-004155,RUN-008139,G3_junior,1,0.6213,0.5013,0.5,0
FAIR-004156,RUN-007841,G1_senior,0,0.1143,0.1543,0.5,0
FAIR-004157,RUN-002631,G3_junior,0,0.5261,0.4061,0.5,0
FAIR-004158,RUN-003179,G3_junior,0,0.3301,0.2101,0.5,0
FAIR-004159,RUN-005159,G2_mid,0,0.2371,0.2371,0.5,0
FAIR-004160,RUN-009393,G3_junior,1,0.7407,0.6207,0.5,1
FAIR-004161,RUN-002251,G3_junior,0,0.237,0.117,0.5,0
FAIR-004162,RUN-007393,G2_mid,0,0.2962,0.2962,0.5,0
FAIR-004163,RUN-010863,G2_mid,0,0.0161,0.0161,0.5,0
FAIR-004164,RUN-003621,G2_mid,0,0.3473,0.3473,0.5,0
FAIR-004165,RUN-002342,G2_mid,1,0.593,0.593,0.5,0
FAIR-004166,RUN-009912,G3_junior,0,0.305,0.185,0.5,0
FAIR-004167,RUN-005002,G3_junior,0,0.4805,0.3605,0.5,0
FAIR-004168,RUN-006346,G1_senior,1,0.5159,0.5559,0.5,0
FAIR-004169,RUN-010138,G1_senior,0,0.2647,0.3047,0.5,0
FAIR-004170,RUN-006938,G3_junior,0,0.2734,0.1534,0.5,0
FAIR-004171,RUN-004783,G3_junior,1,0.9425,0.8225,0.5,1
FAIR-004172,RUN-009830,G1_senior,1,0.6313,0.6713,0.5,0
FAIR-004173,RUN-010662,G3_junior,1,1,0.8972,0.5,1
FAIR-004174,RUN-002661,G2_mid,0,0.1336,0.1336,0.5,0
FAIR-004175,RUN-000755,G1_senior,0,0.2219,0.2619,0.5,0
FAIR-004176,RUN-001218,G1_senior,1,0.6151,0.6551,0.5,0
FAIR-004177,RUN-003666,G3_junior,1,0.7739,0.6539,0.5,1
FAIR-004178,RUN-010904,G3_junior,0,0.3786,0.2586,0.5,0
FAIR-004179,RUN-008305,G3_junior,1,0.8528,0.7328,0.5,1
FAIR-004180,RUN-009173,G3_junior,0,0.5723,0.4523,0.5,0
FAIR-004181,RUN-006185,G2_mid,1,0.5648,0.5648,0.5,0
FAIR-004182,RUN-007335,G3_junior,1,0.8079,0.6879,0.5,1
FAIR-004183,RUN-001207,G3_junior,1,0.8098,0.6898,0.5,1
FAIR-004184,RUN-007190,G3_junior,1,0.8703,0.7503,0.5,1
FAIR-004185,RUN-007408,G2_mid,1,0.7408,0.7408,0.5,1
FAIR-004186,RUN-005375,G3_junior,1,0.4694,0.3494,0.5,0
FAIR-004187,RUN-002041,G2_mid,1,0.7304,0.7304,0.5,1
FAIR-004188,RUN-003930,G3_junior,0,0.16,0.04,0.5,0
FAIR-004189,RUN-011181,G3_junior,1,0.7632,0.6432,0.5,1
FAIR-004190,RUN-001717,G3_junior,1,0.5504,0.4304,0.5,0
FAIR-004191,RUN-000371,G3_junior,1,0.6984,0.5784,0.5,1
FAIR-004192,RUN-010350,G3_junior,0,0.5704,0.4504,0.5,0
FAIR-004193,RUN-002824,G3_junior,0,0.3075,0.1875,0.5,0
FAIR-004194,RUN-009604,G2_mid,0,0.079,0.079,0.5,0
FAIR-004195,RUN-011203,G3_junior,0,0.3048,0.1848,0.5,0
FAIR-004196,RUN-004341,G3_junior,1,0.7735,0.6535,0.5,1
FAIR-004197,RUN-008422,G0_unknown,0,0,0,0.5,0
FAIR-004198,RUN-005591,G1_senior,0,0.1796,0.2196,0.5,0
FAIR-004199,RUN-003672,G2_mid,0,0.2169,0.2169,0.5,0
FAIR-004200,RUN-009744,G3_junior,0,0.1973,0.0773,0.5,0
FAIR-004201,RUN-007008,G1_senior,0,0.1623,0.2023,0.5,0
FAIR-004202,RUN-008865,G1_senior,1,0.5225,0.5625,0.5,0
FAIR-004203,RUN-009666,G2_mid,1,0.4469,0.4469,0.5,0
FAIR-004204,RUN-009003,G3_junior,0,0.2275,0.1075,0.5,0
FAIR-004205,RUN-009065,G1_senior,0,0.1826,0.2226,0.5,0
FAIR-004206,RUN-006252,G1_senior,0,0,0,0.5,0
FAIR-004207,RUN-000704,G3_junior,0,0.3292,0.2092,0.5,0
FAIR-004208,RUN-001532,G2_mid,0,0.0411,0.0411,0.5,0
FAIR-004209,RUN-008775,G2_mid,1,0.8178,0.8178,0.5,1
FAIR-004210,RUN-000408,G1_senior,0,0.1709,0.2109,0.5,0
FAIR-004211,RUN-008484,G3_junior,0,0.12,0,0.5,0
FAIR-004212,RUN-001055,G3_junior,1,0.5935,0.4735,0.5,0
FAIR-004213,RUN-000895,G3_junior,0,0.3458,0.2258,0.5,0
FAIR-004214,RUN-000604,G1_senior,0,0.3496,0.3896,0.5,0
FAIR-004215,RUN-002665,G3_junior,1,0.7716,0.6516,0.5,1
FAIR-004216,RUN-008971,G3_junior,0,0.2018,0.0818,0.5,0
FAIR-004217,RUN-000483,G3_junior,0,0.4836,0.3636,0.5,0
FAIR-004218,RUN-004736,G3_junior,1,0.8541,0.7341,0.5,1
FAIR-004219,RUN-002398,G1_senior,0,0.1471,0.1871,0.5,0
FAIR-004220,RUN-002319,G3_junior,0,0.4143,0.2943,0.5,0
FAIR-004221,RUN-000384,G2_mid,0,0.2677,0.2677,0.5,0
FAIR-004222,RUN-005195,G3_junior,0,0.4363,0.3163,0.5,0
FAIR-004223,RUN-007210,G3_junior,1,0.6313,0.5113,0.5,0
FAIR-004224,RUN-007956,G0_unknown,0,0.2109,0.2109,0.5,0
FAIR-004225,RUN-001902,G3_junior,0,0.3127,0.1927,0.5,0
FAIR-004226,RUN-000806,G3_junior,1,0.7986,0.6786,0.5,1
FAIR-004227,RUN-005749,G3_junior,0,0.1337,0.0137,0.5,0
FAIR-004228,RUN-010155,G3_junior,0,0.2501,0.1301,0.5,0
FAIR-004229,RUN-007738,G1_senior,0,0.1407,0.1807,0.5,0
FAIR-004230,RUN-006944,G3_junior,0,0.341,0.221,0.5,0
FAIR-004231,RUN-001304,G1_senior,0,0.1051,0.1451,0.5,0
FAIR-004232,RUN-005281,G3_junior,0,0.3742,0.2542,0.5,0
FAIR-004233,RUN-003678,G2_mid,1,0.5005,0.5005,0.5,0
FAIR-004234,RUN-006312,G3_junior,1,0.7386,0.6186,0.5,1
FAIR-004235,RUN-000795,G0_unknown,1,0.7849,0.7849,0.5,1
FAIR-004236,RUN-004881,G1_senior,0,0.0401,0.0801,0.5,0
FAIR-004237,RUN-001083,G2_mid,0,0.2528,0.2528,0.5,0
FAIR-004238,RUN-000057,G3_junior,1,0.8027,0.6827,0.5,1
FAIR-004239,RUN-006368,G3_junior,1,0.6094,0.4894,0.5,0
FAIR-004240,RUN-006553,G2_mid,1,0.6305,0.6305,0.5,0
FAIR-004241,RUN-002669,G3_junior,0,0.2424,0.1224,0.5,0
FAIR-004242,RUN-010845,G1_senior,0,0.1889,0.2289,0.5,0
FAIR-004243,RUN-003945,G3_junior,1,0.5849,0.4649,0.5,0
FAIR-004244,RUN-010190,G1_senior,0,0,0,0.5,0
FAIR-004245,RUN-000178,G3_junior,0,0.2548,0.1348,0.5,0
FAIR-004246,RUN-001787,G3_junior,0,0.2376,0.1176,0.5,0
FAIR-004247,RUN-006598,G2_mid,0,0.408,0.408,0.5,0
FAIR-004248,RUN-003661,G3_junior,0,0.3833,0.2633,0.5,0
FAIR-004249,RUN-000674,G3_junior,1,0.6092,0.4892,0.5,0
FAIR-004250,RUN-009322,G1_senior,0,0.0271,0.0671,0.5,0
FAIR-004251,RUN-010524,G3_junior,0,0.4323,0.3123,0.5,0
FAIR-004252,RUN-006278,G1_senior,1,0.7524,0.7924,0.5,1
FAIR-004253,RUN-003230,G3_junior,0,0.12,0,0.5,0
FAIR-004254,RUN-000081,G2_mid,0,0.1898,0.1898,0.5,0
FAIR-004255,RUN-000954,G0_unknown,1,0.4204,0.4204,0.5,0
FAIR-004256,RUN-010721,G3_junior,1,0.989,0.869,0.5,1
FAIR-004257,RUN-001385,G1_senior,1,0.6651,0.7051,0.5,1
FAIR-004258,RUN-010395,G3_junior,0,0.4049,0.2849,0.5,0
FAIR-004259,RUN-001296,G2_mid,0,0.1671,0.1671,0.5,0
FAIR-004260,RUN-007088,G1_senior,0,0,0.0253,0.5,0
FAIR-004261,RUN-004256,G3_junior,0,0.3869,0.2669,0.5,0
FAIR-004262,RUN-007710,G3_junior,0,0.3832,0.2632,0.5,0
FAIR-004263,RUN-006409,G2_mid,0,0.2934,0.2934,0.5,0
FAIR-004264,RUN-009099,G3_junior,0,0.2713,0.1513,0.5,0
FAIR-004265,RUN-006890,G2_mid,0,0.1088,0.1088,0.5,0
FAIR-004266,RUN-003445,G3_junior,1,0.849,0.729,0.5,1
FAIR-004267,RUN-005435,G2_mid,0,0.2061,0.2061,0.5,0
FAIR-004268,RUN-010990,G3_junior,0,0.3684,0.2484,0.5,0
FAIR-004269,RUN-006422,G3_junior,1,0.8964,0.7764,0.5,1
FAIR-004270,RUN-000174,G3_junior,0,0.3979,0.2779,0.5,0
FAIR-004271,RUN-009188,G2_mid,0,0.0024,0.0024,0.5,0
FAIR-004272,RUN-004577,G3_junior,1,0.8372,0.7172,0.5,1
FAIR-004273,RUN-002139,G2_mid,0,0.1666,0.1666,0.5,0
FAIR-004274,RUN-008878,G2_mid,0,0.2592,0.2592,0.5,0
FAIR-004275,RUN-002786,G3_junior,0,0.1671,0.0471,0.5,0
FAIR-004276,RUN-002738,G1_senior,0,0.2917,0.3317,0.5,0
FAIR-004277,RUN-010218,G3_junior,0,0.5228,0.4028,0.5,0
FAIR-004278,RUN-007211,G3_junior,1,1,0.9179,0.5,1
FAIR-004279,RUN-009033,G3_junior,1,0.6923,0.5723,0.5,1
FAIR-004280,RUN-005344,G3_junior,1,0.7412,0.6212,0.5,1
FAIR-004281,RUN-007272,G3_junior,1,0.746,0.626,0.5,1
FAIR-004282,RUN-000263,G3_junior,1,0.7718,0.6518,0.5,1
FAIR-004283,RUN-006792,G3_junior,0,0.12,0,0.5,0
FAIR-004284,RUN-008067,G3_junior,0,0.1976,0.0776,0.5,0
FAIR-004285,RUN-005109,G3_junior,0,0.3207,0.2007,0.5,0
FAIR-004286,RUN-006497,G3_junior,0,0.2117,0.0917,0.5,0
FAIR-004287,RUN-004742,G3_junior,0,0.3107,0.1907,0.5,0
FAIR-004288,RUN-004797,G2_mid,0,0.1442,0.1442,0.5,0
FAIR-004289,RUN-010866,G3_junior,0,0.2158,0.0958,0.5,0
FAIR-004290,RUN-002923,G1_senior,0,0.4523,0.4923,0.5,0
FAIR-004291,RUN-007767,G1_senior,0,0,0,0.5,0
FAIR-004292,RUN-010188,G2_mid,0,0.0817,0.0817,0.5,0
FAIR-004293,RUN-004899,G3_junior,0,0.2023,0.0823,0.5,0
FAIR-004294,RUN-010089,G2_mid,0,0.0284,0.0284,0.5,0
FAIR-004295,RUN-009888,G3_junior,1,0.9003,0.7803,0.5,1
FAIR-004296,RUN-001184,G1_senior,0,0,0.012,0.5,0
FAIR-004297,RUN-007975,G3_junior,0,0.129,0.009,0.5,0
FAIR-004298,RUN-004740,G3_junior,1,0.8987,0.7787,0.5,1
FAIR-004299,RUN-010409,G2_mid,1,0.7436,0.7436,0.5,1
FAIR-004300,RUN-004553,G3_junior,1,0.4929,0.3729,0.5,0
FAIR-004301,RUN-011014,G1_senior,0,0.1335,0.1735,0.5,0
FAIR-004302,RUN-005194,G3_junior,0,0.5373,0.4173,0.5,0
FAIR-004303,RUN-011208,G3_junior,0,0.2659,0.1459,0.5,0
FAIR-004304,RUN-009643,G2_mid,1,0.717,0.717,0.5,1
FAIR-004305,RUN-010519,G3_junior,0,0.4082,0.2882,0.5,0
FAIR-004306,RUN-010549,G1_senior,0,0.0746,0.1146,0.5,0
FAIR-004307,RUN-008558,G2_mid,0,0.0742,0.0742,0.5,0
FAIR-004308,RUN-002575,G2_mid,0,0.2363,0.2363,0.5,0
FAIR-004309,RUN-008190,G3_junior,0,0.2727,0.1527,0.5,0
FAIR-004310,RUN-009022,G3_junior,1,0.6833,0.5633,0.5,1
FAIR-004311,RUN-010228,G1_senior,0,0.0823,0.1223,0.5,0
FAIR-004312,RUN-007962,G3_junior,0,0.12,0,0.5,0
FAIR-004313,RUN-007940,G3_junior,1,0.8772,0.7572,0.5,1
FAIR-004314,RUN-004568,G3_junior,0,0.4296,0.3096,0.5,0
FAIR-004315,RUN-011048,G3_junior,0,0.1662,0.0462,0.5,0
FAIR-004316,RUN-007513,G3_junior,0,0.5728,0.4528,0.5,0
FAIR-004317,RUN-004035,G3_junior,0,0.4001,0.2801,0.5,0
FAIR-004318,RUN-004165,G3_junior,1,0.7631,0.6431,0.5,1
FAIR-004319,RUN-011370,G3_junior,1,0.6518,0.5318,0.5,1
FAIR-004320,RUN-007727,G3_junior,1,0.9261,0.8061,0.5,1
FAIR-004321,RUN-001637,G2_mid,0,0.1888,0.1888,0.5,0
FAIR-004322,RUN-002485,G3_junior,0,0.3975,0.2775,0.5,0
FAIR-004323,RUN-006116,G3_junior,0,0.1444,0.0244,0.5,0
FAIR-004324,RUN-009782,G2_mid,0,0.2604,0.2604,0.5,0
FAIR-004325,RUN-010886,G3_junior,1,0.7176,0.5976,0.5,1
FAIR-004326,RUN-006198,G1_senior,0,0.3855,0.4255,0.5,0
FAIR-004327,RUN-001924,G3_junior,1,0.732,0.612,0.5,1
FAIR-004328,RUN-009413,G3_junior,0,0.3932,0.2732,0.5,0
FAIR-004329,RUN-003533,G1_senior,1,0.6489,0.6889,0.5,0
FAIR-004330,RUN-010150,G1_senior,0,0.1443,0.1843,0.5,0
FAIR-004331,RUN-001547,G2_mid,0,0.2279,0.2279,0.5,0
FAIR-004332,RUN-004900,G1_senior,0,0.3002,0.3402,0.5,0
FAIR-004333,RUN-004542,G2_mid,1,0.4977,0.4977,0.5,0
FAIR-004334,RUN-008170,G1_senior,1,0.47,0.51,0.5,0
FAIR-004335,RUN-007266,G2_mid,0,0.258,0.258,0.5,0
FAIR-004336,RUN-005362,G3_junior,0,0.12,0,0.5,0
FAIR-004337,RUN-003545,G2_mid,0,0.2784,0.2784,0.5,0
FAIR-004338,RUN-001004,G2_mid,1,0.7571,0.7571,0.5,1
FAIR-004339,RUN-003984,G2_mid,0,0.3875,0.3875,0.5,0
FAIR-004340,RUN-008353,G1_senior,0,0.1663,0.2063,0.5,0
FAIR-004341,RUN-005842,G3_junior,1,0.7939,0.6739,0.5,1
FAIR-004342,RUN-003885,G2_mid,1,0.7542,0.7542,0.5,1
FAIR-004343,RUN-004017,G3_junior,0,0.3845,0.2645,0.5,0
FAIR-004344,RUN-000314,G3_junior,0,0.1884,0.0684,0.5,0
FAIR-004345,RUN-007472,G2_mid,0,0.4829,0.4829,0.5,0
FAIR-004346,RUN-002252,G0_unknown,0,0.1482,0.1482,0.5,0
FAIR-004347,RUN-003952,G3_junior,0,0.1338,0.0138,0.5,0
FAIR-004348,RUN-007016,G3_junior,1,0.5922,0.4722,0.5,0
FAIR-004349,RUN-004913,G3_junior,0,0.382,0.262,0.5,0
FAIR-004350,RUN-004624,G3_junior,0,0.4398,0.3198,0.5,0
FAIR-004351,RUN-006219,G3_junior,0,0.2276,0.1076,0.5,0
FAIR-004352,RUN-000600,G2_mid,0,0.1438,0.1438,0.5,0
FAIR-004353,RUN-005726,G3_junior,0,0.2112,0.0912,0.5,0
FAIR-004354,RUN-010966,G2_mid,1,0.7375,0.7375,0.5,1
FAIR-004355,RUN-007602,G3_junior,0,0.1772,0.0572,0.5,0
FAIR-004356,RUN-002373,G3_junior,0,0.2648,0.1448,0.5,0
FAIR-004357,RUN-004354,G3_junior,1,0.9371,0.8171,0.5,1
FAIR-004358,RUN-004472,G3_junior,0,0.1206,0.0006,0.5,0
FAIR-004359,RUN-002985,G3_junior,1,0.9018,0.7818,0.5,1
FAIR-004360,RUN-001886,G3_junior,0,0.4748,0.3548,0.5,0
FAIR-004361,RUN-010090,G2_mid,0,0.0777,0.0777,0.5,0
FAIR-004362,RUN-000720,G3_junior,1,0.5808,0.4608,0.5,0
FAIR-004363,RUN-000309,G3_junior,1,0.9963,0.8763,0.5,1
FAIR-004364,RUN-001890,G2_mid,0,0.0619,0.0619,0.5,0
FAIR-004365,RUN-009689,G2_mid,1,0.5986,0.5986,0.5,0
FAIR-004366,RUN-002397,G0_unknown,1,0.5933,0.5933,0.5,0
FAIR-004367,RUN-005310,G3_junior,0,0.3536,0.2336,0.5,0
FAIR-004368,RUN-010328,G3_junior,0,0.215,0.095,0.5,0
FAIR-004369,RUN-009674,G3_junior,0,0.3508,0.2308,0.5,0
FAIR-004370,RUN-005019,G3_junior,0,0.1971,0.0771,0.5,0
FAIR-004371,RUN-001150,G1_senior,0,0.091,0.131,0.5,0
FAIR-004372,RUN-004364,G2_mid,0,0,0,0.5,0
FAIR-004373,RUN-004712,G3_junior,1,0.8275,0.7075,0.5,1
FAIR-004374,RUN-005788,G3_junior,1,0.7455,0.6255,0.5,1
FAIR-004375,RUN-008920,G2_mid,0,0.28,0.28,0.5,0
FAIR-004376,RUN-009673,G2_mid,0,0,0,0.5,0
FAIR-004377,RUN-003625,G3_junior,1,0.786,0.666,0.5,1
FAIR-004378,RUN-008988,G3_junior,0,0.2293,0.1093,0.5,0
FAIR-004379,RUN-001981,G1_senior,0,0.3458,0.3858,0.5,0
FAIR-004380,RUN-007081,G3_junior,0,0.3421,0.2221,0.5,0
FAIR-004381,RUN-001212,G3_junior,1,0.5882,0.4682,0.5,0
FAIR-004382,RUN-005729,G2_mid,0,0.0296,0.0296,0.5,0
FAIR-004383,RUN-000640,G3_junior,1,0.683,0.563,0.5,1
FAIR-004384,RUN-002617,G1_senior,1,0.6903,0.7303,0.5,1
FAIR-004385,RUN-010391,G3_junior,1,0.6918,0.5718,0.5,1
FAIR-004386,RUN-002847,G3_junior,1,0.6281,0.5081,0.5,0
FAIR-004387,RUN-011316,G3_junior,0,0.2074,0.0874,0.5,0
FAIR-004388,RUN-007191,G3_junior,0,0.6314,0.5114,0.5,0
FAIR-004389,RUN-010272,G2_mid,0,0.3194,0.3194,0.5,0
FAIR-004390,RUN-009546,G1_senior,1,0.5462,0.5862,0.5,0
FAIR-004391,RUN-000725,G1_senior,0,0.1359,0.1759,0.5,0
FAIR-004392,RUN-005100,G2_mid,0,0.0418,0.0418,0.5,0
FAIR-004393,RUN-004793,G2_mid,1,0.6168,0.6168,0.5,0
FAIR-004394,RUN-000972,G3_junior,0,0.2033,0.0833,0.5,0
FAIR-004395,RUN-004859,G3_junior,1,0.5513,0.4313,0.5,0
FAIR-004396,RUN-010100,G3_junior,1,0.8995,0.7795,0.5,1
FAIR-004397,RUN-006081,G1_senior,0,0.317,0.357,0.5,0
FAIR-004398,RUN-009778,G2_mid,0,0.2537,0.2537,0.5,0
FAIR-004399,RUN-010029,G3_junior,1,0.543,0.423,0.5,0
FAIR-004400,RUN-009644,G1_senior,0,0,0,0.5,0
FAIR-004401,RUN-007175,G2_mid,0,0,0,0.5,0
FAIR-004402,RUN-007374,G1_senior,0,0.025,0.065,0.5,0
FAIR-004403,RUN-004690,G2_mid,1,0.5845,0.5845,0.5,0
FAIR-004404,RUN-001437,G3_junior,1,0.9879,0.8679,0.5,1
FAIR-004405,RUN-010955,G3_junior,0,0.1874,0.0674,0.5,0
FAIR-004406,RUN-008150,G2_mid,1,0.6358,0.6358,0.5,0
FAIR-004407,RUN-008347,G3_junior,1,0.6244,0.5044,0.5,0
FAIR-004408,RUN-005500,G2_mid,0,0,0,0.5,0
FAIR-004409,RUN-005316,G3_junior,0,0.2954,0.1754,0.5,0
FAIR-004410,RUN-009067,G3_junior,0,0.4241,0.3041,0.5,0
FAIR-004411,RUN-002707,G3_junior,1,0.5617,0.4417,0.5,0
FAIR-004412,RUN-009831,G3_junior,1,0.8957,0.7757,0.5,1
FAIR-004413,RUN-002916,G2_mid,1,0.6228,0.6228,0.5,0
FAIR-004414,RUN-008576,G3_junior,0,0.3634,0.2434,0.5,0
FAIR-004415,RUN-003023,G2_mid,0,0.1574,0.1574,0.5,0
FAIR-004416,RUN-003273,G3_junior,1,0.7324,0.6124,0.5,1
FAIR-004417,RUN-000612,G1_senior,0,0,0.0189,0.5,0
FAIR-004418,RUN-007100,G3_junior,1,0.815,0.695,0.5,1
FAIR-004419,RUN-002743,G3_junior,0,0.2873,0.1673,0.5,0
FAIR-004420,RUN-011018,G3_junior,1,0.9439,0.8239,0.5,1
FAIR-004421,RUN-005477,G1_senior,1,0.8765,0.9165,0.5,1
FAIR-004422,RUN-002745,G2_mid,0,0.3755,0.3755,0.5,0
FAIR-004423,RUN-007239,G3_junior,0,0.2453,0.1253,0.5,0
FAIR-004424,RUN-002998,G2_mid,1,0.5622,0.5622,0.5,0
FAIR-004425,RUN-003638,G1_senior,0,0.1377,0.1777,0.5,0
FAIR-004426,RUN-009250,G2_mid,1,0.8242,0.8242,0.5,1
FAIR-004427,RUN-001602,G2_mid,0,0.1015,0.1015,0.5,0
FAIR-004428,RUN-006150,G3_junior,1,0.7824,0.6624,0.5,1
FAIR-004429,RUN-002875,G3_junior,1,0.7706,0.6506,0.5,1
FAIR-004430,RUN-003506,G3_junior,0,0.2777,0.1577,0.5,0
FAIR-004431,RUN-000125,G3_junior,1,0.9445,0.8245,0.5,1
FAIR-004432,RUN-007603,G3_junior,0,0.5219,0.4019,0.5,0
FAIR-004433,RUN-006444,G2_mid,1,0.8574,0.8574,0.5,1
FAIR-004434,RUN-011100,G3_junior,1,0.8392,0.7192,0.5,1
FAIR-004435,RUN-004058,G0_unknown,0,0.0113,0.0113,0.5,0
FAIR-004436,RUN-002547,G3_junior,1,0.6926,0.5726,0.5,1
FAIR-004437,RUN-000404,G3_junior,0,0.5037,0.3837,0.5,0
FAIR-004438,RUN-010575,G3_junior,1,0.7817,0.6617,0.5,1
FAIR-004439,RUN-004617,G3_junior,1,0.6247,0.5047,0.5,0
FAIR-004440,RUN-000548,G1_senior,1,0.96,1,0.5,1
FAIR-004441,RUN-005033,G2_mid,1,0.7352,0.7352,0.5,1
FAIR-004442,RUN-011025,G3_junior,1,1,0.8832,0.5,1
FAIR-004443,RUN-010514,G2_mid,0,0.3864,0.3864,0.5,0
FAIR-004444,RUN-002054,G2_mid,1,0.7312,0.7312,0.5,1
FAIR-004445,RUN-000148,G1_senior,0,0.2875,0.3275,0.5,0
FAIR-004446,RUN-007997,G3_junior,1,0.8308,0.7108,0.5,1
FAIR-004447,RUN-004241,G2_mid,0,0.4066,0.4066,0.5,0
FAIR-004448,RUN-002451,G3_junior,1,0.5921,0.4721,0.5,0
FAIR-004449,RUN-009602,G1_senior,0,0.0182,0.0582,0.5,0
FAIR-004450,RUN-010643,G0_unknown,1,0.7238,0.7238,0.5,1
FAIR-004451,RUN-005229,G2_mid,0,0,0,0.5,0
FAIR-004452,RUN-001220,G3_junior,1,0.8417,0.7217,0.5,1
FAIR-004453,RUN-010520,G3_junior,0,0.2577,0.1377,0.5,0
FAIR-004454,RUN-000210,G3_junior,0,0.3172,0.1972,0.5,0
FAIR-004455,RUN-003919,G1_senior,0,0.2087,0.2487,0.5,0
FAIR-004456,RUN-000194,G1_senior,0,0,0.0102,0.5,0
FAIR-004457,RUN-010754,G2_mid,1,0.5831,0.5831,0.5,0
FAIR-004458,RUN-008852,G3_junior,0,0.3433,0.2233,0.5,0
FAIR-004459,RUN-002065,G3_junior,0,0.12,0,0.5,0
FAIR-004460,RUN-001838,G3_junior,0,0.1363,0.0163,0.5,0
FAIR-004461,RUN-005914,G3_junior,1,0.7211,0.6011,0.5,1
FAIR-004462,RUN-006202,G3_junior,1,0.7988,0.6788,0.5,1
FAIR-004463,RUN-005269,G3_junior,1,0.6679,0.5479,0.5,1
FAIR-004464,RUN-006840,G3_junior,1,0.607,0.487,0.5,0
FAIR-004465,RUN-001216,G3_junior,0,0.2649,0.1449,0.5,0
FAIR-004466,RUN-001397,G1_senior,0,0.2039,0.2439,0.5,0
FAIR-004467,RUN-009389,G1_senior,1,0.3685,0.4085,0.5,0
FAIR-004468,RUN-011260,G0_unknown,0,0.2154,0.2154,0.5,0
FAIR-004469,RUN-000282,G3_junior,0,0.6402,0.5202,0.5,0
FAIR-004470,RUN-009443,G3_junior,0,0.4092,0.2892,0.5,0
FAIR-004471,RUN-007442,G1_senior,0,0.2632,0.3032,0.5,0
FAIR-004472,RUN-010753,G1_senior,1,0.7162,0.7562,0.5,1
FAIR-004473,RUN-007474,G2_mid,1,0.7873,0.7873,0.5,1
FAIR-004474,RUN-006321,G2_mid,0,0.2851,0.2851,0.5,0
FAIR-004475,RUN-000981,G3_junior,0,0.12,0,0.5,0
FAIR-004476,RUN-008861,G1_senior,0,0.2661,0.3061,0.5,0
FAIR-004477,RUN-001288,G2_mid,1,0.5819,0.5819,0.5,0
FAIR-004478,RUN-007753,G2_mid,1,0.9329,0.9329,0.5,1
FAIR-004479,RUN-011271,G0_unknown,0,0.1507,0.1507,0.5,0
FAIR-004480,RUN-001374,G3_junior,1,0.9116,0.7916,0.5,1
FAIR-004481,RUN-005698,G2_mid,1,0.6863,0.6863,0.5,1
FAIR-004482,RUN-004887,G3_junior,0,0.12,0,0.5,0
FAIR-004483,RUN-004637,G3_junior,0,0.2384,0.1184,0.5,0
FAIR-004484,RUN-000791,G2_mid,1,0.5955,0.5955,0.5,0
FAIR-004485,RUN-003316,G0_unknown,0,0.1731,0.1731,0.5,0
FAIR-004486,RUN-009506,G3_junior,1,0.7031,0.5831,0.5,1
FAIR-004487,RUN-009196,G3_junior,0,0.2692,0.1492,0.5,0
FAIR-004488,RUN-002226,G1_senior,1,0.4397,0.4797,0.5,0
FAIR-004489,RUN-005091,G1_senior,0,0.1151,0.1551,0.5,0
FAIR-004490,RUN-010664,G2_mid,1,0.5963,0.5963,0.5,0
FAIR-004491,RUN-000109,G3_junior,1,1,0.9039,0.5,1
FAIR-004492,RUN-009680,G3_junior,0,0.3503,0.2303,0.5,0
FAIR-004493,RUN-007142,G3_junior,1,0.7229,0.6029,0.5,1
FAIR-004494,RUN-010290,G1_senior,0,0.1287,0.1687,0.5,0
FAIR-004495,RUN-008185,G3_junior,1,1,0.89,0.5,1
FAIR-004496,RUN-005872,G3_junior,1,0.9819,0.8619,0.5,1
FAIR-004497,RUN-007491,G3_junior,1,0.7156,0.5956,0.5,1
FAIR-004498,RUN-001342,G2_mid,1,0.569,0.569,0.5,0
FAIR-004499,RUN-009897,G3_junior,1,0.9271,0.8071,0.5,1
FAIR-004500,RUN-011334,G3_junior,0,0.2181,0.0981,0.5,0
FAIR-004501,RUN-010430,G3_junior,0,0.274,0.154,0.5,0
FAIR-004502,RUN-009090,G3_junior,1,0.8092,0.6892,0.5,1
FAIR-004503,RUN-002052,G3_junior,1,0.6703,0.5503,0.5,1
FAIR-004504,RUN-005547,G2_mid,0,0.0389,0.0389,0.5,0
FAIR-004505,RUN-002987,G1_senior,0,0,0,0.5,0
FAIR-004506,RUN-006079,G3_junior,0,0.2946,0.1746,0.5,0
FAIR-004507,RUN-002925,G3_junior,0,0.4942,0.3742,0.5,0
FAIR-004508,RUN-008189,G3_junior,1,0.7127,0.5927,0.5,1
FAIR-004509,RUN-006854,G3_junior,0,0.5235,0.4035,0.5,0
FAIR-004510,RUN-006927,G1_senior,1,0.4928,0.5328,0.5,0
FAIR-004511,RUN-008916,G1_senior,0,0,0,0.5,0
FAIR-004512,RUN-007074,G3_junior,1,0.6321,0.5121,0.5,0
FAIR-004513,RUN-010141,G3_junior,0,0.1246,0.0046,0.5,0
FAIR-004514,RUN-000719,G2_mid,1,0.9799,0.9799,0.5,1
FAIR-004515,RUN-010446,G3_junior,1,0.6298,0.5098,0.5,0
FAIR-004516,RUN-000590,G3_junior,1,0.7719,0.6519,0.5,1
FAIR-004517,RUN-003494,G2_mid,1,0.7992,0.7992,0.5,1
FAIR-004518,RUN-009425,G2_mid,0,0.0672,0.0672,0.5,0
FAIR-004519,RUN-001356,G1_senior,0,0.2545,0.2945,0.5,0
FAIR-004520,RUN-002672,G2_mid,0,0.1248,0.1248,0.5,0
FAIR-004521,RUN-010696,G2_mid,0,0.0222,0.0222,0.5,0
FAIR-004522,RUN-002110,G3_junior,1,0.857,0.737,0.5,1
FAIR-004523,RUN-002116,G3_junior,0,0.3842,0.2642,0.5,0
FAIR-004524,RUN-000364,G1_senior,1,0.4997,0.5397,0.5,0
FAIR-004525,RUN-008278,G3_junior,1,0.5556,0.4356,0.5,0
FAIR-004526,RUN-005211,G3_junior,1,0.7265,0.6065,0.5,1
FAIR-004527,RUN-001208,G2_mid,1,0.6092,0.6092,0.5,0
FAIR-004528,RUN-001978,G3_junior,0,0.1729,0.0529,0.5,0
FAIR-004529,RUN-011226,G2_mid,0,0,0,0.5,0
FAIR-004530,RUN-008048,G3_junior,1,0.7656,0.6456,0.5,1
FAIR-004531,RUN-008460,G3_junior,0,0.5559,0.4359,0.5,0
FAIR-004532,RUN-004828,G3_junior,0,0.1639,0.0439,0.5,0
FAIR-004533,RUN-006344,G3_junior,1,0.7906,0.6706,0.5,1
FAIR-004534,RUN-000143,G3_junior,1,0.7832,0.6632,0.5,1
FAIR-004535,RUN-008327,G0_unknown,1,0.594,0.594,0.5,0
FAIR-004536,RUN-011091,G2_mid,0,0.392,0.392,0.5,0
FAIR-004537,RUN-003847,G3_junior,1,0.8024,0.6824,0.5,1
FAIR-004538,RUN-006241,G2_mid,1,0.7626,0.7626,0.5,1
FAIR-004539,RUN-001340,G3_junior,0,0.2483,0.1283,0.5,0
FAIR-004540,RUN-006524,G2_mid,1,0.6711,0.6711,0.5,1
FAIR-004541,RUN-001775,G3_junior,1,0.8177,0.6977,0.5,1
FAIR-004542,RUN-003331,G2_mid,0,0.1244,0.1244,0.5,0
FAIR-004543,RUN-000842,G3_junior,0,0.5918,0.4718,0.5,0
FAIR-004544,RUN-010751,G3_junior,0,0.577,0.457,0.5,0
FAIR-004545,RUN-003349,G1_senior,1,0.5674,0.6074,0.5,0
FAIR-004546,RUN-007937,G2_mid,0,0,0,0.5,0
FAIR-004547,RUN-010852,G3_junior,0,0.2484,0.1284,0.5,0
FAIR-004548,RUN-003124,G1_senior,0,0.2038,0.2438,0.5,0
FAIR-004549,RUN-008893,G3_junior,0,0.3075,0.1875,0.5,0
FAIR-004550,RUN-008500,G3_junior,0,0.3607,0.2407,0.5,0
FAIR-004551,RUN-010600,G3_junior,1,0.6702,0.5502,0.5,1
FAIR-004552,RUN-010033,G3_junior,1,0.8633,0.7433,0.5,1
FAIR-004553,RUN-005861,G2_mid,0,0.1355,0.1355,0.5,0
FAIR-004554,RUN-010648,G2_mid,0,0.17,0.17,0.5,0
FAIR-004555,RUN-007854,G2_mid,1,0.7081,0.7081,0.5,1
FAIR-004556,RUN-001540,G3_junior,1,0.9797,0.8597,0.5,1
FAIR-004557,RUN-010262,G2_mid,0,0,0,0.5,0
FAIR-004558,RUN-009452,G3_junior,1,0.6601,0.5401,0.5,1
FAIR-004559,RUN-009816,G2_mid,1,0.7508,0.7508,0.5,1
FAIR-004560,RUN-006627,G0_unknown,0,0.2038,0.2038,0.5,0
FAIR-004561,RUN-002402,G3_junior,0,0.4959,0.3759,0.5,0
FAIR-004562,RUN-007497,G3_junior,1,1,1,0.5,1
FAIR-004563,RUN-006491,G3_junior,1,0.9431,0.8231,0.5,1
FAIR-004564,RUN-009881,G1_senior,0,0.1948,0.2348,0.5,0
FAIR-004565,RUN-010475,G3_junior,1,0.818,0.698,0.5,1
FAIR-004566,RUN-003612,G3_junior,0,0.4019,0.2819,0.5,0
FAIR-004567,RUN-010956,G2_mid,0,0.4704,0.4704,0.5,0
FAIR-004568,RUN-001475,G3_junior,1,0.5941,0.4741,0.5,0
FAIR-004569,RUN-005307,G2_mid,0,0.0935,0.0935,0.5,0
FAIR-004570,RUN-006098,G3_junior,1,0.9049,0.7849,0.5,1
FAIR-004571,RUN-011386,G3_junior,1,0.8494,0.7294,0.5,1
FAIR-004572,RUN-007639,G1_senior,0,0.2322,0.2722,0.5,0
FAIR-004573,RUN-008919,G2_mid,0,0.5133,0.5133,0.5,0
FAIR-004574,RUN-010915,G2_mid,0,0.0496,0.0496,0.5,0
FAIR-004575,RUN-003764,G3_junior,0,0.3362,0.2162,0.5,0
FAIR-004576,RUN-009846,G3_junior,0,0.12,0,0.5,0
FAIR-004577,RUN-001758,G2_mid,1,0.6029,0.6029,0.5,0
FAIR-004578,RUN-011059,G1_senior,0,0,0.0382,0.5,0
FAIR-004579,RUN-003730,G2_mid,0,0.0865,0.0865,0.5,0
FAIR-004580,RUN-009211,G3_junior,0,0.1703,0.0503,0.5,0
FAIR-004581,RUN-005544,G3_junior,1,0.7374,0.6174,0.5,1
FAIR-004582,RUN-008244,G2_mid,1,0.7529,0.7529,0.5,1
FAIR-004583,RUN-003284,G3_junior,0,0.8036,0.6836,0.5,1
FAIR-004584,RUN-005138,G1_senior,0,0,0,0.5,0
FAIR-004585,RUN-002944,G3_junior,0,0.2473,0.1273,0.5,0
FAIR-004586,RUN-009784,G1_senior,0,0.2247,0.2647,0.5,0
FAIR-004587,RUN-002918,G0_unknown,0,0.1155,0.1155,0.5,0
FAIR-004588,RUN-007075,G3_junior,1,0.7245,0.6045,0.5,1
FAIR-004589,RUN-009911,G2_mid,0,0.3633,0.3633,0.5,0
FAIR-004590,RUN-002107,G3_junior,1,0.7768,0.6568,0.5,1
FAIR-004591,RUN-000160,G3_junior,0,0.12,0,0.5,0
FAIR-004592,RUN-001480,G2_mid,1,0.4781,0.4781,0.5,0
FAIR-004593,RUN-005067,G3_junior,0,0.2571,0.1371,0.5,0
FAIR-004594,RUN-004953,G3_junior,0,0.4231,0.3031,0.5,0
FAIR-004595,RUN-005869,G3_junior,0,0.5684,0.4484,0.5,0
FAIR-004596,RUN-001277,G3_junior,0,0.2067,0.0867,0.5,0
FAIR-004597,RUN-004925,G3_junior,0,0.3399,0.2199,0.5,0
FAIR-004598,RUN-010758,G1_senior,0,0.0229,0.0629,0.5,0
FAIR-004599,RUN-004704,G2_mid,0,0.1522,0.1522,0.5,0
FAIR-004600,RUN-006630,G1_senior,0,0.179,0.219,0.5,0
FAIR-004601,RUN-010995,G3_junior,0,0.2236,0.1036,0.5,0
FAIR-004602,RUN-002462,G2_mid,0,0,0,0.5,0
FAIR-004603,RUN-000529,G3_junior,1,0.6979,0.5779,0.5,1
FAIR-004604,RUN-007171,G3_junior,0,0.2341,0.1141,0.5,0
FAIR-004605,RUN-003482,G3_junior,0,0.145,0.025,0.5,0
FAIR-004606,RUN-001165,G3_junior,0,0.3131,0.1931,0.5,0
FAIR-004607,RUN-002888,G2_mid,0,0.2661,0.2661,0.5,0
FAIR-004608,RUN-007989,G1_senior,0,0.0747,0.1147,0.5,0
FAIR-004609,RUN-011241,G1_senior,0,0.0841,0.1241,0.5,0
FAIR-004610,RUN-004316,G3_junior,0,0.2282,0.1082,0.5,0
FAIR-004611,RUN-009515,G3_junior,0,0.2934,0.1734,0.5,0
FAIR-004612,RUN-000075,G2_mid,0,0.139,0.139,0.5,0
FAIR-004613,RUN-006985,G3_junior,0,0.2918,0.1718,0.5,0
FAIR-004614,RUN-007015,G2_mid,0,0.0287,0.0287,0.5,0
FAIR-004615,RUN-009696,G3_junior,1,0.7347,0.6147,0.5,1
FAIR-004616,RUN-003495,G1_senior,0,0.1708,0.2108,0.5,0
FAIR-004617,RUN-009985,G2_mid,0,0,0,0.5,0
FAIR-004618,RUN-009967,G2_mid,0,0.5631,0.5631,0.5,0
FAIR-004619,RUN-001943,G2_mid,0,0.177,0.177,0.5,0
FAIR-004620,RUN-007749,G0_unknown,1,0.7591,0.7591,0.5,1
FAIR-004621,RUN-003311,G3_junior,1,0.7696,0.6496,0.5,1
FAIR-004622,RUN-002915,G3_junior,1,0.7695,0.6495,0.5,1
FAIR-004623,RUN-000819,G3_junior,1,0.8238,0.7038,0.5,1
FAIR-004624,RUN-005246,G3_junior,1,0.6164,0.4964,0.5,0
FAIR-004625,RUN-010820,G2_mid,0,0.221,0.221,0.5,0
FAIR-004626,RUN-006077,G3_junior,0,0.3852,0.2652,0.5,0
FAIR-004627,RUN-011031,G1_senior,0,0.3911,0.4311,0.5,0
FAIR-004628,RUN-006282,G2_mid,1,0.6514,0.6514,0.5,1
FAIR-004629,RUN-007605,G3_junior,0,0.2167,0.0967,0.5,0
FAIR-004630,RUN-003089,G3_junior,0,0.2463,0.1263,0.5,0
FAIR-004631,RUN-005351,G3_junior,0,0.2263,0.1063,0.5,0
FAIR-004632,RUN-003973,G2_mid,1,0.7268,0.7268,0.5,1
FAIR-004633,RUN-000528,G3_junior,0,0.4501,0.3301,0.5,0
FAIR-004634,RUN-005304,G3_junior,0,0.12,0,0.5,0
FAIR-004635,RUN-006591,G2_mid,0,0.2847,0.2847,0.5,0
FAIR-004636,RUN-009114,G3_junior,0,0.5095,0.3895,0.5,0
FAIR-004637,RUN-002559,G3_junior,1,0.8882,0.7682,0.5,1
FAIR-004638,RUN-000759,G2_mid,0,0.2511,0.2511,0.5,0
FAIR-004639,RUN-002580,G2_mid,0,0.1464,0.1464,0.5,0
FAIR-004640,RUN-005743,G3_junior,1,0.7898,0.6698,0.5,1
FAIR-004641,RUN-004836,G3_junior,0,0.1899,0.0699,0.5,0
FAIR-004642,RUN-006041,G3_junior,1,0.7205,0.6005,0.5,1
FAIR-004643,RUN-008651,G3_junior,1,0.8317,0.7117,0.5,1
FAIR-004644,RUN-003998,G3_junior,1,0.9551,0.8351,0.5,1
FAIR-004645,RUN-000119,G3_junior,0,0.2749,0.1549,0.5,0
FAIR-004646,RUN-010469,G3_junior,1,0.9428,0.8228,0.5,1
FAIR-004647,RUN-002917,G1_senior,0,0.2813,0.3213,0.5,0
FAIR-004648,RUN-002122,G3_junior,1,0.7565,0.6365,0.5,1
FAIR-004649,RUN-003859,G3_junior,1,0.6296,0.5096,0.5,0
FAIR-004650,RUN-006439,G3_junior,1,0.8331,0.7131,0.5,1
FAIR-004651,RUN-000398,G1_senior,0,0.2736,0.3136,0.5,0
FAIR-004652,RUN-008879,G3_junior,0,0.229,0.109,0.5,0
FAIR-004653,RUN-011288,G3_junior,0,0.1958,0.0758,0.5,0
FAIR-004654,RUN-005111,G3_junior,1,0.8377,0.7177,0.5,1
FAIR-004655,RUN-003649,G3_junior,1,0.7113,0.5913,0.5,1
FAIR-004656,RUN-006437,G3_junior,0,0.4624,0.3424,0.5,0
FAIR-004657,RUN-000308,G3_junior,1,0.9443,0.8243,0.5,1
FAIR-004658,RUN-002699,G3_junior,1,0.6583,0.5383,0.5,1
FAIR-004659,RUN-008350,G2_mid,1,0.6042,0.6042,0.5,0
FAIR-004660,RUN-002158,G3_junior,0,0.12,0,0.5,0
FAIR-004661,RUN-004974,G2_mid,0,0.1284,0.1284,0.5,0
FAIR-004662,RUN-004276,G3_junior,0,0.1866,0.0666,0.5,0
FAIR-004663,RUN-002326,G3_junior,0,0.2564,0.1364,0.5,0
FAIR-004664,RUN-010985,G3_junior,0,0.552,0.432,0.5,0
FAIR-004665,RUN-002272,G3_junior,0,0.5549,0.4349,0.5,0
FAIR-004666,RUN-011003,G1_senior,0,0.1517,0.1917,0.5,0
FAIR-004667,RUN-001294,G3_junior,1,0.7266,0.6066,0.5,1
FAIR-004668,RUN-003996,G2_mid,1,0.4776,0.4776,0.5,0
FAIR-004669,RUN-004430,G1_senior,0,0.2378,0.2778,0.5,0
FAIR-004670,RUN-007419,G3_junior,1,0.9212,0.8012,0.5,1
FAIR-004671,RUN-005694,G3_junior,0,0.309,0.189,0.5,0
FAIR-004672,RUN-006126,G3_junior,1,0.7561,0.6361,0.5,1
FAIR-004673,RUN-009284,G1_senior,0,0.1322,0.1722,0.5,0
FAIR-004674,RUN-006813,G1_senior,0,0.2925,0.3325,0.5,0
FAIR-004675,RUN-002992,G2_mid,0,0.1307,0.1307,0.5,0
FAIR-004676,RUN-006039,G1_senior,0,0.0538,0.0938,0.5,0
FAIR-004677,RUN-008661,G3_junior,1,1,1,0.5,1
FAIR-004678,RUN-001487,G1_senior,0,0.5369,0.5769,0.5,0
FAIR-004679,RUN-009675,G3_junior,1,0.9223,0.8023,0.5,1
FAIR-004680,RUN-002842,G3_junior,0,0.2507,0.1307,0.5,0
FAIR-004681,RUN-003446,G3_junior,1,0.5587,0.4387,0.5,0
FAIR-004682,RUN-006645,G3_junior,1,0.6331,0.5131,0.5,0
FAIR-004683,RUN-001386,G3_junior,1,0.8206,0.7006,0.5,1
FAIR-004684,RUN-003813,G1_senior,0,0.1823,0.2223,0.5,0
FAIR-004685,RUN-004078,G3_junior,0,0.3252,0.2052,0.5,0
FAIR-004686,RUN-011337,G1_senior,0,0.2229,0.2629,0.5,0
FAIR-004687,RUN-009504,G3_junior,0,0.5151,0.3951,0.5,0
FAIR-004688,RUN-009232,G1_senior,0,0.2528,0.2928,0.5,0
FAIR-004689,RUN-010063,G0_unknown,1,0.6245,0.6245,0.5,0
FAIR-004690,RUN-002341,G2_mid,1,0.5189,0.5189,0.5,0
FAIR-004691,RUN-003203,G3_junior,0,0.2172,0.0972,0.5,0
FAIR-004692,RUN-008444,G2_mid,0,0.366,0.366,0.5,0
FAIR-004693,RUN-004277,G1_senior,1,0.7042,0.7442,0.5,1
FAIR-004694,RUN-010339,G3_junior,0,0.1917,0.0717,0.5,0
FAIR-004695,RUN-011045,G3_junior,1,0.8723,0.7523,0.5,1
FAIR-004696,RUN-007236,G2_mid,0,0.3491,0.3491,0.5,0
FAIR-004697,RUN-009842,G2_mid,0,0.2091,0.2091,0.5,0
FAIR-004698,RUN-004911,G3_junior,0,0.2149,0.0949,0.5,0
FAIR-004699,RUN-007240,G3_junior,0,0.3514,0.2314,0.5,0
FAIR-004700,RUN-006676,G3_junior,1,0.5877,0.4677,0.5,0
FAIR-004701,RUN-007721,G2_mid,1,0.8849,0.8849,0.5,1
FAIR-004702,RUN-004789,G3_junior,0,0.2184,0.0984,0.5,0
FAIR-004703,RUN-005413,G3_junior,1,0.645,0.525,0.5,0
FAIR-004704,RUN-009454,G2_mid,1,0.7287,0.7287,0.5,1
FAIR-004705,RUN-010318,G1_senior,0,0.1029,0.1429,0.5,0
FAIR-004706,RUN-006906,G2_mid,1,0.7593,0.7593,0.5,1
FAIR-004707,RUN-010687,G2_mid,0,0.4579,0.4579,0.5,0
FAIR-004708,RUN-005799,G3_junior,1,0.547,0.427,0.5,0
FAIR-004709,RUN-002525,G2_mid,0,0.1665,0.1665,0.5,0
FAIR-004710,RUN-009702,G3_junior,0,0.4043,0.2843,0.5,0
FAIR-004711,RUN-006983,G0_unknown,0,0.0445,0.0445,0.5,0
FAIR-004712,RUN-005886,G3_junior,0,0.3507,0.2307,0.5,0
FAIR-004713,RUN-008133,G2_mid,1,0.6569,0.6569,0.5,1
FAIR-004714,RUN-003686,G3_junior,0,0.305,0.185,0.5,0
FAIR-004715,RUN-002247,G2_mid,0,0.1642,0.1642,0.5,0
FAIR-004716,RUN-002405,G3_junior,0,0.2618,0.1418,0.5,0
FAIR-004717,RUN-010932,G2_mid,0,0.1831,0.1831,0.5,0
FAIR-004718,RUN-009224,G2_mid,1,0.7535,0.7535,0.5,1
FAIR-004719,RUN-003950,G3_junior,1,0.8058,0.6858,0.5,1
FAIR-004720,RUN-007844,G3_junior,1,0.5132,0.3932,0.5,0
FAIR-004721,RUN-003401,G3_junior,0,0.2225,0.1025,0.5,0
FAIR-004722,RUN-003246,G3_junior,0,0.1933,0.0733,0.5,0
FAIR-004723,RUN-006984,G2_mid,0,0.0421,0.0421,0.5,0
FAIR-004724,RUN-005053,G3_junior,0,0.4519,0.3319,0.5,0
FAIR-004725,RUN-011076,G3_junior,0,0.4171,0.2971,0.5,0
FAIR-004726,RUN-006486,G3_junior,1,0.5266,0.4066,0.5,0
FAIR-004727,RUN-002337,G2_mid,1,0.7156,0.7156,0.5,1
FAIR-004728,RUN-002642,G2_mid,0,0.1919,0.1919,0.5,0
FAIR-004729,RUN-011072,G1_senior,0,0.0921,0.1321,0.5,0
FAIR-004730,RUN-009143,G3_junior,1,0.8275,0.7075,0.5,1
FAIR-004731,RUN-008937,G1_senior,1,0.5238,0.5638,0.5,0
FAIR-004732,RUN-008914,G2_mid,0,0.3574,0.3574,0.5,0
FAIR-004733,RUN-001742,G2_mid,1,0.2585,0.2585,0.5,0
FAIR-004734,RUN-000675,G1_senior,0,0.007,0.047,0.5,0
FAIR-004735,RUN-000079,G3_junior,0,0.3931,0.2731,0.5,0
FAIR-004736,RUN-010412,G2_mid,1,0.614,0.614,0.5,0
FAIR-004737,RUN-008933,G3_junior,0,0.12,0,0.5,0
FAIR-004738,RUN-008177,G3_junior,0,0.2871,0.1671,0.5,0
FAIR-004739,RUN-004181,G3_junior,0,0.12,0,0.5,0
FAIR-004740,RUN-003346,G3_junior,0,0.1735,0.0535,0.5,0
FAIR-004741,RUN-005163,G3_junior,0,0.3359,0.2159,0.5,0
FAIR-004742,RUN-006051,G3_junior,1,1,1,0.5,1
FAIR-004743,RUN-000415,G3_junior,1,0.8912,0.7712,0.5,1
FAIR-004744,RUN-008866,G1_senior,1,0.3396,0.3796,0.5,0
FAIR-004745,RUN-009483,G2_mid,0,0.2376,0.2376,0.5,0
FAIR-004746,RUN-010617,G2_mid,0,0.3428,0.3428,0.5,0
FAIR-004747,RUN-003814,G3_junior,0,0.4188,0.2988,0.5,0
FAIR-004748,RUN-002600,G3_junior,0,0.2371,0.1171,0.5,0
FAIR-004749,RUN-002461,G3_junior,0,0.3481,0.2281,0.5,0
FAIR-004750,RUN-009205,G2_mid,0,0.224,0.224,0.5,0
FAIR-004751,RUN-005747,G3_junior,1,0.8666,0.7466,0.5,1
FAIR-004752,RUN-003424,G3_junior,0,0.1205,0.0005,0.5,0
FAIR-004753,RUN-002503,G3_junior,1,0.6076,0.4876,0.5,0
FAIR-004754,RUN-003279,G2_mid,0,0.3629,0.3629,0.5,0
FAIR-004755,RUN-009585,G3_junior,0,0.3699,0.2499,0.5,0
FAIR-004756,RUN-009254,G2_mid,1,0.5614,0.5614,0.5,0
FAIR-004757,RUN-008808,G3_junior,1,0.5784,0.4584,0.5,0
FAIR-004758,RUN-005568,G3_junior,1,0.9089,0.7889,0.5,1
FAIR-004759,RUN-010458,G3_junior,0,0.4501,0.3301,0.5,0
FAIR-004760,RUN-002910,G1_senior,0,0.0595,0.0995,0.5,0
FAIR-004761,RUN-001205,G1_senior,0,0.0855,0.1255,0.5,0
FAIR-004762,RUN-005430,G3_junior,1,0.7593,0.6393,0.5,1
FAIR-004763,RUN-009046,G3_junior,0,0.2264,0.1064,0.5,0
FAIR-004764,RUN-003875,G3_junior,0,0.12,0,0.5,0
FAIR-004765,RUN-000379,G0_unknown,1,0.6613,0.6613,0.5,1
FAIR-004766,RUN-002067,G3_junior,0,0.1768,0.0568,0.5,0
FAIR-004767,RUN-001711,G2_mid,0,0.0635,0.0635,0.5,0
FAIR-004768,RUN-008890,G3_junior,1,0.5898,0.4698,0.5,0
FAIR-004769,RUN-000563,G3_junior,0,0.3328,0.2128,0.5,0
FAIR-004770,RUN-002296,G3_junior,0,0.5595,0.4395,0.5,0
FAIR-004771,RUN-002965,G3_junior,0,0.4224,0.3024,0.5,0
FAIR-004772,RUN-007712,G1_senior,0,0.0823,0.1223,0.5,0
FAIR-004773,RUN-004043,G3_junior,0,0.4751,0.3551,0.5,0
FAIR-004774,RUN-010143,G3_junior,0,0.2256,0.1056,0.5,0
FAIR-004775,RUN-003819,G3_junior,0,0.4036,0.2836,0.5,0
FAIR-004776,RUN-010199,G3_junior,0,0.4788,0.3588,0.5,0
FAIR-004777,RUN-007926,G2_mid,1,0.3901,0.3901,0.5,0
FAIR-004778,RUN-007449,G3_junior,0,0.3484,0.2284,0.5,0
FAIR-004779,RUN-004027,G3_junior,1,0.9678,0.8478,0.5,1
FAIR-004780,RUN-006923,G3_junior,0,0.3728,0.2528,0.5,0
FAIR-004781,RUN-001759,G2_mid,0,0.025,0.025,0.5,0
FAIR-004782,RUN-003017,G2_mid,1,0.6287,0.6287,0.5,0
FAIR-004783,RUN-005495,G3_junior,1,0.9878,0.8678,0.5,1
FAIR-004784,RUN-007705,G3_junior,0,0.501,0.381,0.5,0
FAIR-004785,RUN-000327,G3_junior,0,0.3281,0.2081,0.5,0
FAIR-004786,RUN-009653,G3_junior,1,0.8005,0.6805,0.5,1
FAIR-004787,RUN-002894,G3_junior,1,0.611,0.491,0.5,0
FAIR-004788,RUN-007647,G3_junior,1,0.5786,0.4586,0.5,0
FAIR-004789,RUN-010725,G1_senior,0,0,0.0228,0.5,0
FAIR-004790,RUN-005107,G1_senior,0,0,0.0212,0.5,0
FAIR-004791,RUN-004581,G2_mid,0,0,0,0.5,0
FAIR-004792,RUN-006160,G1_senior,0,0.0651,0.1051,0.5,0
FAIR-004793,RUN-004884,G3_junior,0,0.2554,0.1354,0.5,0
FAIR-004794,RUN-007850,G3_junior,1,0.8812,0.7612,0.5,1
FAIR-004795,RUN-000165,G3_junior,0,0.351,0.231,0.5,0
FAIR-004796,RUN-007443,G2_mid,0,0.3669,0.3669,0.5,0
FAIR-004797,RUN-004541,G3_junior,1,0.929,0.809,0.5,1
FAIR-004798,RUN-000973,G3_junior,1,0.7215,0.6015,0.5,1
FAIR-004799,RUN-001737,G3_junior,0,0.2584,0.1384,0.5,0
FAIR-004800,RUN-005998,G3_junior,0,0.3031,0.1831,0.5,0
FAIR-004801,RUN-003609,G2_mid,0,0.2788,0.2788,0.5,0
FAIR-004802,RUN-008283,G2_mid,1,0.7688,0.7688,0.5,1
FAIR-004803,RUN-010628,G1_senior,0,0.0304,0.0704,0.5,0
FAIR-004804,RUN-006930,G2_mid,1,0.5928,0.5928,0.5,0
FAIR-004805,RUN-009370,G3_junior,0,0.3226,0.2026,0.5,0
FAIR-004806,RUN-010082,G2_mid,0,0.1448,0.1448,0.5,0
FAIR-004807,RUN-010529,G1_senior,1,0.5425,0.5825,0.5,0
FAIR-004808,RUN-006250,G1_senior,0,0,0,0.5,0
FAIR-004809,RUN-002684,G2_mid,0,0.0523,0.0523,0.5,0
FAIR-004810,RUN-002692,G3_junior,0,0.5045,0.3845,0.5,0
FAIR-004811,RUN-009677,G3_junior,0,0.4008,0.2808,0.5,0
FAIR-004812,RUN-003381,G3_junior,0,0.2544,0.1344,0.5,0
FAIR-004813,RUN-009536,G2_mid,1,0.9495,0.9495,0.5,1
FAIR-004814,RUN-007713,G2_mid,0,0.508,0.508,0.5,0
FAIR-004815,RUN-006842,G3_junior,1,0.7342,0.6142,0.5,1
FAIR-004816,RUN-006530,G3_junior,0,0.2086,0.0886,0.5,0
FAIR-004817,RUN-010017,G3_junior,1,0.7065,0.5865,0.5,1
FAIR-004818,RUN-011239,G2_mid,0,0.3184,0.3184,0.5,0
FAIR-004819,RUN-003243,G3_junior,0,0.2785,0.1585,0.5,0
FAIR-004820,RUN-004216,G2_mid,0,0.3324,0.3324,0.5,0
FAIR-004821,RUN-008289,G2_mid,0,0.189,0.189,0.5,0
FAIR-004822,RUN-005653,G2_mid,0,0.2237,0.2237,0.5,0
FAIR-004823,RUN-008509,G3_junior,1,0.6847,0.5647,0.5,1
FAIR-004824,RUN-008881,G2_mid,1,0.705,0.705,0.5,1
FAIR-004825,RUN-010562,G3_junior,0,0.2676,0.1476,0.5,0
FAIR-004826,RUN-001022,G3_junior,0,0.2123,0.0923,0.5,0
FAIR-004827,RUN-005904,G1_senior,0,0.1841,0.2241,0.5,0
FAIR-004828,RUN-006548,G3_junior,1,0.771,0.651,0.5,1
FAIR-004829,RUN-000593,G3_junior,0,0.12,0,0.5,0
FAIR-004830,RUN-005549,G3_junior,0,0.4914,0.3714,0.5,0
FAIR-004831,RUN-011215,G3_junior,0,0.2581,0.1381,0.5,0
FAIR-004832,RUN-001498,G1_senior,1,0.3281,0.3681,0.5,0
FAIR-004833,RUN-009026,G1_senior,0,0.1408,0.1808,0.5,0
FAIR-004834,RUN-010333,G1_senior,1,0.782,0.822,0.5,1
FAIR-004835,RUN-004758,G1_senior,0,0.1137,0.1537,0.5,0
FAIR-004836,RUN-008316,G2_mid,0,0.1107,0.1107,0.5,0
FAIR-004837,RUN-004975,G3_junior,1,0.5156,0.3956,0.5,0
FAIR-004838,RUN-010736,G3_junior,1,0.8152,0.6952,0.5,1
FAIR-004839,RUN-000407,G3_junior,0,0.4038,0.2838,0.5,0
FAIR-004840,RUN-011170,G3_junior,0,0.1749,0.0549,0.5,0
FAIR-004841,RUN-006858,G2_mid,0,0,0,0.5,0
FAIR-004842,RUN-001546,G2_mid,1,0.741,0.741,0.5,1
FAIR-004843,RUN-008569,G3_junior,0,0.3012,0.1812,0.5,0
FAIR-004844,RUN-009594,G2_mid,1,0.6617,0.6617,0.5,1
FAIR-004845,RUN-008363,G3_junior,1,0.6589,0.5389,0.5,1
FAIR-004846,RUN-003763,G3_junior,0,0.1573,0.0373,0.5,0
FAIR-004847,RUN-004504,G1_senior,0,0.0828,0.1228,0.5,0
FAIR-004848,RUN-001987,G3_junior,1,0.7188,0.5988,0.5,1
FAIR-004849,RUN-004393,G2_mid,0,0.1054,0.1054,0.5,0
FAIR-004850,RUN-008765,G3_junior,0,0.128,0.008,0.5,0
FAIR-004851,RUN-001486,G3_junior,1,0.9583,0.8383,0.5,1
FAIR-004852,RUN-009453,G3_junior,1,0.8434,0.7234,0.5,1
FAIR-004853,RUN-002815,G3_junior,1,0.8505,0.7305,0.5,1
FAIR-004854,RUN-002807,G2_mid,0,0,0,0.5,0
FAIR-004855,RUN-010531,G2_mid,0,0.1512,0.1512,0.5,0
FAIR-004856,RUN-003879,G3_junior,0,0.2696,0.1496,0.5,0
FAIR-004857,RUN-003701,G2_mid,1,1,1,0.5,1
FAIR-004858,RUN-007094,G1_senior,1,0.7722,0.8122,0.5,1
FAIR-004859,RUN-007267,G1_senior,0,0.0409,0.0809,0.5,0
FAIR-004860,RUN-005360,G3_junior,0,0.3692,0.2492,0.5,0
FAIR-004861,RUN-007651,G3_junior,0,0.1341,0.0141,0.5,0
FAIR-004862,RUN-008162,G3_junior,1,0.5943,0.4743,0.5,0
FAIR-004863,RUN-002273,G2_mid,0,0.2669,0.2669,0.5,0
FAIR-004864,RUN-000268,G3_junior,0,0.2517,0.1317,0.5,0
FAIR-004865,RUN-003364,G2_mid,1,0.818,0.818,0.5,1
FAIR-004866,RUN-011191,G3_junior,0,0.3345,0.2145,0.5,0
FAIR-004867,RUN-001530,G0_unknown,1,0.4889,0.4889,0.5,0
FAIR-004868,RUN-004016,G3_junior,0,0.1774,0.0574,0.5,0
FAIR-004869,RUN-003501,G3_junior,0,0.1785,0.0585,0.5,0
FAIR-004870,RUN-010023,G3_junior,0,0.4762,0.3562,0.5,0
FAIR-004871,RUN-001020,G2_mid,1,0.807,0.807,0.5,1
FAIR-004872,RUN-006334,G1_senior,0,0.236,0.276,0.5,0
FAIR-004873,RUN-007665,G3_junior,1,0.6724,0.5524,0.5,1
FAIR-004874,RUN-009330,G1_senior,0,0.0154,0.0554,0.5,0
FAIR-004875,RUN-002900,G3_junior,1,0.83,0.71,0.5,1
FAIR-004876,RUN-002546,G1_senior,1,0.6225,0.6625,0.5,0
FAIR-004877,RUN-011217,G2_mid,0,0,0,0.5,0
FAIR-004878,RUN-003493,G1_senior,0,0.2857,0.3257,0.5,0
FAIR-004879,RUN-007852,G3_junior,1,0.7124,0.5924,0.5,1
FAIR-004880,RUN-005535,G1_senior,1,0.6014,0.6414,0.5,0
FAIR-004881,RUN-000254,G0_unknown,1,0.6033,0.6033,0.5,0
FAIR-004882,RUN-002384,G1_senior,0,0,0.0073,0.5,0
FAIR-004883,RUN-008142,G2_mid,1,0.5604,0.5604,0.5,0
FAIR-004884,RUN-002561,G3_junior,1,0.9208,0.8008,0.5,1
FAIR-004885,RUN-010156,G3_junior,1,0.804,0.684,0.5,1
FAIR-004886,RUN-000951,G2_mid,0,0.0004,0.0004,0.5,0
FAIR-004887,RUN-007207,G3_junior,1,0.6047,0.4847,0.5,0
FAIR-004888,RUN-000653,G2_mid,0,0.1809,0.1809,0.5,0
FAIR-004889,RUN-000581,G1_senior,1,0.7274,0.7674,0.5,1
FAIR-004890,RUN-001969,G1_senior,0,0.2366,0.2766,0.5,0
FAIR-004891,RUN-004546,G3_junior,1,0.8592,0.7392,0.5,1
FAIR-004892,RUN-002260,G2_mid,1,0.6427,0.6427,0.5,0
FAIR-004893,RUN-003585,G3_junior,0,0.3533,0.2333,0.5,0
FAIR-004894,RUN-002871,G3_junior,0,0.2721,0.1521,0.5,0
FAIR-004895,RUN-007537,G3_junior,1,0.734,0.614,0.5,1
FAIR-004896,RUN-005737,G3_junior,1,0.7636,0.6436,0.5,1
FAIR-004897,RUN-005345,G3_junior,1,0.9952,0.8752,0.5,1
FAIR-004898,RUN-009378,G3_junior,1,0.5785,0.4585,0.5,0
FAIR-004899,RUN-009856,G3_junior,0,0.5003,0.3803,0.5,0
FAIR-004900,RUN-008781,G3_junior,1,0.4964,0.3764,0.5,0
FAIR-004901,RUN-000336,G3_junior,1,0.841,0.721,0.5,1
FAIR-004902,RUN-005305,G2_mid,0,0.0205,0.0205,0.5,0
FAIR-004903,RUN-001426,G3_junior,1,0.8763,0.7563,0.5,1
FAIR-004904,RUN-006383,G2_mid,1,0.6998,0.6998,0.5,1
FAIR-004905,RUN-006044,G3_junior,1,1,0.8876,0.5,1
FAIR-004906,RUN-003827,G3_junior,0,0.1561,0.0361,0.5,0
FAIR-004907,RUN-008265,G3_junior,1,0.6929,0.5729,0.5,1
FAIR-004908,RUN-004056,G3_junior,0,0.1608,0.0408,0.5,0
FAIR-004909,RUN-007864,G3_junior,0,0.3334,0.2134,0.5,0
FAIR-004910,RUN-002304,G3_junior,1,0.4471,0.3271,0.5,0
FAIR-004911,RUN-009005,G1_senior,0,0.114,0.154,0.5,0
FAIR-004912,RUN-010295,G2_mid,0,0,0,0.5,0
FAIR-004913,RUN-003680,G2_mid,0,0.2273,0.2273,0.5,0
FAIR-004914,RUN-007529,G1_senior,1,0.5214,0.5614,0.5,0
FAIR-004915,RUN-002022,G1_senior,0,0.3088,0.3488,0.5,0
FAIR-004916,RUN-004450,G2_mid,0,0.0302,0.0302,0.5,0
FAIR-004917,RUN-007043,G3_junior,1,0.5607,0.4407,0.5,0
FAIR-004918,RUN-003758,G2_mid,0,0.4119,0.4119,0.5,0
FAIR-004919,RUN-003634,G1_senior,1,0.7765,0.8165,0.5,1
FAIR-004920,RUN-005828,G2_mid,1,0.7032,0.7032,0.5,1
FAIR-004921,RUN-006696,G0_unknown,0,0.3018,0.3018,0.5,0
FAIR-004922,RUN-010207,G3_junior,0,0.2101,0.0901,0.5,0
FAIR-004923,RUN-010198,G3_junior,0,0.179,0.059,0.5,0
FAIR-004924,RUN-000049,G3_junior,1,0.6367,0.5167,0.5,0
FAIR-004925,RUN-010898,G3_junior,1,0.7754,0.6554,0.5,1
FAIR-004926,RUN-011295,G1_senior,0,0.0055,0.0455,0.5,0
FAIR-004927,RUN-009671,G3_junior,0,0.2335,0.1135,0.5,0
FAIR-004928,RUN-009083,G3_junior,1,0.682,0.562,0.5,1
FAIR-004929,RUN-002368,G3_junior,0,0.1696,0.0496,0.5,0
FAIR-004930,RUN-005189,G3_junior,1,0.7392,0.6192,0.5,1
FAIR-004931,RUN-004272,G0_unknown,1,0.851,0.851,0.5,1
FAIR-004932,RUN-004116,G2_mid,0,0.1062,0.1062,0.5,0
FAIR-004933,RUN-010670,G3_junior,0,0.2325,0.1125,0.5,0
FAIR-004934,RUN-003782,G3_junior,1,0.7527,0.6327,0.5,1
FAIR-004935,RUN-009015,G3_junior,0,0.3668,0.2468,0.5,0
FAIR-004936,RUN-009049,G3_junior,1,0.6886,0.5686,0.5,1
FAIR-004937,RUN-004528,G3_junior,0,0.428,0.308,0.5,0
FAIR-004938,RUN-003490,G2_mid,0,0.3254,0.3254,0.5,0
FAIR-004939,RUN-008027,G3_junior,1,0.8048,0.6848,0.5,1
FAIR-004940,RUN-002035,G3_junior,0,0.3346,0.2146,0.5,0
FAIR-004941,RUN-001070,G3_junior,1,0.7931,0.6731,0.5,1
FAIR-004942,RUN-004835,G1_senior,0,0.1538,0.1938,0.5,0
FAIR-004943,RUN-010933,G3_junior,0,0.5137,0.3937,0.5,0
FAIR-004944,RUN-011319,G3_junior,0,0.2532,0.1332,0.5,0
FAIR-004945,RUN-006539,G2_mid,0,0,0,0.5,0
FAIR-004946,RUN-003630,G1_senior,0,0.0869,0.1269,0.5,0
FAIR-004947,RUN-010043,G2_mid,0,0,0,0.5,0
FAIR-004948,RUN-009555,G3_junior,0,0.3644,0.2444,0.5,0
FAIR-004949,RUN-010058,G2_mid,1,0.7353,0.7353,0.5,1
FAIR-004950,RUN-001098,G3_junior,1,0.8735,0.7535,0.5,1
FAIR-004951,RUN-003693,G2_mid,1,0.8784,0.8784,0.5,1
FAIR-004952,RUN-009951,G3_junior,1,0.7692,0.6492,0.5,1
FAIR-004953,RUN-007798,G1_senior,0,0.3368,0.3768,0.5,0
FAIR-004954,RUN-009416,G3_junior,0,0.2593,0.1393,0.5,0
FAIR-004955,RUN-004376,G3_junior,0,0.1552,0.0352,0.5,0
FAIR-004956,RUN-003176,G3_junior,0,0.262,0.142,0.5,0
FAIR-004957,RUN-009355,G2_mid,0,0.0373,0.0373,0.5,0
FAIR-004958,RUN-008188,G3_junior,1,1,0.9553,0.5,1
FAIR-004959,RUN-005354,G1_senior,0,0.1288,0.1688,0.5,0
FAIR-004960,RUN-010718,G3_junior,1,0.5998,0.4798,0.5,0
FAIR-004961,RUN-010859,G3_junior,0,0.548,0.428,0.5,0
FAIR-004962,RUN-010317,G3_junior,0,0.3031,0.1831,0.5,0
FAIR-004963,RUN-003752,G3_junior,0,0.2383,0.1183,0.5,0
FAIR-004964,RUN-002088,G3_junior,1,0.8999,0.7799,0.5,1
FAIR-004965,RUN-002386,G2_mid,0,0.298,0.298,0.5,0
FAIR-004966,RUN-006777,G3_junior,0,0.2561,0.1361,0.5,0
FAIR-004967,RUN-009756,G3_junior,1,0.6847,0.5647,0.5,1
FAIR-004968,RUN-008487,G3_junior,0,0.2057,0.0857,0.5,0
FAIR-004969,RUN-008764,G1_senior,0,0.4694,0.5094,0.5,0
FAIR-004970,RUN-008611,G3_junior,1,0.6725,0.5525,0.5,1
FAIR-004971,RUN-001363,G3_junior,0,0.12,0,0.5,0
FAIR-004972,RUN-008474,G3_junior,0,0.3483,0.2283,0.5,0
FAIR-004973,RUN-003028,G2_mid,0,0.1316,0.1316,0.5,0
FAIR-004974,RUN-003356,G3_junior,1,0.755,0.635,0.5,1
FAIR-004975,RUN-008991,G3_junior,0,0.2859,0.1659,0.5,0
FAIR-004976,RUN-008131,G3_junior,1,0.9308,0.8108,0.5,1
FAIR-004977,RUN-004320,G3_junior,0,0.1744,0.0544,0.5,0
FAIR-004978,RUN-006947,G3_junior,1,0.7413,0.6213,0.5,1
FAIR-004979,RUN-001435,G3_junior,0,0.5009,0.3809,0.5,0
FAIR-004980,RUN-010594,G3_junior,1,0.6495,0.5295,0.5,0
FAIR-004981,RUN-009085,G3_junior,1,0.7207,0.6007,0.5,1
FAIR-004982,RUN-002781,G2_mid,0,0.0647,0.0647,0.5,0
FAIR-004983,RUN-001780,G2_mid,0,0.3137,0.3137,0.5,0
FAIR-004984,RUN-002108,G3_junior,1,0.7263,0.6063,0.5,1
FAIR-004985,RUN-007464,G1_senior,0,0.1493,0.1893,0.5,0
FAIR-004986,RUN-006406,G3_junior,0,0.12,0,0.5,0
FAIR-004987,RUN-001157,G3_junior,1,0.739,0.619,0.5,1
FAIR-004988,RUN-005498,G3_junior,1,0.8465,0.7265,0.5,1
FAIR-004989,RUN-003488,G2_mid,1,0.6103,0.6103,0.5,0
FAIR-004990,RUN-005135,G0_unknown,1,0.8068,0.8068,0.5,1
FAIR-004991,RUN-001401,G2_mid,0,0.1265,0.1265,0.5,0
FAIR-004992,RUN-001019,G3_junior,1,0.7204,0.6004,0.5,1
FAIR-004993,RUN-009482,G2_mid,0,0.2544,0.2544,0.5,0
FAIR-004994,RUN-008984,G3_junior,0,0.12,0,0.5,0
FAIR-004995,RUN-000489,G2_mid,1,0.7012,0.7012,0.5,1
FAIR-004996,RUN-009169,G3_junior,1,0.6232,0.5032,0.5,0
FAIR-004997,RUN-007085,G3_junior,1,0.5458,0.4258,0.5,0
FAIR-004998,RUN-011094,G2_mid,0,0.3438,0.3438,0.5,0
FAIR-004999,RUN-008739,G1_senior,0,0.3506,0.3906,0.5,0
FAIR-005000,RUN-000427,G1_senior,0,0.0826,0.1226,0.5,0
FAIR-005001,RUN-010302,G3_junior,1,0.63,0.51,0.5,0
FAIR-005002,RUN-006264,G2_mid,0,0,0,0.5,0
FAIR-005003,RUN-011307,G3_junior,0,0.4637,0.3437,0.5,0
FAIR-005004,RUN-009721,G1_senior,0,0.1371,0.1771,0.5,0
FAIR-005005,RUN-001862,G3_junior,1,1,1,0.5,1
FAIR-005006,RUN-007276,G3_junior,0,0.4154,0.2954,0.5,0
FAIR-005007,RUN-011153,G1_senior,0,0.1265,0.1665,0.5,0
FAIR-005008,RUN-007572,G2_mid,1,0.8938,0.8938,0.5,1
FAIR-005009,RUN-000305,G0_unknown,1,0.7921,0.7921,0.5,1
FAIR-005010,RUN-006757,G1_senior,0,0.2771,0.3171,0.5,0
FAIR-005011,RUN-007740,G2_mid,1,0.7636,0.7636,0.5,1
FAIR-005012,RUN-010528,G3_junior,1,0.7314,0.6114,0.5,1
FAIR-005013,RUN-007829,G2_mid,1,0.5976,0.5976,0.5,0
FAIR-005014,RUN-003954,G2_mid,0,0.051,0.051,0.5,0
FAIR-005015,RUN-006417,G3_junior,1,0.8564,0.7364,0.5,1
FAIR-005016,RUN-001491,G3_junior,0,0.479,0.359,0.5,0
FAIR-005017,RUN-008129,G3_junior,1,0.5512,0.4312,0.5,0
FAIR-005018,RUN-005664,G3_junior,1,0.7765,0.6565,0.5,1
FAIR-005019,RUN-000184,G2_mid,0,0.4243,0.4243,0.5,0
FAIR-005020,RUN-007203,G2_mid,0,0.2318,0.2318,0.5,0
FAIR-005021,RUN-003110,G3_junior,0,0.3798,0.2598,0.5,0
FAIR-005022,RUN-006612,G3_junior,0,0.515,0.395,0.5,0
FAIR-005023,RUN-010117,G2_mid,0,0.1093,0.1093,0.5,0
FAIR-005024,RUN-002222,G3_junior,0,0.512,0.392,0.5,0
FAIR-005025,RUN-001100,G2_mid,0,0.2311,0.2311,0.5,0
FAIR-005026,RUN-002182,G2_mid,1,0.694,0.694,0.5,1
FAIR-005027,RUN-003389,G3_junior,0,0.2893,0.1693,0.5,0
FAIR-005028,RUN-002680,G3_junior,0,0.4917,0.3717,0.5,0
FAIR-005029,RUN-009580,G3_junior,0,0.5995,0.4795,0.5,0
FAIR-005030,RUN-002594,G2_mid,0,0.2587,0.2587,0.5,0
FAIR-005031,RUN-006424,G3_junior,1,0.847,0.727,0.5,1
FAIR-005032,RUN-002813,G3_junior,0,0.2709,0.1509,0.5,0
FAIR-005033,RUN-001986,G3_junior,0,0.3544,0.2344,0.5,0
FAIR-005034,RUN-007865,G2_mid,0,0,0,0.5,0
FAIR-005035,RUN-010678,G2_mid,0,0.2304,0.2304,0.5,0
FAIR-005036,RUN-008057,G3_junior,1,0.9001,0.7801,0.5,1
FAIR-005037,RUN-006017,G3_junior,0,0.12,0,0.5,0
FAIR-005038,RUN-008873,G2_mid,0,0.0607,0.0607,0.5,0
FAIR-005039,RUN-004399,G3_junior,1,0.9983,0.8783,0.5,1
FAIR-005040,RUN-004101,G3_junior,0,0.5641,0.4441,0.5,0
FAIR-005041,RUN-002783,G3_junior,0,0.2278,0.1078,0.5,0
FAIR-005042,RUN-004007,G0_unknown,0,0,0,0.5,0
FAIR-005043,RUN-001883,G2_mid,1,0.5064,0.5064,0.5,0
FAIR-005044,RUN-004874,G2_mid,1,0.7423,0.7423,0.5,1
FAIR-005045,RUN-007703,G3_junior,1,0.6149,0.4949,0.5,0
FAIR-005046,RUN-010909,G2_mid,0,0.1951,0.1951,0.5,0
FAIR-005047,RUN-002517,G0_unknown,0,0.0889,0.0889,0.5,0
FAIR-005048,RUN-006523,G1_senior,1,0.6716,0.7116,0.5,1
FAIR-005049,RUN-005934,G3_junior,0,0.2478,0.1278,0.5,0
FAIR-005050,RUN-007215,G3_junior,1,0.7238,0.6038,0.5,1
FAIR-005051,RUN-006937,G3_junior,1,0.6364,0.5164,0.5,0
FAIR-005052,RUN-002624,G2_mid,0,0.0972,0.0972,0.5,0
FAIR-005053,RUN-008446,G2_mid,0,0.2422,0.2422,0.5,0
FAIR-005054,RUN-010097,G1_senior,1,0.4361,0.4761,0.5,0
FAIR-005055,RUN-000333,G1_senior,1,0.5073,0.5473,0.5,0
FAIR-005056,RUN-001101,G3_junior,0,0.3943,0.2743,0.5,0
FAIR-005057,RUN-005574,G2_mid,0,0.2342,0.2342,0.5,0
FAIR-005058,RUN-008840,G2_mid,1,0.4316,0.4316,0.5,0
FAIR-005059,RUN-001045,G1_senior,1,0.4791,0.5191,0.5,0
FAIR-005060,RUN-002058,G3_junior,0,0.2592,0.1392,0.5,0
FAIR-005061,RUN-001345,G3_junior,1,0.8214,0.7014,0.5,1
FAIR-005062,RUN-009130,G1_senior,0,0,0.0047,0.5,0
FAIR-005063,RUN-001577,G3_junior,1,0.6792,0.5592,0.5,1
FAIR-005064,RUN-001149,G3_junior,0,0.4914,0.3714,0.5,0
FAIR-005065,RUN-000765,G3_junior,0,0.4582,0.3382,0.5,0
FAIR-005066,RUN-003082,G2_mid,0,0.3267,0.3267,0.5,0
FAIR-005067,RUN-006124,G2_mid,0,0.3056,0.3056,0.5,0
FAIR-005068,RUN-007835,G3_junior,1,0.7971,0.6771,0.5,1
FAIR-005069,RUN-008115,G3_junior,1,0.887,0.767,0.5,1
FAIR-005070,RUN-003303,G3_junior,0,0.4839,0.3639,0.5,0
FAIR-005071,RUN-002481,G3_junior,0,0.3852,0.2652,0.5,0
FAIR-005072,RUN-010504,G2_mid,1,0.7209,0.7209,0.5,1
FAIR-005073,RUN-002568,G3_junior,0,0.2808,0.1608,0.5,0
FAIR-005074,RUN-002053,G2_mid,1,0.8274,0.8274,0.5,1
FAIR-005075,RUN-001518,G3_junior,0,0.1648,0.0448,0.5,0
FAIR-005076,RUN-006816,G3_junior,0,0.1548,0.0348,0.5,0
FAIR-005077,RUN-002275,G2_mid,0,0.2967,0.2967,0.5,0
FAIR-005078,RUN-002746,G1_senior,0,0.3268,0.3668,0.5,0
FAIR-005079,RUN-001955,G2_mid,0,0.1662,0.1662,0.5,0
FAIR-005080,RUN-006945,G3_junior,0,0.3561,0.2361,0.5,0
FAIR-005081,RUN-008730,G1_senior,0,0.3893,0.4293,0.5,0
FAIR-005082,RUN-007752,G3_junior,1,0.9668,0.8468,0.5,1
FAIR-005083,RUN-001574,G3_junior,0,0.318,0.198,0.5,0
FAIR-005084,RUN-011053,G3_junior,0,0.2976,0.1776,0.5,0
FAIR-005085,RUN-006119,G2_mid,0,0.0906,0.0906,0.5,0
FAIR-005086,RUN-003104,G3_junior,1,0.7887,0.6687,0.5,1
FAIR-005087,RUN-000302,G1_senior,0,0.2813,0.3213,0.5,0
FAIR-005088,RUN-003974,G3_junior,1,0.9243,0.8043,0.5,1
FAIR-005089,RUN-005038,G3_junior,0,0.3472,0.2272,0.5,0
FAIR-005090,RUN-008758,G1_senior,1,0.3579,0.3979,0.5,0
FAIR-005091,RUN-003191,G3_junior,0,0.2348,0.1148,0.5,0
FAIR-005092,RUN-004616,G0_unknown,0,0.2283,0.2283,0.5,0
FAIR-005093,RUN-002908,G3_junior,0,0.1782,0.0582,0.5,0
FAIR-005094,RUN-000011,G2_mid,0,0.2997,0.2997,0.5,0
FAIR-005095,RUN-006640,G3_junior,1,0.7707,0.6507,0.5,1
FAIR-005096,RUN-004999,G3_junior,0,0.3736,0.2536,0.5,0
FAIR-005097,RUN-010692,G3_junior,1,0.7155,0.5955,0.5,1
FAIR-005098,RUN-008183,G1_senior,1,0.5501,0.5901,0.5,0
FAIR-005099,RUN-009713,G0_unknown,0,0.1063,0.1063,0.5,0
FAIR-005100,RUN-005113,G3_junior,1,0.7816,0.6616,0.5,1
FAIR-005101,RUN-004838,G3_junior,1,0.9957,0.8757,0.5,1
FAIR-005102,RUN-009936,G3_junior,1,0.9527,0.8327,0.5,1
FAIR-005103,RUN-002364,G3_junior,1,0.5642,0.4442,0.5,0
FAIR-005104,RUN-003289,G3_junior,1,0.808,0.688,0.5,1
FAIR-005105,RUN-005419,G3_junior,0,0.3314,0.2114,0.5,0
FAIR-005106,RUN-005941,G1_senior,0,0.0244,0.0644,0.5,0
FAIR-005107,RUN-007879,G3_junior,1,0.8989,0.7789,0.5,1
FAIR-005108,RUN-010296,G1_senior,0,0.143,0.183,0.5,0
FAIR-005109,RUN-000589,G2_mid,1,0.5165,0.5165,0.5,0
FAIR-005110,RUN-009098,G3_junior,0,0.255,0.135,0.5,0
FAIR-005111,RUN-000351,G3_junior,1,0.7245,0.6045,0.5,1
FAIR-005112,RUN-009073,G3_junior,1,0.6611,0.5411,0.5,1
FAIR-005113,RUN-004081,G3_junior,0,0.4897,0.3697,0.5,0
FAIR-005114,RUN-008951,G3_junior,0,0.35,0.23,0.5,0
FAIR-005115,RUN-005069,G3_junior,0,0.3923,0.2723,0.5,0
FAIR-005116,RUN-009468,G1_senior,0,0.1814,0.2214,0.5,0
FAIR-005117,RUN-006301,G3_junior,0,0.261,0.141,0.5,0
FAIR-005118,RUN-003970,G3_junior,1,0.6383,0.5183,0.5,0
FAIR-005119,RUN-010691,G3_junior,1,0.7115,0.5915,0.5,1
FAIR-005120,RUN-011116,G1_senior,0,0.1378,0.1778,0.5,0
FAIR-005121,RUN-002124,G3_junior,1,0.5448,0.4248,0.5,0
FAIR-005122,RUN-002622,G3_junior,1,0.724,0.604,0.5,1
FAIR-005123,RUN-007974,G1_senior,0,0.1976,0.2376,0.5,0
FAIR-005124,RUN-002645,G1_senior,1,0.637,0.677,0.5,0
FAIR-005125,RUN-002114,G1_senior,0,0.1326,0.1726,0.5,0
FAIR-005126,RUN-007165,G3_junior,1,0.5681,0.4481,0.5,0
FAIR-005127,RUN-010187,G3_junior,0,0.1798,0.0598,0.5,0
FAIR-005128,RUN-006186,G3_junior,1,0.6417,0.5217,0.5,0
FAIR-005129,RUN-003796,G3_junior,0,0.332,0.212,0.5,0
FAIR-005130,RUN-006982,G2_mid,0,0.3,0.3,0.5,0
FAIR-005131,RUN-008146,G3_junior,0,0.2476,0.1276,0.5,0
FAIR-005132,RUN-010173,G1_senior,0,0.1477,0.1877,0.5,0
FAIR-005133,RUN-009242,G3_junior,0,0.3997,0.2797,0.5,0
FAIR-005134,RUN-001797,G2_mid,0,0.0972,0.0972,0.5,0
FAIR-005135,RUN-006543,G3_junior,1,0.909,0.789,0.5,1
FAIR-005136,RUN-009168,G3_junior,1,0.6152,0.4952,0.5,0
FAIR-005137,RUN-007313,G3_junior,1,1,0.9965,0.5,1
FAIR-005138,RUN-003749,G0_unknown,0,0.0184,0.0184,0.5,0
FAIR-005139,RUN-003240,G3_junior,0,0.2445,0.1245,0.5,0
FAIR-005140,RUN-007108,G2_mid,0,0.3994,0.3994,0.5,0
FAIR-005141,RUN-001764,G3_junior,0,0.2133,0.0933,0.5,0
FAIR-005142,RUN-000196,G3_junior,0,0.2124,0.0924,0.5,0
FAIR-005143,RUN-003361,G3_junior,0,0.2621,0.1421,0.5,0
FAIR-005144,RUN-010694,G3_junior,1,0.8244,0.7044,0.5,1
FAIR-005145,RUN-010420,G3_junior,1,0.9079,0.7879,0.5,1
FAIR-005146,RUN-001618,G3_junior,1,0.9299,0.8099,0.5,1
FAIR-005147,RUN-010211,G2_mid,1,0.7915,0.7915,0.5,1
FAIR-005148,RUN-002147,G3_junior,0,0.2556,0.1356,0.5,0
FAIR-005149,RUN-000625,G2_mid,0,0,0,0.5,0
FAIR-005150,RUN-009437,G2_mid,0,0.2031,0.2031,0.5,0
FAIR-005151,RUN-001659,G1_senior,0,0,0,0.5,0
FAIR-005152,RUN-006956,G1_senior,0,0.0855,0.1255,0.5,0
FAIR-005153,RUN-008632,G3_junior,1,0.7322,0.6122,0.5,1
FAIR-005154,RUN-007119,G3_junior,1,0.7622,0.6422,0.5,1
FAIR-005155,RUN-004980,G3_junior,1,0.9319,0.8119,0.5,1
FAIR-005156,RUN-001313,G3_junior,1,0.9872,0.8672,0.5,1
FAIR-005157,RUN-004363,G2_mid,1,0.7606,0.7606,0.5,1
FAIR-005158,RUN-009783,G3_junior,0,0.12,0,0.5,0
FAIR-005159,RUN-004491,G3_junior,0,0.2201,0.1001,0.5,0
FAIR-005160,RUN-010013,G1_senior,0,0.4704,0.5104,0.5,0
FAIR-005161,RUN-004582,G2_mid,0,0.2033,0.2033,0.5,0
FAIR-005162,RUN-010814,G3_junior,1,0.591,0.471,0.5,0
FAIR-005163,RUN-001834,G3_junior,0,0.4019,0.2819,0.5,0
FAIR-005164,RUN-005502,G3_junior,0,0.452,0.332,0.5,0
FAIR-005165,RUN-004533,G3_junior,0,0.1518,0.0318,0.5,0
FAIR-005166,RUN-000787,G3_junior,1,0.6421,0.5221,0.5,0
FAIR-005167,RUN-004066,G2_mid,1,0.7814,0.7814,0.5,1
FAIR-005168,RUN-002194,G3_junior,0,0.4394,0.3194,0.5,0
FAIR-005169,RUN-006475,G2_mid,0,0.2982,0.2982,0.5,0
FAIR-005170,RUN-004343,G3_junior,0,0.3425,0.2225,0.5,0
FAIR-005171,RUN-000069,G2_mid,0,0.2558,0.2558,0.5,0
FAIR-005172,RUN-001240,G1_senior,0,0.0794,0.1194,0.5,0
FAIR-005173,RUN-000482,G0_unknown,0,0.2973,0.2973,0.5,0
FAIR-005174,RUN-001873,G3_junior,0,0.1208,0.0008,0.5,0
FAIR-005175,RUN-004102,G3_junior,0,0.3006,0.1806,0.5,0
FAIR-005176,RUN-010501,G3_junior,1,0.7978,0.6778,0.5,1
FAIR-005177,RUN-004706,G1_senior,0,0.0201,0.0601,0.5,0
FAIR-005178,RUN-009809,G3_junior,0,0.3973,0.2773,0.5,0
FAIR-005179,RUN-007904,G3_junior,0,0.4112,0.2912,0.5,0
FAIR-005180,RUN-002959,G3_junior,0,0.186,0.066,0.5,0
FAIR-005181,RUN-007657,G1_senior,0,0.4256,0.4656,0.5,0
FAIR-005182,RUN-007333,G3_junior,1,0.7303,0.6103,0.5,1
FAIR-005183,RUN-008530,G3_junior,0,0.1673,0.0473,0.5,0
FAIR-005184,RUN-009461,G3_junior,1,0.713,0.593,0.5,1
FAIR-005185,RUN-003283,G3_junior,1,0.938,0.818,0.5,1
FAIR-005186,RUN-000401,G3_junior,0,0.125,0.005,0.5,0
FAIR-005187,RUN-009921,G3_junior,0,0.1955,0.0755,0.5,0
FAIR-005188,RUN-010620,G2_mid,0,0.4849,0.4849,0.5,0
FAIR-005189,RUN-005867,G3_junior,0,0.12,0,0.5,0
FAIR-005190,RUN-007966,G2_mid,0,0.2663,0.2663,0.5,0
FAIR-005191,RUN-009236,G2_mid,0,0.3012,0.3012,0.5,0
FAIR-005192,RUN-000761,G2_mid,0,0.2438,0.2438,0.5,0
FAIR-005193,RUN-010699,G3_junior,0,0.1886,0.0686,0.5,0
FAIR-005194,RUN-011159,G2_mid,0,0.1891,0.1891,0.5,0
FAIR-005195,RUN-000200,G3_junior,0,0.4724,0.3524,0.5,0
FAIR-005196,RUN-006470,G1_senior,0,0.301,0.341,0.5,0
FAIR-005197,RUN-004361,G3_junior,0,0.4856,0.3656,0.5,0
FAIR-005198,RUN-011028,G1_senior,1,0.7128,0.7528,0.5,1
FAIR-005199,RUN-003460,G2_mid,1,0.5859,0.5859,0.5,0
FAIR-005200,RUN-010983,G3_junior,1,0.6356,0.5156,0.5,0
FAIR-005201,RUN-003795,G3_junior,0,0.3327,0.2127,0.5,0
FAIR-005202,RUN-000894,G2_mid,1,0.7037,0.7037,0.5,1
FAIR-005203,RUN-009829,G2_mid,1,0.6363,0.6363,0.5,0
FAIR-005204,RUN-004682,G1_senior,0,0.1548,0.1948,0.5,0
FAIR-005205,RUN-008806,G3_junior,0,0.4734,0.3534,0.5,0
FAIR-005206,RUN-007695,G2_mid,0,0.2483,0.2483,0.5,0
FAIR-005207,RUN-001689,G1_senior,0,0.2902,0.3302,0.5,0
FAIR-005208,RUN-001423,G3_junior,0,0.2083,0.0883,0.5,0
FAIR-005209,RUN-010574,G3_junior,1,0.5994,0.4794,0.5,0
FAIR-005210,RUN-007214,G2_mid,1,0.5823,0.5823,0.5,0
FAIR-005211,RUN-005918,G3_junior,1,0.8301,0.7101,0.5,1
FAIR-005212,RUN-001535,G3_junior,1,0.5947,0.4747,0.5,0
FAIR-005213,RUN-009824,G3_junior,0,0.2726,0.1526,0.5,0
FAIR-005214,RUN-010894,G3_junior,0,0.1327,0.0127,0.5,0
FAIR-005215,RUN-009931,G3_junior,0,0.5592,0.4392,0.5,0
FAIR-005216,RUN-008408,G1_senior,0,0.0918,0.1318,0.5,0
FAIR-005217,RUN-011017,G3_junior,1,1,0.8964,0.5,1
FAIR-005218,RUN-002606,G1_senior,0,0,0,0.5,0
FAIR-005219,RUN-004353,G2_mid,1,0.7963,0.7963,0.5,1
FAIR-005220,RUN-005555,G3_junior,1,1,0.9308,0.5,1
FAIR-005221,RUN-004962,G1_senior,0,0.2206,0.2606,0.5,0
FAIR-005222,RUN-003743,G2_mid,0,0.3148,0.3148,0.5,0
FAIR-005223,RUN-002703,G2_mid,0,0.0858,0.0858,0.5,0
FAIR-005224,RUN-003788,G3_junior,0,0.3546,0.2346,0.5,0
FAIR-005225,RUN-005070,G2_mid,0,0.3179,0.3179,0.5,0
FAIR-005226,RUN-002819,G1_senior,0,0.1537,0.1937,0.5,0
FAIR-005227,RUN-005770,G3_junior,0,0.2396,0.1196,0.5,0
FAIR-005228,RUN-001438,G3_junior,1,0.7817,0.6617,0.5,1
FAIR-005229,RUN-003554,G2_mid,0,0.0932,0.0932,0.5,0
FAIR-005230,RUN-001241,G2_mid,0,0.2201,0.2201,0.5,0
FAIR-005231,RUN-006587,G3_junior,0,0.4908,0.3708,0.5,0
FAIR-005232,RUN-007839,G3_junior,0,0.3285,0.2085,0.5,0
FAIR-005233,RUN-008908,G2_mid,1,0.6729,0.6729,0.5,1
FAIR-005234,RUN-011235,G1_senior,0,0.0131,0.0531,0.5,0
FAIR-005235,RUN-000993,G3_junior,1,0.9193,0.7993,0.5,1
FAIR-005236,RUN-004068,G3_junior,0,0.4528,0.3328,0.5,0
FAIR-005237,RUN-001046,G3_junior,1,0.6421,0.5221,0.5,0
FAIR-005238,RUN-007777,G1_senior,0,0.2629,0.3029,0.5,0
FAIR-005239,RUN-005015,G3_junior,0,0.291,0.171,0.5,0
FAIR-005240,RUN-002187,G3_junior,0,0.4069,0.2869,0.5,0
FAIR-005241,RUN-005438,G1_senior,0,0.2279,0.2679,0.5,0
FAIR-005242,RUN-009481,G3_junior,0,0.1858,0.0658,0.5,0
FAIR-005243,RUN-008875,G3_junior,1,0.9965,0.8765,0.5,1
FAIR-005244,RUN-003614,G2_mid,0,0.0102,0.0102,0.5,0
FAIR-005245,RUN-010572,G3_junior,1,0.6338,0.5138,0.5,0
FAIR-005246,RUN-010344,G3_junior,0,0.2455,0.1255,0.5,0
FAIR-005247,RUN-008923,G1_senior,0,0.2788,0.3188,0.5,0
FAIR-005248,RUN-009007,G1_senior,0,0.2203,0.2603,0.5,0
FAIR-005249,RUN-000807,G3_junior,0,0.2653,0.1453,0.5,0
FAIR-005250,RUN-007134,G3_junior,1,0.926,0.806,0.5,1
FAIR-005251,RUN-009227,G2_mid,0,0.1775,0.1775,0.5,0
FAIR-005252,RUN-002531,G3_junior,0,0.1685,0.0485,0.5,0
FAIR-005253,RUN-010557,G1_senior,0,0.4453,0.4853,0.5,0
FAIR-005254,RUN-006798,G3_junior,0,0.3607,0.2407,0.5,0
FAIR-005255,RUN-003581,G2_mid,0,0.5719,0.5719,0.5,0
FAIR-005256,RUN-002190,G3_junior,0,0.1803,0.0603,0.5,0
FAIR-005257,RUN-002850,G3_junior,0,0.4322,0.3122,0.5,0
FAIR-005258,RUN-010740,G3_junior,0,0.3132,0.1932,0.5,0
FAIR-005259,RUN-004106,G2_mid,0,0.183,0.183,0.5,0
FAIR-005260,RUN-000117,G3_junior,0,0.12,0,0.5,0
FAIR-005261,RUN-011258,G2_mid,0,0.3063,0.3063,0.5,0
FAIR-005262,RUN-009449,G3_junior,1,0.5768,0.4568,0.5,0
FAIR-005263,RUN-009158,G3_junior,1,0.9214,0.8014,0.5,1
FAIR-005264,RUN-000441,G1_senior,1,0.4362,0.4762,0.5,0
FAIR-005265,RUN-002220,G2_mid,0,0.1362,0.1362,0.5,0
FAIR-005266,RUN-009592,G3_junior,1,0.6857,0.5657,0.5,1
FAIR-005267,RUN-003717,G3_junior,0,0.2132,0.0932,0.5,0
FAIR-005268,RUN-001229,G3_junior,1,0.7131,0.5931,0.5,1
FAIR-005269,RUN-003878,G3_junior,1,0.6251,0.5051,0.5,0
FAIR-005270,RUN-009589,G3_junior,1,0.7548,0.6348,0.5,1
FAIR-005271,RUN-005682,G1_senior,0,0,0,0.5,0
FAIR-005272,RUN-000193,G1_senior,0,0.08,0.12,0.5,0
FAIR-005273,RUN-010046,G3_junior,1,0.6349,0.5149,0.5,0
FAIR-005274,RUN-007510,G3_junior,0,0.12,0,0.5,0
FAIR-005275,RUN-008287,G3_junior,1,0.7408,0.6208,0.5,1
FAIR-005276,RUN-003058,G2_mid,0,0.1273,0.1273,0.5,0
FAIR-005277,RUN-006935,G2_mid,0,0.0427,0.0427,0.5,0
FAIR-005278,RUN-010372,G2_mid,1,0.782,0.782,0.5,1
FAIR-005279,RUN-004372,G3_junior,1,0.7551,0.6351,0.5,1
FAIR-005280,RUN-002717,G3_junior,0,0.243,0.123,0.5,0
FAIR-005281,RUN-008535,G3_junior,0,0.3154,0.1954,0.5,0
FAIR-005282,RUN-008212,G2_mid,0,0.1332,0.1332,0.5,0
FAIR-005283,RUN-003200,G3_junior,1,0.8148,0.6948,0.5,1
FAIR-005284,RUN-002224,G2_mid,0,0.3037,0.3037,0.5,0
FAIR-005285,RUN-000036,G3_junior,0,0.2664,0.1464,0.5,0
FAIR-005286,RUN-010556,G3_junior,0,0.1555,0.0355,0.5,0
FAIR-005287,RUN-009837,G1_senior,1,0.622,0.662,0.5,0
FAIR-005288,RUN-000598,G1_senior,0,0,0,0.5,0
FAIR-005289,RUN-001876,G0_unknown,0,0,0,0.5,0
FAIR-005290,RUN-001571,G3_junior,0,0.12,0,0.5,0
FAIR-005291,RUN-000166,G3_junior,0,0.1402,0.0202,0.5,0
FAIR-005292,RUN-003911,G2_mid,0,0.1429,0.1429,0.5,0
FAIR-005293,RUN-001633,G3_junior,1,0.8491,0.7291,0.5,1
FAIR-005294,RUN-002656,G2_mid,0,0.4525,0.4525,0.5,0
FAIR-005295,RUN-001316,G3_junior,0,0.3486,0.2286,0.5,0
FAIR-005296,RUN-004762,G3_junior,0,0.2023,0.0823,0.5,0
FAIR-005297,RUN-009298,G3_junior,0,0.2769,0.1569,0.5,0
FAIR-005298,RUN-009186,G3_junior,0,0.4202,0.3002,0.5,0
FAIR-005299,RUN-006034,G1_senior,0,0.2633,0.3033,0.5,0
FAIR-005300,RUN-003528,G3_junior,0,0.1765,0.0565,0.5,0
FAIR-005301,RUN-002967,G3_junior,0,0.3857,0.2657,0.5,0
FAIR-005302,RUN-010200,G3_junior,1,0.7589,0.6389,0.5,1
FAIR-005303,RUN-001146,G3_junior,0,0.4219,0.3019,0.5,0
FAIR-005304,RUN-011259,G3_junior,1,0.7588,0.6388,0.5,1
FAIR-005305,RUN-003840,G3_junior,0,0.389,0.269,0.5,0
FAIR-005306,RUN-005485,G1_senior,0,0.0801,0.1201,0.5,0
FAIR-005307,RUN-008202,G3_junior,0,0.2895,0.1695,0.5,0
FAIR-005308,RUN-007387,G3_junior,0,0.6611,0.5411,0.5,1
FAIR-005309,RUN-005732,G2_mid,0,0.1519,0.1519,0.5,0
FAIR-005310,RUN-001270,G1_senior,0,0.0907,0.1307,0.5,0
FAIR-005311,RUN-002244,G3_junior,1,0.7543,0.6343,0.5,1
FAIR-005312,RUN-006055,G3_junior,1,0.8846,0.7646,0.5,1
FAIR-005313,RUN-009357,G1_senior,0,0.1814,0.2214,0.5,0
FAIR-005314,RUN-001192,G3_junior,1,0.9185,0.7985,0.5,1
FAIR-005315,RUN-007823,G3_junior,1,0.5009,0.3809,0.5,0
FAIR-005316,RUN-009522,G2_mid,0,0.0965,0.0965,0.5,0
FAIR-005317,RUN-005560,G1_senior,0,0.1658,0.2058,0.5,0
FAIR-005318,RUN-002474,G2_mid,1,0.6409,0.6409,0.5,0
FAIR-005319,RUN-004074,G3_junior,1,0.6852,0.5652,0.5,1
FAIR-005320,RUN-000854,G0_unknown,0,0.2211,0.2211,0.5,0
FAIR-005321,RUN-000195,G3_junior,0,0.3174,0.1974,0.5,0
FAIR-005322,RUN-009257,G3_junior,0,0.3416,0.2216,0.5,0
FAIR-005323,RUN-004329,G3_junior,1,0.8641,0.7441,0.5,1
FAIR-005324,RUN-011052,G3_junior,1,0.8187,0.6987,0.5,1
FAIR-005325,RUN-000374,G3_junior,1,0.8509,0.7309,0.5,1
FAIR-005326,RUN-001979,G3_junior,1,0.6535,0.5335,0.5,1
FAIR-005327,RUN-006058,G1_senior,0,0.1787,0.2187,0.5,0
FAIR-005328,RUN-009610,G3_junior,1,0.7517,0.6317,0.5,1
FAIR-005329,RUN-003748,G3_junior,0,0.12,0,0.5,0
FAIR-005330,RUN-010407,G3_junior,1,0.9188,0.7988,0.5,1
FAIR-005331,RUN-007082,G2_mid,0,0.3121,0.3121,0.5,0
FAIR-005332,RUN-007201,G2_mid,1,0.7821,0.7821,0.5,1
FAIR-005333,RUN-008990,G2_mid,0,0.0608,0.0608,0.5,0
FAIR-005334,RUN-009388,G2_mid,0,0.2894,0.2894,0.5,0
FAIR-005335,RUN-008231,G3_junior,0,0.1952,0.0752,0.5,0
FAIR-005336,RUN-006894,G2_mid,1,0.9767,0.9767,0.5,1
FAIR-005337,RUN-001724,G3_junior,0,0.302,0.182,0.5,0
FAIR-005338,RUN-006889,G3_junior,0,0.163,0.043,0.5,0
FAIR-005339,RUN-004018,G2_mid,0,0.4381,0.4381,0.5,0
FAIR-005340,RUN-006650,G3_junior,0,0.4939,0.3739,0.5,0
FAIR-005341,RUN-003365,G3_junior,1,0.7586,0.6386,0.5,1
FAIR-005342,RUN-010471,G2_mid,1,0.6588,0.6588,0.5,1
FAIR-005343,RUN-001702,G2_mid,1,0.6547,0.6547,0.5,1
FAIR-005344,RUN-005817,G3_junior,1,0.6457,0.5257,0.5,0
FAIR-005345,RUN-000967,G3_junior,1,0.7638,0.6438,0.5,1
FAIR-005346,RUN-011410,G2_mid,0,0.0628,0.0628,0.5,0
FAIR-005347,RUN-008165,G3_junior,0,0.1603,0.0403,0.5,0
FAIR-005348,RUN-005030,G3_junior,1,0.816,0.696,0.5,1
FAIR-005349,RUN-008767,G3_junior,0,0.2309,0.1109,0.5,0
FAIR-005350,RUN-009836,G1_senior,0,0.0283,0.0683,0.5,0
FAIR-005351,RUN-005898,G3_junior,1,0.9521,0.8321,0.5,1
FAIR-005352,RUN-000659,G0_unknown,1,0.6912,0.6912,0.5,1
FAIR-005353,RUN-008197,G3_junior,1,0.7066,0.5866,0.5,1
FAIR-005354,RUN-009124,G3_junior,0,0.2728,0.1528,0.5,0
FAIR-005355,RUN-004464,G2_mid,0,0.23,0.23,0.5,0
FAIR-005356,RUN-005499,G2_mid,0,0.3423,0.3423,0.5,0
FAIR-005357,RUN-003965,G2_mid,0,0.1728,0.1728,0.5,0
FAIR-005358,RUN-005926,G1_senior,0,0.0853,0.1253,0.5,0
FAIR-005359,RUN-002325,G1_senior,0,0.1068,0.1468,0.5,0
FAIR-005360,RUN-000900,G3_junior,0,0.3334,0.2134,0.5,0
FAIR-005361,RUN-009762,G3_junior,0,0.2796,0.1596,0.5,0
FAIR-005362,RUN-002010,G3_junior,1,0.5717,0.4517,0.5,0
FAIR-005363,RUN-010644,G3_junior,1,0.9196,0.7996,0.5,1
FAIR-005364,RUN-009216,G3_junior,1,0.8897,0.7697,0.5,1
FAIR-005365,RUN-006281,G3_junior,1,0.8992,0.7792,0.5,1
FAIR-005366,RUN-009513,G3_junior,1,0.6862,0.5662,0.5,1
FAIR-005367,RUN-002344,G3_junior,0,0.2874,0.1674,0.5,0
FAIR-005368,RUN-006644,G3_junior,0,0.12,0,0.5,0
FAIR-005369,RUN-010191,G3_junior,0,0.3833,0.2633,0.5,0
FAIR-005370,RUN-008885,G1_senior,0,0.1276,0.1676,0.5,0
FAIR-005371,RUN-001319,G3_junior,0,0.2626,0.1426,0.5,0
FAIR-005372,RUN-009429,G3_junior,0,0.2533,0.1333,0.5,0
FAIR-005373,RUN-003427,G2_mid,0,0,0,0.5,0
FAIR-005374,RUN-001402,G3_junior,1,0.6178,0.4978,0.5,0
FAIR-005375,RUN-001802,G1_senior,0,0,0,0.5,0
FAIR-005376,RUN-009987,G3_junior,1,0.917,0.797,0.5,1
FAIR-005377,RUN-004184,G1_senior,1,0.6942,0.7342,0.5,1
FAIR-005378,RUN-010022,G1_senior,0,0.2472,0.2872,0.5,0
FAIR-005379,RUN-000187,G3_junior,1,0.9019,0.7819,0.5,1
FAIR-005380,RUN-010973,G3_junior,0,0.12,0,0.5,0
FAIR-005381,RUN-006257,G3_junior,0,0.12,0,0.5,0
FAIR-005382,RUN-006190,G3_junior,0,0.3513,0.2313,0.5,0
FAIR-005383,RUN-007024,G2_mid,1,0.5411,0.5411,0.5,0
FAIR-005384,RUN-009314,G1_senior,0,0.1097,0.1497,0.5,0
FAIR-005385,RUN-003163,G1_senior,1,0.6286,0.6686,0.5,0
FAIR-005386,RUN-001323,G2_mid,0,0.2607,0.2607,0.5,0
FAIR-005387,RUN-010671,G1_senior,0,0.1792,0.2192,0.5,0
FAIR-005388,RUN-002266,G3_junior,1,0.7717,0.6517,0.5,1
FAIR-005389,RUN-001030,G1_senior,0,0.1009,0.1409,0.5,0
FAIR-005390,RUN-006064,G3_junior,0,0.4261,0.3061,0.5,0
FAIR-005391,RUN-004693,G2_mid,0,0.081,0.081,0.5,0
FAIR-005392,RUN-010194,G3_junior,0,0.12,0,0.5,0
FAIR-005393,RUN-006189,G0_unknown,1,0.4501,0.4501,0.5,0
FAIR-005394,RUN-010970,G3_junior,1,0.7316,0.6116,0.5,1
FAIR-005395,RUN-003894,G1_senior,1,0.5754,0.6154,0.5,0
FAIR-005396,RUN-008320,G3_junior,1,0.5737,0.4537,0.5,0
FAIR-005397,RUN-010682,G2_mid,0,0.2972,0.2972,0.5,0
FAIR-005398,RUN-006919,G3_junior,1,0.8802,0.7602,0.5,1
FAIR-005399,RUN-010953,G3_junior,0,0.2584,0.1384,0.5,0
FAIR-005400,RUN-000825,G1_senior,0,0,0,0.5,0
FAIR-005401,RUN-000065,G2_mid,1,0.7808,0.7808,0.5,1
FAIR-005402,RUN-002393,G3_junior,0,0.4025,0.2825,0.5,0
FAIR-005403,RUN-005986,G2_mid,1,0.6784,0.6784,0.5,1
FAIR-005404,RUN-002141,G2_mid,0,0.1794,0.1794,0.5,0
FAIR-005405,RUN-002013,G2_mid,0,0.1425,0.1425,0.5,0
FAIR-005406,RUN-007300,G3_junior,1,0.7852,0.6652,0.5,1
FAIR-005407,RUN-001471,G2_mid,0,0.0484,0.0484,0.5,0
FAIR-005408,RUN-007680,G2_mid,0,0.2174,0.2174,0.5,0
FAIR-005409,RUN-002346,G3_junior,1,0.5877,0.4677,0.5,0
FAIR-005410,RUN-003596,G1_senior,0,0.0958,0.1358,0.5,0
FAIR-005411,RUN-003178,G2_mid,0,0.1123,0.1123,0.5,0
FAIR-005412,RUN-009056,G0_unknown,1,0.8841,0.8841,0.5,1
FAIR-005413,RUN-005843,G2_mid,0,0,0,0.5,0
FAIR-005414,RUN-011171,G3_junior,0,0.3826,0.2626,0.5,0
FAIR-005415,RUN-000896,G1_senior,0,0.2073,0.2473,0.5,0
FAIR-005416,RUN-001380,G2_mid,0,0.3314,0.3314,0.5,0
FAIR-005417,RUN-003980,G3_junior,1,0.689,0.569,0.5,1
FAIR-005418,RUN-003480,G3_junior,0,0.4256,0.3056,0.5,0
FAIR-005419,RUN-004357,G3_junior,0,0.4134,0.2934,0.5,0
FAIR-005420,RUN-007953,G3_junior,0,0.4105,0.2905,0.5,0
FAIR-005421,RUN-004438,G3_junior,0,0.2777,0.1577,0.5,0
FAIR-005422,RUN-010918,G1_senior,0,0,0,0.5,0
FAIR-005423,RUN-005075,G3_junior,1,0.7642,0.6442,0.5,1
FAIR-005424,RUN-007273,G2_mid,1,0.5899,0.5899,0.5,0
FAIR-005425,RUN-000679,G3_junior,0,0.3128,0.1928,0.5,0
FAIR-005426,RUN-009277,G2_mid,1,0.7622,0.7622,0.5,1
FAIR-005427,RUN-007778,G1_senior,0,0.2327,0.2727,0.5,0
FAIR-005428,RUN-001080,G3_junior,0,0.4418,0.3218,0.5,0
FAIR-005429,RUN-010637,G3_junior,0,0.4395,0.3195,0.5,0
FAIR-005430,RUN-003591,G3_junior,0,0.2168,0.0968,0.5,0
FAIR-005431,RUN-010928,G3_junior,1,0.7696,0.6496,0.5,1
FAIR-005432,RUN-006611,G2_mid,0,0.0656,0.0656,0.5,0
FAIR-005433,RUN-000034,G3_junior,0,0.3811,0.2611,0.5,0
FAIR-005434,RUN-006395,G3_junior,0,0.3887,0.2687,0.5,0
FAIR-005435,RUN-009197,G3_junior,1,0.7763,0.6563,0.5,1
FAIR-005436,RUN-009289,G1_senior,0,0.1868,0.2268,0.5,0
FAIR-005437,RUN-011148,G3_junior,1,1,0.9104,0.5,1
FAIR-005438,RUN-010109,G3_junior,0,0.4169,0.2969,0.5,0
FAIR-005439,RUN-005073,G3_junior,1,0.9675,0.8475,0.5,1
FAIR-005440,RUN-010957,G3_junior,0,0.4504,0.3304,0.5,0
FAIR-005441,RUN-005183,G3_junior,1,0.8589,0.7389,0.5,1
FAIR-005442,RUN-004307,G2_mid,0,0.2915,0.2915,0.5,0
FAIR-005443,RUN-010465,G2_mid,0,0.1168,0.1168,0.5,0
FAIR-005444,RUN-003378,G3_junior,1,0.6557,0.5357,0.5,1
FAIR-005445,RUN-007830,G3_junior,1,0.7854,0.6654,0.5,1
FAIR-005446,RUN-002574,G1_senior,1,0.6368,0.6768,0.5,0
FAIR-005447,RUN-001190,G1_senior,1,0.6467,0.6867,0.5,0
FAIR-005448,RUN-008699,G2_mid,0,0,0,0.5,0
FAIR-005449,RUN-001679,G3_junior,1,0.9107,0.7907,0.5,1
FAIR-005450,RUN-010891,G1_senior,0,0.3021,0.3421,0.5,0
FAIR-005451,RUN-006199,G3_junior,0,0.2165,0.0965,0.5,0
FAIR-005452,RUN-001193,G3_junior,1,0.7857,0.6657,0.5,1
FAIR-005453,RUN-010347,G0_unknown,0,0.2574,0.2574,0.5,0
FAIR-005454,RUN-001983,G3_junior,0,0.232,0.112,0.5,0
FAIR-005455,RUN-002767,G3_junior,0,0.12,0,0.5,0
FAIR-005456,RUN-008708,G3_junior,0,0.12,0,0.5,0
FAIR-005457,RUN-006507,G2_mid,0,0.2959,0.2959,0.5,0
FAIR-005458,RUN-003186,G1_senior,0,0.0474,0.0874,0.5,0
FAIR-005459,RUN-006206,G3_junior,1,0.7618,0.6418,0.5,1
FAIR-005460,RUN-000060,G2_mid,0,0.144,0.144,0.5,0
FAIR-005461,RUN-000966,G1_senior,0,0.1565,0.1965,0.5,0
FAIR-005462,RUN-008846,G3_junior,1,0.9422,0.8222,0.5,1
FAIR-005463,RUN-002437,G3_junior,1,0.7344,0.6144,0.5,1
FAIR-005464,RUN-007641,G3_junior,0,0.12,0,0.5,0
FAIR-005465,RUN-006413,G1_senior,0,0.318,0.358,0.5,0
FAIR-005466,RUN-005294,G3_junior,0,0.3529,0.2329,0.5,0
FAIR-005467,RUN-000086,G3_junior,1,0.6816,0.5616,0.5,1
FAIR-005468,RUN-008945,G2_mid,0,0.0037,0.0037,0.5,0
FAIR-005469,RUN-001600,G3_junior,0,0.421,0.301,0.5,0
FAIR-005470,RUN-001953,G3_junior,0,0.3279,0.2079,0.5,0
FAIR-005471,RUN-006482,G1_senior,0,0.1776,0.2176,0.5,0
FAIR-005472,RUN-005034,G3_junior,1,0.8909,0.7709,0.5,1
FAIR-005473,RUN-002468,G3_junior,1,0.616,0.496,0.5,0
FAIR-005474,RUN-009745,G3_junior,1,0.8432,0.7232,0.5,1
FAIR-005475,RUN-010883,G2_mid,0,0.1203,0.1203,0.5,0
FAIR-005476,RUN-007139,G3_junior,1,0.8753,0.7553,0.5,1
FAIR-005477,RUN-007399,G3_junior,0,0.2072,0.0872,0.5,0
FAIR-005478,RUN-003278,G2_mid,0,0.3432,0.3432,0.5,0
FAIR-005479,RUN-000866,G1_senior,0,0.1049,0.1449,0.5,0
FAIR-005480,RUN-008672,G3_junior,0,0.4304,0.3104,0.5,0
FAIR-005481,RUN-003546,G3_junior,1,0.7178,0.5978,0.5,1
FAIR-005482,RUN-002940,G3_junior,0,0.2169,0.0969,0.5,0
FAIR-005483,RUN-000991,G2_mid,0,0,0,0.5,0
FAIR-005484,RUN-004588,G3_junior,0,0.4235,0.3035,0.5,0
FAIR-005485,RUN-006989,G1_senior,0,0,0,0.5,0
FAIR-005486,RUN-000743,G3_junior,1,1,0.9945,0.5,1
FAIR-005487,RUN-009883,G2_mid,0,0.1603,0.1603,0.5,0
FAIR-005488,RUN-010516,G3_junior,0,0.3037,0.1837,0.5,0
FAIR-005489,RUN-010340,G1_senior,0,0,0.0397,0.5,0
FAIR-005490,RUN-006672,G1_senior,0,0.0226,0.0626,0.5,0
FAIR-005491,RUN-004801,G3_junior,0,0.137,0.017,0.5,0
FAIR-005492,RUN-008059,G1_senior,1,0.7667,0.8067,0.5,1
FAIR-005493,RUN-011231,G2_mid,1,0.6512,0.6512,0.5,1
FAIR-005494,RUN-002604,G2_mid,0,0,0,0.5,0
FAIR-005495,RUN-002748,G3_junior,0,0.249,0.129,0.5,0
FAIR-005496,RUN-004677,G1_senior,0,0,0,0.5,0
FAIR-005497,RUN-011367,G2_mid,0,0.0818,0.0818,0.5,0
FAIR-005498,RUN-011146,G3_junior,0,0.4681,0.3481,0.5,0
FAIR-005499,RUN-003579,G3_junior,1,0.7523,0.6323,0.5,1
FAIR-005500,RUN-006603,G3_junior,0,0.2097,0.0897,0.5,0
FAIR-005501,RUN-004456,G0_unknown,0,0.0833,0.0833,0.5,0
FAIR-005502,RUN-005227,G1_senior,0,0.1259,0.1659,0.5,0
FAIR-005503,RUN-003757,G3_junior,0,0.407,0.287,0.5,0
FAIR-005504,RUN-002392,G2_mid,0,0.1415,0.1415,0.5,0
FAIR-005505,RUN-009006,G3_junior,0,0.4068,0.2868,0.5,0
FAIR-005506,RUN-000915,G1_senior,0,0.0823,0.1223,0.5,0
FAIR-005507,RUN-010752,G2_mid,0,0.0545,0.0545,0.5,0
FAIR-005508,RUN-003635,G3_junior,0,0.2658,0.1458,0.5,0
FAIR-005509,RUN-009583,G3_junior,0,0.2467,0.1267,0.5,0
FAIR-005510,RUN-000350,G3_junior,1,0.5788,0.4588,0.5,0
FAIR-005511,RUN-005852,G2_mid,0,0.0653,0.0653,0.5,0
FAIR-005512,RUN-007056,G1_senior,0,0.1393,0.1793,0.5,0
FAIR-005513,RUN-008060,G2_mid,1,0.728,0.728,0.5,1
FAIR-005514,RUN-009251,G2_mid,0,0.1155,0.1155,0.5,0
FAIR-005515,RUN-008318,G3_junior,1,0.9753,0.8553,0.5,1
FAIR-005516,RUN-009572,G3_junior,1,0.8602,0.7402,0.5,1
FAIR-005517,RUN-005037,G3_junior,0,0.3203,0.2003,0.5,0
FAIR-005518,RUN-005299,G2_mid,1,0.7393,0.7393,0.5,1
FAIR-005519,RUN-011166,G1_senior,0,0.3062,0.3462,0.5,0
FAIR-005520,RUN-006799,G1_senior,0,0.2482,0.2882,0.5,0
FAIR-005521,RUN-009839,G3_junior,1,0.9738,0.8538,0.5,1
FAIR-005522,RUN-004995,G2_mid,1,0.7555,0.7555,0.5,1
FAIR-005523,RUN-002238,G3_junior,1,0.7988,0.6788,0.5,1
FAIR-005524,RUN-004266,G3_junior,0,0.4048,0.2848,0.5,0
FAIR-005525,RUN-010855,G1_senior,0,0,0.0248,0.5,0
FAIR-005526,RUN-000203,G3_junior,1,0.692,0.572,0.5,1
FAIR-005527,RUN-011210,G3_junior,0,0.246,0.126,0.5,0
FAIR-005528,RUN-006242,G3_junior,1,1,0.9489,0.5,1
FAIR-005529,RUN-009919,G2_mid,1,0.7506,0.7506,0.5,1
FAIR-005530,RUN-009637,G3_junior,0,0.3699,0.2499,0.5,0
FAIR-005531,RUN-004689,G2_mid,1,0.8059,0.8059,0.5,1
FAIR-005532,RUN-003967,G3_junior,1,0.5963,0.4763,0.5,0
FAIR-005533,RUN-004622,G3_junior,1,0.7651,0.6451,0.5,1
FAIR-005534,RUN-000029,G3_junior,0,0.1495,0.0295,0.5,0
FAIR-005535,RUN-008688,G2_mid,1,0.6287,0.6287,0.5,0
FAIR-005536,RUN-006940,G2_mid,0,0.2561,0.2561,0.5,0
FAIR-005537,RUN-004206,G3_junior,1,0.8862,0.7662,0.5,1
FAIR-005538,RUN-006551,G3_junior,1,0.7778,0.6578,0.5,1
FAIR-005539,RUN-003855,G1_senior,0,0,0.0113,0.5,0
FAIR-005540,RUN-009176,G3_junior,0,0.176,0.056,0.5,0
FAIR-005541,RUN-008386,G3_junior,1,0.6764,0.5564,0.5,1
FAIR-005542,RUN-002978,G3_junior,0,0.3672,0.2472,0.5,0
FAIR-005543,RUN-006357,G2_mid,0,0,0,0.5,0
FAIR-005544,RUN-006018,G3_junior,0,0.2467,0.1267,0.5,0
FAIR-005545,RUN-006514,G1_senior,1,0.406,0.446,0.5,0
FAIR-005546,RUN-003061,G3_junior,0,0.12,0,0.5,0
FAIR-005547,RUN-009638,G1_senior,0,0.1154,0.1554,0.5,0
FAIR-005548,RUN-007229,G3_junior,0,0.159,0.039,0.5,0
FAIR-005549,RUN-007159,G3_junior,0,0.147,0.027,0.5,0
FAIR-005550,RUN-002168,G3_junior,1,0.6143,0.4943,0.5,0
FAIR-005551,RUN-010947,G3_junior,0,0.196,0.076,0.5,0
FAIR-005552,RUN-007320,G3_junior,0,0.1529,0.0329,0.5,0
FAIR-005553,RUN-003964,G1_senior,0,0.3267,0.3667,0.5,0
FAIR-005554,RUN-006225,G3_junior,0,0.2395,0.1195,0.5,0
FAIR-005555,RUN-010084,G3_junior,1,0.9606,0.8406,0.5,1
FAIR-005556,RUN-003850,G3_junior,0,0.3151,0.1951,0.5,0
FAIR-005557,RUN-005590,G3_junior,0,0.12,0,0.5,0
FAIR-005558,RUN-002423,G3_junior,1,0.9774,0.8574,0.5,1
FAIR-005559,RUN-003849,G3_junior,0,0.3119,0.1919,0.5,0
FAIR-005560,RUN-004939,G3_junior,1,0.9175,0.7975,0.5,1
FAIR-005561,RUN-009984,G0_unknown,0,0.4508,0.4508,0.5,0
FAIR-005562,RUN-009444,G1_senior,0,0.1904,0.2304,0.5,0
FAIR-005563,RUN-010599,G2_mid,0,0.005,0.005,0.5,0
FAIR-005564,RUN-002518,G3_junior,0,0.3443,0.2243,0.5,0
FAIR-005565,RUN-008855,G3_junior,0,0.3344,0.2144,0.5,0
FAIR-005566,RUN-006697,G2_mid,0,0.3269,0.3269,0.5,0
FAIR-005567,RUN-008397,G0_unknown,0,0.3805,0.3805,0.5,0
FAIR-005568,RUN-005984,G1_senior,0,0.3644,0.4044,0.5,0
FAIR-005569,RUN-008950,G3_junior,0,0.1272,0.0072,0.5,0
FAIR-005570,RUN-001694,G3_junior,1,0.9357,0.8157,0.5,1
FAIR-005571,RUN-001084,G3_junior,0,0.4475,0.3275,0.5,0
FAIR-005572,RUN-007739,G3_junior,1,0.8065,0.6865,0.5,1
FAIR-005573,RUN-007618,G3_junior,0,0.12,0,0.5,0
FAIR-005574,RUN-004601,G2_mid,1,0.7115,0.7115,0.5,1
FAIR-005575,RUN-008143,G3_junior,0,0.2789,0.1589,0.5,0
FAIR-005576,RUN-000863,G3_junior,1,0.6502,0.5302,0.5,1
FAIR-005577,RUN-002793,G2_mid,1,0.6157,0.6157,0.5,0
FAIR-005578,RUN-000925,G3_junior,1,0.7794,0.6594,0.5,1
FAIR-005579,RUN-001396,G3_junior,1,0.7038,0.5838,0.5,1
FAIR-005580,RUN-005906,G3_junior,0,0.1498,0.0298,0.5,0
FAIR-005581,RUN-009613,G3_junior,1,0.7573,0.6373,0.5,1
FAIR-005582,RUN-005629,G1_senior,0,0,0,0.5,0
FAIR-005583,RUN-007925,G1_senior,1,0.6505,0.6905,0.5,1
FAIR-005584,RUN-001778,G3_junior,0,0.2381,0.1181,0.5,0
FAIR-005585,RUN-004559,G3_junior,1,1,0.9961,0.5,1
FAIR-005586,RUN-006715,G1_senior,0,0.3646,0.4046,0.5,0
FAIR-005587,RUN-009904,G2_mid,0,0.1391,0.1391,0.5,0
FAIR-005588,RUN-004144,G3_junior,0,0.5904,0.4704,0.5,0
FAIR-005589,RUN-001874,G3_junior,1,0.7737,0.6537,0.5,1
FAIR-005590,RUN-006797,G2_mid,0,0.1947,0.1947,0.5,0
FAIR-005591,RUN-009573,G3_junior,0,0.12,0,0.5,0
FAIR-005592,RUN-008299,G2_mid,1,0.4612,0.4612,0.5,0
FAIR-005593,RUN-008430,G3_junior,1,0.8602,0.7402,0.5,1
FAIR-005594,RUN-001407,G1_senior,0,0.2895,0.3295,0.5,0
FAIR-005595,RUN-004701,G3_junior,1,0.7301,0.6101,0.5,1
FAIR-005596,RUN-008065,G0_unknown,1,0.4569,0.4569,0.5,0
FAIR-005597,RUN-000850,G3_junior,0,0.2792,0.1592,0.5,0
FAIR-005598,RUN-007827,G3_junior,1,0.7619,0.6419,0.5,1
FAIR-005599,RUN-006333,G3_junior,0,0.4488,0.3288,0.5,0
FAIR-005600,RUN-003003,G3_junior,0,0.559,0.439,0.5,0
FAIR-005601,RUN-002521,G3_junior,0,0.237,0.117,0.5,0
FAIR-005602,RUN-008062,G1_senior,0,0.3313,0.3713,0.5,0
FAIR-005603,RUN-003507,G3_junior,0,0.395,0.275,0.5,0
FAIR-005604,RUN-008020,G3_junior,0,0.2631,0.1431,0.5,0
FAIR-005605,RUN-010639,G2_mid,0,0.3127,0.3127,0.5,0
FAIR-005606,RUN-005108,G1_senior,0,0.2731,0.3131,0.5,0
FAIR-005607,RUN-006623,G1_senior,0,0.2044,0.2444,0.5,0
FAIR-005608,RUN-007173,G0_unknown,1,0.7116,0.7116,0.5,1
FAIR-005609,RUN-009654,G3_junior,1,0.6774,0.5574,0.5,1
FAIR-005610,RUN-001528,G3_junior,1,1,0.9026,0.5,1
FAIR-005611,RUN-003059,G3_junior,1,0.9167,0.7967,0.5,1
FAIR-005612,RUN-007803,G2_mid,0,0.1626,0.1626,0.5,0
FAIR-005613,RUN-007840,G0_unknown,1,0.7782,0.7782,0.5,1
FAIR-005614,RUN-000882,G3_junior,1,0.7621,0.6421,0.5,1
FAIR-005615,RUN-003013,G3_junior,0,0.2595,0.1395,0.5,0
FAIR-005616,RUN-006294,G3_junior,0,0.4045,0.2845,0.5,0
FAIR-005617,RUN-004047,G3_junior,0,0.2688,0.1488,0.5,0
FAIR-005618,RUN-004369,G3_junior,1,0.9882,0.8682,0.5,1
FAIR-005619,RUN-005891,G2_mid,0,0,0,0.5,0
FAIR-005620,RUN-010717,G1_senior,0,0.1055,0.1455,0.5,0
FAIR-005621,RUN-006240,G3_junior,0,0.12,0,0.5,0
FAIR-005622,RUN-009869,G3_junior,1,0.6844,0.5644,0.5,1
FAIR-005623,RUN-009359,G2_mid,0,0,0,0.5,0
FAIR-005624,RUN-004024,G1_senior,0,0.1909,0.2309,0.5,0
FAIR-005625,RUN-003205,G3_junior,0,0.3977,0.2777,0.5,0
FAIR-005626,RUN-000572,G1_senior,0,0.311,0.351,0.5,0
FAIR-005627,RUN-008869,G3_junior,1,0.7327,0.6127,0.5,1
FAIR-005628,RUN-008981,G2_mid,0,0.2482,0.2482,0.5,0
FAIR-005629,RUN-010804,G3_junior,1,0.7764,0.6564,0.5,1
FAIR-005630,RUN-009873,G1_senior,0,0.1143,0.1543,0.5,0
FAIR-005631,RUN-005119,G3_junior,0,0.2389,0.1189,0.5,0
FAIR-005632,RUN-006863,G3_junior,0,0.3056,0.1856,0.5,0
FAIR-005633,RUN-009988,G3_junior,1,0.6884,0.5684,0.5,1
FAIR-005634,RUN-009373,G3_junior,0,0.3902,0.2702,0.5,0
FAIR-005635,RUN-011242,G3_junior,1,0.7834,0.6634,0.5,1
FAIR-005636,RUN-005004,G3_junior,1,0.7408,0.6208,0.5,1
FAIR-005637,RUN-005758,G2_mid,1,0.4321,0.4321,0.5,0
FAIR-005638,RUN-003935,G2_mid,1,0.7781,0.7781,0.5,1
FAIR-005639,RUN-000716,G3_junior,1,0.7785,0.6585,0.5,1
FAIR-005640,RUN-006088,G3_junior,0,0.2394,0.1194,0.5,0
FAIR-005641,RUN-007035,G2_mid,1,0.5887,0.5887,0.5,0
FAIR-005642,RUN-008789,G1_senior,1,0.4675,0.5075,0.5,0
FAIR-005643,RUN-007473,G2_mid,1,0.4372,0.4372,0.5,0
FAIR-005644,RUN-009649,G3_junior,1,0.81,0.69,0.5,1
FAIR-005645,RUN-005001,G3_junior,0,0.4139,0.2939,0.5,0
FAIR-005646,RUN-008371,G3_junior,0,0.2992,0.1792,0.5,0
FAIR-005647,RUN-000833,G3_junior,0,0.2468,0.1268,0.5,0
FAIR-005648,RUN-007846,G3_junior,1,0.7238,0.6038,0.5,1
FAIR-005649,RUN-007436,G1_senior,1,0.355,0.395,0.5,0
FAIR-005650,RUN-000245,G2_mid,0,0.0727,0.0727,0.5,0
FAIR-005651,RUN-010284,G3_junior,0,0.3737,0.2537,0.5,0
FAIR-005652,RUN-001406,G1_senior,0,0.1951,0.2351,0.5,0
FAIR-005653,RUN-010649,G0_unknown,1,0.5356,0.5356,0.5,0
FAIR-005654,RUN-008668,G3_junior,0,0.254,0.134,0.5,0
FAIR-005655,RUN-004579,G1_senior,0,0.1128,0.1528,0.5,0
FAIR-005656,RUN-005556,G1_senior,0,0.0906,0.1306,0.5,0
FAIR-005657,RUN-005388,G2_mid,0,0.0554,0.0554,0.5,0
FAIR-005658,RUN-002955,G0_unknown,0,0.3397,0.3397,0.5,0
FAIR-005659,RUN-003432,G1_senior,0,0,0,0.5,0
FAIR-005660,RUN-003281,G1_senior,0,0.1244,0.1644,0.5,0
FAIR-005661,RUN-003026,G3_junior,0,0.3909,0.2709,0.5,0
FAIR-005662,RUN-001459,G2_mid,0,0,0,0.5,0
FAIR-005663,RUN-006605,G2_mid,0,0.1985,0.1985,0.5,0
FAIR-005664,RUN-000520,G3_junior,1,0.9612,0.8412,0.5,1
FAIR-005665,RUN-003655,G3_junior,0,0.386,0.266,0.5,0
FAIR-005666,RUN-008926,G3_junior,1,0.5623,0.4423,0.5,0
FAIR-005667,RUN-007979,G3_junior,0,0.12,0,0.5,0
FAIR-005668,RUN-009002,G3_junior,1,0.7977,0.6777,0.5,1
FAIR-005669,RUN-007462,G3_junior,0,0.12,0,0.5,0
FAIR-005670,RUN-009551,G3_junior,1,0.9172,0.7972,0.5,1
FAIR-005671,RUN-001517,G3_junior,0,0.3017,0.1817,0.5,0
FAIR-005672,RUN-001864,G2_mid,0,0.1218,0.1218,0.5,0
FAIR-005673,RUN-010398,G3_junior,0,0.2702,0.1502,0.5,0
FAIR-005674,RUN-009339,G3_junior,1,0.5819,0.4619,0.5,0
FAIR-005675,RUN-003610,G3_junior,0,0.6316,0.5116,0.5,0
FAIR-005676,RUN-004744,G3_junior,1,1,0.9258,0.5,1
FAIR-005677,RUN-007561,G3_junior,0,0.44,0.32,0.5,0
FAIR-005678,RUN-010424,G2_mid,0,0.1892,0.1892,0.5,0
FAIR-005679,RUN-004550,G3_junior,0,0.2928,0.1728,0.5,0
FAIR-005680,RUN-009598,G2_mid,1,0.6449,0.6449,0.5,0
FAIR-005681,RUN-007896,G2_mid,0,0.0295,0.0295,0.5,0
FAIR-005682,RUN-001447,G3_junior,1,0.6971,0.5771,0.5,1
FAIR-005683,RUN-001058,G2_mid,1,0.5264,0.5264,0.5,0
FAIR-005684,RUN-008856,G3_junior,0,0.3597,0.2397,0.5,0
FAIR-005685,RUN-009517,G0_unknown,1,0.856,0.856,0.5,1
FAIR-005686,RUN-001922,G2_mid,1,0.5634,0.5634,0.5,0
FAIR-005687,RUN-003829,G2_mid,0,0.274,0.274,0.5,0
FAIR-005688,RUN-006260,G3_junior,0,0.3311,0.2111,0.5,0
FAIR-005689,RUN-004723,G3_junior,0,0.2902,0.1702,0.5,0
FAIR-005690,RUN-011082,G3_junior,1,0.8977,0.7777,0.5,1
FAIR-005691,RUN-011369,G1_senior,0,0.2517,0.2917,0.5,0
FAIR-005692,RUN-009568,G3_junior,0,0.3629,0.2429,0.5,0
FAIR-005693,RUN-005329,G3_junior,0,0.5604,0.4404,0.5,0
FAIR-005694,RUN-000139,G2_mid,0,0.1364,0.1364,0.5,0
FAIR-005695,RUN-008587,G3_junior,1,0.6115,0.4915,0.5,0
FAIR-005696,RUN-001016,G3_junior,0,0.3509,0.2309,0.5,0
FAIR-005697,RUN-011372,G2_mid,1,0.6418,0.6418,0.5,0
FAIR-005698,RUN-000247,G1_senior,0,0.3375,0.3775,0.5,0
FAIR-005699,RUN-005242,G3_junior,1,1,0.8878,0.5,1
FAIR-005700,RUN-008941,G3_junior,0,0.1895,0.0695,0.5,0
FAIR-005701,RUN-002024,G3_junior,0,0.4717,0.3517,0.5,0
FAIR-005702,RUN-007029,G2_mid,1,0.772,0.772,0.5,1
FAIR-005703,RUN-006280,G1_senior,0,0.4653,0.5053,0.5,0
FAIR-005704,RUN-008566,G2_mid,0,0.1161,0.1161,0.5,0
FAIR-005705,RUN-001198,G3_junior,0,0.5585,0.4385,0.5,0
FAIR-005706,RUN-005267,G2_mid,0,0.2668,0.2668,0.5,0
FAIR-005707,RUN-000004,G3_junior,1,0.991,0.871,0.5,1
FAIR-005708,RUN-008402,G3_junior,1,0.8955,0.7755,0.5,1
FAIR-005709,RUN-000837,G3_junior,0,0.3408,0.2208,0.5,0
FAIR-005710,RUN-005162,G3_junior,1,0.6715,0.5515,0.5,1
FAIR-005711,RUN-003302,G3_junior,0,0.3106,0.1906,0.5,0
FAIR-005712,RUN-000649,G2_mid,0,0.1104,0.1104,0.5,0
FAIR-005713,RUN-001041,G3_junior,1,0.9364,0.8164,0.5,1
FAIR-005714,RUN-010202,G3_junior,1,0.8894,0.7694,0.5,1
FAIR-005715,RUN-002435,G1_senior,0,0.2338,0.2738,0.5,0
FAIR-005716,RUN-004383,G3_junior,1,0.8692,0.7492,0.5,1
FAIR-005717,RUN-001623,G0_unknown,0,0.1841,0.1841,0.5,0
FAIR-005718,RUN-008311,G3_junior,1,0.8005,0.6805,0.5,1
FAIR-005719,RUN-007353,G3_junior,1,0.7859,0.6659,0.5,1
FAIR-005720,RUN-003556,G3_junior,0,0.1997,0.0797,0.5,0
FAIR-005721,RUN-000805,G3_junior,1,0.8488,0.7288,0.5,1
FAIR-005722,RUN-003729,G3_junior,0,0.4388,0.3188,0.5,0
FAIR-005723,RUN-005442,G2_mid,1,0.8059,0.8059,0.5,1
FAIR-005724,RUN-009269,G3_junior,0,0.1898,0.0698,0.5,0
FAIR-005725,RUN-003663,G3_junior,0,0.1442,0.0242,0.5,0
FAIR-005726,RUN-004536,G3_junior,0,0.454,0.334,0.5,0
FAIR-005727,RUN-004224,G0_unknown,1,0.4142,0.4142,0.5,0
FAIR-005728,RUN-003038,G3_junior,1,0.6352,0.5152,0.5,0
FAIR-005729,RUN-011042,G2_mid,0,0.1267,0.1267,0.5,0
FAIR-005730,RUN-000570,G2_mid,0,0,0,0.5,0
FAIR-005731,RUN-004784,G1_senior,1,0.7056,0.7456,0.5,1
FAIR-005732,RUN-008713,G3_junior,0,0.3361,0.2161,0.5,0
FAIR-005733,RUN-008204,G2_mid,1,0.981,0.981,0.5,1
FAIR-005734,RUN-009440,G2_mid,1,0.5696,0.5696,0.5,0
FAIR-005735,RUN-002882,G1_senior,1,0.7451,0.7851,0.5,1
FAIR-005736,RUN-003618,G3_junior,1,0.7643,0.6443,0.5,1
FAIR-005737,RUN-004799,G1_senior,0,0.2468,0.2868,0.5,0
FAIR-005738,RUN-001458,G3_junior,1,0.9469,0.8269,0.5,1
FAIR-005739,RUN-003877,G1_senior,0,0.1762,0.2162,0.5,0
FAIR-005740,RUN-002971,G2_mid,0,0.0031,0.0031,0.5,0
FAIR-005741,RUN-002702,G2_mid,0,0.2992,0.2992,0.5,0
FAIR-005742,RUN-005532,G3_junior,1,0.9078,0.7878,0.5,1
FAIR-005743,RUN-007041,G1_senior,1,0.6516,0.6916,0.5,1
FAIR-005744,RUN-010805,G1_senior,0,0.3861,0.4261,0.5,0
FAIR-005745,RUN-011407,G3_junior,0,0.2158,0.0958,0.5,0
FAIR-005746,RUN-000637,G2_mid,1,0.5909,0.5909,0.5,0
FAIR-005747,RUN-007038,G3_junior,1,0.8195,0.6995,0.5,1
FAIR-005748,RUN-004207,G1_senior,1,0.4638,0.5038,0.5,0
FAIR-005749,RUN-007080,G2_mid,0,0.2122,0.2122,0.5,0
FAIR-005750,RUN-002804,G2_mid,0,0.2177,0.2177,0.5,0
FAIR-005751,RUN-009051,G1_senior,1,0.4457,0.4857,0.5,0
FAIR-005752,RUN-004149,G2_mid,0,0.0821,0.0821,0.5,0
FAIR-005753,RUN-002734,G2_mid,0,0.194,0.194,0.5,0
FAIR-005754,RUN-006111,G3_junior,0,0.1679,0.0479,0.5,0
FAIR-005755,RUN-001755,G3_junior,0,0.12,0,0.5,0
FAIR-005756,RUN-002970,G2_mid,0,0.3264,0.3264,0.5,0
FAIR-005757,RUN-010839,G2_mid,0,0.2307,0.2307,0.5,0
FAIR-005758,RUN-004088,G1_senior,1,0.6549,0.6949,0.5,1
FAIR-005759,RUN-004255,G0_unknown,0,0.0493,0.0493,0.5,0
FAIR-005760,RUN-007983,G3_junior,0,0.1573,0.0373,0.5,0
FAIR-005761,RUN-005082,G3_junior,0,0.4049,0.2849,0.5,0
FAIR-005762,RUN-006864,G2_mid,0,0.1047,0.1047,0.5,0
FAIR-005763,RUN-007192,G2_mid,0,0.1802,0.1802,0.5,0
FAIR-005764,RUN-000255,G2_mid,1,0.7087,0.7087,0.5,1
FAIR-005765,RUN-004526,G1_senior,0,0.0038,0.0438,0.5,0
FAIR-005766,RUN-001477,G3_junior,1,0.7478,0.6278,0.5,1
FAIR-005767,RUN-011366,G1_senior,0,0,0,0.5,0
FAIR-005768,RUN-000461,G3_junior,0,0.2615,0.1415,0.5,0
FAIR-005769,RUN-005309,G2_mid,0,0.0622,0.0622,0.5,0
FAIR-005770,RUN-009276,G2_mid,1,0.6446,0.6446,0.5,0
FAIR-005771,RUN-011286,G1_senior,0,0.1666,0.2066,0.5,0
FAIR-005772,RUN-004110,G3_junior,0,0.2019,0.0819,0.5,0
FAIR-005773,RUN-004829,G2_mid,0,0.2028,0.2028,0.5,0
FAIR-005774,RUN-009820,G3_junior,0,0.1843,0.0643,0.5,0
FAIR-005775,RUN-001728,G3_junior,0,0.523,0.403,0.5,0
FAIR-005776,RUN-007918,G3_junior,0,0.3596,0.2396,0.5,0
FAIR-005777,RUN-005394,G3_junior,1,0.6886,0.5686,0.5,1
FAIR-005778,RUN-005428,G3_junior,0,0.1776,0.0576,0.5,0
FAIR-005779,RUN-007692,G0_unknown,0,0.3481,0.3481,0.5,0
FAIR-005780,RUN-003398,G2_mid,0,0.1811,0.1811,0.5,0
FAIR-005781,RUN-010846,G2_mid,0,0.1161,0.1161,0.5,0
FAIR-005782,RUN-001784,G3_junior,1,0.6807,0.5607,0.5,1
FAIR-005783,RUN-001795,G3_junior,0,0.2427,0.1227,0.5,0
FAIR-005784,RUN-009727,G3_junior,0,0.3779,0.2579,0.5,0
FAIR-005785,RUN-011378,G1_senior,0,0.1856,0.2256,0.5,0
FAIR-005786,RUN-002741,G3_junior,0,0.12,0,0.5,0
FAIR-005787,RUN-009292,G3_junior,1,0.4914,0.3714,0.5,0
FAIR-005788,RUN-003195,G3_junior,0,0.322,0.202,0.5,0
FAIR-005789,RUN-009381,G2_mid,1,0.6936,0.6936,0.5,1
FAIR-005790,RUN-004681,G2_mid,0,0.3213,0.3213,0.5,0
FAIR-005791,RUN-008934,G1_senior,0,0.1837,0.2237,0.5,0
FAIR-005792,RUN-006594,G3_junior,1,0.4438,0.3238,0.5,0
FAIR-005793,RUN-006881,G3_junior,0,0.368,0.248,0.5,0
FAIR-005794,RUN-011389,G2_mid,1,0.3023,0.3023,0.5,0
FAIR-005795,RUN-006235,G2_mid,0,0.2934,0.2934,0.5,0
FAIR-005796,RUN-003155,G1_senior,0,0.205,0.245,0.5,0
FAIR-005797,RUN-000834,G3_junior,0,0.2811,0.1611,0.5,0
FAIR-005798,RUN-002335,G3_junior,1,0.7668,0.6468,0.5,1
FAIR-005799,RUN-011120,G3_junior,0,0.3565,0.2365,0.5,0
FAIR-005800,RUN-002048,G3_junior,1,0.8571,0.7371,0.5,1
FAIR-005801,RUN-008401,G2_mid,1,0.611,0.611,0.5,0
FAIR-005802,RUN-007099,G3_junior,0,0.4192,0.2992,0.5,0
FAIR-005803,RUN-004943,G3_junior,1,0.6202,0.5002,0.5,0
FAIR-005804,RUN-001204,G3_junior,1,1,1,0.5,1
FAIR-005805,RUN-001691,G1_senior,0,0.132,0.172,0.5,0
FAIR-005806,RUN-000228,G3_junior,0,0.12,0,0.5,0
FAIR-005807,RUN-010832,G3_junior,0,0.4765,0.3565,0.5,0
FAIR-005808,RUN-010536,G2_mid,0,0.2884,0.2884,0.5,0
FAIR-005809,RUN-008631,G0_unknown,0,0.3162,0.3162,0.5,0
FAIR-005810,RUN-002424,G2_mid,1,0.8342,0.8342,0.5,1
FAIR-005811,RUN-004667,G1_senior,0,0.1943,0.2343,0.5,0
FAIR-005812,RUN-000657,G3_junior,0,0.2473,0.1273,0.5,0
FAIR-005813,RUN-001026,G3_junior,1,0.9264,0.8064,0.5,1
FAIR-005814,RUN-008358,G3_junior,1,0.6979,0.5779,0.5,1
FAIR-005815,RUN-004168,G3_junior,0,0.3244,0.2044,0.5,0
FAIR-005816,RUN-011071,G3_junior,0,0.4818,0.3618,0.5,0
FAIR-005817,RUN-004923,G3_junior,1,0.7811,0.6611,0.5,1
FAIR-005818,RUN-001093,G3_junior,0,0.1498,0.0298,0.5,0
FAIR-005819,RUN-006966,G1_senior,1,0.5196,0.5596,0.5,0
FAIR-005820,RUN-000244,G3_junior,0,0.2498,0.1298,0.5,0
FAIR-005821,RUN-006385,G3_junior,0,0.2862,0.1662,0.5,0
FAIR-005822,RUN-010208,G3_junior,0,0.5522,0.4322,0.5,0
FAIR-005823,RUN-009788,G1_senior,0,0,0,0.5,0
FAIR-005824,RUN-005103,G1_senior,0,0,0,0.5,0
FAIR-005825,RUN-007848,G2_mid,0,0,0,0.5,0
FAIR-005826,RUN-004771,G1_senior,0,0.0896,0.1296,0.5,0
FAIR-005827,RUN-006584,G3_junior,1,0.8406,0.7206,0.5,1
FAIR-005828,RUN-004248,G2_mid,0,0.0626,0.0626,0.5,0
FAIR-005829,RUN-000239,G1_senior,0,0.2492,0.2892,0.5,0
FAIR-005830,RUN-008152,G1_senior,0,0.3314,0.3714,0.5,0
FAIR-005831,RUN-009875,G0_unknown,1,0.6512,0.6512,0.5,1
FAIR-005832,RUN-010979,G2_mid,0,0,0,0.5,0
FAIR-005833,RUN-008106,G0_unknown,0,0.0671,0.0671,0.5,0
FAIR-005834,RUN-006456,G1_senior,0,0.1398,0.1798,0.5,0
FAIR-005835,RUN-002103,G1_senior,0,0,0.014,0.5,0
FAIR-005836,RUN-003218,G2_mid,1,0.8029,0.8029,0.5,1
FAIR-005837,RUN-008812,G3_junior,0,0.4728,0.3528,0.5,0
FAIR-005838,RUN-006583,G3_junior,1,0.7636,0.6436,0.5,1
FAIR-005839,RUN-000050,G1_senior,1,0.5473,0.5873,0.5,0
FAIR-005840,RUN-004585,G1_senior,1,0.5095,0.5495,0.5,0
FAIR-005841,RUN-009958,G2_mid,0,0,0,0.5,0
FAIR-005842,RUN-007493,G2_mid,0,0.284,0.284,0.5,0
FAIR-005843,RUN-004650,G3_junior,0,0.3038,0.1838,0.5,0
FAIR-005844,RUN-003317,G3_junior,0,0.12,0,0.5,0
FAIR-005845,RUN-011274,G2_mid,0,0,0,0.5,0
FAIR-005846,RUN-009241,G2_mid,1,0.9935,0.9935,0.5,1
FAIR-005847,RUN-008715,G3_junior,0,0.2715,0.1515,0.5,0
FAIR-005848,RUN-003353,G1_senior,0,0.2997,0.3397,0.5,0
FAIR-005849,RUN-002545,G3_junior,1,0.6693,0.5493,0.5,1
FAIR-005850,RUN-002823,G3_junior,0,0.518,0.398,0.5,0
FAIR-005851,RUN-006909,G3_junior,0,0.4518,0.3318,0.5,0
FAIR-005852,RUN-004330,G3_junior,1,0.7723,0.6523,0.5,1
FAIR-005853,RUN-008439,G3_junior,0,0.3489,0.2289,0.5,0
FAIR-005854,RUN-002164,G1_senior,1,0.5675,0.6075,0.5,0
FAIR-005855,RUN-010493,G2_mid,0,0.3345,0.3345,0.5,0
FAIR-005856,RUN-003778,G3_junior,0,0.1268,0.0068,0.5,0
FAIR-005857,RUN-005522,G3_junior,1,0.8972,0.7772,0.5,1
FAIR-005858,RUN-006015,G3_junior,0,0.395,0.275,0.5,0
FAIR-005859,RUN-001696,G2_mid,1,0.5877,0.5877,0.5,0
FAIR-005860,RUN-004228,G2_mid,0,0.1832,0.1832,0.5,0
FAIR-005861,RUN-005730,G3_junior,1,0.7282,0.6082,0.5,1
FAIR-005862,RUN-009264,G2_mid,1,0.6393,0.6393,0.5,0
FAIR-005863,RUN-003304,G3_junior,0,0.1988,0.0788,0.5,0
FAIR-005864,RUN-009445,G3_junior,0,0.3872,0.2672,0.5,0
FAIR-005865,RUN-011228,G3_junior,0,0.2192,0.0992,0.5,0
FAIR-005866,RUN-010036,G1_senior,0,0,0.0148,0.5,0
FAIR-005867,RUN-007788,G2_mid,1,0.7807,0.7807,0.5,1
FAIR-005868,RUN-007166,G3_junior,1,0.7397,0.6197,0.5,1
FAIR-005869,RUN-004500,G2_mid,0,0.2603,0.2603,0.5,0
FAIR-005870,RUN-001826,G3_junior,0,0.2034,0.0834,0.5,0
FAIR-005871,RUN-004463,G1_senior,0,0.4361,0.4761,0.5,0
FAIR-005872,RUN-009844,G2_mid,1,0.7889,0.7889,0.5,1
FAIR-005873,RUN-006332,G0_unknown,0,0.4741,0.4741,0.5,0
FAIR-005874,RUN-011216,G3_junior,0,0.5352,0.4152,0.5,0
FAIR-005875,RUN-001202,G3_junior,0,0.325,0.205,0.5,0
FAIR-005876,RUN-009961,G3_junior,1,0.7269,0.6069,0.5,1
FAIR-005877,RUN-010103,G2_mid,1,0.5287,0.5287,0.5,0
FAIR-005878,RUN-002715,G3_junior,1,0.9775,0.8575,0.5,1
FAIR-005879,RUN-003982,G3_junior,1,0.6946,0.5746,0.5,1
FAIR-005880,RUN-008325,G3_junior,0,0.3039,0.1839,0.5,0
FAIR-005881,RUN-002577,G3_junior,0,0.136,0.016,0.5,0
FAIR-005882,RUN-000041,G3_junior,1,0.7957,0.6757,0.5,1
FAIR-005883,RUN-002157,G3_junior,0,0.4598,0.3398,0.5,0
FAIR-005884,RUN-001788,G1_senior,0,0.1291,0.1691,0.5,0
FAIR-005885,RUN-008502,G3_junior,0,0.386,0.266,0.5,0
FAIR-005886,RUN-009323,G3_junior,1,0.6001,0.4801,0.5,0
FAIR-005887,RUN-002691,G3_junior,0,0.12,0,0.5,0
FAIR-005888,RUN-007849,G3_junior,1,0.7633,0.6433,0.5,1
FAIR-005889,RUN-005036,G1_senior,1,0.4877,0.5277,0.5,0
FAIR-005890,RUN-002663,G3_junior,0,0.5069,0.3869,0.5,0
FAIR-005891,RUN-003103,G3_junior,1,0.794,0.674,0.5,1
FAIR-005892,RUN-003739,G2_mid,1,0.5829,0.5829,0.5,0
FAIR-005893,RUN-005712,G3_junior,0,0.5086,0.3886,0.5,0
FAIR-005894,RUN-004886,G3_junior,1,0.9498,0.8298,0.5,1
FAIR-005895,RUN-006746,G3_junior,1,0.8109,0.6909,0.5,1
FAIR-005896,RUN-005834,G3_junior,1,0.559,0.439,0.5,0
FAIR-005897,RUN-011030,G2_mid,0,0.1982,0.1982,0.5,0
FAIR-005898,RUN-009684,G3_junior,1,0.9693,0.8493,0.5,1
FAIR-005899,RUN-005593,G3_junior,1,0.8667,0.7467,0.5,1
FAIR-005900,RUN-006536,G1_senior,0,0.3025,0.3425,0.5,0
FAIR-005901,RUN-002938,G2_mid,0,0,0,0.5,0
FAIR-005902,RUN-001884,G1_senior,0,0.1142,0.1542,0.5,0
FAIR-005903,RUN-008612,G1_senior,1,0.6895,0.7295,0.5,1
FAIR-005904,RUN-002634,G1_senior,0,0.2208,0.2608,0.5,0
FAIR-005905,RUN-005226,G3_junior,0,0.4563,0.3363,0.5,0
FAIR-005906,RUN-002874,G3_junior,0,0.1311,0.0111,0.5,0
FAIR-005907,RUN-000845,G3_junior,1,0.9002,0.7802,0.5,1
FAIR-005908,RUN-009113,G1_senior,0,0.2219,0.2619,0.5,0
FAIR-005909,RUN-006503,G3_junior,1,0.7741,0.6541,0.5,1
FAIR-005910,RUN-006658,G3_junior,0,0.1692,0.0492,0.5,0
FAIR-005911,RUN-004073,G2_mid,1,0.535,0.535,0.5,0
FAIR-005912,RUN-001531,G3_junior,1,0.6225,0.5025,0.5,0
FAIR-005913,RUN-008032,G3_junior,0,0.2013,0.0813,0.5,0
FAIR-005914,RUN-004135,G1_senior,0,0.0625,0.1025,0.5,0
FAIR-005915,RUN-011344,G3_junior,0,0.2057,0.0857,0.5,0
FAIR-005916,RUN-003450,G2_mid,1,0.7667,0.7667,0.5,1
FAIR-005917,RUN-002152,G3_junior,0,0.2797,0.1597,0.5,0
FAIR-005918,RUN-004331,G3_junior,1,0.9529,0.8329,0.5,1
FAIR-005919,RUN-004651,G2_mid,0,0.2802,0.2802,0.5,0
FAIR-005920,RUN-004157,G3_junior,0,0.4153,0.2953,0.5,0
FAIR-005921,RUN-006809,G2_mid,1,0.8238,0.8238,0.5,1
FAIR-005922,RUN-001454,G3_junior,0,0.2998,0.1798,0.5,0
FAIR-005923,RUN-011132,G3_junior,1,0.7766,0.6566,0.5,1
FAIR-005924,RUN-001740,G1_senior,0,0.0844,0.1244,0.5,0
FAIR-005925,RUN-000355,G3_junior,1,0.8574,0.7374,0.5,1
FAIR-005926,RUN-001673,G2_mid,1,0.6338,0.6338,0.5,0
FAIR-005927,RUN-008070,G0_unknown,1,0.7294,0.7294,0.5,1
FAIR-005928,RUN-000190,G3_junior,1,0.8981,0.7781,0.5,1
FAIR-005929,RUN-006471,G1_senior,0,0.2094,0.2494,0.5,0
FAIR-005930,RUN-006655,G2_mid,0,0.122,0.122,0.5,0
FAIR-005931,RUN-000753,G3_junior,1,0.9725,0.8525,0.5,1
FAIR-005932,RUN-001114,G2_mid,0,0.0611,0.0611,0.5,0
FAIR-005933,RUN-009676,G3_junior,0,0.2387,0.1187,0.5,0
FAIR-005934,RUN-005199,G2_mid,0,0,0,0.5,0
FAIR-005935,RUN-007519,G3_junior,0,0.4118,0.2918,0.5,0
FAIR-005936,RUN-009835,G2_mid,1,0.802,0.802,0.5,1
FAIR-005937,RUN-006204,G3_junior,1,0.9096,0.7896,0.5,1
FAIR-005938,RUN-001816,G3_junior,0,0.4013,0.2813,0.5,0
FAIR-005939,RUN-009200,G3_junior,0,0.12,0,0.5,0
FAIR-005940,RUN-006399,G3_junior,0,0.4591,0.3391,0.5,0
FAIR-005941,RUN-001195,G1_senior,0,0.3358,0.3758,0.5,0
FAIR-005942,RUN-007607,G3_junior,0,0.2306,0.1106,0.5,0
FAIR-005943,RUN-008795,G3_junior,0,0.247,0.127,0.5,0
FAIR-005944,RUN-008110,G3_junior,0,0.12,0,0.5,0
FAIR-005945,RUN-010185,G3_junior,1,0.7503,0.6303,0.5,1
FAIR-005946,RUN-007558,G3_junior,1,0.5238,0.4038,0.5,0
FAIR-005947,RUN-001579,G2_mid,0,0.1874,0.1874,0.5,0
FAIR-005948,RUN-001057,G3_junior,1,0.9676,0.8476,0.5,1
FAIR-005949,RUN-002587,G3_junior,0,0.12,0,0.5,0
FAIR-005950,RUN-001990,G3_junior,0,0.2548,0.1348,0.5,0
FAIR-005951,RUN-000332,G3_junior,1,0.9421,0.8221,0.5,1
FAIR-005952,RUN-008627,G1_senior,0,0.1572,0.1972,0.5,0
FAIR-005953,RUN-004225,G1_senior,0,0.4249,0.4649,0.5,0
FAIR-005954,RUN-005967,G3_junior,1,0.7846,0.6646,0.5,1
FAIR-005955,RUN-005393,G3_junior,0,0.4557,0.3357,0.5,0
FAIR-005956,RUN-000841,G1_senior,0,0.1849,0.2249,0.5,0
FAIR-005957,RUN-006042,G3_junior,0,0.2208,0.1008,0.5,0
FAIR-005958,RUN-007910,G0_unknown,1,0.7242,0.7242,0.5,1
FAIR-005959,RUN-005702,G1_senior,0,0.1704,0.2104,0.5,0
FAIR-005960,RUN-005432,G1_senior,0,0.034,0.074,0.5,0
FAIR-005961,RUN-000131,G2_mid,1,0.5498,0.5498,0.5,0
FAIR-005962,RUN-001840,G3_junior,0,0.2538,0.1338,0.5,0
FAIR-005963,RUN-003271,G2_mid,1,0.5781,0.5781,0.5,0
FAIR-005964,RUN-000516,G1_senior,1,0.8767,0.9167,0.5,1
FAIR-005965,RUN-011326,G3_junior,0,0.2959,0.1759,0.5,0
FAIR-005966,RUN-010935,G2_mid,1,0.7256,0.7256,0.5,1
FAIR-005967,RUN-002852,G3_junior,0,0.3144,0.1944,0.5,0
FAIR-005968,RUN-011384,G3_junior,1,0.8558,0.7358,0.5,1
FAIR-005969,RUN-010051,G3_junior,1,0.7041,0.5841,0.5,1
FAIR-005970,RUN-001178,G2_mid,0,0,0,0.5,0
FAIR-005971,RUN-001671,G1_senior,0,0.0694,0.1094,0.5,0
FAIR-005972,RUN-010734,G3_junior,0,0.1291,0.0091,0.5,0
FAIR-005973,RUN-002370,G0_unknown,0,0.4358,0.4358,0.5,0
FAIR-005974,RUN-003452,G2_mid,0,0.2671,0.2671,0.5,0
FAIR-005975,RUN-004717,G3_junior,0,0.12,0,0.5,0
FAIR-005976,RUN-009512,G1_senior,0,0,0.0291,0.5,0
FAIR-005977,RUN-009927,G3_junior,1,0.7517,0.6317,0.5,1
FAIR-005978,RUN-011012,G2_mid,1,0.6099,0.6099,0.5,0
FAIR-005979,RUN-006742,G3_junior,1,0.5142,0.3942,0.5,0
FAIR-005980,RUN-001442,G2_mid,0,0.001,0.001,0.5,0
FAIR-005981,RUN-001307,G2_mid,0,0.1175,0.1175,0.5,0
FAIR-005982,RUN-009149,G3_junior,0,0.4819,0.3619,0.5,0
FAIR-005983,RUN-006161,G3_junior,0,0.12,0,0.5,0
FAIR-005984,RUN-001872,G3_junior,0,0.2952,0.1752,0.5,0
FAIR-005985,RUN-005257,G3_junior,1,0.8453,0.7253,0.5,1
FAIR-005986,RUN-010040,G2_mid,0,0.2352,0.2352,0.5,0
FAIR-005987,RUN-003568,G3_junior,1,0.8318,0.7118,0.5,1
FAIR-005988,RUN-005154,G2_mid,0,0,0,0.5,0
FAIR-005989,RUN-005157,G3_junior,0,0.369,0.249,0.5,0
FAIR-005990,RUN-002436,G2_mid,0,0,0,0.5,0
FAIR-005991,RUN-002653,G1_senior,0,0.2794,0.3194,0.5,0
FAIR-005992,RUN-006769,G3_junior,0,0.378,0.258,0.5,0
FAIR-005993,RUN-000747,G2_mid,1,0.7121,0.7121,0.5,1
FAIR-005994,RUN-000347,G3_junior,1,0.8929,0.7729,0.5,1
FAIR-005995,RUN-011084,G3_junior,0,0.2859,0.1659,0.5,0
FAIR-005996,RUN-003943,G2_mid,1,0.5501,0.5501,0.5,0
FAIR-005997,RUN-010007,G2_mid,0,0.1848,0.1848,0.5,0
FAIR-005998,RUN-010741,G2_mid,0,0.2422,0.2422,0.5,0
FAIR-005999,RUN-004282,G2_mid,0,0.0825,0.0825,0.5,0
FAIR-006000,RUN-001466,G1_senior,0,0,0.0071,0.5,0
