inventory_movement_id,movement_datetime,plant_id,item_id,product_id,movement_type,quantity,uom,location_code,source_system
IM-0000001,2026-07-28 02:20:00,P03,MAT-037,PRD-080,RM_ISSUE,-4153,EA,RM-A,WMS
IM-0000002,2025-12-21 03:01:00,P01,MAT-032,PRD-038,RM_RECEIPT,4376,EA,RM-A,WMS
IM-0000003,2026-01-12 14:54:00,P03,PRD-037,PRD-037,FG_SHIP,-1517,EA,RM-A,WMS
IM-0000004,2026-07-16 22:05:00,P03,PRD-018,PRD-018,FG_SHIP,-1314,EA,RM-A,WMS
IM-0000005,2026-01-06 02:30:00,P02,PRD-067,PRD-067,FG_RECEIPT,3210,EA,RM-B,WMS
IM-0000006,2025-08-08 18:00:00,P02,MAT-018,PRD-078,RM_RECEIPT,1441,EA,FG-01,WMS
IM-0000007,2025-08-16 06:20:00,P02,MAT-026,PRD-046,RM_ISSUE,-3716,EA,FG-02,WMS
IM-0000008,2026-04-05 22:47:00,P01,MAT-031,PRD-008,RM_ISSUE,-516,EA,WIP-01,WMS
IM-0000009,2026-01-01 11:09:00,P02,PRD-048,PRD-048,FG_SHIP,-3056,EA,WIP-01,WMS
IM-0000010,2025-09-15 23:11:00,P03,PRD-073,PRD-073,FG_RECEIPT,1035,EA,FG-01,WMS
IM-0000011,2026-02-08 18:17:00,P03,PRD-028,PRD-028,FG_RECEIPT,6044,EA,WIP-01,WMS
IM-0000012,2026-01-03 23:44:00,P03,MAT-036,PRD-020,RM_RECEIPT,8194,EA,RM-A,WMS
IM-0000013,2026-04-12 03:19:00,P02,PRD-043,PRD-043,FG_RECEIPT,3149,EA,RM-A,WMS
IM-0000014,2025-11-07 11:13:00,P03,PRD-030,PRD-030,FG_SHIP,-7097,EA,RM-B,WMS
IM-0000015,2025-09-07 18:15:00,P03,PRD-016,PRD-016,FG_SHIP,-2305,EA,RM-B,WMS
IM-0000016,2026-05-08 05:03:00,P02,PRD-053,PRD-053,FG_SHIP,-1194,EA,RM-A,WMS
IM-0000017,2025-09-11 13:37:00,P02,PRD-007,PRD-007,FG_RECEIPT,2804,EA,FG-01,WMS
IM-0000018,2025-09-17 11:46:00,P01,MAT-026,PRD-046,RM_RECEIPT,1318,EA,FG-01,WMS
IM-0000019,2026-07-28 09:30:00,P03,MAT-005,PRD-024,RM_RECEIPT,6334,EA,FG-01,WMS
IM-0000020,2026-05-26 20:05:00,P02,MAT-037,PRD-051,RM_RECEIPT,1583,EA,RM-B,WMS
IM-0000021,2025-09-30 05:36:00,P03,PRD-024,PRD-024,FG_RECEIPT,2135,EA,RM-A,WMS
IM-0000022,2025-12-17 23:08:00,P02,PRD-030,PRD-030,FG_RECEIPT,239,EA,WIP-01,WMS
IM-0000023,2025-08-28 01:08:00,P01,MAT-033,PRD-076,RM_ISSUE,-2564,EA,RM-B,WMS
IM-0000024,2026-01-18 20:38:00,P03,PRD-033,PRD-033,FG_SHIP,-2411,EA,RM-A,WMS
IM-0000025,2025-09-24 13:37:00,P02,PRD-075,PRD-075,FG_SHIP,-2173,EA,FG-01,WMS
IM-0000026,2025-11-21 01:06:00,P03,PRD-077,PRD-077,FG_RECEIPT,1331,EA,FG-01,WMS
IM-0000027,2026-05-16 20:26:00,P02,PRD-059,PRD-059,FG_RECEIPT,3046,EA,FG-01,WMS
IM-0000028,2026-04-16 00:29:00,P01,PRD-028,PRD-028,FG_SHIP,-1333,EA,FG-02,WMS
IM-0000029,2026-05-21 10:17:00,P01,MAT-023,PRD-007,RM_RECEIPT,3786,EA,FG-02,WMS
IM-0000030,2026-05-16 06:02:00,P03,PRD-062,PRD-062,FG_SHIP,-579,EA,RM-A,WMS
IM-0000031,2026-04-02 11:57:00,P02,MAT-030,PRD-041,RM_ISSUE,-3560,EA,FG-02,WMS
IM-0000032,2026-07-24 20:28:00,P02,MAT-007,PRD-055,RM_RECEIPT,3161,EA,FG-02,WMS
IM-0000033,2026-05-05 21:29:00,P01,PRD-047,PRD-047,FG_RECEIPT,1621,EA,RM-B,WMS
IM-0000034,2025-09-05 04:40:00,P01,MAT-018,PRD-026,RM_ISSUE,-2535,EA,FG-02,WMS
IM-0000035,2025-08-15 01:37:00,P02,MAT-035,PRD-066,RM_RECEIPT,1768,EA,WIP-01,WMS
IM-0000036,2026-02-26 21:26:00,P01,MAT-031,PRD-008,RM_ISSUE,-1681,EA,WIP-01,WMS
IM-0000037,2025-12-22 05:36:00,P03,PRD-075,PRD-075,FG_RECEIPT,324,EA,FG-02,WMS
IM-0000038,2025-11-24 12:29:00,P01,MAT-018,PRD-078,RM_RECEIPT,12613,EA,RM-B,WMS
IM-0000039,2026-06-07 02:49:00,P03,PRD-049,PRD-049,FG_SHIP,-503,EA,FG-02,WMS
IM-0000040,2025-12-17 22:31:00,P03,MAT-017,PRD-079,RM_ISSUE,-728,EA,RM-B,WMS
IM-0000041,2026-04-17 13:20:00,P02,PRD-069,PRD-069,FG_SHIP,-2456,EA,FG-01,WMS
IM-0000042,2025-08-13 20:12:00,P02,PRD-076,PRD-076,FG_SHIP,-2467,EA,WIP-01,WMS
IM-0000043,2026-06-07 05:57:00,P03,MAT-018,PRD-050,RM_ISSUE,-712,EA,FG-01,WMS
IM-0000044,2026-01-14 01:31:00,P01,MAT-031,PRD-008,RM_ISSUE,-1363,EA,WIP-01,WMS
IM-0000045,2026-04-01 05:41:00,P01,PRD-019,PRD-019,FG_RECEIPT,555,EA,RM-B,WMS
IM-0000046,2025-11-28 19:57:00,P02,PRD-031,PRD-031,FG_RECEIPT,827,EA,RM-B,WMS
IM-0000047,2025-10-23 05:03:00,P02,PRD-026,PRD-026,FG_SHIP,-2653,EA,WIP-01,WMS
IM-0000048,2026-01-05 06:13:00,P03,PRD-009,PRD-009,FG_RECEIPT,1817,EA,FG-01,WMS
IM-0000049,2026-05-07 13:38:00,P03,PRD-007,PRD-007,FG_SHIP,-1918,EA,WIP-01,WMS
IM-0000050,2025-09-10 22:48:00,P01,PRD-080,PRD-080,FG_SHIP,-1457,EA,WIP-01,WMS
IM-0000051,2025-10-29 19:23:00,P03,PRD-013,PRD-013,FG_RECEIPT,3285,EA,FG-01,WMS
IM-0000052,2026-07-23 21:39:00,P03,MAT-008,PRD-036,RM_ISSUE,-445,EA,RM-B,WMS
IM-0000053,2025-08-20 13:15:00,P01,PRD-006,PRD-006,FG_RECEIPT,4478,EA,FG-02,WMS
IM-0000054,2025-12-28 20:28:00,P02,PRD-073,PRD-073,ADJUSTMENT,3183,EA,RM-A,WMS
IM-0000055,2026-04-27 21:56:00,P03,PRD-062,PRD-062,FG_SHIP,-4890,EA,RM-B,WMS
IM-0000056,2025-11-04 04:14:00,P03,MAT-033,PRD-017,RM_ISSUE,-3752,EA,WIP-01,WMS
IM-0000057,2026-04-17 15:36:00,P01,MAT-001,PRD-039,RM_ISSUE,-1705,EA,WIP-01,WMS
IM-0000058,2026-02-06 02:09:00,P03,PRD-054,PRD-054,ADJUSTMENT,2473,EA,RM-A,WMS
IM-0000059,2026-01-18 08:02:00,P03,MAT-014,PRD-070,RM_ISSUE,-4630,EA,RM-A,WMS
IM-0000060,2025-12-14 22:11:00,P01,MAT-012,PRD-011,RM_ISSUE,-890,EA,RM-A,WMS
IM-0000061,2026-06-07 10:36:00,P01,MAT-005,PRD-033,RM_RECEIPT,1119,EA,RM-A,WMS
IM-0000062,2026-07-04 14:57:00,P01,MAT-001,PRD-056,RM_ISSUE,-668,EA,WIP-01,WMS
IM-0000063,2026-06-03 13:37:00,P01,MAT-006,PRD-001,RM_ISSUE,-1019,EA,WIP-01,WMS
IM-0000064,2026-02-11 18:26:00,P01,PRD-048,PRD-048,FG_SHIP,-1594,EA,FG-02,WMS
IM-0000065,2025-10-01 20:44:00,P02,PRD-031,PRD-031,FG_RECEIPT,2661,EA,WIP-01,WMS
IM-0000066,2025-12-16 02:01:00,P03,MAT-030,PRD-062,RM_RECEIPT,218,EA,RM-A,WMS
IM-0000067,2026-01-23 02:56:00,P03,MAT-015,PRD-034,RM_ISSUE,-1073,EA,WIP-01,WMS
IM-0000068,2026-03-25 07:49:00,P01,PRD-011,PRD-011,FG_SHIP,-4118,EA,FG-01,WMS
IM-0000069,2026-01-28 03:42:00,P02,PRD-027,PRD-027,FG_RECEIPT,2564,EA,RM-A,WMS
IM-0000070,2026-07-25 07:31:00,P01,MAT-029,PRD-045,RM_ISSUE,-802,EA,FG-02,WMS
IM-0000071,2026-03-05 14:53:00,P01,MAT-029,PRD-045,RM_RECEIPT,1643,EA,FG-01,WMS
IM-0000072,2025-08-01 11:43:00,P03,MAT-017,PRD-079,RM_ISSUE,-3032,EA,FG-01,WMS
IM-0000073,2025-10-04 22:05:00,P02,PRD-025,PRD-025,FG_RECEIPT,1287,EA,FG-02,WMS
IM-0000074,2026-06-26 21:43:00,P01,PRD-057,PRD-057,FG_SHIP,-1732,EA,FG-01,WMS
IM-0000075,2026-02-21 16:27:00,P01,MAT-032,PRD-015,RM_RECEIPT,1589,EA,WIP-01,WMS
IM-0000076,2025-11-29 00:23:00,P01,PRD-012,PRD-012,FG_SHIP,-5593,EA,RM-A,WMS
IM-0000077,2025-09-24 18:45:00,P03,PRD-015,PRD-015,FG_RECEIPT,617,EA,WIP-01,WMS
IM-0000078,2025-10-05 20:40:00,P03,PRD-065,PRD-065,FG_RECEIPT,1117,EA,FG-01,WMS
IM-0000079,2025-11-27 14:20:00,P02,PRD-064,PRD-064,FG_RECEIPT,1360,EA,RM-A,WMS
IM-0000080,2026-03-18 06:30:00,P03,MAT-012,PRD-011,RM_RECEIPT,391,EA,WIP-01,WMS
IM-0000081,2026-04-02 12:17:00,P01,MAT-023,PRD-007,RM_RECEIPT,1508,EA,WIP-01,WMS
IM-0000082,2025-09-20 19:07:00,P02,PRD-055,PRD-055,FG_RECEIPT,996,EA,FG-02,WMS
IM-0000083,2026-06-07 20:06:00,P02,MAT-018,PRD-030,RM_ISSUE,-4736,EA,WIP-01,WMS
IM-0000084,2026-03-04 22:58:00,P03,MAT-030,PRD-009,RM_RECEIPT,5452,EA,FG-02,WMS
IM-0000085,2025-08-12 23:24:00,P01,PRD-057,PRD-057,ADJUSTMENT,1425,EA,FG-01,WMS
IM-0000086,2026-05-21 21:23:00,P01,MAT-018,PRD-067,RM_ISSUE,-693,EA,FG-01,WMS
IM-0000087,2026-02-13 06:52:00,P02,PRD-018,PRD-018,FG_RECEIPT,2184,EA,RM-A,WMS
IM-0000088,2025-11-26 10:47:00,P03,MAT-010,PRD-027,RM_ISSUE,-728,EA,FG-02,WMS
IM-0000089,2025-10-01 00:23:00,P02,MAT-005,PRD-058,RM_ISSUE,-387,EA,RM-A,WMS
IM-0000090,2025-11-27 07:51:00,P03,PRD-061,PRD-061,FG_SHIP,-2360,EA,RM-A,WMS
IM-0000091,2026-03-26 03:15:00,P02,PRD-017,PRD-017,FG_SHIP,-1729,EA,FG-01,WMS
IM-0000092,2026-06-26 07:14:00,P01,PRD-069,PRD-069,FG_SHIP,-1488,EA,RM-B,WMS
IM-0000093,2026-05-24 17:29:00,P01,PRD-074,PRD-074,FG_SHIP,-2895,EA,WIP-01,WMS
IM-0000094,2026-04-15 05:00:00,P01,MAT-005,PRD-033,RM_ISSUE,-645,EA,RM-B,WMS
IM-0000095,2026-01-21 03:03:00,P03,MAT-005,PRD-021,RM_RECEIPT,2727,EA,RM-A,WMS
IM-0000096,2026-06-06 10:20:00,P01,PRD-074,PRD-074,ADJUSTMENT,3167,EA,FG-02,WMS
IM-0000097,2026-02-08 04:07:00,P01,MAT-031,PRD-052,RM_RECEIPT,1161,EA,WIP-01,WMS
IM-0000098,2025-09-04 11:40:00,P02,PRD-036,PRD-036,FG_RECEIPT,2834,EA,RM-A,WMS
IM-0000099,2026-05-10 21:48:00,P02,PRD-025,PRD-025,FG_SHIP,-946,EA,WIP-01,WMS
IM-0000100,2025-12-17 10:25:00,P03,PRD-010,PRD-010,ADJUSTMENT,2165,EA,FG-02,WMS
IM-0000101,2026-06-16 16:16:00,P01,PRD-019,PRD-019,FG_RECEIPT,1395,EA,FG-02,WMS
IM-0000102,2026-06-30 21:12:00,P02,PRD-045,PRD-045,FG_RECEIPT,1160,EA,FG-02,WMS
IM-0000103,2025-12-09 14:46:00,P01,MAT-032,PRD-077,RM_ISSUE,-3009,EA,WIP-01,WMS
IM-0000104,2026-06-14 09:48:00,P03,MAT-008,PRD-065,RM_ISSUE,-2586,EA,FG-02,WMS
IM-0000105,2026-01-14 14:04:00,P01,PRD-057,PRD-057,FG_SHIP,-2259,EA,RM-A,WMS
IM-0000106,2026-06-27 10:03:00,P01,MAT-017,PRD-079,RM_RECEIPT,12538,EA,WIP-01,WMS
IM-0000107,2026-05-25 03:50:00,P01,PRD-079,PRD-079,ADJUSTMENT,2243,EA,RM-A,WMS
IM-0000108,2026-02-14 17:23:00,P01,MAT-008,PRD-036,RM_ISSUE,-375,EA,RM-B,WMS
IM-0000109,2026-03-29 21:32:00,P01,PRD-012,PRD-012,ADJUSTMENT,3829,EA,FG-01,WMS
IM-0000110,2026-03-09 05:40:00,P02,PRD-041,PRD-041,FG_RECEIPT,4719,EA,FG-01,WMS
IM-0000111,2026-04-26 20:10:00,P01,PRD-003,PRD-003,ADJUSTMENT,2543,EA,FG-02,WMS
IM-0000112,2025-12-11 14:54:00,P01,PRD-023,PRD-023,FG_RECEIPT,4891,EA,RM-B,WMS
IM-0000113,2026-03-08 16:11:00,P01,MAT-015,PRD-025,RM_RECEIPT,854,EA,FG-01,WMS
IM-0000114,2025-12-01 02:00:00,P03,PRD-036,PRD-036,FG_SHIP,-2084,EA,RM-B,WMS
IM-0000115,2026-03-23 16:02:00,P02,PRD-019,PRD-019,ADJUSTMENT,4584,EA,WIP-01,WMS
IM-0000116,2026-04-04 17:00:00,P02,MAT-018,PRD-030,RM_RECEIPT,2944,EA,RM-B,WMS
IM-0000117,2026-06-01 03:52:00,P03,PRD-044,PRD-044,FG_RECEIPT,1746,EA,FG-01,WMS
IM-0000118,2025-12-12 18:51:00,P02,PRD-065,PRD-065,ADJUSTMENT,1714,EA,FG-02,WMS
IM-0000119,2026-05-12 02:49:00,P03,PRD-057,PRD-057,FG_SHIP,-3621,EA,RM-A,WMS
IM-0000120,2026-07-13 03:27:00,P01,MAT-018,PRD-030,RM_RECEIPT,3084,EA,FG-02,WMS
IM-0000121,2025-12-16 03:22:00,P03,MAT-004,PRD-048,RM_RECEIPT,880,EA,WIP-01,WMS
IM-0000122,2025-12-09 14:34:00,P01,MAT-030,PRD-012,RM_ISSUE,-2024,EA,FG-02,WMS
IM-0000123,2026-06-03 18:47:00,P03,PRD-007,PRD-007,FG_RECEIPT,2740,EA,WIP-01,WMS
IM-0000124,2026-04-20 00:08:00,P02,MAT-022,PRD-047,RM_RECEIPT,9392,EA,FG-02,WMS
IM-0000125,2026-04-24 03:36:00,P03,PRD-055,PRD-055,FG_RECEIPT,689,EA,FG-01,WMS
IM-0000126,2026-01-16 02:45:00,P02,PRD-040,PRD-040,FG_SHIP,-991,EA,RM-B,WMS
IM-0000127,2025-12-01 19:40:00,P01,MAT-022,PRD-042,RM_RECEIPT,2464,EA,RM-B,WMS
IM-0000128,2026-01-01 06:36:00,P01,MAT-031,PRD-043,RM_ISSUE,-4237,EA,RM-B,WMS
IM-0000129,2026-07-23 01:35:00,P01,PRD-011,PRD-011,FG_SHIP,-3436,EA,WIP-01,WMS
IM-0000130,2026-04-25 18:57:00,P01,MAT-024,PRD-013,RM_RECEIPT,1764,EA,WIP-01,WMS
IM-0000131,2026-03-11 01:02:00,P02,MAT-033,PRD-022,RM_RECEIPT,2247,EA,RM-A,WMS
IM-0000132,2025-08-31 07:29:00,P02,MAT-001,PRD-056,RM_ISSUE,-1658,EA,WIP-01,WMS
IM-0000133,2025-10-17 17:08:00,P01,PRD-019,PRD-019,FG_SHIP,-3917,EA,WIP-01,WMS
IM-0000134,2025-10-19 11:32:00,P02,MAT-032,PRD-038,RM_RECEIPT,10386,EA,RM-A,WMS
IM-0000135,2026-04-15 03:10:00,P01,PRD-063,PRD-063,ADJUSTMENT,7524,EA,FG-02,WMS
IM-0000136,2026-05-20 05:30:00,P02,PRD-075,PRD-075,FG_SHIP,-1236,EA,WIP-01,WMS
IM-0000137,2026-02-13 02:30:00,P01,MAT-004,PRD-040,RM_ISSUE,-4180,EA,RM-A,WMS
IM-0000138,2025-11-05 01:51:00,P01,PRD-008,PRD-008,FG_SHIP,-2889,EA,FG-01,WMS
IM-0000139,2026-01-03 11:10:00,P01,MAT-022,PRD-073,RM_ISSUE,-787,EA,RM-B,WMS
IM-0000140,2025-12-30 15:21:00,P02,MAT-002,PRD-069,RM_RECEIPT,2494,EA,FG-02,WMS
IM-0000141,2026-01-31 00:42:00,P01,PRD-079,PRD-079,FG_RECEIPT,3004,EA,RM-A,WMS
IM-0000142,2026-01-08 17:16:00,P01,MAT-018,PRD-030,RM_ISSUE,-3262,EA,FG-02,WMS
IM-0000143,2026-02-18 01:07:00,P02,MAT-022,PRD-047,RM_ISSUE,-1093,EA,RM-B,WMS
IM-0000144,2026-05-17 02:56:00,P02,PRD-036,PRD-036,FG_SHIP,-3072,EA,FG-01,WMS
IM-0000145,2026-03-03 05:50:00,P03,MAT-019,PRD-071,RM_RECEIPT,1765,EA,FG-01,WMS
IM-0000146,2026-06-20 08:05:00,P02,MAT-008,PRD-036,RM_RECEIPT,2677,EA,RM-B,WMS
IM-0000147,2026-01-03 13:17:00,P03,PRD-005,PRD-005,FG_RECEIPT,1315,EA,RM-B,WMS
IM-0000148,2026-03-16 18:34:00,P02,MAT-017,PRD-019,RM_RECEIPT,206,EA,RM-B,WMS
IM-0000149,2026-03-08 09:42:00,P02,MAT-018,PRD-002,RM_ISSUE,-2586,EA,FG-01,WMS
IM-0000150,2025-10-08 03:20:00,P02,MAT-032,PRD-005,RM_RECEIPT,1710,EA,RM-B,WMS
IM-0000151,2025-11-07 23:07:00,P02,MAT-018,PRD-078,RM_RECEIPT,650,EA,WIP-01,WMS
IM-0000152,2025-12-09 07:52:00,P01,MAT-033,PRD-044,RM_ISSUE,-1804,EA,FG-02,WMS
IM-0000153,2026-07-12 18:49:00,P02,MAT-018,PRD-026,RM_RECEIPT,3498,EA,RM-B,WMS
IM-0000154,2025-12-03 16:15:00,P01,PRD-030,PRD-030,FG_RECEIPT,1154,EA,RM-A,WMS
IM-0000155,2025-12-05 23:24:00,P01,PRD-023,PRD-023,FG_SHIP,-1711,EA,FG-01,WMS
IM-0000156,2026-03-04 19:13:00,P02,MAT-024,PRD-013,RM_ISSUE,-5238,EA,RM-A,WMS
IM-0000157,2026-01-09 19:40:00,P01,PRD-017,PRD-017,FG_RECEIPT,3877,EA,FG-02,WMS
IM-0000158,2025-10-20 18:28:00,P03,PRD-077,PRD-077,FG_SHIP,-1011,EA,WIP-01,WMS
IM-0000159,2026-04-09 16:39:00,P01,MAT-033,PRD-022,RM_RECEIPT,5458,EA,WIP-01,WMS
IM-0000160,2025-12-09 07:42:00,P01,MAT-017,PRD-079,RM_RECEIPT,4965,EA,WIP-01,WMS
IM-0000161,2026-07-31 19:19:00,P01,MAT-018,PRD-054,RM_ISSUE,-2866,EA,WIP-01,WMS
IM-0000162,2026-06-06 12:09:00,P03,PRD-003,PRD-003,FG_SHIP,-1921,EA,WIP-01,WMS
IM-0000163,2026-01-15 10:43:00,P01,MAT-033,PRD-017,RM_ISSUE,-2796,EA,RM-A,WMS
IM-0000164,2025-12-17 00:47:00,P01,MAT-030,PRD-064,RM_ISSUE,-2178,EA,RM-B,WMS
IM-0000165,2026-04-23 04:15:00,P01,PRD-039,PRD-039,FG_RECEIPT,8062,EA,WIP-01,WMS
IM-0000166,2026-04-15 19:03:00,P02,PRD-016,PRD-016,ADJUSTMENT,1145,EA,WIP-01,WMS
IM-0000167,2026-03-29 16:02:00,P03,MAT-029,PRD-045,RM_ISSUE,-1179,EA,RM-B,WMS
IM-0000168,2026-07-17 07:15:00,P02,PRD-029,PRD-029,FG_RECEIPT,13352,EA,RM-B,WMS
IM-0000169,2026-01-03 19:41:00,P02,PRD-011,PRD-011,FG_SHIP,-1434,EA,RM-A,WMS
IM-0000170,2026-05-20 10:26:00,P01,PRD-064,PRD-064,FG_SHIP,-1825,EA,FG-02,WMS
IM-0000171,2025-10-04 10:20:00,P01,PRD-059,PRD-059,ADJUSTMENT,1234,EA,RM-B,WMS
IM-0000172,2026-01-31 21:58:00,P01,MAT-024,PRD-003,RM_RECEIPT,5684,EA,FG-02,WMS
IM-0000173,2025-11-27 15:58:00,P01,MAT-019,PRD-071,RM_RECEIPT,2867,EA,FG-02,WMS
IM-0000174,2025-11-02 10:48:00,P01,PRD-059,PRD-059,FG_RECEIPT,3455,EA,WIP-01,WMS
IM-0000175,2026-01-20 22:12:00,P02,PRD-030,PRD-030,FG_RECEIPT,1009,EA,FG-01,WMS
IM-0000176,2026-02-04 15:18:00,P01,MAT-002,PRD-069,RM_RECEIPT,1774,EA,FG-02,WMS
IM-0000177,2025-10-31 20:31:00,P03,MAT-026,PRD-059,RM_ISSUE,-1619,EA,RM-A,WMS
IM-0000178,2026-05-25 02:06:00,P01,PRD-071,PRD-071,FG_SHIP,-1412,EA,RM-B,WMS
IM-0000179,2025-10-06 21:11:00,P01,MAT-026,PRD-028,RM_ISSUE,-563,EA,FG-02,WMS
IM-0000180,2026-06-13 16:11:00,P02,MAT-006,PRD-001,RM_ISSUE,-9946,EA,FG-02,WMS
IM-0000181,2026-07-30 07:24:00,P03,MAT-007,PRD-055,RM_ISSUE,-4744,EA,RM-B,WMS
IM-0000182,2025-10-24 03:14:00,P01,PRD-044,PRD-044,ADJUSTMENT,14685,EA,FG-01,WMS
IM-0000183,2025-09-13 13:50:00,P01,MAT-008,PRD-036,RM_ISSUE,-3200,EA,FG-01,WMS
IM-0000184,2025-08-09 10:31:00,P03,MAT-015,PRD-025,RM_RECEIPT,901,EA,WIP-01,WMS
IM-0000185,2026-05-15 16:29:00,P02,MAT-035,PRD-053,RM_RECEIPT,778,EA,FG-02,WMS
IM-0000186,2026-04-21 20:15:00,P02,MAT-026,PRD-059,RM_ISSUE,-1999,EA,RM-B,WMS
IM-0000187,2025-11-02 13:35:00,P01,PRD-080,PRD-080,FG_RECEIPT,1109,EA,WIP-01,WMS
IM-0000188,2026-01-02 08:02:00,P02,MAT-012,PRD-011,RM_RECEIPT,1070,EA,FG-01,WMS
IM-0000189,2026-06-06 01:30:00,P03,MAT-037,PRD-018,RM_RECEIPT,286,EA,FG-01,WMS
IM-0000190,2025-08-02 13:04:00,P02,MAT-033,PRD-022,RM_ISSUE,-6959,EA,RM-A,WMS
IM-0000191,2025-09-26 00:19:00,P02,MAT-030,PRD-041,RM_RECEIPT,6692,EA,RM-A,WMS
IM-0000192,2025-12-26 14:34:00,P01,PRD-068,PRD-068,FG_SHIP,-11951,EA,RM-A,WMS
IM-0000193,2026-02-22 21:25:00,P02,MAT-033,PRD-017,RM_ISSUE,-732,EA,FG-01,WMS
IM-0000194,2025-09-25 10:47:00,P02,PRD-028,PRD-028,FG_RECEIPT,1452,EA,RM-B,WMS
IM-0000195,2025-09-16 00:45:00,P01,MAT-005,PRD-021,RM_RECEIPT,7281,EA,FG-02,WMS
IM-0000196,2025-08-09 17:13:00,P03,PRD-014,PRD-014,FG_RECEIPT,558,EA,WIP-01,WMS
IM-0000197,2026-03-26 22:15:00,P01,MAT-004,PRD-040,RM_RECEIPT,2005,EA,RM-B,WMS
IM-0000198,2025-09-19 05:48:00,P03,PRD-069,PRD-069,FG_RECEIPT,5020,EA,FG-01,WMS
IM-0000199,2025-10-31 08:53:00,P03,MAT-027,PRD-061,RM_RECEIPT,2593,EA,RM-A,WMS
IM-0000200,2026-06-12 08:18:00,P01,MAT-004,PRD-048,RM_ISSUE,-1076,EA,WIP-01,WMS
IM-0000201,2026-03-27 14:44:00,P02,PRD-021,PRD-021,FG_RECEIPT,281,EA,RM-A,WMS
IM-0000202,2026-07-15 05:22:00,P02,PRD-033,PRD-033,FG_RECEIPT,898,EA,FG-01,WMS
IM-0000203,2026-07-25 13:35:00,P03,MAT-030,PRD-060,RM_ISSUE,-3139,EA,RM-B,WMS
IM-0000204,2026-05-11 14:05:00,P02,PRD-079,PRD-079,FG_SHIP,-3312,EA,RM-B,WMS
IM-0000205,2026-06-06 14:52:00,P01,MAT-036,PRD-020,RM_RECEIPT,3159,EA,RM-A,WMS
IM-0000206,2026-07-15 10:34:00,P03,MAT-030,PRD-062,RM_RECEIPT,1752,EA,RM-A,WMS
IM-0000207,2026-01-27 04:31:00,P01,MAT-033,PRD-076,RM_ISSUE,-6985,EA,WIP-01,WMS
IM-0000208,2026-03-13 00:12:00,P03,MAT-018,PRD-030,RM_ISSUE,-6215,EA,FG-01,WMS
IM-0000209,2025-10-08 02:56:00,P02,PRD-034,PRD-034,FG_RECEIPT,5015,EA,FG-01,WMS
IM-0000210,2026-05-26 13:10:00,P02,MAT-005,PRD-024,RM_ISSUE,-1054,EA,FG-01,WMS
IM-0000211,2026-03-05 15:02:00,P03,PRD-051,PRD-051,FG_RECEIPT,5068,EA,WIP-01,WMS
IM-0000212,2025-10-09 18:52:00,P01,MAT-022,PRD-073,RM_ISSUE,-4772,EA,WIP-01,WMS
IM-0000213,2026-03-30 12:06:00,P02,PRD-071,PRD-071,FG_RECEIPT,1853,EA,FG-02,WMS
IM-0000214,2026-02-20 16:39:00,P02,MAT-012,PRD-006,RM_ISSUE,-2815,EA,FG-02,WMS
IM-0000215,2025-10-21 06:17:00,P02,PRD-010,PRD-010,FG_RECEIPT,1935,EA,WIP-01,WMS
IM-0000216,2025-11-01 11:52:00,P01,MAT-035,PRD-053,RM_RECEIPT,1992,EA,FG-02,WMS
IM-0000217,2026-07-11 15:40:00,P02,MAT-023,PRD-007,RM_ISSUE,-2531,EA,RM-A,WMS
IM-0000218,2026-03-15 06:37:00,P02,MAT-018,PRD-050,RM_RECEIPT,2213,EA,FG-01,WMS
IM-0000219,2026-06-28 10:41:00,P02,MAT-035,PRD-053,RM_RECEIPT,935,EA,WIP-01,WMS
IM-0000220,2026-01-02 07:31:00,P03,PRD-071,PRD-071,FG_SHIP,-10458,EA,RM-B,WMS
IM-0000221,2025-10-27 10:33:00,P03,MAT-024,PRD-013,RM_ISSUE,-2558,EA,RM-A,WMS
IM-0000222,2026-02-09 17:10:00,P01,MAT-035,PRD-066,RM_RECEIPT,478,EA,WIP-01,WMS
IM-0000223,2026-01-21 00:05:00,P03,MAT-022,PRD-073,RM_RECEIPT,10549,EA,FG-02,WMS
IM-0000224,2026-04-15 19:10:00,P02,PRD-073,PRD-073,FG_SHIP,-2039,EA,RM-B,WMS
IM-0000225,2025-12-28 11:08:00,P02,PRD-064,PRD-064,ADJUSTMENT,3347,EA,RM-A,WMS
IM-0000226,2025-10-14 13:09:00,P03,MAT-005,PRD-033,RM_ISSUE,-4322,EA,WIP-01,WMS
IM-0000227,2025-11-20 01:40:00,P01,PRD-069,PRD-069,FG_RECEIPT,7107,EA,WIP-01,WMS
IM-0000228,2026-05-13 17:30:00,P02,MAT-026,PRD-028,RM_ISSUE,-2438,EA,FG-01,WMS
IM-0000229,2026-04-13 17:27:00,P02,MAT-033,PRD-044,RM_ISSUE,-2536,EA,FG-02,WMS
IM-0000230,2026-02-10 03:35:00,P03,PRD-079,PRD-079,FG_RECEIPT,2225,EA,WIP-01,WMS
IM-0000231,2026-05-12 04:35:00,P02,PRD-014,PRD-014,FG_SHIP,-998,EA,WIP-01,WMS
IM-0000232,2025-10-01 12:27:00,P02,PRD-048,PRD-048,FG_RECEIPT,3255,EA,FG-01,WMS
IM-0000233,2026-04-14 21:09:00,P02,MAT-006,PRD-001,RM_ISSUE,-9908,EA,RM-B,WMS
IM-0000234,2026-05-21 02:16:00,P01,MAT-010,PRD-027,RM_RECEIPT,957,EA,FG-02,WMS
IM-0000235,2026-07-08 15:37:00,P02,MAT-027,PRD-061,RM_RECEIPT,757,EA,WIP-01,WMS
IM-0000236,2025-12-13 00:10:00,P03,MAT-003,PRD-014,RM_RECEIPT,3639,EA,RM-A,WMS
IM-0000237,2026-02-07 10:37:00,P01,MAT-005,PRD-033,RM_ISSUE,-1770,EA,RM-A,WMS
IM-0000238,2026-07-23 07:18:00,P03,PRD-054,PRD-054,FG_SHIP,-693,EA,RM-B,WMS
IM-0000239,2025-10-18 19:36:00,P02,PRD-076,PRD-076,FG_RECEIPT,2726,EA,WIP-01,WMS
IM-0000240,2026-02-08 09:56:00,P02,MAT-004,PRD-032,RM_RECEIPT,1973,EA,WIP-01,WMS
IM-0000241,2026-07-08 00:47:00,P03,PRD-033,PRD-033,FG_SHIP,-2076,EA,RM-B,WMS
IM-0000242,2026-07-26 09:26:00,P01,PRD-044,PRD-044,FG_RECEIPT,3208,EA,RM-B,WMS
IM-0000243,2026-02-05 15:14:00,P01,PRD-047,PRD-047,FG_RECEIPT,11111,EA,FG-01,WMS
IM-0000244,2026-01-31 02:08:00,P03,PRD-028,PRD-028,FG_SHIP,-5750,EA,RM-B,WMS
IM-0000245,2026-05-03 10:19:00,P01,PRD-033,PRD-033,ADJUSTMENT,2732,EA,RM-B,WMS
IM-0000246,2026-05-16 03:44:00,P03,MAT-001,PRD-056,RM_ISSUE,-4230,EA,WIP-01,WMS
IM-0000247,2026-04-22 22:09:00,P02,MAT-008,PRD-065,RM_ISSUE,-971,EA,RM-B,WMS
IM-0000248,2025-09-28 21:40:00,P01,MAT-032,PRD-005,RM_RECEIPT,2062,EA,WIP-01,WMS
IM-0000249,2025-09-21 04:19:00,P01,MAT-029,PRD-045,RM_RECEIPT,17763,EA,RM-A,WMS
IM-0000250,2025-08-23 03:03:00,P01,PRD-048,PRD-048,FG_SHIP,-2588,EA,WIP-01,WMS
IM-0000251,2025-12-13 20:05:00,P01,MAT-008,PRD-036,RM_RECEIPT,1626,EA,WIP-01,WMS
IM-0000252,2026-05-06 23:02:00,P03,MAT-015,PRD-034,RM_ISSUE,-1000,EA,RM-A,WMS
IM-0000253,2026-02-17 05:41:00,P02,PRD-071,PRD-071,FG_RECEIPT,2584,EA,RM-A,WMS
IM-0000254,2025-12-30 05:33:00,P03,MAT-024,PRD-013,RM_ISSUE,-6870,EA,RM-B,WMS
IM-0000255,2026-01-07 22:15:00,P03,MAT-033,PRD-017,RM_ISSUE,-4426,EA,RM-A,WMS
IM-0000256,2026-01-03 15:13:00,P01,PRD-078,PRD-078,FG_SHIP,-969,EA,FG-02,WMS
IM-0000257,2026-04-09 14:58:00,P01,MAT-031,PRD-008,RM_ISSUE,-2040,EA,RM-A,WMS
IM-0000258,2026-02-23 10:25:00,P01,MAT-036,PRD-020,RM_RECEIPT,4441,EA,FG-01,WMS
IM-0000259,2026-01-01 11:00:00,P01,MAT-004,PRD-032,RM_ISSUE,-7408,EA,RM-B,WMS
IM-0000260,2025-08-08 02:29:00,P02,MAT-015,PRD-034,RM_RECEIPT,597,EA,FG-01,WMS
IM-0000261,2026-07-23 02:29:00,P03,MAT-015,PRD-034,RM_ISSUE,-1707,EA,WIP-01,WMS
IM-0000262,2026-02-05 10:11:00,P03,PRD-051,PRD-051,FG_SHIP,-2686,EA,FG-01,WMS
IM-0000263,2025-11-06 10:58:00,P03,PRD-028,PRD-028,FG_RECEIPT,5554,EA,FG-02,WMS
IM-0000264,2026-06-29 00:34:00,P03,PRD-029,PRD-029,FG_SHIP,-392,EA,FG-02,WMS
IM-0000265,2026-06-30 23:59:00,P02,MAT-018,PRD-002,RM_ISSUE,-6159,EA,FG-01,WMS
IM-0000266,2026-02-10 17:10:00,P03,MAT-019,PRD-004,RM_ISSUE,-3777,EA,FG-01,WMS
IM-0000267,2026-02-23 23:11:00,P03,PRD-031,PRD-031,FG_SHIP,-1223,EA,FG-02,WMS
IM-0000268,2026-06-12 19:02:00,P01,MAT-004,PRD-032,RM_RECEIPT,1149,EA,RM-A,WMS
IM-0000269,2025-10-21 23:25:00,P02,PRD-068,PRD-068,FG_SHIP,-2262,EA,RM-A,WMS
IM-0000270,2025-11-04 07:38:00,P03,PRD-002,PRD-002,FG_RECEIPT,2091,EA,RM-B,WMS
IM-0000271,2025-10-10 14:23:00,P01,MAT-013,PRD-075,RM_ISSUE,-4949,EA,FG-02,WMS
IM-0000272,2026-03-15 16:09:00,P01,PRD-063,PRD-063,FG_RECEIPT,1092,EA,FG-02,WMS
IM-0000273,2026-05-16 13:43:00,P03,PRD-034,PRD-034,FG_SHIP,-938,EA,RM-B,WMS
IM-0000274,2026-05-03 16:24:00,P02,PRD-043,PRD-043,FG_RECEIPT,7724,EA,FG-01,WMS
IM-0000275,2025-10-30 09:03:00,P02,MAT-019,PRD-071,RM_RECEIPT,1102,EA,RM-B,WMS
IM-0000276,2026-05-08 08:32:00,P02,PRD-042,PRD-042,FG_RECEIPT,1522,EA,FG-02,WMS
IM-0000277,2025-10-19 08:51:00,P01,MAT-001,PRD-039,RM_RECEIPT,1429,EA,FG-02,WMS
IM-0000278,2026-04-08 14:15:00,P01,PRD-040,PRD-040,FG_RECEIPT,743,EA,FG-01,WMS
IM-0000279,2026-07-08 07:20:00,P01,MAT-007,PRD-055,RM_ISSUE,-1848,EA,WIP-01,WMS
IM-0000280,2025-11-17 19:03:00,P02,MAT-007,PRD-055,RM_RECEIPT,3064,EA,WIP-01,WMS
IM-0000281,2026-06-25 04:28:00,P01,PRD-072,PRD-072,FG_RECEIPT,2666,EA,RM-B,WMS
IM-0000282,2025-08-19 08:37:00,P03,PRD-054,PRD-054,FG_RECEIPT,672,EA,FG-01,WMS
IM-0000283,2026-03-09 06:50:00,P03,MAT-024,PRD-013,RM_ISSUE,-1167,EA,FG-02,WMS
IM-0000284,2026-01-21 19:55:00,P03,MAT-016,PRD-029,RM_ISSUE,-1904,EA,FG-01,WMS
IM-0000285,2026-05-20 00:15:00,P01,PRD-001,PRD-001,ADJUSTMENT,1307,EA,FG-02,WMS
IM-0000286,2025-10-01 18:56:00,P01,PRD-025,PRD-025,ADJUSTMENT,2584,EA,RM-A,WMS
IM-0000287,2025-10-31 22:34:00,P03,MAT-018,PRD-078,RM_RECEIPT,1785,EA,RM-A,WMS
IM-0000288,2025-11-10 07:47:00,P02,PRD-077,PRD-077,FG_RECEIPT,1747,EA,RM-A,WMS
IM-0000289,2025-08-26 11:27:00,P01,MAT-037,PRD-051,RM_ISSUE,-5046,EA,RM-B,WMS
IM-0000290,2025-11-24 10:18:00,P02,PRD-059,PRD-059,FG_RECEIPT,2336,EA,WIP-01,WMS
IM-0000291,2026-02-09 15:02:00,P01,PRD-037,PRD-037,FG_SHIP,-1789,EA,FG-01,WMS
IM-0000292,2026-07-17 10:46:00,P02,MAT-032,PRD-038,RM_RECEIPT,1707,EA,WIP-01,WMS
IM-0000293,2026-07-23 08:12:00,P02,MAT-018,PRD-026,RM_RECEIPT,1621,EA,RM-B,WMS
IM-0000294,2025-11-26 12:08:00,P01,MAT-029,PRD-045,RM_ISSUE,-576,EA,WIP-01,WMS
IM-0000295,2026-05-31 11:53:00,P03,PRD-038,PRD-038,FG_RECEIPT,5169,EA,RM-B,WMS
IM-0000296,2026-04-30 02:55:00,P03,PRD-074,PRD-074,FG_SHIP,-2521,EA,WIP-01,WMS
IM-0000297,2026-06-03 17:24:00,P01,MAT-018,PRD-050,RM_RECEIPT,687,EA,RM-A,WMS
IM-0000298,2025-09-14 04:42:00,P03,MAT-024,PRD-013,RM_RECEIPT,488,EA,FG-02,WMS
IM-0000299,2026-02-08 21:41:00,P02,PRD-063,PRD-063,FG_RECEIPT,1951,EA,RM-B,WMS
IM-0000300,2026-03-23 01:30:00,P03,PRD-041,PRD-041,FG_SHIP,-1247,EA,RM-B,WMS
IM-0000301,2025-12-06 16:48:00,P02,MAT-027,PRD-061,RM_ISSUE,-2881,EA,RM-A,WMS
IM-0000302,2026-02-16 08:43:00,P01,PRD-011,PRD-011,FG_SHIP,-3056,EA,RM-A,WMS
IM-0000303,2026-03-20 04:09:00,P02,PRD-058,PRD-058,FG_SHIP,-1207,EA,RM-A,WMS
IM-0000304,2026-07-26 12:49:00,P03,PRD-062,PRD-062,FG_RECEIPT,1474,EA,WIP-01,WMS
IM-0000305,2026-06-06 23:40:00,P02,PRD-050,PRD-050,FG_SHIP,-1937,EA,FG-01,WMS
IM-0000306,2025-12-25 00:13:00,P01,MAT-018,PRD-078,RM_RECEIPT,734,EA,RM-A,WMS
IM-0000307,2025-09-19 14:06:00,P01,MAT-031,PRD-052,RM_RECEIPT,264,EA,RM-A,WMS
IM-0000308,2025-09-11 16:43:00,P01,PRD-033,PRD-033,FG_SHIP,-1580,EA,WIP-01,WMS
IM-0000309,2025-09-18 02:52:00,P01,MAT-010,PRD-027,RM_ISSUE,-817,EA,RM-B,WMS
IM-0000310,2026-02-03 16:44:00,P01,MAT-018,PRD-026,RM_RECEIPT,663,EA,FG-01,WMS
IM-0000311,2026-06-21 23:36:00,P02,PRD-047,PRD-047,FG_SHIP,-1111,EA,RM-A,WMS
IM-0000312,2025-10-28 05:51:00,P01,MAT-018,PRD-030,RM_RECEIPT,3787,EA,FG-02,WMS
IM-0000313,2025-10-29 00:45:00,P03,MAT-008,PRD-065,RM_ISSUE,-4554,EA,FG-01,WMS
IM-0000314,2025-11-29 08:17:00,P02,MAT-030,PRD-062,RM_RECEIPT,1178,EA,FG-02,WMS
IM-0000315,2026-04-13 09:36:00,P02,MAT-037,PRD-051,RM_ISSUE,-8615,EA,FG-01,WMS
IM-0000316,2025-10-11 09:01:00,P02,PRD-059,PRD-059,ADJUSTMENT,697,EA,RM-B,WMS
IM-0000317,2026-05-21 01:37:00,P01,MAT-016,PRD-029,RM_ISSUE,-7271,EA,RM-B,WMS
IM-0000318,2025-08-03 18:22:00,P01,MAT-035,PRD-066,RM_ISSUE,-3550,EA,FG-02,WMS
IM-0000319,2025-09-09 05:15:00,P02,MAT-026,PRD-028,RM_ISSUE,-2977,EA,RM-A,WMS
IM-0000320,2025-12-27 04:39:00,P01,PRD-064,PRD-064,FG_RECEIPT,2820,EA,RM-B,WMS
IM-0000321,2026-06-17 01:40:00,P01,PRD-017,PRD-017,FG_SHIP,-1913,EA,WIP-01,WMS
IM-0000322,2026-01-19 15:38:00,P02,PRD-012,PRD-012,FG_SHIP,-2211,EA,WIP-01,WMS
IM-0000323,2025-09-16 17:44:00,P02,PRD-027,PRD-027,FG_SHIP,-3793,EA,RM-A,WMS
IM-0000324,2025-09-21 07:25:00,P02,PRD-024,PRD-024,FG_RECEIPT,1796,EA,RM-B,WMS
IM-0000325,2026-03-22 06:16:00,P02,PRD-060,PRD-060,FG_SHIP,-1858,EA,RM-B,WMS
IM-0000326,2026-02-17 09:07:00,P02,MAT-003,PRD-014,RM_RECEIPT,1379,EA,RM-A,WMS
IM-0000327,2026-06-10 05:02:00,P01,PRD-052,PRD-052,FG_RECEIPT,3560,EA,WIP-01,WMS
IM-0000328,2026-03-28 23:24:00,P03,PRD-040,PRD-040,FG_SHIP,-1250,EA,FG-02,WMS
IM-0000329,2026-07-08 14:29:00,P03,MAT-037,PRD-080,RM_ISSUE,-624,EA,FG-01,WMS
IM-0000330,2025-12-12 00:25:00,P02,MAT-019,PRD-004,RM_RECEIPT,2676,EA,FG-01,WMS
IM-0000331,2026-07-04 10:20:00,P02,PRD-017,PRD-017,FG_RECEIPT,1234,EA,RM-A,WMS
IM-0000332,2025-12-16 03:59:00,P01,PRD-047,PRD-047,FG_SHIP,-2228,EA,RM-A,WMS
IM-0000333,2026-06-14 10:50:00,P02,MAT-004,PRD-032,RM_RECEIPT,1363,EA,FG-02,WMS
IM-0000334,2026-03-28 18:55:00,P02,PRD-002,PRD-002,FG_SHIP,-3748,EA,RM-B,WMS
IM-0000335,2025-08-08 19:18:00,P03,MAT-030,PRD-009,RM_RECEIPT,2247,EA,RM-B,WMS
IM-0000336,2025-11-10 12:56:00,P01,MAT-035,PRD-053,RM_ISSUE,-6913,EA,RM-A,WMS
IM-0000337,2026-04-05 12:22:00,P03,MAT-033,PRD-022,RM_ISSUE,-3338,EA,RM-A,WMS
IM-0000338,2026-05-10 13:37:00,P03,MAT-033,PRD-017,RM_RECEIPT,1035,EA,RM-B,WMS
IM-0000339,2026-05-26 15:22:00,P01,PRD-010,PRD-010,FG_RECEIPT,2102,EA,RM-B,WMS
IM-0000340,2026-07-28 00:10:00,P01,MAT-015,PRD-034,RM_RECEIPT,4679,EA,RM-B,WMS
IM-0000341,2026-05-18 09:01:00,P01,MAT-023,PRD-007,RM_ISSUE,-1336,EA,FG-01,WMS
IM-0000342,2025-11-01 20:35:00,P02,MAT-015,PRD-025,RM_RECEIPT,1421,EA,RM-A,WMS
IM-0000343,2026-02-19 09:51:00,P03,MAT-031,PRD-008,RM_ISSUE,-1537,EA,RM-B,WMS
IM-0000344,2025-09-17 09:49:00,P01,MAT-030,PRD-041,RM_RECEIPT,3625,EA,RM-A,WMS
IM-0000345,2025-12-04 02:33:00,P02,MAT-035,PRD-016,RM_RECEIPT,2608,EA,WIP-01,WMS
IM-0000346,2025-11-29 23:38:00,P03,MAT-010,PRD-027,RM_RECEIPT,3064,EA,FG-01,WMS
IM-0000347,2026-04-22 06:04:00,P03,MAT-014,PRD-068,RM_RECEIPT,533,EA,FG-01,WMS
IM-0000348,2025-08-09 13:05:00,P03,MAT-026,PRD-059,RM_RECEIPT,2671,EA,RM-A,WMS
IM-0000349,2026-01-02 19:58:00,P03,PRD-021,PRD-021,FG_SHIP,-3562,EA,FG-02,WMS
IM-0000350,2026-02-12 12:50:00,P01,PRD-017,PRD-017,FG_RECEIPT,389,EA,FG-01,WMS
IM-0000351,2026-05-26 22:17:00,P02,PRD-080,PRD-080,FG_SHIP,-591,EA,RM-A,WMS
IM-0000352,2026-04-24 07:25:00,P01,MAT-008,PRD-036,RM_RECEIPT,3884,EA,FG-01,WMS
IM-0000353,2025-09-11 21:29:00,P02,PRD-069,PRD-069,FG_RECEIPT,2372,EA,FG-01,WMS
IM-0000354,2026-03-23 10:23:00,P03,PRD-027,PRD-027,FG_SHIP,-2719,EA,RM-B,WMS
IM-0000355,2026-03-31 10:18:00,P02,MAT-035,PRD-016,RM_RECEIPT,2029,EA,WIP-01,WMS
IM-0000356,2026-06-23 04:52:00,P02,MAT-032,PRD-038,RM_RECEIPT,1152,EA,RM-B,WMS
IM-0000357,2026-03-26 20:14:00,P02,PRD-043,PRD-043,FG_SHIP,-1924,EA,RM-A,WMS
IM-0000358,2026-05-04 17:41:00,P03,MAT-006,PRD-001,RM_ISSUE,-2309,EA,WIP-01,WMS
IM-0000359,2025-11-20 21:30:00,P02,PRD-032,PRD-032,FG_SHIP,-7681,EA,FG-01,WMS
IM-0000360,2026-06-10 17:29:00,P02,MAT-030,PRD-064,RM_ISSUE,-1552,EA,FG-02,WMS
IM-0000361,2026-04-28 09:18:00,P03,PRD-079,PRD-079,FG_SHIP,-5313,EA,FG-01,WMS
IM-0000362,2025-12-29 12:12:00,P02,PRD-014,PRD-014,FG_RECEIPT,832,EA,RM-B,WMS
IM-0000363,2025-11-26 11:52:00,P03,PRD-023,PRD-023,FG_SHIP,-809,EA,RM-B,WMS
IM-0000364,2026-02-07 13:05:00,P03,PRD-036,PRD-036,FG_RECEIPT,4235,EA,RM-A,WMS
IM-0000365,2026-07-25 09:40:00,P03,MAT-014,PRD-068,RM_ISSUE,-999,EA,WIP-01,WMS
IM-0000366,2026-07-03 19:51:00,P01,MAT-014,PRD-070,RM_RECEIPT,3009,EA,RM-A,WMS
IM-0000367,2026-06-27 02:03:00,P02,MAT-027,PRD-061,RM_ISSUE,-409,EA,RM-A,WMS
IM-0000368,2025-08-07 21:11:00,P03,PRD-025,PRD-025,FG_RECEIPT,11907,EA,WIP-01,WMS
IM-0000369,2025-11-30 09:30:00,P02,MAT-018,PRD-002,RM_RECEIPT,790,EA,FG-01,WMS
IM-0000370,2025-08-10 19:00:00,P03,PRD-074,PRD-074,FG_RECEIPT,1581,EA,FG-02,WMS
IM-0000371,2026-01-20 15:16:00,P01,PRD-017,PRD-017,FG_SHIP,-2750,EA,RM-A,WMS
IM-0000372,2026-05-28 13:00:00,P02,PRD-006,PRD-006,FG_SHIP,-768,EA,WIP-01,WMS
IM-0000373,2026-01-09 06:59:00,P03,PRD-042,PRD-042,FG_RECEIPT,1406,EA,RM-A,WMS
IM-0000374,2026-05-13 02:40:00,P02,PRD-076,PRD-076,FG_SHIP,-348,EA,FG-02,WMS
IM-0000375,2025-11-02 06:45:00,P02,MAT-001,PRD-056,RM_ISSUE,-6358,EA,FG-02,WMS
IM-0000376,2025-09-01 00:03:00,P02,MAT-037,PRD-018,RM_RECEIPT,3327,EA,FG-02,WMS
IM-0000377,2025-10-30 07:56:00,P03,MAT-035,PRD-066,RM_RECEIPT,990,EA,FG-01,WMS
IM-0000378,2026-06-12 12:02:00,P03,MAT-002,PRD-069,RM_RECEIPT,1164,EA,RM-A,WMS
IM-0000379,2025-08-30 23:54:00,P01,PRD-063,PRD-063,FG_RECEIPT,2625,EA,RM-A,WMS
IM-0000380,2026-07-17 06:05:00,P03,MAT-018,PRD-026,RM_RECEIPT,546,EA,FG-01,WMS
IM-0000381,2026-02-11 15:18:00,P02,MAT-004,PRD-040,RM_ISSUE,-2578,EA,FG-02,WMS
IM-0000382,2025-12-20 17:19:00,P02,MAT-001,PRD-039,RM_RECEIPT,1190,EA,RM-B,WMS
IM-0000383,2026-03-06 18:45:00,P03,PRD-078,PRD-078,FG_RECEIPT,3493,EA,RM-B,WMS
IM-0000384,2026-05-16 06:24:00,P01,PRD-020,PRD-020,FG_RECEIPT,920,EA,RM-B,WMS
IM-0000385,2026-07-17 12:32:00,P01,PRD-011,PRD-011,FG_SHIP,-4315,EA,RM-A,WMS
IM-0000386,2026-02-08 02:23:00,P01,PRD-040,PRD-040,ADJUSTMENT,2560,EA,FG-01,WMS
IM-0000387,2026-04-18 20:14:00,P03,MAT-033,PRD-022,RM_ISSUE,-3347,EA,FG-01,WMS
IM-0000388,2026-07-26 15:22:00,P02,MAT-026,PRD-059,RM_RECEIPT,1225,EA,FG-01,WMS
IM-0000389,2026-06-07 18:07:00,P03,PRD-080,PRD-080,FG_RECEIPT,2380,EA,RM-A,WMS
IM-0000390,2026-06-12 10:58:00,P02,MAT-026,PRD-028,RM_ISSUE,-2316,EA,RM-A,WMS
IM-0000391,2026-01-21 03:06:00,P02,PRD-061,PRD-061,FG_RECEIPT,2078,EA,WIP-01,WMS
IM-0000392,2025-08-14 20:28:00,P03,MAT-019,PRD-071,RM_RECEIPT,1152,EA,RM-A,WMS
IM-0000393,2025-08-04 23:18:00,P02,PRD-009,PRD-009,FG_RECEIPT,1454,EA,RM-A,WMS
IM-0000394,2025-08-24 00:42:00,P03,PRD-058,PRD-058,FG_SHIP,-8553,EA,FG-02,WMS
IM-0000395,2026-07-08 07:26:00,P01,MAT-030,PRD-062,RM_RECEIPT,5638,EA,RM-A,WMS
IM-0000396,2026-01-09 19:19:00,P01,PRD-053,PRD-053,FG_SHIP,-6247,EA,WIP-01,WMS
IM-0000397,2026-02-24 18:54:00,P03,MAT-002,PRD-069,RM_RECEIPT,1605,EA,FG-01,WMS
IM-0000398,2026-07-17 16:50:00,P03,PRD-033,PRD-033,ADJUSTMENT,3746,EA,RM-B,WMS
IM-0000399,2025-10-19 07:49:00,P03,PRD-062,PRD-062,FG_RECEIPT,1492,EA,RM-A,WMS
IM-0000400,2025-12-04 17:51:00,P02,PRD-069,PRD-069,FG_SHIP,-2218,EA,RM-B,WMS
IM-0000401,2026-04-16 00:56:00,P01,PRD-071,PRD-071,FG_RECEIPT,1865,EA,RM-A,WMS
IM-0000402,2025-12-30 04:49:00,P02,PRD-071,PRD-071,FG_RECEIPT,4197,EA,FG-01,WMS
IM-0000403,2026-07-17 11:45:00,P03,PRD-010,PRD-010,FG_RECEIPT,1031,EA,FG-01,WMS
IM-0000404,2025-11-06 02:30:00,P01,PRD-051,PRD-051,FG_SHIP,-1739,EA,RM-A,WMS
IM-0000405,2025-12-16 20:34:00,P03,MAT-018,PRD-030,RM_RECEIPT,1154,EA,FG-02,WMS
IM-0000406,2025-09-07 05:50:00,P02,MAT-018,PRD-002,RM_RECEIPT,7746,EA,WIP-01,WMS
IM-0000407,2026-07-18 13:30:00,P01,PRD-063,PRD-063,FG_SHIP,-11197,EA,WIP-01,WMS
IM-0000408,2025-10-01 06:27:00,P03,MAT-004,PRD-032,RM_RECEIPT,1600,EA,RM-A,WMS
IM-0000409,2025-08-29 12:44:00,P03,PRD-044,PRD-044,FG_RECEIPT,6013,EA,FG-01,WMS
IM-0000410,2026-03-14 19:27:00,P01,PRD-066,PRD-066,FG_RECEIPT,3427,EA,RM-A,WMS
IM-0000411,2026-05-19 15:02:00,P01,MAT-030,PRD-062,RM_RECEIPT,6378,EA,RM-A,WMS
IM-0000412,2025-11-18 20:18:00,P03,PRD-007,PRD-007,FG_SHIP,-1184,EA,RM-A,WMS
IM-0000413,2026-04-12 09:53:00,P01,MAT-018,PRD-054,RM_RECEIPT,3224,EA,FG-01,WMS
IM-0000414,2025-08-23 16:58:00,P03,MAT-029,PRD-031,RM_RECEIPT,4506,EA,RM-B,WMS
IM-0000415,2025-11-25 23:30:00,P01,PRD-071,PRD-071,FG_SHIP,-1523,EA,RM-B,WMS
IM-0000416,2026-02-23 11:39:00,P03,PRD-028,PRD-028,FG_RECEIPT,937,EA,RM-B,WMS
IM-0000417,2025-10-08 15:13:00,P02,MAT-033,PRD-044,RM_RECEIPT,394,EA,WIP-01,WMS
IM-0000418,2026-05-03 12:40:00,P01,MAT-018,PRD-030,RM_ISSUE,-1643,EA,WIP-01,WMS
IM-0000419,2026-05-07 02:05:00,P01,MAT-037,PRD-018,RM_RECEIPT,6902,EA,WIP-01,WMS
IM-0000420,2025-11-17 20:30:00,P01,PRD-008,PRD-008,FG_RECEIPT,5647,EA,FG-02,WMS
IM-0000421,2025-09-03 09:26:00,P03,MAT-035,PRD-016,RM_ISSUE,-6283,EA,RM-B,WMS
IM-0000422,2026-04-24 00:35:00,P01,MAT-033,PRD-022,RM_RECEIPT,3176,EA,RM-B,WMS
IM-0000423,2025-10-07 15:15:00,P03,PRD-027,PRD-027,FG_SHIP,-942,EA,FG-02,WMS
IM-0000424,2025-10-28 11:25:00,P03,PRD-069,PRD-069,FG_RECEIPT,1153,EA,RM-A,WMS
IM-0000425,2026-07-16 01:57:00,P01,MAT-018,PRD-026,RM_ISSUE,-864,EA,RM-B,WMS
IM-0000426,2026-06-04 23:27:00,P01,MAT-029,PRD-031,RM_RECEIPT,1270,EA,FG-02,WMS
IM-0000427,2025-11-19 21:03:00,P03,PRD-076,PRD-076,FG_SHIP,-1733,EA,FG-02,WMS
IM-0000428,2026-03-09 04:36:00,P01,MAT-005,PRD-024,RM_RECEIPT,666,EA,FG-02,WMS
IM-0000429,2026-04-28 10:32:00,P01,MAT-033,PRD-022,RM_RECEIPT,2292,EA,FG-02,WMS
IM-0000430,2025-08-26 07:01:00,P02,MAT-035,PRD-016,RM_RECEIPT,3308,EA,RM-B,WMS
IM-0000431,2026-02-12 23:41:00,P01,MAT-014,PRD-068,RM_RECEIPT,2283,EA,RM-B,WMS
IM-0000432,2026-04-18 17:06:00,P03,MAT-035,PRD-016,RM_RECEIPT,2702,EA,FG-01,WMS
IM-0000433,2025-08-18 06:03:00,P03,PRD-051,PRD-051,FG_SHIP,-3441,EA,RM-A,WMS
IM-0000434,2026-06-27 07:02:00,P02,PRD-067,PRD-067,FG_RECEIPT,2009,EA,RM-B,WMS
IM-0000435,2025-08-15 14:58:00,P01,PRD-030,PRD-030,FG_RECEIPT,1876,EA,RM-A,WMS
IM-0000436,2025-08-31 00:57:00,P02,PRD-067,PRD-067,FG_SHIP,-959,EA,FG-02,WMS
IM-0000437,2026-05-29 03:36:00,P02,PRD-034,PRD-034,FG_SHIP,-1877,EA,FG-02,WMS
IM-0000438,2026-03-03 11:03:00,P03,PRD-049,PRD-049,FG_RECEIPT,970,EA,RM-B,WMS
IM-0000439,2026-07-11 04:22:00,P01,MAT-007,PRD-055,RM_ISSUE,-4283,EA,RM-B,WMS
IM-0000440,2026-05-10 15:29:00,P03,MAT-003,PRD-014,RM_RECEIPT,2694,EA,FG-01,WMS
IM-0000441,2026-05-30 20:00:00,P02,PRD-053,PRD-053,FG_RECEIPT,649,EA,RM-B,WMS
IM-0000442,2026-01-01 03:22:00,P02,PRD-025,PRD-025,FG_SHIP,-1512,EA,WIP-01,WMS
IM-0000443,2026-05-29 19:11:00,P03,MAT-017,PRD-079,RM_ISSUE,-3073,EA,WIP-01,WMS
IM-0000444,2025-10-27 07:00:00,P02,MAT-015,PRD-025,RM_RECEIPT,3745,EA,FG-02,WMS
IM-0000445,2025-11-11 02:38:00,P01,MAT-018,PRD-050,RM_RECEIPT,960,EA,FG-01,WMS
IM-0000446,2025-09-02 00:54:00,P03,MAT-006,PRD-001,RM_RECEIPT,3052,EA,RM-A,WMS
IM-0000447,2026-01-12 09:00:00,P03,PRD-080,PRD-080,FG_RECEIPT,3907,EA,FG-02,WMS
IM-0000448,2025-12-26 21:52:00,P03,MAT-022,PRD-047,RM_ISSUE,-7266,EA,FG-02,WMS
IM-0000449,2025-08-18 22:34:00,P01,PRD-036,PRD-036,ADJUSTMENT,2242,EA,FG-02,WMS
IM-0000450,2025-12-20 01:15:00,P02,PRD-032,PRD-032,FG_SHIP,-344,EA,RM-B,WMS
IM-0000451,2026-03-28 08:52:00,P03,PRD-033,PRD-033,FG_SHIP,-1307,EA,FG-02,WMS
IM-0000452,2026-07-18 05:16:00,P03,PRD-013,PRD-013,FG_RECEIPT,9430,EA,RM-B,WMS
IM-0000453,2025-10-08 16:29:00,P02,PRD-077,PRD-077,FG_SHIP,-3793,EA,WIP-01,WMS
IM-0000454,2025-10-29 19:26:00,P03,MAT-026,PRD-059,RM_RECEIPT,982,EA,FG-01,WMS
IM-0000455,2026-01-09 15:31:00,P03,PRD-043,PRD-043,FG_SHIP,-1162,EA,RM-B,WMS
IM-0000456,2025-09-23 09:29:00,P02,MAT-015,PRD-025,RM_ISSUE,-5874,EA,FG-02,WMS
IM-0000457,2025-10-02 00:09:00,P03,PRD-008,PRD-008,FG_SHIP,-6772,EA,RM-A,WMS
IM-0000458,2026-04-11 14:53:00,P01,PRD-050,PRD-050,FG_SHIP,-1987,EA,FG-02,WMS
IM-0000459,2026-05-25 22:41:00,P03,MAT-033,PRD-076,RM_ISSUE,-1831,EA,RM-B,WMS
IM-0000460,2026-04-17 19:50:00,P03,MAT-005,PRD-033,RM_ISSUE,-905,EA,RM-B,WMS
IM-0000461,2026-03-06 02:30:00,P02,MAT-027,PRD-072,RM_RECEIPT,2989,EA,WIP-01,WMS
IM-0000462,2025-09-05 02:20:00,P01,PRD-005,PRD-005,FG_SHIP,-9433,EA,RM-A,WMS
IM-0000463,2025-11-21 18:29:00,P03,PRD-060,PRD-060,FG_RECEIPT,7906,EA,WIP-01,WMS
IM-0000464,2026-06-28 03:30:00,P03,PRD-063,PRD-063,FG_SHIP,-1339,EA,FG-01,WMS
IM-0000465,2026-03-22 09:01:00,P03,MAT-030,PRD-009,RM_RECEIPT,2443,EA,RM-A,WMS
IM-0000466,2025-12-19 23:32:00,P03,MAT-014,PRD-070,RM_ISSUE,-1580,EA,WIP-01,WMS
IM-0000467,2025-09-14 01:47:00,P02,MAT-027,PRD-061,RM_ISSUE,-1223,EA,WIP-01,WMS
IM-0000468,2025-08-01 10:12:00,P01,PRD-079,PRD-079,FG_RECEIPT,921,EA,RM-B,WMS
IM-0000469,2026-03-07 06:41:00,P03,MAT-032,PRD-038,RM_RECEIPT,1954,EA,RM-A,WMS
IM-0000470,2026-07-30 03:04:00,P01,PRD-038,PRD-038,FG_RECEIPT,1837,EA,FG-02,WMS
IM-0000471,2025-09-06 20:49:00,P01,MAT-022,PRD-047,RM_ISSUE,-5135,EA,FG-02,WMS
IM-0000472,2026-01-04 02:13:00,P01,MAT-010,PRD-037,RM_RECEIPT,1886,EA,RM-A,WMS
IM-0000473,2026-05-14 10:59:00,P03,PRD-016,PRD-016,FG_RECEIPT,1134,EA,WIP-01,WMS
IM-0000474,2025-08-04 02:03:00,P03,PRD-026,PRD-026,FG_RECEIPT,1808,EA,FG-01,WMS
IM-0000475,2025-09-13 22:50:00,P03,PRD-055,PRD-055,FG_RECEIPT,1929,EA,FG-01,WMS
IM-0000476,2025-12-11 11:36:00,P02,MAT-006,PRD-001,RM_ISSUE,-5075,EA,FG-02,WMS
IM-0000477,2025-12-11 20:19:00,P02,MAT-033,PRD-017,RM_RECEIPT,4203,EA,FG-01,WMS
IM-0000478,2026-06-02 12:07:00,P03,PRD-080,PRD-080,FG_SHIP,-3118,EA,FG-02,WMS
IM-0000479,2026-04-28 23:29:00,P02,MAT-005,PRD-021,RM_ISSUE,-3584,EA,WIP-01,WMS
IM-0000480,2025-11-25 00:13:00,P02,MAT-026,PRD-046,RM_RECEIPT,2557,EA,RM-A,WMS
IM-0000481,2025-12-23 08:38:00,P03,MAT-024,PRD-003,RM_RECEIPT,8445,EA,FG-02,WMS
IM-0000482,2026-03-01 05:12:00,P02,PRD-058,PRD-058,FG_RECEIPT,1549,EA,FG-01,WMS
IM-0000483,2025-12-16 21:17:00,P03,MAT-037,PRD-080,RM_RECEIPT,910,EA,RM-A,WMS
IM-0000484,2025-10-29 09:47:00,P02,PRD-019,PRD-019,FG_SHIP,-3220,EA,RM-A,WMS
IM-0000485,2025-09-10 23:35:00,P03,PRD-070,PRD-070,FG_RECEIPT,1905,EA,FG-02,WMS
IM-0000486,2026-03-12 10:05:00,P01,PRD-074,PRD-074,FG_SHIP,-483,EA,RM-A,WMS
IM-0000487,2025-12-04 17:25:00,P03,PRD-041,PRD-041,FG_RECEIPT,2640,EA,RM-B,WMS
IM-0000488,2026-06-22 06:26:00,P02,PRD-027,PRD-027,FG_RECEIPT,3136,EA,WIP-01,WMS
IM-0000489,2025-11-23 01:17:00,P03,PRD-052,PRD-052,FG_SHIP,-927,EA,WIP-01,WMS
IM-0000490,2026-03-29 21:18:00,P02,MAT-018,PRD-078,RM_RECEIPT,6818,EA,RM-B,WMS
IM-0000491,2026-04-06 14:23:00,P02,PRD-045,PRD-045,FG_SHIP,-2030,EA,RM-B,WMS
IM-0000492,2025-11-27 01:51:00,P01,MAT-015,PRD-034,RM_RECEIPT,822,EA,FG-02,WMS
IM-0000493,2026-06-24 10:27:00,P02,PRD-075,PRD-075,FG_SHIP,-1077,EA,FG-01,WMS
IM-0000494,2026-05-30 21:06:00,P02,MAT-018,PRD-078,RM_ISSUE,-1101,EA,FG-01,WMS
IM-0000495,2026-06-08 21:40:00,P01,PRD-076,PRD-076,FG_SHIP,-1171,EA,RM-B,WMS
IM-0000496,2025-12-30 23:17:00,P01,PRD-003,PRD-003,FG_RECEIPT,4729,EA,FG-02,WMS
IM-0000497,2025-12-05 14:15:00,P02,MAT-032,PRD-038,RM_ISSUE,-909,EA,RM-B,WMS
IM-0000498,2026-07-06 18:24:00,P03,PRD-040,PRD-040,FG_SHIP,-539,EA,WIP-01,WMS
IM-0000499,2025-12-25 19:05:00,P02,PRD-071,PRD-071,FG_RECEIPT,262,EA,FG-01,WMS
IM-0000500,2025-10-15 21:30:00,P02,PRD-041,PRD-041,FG_RECEIPT,7182,EA,FG-01,WMS
IM-0000501,2025-11-09 12:58:00,P02,MAT-019,PRD-071,RM_ISSUE,-1919,EA,RM-A,WMS
IM-0000502,2026-03-13 01:44:00,P01,MAT-032,PRD-077,RM_ISSUE,-3710,EA,FG-01,WMS
IM-0000503,2026-06-01 01:18:00,P02,PRD-041,PRD-041,FG_SHIP,-1366,EA,FG-02,WMS
IM-0000504,2025-08-16 04:55:00,P01,MAT-032,PRD-038,RM_RECEIPT,694,EA,RM-A,WMS
IM-0000505,2025-08-24 19:35:00,P03,PRD-035,PRD-035,FG_RECEIPT,4149,EA,FG-02,WMS
IM-0000506,2026-06-04 19:52:00,P01,MAT-037,PRD-051,RM_RECEIPT,964,EA,RM-B,WMS
IM-0000507,2026-05-12 04:37:00,P02,PRD-003,PRD-003,FG_SHIP,-6704,EA,RM-B,WMS
IM-0000508,2025-08-23 22:15:00,P02,MAT-030,PRD-062,RM_RECEIPT,6439,EA,RM-A,WMS
IM-0000509,2025-09-14 10:28:00,P01,MAT-033,PRD-022,RM_ISSUE,-2924,EA,WIP-01,WMS
IM-0000510,2026-05-27 20:17:00,P03,MAT-005,PRD-021,RM_RECEIPT,3396,EA,WIP-01,WMS
IM-0000511,2026-06-18 10:51:00,P02,MAT-005,PRD-021,RM_RECEIPT,1108,EA,RM-B,WMS
IM-0000512,2026-01-10 03:03:00,P03,PRD-037,PRD-037,FG_RECEIPT,5168,EA,WIP-01,WMS
IM-0000513,2026-06-21 09:23:00,P01,MAT-014,PRD-068,RM_RECEIPT,2686,EA,RM-A,WMS
IM-0000514,2025-11-23 16:32:00,P02,MAT-020,PRD-010,RM_ISSUE,-981,EA,RM-A,WMS
IM-0000515,2026-07-01 23:20:00,P01,MAT-037,PRD-051,RM_RECEIPT,3068,EA,FG-01,WMS
IM-0000516,2025-10-22 13:05:00,P01,MAT-025,PRD-035,RM_RECEIPT,1420,EA,RM-B,WMS
IM-0000517,2026-03-07 21:36:00,P02,MAT-023,PRD-007,RM_ISSUE,-2573,EA,FG-02,WMS
IM-0000518,2026-07-29 08:05:00,P01,MAT-025,PRD-035,RM_ISSUE,-3921,EA,FG-01,WMS
IM-0000519,2026-05-30 12:14:00,P02,MAT-019,PRD-071,RM_ISSUE,-1891,EA,RM-B,WMS
IM-0000520,2026-05-05 14:17:00,P03,MAT-018,PRD-067,RM_RECEIPT,5438,EA,FG-01,WMS
IM-0000521,2025-09-02 18:46:00,P01,MAT-001,PRD-074,RM_RECEIPT,1371,EA,RM-B,WMS
IM-0000522,2026-05-09 13:15:00,P03,PRD-013,PRD-013,FG_RECEIPT,1504,EA,FG-01,WMS
IM-0000523,2026-06-03 10:57:00,P02,MAT-032,PRD-077,RM_ISSUE,-6555,EA,FG-02,WMS
IM-0000524,2025-12-21 10:41:00,P02,MAT-030,PRD-009,RM_RECEIPT,2573,EA,WIP-01,WMS
IM-0000525,2025-09-15 00:55:00,P01,PRD-001,PRD-001,FG_RECEIPT,2011,EA,FG-02,WMS
IM-0000526,2026-05-14 12:09:00,P02,PRD-062,PRD-062,FG_RECEIPT,1382,EA,RM-B,WMS
IM-0000527,2026-06-26 01:14:00,P02,MAT-037,PRD-051,RM_RECEIPT,3403,EA,RM-B,WMS
IM-0000528,2026-04-03 20:30:00,P02,PRD-036,PRD-036,FG_RECEIPT,1995,EA,FG-01,WMS
IM-0000529,2026-01-02 13:47:00,P03,MAT-026,PRD-057,RM_ISSUE,-1879,EA,RM-B,WMS
IM-0000530,2026-06-29 14:38:00,P01,PRD-003,PRD-003,ADJUSTMENT,1096,EA,RM-A,WMS
IM-0000531,2026-01-19 16:42:00,P01,MAT-026,PRD-057,RM_RECEIPT,4207,EA,RM-A,WMS
IM-0000532,2026-07-28 15:19:00,P01,MAT-029,PRD-031,RM_ISSUE,-2761,EA,FG-02,WMS
IM-0000533,2026-06-03 18:17:00,P03,MAT-004,PRD-040,RM_ISSUE,-1673,EA,RM-B,WMS
IM-0000534,2025-12-19 06:49:00,P02,PRD-042,PRD-042,FG_RECEIPT,5210,EA,FG-02,WMS
IM-0000535,2026-03-19 08:32:00,P01,PRD-005,PRD-005,FG_SHIP,-1837,EA,RM-B,WMS
IM-0000536,2026-02-23 20:17:00,P03,MAT-031,PRD-008,RM_RECEIPT,4001,EA,RM-A,WMS
IM-0000537,2025-08-03 06:44:00,P02,MAT-022,PRD-073,RM_RECEIPT,2156,EA,RM-A,WMS
IM-0000538,2025-09-07 19:15:00,P02,PRD-047,PRD-047,FG_SHIP,-964,EA,WIP-01,WMS
IM-0000539,2025-10-17 14:32:00,P01,MAT-032,PRD-015,RM_RECEIPT,697,EA,RM-B,WMS
IM-0000540,2025-11-02 22:28:00,P01,MAT-014,PRD-070,RM_ISSUE,-2019,EA,FG-01,WMS
IM-0000541,2026-02-18 12:15:00,P01,MAT-027,PRD-061,RM_ISSUE,-2064,EA,FG-02,WMS
IM-0000542,2025-08-10 06:38:00,P02,PRD-031,PRD-031,FG_RECEIPT,4483,EA,WIP-01,WMS
IM-0000543,2025-10-23 13:38:00,P02,MAT-018,PRD-078,RM_RECEIPT,6044,EA,RM-B,WMS
IM-0000544,2025-12-20 07:50:00,P01,PRD-049,PRD-049,FG_SHIP,-2061,EA,RM-A,WMS
IM-0000545,2026-05-17 23:03:00,P03,PRD-046,PRD-046,FG_SHIP,-2040,EA,FG-01,WMS
IM-0000546,2026-05-23 12:56:00,P02,PRD-043,PRD-043,FG_SHIP,-617,EA,RM-B,WMS
IM-0000547,2025-11-25 16:45:00,P02,MAT-029,PRD-031,RM_ISSUE,-2089,EA,WIP-01,WMS
IM-0000548,2025-08-12 05:23:00,P02,MAT-018,PRD-067,RM_RECEIPT,2149,EA,WIP-01,WMS
IM-0000549,2026-07-04 14:25:00,P03,PRD-043,PRD-043,FG_RECEIPT,766,EA,RM-A,WMS
IM-0000550,2025-08-18 11:49:00,P02,MAT-003,PRD-014,RM_RECEIPT,2104,EA,FG-01,WMS
IM-0000551,2026-02-24 05:17:00,P03,PRD-026,PRD-026,FG_RECEIPT,3887,EA,FG-02,WMS
IM-0000552,2026-02-07 19:11:00,P01,PRD-045,PRD-045,FG_RECEIPT,1033,EA,FG-01,WMS
IM-0000553,2026-03-12 13:15:00,P03,MAT-026,PRD-057,RM_RECEIPT,2881,EA,RM-B,WMS
IM-0000554,2026-06-02 15:30:00,P03,MAT-018,PRD-067,RM_RECEIPT,1113,EA,WIP-01,WMS
IM-0000555,2026-04-16 20:58:00,P01,MAT-022,PRD-047,RM_RECEIPT,3909,EA,FG-02,WMS
IM-0000556,2026-06-05 06:34:00,P03,PRD-011,PRD-011,FG_SHIP,-7713,EA,FG-02,WMS
IM-0000557,2026-04-14 15:56:00,P03,MAT-030,PRD-012,RM_ISSUE,-1286,EA,FG-01,WMS
IM-0000558,2026-06-17 12:15:00,P01,PRD-035,PRD-035,FG_RECEIPT,1857,EA,FG-01,WMS
IM-0000559,2026-03-15 14:04:00,P02,MAT-037,PRD-051,RM_RECEIPT,2352,EA,FG-02,WMS
IM-0000560,2026-05-10 21:14:00,P02,PRD-011,PRD-011,FG_RECEIPT,1812,EA,RM-A,WMS
IM-0000561,2026-02-03 05:33:00,P02,MAT-010,PRD-063,RM_RECEIPT,2416,EA,RM-B,WMS
IM-0000562,2025-08-26 07:05:00,P03,PRD-035,PRD-035,FG_RECEIPT,1497,EA,FG-02,WMS
IM-0000563,2025-08-06 19:43:00,P02,PRD-001,PRD-001,FG_RECEIPT,5673,EA,FG-01,WMS
IM-0000564,2025-12-17 20:38:00,P02,PRD-067,PRD-067,FG_RECEIPT,3558,EA,FG-01,WMS
IM-0000565,2026-04-14 23:06:00,P01,MAT-018,PRD-054,RM_ISSUE,-2034,EA,WIP-01,WMS
IM-0000566,2025-10-14 16:33:00,P01,PRD-017,PRD-017,FG_SHIP,-2211,EA,RM-A,WMS
IM-0000567,2025-10-03 18:40:00,P02,MAT-037,PRD-051,RM_ISSUE,-2050,EA,RM-A,WMS
IM-0000568,2025-10-27 17:16:00,P02,MAT-037,PRD-080,RM_RECEIPT,5367,EA,FG-02,WMS
IM-0000569,2026-04-11 05:00:00,P01,PRD-032,PRD-032,FG_SHIP,-1608,EA,WIP-01,WMS
IM-0000570,2026-05-18 23:23:00,P02,PRD-069,PRD-069,FG_RECEIPT,999,EA,FG-01,WMS
IM-0000571,2026-07-20 04:08:00,P01,PRD-063,PRD-063,FG_SHIP,-2531,EA,FG-01,WMS
IM-0000572,2025-12-03 20:49:00,P02,MAT-018,PRD-078,RM_ISSUE,-741,EA,RM-B,WMS
IM-0000573,2026-02-08 12:18:00,P02,PRD-039,PRD-039,FG_RECEIPT,2025,EA,WIP-01,WMS
IM-0000574,2026-07-04 15:44:00,P01,MAT-006,PRD-001,RM_ISSUE,-4729,EA,RM-B,WMS
IM-0000575,2026-01-28 23:49:00,P01,MAT-015,PRD-025,RM_ISSUE,-1866,EA,FG-02,WMS
IM-0000576,2025-10-19 21:05:00,P02,MAT-037,PRD-051,RM_RECEIPT,1478,EA,FG-01,WMS
IM-0000577,2026-01-26 18:36:00,P01,MAT-018,PRD-067,RM_RECEIPT,813,EA,FG-01,WMS
IM-0000578,2026-05-13 12:03:00,P02,PRD-056,PRD-056,FG_SHIP,-231,EA,FG-02,WMS
IM-0000579,2025-11-15 20:58:00,P01,MAT-027,PRD-072,RM_ISSUE,-838,EA,WIP-01,WMS
IM-0000580,2026-06-02 04:34:00,P01,PRD-010,PRD-010,FG_SHIP,-989,EA,RM-A,WMS
IM-0000581,2026-04-09 17:14:00,P02,MAT-005,PRD-058,RM_ISSUE,-854,EA,WIP-01,WMS
IM-0000582,2026-05-02 23:54:00,P03,MAT-029,PRD-045,RM_RECEIPT,1020,EA,RM-B,WMS
IM-0000583,2026-05-30 04:48:00,P02,MAT-036,PRD-020,RM_RECEIPT,498,EA,WIP-01,WMS
IM-0000584,2026-06-27 06:20:00,P02,PRD-070,PRD-070,FG_SHIP,-1901,EA,WIP-01,WMS
IM-0000585,2026-05-03 11:41:00,P03,PRD-004,PRD-004,FG_SHIP,-1230,EA,FG-01,WMS
IM-0000586,2025-09-17 07:57:00,P02,MAT-033,PRD-017,RM_RECEIPT,3661,EA,RM-A,WMS
IM-0000587,2026-05-11 20:45:00,P03,MAT-036,PRD-020,RM_ISSUE,-3565,EA,RM-A,WMS
IM-0000588,2026-06-02 08:24:00,P02,PRD-035,PRD-035,FG_SHIP,-1667,EA,WIP-01,WMS
IM-0000589,2026-07-19 14:55:00,P01,MAT-030,PRD-060,RM_ISSUE,-2191,EA,WIP-01,WMS
IM-0000590,2025-08-06 23:59:00,P01,PRD-021,PRD-021,FG_RECEIPT,1232,EA,FG-01,WMS
IM-0000591,2026-07-10 20:20:00,P01,MAT-001,PRD-039,RM_ISSUE,-956,EA,FG-02,WMS
IM-0000592,2025-08-24 22:22:00,P02,MAT-024,PRD-013,RM_RECEIPT,499,EA,FG-02,WMS
IM-0000593,2026-02-26 07:35:00,P02,PRD-072,PRD-072,FG_SHIP,-3599,EA,FG-01,WMS
IM-0000594,2026-03-01 08:56:00,P01,PRD-074,PRD-074,FG_SHIP,-1855,EA,RM-B,WMS
IM-0000595,2026-07-26 10:57:00,P03,PRD-057,PRD-057,ADJUSTMENT,2714,EA,RM-A,WMS
IM-0000596,2025-08-11 23:46:00,P01,MAT-005,PRD-058,RM_ISSUE,-8362,EA,FG-01,WMS
IM-0000597,2025-10-03 09:01:00,P02,PRD-062,PRD-062,FG_RECEIPT,1086,EA,RM-A,WMS
IM-0000598,2026-02-17 07:55:00,P01,MAT-004,PRD-048,RM_ISSUE,-3801,EA,FG-02,WMS
IM-0000599,2025-09-17 10:50:00,P01,MAT-004,PRD-040,RM_ISSUE,-880,EA,FG-02,WMS
IM-0000600,2025-08-30 07:30:00,P01,PRD-065,PRD-065,FG_SHIP,-2582,EA,FG-01,WMS
IM-0000601,2026-01-02 12:51:00,P03,PRD-058,PRD-058,FG_RECEIPT,1796,EA,FG-02,WMS
IM-0000602,2026-05-24 07:09:00,P01,MAT-031,PRD-043,RM_ISSUE,-581,EA,WIP-01,WMS
IM-0000603,2026-02-15 06:08:00,P02,MAT-015,PRD-025,RM_RECEIPT,5625,EA,FG-01,WMS
IM-0000604,2025-11-12 21:38:00,P02,PRD-029,PRD-029,FG_RECEIPT,4197,EA,RM-A,WMS
IM-0000605,2026-07-20 14:17:00,P03,MAT-002,PRD-069,RM_RECEIPT,627,EA,WIP-01,WMS
IM-0000606,2026-07-12 18:58:00,P02,MAT-033,PRD-076,RM_RECEIPT,2672,EA,RM-A,WMS
IM-0000607,2026-01-09 01:42:00,P02,MAT-007,PRD-055,RM_ISSUE,-3491,EA,FG-01,WMS
IM-0000608,2025-10-03 06:31:00,P02,MAT-018,PRD-030,RM_RECEIPT,1499,EA,RM-B,WMS
IM-0000609,2025-08-22 12:20:00,P01,PRD-038,PRD-038,FG_SHIP,-3159,EA,FG-02,WMS
IM-0000610,2026-04-05 23:34:00,P02,MAT-017,PRD-079,RM_ISSUE,-575,EA,FG-01,WMS
IM-0000611,2025-12-31 09:39:00,P03,MAT-026,PRD-046,RM_ISSUE,-9443,EA,RM-B,WMS
IM-0000612,2026-05-27 14:36:00,P01,MAT-031,PRD-052,RM_RECEIPT,1212,EA,RM-A,WMS
IM-0000613,2025-12-04 01:42:00,P01,PRD-079,PRD-079,FG_RECEIPT,1153,EA,FG-01,WMS
IM-0000614,2025-09-27 22:14:00,P03,MAT-004,PRD-048,RM_ISSUE,-3723,EA,RM-B,WMS
IM-0000615,2026-02-02 20:56:00,P02,MAT-035,PRD-016,RM_ISSUE,-8639,EA,FG-01,WMS
IM-0000616,2025-10-22 01:27:00,P02,PRD-080,PRD-080,FG_RECEIPT,2986,EA,WIP-01,WMS
IM-0000617,2026-05-26 01:44:00,P01,MAT-012,PRD-006,RM_ISSUE,-1863,EA,RM-B,WMS
IM-0000618,2026-03-13 13:31:00,P01,MAT-027,PRD-061,RM_RECEIPT,2939,EA,RM-A,WMS
IM-0000619,2025-12-12 21:15:00,P03,MAT-025,PRD-035,RM_ISSUE,-2448,EA,WIP-01,WMS
IM-0000620,2025-10-01 17:30:00,P03,MAT-015,PRD-025,RM_RECEIPT,852,EA,RM-A,WMS
IM-0000621,2025-10-23 18:36:00,P02,MAT-015,PRD-034,RM_ISSUE,-2333,EA,RM-B,WMS
IM-0000622,2025-08-30 02:43:00,P02,MAT-026,PRD-059,RM_ISSUE,-3279,EA,WIP-01,WMS
IM-0000623,2025-11-23 14:05:00,P03,PRD-016,PRD-016,FG_SHIP,-1502,EA,FG-02,WMS
IM-0000624,2025-09-10 23:41:00,P02,PRD-068,PRD-068,FG_SHIP,-1043,EA,RM-A,WMS
IM-0000625,2026-04-16 10:44:00,P03,PRD-024,PRD-024,FG_SHIP,-4624,EA,FG-01,WMS
IM-0000626,2025-09-23 06:40:00,P02,PRD-076,PRD-076,FG_SHIP,-2513,EA,WIP-01,WMS
IM-0000627,2025-09-10 00:51:00,P01,MAT-018,PRD-054,RM_RECEIPT,1140,EA,FG-01,WMS
IM-0000628,2026-01-25 15:17:00,P03,PRD-075,PRD-075,FG_RECEIPT,1078,EA,FG-02,WMS
IM-0000629,2025-12-05 17:42:00,P02,PRD-013,PRD-013,FG_RECEIPT,1334,EA,FG-02,WMS
IM-0000630,2025-09-14 12:51:00,P03,PRD-008,PRD-008,FG_SHIP,-2359,EA,FG-02,WMS
IM-0000631,2026-02-28 12:05:00,P02,PRD-033,PRD-033,FG_SHIP,-2747,EA,FG-01,WMS
IM-0000632,2026-04-08 00:13:00,P03,MAT-029,PRD-045,RM_ISSUE,-6836,EA,WIP-01,WMS
IM-0000633,2026-02-19 13:17:00,P02,PRD-076,PRD-076,FG_SHIP,-1444,EA,RM-B,WMS
IM-0000634,2025-08-26 15:45:00,P01,MAT-019,PRD-004,RM_ISSUE,-690,EA,WIP-01,WMS
IM-0000635,2025-12-16 01:43:00,P03,PRD-016,PRD-016,FG_SHIP,-2532,EA,FG-02,WMS
IM-0000636,2026-02-27 20:43:00,P03,MAT-026,PRD-046,RM_ISSUE,-3925,EA,FG-01,WMS
IM-0000637,2026-06-10 09:14:00,P01,MAT-030,PRD-062,RM_ISSUE,-545,EA,RM-A,WMS
IM-0000638,2026-01-22 01:14:00,P03,MAT-030,PRD-060,RM_RECEIPT,6216,EA,RM-A,WMS
IM-0000639,2026-03-08 08:19:00,P01,MAT-018,PRD-050,RM_RECEIPT,1843,EA,FG-01,WMS
IM-0000640,2025-08-09 14:08:00,P02,PRD-062,PRD-062,FG_RECEIPT,3638,EA,FG-01,WMS
IM-0000641,2025-12-02 03:16:00,P02,MAT-031,PRD-052,RM_RECEIPT,4754,EA,FG-02,WMS
IM-0000642,2026-03-08 00:47:00,P03,PRD-008,PRD-008,FG_RECEIPT,2127,EA,FG-01,WMS
IM-0000643,2025-10-27 17:06:00,P02,PRD-019,PRD-019,FG_RECEIPT,3093,EA,WIP-01,WMS
IM-0000644,2026-05-04 14:17:00,P01,MAT-026,PRD-028,RM_RECEIPT,1527,EA,RM-A,WMS
IM-0000645,2025-10-23 05:17:00,P02,MAT-004,PRD-040,RM_ISSUE,-3812,EA,FG-02,WMS
IM-0000646,2025-12-25 22:43:00,P03,PRD-040,PRD-040,FG_RECEIPT,2792,EA,WIP-01,WMS
IM-0000647,2026-01-24 14:25:00,P01,PRD-048,PRD-048,FG_SHIP,-976,EA,RM-A,WMS
IM-0000648,2025-09-12 11:19:00,P03,PRD-007,PRD-007,FG_SHIP,-2038,EA,WIP-01,WMS
IM-0000649,2025-11-24 17:59:00,P02,PRD-025,PRD-025,FG_RECEIPT,1621,EA,RM-B,WMS
IM-0000650,2026-05-09 01:54:00,P03,PRD-061,PRD-061,ADJUSTMENT,779,EA,FG-02,WMS
IM-0000651,2026-04-30 11:59:00,P03,MAT-023,PRD-007,RM_RECEIPT,523,EA,FG-02,WMS
IM-0000652,2026-04-29 09:25:00,P01,MAT-037,PRD-080,RM_ISSUE,-3081,EA,RM-A,WMS
IM-0000653,2026-02-11 20:16:00,P01,PRD-035,PRD-035,ADJUSTMENT,1826,EA,RM-B,WMS
IM-0000654,2026-05-10 22:33:00,P02,MAT-022,PRD-047,RM_RECEIPT,1086,EA,WIP-01,WMS
IM-0000655,2026-02-14 10:26:00,P01,PRD-048,PRD-048,FG_SHIP,-2530,EA,FG-01,WMS
IM-0000656,2026-05-31 01:18:00,P03,MAT-033,PRD-044,RM_ISSUE,-1402,EA,RM-B,WMS
IM-0000657,2025-08-26 15:09:00,P03,PRD-002,PRD-002,FG_RECEIPT,931,EA,RM-B,WMS
IM-0000658,2026-07-08 02:00:00,P03,MAT-016,PRD-029,RM_RECEIPT,5412,EA,RM-A,WMS
IM-0000659,2026-03-28 06:15:00,P02,PRD-056,PRD-056,FG_RECEIPT,1510,EA,RM-A,WMS
IM-0000660,2026-07-20 22:46:00,P01,PRD-059,PRD-059,FG_RECEIPT,512,EA,RM-A,WMS
IM-0000661,2026-03-24 23:22:00,P02,MAT-026,PRD-028,RM_RECEIPT,506,EA,RM-B,WMS
IM-0000662,2025-09-03 03:38:00,P03,PRD-036,PRD-036,FG_SHIP,-6429,EA,WIP-01,WMS
IM-0000663,2025-11-12 03:42:00,P03,PRD-022,PRD-022,FG_SHIP,-2769,EA,RM-A,WMS
IM-0000664,2026-05-04 09:47:00,P02,PRD-005,PRD-005,FG_RECEIPT,1040,EA,FG-01,WMS
IM-0000665,2026-06-09 17:07:00,P01,PRD-050,PRD-050,FG_SHIP,-1356,EA,RM-B,WMS
IM-0000666,2025-09-25 03:21:00,P02,MAT-005,PRD-021,RM_ISSUE,-997,EA,RM-A,WMS
IM-0000667,2025-08-21 03:17:00,P03,MAT-004,PRD-040,RM_ISSUE,-1912,EA,RM-A,WMS
IM-0000668,2025-12-10 20:05:00,P01,MAT-033,PRD-044,RM_RECEIPT,1831,EA,WIP-01,WMS
IM-0000669,2025-10-08 04:10:00,P02,MAT-030,PRD-041,RM_ISSUE,-7564,EA,FG-01,WMS
IM-0000670,2026-01-24 11:58:00,P03,MAT-032,PRD-038,RM_ISSUE,-6364,EA,WIP-01,WMS
IM-0000671,2025-10-28 23:15:00,P02,MAT-002,PRD-069,RM_ISSUE,-1842,EA,FG-01,WMS
IM-0000672,2026-03-30 01:33:00,P02,PRD-025,PRD-025,FG_SHIP,-1105,EA,RM-A,WMS
IM-0000673,2026-03-18 18:27:00,P01,MAT-018,PRD-050,RM_ISSUE,-5182,EA,FG-01,WMS
IM-0000674,2026-01-07 05:49:00,P03,MAT-010,PRD-037,RM_ISSUE,-1117,EA,WIP-01,WMS
IM-0000675,2026-07-31 14:46:00,P03,PRD-047,PRD-047,FG_SHIP,-3765,EA,RM-A,WMS
IM-0000676,2025-08-30 10:26:00,P03,MAT-025,PRD-035,RM_RECEIPT,3127,EA,FG-01,WMS
IM-0000677,2025-08-24 03:47:00,P02,MAT-037,PRD-051,RM_ISSUE,-1587,EA,WIP-01,WMS
IM-0000678,2026-03-22 07:24:00,P01,MAT-019,PRD-071,RM_ISSUE,-753,EA,RM-B,WMS
IM-0000679,2025-10-29 01:13:00,P03,MAT-026,PRD-059,RM_RECEIPT,977,EA,FG-02,WMS
IM-0000680,2026-02-04 22:32:00,P03,PRD-075,PRD-075,FG_SHIP,-2383,EA,RM-B,WMS
IM-0000681,2026-04-26 00:36:00,P02,PRD-077,PRD-077,FG_RECEIPT,2447,EA,RM-A,WMS
IM-0000682,2025-09-29 19:25:00,P01,MAT-020,PRD-010,RM_RECEIPT,3779,EA,RM-A,WMS
IM-0000683,2026-02-25 16:27:00,P01,MAT-022,PRD-023,RM_RECEIPT,6140,EA,RM-B,WMS
IM-0000684,2026-07-19 14:55:00,P03,MAT-037,PRD-018,RM_RECEIPT,12658,EA,FG-02,WMS
IM-0000685,2026-07-13 17:15:00,P03,PRD-006,PRD-006,FG_RECEIPT,876,EA,RM-A,WMS
IM-0000686,2026-04-22 10:36:00,P02,PRD-052,PRD-052,FG_RECEIPT,616,EA,FG-02,WMS
IM-0000687,2026-07-25 01:16:00,P01,MAT-004,PRD-032,RM_ISSUE,-5940,EA,FG-01,WMS
IM-0000688,2026-02-18 05:13:00,P01,MAT-024,PRD-003,RM_RECEIPT,4631,EA,WIP-01,WMS
IM-0000689,2025-09-07 22:16:00,P03,PRD-067,PRD-067,FG_SHIP,-2227,EA,RM-B,WMS
IM-0000690,2025-12-09 10:52:00,P02,MAT-001,PRD-039,RM_ISSUE,-4418,EA,FG-01,WMS
IM-0000691,2025-11-24 05:11:00,P01,MAT-014,PRD-068,RM_ISSUE,-1764,EA,WIP-01,WMS
IM-0000692,2026-01-13 03:04:00,P02,MAT-017,PRD-079,RM_RECEIPT,1399,EA,RM-B,WMS
IM-0000693,2026-03-06 10:42:00,P01,PRD-006,PRD-006,FG_SHIP,-1642,EA,RM-A,WMS
IM-0000694,2026-06-17 14:08:00,P02,PRD-057,PRD-057,FG_RECEIPT,2240,EA,WIP-01,WMS
IM-0000695,2026-02-26 04:36:00,P01,MAT-005,PRD-021,RM_ISSUE,-1781,EA,FG-02,WMS
IM-0000696,2026-01-13 04:20:00,P02,PRD-055,PRD-055,FG_RECEIPT,3760,EA,FG-01,WMS
IM-0000697,2026-06-10 05:49:00,P02,MAT-031,PRD-008,RM_ISSUE,-1304,EA,RM-A,WMS
IM-0000698,2025-08-05 10:04:00,P02,PRD-070,PRD-070,FG_RECEIPT,533,EA,RM-A,WMS
IM-0000699,2026-04-29 09:32:00,P02,PRD-078,PRD-078,FG_RECEIPT,3042,EA,RM-A,WMS
IM-0000700,2026-03-08 04:08:00,P03,MAT-023,PRD-007,RM_RECEIPT,1860,EA,RM-B,WMS
IM-0000701,2026-05-18 22:51:00,P03,MAT-013,PRD-075,RM_ISSUE,-4311,EA,FG-01,WMS
IM-0000702,2025-10-25 00:50:00,P02,PRD-061,PRD-061,FG_SHIP,-1998,EA,RM-A,WMS
IM-0000703,2026-07-08 14:46:00,P01,PRD-075,PRD-075,FG_RECEIPT,15645,EA,FG-02,WMS
IM-0000704,2025-08-04 15:51:00,P02,MAT-010,PRD-037,RM_ISSUE,-2305,EA,WIP-01,WMS
IM-0000705,2026-01-31 19:54:00,P03,MAT-026,PRD-057,RM_ISSUE,-7233,EA,RM-A,WMS
IM-0000706,2026-04-12 20:10:00,P01,MAT-030,PRD-041,RM_RECEIPT,1382,EA,RM-B,WMS
IM-0000707,2026-02-24 23:40:00,P01,PRD-048,PRD-048,ADJUSTMENT,2651,EA,RM-B,WMS
IM-0000708,2026-04-25 01:34:00,P02,MAT-027,PRD-061,RM_RECEIPT,1629,EA,RM-A,WMS
IM-0000709,2025-08-09 05:14:00,P03,PRD-078,PRD-078,FG_RECEIPT,1530,EA,FG-02,WMS
IM-0000710,2025-11-06 02:25:00,P03,MAT-030,PRD-060,RM_RECEIPT,8874,EA,RM-B,WMS
IM-0000711,2026-05-20 14:33:00,P02,PRD-043,PRD-043,FG_RECEIPT,3204,EA,FG-02,WMS
IM-0000712,2025-11-17 00:10:00,P02,MAT-018,PRD-050,RM_RECEIPT,753,EA,FG-02,WMS
IM-0000713,2026-02-04 16:43:00,P01,MAT-017,PRD-079,RM_RECEIPT,1199,EA,FG-02,WMS
IM-0000714,2026-04-02 06:13:00,P01,PRD-037,PRD-037,FG_SHIP,-5829,EA,RM-B,WMS
IM-0000715,2026-04-27 02:46:00,P01,MAT-018,PRD-030,RM_ISSUE,-1171,EA,FG-01,WMS
IM-0000716,2025-11-19 18:53:00,P02,PRD-075,PRD-075,FG_RECEIPT,2905,EA,WIP-01,WMS
IM-0000717,2025-12-23 06:03:00,P01,MAT-031,PRD-043,RM_ISSUE,-967,EA,RM-B,WMS
IM-0000718,2025-10-22 10:06:00,P03,PRD-004,PRD-004,FG_SHIP,-318,EA,WIP-01,WMS
IM-0000719,2026-06-25 02:52:00,P03,MAT-029,PRD-031,RM_RECEIPT,3070,EA,FG-01,WMS
IM-0000720,2026-02-01 16:08:00,P03,MAT-035,PRD-066,RM_RECEIPT,794,EA,FG-02,WMS
IM-0000721,2025-11-04 05:26:00,P01,PRD-034,PRD-034,FG_SHIP,-2757,EA,FG-02,WMS
IM-0000722,2026-01-06 00:00:00,P02,PRD-041,PRD-041,FG_SHIP,-435,EA,FG-02,WMS
IM-0000723,2026-04-27 00:30:00,P01,PRD-071,PRD-071,FG_SHIP,-1158,EA,WIP-01,WMS
IM-0000724,2025-08-17 23:15:00,P02,MAT-032,PRD-077,RM_ISSUE,-1748,EA,RM-A,WMS
IM-0000725,2026-01-23 01:24:00,P01,MAT-001,PRD-039,RM_ISSUE,-2207,EA,RM-B,WMS
IM-0000726,2026-03-14 18:39:00,P02,PRD-052,PRD-052,FG_SHIP,-1934,EA,FG-01,WMS
IM-0000727,2026-03-14 19:39:00,P01,MAT-004,PRD-048,RM_RECEIPT,4280,EA,FG-01,WMS
IM-0000728,2025-10-05 14:23:00,P01,MAT-026,PRD-046,RM_RECEIPT,4845,EA,RM-B,WMS
IM-0000729,2026-01-21 20:28:00,P03,MAT-026,PRD-059,RM_RECEIPT,407,EA,FG-02,WMS
IM-0000730,2026-06-08 02:18:00,P01,MAT-004,PRD-040,RM_RECEIPT,1429,EA,FG-02,WMS
IM-0000731,2025-11-09 11:12:00,P03,PRD-008,PRD-008,FG_SHIP,-1231,EA,RM-B,WMS
IM-0000732,2026-01-08 14:35:00,P03,PRD-001,PRD-001,FG_SHIP,-961,EA,FG-01,WMS
IM-0000733,2026-07-28 23:54:00,P02,PRD-075,PRD-075,FG_RECEIPT,2321,EA,FG-02,WMS
IM-0000734,2025-11-25 02:01:00,P01,MAT-013,PRD-075,RM_ISSUE,-2027,EA,RM-B,WMS
IM-0000735,2026-05-17 15:26:00,P03,PRD-079,PRD-079,FG_RECEIPT,660,EA,FG-02,WMS
IM-0000736,2026-06-20 05:18:00,P03,MAT-032,PRD-015,RM_RECEIPT,1263,EA,FG-01,WMS
IM-0000737,2025-11-17 11:25:00,P01,MAT-032,PRD-015,RM_ISSUE,-10214,EA,FG-01,WMS
IM-0000738,2026-04-25 11:32:00,P02,MAT-032,PRD-038,RM_ISSUE,-1121,EA,WIP-01,WMS
IM-0000739,2026-06-10 13:05:00,P03,MAT-037,PRD-018,RM_RECEIPT,1953,EA,RM-B,WMS
IM-0000740,2026-02-10 15:41:00,P01,PRD-061,PRD-061,FG_SHIP,-3857,EA,WIP-01,WMS
IM-0000741,2025-08-31 18:17:00,P03,MAT-001,PRD-039,RM_RECEIPT,2309,EA,FG-02,WMS
IM-0000742,2026-04-07 17:45:00,P02,PRD-021,PRD-021,FG_RECEIPT,475,EA,RM-A,WMS
IM-0000743,2026-06-11 08:24:00,P01,MAT-026,PRD-059,RM_RECEIPT,224,EA,RM-A,WMS
IM-0000744,2026-05-10 20:59:00,P03,MAT-018,PRD-067,RM_ISSUE,-2168,EA,WIP-01,WMS
IM-0000745,2025-08-25 14:28:00,P03,MAT-026,PRD-059,RM_RECEIPT,1232,EA,RM-B,WMS
IM-0000746,2025-11-23 14:32:00,P02,PRD-042,PRD-042,FG_RECEIPT,3648,EA,RM-A,WMS
IM-0000747,2025-12-09 10:34:00,P03,MAT-036,PRD-020,RM_RECEIPT,2437,EA,FG-01,WMS
IM-0000748,2025-10-08 04:14:00,P02,MAT-019,PRD-071,RM_RECEIPT,1579,EA,RM-A,WMS
IM-0000749,2026-03-18 05:10:00,P03,PRD-032,PRD-032,FG_RECEIPT,2240,EA,WIP-01,WMS
IM-0000750,2025-09-26 05:27:00,P03,PRD-067,PRD-067,FG_SHIP,-1942,EA,RM-A,WMS
IM-0000751,2026-03-17 19:30:00,P01,PRD-074,PRD-074,FG_RECEIPT,1048,EA,FG-02,WMS
IM-0000752,2026-02-18 07:25:00,P01,MAT-004,PRD-032,RM_ISSUE,-232,EA,RM-A,WMS
IM-0000753,2026-03-09 06:55:00,P03,PRD-079,PRD-079,FG_SHIP,-856,EA,RM-A,WMS
IM-0000754,2026-06-24 11:12:00,P03,PRD-022,PRD-022,FG_SHIP,-1345,EA,FG-01,WMS
IM-0000755,2026-02-25 00:31:00,P02,MAT-023,PRD-007,RM_RECEIPT,1572,EA,RM-B,WMS
IM-0000756,2025-10-26 06:39:00,P02,PRD-060,PRD-060,FG_SHIP,-1646,EA,FG-01,WMS
IM-0000757,2025-08-05 20:43:00,P01,MAT-030,PRD-012,RM_RECEIPT,3195,EA,FG-01,WMS
IM-0000758,2025-10-06 05:09:00,P01,PRD-017,PRD-017,FG_SHIP,-1986,EA,WIP-01,WMS
IM-0000759,2025-08-14 16:18:00,P01,PRD-001,PRD-001,FG_SHIP,-645,EA,FG-02,WMS
IM-0000760,2026-07-09 00:03:00,P01,PRD-005,PRD-005,FG_SHIP,-361,EA,RM-A,WMS
IM-0000761,2025-12-29 16:00:00,P02,MAT-004,PRD-048,RM_RECEIPT,844,EA,RM-A,WMS
IM-0000762,2026-07-25 04:09:00,P02,MAT-030,PRD-060,RM_RECEIPT,351,EA,RM-A,WMS
IM-0000763,2025-08-18 11:37:00,P01,PRD-037,PRD-037,FG_SHIP,-520,EA,FG-01,WMS
IM-0000764,2025-08-07 02:05:00,P02,MAT-037,PRD-018,RM_RECEIPT,2400,EA,FG-02,WMS
IM-0000765,2026-06-04 13:16:00,P03,PRD-045,PRD-045,FG_SHIP,-615,EA,FG-02,WMS
IM-0000766,2025-10-09 03:59:00,P01,MAT-035,PRD-066,RM_ISSUE,-10819,EA,RM-B,WMS
IM-0000767,2026-01-29 07:50:00,P02,MAT-033,PRD-044,RM_ISSUE,-4428,EA,FG-01,WMS
IM-0000768,2025-09-18 13:30:00,P01,PRD-043,PRD-043,FG_RECEIPT,7170,EA,FG-01,WMS
IM-0000769,2025-11-02 07:53:00,P02,PRD-003,PRD-003,FG_RECEIPT,4696,EA,FG-02,WMS
IM-0000770,2025-10-17 15:12:00,P03,PRD-039,PRD-039,FG_SHIP,-2150,EA,FG-01,WMS
IM-0000771,2025-11-04 09:28:00,P03,MAT-030,PRD-009,RM_ISSUE,-1806,EA,WIP-01,WMS
IM-0000772,2026-07-26 09:24:00,P02,PRD-067,PRD-067,FG_RECEIPT,263,EA,WIP-01,WMS
IM-0000773,2026-01-05 08:29:00,P01,MAT-018,PRD-078,RM_RECEIPT,1513,EA,RM-A,WMS
IM-0000774,2026-01-04 13:38:00,P01,MAT-020,PRD-010,RM_RECEIPT,4238,EA,FG-01,WMS
IM-0000775,2025-09-15 14:39:00,P03,MAT-029,PRD-031,RM_ISSUE,-1655,EA,WIP-01,WMS
IM-0000776,2026-03-05 01:49:00,P03,PRD-025,PRD-025,FG_RECEIPT,1745,EA,FG-02,WMS
IM-0000777,2026-05-17 06:27:00,P02,PRD-039,PRD-039,FG_RECEIPT,4828,EA,RM-A,WMS
IM-0000778,2026-03-20 20:32:00,P03,PRD-010,PRD-010,FG_SHIP,-1762,EA,WIP-01,WMS
IM-0000779,2026-06-15 02:43:00,P02,PRD-014,PRD-014,FG_RECEIPT,1675,EA,FG-02,WMS
IM-0000780,2026-01-15 12:54:00,P03,MAT-005,PRD-033,RM_RECEIPT,3397,EA,RM-B,WMS
IM-0000781,2025-09-11 20:59:00,P02,PRD-057,PRD-057,FG_RECEIPT,1899,EA,RM-A,WMS
IM-0000782,2026-05-23 00:48:00,P01,MAT-007,PRD-055,RM_RECEIPT,9954,EA,FG-02,WMS
IM-0000783,2026-04-06 00:17:00,P03,PRD-027,PRD-027,FG_SHIP,-1111,EA,RM-B,WMS
IM-0000784,2025-12-22 12:52:00,P01,MAT-030,PRD-009,RM_ISSUE,-4284,EA,RM-A,WMS
IM-0000785,2026-02-26 23:39:00,P02,PRD-003,PRD-003,FG_SHIP,-1195,EA,FG-01,WMS
IM-0000786,2026-04-08 07:08:00,P02,MAT-030,PRD-009,RM_RECEIPT,592,EA,FG-02,WMS
IM-0000787,2026-01-14 18:41:00,P02,PRD-067,PRD-067,FG_SHIP,-1224,EA,RM-A,WMS
IM-0000788,2026-02-15 09:08:00,P03,MAT-036,PRD-020,RM_ISSUE,-1602,EA,RM-A,WMS
IM-0000789,2025-10-25 15:22:00,P03,MAT-030,PRD-012,RM_RECEIPT,1612,EA,RM-A,WMS
IM-0000790,2026-07-27 00:43:00,P02,MAT-030,PRD-062,RM_RECEIPT,1126,EA,WIP-01,WMS
IM-0000791,2026-07-02 12:07:00,P02,MAT-005,PRD-021,RM_ISSUE,-1281,EA,FG-02,WMS
IM-0000792,2025-09-27 02:18:00,P03,PRD-058,PRD-058,FG_RECEIPT,1325,EA,FG-02,WMS
IM-0000793,2026-05-26 02:09:00,P02,MAT-022,PRD-073,RM_RECEIPT,2982,EA,FG-01,WMS
IM-0000794,2025-11-19 14:37:00,P01,PRD-073,PRD-073,FG_RECEIPT,728,EA,FG-02,WMS
IM-0000795,2026-01-26 21:24:00,P03,PRD-024,PRD-024,FG_SHIP,-2217,EA,FG-02,WMS
IM-0000796,2026-03-16 19:03:00,P01,MAT-005,PRD-021,RM_RECEIPT,4252,EA,WIP-01,WMS
IM-0000797,2026-04-24 03:24:00,P01,PRD-041,PRD-041,FG_RECEIPT,5892,EA,RM-B,WMS
IM-0000798,2026-04-06 17:38:00,P03,MAT-001,PRD-074,RM_ISSUE,-2280,EA,FG-02,WMS
IM-0000799,2026-05-05 08:03:00,P03,MAT-001,PRD-056,RM_RECEIPT,5712,EA,WIP-01,WMS
IM-0000800,2025-12-14 17:17:00,P02,PRD-018,PRD-018,FG_RECEIPT,2020,EA,RM-B,WMS
IM-0000801,2026-05-16 06:25:00,P03,PRD-047,PRD-047,FG_SHIP,-271,EA,FG-01,WMS
IM-0000802,2025-12-24 15:32:00,P03,PRD-059,PRD-059,ADJUSTMENT,1823,EA,WIP-01,WMS
IM-0000803,2026-01-23 10:04:00,P02,PRD-036,PRD-036,FG_RECEIPT,803,EA,FG-02,WMS
IM-0000804,2025-12-25 18:58:00,P03,PRD-022,PRD-022,FG_RECEIPT,2193,EA,FG-02,WMS
IM-0000805,2026-03-20 13:37:00,P03,PRD-017,PRD-017,FG_RECEIPT,626,EA,FG-01,WMS
IM-0000806,2026-04-14 06:48:00,P03,PRD-067,PRD-067,FG_SHIP,-1989,EA,WIP-01,WMS
IM-0000807,2026-05-30 11:41:00,P03,PRD-071,PRD-071,FG_RECEIPT,3536,EA,RM-B,WMS
IM-0000808,2025-08-01 15:57:00,P02,PRD-057,PRD-057,FG_RECEIPT,3964,EA,FG-01,WMS
IM-0000809,2026-01-21 23:26:00,P02,PRD-050,PRD-050,ADJUSTMENT,3235,EA,FG-01,WMS
IM-0000810,2026-02-04 02:20:00,P01,PRD-077,PRD-077,FG_SHIP,-6954,EA,FG-02,WMS
IM-0000811,2025-11-19 13:30:00,P02,PRD-062,PRD-062,FG_SHIP,-1713,EA,RM-B,WMS
IM-0000812,2026-04-02 00:55:00,P02,MAT-036,PRD-020,RM_RECEIPT,2183,EA,RM-A,WMS
IM-0000813,2026-01-15 01:35:00,P01,PRD-080,PRD-080,FG_SHIP,-2548,EA,WIP-01,WMS
IM-0000814,2025-12-12 23:09:00,P03,MAT-003,PRD-014,RM_ISSUE,-1040,EA,FG-01,WMS
IM-0000815,2025-09-14 13:14:00,P01,MAT-037,PRD-051,RM_RECEIPT,5015,EA,RM-A,WMS
IM-0000816,2025-08-01 08:24:00,P01,PRD-075,PRD-075,FG_SHIP,-2421,EA,FG-01,WMS
IM-0000817,2025-12-01 21:19:00,P02,MAT-019,PRD-071,RM_RECEIPT,307,EA,FG-01,WMS
IM-0000818,2025-09-16 04:38:00,P03,MAT-030,PRD-060,RM_RECEIPT,5451,EA,WIP-01,WMS
IM-0000819,2025-09-30 18:11:00,P03,PRD-045,PRD-045,FG_RECEIPT,909,EA,RM-A,WMS
IM-0000820,2026-04-30 05:29:00,P01,MAT-020,PRD-010,RM_ISSUE,-3490,EA,RM-B,WMS
IM-0000821,2026-04-29 14:10:00,P03,MAT-031,PRD-043,RM_RECEIPT,932,EA,WIP-01,WMS
IM-0000822,2025-10-14 00:02:00,P01,MAT-033,PRD-022,RM_RECEIPT,2503,EA,FG-01,WMS
IM-0000823,2026-07-24 05:31:00,P01,PRD-018,PRD-018,FG_RECEIPT,4835,EA,RM-A,WMS
IM-0000824,2026-05-13 22:29:00,P01,MAT-004,PRD-048,RM_ISSUE,-2443,EA,RM-B,WMS
IM-0000825,2026-03-06 07:20:00,P01,PRD-069,PRD-069,FG_SHIP,-1953,EA,RM-B,WMS
IM-0000826,2026-04-08 17:54:00,P02,PRD-020,PRD-020,FG_SHIP,-4342,EA,FG-01,WMS
IM-0000827,2025-12-08 14:42:00,P03,PRD-077,PRD-077,ADJUSTMENT,1825,EA,WIP-01,WMS
IM-0000828,2026-07-03 09:05:00,P02,PRD-050,PRD-050,ADJUSTMENT,2811,EA,RM-A,WMS
IM-0000829,2026-06-29 01:02:00,P02,PRD-025,PRD-025,FG_RECEIPT,1489,EA,RM-A,WMS
IM-0000830,2025-11-26 10:29:00,P01,MAT-001,PRD-039,RM_RECEIPT,4218,EA,RM-B,WMS
IM-0000831,2025-12-14 11:48:00,P03,MAT-032,PRD-077,RM_ISSUE,-2123,EA,FG-02,WMS
IM-0000832,2026-01-18 13:48:00,P01,MAT-035,PRD-066,RM_ISSUE,-1581,EA,WIP-01,WMS
IM-0000833,2026-02-15 06:44:00,P01,PRD-010,PRD-010,ADJUSTMENT,2958,EA,WIP-01,WMS
IM-0000834,2025-10-26 12:23:00,P02,PRD-029,PRD-029,FG_SHIP,-1202,EA,WIP-01,WMS
IM-0000835,2025-11-30 05:02:00,P01,MAT-003,PRD-014,RM_ISSUE,-2502,EA,FG-01,WMS
IM-0000836,2025-08-28 15:44:00,P02,MAT-037,PRD-051,RM_RECEIPT,7464,EA,RM-B,WMS
IM-0000837,2026-02-09 16:46:00,P01,PRD-051,PRD-051,FG_RECEIPT,1385,EA,RM-B,WMS
IM-0000838,2026-07-22 22:49:00,P03,MAT-018,PRD-030,RM_ISSUE,-1827,EA,FG-02,WMS
IM-0000839,2026-07-16 21:57:00,P01,MAT-007,PRD-055,RM_ISSUE,-13896,EA,RM-B,WMS
IM-0000840,2025-08-14 02:56:00,P03,MAT-014,PRD-070,RM_RECEIPT,1629,EA,WIP-01,WMS
IM-0000841,2026-06-10 10:43:00,P03,PRD-071,PRD-071,FG_SHIP,-980,EA,WIP-01,WMS
IM-0000842,2025-10-06 16:18:00,P03,PRD-063,PRD-063,ADJUSTMENT,1892,EA,RM-B,WMS
IM-0000843,2025-09-01 10:22:00,P01,PRD-061,PRD-061,FG_RECEIPT,2366,EA,WIP-01,WMS
IM-0000844,2025-12-05 11:52:00,P02,MAT-001,PRD-039,RM_ISSUE,-2581,EA,RM-B,WMS
IM-0000845,2026-02-20 11:28:00,P02,PRD-001,PRD-001,FG_RECEIPT,3052,EA,FG-01,WMS
IM-0000846,2026-02-05 02:45:00,P03,MAT-035,PRD-053,RM_ISSUE,-1341,EA,RM-A,WMS
IM-0000847,2026-01-19 13:56:00,P02,PRD-016,PRD-016,FG_RECEIPT,1563,EA,RM-A,WMS
IM-0000848,2026-07-30 07:03:00,P03,PRD-077,PRD-077,ADJUSTMENT,3677,EA,FG-02,WMS
IM-0000849,2026-07-06 04:16:00,P01,PRD-079,PRD-079,FG_RECEIPT,7436,EA,WIP-01,WMS
IM-0000850,2026-04-11 00:18:00,P03,PRD-079,PRD-079,ADJUSTMENT,3310,EA,FG-01,WMS
IM-0000851,2026-07-09 00:12:00,P02,MAT-008,PRD-036,RM_ISSUE,-5102,EA,RM-B,WMS
IM-0000852,2026-03-10 09:41:00,P01,PRD-058,PRD-058,FG_SHIP,-2128,EA,FG-02,WMS
IM-0000853,2026-05-10 07:48:00,P01,MAT-005,PRD-058,RM_RECEIPT,1663,EA,WIP-01,WMS
IM-0000854,2026-06-17 18:42:00,P03,MAT-032,PRD-015,RM_RECEIPT,1770,EA,RM-A,WMS
IM-0000855,2026-01-17 08:25:00,P02,PRD-066,PRD-066,FG_SHIP,-290,EA,RM-A,WMS
IM-0000856,2025-08-23 11:27:00,P02,PRD-021,PRD-021,FG_RECEIPT,1570,EA,RM-A,WMS
IM-0000857,2026-03-22 21:09:00,P03,PRD-011,PRD-011,FG_RECEIPT,1183,EA,FG-02,WMS
IM-0000858,2025-12-25 08:07:00,P01,MAT-014,PRD-070,RM_ISSUE,-2552,EA,WIP-01,WMS
IM-0000859,2026-04-03 14:57:00,P01,PRD-059,PRD-059,FG_RECEIPT,1176,EA,RM-A,WMS
IM-0000860,2025-08-17 05:43:00,P01,MAT-032,PRD-005,RM_ISSUE,-2343,EA,RM-B,WMS
IM-0000861,2025-12-06 15:14:00,P03,PRD-003,PRD-003,FG_RECEIPT,2564,EA,FG-02,WMS
IM-0000862,2026-01-12 03:45:00,P02,MAT-030,PRD-060,RM_RECEIPT,1464,EA,FG-01,WMS
IM-0000863,2025-12-19 02:50:00,P01,PRD-047,PRD-047,ADJUSTMENT,7687,EA,RM-A,WMS
IM-0000864,2026-05-12 18:20:00,P02,MAT-026,PRD-028,RM_ISSUE,-2759,EA,RM-B,WMS
IM-0000865,2026-03-01 01:55:00,P03,MAT-037,PRD-051,RM_ISSUE,-646,EA,WIP-01,WMS
IM-0000866,2026-03-18 22:28:00,P03,MAT-004,PRD-048,RM_ISSUE,-1770,EA,FG-01,WMS
IM-0000867,2026-07-15 21:20:00,P01,PRD-036,PRD-036,FG_SHIP,-1730,EA,FG-01,WMS
IM-0000868,2025-10-03 06:55:00,P03,PRD-020,PRD-020,FG_SHIP,-1209,EA,FG-01,WMS
IM-0000869,2025-09-14 21:39:00,P02,MAT-026,PRD-059,RM_ISSUE,-485,EA,WIP-01,WMS
IM-0000870,2026-05-25 12:40:00,P03,MAT-018,PRD-030,RM_RECEIPT,2241,EA,WIP-01,WMS
IM-0000871,2025-09-19 23:14:00,P02,MAT-010,PRD-027,RM_ISSUE,-1322,EA,FG-01,WMS
IM-0000872,2026-06-28 08:24:00,P03,PRD-071,PRD-071,FG_SHIP,-6279,EA,WIP-01,WMS
IM-0000873,2025-08-01 22:11:00,P03,MAT-008,PRD-036,RM_ISSUE,-1006,EA,FG-02,WMS
IM-0000874,2026-03-27 15:48:00,P02,MAT-022,PRD-047,RM_ISSUE,-2114,EA,RM-A,WMS
IM-0000875,2025-09-16 13:32:00,P02,MAT-035,PRD-066,RM_RECEIPT,3066,EA,WIP-01,WMS
IM-0000876,2026-03-21 20:35:00,P02,MAT-004,PRD-040,RM_RECEIPT,1922,EA,FG-02,WMS
IM-0000877,2025-10-27 12:49:00,P01,PRD-019,PRD-019,FG_SHIP,-3855,EA,FG-02,WMS
IM-0000878,2026-05-15 16:05:00,P03,MAT-001,PRD-039,RM_ISSUE,-1711,EA,RM-A,WMS
IM-0000879,2026-01-01 04:36:00,P02,PRD-023,PRD-023,FG_RECEIPT,540,EA,WIP-01,WMS
IM-0000880,2026-05-24 05:36:00,P01,PRD-026,PRD-026,FG_RECEIPT,3585,EA,RM-A,WMS
IM-0000881,2026-04-25 12:40:00,P02,MAT-032,PRD-005,RM_RECEIPT,693,EA,RM-B,WMS
IM-0000882,2025-10-06 19:27:00,P02,PRD-016,PRD-016,FG_RECEIPT,2905,EA,RM-A,WMS
IM-0000883,2026-07-11 22:32:00,P02,PRD-035,PRD-035,FG_SHIP,-3653,EA,FG-01,WMS
IM-0000884,2025-11-27 22:55:00,P03,MAT-018,PRD-050,RM_ISSUE,-872,EA,FG-02,WMS
IM-0000885,2026-06-23 10:00:00,P03,PRD-017,PRD-017,FG_SHIP,-6223,EA,RM-A,WMS
IM-0000886,2026-03-20 12:35:00,P01,MAT-018,PRD-078,RM_ISSUE,-4060,EA,FG-01,WMS
IM-0000887,2026-04-15 03:41:00,P01,MAT-017,PRD-079,RM_ISSUE,-638,EA,RM-B,WMS
IM-0000888,2026-07-09 12:42:00,P01,PRD-006,PRD-006,FG_SHIP,-2664,EA,RM-A,WMS
IM-0000889,2026-06-19 12:10:00,P01,MAT-008,PRD-036,RM_ISSUE,-3058,EA,FG-02,WMS
IM-0000890,2025-11-29 20:01:00,P02,MAT-027,PRD-061,RM_ISSUE,-1969,EA,FG-02,WMS
IM-0000891,2026-07-12 10:46:00,P02,MAT-018,PRD-067,RM_ISSUE,-2043,EA,FG-01,WMS
IM-0000892,2026-03-20 17:00:00,P02,MAT-031,PRD-052,RM_RECEIPT,1005,EA,RM-A,WMS
IM-0000893,2026-07-23 13:52:00,P03,MAT-016,PRD-029,RM_RECEIPT,5776,EA,RM-B,WMS
IM-0000894,2025-11-14 12:51:00,P01,PRD-054,PRD-054,FG_SHIP,-1103,EA,WIP-01,WMS
IM-0000895,2025-12-24 23:36:00,P03,MAT-018,PRD-050,RM_RECEIPT,593,EA,WIP-01,WMS
IM-0000896,2026-01-08 17:12:00,P01,PRD-015,PRD-015,FG_SHIP,-31421,EA,RM-B,WMS
IM-0000897,2025-10-03 14:21:00,P02,PRD-062,PRD-062,FG_SHIP,-4198,EA,FG-01,WMS
IM-0000898,2025-11-26 16:48:00,P03,PRD-055,PRD-055,FG_RECEIPT,845,EA,RM-A,WMS
IM-0000899,2025-09-03 09:04:00,P03,PRD-065,PRD-065,FG_SHIP,-364,EA,RM-B,WMS
IM-0000900,2025-09-15 09:11:00,P01,MAT-018,PRD-050,RM_ISSUE,-1909,EA,RM-A,WMS
IM-0000901,2025-09-30 16:03:00,P01,MAT-030,PRD-012,RM_ISSUE,-1024,EA,RM-B,WMS
IM-0000902,2026-05-16 08:18:00,P01,PRD-005,PRD-005,FG_RECEIPT,1304,EA,WIP-01,WMS
IM-0000903,2026-03-17 00:43:00,P02,MAT-012,PRD-011,RM_ISSUE,-1059,EA,WIP-01,WMS
IM-0000904,2025-11-10 22:58:00,P02,PRD-031,PRD-031,FG_RECEIPT,1276,EA,FG-02,WMS
IM-0000905,2026-04-09 09:08:00,P01,PRD-039,PRD-039,FG_RECEIPT,3519,EA,WIP-01,WMS
IM-0000906,2026-01-18 12:04:00,P03,MAT-031,PRD-052,RM_ISSUE,-2637,EA,WIP-01,WMS
IM-0000907,2026-03-07 18:03:00,P02,MAT-013,PRD-075,RM_RECEIPT,4894,EA,FG-01,WMS
IM-0000908,2026-05-01 01:28:00,P02,MAT-018,PRD-067,RM_RECEIPT,844,EA,RM-B,WMS
IM-0000909,2026-07-11 06:31:00,P03,PRD-067,PRD-067,FG_RECEIPT,5739,EA,WIP-01,WMS
IM-0000910,2026-02-25 20:00:00,P02,MAT-005,PRD-058,RM_RECEIPT,1032,EA,RM-A,WMS
IM-0000911,2025-12-02 22:17:00,P03,MAT-026,PRD-059,RM_ISSUE,-659,EA,RM-B,WMS
IM-0000912,2026-05-02 10:22:00,P02,PRD-069,PRD-069,FG_RECEIPT,1890,EA,FG-02,WMS
IM-0000913,2026-06-07 10:29:00,P01,PRD-016,PRD-016,FG_SHIP,-1841,EA,RM-B,WMS
IM-0000914,2025-09-16 23:21:00,P01,MAT-035,PRD-053,RM_RECEIPT,1680,EA,RM-A,WMS
IM-0000915,2026-01-07 20:19:00,P02,MAT-019,PRD-004,RM_ISSUE,-1058,EA,FG-02,WMS
IM-0000916,2025-08-25 16:26:00,P02,PRD-049,PRD-049,FG_SHIP,-542,EA,RM-A,WMS
IM-0000917,2025-12-15 06:06:00,P03,MAT-002,PRD-069,RM_ISSUE,-927,EA,RM-B,WMS
IM-0000918,2026-06-06 21:25:00,P03,PRD-004,PRD-004,FG_SHIP,-3533,EA,FG-01,WMS
IM-0000919,2026-03-28 05:35:00,P02,MAT-032,PRD-015,RM_RECEIPT,1105,EA,FG-01,WMS
IM-0000920,2026-05-06 13:12:00,P01,PRD-017,PRD-017,FG_RECEIPT,720,EA,RM-A,WMS
IM-0000921,2025-10-20 19:01:00,P01,PRD-055,PRD-055,FG_SHIP,-2019,EA,RM-B,WMS
IM-0000922,2025-11-25 16:05:00,P02,MAT-012,PRD-011,RM_ISSUE,-4237,EA,FG-02,WMS
IM-0000923,2026-04-24 05:44:00,P01,MAT-025,PRD-035,RM_ISSUE,-2928,EA,FG-02,WMS
IM-0000924,2026-04-24 08:06:00,P03,MAT-026,PRD-046,RM_ISSUE,-1545,EA,FG-02,WMS
IM-0000925,2025-11-23 21:24:00,P03,MAT-015,PRD-034,RM_ISSUE,-1656,EA,RM-A,WMS
IM-0000926,2025-10-10 05:53:00,P02,PRD-054,PRD-054,ADJUSTMENT,686,EA,RM-A,WMS
IM-0000927,2025-10-04 17:01:00,P03,MAT-031,PRD-008,RM_ISSUE,-7944,EA,FG-02,WMS
IM-0000928,2025-12-26 12:05:00,P02,PRD-027,PRD-027,FG_SHIP,-1716,EA,RM-A,WMS
IM-0000929,2026-05-06 16:49:00,P03,MAT-035,PRD-016,RM_RECEIPT,3657,EA,FG-02,WMS
IM-0000930,2026-02-17 13:29:00,P01,PRD-046,PRD-046,FG_RECEIPT,6110,EA,RM-A,WMS
IM-0000931,2026-07-26 17:22:00,P01,MAT-035,PRD-016,RM_RECEIPT,1689,EA,WIP-01,WMS
IM-0000932,2025-09-26 10:26:00,P01,MAT-032,PRD-077,RM_ISSUE,-8852,EA,FG-01,WMS
IM-0000933,2026-04-10 10:34:00,P02,MAT-010,PRD-027,RM_ISSUE,-864,EA,RM-B,WMS
IM-0000934,2025-09-02 14:03:00,P01,PRD-070,PRD-070,FG_RECEIPT,2300,EA,RM-A,WMS
IM-0000935,2026-06-13 01:45:00,P02,PRD-057,PRD-057,FG_SHIP,-3143,EA,WIP-01,WMS
IM-0000936,2026-05-29 12:05:00,P01,MAT-007,PRD-055,RM_RECEIPT,3401,EA,RM-A,WMS
IM-0000937,2026-06-10 08:26:00,P02,PRD-002,PRD-002,FG_SHIP,-14924,EA,RM-B,WMS
IM-0000938,2025-12-17 17:01:00,P01,PRD-065,PRD-065,FG_SHIP,-2624,EA,RM-B,WMS
IM-0000939,2025-09-05 01:45:00,P03,MAT-032,PRD-038,RM_ISSUE,-608,EA,RM-B,WMS
IM-0000940,2026-03-03 03:01:00,P01,PRD-023,PRD-023,ADJUSTMENT,415,EA,FG-01,WMS
IM-0000941,2025-09-03 14:48:00,P01,PRD-071,PRD-071,FG_SHIP,-2038,EA,RM-B,WMS
IM-0000942,2026-03-20 23:09:00,P01,MAT-029,PRD-031,RM_RECEIPT,1122,EA,WIP-01,WMS
IM-0000943,2026-01-14 00:30:00,P02,MAT-005,PRD-033,RM_ISSUE,-4439,EA,FG-02,WMS
IM-0000944,2026-06-05 11:52:00,P03,MAT-014,PRD-068,RM_RECEIPT,2050,EA,FG-01,WMS
IM-0000945,2025-12-03 01:57:00,P03,PRD-055,PRD-055,FG_RECEIPT,4776,EA,WIP-01,WMS
IM-0000946,2026-02-02 16:01:00,P03,MAT-001,PRD-056,RM_RECEIPT,2946,EA,RM-B,WMS
IM-0000947,2026-05-17 05:27:00,P03,PRD-003,PRD-003,FG_RECEIPT,378,EA,RM-B,WMS
IM-0000948,2025-09-08 10:01:00,P03,PRD-002,PRD-002,FG_RECEIPT,1198,EA,FG-01,WMS
IM-0000949,2026-04-01 21:22:00,P03,PRD-029,PRD-029,FG_RECEIPT,2621,EA,RM-A,WMS
IM-0000950,2026-06-12 02:26:00,P01,PRD-008,PRD-008,FG_SHIP,-2299,EA,FG-02,WMS
IM-0000951,2025-12-19 02:39:00,P03,MAT-008,PRD-065,RM_ISSUE,-1790,EA,RM-A,WMS
IM-0000952,2025-12-07 04:10:00,P03,PRD-057,PRD-057,FG_SHIP,-2030,EA,RM-A,WMS
IM-0000953,2025-08-02 18:53:00,P03,MAT-032,PRD-005,RM_RECEIPT,514,EA,WIP-01,WMS
IM-0000954,2026-03-28 13:35:00,P01,PRD-046,PRD-046,FG_SHIP,-5756,EA,WIP-01,WMS
IM-0000955,2026-03-20 11:16:00,P01,MAT-031,PRD-043,RM_RECEIPT,2232,EA,RM-A,WMS
IM-0000956,2025-08-13 18:59:00,P02,MAT-022,PRD-047,RM_ISSUE,-2193,EA,RM-A,WMS
IM-0000957,2025-09-28 00:04:00,P03,MAT-036,PRD-020,RM_ISSUE,-2143,EA,FG-01,WMS
IM-0000958,2026-05-27 12:36:00,P01,MAT-029,PRD-045,RM_ISSUE,-2002,EA,FG-02,WMS
IM-0000959,2026-07-10 04:46:00,P03,PRD-066,PRD-066,FG_RECEIPT,1945,EA,RM-A,WMS
IM-0000960,2026-05-10 01:05:00,P03,MAT-001,PRD-039,RM_ISSUE,-3044,EA,FG-01,WMS
IM-0000961,2025-12-02 01:55:00,P01,PRD-001,PRD-001,FG_SHIP,-1882,EA,WIP-01,WMS
IM-0000962,2026-02-09 13:29:00,P02,PRD-066,PRD-066,FG_RECEIPT,14934,EA,FG-02,WMS
IM-0000963,2025-12-10 03:05:00,P02,PRD-015,PRD-015,FG_SHIP,-3712,EA,FG-02,WMS
IM-0000964,2026-06-16 17:36:00,P02,PRD-051,PRD-051,FG_SHIP,-2831,EA,RM-A,WMS
IM-0000965,2026-05-29 22:26:00,P01,MAT-031,PRD-008,RM_RECEIPT,1131,EA,WIP-01,WMS
IM-0000966,2025-10-31 23:50:00,P02,MAT-004,PRD-048,RM_RECEIPT,4990,EA,FG-02,WMS
IM-0000967,2026-07-07 11:40:00,P02,MAT-010,PRD-037,RM_ISSUE,-773,EA,RM-B,WMS
IM-0000968,2025-10-23 17:50:00,P03,MAT-019,PRD-071,RM_ISSUE,-616,EA,FG-01,WMS
IM-0000969,2026-06-28 10:27:00,P02,PRD-055,PRD-055,FG_SHIP,-854,EA,WIP-01,WMS
IM-0000970,2025-09-24 13:23:00,P01,MAT-014,PRD-068,RM_RECEIPT,1873,EA,RM-B,WMS
IM-0000971,2025-12-13 15:21:00,P02,PRD-061,PRD-061,FG_SHIP,-1076,EA,FG-01,WMS
IM-0000972,2026-07-02 10:41:00,P03,MAT-027,PRD-072,RM_RECEIPT,3448,EA,WIP-01,WMS
IM-0000973,2025-11-01 19:51:00,P03,MAT-019,PRD-004,RM_ISSUE,-1433,EA,FG-02,WMS
IM-0000974,2026-04-25 17:02:00,P03,PRD-072,PRD-072,FG_RECEIPT,4120,EA,RM-A,WMS
IM-0000975,2025-10-19 00:28:00,P01,PRD-048,PRD-048,FG_RECEIPT,1072,EA,FG-02,WMS
IM-0000976,2025-11-10 20:26:00,P01,MAT-030,PRD-041,RM_RECEIPT,2467,EA,WIP-01,WMS
IM-0000977,2026-01-29 11:22:00,P03,PRD-069,PRD-069,FG_SHIP,-753,EA,FG-01,WMS
IM-0000978,2026-02-15 15:21:00,P02,PRD-049,PRD-049,FG_SHIP,-2222,EA,WIP-01,WMS
IM-0000979,2026-04-11 17:13:00,P02,MAT-023,PRD-007,RM_ISSUE,-2454,EA,RM-A,WMS
IM-0000980,2026-05-21 08:56:00,P01,PRD-041,PRD-041,FG_SHIP,-3320,EA,RM-B,WMS
IM-0000981,2025-11-28 08:27:00,P02,MAT-026,PRD-057,RM_RECEIPT,2202,EA,WIP-01,WMS
IM-0000982,2025-10-26 17:24:00,P02,PRD-078,PRD-078,FG_SHIP,-2059,EA,WIP-01,WMS
IM-0000983,2025-10-03 10:00:00,P03,MAT-003,PRD-014,RM_RECEIPT,532,EA,FG-01,WMS
IM-0000984,2026-05-22 02:21:00,P02,PRD-015,PRD-015,FG_SHIP,-898,EA,FG-02,WMS
IM-0000985,2025-10-22 22:41:00,P03,PRD-030,PRD-030,FG_SHIP,-6760,EA,WIP-01,WMS
IM-0000986,2026-05-06 16:10:00,P03,MAT-001,PRD-039,RM_ISSUE,-4407,EA,FG-01,WMS
IM-0000987,2025-10-11 21:14:00,P03,PRD-041,PRD-041,FG_RECEIPT,5744,EA,WIP-01,WMS
IM-0000988,2025-12-10 12:32:00,P01,PRD-072,PRD-072,FG_RECEIPT,1835,EA,RM-A,WMS
IM-0000989,2026-06-24 17:03:00,P03,MAT-002,PRD-069,RM_RECEIPT,3276,EA,FG-02,WMS
IM-0000990,2026-03-29 08:21:00,P01,MAT-037,PRD-080,RM_RECEIPT,3764,EA,FG-02,WMS
IM-0000991,2026-06-17 14:03:00,P03,MAT-029,PRD-031,RM_RECEIPT,3931,EA,RM-A,WMS
IM-0000992,2025-11-27 02:49:00,P02,PRD-012,PRD-012,FG_RECEIPT,972,EA,FG-01,WMS
IM-0000993,2026-07-22 06:29:00,P02,PRD-042,PRD-042,FG_SHIP,-1981,EA,FG-01,WMS
IM-0000994,2026-02-07 09:36:00,P01,PRD-005,PRD-005,FG_SHIP,-1102,EA,RM-B,WMS
IM-0000995,2026-03-16 12:36:00,P01,MAT-033,PRD-044,RM_RECEIPT,4062,EA,FG-01,WMS
IM-0000996,2026-01-01 23:08:00,P01,MAT-031,PRD-043,RM_RECEIPT,3313,EA,FG-01,WMS
IM-0000997,2025-11-14 18:39:00,P01,MAT-013,PRD-075,RM_ISSUE,-425,EA,WIP-01,WMS
IM-0000998,2026-02-01 12:09:00,P02,PRD-024,PRD-024,FG_SHIP,-1154,EA,RM-A,WMS
IM-0000999,2026-07-21 21:47:00,P01,MAT-018,PRD-078,RM_RECEIPT,1873,EA,FG-01,WMS
IM-0001000,2026-06-28 06:14:00,P01,MAT-033,PRD-022,RM_RECEIPT,4150,EA,FG-02,WMS
IM-0001001,2025-12-01 21:03:00,P02,PRD-066,PRD-066,FG_SHIP,-1888,EA,FG-02,WMS
IM-0001002,2026-06-19 20:05:00,P02,PRD-001,PRD-001,FG_SHIP,-5132,EA,RM-B,WMS
IM-0001003,2026-07-16 14:40:00,P02,PRD-016,PRD-016,FG_SHIP,-4978,EA,RM-A,WMS
IM-0001004,2026-05-14 10:48:00,P03,MAT-010,PRD-063,RM_RECEIPT,1187,EA,RM-B,WMS
IM-0001005,2026-01-02 00:13:00,P01,MAT-003,PRD-049,RM_ISSUE,-9823,EA,RM-A,WMS
IM-0001006,2026-03-05 08:42:00,P01,PRD-076,PRD-076,FG_RECEIPT,2404,EA,FG-01,WMS
IM-0001007,2026-07-24 03:18:00,P03,PRD-071,PRD-071,FG_SHIP,-3496,EA,RM-A,WMS
IM-0001008,2026-04-09 09:45:00,P01,MAT-026,PRD-028,RM_ISSUE,-967,EA,FG-02,WMS
IM-0001009,2026-06-12 08:04:00,P02,MAT-032,PRD-005,RM_RECEIPT,3217,EA,FG-02,WMS
IM-0001010,2025-11-01 16:20:00,P03,PRD-007,PRD-007,FG_SHIP,-1469,EA,RM-A,WMS
IM-0001011,2025-12-23 09:50:00,P01,PRD-037,PRD-037,FG_SHIP,-1711,EA,FG-02,WMS
IM-0001012,2025-12-18 01:43:00,P02,MAT-022,PRD-047,RM_ISSUE,-2201,EA,FG-02,WMS
IM-0001013,2025-12-16 11:57:00,P01,PRD-050,PRD-050,FG_SHIP,-2475,EA,WIP-01,WMS
IM-0001014,2026-02-17 21:45:00,P03,PRD-039,PRD-039,FG_RECEIPT,3727,EA,FG-01,WMS
IM-0001015,2026-03-14 13:32:00,P02,PRD-069,PRD-069,FG_SHIP,-693,EA,FG-02,WMS
IM-0001016,2026-04-02 02:29:00,P02,PRD-046,PRD-046,FG_RECEIPT,648,EA,FG-01,WMS
IM-0001017,2025-10-12 03:17:00,P02,PRD-028,PRD-028,FG_SHIP,-2952,EA,WIP-01,WMS
IM-0001018,2026-07-14 08:55:00,P01,PRD-026,PRD-026,FG_RECEIPT,846,EA,RM-B,WMS
IM-0001019,2026-02-23 13:59:00,P02,PRD-026,PRD-026,FG_SHIP,-4438,EA,RM-A,WMS
IM-0001020,2025-08-30 15:18:00,P01,MAT-035,PRD-066,RM_RECEIPT,3280,EA,WIP-01,WMS
IM-0001021,2025-12-12 06:47:00,P02,MAT-031,PRD-043,RM_RECEIPT,1007,EA,RM-A,WMS
IM-0001022,2026-01-09 11:52:00,P03,PRD-068,PRD-068,FG_SHIP,-666,EA,WIP-01,WMS
IM-0001023,2025-08-26 11:12:00,P03,PRD-045,PRD-045,FG_RECEIPT,2355,EA,RM-B,WMS
IM-0001024,2026-01-07 23:44:00,P03,PRD-069,PRD-069,FG_RECEIPT,5167,EA,RM-A,WMS
IM-0001025,2026-03-06 23:46:00,P03,MAT-008,PRD-036,RM_RECEIPT,1184,EA,FG-01,WMS
IM-0001026,2026-03-31 07:45:00,P03,MAT-007,PRD-055,RM_ISSUE,-4213,EA,RM-A,WMS
IM-0001027,2026-02-09 23:27:00,P01,PRD-033,PRD-033,FG_SHIP,-1651,EA,RM-B,WMS
IM-0001028,2025-08-25 13:30:00,P02,MAT-027,PRD-061,RM_ISSUE,-2667,EA,FG-02,WMS
IM-0001029,2026-01-28 10:12:00,P01,PRD-013,PRD-013,FG_SHIP,-3959,EA,FG-01,WMS
IM-0001030,2026-03-17 09:05:00,P01,MAT-029,PRD-031,RM_RECEIPT,3605,EA,RM-A,WMS
IM-0001031,2026-05-18 22:52:00,P02,PRD-044,PRD-044,FG_SHIP,-2601,EA,WIP-01,WMS
IM-0001032,2025-10-19 10:09:00,P03,MAT-002,PRD-069,RM_ISSUE,-2728,EA,RM-B,WMS
IM-0001033,2026-02-11 01:43:00,P03,PRD-026,PRD-026,FG_SHIP,-1010,EA,RM-A,WMS
IM-0001034,2026-01-09 15:17:00,P03,MAT-018,PRD-078,RM_RECEIPT,2383,EA,RM-A,WMS
IM-0001035,2025-11-06 07:45:00,P03,PRD-041,PRD-041,FG_RECEIPT,3808,EA,WIP-01,WMS
IM-0001036,2026-02-08 14:12:00,P01,PRD-007,PRD-007,FG_RECEIPT,5522,EA,FG-01,WMS
IM-0001037,2025-10-08 09:37:00,P03,PRD-055,PRD-055,FG_SHIP,-2371,EA,FG-02,WMS
IM-0001038,2026-01-01 09:12:00,P02,MAT-032,PRD-005,RM_RECEIPT,3166,EA,WIP-01,WMS
IM-0001039,2025-11-26 01:01:00,P01,PRD-015,PRD-015,FG_SHIP,-2280,EA,FG-02,WMS
IM-0001040,2025-10-09 11:20:00,P01,PRD-037,PRD-037,FG_SHIP,-851,EA,RM-A,WMS
IM-0001041,2026-04-23 00:20:00,P03,PRD-047,PRD-047,FG_SHIP,-1580,EA,FG-01,WMS
IM-0001042,2026-06-21 23:14:00,P03,PRD-002,PRD-002,FG_RECEIPT,1195,EA,FG-01,WMS
IM-0001043,2025-11-07 04:07:00,P02,PRD-051,PRD-051,FG_RECEIPT,4281,EA,RM-B,WMS
IM-0001044,2026-05-30 17:55:00,P02,PRD-076,PRD-076,FG_RECEIPT,16230,EA,WIP-01,WMS
IM-0001045,2026-07-16 15:53:00,P02,MAT-023,PRD-007,RM_ISSUE,-999,EA,RM-B,WMS
IM-0001046,2025-11-10 05:34:00,P01,MAT-037,PRD-080,RM_ISSUE,-4608,EA,WIP-01,WMS
IM-0001047,2025-08-18 23:26:00,P02,MAT-016,PRD-029,RM_ISSUE,-3379,EA,FG-01,WMS
IM-0001048,2025-11-12 08:53:00,P01,MAT-031,PRD-052,RM_ISSUE,-390,EA,WIP-01,WMS
IM-0001049,2025-11-27 23:11:00,P01,PRD-043,PRD-043,FG_SHIP,-1076,EA,RM-A,WMS
IM-0001050,2026-03-15 16:08:00,P02,PRD-025,PRD-025,FG_RECEIPT,3136,EA,RM-A,WMS
IM-0001051,2026-06-30 15:49:00,P03,MAT-017,PRD-019,RM_RECEIPT,1348,EA,WIP-01,WMS
IM-0001052,2025-09-28 18:42:00,P03,MAT-018,PRD-078,RM_RECEIPT,2087,EA,FG-02,WMS
IM-0001053,2025-09-01 18:07:00,P03,MAT-036,PRD-020,RM_RECEIPT,1370,EA,FG-01,WMS
IM-0001054,2026-04-14 03:58:00,P01,MAT-018,PRD-026,RM_ISSUE,-1784,EA,FG-02,WMS
IM-0001055,2026-01-11 14:11:00,P02,MAT-010,PRD-037,RM_RECEIPT,1557,EA,WIP-01,WMS
IM-0001056,2026-05-07 06:53:00,P03,MAT-031,PRD-052,RM_ISSUE,-1892,EA,FG-01,WMS
IM-0001057,2026-07-10 17:27:00,P01,MAT-030,PRD-012,RM_ISSUE,-3754,EA,RM-A,WMS
IM-0001058,2026-07-26 11:18:00,P02,PRD-007,PRD-007,FG_RECEIPT,2995,EA,RM-A,WMS
IM-0001059,2026-01-23 17:40:00,P01,MAT-022,PRD-042,RM_RECEIPT,1852,EA,FG-01,WMS
IM-0001060,2026-03-20 21:26:00,P03,MAT-003,PRD-014,RM_ISSUE,-3050,EA,FG-01,WMS
IM-0001061,2025-11-13 14:20:00,P01,MAT-001,PRD-039,RM_ISSUE,-2343,EA,RM-A,WMS
IM-0001062,2026-03-24 09:52:00,P03,MAT-017,PRD-079,RM_RECEIPT,1622,EA,RM-B,WMS
IM-0001063,2025-09-06 06:00:00,P03,MAT-030,PRD-009,RM_RECEIPT,2083,EA,FG-02,WMS
IM-0001064,2025-12-11 17:15:00,P01,MAT-015,PRD-025,RM_RECEIPT,1332,EA,FG-02,WMS
IM-0001065,2026-07-18 00:29:00,P02,PRD-037,PRD-037,FG_RECEIPT,3001,EA,RM-B,WMS
IM-0001066,2026-07-09 01:31:00,P02,MAT-030,PRD-062,RM_ISSUE,-3070,EA,WIP-01,WMS
IM-0001067,2026-01-01 09:23:00,P01,PRD-003,PRD-003,FG_SHIP,-757,EA,RM-B,WMS
IM-0001068,2025-11-12 11:01:00,P01,PRD-038,PRD-038,FG_RECEIPT,12592,EA,WIP-01,WMS
IM-0001069,2026-02-23 03:22:00,P01,MAT-024,PRD-003,RM_RECEIPT,2993,EA,FG-01,WMS
IM-0001070,2026-07-24 20:39:00,P02,MAT-016,PRD-029,RM_ISSUE,-735,EA,RM-B,WMS
IM-0001071,2026-07-09 08:10:00,P02,MAT-017,PRD-019,RM_RECEIPT,637,EA,FG-02,WMS
IM-0001072,2026-07-17 15:27:00,P03,MAT-032,PRD-015,RM_ISSUE,-1782,EA,FG-02,WMS
IM-0001073,2026-05-07 02:19:00,P02,PRD-026,PRD-026,FG_RECEIPT,1600,EA,FG-01,WMS
IM-0001074,2025-10-14 17:05:00,P03,PRD-009,PRD-009,ADJUSTMENT,3318,EA,RM-A,WMS
IM-0001075,2026-03-08 11:26:00,P03,PRD-016,PRD-016,FG_RECEIPT,620,EA,WIP-01,WMS
IM-0001076,2026-07-12 01:47:00,P01,PRD-072,PRD-072,FG_RECEIPT,3600,EA,FG-02,WMS
IM-0001077,2026-07-18 11:34:00,P03,PRD-033,PRD-033,FG_RECEIPT,2438,EA,RM-A,WMS
IM-0001078,2026-07-01 09:07:00,P01,PRD-035,PRD-035,FG_SHIP,-1567,EA,FG-01,WMS
IM-0001079,2025-12-29 16:41:00,P02,MAT-026,PRD-046,RM_RECEIPT,1693,EA,WIP-01,WMS
IM-0001080,2026-06-30 06:31:00,P01,MAT-002,PRD-069,RM_RECEIPT,1683,EA,RM-A,WMS
IM-0001081,2026-01-08 04:10:00,P03,MAT-037,PRD-018,RM_ISSUE,-1988,EA,FG-01,WMS
IM-0001082,2025-11-20 14:16:00,P01,MAT-022,PRD-042,RM_RECEIPT,1563,EA,FG-02,WMS
IM-0001083,2025-12-27 10:13:00,P03,PRD-060,PRD-060,FG_RECEIPT,1522,EA,FG-01,WMS
IM-0001084,2025-11-27 00:32:00,P03,PRD-063,PRD-063,FG_SHIP,-1344,EA,RM-A,WMS
IM-0001085,2025-10-19 12:04:00,P03,PRD-067,PRD-067,FG_RECEIPT,7386,EA,WIP-01,WMS
IM-0001086,2026-02-09 19:34:00,P02,MAT-007,PRD-055,RM_ISSUE,-1029,EA,RM-A,WMS
IM-0001087,2026-01-23 03:33:00,P03,MAT-030,PRD-009,RM_ISSUE,-1570,EA,FG-01,WMS
IM-0001088,2026-01-22 12:31:00,P01,MAT-030,PRD-062,RM_ISSUE,-1779,EA,RM-B,WMS
IM-0001089,2026-07-23 09:38:00,P01,PRD-043,PRD-043,FG_SHIP,-1805,EA,RM-A,WMS
IM-0001090,2025-12-25 22:12:00,P03,MAT-007,PRD-055,RM_RECEIPT,2244,EA,RM-A,WMS
IM-0001091,2026-03-22 14:07:00,P02,PRD-008,PRD-008,ADJUSTMENT,555,EA,FG-02,WMS
IM-0001092,2026-02-26 01:30:00,P02,PRD-026,PRD-026,ADJUSTMENT,4616,EA,FG-01,WMS
IM-0001093,2025-08-02 21:44:00,P01,PRD-046,PRD-046,FG_RECEIPT,1684,EA,RM-B,WMS
IM-0001094,2025-08-20 22:13:00,P01,PRD-033,PRD-033,FG_RECEIPT,667,EA,RM-B,WMS
IM-0001095,2025-08-21 13:06:00,P03,PRD-042,PRD-042,FG_SHIP,-1150,EA,FG-02,WMS
IM-0001096,2026-03-25 23:09:00,P02,MAT-013,PRD-075,RM_RECEIPT,654,EA,WIP-01,WMS
IM-0001097,2026-03-22 19:36:00,P01,MAT-018,PRD-078,RM_ISSUE,-2322,EA,FG-02,WMS
IM-0001098,2025-10-23 05:56:00,P02,MAT-025,PRD-035,RM_ISSUE,-1014,EA,WIP-01,WMS
IM-0001099,2026-07-26 22:53:00,P03,MAT-031,PRD-052,RM_RECEIPT,1677,EA,RM-A,WMS
IM-0001100,2025-10-13 19:53:00,P01,MAT-035,PRD-066,RM_ISSUE,-1223,EA,RM-B,WMS
IM-0001101,2026-03-26 17:21:00,P01,PRD-073,PRD-073,FG_SHIP,-1060,EA,RM-A,WMS
IM-0001102,2026-03-18 14:11:00,P02,MAT-019,PRD-071,RM_RECEIPT,1093,EA,WIP-01,WMS
IM-0001103,2025-12-29 08:27:00,P02,PRD-064,PRD-064,FG_RECEIPT,427,EA,FG-01,WMS
IM-0001104,2026-07-15 05:41:00,P03,MAT-018,PRD-050,RM_ISSUE,-4586,EA,FG-01,WMS
IM-0001105,2026-05-19 03:07:00,P02,PRD-018,PRD-018,FG_SHIP,-5208,EA,RM-B,WMS
IM-0001106,2026-03-01 22:24:00,P03,PRD-077,PRD-077,FG_RECEIPT,1757,EA,WIP-01,WMS
IM-0001107,2025-08-19 19:13:00,P02,PRD-021,PRD-021,FG_RECEIPT,8286,EA,FG-01,WMS
IM-0001108,2026-03-06 05:02:00,P02,MAT-033,PRD-076,RM_RECEIPT,2911,EA,FG-02,WMS
IM-0001109,2025-08-31 04:36:00,P01,PRD-075,PRD-075,FG_RECEIPT,3242,EA,WIP-01,WMS
IM-0001110,2026-07-27 03:29:00,P01,MAT-037,PRD-018,RM_ISSUE,-4163,EA,FG-01,WMS
IM-0001111,2026-01-01 18:23:00,P03,MAT-005,PRD-021,RM_ISSUE,-2016,EA,WIP-01,WMS
IM-0001112,2026-03-07 19:37:00,P03,PRD-001,PRD-001,FG_SHIP,-1455,EA,FG-02,WMS
IM-0001113,2025-08-18 19:40:00,P02,PRD-010,PRD-010,FG_SHIP,-403,EA,FG-01,WMS
IM-0001114,2026-06-09 06:39:00,P01,PRD-028,PRD-028,FG_RECEIPT,1528,EA,FG-01,WMS
IM-0001115,2025-12-30 17:40:00,P03,PRD-031,PRD-031,FG_RECEIPT,1512,EA,FG-02,WMS
IM-0001116,2026-07-12 21:51:00,P03,MAT-037,PRD-018,RM_RECEIPT,2263,EA,RM-B,WMS
IM-0001117,2026-04-22 16:55:00,P03,PRD-008,PRD-008,FG_RECEIPT,2946,EA,WIP-01,WMS
IM-0001118,2026-03-23 16:05:00,P03,MAT-019,PRD-004,RM_ISSUE,-943,EA,FG-02,WMS
IM-0001119,2026-02-25 14:43:00,P03,MAT-006,PRD-001,RM_ISSUE,-2743,EA,FG-02,WMS
IM-0001120,2026-04-17 20:14:00,P02,PRD-063,PRD-063,FG_SHIP,-5240,EA,RM-B,WMS
IM-0001121,2025-08-31 19:24:00,P02,MAT-037,PRD-018,RM_ISSUE,-1150,EA,RM-B,WMS
IM-0001122,2026-02-20 00:29:00,P02,MAT-023,PRD-007,RM_RECEIPT,5549,EA,FG-01,WMS
IM-0001123,2026-02-21 10:48:00,P01,MAT-026,PRD-028,RM_ISSUE,-1106,EA,FG-01,WMS
IM-0001124,2026-05-22 18:04:00,P03,MAT-018,PRD-026,RM_ISSUE,-4790,EA,RM-B,WMS
IM-0001125,2025-11-20 09:03:00,P01,MAT-010,PRD-037,RM_RECEIPT,3246,EA,WIP-01,WMS
IM-0001126,2025-08-15 05:25:00,P02,PRD-002,PRD-002,FG_RECEIPT,6276,EA,RM-B,WMS
IM-0001127,2025-12-27 16:38:00,P01,MAT-031,PRD-052,RM_RECEIPT,431,EA,FG-02,WMS
IM-0001128,2025-12-23 12:10:00,P03,MAT-030,PRD-009,RM_ISSUE,-7332,EA,RM-B,WMS
IM-0001129,2025-11-22 06:01:00,P01,PRD-073,PRD-073,FG_SHIP,-4437,EA,RM-B,WMS
IM-0001130,2026-04-17 04:45:00,P03,PRD-072,PRD-072,FG_SHIP,-2120,EA,FG-01,WMS
IM-0001131,2025-12-11 11:12:00,P03,PRD-052,PRD-052,FG_SHIP,-2843,EA,RM-B,WMS
IM-0001132,2026-06-15 23:13:00,P02,MAT-035,PRD-016,RM_ISSUE,-2142,EA,RM-A,WMS
IM-0001133,2025-09-14 16:14:00,P02,MAT-005,PRD-058,RM_RECEIPT,1555,EA,FG-02,WMS
IM-0001134,2026-05-27 23:52:00,P02,MAT-001,PRD-056,RM_RECEIPT,14309,EA,WIP-01,WMS
IM-0001135,2026-04-03 17:23:00,P01,PRD-042,PRD-042,FG_SHIP,-2905,EA,RM-A,WMS
IM-0001136,2026-03-21 04:33:00,P01,PRD-043,PRD-043,FG_RECEIPT,2338,EA,FG-02,WMS
IM-0001137,2026-03-21 09:19:00,P02,MAT-005,PRD-024,RM_RECEIPT,2187,EA,WIP-01,WMS
IM-0001138,2025-10-24 11:10:00,P02,PRD-061,PRD-061,FG_RECEIPT,3886,EA,RM-A,WMS
IM-0001139,2026-02-20 04:50:00,P01,PRD-003,PRD-003,FG_RECEIPT,1991,EA,RM-B,WMS
IM-0001140,2025-12-26 16:45:00,P02,PRD-030,PRD-030,FG_RECEIPT,1061,EA,RM-A,WMS
IM-0001141,2026-03-03 17:55:00,P01,PRD-055,PRD-055,FG_RECEIPT,450,EA,WIP-01,WMS
IM-0001142,2025-08-09 08:15:00,P01,MAT-030,PRD-009,RM_ISSUE,-2134,EA,FG-02,WMS
IM-0001143,2026-07-17 14:34:00,P03,PRD-056,PRD-056,FG_SHIP,-2576,EA,FG-02,WMS
IM-0001144,2025-10-26 12:26:00,P02,MAT-019,PRD-004,RM_ISSUE,-802,EA,RM-A,WMS
IM-0001145,2025-09-17 08:29:00,P02,PRD-024,PRD-024,FG_SHIP,-1290,EA,WIP-01,WMS
IM-0001146,2026-01-01 14:55:00,P01,MAT-030,PRD-064,RM_ISSUE,-2784,EA,FG-02,WMS
IM-0001147,2026-03-17 02:54:00,P03,MAT-029,PRD-031,RM_RECEIPT,2798,EA,RM-A,WMS
IM-0001148,2025-08-12 02:25:00,P02,PRD-055,PRD-055,FG_RECEIPT,3186,EA,WIP-01,WMS
IM-0001149,2025-11-24 06:43:00,P02,MAT-015,PRD-025,RM_ISSUE,-1674,EA,RM-A,WMS
IM-0001150,2026-06-16 21:07:00,P03,PRD-037,PRD-037,FG_RECEIPT,4002,EA,FG-01,WMS
IM-0001151,2026-02-23 04:37:00,P03,PRD-021,PRD-021,FG_SHIP,-744,EA,FG-01,WMS
IM-0001152,2025-10-14 16:32:00,P03,PRD-014,PRD-014,FG_RECEIPT,3183,EA,FG-01,WMS
IM-0001153,2026-07-06 05:02:00,P02,PRD-012,PRD-012,FG_SHIP,-2395,EA,WIP-01,WMS
IM-0001154,2026-06-13 19:30:00,P02,MAT-032,PRD-005,RM_RECEIPT,1142,EA,FG-02,WMS
IM-0001155,2026-04-23 21:31:00,P02,MAT-030,PRD-064,RM_RECEIPT,3202,EA,RM-A,WMS
IM-0001156,2026-03-06 15:25:00,P03,MAT-015,PRD-025,RM_RECEIPT,2389,EA,FG-01,WMS
IM-0001157,2025-10-15 12:13:00,P02,PRD-080,PRD-080,FG_RECEIPT,1217,EA,FG-02,WMS
IM-0001158,2025-12-17 15:18:00,P02,MAT-014,PRD-070,RM_RECEIPT,1354,EA,WIP-01,WMS
IM-0001159,2025-11-26 13:30:00,P01,MAT-022,PRD-073,RM_RECEIPT,4970,EA,FG-02,WMS
IM-0001160,2026-01-31 23:52:00,P03,MAT-022,PRD-042,RM_ISSUE,-2717,EA,WIP-01,WMS
IM-0001161,2025-12-13 00:52:00,P01,PRD-071,PRD-071,FG_RECEIPT,5088,EA,FG-02,WMS
IM-0001162,2026-04-06 03:31:00,P02,MAT-023,PRD-007,RM_RECEIPT,1722,EA,RM-A,WMS
IM-0001163,2026-03-23 05:43:00,P03,PRD-010,PRD-010,FG_RECEIPT,5163,EA,RM-A,WMS
IM-0001164,2026-05-18 19:11:00,P02,MAT-031,PRD-008,RM_ISSUE,-5528,EA,FG-02,WMS
IM-0001165,2026-03-23 18:25:00,P01,MAT-030,PRD-012,RM_RECEIPT,6552,EA,RM-A,WMS
IM-0001166,2026-01-03 07:00:00,P02,PRD-013,PRD-013,FG_SHIP,-6742,EA,RM-A,WMS
IM-0001167,2025-10-01 11:45:00,P02,MAT-018,PRD-078,RM_RECEIPT,3851,EA,WIP-01,WMS
IM-0001168,2026-01-29 13:03:00,P02,PRD-048,PRD-048,ADJUSTMENT,4050,EA,FG-02,WMS
IM-0001169,2026-03-25 01:36:00,P03,PRD-076,PRD-076,FG_SHIP,-1770,EA,WIP-01,WMS
IM-0001170,2026-04-07 06:06:00,P02,MAT-036,PRD-020,RM_ISSUE,-1419,EA,FG-01,WMS
IM-0001171,2025-11-07 13:24:00,P01,MAT-018,PRD-002,RM_ISSUE,-2688,EA,RM-A,WMS
IM-0001172,2026-01-01 03:13:00,P01,PRD-052,PRD-052,FG_SHIP,-2996,EA,FG-02,WMS
IM-0001173,2026-02-06 04:31:00,P01,MAT-008,PRD-036,RM_ISSUE,-2348,EA,WIP-01,WMS
IM-0001174,2026-01-03 22:40:00,P02,PRD-063,PRD-063,FG_RECEIPT,636,EA,FG-01,WMS
IM-0001175,2025-12-20 08:35:00,P01,MAT-024,PRD-003,RM_ISSUE,-2147,EA,FG-02,WMS
IM-0001176,2025-09-29 00:12:00,P03,PRD-042,PRD-042,FG_SHIP,-5534,EA,FG-01,WMS
IM-0001177,2025-11-04 10:48:00,P02,MAT-002,PRD-069,RM_ISSUE,-1762,EA,RM-A,WMS
IM-0001178,2026-01-17 00:29:00,P01,MAT-018,PRD-026,RM_ISSUE,-998,EA,WIP-01,WMS
IM-0001179,2026-02-15 14:28:00,P02,MAT-024,PRD-003,RM_ISSUE,-5256,EA,RM-B,WMS
IM-0001180,2026-06-17 22:48:00,P02,MAT-019,PRD-071,RM_ISSUE,-4001,EA,RM-B,WMS
IM-0001181,2026-06-21 02:18:00,P01,PRD-062,PRD-062,FG_RECEIPT,1540,EA,RM-B,WMS
IM-0001182,2026-05-29 02:03:00,P01,PRD-009,PRD-009,FG_RECEIPT,8436,EA,FG-01,WMS
IM-0001183,2026-02-02 13:45:00,P02,PRD-008,PRD-008,FG_RECEIPT,3118,EA,RM-A,WMS
IM-0001184,2025-10-20 15:34:00,P01,PRD-048,PRD-048,FG_RECEIPT,973,EA,RM-A,WMS
IM-0001185,2026-02-14 09:15:00,P03,PRD-046,PRD-046,FG_SHIP,-686,EA,FG-01,WMS
IM-0001186,2026-06-14 15:58:00,P01,MAT-031,PRD-043,RM_ISSUE,-2457,EA,RM-B,WMS
IM-0001187,2026-05-02 18:53:00,P01,PRD-067,PRD-067,FG_RECEIPT,2521,EA,RM-B,WMS
IM-0001188,2026-01-01 14:52:00,P02,MAT-005,PRD-033,RM_ISSUE,-2994,EA,FG-01,WMS
IM-0001189,2026-06-24 00:08:00,P01,PRD-060,PRD-060,ADJUSTMENT,3570,EA,RM-B,WMS
IM-0001190,2026-04-24 23:03:00,P02,PRD-004,PRD-004,FG_RECEIPT,691,EA,FG-02,WMS
IM-0001191,2025-10-19 02:25:00,P02,PRD-070,PRD-070,FG_SHIP,-805,EA,RM-B,WMS
IM-0001192,2025-09-17 14:55:00,P01,MAT-026,PRD-046,RM_RECEIPT,3473,EA,RM-A,WMS
IM-0001193,2026-04-05 08:42:00,P01,PRD-033,PRD-033,FG_RECEIPT,2256,EA,FG-01,WMS
IM-0001194,2025-08-28 08:40:00,P02,PRD-019,PRD-019,FG_RECEIPT,1242,EA,RM-A,WMS
IM-0001195,2025-08-16 15:06:00,P02,PRD-061,PRD-061,FG_SHIP,-2665,EA,RM-B,WMS
IM-0001196,2025-12-23 20:21:00,P03,PRD-079,PRD-079,FG_SHIP,-1179,EA,RM-A,WMS
IM-0001197,2025-12-19 18:52:00,P02,PRD-020,PRD-020,FG_SHIP,-1281,EA,RM-B,WMS
IM-0001198,2025-12-02 06:10:00,P02,MAT-019,PRD-071,RM_ISSUE,-2234,EA,WIP-01,WMS
IM-0001199,2026-06-23 06:40:00,P01,MAT-007,PRD-055,RM_ISSUE,-1771,EA,WIP-01,WMS
IM-0001200,2026-01-10 21:16:00,P01,PRD-080,PRD-080,FG_RECEIPT,2514,EA,RM-A,WMS
IM-0001201,2026-05-27 07:00:00,P01,MAT-030,PRD-064,RM_RECEIPT,10837,EA,WIP-01,WMS
IM-0001202,2026-01-10 07:43:00,P01,PRD-068,PRD-068,FG_RECEIPT,5951,EA,RM-B,WMS
IM-0001203,2025-08-18 09:25:00,P03,MAT-029,PRD-031,RM_RECEIPT,2013,EA,RM-A,WMS
IM-0001204,2026-02-19 12:57:00,P02,PRD-028,PRD-028,FG_RECEIPT,361,EA,FG-02,WMS
IM-0001205,2026-01-15 11:12:00,P02,MAT-026,PRD-059,RM_RECEIPT,1039,EA,WIP-01,WMS
IM-0001206,2026-02-15 16:21:00,P03,PRD-057,PRD-057,FG_SHIP,-1016,EA,RM-A,WMS
IM-0001207,2025-12-19 02:50:00,P01,MAT-033,PRD-076,RM_RECEIPT,3027,EA,WIP-01,WMS
IM-0001208,2026-02-03 14:38:00,P03,MAT-033,PRD-017,RM_RECEIPT,4977,EA,FG-02,WMS
IM-0001209,2026-03-19 18:07:00,P03,MAT-015,PRD-034,RM_ISSUE,-15587,EA,RM-B,WMS
IM-0001210,2026-04-11 02:52:00,P02,MAT-020,PRD-010,RM_RECEIPT,2936,EA,RM-B,WMS
IM-0001211,2026-07-10 05:11:00,P03,MAT-010,PRD-063,RM_ISSUE,-1606,EA,FG-01,WMS
IM-0001212,2025-08-20 17:41:00,P01,PRD-035,PRD-035,FG_RECEIPT,1473,EA,FG-01,WMS
IM-0001213,2026-01-24 21:06:00,P02,PRD-072,PRD-072,FG_RECEIPT,1338,EA,FG-02,WMS
IM-0001214,2026-06-07 11:29:00,P02,PRD-059,PRD-059,FG_RECEIPT,3293,EA,WIP-01,WMS
IM-0001215,2025-08-29 23:09:00,P03,PRD-010,PRD-010,FG_RECEIPT,2061,EA,WIP-01,WMS
IM-0001216,2025-08-13 01:31:00,P02,MAT-033,PRD-076,RM_RECEIPT,2938,EA,RM-B,WMS
IM-0001217,2026-05-10 03:20:00,P02,MAT-019,PRD-071,RM_RECEIPT,3662,EA,WIP-01,WMS
IM-0001218,2025-10-25 23:54:00,P02,MAT-032,PRD-005,RM_RECEIPT,2066,EA,FG-01,WMS
IM-0001219,2026-03-17 20:27:00,P01,PRD-061,PRD-061,FG_SHIP,-746,EA,RM-B,WMS
IM-0001220,2025-09-06 19:15:00,P01,MAT-018,PRD-030,RM_ISSUE,-1666,EA,FG-02,WMS
IM-0001221,2025-11-26 21:17:00,P03,MAT-026,PRD-046,RM_RECEIPT,301,EA,RM-B,WMS
IM-0001222,2026-07-15 04:28:00,P02,MAT-003,PRD-049,RM_RECEIPT,3633,EA,RM-B,WMS
IM-0001223,2026-07-08 22:01:00,P03,PRD-031,PRD-031,FG_SHIP,-1760,EA,FG-02,WMS
IM-0001224,2026-07-08 01:33:00,P01,MAT-004,PRD-048,RM_RECEIPT,2778,EA,FG-02,WMS
IM-0001225,2026-03-20 11:37:00,P02,MAT-033,PRD-022,RM_ISSUE,-1274,EA,RM-B,WMS
IM-0001226,2026-02-02 06:29:00,P03,PRD-053,PRD-053,FG_RECEIPT,3021,EA,FG-01,WMS
IM-0001227,2025-12-29 13:47:00,P02,MAT-007,PRD-055,RM_ISSUE,-547,EA,RM-B,WMS
IM-0001228,2026-06-01 08:26:00,P01,MAT-004,PRD-048,RM_ISSUE,-10064,EA,RM-A,WMS
IM-0001229,2025-11-23 14:24:00,P03,PRD-032,PRD-032,FG_SHIP,-3483,EA,FG-02,WMS
IM-0001230,2026-04-20 13:48:00,P02,PRD-058,PRD-058,FG_RECEIPT,3534,EA,FG-01,WMS
IM-0001231,2026-07-16 14:42:00,P02,MAT-035,PRD-053,RM_RECEIPT,1010,EA,FG-02,WMS
IM-0001232,2025-08-01 02:25:00,P02,PRD-053,PRD-053,FG_RECEIPT,2579,EA,FG-02,WMS
IM-0001233,2026-05-11 10:29:00,P02,MAT-027,PRD-072,RM_ISSUE,-2938,EA,WIP-01,WMS
IM-0001234,2025-09-02 00:43:00,P03,MAT-008,PRD-036,RM_RECEIPT,5267,EA,FG-02,WMS
IM-0001235,2025-08-09 03:47:00,P01,MAT-018,PRD-050,RM_RECEIPT,976,EA,FG-01,WMS
IM-0001236,2026-05-24 23:24:00,P02,PRD-018,PRD-018,FG_RECEIPT,2337,EA,WIP-01,WMS
IM-0001237,2026-03-19 16:27:00,P03,MAT-008,PRD-065,RM_RECEIPT,1065,EA,RM-A,WMS
IM-0001238,2025-08-07 11:58:00,P02,PRD-077,PRD-077,FG_SHIP,-814,EA,FG-02,WMS
IM-0001239,2025-12-12 11:47:00,P03,MAT-033,PRD-044,RM_RECEIPT,1787,EA,FG-01,WMS
IM-0001240,2025-09-30 10:46:00,P02,PRD-049,PRD-049,FG_SHIP,-1933,EA,FG-01,WMS
IM-0001241,2025-08-07 05:19:00,P02,MAT-024,PRD-013,RM_RECEIPT,1495,EA,RM-B,WMS
IM-0001242,2026-01-15 11:10:00,P01,MAT-018,PRD-067,RM_ISSUE,-913,EA,RM-A,WMS
IM-0001243,2026-01-04 06:17:00,P01,PRD-064,PRD-064,FG_RECEIPT,785,EA,RM-B,WMS
IM-0001244,2025-10-04 22:45:00,P03,MAT-004,PRD-032,RM_RECEIPT,1527,EA,FG-02,WMS
IM-0001245,2025-08-27 02:39:00,P01,PRD-007,PRD-007,FG_SHIP,-498,EA,RM-B,WMS
IM-0001246,2025-10-11 00:02:00,P03,MAT-018,PRD-030,RM_RECEIPT,303,EA,FG-02,WMS
IM-0001247,2026-07-14 10:03:00,P01,PRD-072,PRD-072,FG_SHIP,-610,EA,RM-B,WMS
IM-0001248,2026-02-18 08:46:00,P01,PRD-074,PRD-074,FG_SHIP,-3035,EA,FG-01,WMS
IM-0001249,2026-02-17 22:03:00,P01,PRD-072,PRD-072,FG_RECEIPT,619,EA,WIP-01,WMS
IM-0001250,2026-05-02 15:56:00,P03,PRD-030,PRD-030,FG_SHIP,-890,EA,RM-B,WMS
IM-0001251,2025-12-09 22:19:00,P01,PRD-040,PRD-040,FG_RECEIPT,2311,EA,WIP-01,WMS
IM-0001252,2026-01-16 12:48:00,P01,PRD-042,PRD-042,FG_RECEIPT,2365,EA,FG-01,WMS
IM-0001253,2026-03-22 11:54:00,P02,MAT-029,PRD-045,RM_RECEIPT,1978,EA,FG-01,WMS
IM-0001254,2026-06-06 22:40:00,P02,MAT-004,PRD-032,RM_ISSUE,-2153,EA,RM-A,WMS
IM-0001255,2025-08-17 17:48:00,P01,MAT-027,PRD-072,RM_ISSUE,-893,EA,FG-01,WMS
IM-0001256,2025-11-25 01:32:00,P02,PRD-009,PRD-009,FG_SHIP,-5999,EA,RM-B,WMS
IM-0001257,2026-04-20 01:35:00,P03,MAT-024,PRD-013,RM_ISSUE,-1894,EA,FG-01,WMS
IM-0001258,2026-03-26 21:21:00,P03,MAT-003,PRD-014,RM_ISSUE,-5151,EA,RM-B,WMS
IM-0001259,2026-03-17 13:37:00,P01,MAT-032,PRD-005,RM_ISSUE,-3928,EA,RM-A,WMS
IM-0001260,2025-11-04 14:28:00,P03,PRD-002,PRD-002,FG_RECEIPT,971,EA,RM-A,WMS
IM-0001261,2025-09-25 07:28:00,P01,PRD-013,PRD-013,FG_RECEIPT,1405,EA,WIP-01,WMS
IM-0001262,2026-01-31 17:51:00,P01,PRD-056,PRD-056,FG_RECEIPT,3749,EA,WIP-01,WMS
IM-0001263,2025-11-27 01:21:00,P03,MAT-032,PRD-005,RM_RECEIPT,2912,EA,FG-01,WMS
IM-0001264,2026-07-26 14:40:00,P02,MAT-010,PRD-037,RM_RECEIPT,745,EA,RM-B,WMS
IM-0001265,2026-06-23 00:09:00,P01,MAT-030,PRD-009,RM_ISSUE,-777,EA,FG-02,WMS
IM-0001266,2025-09-21 10:46:00,P01,PRD-065,PRD-065,ADJUSTMENT,846,EA,RM-B,WMS
IM-0001267,2026-07-24 08:41:00,P01,MAT-030,PRD-041,RM_RECEIPT,1542,EA,RM-B,WMS
IM-0001268,2026-06-04 08:29:00,P03,MAT-005,PRD-021,RM_RECEIPT,469,EA,FG-01,WMS
IM-0001269,2025-10-06 12:32:00,P02,MAT-005,PRD-024,RM_ISSUE,-3014,EA,WIP-01,WMS
IM-0001270,2026-05-07 09:29:00,P03,PRD-080,PRD-080,FG_SHIP,-2985,EA,RM-A,WMS
IM-0001271,2025-10-16 18:12:00,P03,MAT-030,PRD-012,RM_RECEIPT,591,EA,RM-B,WMS
IM-0001272,2025-11-21 07:30:00,P03,PRD-029,PRD-029,FG_RECEIPT,2421,EA,FG-01,WMS
IM-0001273,2025-10-22 14:28:00,P03,MAT-016,PRD-029,RM_RECEIPT,448,EA,FG-02,WMS
IM-0001274,2025-10-18 03:04:00,P01,PRD-053,PRD-053,FG_RECEIPT,1691,EA,FG-02,WMS
IM-0001275,2026-07-27 16:00:00,P02,MAT-010,PRD-037,RM_RECEIPT,4819,EA,WIP-01,WMS
IM-0001276,2025-11-29 18:16:00,P03,PRD-030,PRD-030,FG_RECEIPT,1704,EA,RM-B,WMS
IM-0001277,2025-12-29 07:09:00,P03,PRD-002,PRD-002,FG_RECEIPT,3647,EA,RM-B,WMS
IM-0001278,2025-12-04 23:14:00,P03,MAT-024,PRD-013,RM_ISSUE,-10876,EA,WIP-01,WMS
IM-0001279,2026-04-02 09:10:00,P01,MAT-024,PRD-003,RM_ISSUE,-902,EA,RM-B,WMS
IM-0001280,2026-07-12 21:18:00,P01,PRD-061,PRD-061,FG_SHIP,-9952,EA,RM-B,WMS
IM-0001281,2025-10-20 19:18:00,P01,MAT-030,PRD-064,RM_ISSUE,-3640,EA,RM-B,WMS
IM-0001282,2026-07-27 00:55:00,P02,MAT-025,PRD-035,RM_RECEIPT,3796,EA,WIP-01,WMS
IM-0001283,2025-11-09 19:44:00,P02,PRD-045,PRD-045,FG_SHIP,-787,EA,FG-02,WMS
IM-0001284,2026-02-09 10:22:00,P03,PRD-003,PRD-003,FG_SHIP,-1894,EA,WIP-01,WMS
IM-0001285,2026-02-15 11:50:00,P03,MAT-001,PRD-056,RM_ISSUE,-734,EA,RM-A,WMS
IM-0001286,2026-04-20 13:11:00,P02,PRD-043,PRD-043,FG_SHIP,-447,EA,WIP-01,WMS
IM-0001287,2025-09-08 17:31:00,P02,PRD-059,PRD-059,FG_SHIP,-3514,EA,RM-B,WMS
IM-0001288,2026-06-23 15:02:00,P03,MAT-035,PRD-053,RM_RECEIPT,537,EA,RM-B,WMS
IM-0001289,2025-12-06 15:10:00,P02,PRD-021,PRD-021,FG_SHIP,-5449,EA,FG-01,WMS
IM-0001290,2026-02-23 09:53:00,P03,PRD-010,PRD-010,FG_RECEIPT,1014,EA,RM-A,WMS
IM-0001291,2026-04-23 07:42:00,P01,MAT-017,PRD-079,RM_RECEIPT,6920,EA,FG-02,WMS
IM-0001292,2026-01-31 17:09:00,P02,PRD-007,PRD-007,FG_SHIP,-4640,EA,RM-B,WMS
IM-0001293,2026-03-18 23:35:00,P02,MAT-035,PRD-053,RM_RECEIPT,4692,EA,RM-A,WMS
IM-0001294,2025-12-15 16:05:00,P02,MAT-022,PRD-042,RM_RECEIPT,962,EA,RM-A,WMS
IM-0001295,2026-07-23 03:43:00,P02,MAT-030,PRD-009,RM_RECEIPT,2149,EA,WIP-01,WMS
IM-0001296,2026-01-17 10:57:00,P02,MAT-032,PRD-015,RM_RECEIPT,2879,EA,RM-A,WMS
IM-0001297,2026-04-29 13:33:00,P01,MAT-015,PRD-025,RM_RECEIPT,1139,EA,RM-B,WMS
IM-0001298,2026-06-23 02:53:00,P03,MAT-015,PRD-025,RM_ISSUE,-3614,EA,RM-B,WMS
IM-0001299,2026-03-11 20:38:00,P01,PRD-027,PRD-027,FG_RECEIPT,711,EA,RM-A,WMS
IM-0001300,2025-09-27 23:43:00,P02,MAT-037,PRD-051,RM_RECEIPT,1857,EA,FG-01,WMS
IM-0001301,2025-09-13 23:28:00,P01,MAT-018,PRD-026,RM_RECEIPT,10942,EA,FG-01,WMS
IM-0001302,2025-10-26 19:51:00,P03,PRD-016,PRD-016,ADJUSTMENT,2480,EA,FG-02,WMS
IM-0001303,2025-12-13 04:17:00,P01,MAT-018,PRD-078,RM_ISSUE,-1762,EA,FG-02,WMS
IM-0001304,2025-08-27 09:07:00,P01,MAT-024,PRD-013,RM_RECEIPT,1176,EA,FG-02,WMS
IM-0001305,2025-09-14 17:09:00,P01,MAT-022,PRD-042,RM_RECEIPT,3241,EA,RM-B,WMS
IM-0001306,2025-12-17 07:44:00,P02,MAT-010,PRD-037,RM_ISSUE,-1239,EA,FG-02,WMS
IM-0001307,2026-07-30 10:04:00,P01,MAT-007,PRD-055,RM_RECEIPT,1325,EA,FG-01,WMS
IM-0001308,2026-03-25 03:23:00,P02,PRD-044,PRD-044,FG_SHIP,-2309,EA,FG-02,WMS
IM-0001309,2025-11-25 17:38:00,P02,MAT-031,PRD-043,RM_ISSUE,-1406,EA,RM-A,WMS
IM-0001310,2026-03-17 22:44:00,P03,PRD-048,PRD-048,FG_SHIP,-780,EA,FG-01,WMS
IM-0001311,2026-07-16 14:40:00,P03,MAT-010,PRD-063,RM_RECEIPT,1347,EA,WIP-01,WMS
IM-0001312,2025-08-15 04:03:00,P02,PRD-007,PRD-007,FG_SHIP,-1488,EA,WIP-01,WMS
IM-0001313,2026-06-09 00:47:00,P01,MAT-035,PRD-053,RM_RECEIPT,4043,EA,RM-B,WMS
IM-0001314,2025-11-24 10:34:00,P01,MAT-019,PRD-004,RM_ISSUE,-4334,EA,WIP-01,WMS
IM-0001315,2026-07-11 11:00:00,P01,PRD-018,PRD-018,FG_RECEIPT,7273,EA,WIP-01,WMS
IM-0001316,2025-08-08 22:22:00,P03,MAT-018,PRD-026,RM_ISSUE,-1359,EA,FG-01,WMS
IM-0001317,2026-02-24 01:44:00,P03,PRD-060,PRD-060,FG_SHIP,-713,EA,FG-02,WMS
IM-0001318,2026-07-09 01:05:00,P03,PRD-011,PRD-011,FG_SHIP,-1023,EA,WIP-01,WMS
IM-0001319,2025-09-27 01:26:00,P02,MAT-031,PRD-008,RM_ISSUE,-3525,EA,WIP-01,WMS
IM-0001320,2025-11-21 14:42:00,P02,PRD-024,PRD-024,FG_SHIP,-2358,EA,RM-A,WMS
IM-0001321,2026-06-21 04:29:00,P02,PRD-024,PRD-024,ADJUSTMENT,2384,EA,WIP-01,WMS
IM-0001322,2025-09-11 14:46:00,P02,MAT-001,PRD-056,RM_ISSUE,-1618,EA,FG-01,WMS
IM-0001323,2026-05-17 07:34:00,P03,PRD-054,PRD-054,FG_RECEIPT,901,EA,FG-02,WMS
IM-0001324,2026-06-06 20:26:00,P03,MAT-025,PRD-035,RM_ISSUE,-1888,EA,RM-A,WMS
IM-0001325,2026-05-24 17:14:00,P02,MAT-037,PRD-080,RM_RECEIPT,3395,EA,FG-01,WMS
IM-0001326,2026-05-26 03:53:00,P02,MAT-001,PRD-074,RM_RECEIPT,2623,EA,FG-02,WMS
IM-0001327,2026-07-10 02:25:00,P01,PRD-047,PRD-047,FG_SHIP,-2851,EA,FG-02,WMS
IM-0001328,2026-06-08 12:18:00,P03,PRD-055,PRD-055,FG_RECEIPT,1226,EA,WIP-01,WMS
IM-0001329,2025-11-05 10:22:00,P02,PRD-040,PRD-040,FG_SHIP,-2077,EA,FG-02,WMS
IM-0001330,2026-05-24 19:52:00,P02,PRD-041,PRD-041,FG_SHIP,-3112,EA,RM-A,WMS
IM-0001331,2026-03-19 19:47:00,P01,PRD-055,PRD-055,FG_SHIP,-5006,EA,FG-01,WMS
IM-0001332,2026-06-24 14:33:00,P02,MAT-018,PRD-067,RM_ISSUE,-6883,EA,FG-02,WMS
IM-0001333,2026-06-10 01:26:00,P02,PRD-029,PRD-029,FG_RECEIPT,4776,EA,RM-B,WMS
IM-0001334,2026-01-19 20:34:00,P03,MAT-018,PRD-030,RM_RECEIPT,764,EA,RM-A,WMS
IM-0001335,2026-02-07 18:47:00,P03,MAT-030,PRD-041,RM_ISSUE,-1803,EA,RM-B,WMS
IM-0001336,2025-08-25 16:59:00,P01,PRD-003,PRD-003,FG_SHIP,-1940,EA,RM-A,WMS
IM-0001337,2026-01-19 11:58:00,P01,PRD-019,PRD-019,FG_RECEIPT,2548,EA,FG-02,WMS
IM-0001338,2026-07-12 01:25:00,P03,MAT-027,PRD-072,RM_RECEIPT,2067,EA,FG-02,WMS
IM-0001339,2026-01-12 03:14:00,P01,MAT-005,PRD-033,RM_RECEIPT,684,EA,RM-B,WMS
IM-0001340,2026-06-28 16:23:00,P02,MAT-022,PRD-073,RM_ISSUE,-1669,EA,RM-A,WMS
IM-0001341,2026-01-29 00:21:00,P01,MAT-031,PRD-052,RM_ISSUE,-3171,EA,FG-02,WMS
IM-0001342,2026-06-05 21:48:00,P02,MAT-005,PRD-033,RM_ISSUE,-1218,EA,WIP-01,WMS
IM-0001343,2025-12-26 04:41:00,P02,PRD-013,PRD-013,FG_RECEIPT,357,EA,RM-B,WMS
IM-0001344,2026-01-30 14:55:00,P01,PRD-072,PRD-072,FG_RECEIPT,4035,EA,FG-01,WMS
IM-0001345,2026-05-26 01:31:00,P01,PRD-055,PRD-055,FG_SHIP,-1642,EA,RM-B,WMS
IM-0001346,2025-08-05 13:28:00,P01,PRD-034,PRD-034,FG_RECEIPT,1004,EA,FG-02,WMS
IM-0001347,2026-06-29 21:05:00,P01,MAT-032,PRD-005,RM_RECEIPT,1869,EA,FG-01,WMS
IM-0001348,2026-06-08 15:46:00,P03,PRD-061,PRD-061,FG_SHIP,-5421,EA,FG-01,WMS
IM-0001349,2026-05-21 21:13:00,P01,PRD-062,PRD-062,FG_SHIP,-1967,EA,FG-02,WMS
IM-0001350,2026-06-05 19:51:00,P03,MAT-003,PRD-049,RM_RECEIPT,2403,EA,RM-B,WMS
IM-0001351,2026-03-10 17:40:00,P02,MAT-036,PRD-020,RM_RECEIPT,7935,EA,RM-A,WMS
IM-0001352,2026-03-14 20:46:00,P01,MAT-004,PRD-048,RM_RECEIPT,4681,EA,RM-B,WMS
IM-0001353,2026-05-14 17:51:00,P01,PRD-015,PRD-015,ADJUSTMENT,6990,EA,RM-B,WMS
IM-0001354,2026-04-20 03:08:00,P01,PRD-050,PRD-050,FG_SHIP,-851,EA,WIP-01,WMS
IM-0001355,2025-09-09 12:24:00,P02,PRD-023,PRD-023,FG_SHIP,-4560,EA,WIP-01,WMS
IM-0001356,2026-04-11 18:58:00,P03,MAT-032,PRD-005,RM_RECEIPT,1263,EA,FG-02,WMS
IM-0001357,2026-06-04 01:29:00,P01,PRD-040,PRD-040,FG_RECEIPT,1152,EA,FG-02,WMS
IM-0001358,2026-04-27 08:15:00,P02,MAT-033,PRD-044,RM_RECEIPT,2687,EA,FG-02,WMS
IM-0001359,2026-05-29 05:44:00,P01,MAT-018,PRD-030,RM_ISSUE,-1537,EA,WIP-01,WMS
IM-0001360,2026-04-15 01:09:00,P03,PRD-002,PRD-002,FG_SHIP,-2556,EA,FG-01,WMS
IM-0001361,2026-01-26 16:02:00,P02,MAT-004,PRD-048,RM_ISSUE,-13980,EA,WIP-01,WMS
IM-0001362,2026-05-31 12:39:00,P02,PRD-007,PRD-007,FG_RECEIPT,2706,EA,FG-02,WMS
IM-0001363,2025-10-18 22:54:00,P03,PRD-057,PRD-057,ADJUSTMENT,2641,EA,FG-02,WMS
IM-0001364,2025-08-31 04:21:00,P03,MAT-026,PRD-046,RM_ISSUE,-4267,EA,FG-02,WMS
IM-0001365,2026-03-28 14:27:00,P01,PRD-017,PRD-017,FG_RECEIPT,3997,EA,FG-02,WMS
IM-0001366,2026-02-03 01:14:00,P02,PRD-075,PRD-075,FG_RECEIPT,3419,EA,WIP-01,WMS
IM-0001367,2025-12-28 10:10:00,P03,PRD-064,PRD-064,FG_RECEIPT,721,EA,FG-01,WMS
IM-0001368,2025-12-17 03:08:00,P03,PRD-073,PRD-073,FG_RECEIPT,7499,EA,FG-01,WMS
IM-0001369,2026-07-18 14:32:00,P01,PRD-011,PRD-011,FG_SHIP,-3227,EA,RM-A,WMS
IM-0001370,2025-12-03 19:43:00,P01,PRD-056,PRD-056,FG_SHIP,-2572,EA,FG-01,WMS
IM-0001371,2025-08-06 18:38:00,P01,MAT-024,PRD-013,RM_RECEIPT,10268,EA,WIP-01,WMS
IM-0001372,2026-06-29 07:18:00,P01,PRD-034,PRD-034,FG_SHIP,-720,EA,RM-B,WMS
IM-0001373,2026-04-19 08:09:00,P02,MAT-026,PRD-046,RM_RECEIPT,604,EA,RM-B,WMS
IM-0001374,2025-09-11 04:15:00,P03,MAT-015,PRD-034,RM_ISSUE,-5023,EA,RM-A,WMS
IM-0001375,2025-09-04 08:17:00,P03,MAT-022,PRD-042,RM_ISSUE,-1332,EA,RM-B,WMS
IM-0001376,2026-02-11 05:01:00,P02,PRD-060,PRD-060,FG_SHIP,-430,EA,WIP-01,WMS
IM-0001377,2025-12-10 06:50:00,P03,MAT-031,PRD-052,RM_RECEIPT,2199,EA,FG-01,WMS
IM-0001378,2026-04-11 02:35:00,P02,PRD-027,PRD-027,FG_SHIP,-2621,EA,FG-01,WMS
IM-0001379,2025-10-05 09:16:00,P01,MAT-030,PRD-064,RM_RECEIPT,3480,EA,RM-B,WMS
IM-0001380,2025-09-30 17:27:00,P01,MAT-012,PRD-006,RM_RECEIPT,1136,EA,WIP-01,WMS
IM-0001381,2025-12-28 12:03:00,P03,MAT-024,PRD-003,RM_RECEIPT,1014,EA,WIP-01,WMS
IM-0001382,2025-12-02 16:27:00,P03,MAT-002,PRD-069,RM_RECEIPT,3890,EA,FG-01,WMS
IM-0001383,2026-03-21 17:00:00,P02,PRD-002,PRD-002,FG_RECEIPT,2916,EA,FG-02,WMS
IM-0001384,2025-08-08 08:34:00,P01,PRD-079,PRD-079,FG_RECEIPT,1376,EA,RM-A,WMS
IM-0001385,2026-06-11 19:43:00,P01,MAT-001,PRD-074,RM_ISSUE,-2257,EA,RM-B,WMS
IM-0001386,2026-05-05 02:37:00,P03,PRD-042,PRD-042,ADJUSTMENT,4218,EA,WIP-01,WMS
IM-0001387,2025-12-27 07:22:00,P03,PRD-055,PRD-055,FG_RECEIPT,6821,EA,FG-01,WMS
IM-0001388,2026-01-15 16:58:00,P02,MAT-027,PRD-061,RM_RECEIPT,1107,EA,RM-A,WMS
IM-0001389,2026-07-16 22:30:00,P02,PRD-037,PRD-037,FG_RECEIPT,3103,EA,WIP-01,WMS
IM-0001390,2025-12-04 16:14:00,P03,MAT-005,PRD-058,RM_ISSUE,-4399,EA,RM-B,WMS
IM-0001391,2025-12-23 07:21:00,P01,MAT-029,PRD-045,RM_RECEIPT,458,EA,FG-02,WMS
IM-0001392,2025-10-19 21:56:00,P01,MAT-032,PRD-005,RM_RECEIPT,1934,EA,FG-01,WMS
IM-0001393,2026-01-25 17:40:00,P03,MAT-014,PRD-070,RM_ISSUE,-2549,EA,RM-A,WMS
IM-0001394,2025-08-10 03:39:00,P03,MAT-026,PRD-028,RM_RECEIPT,5015,EA,FG-01,WMS
IM-0001395,2026-04-23 11:32:00,P01,MAT-036,PRD-020,RM_RECEIPT,2077,EA,RM-A,WMS
IM-0001396,2026-01-29 20:55:00,P02,PRD-028,PRD-028,FG_SHIP,-2040,EA,RM-B,WMS
IM-0001397,2025-11-23 20:05:00,P03,MAT-008,PRD-036,RM_RECEIPT,797,EA,FG-01,WMS
IM-0001398,2026-04-18 14:14:00,P03,PRD-009,PRD-009,FG_RECEIPT,682,EA,RM-A,WMS
IM-0001399,2025-12-21 21:52:00,P02,MAT-023,PRD-007,RM_ISSUE,-662,EA,FG-02,WMS
IM-0001400,2026-01-12 07:35:00,P01,MAT-037,PRD-080,RM_RECEIPT,530,EA,FG-02,WMS
IM-0001401,2026-04-17 05:25:00,P01,MAT-014,PRD-068,RM_RECEIPT,803,EA,RM-A,WMS
IM-0001402,2025-12-10 00:21:00,P02,MAT-001,PRD-039,RM_RECEIPT,2840,EA,FG-01,WMS
IM-0001403,2026-05-31 17:43:00,P01,PRD-051,PRD-051,FG_RECEIPT,1327,EA,RM-A,WMS
IM-0001404,2026-04-09 02:26:00,P03,PRD-054,PRD-054,FG_RECEIPT,3553,EA,FG-02,WMS
IM-0001405,2026-03-23 15:43:00,P02,PRD-038,PRD-038,FG_RECEIPT,954,EA,RM-A,WMS
IM-0001406,2025-11-18 23:16:00,P03,PRD-048,PRD-048,FG_SHIP,-3050,EA,FG-01,WMS
IM-0001407,2026-01-14 09:46:00,P02,MAT-001,PRD-056,RM_RECEIPT,8945,EA,RM-A,WMS
IM-0001408,2025-08-04 23:08:00,P03,MAT-029,PRD-031,RM_ISSUE,-787,EA,RM-A,WMS
IM-0001409,2026-06-02 06:29:00,P03,MAT-032,PRD-005,RM_RECEIPT,3009,EA,RM-B,WMS
IM-0001410,2025-12-16 08:34:00,P03,MAT-037,PRD-080,RM_RECEIPT,3337,EA,RM-A,WMS
IM-0001411,2025-09-25 11:50:00,P02,PRD-025,PRD-025,FG_SHIP,-2997,EA,RM-A,WMS
IM-0001412,2026-06-15 17:22:00,P03,MAT-005,PRD-021,RM_ISSUE,-3371,EA,FG-01,WMS
IM-0001413,2026-03-15 03:36:00,P01,PRD-040,PRD-040,ADJUSTMENT,1865,EA,RM-A,WMS
IM-0001414,2026-07-17 06:16:00,P03,MAT-033,PRD-076,RM_RECEIPT,1854,EA,RM-A,WMS
IM-0001415,2025-10-14 18:22:00,P02,MAT-010,PRD-063,RM_RECEIPT,7627,EA,RM-B,WMS
IM-0001416,2026-03-31 23:59:00,P01,MAT-030,PRD-060,RM_RECEIPT,1560,EA,FG-01,WMS
IM-0001417,2025-09-24 13:42:00,P03,MAT-027,PRD-061,RM_ISSUE,-6393,EA,FG-01,WMS
IM-0001418,2025-08-25 10:41:00,P03,PRD-059,PRD-059,FG_RECEIPT,1208,EA,FG-02,WMS
IM-0001419,2026-01-27 08:16:00,P03,MAT-014,PRD-070,RM_ISSUE,-789,EA,RM-B,WMS
IM-0001420,2026-05-15 23:00:00,P01,PRD-054,PRD-054,ADJUSTMENT,6057,EA,WIP-01,WMS
IM-0001421,2026-04-29 11:08:00,P02,PRD-005,PRD-005,FG_RECEIPT,3118,EA,RM-B,WMS
IM-0001422,2026-07-16 03:31:00,P03,PRD-024,PRD-024,FG_RECEIPT,3630,EA,FG-01,WMS
IM-0001423,2025-11-25 18:24:00,P02,PRD-075,PRD-075,FG_RECEIPT,3659,EA,WIP-01,WMS
IM-0001424,2026-01-14 12:43:00,P03,MAT-026,PRD-057,RM_ISSUE,-892,EA,FG-01,WMS
IM-0001425,2026-06-16 05:12:00,P03,MAT-030,PRD-062,RM_ISSUE,-1369,EA,FG-01,WMS
IM-0001426,2025-08-17 23:16:00,P03,PRD-053,PRD-053,ADJUSTMENT,3062,EA,FG-01,WMS
IM-0001427,2026-04-11 08:42:00,P02,PRD-050,PRD-050,FG_RECEIPT,1931,EA,WIP-01,WMS
IM-0001428,2026-06-05 09:43:00,P01,PRD-066,PRD-066,FG_RECEIPT,2215,EA,RM-A,WMS
IM-0001429,2026-07-13 06:05:00,P03,MAT-001,PRD-056,RM_ISSUE,-6230,EA,FG-01,WMS
IM-0001430,2026-02-27 02:46:00,P01,MAT-032,PRD-038,RM_ISSUE,-769,EA,FG-01,WMS
IM-0001431,2025-12-09 00:49:00,P03,PRD-078,PRD-078,FG_SHIP,-390,EA,FG-01,WMS
IM-0001432,2026-05-07 17:07:00,P01,MAT-005,PRD-033,RM_RECEIPT,3280,EA,FG-02,WMS
IM-0001433,2025-08-03 00:54:00,P03,PRD-021,PRD-021,FG_RECEIPT,217,EA,WIP-01,WMS
IM-0001434,2025-12-24 21:27:00,P02,PRD-045,PRD-045,FG_SHIP,-1681,EA,RM-B,WMS
IM-0001435,2026-05-27 04:35:00,P01,PRD-018,PRD-018,FG_RECEIPT,1697,EA,RM-A,WMS
IM-0001436,2026-04-03 22:47:00,P03,MAT-025,PRD-035,RM_RECEIPT,4029,EA,RM-B,WMS
IM-0001437,2025-09-15 12:11:00,P03,PRD-072,PRD-072,FG_SHIP,-2592,EA,FG-01,WMS
IM-0001438,2026-06-10 14:59:00,P01,PRD-076,PRD-076,FG_SHIP,-1505,EA,RM-A,WMS
IM-0001439,2026-01-15 08:03:00,P02,MAT-015,PRD-034,RM_ISSUE,-4237,EA,RM-A,WMS
IM-0001440,2025-11-08 05:34:00,P02,PRD-050,PRD-050,FG_SHIP,-5585,EA,RM-A,WMS
IM-0001441,2026-01-29 02:23:00,P03,MAT-004,PRD-048,RM_RECEIPT,3793,EA,FG-01,WMS
IM-0001442,2026-03-12 08:40:00,P03,MAT-019,PRD-071,RM_ISSUE,-6963,EA,FG-01,WMS
IM-0001443,2025-10-20 12:56:00,P03,PRD-056,PRD-056,FG_SHIP,-1236,EA,RM-A,WMS
IM-0001444,2025-10-03 13:59:00,P03,MAT-026,PRD-028,RM_RECEIPT,2185,EA,RM-A,WMS
IM-0001445,2025-12-02 13:19:00,P01,PRD-014,PRD-014,FG_RECEIPT,2176,EA,FG-02,WMS
IM-0001446,2025-09-05 20:36:00,P02,PRD-027,PRD-027,FG_RECEIPT,4476,EA,FG-01,WMS
IM-0001447,2025-08-14 19:54:00,P03,PRD-070,PRD-070,FG_RECEIPT,693,EA,WIP-01,WMS
IM-0001448,2026-07-06 00:13:00,P03,PRD-014,PRD-014,FG_RECEIPT,7056,EA,RM-A,WMS
IM-0001449,2025-09-09 20:04:00,P01,PRD-003,PRD-003,FG_RECEIPT,1202,EA,WIP-01,WMS
IM-0001450,2025-09-27 11:59:00,P01,PRD-065,PRD-065,FG_RECEIPT,2627,EA,WIP-01,WMS
IM-0001451,2026-03-12 20:24:00,P03,MAT-035,PRD-066,RM_RECEIPT,1887,EA,RM-B,WMS
IM-0001452,2025-11-14 18:00:00,P01,PRD-063,PRD-063,FG_RECEIPT,1714,EA,WIP-01,WMS
IM-0001453,2026-06-28 11:15:00,P02,MAT-018,PRD-050,RM_ISSUE,-871,EA,FG-02,WMS
IM-0001454,2026-05-24 18:54:00,P02,PRD-061,PRD-061,FG_RECEIPT,704,EA,FG-02,WMS
IM-0001455,2026-07-13 07:29:00,P02,PRD-045,PRD-045,FG_SHIP,-2147,EA,RM-A,WMS
IM-0001456,2026-03-17 19:20:00,P03,PRD-037,PRD-037,FG_SHIP,-1877,EA,FG-02,WMS
IM-0001457,2026-04-10 07:19:00,P03,PRD-018,PRD-018,FG_SHIP,-1545,EA,RM-A,WMS
IM-0001458,2025-12-26 15:25:00,P03,PRD-032,PRD-032,FG_RECEIPT,4932,EA,WIP-01,WMS
IM-0001459,2025-10-26 09:28:00,P02,MAT-014,PRD-068,RM_ISSUE,-2815,EA,RM-B,WMS
IM-0001460,2026-01-15 18:38:00,P01,MAT-030,PRD-060,RM_RECEIPT,1578,EA,RM-A,WMS
IM-0001461,2026-01-09 12:05:00,P02,MAT-008,PRD-065,RM_RECEIPT,4615,EA,FG-02,WMS
IM-0001462,2025-08-31 16:03:00,P02,MAT-030,PRD-064,RM_RECEIPT,828,EA,FG-02,WMS
IM-0001463,2025-08-07 11:59:00,P01,MAT-030,PRD-012,RM_ISSUE,-678,EA,FG-01,WMS
IM-0001464,2026-01-01 04:15:00,P02,MAT-037,PRD-080,RM_ISSUE,-4156,EA,FG-01,WMS
IM-0001465,2025-08-30 06:05:00,P01,MAT-003,PRD-049,RM_RECEIPT,1880,EA,WIP-01,WMS
IM-0001466,2025-10-01 15:28:00,P02,MAT-035,PRD-066,RM_RECEIPT,3535,EA,FG-01,WMS
IM-0001467,2025-09-07 15:49:00,P02,MAT-026,PRD-057,RM_RECEIPT,4923,EA,FG-01,WMS
IM-0001468,2025-09-21 15:38:00,P01,PRD-066,PRD-066,FG_RECEIPT,1786,EA,WIP-01,WMS
IM-0001469,2025-11-12 01:21:00,P02,PRD-061,PRD-061,FG_SHIP,-453,EA,WIP-01,WMS
IM-0001470,2025-10-10 07:40:00,P02,PRD-077,PRD-077,FG_RECEIPT,4674,EA,RM-A,WMS
IM-0001471,2026-02-19 05:27:00,P01,MAT-032,PRD-005,RM_ISSUE,-2249,EA,FG-02,WMS
IM-0001472,2026-06-24 02:21:00,P01,MAT-033,PRD-076,RM_ISSUE,-9554,EA,FG-01,WMS
IM-0001473,2026-07-05 16:08:00,P02,MAT-010,PRD-027,RM_ISSUE,-3626,EA,RM-A,WMS
IM-0001474,2026-03-29 13:44:00,P03,MAT-037,PRD-080,RM_ISSUE,-1107,EA,RM-A,WMS
IM-0001475,2026-06-12 23:07:00,P01,MAT-005,PRD-058,RM_ISSUE,-900,EA,WIP-01,WMS
IM-0001476,2025-10-23 15:14:00,P02,PRD-015,PRD-015,FG_RECEIPT,1870,EA,WIP-01,WMS
IM-0001477,2025-08-29 19:39:00,P02,PRD-076,PRD-076,FG_RECEIPT,3161,EA,FG-01,WMS
IM-0001478,2026-07-06 04:11:00,P03,PRD-046,PRD-046,FG_SHIP,-7849,EA,RM-A,WMS
IM-0001479,2026-04-03 14:23:00,P01,MAT-002,PRD-069,RM_RECEIPT,1673,EA,RM-A,WMS
IM-0001480,2026-05-07 00:56:00,P03,MAT-026,PRD-057,RM_ISSUE,-3398,EA,RM-A,WMS
IM-0001481,2026-07-05 20:45:00,P03,MAT-023,PRD-007,RM_ISSUE,-6653,EA,RM-A,WMS
IM-0001482,2025-08-02 22:27:00,P03,PRD-068,PRD-068,FG_SHIP,-11957,EA,RM-A,WMS
IM-0001483,2025-10-20 18:40:00,P03,PRD-060,PRD-060,FG_RECEIPT,3788,EA,FG-01,WMS
IM-0001484,2026-01-09 11:01:00,P03,MAT-026,PRD-059,RM_ISSUE,-859,EA,FG-01,WMS
IM-0001485,2025-08-14 04:33:00,P03,PRD-062,PRD-062,FG_SHIP,-2620,EA,FG-02,WMS
IM-0001486,2026-05-07 10:39:00,P03,MAT-018,PRD-067,RM_RECEIPT,10314,EA,FG-01,WMS
IM-0001487,2025-09-18 16:31:00,P01,PRD-022,PRD-022,FG_RECEIPT,1837,EA,RM-B,WMS
IM-0001488,2025-10-26 04:21:00,P03,MAT-029,PRD-031,RM_RECEIPT,3090,EA,FG-01,WMS
IM-0001489,2025-11-22 12:36:00,P03,PRD-033,PRD-033,FG_SHIP,-693,EA,FG-02,WMS
IM-0001490,2025-10-22 20:20:00,P02,PRD-049,PRD-049,FG_RECEIPT,1144,EA,WIP-01,WMS
IM-0001491,2026-04-13 08:26:00,P02,PRD-079,PRD-079,FG_SHIP,-3731,EA,RM-A,WMS
IM-0001492,2025-11-08 00:20:00,P01,MAT-035,PRD-066,RM_RECEIPT,2132,EA,FG-01,WMS
IM-0001493,2026-07-01 08:30:00,P01,MAT-016,PRD-029,RM_RECEIPT,4719,EA,FG-01,WMS
IM-0001494,2026-05-25 16:38:00,P02,MAT-030,PRD-041,RM_RECEIPT,2266,EA,RM-A,WMS
IM-0001495,2025-09-25 13:41:00,P01,PRD-016,PRD-016,FG_RECEIPT,666,EA,WIP-01,WMS
IM-0001496,2026-04-13 07:31:00,P01,MAT-003,PRD-049,RM_RECEIPT,2032,EA,FG-01,WMS
IM-0001497,2026-02-17 00:44:00,P01,MAT-006,PRD-001,RM_ISSUE,-5793,EA,FG-01,WMS
IM-0001498,2025-10-18 22:24:00,P02,MAT-027,PRD-072,RM_RECEIPT,1915,EA,RM-A,WMS
IM-0001499,2025-09-12 20:06:00,P02,PRD-057,PRD-057,FG_RECEIPT,357,EA,FG-02,WMS
IM-0001500,2025-08-17 01:30:00,P02,MAT-003,PRD-049,RM_ISSUE,-1866,EA,RM-A,WMS
IM-0001501,2026-07-01 09:14:00,P01,PRD-055,PRD-055,FG_RECEIPT,3512,EA,FG-01,WMS
IM-0001502,2026-07-03 23:13:00,P01,PRD-055,PRD-055,FG_SHIP,-4464,EA,RM-A,WMS
IM-0001503,2026-05-27 11:08:00,P03,PRD-002,PRD-002,FG_SHIP,-4330,EA,FG-01,WMS
IM-0001504,2026-02-08 14:16:00,P03,MAT-022,PRD-073,RM_ISSUE,-2948,EA,RM-B,WMS
IM-0001505,2026-02-09 20:44:00,P03,PRD-017,PRD-017,FG_SHIP,-5033,EA,FG-01,WMS
IM-0001506,2026-03-31 11:22:00,P01,PRD-079,PRD-079,FG_SHIP,-6000,EA,FG-01,WMS
IM-0001507,2026-02-21 17:26:00,P02,PRD-074,PRD-074,FG_RECEIPT,3727,EA,FG-02,WMS
IM-0001508,2025-09-30 10:51:00,P03,PRD-070,PRD-070,FG_RECEIPT,1888,EA,FG-02,WMS
IM-0001509,2025-10-19 00:44:00,P02,PRD-001,PRD-001,FG_SHIP,-5258,EA,FG-01,WMS
IM-0001510,2025-08-06 06:07:00,P03,PRD-078,PRD-078,FG_RECEIPT,7009,EA,FG-02,WMS
IM-0001511,2025-12-06 18:37:00,P01,MAT-018,PRD-078,RM_ISSUE,-3136,EA,FG-02,WMS
IM-0001512,2026-03-04 12:56:00,P03,MAT-019,PRD-071,RM_ISSUE,-10483,EA,WIP-01,WMS
IM-0001513,2025-09-07 00:56:00,P02,PRD-047,PRD-047,ADJUSTMENT,1433,EA,RM-B,WMS
IM-0001514,2025-11-12 23:18:00,P01,MAT-022,PRD-073,RM_RECEIPT,6528,EA,FG-02,WMS
IM-0001515,2025-12-07 14:38:00,P01,MAT-031,PRD-043,RM_RECEIPT,1222,EA,RM-A,WMS
IM-0001516,2026-03-31 19:06:00,P02,PRD-008,PRD-008,ADJUSTMENT,12631,EA,RM-B,WMS
IM-0001517,2025-10-21 13:14:00,P03,MAT-035,PRD-053,RM_RECEIPT,2030,EA,WIP-01,WMS
IM-0001518,2026-03-09 03:30:00,P03,PRD-044,PRD-044,FG_SHIP,-5847,EA,RM-B,WMS
IM-0001519,2025-10-13 11:47:00,P03,PRD-078,PRD-078,FG_RECEIPT,3529,EA,RM-B,WMS
IM-0001520,2026-01-12 21:58:00,P01,PRD-030,PRD-030,FG_RECEIPT,660,EA,FG-01,WMS
IM-0001521,2026-03-21 19:23:00,P01,PRD-065,PRD-065,FG_RECEIPT,1959,EA,RM-B,WMS
IM-0001522,2025-09-29 04:32:00,P01,PRD-019,PRD-019,FG_SHIP,-618,EA,RM-B,WMS
IM-0001523,2026-05-15 06:27:00,P01,MAT-030,PRD-062,RM_RECEIPT,5867,EA,FG-02,WMS
IM-0001524,2025-10-25 14:48:00,P01,MAT-003,PRD-014,RM_ISSUE,-2112,EA,WIP-01,WMS
IM-0001525,2025-11-24 05:05:00,P03,MAT-037,PRD-018,RM_ISSUE,-998,EA,RM-A,WMS
IM-0001526,2026-04-07 05:56:00,P02,PRD-045,PRD-045,FG_RECEIPT,399,EA,FG-02,WMS
IM-0001527,2026-01-16 09:00:00,P02,PRD-053,PRD-053,FG_RECEIPT,6213,EA,RM-A,WMS
IM-0001528,2026-02-11 08:15:00,P03,MAT-026,PRD-028,RM_ISSUE,-3056,EA,FG-02,WMS
IM-0001529,2025-10-05 10:07:00,P01,MAT-008,PRD-036,RM_RECEIPT,2420,EA,RM-A,WMS
IM-0001530,2025-11-27 22:50:00,P02,MAT-035,PRD-016,RM_RECEIPT,2818,EA,WIP-01,WMS
IM-0001531,2026-03-30 12:18:00,P02,MAT-010,PRD-063,RM_RECEIPT,4506,EA,RM-B,WMS
IM-0001532,2025-11-12 12:23:00,P02,PRD-001,PRD-001,FG_RECEIPT,2515,EA,FG-02,WMS
IM-0001533,2026-02-18 15:14:00,P03,MAT-018,PRD-050,RM_ISSUE,-1015,EA,WIP-01,WMS
IM-0001534,2026-04-03 14:10:00,P03,PRD-034,PRD-034,FG_RECEIPT,4507,EA,RM-B,WMS
IM-0001535,2026-06-29 15:20:00,P01,MAT-026,PRD-046,RM_ISSUE,-2999,EA,FG-02,WMS
IM-0001536,2025-10-26 23:00:00,P03,MAT-030,PRD-062,RM_RECEIPT,582,EA,FG-01,WMS
IM-0001537,2026-05-18 20:53:00,P03,PRD-049,PRD-049,FG_SHIP,-1074,EA,RM-B,WMS
IM-0001538,2026-07-07 00:13:00,P02,PRD-072,PRD-072,FG_RECEIPT,6339,EA,FG-02,WMS
IM-0001539,2025-09-19 22:14:00,P02,MAT-018,PRD-067,RM_RECEIPT,1605,EA,WIP-01,WMS
IM-0001540,2025-10-24 10:05:00,P01,PRD-043,PRD-043,FG_SHIP,-1801,EA,WIP-01,WMS
IM-0001541,2026-02-12 22:43:00,P01,PRD-007,PRD-007,FG_RECEIPT,2786,EA,WIP-01,WMS
IM-0001542,2026-05-13 12:27:00,P01,MAT-033,PRD-022,RM_RECEIPT,553,EA,RM-B,WMS
IM-0001543,2025-08-21 15:00:00,P01,MAT-031,PRD-008,RM_ISSUE,-1119,EA,FG-01,WMS
IM-0001544,2025-10-24 02:33:00,P03,MAT-006,PRD-001,RM_ISSUE,-6035,EA,RM-A,WMS
IM-0001545,2026-06-29 06:29:00,P02,MAT-010,PRD-027,RM_ISSUE,-2775,EA,RM-B,WMS
IM-0001546,2025-08-14 03:25:00,P01,MAT-030,PRD-060,RM_ISSUE,-1675,EA,FG-01,WMS
IM-0001547,2025-11-17 00:15:00,P01,MAT-030,PRD-041,RM_ISSUE,-2192,EA,WIP-01,WMS
IM-0001548,2026-06-01 11:37:00,P01,MAT-032,PRD-005,RM_ISSUE,-855,EA,RM-A,WMS
IM-0001549,2026-01-14 22:05:00,P01,PRD-052,PRD-052,FG_SHIP,-2992,EA,FG-02,WMS
IM-0001550,2025-08-03 18:38:00,P02,MAT-014,PRD-070,RM_ISSUE,-1773,EA,WIP-01,WMS
IM-0001551,2025-10-23 14:28:00,P03,PRD-022,PRD-022,FG_SHIP,-6075,EA,FG-01,WMS
IM-0001552,2026-07-07 03:55:00,P03,PRD-011,PRD-011,FG_RECEIPT,516,EA,FG-01,WMS
IM-0001553,2026-06-06 18:05:00,P03,PRD-010,PRD-010,FG_SHIP,-8466,EA,RM-A,WMS
IM-0001554,2026-06-02 04:42:00,P01,PRD-042,PRD-042,FG_SHIP,-2722,EA,WIP-01,WMS
IM-0001555,2025-11-03 09:19:00,P02,PRD-015,PRD-015,FG_SHIP,-516,EA,FG-02,WMS
IM-0001556,2025-11-11 14:18:00,P03,MAT-022,PRD-073,RM_RECEIPT,2026,EA,RM-B,WMS
IM-0001557,2025-08-28 15:05:00,P01,PRD-061,PRD-061,FG_RECEIPT,1700,EA,RM-A,WMS
IM-0001558,2025-10-31 22:43:00,P01,PRD-013,PRD-013,FG_RECEIPT,448,EA,FG-01,WMS
IM-0001559,2025-08-29 16:03:00,P03,PRD-045,PRD-045,FG_SHIP,-2123,EA,RM-A,WMS
IM-0001560,2026-04-30 19:45:00,P01,MAT-022,PRD-042,RM_RECEIPT,1486,EA,FG-02,WMS
IM-0001561,2026-04-07 07:53:00,P02,MAT-026,PRD-046,RM_RECEIPT,1718,EA,FG-02,WMS
IM-0001562,2026-07-16 06:05:00,P03,PRD-066,PRD-066,FG_RECEIPT,5287,EA,FG-01,WMS
IM-0001563,2026-05-03 10:23:00,P03,MAT-010,PRD-037,RM_RECEIPT,1256,EA,WIP-01,WMS
IM-0001564,2025-10-31 09:17:00,P03,PRD-011,PRD-011,FG_SHIP,-2298,EA,WIP-01,WMS
IM-0001565,2026-02-03 03:34:00,P02,MAT-001,PRD-074,RM_RECEIPT,803,EA,FG-01,WMS
IM-0001566,2026-04-22 20:29:00,P01,PRD-049,PRD-049,FG_RECEIPT,1100,EA,FG-01,WMS
IM-0001567,2026-05-15 13:19:00,P03,MAT-016,PRD-029,RM_RECEIPT,14207,EA,FG-01,WMS
IM-0001568,2026-06-14 07:06:00,P02,MAT-004,PRD-032,RM_ISSUE,-1213,EA,WIP-01,WMS
IM-0001569,2026-04-04 10:10:00,P01,MAT-029,PRD-045,RM_ISSUE,-524,EA,WIP-01,WMS
IM-0001570,2025-10-18 08:18:00,P02,MAT-036,PRD-020,RM_ISSUE,-2118,EA,WIP-01,WMS
IM-0001571,2026-03-31 18:01:00,P01,PRD-055,PRD-055,FG_SHIP,-931,EA,RM-B,WMS
IM-0001572,2025-09-17 15:57:00,P03,MAT-004,PRD-032,RM_ISSUE,-483,EA,RM-B,WMS
IM-0001573,2026-04-09 10:54:00,P02,MAT-010,PRD-037,RM_RECEIPT,2165,EA,WIP-01,WMS
IM-0001574,2026-02-05 14:06:00,P02,PRD-061,PRD-061,FG_SHIP,-6575,EA,RM-B,WMS
IM-0001575,2025-12-13 04:37:00,P01,MAT-018,PRD-054,RM_ISSUE,-1087,EA,FG-02,WMS
IM-0001576,2025-11-22 15:28:00,P03,MAT-008,PRD-065,RM_ISSUE,-1432,EA,WIP-01,WMS
IM-0001577,2026-01-31 16:46:00,P01,MAT-030,PRD-012,RM_ISSUE,-1423,EA,FG-01,WMS
IM-0001578,2025-10-14 07:45:00,P01,MAT-024,PRD-013,RM_ISSUE,-9316,EA,FG-02,WMS
IM-0001579,2026-03-25 08:43:00,P01,PRD-044,PRD-044,FG_SHIP,-3473,EA,FG-01,WMS
IM-0001580,2026-05-30 11:22:00,P03,PRD-031,PRD-031,FG_RECEIPT,6352,EA,WIP-01,WMS
IM-0001581,2025-10-31 08:13:00,P01,PRD-060,PRD-060,FG_SHIP,-1323,EA,RM-B,WMS
IM-0001582,2026-05-22 06:41:00,P03,PRD-018,PRD-018,FG_RECEIPT,1188,EA,RM-A,WMS
IM-0001583,2025-08-20 21:55:00,P01,MAT-018,PRD-026,RM_RECEIPT,3810,EA,RM-B,WMS
IM-0001584,2026-01-01 03:41:00,P02,PRD-064,PRD-064,FG_SHIP,-1850,EA,RM-A,WMS
IM-0001585,2026-04-30 23:16:00,P03,MAT-016,PRD-029,RM_ISSUE,-13593,EA,RM-A,WMS
IM-0001586,2026-01-01 21:22:00,P02,MAT-010,PRD-027,RM_RECEIPT,890,EA,RM-B,WMS
IM-0001587,2025-12-19 06:36:00,P03,MAT-005,PRD-021,RM_ISSUE,-1100,EA,FG-01,WMS
IM-0001588,2026-05-28 04:27:00,P02,PRD-027,PRD-027,FG_RECEIPT,876,EA,WIP-01,WMS
IM-0001589,2025-12-22 12:22:00,P01,MAT-017,PRD-019,RM_RECEIPT,1244,EA,WIP-01,WMS
IM-0001590,2025-10-02 10:58:00,P01,MAT-005,PRD-033,RM_ISSUE,-4256,EA,WIP-01,WMS
IM-0001591,2026-06-18 05:36:00,P02,MAT-012,PRD-011,RM_ISSUE,-1503,EA,RM-B,WMS
IM-0001592,2025-12-05 01:12:00,P01,MAT-008,PRD-065,RM_RECEIPT,2113,EA,WIP-01,WMS
IM-0001593,2026-02-06 16:53:00,P03,MAT-027,PRD-072,RM_RECEIPT,4875,EA,RM-A,WMS
IM-0001594,2025-10-03 07:17:00,P02,PRD-007,PRD-007,FG_RECEIPT,1357,EA,FG-02,WMS
IM-0001595,2025-11-24 14:59:00,P01,MAT-022,PRD-042,RM_ISSUE,-2013,EA,FG-02,WMS
IM-0001596,2026-06-07 03:40:00,P02,PRD-064,PRD-064,FG_SHIP,-4626,EA,RM-B,WMS
IM-0001597,2026-03-14 17:19:00,P03,MAT-022,PRD-042,RM_ISSUE,-2657,EA,RM-A,WMS
IM-0001598,2026-03-15 15:44:00,P03,MAT-018,PRD-002,RM_ISSUE,-709,EA,WIP-01,WMS
IM-0001599,2025-12-29 21:52:00,P02,MAT-027,PRD-072,RM_RECEIPT,913,EA,FG-01,WMS
IM-0001600,2026-07-16 17:54:00,P02,MAT-032,PRD-005,RM_ISSUE,-1731,EA,WIP-01,WMS
IM-0001601,2026-01-31 21:08:00,P03,PRD-025,PRD-025,FG_SHIP,-5511,EA,RM-A,WMS
IM-0001602,2026-02-11 23:50:00,P03,PRD-043,PRD-043,FG_RECEIPT,2494,EA,FG-02,WMS
IM-0001603,2026-02-28 11:32:00,P01,PRD-022,PRD-022,FG_RECEIPT,4534,EA,FG-01,WMS
IM-0001604,2025-09-20 06:20:00,P02,MAT-018,PRD-030,RM_RECEIPT,2187,EA,WIP-01,WMS
IM-0001605,2025-09-20 21:18:00,P02,MAT-003,PRD-014,RM_RECEIPT,7354,EA,FG-02,WMS
IM-0001606,2026-03-28 04:20:00,P01,MAT-030,PRD-062,RM_ISSUE,-1877,EA,WIP-01,WMS
IM-0001607,2026-03-13 05:47:00,P02,PRD-038,PRD-038,FG_SHIP,-1958,EA,WIP-01,WMS
IM-0001608,2025-08-22 18:35:00,P01,PRD-044,PRD-044,FG_RECEIPT,406,EA,RM-A,WMS
IM-0001609,2025-09-02 12:37:00,P03,MAT-018,PRD-030,RM_ISSUE,-2538,EA,RM-B,WMS
IM-0001610,2026-01-16 13:15:00,P03,PRD-063,PRD-063,FG_SHIP,-867,EA,RM-A,WMS
IM-0001611,2025-08-18 20:32:00,P03,MAT-032,PRD-015,RM_RECEIPT,1118,EA,FG-01,WMS
IM-0001612,2026-04-14 00:16:00,P01,PRD-062,PRD-062,FG_SHIP,-610,EA,FG-02,WMS
IM-0001613,2026-06-10 18:49:00,P01,PRD-027,PRD-027,FG_SHIP,-4023,EA,RM-A,WMS
IM-0001614,2026-05-29 20:40:00,P01,PRD-012,PRD-012,FG_SHIP,-2720,EA,RM-B,WMS
IM-0001615,2025-11-30 16:44:00,P03,PRD-015,PRD-015,FG_RECEIPT,679,EA,FG-02,WMS
IM-0001616,2025-08-03 08:25:00,P01,MAT-030,PRD-064,RM_RECEIPT,2306,EA,RM-A,WMS
IM-0001617,2025-10-02 14:10:00,P02,PRD-066,PRD-066,FG_SHIP,-1646,EA,RM-A,WMS
IM-0001618,2026-05-19 21:40:00,P03,MAT-031,PRD-043,RM_ISSUE,-1528,EA,RM-A,WMS
IM-0001619,2025-11-12 08:04:00,P02,PRD-042,PRD-042,FG_RECEIPT,14688,EA,WIP-01,WMS
IM-0001620,2026-04-04 06:12:00,P01,PRD-010,PRD-010,FG_SHIP,-8493,EA,FG-02,WMS
IM-0001621,2026-04-18 07:49:00,P03,MAT-032,PRD-077,RM_ISSUE,-1090,EA,FG-01,WMS
IM-0001622,2025-10-19 14:29:00,P01,MAT-001,PRD-056,RM_ISSUE,-10687,EA,WIP-01,WMS
IM-0001623,2025-08-18 06:56:00,P01,MAT-005,PRD-058,RM_ISSUE,-1488,EA,FG-01,WMS
IM-0001624,2026-04-07 19:13:00,P02,MAT-031,PRD-008,RM_RECEIPT,6607,EA,RM-B,WMS
IM-0001625,2026-05-08 00:46:00,P01,MAT-026,PRD-057,RM_ISSUE,-805,EA,WIP-01,WMS
IM-0001626,2025-10-23 09:12:00,P01,MAT-036,PRD-020,RM_RECEIPT,3226,EA,RM-B,WMS
IM-0001627,2025-10-30 11:42:00,P02,MAT-003,PRD-014,RM_RECEIPT,1595,EA,FG-02,WMS
IM-0001628,2026-06-08 12:30:00,P03,PRD-030,PRD-030,FG_SHIP,-382,EA,RM-B,WMS
IM-0001629,2026-06-23 18:04:00,P02,PRD-025,PRD-025,FG_RECEIPT,4083,EA,FG-01,WMS
IM-0001630,2026-02-17 01:23:00,P03,MAT-018,PRD-054,RM_RECEIPT,4234,EA,RM-B,WMS
IM-0001631,2025-11-23 14:14:00,P01,PRD-024,PRD-024,FG_RECEIPT,12361,EA,FG-02,WMS
IM-0001632,2025-12-17 05:51:00,P01,MAT-030,PRD-041,RM_ISSUE,-1161,EA,FG-02,WMS
IM-0001633,2026-07-25 16:49:00,P02,PRD-063,PRD-063,FG_RECEIPT,960,EA,WIP-01,WMS
IM-0001634,2025-10-09 15:55:00,P03,MAT-014,PRD-068,RM_ISSUE,-2317,EA,RM-B,WMS
IM-0001635,2026-01-12 07:42:00,P01,PRD-046,PRD-046,FG_RECEIPT,1689,EA,FG-02,WMS
IM-0001636,2026-07-21 10:41:00,P02,PRD-035,PRD-035,FG_SHIP,-877,EA,RM-B,WMS
IM-0001637,2026-06-01 00:14:00,P01,MAT-022,PRD-042,RM_RECEIPT,2014,EA,FG-01,WMS
IM-0001638,2026-03-04 23:32:00,P02,PRD-025,PRD-025,FG_RECEIPT,1961,EA,RM-A,WMS
IM-0001639,2025-11-16 14:51:00,P01,PRD-032,PRD-032,FG_RECEIPT,1474,EA,RM-B,WMS
IM-0001640,2025-12-15 11:48:00,P02,PRD-049,PRD-049,FG_SHIP,-2674,EA,FG-01,WMS
IM-0001641,2025-08-05 01:49:00,P03,MAT-032,PRD-038,RM_ISSUE,-4022,EA,FG-01,WMS
IM-0001642,2025-12-08 03:39:00,P01,PRD-047,PRD-047,FG_RECEIPT,611,EA,RM-B,WMS
IM-0001643,2026-05-17 20:43:00,P01,PRD-021,PRD-021,ADJUSTMENT,1191,EA,WIP-01,WMS
IM-0001644,2026-03-03 09:09:00,P03,MAT-013,PRD-075,RM_ISSUE,-2042,EA,RM-A,WMS
IM-0001645,2025-08-12 23:38:00,P02,PRD-048,PRD-048,FG_SHIP,-1746,EA,RM-B,WMS
IM-0001646,2025-09-15 17:11:00,P03,PRD-006,PRD-006,FG_SHIP,-1394,EA,FG-02,WMS
IM-0001647,2025-10-27 14:54:00,P03,PRD-053,PRD-053,FG_SHIP,-3273,EA,FG-02,WMS
IM-0001648,2025-09-16 20:40:00,P02,MAT-037,PRD-018,RM_RECEIPT,1227,EA,RM-B,WMS
IM-0001649,2026-04-28 16:33:00,P03,PRD-024,PRD-024,FG_RECEIPT,885,EA,RM-B,WMS
IM-0001650,2026-02-01 13:11:00,P01,MAT-037,PRD-051,RM_RECEIPT,980,EA,RM-A,WMS
IM-0001651,2025-09-06 16:24:00,P01,PRD-013,PRD-013,FG_RECEIPT,289,EA,FG-02,WMS
IM-0001652,2025-10-05 22:16:00,P02,MAT-008,PRD-036,RM_RECEIPT,5068,EA,WIP-01,WMS
IM-0001653,2026-01-28 23:17:00,P01,MAT-030,PRD-064,RM_ISSUE,-1134,EA,WIP-01,WMS
IM-0001654,2026-02-08 15:27:00,P01,PRD-017,PRD-017,ADJUSTMENT,640,EA,FG-02,WMS
IM-0001655,2026-05-15 13:16:00,P03,PRD-041,PRD-041,FG_RECEIPT,2416,EA,RM-B,WMS
IM-0001656,2026-04-14 01:57:00,P01,MAT-010,PRD-027,RM_ISSUE,-6467,EA,RM-A,WMS
IM-0001657,2026-06-18 15:09:00,P03,PRD-034,PRD-034,FG_SHIP,-2088,EA,WIP-01,WMS
IM-0001658,2025-08-28 16:03:00,P02,MAT-018,PRD-026,RM_ISSUE,-2176,EA,FG-01,WMS
IM-0001659,2026-03-17 13:34:00,P01,MAT-020,PRD-010,RM_RECEIPT,3256,EA,WIP-01,WMS
IM-0001660,2025-08-04 14:38:00,P01,MAT-031,PRD-052,RM_ISSUE,-7386,EA,FG-02,WMS
IM-0001661,2026-05-28 01:24:00,P01,PRD-063,PRD-063,FG_RECEIPT,3000,EA,WIP-01,WMS
IM-0001662,2025-08-11 04:56:00,P03,MAT-002,PRD-069,RM_ISSUE,-7199,EA,FG-01,WMS
IM-0001663,2026-07-27 08:29:00,P03,PRD-006,PRD-006,ADJUSTMENT,9832,EA,WIP-01,WMS
IM-0001664,2025-09-15 17:07:00,P01,MAT-026,PRD-046,RM_ISSUE,-1035,EA,FG-01,WMS
IM-0001665,2026-02-12 07:16:00,P01,MAT-004,PRD-032,RM_RECEIPT,1714,EA,RM-B,WMS
IM-0001666,2025-12-18 12:55:00,P03,MAT-035,PRD-053,RM_RECEIPT,2438,EA,RM-A,WMS
IM-0001667,2026-04-29 08:55:00,P02,MAT-025,PRD-035,RM_RECEIPT,1122,EA,RM-B,WMS
IM-0001668,2025-12-12 06:24:00,P02,MAT-018,PRD-067,RM_RECEIPT,628,EA,RM-A,WMS
IM-0001669,2025-11-10 23:29:00,P02,MAT-004,PRD-032,RM_RECEIPT,2587,EA,WIP-01,WMS
IM-0001670,2025-08-04 10:59:00,P01,PRD-033,PRD-033,ADJUSTMENT,4987,EA,RM-B,WMS
IM-0001671,2025-11-20 19:44:00,P01,PRD-074,PRD-074,FG_RECEIPT,1423,EA,WIP-01,WMS
IM-0001672,2026-05-26 19:58:00,P03,PRD-053,PRD-053,FG_RECEIPT,5258,EA,FG-01,WMS
IM-0001673,2026-05-28 17:26:00,P02,PRD-044,PRD-044,FG_RECEIPT,5643,EA,RM-A,WMS
IM-0001674,2026-05-28 22:45:00,P03,PRD-043,PRD-043,FG_SHIP,-2385,EA,FG-02,WMS
IM-0001675,2026-02-16 11:48:00,P03,PRD-068,PRD-068,FG_RECEIPT,1083,EA,FG-02,WMS
IM-0001676,2026-02-18 11:47:00,P01,MAT-030,PRD-012,RM_RECEIPT,1399,EA,RM-A,WMS
IM-0001677,2025-10-25 20:46:00,P02,MAT-012,PRD-006,RM_ISSUE,-9456,EA,RM-B,WMS
IM-0001678,2025-12-05 07:42:00,P03,PRD-069,PRD-069,FG_RECEIPT,926,EA,WIP-01,WMS
IM-0001679,2025-10-07 04:24:00,P03,MAT-033,PRD-022,RM_RECEIPT,4822,EA,RM-B,WMS
IM-0001680,2026-05-11 00:50:00,P01,MAT-017,PRD-019,RM_RECEIPT,2825,EA,WIP-01,WMS
IM-0001681,2026-05-29 04:42:00,P01,PRD-003,PRD-003,FG_RECEIPT,1537,EA,FG-01,WMS
IM-0001682,2025-08-14 08:59:00,P02,PRD-065,PRD-065,ADJUSTMENT,3661,EA,RM-B,WMS
IM-0001683,2026-04-06 06:58:00,P01,PRD-027,PRD-027,FG_SHIP,-1807,EA,WIP-01,WMS
IM-0001684,2026-03-19 07:36:00,P02,MAT-003,PRD-049,RM_ISSUE,-2789,EA,RM-A,WMS
IM-0001685,2025-08-27 11:27:00,P02,MAT-010,PRD-063,RM_RECEIPT,417,EA,FG-01,WMS
IM-0001686,2026-07-30 18:31:00,P02,PRD-004,PRD-004,FG_SHIP,-230,EA,WIP-01,WMS
IM-0001687,2026-03-13 12:05:00,P03,MAT-031,PRD-052,RM_ISSUE,-856,EA,FG-02,WMS
IM-0001688,2026-05-08 21:55:00,P02,MAT-035,PRD-053,RM_RECEIPT,1404,EA,FG-01,WMS
IM-0001689,2026-04-20 21:58:00,P03,PRD-007,PRD-007,FG_RECEIPT,821,EA,FG-02,WMS
IM-0001690,2025-09-01 14:03:00,P02,PRD-035,PRD-035,FG_SHIP,-12204,EA,RM-A,WMS
IM-0001691,2026-07-12 11:56:00,P02,MAT-020,PRD-010,RM_RECEIPT,3414,EA,FG-02,WMS
IM-0001692,2025-08-16 01:30:00,P03,PRD-059,PRD-059,FG_SHIP,-2545,EA,WIP-01,WMS
IM-0001693,2026-04-26 23:34:00,P03,PRD-073,PRD-073,FG_RECEIPT,6563,EA,FG-01,WMS
IM-0001694,2026-04-20 11:06:00,P01,PRD-017,PRD-017,FG_SHIP,-4402,EA,RM-B,WMS
IM-0001695,2026-03-22 06:56:00,P02,PRD-029,PRD-029,FG_RECEIPT,3905,EA,WIP-01,WMS
IM-0001696,2026-03-08 02:25:00,P01,MAT-004,PRD-032,RM_ISSUE,-1849,EA,FG-01,WMS
IM-0001697,2026-07-17 22:42:00,P03,MAT-024,PRD-013,RM_ISSUE,-1809,EA,RM-A,WMS
IM-0001698,2026-07-24 05:14:00,P02,PRD-024,PRD-024,FG_SHIP,-295,EA,WIP-01,WMS
IM-0001699,2025-09-02 07:21:00,P03,MAT-037,PRD-051,RM_RECEIPT,2147,EA,RM-B,WMS
IM-0001700,2026-07-20 01:29:00,P01,PRD-065,PRD-065,FG_SHIP,-2890,EA,RM-A,WMS
IM-0001701,2026-02-15 12:35:00,P03,MAT-010,PRD-063,RM_ISSUE,-1501,EA,RM-B,WMS
IM-0001702,2025-12-12 11:48:00,P02,MAT-030,PRD-041,RM_RECEIPT,730,EA,WIP-01,WMS
IM-0001703,2026-03-01 07:19:00,P02,MAT-032,PRD-015,RM_ISSUE,-4087,EA,RM-A,WMS
IM-0001704,2026-01-11 16:47:00,P03,MAT-025,PRD-035,RM_RECEIPT,3777,EA,WIP-01,WMS
IM-0001705,2025-08-03 13:48:00,P02,MAT-018,PRD-067,RM_RECEIPT,1525,EA,FG-01,WMS
IM-0001706,2026-01-26 21:07:00,P02,MAT-018,PRD-067,RM_ISSUE,-2302,EA,WIP-01,WMS
IM-0001707,2026-05-10 06:26:00,P01,MAT-015,PRD-034,RM_ISSUE,-14724,EA,WIP-01,WMS
IM-0001708,2026-04-17 09:02:00,P01,MAT-001,PRD-039,RM_ISSUE,-1723,EA,FG-02,WMS
IM-0001709,2025-08-08 00:18:00,P03,PRD-076,PRD-076,FG_RECEIPT,3557,EA,RM-B,WMS
IM-0001710,2025-12-08 12:16:00,P02,MAT-037,PRD-018,RM_ISSUE,-589,EA,FG-02,WMS
IM-0001711,2025-09-26 23:25:00,P02,MAT-018,PRD-054,RM_ISSUE,-3156,EA,FG-02,WMS
IM-0001712,2026-05-16 17:22:00,P02,MAT-031,PRD-043,RM_ISSUE,-3385,EA,WIP-01,WMS
IM-0001713,2026-06-17 04:30:00,P02,MAT-027,PRD-061,RM_RECEIPT,7383,EA,FG-01,WMS
IM-0001714,2026-05-02 06:12:00,P03,MAT-029,PRD-045,RM_ISSUE,-6717,EA,WIP-01,WMS
IM-0001715,2025-08-27 21:01:00,P02,MAT-015,PRD-025,RM_ISSUE,-566,EA,WIP-01,WMS
IM-0001716,2026-05-25 17:13:00,P02,MAT-037,PRD-051,RM_ISSUE,-474,EA,FG-01,WMS
IM-0001717,2026-04-21 13:35:00,P02,MAT-026,PRD-046,RM_ISSUE,-1673,EA,FG-01,WMS
IM-0001718,2025-12-26 06:48:00,P02,PRD-057,PRD-057,FG_SHIP,-2308,EA,FG-01,WMS
IM-0001719,2026-03-09 18:46:00,P01,MAT-022,PRD-023,RM_ISSUE,-1948,EA,WIP-01,WMS
IM-0001720,2025-09-10 11:11:00,P01,PRD-023,PRD-023,FG_RECEIPT,2054,EA,RM-A,WMS
IM-0001721,2026-05-10 07:14:00,P03,PRD-012,PRD-012,FG_RECEIPT,1771,EA,RM-B,WMS
IM-0001722,2025-11-17 04:51:00,P03,PRD-043,PRD-043,FG_RECEIPT,621,EA,RM-A,WMS
IM-0001723,2025-11-26 03:22:00,P03,PRD-066,PRD-066,FG_SHIP,-609,EA,WIP-01,WMS
IM-0001724,2026-02-14 12:33:00,P01,MAT-024,PRD-013,RM_ISSUE,-1258,EA,WIP-01,WMS
IM-0001725,2026-03-23 23:58:00,P01,MAT-033,PRD-076,RM_ISSUE,-607,EA,WIP-01,WMS
IM-0001726,2025-09-27 21:20:00,P03,MAT-018,PRD-050,RM_ISSUE,-3028,EA,RM-B,WMS
IM-0001727,2026-05-29 13:14:00,P02,PRD-075,PRD-075,FG_RECEIPT,2628,EA,RM-B,WMS
IM-0001728,2026-06-18 01:51:00,P01,PRD-079,PRD-079,FG_RECEIPT,1547,EA,WIP-01,WMS
IM-0001729,2026-05-16 23:26:00,P02,PRD-024,PRD-024,FG_SHIP,-1003,EA,RM-B,WMS
IM-0001730,2025-10-15 18:11:00,P02,PRD-011,PRD-011,FG_SHIP,-1299,EA,WIP-01,WMS
IM-0001731,2026-03-30 17:50:00,P01,PRD-023,PRD-023,FG_SHIP,-515,EA,RM-B,WMS
IM-0001732,2025-09-19 22:45:00,P03,MAT-012,PRD-011,RM_RECEIPT,1194,EA,RM-A,WMS
IM-0001733,2026-06-01 06:41:00,P03,MAT-018,PRD-078,RM_ISSUE,-1138,EA,FG-02,WMS
IM-0001734,2026-07-02 23:03:00,P03,PRD-055,PRD-055,FG_SHIP,-7440,EA,FG-01,WMS
IM-0001735,2025-09-24 13:30:00,P02,MAT-026,PRD-059,RM_RECEIPT,3594,EA,FG-02,WMS
IM-0001736,2026-03-11 06:25:00,P02,MAT-012,PRD-011,RM_RECEIPT,3077,EA,FG-01,WMS
IM-0001737,2026-03-13 01:49:00,P03,PRD-030,PRD-030,ADJUSTMENT,4664,EA,FG-02,WMS
IM-0001738,2025-09-01 16:06:00,P03,PRD-052,PRD-052,ADJUSTMENT,1102,EA,RM-B,WMS
IM-0001739,2026-05-08 20:15:00,P01,PRD-071,PRD-071,FG_RECEIPT,1291,EA,FG-01,WMS
IM-0001740,2025-08-09 05:39:00,P03,PRD-033,PRD-033,FG_RECEIPT,7866,EA,RM-B,WMS
IM-0001741,2025-11-06 04:37:00,P03,PRD-038,PRD-038,FG_SHIP,-2716,EA,WIP-01,WMS
IM-0001742,2026-02-07 23:47:00,P02,PRD-025,PRD-025,FG_RECEIPT,325,EA,FG-02,WMS
IM-0001743,2026-06-21 21:47:00,P01,MAT-018,PRD-030,RM_RECEIPT,2196,EA,RM-B,WMS
IM-0001744,2026-03-24 06:04:00,P03,MAT-007,PRD-055,RM_RECEIPT,1294,EA,RM-A,WMS
IM-0001745,2026-07-23 20:25:00,P02,PRD-029,PRD-029,FG_SHIP,-1217,EA,RM-B,WMS
IM-0001746,2026-05-23 08:22:00,P02,PRD-073,PRD-073,FG_RECEIPT,4240,EA,RM-B,WMS
IM-0001747,2026-01-01 08:22:00,P03,PRD-060,PRD-060,FG_SHIP,-5015,EA,FG-02,WMS
IM-0001748,2025-11-28 04:56:00,P01,MAT-018,PRD-030,RM_ISSUE,-3997,EA,WIP-01,WMS
IM-0001749,2025-08-14 08:22:00,P03,MAT-022,PRD-023,RM_ISSUE,-2330,EA,WIP-01,WMS
IM-0001750,2026-03-09 21:10:00,P03,PRD-073,PRD-073,FG_SHIP,-14224,EA,RM-B,WMS
IM-0001751,2025-12-24 05:08:00,P01,MAT-005,PRD-021,RM_RECEIPT,2272,EA,RM-A,WMS
IM-0001752,2025-12-10 09:42:00,P02,PRD-031,PRD-031,FG_SHIP,-1486,EA,RM-B,WMS
IM-0001753,2026-07-19 09:39:00,P03,PRD-031,PRD-031,ADJUSTMENT,3509,EA,RM-B,WMS
IM-0001754,2026-04-20 18:28:00,P03,PRD-051,PRD-051,FG_SHIP,-671,EA,WIP-01,WMS
IM-0001755,2026-01-19 23:20:00,P03,MAT-015,PRD-025,RM_ISSUE,-1546,EA,FG-01,WMS
IM-0001756,2026-06-16 15:27:00,P01,MAT-020,PRD-010,RM_ISSUE,-942,EA,FG-02,WMS
IM-0001757,2025-08-29 05:48:00,P03,MAT-012,PRD-011,RM_ISSUE,-787,EA,FG-02,WMS
IM-0001758,2025-09-03 07:45:00,P01,PRD-040,PRD-040,FG_SHIP,-1269,EA,WIP-01,WMS
IM-0001759,2025-09-16 10:49:00,P03,MAT-010,PRD-063,RM_RECEIPT,346,EA,RM-B,WMS
IM-0001760,2025-08-21 20:28:00,P03,MAT-033,PRD-044,RM_RECEIPT,2742,EA,FG-02,WMS
IM-0001761,2025-08-01 03:28:00,P03,PRD-001,PRD-001,FG_RECEIPT,2039,EA,FG-02,WMS
IM-0001762,2025-11-08 12:35:00,P03,PRD-022,PRD-022,FG_RECEIPT,1108,EA,RM-A,WMS
IM-0001763,2026-03-13 05:53:00,P02,MAT-002,PRD-069,RM_ISSUE,-7738,EA,WIP-01,WMS
IM-0001764,2025-10-12 22:18:00,P02,MAT-024,PRD-013,RM_RECEIPT,4515,EA,RM-B,WMS
IM-0001765,2026-02-20 12:06:00,P03,PRD-018,PRD-018,FG_RECEIPT,2382,EA,RM-A,WMS
IM-0001766,2025-10-23 09:19:00,P03,MAT-017,PRD-019,RM_ISSUE,-3705,EA,RM-B,WMS
IM-0001767,2025-08-09 18:20:00,P02,MAT-032,PRD-077,RM_ISSUE,-7799,EA,RM-A,WMS
IM-0001768,2026-01-26 22:50:00,P02,PRD-052,PRD-052,FG_SHIP,-3787,EA,FG-02,WMS
IM-0001769,2025-10-20 22:35:00,P01,PRD-003,PRD-003,FG_RECEIPT,2023,EA,FG-01,WMS
IM-0001770,2026-02-10 01:19:00,P01,PRD-025,PRD-025,FG_SHIP,-683,EA,RM-A,WMS
IM-0001771,2026-05-14 14:33:00,P02,PRD-028,PRD-028,FG_RECEIPT,337,EA,WIP-01,WMS
IM-0001772,2025-10-04 10:31:00,P01,PRD-025,PRD-025,FG_RECEIPT,9433,EA,WIP-01,WMS
IM-0001773,2026-02-01 12:41:00,P01,MAT-030,PRD-041,RM_ISSUE,-2984,EA,FG-01,WMS
IM-0001774,2025-11-01 01:26:00,P02,MAT-027,PRD-072,RM_RECEIPT,3562,EA,FG-02,WMS
IM-0001775,2026-01-15 16:38:00,P01,MAT-030,PRD-009,RM_ISSUE,-636,EA,FG-02,WMS
IM-0001776,2026-06-23 00:41:00,P02,MAT-007,PRD-055,RM_RECEIPT,2104,EA,RM-A,WMS
IM-0001777,2025-08-23 00:34:00,P01,MAT-030,PRD-012,RM_ISSUE,-2333,EA,RM-B,WMS
IM-0001778,2026-04-15 02:04:00,P03,MAT-024,PRD-003,RM_RECEIPT,1134,EA,WIP-01,WMS
IM-0001779,2026-07-14 02:49:00,P02,PRD-037,PRD-037,ADJUSTMENT,2029,EA,RM-A,WMS
IM-0001780,2026-03-16 10:00:00,P02,PRD-048,PRD-048,FG_RECEIPT,3013,EA,RM-B,WMS
IM-0001781,2025-12-21 23:08:00,P01,MAT-026,PRD-059,RM_RECEIPT,2213,EA,FG-01,WMS
IM-0001782,2025-12-07 22:12:00,P03,PRD-012,PRD-012,FG_RECEIPT,1744,EA,WIP-01,WMS
IM-0001783,2026-07-11 14:16:00,P03,PRD-002,PRD-002,FG_SHIP,-1296,EA,FG-02,WMS
IM-0001784,2026-05-03 14:12:00,P03,PRD-073,PRD-073,FG_RECEIPT,3758,EA,RM-A,WMS
IM-0001785,2025-09-03 15:45:00,P02,PRD-063,PRD-063,FG_RECEIPT,1023,EA,WIP-01,WMS
IM-0001786,2025-11-15 16:12:00,P03,MAT-018,PRD-030,RM_RECEIPT,1653,EA,FG-01,WMS
IM-0001787,2026-03-10 16:41:00,P03,MAT-018,PRD-002,RM_ISSUE,-1404,EA,RM-B,WMS
IM-0001788,2026-03-25 00:23:00,P03,PRD-075,PRD-075,FG_RECEIPT,2600,EA,RM-B,WMS
IM-0001789,2025-08-30 08:14:00,P02,MAT-032,PRD-005,RM_ISSUE,-622,EA,FG-01,WMS
IM-0001790,2025-08-02 03:32:00,P01,MAT-032,PRD-005,RM_RECEIPT,1114,EA,FG-02,WMS
IM-0001791,2025-08-03 14:01:00,P02,PRD-010,PRD-010,FG_RECEIPT,2486,EA,RM-A,WMS
IM-0001792,2025-10-21 19:33:00,P02,PRD-077,PRD-077,FG_SHIP,-1214,EA,WIP-01,WMS
IM-0001793,2025-11-14 12:27:00,P03,MAT-035,PRD-053,RM_RECEIPT,2195,EA,RM-A,WMS
IM-0001794,2026-03-04 15:45:00,P02,PRD-045,PRD-045,FG_SHIP,-3858,EA,RM-A,WMS
IM-0001795,2026-02-25 13:41:00,P03,PRD-039,PRD-039,FG_SHIP,-1718,EA,FG-01,WMS
IM-0001796,2025-09-24 17:39:00,P01,PRD-033,PRD-033,FG_RECEIPT,1108,EA,RM-B,WMS
IM-0001797,2026-05-30 06:42:00,P03,MAT-030,PRD-009,RM_RECEIPT,1778,EA,FG-01,WMS
IM-0001798,2025-09-01 10:54:00,P01,PRD-039,PRD-039,FG_RECEIPT,4683,EA,WIP-01,WMS
IM-0001799,2026-05-25 00:07:00,P02,MAT-030,PRD-060,RM_ISSUE,-1622,EA,WIP-01,WMS
IM-0001800,2025-11-24 10:01:00,P01,PRD-007,PRD-007,FG_SHIP,-5295,EA,RM-A,WMS
IM-0001801,2025-08-15 20:28:00,P03,MAT-013,PRD-075,RM_ISSUE,-347,EA,RM-B,WMS
IM-0001802,2025-09-27 14:46:00,P02,MAT-019,PRD-071,RM_RECEIPT,782,EA,RM-A,WMS
IM-0001803,2026-05-12 18:33:00,P01,PRD-032,PRD-032,FG_RECEIPT,3047,EA,FG-01,WMS
IM-0001804,2025-09-09 08:34:00,P03,PRD-017,PRD-017,FG_RECEIPT,1340,EA,FG-01,WMS
IM-0001805,2025-08-30 15:56:00,P01,MAT-032,PRD-038,RM_RECEIPT,1580,EA,RM-B,WMS
IM-0001806,2025-12-20 17:20:00,P01,MAT-006,PRD-001,RM_ISSUE,-4357,EA,RM-A,WMS
IM-0001807,2026-02-24 23:42:00,P02,MAT-003,PRD-049,RM_ISSUE,-5399,EA,WIP-01,WMS
IM-0001808,2025-12-28 00:44:00,P02,PRD-027,PRD-027,FG_SHIP,-10845,EA,WIP-01,WMS
IM-0001809,2025-11-21 21:57:00,P02,PRD-076,PRD-076,FG_RECEIPT,6881,EA,FG-01,WMS
IM-0001810,2026-01-05 14:53:00,P01,MAT-006,PRD-001,RM_RECEIPT,10279,EA,RM-A,WMS
IM-0001811,2026-06-01 10:18:00,P03,MAT-004,PRD-032,RM_ISSUE,-2912,EA,FG-02,WMS
IM-0001812,2025-11-08 05:30:00,P03,PRD-006,PRD-006,FG_RECEIPT,2307,EA,FG-01,WMS
IM-0001813,2026-06-06 02:17:00,P02,MAT-026,PRD-028,RM_ISSUE,-795,EA,RM-A,WMS
IM-0001814,2025-12-06 02:46:00,P02,PRD-025,PRD-025,FG_RECEIPT,2424,EA,FG-02,WMS
IM-0001815,2025-11-17 16:21:00,P02,MAT-037,PRD-018,RM_ISSUE,-1547,EA,RM-B,WMS
IM-0001816,2026-03-11 15:45:00,P01,MAT-026,PRD-057,RM_RECEIPT,269,EA,RM-B,WMS
IM-0001817,2026-06-03 23:04:00,P02,PRD-051,PRD-051,FG_RECEIPT,292,EA,RM-B,WMS
IM-0001818,2026-07-08 18:35:00,P03,PRD-062,PRD-062,FG_SHIP,-2215,EA,RM-B,WMS
IM-0001819,2025-09-10 19:34:00,P02,MAT-004,PRD-032,RM_RECEIPT,1050,EA,FG-02,WMS
IM-0001820,2026-01-19 20:42:00,P01,PRD-035,PRD-035,FG_RECEIPT,4374,EA,RM-B,WMS
IM-0001821,2025-10-27 18:02:00,P01,MAT-014,PRD-070,RM_ISSUE,-4746,EA,FG-01,WMS
IM-0001822,2026-01-18 14:19:00,P02,PRD-021,PRD-021,FG_SHIP,-377,EA,WIP-01,WMS
IM-0001823,2026-07-24 17:30:00,P02,MAT-031,PRD-043,RM_ISSUE,-7096,EA,FG-01,WMS
IM-0001824,2025-11-04 04:06:00,P03,PRD-036,PRD-036,FG_SHIP,-2736,EA,RM-B,WMS
IM-0001825,2026-04-10 15:08:00,P02,PRD-064,PRD-064,ADJUSTMENT,5483,EA,RM-A,WMS
IM-0001826,2025-08-18 02:36:00,P01,MAT-015,PRD-034,RM_RECEIPT,6522,EA,RM-A,WMS
IM-0001827,2025-10-06 21:42:00,P03,MAT-005,PRD-058,RM_RECEIPT,8665,EA,WIP-01,WMS
IM-0001828,2025-12-14 12:18:00,P01,MAT-010,PRD-037,RM_RECEIPT,1223,EA,FG-01,WMS
IM-0001829,2026-05-28 16:46:00,P03,MAT-001,PRD-056,RM_RECEIPT,2013,EA,FG-01,WMS
IM-0001830,2026-06-18 03:06:00,P01,PRD-006,PRD-006,FG_RECEIPT,10393,EA,RM-B,WMS
IM-0001831,2025-09-15 13:04:00,P03,PRD-037,PRD-037,FG_SHIP,-1115,EA,WIP-01,WMS
IM-0001832,2026-01-01 12:15:00,P03,PRD-063,PRD-063,FG_SHIP,-1298,EA,FG-02,WMS
IM-0001833,2026-03-20 15:13:00,P02,PRD-071,PRD-071,FG_SHIP,-2788,EA,RM-B,WMS
IM-0001834,2025-11-01 04:43:00,P03,PRD-052,PRD-052,FG_RECEIPT,1986,EA,FG-02,WMS
IM-0001835,2025-11-07 00:33:00,P02,MAT-015,PRD-034,RM_RECEIPT,1346,EA,WIP-01,WMS
IM-0001836,2025-10-29 22:38:00,P01,PRD-037,PRD-037,FG_SHIP,-3459,EA,FG-01,WMS
IM-0001837,2026-07-21 05:11:00,P03,MAT-030,PRD-064,RM_RECEIPT,565,EA,FG-01,WMS
IM-0001838,2025-12-06 20:21:00,P01,PRD-029,PRD-029,FG_SHIP,-1823,EA,RM-A,WMS
IM-0001839,2025-08-29 08:15:00,P03,PRD-013,PRD-013,FG_SHIP,-1218,EA,WIP-01,WMS
IM-0001840,2026-02-06 17:54:00,P02,PRD-037,PRD-037,FG_RECEIPT,1649,EA,FG-02,WMS
IM-0001841,2025-10-29 06:09:00,P03,MAT-022,PRD-042,RM_ISSUE,-645,EA,RM-B,WMS
IM-0001842,2025-09-27 18:05:00,P01,PRD-071,PRD-071,FG_RECEIPT,4488,EA,FG-02,WMS
IM-0001843,2026-01-20 08:33:00,P01,MAT-006,PRD-001,RM_RECEIPT,1254,EA,WIP-01,WMS
IM-0001844,2026-04-30 20:15:00,P03,MAT-001,PRD-074,RM_RECEIPT,5793,EA,RM-B,WMS
IM-0001845,2026-03-08 01:49:00,P03,PRD-001,PRD-001,FG_SHIP,-3413,EA,RM-B,WMS
IM-0001846,2026-06-17 04:30:00,P01,PRD-010,PRD-010,FG_RECEIPT,1715,EA,WIP-01,WMS
IM-0001847,2026-03-26 03:28:00,P02,MAT-033,PRD-022,RM_ISSUE,-1333,EA,FG-02,WMS
IM-0001848,2025-10-26 21:29:00,P02,MAT-032,PRD-077,RM_ISSUE,-6098,EA,RM-A,WMS
IM-0001849,2026-01-16 05:17:00,P03,PRD-040,PRD-040,FG_SHIP,-7102,EA,RM-B,WMS
IM-0001850,2025-08-11 22:40:00,P03,PRD-014,PRD-014,FG_RECEIPT,2204,EA,FG-02,WMS
IM-0001851,2026-06-24 01:48:00,P02,MAT-035,PRD-066,RM_RECEIPT,4718,EA,RM-A,WMS
IM-0001852,2025-09-20 11:13:00,P03,MAT-004,PRD-048,RM_RECEIPT,3514,EA,RM-B,WMS
IM-0001853,2026-02-14 04:04:00,P02,PRD-031,PRD-031,FG_RECEIPT,1882,EA,RM-B,WMS
IM-0001854,2026-03-23 10:01:00,P02,MAT-026,PRD-028,RM_RECEIPT,1511,EA,FG-01,WMS
IM-0001855,2026-07-29 06:18:00,P02,MAT-032,PRD-005,RM_RECEIPT,2455,EA,RM-A,WMS
IM-0001856,2025-11-21 22:50:00,P03,MAT-018,PRD-002,RM_RECEIPT,2012,EA,WIP-01,WMS
IM-0001857,2025-12-10 01:44:00,P02,MAT-030,PRD-041,RM_ISSUE,-4755,EA,FG-02,WMS
IM-0001858,2026-05-02 14:44:00,P02,MAT-033,PRD-044,RM_ISSUE,-1714,EA,RM-A,WMS
IM-0001859,2026-03-05 21:07:00,P03,PRD-027,PRD-027,FG_RECEIPT,9740,EA,WIP-01,WMS
IM-0001860,2026-03-09 08:48:00,P01,MAT-001,PRD-074,RM_RECEIPT,1191,EA,FG-02,WMS
IM-0001861,2025-12-08 18:21:00,P02,MAT-019,PRD-071,RM_RECEIPT,3698,EA,FG-02,WMS
IM-0001862,2025-10-29 22:13:00,P01,MAT-010,PRD-037,RM_RECEIPT,5223,EA,WIP-01,WMS
IM-0001863,2025-12-30 01:59:00,P03,MAT-019,PRD-071,RM_ISSUE,-13488,EA,FG-02,WMS
IM-0001864,2026-07-14 06:49:00,P03,MAT-035,PRD-016,RM_RECEIPT,619,EA,WIP-01,WMS
IM-0001865,2025-09-19 21:09:00,P03,MAT-033,PRD-044,RM_ISSUE,-950,EA,RM-B,WMS
IM-0001866,2025-10-03 01:34:00,P02,PRD-059,PRD-059,FG_SHIP,-4499,EA,RM-A,WMS
IM-0001867,2026-03-01 18:29:00,P01,MAT-033,PRD-017,RM_RECEIPT,965,EA,RM-B,WMS
IM-0001868,2025-10-11 12:12:00,P03,PRD-067,PRD-067,FG_SHIP,-25150,EA,FG-01,WMS
IM-0001869,2025-11-07 07:00:00,P01,MAT-010,PRD-063,RM_ISSUE,-1130,EA,FG-02,WMS
IM-0001870,2026-05-02 16:27:00,P02,MAT-001,PRD-039,RM_ISSUE,-3449,EA,FG-02,WMS
IM-0001871,2026-06-19 02:17:00,P02,PRD-005,PRD-005,FG_RECEIPT,1834,EA,FG-02,WMS
IM-0001872,2025-12-07 21:57:00,P02,PRD-061,PRD-061,FG_SHIP,-1082,EA,FG-02,WMS
IM-0001873,2026-04-02 17:17:00,P01,PRD-074,PRD-074,FG_RECEIPT,13533,EA,FG-02,WMS
IM-0001874,2026-06-16 21:06:00,P01,PRD-071,PRD-071,FG_RECEIPT,9517,EA,WIP-01,WMS
IM-0001875,2025-09-09 11:06:00,P03,MAT-001,PRD-074,RM_RECEIPT,1617,EA,FG-01,WMS
IM-0001876,2025-08-01 04:48:00,P02,PRD-058,PRD-058,FG_SHIP,-1456,EA,FG-02,WMS
IM-0001877,2026-03-17 03:16:00,P01,PRD-026,PRD-026,FG_SHIP,-1139,EA,FG-02,WMS
IM-0001878,2025-11-14 14:36:00,P03,MAT-018,PRD-050,RM_ISSUE,-1278,EA,WIP-01,WMS
IM-0001879,2025-10-21 08:17:00,P01,MAT-018,PRD-054,RM_RECEIPT,907,EA,RM-B,WMS
IM-0001880,2026-01-27 05:52:00,P03,MAT-005,PRD-021,RM_ISSUE,-1986,EA,FG-01,WMS
IM-0001881,2026-02-03 19:49:00,P02,MAT-005,PRD-033,RM_RECEIPT,3351,EA,RM-B,WMS
IM-0001882,2026-03-09 12:21:00,P02,MAT-033,PRD-022,RM_ISSUE,-1109,EA,RM-A,WMS
IM-0001883,2026-02-26 23:46:00,P03,PRD-049,PRD-049,FG_SHIP,-2333,EA,RM-B,WMS
IM-0001884,2025-09-05 05:04:00,P01,MAT-033,PRD-022,RM_ISSUE,-2518,EA,RM-A,WMS
IM-0001885,2025-11-24 03:55:00,P03,PRD-064,PRD-064,FG_RECEIPT,980,EA,RM-B,WMS
IM-0001886,2026-06-08 17:19:00,P03,PRD-032,PRD-032,FG_SHIP,-1668,EA,RM-B,WMS
IM-0001887,2026-03-23 22:14:00,P03,MAT-018,PRD-078,RM_RECEIPT,2326,EA,RM-B,WMS
IM-0001888,2025-11-17 16:54:00,P01,MAT-005,PRD-024,RM_RECEIPT,2039,EA,FG-02,WMS
IM-0001889,2025-10-17 21:31:00,P03,MAT-006,PRD-001,RM_RECEIPT,754,EA,RM-B,WMS
IM-0001890,2026-03-07 20:00:00,P02,MAT-023,PRD-007,RM_ISSUE,-4881,EA,FG-02,WMS
IM-0001891,2026-04-17 01:49:00,P03,MAT-035,PRD-066,RM_ISSUE,-561,EA,WIP-01,WMS
IM-0001892,2026-06-30 21:57:00,P02,PRD-046,PRD-046,FG_RECEIPT,3160,EA,FG-02,WMS
IM-0001893,2026-01-27 19:15:00,P03,MAT-010,PRD-063,RM_RECEIPT,1511,EA,RM-B,WMS
IM-0001894,2025-11-16 08:06:00,P01,MAT-017,PRD-079,RM_ISSUE,-840,EA,FG-01,WMS
IM-0001895,2026-03-27 19:09:00,P02,PRD-059,PRD-059,ADJUSTMENT,4946,EA,RM-B,WMS
IM-0001896,2026-07-03 00:46:00,P01,PRD-009,PRD-009,FG_RECEIPT,972,EA,RM-A,WMS
IM-0001897,2025-08-23 13:14:00,P01,PRD-034,PRD-034,FG_SHIP,-1673,EA,FG-02,WMS
IM-0001898,2026-06-19 08:27:00,P02,PRD-056,PRD-056,ADJUSTMENT,3422,EA,FG-01,WMS
IM-0001899,2026-02-11 13:03:00,P02,MAT-001,PRD-056,RM_ISSUE,-6729,EA,RM-A,WMS
IM-0001900,2025-12-20 18:45:00,P02,PRD-009,PRD-009,FG_RECEIPT,1297,EA,FG-01,WMS
IM-0001901,2025-09-08 10:51:00,P01,PRD-041,PRD-041,FG_SHIP,-638,EA,FG-01,WMS
IM-0001902,2026-02-14 00:11:00,P03,MAT-003,PRD-014,RM_RECEIPT,1434,EA,RM-A,WMS
IM-0001903,2026-07-11 10:43:00,P03,MAT-018,PRD-054,RM_ISSUE,-4871,EA,RM-A,WMS
IM-0001904,2026-07-19 06:59:00,P03,PRD-074,PRD-074,ADJUSTMENT,468,EA,FG-02,WMS
IM-0001905,2025-10-01 03:39:00,P01,PRD-063,PRD-063,FG_RECEIPT,4544,EA,RM-B,WMS
IM-0001906,2025-11-08 02:40:00,P01,PRD-012,PRD-012,FG_SHIP,-3615,EA,FG-01,WMS
IM-0001907,2025-10-13 04:04:00,P01,PRD-059,PRD-059,FG_SHIP,-2068,EA,RM-A,WMS
IM-0001908,2026-02-10 06:38:00,P01,PRD-026,PRD-026,ADJUSTMENT,5183,EA,RM-A,WMS
IM-0001909,2026-01-07 06:42:00,P03,PRD-049,PRD-049,FG_RECEIPT,3205,EA,RM-B,WMS
IM-0001910,2026-01-11 02:26:00,P03,MAT-032,PRD-077,RM_ISSUE,-599,EA,RM-B,WMS
IM-0001911,2026-07-29 13:16:00,P01,PRD-056,PRD-056,FG_SHIP,-646,EA,WIP-01,WMS
IM-0001912,2026-07-29 11:44:00,P01,MAT-033,PRD-076,RM_RECEIPT,1396,EA,WIP-01,WMS
IM-0001913,2026-02-24 10:50:00,P03,MAT-013,PRD-075,RM_ISSUE,-1294,EA,FG-02,WMS
IM-0001914,2026-04-21 08:22:00,P01,MAT-031,PRD-043,RM_ISSUE,-6007,EA,WIP-01,WMS
IM-0001915,2026-04-17 16:56:00,P03,MAT-001,PRD-074,RM_RECEIPT,2626,EA,RM-A,WMS
IM-0001916,2025-12-06 11:17:00,P01,PRD-042,PRD-042,FG_RECEIPT,1700,EA,FG-01,WMS
IM-0001917,2026-06-13 14:08:00,P02,PRD-040,PRD-040,FG_SHIP,-1948,EA,WIP-01,WMS
IM-0001918,2025-10-26 19:09:00,P03,MAT-018,PRD-050,RM_RECEIPT,1618,EA,FG-01,WMS
IM-0001919,2026-02-08 16:17:00,P03,PRD-043,PRD-043,FG_SHIP,-586,EA,RM-B,WMS
IM-0001920,2026-02-20 03:47:00,P03,PRD-019,PRD-019,FG_SHIP,-1427,EA,FG-02,WMS
IM-0001921,2025-11-03 05:22:00,P01,PRD-034,PRD-034,FG_RECEIPT,1351,EA,FG-01,WMS
IM-0001922,2025-08-31 02:43:00,P01,PRD-039,PRD-039,FG_SHIP,-1660,EA,WIP-01,WMS
IM-0001923,2026-06-26 11:21:00,P03,PRD-049,PRD-049,FG_RECEIPT,1665,EA,RM-B,WMS
IM-0001924,2025-11-20 06:04:00,P02,PRD-024,PRD-024,FG_SHIP,-793,EA,RM-A,WMS
IM-0001925,2026-02-28 02:19:00,P02,MAT-012,PRD-006,RM_RECEIPT,1342,EA,WIP-01,WMS
IM-0001926,2026-04-23 12:13:00,P01,MAT-018,PRD-050,RM_ISSUE,-8989,EA,FG-02,WMS
IM-0001927,2025-11-23 00:55:00,P03,PRD-021,PRD-021,FG_RECEIPT,628,EA,FG-01,WMS
IM-0001928,2026-04-12 00:35:00,P02,MAT-031,PRD-043,RM_ISSUE,-2814,EA,FG-01,WMS
IM-0001929,2026-05-27 10:08:00,P02,PRD-072,PRD-072,FG_RECEIPT,917,EA,FG-01,WMS
IM-0001930,2025-11-29 08:10:00,P03,MAT-012,PRD-006,RM_RECEIPT,1572,EA,RM-A,WMS
IM-0001931,2026-03-27 09:20:00,P01,PRD-028,PRD-028,FG_RECEIPT,565,EA,WIP-01,WMS
IM-0001932,2026-07-02 01:07:00,P02,MAT-027,PRD-061,RM_ISSUE,-1704,EA,RM-B,WMS
IM-0001933,2026-01-09 00:41:00,P03,MAT-027,PRD-072,RM_ISSUE,-465,EA,FG-01,WMS
IM-0001934,2025-08-23 04:14:00,P01,MAT-026,PRD-028,RM_RECEIPT,1425,EA,FG-02,WMS
IM-0001935,2026-06-07 18:25:00,P01,MAT-012,PRD-006,RM_RECEIPT,3588,EA,WIP-01,WMS
IM-0001936,2026-07-07 15:24:00,P01,MAT-005,PRD-021,RM_RECEIPT,594,EA,RM-A,WMS
IM-0001937,2026-06-09 13:07:00,P02,MAT-019,PRD-004,RM_ISSUE,-1126,EA,RM-A,WMS
IM-0001938,2025-11-05 18:16:00,P02,PRD-004,PRD-004,FG_SHIP,-2475,EA,RM-A,WMS
IM-0001939,2026-07-13 02:49:00,P01,MAT-015,PRD-034,RM_RECEIPT,3106,EA,FG-01,WMS
IM-0001940,2026-07-21 20:06:00,P02,PRD-030,PRD-030,FG_RECEIPT,2145,EA,FG-02,WMS
IM-0001941,2025-08-14 13:53:00,P01,PRD-068,PRD-068,FG_SHIP,-3806,EA,RM-A,WMS
IM-0001942,2026-06-06 16:14:00,P01,MAT-005,PRD-033,RM_RECEIPT,782,EA,FG-02,WMS
IM-0001943,2025-10-25 04:24:00,P03,MAT-004,PRD-040,RM_ISSUE,-912,EA,RM-A,WMS
IM-0001944,2026-03-29 17:35:00,P02,PRD-056,PRD-056,FG_SHIP,-1230,EA,RM-A,WMS
IM-0001945,2025-10-16 02:22:00,P02,MAT-026,PRD-057,RM_RECEIPT,2742,EA,RM-A,WMS
IM-0001946,2026-06-22 18:57:00,P03,MAT-007,PRD-055,RM_ISSUE,-2201,EA,FG-02,WMS
IM-0001947,2025-12-13 13:10:00,P02,PRD-052,PRD-052,FG_SHIP,-1198,EA,FG-01,WMS
IM-0001948,2025-12-24 11:16:00,P02,MAT-023,PRD-007,RM_ISSUE,-4096,EA,FG-02,WMS
IM-0001949,2025-12-02 10:30:00,P01,PRD-075,PRD-075,FG_SHIP,-947,EA,WIP-01,WMS
IM-0001950,2025-10-28 06:48:00,P01,MAT-031,PRD-043,RM_ISSUE,-9340,EA,RM-B,WMS
IM-0001951,2026-01-22 20:56:00,P03,MAT-010,PRD-037,RM_ISSUE,-4422,EA,WIP-01,WMS
IM-0001952,2025-12-29 12:23:00,P01,PRD-022,PRD-022,ADJUSTMENT,842,EA,FG-01,WMS
IM-0001953,2025-10-31 11:17:00,P01,MAT-017,PRD-079,RM_RECEIPT,526,EA,WIP-01,WMS
IM-0001954,2025-08-16 13:35:00,P01,MAT-029,PRD-045,RM_RECEIPT,1289,EA,RM-A,WMS
IM-0001955,2025-10-29 23:22:00,P02,PRD-078,PRD-078,FG_RECEIPT,778,EA,FG-01,WMS
IM-0001956,2025-11-12 19:38:00,P02,MAT-004,PRD-048,RM_ISSUE,-1855,EA,WIP-01,WMS
IM-0001957,2026-02-19 13:24:00,P02,PRD-024,PRD-024,FG_SHIP,-10174,EA,FG-01,WMS
IM-0001958,2025-11-08 12:47:00,P01,MAT-014,PRD-068,RM_RECEIPT,3168,EA,WIP-01,WMS
IM-0001959,2025-10-21 02:27:00,P02,MAT-030,PRD-062,RM_ISSUE,-1309,EA,FG-02,WMS
IM-0001960,2026-02-08 16:48:00,P03,MAT-029,PRD-031,RM_ISSUE,-5003,EA,WIP-01,WMS
IM-0001961,2026-01-09 06:58:00,P03,PRD-073,PRD-073,FG_RECEIPT,1226,EA,RM-B,WMS
IM-0001962,2026-04-16 02:41:00,P02,PRD-001,PRD-001,FG_RECEIPT,575,EA,WIP-01,WMS
IM-0001963,2026-05-05 04:13:00,P01,PRD-001,PRD-001,FG_RECEIPT,3890,EA,WIP-01,WMS
IM-0001964,2025-09-09 18:36:00,P01,PRD-027,PRD-027,FG_RECEIPT,1881,EA,FG-01,WMS
IM-0001965,2025-10-23 23:12:00,P03,MAT-020,PRD-010,RM_RECEIPT,1607,EA,FG-01,WMS
IM-0001966,2026-02-18 19:48:00,P01,PRD-074,PRD-074,FG_RECEIPT,320,EA,RM-A,WMS
IM-0001967,2025-09-19 00:43:00,P01,PRD-065,PRD-065,FG_RECEIPT,828,EA,FG-02,WMS
IM-0001968,2025-10-16 16:22:00,P03,PRD-045,PRD-045,FG_SHIP,-1432,EA,FG-02,WMS
IM-0001969,2026-06-13 07:10:00,P01,PRD-069,PRD-069,FG_RECEIPT,4355,EA,RM-A,WMS
IM-0001970,2026-02-10 03:22:00,P02,PRD-080,PRD-080,FG_SHIP,-3541,EA,FG-02,WMS
IM-0001971,2026-04-03 06:51:00,P02,MAT-022,PRD-073,RM_ISSUE,-825,EA,WIP-01,WMS
IM-0001972,2026-04-28 01:50:00,P03,PRD-016,PRD-016,FG_SHIP,-3752,EA,RM-A,WMS
IM-0001973,2025-11-26 21:06:00,P02,PRD-053,PRD-053,FG_SHIP,-2060,EA,WIP-01,WMS
IM-0001974,2026-05-30 03:25:00,P03,PRD-020,PRD-020,FG_RECEIPT,1060,EA,FG-02,WMS
IM-0001975,2025-11-17 06:51:00,P03,MAT-033,PRD-044,RM_RECEIPT,556,EA,FG-02,WMS
IM-0001976,2026-04-24 22:40:00,P01,PRD-030,PRD-030,FG_RECEIPT,604,EA,WIP-01,WMS
IM-0001977,2025-11-09 06:39:00,P01,MAT-026,PRD-028,RM_RECEIPT,7212,EA,WIP-01,WMS
IM-0001978,2026-01-24 20:09:00,P03,PRD-009,PRD-009,FG_SHIP,-1508,EA,FG-01,WMS
IM-0001979,2026-03-05 08:11:00,P03,PRD-017,PRD-017,FG_RECEIPT,4949,EA,WIP-01,WMS
IM-0001980,2026-04-11 02:23:00,P02,PRD-062,PRD-062,FG_RECEIPT,7136,EA,RM-A,WMS
IM-0001981,2025-10-15 00:49:00,P01,PRD-010,PRD-010,ADJUSTMENT,815,EA,WIP-01,WMS
IM-0001982,2026-06-23 20:19:00,P03,MAT-018,PRD-002,RM_RECEIPT,3019,EA,RM-A,WMS
IM-0001983,2026-01-18 18:56:00,P03,MAT-030,PRD-009,RM_ISSUE,-908,EA,FG-01,WMS
IM-0001984,2025-12-23 14:18:00,P03,MAT-015,PRD-034,RM_RECEIPT,138,EA,FG-01,WMS
IM-0001985,2026-06-29 17:16:00,P01,PRD-066,PRD-066,FG_RECEIPT,3757,EA,FG-02,WMS
IM-0001986,2026-04-28 14:41:00,P02,PRD-003,PRD-003,ADJUSTMENT,16426,EA,RM-A,WMS
IM-0001987,2025-10-23 15:04:00,P01,PRD-018,PRD-018,FG_RECEIPT,1803,EA,RM-A,WMS
IM-0001988,2025-08-21 03:37:00,P02,PRD-052,PRD-052,FG_SHIP,-2620,EA,RM-A,WMS
IM-0001989,2025-09-15 23:06:00,P02,MAT-018,PRD-026,RM_RECEIPT,3857,EA,RM-A,WMS
IM-0001990,2025-10-15 15:55:00,P01,PRD-048,PRD-048,FG_SHIP,-699,EA,FG-02,WMS
IM-0001991,2025-08-21 03:49:00,P01,PRD-056,PRD-056,FG_RECEIPT,1315,EA,WIP-01,WMS
IM-0001992,2026-05-20 16:31:00,P01,PRD-011,PRD-011,FG_SHIP,-444,EA,WIP-01,WMS
IM-0001993,2026-01-09 19:46:00,P01,PRD-046,PRD-046,FG_RECEIPT,4629,EA,FG-01,WMS
IM-0001994,2026-06-18 20:10:00,P03,MAT-030,PRD-060,RM_RECEIPT,1137,EA,RM-B,WMS
IM-0001995,2025-10-05 22:59:00,P03,PRD-077,PRD-077,FG_RECEIPT,4179,EA,FG-02,WMS
IM-0001996,2026-04-25 02:31:00,P01,MAT-003,PRD-014,RM_ISSUE,-3655,EA,FG-02,WMS
IM-0001997,2026-01-30 16:21:00,P02,PRD-050,PRD-050,FG_RECEIPT,1674,EA,WIP-01,WMS
IM-0001998,2026-05-03 00:40:00,P03,PRD-015,PRD-015,FG_RECEIPT,1073,EA,WIP-01,WMS
IM-0001999,2026-02-21 03:25:00,P03,MAT-037,PRD-051,RM_ISSUE,-1797,EA,WIP-01,WMS
IM-0002000,2026-05-31 05:53:00,P02,PRD-039,PRD-039,FG_RECEIPT,1146,EA,FG-02,WMS
IM-0002001,2025-09-11 02:17:00,P02,PRD-044,PRD-044,FG_RECEIPT,3306,EA,FG-01,WMS
IM-0002002,2026-05-12 15:40:00,P03,PRD-073,PRD-073,FG_RECEIPT,267,EA,FG-02,WMS
IM-0002003,2026-06-12 21:24:00,P03,MAT-005,PRD-021,RM_RECEIPT,717,EA,RM-A,WMS
IM-0002004,2025-12-26 02:33:00,P02,MAT-010,PRD-037,RM_ISSUE,-1839,EA,RM-A,WMS
IM-0002005,2025-08-02 09:15:00,P02,PRD-074,PRD-074,FG_RECEIPT,2376,EA,RM-B,WMS
IM-0002006,2025-09-07 03:37:00,P03,PRD-015,PRD-015,FG_RECEIPT,637,EA,RM-A,WMS
IM-0002007,2026-04-15 06:29:00,P01,PRD-036,PRD-036,FG_SHIP,-1531,EA,RM-A,WMS
IM-0002008,2025-08-22 19:37:00,P03,PRD-002,PRD-002,FG_SHIP,-2607,EA,RM-A,WMS
IM-0002009,2025-08-27 11:47:00,P02,MAT-006,PRD-001,RM_ISSUE,-659,EA,RM-B,WMS
IM-0002010,2026-01-07 10:07:00,P03,MAT-035,PRD-066,RM_ISSUE,-985,EA,FG-02,WMS
IM-0002011,2026-07-19 18:37:00,P03,PRD-075,PRD-075,FG_SHIP,-2525,EA,WIP-01,WMS
IM-0002012,2025-12-17 02:10:00,P02,PRD-072,PRD-072,FG_RECEIPT,3157,EA,RM-A,WMS
IM-0002013,2025-10-24 01:11:00,P01,MAT-014,PRD-070,RM_ISSUE,-826,EA,FG-01,WMS
IM-0002014,2026-07-09 06:42:00,P02,MAT-015,PRD-025,RM_RECEIPT,1996,EA,RM-B,WMS
IM-0002015,2026-04-01 13:39:00,P02,MAT-030,PRD-009,RM_RECEIPT,3727,EA,FG-01,WMS
IM-0002016,2026-07-26 01:34:00,P03,PRD-054,PRD-054,FG_RECEIPT,1060,EA,RM-A,WMS
IM-0002017,2025-10-11 10:46:00,P02,MAT-014,PRD-070,RM_RECEIPT,6027,EA,WIP-01,WMS
IM-0002018,2025-12-17 20:23:00,P03,MAT-015,PRD-034,RM_ISSUE,-537,EA,FG-01,WMS
IM-0002019,2026-04-14 16:15:00,P03,PRD-067,PRD-067,FG_RECEIPT,710,EA,FG-01,WMS
IM-0002020,2026-03-10 03:40:00,P01,PRD-020,PRD-020,FG_SHIP,-198,EA,RM-A,WMS
IM-0002021,2026-01-14 20:56:00,P01,PRD-006,PRD-006,FG_SHIP,-3686,EA,WIP-01,WMS
IM-0002022,2026-05-16 08:29:00,P01,PRD-028,PRD-028,FG_RECEIPT,1868,EA,FG-02,WMS
IM-0002023,2025-08-23 00:47:00,P02,PRD-071,PRD-071,FG_RECEIPT,998,EA,RM-B,WMS
IM-0002024,2025-10-14 08:08:00,P01,MAT-030,PRD-060,RM_RECEIPT,2165,EA,FG-01,WMS
IM-0002025,2025-12-19 08:27:00,P01,PRD-032,PRD-032,FG_RECEIPT,606,EA,FG-01,WMS
IM-0002026,2026-05-23 03:48:00,P02,PRD-001,PRD-001,FG_SHIP,-2092,EA,RM-B,WMS
IM-0002027,2025-08-22 06:51:00,P01,MAT-004,PRD-040,RM_RECEIPT,3949,EA,FG-02,WMS
IM-0002028,2025-09-03 10:12:00,P02,PRD-049,PRD-049,FG_RECEIPT,7070,EA,RM-B,WMS
IM-0002029,2025-11-19 10:33:00,P01,PRD-066,PRD-066,FG_RECEIPT,1123,EA,FG-01,WMS
IM-0002030,2026-05-13 07:35:00,P01,MAT-018,PRD-030,RM_ISSUE,-6305,EA,WIP-01,WMS
IM-0002031,2026-02-09 18:20:00,P02,PRD-020,PRD-020,FG_RECEIPT,830,EA,RM-B,WMS
IM-0002032,2026-05-04 22:10:00,P01,PRD-077,PRD-077,FG_RECEIPT,2884,EA,WIP-01,WMS
IM-0002033,2026-04-25 07:27:00,P02,MAT-020,PRD-010,RM_ISSUE,-3807,EA,FG-02,WMS
IM-0002034,2026-04-11 10:23:00,P01,MAT-005,PRD-058,RM_RECEIPT,2365,EA,FG-01,WMS
IM-0002035,2026-01-22 14:22:00,P02,MAT-003,PRD-014,RM_ISSUE,-3108,EA,FG-01,WMS
IM-0002036,2026-01-22 07:51:00,P03,PRD-075,PRD-075,FG_SHIP,-1370,EA,RM-A,WMS
IM-0002037,2025-08-13 06:34:00,P03,PRD-012,PRD-012,ADJUSTMENT,910,EA,WIP-01,WMS
IM-0002038,2026-02-22 17:55:00,P02,PRD-026,PRD-026,FG_SHIP,-3567,EA,FG-01,WMS
IM-0002039,2025-12-26 15:11:00,P03,MAT-010,PRD-063,RM_RECEIPT,4039,EA,FG-02,WMS
IM-0002040,2025-10-02 08:13:00,P03,MAT-033,PRD-044,RM_ISSUE,-675,EA,RM-A,WMS
IM-0002041,2025-11-05 16:14:00,P03,PRD-029,PRD-029,FG_RECEIPT,1757,EA,RM-A,WMS
IM-0002042,2025-10-01 18:42:00,P03,PRD-043,PRD-043,FG_RECEIPT,16507,EA,FG-01,WMS
IM-0002043,2026-01-11 04:55:00,P01,PRD-010,PRD-010,FG_SHIP,-1348,EA,RM-A,WMS
IM-0002044,2025-11-09 00:36:00,P01,MAT-014,PRD-070,RM_ISSUE,-2716,EA,WIP-01,WMS
IM-0002045,2026-06-07 16:23:00,P01,MAT-031,PRD-008,RM_RECEIPT,2156,EA,RM-B,WMS
IM-0002046,2025-08-26 17:56:00,P02,MAT-003,PRD-049,RM_ISSUE,-6927,EA,WIP-01,WMS
IM-0002047,2026-03-22 20:49:00,P01,MAT-020,PRD-010,RM_ISSUE,-2544,EA,FG-02,WMS
IM-0002048,2026-04-23 21:06:00,P02,PRD-012,PRD-012,FG_SHIP,-2325,EA,WIP-01,WMS
IM-0002049,2026-04-17 12:11:00,P01,PRD-028,PRD-028,FG_RECEIPT,3077,EA,FG-01,WMS
IM-0002050,2026-02-02 22:13:00,P03,PRD-017,PRD-017,FG_SHIP,-2060,EA,WIP-01,WMS
IM-0002051,2026-01-08 15:01:00,P01,MAT-030,PRD-009,RM_RECEIPT,1988,EA,RM-A,WMS
IM-0002052,2026-07-01 23:05:00,P03,MAT-037,PRD-051,RM_RECEIPT,960,EA,FG-02,WMS
IM-0002053,2026-04-03 05:49:00,P01,PRD-068,PRD-068,FG_RECEIPT,1612,EA,FG-02,WMS
IM-0002054,2025-12-19 10:50:00,P03,MAT-007,PRD-055,RM_RECEIPT,618,EA,RM-A,WMS
IM-0002055,2025-09-01 07:50:00,P02,MAT-018,PRD-067,RM_RECEIPT,3391,EA,WIP-01,WMS
IM-0002056,2026-06-10 15:35:00,P03,PRD-016,PRD-016,FG_SHIP,-572,EA,FG-02,WMS
IM-0002057,2026-06-07 21:15:00,P03,MAT-008,PRD-065,RM_ISSUE,-2265,EA,RM-A,WMS
IM-0002058,2026-04-12 05:00:00,P01,PRD-077,PRD-077,FG_RECEIPT,4901,EA,WIP-01,WMS
IM-0002059,2025-11-11 09:02:00,P03,PRD-038,PRD-038,FG_SHIP,-3212,EA,FG-02,WMS
IM-0002060,2026-02-22 23:28:00,P01,PRD-049,PRD-049,FG_RECEIPT,1605,EA,WIP-01,WMS
IM-0002061,2025-09-11 19:13:00,P02,PRD-044,PRD-044,FG_SHIP,-3686,EA,WIP-01,WMS
IM-0002062,2026-07-05 17:30:00,P03,MAT-029,PRD-031,RM_RECEIPT,289,EA,WIP-01,WMS
IM-0002063,2026-06-22 19:01:00,P03,MAT-003,PRD-049,RM_ISSUE,-2606,EA,RM-B,WMS
IM-0002064,2026-02-04 23:02:00,P01,MAT-033,PRD-017,RM_RECEIPT,1516,EA,FG-02,WMS
IM-0002065,2026-06-28 11:09:00,P02,PRD-067,PRD-067,FG_SHIP,-5005,EA,FG-02,WMS
IM-0002066,2025-10-18 20:28:00,P02,MAT-004,PRD-032,RM_ISSUE,-1133,EA,FG-02,WMS
IM-0002067,2026-02-15 11:11:00,P01,MAT-018,PRD-030,RM_RECEIPT,564,EA,RM-B,WMS
IM-0002068,2025-09-04 23:04:00,P03,MAT-015,PRD-025,RM_RECEIPT,1966,EA,FG-01,WMS
IM-0002069,2025-10-22 19:59:00,P01,PRD-048,PRD-048,FG_RECEIPT,1174,EA,FG-02,WMS
IM-0002070,2025-10-11 13:34:00,P01,MAT-018,PRD-067,RM_RECEIPT,1662,EA,WIP-01,WMS
IM-0002071,2026-04-01 23:14:00,P01,PRD-053,PRD-053,ADJUSTMENT,640,EA,RM-A,WMS
IM-0002072,2025-12-22 01:53:00,P03,PRD-024,PRD-024,FG_SHIP,-1878,EA,RM-A,WMS
IM-0002073,2026-05-31 16:43:00,P03,MAT-022,PRD-073,RM_RECEIPT,4222,EA,FG-02,WMS
IM-0002074,2026-05-26 17:03:00,P01,MAT-018,PRD-050,RM_ISSUE,-5351,EA,FG-01,WMS
IM-0002075,2025-11-23 14:00:00,P03,PRD-026,PRD-026,FG_RECEIPT,2752,EA,RM-B,WMS
IM-0002076,2025-11-13 06:25:00,P01,PRD-027,PRD-027,FG_SHIP,-485,EA,WIP-01,WMS
IM-0002077,2026-07-23 19:11:00,P02,PRD-054,PRD-054,FG_SHIP,-4307,EA,WIP-01,WMS
IM-0002078,2026-01-08 10:49:00,P02,MAT-018,PRD-030,RM_RECEIPT,1440,EA,RM-B,WMS
IM-0002079,2026-06-03 16:51:00,P03,PRD-038,PRD-038,ADJUSTMENT,4277,EA,FG-02,WMS
IM-0002080,2026-01-31 09:58:00,P02,PRD-065,PRD-065,FG_RECEIPT,3255,EA,RM-B,WMS
IM-0002081,2025-08-21 20:25:00,P01,MAT-033,PRD-017,RM_RECEIPT,468,EA,RM-B,WMS
IM-0002082,2026-04-21 03:02:00,P01,PRD-005,PRD-005,FG_SHIP,-10168,EA,WIP-01,WMS
IM-0002083,2025-08-14 20:20:00,P03,PRD-043,PRD-043,FG_RECEIPT,1044,EA,RM-A,WMS
IM-0002084,2025-09-12 11:49:00,P01,MAT-024,PRD-013,RM_ISSUE,-1113,EA,WIP-01,WMS
IM-0002085,2026-07-19 23:59:00,P01,PRD-040,PRD-040,FG_RECEIPT,1065,EA,WIP-01,WMS
IM-0002086,2026-02-19 21:58:00,P01,MAT-031,PRD-008,RM_ISSUE,-422,EA,FG-01,WMS
IM-0002087,2025-10-05 17:55:00,P02,PRD-050,PRD-050,FG_RECEIPT,2868,EA,FG-02,WMS
IM-0002088,2026-02-03 19:14:00,P01,PRD-061,PRD-061,FG_SHIP,-2377,EA,FG-02,WMS
IM-0002089,2026-01-20 00:55:00,P02,PRD-034,PRD-034,ADJUSTMENT,3228,EA,WIP-01,WMS
IM-0002090,2026-05-02 00:58:00,P01,MAT-022,PRD-047,RM_ISSUE,-161,EA,FG-02,WMS
IM-0002091,2026-07-03 00:53:00,P03,PRD-045,PRD-045,FG_SHIP,-3163,EA,FG-02,WMS
IM-0002092,2026-01-25 17:46:00,P01,MAT-025,PRD-035,RM_RECEIPT,1396,EA,FG-02,WMS
IM-0002093,2026-04-17 02:49:00,P03,PRD-059,PRD-059,FG_RECEIPT,934,EA,FG-02,WMS
IM-0002094,2025-09-15 17:40:00,P03,MAT-004,PRD-048,RM_RECEIPT,1171,EA,FG-01,WMS
IM-0002095,2026-04-24 05:17:00,P03,MAT-003,PRD-049,RM_RECEIPT,358,EA,RM-A,WMS
IM-0002096,2026-07-03 15:44:00,P02,MAT-032,PRD-077,RM_RECEIPT,994,EA,WIP-01,WMS
IM-0002097,2026-06-17 12:42:00,P03,MAT-031,PRD-008,RM_RECEIPT,3245,EA,RM-B,WMS
IM-0002098,2026-05-14 04:49:00,P02,PRD-065,PRD-065,FG_RECEIPT,1718,EA,RM-A,WMS
IM-0002099,2025-11-24 20:22:00,P01,PRD-073,PRD-073,FG_RECEIPT,803,EA,FG-02,WMS
IM-0002100,2026-06-13 11:16:00,P02,PRD-066,PRD-066,FG_SHIP,-2098,EA,RM-A,WMS
IM-0002101,2026-06-21 17:27:00,P03,PRD-059,PRD-059,FG_RECEIPT,8569,EA,FG-01,WMS
IM-0002102,2026-05-01 09:35:00,P02,PRD-070,PRD-070,FG_RECEIPT,2525,EA,RM-B,WMS
IM-0002103,2025-08-01 19:48:00,P01,MAT-030,PRD-009,RM_ISSUE,-1124,EA,RM-B,WMS
IM-0002104,2026-01-08 21:11:00,P01,PRD-073,PRD-073,FG_RECEIPT,7787,EA,RM-A,WMS
IM-0002105,2025-12-07 06:35:00,P01,MAT-030,PRD-064,RM_RECEIPT,4566,EA,FG-02,WMS
IM-0002106,2026-05-08 10:57:00,P03,MAT-012,PRD-011,RM_RECEIPT,3354,EA,FG-02,WMS
IM-0002107,2026-01-20 03:10:00,P03,MAT-035,PRD-016,RM_ISSUE,-1196,EA,RM-A,WMS
IM-0002108,2026-04-12 21:56:00,P03,PRD-072,PRD-072,FG_SHIP,-1487,EA,RM-B,WMS
IM-0002109,2026-06-04 13:31:00,P01,PRD-041,PRD-041,ADJUSTMENT,2167,EA,FG-01,WMS
IM-0002110,2026-06-10 21:15:00,P01,PRD-073,PRD-073,FG_RECEIPT,8378,EA,RM-B,WMS
IM-0002111,2025-08-12 04:04:00,P03,MAT-037,PRD-051,RM_RECEIPT,1504,EA,FG-01,WMS
IM-0002112,2026-05-20 00:07:00,P02,MAT-018,PRD-054,RM_ISSUE,-1692,EA,RM-B,WMS
IM-0002113,2025-11-14 09:44:00,P03,PRD-033,PRD-033,FG_RECEIPT,1503,EA,FG-01,WMS
IM-0002114,2026-04-17 10:02:00,P02,PRD-039,PRD-039,FG_RECEIPT,343,EA,RM-B,WMS
IM-0002115,2026-04-01 21:04:00,P02,PRD-062,PRD-062,ADJUSTMENT,13722,EA,WIP-01,WMS
IM-0002116,2026-07-29 01:12:00,P02,MAT-025,PRD-035,RM_RECEIPT,367,EA,RM-A,WMS
IM-0002117,2026-06-25 11:03:00,P01,PRD-039,PRD-039,FG_SHIP,-2803,EA,RM-B,WMS
IM-0002118,2025-08-12 14:49:00,P01,PRD-043,PRD-043,FG_RECEIPT,716,EA,RM-B,WMS
IM-0002119,2025-12-22 17:19:00,P02,MAT-022,PRD-073,RM_ISSUE,-2023,EA,RM-A,WMS
IM-0002120,2026-05-18 03:39:00,P01,MAT-003,PRD-049,RM_ISSUE,-6320,EA,FG-02,WMS
IM-0002121,2026-02-13 17:40:00,P01,MAT-033,PRD-044,RM_RECEIPT,1368,EA,RM-B,WMS
IM-0002122,2026-03-11 18:37:00,P02,MAT-020,PRD-010,RM_RECEIPT,2890,EA,FG-02,WMS
IM-0002123,2026-07-26 11:50:00,P01,PRD-062,PRD-062,FG_SHIP,-3125,EA,FG-01,WMS
IM-0002124,2026-01-22 23:59:00,P01,PRD-064,PRD-064,FG_SHIP,-978,EA,WIP-01,WMS
IM-0002125,2025-12-08 22:52:00,P03,PRD-062,PRD-062,FG_RECEIPT,2655,EA,FG-01,WMS
IM-0002126,2026-02-13 03:48:00,P02,MAT-010,PRD-027,RM_RECEIPT,225,EA,FG-01,WMS
IM-0002127,2025-08-10 08:50:00,P03,PRD-067,PRD-067,ADJUSTMENT,744,EA,FG-01,WMS
IM-0002128,2026-03-16 05:23:00,P02,MAT-014,PRD-068,RM_ISSUE,-706,EA,RM-A,WMS
IM-0002129,2026-07-11 07:44:00,P02,PRD-014,PRD-014,FG_SHIP,-1306,EA,FG-02,WMS
IM-0002130,2025-12-04 23:35:00,P02,MAT-002,PRD-069,RM_RECEIPT,1549,EA,FG-02,WMS
IM-0002131,2025-12-04 01:29:00,P02,PRD-060,PRD-060,FG_SHIP,-4949,EA,FG-02,WMS
IM-0002132,2025-08-31 20:30:00,P01,PRD-070,PRD-070,FG_SHIP,-979,EA,RM-B,WMS
IM-0002133,2025-10-15 21:07:00,P03,PRD-038,PRD-038,FG_RECEIPT,3679,EA,RM-B,WMS
IM-0002134,2025-08-06 12:09:00,P01,PRD-009,PRD-009,ADJUSTMENT,3007,EA,RM-A,WMS
IM-0002135,2025-12-03 01:13:00,P01,MAT-033,PRD-022,RM_RECEIPT,1236,EA,FG-02,WMS
IM-0002136,2025-10-30 06:27:00,P02,PRD-028,PRD-028,FG_RECEIPT,1467,EA,FG-01,WMS
IM-0002137,2025-08-28 03:29:00,P01,MAT-018,PRD-002,RM_ISSUE,-1919,EA,FG-02,WMS
IM-0002138,2025-09-24 01:00:00,P01,MAT-018,PRD-050,RM_ISSUE,-2083,EA,RM-B,WMS
IM-0002139,2025-11-20 11:14:00,P02,PRD-038,PRD-038,FG_RECEIPT,1092,EA,WIP-01,WMS
IM-0002140,2026-01-22 09:01:00,P02,PRD-061,PRD-061,FG_RECEIPT,1079,EA,FG-01,WMS
IM-0002141,2026-06-22 15:43:00,P03,MAT-030,PRD-041,RM_ISSUE,-734,EA,FG-02,WMS
IM-0002142,2025-08-26 20:13:00,P01,PRD-018,PRD-018,FG_SHIP,-1547,EA,FG-02,WMS
IM-0002143,2026-06-01 18:48:00,P03,PRD-020,PRD-020,FG_RECEIPT,1334,EA,RM-B,WMS
IM-0002144,2026-06-07 03:48:00,P03,PRD-003,PRD-003,FG_RECEIPT,3256,EA,FG-02,WMS
IM-0002145,2026-02-25 00:22:00,P01,MAT-035,PRD-066,RM_RECEIPT,1230,EA,RM-A,WMS
IM-0002146,2026-03-05 07:48:00,P03,MAT-032,PRD-005,RM_ISSUE,-3451,EA,RM-B,WMS
IM-0002147,2026-04-10 12:30:00,P01,PRD-006,PRD-006,FG_SHIP,-2167,EA,WIP-01,WMS
IM-0002148,2026-02-03 06:10:00,P02,PRD-064,PRD-064,FG_SHIP,-1284,EA,FG-01,WMS
IM-0002149,2026-07-31 09:51:00,P02,MAT-001,PRD-039,RM_ISSUE,-6976,EA,WIP-01,WMS
IM-0002150,2026-05-25 21:26:00,P01,PRD-025,PRD-025,FG_SHIP,-768,EA,WIP-01,WMS
IM-0002151,2025-10-30 21:42:00,P02,MAT-005,PRD-021,RM_RECEIPT,18339,EA,RM-B,WMS
IM-0002152,2025-09-07 18:46:00,P03,MAT-004,PRD-048,RM_RECEIPT,1508,EA,RM-A,WMS
IM-0002153,2026-07-17 11:51:00,P02,PRD-012,PRD-012,FG_SHIP,-12129,EA,FG-01,WMS
IM-0002154,2026-01-17 21:20:00,P02,MAT-027,PRD-061,RM_ISSUE,-3243,EA,WIP-01,WMS
IM-0002155,2025-11-06 09:23:00,P01,MAT-037,PRD-051,RM_ISSUE,-398,EA,FG-01,WMS
IM-0002156,2026-02-24 01:40:00,P03,PRD-046,PRD-046,FG_SHIP,-934,EA,RM-A,WMS
IM-0002157,2025-12-20 08:31:00,P01,PRD-013,PRD-013,FG_RECEIPT,6220,EA,FG-01,WMS
IM-0002158,2025-09-15 02:14:00,P02,MAT-032,PRD-038,RM_RECEIPT,7392,EA,RM-B,WMS
IM-0002159,2025-10-26 04:17:00,P02,MAT-014,PRD-070,RM_RECEIPT,1249,EA,FG-02,WMS
IM-0002160,2026-04-10 20:49:00,P01,MAT-025,PRD-035,RM_ISSUE,-10739,EA,WIP-01,WMS
IM-0002161,2026-06-21 01:24:00,P03,MAT-032,PRD-077,RM_ISSUE,-1315,EA,FG-01,WMS
IM-0002162,2025-11-15 03:16:00,P01,PRD-024,PRD-024,FG_RECEIPT,2109,EA,FG-02,WMS
IM-0002163,2026-07-29 07:11:00,P01,MAT-003,PRD-014,RM_RECEIPT,1607,EA,FG-01,WMS
IM-0002164,2026-03-05 02:52:00,P02,PRD-012,PRD-012,FG_RECEIPT,4643,EA,FG-01,WMS
IM-0002165,2025-09-09 11:40:00,P03,PRD-061,PRD-061,FG_SHIP,-902,EA,FG-01,WMS
IM-0002166,2026-02-26 16:04:00,P01,MAT-030,PRD-062,RM_ISSUE,-851,EA,RM-A,WMS
IM-0002167,2026-01-03 02:57:00,P03,PRD-004,PRD-004,FG_SHIP,-2057,EA,RM-B,WMS
IM-0002168,2026-02-21 12:22:00,P01,MAT-026,PRD-028,RM_RECEIPT,3642,EA,RM-A,WMS
IM-0002169,2026-01-15 22:12:00,P01,PRD-044,PRD-044,FG_SHIP,-3320,EA,RM-B,WMS
IM-0002170,2025-12-14 04:34:00,P01,MAT-029,PRD-045,RM_ISSUE,-852,EA,FG-02,WMS
IM-0002171,2025-11-17 07:54:00,P03,MAT-037,PRD-051,RM_RECEIPT,1633,EA,RM-B,WMS
IM-0002172,2025-11-01 19:02:00,P03,MAT-029,PRD-031,RM_ISSUE,-3878,EA,RM-B,WMS
IM-0002173,2025-12-27 01:05:00,P02,MAT-027,PRD-061,RM_RECEIPT,605,EA,RM-B,WMS
IM-0002174,2025-12-25 12:51:00,P01,PRD-008,PRD-008,ADJUSTMENT,3508,EA,FG-02,WMS
IM-0002175,2025-11-13 01:19:00,P02,PRD-063,PRD-063,FG_RECEIPT,2452,EA,WIP-01,WMS
IM-0002176,2026-06-23 21:46:00,P03,PRD-038,PRD-038,FG_SHIP,-8357,EA,RM-A,WMS
IM-0002177,2026-03-16 22:20:00,P03,MAT-019,PRD-071,RM_ISSUE,-5273,EA,WIP-01,WMS
IM-0002178,2025-12-12 12:06:00,P01,PRD-065,PRD-065,FG_SHIP,-1312,EA,RM-A,WMS
IM-0002179,2026-07-22 18:42:00,P03,MAT-001,PRD-039,RM_RECEIPT,4489,EA,WIP-01,WMS
IM-0002180,2026-01-06 00:58:00,P01,MAT-032,PRD-015,RM_RECEIPT,1062,EA,FG-01,WMS
IM-0002181,2025-12-16 23:57:00,P03,MAT-024,PRD-003,RM_ISSUE,-554,EA,FG-01,WMS
IM-0002182,2025-08-11 19:21:00,P01,PRD-065,PRD-065,FG_RECEIPT,797,EA,FG-02,WMS
IM-0002183,2025-08-30 11:31:00,P02,MAT-012,PRD-006,RM_RECEIPT,2223,EA,WIP-01,WMS
IM-0002184,2025-11-07 23:45:00,P03,MAT-019,PRD-004,RM_RECEIPT,760,EA,FG-01,WMS
IM-0002185,2025-10-26 20:10:00,P02,MAT-026,PRD-046,RM_RECEIPT,3048,EA,RM-B,WMS
IM-0002186,2025-08-16 12:19:00,P02,MAT-029,PRD-031,RM_RECEIPT,1645,EA,FG-02,WMS
IM-0002187,2026-07-01 07:50:00,P01,MAT-018,PRD-026,RM_RECEIPT,2147,EA,WIP-01,WMS
IM-0002188,2025-12-30 19:45:00,P02,MAT-025,PRD-035,RM_RECEIPT,3777,EA,FG-02,WMS
IM-0002189,2025-08-04 01:42:00,P02,MAT-022,PRD-042,RM_ISSUE,-1981,EA,RM-B,WMS
IM-0002190,2025-11-02 11:56:00,P02,PRD-054,PRD-054,FG_SHIP,-2047,EA,FG-01,WMS
IM-0002191,2026-07-04 00:44:00,P03,PRD-004,PRD-004,FG_RECEIPT,2025,EA,FG-01,WMS
IM-0002192,2025-10-12 19:20:00,P01,PRD-068,PRD-068,FG_RECEIPT,1636,EA,RM-B,WMS
IM-0002193,2026-07-28 22:35:00,P03,MAT-022,PRD-042,RM_RECEIPT,2197,EA,WIP-01,WMS
IM-0002194,2026-03-04 17:41:00,P01,MAT-004,PRD-048,RM_RECEIPT,2074,EA,WIP-01,WMS
IM-0002195,2025-10-15 15:13:00,P03,MAT-022,PRD-073,RM_RECEIPT,1789,EA,FG-02,WMS
IM-0002196,2025-10-07 00:31:00,P03,MAT-017,PRD-079,RM_ISSUE,-1237,EA,RM-A,WMS
IM-0002197,2026-01-16 07:12:00,P02,MAT-026,PRD-059,RM_ISSUE,-1900,EA,WIP-01,WMS
IM-0002198,2026-01-23 08:28:00,P02,MAT-024,PRD-003,RM_ISSUE,-4946,EA,FG-01,WMS
IM-0002199,2026-05-14 04:38:00,P02,PRD-040,PRD-040,FG_SHIP,-4116,EA,RM-A,WMS
IM-0002200,2026-01-29 20:27:00,P03,MAT-022,PRD-023,RM_ISSUE,-2095,EA,RM-A,WMS
IM-0002201,2025-08-26 16:00:00,P01,MAT-006,PRD-001,RM_RECEIPT,981,EA,RM-B,WMS
IM-0002202,2025-12-02 21:59:00,P03,MAT-027,PRD-072,RM_ISSUE,-3804,EA,FG-01,WMS
IM-0002203,2026-07-28 01:09:00,P03,MAT-018,PRD-050,RM_ISSUE,-2574,EA,RM-B,WMS
IM-0002204,2026-05-28 05:35:00,P02,MAT-022,PRD-042,RM_RECEIPT,783,EA,RM-B,WMS
IM-0002205,2026-05-12 05:38:00,P01,MAT-018,PRD-054,RM_ISSUE,-2633,EA,RM-A,WMS
IM-0002206,2026-05-09 22:43:00,P01,MAT-003,PRD-049,RM_RECEIPT,1173,EA,FG-02,WMS
IM-0002207,2026-07-26 12:35:00,P02,PRD-013,PRD-013,FG_RECEIPT,1951,EA,FG-02,WMS
IM-0002208,2026-07-18 05:22:00,P01,MAT-001,PRD-039,RM_ISSUE,-3676,EA,RM-B,WMS
IM-0002209,2025-11-19 14:34:00,P03,MAT-015,PRD-025,RM_RECEIPT,1279,EA,FG-02,WMS
IM-0002210,2026-07-31 05:06:00,P02,MAT-012,PRD-006,RM_RECEIPT,634,EA,FG-02,WMS
IM-0002211,2026-07-01 23:38:00,P03,PRD-013,PRD-013,FG_SHIP,-1590,EA,RM-B,WMS
IM-0002212,2025-10-14 23:55:00,P03,PRD-032,PRD-032,FG_RECEIPT,3852,EA,WIP-01,WMS
IM-0002213,2026-06-19 22:14:00,P03,MAT-033,PRD-044,RM_ISSUE,-3638,EA,FG-01,WMS
IM-0002214,2025-10-01 18:20:00,P01,MAT-006,PRD-001,RM_ISSUE,-2435,EA,FG-01,WMS
IM-0002215,2026-01-05 04:21:00,P02,MAT-016,PRD-029,RM_RECEIPT,716,EA,FG-01,WMS
IM-0002216,2025-10-23 21:10:00,P03,PRD-042,PRD-042,FG_RECEIPT,989,EA,FG-02,WMS
IM-0002217,2025-11-28 16:08:00,P03,PRD-013,PRD-013,ADJUSTMENT,2818,EA,FG-02,WMS
IM-0002218,2026-03-15 17:19:00,P02,MAT-001,PRD-074,RM_ISSUE,-2347,EA,FG-02,WMS
IM-0002219,2026-07-25 19:56:00,P01,MAT-008,PRD-036,RM_ISSUE,-1286,EA,RM-A,WMS
IM-0002220,2026-06-07 05:00:00,P01,PRD-001,PRD-001,FG_RECEIPT,3713,EA,FG-02,WMS
IM-0002221,2025-08-17 07:07:00,P02,PRD-035,PRD-035,FG_RECEIPT,436,EA,WIP-01,WMS
IM-0002222,2025-10-30 05:41:00,P02,MAT-014,PRD-070,RM_RECEIPT,1241,EA,RM-B,WMS
IM-0002223,2026-06-30 12:01:00,P03,PRD-041,PRD-041,FG_SHIP,-2514,EA,FG-02,WMS
IM-0002224,2025-11-10 23:57:00,P03,PRD-031,PRD-031,ADJUSTMENT,4997,EA,WIP-01,WMS
IM-0002225,2025-12-02 06:50:00,P02,MAT-005,PRD-058,RM_RECEIPT,1429,EA,RM-A,WMS
IM-0002226,2025-09-10 10:53:00,P02,PRD-062,PRD-062,FG_RECEIPT,2495,EA,RM-B,WMS
IM-0002227,2026-06-20 03:15:00,P03,MAT-035,PRD-016,RM_RECEIPT,1129,EA,WIP-01,WMS
IM-0002228,2026-06-04 19:18:00,P01,PRD-011,PRD-011,FG_RECEIPT,2084,EA,FG-02,WMS
IM-0002229,2026-06-07 08:50:00,P02,PRD-063,PRD-063,ADJUSTMENT,9719,EA,FG-02,WMS
IM-0002230,2025-12-15 08:09:00,P03,MAT-007,PRD-055,RM_RECEIPT,1098,EA,FG-01,WMS
IM-0002231,2026-06-26 07:27:00,P03,MAT-010,PRD-027,RM_ISSUE,-9513,EA,WIP-01,WMS
IM-0002232,2026-05-13 15:11:00,P01,MAT-004,PRD-048,RM_RECEIPT,1727,EA,FG-01,WMS
IM-0002233,2025-12-05 20:58:00,P02,PRD-050,PRD-050,FG_SHIP,-3918,EA,FG-01,WMS
IM-0002234,2026-04-09 00:40:00,P03,MAT-035,PRD-066,RM_RECEIPT,1864,EA,RM-A,WMS
IM-0002235,2025-10-30 18:44:00,P03,MAT-026,PRD-028,RM_RECEIPT,3032,EA,FG-01,WMS
IM-0002236,2025-08-25 00:02:00,P03,MAT-001,PRD-039,RM_ISSUE,-3882,EA,FG-02,WMS
IM-0002237,2025-12-09 09:07:00,P02,MAT-030,PRD-012,RM_RECEIPT,1823,EA,FG-02,WMS
IM-0002238,2025-10-05 06:33:00,P01,MAT-012,PRD-011,RM_ISSUE,-828,EA,WIP-01,WMS
IM-0002239,2026-01-02 12:59:00,P03,MAT-033,PRD-017,RM_ISSUE,-2387,EA,WIP-01,WMS
IM-0002240,2026-06-10 21:44:00,P02,MAT-025,PRD-035,RM_RECEIPT,3223,EA,RM-A,WMS
IM-0002241,2025-12-18 23:48:00,P03,MAT-030,PRD-062,RM_RECEIPT,1899,EA,FG-02,WMS
IM-0002242,2025-10-03 07:20:00,P02,MAT-018,PRD-067,RM_ISSUE,-4921,EA,RM-A,WMS
IM-0002243,2026-01-20 13:17:00,P02,MAT-022,PRD-023,RM_RECEIPT,1638,EA,RM-B,WMS
IM-0002244,2026-06-15 20:57:00,P01,PRD-039,PRD-039,FG_SHIP,-878,EA,RM-A,WMS
IM-0002245,2026-05-25 04:55:00,P01,PRD-004,PRD-004,FG_SHIP,-6172,EA,RM-A,WMS
IM-0002246,2026-02-11 04:12:00,P03,PRD-037,PRD-037,FG_RECEIPT,6562,EA,RM-B,WMS
IM-0002247,2026-05-20 10:56:00,P02,MAT-033,PRD-044,RM_ISSUE,-4518,EA,RM-B,WMS
IM-0002248,2025-08-06 17:58:00,P01,PRD-069,PRD-069,ADJUSTMENT,3016,EA,FG-01,WMS
IM-0002249,2025-11-18 12:49:00,P01,PRD-053,PRD-053,FG_RECEIPT,1904,EA,FG-02,WMS
IM-0002250,2025-09-26 13:07:00,P01,MAT-012,PRD-011,RM_ISSUE,-515,EA,FG-01,WMS
IM-0002251,2026-05-05 16:48:00,P01,MAT-018,PRD-026,RM_ISSUE,-4070,EA,WIP-01,WMS
IM-0002252,2025-08-24 08:03:00,P01,MAT-022,PRD-042,RM_ISSUE,-1251,EA,FG-02,WMS
IM-0002253,2026-04-13 13:05:00,P02,MAT-003,PRD-014,RM_RECEIPT,2642,EA,RM-A,WMS
IM-0002254,2026-06-13 10:08:00,P03,PRD-015,PRD-015,FG_SHIP,-1292,EA,RM-B,WMS
IM-0002255,2025-10-28 21:20:00,P03,PRD-078,PRD-078,FG_RECEIPT,1422,EA,RM-B,WMS
IM-0002256,2026-02-18 17:18:00,P02,MAT-022,PRD-023,RM_RECEIPT,3544,EA,FG-02,WMS
IM-0002257,2025-11-11 01:56:00,P01,MAT-030,PRD-041,RM_RECEIPT,842,EA,FG-01,WMS
IM-0002258,2025-12-03 03:11:00,P03,PRD-040,PRD-040,ADJUSTMENT,510,EA,WIP-01,WMS
IM-0002259,2025-11-05 12:39:00,P02,MAT-026,PRD-028,RM_ISSUE,-2589,EA,RM-A,WMS
IM-0002260,2026-03-27 11:49:00,P02,MAT-008,PRD-065,RM_ISSUE,-2507,EA,FG-02,WMS
IM-0002261,2026-07-12 04:45:00,P01,MAT-004,PRD-032,RM_RECEIPT,2315,EA,FG-02,WMS
IM-0002262,2026-05-03 01:33:00,P01,PRD-056,PRD-056,FG_RECEIPT,743,EA,WIP-01,WMS
IM-0002263,2025-09-21 14:36:00,P03,PRD-016,PRD-016,FG_SHIP,-3430,EA,FG-01,WMS
IM-0002264,2026-04-23 20:56:00,P02,MAT-024,PRD-013,RM_RECEIPT,881,EA,RM-B,WMS
IM-0002265,2026-07-27 02:32:00,P02,MAT-036,PRD-020,RM_RECEIPT,14300,EA,FG-01,WMS
IM-0002266,2026-05-19 13:42:00,P01,MAT-031,PRD-008,RM_RECEIPT,1107,EA,RM-A,WMS
IM-0002267,2026-06-09 12:46:00,P03,MAT-004,PRD-040,RM_RECEIPT,317,EA,RM-A,WMS
IM-0002268,2026-02-14 14:23:00,P01,PRD-024,PRD-024,FG_RECEIPT,747,EA,FG-02,WMS
IM-0002269,2026-01-29 20:09:00,P01,MAT-030,PRD-064,RM_ISSUE,-2161,EA,FG-01,WMS
IM-0002270,2026-05-17 01:49:00,P03,MAT-020,PRD-010,RM_RECEIPT,1142,EA,RM-B,WMS
IM-0002271,2026-04-01 04:31:00,P01,PRD-078,PRD-078,FG_SHIP,-780,EA,FG-02,WMS
IM-0002272,2025-09-21 00:51:00,P03,PRD-061,PRD-061,FG_RECEIPT,4967,EA,WIP-01,WMS
IM-0002273,2025-10-05 20:32:00,P01,PRD-062,PRD-062,FG_SHIP,-1005,EA,WIP-01,WMS
IM-0002274,2025-08-03 13:47:00,P03,MAT-035,PRD-016,RM_RECEIPT,4219,EA,WIP-01,WMS
IM-0002275,2025-09-25 04:00:00,P03,MAT-018,PRD-078,RM_ISSUE,-1779,EA,FG-02,WMS
IM-0002276,2025-08-22 04:25:00,P01,PRD-039,PRD-039,FG_RECEIPT,6146,EA,RM-B,WMS
IM-0002277,2026-03-22 16:44:00,P03,PRD-041,PRD-041,FG_RECEIPT,4721,EA,FG-01,WMS
IM-0002278,2025-09-16 21:31:00,P03,PRD-021,PRD-021,FG_RECEIPT,2055,EA,RM-B,WMS
IM-0002279,2025-11-10 19:49:00,P03,PRD-021,PRD-021,FG_SHIP,-3243,EA,FG-02,WMS
IM-0002280,2026-04-19 07:10:00,P02,MAT-030,PRD-062,RM_RECEIPT,745,EA,RM-B,WMS
IM-0002281,2025-11-10 09:17:00,P01,MAT-022,PRD-042,RM_RECEIPT,2831,EA,FG-01,WMS
IM-0002282,2026-03-19 02:37:00,P02,MAT-031,PRD-052,RM_RECEIPT,1332,EA,WIP-01,WMS
IM-0002283,2025-12-29 11:34:00,P01,PRD-006,PRD-006,FG_SHIP,-4917,EA,RM-A,WMS
IM-0002284,2026-07-17 01:48:00,P01,PRD-018,PRD-018,FG_SHIP,-2364,EA,FG-02,WMS
IM-0002285,2025-08-16 11:24:00,P02,PRD-002,PRD-002,ADJUSTMENT,1692,EA,RM-A,WMS
IM-0002286,2026-04-20 08:04:00,P02,MAT-033,PRD-044,RM_ISSUE,-9593,EA,FG-01,WMS
IM-0002287,2026-04-21 16:26:00,P01,PRD-078,PRD-078,FG_SHIP,-1020,EA,FG-01,WMS
IM-0002288,2026-06-12 02:34:00,P03,MAT-029,PRD-045,RM_RECEIPT,1937,EA,WIP-01,WMS
IM-0002289,2026-06-10 09:35:00,P03,PRD-030,PRD-030,FG_RECEIPT,759,EA,RM-B,WMS
IM-0002290,2026-07-01 00:06:00,P01,PRD-070,PRD-070,FG_SHIP,-1068,EA,RM-B,WMS
IM-0002291,2025-11-22 15:31:00,P03,PRD-040,PRD-040,FG_RECEIPT,1117,EA,RM-A,WMS
IM-0002292,2025-10-15 12:43:00,P02,MAT-018,PRD-050,RM_ISSUE,-692,EA,FG-02,WMS
IM-0002293,2026-05-03 23:44:00,P02,MAT-035,PRD-016,RM_ISSUE,-2399,EA,FG-01,WMS
IM-0002294,2025-11-13 16:28:00,P03,MAT-010,PRD-027,RM_RECEIPT,4529,EA,FG-01,WMS
IM-0002295,2025-10-31 07:25:00,P03,MAT-005,PRD-033,RM_ISSUE,-3579,EA,FG-01,WMS
IM-0002296,2026-03-17 12:17:00,P01,PRD-080,PRD-080,FG_RECEIPT,1218,EA,FG-01,WMS
IM-0002297,2026-05-11 03:14:00,P02,PRD-029,PRD-029,FG_SHIP,-1920,EA,RM-A,WMS
IM-0002298,2025-12-14 13:24:00,P01,MAT-004,PRD-032,RM_ISSUE,-1932,EA,FG-01,WMS
IM-0002299,2025-11-23 18:36:00,P02,PRD-041,PRD-041,FG_RECEIPT,1247,EA,RM-A,WMS
IM-0002300,2026-03-14 16:57:00,P01,PRD-008,PRD-008,FG_RECEIPT,1394,EA,RM-B,WMS
IM-0002301,2026-02-25 17:17:00,P02,MAT-003,PRD-014,RM_ISSUE,-1493,EA,FG-02,WMS
IM-0002302,2026-06-01 10:06:00,P02,MAT-037,PRD-018,RM_ISSUE,-1595,EA,FG-01,WMS
IM-0002303,2026-02-19 10:06:00,P02,PRD-039,PRD-039,FG_SHIP,-924,EA,FG-02,WMS
IM-0002304,2026-04-08 17:15:00,P01,MAT-035,PRD-066,RM_ISSUE,-2005,EA,FG-01,WMS
IM-0002305,2026-01-20 15:16:00,P02,MAT-030,PRD-064,RM_ISSUE,-2605,EA,FG-01,WMS
IM-0002306,2025-10-22 21:29:00,P02,PRD-044,PRD-044,FG_SHIP,-2534,EA,RM-A,WMS
IM-0002307,2025-09-21 13:21:00,P03,PRD-046,PRD-046,ADJUSTMENT,1810,EA,RM-A,WMS
IM-0002308,2025-11-14 18:39:00,P03,MAT-025,PRD-035,RM_RECEIPT,2549,EA,RM-A,WMS
IM-0002309,2025-10-22 08:43:00,P02,MAT-005,PRD-033,RM_RECEIPT,1726,EA,RM-A,WMS
IM-0002310,2026-04-18 13:01:00,P03,PRD-004,PRD-004,FG_RECEIPT,4054,EA,WIP-01,WMS
IM-0002311,2026-04-22 10:40:00,P01,PRD-028,PRD-028,FG_RECEIPT,1305,EA,RM-B,WMS
IM-0002312,2026-03-19 07:34:00,P01,MAT-001,PRD-039,RM_ISSUE,-2224,EA,RM-A,WMS
IM-0002313,2026-02-13 15:46:00,P01,MAT-014,PRD-068,RM_RECEIPT,727,EA,WIP-01,WMS
IM-0002314,2025-12-11 14:24:00,P03,MAT-031,PRD-043,RM_ISSUE,-1416,EA,WIP-01,WMS
IM-0002315,2026-05-17 10:25:00,P01,MAT-010,PRD-037,RM_RECEIPT,7709,EA,RM-A,WMS
IM-0002316,2026-06-13 18:10:00,P01,MAT-026,PRD-046,RM_RECEIPT,3861,EA,RM-A,WMS
IM-0002317,2025-08-05 21:45:00,P01,MAT-001,PRD-056,RM_RECEIPT,1301,EA,WIP-01,WMS
IM-0002318,2026-01-31 21:24:00,P03,PRD-040,PRD-040,FG_SHIP,-317,EA,FG-01,WMS
IM-0002319,2025-12-31 08:50:00,P01,MAT-032,PRD-077,RM_ISSUE,-1436,EA,WIP-01,WMS
IM-0002320,2025-10-15 01:35:00,P02,MAT-010,PRD-063,RM_RECEIPT,885,EA,FG-02,WMS
IM-0002321,2025-10-17 01:46:00,P03,MAT-029,PRD-031,RM_RECEIPT,931,EA,WIP-01,WMS
IM-0002322,2026-04-02 17:55:00,P03,PRD-003,PRD-003,FG_SHIP,-4057,EA,FG-02,WMS
IM-0002323,2025-10-19 06:41:00,P01,MAT-036,PRD-020,RM_RECEIPT,1402,EA,RM-A,WMS
IM-0002324,2025-12-10 22:24:00,P03,MAT-027,PRD-061,RM_ISSUE,-1725,EA,WIP-01,WMS
IM-0002325,2026-05-17 02:20:00,P01,PRD-048,PRD-048,FG_SHIP,-2495,EA,FG-02,WMS
IM-0002326,2025-08-19 08:13:00,P02,MAT-022,PRD-042,RM_ISSUE,-1982,EA,WIP-01,WMS
IM-0002327,2026-07-12 01:44:00,P01,MAT-031,PRD-043,RM_ISSUE,-1224,EA,FG-02,WMS
IM-0002328,2026-05-08 01:33:00,P03,MAT-018,PRD-026,RM_RECEIPT,1799,EA,RM-A,WMS
IM-0002329,2025-10-14 17:25:00,P02,MAT-024,PRD-013,RM_ISSUE,-2390,EA,WIP-01,WMS
IM-0002330,2025-08-25 23:56:00,P02,MAT-013,PRD-075,RM_RECEIPT,899,EA,WIP-01,WMS
IM-0002331,2026-02-19 15:04:00,P03,MAT-013,PRD-075,RM_RECEIPT,4600,EA,RM-A,WMS
IM-0002332,2026-01-14 12:32:00,P03,PRD-037,PRD-037,FG_SHIP,-761,EA,RM-A,WMS
IM-0002333,2026-06-29 11:09:00,P03,MAT-004,PRD-048,RM_RECEIPT,1412,EA,RM-A,WMS
IM-0002334,2025-10-28 11:53:00,P01,PRD-070,PRD-070,FG_SHIP,-1281,EA,WIP-01,WMS
IM-0002335,2025-12-07 14:56:00,P03,PRD-056,PRD-056,FG_SHIP,-3273,EA,WIP-01,WMS
IM-0002336,2026-07-15 20:59:00,P01,PRD-065,PRD-065,FG_RECEIPT,1910,EA,FG-01,WMS
IM-0002337,2025-08-28 02:20:00,P01,PRD-034,PRD-034,FG_RECEIPT,1134,EA,WIP-01,WMS
IM-0002338,2026-05-26 06:52:00,P02,MAT-001,PRD-074,RM_RECEIPT,8005,EA,FG-01,WMS
IM-0002339,2026-03-20 00:02:00,P02,MAT-001,PRD-056,RM_RECEIPT,2250,EA,RM-A,WMS
IM-0002340,2026-06-04 02:59:00,P02,MAT-012,PRD-011,RM_ISSUE,-3940,EA,FG-01,WMS
IM-0002341,2025-11-19 21:00:00,P01,PRD-041,PRD-041,FG_SHIP,-1792,EA,FG-02,WMS
IM-0002342,2026-06-17 23:08:00,P01,PRD-005,PRD-005,FG_RECEIPT,3175,EA,WIP-01,WMS
IM-0002343,2025-10-17 19:30:00,P02,PRD-048,PRD-048,FG_RECEIPT,2589,EA,FG-02,WMS
IM-0002344,2025-12-04 15:41:00,P02,PRD-013,PRD-013,FG_RECEIPT,1635,EA,RM-B,WMS
IM-0002345,2026-06-03 08:03:00,P02,MAT-013,PRD-075,RM_RECEIPT,5780,EA,RM-B,WMS
IM-0002346,2025-10-08 01:46:00,P01,MAT-008,PRD-036,RM_RECEIPT,3831,EA,RM-B,WMS
IM-0002347,2026-01-21 06:51:00,P03,MAT-036,PRD-020,RM_ISSUE,-1460,EA,FG-02,WMS
IM-0002348,2025-09-03 15:33:00,P02,MAT-018,PRD-067,RM_RECEIPT,5560,EA,FG-02,WMS
IM-0002349,2026-06-10 10:33:00,P03,PRD-041,PRD-041,FG_SHIP,-32366,EA,FG-02,WMS
IM-0002350,2026-05-16 23:36:00,P03,MAT-024,PRD-003,RM_RECEIPT,7670,EA,WIP-01,WMS
IM-0002351,2026-02-25 13:31:00,P01,PRD-027,PRD-027,FG_SHIP,-2081,EA,FG-01,WMS
IM-0002352,2026-07-14 00:24:00,P01,PRD-072,PRD-072,FG_RECEIPT,2341,EA,FG-01,WMS
IM-0002353,2026-03-13 18:34:00,P02,PRD-050,PRD-050,FG_SHIP,-2637,EA,FG-02,WMS
IM-0002354,2025-09-26 09:09:00,P02,MAT-007,PRD-055,RM_ISSUE,-6803,EA,WIP-01,WMS
IM-0002355,2026-07-26 07:07:00,P01,MAT-029,PRD-045,RM_RECEIPT,2292,EA,FG-02,WMS
IM-0002356,2025-09-13 04:27:00,P02,MAT-032,PRD-038,RM_RECEIPT,537,EA,WIP-01,WMS
IM-0002357,2025-10-29 12:18:00,P01,MAT-031,PRD-043,RM_ISSUE,-3644,EA,RM-B,WMS
IM-0002358,2026-05-27 20:35:00,P02,MAT-022,PRD-023,RM_RECEIPT,3007,EA,FG-02,WMS
IM-0002359,2026-05-10 09:28:00,P01,PRD-077,PRD-077,FG_SHIP,-983,EA,FG-01,WMS
IM-0002360,2026-02-15 15:50:00,P03,PRD-080,PRD-080,FG_RECEIPT,1178,EA,FG-02,WMS
IM-0002361,2025-11-13 06:26:00,P02,PRD-059,PRD-059,FG_RECEIPT,1615,EA,FG-02,WMS
IM-0002362,2026-03-28 02:05:00,P02,PRD-039,PRD-039,FG_RECEIPT,1610,EA,RM-A,WMS
IM-0002363,2025-11-23 13:55:00,P03,PRD-024,PRD-024,FG_RECEIPT,814,EA,FG-02,WMS
IM-0002364,2025-08-01 21:44:00,P03,MAT-013,PRD-075,RM_RECEIPT,783,EA,RM-A,WMS
IM-0002365,2025-09-01 03:19:00,P02,PRD-001,PRD-001,FG_SHIP,-1316,EA,FG-01,WMS
IM-0002366,2026-02-27 08:23:00,P03,PRD-021,PRD-021,FG_RECEIPT,4465,EA,RM-B,WMS
IM-0002367,2026-05-19 09:45:00,P01,PRD-016,PRD-016,FG_SHIP,-1337,EA,FG-02,WMS
IM-0002368,2026-01-07 12:08:00,P02,MAT-001,PRD-074,RM_RECEIPT,645,EA,RM-A,WMS
IM-0002369,2026-04-16 14:41:00,P01,PRD-059,PRD-059,FG_RECEIPT,767,EA,RM-B,WMS
IM-0002370,2026-06-04 21:27:00,P03,MAT-029,PRD-045,RM_ISSUE,-1349,EA,FG-02,WMS
IM-0002371,2025-12-10 02:53:00,P01,MAT-037,PRD-080,RM_ISSUE,-1173,EA,RM-B,WMS
IM-0002372,2026-03-06 19:31:00,P02,MAT-010,PRD-037,RM_RECEIPT,5610,EA,RM-A,WMS
IM-0002373,2026-07-22 19:10:00,P03,PRD-011,PRD-011,ADJUSTMENT,3388,EA,FG-02,WMS
IM-0002374,2026-01-15 05:11:00,P01,MAT-035,PRD-066,RM_ISSUE,-748,EA,WIP-01,WMS
IM-0002375,2026-05-30 05:28:00,P03,PRD-010,PRD-010,ADJUSTMENT,2463,EA,FG-01,WMS
IM-0002376,2025-10-20 19:18:00,P02,PRD-018,PRD-018,FG_SHIP,-513,EA,RM-A,WMS
IM-0002377,2026-04-10 18:25:00,P02,MAT-022,PRD-073,RM_RECEIPT,1882,EA,RM-B,WMS
IM-0002378,2025-09-13 09:25:00,P01,PRD-049,PRD-049,FG_RECEIPT,935,EA,WIP-01,WMS
IM-0002379,2026-07-23 16:46:00,P03,PRD-044,PRD-044,FG_SHIP,-2559,EA,RM-B,WMS
IM-0002380,2026-03-14 16:22:00,P03,PRD-004,PRD-004,FG_SHIP,-2435,EA,FG-01,WMS
IM-0002381,2026-04-12 10:46:00,P01,PRD-039,PRD-039,FG_SHIP,-2333,EA,FG-01,WMS
IM-0002382,2025-10-10 17:59:00,P03,PRD-027,PRD-027,FG_RECEIPT,744,EA,WIP-01,WMS
IM-0002383,2025-09-14 06:44:00,P01,PRD-030,PRD-030,FG_SHIP,-1522,EA,FG-02,WMS
IM-0002384,2026-03-17 12:29:00,P03,PRD-008,PRD-008,ADJUSTMENT,805,EA,WIP-01,WMS
IM-0002385,2026-07-03 00:02:00,P02,MAT-014,PRD-068,RM_ISSUE,-3903,EA,RM-A,WMS
IM-0002386,2026-06-20 14:05:00,P03,MAT-037,PRD-018,RM_ISSUE,-826,EA,FG-02,WMS
IM-0002387,2026-03-01 07:17:00,P03,PRD-052,PRD-052,FG_SHIP,-3941,EA,FG-02,WMS
IM-0002388,2026-01-29 06:15:00,P01,PRD-011,PRD-011,FG_SHIP,-13272,EA,RM-B,WMS
IM-0002389,2026-02-15 08:51:00,P02,PRD-017,PRD-017,FG_SHIP,-5526,EA,FG-01,WMS
IM-0002390,2026-04-05 22:03:00,P03,PRD-042,PRD-042,FG_RECEIPT,892,EA,FG-02,WMS
IM-0002391,2026-01-31 10:06:00,P03,MAT-018,PRD-067,RM_RECEIPT,4740,EA,RM-A,WMS
IM-0002392,2026-07-18 18:06:00,P03,PRD-033,PRD-033,FG_RECEIPT,596,EA,FG-01,WMS
IM-0002393,2025-12-14 18:33:00,P01,PRD-041,PRD-041,FG_SHIP,-3127,EA,RM-B,WMS
IM-0002394,2025-11-24 05:53:00,P01,PRD-045,PRD-045,FG_RECEIPT,1645,EA,FG-01,WMS
IM-0002395,2025-10-09 20:58:00,P02,PRD-049,PRD-049,FG_RECEIPT,1292,EA,FG-01,WMS
IM-0002396,2026-01-12 17:00:00,P02,MAT-032,PRD-005,RM_ISSUE,-1423,EA,WIP-01,WMS
IM-0002397,2026-07-08 06:01:00,P01,PRD-066,PRD-066,FG_SHIP,-538,EA,RM-B,WMS
IM-0002398,2026-06-13 19:59:00,P02,PRD-020,PRD-020,FG_SHIP,-3043,EA,WIP-01,WMS
IM-0002399,2025-10-14 14:51:00,P02,PRD-020,PRD-020,FG_SHIP,-4988,EA,RM-B,WMS
IM-0002400,2026-02-19 10:12:00,P02,MAT-016,PRD-029,RM_RECEIPT,1381,EA,FG-01,WMS
IM-0002401,2026-07-13 22:10:00,P03,MAT-024,PRD-013,RM_ISSUE,-2673,EA,WIP-01,WMS
IM-0002402,2025-10-24 15:26:00,P01,MAT-030,PRD-012,RM_RECEIPT,2779,EA,RM-B,WMS
IM-0002403,2025-11-19 17:27:00,P01,PRD-070,PRD-070,FG_RECEIPT,1597,EA,WIP-01,WMS
IM-0002404,2026-07-24 04:47:00,P03,PRD-038,PRD-038,FG_RECEIPT,5453,EA,RM-A,WMS
IM-0002405,2025-12-13 23:21:00,P03,MAT-029,PRD-031,RM_ISSUE,-4094,EA,FG-02,WMS
IM-0002406,2026-07-09 02:03:00,P01,MAT-018,PRD-026,RM_RECEIPT,2123,EA,FG-01,WMS
IM-0002407,2025-08-05 13:11:00,P02,MAT-026,PRD-046,RM_RECEIPT,467,EA,RM-A,WMS
IM-0002408,2025-11-13 03:28:00,P03,PRD-004,PRD-004,FG_RECEIPT,1149,EA,RM-B,WMS
IM-0002409,2026-04-19 03:56:00,P03,MAT-035,PRD-016,RM_ISSUE,-2395,EA,RM-B,WMS
IM-0002410,2026-05-31 01:50:00,P02,MAT-017,PRD-019,RM_RECEIPT,5859,EA,RM-B,WMS
IM-0002411,2026-06-08 14:21:00,P01,MAT-004,PRD-040,RM_ISSUE,-6577,EA,RM-B,WMS
IM-0002412,2025-09-27 15:49:00,P03,PRD-028,PRD-028,FG_RECEIPT,2272,EA,FG-01,WMS
IM-0002413,2025-12-16 12:53:00,P01,PRD-017,PRD-017,FG_SHIP,-3633,EA,FG-02,WMS
IM-0002414,2025-10-26 06:01:00,P01,MAT-031,PRD-043,RM_RECEIPT,2791,EA,WIP-01,WMS
IM-0002415,2025-11-10 08:59:00,P01,MAT-030,PRD-060,RM_RECEIPT,4362,EA,FG-02,WMS
IM-0002416,2025-08-31 15:45:00,P01,MAT-012,PRD-011,RM_RECEIPT,454,EA,WIP-01,WMS
IM-0002417,2025-08-10 02:49:00,P01,MAT-008,PRD-036,RM_RECEIPT,1645,EA,FG-02,WMS
IM-0002418,2026-01-19 07:54:00,P02,PRD-032,PRD-032,FG_SHIP,-1270,EA,WIP-01,WMS
IM-0002419,2026-01-02 15:52:00,P01,PRD-011,PRD-011,ADJUSTMENT,3225,EA,WIP-01,WMS
IM-0002420,2026-02-02 18:18:00,P03,MAT-032,PRD-038,RM_RECEIPT,2460,EA,WIP-01,WMS
IM-0002421,2026-06-14 07:52:00,P03,PRD-078,PRD-078,FG_SHIP,-584,EA,WIP-01,WMS
IM-0002422,2026-02-01 19:01:00,P01,MAT-032,PRD-005,RM_ISSUE,-4708,EA,WIP-01,WMS
IM-0002423,2026-04-27 00:55:00,P03,PRD-070,PRD-070,FG_RECEIPT,4253,EA,RM-A,WMS
IM-0002424,2026-05-07 19:32:00,P03,PRD-003,PRD-003,FG_RECEIPT,2697,EA,RM-B,WMS
IM-0002425,2025-09-05 21:16:00,P01,PRD-001,PRD-001,FG_SHIP,-1905,EA,RM-A,WMS
IM-0002426,2026-03-19 21:51:00,P03,MAT-020,PRD-010,RM_RECEIPT,6371,EA,FG-02,WMS
IM-0002427,2025-08-28 00:58:00,P02,MAT-017,PRD-079,RM_RECEIPT,933,EA,FG-02,WMS
IM-0002428,2025-12-30 05:42:00,P03,PRD-017,PRD-017,FG_RECEIPT,7059,EA,FG-01,WMS
IM-0002429,2025-12-28 06:15:00,P02,PRD-048,PRD-048,FG_SHIP,-1658,EA,RM-A,WMS
IM-0002430,2026-07-29 03:14:00,P01,MAT-017,PRD-079,RM_RECEIPT,3677,EA,RM-A,WMS
IM-0002431,2025-08-05 10:12:00,P03,MAT-030,PRD-064,RM_ISSUE,-3620,EA,FG-02,WMS
IM-0002432,2025-11-06 21:42:00,P01,MAT-030,PRD-060,RM_RECEIPT,3632,EA,RM-B,WMS
IM-0002433,2026-03-21 23:32:00,P01,PRD-013,PRD-013,ADJUSTMENT,1417,EA,RM-A,WMS
IM-0002434,2026-04-27 20:08:00,P03,MAT-032,PRD-005,RM_ISSUE,-5491,EA,WIP-01,WMS
IM-0002435,2025-09-26 01:33:00,P03,MAT-032,PRD-015,RM_RECEIPT,1508,EA,FG-01,WMS
IM-0002436,2026-07-26 02:55:00,P02,PRD-028,PRD-028,ADJUSTMENT,2194,EA,FG-01,WMS
IM-0002437,2026-07-01 11:07:00,P03,PRD-019,PRD-019,ADJUSTMENT,3214,EA,FG-01,WMS
IM-0002438,2026-01-19 11:05:00,P01,PRD-027,PRD-027,FG_SHIP,-1383,EA,FG-02,WMS
IM-0002439,2025-09-21 16:43:00,P03,PRD-011,PRD-011,ADJUSTMENT,1011,EA,RM-B,WMS
IM-0002440,2026-03-08 11:42:00,P02,PRD-065,PRD-065,FG_RECEIPT,4291,EA,WIP-01,WMS
IM-0002441,2026-07-10 16:36:00,P02,PRD-065,PRD-065,FG_RECEIPT,1437,EA,RM-B,WMS
IM-0002442,2025-10-19 07:08:00,P01,MAT-016,PRD-029,RM_RECEIPT,1931,EA,RM-B,WMS
IM-0002443,2025-10-12 10:21:00,P01,PRD-027,PRD-027,FG_SHIP,-1375,EA,FG-01,WMS
IM-0002444,2025-11-28 03:47:00,P01,MAT-012,PRD-006,RM_RECEIPT,1733,EA,FG-01,WMS
IM-0002445,2026-05-06 12:18:00,P02,MAT-031,PRD-043,RM_RECEIPT,1097,EA,RM-A,WMS
IM-0002446,2026-01-31 01:16:00,P02,MAT-018,PRD-067,RM_ISSUE,-2934,EA,WIP-01,WMS
IM-0002447,2025-10-08 00:28:00,P01,MAT-020,PRD-010,RM_RECEIPT,5258,EA,RM-B,WMS
IM-0002448,2025-12-08 22:14:00,P02,PRD-005,PRD-005,FG_SHIP,-3892,EA,FG-01,WMS
IM-0002449,2025-10-28 13:42:00,P02,MAT-026,PRD-046,RM_RECEIPT,959,EA,FG-01,WMS
IM-0002450,2026-02-09 16:04:00,P01,PRD-003,PRD-003,FG_RECEIPT,1038,EA,RM-A,WMS
IM-0002451,2026-07-06 12:43:00,P02,MAT-018,PRD-030,RM_ISSUE,-1893,EA,FG-01,WMS
IM-0002452,2026-04-12 05:21:00,P03,MAT-015,PRD-034,RM_RECEIPT,1256,EA,FG-01,WMS
IM-0002453,2026-05-14 21:06:00,P01,MAT-012,PRD-011,RM_ISSUE,-1401,EA,RM-A,WMS
IM-0002454,2025-11-23 00:27:00,P01,PRD-004,PRD-004,FG_SHIP,-2100,EA,FG-02,WMS
IM-0002455,2025-11-20 12:55:00,P02,MAT-012,PRD-006,RM_RECEIPT,1241,EA,FG-01,WMS
IM-0002456,2026-05-20 18:05:00,P01,MAT-024,PRD-003,RM_ISSUE,-1904,EA,FG-01,WMS
IM-0002457,2025-09-13 09:40:00,P03,MAT-008,PRD-065,RM_RECEIPT,1459,EA,FG-02,WMS
IM-0002458,2025-08-15 02:39:00,P02,PRD-055,PRD-055,ADJUSTMENT,2278,EA,RM-B,WMS
IM-0002459,2026-07-05 17:41:00,P03,MAT-033,PRD-022,RM_ISSUE,-385,EA,WIP-01,WMS
IM-0002460,2025-11-15 04:57:00,P02,MAT-015,PRD-025,RM_RECEIPT,3992,EA,FG-01,WMS
IM-0002461,2025-12-18 03:02:00,P01,MAT-008,PRD-065,RM_ISSUE,-1320,EA,FG-02,WMS
IM-0002462,2026-06-27 14:12:00,P03,PRD-005,PRD-005,FG_RECEIPT,7313,EA,FG-01,WMS
IM-0002463,2026-05-07 01:51:00,P01,PRD-067,PRD-067,FG_SHIP,-1563,EA,RM-A,WMS
IM-0002464,2025-10-16 11:34:00,P03,MAT-032,PRD-038,RM_RECEIPT,1504,EA,WIP-01,WMS
IM-0002465,2026-05-20 11:28:00,P03,PRD-026,PRD-026,FG_RECEIPT,2440,EA,FG-02,WMS
IM-0002466,2025-10-08 04:32:00,P03,PRD-043,PRD-043,FG_RECEIPT,755,EA,RM-A,WMS
IM-0002467,2026-01-02 05:31:00,P02,MAT-010,PRD-037,RM_ISSUE,-3024,EA,RM-B,WMS
IM-0002468,2026-06-18 01:18:00,P01,MAT-024,PRD-013,RM_ISSUE,-1879,EA,RM-A,WMS
IM-0002469,2025-11-16 14:20:00,P02,PRD-006,PRD-006,FG_SHIP,-5482,EA,RM-B,WMS
IM-0002470,2026-01-01 03:16:00,P02,MAT-020,PRD-010,RM_RECEIPT,2956,EA,FG-01,WMS
IM-0002471,2026-01-13 23:46:00,P01,PRD-042,PRD-042,FG_RECEIPT,2550,EA,FG-01,WMS
IM-0002472,2025-10-13 03:53:00,P03,PRD-056,PRD-056,FG_RECEIPT,3221,EA,FG-01,WMS
IM-0002473,2025-12-06 19:19:00,P03,MAT-012,PRD-011,RM_ISSUE,-4308,EA,FG-01,WMS
IM-0002474,2025-08-11 15:22:00,P01,PRD-059,PRD-059,FG_SHIP,-1055,EA,FG-02,WMS
IM-0002475,2025-08-13 15:55:00,P02,PRD-044,PRD-044,FG_SHIP,-1639,EA,WIP-01,WMS
IM-0002476,2026-01-16 01:34:00,P03,PRD-001,PRD-001,FG_SHIP,-1290,EA,FG-01,WMS
IM-0002477,2025-10-13 16:38:00,P01,PRD-065,PRD-065,FG_RECEIPT,5456,EA,FG-02,WMS
IM-0002478,2026-04-18 12:49:00,P01,MAT-004,PRD-048,RM_ISSUE,-1228,EA,WIP-01,WMS
IM-0002479,2025-09-01 15:02:00,P03,MAT-030,PRD-060,RM_ISSUE,-1243,EA,FG-02,WMS
IM-0002480,2026-03-16 09:52:00,P03,PRD-012,PRD-012,FG_SHIP,-2463,EA,FG-02,WMS
IM-0002481,2026-07-09 09:34:00,P02,MAT-033,PRD-022,RM_ISSUE,-3966,EA,RM-A,WMS
IM-0002482,2026-07-23 19:33:00,P02,MAT-022,PRD-042,RM_ISSUE,-6265,EA,RM-A,WMS
IM-0002483,2025-09-15 12:55:00,P02,PRD-050,PRD-050,FG_SHIP,-2081,EA,WIP-01,WMS
IM-0002484,2025-12-23 08:08:00,P01,PRD-046,PRD-046,FG_RECEIPT,1283,EA,RM-B,WMS
IM-0002485,2025-08-10 08:49:00,P02,PRD-065,PRD-065,ADJUSTMENT,1243,EA,WIP-01,WMS
IM-0002486,2025-12-23 16:33:00,P03,PRD-034,PRD-034,ADJUSTMENT,1630,EA,FG-02,WMS
IM-0002487,2025-10-05 05:30:00,P02,PRD-045,PRD-045,FG_RECEIPT,376,EA,RM-A,WMS
IM-0002488,2026-07-05 05:37:00,P03,MAT-022,PRD-042,RM_RECEIPT,1419,EA,WIP-01,WMS
IM-0002489,2025-10-08 04:46:00,P02,PRD-031,PRD-031,FG_RECEIPT,13717,EA,FG-02,WMS
IM-0002490,2026-06-05 04:12:00,P03,PRD-059,PRD-059,FG_RECEIPT,3748,EA,WIP-01,WMS
IM-0002491,2025-10-04 04:22:00,P02,PRD-007,PRD-007,FG_RECEIPT,462,EA,FG-02,WMS
IM-0002492,2025-09-11 02:46:00,P02,MAT-022,PRD-047,RM_RECEIPT,693,EA,RM-B,WMS
IM-0002493,2025-11-28 16:45:00,P02,PRD-018,PRD-018,FG_SHIP,-628,EA,WIP-01,WMS
IM-0002494,2025-12-16 21:15:00,P03,MAT-037,PRD-018,RM_RECEIPT,1347,EA,RM-A,WMS
IM-0002495,2026-07-24 01:24:00,P02,PRD-040,PRD-040,FG_RECEIPT,860,EA,WIP-01,WMS
IM-0002496,2026-01-01 10:56:00,P01,PRD-073,PRD-073,FG_SHIP,-799,EA,FG-01,WMS
IM-0002497,2025-11-14 17:07:00,P02,PRD-032,PRD-032,FG_SHIP,-1864,EA,FG-02,WMS
IM-0002498,2026-01-13 22:05:00,P01,PRD-074,PRD-074,FG_RECEIPT,1314,EA,RM-B,WMS
IM-0002499,2026-05-20 20:53:00,P01,PRD-062,PRD-062,FG_SHIP,-2199,EA,WIP-01,WMS
IM-0002500,2026-03-06 19:31:00,P03,PRD-026,PRD-026,FG_SHIP,-1242,EA,WIP-01,WMS
IM-0002501,2026-05-07 02:49:00,P03,MAT-013,PRD-075,RM_ISSUE,-564,EA,FG-02,WMS
IM-0002502,2026-06-27 14:13:00,P01,PRD-046,PRD-046,FG_SHIP,-1307,EA,FG-02,WMS
IM-0002503,2026-06-29 15:52:00,P02,PRD-057,PRD-057,FG_SHIP,-3366,EA,FG-02,WMS
IM-0002504,2026-02-08 10:48:00,P03,MAT-031,PRD-008,RM_RECEIPT,833,EA,WIP-01,WMS
IM-0002505,2025-10-31 14:53:00,P01,MAT-023,PRD-007,RM_ISSUE,-1218,EA,FG-02,WMS
IM-0002506,2026-02-20 02:25:00,P03,MAT-010,PRD-027,RM_RECEIPT,551,EA,WIP-01,WMS
IM-0002507,2025-09-23 08:35:00,P03,PRD-075,PRD-075,FG_RECEIPT,834,EA,WIP-01,WMS
IM-0002508,2026-04-22 09:27:00,P02,PRD-052,PRD-052,FG_SHIP,-1864,EA,FG-02,WMS
IM-0002509,2026-04-15 14:18:00,P02,PRD-008,PRD-008,ADJUSTMENT,2666,EA,RM-A,WMS
IM-0002510,2026-07-27 06:34:00,P03,PRD-019,PRD-019,FG_SHIP,-713,EA,WIP-01,WMS
IM-0002511,2025-12-17 01:58:00,P02,MAT-004,PRD-040,RM_ISSUE,-2911,EA,FG-01,WMS
IM-0002512,2026-07-17 06:12:00,P01,PRD-072,PRD-072,ADJUSTMENT,3736,EA,WIP-01,WMS
IM-0002513,2025-09-07 04:10:00,P02,MAT-022,PRD-023,RM_RECEIPT,2101,EA,FG-01,WMS
IM-0002514,2026-07-12 08:39:00,P02,MAT-018,PRD-078,RM_RECEIPT,2219,EA,WIP-01,WMS
IM-0002515,2025-12-18 22:34:00,P02,PRD-010,PRD-010,FG_RECEIPT,5830,EA,RM-B,WMS
IM-0002516,2026-01-19 12:41:00,P02,PRD-039,PRD-039,FG_SHIP,-1246,EA,FG-01,WMS
IM-0002517,2026-07-26 13:11:00,P02,MAT-018,PRD-002,RM_RECEIPT,997,EA,FG-01,WMS
IM-0002518,2025-11-18 15:28:00,P03,PRD-059,PRD-059,FG_SHIP,-12771,EA,WIP-01,WMS
IM-0002519,2025-08-24 15:16:00,P02,PRD-026,PRD-026,FG_SHIP,-934,EA,RM-B,WMS
IM-0002520,2025-09-24 21:28:00,P02,MAT-014,PRD-070,RM_RECEIPT,3120,EA,FG-02,WMS
IM-0002521,2025-08-29 06:20:00,P03,MAT-001,PRD-074,RM_ISSUE,-899,EA,WIP-01,WMS
IM-0002522,2026-05-31 11:17:00,P02,PRD-032,PRD-032,FG_SHIP,-2086,EA,FG-01,WMS
IM-0002523,2025-11-20 21:52:00,P01,PRD-042,PRD-042,FG_SHIP,-5136,EA,WIP-01,WMS
IM-0002524,2026-03-02 17:24:00,P03,MAT-015,PRD-034,RM_ISSUE,-745,EA,RM-A,WMS
IM-0002525,2026-05-26 06:52:00,P01,MAT-008,PRD-065,RM_RECEIPT,3958,EA,RM-B,WMS
IM-0002526,2026-03-05 00:48:00,P03,PRD-029,PRD-029,FG_SHIP,-3048,EA,FG-01,WMS
IM-0002527,2025-11-23 16:45:00,P03,PRD-054,PRD-054,FG_RECEIPT,756,EA,RM-B,WMS
IM-0002528,2026-07-17 19:08:00,P01,PRD-062,PRD-062,FG_SHIP,-2986,EA,FG-01,WMS
IM-0002529,2025-10-23 05:44:00,P01,PRD-080,PRD-080,FG_RECEIPT,2594,EA,FG-01,WMS
IM-0002530,2026-03-31 00:20:00,P02,PRD-061,PRD-061,FG_RECEIPT,498,EA,WIP-01,WMS
IM-0002531,2025-08-04 06:18:00,P01,PRD-048,PRD-048,FG_SHIP,-1220,EA,RM-B,WMS
IM-0002532,2025-10-21 22:43:00,P03,MAT-015,PRD-034,RM_RECEIPT,318,EA,FG-02,WMS
IM-0002533,2025-11-30 02:15:00,P01,MAT-037,PRD-018,RM_ISSUE,-1103,EA,WIP-01,WMS
IM-0002534,2026-06-11 03:41:00,P01,MAT-012,PRD-006,RM_ISSUE,-1350,EA,FG-02,WMS
IM-0002535,2026-02-01 22:43:00,P01,MAT-026,PRD-028,RM_ISSUE,-2382,EA,FG-02,WMS
IM-0002536,2026-03-01 17:22:00,P02,PRD-002,PRD-002,FG_RECEIPT,1380,EA,FG-02,WMS
IM-0002537,2026-03-16 14:28:00,P02,MAT-008,PRD-065,RM_ISSUE,-5912,EA,RM-B,WMS
IM-0002538,2025-11-28 18:27:00,P01,MAT-019,PRD-004,RM_ISSUE,-2812,EA,WIP-01,WMS
IM-0002539,2025-12-22 23:14:00,P03,MAT-003,PRD-049,RM_RECEIPT,763,EA,FG-02,WMS
IM-0002540,2026-02-04 19:32:00,P03,PRD-063,PRD-063,ADJUSTMENT,7627,EA,FG-01,WMS
IM-0002541,2026-05-16 23:08:00,P01,PRD-018,PRD-018,FG_SHIP,-319,EA,FG-01,WMS
IM-0002542,2026-06-20 09:26:00,P01,PRD-013,PRD-013,FG_RECEIPT,2157,EA,RM-A,WMS
IM-0002543,2025-12-13 10:42:00,P03,PRD-066,PRD-066,FG_RECEIPT,3912,EA,FG-02,WMS
IM-0002544,2025-11-23 23:10:00,P01,MAT-010,PRD-063,RM_ISSUE,-1636,EA,FG-02,WMS
IM-0002545,2025-10-29 03:38:00,P01,PRD-031,PRD-031,FG_RECEIPT,4337,EA,FG-02,WMS
IM-0002546,2026-03-27 23:35:00,P02,MAT-004,PRD-032,RM_RECEIPT,511,EA,RM-A,WMS
IM-0002547,2026-04-17 19:34:00,P03,MAT-033,PRD-017,RM_ISSUE,-2648,EA,WIP-01,WMS
IM-0002548,2026-06-17 06:53:00,P03,PRD-018,PRD-018,FG_SHIP,-3508,EA,RM-B,WMS
IM-0002549,2026-07-29 01:27:00,P03,MAT-029,PRD-031,RM_ISSUE,-4917,EA,WIP-01,WMS
IM-0002550,2025-10-01 13:26:00,P01,MAT-024,PRD-003,RM_RECEIPT,765,EA,RM-B,WMS
IM-0002551,2026-07-11 01:51:00,P01,MAT-010,PRD-063,RM_RECEIPT,1551,EA,FG-02,WMS
IM-0002552,2025-08-26 12:35:00,P03,MAT-022,PRD-042,RM_ISSUE,-1744,EA,WIP-01,WMS
IM-0002553,2025-08-15 00:18:00,P01,PRD-002,PRD-002,FG_SHIP,-8536,EA,RM-A,WMS
IM-0002554,2025-09-30 18:53:00,P01,MAT-005,PRD-021,RM_RECEIPT,1184,EA,FG-01,WMS
IM-0002555,2025-10-29 14:49:00,P03,MAT-018,PRD-030,RM_ISSUE,-1645,EA,RM-B,WMS
IM-0002556,2026-07-22 23:30:00,P03,PRD-051,PRD-051,FG_SHIP,-2805,EA,RM-A,WMS
IM-0002557,2026-01-16 12:29:00,P01,MAT-035,PRD-053,RM_ISSUE,-2309,EA,WIP-01,WMS
IM-0002558,2026-06-22 03:14:00,P03,PRD-046,PRD-046,FG_RECEIPT,568,EA,RM-A,WMS
IM-0002559,2025-08-12 17:20:00,P02,PRD-046,PRD-046,FG_RECEIPT,1597,EA,RM-B,WMS
IM-0002560,2025-09-19 11:49:00,P03,PRD-046,PRD-046,FG_SHIP,-1313,EA,FG-02,WMS
IM-0002561,2025-11-19 11:36:00,P03,MAT-018,PRD-002,RM_ISSUE,-1914,EA,WIP-01,WMS
IM-0002562,2026-01-13 10:45:00,P02,PRD-059,PRD-059,FG_SHIP,-2199,EA,RM-B,WMS
IM-0002563,2026-01-29 10:49:00,P03,PRD-055,PRD-055,FG_RECEIPT,1408,EA,WIP-01,WMS
IM-0002564,2026-01-15 16:32:00,P01,PRD-009,PRD-009,FG_RECEIPT,8439,EA,RM-A,WMS
IM-0002565,2025-12-15 02:07:00,P01,PRD-055,PRD-055,FG_SHIP,-2386,EA,WIP-01,WMS
IM-0002566,2026-04-06 06:12:00,P01,MAT-023,PRD-007,RM_RECEIPT,1563,EA,FG-01,WMS
IM-0002567,2026-02-17 17:00:00,P02,MAT-015,PRD-025,RM_RECEIPT,7825,EA,WIP-01,WMS
IM-0002568,2026-07-16 01:34:00,P01,MAT-030,PRD-062,RM_RECEIPT,1071,EA,RM-A,WMS
IM-0002569,2026-01-02 06:21:00,P01,PRD-048,PRD-048,FG_SHIP,-1553,EA,FG-02,WMS
IM-0002570,2026-06-18 16:07:00,P01,PRD-067,PRD-067,FG_SHIP,-2254,EA,FG-01,WMS
IM-0002571,2026-01-26 01:44:00,P03,MAT-032,PRD-077,RM_RECEIPT,3489,EA,RM-B,WMS
IM-0002572,2026-05-07 07:34:00,P02,MAT-001,PRD-039,RM_ISSUE,-6594,EA,WIP-01,WMS
IM-0002573,2026-03-29 00:09:00,P03,MAT-035,PRD-066,RM_ISSUE,-1849,EA,WIP-01,WMS
IM-0002574,2026-05-15 05:53:00,P01,MAT-018,PRD-030,RM_ISSUE,-6158,EA,FG-02,WMS
IM-0002575,2026-01-30 12:35:00,P01,PRD-023,PRD-023,FG_SHIP,-499,EA,RM-B,WMS
IM-0002576,2025-09-25 10:50:00,P03,PRD-016,PRD-016,FG_SHIP,-463,EA,RM-A,WMS
IM-0002577,2025-10-12 13:58:00,P01,PRD-080,PRD-080,FG_RECEIPT,5533,EA,RM-B,WMS
IM-0002578,2026-04-23 23:34:00,P03,MAT-005,PRD-033,RM_ISSUE,-1326,EA,WIP-01,WMS
IM-0002579,2025-12-24 06:29:00,P01,PRD-056,PRD-056,FG_SHIP,-3179,EA,WIP-01,WMS
IM-0002580,2025-09-13 04:52:00,P02,MAT-004,PRD-040,RM_ISSUE,-15888,EA,RM-A,WMS
IM-0002581,2025-08-11 06:37:00,P03,MAT-022,PRD-047,RM_RECEIPT,1438,EA,FG-01,WMS
IM-0002582,2026-07-21 15:17:00,P01,PRD-029,PRD-029,FG_RECEIPT,3752,EA,WIP-01,WMS
IM-0002583,2025-12-10 09:25:00,P01,PRD-031,PRD-031,FG_RECEIPT,4772,EA,RM-B,WMS
IM-0002584,2025-09-23 02:24:00,P03,PRD-026,PRD-026,FG_SHIP,-1810,EA,FG-02,WMS
IM-0002585,2026-06-07 21:14:00,P03,PRD-043,PRD-043,ADJUSTMENT,3311,EA,RM-B,WMS
IM-0002586,2025-08-08 08:25:00,P01,PRD-073,PRD-073,FG_RECEIPT,1094,EA,WIP-01,WMS
IM-0002587,2026-02-10 15:45:00,P01,PRD-073,PRD-073,FG_RECEIPT,1830,EA,RM-B,WMS
IM-0002588,2026-05-31 17:14:00,P02,MAT-019,PRD-004,RM_ISSUE,-1827,EA,RM-A,WMS
IM-0002589,2025-10-27 06:14:00,P03,PRD-079,PRD-079,FG_SHIP,-1873,EA,WIP-01,WMS
IM-0002590,2025-11-17 02:56:00,P03,MAT-010,PRD-027,RM_RECEIPT,3521,EA,RM-A,WMS
IM-0002591,2026-04-26 23:08:00,P03,PRD-046,PRD-046,FG_RECEIPT,1266,EA,RM-B,WMS
IM-0002592,2025-09-09 05:05:00,P02,PRD-072,PRD-072,FG_RECEIPT,9557,EA,FG-02,WMS
IM-0002593,2026-07-18 21:37:00,P03,PRD-014,PRD-014,ADJUSTMENT,1292,EA,FG-02,WMS
IM-0002594,2026-05-05 23:21:00,P03,PRD-038,PRD-038,FG_RECEIPT,4544,EA,FG-01,WMS
IM-0002595,2025-10-22 14:32:00,P02,MAT-037,PRD-018,RM_RECEIPT,1087,EA,WIP-01,WMS
IM-0002596,2026-07-03 00:22:00,P03,PRD-024,PRD-024,ADJUSTMENT,6800,EA,WIP-01,WMS
IM-0002597,2025-12-25 11:50:00,P03,PRD-009,PRD-009,FG_SHIP,-3084,EA,RM-A,WMS
IM-0002598,2025-12-01 07:58:00,P03,MAT-032,PRD-077,RM_ISSUE,-6484,EA,RM-A,WMS
IM-0002599,2026-03-21 01:45:00,P02,PRD-052,PRD-052,FG_SHIP,-2462,EA,FG-02,WMS
IM-0002600,2025-09-17 01:42:00,P03,PRD-033,PRD-033,FG_SHIP,-2237,EA,RM-B,WMS
IM-0002601,2026-04-12 13:00:00,P01,PRD-050,PRD-050,FG_SHIP,-1253,EA,FG-02,WMS
IM-0002602,2026-07-21 00:50:00,P01,MAT-018,PRD-078,RM_ISSUE,-2791,EA,RM-B,WMS
IM-0002603,2025-09-26 16:49:00,P01,MAT-012,PRD-011,RM_ISSUE,-1606,EA,FG-02,WMS
IM-0002604,2026-05-20 05:32:00,P01,PRD-049,PRD-049,FG_SHIP,-2209,EA,RM-A,WMS
IM-0002605,2026-01-23 08:37:00,P03,PRD-040,PRD-040,FG_SHIP,-1813,EA,FG-02,WMS
IM-0002606,2026-07-29 14:54:00,P01,MAT-032,PRD-038,RM_RECEIPT,1586,EA,FG-01,WMS
IM-0002607,2025-08-01 20:57:00,P03,MAT-032,PRD-077,RM_ISSUE,-3142,EA,RM-A,WMS
IM-0002608,2026-01-22 20:16:00,P02,MAT-015,PRD-025,RM_ISSUE,-400,EA,FG-02,WMS
IM-0002609,2025-08-17 19:30:00,P03,MAT-022,PRD-023,RM_RECEIPT,1094,EA,FG-02,WMS
IM-0002610,2026-05-10 01:49:00,P02,PRD-047,PRD-047,FG_RECEIPT,1328,EA,FG-02,WMS
IM-0002611,2025-12-02 06:07:00,P02,PRD-006,PRD-006,FG_SHIP,-3030,EA,FG-01,WMS
IM-0002612,2025-11-13 17:01:00,P02,MAT-003,PRD-049,RM_RECEIPT,1597,EA,FG-02,WMS
IM-0002613,2026-06-22 20:41:00,P02,MAT-017,PRD-079,RM_RECEIPT,843,EA,FG-02,WMS
IM-0002614,2026-01-24 22:13:00,P02,MAT-037,PRD-018,RM_RECEIPT,5844,EA,FG-01,WMS
IM-0002615,2025-11-19 04:54:00,P02,MAT-032,PRD-005,RM_RECEIPT,705,EA,FG-02,WMS
IM-0002616,2026-05-24 16:25:00,P02,MAT-008,PRD-065,RM_ISSUE,-519,EA,RM-A,WMS
IM-0002617,2026-04-17 02:48:00,P02,PRD-067,PRD-067,FG_RECEIPT,2106,EA,RM-B,WMS
IM-0002618,2026-01-30 16:42:00,P03,PRD-028,PRD-028,FG_SHIP,-4847,EA,RM-B,WMS
IM-0002619,2025-08-15 21:28:00,P01,PRD-050,PRD-050,FG_RECEIPT,2907,EA,FG-01,WMS
IM-0002620,2026-04-13 21:58:00,P03,MAT-010,PRD-027,RM_ISSUE,-1051,EA,RM-A,WMS
IM-0002621,2026-01-30 19:00:00,P03,PRD-005,PRD-005,FG_RECEIPT,3187,EA,RM-B,WMS
IM-0002622,2026-01-25 21:57:00,P03,MAT-022,PRD-047,RM_ISSUE,-1343,EA,FG-02,WMS
IM-0002623,2026-01-07 04:32:00,P03,MAT-030,PRD-060,RM_RECEIPT,2432,EA,WIP-01,WMS
IM-0002624,2026-05-16 10:18:00,P02,PRD-047,PRD-047,FG_RECEIPT,5333,EA,RM-B,WMS
IM-0002625,2026-03-16 22:26:00,P03,PRD-072,PRD-072,FG_RECEIPT,697,EA,RM-A,WMS
IM-0002626,2025-12-16 23:03:00,P01,MAT-033,PRD-022,RM_ISSUE,-4317,EA,FG-02,WMS
IM-0002627,2026-01-31 11:37:00,P02,MAT-014,PRD-070,RM_RECEIPT,2816,EA,WIP-01,WMS
IM-0002628,2025-12-23 20:46:00,P02,MAT-010,PRD-063,RM_RECEIPT,7310,EA,RM-A,WMS
IM-0002629,2026-02-20 04:19:00,P02,MAT-030,PRD-009,RM_ISSUE,-2742,EA,RM-B,WMS
IM-0002630,2026-03-08 04:14:00,P02,MAT-022,PRD-042,RM_RECEIPT,1186,EA,RM-A,WMS
IM-0002631,2026-04-19 14:08:00,P02,PRD-022,PRD-022,FG_RECEIPT,1141,EA,WIP-01,WMS
IM-0002632,2026-05-06 20:00:00,P03,MAT-001,PRD-039,RM_ISSUE,-974,EA,FG-02,WMS
IM-0002633,2025-10-05 18:51:00,P02,MAT-001,PRD-074,RM_ISSUE,-1327,EA,RM-B,WMS
IM-0002634,2025-12-27 17:33:00,P03,PRD-011,PRD-011,FG_RECEIPT,2601,EA,RM-A,WMS
IM-0002635,2026-04-21 05:04:00,P02,MAT-007,PRD-055,RM_ISSUE,-1388,EA,FG-02,WMS
IM-0002636,2026-04-03 20:48:00,P01,MAT-013,PRD-075,RM_ISSUE,-4202,EA,FG-01,WMS
IM-0002637,2025-08-30 19:15:00,P03,PRD-008,PRD-008,FG_RECEIPT,4946,EA,RM-B,WMS
IM-0002638,2026-03-18 20:36:00,P03,PRD-046,PRD-046,FG_RECEIPT,4152,EA,FG-02,WMS
IM-0002639,2025-10-17 06:46:00,P03,MAT-032,PRD-038,RM_ISSUE,-3100,EA,FG-02,WMS
IM-0002640,2026-04-13 15:43:00,P01,MAT-006,PRD-001,RM_RECEIPT,327,EA,RM-B,WMS
IM-0002641,2026-06-03 22:08:00,P02,MAT-035,PRD-016,RM_ISSUE,-957,EA,RM-A,WMS
IM-0002642,2025-10-13 01:43:00,P01,MAT-004,PRD-040,RM_RECEIPT,4605,EA,FG-01,WMS
IM-0002643,2026-05-27 12:25:00,P02,PRD-006,PRD-006,FG_RECEIPT,1777,EA,RM-B,WMS
IM-0002644,2025-08-16 09:44:00,P02,MAT-032,PRD-077,RM_RECEIPT,4425,EA,FG-02,WMS
IM-0002645,2025-10-17 03:21:00,P02,MAT-030,PRD-012,RM_RECEIPT,3183,EA,RM-B,WMS
IM-0002646,2026-01-07 17:16:00,P03,MAT-023,PRD-007,RM_ISSUE,-6820,EA,RM-A,WMS
IM-0002647,2025-09-22 17:36:00,P03,PRD-035,PRD-035,FG_RECEIPT,496,EA,FG-01,WMS
IM-0002648,2025-12-29 22:49:00,P03,MAT-023,PRD-007,RM_ISSUE,-1312,EA,RM-B,WMS
IM-0002649,2026-02-24 22:09:00,P02,MAT-005,PRD-033,RM_RECEIPT,1137,EA,FG-01,WMS
IM-0002650,2026-07-31 20:16:00,P02,MAT-018,PRD-002,RM_RECEIPT,879,EA,RM-B,WMS
IM-0002651,2026-05-01 20:04:00,P01,PRD-053,PRD-053,FG_SHIP,-1158,EA,WIP-01,WMS
IM-0002652,2026-03-21 04:19:00,P01,PRD-045,PRD-045,FG_RECEIPT,6139,EA,RM-B,WMS
IM-0002653,2026-06-02 06:05:00,P02,PRD-060,PRD-060,FG_RECEIPT,3846,EA,RM-A,WMS
IM-0002654,2025-12-29 12:42:00,P03,PRD-004,PRD-004,ADJUSTMENT,2745,EA,FG-01,WMS
IM-0002655,2026-03-02 12:36:00,P02,MAT-025,PRD-035,RM_ISSUE,-2609,EA,FG-02,WMS
IM-0002656,2025-08-18 08:57:00,P02,MAT-018,PRD-050,RM_RECEIPT,5880,EA,WIP-01,WMS
IM-0002657,2026-01-01 12:32:00,P03,PRD-024,PRD-024,FG_RECEIPT,3792,EA,WIP-01,WMS
IM-0002658,2025-12-04 12:56:00,P02,PRD-003,PRD-003,ADJUSTMENT,953,EA,RM-A,WMS
IM-0002659,2026-01-11 19:42:00,P02,PRD-038,PRD-038,FG_SHIP,-1136,EA,RM-A,WMS
IM-0002660,2026-03-01 11:09:00,P03,PRD-021,PRD-021,FG_RECEIPT,2043,EA,FG-02,WMS
IM-0002661,2025-12-03 01:56:00,P03,PRD-051,PRD-051,FG_RECEIPT,7128,EA,RM-B,WMS
IM-0002662,2025-08-20 23:34:00,P01,MAT-022,PRD-042,RM_ISSUE,-796,EA,FG-02,WMS
IM-0002663,2025-12-13 08:20:00,P03,PRD-047,PRD-047,FG_SHIP,-5341,EA,FG-01,WMS
IM-0002664,2025-09-12 21:02:00,P01,MAT-004,PRD-048,RM_RECEIPT,2782,EA,RM-B,WMS
IM-0002665,2025-12-26 22:45:00,P02,PRD-053,PRD-053,FG_RECEIPT,1527,EA,WIP-01,WMS
IM-0002666,2025-08-14 10:05:00,P01,PRD-060,PRD-060,FG_RECEIPT,1378,EA,WIP-01,WMS
IM-0002667,2025-11-05 10:30:00,P01,MAT-025,PRD-035,RM_ISSUE,-2535,EA,FG-02,WMS
IM-0002668,2026-04-03 19:38:00,P03,MAT-033,PRD-022,RM_ISSUE,-2529,EA,FG-02,WMS
IM-0002669,2026-01-13 12:09:00,P02,PRD-011,PRD-011,FG_RECEIPT,5142,EA,RM-B,WMS
IM-0002670,2026-01-19 05:31:00,P01,MAT-022,PRD-073,RM_ISSUE,-314,EA,FG-02,WMS
IM-0002671,2026-01-14 19:09:00,P01,PRD-036,PRD-036,FG_SHIP,-995,EA,FG-01,WMS
IM-0002672,2026-05-28 03:19:00,P03,PRD-004,PRD-004,FG_RECEIPT,2602,EA,FG-02,WMS
IM-0002673,2025-11-14 09:14:00,P01,PRD-061,PRD-061,FG_RECEIPT,725,EA,FG-02,WMS
IM-0002674,2026-04-15 20:27:00,P03,PRD-034,PRD-034,FG_RECEIPT,5694,EA,RM-A,WMS
IM-0002675,2025-11-18 23:23:00,P03,PRD-026,PRD-026,FG_SHIP,-5210,EA,RM-B,WMS
IM-0002676,2025-12-30 08:02:00,P03,PRD-019,PRD-019,FG_SHIP,-1281,EA,RM-A,WMS
IM-0002677,2026-06-27 02:59:00,P03,MAT-003,PRD-014,RM_ISSUE,-749,EA,FG-02,WMS
IM-0002678,2025-08-19 02:53:00,P02,PRD-042,PRD-042,ADJUSTMENT,2664,EA,FG-02,WMS
IM-0002679,2026-01-26 16:26:00,P01,PRD-052,PRD-052,FG_RECEIPT,308,EA,FG-02,WMS
IM-0002680,2025-08-03 01:07:00,P01,MAT-026,PRD-046,RM_RECEIPT,2012,EA,FG-02,WMS
IM-0002681,2026-01-09 16:21:00,P02,MAT-030,PRD-064,RM_RECEIPT,747,EA,RM-A,WMS
IM-0002682,2026-01-26 09:49:00,P03,MAT-037,PRD-051,RM_ISSUE,-1259,EA,FG-01,WMS
IM-0002683,2026-05-22 09:51:00,P03,PRD-043,PRD-043,FG_SHIP,-1796,EA,WIP-01,WMS
IM-0002684,2025-12-31 19:49:00,P03,MAT-018,PRD-026,RM_RECEIPT,3348,EA,FG-02,WMS
IM-0002685,2026-01-22 02:54:00,P02,PRD-046,PRD-046,ADJUSTMENT,1038,EA,FG-01,WMS
IM-0002686,2026-04-30 03:15:00,P03,PRD-020,PRD-020,FG_RECEIPT,1200,EA,FG-01,WMS
IM-0002687,2025-08-03 16:02:00,P03,PRD-069,PRD-069,FG_SHIP,-3575,EA,RM-A,WMS
IM-0002688,2025-12-09 01:42:00,P02,MAT-001,PRD-039,RM_ISSUE,-1274,EA,WIP-01,WMS
IM-0002689,2026-05-02 14:09:00,P01,MAT-032,PRD-077,RM_RECEIPT,2514,EA,FG-02,WMS
IM-0002690,2025-12-03 15:49:00,P02,MAT-033,PRD-044,RM_ISSUE,-1171,EA,RM-A,WMS
IM-0002691,2026-04-29 01:30:00,P02,PRD-068,PRD-068,FG_SHIP,-1821,EA,FG-01,WMS
IM-0002692,2025-09-04 11:58:00,P01,MAT-005,PRD-021,RM_RECEIPT,590,EA,FG-02,WMS
IM-0002693,2026-02-26 01:35:00,P03,MAT-036,PRD-020,RM_ISSUE,-1487,EA,FG-01,WMS
IM-0002694,2026-04-25 15:42:00,P03,MAT-012,PRD-011,RM_RECEIPT,4334,EA,RM-B,WMS
IM-0002695,2026-04-20 05:14:00,P02,MAT-014,PRD-070,RM_ISSUE,-531,EA,FG-01,WMS
IM-0002696,2025-08-11 07:18:00,P01,MAT-004,PRD-048,RM_RECEIPT,3180,EA,RM-B,WMS
IM-0002697,2026-02-07 12:49:00,P02,MAT-004,PRD-032,RM_RECEIPT,2235,EA,RM-A,WMS
IM-0002698,2025-08-08 14:57:00,P01,PRD-002,PRD-002,FG_SHIP,-813,EA,RM-A,WMS
IM-0002699,2025-09-12 17:05:00,P02,MAT-004,PRD-040,RM_ISSUE,-3539,EA,RM-A,WMS
IM-0002700,2025-11-30 11:43:00,P02,MAT-023,PRD-007,RM_ISSUE,-1711,EA,RM-A,WMS
IM-0002701,2026-04-17 05:00:00,P03,PRD-021,PRD-021,ADJUSTMENT,9074,EA,FG-01,WMS
IM-0002702,2026-06-18 23:18:00,P02,MAT-037,PRD-018,RM_ISSUE,-4489,EA,FG-01,WMS
IM-0002703,2025-08-24 17:34:00,P01,PRD-043,PRD-043,FG_SHIP,-950,EA,RM-A,WMS
IM-0002704,2025-11-02 10:19:00,P01,MAT-030,PRD-062,RM_RECEIPT,5581,EA,WIP-01,WMS
IM-0002705,2025-12-04 18:49:00,P02,PRD-036,PRD-036,FG_SHIP,-1245,EA,RM-A,WMS
IM-0002706,2026-07-26 19:53:00,P02,MAT-030,PRD-009,RM_RECEIPT,3223,EA,FG-02,WMS
IM-0002707,2026-05-26 12:50:00,P02,PRD-037,PRD-037,ADJUSTMENT,16080,EA,WIP-01,WMS
IM-0002708,2025-10-14 13:16:00,P02,PRD-051,PRD-051,FG_SHIP,-6831,EA,RM-B,WMS
IM-0002709,2026-03-24 08:40:00,P02,PRD-067,PRD-067,FG_RECEIPT,8518,EA,WIP-01,WMS
IM-0002710,2025-11-08 14:09:00,P01,PRD-035,PRD-035,FG_RECEIPT,3308,EA,FG-01,WMS
IM-0002711,2026-02-16 19:01:00,P01,PRD-034,PRD-034,FG_RECEIPT,3053,EA,WIP-01,WMS
IM-0002712,2026-06-06 12:22:00,P01,MAT-005,PRD-024,RM_RECEIPT,1109,EA,WIP-01,WMS
IM-0002713,2026-01-19 09:24:00,P03,PRD-056,PRD-056,FG_RECEIPT,1389,EA,RM-B,WMS
IM-0002714,2026-05-06 22:48:00,P02,MAT-032,PRD-015,RM_ISSUE,-2231,EA,RM-A,WMS
IM-0002715,2025-08-12 17:50:00,P02,MAT-030,PRD-060,RM_ISSUE,-1147,EA,RM-A,WMS
IM-0002716,2026-01-31 04:22:00,P02,MAT-002,PRD-069,RM_RECEIPT,4194,EA,RM-A,WMS
IM-0002717,2025-09-09 15:49:00,P01,PRD-028,PRD-028,ADJUSTMENT,983,EA,RM-B,WMS
IM-0002718,2026-07-24 05:49:00,P01,PRD-058,PRD-058,FG_SHIP,-12065,EA,FG-02,WMS
IM-0002719,2026-05-25 07:22:00,P02,MAT-032,PRD-015,RM_RECEIPT,631,EA,RM-A,WMS
IM-0002720,2026-04-02 06:59:00,P01,MAT-012,PRD-011,RM_RECEIPT,2800,EA,FG-02,WMS
IM-0002721,2025-11-02 02:38:00,P02,MAT-033,PRD-017,RM_RECEIPT,1171,EA,RM-A,WMS
IM-0002722,2026-06-21 02:46:00,P01,MAT-018,PRD-050,RM_RECEIPT,1598,EA,FG-02,WMS
IM-0002723,2026-03-27 11:58:00,P01,PRD-032,PRD-032,FG_RECEIPT,5784,EA,RM-A,WMS
IM-0002724,2026-05-24 18:33:00,P01,MAT-010,PRD-027,RM_RECEIPT,414,EA,RM-B,WMS
IM-0002725,2026-02-17 08:15:00,P01,PRD-013,PRD-013,FG_RECEIPT,1311,EA,FG-02,WMS
IM-0002726,2026-05-11 11:26:00,P01,MAT-015,PRD-034,RM_RECEIPT,5250,EA,FG-02,WMS
IM-0002727,2025-09-24 12:35:00,P02,MAT-022,PRD-073,RM_ISSUE,-3898,EA,RM-A,WMS
IM-0002728,2026-01-29 03:02:00,P02,PRD-049,PRD-049,FG_SHIP,-6473,EA,FG-02,WMS
IM-0002729,2026-07-20 05:58:00,P03,MAT-005,PRD-058,RM_RECEIPT,1503,EA,RM-A,WMS
IM-0002730,2026-07-31 18:16:00,P01,PRD-033,PRD-033,FG_SHIP,-1516,EA,FG-02,WMS
IM-0002731,2026-03-03 20:09:00,P03,PRD-038,PRD-038,FG_RECEIPT,2555,EA,FG-02,WMS
IM-0002732,2025-09-23 09:48:00,P03,MAT-032,PRD-038,RM_RECEIPT,1299,EA,FG-02,WMS
IM-0002733,2026-02-02 19:49:00,P01,MAT-005,PRD-033,RM_ISSUE,-2123,EA,WIP-01,WMS
IM-0002734,2026-03-09 20:33:00,P03,MAT-027,PRD-072,RM_RECEIPT,2257,EA,RM-B,WMS
IM-0002735,2025-11-08 06:42:00,P01,MAT-022,PRD-073,RM_RECEIPT,1954,EA,FG-02,WMS
IM-0002736,2026-04-12 22:59:00,P02,MAT-037,PRD-018,RM_ISSUE,-3027,EA,FG-02,WMS
IM-0002737,2026-01-16 11:38:00,P03,MAT-004,PRD-040,RM_ISSUE,-1888,EA,FG-01,WMS
IM-0002738,2025-09-13 05:11:00,P01,MAT-027,PRD-072,RM_RECEIPT,739,EA,RM-B,WMS
IM-0002739,2026-01-31 00:51:00,P02,PRD-007,PRD-007,FG_RECEIPT,1301,EA,RM-A,WMS
IM-0002740,2025-12-19 07:36:00,P03,MAT-026,PRD-059,RM_RECEIPT,1667,EA,FG-01,WMS
IM-0002741,2026-03-22 01:00:00,P02,PRD-065,PRD-065,FG_RECEIPT,1493,EA,RM-A,WMS
IM-0002742,2026-03-19 17:42:00,P01,MAT-025,PRD-035,RM_ISSUE,-3313,EA,WIP-01,WMS
IM-0002743,2026-02-15 05:11:00,P03,PRD-036,PRD-036,FG_SHIP,-5026,EA,FG-01,WMS
IM-0002744,2025-09-18 15:36:00,P01,PRD-071,PRD-071,FG_RECEIPT,1497,EA,RM-B,WMS
IM-0002745,2026-05-05 17:53:00,P02,MAT-002,PRD-069,RM_ISSUE,-856,EA,WIP-01,WMS
IM-0002746,2025-08-04 23:18:00,P01,PRD-003,PRD-003,FG_SHIP,-13286,EA,FG-02,WMS
IM-0002747,2026-01-07 10:24:00,P02,MAT-030,PRD-009,RM_ISSUE,-1136,EA,WIP-01,WMS
IM-0002748,2026-06-04 07:49:00,P03,MAT-031,PRD-043,RM_ISSUE,-1610,EA,FG-01,WMS
IM-0002749,2026-07-13 05:54:00,P03,MAT-014,PRD-068,RM_ISSUE,-870,EA,FG-02,WMS
IM-0002750,2025-12-27 06:53:00,P01,MAT-001,PRD-056,RM_RECEIPT,1805,EA,RM-B,WMS
IM-0002751,2026-07-22 05:37:00,P02,MAT-001,PRD-039,RM_ISSUE,-1709,EA,WIP-01,WMS
IM-0002752,2025-11-08 00:43:00,P03,PRD-065,PRD-065,FG_RECEIPT,556,EA,FG-02,WMS
IM-0002753,2026-01-17 20:45:00,P01,PRD-004,PRD-004,FG_SHIP,-3458,EA,RM-B,WMS
IM-0002754,2025-08-13 17:30:00,P01,PRD-009,PRD-009,FG_RECEIPT,1861,EA,FG-02,WMS
IM-0002755,2026-07-11 15:20:00,P02,PRD-035,PRD-035,FG_SHIP,-2032,EA,RM-B,WMS
IM-0002756,2025-08-22 14:04:00,P01,MAT-026,PRD-057,RM_ISSUE,-3780,EA,WIP-01,WMS
IM-0002757,2025-12-27 08:48:00,P03,PRD-042,PRD-042,FG_SHIP,-1424,EA,RM-A,WMS
IM-0002758,2025-09-29 21:50:00,P02,MAT-002,PRD-069,RM_ISSUE,-3627,EA,RM-B,WMS
IM-0002759,2026-06-01 20:59:00,P03,PRD-019,PRD-019,FG_RECEIPT,955,EA,WIP-01,WMS
IM-0002760,2026-03-02 23:48:00,P01,PRD-007,PRD-007,FG_SHIP,-2614,EA,RM-A,WMS
IM-0002761,2025-08-09 16:29:00,P02,PRD-056,PRD-056,FG_RECEIPT,3920,EA,FG-01,WMS
IM-0002762,2025-08-05 21:26:00,P02,MAT-001,PRD-039,RM_ISSUE,-3566,EA,FG-02,WMS
IM-0002763,2026-07-31 04:53:00,P01,PRD-070,PRD-070,FG_RECEIPT,1798,EA,RM-B,WMS
IM-0002764,2026-04-16 10:46:00,P03,PRD-037,PRD-037,FG_SHIP,-3223,EA,WIP-01,WMS
IM-0002765,2026-07-15 16:02:00,P02,PRD-034,PRD-034,FG_SHIP,-1900,EA,RM-B,WMS
IM-0002766,2025-08-14 10:54:00,P01,MAT-029,PRD-031,RM_RECEIPT,1619,EA,RM-B,WMS
IM-0002767,2026-06-02 04:09:00,P02,PRD-070,PRD-070,FG_RECEIPT,1105,EA,FG-02,WMS
IM-0002768,2026-03-23 07:51:00,P01,MAT-032,PRD-038,RM_ISSUE,-3330,EA,FG-02,WMS
IM-0002769,2026-04-14 12:06:00,P01,MAT-031,PRD-043,RM_RECEIPT,728,EA,FG-01,WMS
IM-0002770,2025-10-14 23:42:00,P02,MAT-010,PRD-037,RM_RECEIPT,1123,EA,RM-B,WMS
IM-0002771,2025-09-13 06:24:00,P03,MAT-022,PRD-073,RM_RECEIPT,2902,EA,RM-B,WMS
IM-0002772,2025-10-02 15:05:00,P03,PRD-050,PRD-050,FG_RECEIPT,5607,EA,RM-A,WMS
IM-0002773,2026-01-09 02:43:00,P01,PRD-065,PRD-065,FG_RECEIPT,2896,EA,WIP-01,WMS
IM-0002774,2025-08-05 17:26:00,P02,PRD-005,PRD-005,FG_RECEIPT,1314,EA,FG-01,WMS
IM-0002775,2025-11-05 15:43:00,P03,PRD-071,PRD-071,FG_RECEIPT,1372,EA,RM-A,WMS
IM-0002776,2026-05-19 06:20:00,P02,MAT-001,PRD-074,RM_ISSUE,-839,EA,WIP-01,WMS
IM-0002777,2026-07-21 05:47:00,P03,MAT-032,PRD-015,RM_RECEIPT,4950,EA,RM-B,WMS
IM-0002778,2025-09-16 15:22:00,P02,MAT-032,PRD-005,RM_RECEIPT,1526,EA,WIP-01,WMS
IM-0002779,2026-02-04 02:43:00,P03,MAT-032,PRD-038,RM_RECEIPT,3009,EA,RM-A,WMS
IM-0002780,2025-09-13 07:08:00,P02,PRD-035,PRD-035,FG_SHIP,-2110,EA,RM-A,WMS
IM-0002781,2025-08-28 20:41:00,P03,PRD-027,PRD-027,FG_RECEIPT,4862,EA,WIP-01,WMS
IM-0002782,2025-08-08 14:55:00,P03,PRD-021,PRD-021,FG_RECEIPT,3049,EA,RM-B,WMS
IM-0002783,2026-05-16 06:48:00,P01,MAT-037,PRD-080,RM_RECEIPT,2501,EA,WIP-01,WMS
IM-0002784,2025-08-22 21:48:00,P02,MAT-001,PRD-056,RM_RECEIPT,2649,EA,FG-02,WMS
IM-0002785,2025-10-10 22:18:00,P03,MAT-025,PRD-035,RM_RECEIPT,5271,EA,FG-02,WMS
IM-0002786,2026-05-16 21:22:00,P02,PRD-029,PRD-029,FG_RECEIPT,2398,EA,FG-02,WMS
IM-0002787,2026-05-01 14:56:00,P01,MAT-016,PRD-029,RM_ISSUE,-2434,EA,RM-B,WMS
IM-0002788,2025-11-06 12:58:00,P02,MAT-018,PRD-030,RM_RECEIPT,3415,EA,RM-A,WMS
IM-0002789,2026-07-18 18:39:00,P01,MAT-017,PRD-079,RM_RECEIPT,1571,EA,FG-02,WMS
IM-0002790,2026-01-14 20:29:00,P01,PRD-017,PRD-017,FG_SHIP,-1354,EA,WIP-01,WMS
IM-0002791,2025-08-27 17:25:00,P02,MAT-007,PRD-055,RM_ISSUE,-974,EA,RM-B,WMS
IM-0002792,2026-07-07 22:44:00,P02,PRD-005,PRD-005,FG_RECEIPT,761,EA,WIP-01,WMS
IM-0002793,2025-08-26 08:29:00,P03,MAT-017,PRD-079,RM_RECEIPT,2141,EA,WIP-01,WMS
IM-0002794,2025-12-15 08:21:00,P01,MAT-012,PRD-011,RM_ISSUE,-2246,EA,RM-A,WMS
IM-0002795,2025-08-17 20:16:00,P02,PRD-047,PRD-047,FG_SHIP,-6378,EA,RM-A,WMS
IM-0002796,2025-12-21 04:28:00,P03,PRD-007,PRD-007,ADJUSTMENT,2225,EA,WIP-01,WMS
IM-0002797,2026-02-11 23:05:00,P03,MAT-037,PRD-051,RM_ISSUE,-2096,EA,WIP-01,WMS
IM-0002798,2026-01-03 08:46:00,P02,PRD-021,PRD-021,FG_SHIP,-1270,EA,FG-02,WMS
IM-0002799,2026-07-04 17:11:00,P02,MAT-022,PRD-047,RM_ISSUE,-711,EA,WIP-01,WMS
IM-0002800,2025-08-24 15:08:00,P01,PRD-037,PRD-037,FG_RECEIPT,1963,EA,RM-B,WMS
IM-0002801,2026-02-11 18:51:00,P02,MAT-001,PRD-056,RM_ISSUE,-1361,EA,FG-01,WMS
IM-0002802,2026-06-17 12:45:00,P03,MAT-003,PRD-014,RM_RECEIPT,2522,EA,RM-B,WMS
IM-0002803,2026-03-09 16:46:00,P01,PRD-033,PRD-033,FG_RECEIPT,2014,EA,FG-02,WMS
IM-0002804,2026-07-12 22:39:00,P01,MAT-004,PRD-032,RM_ISSUE,-1703,EA,WIP-01,WMS
IM-0002805,2026-05-25 15:33:00,P03,MAT-012,PRD-011,RM_RECEIPT,8101,EA,FG-02,WMS
IM-0002806,2025-11-04 20:21:00,P03,PRD-031,PRD-031,FG_RECEIPT,1351,EA,FG-01,WMS
IM-0002807,2025-11-01 17:40:00,P02,PRD-025,PRD-025,FG_RECEIPT,1171,EA,WIP-01,WMS
IM-0002808,2026-02-20 15:41:00,P02,PRD-032,PRD-032,FG_SHIP,-558,EA,WIP-01,WMS
IM-0002809,2026-05-02 12:38:00,P03,PRD-063,PRD-063,FG_SHIP,-1374,EA,FG-02,WMS
IM-0002810,2025-11-14 08:55:00,P02,PRD-032,PRD-032,FG_RECEIPT,3858,EA,WIP-01,WMS
IM-0002811,2025-09-15 22:20:00,P02,PRD-070,PRD-070,FG_SHIP,-3076,EA,FG-02,WMS
IM-0002812,2026-04-27 07:02:00,P03,PRD-037,PRD-037,FG_SHIP,-1677,EA,FG-02,WMS
IM-0002813,2026-04-25 20:13:00,P03,PRD-039,PRD-039,FG_RECEIPT,7365,EA,FG-02,WMS
IM-0002814,2026-04-05 04:14:00,P03,PRD-077,PRD-077,FG_SHIP,-1061,EA,WIP-01,WMS
IM-0002815,2026-01-07 12:13:00,P01,PRD-003,PRD-003,FG_SHIP,-2800,EA,WIP-01,WMS
IM-0002816,2025-09-29 05:19:00,P01,MAT-032,PRD-038,RM_ISSUE,-689,EA,FG-02,WMS
IM-0002817,2025-09-04 11:29:00,P02,MAT-018,PRD-002,RM_RECEIPT,2846,EA,FG-02,WMS
IM-0002818,2026-07-21 04:55:00,P03,MAT-010,PRD-037,RM_RECEIPT,11869,EA,WIP-01,WMS
IM-0002819,2025-10-03 07:43:00,P01,MAT-012,PRD-011,RM_RECEIPT,2912,EA,RM-B,WMS
IM-0002820,2026-07-14 06:34:00,P02,PRD-018,PRD-018,FG_SHIP,-4845,EA,RM-A,WMS
IM-0002821,2026-06-19 00:11:00,P02,PRD-047,PRD-047,FG_RECEIPT,1478,EA,RM-B,WMS
IM-0002822,2026-06-17 00:58:00,P02,PRD-065,PRD-065,FG_SHIP,-317,EA,RM-A,WMS
IM-0002823,2026-06-28 03:04:00,P01,PRD-027,PRD-027,FG_RECEIPT,3127,EA,RM-B,WMS
IM-0002824,2026-07-12 09:32:00,P01,PRD-001,PRD-001,FG_SHIP,-4029,EA,FG-02,WMS
IM-0002825,2026-03-04 21:33:00,P03,PRD-073,PRD-073,FG_SHIP,-1932,EA,FG-01,WMS
IM-0002826,2025-11-12 06:29:00,P02,MAT-015,PRD-034,RM_ISSUE,-4112,EA,WIP-01,WMS
IM-0002827,2026-06-21 02:56:00,P03,MAT-010,PRD-063,RM_ISSUE,-1829,EA,WIP-01,WMS
IM-0002828,2025-08-11 00:32:00,P03,MAT-022,PRD-023,RM_ISSUE,-7781,EA,WIP-01,WMS
IM-0002829,2026-07-17 15:48:00,P02,PRD-055,PRD-055,FG_SHIP,-1424,EA,FG-01,WMS
IM-0002830,2026-04-29 19:01:00,P02,PRD-066,PRD-066,FG_SHIP,-1268,EA,RM-B,WMS
IM-0002831,2026-01-23 12:53:00,P02,PRD-053,PRD-053,ADJUSTMENT,1358,EA,FG-01,WMS
IM-0002832,2026-01-10 19:52:00,P03,PRD-025,PRD-025,FG_RECEIPT,2664,EA,WIP-01,WMS
IM-0002833,2025-09-13 07:35:00,P02,MAT-033,PRD-017,RM_ISSUE,-3688,EA,WIP-01,WMS
IM-0002834,2026-01-10 18:49:00,P02,PRD-066,PRD-066,FG_RECEIPT,1413,EA,FG-01,WMS
IM-0002835,2026-05-01 06:15:00,P01,MAT-018,PRD-067,RM_ISSUE,-4427,EA,RM-B,WMS
IM-0002836,2025-08-16 23:02:00,P01,MAT-002,PRD-069,RM_RECEIPT,363,EA,FG-01,WMS
IM-0002837,2026-04-25 16:09:00,P02,MAT-029,PRD-045,RM_ISSUE,-578,EA,FG-02,WMS
IM-0002838,2026-05-05 12:29:00,P03,PRD-037,PRD-037,ADJUSTMENT,1125,EA,RM-A,WMS
IM-0002839,2026-06-08 16:02:00,P03,PRD-050,PRD-050,FG_SHIP,-4578,EA,FG-02,WMS
IM-0002840,2025-08-31 18:40:00,P02,PRD-030,PRD-030,FG_RECEIPT,9116,EA,RM-A,WMS
IM-0002841,2026-06-26 00:00:00,P03,PRD-045,PRD-045,FG_SHIP,-3815,EA,FG-02,WMS
IM-0002842,2026-06-06 02:00:00,P02,MAT-022,PRD-047,RM_RECEIPT,5406,EA,RM-B,WMS
IM-0002843,2026-01-21 17:49:00,P03,MAT-020,PRD-010,RM_ISSUE,-2942,EA,WIP-01,WMS
IM-0002844,2026-06-18 05:38:00,P01,PRD-078,PRD-078,FG_RECEIPT,594,EA,FG-01,WMS
IM-0002845,2025-10-30 14:56:00,P02,PRD-005,PRD-005,FG_SHIP,-1155,EA,WIP-01,WMS
IM-0002846,2026-06-04 01:53:00,P01,PRD-046,PRD-046,FG_SHIP,-1098,EA,RM-B,WMS
IM-0002847,2025-09-14 17:34:00,P01,PRD-023,PRD-023,FG_RECEIPT,2152,EA,RM-B,WMS
IM-0002848,2026-01-01 19:48:00,P02,MAT-014,PRD-070,RM_RECEIPT,5243,EA,RM-A,WMS
IM-0002849,2026-02-01 21:23:00,P02,MAT-033,PRD-076,RM_RECEIPT,1168,EA,WIP-01,WMS
IM-0002850,2026-01-26 22:30:00,P01,MAT-006,PRD-001,RM_RECEIPT,3083,EA,FG-01,WMS
IM-0002851,2026-06-30 17:09:00,P02,MAT-005,PRD-033,RM_ISSUE,-2093,EA,WIP-01,WMS
IM-0002852,2026-06-13 21:17:00,P03,PRD-047,PRD-047,FG_SHIP,-5492,EA,RM-A,WMS
IM-0002853,2026-02-27 00:03:00,P03,MAT-035,PRD-066,RM_ISSUE,-2249,EA,RM-B,WMS
IM-0002854,2025-09-27 22:19:00,P03,MAT-004,PRD-032,RM_RECEIPT,1927,EA,RM-B,WMS
IM-0002855,2026-03-08 07:01:00,P02,PRD-020,PRD-020,FG_SHIP,-3243,EA,FG-01,WMS
IM-0002856,2026-03-16 02:57:00,P02,PRD-023,PRD-023,FG_RECEIPT,769,EA,FG-01,WMS
IM-0002857,2025-10-11 12:56:00,P01,MAT-037,PRD-051,RM_RECEIPT,1512,EA,RM-B,WMS
IM-0002858,2026-06-27 18:48:00,P03,MAT-032,PRD-038,RM_ISSUE,-4466,EA,FG-02,WMS
IM-0002859,2026-07-28 08:57:00,P01,PRD-009,PRD-009,FG_RECEIPT,935,EA,FG-02,WMS
IM-0002860,2025-09-20 04:43:00,P01,PRD-016,PRD-016,FG_SHIP,-4103,EA,RM-A,WMS
IM-0002861,2026-03-12 17:35:00,P03,MAT-029,PRD-045,RM_ISSUE,-4483,EA,FG-01,WMS
IM-0002862,2026-03-09 04:50:00,P01,MAT-018,PRD-078,RM_RECEIPT,1897,EA,FG-01,WMS
IM-0002863,2026-05-28 16:35:00,P03,MAT-004,PRD-032,RM_ISSUE,-647,EA,WIP-01,WMS
IM-0002864,2026-01-14 21:48:00,P02,PRD-071,PRD-071,FG_RECEIPT,4119,EA,RM-A,WMS
IM-0002865,2025-10-07 19:11:00,P03,PRD-047,PRD-047,FG_SHIP,-1193,EA,RM-B,WMS
IM-0002866,2025-10-16 05:21:00,P03,MAT-012,PRD-011,RM_ISSUE,-842,EA,WIP-01,WMS
IM-0002867,2025-12-28 17:33:00,P03,MAT-018,PRD-050,RM_ISSUE,-2448,EA,FG-02,WMS
IM-0002868,2025-10-10 23:08:00,P02,PRD-046,PRD-046,FG_RECEIPT,9685,EA,FG-02,WMS
IM-0002869,2025-08-04 10:57:00,P01,MAT-030,PRD-064,RM_RECEIPT,2204,EA,FG-02,WMS
IM-0002870,2025-12-23 20:27:00,P03,PRD-072,PRD-072,FG_RECEIPT,7391,EA,FG-01,WMS
IM-0002871,2025-12-25 15:35:00,P01,PRD-028,PRD-028,FG_RECEIPT,6395,EA,FG-02,WMS
IM-0002872,2026-02-23 00:29:00,P02,MAT-032,PRD-038,RM_ISSUE,-3977,EA,RM-A,WMS
IM-0002873,2026-04-10 15:57:00,P01,PRD-023,PRD-023,FG_SHIP,-1819,EA,RM-B,WMS
IM-0002874,2026-06-11 07:53:00,P02,PRD-046,PRD-046,FG_RECEIPT,1139,EA,RM-B,WMS
IM-0002875,2025-11-02 04:54:00,P02,MAT-022,PRD-042,RM_RECEIPT,2911,EA,WIP-01,WMS
IM-0002876,2026-01-03 06:51:00,P02,MAT-018,PRD-067,RM_ISSUE,-1959,EA,WIP-01,WMS
IM-0002877,2026-02-18 13:47:00,P01,MAT-027,PRD-072,RM_ISSUE,-4234,EA,FG-02,WMS
IM-0002878,2026-06-13 19:35:00,P03,MAT-033,PRD-017,RM_ISSUE,-12247,EA,FG-02,WMS
IM-0002879,2026-03-14 05:23:00,P01,PRD-050,PRD-050,FG_RECEIPT,2930,EA,RM-A,WMS
IM-0002880,2026-03-25 06:45:00,P01,MAT-033,PRD-044,RM_ISSUE,-740,EA,RM-A,WMS
IM-0002881,2025-08-10 23:54:00,P02,PRD-071,PRD-071,FG_SHIP,-7692,EA,WIP-01,WMS
IM-0002882,2025-10-12 02:33:00,P02,MAT-036,PRD-020,RM_ISSUE,-5421,EA,RM-A,WMS
IM-0002883,2026-03-24 00:32:00,P02,PRD-080,PRD-080,FG_SHIP,-3516,EA,WIP-01,WMS
IM-0002884,2025-08-24 03:31:00,P01,MAT-014,PRD-068,RM_RECEIPT,335,EA,FG-02,WMS
IM-0002885,2026-04-05 01:59:00,P01,PRD-003,PRD-003,FG_RECEIPT,2024,EA,RM-B,WMS
IM-0002886,2025-12-22 07:06:00,P01,PRD-072,PRD-072,FG_RECEIPT,630,EA,FG-02,WMS
IM-0002887,2025-12-26 19:10:00,P03,MAT-004,PRD-048,RM_RECEIPT,1624,EA,WIP-01,WMS
IM-0002888,2025-11-19 03:34:00,P02,PRD-059,PRD-059,ADJUSTMENT,880,EA,FG-02,WMS
IM-0002889,2025-09-21 11:33:00,P03,PRD-032,PRD-032,FG_SHIP,-2163,EA,WIP-01,WMS
IM-0002890,2026-04-15 18:46:00,P02,PRD-055,PRD-055,FG_SHIP,-3594,EA,RM-A,WMS
IM-0002891,2026-01-21 00:00:00,P03,MAT-018,PRD-067,RM_RECEIPT,2775,EA,RM-A,WMS
IM-0002892,2026-01-10 00:01:00,P01,PRD-008,PRD-008,FG_SHIP,-826,EA,FG-01,WMS
IM-0002893,2026-07-21 15:58:00,P02,PRD-066,PRD-066,FG_SHIP,-2461,EA,RM-B,WMS
IM-0002894,2025-08-23 04:13:00,P01,PRD-041,PRD-041,FG_SHIP,-2972,EA,FG-02,WMS
IM-0002895,2025-08-24 10:31:00,P03,PRD-063,PRD-063,ADJUSTMENT,5406,EA,RM-A,WMS
IM-0002896,2026-05-26 20:18:00,P02,MAT-033,PRD-076,RM_ISSUE,-5048,EA,FG-01,WMS
IM-0002897,2025-09-16 05:20:00,P02,MAT-018,PRD-054,RM_RECEIPT,2053,EA,FG-02,WMS
IM-0002898,2026-03-09 22:15:00,P02,PRD-064,PRD-064,FG_SHIP,-6192,EA,FG-01,WMS
IM-0002899,2025-12-18 09:39:00,P02,PRD-078,PRD-078,FG_SHIP,-261,EA,RM-B,WMS
IM-0002900,2026-02-15 11:21:00,P02,MAT-004,PRD-048,RM_ISSUE,-5347,EA,WIP-01,WMS
IM-0002901,2026-05-25 02:33:00,P01,PRD-067,PRD-067,FG_RECEIPT,1313,EA,RM-B,WMS
IM-0002902,2026-03-10 13:21:00,P03,PRD-075,PRD-075,FG_SHIP,-387,EA,WIP-01,WMS
IM-0002903,2026-02-15 13:40:00,P02,PRD-052,PRD-052,ADJUSTMENT,1759,EA,FG-01,WMS
IM-0002904,2026-05-28 14:08:00,P01,PRD-075,PRD-075,FG_SHIP,-4518,EA,RM-A,WMS
IM-0002905,2026-02-04 10:22:00,P02,PRD-079,PRD-079,FG_SHIP,-1219,EA,RM-B,WMS
IM-0002906,2026-03-28 03:23:00,P01,MAT-033,PRD-044,RM_ISSUE,-1509,EA,RM-B,WMS
IM-0002907,2025-10-30 14:30:00,P03,MAT-032,PRD-077,RM_ISSUE,-1483,EA,FG-02,WMS
IM-0002908,2026-05-21 19:59:00,P03,MAT-019,PRD-004,RM_RECEIPT,2539,EA,WIP-01,WMS
IM-0002909,2025-08-25 19:37:00,P03,PRD-060,PRD-060,FG_SHIP,-338,EA,FG-01,WMS
IM-0002910,2026-07-02 13:31:00,P03,MAT-024,PRD-003,RM_RECEIPT,5641,EA,FG-01,WMS
IM-0002911,2026-03-12 21:44:00,P02,MAT-032,PRD-005,RM_ISSUE,-608,EA,RM-A,WMS
IM-0002912,2025-09-20 01:34:00,P03,MAT-004,PRD-040,RM_ISSUE,-3124,EA,RM-B,WMS
IM-0002913,2026-02-09 23:38:00,P02,MAT-024,PRD-003,RM_RECEIPT,743,EA,FG-01,WMS
IM-0002914,2026-06-09 21:10:00,P02,MAT-014,PRD-068,RM_RECEIPT,1066,EA,RM-B,WMS
IM-0002915,2026-04-20 16:30:00,P01,MAT-005,PRD-033,RM_RECEIPT,2588,EA,RM-A,WMS
IM-0002916,2026-02-28 12:27:00,P02,PRD-051,PRD-051,FG_SHIP,-1867,EA,WIP-01,WMS
IM-0002917,2026-06-13 21:28:00,P01,PRD-026,PRD-026,FG_RECEIPT,1739,EA,FG-01,WMS
IM-0002918,2026-02-01 02:06:00,P03,MAT-001,PRD-074,RM_ISSUE,-1932,EA,RM-A,WMS
IM-0002919,2026-03-21 03:38:00,P01,MAT-005,PRD-033,RM_ISSUE,-5510,EA,FG-02,WMS
IM-0002920,2026-05-20 21:46:00,P02,MAT-032,PRD-015,RM_ISSUE,-2487,EA,FG-02,WMS
IM-0002921,2026-03-04 12:59:00,P02,PRD-048,PRD-048,FG_RECEIPT,1150,EA,RM-B,WMS
IM-0002922,2026-01-19 20:23:00,P01,MAT-027,PRD-072,RM_RECEIPT,2997,EA,FG-01,WMS
IM-0002923,2026-07-10 13:49:00,P03,MAT-018,PRD-030,RM_ISSUE,-873,EA,FG-01,WMS
IM-0002924,2026-07-03 17:46:00,P01,PRD-070,PRD-070,FG_SHIP,-803,EA,FG-01,WMS
IM-0002925,2026-04-18 18:46:00,P01,MAT-020,PRD-010,RM_ISSUE,-2743,EA,RM-A,WMS
IM-0002926,2025-08-10 07:47:00,P03,MAT-032,PRD-038,RM_ISSUE,-1821,EA,FG-01,WMS
IM-0002927,2026-01-28 15:40:00,P01,PRD-013,PRD-013,FG_RECEIPT,5358,EA,RM-A,WMS
IM-0002928,2026-07-22 01:01:00,P03,MAT-018,PRD-054,RM_RECEIPT,623,EA,FG-02,WMS
IM-0002929,2025-08-19 23:22:00,P01,PRD-017,PRD-017,FG_RECEIPT,2019,EA,RM-B,WMS
IM-0002930,2025-10-30 17:39:00,P01,PRD-025,PRD-025,FG_RECEIPT,2541,EA,FG-01,WMS
IM-0002931,2025-11-12 09:31:00,P01,MAT-005,PRD-021,RM_ISSUE,-1151,EA,WIP-01,WMS
IM-0002932,2025-09-07 19:05:00,P01,PRD-035,PRD-035,FG_SHIP,-1644,EA,RM-B,WMS
IM-0002933,2025-11-30 17:46:00,P02,PRD-013,PRD-013,FG_SHIP,-2075,EA,FG-01,WMS
IM-0002934,2025-10-26 04:41:00,P02,PRD-026,PRD-026,FG_SHIP,-2120,EA,FG-01,WMS
IM-0002935,2025-09-02 04:54:00,P02,PRD-038,PRD-038,FG_SHIP,-3249,EA,FG-02,WMS
IM-0002936,2026-02-28 00:54:00,P02,MAT-005,PRD-033,RM_RECEIPT,2440,EA,FG-01,WMS
IM-0002937,2026-04-06 03:17:00,P03,PRD-047,PRD-047,FG_RECEIPT,4538,EA,RM-B,WMS
IM-0002938,2025-12-12 08:50:00,P01,PRD-075,PRD-075,FG_RECEIPT,3482,EA,FG-02,WMS
IM-0002939,2025-11-26 21:04:00,P03,MAT-035,PRD-066,RM_RECEIPT,2420,EA,FG-02,WMS
IM-0002940,2026-03-06 15:17:00,P01,MAT-033,PRD-044,RM_RECEIPT,354,EA,RM-A,WMS
IM-0002941,2026-04-26 12:34:00,P01,PRD-015,PRD-015,FG_RECEIPT,900,EA,FG-02,WMS
IM-0002942,2026-04-09 00:18:00,P03,PRD-042,PRD-042,FG_SHIP,-3614,EA,RM-B,WMS
IM-0002943,2026-06-18 02:10:00,P01,MAT-026,PRD-046,RM_RECEIPT,4701,EA,RM-B,WMS
IM-0002944,2025-10-23 19:14:00,P01,PRD-063,PRD-063,FG_RECEIPT,3050,EA,RM-A,WMS
IM-0002945,2026-06-22 09:27:00,P03,MAT-017,PRD-079,RM_ISSUE,-2874,EA,FG-02,WMS
IM-0002946,2025-10-22 01:33:00,P01,PRD-017,PRD-017,FG_RECEIPT,1401,EA,RM-B,WMS
IM-0002947,2026-04-13 00:54:00,P03,MAT-018,PRD-030,RM_ISSUE,-566,EA,FG-01,WMS
IM-0002948,2026-04-06 14:31:00,P01,PRD-062,PRD-062,ADJUSTMENT,3078,EA,FG-02,WMS
IM-0002949,2025-09-12 14:52:00,P03,PRD-053,PRD-053,FG_SHIP,-2946,EA,RM-A,WMS
IM-0002950,2025-11-04 19:42:00,P01,MAT-004,PRD-040,RM_ISSUE,-731,EA,FG-02,WMS
IM-0002951,2026-03-14 11:51:00,P03,MAT-030,PRD-009,RM_ISSUE,-5803,EA,RM-B,WMS
IM-0002952,2026-07-11 12:15:00,P02,PRD-012,PRD-012,ADJUSTMENT,2950,EA,RM-B,WMS
IM-0002953,2026-07-19 02:33:00,P01,MAT-033,PRD-022,RM_RECEIPT,2031,EA,FG-02,WMS
IM-0002954,2026-07-05 02:43:00,P03,MAT-018,PRD-002,RM_RECEIPT,1879,EA,RM-A,WMS
IM-0002955,2026-02-20 13:46:00,P02,MAT-014,PRD-068,RM_RECEIPT,3878,EA,WIP-01,WMS
IM-0002956,2026-01-13 06:00:00,P03,MAT-018,PRD-002,RM_RECEIPT,2783,EA,RM-A,WMS
IM-0002957,2026-04-29 11:22:00,P02,PRD-006,PRD-006,FG_SHIP,-1981,EA,RM-A,WMS
IM-0002958,2025-09-28 14:21:00,P01,PRD-032,PRD-032,FG_SHIP,-1664,EA,FG-02,WMS
IM-0002959,2026-07-13 07:07:00,P03,PRD-056,PRD-056,FG_SHIP,-1844,EA,WIP-01,WMS
IM-0002960,2025-09-02 05:31:00,P01,MAT-022,PRD-042,RM_RECEIPT,2586,EA,RM-A,WMS
IM-0002961,2026-02-11 17:54:00,P03,MAT-026,PRD-028,RM_ISSUE,-4052,EA,RM-A,WMS
IM-0002962,2026-07-21 15:37:00,P02,MAT-025,PRD-035,RM_RECEIPT,1249,EA,WIP-01,WMS
IM-0002963,2026-06-10 01:06:00,P02,MAT-003,PRD-049,RM_RECEIPT,5685,EA,RM-A,WMS
IM-0002964,2026-05-19 10:46:00,P03,PRD-037,PRD-037,FG_RECEIPT,1987,EA,FG-01,WMS
IM-0002965,2025-08-07 10:26:00,P03,MAT-004,PRD-048,RM_ISSUE,-763,EA,WIP-01,WMS
IM-0002966,2026-04-08 01:26:00,P01,MAT-027,PRD-061,RM_RECEIPT,1977,EA,RM-B,WMS
IM-0002967,2025-09-07 19:40:00,P03,PRD-021,PRD-021,FG_SHIP,-1879,EA,RM-A,WMS
IM-0002968,2026-03-28 21:14:00,P01,PRD-037,PRD-037,FG_RECEIPT,698,EA,FG-01,WMS
IM-0002969,2025-10-03 03:53:00,P02,MAT-037,PRD-051,RM_RECEIPT,2128,EA,FG-01,WMS
IM-0002970,2025-09-25 23:02:00,P03,PRD-001,PRD-001,FG_SHIP,-1178,EA,FG-01,WMS
IM-0002971,2026-04-25 04:53:00,P02,MAT-037,PRD-051,RM_RECEIPT,1798,EA,RM-A,WMS
IM-0002972,2026-07-16 13:53:00,P01,MAT-024,PRD-013,RM_ISSUE,-6797,EA,RM-A,WMS
IM-0002973,2026-04-03 14:06:00,P01,PRD-042,PRD-042,FG_SHIP,-1825,EA,WIP-01,WMS
IM-0002974,2026-03-23 02:34:00,P03,PRD-071,PRD-071,FG_RECEIPT,1503,EA,FG-01,WMS
IM-0002975,2025-11-05 09:09:00,P01,MAT-033,PRD-076,RM_RECEIPT,238,EA,FG-01,WMS
IM-0002976,2025-12-02 09:18:00,P02,PRD-022,PRD-022,FG_SHIP,-1940,EA,RM-A,WMS
IM-0002977,2026-02-13 03:48:00,P02,PRD-051,PRD-051,FG_SHIP,-5908,EA,FG-01,WMS
IM-0002978,2025-08-29 00:22:00,P02,MAT-005,PRD-021,RM_RECEIPT,406,EA,RM-A,WMS
IM-0002979,2026-02-11 06:00:00,P01,MAT-026,PRD-057,RM_RECEIPT,851,EA,FG-01,WMS
IM-0002980,2026-06-30 23:25:00,P01,MAT-036,PRD-020,RM_ISSUE,-1877,EA,RM-A,WMS
IM-0002981,2026-04-29 04:30:00,P03,MAT-004,PRD-032,RM_RECEIPT,2225,EA,FG-01,WMS
IM-0002982,2025-12-27 04:00:00,P03,PRD-045,PRD-045,FG_RECEIPT,779,EA,WIP-01,WMS
IM-0002983,2025-10-24 21:17:00,P03,MAT-026,PRD-059,RM_RECEIPT,1178,EA,RM-A,WMS
IM-0002984,2025-08-19 10:44:00,P02,MAT-015,PRD-025,RM_RECEIPT,2175,EA,FG-01,WMS
IM-0002985,2026-01-31 22:30:00,P03,PRD-002,PRD-002,FG_RECEIPT,2321,EA,FG-01,WMS
IM-0002986,2025-12-31 01:49:00,P03,MAT-018,PRD-054,RM_ISSUE,-377,EA,FG-02,WMS
IM-0002987,2026-02-01 12:09:00,P02,MAT-018,PRD-078,RM_ISSUE,-1063,EA,RM-A,WMS
IM-0002988,2025-09-23 19:37:00,P02,PRD-019,PRD-019,FG_SHIP,-656,EA,FG-01,WMS
IM-0002989,2026-06-08 21:25:00,P03,PRD-073,PRD-073,FG_RECEIPT,1364,EA,RM-A,WMS
IM-0002990,2026-07-04 20:02:00,P01,MAT-002,PRD-069,RM_RECEIPT,1967,EA,FG-02,WMS
IM-0002991,2026-06-27 06:07:00,P03,MAT-003,PRD-014,RM_RECEIPT,5334,EA,FG-01,WMS
IM-0002992,2026-02-25 08:47:00,P01,PRD-049,PRD-049,FG_RECEIPT,921,EA,FG-01,WMS
IM-0002993,2025-08-01 03:13:00,P02,PRD-023,PRD-023,FG_RECEIPT,4133,EA,FG-01,WMS
IM-0002994,2026-04-26 17:02:00,P01,PRD-003,PRD-003,FG_RECEIPT,1559,EA,FG-02,WMS
IM-0002995,2025-12-21 03:56:00,P02,PRD-009,PRD-009,FG_RECEIPT,440,EA,FG-02,WMS
IM-0002996,2026-01-10 09:59:00,P01,MAT-010,PRD-063,RM_ISSUE,-1600,EA,WIP-01,WMS
IM-0002997,2026-05-22 08:48:00,P03,PRD-058,PRD-058,FG_SHIP,-10718,EA,RM-A,WMS
IM-0002998,2026-04-18 12:29:00,P03,PRD-003,PRD-003,FG_SHIP,-3392,EA,FG-01,WMS
IM-0002999,2025-10-30 23:23:00,P03,MAT-020,PRD-010,RM_RECEIPT,703,EA,RM-B,WMS
IM-0003000,2026-03-16 16:16:00,P02,PRD-061,PRD-061,FG_SHIP,-698,EA,FG-02,WMS
IM-0003001,2025-10-14 18:38:00,P02,PRD-078,PRD-078,FG_RECEIPT,2878,EA,WIP-01,WMS
IM-0003002,2026-07-24 17:46:00,P02,MAT-030,PRD-009,RM_RECEIPT,2910,EA,RM-A,WMS
IM-0003003,2025-12-03 03:51:00,P01,MAT-027,PRD-072,RM_ISSUE,-1334,EA,FG-02,WMS
IM-0003004,2025-12-21 17:55:00,P02,PRD-028,PRD-028,ADJUSTMENT,627,EA,RM-A,WMS
IM-0003005,2026-07-15 18:35:00,P01,MAT-033,PRD-017,RM_ISSUE,-1850,EA,WIP-01,WMS
IM-0003006,2026-04-26 03:47:00,P02,PRD-066,PRD-066,FG_RECEIPT,1592,EA,WIP-01,WMS
IM-0003007,2026-06-04 04:31:00,P03,MAT-031,PRD-008,RM_ISSUE,-2395,EA,RM-A,WMS
IM-0003008,2026-06-04 06:38:00,P02,PRD-010,PRD-010,FG_SHIP,-1275,EA,RM-A,WMS
IM-0003009,2025-12-26 19:12:00,P02,PRD-057,PRD-057,FG_RECEIPT,7352,EA,WIP-01,WMS
IM-0003010,2026-06-05 12:09:00,P01,MAT-005,PRD-058,RM_ISSUE,-9202,EA,FG-01,WMS
IM-0003011,2026-04-04 10:09:00,P03,MAT-001,PRD-039,RM_RECEIPT,2438,EA,RM-B,WMS
IM-0003012,2026-06-01 00:00:00,P02,MAT-010,PRD-027,RM_RECEIPT,2146,EA,RM-A,WMS
IM-0003013,2026-02-11 13:22:00,P01,MAT-030,PRD-012,RM_RECEIPT,3149,EA,RM-A,WMS
IM-0003014,2026-01-03 01:01:00,P03,MAT-004,PRD-032,RM_RECEIPT,3792,EA,RM-B,WMS
IM-0003015,2026-04-21 17:34:00,P01,MAT-018,PRD-002,RM_RECEIPT,1844,EA,RM-A,WMS
IM-0003016,2026-07-06 15:14:00,P02,MAT-030,PRD-009,RM_ISSUE,-400,EA,WIP-01,WMS
IM-0003017,2026-01-05 17:13:00,P02,PRD-015,PRD-015,ADJUSTMENT,2150,EA,WIP-01,WMS
IM-0003018,2026-04-03 14:40:00,P03,MAT-022,PRD-047,RM_RECEIPT,15071,EA,FG-02,WMS
IM-0003019,2026-06-03 04:59:00,P01,MAT-032,PRD-005,RM_ISSUE,-667,EA,WIP-01,WMS
IM-0003020,2026-07-02 21:33:00,P02,PRD-016,PRD-016,FG_SHIP,-3800,EA,FG-02,WMS
IM-0003021,2025-11-10 22:28:00,P02,PRD-006,PRD-006,FG_RECEIPT,1103,EA,WIP-01,WMS
IM-0003022,2026-05-01 03:24:00,P03,MAT-032,PRD-015,RM_ISSUE,-2399,EA,FG-02,WMS
IM-0003023,2025-08-10 20:32:00,P03,MAT-010,PRD-037,RM_ISSUE,-1274,EA,RM-A,WMS
IM-0003024,2025-09-29 21:41:00,P03,PRD-002,PRD-002,FG_RECEIPT,3865,EA,RM-A,WMS
IM-0003025,2026-02-20 22:33:00,P03,MAT-029,PRD-045,RM_ISSUE,-3050,EA,FG-01,WMS
IM-0003026,2026-07-07 07:45:00,P02,PRD-043,PRD-043,FG_SHIP,-1612,EA,WIP-01,WMS
IM-0003027,2026-02-25 18:47:00,P02,PRD-035,PRD-035,FG_SHIP,-4501,EA,WIP-01,WMS
IM-0003028,2026-07-06 20:11:00,P03,MAT-008,PRD-036,RM_RECEIPT,644,EA,FG-02,WMS
IM-0003029,2025-12-05 20:11:00,P01,MAT-020,PRD-010,RM_ISSUE,-1183,EA,FG-01,WMS
IM-0003030,2025-10-31 15:13:00,P01,MAT-027,PRD-072,RM_RECEIPT,3515,EA,WIP-01,WMS
IM-0003031,2025-12-24 13:45:00,P01,PRD-079,PRD-079,FG_RECEIPT,820,EA,RM-A,WMS
IM-0003032,2026-04-09 11:57:00,P03,MAT-012,PRD-011,RM_ISSUE,-2084,EA,FG-01,WMS
IM-0003033,2026-03-17 17:42:00,P03,MAT-015,PRD-025,RM_RECEIPT,11148,EA,RM-B,WMS
IM-0003034,2025-08-16 18:37:00,P02,MAT-005,PRD-033,RM_ISSUE,-3481,EA,RM-B,WMS
IM-0003035,2026-03-17 05:28:00,P03,PRD-075,PRD-075,FG_RECEIPT,2891,EA,WIP-01,WMS
IM-0003036,2026-04-02 14:40:00,P01,MAT-031,PRD-052,RM_ISSUE,-1820,EA,WIP-01,WMS
IM-0003037,2025-11-16 23:26:00,P03,PRD-051,PRD-051,FG_SHIP,-3632,EA,FG-01,WMS
IM-0003038,2026-06-12 20:30:00,P02,PRD-018,PRD-018,FG_RECEIPT,4919,EA,FG-02,WMS
IM-0003039,2026-03-30 16:08:00,P03,PRD-004,PRD-004,FG_RECEIPT,2402,EA,RM-B,WMS
IM-0003040,2026-02-03 08:52:00,P02,PRD-026,PRD-026,FG_SHIP,-2351,EA,RM-A,WMS
IM-0003041,2026-03-20 02:54:00,P03,MAT-033,PRD-017,RM_RECEIPT,7599,EA,FG-02,WMS
IM-0003042,2025-11-24 00:13:00,P01,PRD-004,PRD-004,ADJUSTMENT,3253,EA,WIP-01,WMS
IM-0003043,2025-09-02 18:31:00,P02,PRD-077,PRD-077,FG_RECEIPT,2478,EA,RM-A,WMS
IM-0003044,2025-10-10 05:08:00,P01,MAT-001,PRD-074,RM_ISSUE,-805,EA,FG-01,WMS
IM-0003045,2026-05-16 05:11:00,P03,MAT-019,PRD-004,RM_ISSUE,-1284,EA,FG-02,WMS
IM-0003046,2025-09-23 15:34:00,P02,MAT-030,PRD-009,RM_ISSUE,-1957,EA,FG-02,WMS
IM-0003047,2026-06-23 12:28:00,P01,MAT-012,PRD-006,RM_RECEIPT,766,EA,FG-02,WMS
IM-0003048,2026-05-06 11:20:00,P01,PRD-016,PRD-016,FG_SHIP,-1838,EA,FG-01,WMS
IM-0003049,2026-04-23 21:56:00,P02,MAT-033,PRD-022,RM_RECEIPT,6350,EA,FG-02,WMS
IM-0003050,2026-07-09 06:36:00,P03,PRD-004,PRD-004,FG_RECEIPT,1998,EA,FG-02,WMS
IM-0003051,2026-04-07 15:02:00,P03,PRD-042,PRD-042,FG_RECEIPT,4219,EA,FG-02,WMS
IM-0003052,2026-04-13 15:01:00,P03,PRD-029,PRD-029,FG_SHIP,-1822,EA,RM-A,WMS
IM-0003053,2026-07-25 18:48:00,P02,PRD-073,PRD-073,FG_SHIP,-1122,EA,FG-01,WMS
IM-0003054,2025-11-29 13:09:00,P01,MAT-032,PRD-038,RM_RECEIPT,2759,EA,FG-02,WMS
IM-0003055,2026-02-12 07:04:00,P01,MAT-029,PRD-045,RM_RECEIPT,4038,EA,WIP-01,WMS
IM-0003056,2026-06-15 08:40:00,P01,PRD-068,PRD-068,FG_SHIP,-5685,EA,RM-B,WMS
IM-0003057,2025-12-25 02:00:00,P02,PRD-065,PRD-065,FG_RECEIPT,1072,EA,RM-B,WMS
IM-0003058,2026-07-23 02:49:00,P03,MAT-027,PRD-072,RM_ISSUE,-3888,EA,RM-A,WMS
IM-0003059,2025-08-10 18:17:00,P03,MAT-018,PRD-030,RM_RECEIPT,8898,EA,FG-01,WMS
IM-0003060,2025-10-31 07:33:00,P02,MAT-035,PRD-066,RM_ISSUE,-1436,EA,WIP-01,WMS
IM-0003061,2025-09-30 10:51:00,P02,MAT-005,PRD-033,RM_ISSUE,-2494,EA,RM-B,WMS
IM-0003062,2025-10-06 16:48:00,P02,PRD-066,PRD-066,FG_SHIP,-434,EA,RM-A,WMS
IM-0003063,2025-12-08 14:13:00,P01,PRD-071,PRD-071,FG_RECEIPT,1314,EA,FG-01,WMS
IM-0003064,2026-06-30 00:16:00,P01,MAT-032,PRD-038,RM_RECEIPT,1124,EA,FG-01,WMS
IM-0003065,2025-12-02 23:37:00,P03,PRD-012,PRD-012,FG_RECEIPT,2005,EA,FG-01,WMS
IM-0003066,2026-05-27 02:50:00,P03,PRD-017,PRD-017,FG_SHIP,-1302,EA,FG-02,WMS
IM-0003067,2026-04-23 09:09:00,P01,MAT-003,PRD-049,RM_RECEIPT,2491,EA,FG-01,WMS
IM-0003068,2025-10-23 14:48:00,P01,MAT-018,PRD-054,RM_ISSUE,-7074,EA,RM-B,WMS
IM-0003069,2025-08-14 13:22:00,P01,PRD-066,PRD-066,FG_SHIP,-4170,EA,WIP-01,WMS
IM-0003070,2025-08-16 21:20:00,P02,PRD-065,PRD-065,FG_RECEIPT,763,EA,FG-01,WMS
IM-0003071,2025-12-26 05:07:00,P03,PRD-017,PRD-017,FG_RECEIPT,2463,EA,RM-A,WMS
IM-0003072,2026-05-27 19:43:00,P01,PRD-017,PRD-017,FG_SHIP,-514,EA,RM-A,WMS
IM-0003073,2026-01-17 17:02:00,P02,PRD-076,PRD-076,FG_SHIP,-8532,EA,RM-B,WMS
IM-0003074,2025-10-20 05:29:00,P01,MAT-027,PRD-061,RM_ISSUE,-3435,EA,FG-02,WMS
IM-0003075,2026-07-01 15:54:00,P03,PRD-035,PRD-035,FG_RECEIPT,13273,EA,FG-02,WMS
IM-0003076,2026-03-25 20:08:00,P03,MAT-007,PRD-055,RM_ISSUE,-3836,EA,FG-02,WMS
IM-0003077,2026-05-28 00:31:00,P02,MAT-012,PRD-011,RM_ISSUE,-472,EA,WIP-01,WMS
IM-0003078,2025-08-29 11:24:00,P03,PRD-076,PRD-076,FG_RECEIPT,1371,EA,RM-B,WMS
IM-0003079,2025-08-28 12:51:00,P01,MAT-025,PRD-035,RM_ISSUE,-1935,EA,WIP-01,WMS
IM-0003080,2025-11-25 12:43:00,P02,PRD-063,PRD-063,FG_SHIP,-8669,EA,FG-01,WMS
IM-0003081,2026-02-01 15:54:00,P01,MAT-030,PRD-060,RM_ISSUE,-5242,EA,RM-B,WMS
IM-0003082,2026-06-17 02:55:00,P03,PRD-052,PRD-052,FG_SHIP,-12389,EA,FG-02,WMS
IM-0003083,2026-07-13 00:09:00,P03,MAT-033,PRD-076,RM_RECEIPT,2314,EA,WIP-01,WMS
IM-0003084,2025-09-19 21:13:00,P03,PRD-051,PRD-051,FG_RECEIPT,2766,EA,FG-01,WMS
IM-0003085,2025-09-10 16:48:00,P03,MAT-027,PRD-061,RM_ISSUE,-3159,EA,FG-02,WMS
IM-0003086,2025-09-11 18:53:00,P02,PRD-034,PRD-034,FG_SHIP,-2887,EA,FG-01,WMS
IM-0003087,2026-03-31 23:54:00,P03,MAT-015,PRD-034,RM_ISSUE,-1331,EA,WIP-01,WMS
IM-0003088,2026-03-05 07:41:00,P03,MAT-017,PRD-019,RM_ISSUE,-6173,EA,WIP-01,WMS
IM-0003089,2026-02-08 11:38:00,P03,MAT-033,PRD-022,RM_ISSUE,-3546,EA,FG-01,WMS
IM-0003090,2025-12-21 01:52:00,P03,PRD-040,PRD-040,FG_SHIP,-3196,EA,FG-02,WMS
IM-0003091,2025-11-06 02:46:00,P01,MAT-003,PRD-049,RM_RECEIPT,7667,EA,WIP-01,WMS
IM-0003092,2025-10-30 22:01:00,P01,PRD-021,PRD-021,FG_RECEIPT,1271,EA,WIP-01,WMS
IM-0003093,2025-09-18 18:29:00,P02,MAT-003,PRD-049,RM_ISSUE,-2461,EA,FG-01,WMS
IM-0003094,2025-10-23 20:30:00,P01,PRD-059,PRD-059,FG_RECEIPT,64820,EA,FG-02,WMS
IM-0003095,2026-06-02 02:59:00,P03,MAT-027,PRD-061,RM_RECEIPT,3496,EA,FG-01,WMS
IM-0003096,2026-06-16 22:15:00,P02,PRD-076,PRD-076,FG_SHIP,-2071,EA,WIP-01,WMS
IM-0003097,2025-11-16 16:13:00,P02,PRD-011,PRD-011,FG_SHIP,-1617,EA,WIP-01,WMS
IM-0003098,2026-03-06 08:58:00,P02,MAT-019,PRD-004,RM_RECEIPT,1848,EA,RM-A,WMS
IM-0003099,2026-04-01 13:00:00,P03,MAT-018,PRD-026,RM_ISSUE,-885,EA,RM-A,WMS
IM-0003100,2026-04-03 10:38:00,P03,MAT-031,PRD-008,RM_ISSUE,-4289,EA,FG-02,WMS
IM-0003101,2025-08-29 13:23:00,P01,PRD-068,PRD-068,FG_RECEIPT,8041,EA,FG-01,WMS
IM-0003102,2026-07-28 00:14:00,P02,PRD-014,PRD-014,FG_SHIP,-4194,EA,WIP-01,WMS
IM-0003103,2025-12-29 21:21:00,P01,MAT-036,PRD-020,RM_RECEIPT,2079,EA,FG-02,WMS
IM-0003104,2026-04-25 23:45:00,P03,MAT-022,PRD-047,RM_ISSUE,-884,EA,FG-02,WMS
IM-0003105,2025-09-15 14:32:00,P02,PRD-039,PRD-039,FG_SHIP,-4376,EA,WIP-01,WMS
IM-0003106,2026-01-03 11:40:00,P02,PRD-064,PRD-064,FG_SHIP,-2373,EA,WIP-01,WMS
IM-0003107,2026-01-02 22:15:00,P02,MAT-033,PRD-022,RM_ISSUE,-1309,EA,FG-02,WMS
IM-0003108,2025-10-09 09:45:00,P02,MAT-037,PRD-080,RM_RECEIPT,2974,EA,RM-A,WMS
IM-0003109,2026-01-03 20:34:00,P01,PRD-058,PRD-058,FG_SHIP,-368,EA,WIP-01,WMS
IM-0003110,2025-12-26 12:16:00,P02,MAT-030,PRD-012,RM_RECEIPT,11274,EA,WIP-01,WMS
IM-0003111,2025-09-16 01:24:00,P03,MAT-031,PRD-043,RM_RECEIPT,1489,EA,RM-A,WMS
IM-0003112,2026-07-08 15:41:00,P03,MAT-032,PRD-077,RM_RECEIPT,704,EA,RM-A,WMS
IM-0003113,2025-10-21 10:00:00,P02,PRD-023,PRD-023,FG_RECEIPT,1876,EA,WIP-01,WMS
IM-0003114,2025-08-17 18:45:00,P03,MAT-005,PRD-024,RM_ISSUE,-2613,EA,RM-B,WMS
IM-0003115,2025-09-01 22:18:00,P01,MAT-033,PRD-076,RM_ISSUE,-1968,EA,FG-02,WMS
IM-0003116,2025-08-31 07:57:00,P03,MAT-033,PRD-044,RM_ISSUE,-4122,EA,FG-02,WMS
IM-0003117,2025-09-05 00:32:00,P02,PRD-043,PRD-043,FG_SHIP,-3756,EA,RM-A,WMS
IM-0003118,2025-10-22 01:19:00,P02,PRD-042,PRD-042,FG_RECEIPT,2677,EA,RM-A,WMS
IM-0003119,2026-07-20 11:30:00,P02,MAT-026,PRD-046,RM_ISSUE,-3097,EA,RM-A,WMS
IM-0003120,2026-01-25 01:40:00,P02,PRD-056,PRD-056,FG_RECEIPT,1240,EA,RM-A,WMS
IM-0003121,2026-02-03 03:09:00,P03,MAT-037,PRD-018,RM_ISSUE,-2274,EA,WIP-01,WMS
IM-0003122,2026-05-07 23:53:00,P01,MAT-018,PRD-026,RM_ISSUE,-2900,EA,FG-02,WMS
IM-0003123,2026-03-11 10:01:00,P02,MAT-003,PRD-049,RM_RECEIPT,709,EA,RM-B,WMS
IM-0003124,2026-04-06 03:34:00,P01,MAT-022,PRD-023,RM_RECEIPT,1586,EA,RM-B,WMS
IM-0003125,2026-04-23 22:10:00,P03,PRD-031,PRD-031,FG_SHIP,-3038,EA,FG-02,WMS
IM-0003126,2026-02-11 09:55:00,P03,PRD-042,PRD-042,FG_RECEIPT,2128,EA,FG-02,WMS
IM-0003127,2025-08-02 16:58:00,P03,MAT-033,PRD-044,RM_RECEIPT,1684,EA,RM-B,WMS
IM-0003128,2026-04-07 03:01:00,P03,PRD-005,PRD-005,FG_RECEIPT,4728,EA,WIP-01,WMS
IM-0003129,2026-02-23 01:15:00,P02,MAT-030,PRD-041,RM_RECEIPT,3888,EA,RM-B,WMS
IM-0003130,2025-12-01 23:39:00,P01,MAT-014,PRD-070,RM_RECEIPT,4327,EA,RM-A,WMS
IM-0003131,2025-08-23 23:43:00,P01,PRD-047,PRD-047,FG_SHIP,-1708,EA,FG-01,WMS
IM-0003132,2026-05-09 23:57:00,P03,PRD-037,PRD-037,FG_SHIP,-1371,EA,RM-B,WMS
IM-0003133,2026-01-13 10:11:00,P01,PRD-070,PRD-070,FG_SHIP,-1634,EA,WIP-01,WMS
IM-0003134,2025-12-16 03:42:00,P03,MAT-026,PRD-046,RM_RECEIPT,374,EA,FG-01,WMS
IM-0003135,2026-02-23 13:33:00,P03,PRD-009,PRD-009,FG_RECEIPT,5168,EA,RM-A,WMS
IM-0003136,2025-10-29 14:37:00,P03,PRD-023,PRD-023,FG_RECEIPT,1136,EA,FG-02,WMS
IM-0003137,2025-10-18 11:03:00,P02,PRD-001,PRD-001,FG_RECEIPT,5617,EA,RM-A,WMS
IM-0003138,2026-05-08 03:02:00,P02,MAT-027,PRD-072,RM_ISSUE,-1616,EA,RM-B,WMS
IM-0003139,2026-06-28 21:28:00,P01,PRD-023,PRD-023,FG_RECEIPT,995,EA,FG-02,WMS
IM-0003140,2026-01-11 03:35:00,P01,PRD-007,PRD-007,FG_RECEIPT,2034,EA,FG-02,WMS
IM-0003141,2026-04-29 08:58:00,P03,MAT-018,PRD-067,RM_RECEIPT,478,EA,WIP-01,WMS
IM-0003142,2026-05-12 20:47:00,P01,MAT-036,PRD-020,RM_RECEIPT,5560,EA,FG-01,WMS
IM-0003143,2026-04-22 02:36:00,P01,MAT-001,PRD-056,RM_RECEIPT,2058,EA,FG-01,WMS
IM-0003144,2026-02-10 02:12:00,P02,MAT-002,PRD-069,RM_RECEIPT,874,EA,WIP-01,WMS
IM-0003145,2026-02-22 10:51:00,P01,PRD-067,PRD-067,FG_RECEIPT,994,EA,WIP-01,WMS
IM-0003146,2025-09-03 09:51:00,P02,PRD-063,PRD-063,FG_SHIP,-1780,EA,FG-01,WMS
IM-0003147,2026-05-19 09:31:00,P02,MAT-032,PRD-005,RM_RECEIPT,2667,EA,FG-02,WMS
IM-0003148,2025-09-06 23:28:00,P02,PRD-056,PRD-056,FG_SHIP,-4123,EA,FG-02,WMS
IM-0003149,2025-09-27 12:05:00,P01,MAT-033,PRD-022,RM_ISSUE,-979,EA,FG-02,WMS
IM-0003150,2026-04-14 10:33:00,P01,PRD-030,PRD-030,FG_RECEIPT,1805,EA,FG-01,WMS
IM-0003151,2026-06-27 16:44:00,P01,PRD-045,PRD-045,FG_RECEIPT,1477,EA,RM-A,WMS
IM-0003152,2025-12-10 08:53:00,P01,MAT-013,PRD-075,RM_ISSUE,-834,EA,RM-A,WMS
IM-0003153,2026-07-24 06:08:00,P02,MAT-004,PRD-048,RM_RECEIPT,3703,EA,WIP-01,WMS
IM-0003154,2025-08-25 14:38:00,P01,PRD-042,PRD-042,FG_SHIP,-3253,EA,RM-A,WMS
IM-0003155,2026-07-12 10:10:00,P01,MAT-029,PRD-031,RM_ISSUE,-2519,EA,RM-A,WMS
IM-0003156,2026-02-21 23:41:00,P02,PRD-040,PRD-040,FG_SHIP,-1491,EA,FG-02,WMS
IM-0003157,2025-12-03 22:44:00,P03,PRD-009,PRD-009,FG_SHIP,-1652,EA,WIP-01,WMS
IM-0003158,2026-06-24 08:17:00,P03,PRD-063,PRD-063,FG_SHIP,-2333,EA,FG-01,WMS
IM-0003159,2026-02-23 06:21:00,P03,MAT-026,PRD-057,RM_RECEIPT,2694,EA,RM-B,WMS
IM-0003160,2026-03-26 03:43:00,P03,PRD-003,PRD-003,FG_RECEIPT,1598,EA,RM-A,WMS
IM-0003161,2026-02-19 08:57:00,P01,PRD-009,PRD-009,FG_RECEIPT,2216,EA,RM-B,WMS
IM-0003162,2026-04-15 15:58:00,P01,MAT-032,PRD-077,RM_RECEIPT,1278,EA,FG-02,WMS
IM-0003163,2025-11-14 05:22:00,P03,PRD-040,PRD-040,FG_SHIP,-951,EA,RM-B,WMS
IM-0003164,2025-10-18 01:36:00,P01,MAT-005,PRD-024,RM_ISSUE,-7364,EA,FG-01,WMS
IM-0003165,2026-03-15 01:23:00,P01,MAT-008,PRD-065,RM_ISSUE,-1346,EA,WIP-01,WMS
IM-0003166,2025-08-13 22:20:00,P03,PRD-029,PRD-029,FG_RECEIPT,5399,EA,RM-B,WMS
IM-0003167,2026-05-16 22:08:00,P02,MAT-005,PRD-058,RM_ISSUE,-3933,EA,RM-B,WMS
IM-0003168,2025-10-05 17:35:00,P03,PRD-004,PRD-004,FG_SHIP,-1867,EA,RM-B,WMS
IM-0003169,2026-05-14 23:18:00,P03,PRD-061,PRD-061,FG_RECEIPT,2817,EA,RM-A,WMS
IM-0003170,2026-07-29 10:59:00,P02,MAT-032,PRD-077,RM_ISSUE,-734,EA,FG-01,WMS
IM-0003171,2026-06-26 13:39:00,P02,MAT-026,PRD-028,RM_ISSUE,-2656,EA,FG-01,WMS
IM-0003172,2025-12-30 23:24:00,P01,PRD-043,PRD-043,FG_RECEIPT,1723,EA,RM-B,WMS
IM-0003173,2026-06-27 15:43:00,P01,PRD-059,PRD-059,FG_SHIP,-2162,EA,RM-A,WMS
IM-0003174,2025-10-17 14:16:00,P01,PRD-040,PRD-040,FG_SHIP,-3353,EA,RM-B,WMS
IM-0003175,2025-11-27 16:30:00,P02,PRD-033,PRD-033,FG_SHIP,-383,EA,RM-B,WMS
IM-0003176,2025-09-16 15:12:00,P03,MAT-018,PRD-067,RM_RECEIPT,2390,EA,RM-A,WMS
IM-0003177,2025-09-28 02:57:00,P01,MAT-032,PRD-038,RM_ISSUE,-614,EA,FG-02,WMS
IM-0003178,2026-04-29 07:10:00,P02,PRD-013,PRD-013,FG_SHIP,-2422,EA,FG-02,WMS
IM-0003179,2026-04-24 01:39:00,P02,MAT-005,PRD-058,RM_RECEIPT,7880,EA,RM-A,WMS
IM-0003180,2026-05-17 01:08:00,P02,MAT-005,PRD-033,RM_ISSUE,-2211,EA,FG-02,WMS
IM-0003181,2026-05-23 22:11:00,P03,MAT-025,PRD-035,RM_ISSUE,-2051,EA,RM-A,WMS
IM-0003182,2026-04-18 00:23:00,P01,PRD-058,PRD-058,FG_RECEIPT,550,EA,WIP-01,WMS
IM-0003183,2026-05-25 11:51:00,P03,PRD-025,PRD-025,FG_RECEIPT,2347,EA,RM-A,WMS
IM-0003184,2025-12-25 08:00:00,P01,MAT-005,PRD-021,RM_ISSUE,-897,EA,RM-A,WMS
IM-0003185,2025-12-16 19:16:00,P01,MAT-027,PRD-072,RM_ISSUE,-951,EA,RM-A,WMS
IM-0003186,2026-02-16 23:42:00,P02,PRD-075,PRD-075,FG_RECEIPT,1409,EA,RM-A,WMS
IM-0003187,2025-11-22 23:30:00,P03,MAT-031,PRD-043,RM_ISSUE,-400,EA,FG-02,WMS
IM-0003188,2026-01-20 22:52:00,P01,MAT-025,PRD-035,RM_RECEIPT,980,EA,RM-B,WMS
IM-0003189,2026-03-20 19:46:00,P02,MAT-023,PRD-007,RM_RECEIPT,784,EA,RM-A,WMS
IM-0003190,2025-09-20 20:20:00,P01,MAT-017,PRD-079,RM_RECEIPT,2092,EA,WIP-01,WMS
IM-0003191,2026-05-29 22:49:00,P03,MAT-001,PRD-074,RM_RECEIPT,2006,EA,WIP-01,WMS
IM-0003192,2025-12-20 15:40:00,P02,PRD-011,PRD-011,ADJUSTMENT,1572,EA,RM-A,WMS
IM-0003193,2026-01-06 17:36:00,P01,MAT-024,PRD-013,RM_ISSUE,-4313,EA,FG-02,WMS
IM-0003194,2026-05-06 21:05:00,P03,MAT-016,PRD-029,RM_ISSUE,-6619,EA,WIP-01,WMS
IM-0003195,2026-03-02 21:41:00,P01,MAT-032,PRD-077,RM_ISSUE,-1064,EA,RM-A,WMS
IM-0003196,2026-04-16 15:19:00,P02,PRD-073,PRD-073,ADJUSTMENT,712,EA,FG-01,WMS
IM-0003197,2026-06-09 03:29:00,P03,PRD-029,PRD-029,FG_RECEIPT,1646,EA,RM-A,WMS
IM-0003198,2025-11-29 00:24:00,P02,PRD-012,PRD-012,FG_RECEIPT,3718,EA,WIP-01,WMS
IM-0003199,2026-03-03 20:48:00,P01,MAT-030,PRD-041,RM_ISSUE,-691,EA,FG-02,WMS
IM-0003200,2025-09-30 05:42:00,P01,PRD-061,PRD-061,FG_RECEIPT,1522,EA,FG-01,WMS
IM-0003201,2026-01-07 12:31:00,P01,MAT-026,PRD-046,RM_ISSUE,-3174,EA,RM-A,WMS
IM-0003202,2026-03-15 14:14:00,P01,MAT-032,PRD-077,RM_RECEIPT,3404,EA,RM-A,WMS
IM-0003203,2025-10-24 03:20:00,P01,PRD-074,PRD-074,FG_SHIP,-3585,EA,WIP-01,WMS
IM-0003204,2025-12-03 11:14:00,P01,PRD-067,PRD-067,FG_SHIP,-1377,EA,FG-01,WMS
IM-0003205,2026-05-01 22:30:00,P02,MAT-030,PRD-041,RM_RECEIPT,4947,EA,RM-A,WMS
IM-0003206,2025-09-12 07:36:00,P03,MAT-036,PRD-020,RM_RECEIPT,684,EA,RM-B,WMS
IM-0003207,2026-03-25 22:02:00,P01,PRD-045,PRD-045,FG_SHIP,-3614,EA,RM-B,WMS
IM-0003208,2026-05-21 23:43:00,P03,PRD-036,PRD-036,FG_RECEIPT,573,EA,FG-01,WMS
IM-0003209,2026-04-23 02:15:00,P02,MAT-031,PRD-043,RM_RECEIPT,3353,EA,FG-01,WMS
IM-0003210,2025-12-07 15:10:00,P03,PRD-038,PRD-038,FG_RECEIPT,4317,EA,RM-A,WMS
IM-0003211,2026-04-06 08:50:00,P03,MAT-017,PRD-019,RM_RECEIPT,3867,EA,RM-A,WMS
IM-0003212,2026-04-07 16:18:00,P03,MAT-001,PRD-056,RM_RECEIPT,5324,EA,WIP-01,WMS
IM-0003213,2025-08-08 09:12:00,P02,PRD-052,PRD-052,FG_SHIP,-862,EA,FG-02,WMS
IM-0003214,2026-04-19 05:11:00,P01,PRD-048,PRD-048,FG_SHIP,-5007,EA,RM-B,WMS
IM-0003215,2025-11-01 11:29:00,P03,MAT-035,PRD-016,RM_ISSUE,-1807,EA,RM-A,WMS
IM-0003216,2025-08-26 05:21:00,P02,PRD-077,PRD-077,FG_RECEIPT,540,EA,RM-B,WMS
IM-0003217,2026-07-17 05:57:00,P02,MAT-019,PRD-004,RM_ISSUE,-1037,EA,FG-02,WMS
IM-0003218,2025-09-27 02:16:00,P01,MAT-006,PRD-001,RM_RECEIPT,619,EA,FG-02,WMS
IM-0003219,2025-10-26 11:46:00,P01,PRD-024,PRD-024,FG_RECEIPT,3008,EA,FG-02,WMS
IM-0003220,2026-04-12 06:51:00,P01,PRD-070,PRD-070,FG_SHIP,-1201,EA,FG-02,WMS
IM-0003221,2026-05-12 14:29:00,P02,PRD-067,PRD-067,FG_RECEIPT,3711,EA,WIP-01,WMS
IM-0003222,2026-03-14 12:27:00,P03,MAT-031,PRD-052,RM_ISSUE,-867,EA,RM-B,WMS
IM-0003223,2026-07-18 03:41:00,P03,MAT-018,PRD-078,RM_RECEIPT,2073,EA,WIP-01,WMS
IM-0003224,2026-06-08 07:25:00,P03,PRD-078,PRD-078,FG_SHIP,-2436,EA,RM-A,WMS
IM-0003225,2026-04-07 07:55:00,P01,MAT-025,PRD-035,RM_RECEIPT,1307,EA,FG-01,WMS
IM-0003226,2025-10-06 18:32:00,P01,PRD-075,PRD-075,FG_SHIP,-2758,EA,RM-B,WMS
IM-0003227,2026-05-17 23:52:00,P03,PRD-067,PRD-067,FG_RECEIPT,2177,EA,FG-02,WMS
IM-0003228,2025-11-18 23:38:00,P01,MAT-018,PRD-030,RM_ISSUE,-1345,EA,RM-B,WMS
IM-0003229,2025-08-24 05:00:00,P02,MAT-005,PRD-058,RM_RECEIPT,6339,EA,RM-A,WMS
IM-0003230,2025-09-21 05:16:00,P02,MAT-005,PRD-024,RM_ISSUE,-1016,EA,WIP-01,WMS
IM-0003231,2026-01-10 10:44:00,P01,PRD-011,PRD-011,FG_RECEIPT,1088,EA,FG-02,WMS
IM-0003232,2026-01-25 06:12:00,P03,PRD-038,PRD-038,FG_SHIP,-2950,EA,RM-A,WMS
IM-0003233,2025-09-04 10:35:00,P02,PRD-023,PRD-023,FG_RECEIPT,813,EA,FG-01,WMS
IM-0003234,2025-11-24 18:42:00,P01,PRD-074,PRD-074,FG_SHIP,-1328,EA,RM-B,WMS
IM-0003235,2025-09-30 04:37:00,P01,PRD-001,PRD-001,FG_RECEIPT,1750,EA,RM-A,WMS
IM-0003236,2025-10-11 13:54:00,P01,PRD-010,PRD-010,FG_RECEIPT,2381,EA,FG-02,WMS
IM-0003237,2025-11-11 12:15:00,P02,PRD-058,PRD-058,FG_RECEIPT,993,EA,FG-02,WMS
IM-0003238,2025-10-06 07:05:00,P03,PRD-031,PRD-031,FG_SHIP,-1533,EA,FG-02,WMS
IM-0003239,2026-05-15 15:46:00,P03,MAT-018,PRD-078,RM_RECEIPT,3377,EA,RM-B,WMS
IM-0003240,2025-10-15 12:11:00,P01,PRD-047,PRD-047,FG_SHIP,-1305,EA,FG-02,WMS
IM-0003241,2026-01-03 21:15:00,P01,MAT-008,PRD-065,RM_ISSUE,-2919,EA,FG-02,WMS
IM-0003242,2026-04-23 14:25:00,P02,PRD-034,PRD-034,FG_RECEIPT,1518,EA,FG-02,WMS
IM-0003243,2026-05-04 18:39:00,P01,PRD-015,PRD-015,FG_SHIP,-2890,EA,RM-B,WMS
IM-0003244,2025-12-08 12:05:00,P03,PRD-074,PRD-074,FG_SHIP,-864,EA,FG-01,WMS
IM-0003245,2026-01-15 22:16:00,P01,PRD-044,PRD-044,FG_RECEIPT,1238,EA,FG-02,WMS
IM-0003246,2025-10-04 14:51:00,P03,PRD-014,PRD-014,FG_RECEIPT,1284,EA,FG-01,WMS
IM-0003247,2026-05-09 18:52:00,P03,MAT-030,PRD-009,RM_RECEIPT,3680,EA,RM-A,WMS
IM-0003248,2025-08-16 13:29:00,P03,MAT-026,PRD-046,RM_ISSUE,-2772,EA,WIP-01,WMS
IM-0003249,2026-05-24 13:02:00,P02,MAT-026,PRD-046,RM_ISSUE,-1419,EA,FG-01,WMS
IM-0003250,2026-07-18 23:11:00,P02,PRD-031,PRD-031,FG_RECEIPT,2367,EA,FG-01,WMS
IM-0003251,2026-06-02 10:05:00,P01,MAT-012,PRD-011,RM_ISSUE,-4651,EA,WIP-01,WMS
IM-0003252,2026-06-29 03:59:00,P01,MAT-033,PRD-044,RM_RECEIPT,6381,EA,FG-02,WMS
IM-0003253,2026-06-27 09:28:00,P02,PRD-059,PRD-059,FG_SHIP,-3064,EA,RM-A,WMS
IM-0003254,2025-12-04 16:16:00,P02,MAT-007,PRD-055,RM_ISSUE,-1270,EA,RM-A,WMS
IM-0003255,2026-04-19 20:15:00,P02,PRD-001,PRD-001,FG_RECEIPT,1932,EA,RM-B,WMS
IM-0003256,2025-08-01 16:31:00,P02,MAT-030,PRD-062,RM_RECEIPT,1825,EA,RM-A,WMS
IM-0003257,2026-05-18 11:11:00,P02,MAT-005,PRD-033,RM_ISSUE,-2915,EA,FG-02,WMS
IM-0003258,2026-04-08 02:12:00,P01,MAT-016,PRD-029,RM_RECEIPT,1418,EA,FG-02,WMS
IM-0003259,2026-02-16 12:36:00,P01,MAT-030,PRD-062,RM_ISSUE,-4278,EA,FG-01,WMS
IM-0003260,2026-02-07 12:49:00,P02,PRD-001,PRD-001,FG_RECEIPT,11182,EA,FG-01,WMS
IM-0003261,2026-01-12 14:04:00,P02,PRD-059,PRD-059,FG_RECEIPT,3244,EA,RM-A,WMS
IM-0003262,2026-06-10 14:18:00,P02,MAT-001,PRD-039,RM_RECEIPT,6709,EA,RM-A,WMS
IM-0003263,2025-10-06 23:58:00,P02,MAT-032,PRD-038,RM_RECEIPT,5757,EA,RM-B,WMS
IM-0003264,2025-08-18 06:17:00,P03,MAT-017,PRD-019,RM_ISSUE,-2928,EA,WIP-01,WMS
IM-0003265,2025-12-19 10:41:00,P03,MAT-029,PRD-045,RM_RECEIPT,2598,EA,FG-02,WMS
IM-0003266,2025-08-05 14:37:00,P02,MAT-030,PRD-060,RM_ISSUE,-2477,EA,WIP-01,WMS
IM-0003267,2025-08-29 18:43:00,P01,PRD-031,PRD-031,FG_RECEIPT,8659,EA,RM-B,WMS
IM-0003268,2026-06-09 15:41:00,P02,MAT-010,PRD-027,RM_RECEIPT,1336,EA,WIP-01,WMS
IM-0003269,2025-10-28 22:22:00,P03,PRD-070,PRD-070,FG_SHIP,-1696,EA,FG-02,WMS
IM-0003270,2026-03-01 18:58:00,P03,MAT-032,PRD-038,RM_RECEIPT,297,EA,RM-A,WMS
IM-0003271,2026-07-09 07:41:00,P03,MAT-033,PRD-017,RM_RECEIPT,2305,EA,RM-A,WMS
IM-0003272,2025-11-08 05:36:00,P02,MAT-026,PRD-057,RM_ISSUE,-1544,EA,FG-02,WMS
IM-0003273,2025-11-30 22:20:00,P03,MAT-032,PRD-038,RM_ISSUE,-4593,EA,WIP-01,WMS
IM-0003274,2025-11-05 02:46:00,P03,PRD-029,PRD-029,FG_RECEIPT,1771,EA,RM-B,WMS
IM-0003275,2025-10-17 14:45:00,P01,PRD-042,PRD-042,FG_SHIP,-5324,EA,WIP-01,WMS
IM-0003276,2026-02-13 13:39:00,P01,MAT-037,PRD-018,RM_ISSUE,-3609,EA,RM-B,WMS
IM-0003277,2026-04-11 01:49:00,P01,MAT-018,PRD-050,RM_RECEIPT,3070,EA,FG-01,WMS
IM-0003278,2026-04-07 08:49:00,P02,MAT-019,PRD-071,RM_RECEIPT,2376,EA,WIP-01,WMS
IM-0003279,2025-09-23 03:15:00,P01,MAT-033,PRD-076,RM_ISSUE,-17975,EA,FG-01,WMS
IM-0003280,2026-07-12 21:47:00,P01,MAT-005,PRD-024,RM_RECEIPT,570,EA,RM-B,WMS
IM-0003281,2026-02-01 02:52:00,P01,PRD-024,PRD-024,FG_RECEIPT,813,EA,FG-02,WMS
IM-0003282,2026-03-13 08:03:00,P03,MAT-037,PRD-018,RM_RECEIPT,2936,EA,WIP-01,WMS
IM-0003283,2026-05-22 12:02:00,P02,PRD-002,PRD-002,FG_RECEIPT,2228,EA,WIP-01,WMS
IM-0003284,2026-06-19 13:56:00,P01,MAT-005,PRD-021,RM_RECEIPT,2435,EA,FG-01,WMS
IM-0003285,2025-08-27 23:33:00,P02,MAT-018,PRD-067,RM_RECEIPT,652,EA,FG-01,WMS
IM-0003286,2025-10-30 11:36:00,P03,MAT-030,PRD-012,RM_RECEIPT,3732,EA,WIP-01,WMS
IM-0003287,2025-11-23 21:51:00,P02,PRD-039,PRD-039,FG_SHIP,-7023,EA,FG-02,WMS
IM-0003288,2025-08-01 07:27:00,P02,MAT-023,PRD-007,RM_ISSUE,-1287,EA,RM-B,WMS
IM-0003289,2025-11-17 03:34:00,P03,MAT-037,PRD-051,RM_RECEIPT,832,EA,RM-B,WMS
IM-0003290,2025-12-05 23:21:00,P02,MAT-030,PRD-009,RM_ISSUE,-6675,EA,WIP-01,WMS
IM-0003291,2025-11-02 06:51:00,P02,MAT-003,PRD-049,RM_RECEIPT,4232,EA,RM-B,WMS
IM-0003292,2026-07-20 01:09:00,P03,MAT-030,PRD-062,RM_ISSUE,-1706,EA,RM-B,WMS
IM-0003293,2025-08-16 20:12:00,P02,MAT-020,PRD-010,RM_RECEIPT,3422,EA,FG-02,WMS
IM-0003294,2025-10-29 05:08:00,P02,MAT-014,PRD-070,RM_ISSUE,-382,EA,FG-01,WMS
IM-0003295,2026-07-21 18:13:00,P02,MAT-010,PRD-037,RM_ISSUE,-606,EA,FG-02,WMS
IM-0003296,2025-10-10 12:35:00,P02,PRD-019,PRD-019,FG_SHIP,-853,EA,WIP-01,WMS
IM-0003297,2026-06-02 12:23:00,P01,MAT-006,PRD-001,RM_ISSUE,-1740,EA,FG-02,WMS
IM-0003298,2026-06-02 13:42:00,P03,PRD-066,PRD-066,FG_SHIP,-3156,EA,RM-B,WMS
IM-0003299,2026-05-02 16:00:00,P03,MAT-014,PRD-070,RM_ISSUE,-810,EA,WIP-01,WMS
IM-0003300,2025-10-10 15:14:00,P03,PRD-069,PRD-069,ADJUSTMENT,1302,EA,WIP-01,WMS
IM-0003301,2026-06-16 20:06:00,P01,MAT-035,PRD-016,RM_RECEIPT,664,EA,RM-A,WMS
IM-0003302,2025-09-15 20:14:00,P01,PRD-012,PRD-012,FG_RECEIPT,864,EA,FG-02,WMS
IM-0003303,2026-01-14 13:02:00,P02,MAT-030,PRD-009,RM_ISSUE,-1018,EA,FG-01,WMS
IM-0003304,2026-01-07 12:51:00,P01,MAT-026,PRD-057,RM_RECEIPT,891,EA,RM-A,WMS
IM-0003305,2026-04-19 16:59:00,P03,MAT-026,PRD-028,RM_ISSUE,-6096,EA,WIP-01,WMS
IM-0003306,2025-12-20 19:55:00,P01,MAT-018,PRD-067,RM_RECEIPT,912,EA,FG-02,WMS
IM-0003307,2025-09-30 10:10:00,P03,MAT-027,PRD-072,RM_RECEIPT,1142,EA,RM-B,WMS
IM-0003308,2026-07-13 01:27:00,P02,MAT-003,PRD-049,RM_RECEIPT,966,EA,RM-A,WMS
IM-0003309,2026-01-10 04:44:00,P03,MAT-035,PRD-053,RM_ISSUE,-3988,EA,FG-01,WMS
IM-0003310,2026-07-09 00:19:00,P02,PRD-044,PRD-044,FG_RECEIPT,4310,EA,RM-A,WMS
IM-0003311,2026-05-08 03:30:00,P03,MAT-031,PRD-043,RM_RECEIPT,1949,EA,FG-01,WMS
IM-0003312,2025-09-29 02:23:00,P01,MAT-033,PRD-022,RM_RECEIPT,2386,EA,WIP-01,WMS
IM-0003313,2025-10-22 19:41:00,P02,PRD-045,PRD-045,FG_SHIP,-2039,EA,RM-B,WMS
IM-0003314,2025-10-18 18:01:00,P03,MAT-035,PRD-016,RM_ISSUE,-7007,EA,FG-02,WMS
IM-0003315,2026-03-09 01:03:00,P03,PRD-038,PRD-038,FG_RECEIPT,841,EA,FG-01,WMS
IM-0003316,2026-02-08 01:01:00,P01,MAT-018,PRD-030,RM_RECEIPT,1363,EA,RM-A,WMS
IM-0003317,2026-02-11 07:12:00,P01,PRD-010,PRD-010,FG_SHIP,-2396,EA,FG-01,WMS
IM-0003318,2025-10-27 14:48:00,P01,MAT-008,PRD-065,RM_RECEIPT,2190,EA,WIP-01,WMS
IM-0003319,2026-04-27 07:39:00,P01,PRD-063,PRD-063,FG_RECEIPT,505,EA,WIP-01,WMS
IM-0003320,2025-09-23 23:08:00,P02,PRD-030,PRD-030,FG_SHIP,-401,EA,FG-02,WMS
IM-0003321,2025-08-29 18:09:00,P02,MAT-010,PRD-027,RM_RECEIPT,3223,EA,FG-02,WMS
IM-0003322,2026-04-25 19:45:00,P03,PRD-033,PRD-033,FG_SHIP,-3836,EA,FG-01,WMS
IM-0003323,2026-01-25 06:49:00,P01,PRD-002,PRD-002,ADJUSTMENT,3200,EA,RM-B,WMS
IM-0003324,2026-05-03 08:09:00,P01,PRD-017,PRD-017,FG_RECEIPT,1118,EA,FG-02,WMS
IM-0003325,2025-10-23 19:41:00,P03,MAT-014,PRD-068,RM_ISSUE,-460,EA,WIP-01,WMS
IM-0003326,2026-03-11 18:47:00,P02,PRD-063,PRD-063,FG_RECEIPT,1146,EA,FG-01,WMS
IM-0003327,2026-06-10 09:37:00,P03,PRD-009,PRD-009,FG_SHIP,-675,EA,FG-02,WMS
IM-0003328,2025-10-25 06:35:00,P03,MAT-005,PRD-021,RM_ISSUE,-2607,EA,FG-02,WMS
IM-0003329,2025-12-05 20:23:00,P03,PRD-077,PRD-077,FG_SHIP,-2244,EA,RM-A,WMS
IM-0003330,2026-01-06 01:42:00,P02,MAT-017,PRD-019,RM_RECEIPT,582,EA,RM-B,WMS
IM-0003331,2026-05-20 08:01:00,P03,PRD-004,PRD-004,FG_SHIP,-2486,EA,RM-A,WMS
IM-0003332,2026-02-03 09:53:00,P02,MAT-018,PRD-002,RM_RECEIPT,1568,EA,FG-01,WMS
IM-0003333,2025-09-30 21:05:00,P01,PRD-054,PRD-054,FG_SHIP,-1634,EA,WIP-01,WMS
IM-0003334,2026-03-06 04:58:00,P01,PRD-021,PRD-021,FG_RECEIPT,297,EA,RM-A,WMS
IM-0003335,2025-11-21 06:41:00,P01,PRD-042,PRD-042,FG_SHIP,-1806,EA,RM-B,WMS
IM-0003336,2026-07-26 14:06:00,P02,PRD-011,PRD-011,FG_RECEIPT,1999,EA,RM-B,WMS
IM-0003337,2025-09-08 15:53:00,P01,MAT-037,PRD-080,RM_RECEIPT,6418,EA,FG-02,WMS
IM-0003338,2026-03-22 12:14:00,P03,MAT-031,PRD-052,RM_RECEIPT,3190,EA,FG-02,WMS
IM-0003339,2026-01-25 02:16:00,P01,PRD-019,PRD-019,FG_SHIP,-1517,EA,WIP-01,WMS
IM-0003340,2025-11-02 13:17:00,P02,PRD-046,PRD-046,FG_SHIP,-2382,EA,FG-01,WMS
IM-0003341,2025-12-18 17:58:00,P01,MAT-035,PRD-066,RM_ISSUE,-2473,EA,FG-01,WMS
IM-0003342,2025-10-28 19:26:00,P02,PRD-074,PRD-074,FG_SHIP,-3485,EA,WIP-01,WMS
IM-0003343,2025-10-04 15:19:00,P01,MAT-026,PRD-028,RM_RECEIPT,2515,EA,RM-B,WMS
IM-0003344,2025-08-02 05:27:00,P02,PRD-021,PRD-021,FG_RECEIPT,1709,EA,WIP-01,WMS
IM-0003345,2025-11-15 06:49:00,P01,PRD-012,PRD-012,FG_SHIP,-2159,EA,FG-02,WMS
IM-0003346,2025-08-11 01:09:00,P03,PRD-005,PRD-005,FG_RECEIPT,493,EA,FG-02,WMS
IM-0003347,2026-06-13 06:55:00,P01,MAT-014,PRD-070,RM_RECEIPT,674,EA,RM-A,WMS
IM-0003348,2026-06-13 03:54:00,P03,PRD-029,PRD-029,FG_RECEIPT,2303,EA,RM-A,WMS
IM-0003349,2025-12-11 14:20:00,P03,MAT-001,PRD-056,RM_ISSUE,-535,EA,FG-02,WMS
IM-0003350,2025-12-16 02:43:00,P01,MAT-030,PRD-009,RM_RECEIPT,1288,EA,FG-02,WMS
IM-0003351,2025-12-09 14:00:00,P02,MAT-005,PRD-021,RM_RECEIPT,1322,EA,RM-B,WMS
IM-0003352,2026-01-13 10:41:00,P01,PRD-008,PRD-008,FG_SHIP,-1052,EA,FG-01,WMS
IM-0003353,2025-12-18 08:05:00,P03,MAT-015,PRD-034,RM_RECEIPT,588,EA,FG-02,WMS
IM-0003354,2026-06-04 19:32:00,P03,PRD-057,PRD-057,ADJUSTMENT,2516,EA,FG-02,WMS
IM-0003355,2025-08-10 07:11:00,P01,PRD-080,PRD-080,FG_RECEIPT,1012,EA,RM-B,WMS
IM-0003356,2026-01-30 01:00:00,P01,MAT-029,PRD-031,RM_RECEIPT,3093,EA,WIP-01,WMS
IM-0003357,2025-10-20 18:24:00,P02,PRD-031,PRD-031,ADJUSTMENT,4444,EA,RM-A,WMS
IM-0003358,2025-12-14 01:39:00,P02,PRD-010,PRD-010,FG_RECEIPT,3237,EA,FG-02,WMS
IM-0003359,2025-11-26 00:18:00,P03,MAT-024,PRD-003,RM_ISSUE,-7125,EA,RM-A,WMS
IM-0003360,2026-06-07 06:25:00,P02,MAT-010,PRD-037,RM_RECEIPT,6066,EA,FG-02,WMS
IM-0003361,2026-04-04 20:47:00,P02,PRD-051,PRD-051,FG_RECEIPT,1633,EA,FG-02,WMS
IM-0003362,2026-07-12 13:17:00,P01,PRD-002,PRD-002,FG_RECEIPT,3298,EA,FG-02,WMS
IM-0003363,2026-01-19 10:46:00,P03,MAT-018,PRD-030,RM_ISSUE,-2818,EA,RM-B,WMS
IM-0003364,2026-03-14 09:03:00,P02,MAT-014,PRD-068,RM_RECEIPT,3249,EA,WIP-01,WMS
IM-0003365,2025-11-24 11:38:00,P02,PRD-023,PRD-023,FG_SHIP,-2022,EA,FG-02,WMS
IM-0003366,2025-12-20 07:05:00,P02,MAT-037,PRD-018,RM_RECEIPT,257,EA,RM-A,WMS
IM-0003367,2026-04-23 19:57:00,P03,PRD-026,PRD-026,FG_RECEIPT,599,EA,FG-02,WMS
IM-0003368,2026-05-13 20:38:00,P01,PRD-039,PRD-039,FG_SHIP,-1133,EA,FG-01,WMS
IM-0003369,2026-05-11 03:33:00,P02,MAT-026,PRD-046,RM_ISSUE,-979,EA,FG-02,WMS
IM-0003370,2026-06-26 02:52:00,P03,MAT-031,PRD-052,RM_RECEIPT,1525,EA,RM-B,WMS
IM-0003371,2025-10-27 17:00:00,P01,PRD-070,PRD-070,FG_SHIP,-2854,EA,FG-01,WMS
IM-0003372,2026-01-20 21:41:00,P01,MAT-030,PRD-041,RM_ISSUE,-5146,EA,RM-B,WMS
IM-0003373,2026-07-27 03:47:00,P02,PRD-009,PRD-009,FG_RECEIPT,1656,EA,RM-B,WMS
IM-0003374,2026-03-07 05:02:00,P01,PRD-023,PRD-023,FG_RECEIPT,1495,EA,RM-B,WMS
IM-0003375,2026-02-22 19:56:00,P01,PRD-049,PRD-049,FG_SHIP,-5339,EA,FG-02,WMS
IM-0003376,2026-05-28 03:00:00,P03,MAT-037,PRD-051,RM_RECEIPT,558,EA,FG-01,WMS
IM-0003377,2025-08-28 12:13:00,P03,MAT-018,PRD-026,RM_ISSUE,-8663,EA,RM-A,WMS
IM-0003378,2026-04-16 20:51:00,P02,PRD-032,PRD-032,FG_SHIP,-1124,EA,RM-B,WMS
IM-0003379,2026-04-25 13:34:00,P03,PRD-034,PRD-034,FG_RECEIPT,2335,EA,RM-A,WMS
IM-0003380,2025-11-03 10:23:00,P01,PRD-016,PRD-016,FG_RECEIPT,6265,EA,FG-02,WMS
IM-0003381,2025-10-03 10:31:00,P02,PRD-078,PRD-078,FG_SHIP,-3991,EA,RM-B,WMS
IM-0003382,2026-06-25 08:05:00,P01,PRD-031,PRD-031,ADJUSTMENT,2024,EA,WIP-01,WMS
IM-0003383,2026-05-23 02:27:00,P01,PRD-078,PRD-078,FG_SHIP,-1558,EA,FG-01,WMS
IM-0003384,2026-01-12 02:03:00,P01,PRD-080,PRD-080,FG_RECEIPT,1277,EA,WIP-01,WMS
IM-0003385,2025-10-14 12:47:00,P02,MAT-032,PRD-015,RM_ISSUE,-2267,EA,FG-01,WMS
IM-0003386,2026-04-04 09:52:00,P01,MAT-013,PRD-075,RM_RECEIPT,915,EA,WIP-01,WMS
IM-0003387,2026-01-23 03:25:00,P01,PRD-006,PRD-006,FG_SHIP,-2690,EA,FG-01,WMS
IM-0003388,2025-11-06 12:12:00,P01,PRD-006,PRD-006,FG_RECEIPT,850,EA,WIP-01,WMS
IM-0003389,2026-05-25 14:36:00,P02,PRD-069,PRD-069,FG_SHIP,-1354,EA,RM-A,WMS
IM-0003390,2025-10-17 13:26:00,P03,PRD-029,PRD-029,FG_SHIP,-516,EA,FG-01,WMS
IM-0003391,2025-11-22 03:25:00,P03,MAT-022,PRD-047,RM_ISSUE,-1602,EA,WIP-01,WMS
IM-0003392,2026-03-07 15:49:00,P01,MAT-033,PRD-044,RM_ISSUE,-790,EA,RM-B,WMS
IM-0003393,2026-06-15 08:08:00,P02,MAT-036,PRD-020,RM_RECEIPT,2414,EA,WIP-01,WMS
IM-0003394,2026-01-11 17:06:00,P03,PRD-024,PRD-024,ADJUSTMENT,1165,EA,RM-A,WMS
IM-0003395,2025-09-02 06:07:00,P02,MAT-025,PRD-035,RM_RECEIPT,1398,EA,RM-A,WMS
IM-0003396,2026-07-05 01:15:00,P01,MAT-030,PRD-041,RM_RECEIPT,8202,EA,RM-B,WMS
IM-0003397,2026-07-09 04:40:00,P01,PRD-010,PRD-010,FG_SHIP,-6115,EA,WIP-01,WMS
IM-0003398,2026-04-13 19:31:00,P02,MAT-033,PRD-044,RM_ISSUE,-9434,EA,FG-02,WMS
IM-0003399,2025-08-10 13:27:00,P02,PRD-019,PRD-019,FG_RECEIPT,598,EA,RM-A,WMS
IM-0003400,2026-06-28 05:10:00,P01,MAT-008,PRD-065,RM_RECEIPT,1529,EA,WIP-01,WMS
IM-0003401,2026-05-17 17:17:00,P01,PRD-035,PRD-035,FG_RECEIPT,2660,EA,RM-A,WMS
IM-0003402,2026-04-25 00:49:00,P01,MAT-010,PRD-037,RM_ISSUE,-1195,EA,RM-B,WMS
IM-0003403,2025-11-19 14:21:00,P02,MAT-003,PRD-014,RM_ISSUE,-509,EA,WIP-01,WMS
IM-0003404,2026-03-11 23:10:00,P01,PRD-070,PRD-070,FG_RECEIPT,6450,EA,RM-A,WMS
IM-0003405,2025-11-19 07:01:00,P02,MAT-005,PRD-033,RM_RECEIPT,3481,EA,FG-01,WMS
IM-0003406,2025-11-19 01:58:00,P01,MAT-004,PRD-048,RM_ISSUE,-7318,EA,WIP-01,WMS
IM-0003407,2026-01-07 19:32:00,P02,PRD-012,PRD-012,FG_SHIP,-689,EA,FG-02,WMS
IM-0003408,2025-09-10 16:27:00,P02,PRD-028,PRD-028,FG_RECEIPT,2715,EA,FG-01,WMS
IM-0003409,2026-05-31 19:29:00,P01,MAT-033,PRD-017,RM_RECEIPT,3413,EA,RM-B,WMS
IM-0003410,2025-09-10 07:48:00,P01,PRD-062,PRD-062,FG_RECEIPT,1597,EA,RM-B,WMS
IM-0003411,2026-07-20 01:43:00,P03,MAT-031,PRD-043,RM_RECEIPT,1019,EA,RM-B,WMS
IM-0003412,2026-02-24 21:21:00,P03,MAT-010,PRD-037,RM_ISSUE,-1008,EA,RM-A,WMS
IM-0003413,2026-06-04 17:06:00,P02,MAT-030,PRD-064,RM_RECEIPT,2640,EA,WIP-01,WMS
IM-0003414,2025-08-09 10:37:00,P02,PRD-062,PRD-062,FG_SHIP,-3346,EA,RM-B,WMS
IM-0003415,2026-06-09 01:28:00,P01,PRD-051,PRD-051,FG_RECEIPT,892,EA,WIP-01,WMS
IM-0003416,2025-08-18 06:59:00,P02,PRD-040,PRD-040,FG_RECEIPT,1711,EA,FG-02,WMS
IM-0003417,2025-10-17 05:08:00,P02,MAT-032,PRD-038,RM_ISSUE,-5833,EA,FG-01,WMS
IM-0003418,2026-01-12 22:39:00,P03,MAT-033,PRD-017,RM_RECEIPT,1599,EA,FG-01,WMS
IM-0003419,2026-05-07 12:22:00,P03,MAT-007,PRD-055,RM_RECEIPT,735,EA,FG-02,WMS
IM-0003420,2026-03-21 20:08:00,P02,PRD-054,PRD-054,FG_SHIP,-1262,EA,FG-02,WMS
IM-0003421,2026-07-18 06:08:00,P01,MAT-022,PRD-023,RM_RECEIPT,255,EA,RM-A,WMS
IM-0003422,2026-01-23 20:24:00,P03,PRD-075,PRD-075,FG_SHIP,-10268,EA,RM-B,WMS
IM-0003423,2026-05-06 02:14:00,P01,MAT-027,PRD-061,RM_RECEIPT,616,EA,RM-A,WMS
IM-0003424,2025-09-15 23:53:00,P02,PRD-051,PRD-051,FG_SHIP,-6888,EA,RM-B,WMS
IM-0003425,2025-11-04 03:52:00,P02,PRD-037,PRD-037,FG_SHIP,-3296,EA,RM-B,WMS
IM-0003426,2025-08-15 19:12:00,P03,PRD-070,PRD-070,FG_SHIP,-657,EA,RM-B,WMS
IM-0003427,2025-12-08 14:28:00,P02,PRD-002,PRD-002,FG_SHIP,-1570,EA,FG-02,WMS
IM-0003428,2026-01-28 12:15:00,P01,PRD-066,PRD-066,FG_RECEIPT,1456,EA,RM-A,WMS
IM-0003429,2026-05-02 16:50:00,P02,MAT-031,PRD-043,RM_ISSUE,-3975,EA,RM-B,WMS
IM-0003430,2026-05-13 15:41:00,P02,PRD-057,PRD-057,FG_SHIP,-308,EA,RM-B,WMS
IM-0003431,2025-12-11 14:43:00,P01,PRD-027,PRD-027,FG_RECEIPT,3964,EA,WIP-01,WMS
IM-0003432,2026-07-01 03:41:00,P01,PRD-051,PRD-051,FG_RECEIPT,887,EA,FG-02,WMS
IM-0003433,2025-10-16 03:28:00,P02,PRD-006,PRD-006,FG_SHIP,-2193,EA,FG-01,WMS
IM-0003434,2026-03-04 03:25:00,P01,MAT-018,PRD-026,RM_ISSUE,-853,EA,FG-02,WMS
IM-0003435,2026-01-19 00:43:00,P03,PRD-020,PRD-020,FG_RECEIPT,631,EA,RM-A,WMS
IM-0003436,2025-10-02 19:35:00,P03,MAT-022,PRD-042,RM_ISSUE,-1487,EA,RM-B,WMS
IM-0003437,2026-07-09 10:55:00,P03,MAT-004,PRD-048,RM_ISSUE,-828,EA,RM-A,WMS
IM-0003438,2026-04-06 07:23:00,P03,PRD-023,PRD-023,FG_RECEIPT,971,EA,FG-02,WMS
IM-0003439,2025-08-29 06:35:00,P01,MAT-004,PRD-048,RM_ISSUE,-3665,EA,FG-02,WMS
IM-0003440,2026-04-27 13:46:00,P03,MAT-018,PRD-002,RM_RECEIPT,1510,EA,WIP-01,WMS
IM-0003441,2025-08-07 16:26:00,P01,PRD-061,PRD-061,FG_RECEIPT,5345,EA,FG-01,WMS
IM-0003442,2025-08-08 11:17:00,P02,PRD-055,PRD-055,FG_SHIP,-2897,EA,WIP-01,WMS
IM-0003443,2025-09-29 05:23:00,P02,MAT-012,PRD-006,RM_ISSUE,-1788,EA,RM-B,WMS
IM-0003444,2026-01-03 15:42:00,P03,PRD-042,PRD-042,FG_RECEIPT,1114,EA,RM-A,WMS
IM-0003445,2025-08-18 00:23:00,P02,PRD-066,PRD-066,FG_SHIP,-3186,EA,RM-B,WMS
IM-0003446,2026-03-31 21:56:00,P03,MAT-010,PRD-027,RM_RECEIPT,7078,EA,FG-01,WMS
IM-0003447,2025-11-10 13:37:00,P02,PRD-042,PRD-042,FG_SHIP,-1547,EA,FG-02,WMS
IM-0003448,2025-11-04 11:06:00,P01,MAT-037,PRD-018,RM_RECEIPT,553,EA,WIP-01,WMS
IM-0003449,2025-11-09 15:14:00,P03,PRD-073,PRD-073,FG_SHIP,-4950,EA,RM-A,WMS
IM-0003450,2026-03-31 20:36:00,P02,MAT-033,PRD-017,RM_RECEIPT,1425,EA,WIP-01,WMS
IM-0003451,2026-01-21 23:57:00,P03,PRD-031,PRD-031,FG_SHIP,-2760,EA,RM-B,WMS
IM-0003452,2025-08-02 10:40:00,P03,MAT-029,PRD-045,RM_RECEIPT,4046,EA,FG-01,WMS
IM-0003453,2025-08-19 09:14:00,P01,PRD-027,PRD-027,FG_SHIP,-619,EA,FG-02,WMS
IM-0003454,2025-09-28 09:15:00,P01,MAT-035,PRD-016,RM_RECEIPT,1183,EA,RM-B,WMS
IM-0003455,2026-04-15 07:51:00,P01,MAT-035,PRD-016,RM_ISSUE,-1067,EA,RM-A,WMS
IM-0003456,2026-04-25 03:02:00,P01,MAT-018,PRD-030,RM_RECEIPT,2709,EA,RM-A,WMS
IM-0003457,2025-12-04 06:57:00,P01,PRD-060,PRD-060,FG_RECEIPT,1177,EA,FG-01,WMS
IM-0003458,2025-09-04 23:34:00,P01,PRD-058,PRD-058,FG_SHIP,-1200,EA,RM-B,WMS
IM-0003459,2025-12-02 12:07:00,P02,MAT-031,PRD-052,RM_ISSUE,-1484,EA,FG-01,WMS
IM-0003460,2025-08-12 15:08:00,P01,PRD-060,PRD-060,FG_SHIP,-1397,EA,WIP-01,WMS
IM-0003461,2026-05-29 15:36:00,P03,MAT-032,PRD-005,RM_RECEIPT,1196,EA,RM-B,WMS
IM-0003462,2025-10-19 09:40:00,P03,PRD-013,PRD-013,FG_RECEIPT,589,EA,FG-01,WMS
IM-0003463,2026-06-28 06:59:00,P02,MAT-017,PRD-079,RM_ISSUE,-2697,EA,WIP-01,WMS
IM-0003464,2025-09-22 00:07:00,P01,MAT-018,PRD-002,RM_ISSUE,-6177,EA,FG-01,WMS
IM-0003465,2026-02-11 16:00:00,P03,MAT-026,PRD-059,RM_ISSUE,-1089,EA,FG-01,WMS
IM-0003466,2026-06-07 12:35:00,P02,MAT-029,PRD-045,RM_RECEIPT,8101,EA,RM-B,WMS
IM-0003467,2026-01-14 23:21:00,P02,MAT-035,PRD-053,RM_ISSUE,-6140,EA,FG-01,WMS
IM-0003468,2025-11-09 20:57:00,P01,MAT-032,PRD-077,RM_RECEIPT,3124,EA,FG-02,WMS
IM-0003469,2026-06-16 19:17:00,P02,PRD-013,PRD-013,FG_SHIP,-4718,EA,FG-02,WMS
IM-0003470,2025-08-22 10:38:00,P02,PRD-055,PRD-055,FG_RECEIPT,1160,EA,FG-01,WMS
IM-0003471,2026-03-30 08:13:00,P03,PRD-072,PRD-072,FG_SHIP,-2300,EA,RM-B,WMS
IM-0003472,2025-09-27 02:46:00,P02,PRD-040,PRD-040,FG_RECEIPT,1326,EA,RM-A,WMS
IM-0003473,2025-12-27 11:08:00,P03,PRD-060,PRD-060,FG_SHIP,-2024,EA,WIP-01,WMS
IM-0003474,2026-05-15 16:33:00,P02,PRD-064,PRD-064,FG_SHIP,-4203,EA,RM-B,WMS
IM-0003475,2026-02-18 09:25:00,P03,PRD-066,PRD-066,ADJUSTMENT,2811,EA,WIP-01,WMS
IM-0003476,2025-11-01 11:22:00,P02,PRD-051,PRD-051,FG_RECEIPT,4117,EA,WIP-01,WMS
IM-0003477,2025-08-09 01:36:00,P02,PRD-005,PRD-005,FG_SHIP,-7455,EA,FG-02,WMS
IM-0003478,2026-01-10 23:46:00,P01,MAT-015,PRD-034,RM_RECEIPT,15259,EA,RM-B,WMS
IM-0003479,2026-02-03 21:13:00,P03,PRD-030,PRD-030,ADJUSTMENT,15154,EA,FG-02,WMS
IM-0003480,2025-08-16 21:33:00,P02,MAT-013,PRD-075,RM_ISSUE,-4752,EA,RM-A,WMS
IM-0003481,2026-06-28 03:44:00,P01,MAT-018,PRD-026,RM_RECEIPT,3273,EA,RM-B,WMS
IM-0003482,2026-03-07 02:28:00,P02,MAT-005,PRD-024,RM_RECEIPT,572,EA,WIP-01,WMS
IM-0003483,2026-04-20 14:11:00,P01,MAT-018,PRD-030,RM_ISSUE,-6864,EA,FG-01,WMS
IM-0003484,2026-02-11 16:35:00,P01,MAT-024,PRD-003,RM_ISSUE,-1812,EA,RM-B,WMS
IM-0003485,2025-11-07 11:29:00,P03,PRD-040,PRD-040,FG_SHIP,-4272,EA,RM-A,WMS
IM-0003486,2026-03-29 14:54:00,P01,PRD-003,PRD-003,FG_SHIP,-599,EA,RM-B,WMS
IM-0003487,2026-07-18 00:33:00,P01,MAT-030,PRD-009,RM_ISSUE,-3797,EA,RM-B,WMS
IM-0003488,2026-05-04 00:13:00,P01,MAT-030,PRD-012,RM_ISSUE,-1427,EA,FG-01,WMS
IM-0003489,2025-11-17 02:28:00,P03,PRD-012,PRD-012,FG_RECEIPT,983,EA,FG-01,WMS
IM-0003490,2026-02-06 02:47:00,P02,PRD-006,PRD-006,FG_RECEIPT,1684,EA,WIP-01,WMS
IM-0003491,2025-10-13 12:18:00,P02,PRD-028,PRD-028,FG_SHIP,-893,EA,FG-01,WMS
IM-0003492,2025-09-01 09:34:00,P03,MAT-033,PRD-022,RM_RECEIPT,1915,EA,RM-B,WMS
IM-0003493,2025-10-17 20:32:00,P01,MAT-035,PRD-053,RM_RECEIPT,1623,EA,FG-01,WMS
IM-0003494,2026-03-07 17:53:00,P03,MAT-024,PRD-013,RM_ISSUE,-3432,EA,FG-01,WMS
IM-0003495,2026-05-13 15:16:00,P02,PRD-048,PRD-048,FG_RECEIPT,2417,EA,RM-A,WMS
IM-0003496,2025-08-18 14:16:00,P03,PRD-045,PRD-045,FG_SHIP,-2509,EA,RM-B,WMS
IM-0003497,2025-11-22 21:58:00,P02,MAT-024,PRD-003,RM_RECEIPT,2659,EA,RM-A,WMS
IM-0003498,2026-04-12 20:36:00,P01,MAT-026,PRD-028,RM_ISSUE,-3880,EA,WIP-01,WMS
IM-0003499,2025-12-03 03:23:00,P03,PRD-074,PRD-074,FG_SHIP,-2068,EA,RM-A,WMS
IM-0003500,2026-07-13 11:03:00,P03,PRD-042,PRD-042,FG_RECEIPT,879,EA,FG-01,WMS
IM-0003501,2026-04-06 17:03:00,P01,PRD-080,PRD-080,FG_RECEIPT,823,EA,FG-01,WMS
IM-0003502,2025-11-19 04:10:00,P02,MAT-033,PRD-044,RM_RECEIPT,3802,EA,RM-A,WMS
IM-0003503,2025-12-27 14:05:00,P01,MAT-015,PRD-034,RM_ISSUE,-3041,EA,WIP-01,WMS
IM-0003504,2025-09-04 03:10:00,P02,PRD-016,PRD-016,FG_SHIP,-1591,EA,FG-02,WMS
IM-0003505,2026-01-26 21:14:00,P02,MAT-030,PRD-012,RM_ISSUE,-5789,EA,RM-B,WMS
IM-0003506,2026-07-04 08:40:00,P03,MAT-012,PRD-011,RM_RECEIPT,265,EA,FG-02,WMS
IM-0003507,2025-12-24 19:22:00,P03,MAT-035,PRD-053,RM_ISSUE,-5025,EA,FG-02,WMS
IM-0003508,2025-09-23 17:20:00,P03,MAT-030,PRD-009,RM_RECEIPT,1834,EA,FG-02,WMS
IM-0003509,2026-03-26 01:17:00,P01,MAT-033,PRD-017,RM_ISSUE,-2514,EA,RM-B,WMS
IM-0003510,2026-03-20 21:46:00,P03,PRD-037,PRD-037,FG_SHIP,-2105,EA,WIP-01,WMS
IM-0003511,2026-07-19 03:20:00,P02,MAT-026,PRD-057,RM_RECEIPT,700,EA,RM-B,WMS
IM-0003512,2026-01-11 11:55:00,P02,PRD-005,PRD-005,FG_RECEIPT,4415,EA,FG-01,WMS
IM-0003513,2026-07-15 15:16:00,P01,PRD-076,PRD-076,FG_SHIP,-999,EA,RM-B,WMS
IM-0003514,2025-10-25 00:27:00,P02,PRD-010,PRD-010,FG_SHIP,-9687,EA,RM-B,WMS
IM-0003515,2026-03-24 09:20:00,P02,PRD-080,PRD-080,FG_SHIP,-1503,EA,RM-A,WMS
IM-0003516,2026-06-03 20:10:00,P02,MAT-018,PRD-054,RM_ISSUE,-749,EA,RM-B,WMS
IM-0003517,2025-11-08 10:38:00,P02,PRD-007,PRD-007,FG_RECEIPT,2531,EA,WIP-01,WMS
IM-0003518,2026-07-15 19:42:00,P03,PRD-053,PRD-053,FG_SHIP,-688,EA,RM-A,WMS
IM-0003519,2026-04-16 09:51:00,P01,PRD-065,PRD-065,FG_RECEIPT,2502,EA,FG-02,WMS
IM-0003520,2025-10-06 13:52:00,P02,PRD-005,PRD-005,FG_SHIP,-5995,EA,WIP-01,WMS
IM-0003521,2025-11-24 20:44:00,P01,MAT-022,PRD-047,RM_RECEIPT,3355,EA,FG-01,WMS
IM-0003522,2026-04-18 12:13:00,P01,PRD-073,PRD-073,FG_RECEIPT,3460,EA,RM-A,WMS
IM-0003523,2025-12-25 06:59:00,P01,PRD-056,PRD-056,FG_RECEIPT,1022,EA,FG-01,WMS
IM-0003524,2026-05-25 04:58:00,P02,PRD-036,PRD-036,FG_SHIP,-1045,EA,WIP-01,WMS
IM-0003525,2025-12-10 12:24:00,P03,PRD-068,PRD-068,FG_SHIP,-5606,EA,FG-01,WMS
IM-0003526,2025-09-10 18:15:00,P01,PRD-074,PRD-074,FG_SHIP,-1774,EA,WIP-01,WMS
IM-0003527,2026-07-07 20:10:00,P01,PRD-025,PRD-025,FG_SHIP,-8122,EA,FG-02,WMS
IM-0003528,2025-10-15 15:03:00,P01,MAT-007,PRD-055,RM_RECEIPT,2528,EA,FG-02,WMS
IM-0003529,2026-07-08 06:52:00,P02,MAT-030,PRD-064,RM_ISSUE,-4323,EA,RM-B,WMS
IM-0003530,2025-10-21 06:16:00,P03,PRD-053,PRD-053,ADJUSTMENT,1564,EA,WIP-01,WMS
IM-0003531,2026-05-09 01:52:00,P03,PRD-033,PRD-033,FG_RECEIPT,1399,EA,RM-B,WMS
IM-0003532,2025-08-15 04:20:00,P02,PRD-036,PRD-036,FG_RECEIPT,1386,EA,WIP-01,WMS
IM-0003533,2025-12-14 16:08:00,P02,PRD-052,PRD-052,ADJUSTMENT,2737,EA,FG-02,WMS
IM-0003534,2025-10-25 17:00:00,P02,MAT-018,PRD-030,RM_RECEIPT,1229,EA,WIP-01,WMS
IM-0003535,2026-04-12 12:49:00,P02,MAT-024,PRD-003,RM_RECEIPT,1904,EA,WIP-01,WMS
IM-0003536,2025-11-15 20:06:00,P02,PRD-017,PRD-017,FG_RECEIPT,1072,EA,RM-A,WMS
IM-0003537,2026-04-21 05:31:00,P02,MAT-008,PRD-065,RM_RECEIPT,3131,EA,FG-01,WMS
IM-0003538,2026-03-18 06:38:00,P01,MAT-024,PRD-013,RM_RECEIPT,744,EA,WIP-01,WMS
IM-0003539,2025-12-25 05:17:00,P01,MAT-019,PRD-004,RM_RECEIPT,737,EA,RM-B,WMS
IM-0003540,2026-07-19 03:24:00,P01,PRD-014,PRD-014,FG_SHIP,-4714,EA,RM-A,WMS
IM-0003541,2026-01-01 01:42:00,P03,PRD-037,PRD-037,FG_RECEIPT,233,EA,RM-A,WMS
IM-0003542,2025-12-23 04:17:00,P03,PRD-072,PRD-072,FG_RECEIPT,2597,EA,FG-01,WMS
IM-0003543,2026-01-22 02:24:00,P02,PRD-049,PRD-049,FG_SHIP,-5564,EA,RM-A,WMS
IM-0003544,2026-03-01 21:15:00,P01,MAT-014,PRD-068,RM_RECEIPT,2099,EA,FG-02,WMS
IM-0003545,2026-02-28 19:32:00,P02,PRD-001,PRD-001,FG_RECEIPT,1395,EA,WIP-01,WMS
IM-0003546,2025-11-17 21:10:00,P03,PRD-077,PRD-077,FG_SHIP,-3442,EA,WIP-01,WMS
IM-0003547,2026-04-16 07:45:00,P02,MAT-020,PRD-010,RM_ISSUE,-903,EA,FG-02,WMS
IM-0003548,2025-09-09 19:08:00,P03,MAT-007,PRD-055,RM_RECEIPT,3411,EA,RM-B,WMS
IM-0003549,2025-08-10 04:06:00,P02,MAT-030,PRD-012,RM_ISSUE,-1704,EA,RM-B,WMS
IM-0003550,2026-04-13 03:35:00,P03,PRD-019,PRD-019,FG_RECEIPT,5454,EA,FG-01,WMS
IM-0003551,2026-05-01 02:26:00,P03,PRD-070,PRD-070,ADJUSTMENT,1093,EA,FG-02,WMS
IM-0003552,2025-08-04 03:44:00,P03,MAT-018,PRD-054,RM_RECEIPT,6039,EA,FG-02,WMS
IM-0003553,2026-06-16 23:27:00,P03,MAT-033,PRD-076,RM_ISSUE,-1258,EA,RM-B,WMS
IM-0003554,2025-11-22 22:10:00,P03,PRD-042,PRD-042,FG_RECEIPT,1255,EA,FG-01,WMS
IM-0003555,2026-02-03 22:18:00,P02,PRD-019,PRD-019,FG_RECEIPT,578,EA,RM-B,WMS
IM-0003556,2026-05-27 22:34:00,P03,MAT-004,PRD-048,RM_ISSUE,-1277,EA,FG-02,WMS
IM-0003557,2025-10-22 05:52:00,P03,MAT-015,PRD-034,RM_RECEIPT,2287,EA,WIP-01,WMS
IM-0003558,2026-06-22 05:06:00,P03,MAT-032,PRD-005,RM_ISSUE,-422,EA,RM-A,WMS
IM-0003559,2025-08-23 21:19:00,P01,MAT-015,PRD-025,RM_ISSUE,-604,EA,WIP-01,WMS
IM-0003560,2026-04-27 02:25:00,P02,MAT-003,PRD-014,RM_ISSUE,-8478,EA,RM-A,WMS
IM-0003561,2025-12-02 22:15:00,P01,MAT-035,PRD-053,RM_ISSUE,-6698,EA,RM-A,WMS
IM-0003562,2026-05-26 20:47:00,P02,PRD-039,PRD-039,FG_RECEIPT,2081,EA,FG-01,WMS
IM-0003563,2025-08-05 22:42:00,P02,PRD-005,PRD-005,FG_RECEIPT,1923,EA,WIP-01,WMS
IM-0003564,2025-09-28 03:15:00,P03,PRD-028,PRD-028,FG_SHIP,-1227,EA,RM-B,WMS
IM-0003565,2025-11-28 06:05:00,P03,PRD-016,PRD-016,FG_SHIP,-1032,EA,FG-01,WMS
IM-0003566,2025-09-30 12:53:00,P02,PRD-051,PRD-051,FG_RECEIPT,2434,EA,FG-01,WMS
IM-0003567,2025-10-27 00:24:00,P01,PRD-077,PRD-077,FG_RECEIPT,5866,EA,FG-02,WMS
IM-0003568,2025-12-17 00:25:00,P01,MAT-018,PRD-078,RM_RECEIPT,5675,EA,FG-02,WMS
IM-0003569,2025-09-02 17:59:00,P03,PRD-043,PRD-043,ADJUSTMENT,3274,EA,RM-B,WMS
IM-0003570,2025-11-20 05:50:00,P02,PRD-012,PRD-012,FG_SHIP,-3794,EA,FG-02,WMS
IM-0003571,2026-02-10 11:02:00,P02,PRD-002,PRD-002,FG_SHIP,-4692,EA,RM-A,WMS
IM-0003572,2026-03-13 22:00:00,P03,MAT-005,PRD-024,RM_RECEIPT,1232,EA,WIP-01,WMS
IM-0003573,2026-04-15 15:26:00,P02,MAT-010,PRD-037,RM_ISSUE,-1899,EA,WIP-01,WMS
IM-0003574,2025-09-29 16:00:00,P02,PRD-036,PRD-036,FG_SHIP,-9527,EA,FG-02,WMS
IM-0003575,2025-09-29 04:03:00,P03,MAT-016,PRD-029,RM_ISSUE,-959,EA,WIP-01,WMS
IM-0003576,2026-04-10 06:09:00,P02,MAT-027,PRD-061,RM_RECEIPT,10080,EA,RM-A,WMS
IM-0003577,2025-09-12 04:01:00,P02,PRD-020,PRD-020,FG_RECEIPT,9248,EA,FG-01,WMS
IM-0003578,2026-01-19 23:29:00,P01,PRD-063,PRD-063,FG_SHIP,-951,EA,FG-02,WMS
IM-0003579,2026-07-14 00:11:00,P01,MAT-030,PRD-012,RM_ISSUE,-4027,EA,WIP-01,WMS
IM-0003580,2025-08-10 15:01:00,P02,MAT-026,PRD-059,RM_RECEIPT,5551,EA,FG-01,WMS
IM-0003581,2026-01-23 17:27:00,P02,MAT-014,PRD-070,RM_RECEIPT,1129,EA,WIP-01,WMS
IM-0003582,2025-09-23 21:26:00,P03,MAT-006,PRD-001,RM_ISSUE,-1870,EA,FG-01,WMS
IM-0003583,2026-04-29 15:25:00,P03,PRD-069,PRD-069,FG_RECEIPT,2385,EA,RM-B,WMS
IM-0003584,2025-11-03 17:29:00,P02,PRD-027,PRD-027,FG_RECEIPT,6944,EA,RM-B,WMS
IM-0003585,2025-10-20 01:46:00,P01,MAT-024,PRD-003,RM_ISSUE,-9443,EA,RM-B,WMS
IM-0003586,2026-06-09 00:58:00,P01,MAT-032,PRD-015,RM_RECEIPT,2373,EA,RM-A,WMS
IM-0003587,2026-04-20 06:04:00,P02,PRD-010,PRD-010,ADJUSTMENT,5376,EA,RM-A,WMS
IM-0003588,2025-08-31 16:49:00,P01,MAT-017,PRD-079,RM_RECEIPT,1462,EA,RM-A,WMS
IM-0003589,2026-05-21 19:12:00,P02,PRD-069,PRD-069,FG_SHIP,-1527,EA,RM-B,WMS
IM-0003590,2026-01-25 01:47:00,P03,MAT-010,PRD-037,RM_ISSUE,-1593,EA,RM-B,WMS
IM-0003591,2026-05-17 13:46:00,P01,PRD-010,PRD-010,FG_RECEIPT,779,EA,WIP-01,WMS
IM-0003592,2025-10-15 14:50:00,P01,PRD-075,PRD-075,FG_SHIP,-2385,EA,RM-B,WMS
IM-0003593,2026-04-06 20:13:00,P01,PRD-020,PRD-020,FG_SHIP,-4709,EA,FG-01,WMS
IM-0003594,2026-06-10 18:20:00,P01,PRD-001,PRD-001,FG_RECEIPT,2471,EA,FG-02,WMS
IM-0003595,2026-04-12 15:46:00,P01,PRD-022,PRD-022,FG_RECEIPT,2069,EA,RM-B,WMS
IM-0003596,2026-02-19 09:47:00,P03,MAT-035,PRD-066,RM_ISSUE,-3384,EA,FG-02,WMS
IM-0003597,2025-08-17 17:51:00,P03,PRD-014,PRD-014,FG_SHIP,-1271,EA,WIP-01,WMS
IM-0003598,2025-10-01 02:36:00,P02,MAT-018,PRD-026,RM_RECEIPT,2766,EA,WIP-01,WMS
IM-0003599,2026-06-25 17:13:00,P01,MAT-004,PRD-040,RM_RECEIPT,1543,EA,RM-A,WMS
IM-0003600,2026-05-13 05:11:00,P03,PRD-033,PRD-033,FG_SHIP,-1367,EA,FG-02,WMS
IM-0003601,2025-08-03 11:39:00,P02,MAT-032,PRD-077,RM_ISSUE,-9607,EA,FG-01,WMS
IM-0003602,2026-03-05 17:25:00,P02,PRD-024,PRD-024,FG_RECEIPT,5813,EA,FG-02,WMS
IM-0003603,2026-02-04 09:42:00,P01,MAT-017,PRD-019,RM_ISSUE,-2575,EA,FG-02,WMS
IM-0003604,2025-10-29 08:06:00,P03,MAT-026,PRD-057,RM_RECEIPT,6151,EA,RM-A,WMS
IM-0003605,2026-01-21 21:12:00,P01,MAT-032,PRD-015,RM_ISSUE,-1119,EA,RM-B,WMS
IM-0003606,2026-04-25 02:31:00,P01,MAT-030,PRD-009,RM_RECEIPT,2759,EA,FG-01,WMS
IM-0003607,2025-11-11 16:17:00,P03,MAT-012,PRD-006,RM_ISSUE,-727,EA,FG-01,WMS
IM-0003608,2026-01-25 17:26:00,P03,MAT-030,PRD-009,RM_RECEIPT,2111,EA,WIP-01,WMS
IM-0003609,2025-08-05 19:09:00,P02,PRD-060,PRD-060,FG_SHIP,-19149,EA,WIP-01,WMS
IM-0003610,2026-02-16 05:17:00,P01,MAT-035,PRD-016,RM_ISSUE,-1608,EA,WIP-01,WMS
IM-0003611,2026-02-23 05:38:00,P01,MAT-015,PRD-025,RM_ISSUE,-1993,EA,FG-02,WMS
IM-0003612,2025-11-13 21:39:00,P02,PRD-061,PRD-061,ADJUSTMENT,1713,EA,RM-A,WMS
IM-0003613,2025-11-21 02:55:00,P03,PRD-042,PRD-042,FG_SHIP,-695,EA,RM-A,WMS
IM-0003614,2026-03-21 07:08:00,P01,PRD-053,PRD-053,ADJUSTMENT,3219,EA,RM-A,WMS
IM-0003615,2026-07-05 23:16:00,P02,MAT-030,PRD-062,RM_ISSUE,-407,EA,RM-B,WMS
IM-0003616,2026-07-24 16:21:00,P01,MAT-032,PRD-005,RM_RECEIPT,1524,EA,RM-A,WMS
IM-0003617,2025-09-22 16:06:00,P02,PRD-029,PRD-029,FG_RECEIPT,1156,EA,FG-02,WMS
IM-0003618,2026-05-23 14:22:00,P03,PRD-058,PRD-058,FG_RECEIPT,1304,EA,WIP-01,WMS
IM-0003619,2025-11-22 21:22:00,P02,MAT-020,PRD-010,RM_RECEIPT,7297,EA,FG-01,WMS
IM-0003620,2026-06-09 01:05:00,P03,MAT-012,PRD-006,RM_RECEIPT,2320,EA,WIP-01,WMS
IM-0003621,2025-11-02 04:24:00,P03,PRD-010,PRD-010,FG_RECEIPT,962,EA,FG-01,WMS
IM-0003622,2026-01-01 05:00:00,P01,PRD-057,PRD-057,FG_RECEIPT,642,EA,RM-B,WMS
IM-0003623,2026-01-22 01:49:00,P03,PRD-054,PRD-054,FG_RECEIPT,1588,EA,FG-02,WMS
IM-0003624,2025-09-20 07:16:00,P02,PRD-056,PRD-056,ADJUSTMENT,9944,EA,RM-B,WMS
IM-0003625,2025-12-12 00:14:00,P03,MAT-032,PRD-077,RM_ISSUE,-1014,EA,RM-B,WMS
IM-0003626,2026-04-17 22:28:00,P03,PRD-013,PRD-013,FG_RECEIPT,1643,EA,RM-A,WMS
IM-0003627,2025-09-08 04:52:00,P03,MAT-008,PRD-065,RM_ISSUE,-1283,EA,FG-01,WMS
IM-0003628,2025-11-23 07:11:00,P02,PRD-018,PRD-018,FG_SHIP,-2798,EA,FG-02,WMS
IM-0003629,2026-04-02 07:50:00,P01,PRD-036,PRD-036,FG_RECEIPT,3432,EA,WIP-01,WMS
IM-0003630,2026-01-17 00:25:00,P03,MAT-032,PRD-077,RM_ISSUE,-4934,EA,FG-02,WMS
IM-0003631,2026-02-11 02:00:00,P02,MAT-026,PRD-057,RM_RECEIPT,6306,EA,FG-02,WMS
IM-0003632,2026-06-19 17:58:00,P03,MAT-027,PRD-072,RM_RECEIPT,4206,EA,RM-B,WMS
IM-0003633,2026-01-26 14:12:00,P03,MAT-001,PRD-039,RM_RECEIPT,5458,EA,WIP-01,WMS
IM-0003634,2025-08-10 11:09:00,P01,MAT-037,PRD-080,RM_RECEIPT,3750,EA,RM-B,WMS
IM-0003635,2026-07-15 21:59:00,P02,MAT-001,PRD-039,RM_RECEIPT,1939,EA,RM-B,WMS
IM-0003636,2026-06-13 02:13:00,P02,PRD-062,PRD-062,FG_RECEIPT,4616,EA,RM-B,WMS
IM-0003637,2026-06-07 03:26:00,P03,MAT-035,PRD-016,RM_RECEIPT,778,EA,FG-02,WMS
IM-0003638,2026-02-19 17:51:00,P03,MAT-026,PRD-057,RM_RECEIPT,842,EA,WIP-01,WMS
IM-0003639,2025-11-10 00:59:00,P01,MAT-018,PRD-067,RM_RECEIPT,2116,EA,FG-01,WMS
IM-0003640,2025-08-14 13:43:00,P02,PRD-010,PRD-010,FG_SHIP,-2959,EA,FG-01,WMS
IM-0003641,2026-03-29 17:57:00,P02,MAT-027,PRD-072,RM_ISSUE,-1251,EA,FG-01,WMS
IM-0003642,2026-05-22 12:38:00,P01,MAT-037,PRD-051,RM_RECEIPT,2084,EA,WIP-01,WMS
IM-0003643,2025-09-02 18:27:00,P02,PRD-004,PRD-004,ADJUSTMENT,2229,EA,RM-B,WMS
IM-0003644,2025-12-28 16:00:00,P03,MAT-022,PRD-073,RM_ISSUE,-2972,EA,FG-02,WMS
IM-0003645,2025-12-03 01:55:00,P02,MAT-031,PRD-043,RM_ISSUE,-1152,EA,FG-02,WMS
IM-0003646,2026-02-13 00:47:00,P01,MAT-004,PRD-048,RM_RECEIPT,703,EA,FG-02,WMS
IM-0003647,2025-12-12 19:36:00,P03,MAT-030,PRD-041,RM_ISSUE,-2013,EA,RM-B,WMS
IM-0003648,2025-08-22 22:51:00,P02,PRD-060,PRD-060,FG_RECEIPT,474,EA,FG-02,WMS
IM-0003649,2025-11-25 13:03:00,P02,MAT-026,PRD-057,RM_RECEIPT,782,EA,RM-A,WMS
IM-0003650,2025-08-12 09:35:00,P03,PRD-020,PRD-020,ADJUSTMENT,2441,EA,WIP-01,WMS
IM-0003651,2025-09-28 02:55:00,P01,PRD-061,PRD-061,FG_SHIP,-1980,EA,WIP-01,WMS
IM-0003652,2025-08-06 15:44:00,P03,PRD-026,PRD-026,ADJUSTMENT,1077,EA,WIP-01,WMS
IM-0003653,2025-10-22 09:16:00,P01,MAT-018,PRD-078,RM_RECEIPT,2469,EA,FG-01,WMS
IM-0003654,2026-02-08 22:58:00,P03,MAT-035,PRD-066,RM_RECEIPT,2319,EA,RM-A,WMS
IM-0003655,2025-10-15 00:35:00,P01,MAT-030,PRD-062,RM_ISSUE,-1024,EA,RM-A,WMS
IM-0003656,2025-08-19 07:32:00,P01,MAT-008,PRD-036,RM_RECEIPT,374,EA,WIP-01,WMS
IM-0003657,2025-12-08 10:01:00,P01,MAT-035,PRD-053,RM_RECEIPT,6513,EA,RM-A,WMS
IM-0003658,2026-05-19 14:32:00,P01,PRD-051,PRD-051,FG_SHIP,-1437,EA,RM-A,WMS
IM-0003659,2025-08-19 02:58:00,P03,PRD-041,PRD-041,FG_SHIP,-6711,EA,RM-B,WMS
IM-0003660,2025-10-20 23:52:00,P02,PRD-078,PRD-078,FG_RECEIPT,1735,EA,FG-02,WMS
IM-0003661,2025-12-04 00:54:00,P02,MAT-037,PRD-051,RM_ISSUE,-2630,EA,RM-A,WMS
IM-0003662,2026-07-09 01:53:00,P02,MAT-030,PRD-064,RM_ISSUE,-1166,EA,RM-A,WMS
IM-0003663,2026-05-10 14:56:00,P02,PRD-036,PRD-036,FG_RECEIPT,1204,EA,WIP-01,WMS
IM-0003664,2025-11-15 00:24:00,P01,PRD-066,PRD-066,FG_SHIP,-2007,EA,RM-A,WMS
IM-0003665,2026-04-09 15:36:00,P03,MAT-005,PRD-033,RM_RECEIPT,2856,EA,WIP-01,WMS
IM-0003666,2025-09-25 05:09:00,P02,MAT-024,PRD-003,RM_ISSUE,-4577,EA,FG-02,WMS
IM-0003667,2026-07-09 08:02:00,P03,MAT-017,PRD-079,RM_ISSUE,-3541,EA,FG-01,WMS
IM-0003668,2026-05-13 23:19:00,P03,PRD-044,PRD-044,FG_RECEIPT,2761,EA,RM-B,WMS
IM-0003669,2025-09-25 20:11:00,P02,PRD-044,PRD-044,FG_RECEIPT,4869,EA,FG-01,WMS
IM-0003670,2025-11-05 05:43:00,P01,PRD-059,PRD-059,FG_RECEIPT,891,EA,RM-B,WMS
IM-0003671,2026-02-27 09:07:00,P03,MAT-022,PRD-042,RM_RECEIPT,2551,EA,RM-B,WMS
IM-0003672,2026-04-15 13:53:00,P02,PRD-039,PRD-039,FG_SHIP,-459,EA,WIP-01,WMS
IM-0003673,2026-07-16 06:27:00,P03,MAT-008,PRD-065,RM_RECEIPT,3021,EA,RM-A,WMS
IM-0003674,2026-06-22 22:36:00,P03,PRD-014,PRD-014,FG_SHIP,-606,EA,WIP-01,WMS
IM-0003675,2026-06-05 22:37:00,P03,PRD-042,PRD-042,FG_RECEIPT,1183,EA,FG-02,WMS
IM-0003676,2026-06-23 03:00:00,P01,MAT-014,PRD-070,RM_RECEIPT,3283,EA,WIP-01,WMS
IM-0003677,2026-01-20 10:48:00,P01,MAT-003,PRD-049,RM_RECEIPT,1495,EA,FG-02,WMS
IM-0003678,2025-12-12 06:27:00,P03,PRD-072,PRD-072,ADJUSTMENT,1065,EA,RM-B,WMS
IM-0003679,2026-06-22 21:25:00,P01,PRD-049,PRD-049,FG_RECEIPT,2137,EA,WIP-01,WMS
IM-0003680,2026-06-17 13:05:00,P03,PRD-007,PRD-007,FG_SHIP,-18389,EA,RM-A,WMS
IM-0003681,2025-10-20 10:35:00,P01,PRD-029,PRD-029,ADJUSTMENT,701,EA,RM-B,WMS
IM-0003682,2026-06-02 08:31:00,P02,PRD-068,PRD-068,FG_SHIP,-1999,EA,FG-02,WMS
IM-0003683,2026-01-23 08:57:00,P01,MAT-031,PRD-052,RM_ISSUE,-9566,EA,FG-01,WMS
IM-0003684,2025-10-31 19:07:00,P03,MAT-018,PRD-078,RM_RECEIPT,865,EA,RM-A,WMS
IM-0003685,2026-05-11 10:56:00,P01,PRD-078,PRD-078,FG_RECEIPT,879,EA,RM-B,WMS
IM-0003686,2025-09-30 23:48:00,P02,PRD-069,PRD-069,FG_SHIP,-7302,EA,WIP-01,WMS
IM-0003687,2025-08-16 07:24:00,P01,PRD-024,PRD-024,ADJUSTMENT,1897,EA,FG-01,WMS
IM-0003688,2026-04-12 08:44:00,P02,MAT-018,PRD-078,RM_ISSUE,-1102,EA,FG-02,WMS
IM-0003689,2026-01-11 05:31:00,P02,MAT-003,PRD-014,RM_RECEIPT,3383,EA,RM-A,WMS
IM-0003690,2026-04-05 16:40:00,P02,PRD-035,PRD-035,FG_RECEIPT,3257,EA,RM-A,WMS
IM-0003691,2026-07-05 16:53:00,P02,MAT-026,PRD-028,RM_RECEIPT,1498,EA,WIP-01,WMS
IM-0003692,2025-11-02 12:57:00,P01,MAT-024,PRD-013,RM_ISSUE,-434,EA,FG-02,WMS
IM-0003693,2025-10-05 17:37:00,P01,PRD-003,PRD-003,FG_RECEIPT,2185,EA,FG-01,WMS
IM-0003694,2025-11-14 18:38:00,P03,MAT-018,PRD-002,RM_ISSUE,-571,EA,RM-B,WMS
IM-0003695,2026-06-02 20:02:00,P03,PRD-010,PRD-010,FG_SHIP,-1905,EA,WIP-01,WMS
IM-0003696,2026-03-16 13:29:00,P01,PRD-016,PRD-016,FG_SHIP,-3246,EA,RM-A,WMS
IM-0003697,2026-04-15 12:18:00,P01,MAT-006,PRD-001,RM_ISSUE,-2994,EA,RM-A,WMS
IM-0003698,2025-10-07 22:03:00,P02,MAT-026,PRD-028,RM_ISSUE,-2281,EA,FG-01,WMS
IM-0003699,2025-10-24 02:56:00,P02,MAT-010,PRD-063,RM_ISSUE,-771,EA,RM-B,WMS
IM-0003700,2025-10-29 14:25:00,P02,MAT-018,PRD-026,RM_ISSUE,-1498,EA,FG-02,WMS
IM-0003701,2026-04-03 11:39:00,P03,MAT-010,PRD-037,RM_RECEIPT,4774,EA,WIP-01,WMS
IM-0003702,2026-04-27 07:02:00,P03,MAT-036,PRD-020,RM_ISSUE,-2469,EA,FG-01,WMS
IM-0003703,2026-06-17 15:04:00,P01,MAT-024,PRD-013,RM_RECEIPT,677,EA,FG-01,WMS
IM-0003704,2025-11-30 21:25:00,P02,PRD-076,PRD-076,ADJUSTMENT,477,EA,FG-01,WMS
IM-0003705,2025-09-30 08:44:00,P01,PRD-063,PRD-063,FG_SHIP,-2661,EA,WIP-01,WMS
IM-0003706,2026-05-10 06:32:00,P03,PRD-009,PRD-009,FG_SHIP,-1514,EA,FG-02,WMS
IM-0003707,2025-09-08 22:56:00,P02,PRD-072,PRD-072,FG_RECEIPT,2351,EA,FG-02,WMS
IM-0003708,2026-01-15 20:16:00,P02,MAT-033,PRD-017,RM_RECEIPT,5010,EA,FG-01,WMS
IM-0003709,2026-04-05 20:33:00,P03,MAT-012,PRD-011,RM_RECEIPT,1166,EA,WIP-01,WMS
IM-0003710,2025-12-06 21:11:00,P01,MAT-010,PRD-063,RM_RECEIPT,738,EA,WIP-01,WMS
IM-0003711,2026-04-17 16:29:00,P02,MAT-026,PRD-057,RM_RECEIPT,1934,EA,FG-02,WMS
IM-0003712,2025-12-27 12:24:00,P03,MAT-005,PRD-024,RM_RECEIPT,6019,EA,FG-02,WMS
IM-0003713,2025-10-01 08:53:00,P03,MAT-029,PRD-045,RM_RECEIPT,674,EA,FG-01,WMS
IM-0003714,2026-03-08 22:41:00,P01,MAT-010,PRD-063,RM_RECEIPT,965,EA,FG-02,WMS
IM-0003715,2026-04-09 15:29:00,P01,PRD-030,PRD-030,FG_RECEIPT,2503,EA,RM-A,WMS
IM-0003716,2026-01-05 01:42:00,P02,PRD-003,PRD-003,FG_SHIP,-5637,EA,WIP-01,WMS
IM-0003717,2025-11-13 10:51:00,P02,MAT-003,PRD-049,RM_RECEIPT,971,EA,FG-01,WMS
IM-0003718,2026-01-28 10:52:00,P01,PRD-064,PRD-064,FG_SHIP,-1471,EA,RM-B,WMS
IM-0003719,2026-04-08 08:59:00,P02,PRD-014,PRD-014,FG_RECEIPT,2531,EA,FG-02,WMS
IM-0003720,2026-02-09 03:34:00,P03,PRD-020,PRD-020,FG_SHIP,-5199,EA,FG-01,WMS
IM-0003721,2026-03-08 12:19:00,P03,MAT-004,PRD-032,RM_RECEIPT,737,EA,FG-01,WMS
IM-0003722,2025-10-26 05:24:00,P02,PRD-012,PRD-012,FG_RECEIPT,1740,EA,WIP-01,WMS
IM-0003723,2026-05-01 03:19:00,P02,PRD-055,PRD-055,FG_SHIP,-2928,EA,FG-02,WMS
IM-0003724,2025-09-24 14:40:00,P02,MAT-015,PRD-025,RM_RECEIPT,1748,EA,RM-A,WMS
IM-0003725,2025-08-17 11:09:00,P02,PRD-010,PRD-010,FG_SHIP,-2107,EA,RM-A,WMS
IM-0003726,2025-11-26 10:23:00,P03,PRD-041,PRD-041,FG_SHIP,-2420,EA,FG-02,WMS
IM-0003727,2025-11-24 03:54:00,P03,PRD-073,PRD-073,FG_SHIP,-1069,EA,RM-B,WMS
IM-0003728,2025-11-10 17:36:00,P02,PRD-069,PRD-069,FG_RECEIPT,1970,EA,WIP-01,WMS
IM-0003729,2025-10-21 10:25:00,P03,PRD-058,PRD-058,FG_RECEIPT,2072,EA,FG-02,WMS
IM-0003730,2026-05-05 00:45:00,P01,PRD-021,PRD-021,FG_RECEIPT,1610,EA,RM-A,WMS
IM-0003731,2026-05-03 18:51:00,P02,PRD-015,PRD-015,FG_RECEIPT,3238,EA,RM-A,WMS
IM-0003732,2025-08-02 02:18:00,P01,PRD-027,PRD-027,FG_SHIP,-1367,EA,RM-B,WMS
IM-0003733,2025-09-06 23:22:00,P01,MAT-026,PRD-028,RM_RECEIPT,2032,EA,WIP-01,WMS
IM-0003734,2025-10-25 21:28:00,P02,PRD-076,PRD-076,FG_SHIP,-2198,EA,FG-02,WMS
IM-0003735,2025-08-02 12:02:00,P01,PRD-069,PRD-069,FG_SHIP,-4687,EA,FG-01,WMS
IM-0003736,2026-03-03 10:54:00,P02,PRD-044,PRD-044,FG_RECEIPT,7978,EA,WIP-01,WMS
IM-0003737,2025-11-02 03:08:00,P01,MAT-013,PRD-075,RM_RECEIPT,2926,EA,RM-A,WMS
IM-0003738,2025-08-20 03:05:00,P03,PRD-002,PRD-002,FG_SHIP,-1434,EA,FG-02,WMS
IM-0003739,2025-09-19 06:25:00,P03,PRD-003,PRD-003,FG_RECEIPT,2015,EA,RM-B,WMS
IM-0003740,2026-02-14 22:16:00,P03,MAT-018,PRD-078,RM_ISSUE,-2439,EA,RM-B,WMS
IM-0003741,2026-07-16 23:24:00,P01,PRD-045,PRD-045,FG_RECEIPT,5374,EA,WIP-01,WMS
IM-0003742,2025-10-19 00:41:00,P03,MAT-027,PRD-061,RM_RECEIPT,2795,EA,WIP-01,WMS
IM-0003743,2026-03-19 08:07:00,P03,PRD-077,PRD-077,FG_RECEIPT,2579,EA,RM-A,WMS
IM-0003744,2025-09-14 16:01:00,P02,MAT-018,PRD-002,RM_RECEIPT,1129,EA,WIP-01,WMS
IM-0003745,2026-05-21 14:31:00,P01,PRD-072,PRD-072,FG_RECEIPT,1138,EA,WIP-01,WMS
IM-0003746,2026-04-14 00:11:00,P03,MAT-005,PRD-033,RM_RECEIPT,5338,EA,FG-02,WMS
IM-0003747,2026-05-26 00:50:00,P02,MAT-005,PRD-024,RM_ISSUE,-2560,EA,RM-A,WMS
IM-0003748,2026-02-15 16:44:00,P02,MAT-003,PRD-014,RM_ISSUE,-589,EA,WIP-01,WMS
IM-0003749,2025-10-12 19:46:00,P03,PRD-045,PRD-045,FG_SHIP,-409,EA,FG-02,WMS
IM-0003750,2026-02-21 15:23:00,P02,MAT-014,PRD-068,RM_ISSUE,-1155,EA,FG-02,WMS
IM-0003751,2026-04-22 02:46:00,P02,MAT-010,PRD-027,RM_RECEIPT,1994,EA,FG-02,WMS
IM-0003752,2025-12-19 22:49:00,P02,PRD-066,PRD-066,FG_SHIP,-3638,EA,FG-02,WMS
IM-0003753,2025-12-23 21:26:00,P03,MAT-030,PRD-064,RM_RECEIPT,5754,EA,FG-01,WMS
IM-0003754,2026-01-07 10:34:00,P02,MAT-019,PRD-004,RM_ISSUE,-3520,EA,RM-B,WMS
IM-0003755,2026-02-16 22:28:00,P01,MAT-018,PRD-026,RM_ISSUE,-2916,EA,FG-02,WMS
IM-0003756,2025-11-01 14:17:00,P02,MAT-015,PRD-025,RM_RECEIPT,1082,EA,WIP-01,WMS
IM-0003757,2025-08-29 03:26:00,P01,PRD-026,PRD-026,FG_RECEIPT,1427,EA,FG-01,WMS
IM-0003758,2025-08-02 02:48:00,P03,PRD-011,PRD-011,FG_RECEIPT,1656,EA,FG-02,WMS
IM-0003759,2026-06-20 11:17:00,P01,MAT-033,PRD-044,RM_ISSUE,-6914,EA,FG-01,WMS
IM-0003760,2026-07-25 12:54:00,P01,PRD-062,PRD-062,FG_RECEIPT,760,EA,WIP-01,WMS
IM-0003761,2025-08-06 19:16:00,P03,PRD-060,PRD-060,ADJUSTMENT,2844,EA,WIP-01,WMS
IM-0003762,2026-02-14 17:03:00,P01,MAT-010,PRD-063,RM_ISSUE,-1077,EA,FG-02,WMS
IM-0003763,2026-01-08 00:58:00,P02,PRD-055,PRD-055,FG_SHIP,-948,EA,RM-A,WMS
IM-0003764,2026-04-09 19:47:00,P01,PRD-036,PRD-036,FG_RECEIPT,2955,EA,WIP-01,WMS
IM-0003765,2026-02-17 15:02:00,P01,PRD-068,PRD-068,FG_RECEIPT,2176,EA,FG-02,WMS
IM-0003766,2026-04-10 05:23:00,P03,PRD-008,PRD-008,FG_RECEIPT,12752,EA,RM-A,WMS
IM-0003767,2025-11-22 17:34:00,P03,MAT-018,PRD-054,RM_RECEIPT,2453,EA,FG-02,WMS
IM-0003768,2026-03-16 21:12:00,P02,PRD-048,PRD-048,FG_RECEIPT,2487,EA,WIP-01,WMS
IM-0003769,2025-12-11 14:43:00,P03,MAT-032,PRD-077,RM_RECEIPT,4305,EA,WIP-01,WMS
IM-0003770,2025-08-14 00:16:00,P03,PRD-034,PRD-034,ADJUSTMENT,9901,EA,RM-A,WMS
IM-0003771,2025-12-21 20:40:00,P02,PRD-039,PRD-039,ADJUSTMENT,2550,EA,FG-01,WMS
IM-0003772,2025-08-17 10:17:00,P03,MAT-004,PRD-040,RM_RECEIPT,784,EA,FG-02,WMS
IM-0003773,2026-07-14 15:59:00,P02,PRD-063,PRD-063,FG_RECEIPT,7064,EA,FG-01,WMS
IM-0003774,2026-04-28 06:49:00,P01,PRD-080,PRD-080,FG_SHIP,-663,EA,FG-01,WMS
IM-0003775,2026-01-22 16:41:00,P03,PRD-062,PRD-062,FG_SHIP,-2120,EA,FG-02,WMS
IM-0003776,2025-11-25 00:45:00,P01,PRD-025,PRD-025,FG_RECEIPT,5402,EA,RM-B,WMS
IM-0003777,2026-07-20 22:51:00,P03,PRD-069,PRD-069,FG_RECEIPT,4171,EA,WIP-01,WMS
IM-0003778,2026-01-20 13:25:00,P01,PRD-029,PRD-029,FG_RECEIPT,241,EA,FG-01,WMS
IM-0003779,2026-06-22 10:25:00,P03,MAT-015,PRD-025,RM_RECEIPT,7854,EA,FG-01,WMS
IM-0003780,2025-09-08 00:20:00,P03,PRD-034,PRD-034,FG_RECEIPT,3872,EA,FG-02,WMS
IM-0003781,2026-04-09 11:23:00,P02,MAT-018,PRD-054,RM_RECEIPT,1858,EA,RM-A,WMS
IM-0003782,2025-11-13 14:24:00,P01,MAT-004,PRD-048,RM_RECEIPT,3397,EA,WIP-01,WMS
IM-0003783,2026-02-26 23:06:00,P01,MAT-024,PRD-003,RM_ISSUE,-2305,EA,RM-B,WMS
IM-0003784,2026-03-01 09:00:00,P03,MAT-008,PRD-065,RM_ISSUE,-973,EA,WIP-01,WMS
IM-0003785,2026-01-05 22:18:00,P02,PRD-025,PRD-025,FG_RECEIPT,4906,EA,FG-02,WMS
IM-0003786,2026-02-20 19:33:00,P01,MAT-024,PRD-013,RM_RECEIPT,2659,EA,RM-B,WMS
IM-0003787,2026-01-07 23:54:00,P02,MAT-033,PRD-017,RM_RECEIPT,1878,EA,RM-B,WMS
IM-0003788,2025-08-03 00:38:00,P01,PRD-074,PRD-074,FG_SHIP,-3744,EA,RM-A,WMS
IM-0003789,2026-05-08 14:18:00,P01,PRD-016,PRD-016,ADJUSTMENT,2393,EA,FG-02,WMS
IM-0003790,2026-02-02 09:36:00,P02,MAT-032,PRD-077,RM_RECEIPT,1130,EA,FG-02,WMS
IM-0003791,2026-01-08 01:50:00,P02,MAT-033,PRD-017,RM_ISSUE,-1326,EA,RM-A,WMS
IM-0003792,2025-10-11 08:50:00,P03,MAT-026,PRD-057,RM_ISSUE,-3783,EA,RM-A,WMS
IM-0003793,2026-01-14 07:17:00,P03,PRD-005,PRD-005,FG_SHIP,-2809,EA,FG-01,WMS
IM-0003794,2026-06-26 21:26:00,P01,PRD-079,PRD-079,FG_RECEIPT,1924,EA,RM-A,WMS
IM-0003795,2025-09-22 13:30:00,P03,PRD-039,PRD-039,FG_RECEIPT,2995,EA,WIP-01,WMS
IM-0003796,2026-05-04 20:41:00,P03,MAT-018,PRD-030,RM_RECEIPT,1692,EA,WIP-01,WMS
IM-0003797,2025-12-03 02:40:00,P03,MAT-032,PRD-038,RM_ISSUE,-799,EA,WIP-01,WMS
IM-0003798,2026-05-18 12:22:00,P02,PRD-070,PRD-070,FG_RECEIPT,1270,EA,FG-01,WMS
IM-0003799,2026-03-05 23:18:00,P01,MAT-001,PRD-039,RM_ISSUE,-2356,EA,RM-A,WMS
IM-0003800,2025-11-16 20:17:00,P03,PRD-012,PRD-012,FG_RECEIPT,1461,EA,WIP-01,WMS
IM-0003801,2025-11-10 20:46:00,P03,MAT-018,PRD-002,RM_ISSUE,-2923,EA,FG-01,WMS
IM-0003802,2025-09-07 09:13:00,P02,MAT-012,PRD-006,RM_RECEIPT,1962,EA,RM-A,WMS
IM-0003803,2025-10-27 16:22:00,P01,PRD-039,PRD-039,FG_RECEIPT,1889,EA,RM-A,WMS
IM-0003804,2025-11-20 13:14:00,P01,PRD-022,PRD-022,FG_SHIP,-4957,EA,RM-A,WMS
IM-0003805,2025-08-23 10:30:00,P02,PRD-034,PRD-034,FG_SHIP,-6820,EA,RM-A,WMS
IM-0003806,2026-07-30 10:53:00,P01,MAT-003,PRD-049,RM_ISSUE,-1150,EA,RM-A,WMS
IM-0003807,2026-07-24 23:29:00,P01,PRD-014,PRD-014,FG_RECEIPT,1338,EA,RM-B,WMS
IM-0003808,2025-10-28 23:59:00,P02,PRD-027,PRD-027,FG_RECEIPT,2164,EA,FG-02,WMS
IM-0003809,2026-01-06 18:03:00,P02,PRD-049,PRD-049,FG_SHIP,-3068,EA,FG-01,WMS
IM-0003810,2025-10-26 05:18:00,P03,MAT-035,PRD-066,RM_ISSUE,-3355,EA,WIP-01,WMS
IM-0003811,2025-11-08 04:55:00,P01,PRD-043,PRD-043,FG_SHIP,-1306,EA,RM-A,WMS
IM-0003812,2026-02-06 06:49:00,P01,MAT-026,PRD-046,RM_ISSUE,-921,EA,WIP-01,WMS
IM-0003813,2025-12-27 21:50:00,P03,PRD-034,PRD-034,FG_RECEIPT,1892,EA,FG-01,WMS
IM-0003814,2026-06-21 13:32:00,P01,PRD-031,PRD-031,FG_RECEIPT,2997,EA,RM-B,WMS
IM-0003815,2026-01-24 11:54:00,P03,PRD-074,PRD-074,FG_RECEIPT,259,EA,RM-B,WMS
IM-0003816,2026-02-13 11:09:00,P03,PRD-050,PRD-050,FG_RECEIPT,1675,EA,RM-B,WMS
IM-0003817,2026-04-23 23:49:00,P02,MAT-003,PRD-049,RM_RECEIPT,1704,EA,FG-01,WMS
IM-0003818,2026-04-22 15:21:00,P01,MAT-018,PRD-050,RM_RECEIPT,4856,EA,FG-01,WMS
IM-0003819,2026-06-16 21:36:00,P02,MAT-014,PRD-070,RM_ISSUE,-778,EA,RM-B,WMS
IM-0003820,2026-06-11 18:44:00,P03,PRD-012,PRD-012,FG_SHIP,-3896,EA,WIP-01,WMS
IM-0003821,2025-10-16 10:28:00,P02,PRD-058,PRD-058,FG_SHIP,-2581,EA,WIP-01,WMS
IM-0003822,2025-12-28 11:33:00,P02,MAT-002,PRD-069,RM_RECEIPT,946,EA,RM-B,WMS
IM-0003823,2025-12-03 15:35:00,P03,PRD-012,PRD-012,FG_RECEIPT,4744,EA,FG-02,WMS
IM-0003824,2026-06-22 09:56:00,P01,MAT-017,PRD-079,RM_RECEIPT,989,EA,FG-02,WMS
IM-0003825,2025-10-29 14:58:00,P03,MAT-008,PRD-065,RM_RECEIPT,657,EA,RM-B,WMS
IM-0003826,2025-08-27 06:30:00,P03,MAT-004,PRD-032,RM_RECEIPT,1689,EA,RM-B,WMS
IM-0003827,2026-01-31 09:22:00,P02,MAT-004,PRD-048,RM_ISSUE,-2577,EA,FG-01,WMS
IM-0003828,2026-03-31 15:11:00,P03,MAT-014,PRD-070,RM_RECEIPT,2758,EA,WIP-01,WMS
IM-0003829,2025-11-04 03:40:00,P01,MAT-001,PRD-056,RM_RECEIPT,4938,EA,FG-02,WMS
IM-0003830,2025-08-04 04:19:00,P02,MAT-026,PRD-059,RM_ISSUE,-3854,EA,WIP-01,WMS
IM-0003831,2026-03-26 17:23:00,P01,PRD-079,PRD-079,ADJUSTMENT,9433,EA,RM-A,WMS
IM-0003832,2025-12-21 19:07:00,P03,PRD-073,PRD-073,FG_RECEIPT,222,EA,RM-B,WMS
IM-0003833,2025-08-26 04:46:00,P03,PRD-054,PRD-054,FG_RECEIPT,3655,EA,RM-B,WMS
IM-0003834,2026-01-20 09:14:00,P02,PRD-001,PRD-001,FG_SHIP,-1617,EA,RM-A,WMS
IM-0003835,2026-01-16 03:17:00,P03,MAT-037,PRD-080,RM_RECEIPT,1121,EA,RM-A,WMS
IM-0003836,2025-09-16 21:41:00,P02,PRD-042,PRD-042,FG_RECEIPT,1387,EA,WIP-01,WMS
IM-0003837,2025-09-25 06:58:00,P02,PRD-031,PRD-031,FG_RECEIPT,618,EA,RM-A,WMS
IM-0003838,2026-01-08 08:02:00,P03,MAT-018,PRD-026,RM_ISSUE,-924,EA,FG-02,WMS
IM-0003839,2026-01-15 04:01:00,P02,PRD-047,PRD-047,FG_SHIP,-4012,EA,FG-01,WMS
IM-0003840,2025-08-16 15:42:00,P02,MAT-018,PRD-054,RM_RECEIPT,630,EA,RM-A,WMS
IM-0003841,2026-03-17 22:01:00,P03,MAT-018,PRD-050,RM_ISSUE,-1890,EA,FG-02,WMS
IM-0003842,2026-05-05 15:59:00,P03,MAT-036,PRD-020,RM_ISSUE,-3418,EA,RM-B,WMS
IM-0003843,2025-12-14 21:37:00,P02,MAT-037,PRD-080,RM_ISSUE,-2247,EA,RM-A,WMS
IM-0003844,2026-04-29 09:22:00,P03,MAT-012,PRD-006,RM_RECEIPT,783,EA,FG-02,WMS
IM-0003845,2025-10-08 23:41:00,P01,PRD-078,PRD-078,ADJUSTMENT,3483,EA,FG-01,WMS
IM-0003846,2025-11-18 13:57:00,P01,PRD-026,PRD-026,FG_SHIP,-6785,EA,RM-B,WMS
IM-0003847,2025-10-22 15:55:00,P01,MAT-015,PRD-025,RM_ISSUE,-4079,EA,FG-02,WMS
IM-0003848,2025-09-11 18:55:00,P01,MAT-018,PRD-002,RM_ISSUE,-4056,EA,RM-A,WMS
IM-0003849,2025-09-02 01:03:00,P03,PRD-021,PRD-021,FG_RECEIPT,683,EA,FG-02,WMS
IM-0003850,2025-08-08 17:52:00,P02,MAT-022,PRD-047,RM_RECEIPT,938,EA,FG-01,WMS
IM-0003851,2026-03-25 22:32:00,P01,MAT-001,PRD-074,RM_RECEIPT,4851,EA,RM-B,WMS
IM-0003852,2025-11-20 23:28:00,P01,MAT-024,PRD-003,RM_ISSUE,-2312,EA,WIP-01,WMS
IM-0003853,2025-12-21 19:58:00,P02,PRD-051,PRD-051,FG_SHIP,-7658,EA,WIP-01,WMS
IM-0003854,2026-01-26 09:45:00,P03,MAT-004,PRD-040,RM_RECEIPT,6737,EA,RM-B,WMS
IM-0003855,2026-01-25 01:20:00,P03,PRD-073,PRD-073,FG_RECEIPT,915,EA,WIP-01,WMS
IM-0003856,2026-05-30 13:13:00,P02,PRD-003,PRD-003,FG_RECEIPT,3138,EA,WIP-01,WMS
IM-0003857,2025-09-24 14:54:00,P03,MAT-035,PRD-053,RM_ISSUE,-1265,EA,FG-02,WMS
IM-0003858,2025-09-15 13:13:00,P02,PRD-023,PRD-023,ADJUSTMENT,20567,EA,FG-01,WMS
IM-0003859,2025-12-14 12:16:00,P02,PRD-029,PRD-029,FG_SHIP,-2811,EA,WIP-01,WMS
IM-0003860,2025-12-14 00:41:00,P02,PRD-010,PRD-010,FG_RECEIPT,933,EA,RM-A,WMS
IM-0003861,2026-07-19 10:49:00,P01,PRD-063,PRD-063,FG_RECEIPT,1502,EA,RM-A,WMS
IM-0003862,2025-09-29 06:06:00,P03,MAT-001,PRD-056,RM_ISSUE,-459,EA,FG-02,WMS
IM-0003863,2026-06-17 20:37:00,P03,MAT-005,PRD-021,RM_ISSUE,-984,EA,RM-B,WMS
IM-0003864,2025-11-22 13:35:00,P03,PRD-070,PRD-070,FG_RECEIPT,1483,EA,FG-02,WMS
IM-0003865,2025-08-24 01:45:00,P01,MAT-001,PRD-056,RM_ISSUE,-1397,EA,WIP-01,WMS
IM-0003866,2026-02-18 06:38:00,P01,MAT-014,PRD-068,RM_RECEIPT,921,EA,WIP-01,WMS
IM-0003867,2025-10-20 03:34:00,P01,MAT-014,PRD-070,RM_RECEIPT,1417,EA,RM-B,WMS
IM-0003868,2025-09-15 19:22:00,P03,MAT-004,PRD-040,RM_RECEIPT,289,EA,FG-02,WMS
IM-0003869,2026-04-24 00:54:00,P03,PRD-078,PRD-078,ADJUSTMENT,1672,EA,WIP-01,WMS
IM-0003870,2025-11-25 13:53:00,P01,PRD-023,PRD-023,FG_RECEIPT,2975,EA,WIP-01,WMS
IM-0003871,2025-09-18 18:00:00,P02,MAT-005,PRD-058,RM_RECEIPT,1974,EA,WIP-01,WMS
IM-0003872,2026-07-13 10:38:00,P03,PRD-043,PRD-043,FG_RECEIPT,5524,EA,RM-B,WMS
IM-0003873,2025-12-16 17:02:00,P01,PRD-053,PRD-053,FG_RECEIPT,5619,EA,FG-02,WMS
IM-0003874,2026-03-26 20:52:00,P01,MAT-007,PRD-055,RM_ISSUE,-11163,EA,WIP-01,WMS
IM-0003875,2026-03-24 19:34:00,P02,PRD-052,PRD-052,FG_RECEIPT,8384,EA,RM-B,WMS
IM-0003876,2025-10-10 09:38:00,P02,PRD-079,PRD-079,FG_RECEIPT,3308,EA,FG-02,WMS
IM-0003877,2025-08-28 22:32:00,P02,PRD-047,PRD-047,FG_SHIP,-2574,EA,FG-02,WMS
IM-0003878,2025-12-08 09:02:00,P02,MAT-013,PRD-075,RM_ISSUE,-1550,EA,FG-02,WMS
IM-0003879,2026-01-04 09:12:00,P02,MAT-030,PRD-012,RM_RECEIPT,938,EA,FG-01,WMS
IM-0003880,2025-08-08 03:02:00,P02,PRD-037,PRD-037,FG_RECEIPT,1461,EA,FG-02,WMS
IM-0003881,2026-02-02 09:40:00,P01,MAT-037,PRD-051,RM_RECEIPT,821,EA,FG-02,WMS
IM-0003882,2025-12-26 11:40:00,P01,MAT-004,PRD-032,RM_ISSUE,-2498,EA,RM-B,WMS
IM-0003883,2026-03-31 02:40:00,P03,PRD-042,PRD-042,FG_RECEIPT,357,EA,FG-02,WMS
IM-0003884,2026-07-01 01:30:00,P03,MAT-004,PRD-032,RM_RECEIPT,1689,EA,WIP-01,WMS
IM-0003885,2026-07-10 04:24:00,P02,PRD-071,PRD-071,FG_RECEIPT,2276,EA,WIP-01,WMS
IM-0003886,2025-09-09 15:07:00,P01,MAT-008,PRD-065,RM_RECEIPT,2710,EA,FG-01,WMS
IM-0003887,2025-09-18 16:49:00,P02,MAT-012,PRD-006,RM_RECEIPT,3741,EA,FG-02,WMS
IM-0003888,2025-08-02 12:32:00,P02,MAT-037,PRD-051,RM_RECEIPT,1043,EA,RM-B,WMS
IM-0003889,2025-12-20 04:38:00,P03,MAT-035,PRD-066,RM_RECEIPT,2463,EA,RM-A,WMS
IM-0003890,2026-05-21 03:55:00,P02,PRD-017,PRD-017,FG_RECEIPT,1823,EA,FG-02,WMS
IM-0003891,2026-05-12 09:45:00,P02,PRD-043,PRD-043,FG_SHIP,-2344,EA,RM-A,WMS
IM-0003892,2026-03-12 19:40:00,P01,MAT-017,PRD-019,RM_RECEIPT,3806,EA,FG-02,WMS
IM-0003893,2025-09-26 03:44:00,P03,MAT-019,PRD-004,RM_RECEIPT,1410,EA,RM-B,WMS
IM-0003894,2026-06-03 12:43:00,P01,MAT-015,PRD-034,RM_RECEIPT,1749,EA,FG-01,WMS
IM-0003895,2025-10-12 12:53:00,P03,PRD-060,PRD-060,FG_RECEIPT,2274,EA,WIP-01,WMS
IM-0003896,2026-06-27 18:58:00,P02,MAT-018,PRD-078,RM_RECEIPT,4868,EA,WIP-01,WMS
IM-0003897,2025-12-09 15:43:00,P02,PRD-028,PRD-028,ADJUSTMENT,4985,EA,WIP-01,WMS
IM-0003898,2026-04-27 01:37:00,P02,MAT-032,PRD-038,RM_RECEIPT,2327,EA,WIP-01,WMS
IM-0003899,2025-12-27 08:03:00,P03,PRD-068,PRD-068,FG_RECEIPT,6564,EA,RM-B,WMS
IM-0003900,2025-10-25 05:17:00,P02,MAT-037,PRD-051,RM_RECEIPT,724,EA,RM-A,WMS
IM-0003901,2026-05-08 21:01:00,P02,PRD-079,PRD-079,FG_SHIP,-866,EA,FG-01,WMS
IM-0003902,2025-12-08 00:45:00,P01,MAT-035,PRD-066,RM_RECEIPT,6183,EA,FG-02,WMS
IM-0003903,2025-11-11 11:53:00,P02,PRD-070,PRD-070,FG_SHIP,-2784,EA,RM-B,WMS
IM-0003904,2025-10-16 17:29:00,P02,MAT-030,PRD-060,RM_RECEIPT,2879,EA,RM-A,WMS
IM-0003905,2026-04-04 12:41:00,P03,PRD-064,PRD-064,FG_SHIP,-656,EA,FG-01,WMS
IM-0003906,2025-09-16 18:31:00,P02,MAT-018,PRD-002,RM_ISSUE,-2475,EA,RM-A,WMS
IM-0003907,2026-04-14 12:51:00,P03,MAT-006,PRD-001,RM_RECEIPT,701,EA,RM-B,WMS
IM-0003908,2026-05-05 19:48:00,P03,MAT-029,PRD-045,RM_RECEIPT,7771,EA,FG-02,WMS
IM-0003909,2026-04-26 10:21:00,P03,PRD-057,PRD-057,FG_RECEIPT,1846,EA,WIP-01,WMS
IM-0003910,2025-12-23 21:34:00,P02,PRD-044,PRD-044,FG_SHIP,-1034,EA,WIP-01,WMS
IM-0003911,2026-02-16 01:53:00,P01,MAT-033,PRD-022,RM_RECEIPT,4951,EA,WIP-01,WMS
IM-0003912,2025-11-20 12:52:00,P03,MAT-005,PRD-021,RM_RECEIPT,2229,EA,FG-02,WMS
IM-0003913,2025-12-02 15:53:00,P03,PRD-047,PRD-047,FG_RECEIPT,2577,EA,WIP-01,WMS
IM-0003914,2026-02-01 20:38:00,P03,PRD-059,PRD-059,FG_SHIP,-6169,EA,RM-B,WMS
IM-0003915,2025-08-20 12:45:00,P01,PRD-075,PRD-075,FG_SHIP,-14329,EA,WIP-01,WMS
IM-0003916,2026-05-20 03:30:00,P02,MAT-037,PRD-018,RM_ISSUE,-3106,EA,WIP-01,WMS
IM-0003917,2025-11-11 04:00:00,P02,PRD-041,PRD-041,FG_SHIP,-841,EA,FG-02,WMS
IM-0003918,2025-11-17 20:33:00,P01,PRD-009,PRD-009,FG_SHIP,-1434,EA,WIP-01,WMS
IM-0003919,2025-08-05 05:56:00,P01,MAT-019,PRD-071,RM_ISSUE,-1595,EA,RM-B,WMS
IM-0003920,2026-06-13 00:16:00,P01,MAT-035,PRD-016,RM_RECEIPT,1976,EA,RM-B,WMS
IM-0003921,2026-03-12 09:13:00,P03,PRD-010,PRD-010,FG_RECEIPT,5038,EA,RM-B,WMS
IM-0003922,2026-07-29 20:11:00,P02,PRD-038,PRD-038,FG_RECEIPT,1165,EA,WIP-01,WMS
IM-0003923,2026-06-10 17:43:00,P03,MAT-007,PRD-055,RM_ISSUE,-3398,EA,FG-02,WMS
IM-0003924,2026-07-19 06:26:00,P03,PRD-050,PRD-050,FG_SHIP,-1584,EA,WIP-01,WMS
IM-0003925,2025-11-09 21:09:00,P01,PRD-036,PRD-036,FG_RECEIPT,13526,EA,RM-B,WMS
IM-0003926,2025-12-01 07:26:00,P03,PRD-053,PRD-053,FG_RECEIPT,2162,EA,WIP-01,WMS
IM-0003927,2025-12-07 02:19:00,P01,PRD-058,PRD-058,FG_SHIP,-2563,EA,RM-B,WMS
IM-0003928,2026-06-19 04:02:00,P01,MAT-003,PRD-049,RM_RECEIPT,1798,EA,RM-A,WMS
IM-0003929,2026-02-26 22:29:00,P02,PRD-042,PRD-042,FG_SHIP,-2706,EA,FG-02,WMS
IM-0003930,2025-08-23 12:54:00,P03,PRD-067,PRD-067,FG_RECEIPT,1959,EA,RM-A,WMS
IM-0003931,2026-04-06 23:07:00,P03,PRD-068,PRD-068,FG_RECEIPT,1567,EA,FG-01,WMS
IM-0003932,2026-01-19 02:29:00,P01,MAT-008,PRD-036,RM_RECEIPT,601,EA,FG-02,WMS
IM-0003933,2025-11-19 08:12:00,P01,PRD-053,PRD-053,FG_RECEIPT,3437,EA,RM-B,WMS
IM-0003934,2026-07-22 16:22:00,P01,PRD-073,PRD-073,FG_RECEIPT,2616,EA,WIP-01,WMS
IM-0003935,2026-04-15 13:17:00,P02,MAT-002,PRD-069,RM_ISSUE,-860,EA,FG-01,WMS
IM-0003936,2025-08-25 23:08:00,P02,PRD-060,PRD-060,FG_RECEIPT,2842,EA,RM-A,WMS
IM-0003937,2025-12-04 04:05:00,P03,MAT-030,PRD-009,RM_RECEIPT,1199,EA,FG-01,WMS
IM-0003938,2025-11-21 00:40:00,P02,MAT-003,PRD-049,RM_RECEIPT,2502,EA,RM-B,WMS
IM-0003939,2025-10-31 03:50:00,P01,MAT-037,PRD-018,RM_ISSUE,-437,EA,RM-B,WMS
IM-0003940,2026-07-12 08:01:00,P01,PRD-001,PRD-001,ADJUSTMENT,1298,EA,FG-02,WMS
IM-0003941,2026-03-28 00:49:00,P02,MAT-020,PRD-010,RM_ISSUE,-1210,EA,FG-02,WMS
IM-0003942,2026-04-17 01:31:00,P01,PRD-059,PRD-059,FG_SHIP,-1567,EA,FG-01,WMS
IM-0003943,2026-04-07 23:20:00,P03,PRD-068,PRD-068,FG_SHIP,-532,EA,RM-A,WMS
IM-0003944,2025-10-05 21:09:00,P02,PRD-044,PRD-044,FG_SHIP,-3278,EA,FG-02,WMS
IM-0003945,2025-08-29 10:10:00,P01,MAT-004,PRD-032,RM_ISSUE,-313,EA,RM-B,WMS
IM-0003946,2026-03-31 06:35:00,P02,MAT-019,PRD-004,RM_ISSUE,-1340,EA,RM-A,WMS
IM-0003947,2026-04-06 09:48:00,P02,MAT-010,PRD-027,RM_RECEIPT,411,EA,RM-A,WMS
IM-0003948,2026-06-06 17:20:00,P03,PRD-064,PRD-064,FG_RECEIPT,1182,EA,RM-B,WMS
IM-0003949,2025-08-26 15:23:00,P01,PRD-015,PRD-015,FG_SHIP,-3925,EA,RM-B,WMS
IM-0003950,2025-12-20 10:15:00,P03,PRD-050,PRD-050,FG_RECEIPT,1005,EA,RM-B,WMS
IM-0003951,2025-12-06 16:22:00,P03,PRD-075,PRD-075,FG_RECEIPT,1277,EA,FG-02,WMS
IM-0003952,2025-10-06 21:03:00,P01,MAT-018,PRD-050,RM_ISSUE,-1148,EA,FG-01,WMS
IM-0003953,2026-02-16 03:40:00,P02,PRD-058,PRD-058,FG_RECEIPT,896,EA,WIP-01,WMS
IM-0003954,2025-08-19 17:24:00,P01,MAT-032,PRD-038,RM_ISSUE,-1394,EA,RM-B,WMS
IM-0003955,2025-11-15 04:34:00,P02,MAT-033,PRD-076,RM_RECEIPT,1086,EA,FG-02,WMS
IM-0003956,2026-03-17 09:46:00,P02,MAT-037,PRD-051,RM_RECEIPT,1638,EA,RM-B,WMS
IM-0003957,2026-07-29 22:25:00,P02,PRD-011,PRD-011,FG_RECEIPT,1220,EA,RM-A,WMS
IM-0003958,2026-05-09 23:58:00,P02,PRD-012,PRD-012,FG_SHIP,-527,EA,RM-B,WMS
IM-0003959,2026-01-12 21:43:00,P01,PRD-032,PRD-032,FG_SHIP,-1333,EA,RM-A,WMS
IM-0003960,2025-10-27 02:19:00,P01,PRD-038,PRD-038,FG_SHIP,-1801,EA,RM-B,WMS
IM-0003961,2026-02-12 13:49:00,P03,MAT-023,PRD-007,RM_ISSUE,-795,EA,RM-A,WMS
IM-0003962,2025-11-01 02:30:00,P02,PRD-072,PRD-072,FG_RECEIPT,4200,EA,WIP-01,WMS
IM-0003963,2025-11-20 11:19:00,P03,MAT-005,PRD-024,RM_ISSUE,-2379,EA,WIP-01,WMS
IM-0003964,2025-10-11 05:38:00,P03,PRD-019,PRD-019,FG_SHIP,-1329,EA,WIP-01,WMS
IM-0003965,2026-05-04 01:26:00,P01,PRD-062,PRD-062,FG_RECEIPT,11194,EA,WIP-01,WMS
IM-0003966,2026-01-20 14:59:00,P02,MAT-001,PRD-039,RM_ISSUE,-1281,EA,RM-A,WMS
IM-0003967,2026-02-05 13:47:00,P02,MAT-022,PRD-042,RM_RECEIPT,1185,EA,WIP-01,WMS
IM-0003968,2026-01-24 14:54:00,P02,MAT-002,PRD-069,RM_RECEIPT,980,EA,WIP-01,WMS
IM-0003969,2026-01-23 17:35:00,P02,PRD-023,PRD-023,FG_SHIP,-547,EA,WIP-01,WMS
IM-0003970,2025-12-11 08:44:00,P03,MAT-015,PRD-034,RM_ISSUE,-1750,EA,RM-B,WMS
IM-0003971,2026-02-21 01:05:00,P01,PRD-008,PRD-008,FG_SHIP,-9964,EA,RM-A,WMS
IM-0003972,2025-11-30 07:10:00,P01,MAT-035,PRD-053,RM_RECEIPT,3748,EA,FG-01,WMS
IM-0003973,2025-12-03 14:52:00,P03,MAT-037,PRD-080,RM_RECEIPT,701,EA,WIP-01,WMS
IM-0003974,2025-09-17 03:29:00,P01,MAT-015,PRD-025,RM_RECEIPT,1533,EA,FG-01,WMS
IM-0003975,2026-05-05 12:16:00,P03,MAT-033,PRD-044,RM_RECEIPT,1406,EA,RM-A,WMS
IM-0003976,2025-09-19 17:51:00,P01,PRD-070,PRD-070,ADJUSTMENT,2621,EA,RM-B,WMS
IM-0003977,2026-03-16 21:42:00,P01,PRD-021,PRD-021,FG_SHIP,-1917,EA,RM-A,WMS
IM-0003978,2026-04-02 07:35:00,P03,PRD-069,PRD-069,FG_SHIP,-2741,EA,FG-01,WMS
IM-0003979,2026-03-10 21:55:00,P02,MAT-023,PRD-007,RM_RECEIPT,2247,EA,FG-02,WMS
IM-0003980,2026-02-24 02:04:00,P02,MAT-018,PRD-050,RM_ISSUE,-1663,EA,RM-B,WMS
IM-0003981,2025-09-26 01:02:00,P02,MAT-018,PRD-030,RM_RECEIPT,1619,EA,WIP-01,WMS
IM-0003982,2025-09-25 02:49:00,P03,MAT-017,PRD-019,RM_RECEIPT,1651,EA,FG-01,WMS
IM-0003983,2026-02-06 16:25:00,P03,MAT-035,PRD-053,RM_ISSUE,-4700,EA,WIP-01,WMS
IM-0003984,2026-06-11 15:31:00,P02,MAT-022,PRD-042,RM_ISSUE,-2528,EA,RM-B,WMS
IM-0003985,2026-03-18 22:43:00,P02,PRD-018,PRD-018,FG_RECEIPT,3675,EA,FG-02,WMS
IM-0003986,2026-07-03 11:17:00,P03,PRD-026,PRD-026,FG_RECEIPT,2997,EA,WIP-01,WMS
IM-0003987,2025-10-16 04:44:00,P01,MAT-025,PRD-035,RM_RECEIPT,486,EA,FG-01,WMS
IM-0003988,2026-02-27 00:54:00,P01,MAT-014,PRD-068,RM_RECEIPT,3738,EA,RM-A,WMS
IM-0003989,2025-10-30 11:18:00,P01,MAT-008,PRD-065,RM_RECEIPT,3206,EA,FG-01,WMS
IM-0003990,2025-08-30 02:15:00,P03,PRD-057,PRD-057,FG_RECEIPT,3395,EA,WIP-01,WMS
IM-0003991,2026-05-19 23:14:00,P03,PRD-042,PRD-042,FG_SHIP,-2062,EA,FG-01,WMS
IM-0003992,2026-01-08 18:13:00,P01,MAT-030,PRD-009,RM_RECEIPT,9082,EA,FG-02,WMS
IM-0003993,2026-05-01 12:55:00,P02,MAT-005,PRD-058,RM_ISSUE,-609,EA,RM-A,WMS
IM-0003994,2025-11-04 01:53:00,P03,PRD-009,PRD-009,FG_SHIP,-5400,EA,FG-02,WMS
IM-0003995,2026-06-25 21:30:00,P03,PRD-035,PRD-035,FG_RECEIPT,882,EA,FG-01,WMS
IM-0003996,2026-01-02 12:05:00,P01,PRD-025,PRD-025,FG_RECEIPT,1712,EA,RM-B,WMS
IM-0003997,2026-02-20 07:00:00,P02,MAT-026,PRD-059,RM_RECEIPT,3741,EA,WIP-01,WMS
IM-0003998,2025-09-22 01:20:00,P02,MAT-033,PRD-017,RM_RECEIPT,7495,EA,FG-01,WMS
IM-0003999,2026-02-26 10:11:00,P01,MAT-014,PRD-068,RM_ISSUE,-1778,EA,WIP-01,WMS
IM-0004000,2025-11-21 17:30:00,P03,PRD-015,PRD-015,FG_SHIP,-6743,EA,FG-01,WMS
IM-0004001,2025-11-07 03:05:00,P02,MAT-013,PRD-075,RM_RECEIPT,3209,EA,WIP-01,WMS
IM-0004002,2026-02-27 14:04:00,P01,MAT-032,PRD-077,RM_RECEIPT,4460,EA,RM-A,WMS
IM-0004003,2026-04-06 21:58:00,P01,PRD-069,PRD-069,FG_RECEIPT,4151,EA,RM-B,WMS
IM-0004004,2026-01-08 23:30:00,P01,MAT-010,PRD-037,RM_ISSUE,-9882,EA,FG-01,WMS
IM-0004005,2026-07-26 16:54:00,P03,MAT-018,PRD-054,RM_ISSUE,-1218,EA,RM-B,WMS
IM-0004006,2026-03-23 10:54:00,P02,MAT-014,PRD-068,RM_RECEIPT,836,EA,FG-02,WMS
IM-0004007,2025-12-29 12:05:00,P02,PRD-036,PRD-036,FG_SHIP,-784,EA,WIP-01,WMS
IM-0004008,2026-03-25 01:07:00,P02,MAT-033,PRD-076,RM_ISSUE,-1236,EA,RM-B,WMS
IM-0004009,2025-11-29 03:47:00,P03,PRD-018,PRD-018,ADJUSTMENT,8323,EA,FG-02,WMS
IM-0004010,2026-05-15 15:16:00,P02,PRD-071,PRD-071,FG_SHIP,-12058,EA,RM-B,WMS
IM-0004011,2026-03-18 07:47:00,P03,MAT-005,PRD-033,RM_RECEIPT,827,EA,WIP-01,WMS
IM-0004012,2026-04-14 05:40:00,P03,PRD-050,PRD-050,FG_SHIP,-5520,EA,RM-A,WMS
IM-0004013,2025-09-06 15:22:00,P03,PRD-005,PRD-005,ADJUSTMENT,11233,EA,RM-B,WMS
IM-0004014,2026-04-14 17:56:00,P03,MAT-026,PRD-028,RM_RECEIPT,3585,EA,RM-B,WMS
IM-0004015,2025-11-21 14:11:00,P01,MAT-004,PRD-040,RM_ISSUE,-1498,EA,FG-01,WMS
IM-0004016,2026-02-08 01:15:00,P02,MAT-037,PRD-018,RM_ISSUE,-2278,EA,FG-02,WMS
IM-0004017,2026-05-01 11:51:00,P02,MAT-014,PRD-070,RM_ISSUE,-3821,EA,RM-B,WMS
IM-0004018,2026-01-02 07:26:00,P02,PRD-063,PRD-063,FG_RECEIPT,2807,EA,RM-B,WMS
IM-0004019,2025-09-06 14:37:00,P01,MAT-001,PRD-056,RM_RECEIPT,4489,EA,FG-01,WMS
IM-0004020,2026-07-29 01:44:00,P02,MAT-016,PRD-029,RM_RECEIPT,1317,EA,WIP-01,WMS
IM-0004021,2025-11-19 07:25:00,P02,MAT-007,PRD-055,RM_RECEIPT,2738,EA,WIP-01,WMS
IM-0004022,2025-12-30 12:25:00,P02,PRD-003,PRD-003,FG_SHIP,-2225,EA,FG-02,WMS
IM-0004023,2026-07-23 03:22:00,P03,MAT-008,PRD-036,RM_ISSUE,-3003,EA,RM-B,WMS
IM-0004024,2025-12-22 20:24:00,P02,MAT-010,PRD-037,RM_RECEIPT,1830,EA,FG-02,WMS
IM-0004025,2025-11-24 06:27:00,P01,PRD-010,PRD-010,FG_SHIP,-541,EA,FG-01,WMS
IM-0004026,2026-02-11 22:47:00,P02,MAT-001,PRD-039,RM_ISSUE,-245,EA,WIP-01,WMS
IM-0004027,2026-01-19 20:06:00,P02,MAT-024,PRD-003,RM_RECEIPT,2007,EA,FG-02,WMS
IM-0004028,2026-04-16 23:42:00,P02,MAT-024,PRD-013,RM_RECEIPT,3258,EA,RM-B,WMS
IM-0004029,2025-09-08 21:36:00,P03,PRD-018,PRD-018,FG_SHIP,-7294,EA,RM-B,WMS
IM-0004030,2025-10-04 13:51:00,P03,PRD-011,PRD-011,FG_SHIP,-3954,EA,WIP-01,WMS
IM-0004031,2025-12-01 00:20:00,P03,PRD-050,PRD-050,FG_SHIP,-366,EA,WIP-01,WMS
IM-0004032,2026-01-10 20:36:00,P03,MAT-035,PRD-053,RM_ISSUE,-2419,EA,FG-01,WMS
IM-0004033,2025-12-08 17:49:00,P03,PRD-030,PRD-030,FG_RECEIPT,2612,EA,FG-01,WMS
IM-0004034,2025-12-29 18:58:00,P03,PRD-053,PRD-053,ADJUSTMENT,1799,EA,RM-B,WMS
IM-0004035,2026-06-22 00:36:00,P03,MAT-022,PRD-047,RM_RECEIPT,3371,EA,RM-B,WMS
IM-0004036,2026-07-17 09:24:00,P02,MAT-020,PRD-010,RM_RECEIPT,6043,EA,RM-A,WMS
IM-0004037,2025-10-28 03:20:00,P03,MAT-030,PRD-064,RM_RECEIPT,5729,EA,FG-01,WMS
IM-0004038,2025-09-10 19:59:00,P03,PRD-026,PRD-026,FG_SHIP,-490,EA,RM-A,WMS
IM-0004039,2026-07-21 08:54:00,P03,PRD-029,PRD-029,FG_RECEIPT,5482,EA,FG-02,WMS
IM-0004040,2026-01-14 11:33:00,P02,PRD-010,PRD-010,FG_RECEIPT,993,EA,RM-A,WMS
IM-0004041,2026-03-15 12:51:00,P03,PRD-052,PRD-052,FG_RECEIPT,7490,EA,RM-B,WMS
IM-0004042,2026-05-10 04:38:00,P01,MAT-015,PRD-034,RM_ISSUE,-20430,EA,WIP-01,WMS
IM-0004043,2026-06-29 22:41:00,P03,PRD-037,PRD-037,ADJUSTMENT,1504,EA,FG-01,WMS
IM-0004044,2026-03-16 02:31:00,P03,MAT-036,PRD-020,RM_RECEIPT,669,EA,WIP-01,WMS
IM-0004045,2026-05-25 11:47:00,P02,PRD-010,PRD-010,FG_RECEIPT,7613,EA,RM-B,WMS
IM-0004046,2026-04-19 21:56:00,P02,PRD-013,PRD-013,FG_RECEIPT,9298,EA,RM-A,WMS
IM-0004047,2026-05-31 07:50:00,P02,PRD-044,PRD-044,FG_RECEIPT,5672,EA,RM-A,WMS
IM-0004048,2026-02-18 16:12:00,P02,MAT-017,PRD-019,RM_ISSUE,-2281,EA,RM-A,WMS
IM-0004049,2026-05-06 12:13:00,P03,PRD-080,PRD-080,FG_RECEIPT,2358,EA,RM-A,WMS
IM-0004050,2026-01-02 10:06:00,P02,PRD-001,PRD-001,FG_RECEIPT,1259,EA,FG-01,WMS
IM-0004051,2025-11-25 06:19:00,P01,MAT-032,PRD-077,RM_ISSUE,-491,EA,RM-B,WMS
IM-0004052,2026-01-03 21:45:00,P03,MAT-030,PRD-064,RM_ISSUE,-1135,EA,WIP-01,WMS
IM-0004053,2026-02-27 03:53:00,P03,PRD-065,PRD-065,FG_SHIP,-3181,EA,WIP-01,WMS
IM-0004054,2026-04-28 12:24:00,P03,PRD-077,PRD-077,FG_SHIP,-1019,EA,RM-A,WMS
IM-0004055,2025-11-25 00:24:00,P02,PRD-035,PRD-035,FG_SHIP,-2153,EA,FG-01,WMS
IM-0004056,2025-12-15 15:58:00,P02,PRD-033,PRD-033,FG_RECEIPT,4867,EA,FG-02,WMS
IM-0004057,2026-02-28 16:38:00,P03,MAT-026,PRD-028,RM_RECEIPT,1149,EA,RM-B,WMS
IM-0004058,2025-10-28 04:29:00,P01,MAT-003,PRD-049,RM_ISSUE,-1756,EA,RM-B,WMS
IM-0004059,2026-06-08 14:55:00,P03,MAT-018,PRD-078,RM_RECEIPT,3580,EA,FG-01,WMS
IM-0004060,2026-01-12 02:15:00,P03,PRD-050,PRD-050,FG_SHIP,-1264,EA,WIP-01,WMS
IM-0004061,2026-06-08 18:07:00,P01,PRD-028,PRD-028,FG_SHIP,-5428,EA,FG-01,WMS
IM-0004062,2025-10-10 08:00:00,P02,MAT-030,PRD-062,RM_RECEIPT,4710,EA,RM-A,WMS
IM-0004063,2025-10-07 06:45:00,P02,MAT-033,PRD-076,RM_ISSUE,-2374,EA,FG-02,WMS
IM-0004064,2026-03-31 22:37:00,P02,PRD-065,PRD-065,FG_SHIP,-1534,EA,WIP-01,WMS
IM-0004065,2025-12-15 19:43:00,P03,MAT-017,PRD-079,RM_RECEIPT,4490,EA,RM-A,WMS
IM-0004066,2026-05-04 09:42:00,P01,MAT-035,PRD-016,RM_RECEIPT,1388,EA,RM-A,WMS
IM-0004067,2025-10-07 05:10:00,P01,MAT-005,PRD-024,RM_RECEIPT,4436,EA,FG-01,WMS
IM-0004068,2026-05-15 07:19:00,P03,MAT-005,PRD-058,RM_ISSUE,-3148,EA,RM-A,WMS
IM-0004069,2025-11-08 08:58:00,P03,PRD-071,PRD-071,FG_SHIP,-1491,EA,RM-B,WMS
IM-0004070,2026-06-16 04:27:00,P02,MAT-007,PRD-055,RM_RECEIPT,3479,EA,WIP-01,WMS
IM-0004071,2026-06-12 19:09:00,P03,MAT-026,PRD-059,RM_RECEIPT,4563,EA,RM-A,WMS
IM-0004072,2026-02-07 17:53:00,P03,MAT-001,PRD-056,RM_ISSUE,-4418,EA,RM-A,WMS
IM-0004073,2026-05-31 07:21:00,P02,PRD-074,PRD-074,FG_SHIP,-1560,EA,RM-B,WMS
IM-0004074,2025-11-05 16:06:00,P03,PRD-024,PRD-024,FG_SHIP,-908,EA,RM-B,WMS
IM-0004075,2025-10-09 16:48:00,P01,PRD-061,PRD-061,FG_RECEIPT,2438,EA,RM-A,WMS
IM-0004076,2026-04-06 12:57:00,P03,MAT-023,PRD-007,RM_RECEIPT,932,EA,FG-02,WMS
IM-0004077,2025-10-18 22:40:00,P01,MAT-010,PRD-063,RM_RECEIPT,3122,EA,WIP-01,WMS
IM-0004078,2025-11-14 22:07:00,P01,PRD-075,PRD-075,FG_RECEIPT,2983,EA,RM-A,WMS
IM-0004079,2025-11-24 06:42:00,P01,PRD-079,PRD-079,FG_RECEIPT,1235,EA,WIP-01,WMS
IM-0004080,2025-10-29 15:31:00,P03,PRD-022,PRD-022,FG_RECEIPT,740,EA,FG-01,WMS
IM-0004081,2026-04-20 00:58:00,P03,PRD-007,PRD-007,FG_RECEIPT,1654,EA,RM-B,WMS
IM-0004082,2025-08-03 09:55:00,P02,MAT-037,PRD-080,RM_RECEIPT,1158,EA,FG-02,WMS
IM-0004083,2025-09-20 16:04:00,P02,MAT-017,PRD-079,RM_ISSUE,-1795,EA,RM-B,WMS
IM-0004084,2025-12-23 04:53:00,P02,PRD-021,PRD-021,FG_RECEIPT,2062,EA,FG-02,WMS
IM-0004085,2026-06-22 15:38:00,P01,MAT-037,PRD-051,RM_RECEIPT,925,EA,RM-B,WMS
IM-0004086,2026-01-25 08:33:00,P02,MAT-032,PRD-077,RM_ISSUE,-1457,EA,RM-B,WMS
IM-0004087,2025-11-24 16:33:00,P03,MAT-031,PRD-008,RM_RECEIPT,2770,EA,FG-02,WMS
IM-0004088,2026-02-18 10:44:00,P02,PRD-015,PRD-015,FG_SHIP,-1754,EA,WIP-01,WMS
IM-0004089,2026-04-26 16:15:00,P03,MAT-032,PRD-038,RM_ISSUE,-3043,EA,WIP-01,WMS
IM-0004090,2025-11-29 18:58:00,P02,PRD-060,PRD-060,FG_SHIP,-2225,EA,WIP-01,WMS
IM-0004091,2025-12-18 14:18:00,P03,MAT-019,PRD-004,RM_RECEIPT,3271,EA,FG-02,WMS
IM-0004092,2026-01-15 07:57:00,P01,PRD-058,PRD-058,FG_SHIP,-2047,EA,RM-A,WMS
IM-0004093,2026-07-10 17:43:00,P01,MAT-024,PRD-013,RM_ISSUE,-5256,EA,RM-A,WMS
IM-0004094,2026-02-28 06:33:00,P02,PRD-076,PRD-076,FG_RECEIPT,864,EA,FG-01,WMS
IM-0004095,2026-03-19 06:11:00,P01,MAT-004,PRD-040,RM_ISSUE,-852,EA,RM-B,WMS
IM-0004096,2026-01-16 01:10:00,P02,MAT-035,PRD-053,RM_RECEIPT,5046,EA,RM-B,WMS
IM-0004097,2025-10-04 23:17:00,P03,MAT-012,PRD-011,RM_RECEIPT,703,EA,FG-01,WMS
IM-0004098,2025-10-28 20:51:00,P02,PRD-003,PRD-003,FG_RECEIPT,4656,EA,FG-01,WMS
IM-0004099,2026-03-02 16:29:00,P02,MAT-018,PRD-078,RM_RECEIPT,13436,EA,RM-A,WMS
IM-0004100,2025-11-19 13:48:00,P01,PRD-069,PRD-069,FG_RECEIPT,941,EA,FG-01,WMS
IM-0004101,2026-05-24 14:00:00,P02,PRD-015,PRD-015,FG_RECEIPT,3956,EA,RM-B,WMS
IM-0004102,2026-06-15 02:17:00,P02,MAT-002,PRD-069,RM_RECEIPT,5750,EA,RM-B,WMS
IM-0004103,2026-07-09 02:29:00,P03,MAT-001,PRD-039,RM_RECEIPT,3623,EA,FG-02,WMS
IM-0004104,2026-01-03 23:30:00,P03,PRD-059,PRD-059,FG_RECEIPT,5913,EA,RM-B,WMS
IM-0004105,2025-10-16 01:46:00,P02,MAT-015,PRD-025,RM_RECEIPT,2664,EA,RM-A,WMS
IM-0004106,2025-09-27 14:34:00,P03,MAT-024,PRD-013,RM_ISSUE,-4594,EA,RM-B,WMS
IM-0004107,2026-07-19 17:05:00,P03,MAT-014,PRD-068,RM_ISSUE,-3784,EA,RM-B,WMS
IM-0004108,2025-12-02 11:41:00,P01,PRD-034,PRD-034,FG_RECEIPT,3567,EA,RM-A,WMS
IM-0004109,2025-11-27 07:57:00,P01,MAT-037,PRD-051,RM_ISSUE,-573,EA,RM-B,WMS
IM-0004110,2026-07-01 19:00:00,P01,MAT-007,PRD-055,RM_ISSUE,-3338,EA,RM-B,WMS
IM-0004111,2026-04-23 22:40:00,P02,MAT-019,PRD-004,RM_RECEIPT,798,EA,RM-B,WMS
IM-0004112,2025-09-28 16:04:00,P01,MAT-015,PRD-034,RM_ISSUE,-662,EA,FG-02,WMS
IM-0004113,2026-01-08 03:17:00,P03,PRD-055,PRD-055,FG_SHIP,-1563,EA,RM-B,WMS
IM-0004114,2026-01-05 09:41:00,P03,MAT-018,PRD-026,RM_RECEIPT,27067,EA,RM-A,WMS
IM-0004115,2025-11-27 13:47:00,P01,MAT-027,PRD-072,RM_RECEIPT,1310,EA,WIP-01,WMS
IM-0004116,2025-09-02 22:12:00,P02,MAT-017,PRD-019,RM_RECEIPT,5261,EA,FG-01,WMS
IM-0004117,2025-11-03 03:32:00,P01,MAT-033,PRD-076,RM_RECEIPT,5633,EA,RM-B,WMS
IM-0004118,2026-07-07 06:11:00,P03,PRD-073,PRD-073,FG_SHIP,-596,EA,RM-A,WMS
IM-0004119,2026-07-16 23:31:00,P02,MAT-003,PRD-049,RM_RECEIPT,3151,EA,WIP-01,WMS
IM-0004120,2026-06-07 14:40:00,P01,PRD-058,PRD-058,FG_SHIP,-1306,EA,FG-01,WMS
IM-0004121,2025-12-18 21:27:00,P02,MAT-022,PRD-042,RM_ISSUE,-510,EA,WIP-01,WMS
IM-0004122,2025-09-07 14:40:00,P01,MAT-025,PRD-035,RM_ISSUE,-3063,EA,FG-01,WMS
IM-0004123,2026-07-27 00:54:00,P01,MAT-019,PRD-071,RM_RECEIPT,667,EA,WIP-01,WMS
IM-0004124,2026-04-28 01:08:00,P03,MAT-017,PRD-019,RM_RECEIPT,526,EA,RM-A,WMS
IM-0004125,2025-11-19 14:10:00,P03,PRD-078,PRD-078,FG_SHIP,-4436,EA,RM-A,WMS
IM-0004126,2025-12-23 20:51:00,P02,PRD-020,PRD-020,ADJUSTMENT,1927,EA,FG-01,WMS
IM-0004127,2025-08-05 14:57:00,P02,PRD-080,PRD-080,FG_SHIP,-2207,EA,RM-A,WMS
IM-0004128,2025-11-27 12:41:00,P02,PRD-057,PRD-057,FG_SHIP,-4286,EA,RM-B,WMS
IM-0004129,2025-09-13 00:12:00,P02,PRD-036,PRD-036,FG_SHIP,-2503,EA,RM-B,WMS
IM-0004130,2025-08-18 10:46:00,P03,MAT-030,PRD-041,RM_RECEIPT,6181,EA,FG-02,WMS
IM-0004131,2025-11-11 19:37:00,P02,MAT-015,PRD-034,RM_RECEIPT,6478,EA,WIP-01,WMS
IM-0004132,2025-11-11 12:23:00,P03,MAT-026,PRD-057,RM_RECEIPT,500,EA,RM-A,WMS
IM-0004133,2026-01-15 01:53:00,P01,PRD-011,PRD-011,FG_RECEIPT,10342,EA,WIP-01,WMS
IM-0004134,2025-10-05 20:52:00,P03,PRD-035,PRD-035,FG_SHIP,-2135,EA,RM-B,WMS
IM-0004135,2025-09-11 16:31:00,P01,MAT-012,PRD-006,RM_ISSUE,-3039,EA,RM-A,WMS
IM-0004136,2025-08-12 04:34:00,P02,MAT-001,PRD-074,RM_ISSUE,-2602,EA,FG-01,WMS
IM-0004137,2025-08-09 15:02:00,P02,PRD-012,PRD-012,FG_RECEIPT,7191,EA,WIP-01,WMS
IM-0004138,2025-12-09 01:32:00,P01,MAT-020,PRD-010,RM_RECEIPT,1640,EA,FG-01,WMS
IM-0004139,2026-06-04 02:00:00,P02,MAT-037,PRD-018,RM_ISSUE,-1275,EA,FG-01,WMS
IM-0004140,2026-06-18 10:20:00,P02,PRD-025,PRD-025,FG_SHIP,-1680,EA,FG-01,WMS
IM-0004141,2026-02-06 19:18:00,P03,PRD-054,PRD-054,ADJUSTMENT,4654,EA,WIP-01,WMS
IM-0004142,2026-06-23 14:11:00,P03,MAT-026,PRD-059,RM_RECEIPT,1586,EA,FG-01,WMS
IM-0004143,2025-12-13 19:05:00,P01,PRD-060,PRD-060,FG_RECEIPT,1609,EA,FG-01,WMS
IM-0004144,2025-12-31 11:04:00,P02,MAT-029,PRD-031,RM_RECEIPT,505,EA,WIP-01,WMS
IM-0004145,2025-12-23 12:43:00,P01,PRD-038,PRD-038,FG_RECEIPT,1160,EA,RM-B,WMS
IM-0004146,2025-10-25 02:16:00,P03,MAT-018,PRD-067,RM_ISSUE,-2169,EA,FG-01,WMS
IM-0004147,2026-03-02 05:09:00,P01,PRD-041,PRD-041,ADJUSTMENT,377,EA,FG-02,WMS
IM-0004148,2026-05-09 17:37:00,P01,MAT-018,PRD-078,RM_ISSUE,-597,EA,WIP-01,WMS
IM-0004149,2025-08-05 05:41:00,P01,MAT-023,PRD-007,RM_RECEIPT,1793,EA,WIP-01,WMS
IM-0004150,2025-10-13 02:44:00,P02,PRD-025,PRD-025,FG_SHIP,-1764,EA,FG-01,WMS
IM-0004151,2026-07-23 11:53:00,P03,PRD-033,PRD-033,FG_RECEIPT,2490,EA,RM-B,WMS
IM-0004152,2026-01-06 21:49:00,P02,PRD-028,PRD-028,FG_SHIP,-2585,EA,WIP-01,WMS
IM-0004153,2026-07-07 21:31:00,P02,PRD-071,PRD-071,FG_SHIP,-942,EA,FG-01,WMS
IM-0004154,2026-07-13 18:26:00,P01,MAT-022,PRD-042,RM_ISSUE,-5917,EA,RM-A,WMS
IM-0004155,2025-12-05 08:07:00,P02,PRD-035,PRD-035,FG_SHIP,-5669,EA,FG-02,WMS
IM-0004156,2025-09-11 11:08:00,P02,MAT-001,PRD-039,RM_RECEIPT,953,EA,FG-01,WMS
IM-0004157,2026-01-04 18:53:00,P02,MAT-001,PRD-039,RM_ISSUE,-626,EA,RM-A,WMS
IM-0004158,2026-06-22 00:48:00,P03,MAT-037,PRD-018,RM_RECEIPT,1287,EA,RM-B,WMS
IM-0004159,2026-06-27 15:59:00,P01,MAT-004,PRD-048,RM_ISSUE,-1683,EA,WIP-01,WMS
IM-0004160,2025-10-24 01:40:00,P01,MAT-037,PRD-080,RM_RECEIPT,2085,EA,WIP-01,WMS
IM-0004161,2026-02-26 10:56:00,P02,MAT-008,PRD-065,RM_ISSUE,-2686,EA,FG-01,WMS
IM-0004162,2026-03-11 07:55:00,P01,PRD-076,PRD-076,FG_SHIP,-734,EA,WIP-01,WMS
IM-0004163,2025-08-13 09:22:00,P01,PRD-009,PRD-009,FG_SHIP,-614,EA,FG-01,WMS
IM-0004164,2025-08-17 08:19:00,P03,PRD-004,PRD-004,FG_SHIP,-626,EA,FG-01,WMS
IM-0004165,2026-01-26 13:48:00,P03,PRD-065,PRD-065,FG_RECEIPT,2682,EA,FG-01,WMS
IM-0004166,2025-11-30 00:35:00,P03,PRD-055,PRD-055,FG_RECEIPT,2463,EA,RM-A,WMS
IM-0004167,2026-02-21 23:17:00,P02,MAT-033,PRD-044,RM_RECEIPT,1442,EA,WIP-01,WMS
IM-0004168,2025-12-25 12:54:00,P03,PRD-040,PRD-040,ADJUSTMENT,2644,EA,RM-A,WMS
IM-0004169,2026-01-24 05:06:00,P01,MAT-033,PRD-017,RM_ISSUE,-4014,EA,FG-02,WMS
IM-0004170,2025-12-14 11:21:00,P01,PRD-078,PRD-078,FG_RECEIPT,515,EA,FG-01,WMS
IM-0004171,2026-03-17 22:23:00,P01,PRD-016,PRD-016,FG_SHIP,-4572,EA,FG-01,WMS
IM-0004172,2025-10-14 14:24:00,P03,MAT-032,PRD-077,RM_RECEIPT,1679,EA,WIP-01,WMS
IM-0004173,2025-12-18 06:58:00,P01,PRD-032,PRD-032,FG_SHIP,-3981,EA,FG-01,WMS
IM-0004174,2025-12-02 16:57:00,P02,PRD-028,PRD-028,FG_RECEIPT,4328,EA,FG-02,WMS
IM-0004175,2025-10-18 04:58:00,P01,MAT-001,PRD-056,RM_ISSUE,-1026,EA,FG-02,WMS
IM-0004176,2026-04-20 06:52:00,P03,PRD-050,PRD-050,FG_SHIP,-1539,EA,FG-01,WMS
IM-0004177,2026-05-09 21:38:00,P02,MAT-013,PRD-075,RM_RECEIPT,5448,EA,WIP-01,WMS
IM-0004178,2025-09-26 07:02:00,P02,PRD-063,PRD-063,FG_RECEIPT,1731,EA,RM-B,WMS
IM-0004179,2026-07-01 20:23:00,P02,MAT-014,PRD-068,RM_ISSUE,-3525,EA,WIP-01,WMS
IM-0004180,2026-03-06 19:31:00,P03,PRD-001,PRD-001,FG_RECEIPT,2330,EA,WIP-01,WMS
IM-0004181,2025-11-12 03:16:00,P03,PRD-054,PRD-054,FG_SHIP,-6500,EA,RM-B,WMS
IM-0004182,2025-09-08 04:02:00,P02,PRD-049,PRD-049,FG_SHIP,-1312,EA,RM-A,WMS
IM-0004183,2025-08-22 02:04:00,P03,PRD-002,PRD-002,FG_RECEIPT,4562,EA,RM-A,WMS
IM-0004184,2025-10-27 15:14:00,P03,PRD-052,PRD-052,FG_SHIP,-4421,EA,FG-02,WMS
IM-0004185,2026-05-16 22:20:00,P01,MAT-018,PRD-026,RM_ISSUE,-1904,EA,WIP-01,WMS
IM-0004186,2026-01-03 10:22:00,P01,PRD-018,PRD-018,FG_RECEIPT,2981,EA,RM-A,WMS
IM-0004187,2025-12-28 13:14:00,P01,PRD-041,PRD-041,FG_RECEIPT,663,EA,FG-02,WMS
IM-0004188,2025-08-03 05:14:00,P02,MAT-030,PRD-064,RM_RECEIPT,5427,EA,FG-01,WMS
IM-0004189,2026-05-01 20:44:00,P01,MAT-030,PRD-060,RM_ISSUE,-2484,EA,RM-A,WMS
IM-0004190,2025-09-23 13:56:00,P03,PRD-051,PRD-051,ADJUSTMENT,2258,EA,FG-01,WMS
IM-0004191,2025-10-21 00:09:00,P01,MAT-032,PRD-015,RM_RECEIPT,1136,EA,WIP-01,WMS
IM-0004192,2026-05-15 03:33:00,P02,MAT-026,PRD-059,RM_ISSUE,-7093,EA,FG-01,WMS
IM-0004193,2025-08-07 16:08:00,P02,MAT-023,PRD-007,RM_ISSUE,-3358,EA,WIP-01,WMS
IM-0004194,2025-12-02 19:28:00,P03,MAT-031,PRD-052,RM_RECEIPT,1407,EA,RM-B,WMS
IM-0004195,2026-05-01 22:49:00,P01,MAT-003,PRD-014,RM_RECEIPT,1990,EA,FG-01,WMS
IM-0004196,2025-12-30 22:40:00,P02,MAT-012,PRD-006,RM_RECEIPT,1247,EA,FG-02,WMS
IM-0004197,2025-10-11 10:42:00,P02,MAT-004,PRD-040,RM_ISSUE,-514,EA,FG-01,WMS
IM-0004198,2026-01-17 10:28:00,P01,PRD-033,PRD-033,FG_SHIP,-2433,EA,RM-B,WMS
IM-0004199,2026-03-09 08:53:00,P01,PRD-051,PRD-051,FG_RECEIPT,1413,EA,FG-02,WMS
IM-0004200,2025-08-05 07:19:00,P01,MAT-017,PRD-079,RM_RECEIPT,3494,EA,WIP-01,WMS
IM-0004201,2025-11-03 13:49:00,P01,PRD-016,PRD-016,ADJUSTMENT,1242,EA,WIP-01,WMS
IM-0004202,2025-10-05 05:55:00,P03,PRD-020,PRD-020,FG_RECEIPT,2748,EA,WIP-01,WMS
IM-0004203,2026-07-06 01:27:00,P01,MAT-033,PRD-022,RM_ISSUE,-683,EA,FG-02,WMS
IM-0004204,2026-05-11 09:10:00,P03,MAT-018,PRD-067,RM_ISSUE,-2738,EA,WIP-01,WMS
IM-0004205,2026-01-22 06:59:00,P02,PRD-070,PRD-070,FG_SHIP,-1454,EA,WIP-01,WMS
IM-0004206,2026-03-02 10:34:00,P02,MAT-035,PRD-066,RM_ISSUE,-1307,EA,FG-02,WMS
IM-0004207,2026-02-05 04:50:00,P02,MAT-015,PRD-034,RM_RECEIPT,573,EA,RM-B,WMS
IM-0004208,2025-09-15 06:01:00,P03,MAT-012,PRD-011,RM_ISSUE,-13660,EA,WIP-01,WMS
IM-0004209,2026-03-21 13:59:00,P03,MAT-001,PRD-039,RM_ISSUE,-3826,EA,RM-A,WMS
IM-0004210,2026-02-17 01:03:00,P02,MAT-002,PRD-069,RM_RECEIPT,1193,EA,FG-02,WMS
IM-0004211,2026-07-10 20:18:00,P01,PRD-011,PRD-011,FG_RECEIPT,1179,EA,FG-02,WMS
IM-0004212,2026-05-15 07:41:00,P02,MAT-025,PRD-035,RM_RECEIPT,1349,EA,RM-A,WMS
IM-0004213,2025-08-30 17:48:00,P03,MAT-008,PRD-036,RM_RECEIPT,1318,EA,FG-01,WMS
IM-0004214,2026-01-05 19:48:00,P01,MAT-026,PRD-028,RM_RECEIPT,341,EA,RM-A,WMS
IM-0004215,2025-08-24 10:20:00,P03,MAT-002,PRD-069,RM_RECEIPT,2417,EA,RM-B,WMS
IM-0004216,2025-10-28 17:51:00,P02,PRD-071,PRD-071,FG_RECEIPT,169,EA,RM-B,WMS
IM-0004217,2026-03-16 20:22:00,P03,MAT-020,PRD-010,RM_RECEIPT,2033,EA,WIP-01,WMS
IM-0004218,2025-10-23 19:36:00,P03,PRD-067,PRD-067,FG_RECEIPT,798,EA,FG-02,WMS
IM-0004219,2025-10-23 12:21:00,P01,PRD-007,PRD-007,FG_SHIP,-1852,EA,FG-02,WMS
IM-0004220,2026-05-11 15:49:00,P01,PRD-076,PRD-076,FG_SHIP,-773,EA,FG-01,WMS
IM-0004221,2025-12-02 13:47:00,P01,PRD-005,PRD-005,FG_SHIP,-4239,EA,FG-01,WMS
IM-0004222,2026-06-05 08:52:00,P03,PRD-043,PRD-043,FG_RECEIPT,774,EA,RM-A,WMS
IM-0004223,2025-11-29 15:25:00,P01,PRD-057,PRD-057,FG_SHIP,-766,EA,FG-02,WMS
IM-0004224,2026-01-19 21:44:00,P03,MAT-018,PRD-026,RM_ISSUE,-1303,EA,WIP-01,WMS
IM-0004225,2025-10-17 04:38:00,P02,PRD-023,PRD-023,ADJUSTMENT,1273,EA,FG-01,WMS
IM-0004226,2026-05-13 04:00:00,P02,PRD-063,PRD-063,ADJUSTMENT,1502,EA,WIP-01,WMS
IM-0004227,2026-07-26 22:19:00,P01,MAT-018,PRD-026,RM_ISSUE,-2942,EA,FG-02,WMS
IM-0004228,2026-01-18 19:03:00,P03,PRD-028,PRD-028,FG_SHIP,-814,EA,FG-01,WMS
IM-0004229,2026-06-12 23:19:00,P03,MAT-029,PRD-031,RM_RECEIPT,684,EA,WIP-01,WMS
IM-0004230,2025-11-09 21:59:00,P02,PRD-069,PRD-069,ADJUSTMENT,1201,EA,RM-A,WMS
IM-0004231,2025-11-18 04:59:00,P03,PRD-016,PRD-016,FG_RECEIPT,3102,EA,FG-01,WMS
IM-0004232,2026-07-28 14:41:00,P03,MAT-018,PRD-030,RM_RECEIPT,934,EA,RM-B,WMS
IM-0004233,2025-08-05 21:13:00,P02,PRD-010,PRD-010,FG_RECEIPT,2293,EA,RM-A,WMS
IM-0004234,2026-07-20 17:49:00,P02,MAT-037,PRD-080,RM_RECEIPT,3672,EA,FG-01,WMS
IM-0004235,2025-08-17 06:48:00,P01,MAT-019,PRD-004,RM_RECEIPT,2064,EA,WIP-01,WMS
IM-0004236,2026-03-22 18:31:00,P02,MAT-024,PRD-003,RM_ISSUE,-967,EA,RM-A,WMS
IM-0004237,2025-09-07 13:21:00,P02,PRD-022,PRD-022,ADJUSTMENT,6357,EA,FG-01,WMS
IM-0004238,2025-08-19 21:19:00,P01,MAT-014,PRD-070,RM_RECEIPT,3441,EA,WIP-01,WMS
IM-0004239,2025-10-19 03:06:00,P03,MAT-016,PRD-029,RM_ISSUE,-792,EA,RM-A,WMS
IM-0004240,2025-10-24 09:06:00,P02,MAT-035,PRD-016,RM_RECEIPT,480,EA,FG-02,WMS
IM-0004241,2026-01-08 16:37:00,P03,PRD-016,PRD-016,FG_RECEIPT,1346,EA,RM-A,WMS
IM-0004242,2025-12-08 20:33:00,P01,PRD-054,PRD-054,FG_SHIP,-2336,EA,WIP-01,WMS
IM-0004243,2025-09-22 15:13:00,P02,MAT-015,PRD-034,RM_RECEIPT,2979,EA,RM-A,WMS
IM-0004244,2025-08-22 23:33:00,P01,MAT-001,PRD-074,RM_RECEIPT,1297,EA,WIP-01,WMS
IM-0004245,2026-07-03 17:44:00,P01,PRD-069,PRD-069,FG_SHIP,-1338,EA,FG-01,WMS
IM-0004246,2026-04-08 00:32:00,P01,PRD-020,PRD-020,FG_SHIP,-6957,EA,FG-02,WMS
IM-0004247,2026-01-24 02:14:00,P01,PRD-036,PRD-036,FG_RECEIPT,2914,EA,RM-A,WMS
IM-0004248,2026-02-22 05:35:00,P02,MAT-005,PRD-021,RM_ISSUE,-2854,EA,RM-A,WMS
IM-0004249,2026-01-25 22:24:00,P01,PRD-042,PRD-042,FG_SHIP,-19637,EA,FG-01,WMS
IM-0004250,2025-10-11 22:29:00,P03,MAT-030,PRD-012,RM_RECEIPT,1512,EA,RM-A,WMS
IM-0004251,2025-11-22 16:38:00,P03,MAT-033,PRD-076,RM_ISSUE,-8958,EA,WIP-01,WMS
IM-0004252,2026-07-29 08:44:00,P01,MAT-032,PRD-077,RM_RECEIPT,987,EA,WIP-01,WMS
IM-0004253,2026-05-14 09:56:00,P02,MAT-030,PRD-062,RM_ISSUE,-1795,EA,RM-B,WMS
IM-0004254,2026-01-01 20:41:00,P02,PRD-009,PRD-009,FG_SHIP,-1473,EA,FG-02,WMS
IM-0004255,2026-07-24 07:42:00,P01,PRD-038,PRD-038,FG_RECEIPT,3348,EA,FG-02,WMS
IM-0004256,2026-02-23 21:37:00,P03,PRD-079,PRD-079,FG_RECEIPT,1324,EA,RM-B,WMS
IM-0004257,2025-09-20 22:52:00,P02,MAT-027,PRD-061,RM_RECEIPT,3048,EA,FG-02,WMS
IM-0004258,2026-05-03 06:12:00,P01,MAT-025,PRD-035,RM_ISSUE,-1377,EA,RM-B,WMS
IM-0004259,2026-04-22 03:01:00,P02,PRD-051,PRD-051,FG_RECEIPT,1941,EA,WIP-01,WMS
IM-0004260,2026-04-16 22:02:00,P01,MAT-001,PRD-074,RM_ISSUE,-2574,EA,RM-A,WMS
IM-0004261,2026-02-05 03:50:00,P01,PRD-013,PRD-013,FG_RECEIPT,2060,EA,FG-01,WMS
IM-0004262,2025-12-28 22:12:00,P01,PRD-019,PRD-019,FG_RECEIPT,1165,EA,FG-02,WMS
IM-0004263,2026-07-08 06:15:00,P01,MAT-010,PRD-063,RM_RECEIPT,943,EA,FG-02,WMS
IM-0004264,2025-09-25 09:35:00,P02,PRD-062,PRD-062,FG_SHIP,-939,EA,FG-01,WMS
IM-0004265,2025-11-25 03:07:00,P01,PRD-066,PRD-066,FG_SHIP,-2591,EA,FG-02,WMS
IM-0004266,2025-10-14 12:44:00,P03,MAT-015,PRD-034,RM_ISSUE,-6941,EA,RM-A,WMS
IM-0004267,2025-11-12 00:13:00,P02,MAT-030,PRD-009,RM_ISSUE,-2044,EA,FG-02,WMS
IM-0004268,2025-08-18 18:44:00,P03,PRD-028,PRD-028,FG_SHIP,-6837,EA,FG-01,WMS
IM-0004269,2026-04-30 17:49:00,P01,PRD-005,PRD-005,FG_RECEIPT,1955,EA,RM-A,WMS
IM-0004270,2026-01-30 18:59:00,P02,PRD-080,PRD-080,FG_RECEIPT,1125,EA,FG-02,WMS
IM-0004271,2025-12-21 11:17:00,P02,PRD-063,PRD-063,FG_RECEIPT,551,EA,RM-A,WMS
IM-0004272,2026-02-12 07:55:00,P02,MAT-033,PRD-022,RM_ISSUE,-2806,EA,RM-A,WMS
IM-0004273,2026-05-15 09:51:00,P01,PRD-050,PRD-050,FG_SHIP,-6380,EA,RM-B,WMS
IM-0004274,2025-12-30 10:09:00,P01,PRD-068,PRD-068,FG_RECEIPT,4999,EA,FG-02,WMS
IM-0004275,2025-09-06 17:04:00,P02,MAT-026,PRD-057,RM_ISSUE,-1575,EA,WIP-01,WMS
IM-0004276,2025-08-28 01:34:00,P03,PRD-023,PRD-023,FG_RECEIPT,1619,EA,RM-A,WMS
IM-0004277,2026-07-22 14:44:00,P01,PRD-052,PRD-052,FG_RECEIPT,3665,EA,FG-02,WMS
IM-0004278,2026-02-25 21:41:00,P03,MAT-035,PRD-066,RM_ISSUE,-1777,EA,FG-01,WMS
IM-0004279,2026-07-10 10:05:00,P01,PRD-027,PRD-027,FG_SHIP,-2524,EA,FG-01,WMS
IM-0004280,2026-02-26 01:08:00,P02,MAT-033,PRD-017,RM_ISSUE,-637,EA,FG-01,WMS
IM-0004281,2026-03-11 16:46:00,P03,PRD-046,PRD-046,FG_RECEIPT,1005,EA,RM-A,WMS
IM-0004282,2026-02-09 16:39:00,P01,MAT-001,PRD-074,RM_RECEIPT,5312,EA,FG-01,WMS
IM-0004283,2025-10-27 16:10:00,P03,PRD-017,PRD-017,FG_SHIP,-3973,EA,WIP-01,WMS
IM-0004284,2026-07-21 02:04:00,P02,PRD-072,PRD-072,FG_SHIP,-1529,EA,RM-A,WMS
IM-0004285,2025-12-20 07:20:00,P02,MAT-018,PRD-026,RM_ISSUE,-877,EA,RM-B,WMS
IM-0004286,2025-09-06 00:00:00,P03,PRD-078,PRD-078,FG_RECEIPT,1359,EA,WIP-01,WMS
IM-0004287,2026-01-06 08:27:00,P02,MAT-003,PRD-014,RM_ISSUE,-4026,EA,RM-A,WMS
IM-0004288,2026-05-10 18:47:00,P01,MAT-022,PRD-023,RM_RECEIPT,2615,EA,WIP-01,WMS
IM-0004289,2025-09-14 08:10:00,P02,PRD-013,PRD-013,ADJUSTMENT,7159,EA,RM-B,WMS
IM-0004290,2026-03-07 00:09:00,P03,MAT-015,PRD-034,RM_RECEIPT,1466,EA,RM-B,WMS
IM-0004291,2026-03-07 08:57:00,P03,MAT-012,PRD-006,RM_RECEIPT,468,EA,WIP-01,WMS
IM-0004292,2026-03-30 03:08:00,P02,MAT-006,PRD-001,RM_RECEIPT,1916,EA,FG-02,WMS
IM-0004293,2026-06-08 05:12:00,P01,PRD-075,PRD-075,FG_RECEIPT,1290,EA,FG-02,WMS
IM-0004294,2026-01-28 06:18:00,P01,MAT-017,PRD-019,RM_RECEIPT,907,EA,RM-B,WMS
IM-0004295,2026-03-20 18:21:00,P03,PRD-016,PRD-016,FG_RECEIPT,4142,EA,FG-01,WMS
IM-0004296,2026-04-18 11:12:00,P01,MAT-037,PRD-051,RM_ISSUE,-1515,EA,FG-02,WMS
IM-0004297,2025-08-25 23:13:00,P02,MAT-005,PRD-024,RM_RECEIPT,2253,EA,FG-01,WMS
IM-0004298,2026-07-13 11:09:00,P02,MAT-015,PRD-034,RM_ISSUE,-741,EA,FG-02,WMS
IM-0004299,2025-08-15 20:11:00,P01,MAT-029,PRD-045,RM_RECEIPT,1443,EA,RM-A,WMS
IM-0004300,2026-03-26 06:04:00,P02,PRD-067,PRD-067,FG_SHIP,-1454,EA,WIP-01,WMS
IM-0004301,2025-09-23 04:44:00,P01,PRD-025,PRD-025,FG_RECEIPT,2071,EA,WIP-01,WMS
IM-0004302,2025-11-25 13:28:00,P02,PRD-026,PRD-026,FG_RECEIPT,728,EA,FG-01,WMS
IM-0004303,2026-02-02 06:17:00,P03,MAT-008,PRD-036,RM_RECEIPT,1650,EA,FG-01,WMS
IM-0004304,2025-09-11 04:35:00,P03,MAT-030,PRD-009,RM_RECEIPT,1512,EA,RM-A,WMS
IM-0004305,2026-03-23 00:36:00,P02,MAT-014,PRD-070,RM_RECEIPT,1400,EA,RM-A,WMS
IM-0004306,2026-05-28 23:13:00,P02,PRD-030,PRD-030,FG_RECEIPT,2663,EA,RM-B,WMS
IM-0004307,2026-07-16 10:35:00,P01,MAT-012,PRD-011,RM_RECEIPT,2394,EA,RM-A,WMS
IM-0004308,2025-10-03 14:31:00,P02,MAT-030,PRD-009,RM_RECEIPT,5089,EA,WIP-01,WMS
IM-0004309,2025-12-03 00:59:00,P02,MAT-031,PRD-008,RM_ISSUE,-3045,EA,RM-A,WMS
IM-0004310,2025-11-05 16:19:00,P01,PRD-041,PRD-041,FG_SHIP,-452,EA,FG-01,WMS
IM-0004311,2025-10-30 07:17:00,P03,MAT-005,PRD-021,RM_RECEIPT,3506,EA,WIP-01,WMS
IM-0004312,2026-07-02 08:02:00,P03,MAT-018,PRD-067,RM_RECEIPT,564,EA,FG-02,WMS
IM-0004313,2025-08-03 07:03:00,P01,MAT-010,PRD-037,RM_RECEIPT,3684,EA,FG-01,WMS
IM-0004314,2026-05-31 20:19:00,P03,PRD-055,PRD-055,FG_SHIP,-1036,EA,RM-B,WMS
IM-0004315,2026-01-26 23:16:00,P03,MAT-022,PRD-073,RM_RECEIPT,4532,EA,RM-B,WMS
IM-0004316,2026-02-20 01:02:00,P03,PRD-040,PRD-040,FG_RECEIPT,854,EA,RM-A,WMS
IM-0004317,2026-02-01 18:27:00,P03,PRD-007,PRD-007,ADJUSTMENT,2968,EA,WIP-01,WMS
IM-0004318,2025-09-13 13:10:00,P02,MAT-030,PRD-041,RM_ISSUE,-432,EA,WIP-01,WMS
IM-0004319,2026-04-24 16:20:00,P01,MAT-022,PRD-047,RM_RECEIPT,2052,EA,RM-A,WMS
IM-0004320,2026-01-12 00:39:00,P03,PRD-035,PRD-035,FG_SHIP,-2877,EA,RM-B,WMS
IM-0004321,2025-09-23 01:56:00,P01,PRD-020,PRD-020,FG_SHIP,-797,EA,RM-B,WMS
IM-0004322,2026-07-17 19:10:00,P03,MAT-031,PRD-052,RM_RECEIPT,3048,EA,RM-B,WMS
IM-0004323,2025-12-20 15:53:00,P02,MAT-019,PRD-071,RM_ISSUE,-1628,EA,FG-01,WMS
IM-0004324,2026-01-27 13:29:00,P03,MAT-035,PRD-066,RM_ISSUE,-1127,EA,RM-B,WMS
IM-0004325,2026-03-18 17:33:00,P03,MAT-007,PRD-055,RM_RECEIPT,5398,EA,RM-A,WMS
IM-0004326,2026-06-02 22:21:00,P02,PRD-006,PRD-006,FG_SHIP,-4661,EA,FG-02,WMS
IM-0004327,2026-03-31 13:51:00,P02,PRD-031,PRD-031,FG_RECEIPT,993,EA,FG-01,WMS
IM-0004328,2025-08-30 10:07:00,P02,MAT-018,PRD-002,RM_ISSUE,-2534,EA,FG-02,WMS
IM-0004329,2026-01-29 02:02:00,P02,PRD-032,PRD-032,FG_SHIP,-1884,EA,WIP-01,WMS
IM-0004330,2026-06-05 21:19:00,P01,PRD-001,PRD-001,FG_SHIP,-668,EA,WIP-01,WMS
IM-0004331,2026-03-22 16:40:00,P02,MAT-004,PRD-040,RM_ISSUE,-11603,EA,WIP-01,WMS
IM-0004332,2025-10-02 20:09:00,P02,PRD-067,PRD-067,FG_SHIP,-923,EA,FG-01,WMS
IM-0004333,2026-02-02 03:34:00,P01,PRD-041,PRD-041,FG_RECEIPT,6441,EA,FG-02,WMS
IM-0004334,2026-07-20 15:28:00,P01,MAT-037,PRD-080,RM_ISSUE,-26109,EA,WIP-01,WMS
IM-0004335,2026-04-29 20:00:00,P03,MAT-031,PRD-052,RM_RECEIPT,545,EA,FG-02,WMS
IM-0004336,2026-03-16 18:21:00,P01,MAT-019,PRD-071,RM_RECEIPT,1881,EA,RM-B,WMS
IM-0004337,2026-03-08 13:30:00,P01,MAT-001,PRD-056,RM_RECEIPT,3373,EA,FG-02,WMS
IM-0004338,2025-08-21 06:38:00,P03,MAT-029,PRD-031,RM_RECEIPT,967,EA,FG-02,WMS
IM-0004339,2026-05-26 11:44:00,P02,PRD-019,PRD-019,FG_SHIP,-1106,EA,FG-02,WMS
IM-0004340,2026-06-17 11:52:00,P03,PRD-058,PRD-058,ADJUSTMENT,1347,EA,FG-01,WMS
IM-0004341,2026-03-19 02:11:00,P02,MAT-032,PRD-038,RM_ISSUE,-4553,EA,FG-02,WMS
IM-0004342,2026-03-28 15:40:00,P02,MAT-004,PRD-048,RM_RECEIPT,1522,EA,WIP-01,WMS
IM-0004343,2025-12-10 20:40:00,P03,MAT-026,PRD-059,RM_RECEIPT,1373,EA,FG-02,WMS
IM-0004344,2026-07-09 09:36:00,P03,MAT-020,PRD-010,RM_RECEIPT,1309,EA,FG-02,WMS
IM-0004345,2025-10-16 12:08:00,P02,PRD-077,PRD-077,FG_SHIP,-1719,EA,FG-02,WMS
IM-0004346,2025-08-22 05:34:00,P01,PRD-011,PRD-011,FG_SHIP,-458,EA,FG-02,WMS
IM-0004347,2025-10-28 05:40:00,P01,MAT-026,PRD-059,RM_RECEIPT,1962,EA,WIP-01,WMS
IM-0004348,2026-03-26 03:48:00,P02,PRD-077,PRD-077,FG_SHIP,-10814,EA,RM-A,WMS
IM-0004349,2026-05-15 19:54:00,P01,MAT-036,PRD-020,RM_RECEIPT,2464,EA,FG-01,WMS
IM-0004350,2026-05-12 10:27:00,P02,MAT-024,PRD-003,RM_ISSUE,-6016,EA,RM-B,WMS
IM-0004351,2026-07-30 10:15:00,P01,PRD-036,PRD-036,FG_RECEIPT,2301,EA,RM-A,WMS
IM-0004352,2026-06-11 14:59:00,P02,PRD-075,PRD-075,FG_SHIP,-9064,EA,RM-B,WMS
IM-0004353,2026-06-23 14:31:00,P01,MAT-018,PRD-078,RM_RECEIPT,1477,EA,FG-01,WMS
IM-0004354,2025-09-23 09:22:00,P01,MAT-037,PRD-080,RM_ISSUE,-3937,EA,RM-B,WMS
IM-0004355,2026-04-02 03:57:00,P03,PRD-036,PRD-036,FG_SHIP,-563,EA,FG-01,WMS
IM-0004356,2026-03-19 07:37:00,P03,MAT-032,PRD-015,RM_RECEIPT,8836,EA,FG-01,WMS
IM-0004357,2026-07-06 13:47:00,P01,MAT-003,PRD-014,RM_ISSUE,-982,EA,RM-B,WMS
IM-0004358,2025-09-01 11:32:00,P01,PRD-035,PRD-035,FG_RECEIPT,1913,EA,FG-02,WMS
IM-0004359,2026-05-16 12:29:00,P02,MAT-030,PRD-009,RM_RECEIPT,889,EA,FG-01,WMS
IM-0004360,2026-06-21 05:05:00,P03,PRD-060,PRD-060,FG_RECEIPT,3908,EA,FG-02,WMS
IM-0004361,2026-04-08 05:25:00,P01,PRD-008,PRD-008,FG_SHIP,-817,EA,FG-02,WMS
IM-0004362,2026-03-21 04:04:00,P01,MAT-008,PRD-065,RM_ISSUE,-3316,EA,RM-A,WMS
IM-0004363,2026-03-01 08:54:00,P01,PRD-013,PRD-013,ADJUSTMENT,12760,EA,WIP-01,WMS
IM-0004364,2025-09-30 17:45:00,P02,PRD-020,PRD-020,FG_SHIP,-2901,EA,WIP-01,WMS
IM-0004365,2026-05-14 03:21:00,P01,PRD-036,PRD-036,FG_SHIP,-4189,EA,RM-A,WMS
IM-0004366,2025-12-04 18:55:00,P02,MAT-035,PRD-053,RM_ISSUE,-6314,EA,FG-01,WMS
IM-0004367,2026-07-04 02:57:00,P03,MAT-030,PRD-062,RM_ISSUE,-435,EA,RM-A,WMS
IM-0004368,2026-04-20 16:43:00,P03,PRD-018,PRD-018,FG_RECEIPT,2060,EA,FG-01,WMS
IM-0004369,2025-08-21 00:17:00,P02,PRD-055,PRD-055,FG_SHIP,-2663,EA,WIP-01,WMS
IM-0004370,2026-06-07 10:49:00,P01,MAT-019,PRD-004,RM_RECEIPT,1386,EA,FG-02,WMS
IM-0004371,2026-01-12 12:24:00,P03,MAT-037,PRD-018,RM_RECEIPT,773,EA,FG-01,WMS
IM-0004372,2025-12-12 10:39:00,P03,MAT-013,PRD-075,RM_ISSUE,-605,EA,FG-01,WMS
IM-0004373,2026-02-24 10:41:00,P02,PRD-058,PRD-058,FG_RECEIPT,3094,EA,RM-A,WMS
IM-0004374,2026-05-20 05:50:00,P03,MAT-030,PRD-009,RM_ISSUE,-5294,EA,WIP-01,WMS
IM-0004375,2026-04-22 05:41:00,P01,PRD-050,PRD-050,FG_RECEIPT,3935,EA,RM-B,WMS
IM-0004376,2025-09-01 02:30:00,P01,MAT-018,PRD-078,RM_ISSUE,-3735,EA,RM-A,WMS
IM-0004377,2026-05-03 22:13:00,P02,MAT-026,PRD-059,RM_ISSUE,-6169,EA,WIP-01,WMS
IM-0004378,2026-06-10 05:20:00,P02,MAT-031,PRD-008,RM_ISSUE,-632,EA,WIP-01,WMS
IM-0004379,2025-08-01 15:39:00,P02,MAT-035,PRD-053,RM_RECEIPT,4625,EA,RM-B,WMS
IM-0004380,2026-04-24 23:50:00,P02,MAT-037,PRD-051,RM_ISSUE,-1352,EA,RM-B,WMS
IM-0004381,2025-12-15 09:03:00,P01,PRD-037,PRD-037,FG_SHIP,-848,EA,RM-A,WMS
IM-0004382,2026-07-04 03:16:00,P02,PRD-072,PRD-072,FG_SHIP,-1944,EA,FG-01,WMS
IM-0004383,2025-10-28 11:56:00,P03,MAT-018,PRD-067,RM_RECEIPT,6611,EA,WIP-01,WMS
IM-0004384,2026-01-26 09:42:00,P02,PRD-039,PRD-039,FG_RECEIPT,1323,EA,FG-01,WMS
IM-0004385,2026-05-01 18:41:00,P01,MAT-010,PRD-063,RM_ISSUE,-9320,EA,RM-B,WMS
IM-0004386,2026-04-05 17:59:00,P03,MAT-030,PRD-064,RM_ISSUE,-2240,EA,FG-01,WMS
IM-0004387,2025-09-12 16:31:00,P02,MAT-030,PRD-060,RM_RECEIPT,1650,EA,RM-B,WMS
IM-0004388,2026-04-20 14:06:00,P03,PRD-037,PRD-037,FG_SHIP,-1048,EA,RM-B,WMS
IM-0004389,2026-07-16 15:01:00,P02,MAT-026,PRD-057,RM_RECEIPT,2826,EA,FG-02,WMS
IM-0004390,2025-10-11 13:51:00,P03,PRD-046,PRD-046,FG_RECEIPT,1454,EA,RM-B,WMS
IM-0004391,2025-10-24 15:04:00,P02,MAT-015,PRD-025,RM_RECEIPT,3012,EA,RM-B,WMS
IM-0004392,2025-09-26 12:14:00,P02,PRD-046,PRD-046,FG_SHIP,-1709,EA,WIP-01,WMS
IM-0004393,2026-07-08 19:24:00,P02,MAT-030,PRD-062,RM_ISSUE,-1449,EA,FG-02,WMS
IM-0004394,2026-01-12 22:57:00,P02,PRD-039,PRD-039,FG_SHIP,-1343,EA,WIP-01,WMS
IM-0004395,2025-12-03 00:56:00,P01,MAT-037,PRD-018,RM_ISSUE,-1428,EA,RM-A,WMS
IM-0004396,2026-03-07 11:41:00,P01,PRD-067,PRD-067,FG_SHIP,-942,EA,FG-02,WMS
IM-0004397,2026-06-09 00:16:00,P01,MAT-024,PRD-003,RM_RECEIPT,2744,EA,FG-02,WMS
IM-0004398,2026-06-17 11:55:00,P02,MAT-010,PRD-037,RM_RECEIPT,560,EA,WIP-01,WMS
IM-0004399,2025-10-18 17:07:00,P02,PRD-065,PRD-065,FG_SHIP,-2188,EA,RM-A,WMS
IM-0004400,2026-07-07 02:11:00,P01,MAT-003,PRD-014,RM_RECEIPT,1293,EA,WIP-01,WMS
IM-0004401,2026-01-28 14:32:00,P02,MAT-013,PRD-075,RM_ISSUE,-7312,EA,FG-02,WMS
IM-0004402,2025-10-04 19:24:00,P03,PRD-065,PRD-065,FG_RECEIPT,4262,EA,FG-01,WMS
IM-0004403,2025-09-13 07:17:00,P03,PRD-057,PRD-057,FG_SHIP,-1382,EA,RM-A,WMS
IM-0004404,2025-12-25 23:25:00,P02,PRD-030,PRD-030,FG_SHIP,-782,EA,FG-02,WMS
IM-0004405,2026-01-22 17:06:00,P01,MAT-010,PRD-027,RM_RECEIPT,1732,EA,RM-A,WMS
IM-0004406,2026-05-18 07:33:00,P03,PRD-019,PRD-019,ADJUSTMENT,2117,EA,WIP-01,WMS
IM-0004407,2026-01-20 01:25:00,P01,PRD-029,PRD-029,FG_SHIP,-8673,EA,RM-B,WMS
IM-0004408,2025-08-04 11:14:00,P01,PRD-029,PRD-029,FG_SHIP,-1544,EA,FG-01,WMS
IM-0004409,2026-04-22 16:53:00,P02,MAT-015,PRD-034,RM_RECEIPT,2148,EA,FG-02,WMS
IM-0004410,2026-05-09 08:26:00,P03,MAT-018,PRD-054,RM_RECEIPT,726,EA,WIP-01,WMS
IM-0004411,2026-02-14 08:05:00,P01,PRD-025,PRD-025,FG_RECEIPT,3624,EA,RM-A,WMS
IM-0004412,2026-01-11 04:50:00,P01,MAT-032,PRD-077,RM_ISSUE,-795,EA,FG-01,WMS
IM-0004413,2025-11-01 09:43:00,P01,PRD-001,PRD-001,ADJUSTMENT,2471,EA,FG-01,WMS
IM-0004414,2026-05-02 10:55:00,P02,PRD-047,PRD-047,FG_RECEIPT,1419,EA,RM-A,WMS
IM-0004415,2026-07-07 16:47:00,P01,PRD-080,PRD-080,FG_RECEIPT,4328,EA,RM-A,WMS
IM-0004416,2025-12-19 14:24:00,P01,PRD-011,PRD-011,FG_RECEIPT,1047,EA,FG-01,WMS
IM-0004417,2026-04-11 23:39:00,P01,PRD-050,PRD-050,FG_RECEIPT,1595,EA,RM-A,WMS
IM-0004418,2025-11-26 17:56:00,P01,MAT-026,PRD-046,RM_ISSUE,-3338,EA,FG-02,WMS
IM-0004419,2025-09-13 03:41:00,P03,PRD-035,PRD-035,FG_SHIP,-368,EA,FG-01,WMS
IM-0004420,2026-06-07 17:00:00,P01,PRD-075,PRD-075,FG_RECEIPT,2886,EA,WIP-01,WMS
IM-0004421,2025-11-26 01:03:00,P01,PRD-028,PRD-028,FG_RECEIPT,4044,EA,FG-01,WMS
IM-0004422,2025-09-05 20:42:00,P01,PRD-064,PRD-064,FG_SHIP,-8345,EA,FG-01,WMS
IM-0004423,2025-09-29 07:03:00,P01,MAT-030,PRD-064,RM_ISSUE,-2208,EA,RM-B,WMS
IM-0004424,2026-07-23 11:43:00,P02,MAT-027,PRD-061,RM_RECEIPT,2014,EA,FG-01,WMS
IM-0004425,2025-12-07 01:08:00,P03,PRD-080,PRD-080,FG_RECEIPT,728,EA,RM-A,WMS
IM-0004426,2025-12-10 13:08:00,P01,MAT-024,PRD-013,RM_ISSUE,-928,EA,FG-01,WMS
IM-0004427,2025-09-10 21:17:00,P01,MAT-018,PRD-002,RM_ISSUE,-1111,EA,RM-A,WMS
IM-0004428,2025-10-15 12:00:00,P03,MAT-031,PRD-043,RM_RECEIPT,2302,EA,FG-02,WMS
IM-0004429,2025-12-01 21:26:00,P03,MAT-005,PRD-033,RM_RECEIPT,1902,EA,RM-B,WMS
IM-0004430,2025-12-27 11:58:00,P02,MAT-001,PRD-074,RM_RECEIPT,2321,EA,FG-01,WMS
IM-0004431,2026-05-10 03:18:00,P03,PRD-052,PRD-052,FG_RECEIPT,3168,EA,FG-02,WMS
IM-0004432,2025-10-06 08:14:00,P02,MAT-002,PRD-069,RM_RECEIPT,2875,EA,RM-B,WMS
IM-0004433,2026-06-13 00:38:00,P02,PRD-070,PRD-070,FG_RECEIPT,2283,EA,RM-B,WMS
IM-0004434,2025-08-02 21:55:00,P02,MAT-037,PRD-080,RM_RECEIPT,7515,EA,FG-01,WMS
IM-0004435,2026-04-21 14:58:00,P02,PRD-004,PRD-004,FG_SHIP,-5626,EA,FG-01,WMS
IM-0004436,2026-05-12 18:42:00,P01,PRD-049,PRD-049,FG_SHIP,-7374,EA,FG-01,WMS
IM-0004437,2026-02-21 15:19:00,P03,PRD-010,PRD-010,FG_SHIP,-1748,EA,RM-A,WMS
IM-0004438,2025-10-31 08:35:00,P03,PRD-077,PRD-077,FG_RECEIPT,403,EA,RM-A,WMS
IM-0004439,2026-05-08 05:20:00,P03,PRD-042,PRD-042,FG_SHIP,-3483,EA,FG-01,WMS
IM-0004440,2026-03-12 11:54:00,P02,PRD-032,PRD-032,FG_SHIP,-3692,EA,RM-B,WMS
IM-0004441,2026-03-25 13:23:00,P03,MAT-005,PRD-033,RM_RECEIPT,930,EA,FG-01,WMS
IM-0004442,2026-01-25 11:22:00,P01,MAT-010,PRD-027,RM_RECEIPT,1579,EA,RM-A,WMS
IM-0004443,2025-12-07 07:09:00,P02,PRD-028,PRD-028,FG_RECEIPT,1695,EA,RM-B,WMS
IM-0004444,2025-08-17 04:02:00,P02,PRD-073,PRD-073,FG_SHIP,-718,EA,RM-B,WMS
IM-0004445,2025-11-16 13:31:00,P03,PRD-017,PRD-017,FG_RECEIPT,3572,EA,FG-01,WMS
IM-0004446,2025-08-27 05:34:00,P02,PRD-036,PRD-036,FG_SHIP,-500,EA,FG-01,WMS
IM-0004447,2026-04-28 23:40:00,P02,PRD-070,PRD-070,FG_SHIP,-3614,EA,RM-A,WMS
IM-0004448,2026-04-22 15:48:00,P01,PRD-007,PRD-007,FG_RECEIPT,2500,EA,WIP-01,WMS
IM-0004449,2025-09-12 13:33:00,P03,PRD-055,PRD-055,FG_SHIP,-4806,EA,FG-01,WMS
IM-0004450,2026-07-22 22:35:00,P01,PRD-072,PRD-072,FG_RECEIPT,5807,EA,RM-B,WMS
IM-0004451,2025-08-09 19:25:00,P03,MAT-019,PRD-071,RM_RECEIPT,1651,EA,RM-A,WMS
IM-0004452,2025-09-03 15:55:00,P01,PRD-033,PRD-033,FG_RECEIPT,2846,EA,RM-B,WMS
IM-0004453,2026-06-28 04:02:00,P03,MAT-033,PRD-022,RM_ISSUE,-385,EA,FG-01,WMS
IM-0004454,2025-11-14 13:17:00,P01,PRD-029,PRD-029,FG_RECEIPT,3300,EA,RM-A,WMS
IM-0004455,2025-12-12 00:21:00,P03,PRD-073,PRD-073,FG_SHIP,-2361,EA,RM-B,WMS
IM-0004456,2025-08-18 22:13:00,P01,PRD-023,PRD-023,FG_SHIP,-1655,EA,RM-A,WMS
IM-0004457,2025-12-24 17:32:00,P03,PRD-057,PRD-057,FG_RECEIPT,1442,EA,FG-01,WMS
IM-0004458,2026-06-12 05:23:00,P02,MAT-037,PRD-051,RM_RECEIPT,647,EA,FG-01,WMS
IM-0004459,2026-04-29 01:50:00,P01,MAT-019,PRD-071,RM_RECEIPT,7784,EA,FG-02,WMS
IM-0004460,2025-09-19 07:31:00,P02,PRD-015,PRD-015,ADJUSTMENT,4642,EA,RM-A,WMS
IM-0004461,2026-05-30 16:46:00,P02,MAT-015,PRD-034,RM_RECEIPT,1154,EA,FG-01,WMS
IM-0004462,2026-05-28 07:05:00,P02,MAT-012,PRD-011,RM_ISSUE,-3827,EA,FG-01,WMS
IM-0004463,2026-06-23 08:36:00,P02,MAT-032,PRD-077,RM_ISSUE,-8092,EA,WIP-01,WMS
IM-0004464,2026-07-03 00:55:00,P02,MAT-036,PRD-020,RM_ISSUE,-2981,EA,FG-01,WMS
IM-0004465,2026-01-07 02:42:00,P03,MAT-031,PRD-043,RM_RECEIPT,1040,EA,FG-01,WMS
IM-0004466,2025-09-11 04:51:00,P01,PRD-068,PRD-068,FG_RECEIPT,865,EA,FG-02,WMS
IM-0004467,2026-07-05 08:51:00,P03,MAT-006,PRD-001,RM_RECEIPT,6797,EA,FG-01,WMS
IM-0004468,2026-07-09 22:04:00,P01,MAT-010,PRD-037,RM_RECEIPT,945,EA,WIP-01,WMS
IM-0004469,2026-03-18 05:07:00,P03,MAT-022,PRD-047,RM_RECEIPT,5788,EA,FG-01,WMS
IM-0004470,2025-08-19 12:24:00,P03,MAT-030,PRD-012,RM_ISSUE,-5413,EA,FG-01,WMS
IM-0004471,2026-05-17 15:50:00,P01,PRD-025,PRD-025,FG_RECEIPT,5700,EA,RM-A,WMS
IM-0004472,2026-06-25 12:40:00,P02,MAT-007,PRD-055,RM_ISSUE,-1379,EA,RM-A,WMS
IM-0004473,2026-01-26 16:45:00,P01,PRD-030,PRD-030,ADJUSTMENT,2818,EA,FG-02,WMS
IM-0004474,2026-04-12 19:38:00,P03,PRD-009,PRD-009,FG_RECEIPT,1543,EA,WIP-01,WMS
IM-0004475,2025-10-26 19:26:00,P03,PRD-049,PRD-049,FG_RECEIPT,3469,EA,WIP-01,WMS
IM-0004476,2026-02-24 21:30:00,P02,MAT-022,PRD-073,RM_ISSUE,-1231,EA,RM-B,WMS
IM-0004477,2025-10-30 11:22:00,P03,PRD-027,PRD-027,FG_RECEIPT,1675,EA,RM-A,WMS
IM-0004478,2025-09-16 04:22:00,P03,PRD-022,PRD-022,FG_RECEIPT,2646,EA,FG-01,WMS
IM-0004479,2025-11-04 02:07:00,P01,MAT-012,PRD-011,RM_ISSUE,-8471,EA,RM-B,WMS
IM-0004480,2026-01-01 14:18:00,P01,MAT-012,PRD-011,RM_RECEIPT,4182,EA,FG-01,WMS
IM-0004481,2026-01-21 08:30:00,P02,PRD-005,PRD-005,FG_RECEIPT,441,EA,WIP-01,WMS
IM-0004482,2025-10-26 22:24:00,P01,PRD-059,PRD-059,FG_SHIP,-2055,EA,FG-01,WMS
IM-0004483,2026-04-17 00:28:00,P02,PRD-022,PRD-022,FG_SHIP,-927,EA,RM-B,WMS
IM-0004484,2026-07-20 18:13:00,P02,PRD-033,PRD-033,FG_SHIP,-3481,EA,RM-A,WMS
IM-0004485,2025-10-08 09:28:00,P01,PRD-053,PRD-053,FG_RECEIPT,5648,EA,RM-A,WMS
IM-0004486,2026-01-02 22:47:00,P01,PRD-043,PRD-043,FG_SHIP,-2550,EA,RM-A,WMS
IM-0004487,2025-09-16 03:28:00,P03,PRD-055,PRD-055,FG_SHIP,-7150,EA,WIP-01,WMS
IM-0004488,2025-09-29 17:18:00,P02,MAT-032,PRD-015,RM_RECEIPT,2514,EA,RM-B,WMS
IM-0004489,2026-06-27 17:51:00,P02,PRD-073,PRD-073,ADJUSTMENT,3721,EA,RM-A,WMS
IM-0004490,2026-07-03 11:17:00,P03,MAT-033,PRD-017,RM_RECEIPT,1173,EA,FG-02,WMS
IM-0004491,2026-04-24 14:21:00,P03,PRD-041,PRD-041,FG_RECEIPT,967,EA,FG-02,WMS
IM-0004492,2025-09-06 23:50:00,P02,PRD-031,PRD-031,FG_RECEIPT,3448,EA,RM-B,WMS
IM-0004493,2026-05-25 10:13:00,P02,PRD-052,PRD-052,FG_SHIP,-1365,EA,FG-01,WMS
IM-0004494,2026-04-13 19:13:00,P02,PRD-041,PRD-041,FG_RECEIPT,4401,EA,FG-01,WMS
IM-0004495,2026-01-29 03:43:00,P03,MAT-012,PRD-006,RM_ISSUE,-6585,EA,FG-02,WMS
IM-0004496,2026-02-25 18:50:00,P03,PRD-020,PRD-020,ADJUSTMENT,3778,EA,WIP-01,WMS
IM-0004497,2026-06-20 06:34:00,P01,MAT-018,PRD-067,RM_ISSUE,-960,EA,FG-02,WMS
IM-0004498,2026-01-28 11:37:00,P03,PRD-069,PRD-069,FG_SHIP,-3417,EA,FG-01,WMS
IM-0004499,2026-01-16 23:51:00,P02,MAT-026,PRD-046,RM_ISSUE,-1341,EA,FG-02,WMS
IM-0004500,2026-01-23 09:33:00,P01,MAT-016,PRD-029,RM_RECEIPT,1442,EA,FG-02,WMS
IM-0004501,2025-12-06 12:58:00,P02,MAT-002,PRD-069,RM_ISSUE,-264,EA,RM-A,WMS
IM-0004502,2025-09-17 16:31:00,P03,MAT-005,PRD-021,RM_RECEIPT,5037,EA,WIP-01,WMS
IM-0004503,2025-11-10 11:34:00,P02,MAT-024,PRD-003,RM_RECEIPT,6225,EA,RM-B,WMS
IM-0004504,2026-01-08 06:38:00,P01,PRD-072,PRD-072,FG_RECEIPT,1580,EA,FG-02,WMS
IM-0004505,2026-05-21 14:04:00,P02,MAT-032,PRD-015,RM_RECEIPT,4830,EA,RM-A,WMS
IM-0004506,2026-01-30 06:35:00,P01,MAT-017,PRD-079,RM_RECEIPT,4450,EA,FG-02,WMS
IM-0004507,2026-06-26 04:46:00,P01,MAT-002,PRD-069,RM_ISSUE,-3303,EA,FG-02,WMS
IM-0004508,2025-12-02 09:00:00,P03,PRD-044,PRD-044,FG_SHIP,-592,EA,FG-02,WMS
IM-0004509,2026-07-24 03:48:00,P02,PRD-004,PRD-004,FG_SHIP,-1157,EA,FG-02,WMS
IM-0004510,2026-06-06 22:10:00,P03,PRD-005,PRD-005,FG_SHIP,-297,EA,FG-01,WMS
IM-0004511,2026-05-23 00:17:00,P03,MAT-010,PRD-063,RM_RECEIPT,1670,EA,FG-02,WMS
IM-0004512,2025-10-10 01:14:00,P03,MAT-033,PRD-076,RM_ISSUE,-5001,EA,RM-A,WMS
IM-0004513,2026-01-06 17:41:00,P03,MAT-036,PRD-020,RM_RECEIPT,14685,EA,FG-01,WMS
IM-0004514,2025-10-02 12:50:00,P03,PRD-075,PRD-075,FG_RECEIPT,1872,EA,WIP-01,WMS
IM-0004515,2026-07-02 17:35:00,P01,PRD-066,PRD-066,FG_RECEIPT,1736,EA,FG-02,WMS
IM-0004516,2026-04-07 17:18:00,P02,PRD-021,PRD-021,FG_RECEIPT,880,EA,FG-01,WMS
IM-0004517,2025-08-01 21:07:00,P01,PRD-019,PRD-019,ADJUSTMENT,15891,EA,WIP-01,WMS
IM-0004518,2025-08-02 03:40:00,P02,PRD-006,PRD-006,FG_RECEIPT,4346,EA,FG-01,WMS
IM-0004519,2026-06-07 02:46:00,P02,PRD-023,PRD-023,FG_RECEIPT,1545,EA,RM-A,WMS
IM-0004520,2026-07-19 22:55:00,P01,MAT-026,PRD-057,RM_ISSUE,-1082,EA,WIP-01,WMS
IM-0004521,2026-06-23 00:27:00,P02,MAT-004,PRD-040,RM_ISSUE,-1483,EA,RM-B,WMS
IM-0004522,2025-10-16 18:39:00,P02,MAT-033,PRD-076,RM_RECEIPT,3349,EA,FG-02,WMS
IM-0004523,2025-11-28 08:30:00,P02,PRD-025,PRD-025,FG_SHIP,-1460,EA,RM-B,WMS
IM-0004524,2025-09-17 10:03:00,P03,MAT-030,PRD-062,RM_ISSUE,-3240,EA,WIP-01,WMS
IM-0004525,2025-08-28 17:34:00,P01,PRD-036,PRD-036,FG_SHIP,-3431,EA,RM-B,WMS
IM-0004526,2026-05-01 14:17:00,P01,PRD-059,PRD-059,FG_RECEIPT,1482,EA,RM-B,WMS
IM-0004527,2025-10-15 13:37:00,P03,PRD-051,PRD-051,FG_SHIP,-5151,EA,FG-02,WMS
IM-0004528,2026-03-24 10:01:00,P01,MAT-015,PRD-034,RM_ISSUE,-1794,EA,RM-A,WMS
IM-0004529,2025-11-16 09:20:00,P03,PRD-029,PRD-029,FG_SHIP,-776,EA,FG-01,WMS
IM-0004530,2026-04-19 08:13:00,P01,MAT-018,PRD-067,RM_RECEIPT,1204,EA,RM-B,WMS
IM-0004531,2026-02-07 13:46:00,P02,PRD-011,PRD-011,ADJUSTMENT,1962,EA,FG-01,WMS
IM-0004532,2026-07-21 23:27:00,P02,MAT-018,PRD-026,RM_RECEIPT,935,EA,FG-01,WMS
IM-0004533,2025-12-14 07:36:00,P01,MAT-016,PRD-029,RM_RECEIPT,2457,EA,FG-02,WMS
IM-0004534,2025-11-22 02:07:00,P02,MAT-018,PRD-002,RM_ISSUE,-1986,EA,FG-02,WMS
IM-0004535,2025-11-04 08:05:00,P03,PRD-070,PRD-070,FG_RECEIPT,1236,EA,FG-02,WMS
IM-0004536,2025-08-20 02:05:00,P01,MAT-037,PRD-018,RM_RECEIPT,1314,EA,RM-B,WMS
IM-0004537,2026-05-05 20:59:00,P03,MAT-031,PRD-043,RM_ISSUE,-782,EA,FG-01,WMS
IM-0004538,2025-08-08 17:48:00,P03,MAT-005,PRD-024,RM_ISSUE,-8838,EA,RM-A,WMS
IM-0004539,2025-12-14 09:37:00,P01,PRD-040,PRD-040,FG_SHIP,-2037,EA,FG-02,WMS
IM-0004540,2025-11-01 12:35:00,P02,MAT-026,PRD-057,RM_ISSUE,-2354,EA,RM-A,WMS
IM-0004541,2025-08-02 05:38:00,P02,MAT-023,PRD-007,RM_RECEIPT,1764,EA,FG-02,WMS
IM-0004542,2026-06-18 05:57:00,P01,PRD-009,PRD-009,FG_RECEIPT,1497,EA,WIP-01,WMS
IM-0004543,2025-12-14 20:12:00,P01,PRD-069,PRD-069,FG_RECEIPT,1090,EA,FG-01,WMS
IM-0004544,2025-08-06 11:26:00,P01,PRD-032,PRD-032,FG_RECEIPT,1944,EA,FG-02,WMS
IM-0004545,2025-09-05 00:58:00,P01,MAT-019,PRD-071,RM_RECEIPT,5901,EA,FG-01,WMS
IM-0004546,2026-03-01 10:34:00,P03,MAT-003,PRD-014,RM_ISSUE,-2026,EA,RM-A,WMS
IM-0004547,2026-05-09 16:43:00,P01,PRD-068,PRD-068,ADJUSTMENT,879,EA,WIP-01,WMS
IM-0004548,2025-12-13 06:45:00,P03,PRD-048,PRD-048,FG_RECEIPT,6471,EA,RM-A,WMS
IM-0004549,2026-05-19 06:10:00,P03,MAT-023,PRD-007,RM_ISSUE,-950,EA,RM-A,WMS
IM-0004550,2025-12-01 11:38:00,P02,PRD-020,PRD-020,FG_SHIP,-792,EA,RM-B,WMS
IM-0004551,2026-07-06 22:33:00,P03,PRD-051,PRD-051,FG_SHIP,-1662,EA,RM-B,WMS
IM-0004552,2025-10-10 19:31:00,P03,PRD-015,PRD-015,ADJUSTMENT,1003,EA,RM-A,WMS
IM-0004553,2026-01-29 22:31:00,P01,PRD-021,PRD-021,ADJUSTMENT,1001,EA,RM-B,WMS
IM-0004554,2026-07-05 19:07:00,P02,MAT-032,PRD-038,RM_ISSUE,-517,EA,RM-A,WMS
IM-0004555,2026-07-11 22:14:00,P03,MAT-005,PRD-021,RM_ISSUE,-2478,EA,RM-A,WMS
IM-0004556,2025-10-18 07:37:00,P02,PRD-074,PRD-074,FG_SHIP,-3243,EA,RM-B,WMS
IM-0004557,2025-09-06 07:27:00,P01,PRD-039,PRD-039,FG_RECEIPT,549,EA,RM-A,WMS
IM-0004558,2025-08-14 09:14:00,P01,MAT-018,PRD-067,RM_RECEIPT,1639,EA,WIP-01,WMS
IM-0004559,2025-11-02 05:23:00,P03,MAT-022,PRD-023,RM_RECEIPT,1528,EA,WIP-01,WMS
IM-0004560,2025-09-01 07:22:00,P03,MAT-030,PRD-062,RM_ISSUE,-3171,EA,FG-01,WMS
IM-0004561,2025-10-30 23:39:00,P03,MAT-015,PRD-034,RM_RECEIPT,2218,EA,RM-A,WMS
IM-0004562,2025-10-09 17:44:00,P03,MAT-037,PRD-080,RM_RECEIPT,8880,EA,RM-A,WMS
IM-0004563,2026-05-04 01:42:00,P01,PRD-059,PRD-059,FG_SHIP,-1765,EA,WIP-01,WMS
IM-0004564,2026-06-27 18:28:00,P01,PRD-024,PRD-024,FG_SHIP,-3064,EA,RM-B,WMS
IM-0004565,2025-10-01 00:28:00,P03,MAT-027,PRD-061,RM_ISSUE,-1996,EA,RM-B,WMS
IM-0004566,2026-05-25 13:11:00,P01,PRD-016,PRD-016,ADJUSTMENT,5559,EA,FG-02,WMS
IM-0004567,2026-03-20 17:45:00,P02,PRD-062,PRD-062,FG_RECEIPT,2836,EA,RM-B,WMS
IM-0004568,2025-11-06 12:08:00,P03,MAT-013,PRD-075,RM_RECEIPT,3115,EA,RM-B,WMS
IM-0004569,2026-06-05 17:35:00,P01,MAT-018,PRD-026,RM_ISSUE,-904,EA,WIP-01,WMS
IM-0004570,2026-05-16 22:58:00,P01,PRD-047,PRD-047,FG_SHIP,-1075,EA,WIP-01,WMS
IM-0004571,2025-10-20 05:15:00,P01,PRD-005,PRD-005,FG_SHIP,-880,EA,FG-02,WMS
IM-0004572,2026-02-27 03:25:00,P01,PRD-066,PRD-066,FG_SHIP,-882,EA,FG-01,WMS
IM-0004573,2025-12-19 18:33:00,P03,MAT-010,PRD-063,RM_ISSUE,-2424,EA,RM-B,WMS
IM-0004574,2025-09-22 09:56:00,P03,PRD-068,PRD-068,FG_SHIP,-1876,EA,RM-A,WMS
IM-0004575,2025-10-31 20:43:00,P01,MAT-010,PRD-063,RM_ISSUE,-630,EA,WIP-01,WMS
IM-0004576,2026-03-25 19:55:00,P02,PRD-012,PRD-012,FG_SHIP,-3981,EA,FG-02,WMS
IM-0004577,2026-03-19 14:14:00,P02,PRD-049,PRD-049,ADJUSTMENT,1000,EA,RM-B,WMS
IM-0004578,2025-12-13 17:37:00,P02,PRD-020,PRD-020,FG_RECEIPT,1140,EA,RM-A,WMS
IM-0004579,2026-03-06 07:53:00,P02,MAT-010,PRD-063,RM_RECEIPT,1560,EA,FG-02,WMS
IM-0004580,2026-05-14 21:41:00,P01,MAT-032,PRD-005,RM_ISSUE,-2276,EA,FG-01,WMS
IM-0004581,2025-10-05 08:40:00,P03,PRD-006,PRD-006,FG_RECEIPT,1684,EA,RM-B,WMS
IM-0004582,2025-10-08 05:24:00,P01,MAT-018,PRD-030,RM_ISSUE,-4351,EA,FG-02,WMS
IM-0004583,2026-03-17 03:55:00,P03,MAT-003,PRD-049,RM_RECEIPT,3277,EA,RM-B,WMS
IM-0004584,2025-12-20 18:09:00,P01,PRD-063,PRD-063,FG_RECEIPT,7371,EA,FG-02,WMS
IM-0004585,2026-02-02 05:28:00,P01,PRD-062,PRD-062,FG_SHIP,-1632,EA,WIP-01,WMS
IM-0004586,2025-09-02 17:01:00,P03,PRD-021,PRD-021,FG_RECEIPT,848,EA,FG-01,WMS
IM-0004587,2025-10-31 13:50:00,P01,MAT-004,PRD-040,RM_ISSUE,-10192,EA,WIP-01,WMS
IM-0004588,2026-04-06 11:56:00,P01,MAT-018,PRD-002,RM_ISSUE,-1376,EA,WIP-01,WMS
IM-0004589,2026-01-06 16:23:00,P02,MAT-037,PRD-080,RM_RECEIPT,4670,EA,FG-02,WMS
IM-0004590,2025-12-27 17:22:00,P01,MAT-006,PRD-001,RM_RECEIPT,736,EA,WIP-01,WMS
IM-0004591,2025-10-23 18:14:00,P02,PRD-032,PRD-032,FG_RECEIPT,1857,EA,FG-01,WMS
IM-0004592,2026-07-15 04:10:00,P01,MAT-027,PRD-072,RM_ISSUE,-330,EA,FG-01,WMS
IM-0004593,2026-07-23 05:45:00,P01,PRD-053,PRD-053,FG_RECEIPT,776,EA,FG-02,WMS
IM-0004594,2025-10-14 20:59:00,P03,PRD-053,PRD-053,FG_SHIP,-890,EA,WIP-01,WMS
IM-0004595,2025-09-07 04:26:00,P01,MAT-032,PRD-015,RM_ISSUE,-5675,EA,RM-B,WMS
IM-0004596,2026-01-29 14:03:00,P03,PRD-062,PRD-062,FG_RECEIPT,990,EA,RM-B,WMS
IM-0004597,2026-07-05 22:59:00,P01,MAT-002,PRD-069,RM_RECEIPT,634,EA,RM-B,WMS
IM-0004598,2026-01-29 01:28:00,P03,PRD-003,PRD-003,FG_SHIP,-5940,EA,RM-B,WMS
IM-0004599,2026-06-25 04:43:00,P03,MAT-008,PRD-065,RM_RECEIPT,268,EA,RM-A,WMS
IM-0004600,2025-09-04 04:33:00,P03,MAT-026,PRD-059,RM_ISSUE,-1742,EA,FG-02,WMS
IM-0004601,2026-07-30 16:49:00,P02,MAT-004,PRD-048,RM_RECEIPT,2605,EA,RM-A,WMS
IM-0004602,2026-02-10 20:31:00,P02,MAT-030,PRD-060,RM_RECEIPT,1396,EA,RM-B,WMS
IM-0004603,2026-03-11 03:55:00,P03,MAT-033,PRD-022,RM_ISSUE,-740,EA,RM-B,WMS
IM-0004604,2026-05-26 13:46:00,P02,PRD-027,PRD-027,FG_SHIP,-1608,EA,FG-02,WMS
IM-0004605,2026-07-22 11:15:00,P01,MAT-037,PRD-051,RM_RECEIPT,7957,EA,RM-B,WMS
IM-0004606,2026-02-19 09:07:00,P03,PRD-054,PRD-054,FG_SHIP,-5108,EA,RM-A,WMS
IM-0004607,2025-08-04 14:27:00,P03,MAT-019,PRD-004,RM_RECEIPT,3744,EA,RM-A,WMS
IM-0004608,2026-02-03 01:45:00,P01,PRD-037,PRD-037,FG_SHIP,-5694,EA,RM-B,WMS
IM-0004609,2026-07-23 01:21:00,P03,PRD-025,PRD-025,FG_RECEIPT,2371,EA,WIP-01,WMS
IM-0004610,2026-04-05 00:25:00,P01,MAT-026,PRD-059,RM_ISSUE,-6570,EA,FG-02,WMS
IM-0004611,2026-03-13 08:52:00,P01,PRD-009,PRD-009,FG_SHIP,-5049,EA,WIP-01,WMS
IM-0004612,2025-11-24 11:35:00,P03,PRD-058,PRD-058,FG_SHIP,-3219,EA,FG-02,WMS
IM-0004613,2025-08-16 21:52:00,P03,MAT-005,PRD-058,RM_RECEIPT,2704,EA,RM-A,WMS
IM-0004614,2026-01-16 11:20:00,P02,MAT-035,PRD-016,RM_ISSUE,-5575,EA,WIP-01,WMS
IM-0004615,2026-05-04 17:54:00,P03,PRD-007,PRD-007,FG_RECEIPT,5987,EA,RM-B,WMS
IM-0004616,2025-10-06 22:58:00,P02,PRD-075,PRD-075,FG_SHIP,-1310,EA,FG-02,WMS
IM-0004617,2026-01-04 17:18:00,P03,PRD-038,PRD-038,FG_SHIP,-5068,EA,WIP-01,WMS
IM-0004618,2025-12-05 03:07:00,P01,PRD-038,PRD-038,FG_SHIP,-3296,EA,FG-01,WMS
IM-0004619,2025-11-16 13:00:00,P02,MAT-035,PRD-016,RM_RECEIPT,852,EA,WIP-01,WMS
IM-0004620,2026-06-23 22:35:00,P02,PRD-069,PRD-069,FG_SHIP,-157,EA,FG-01,WMS
IM-0004621,2026-07-29 05:13:00,P02,PRD-009,PRD-009,FG_SHIP,-3420,EA,WIP-01,WMS
IM-0004622,2025-11-01 12:05:00,P02,PRD-027,PRD-027,FG_RECEIPT,10416,EA,RM-A,WMS
IM-0004623,2026-04-03 02:26:00,P01,PRD-007,PRD-007,FG_SHIP,-2685,EA,FG-02,WMS
IM-0004624,2026-02-28 12:06:00,P03,MAT-004,PRD-032,RM_ISSUE,-4107,EA,RM-B,WMS
IM-0004625,2026-05-07 21:02:00,P01,PRD-068,PRD-068,FG_RECEIPT,1495,EA,WIP-01,WMS
IM-0004626,2025-10-02 10:27:00,P03,PRD-056,PRD-056,FG_SHIP,-3596,EA,RM-B,WMS
IM-0004627,2026-04-12 07:10:00,P02,MAT-030,PRD-009,RM_ISSUE,-2159,EA,WIP-01,WMS
IM-0004628,2026-02-15 06:12:00,P02,MAT-018,PRD-030,RM_ISSUE,-10396,EA,WIP-01,WMS
IM-0004629,2026-03-07 23:00:00,P01,MAT-033,PRD-022,RM_RECEIPT,2763,EA,WIP-01,WMS
IM-0004630,2025-10-07 09:48:00,P02,PRD-077,PRD-077,FG_SHIP,-1194,EA,RM-A,WMS
IM-0004631,2025-10-14 08:36:00,P03,MAT-030,PRD-062,RM_RECEIPT,248,EA,RM-A,WMS
IM-0004632,2026-04-14 22:28:00,P03,MAT-017,PRD-079,RM_ISSUE,-1422,EA,WIP-01,WMS
IM-0004633,2025-11-22 12:03:00,P03,PRD-080,PRD-080,FG_RECEIPT,2164,EA,FG-01,WMS
IM-0004634,2025-10-19 15:30:00,P03,MAT-030,PRD-062,RM_RECEIPT,2118,EA,RM-B,WMS
IM-0004635,2025-11-02 08:33:00,P03,PRD-059,PRD-059,FG_RECEIPT,3735,EA,FG-01,WMS
IM-0004636,2026-05-29 00:24:00,P01,PRD-062,PRD-062,FG_RECEIPT,1033,EA,FG-02,WMS
IM-0004637,2025-09-26 03:03:00,P03,PRD-036,PRD-036,FG_SHIP,-1446,EA,FG-02,WMS
IM-0004638,2026-04-06 00:18:00,P01,PRD-004,PRD-004,FG_SHIP,-1646,EA,WIP-01,WMS
IM-0004639,2026-06-15 04:12:00,P03,PRD-041,PRD-041,FG_SHIP,-1963,EA,RM-B,WMS
IM-0004640,2026-07-26 14:04:00,P03,PRD-047,PRD-047,FG_RECEIPT,666,EA,RM-B,WMS
IM-0004641,2025-11-12 05:25:00,P02,PRD-075,PRD-075,FG_SHIP,-1299,EA,FG-02,WMS
IM-0004642,2026-01-28 19:12:00,P03,MAT-032,PRD-038,RM_ISSUE,-4624,EA,RM-A,WMS
IM-0004643,2025-10-04 19:30:00,P02,PRD-073,PRD-073,ADJUSTMENT,1731,EA,RM-A,WMS
IM-0004644,2026-07-02 22:11:00,P01,MAT-017,PRD-079,RM_ISSUE,-3299,EA,RM-B,WMS
IM-0004645,2026-06-09 17:14:00,P02,MAT-024,PRD-003,RM_RECEIPT,2219,EA,FG-02,WMS
IM-0004646,2025-10-02 16:16:00,P03,PRD-076,PRD-076,ADJUSTMENT,1709,EA,WIP-01,WMS
IM-0004647,2026-05-27 18:51:00,P03,PRD-015,PRD-015,FG_RECEIPT,3516,EA,WIP-01,WMS
IM-0004648,2026-05-18 01:21:00,P03,MAT-004,PRD-032,RM_ISSUE,-1911,EA,RM-A,WMS
IM-0004649,2025-09-29 03:24:00,P02,MAT-020,PRD-010,RM_RECEIPT,2165,EA,RM-B,WMS
IM-0004650,2026-06-19 02:42:00,P03,MAT-037,PRD-051,RM_RECEIPT,1349,EA,WIP-01,WMS
IM-0004651,2026-07-29 23:11:00,P03,PRD-009,PRD-009,FG_RECEIPT,3331,EA,RM-A,WMS
IM-0004652,2026-04-18 03:56:00,P03,PRD-031,PRD-031,FG_RECEIPT,673,EA,WIP-01,WMS
IM-0004653,2025-12-09 21:16:00,P03,MAT-022,PRD-042,RM_RECEIPT,693,EA,FG-02,WMS
IM-0004654,2025-08-06 00:19:00,P01,MAT-029,PRD-045,RM_RECEIPT,2690,EA,WIP-01,WMS
IM-0004655,2026-01-27 13:17:00,P03,PRD-059,PRD-059,FG_SHIP,-6073,EA,RM-A,WMS
IM-0004656,2025-12-16 07:59:00,P01,MAT-015,PRD-034,RM_RECEIPT,459,EA,FG-02,WMS
IM-0004657,2026-07-21 06:52:00,P01,PRD-042,PRD-042,FG_RECEIPT,1600,EA,WIP-01,WMS
IM-0004658,2026-01-13 19:10:00,P01,MAT-008,PRD-036,RM_ISSUE,-2359,EA,WIP-01,WMS
IM-0004659,2025-10-04 06:44:00,P01,MAT-003,PRD-014,RM_RECEIPT,1321,EA,FG-01,WMS
IM-0004660,2026-01-23 18:17:00,P02,PRD-032,PRD-032,FG_RECEIPT,4120,EA,FG-01,WMS
IM-0004661,2026-05-13 03:17:00,P03,MAT-022,PRD-047,RM_ISSUE,-7956,EA,FG-02,WMS
IM-0004662,2026-03-11 17:43:00,P01,MAT-033,PRD-044,RM_RECEIPT,2209,EA,WIP-01,WMS
IM-0004663,2025-11-24 11:35:00,P03,MAT-015,PRD-025,RM_ISSUE,-1716,EA,RM-B,WMS
IM-0004664,2025-10-20 01:14:00,P02,PRD-040,PRD-040,FG_RECEIPT,2222,EA,FG-01,WMS
IM-0004665,2026-03-12 00:08:00,P03,MAT-014,PRD-068,RM_RECEIPT,2494,EA,RM-B,WMS
IM-0004666,2025-09-01 02:40:00,P03,PRD-059,PRD-059,FG_RECEIPT,1277,EA,WIP-01,WMS
IM-0004667,2026-07-07 12:59:00,P01,MAT-032,PRD-038,RM_ISSUE,-3768,EA,RM-A,WMS
IM-0004668,2026-02-09 11:27:00,P03,MAT-015,PRD-025,RM_ISSUE,-571,EA,FG-01,WMS
IM-0004669,2025-11-14 07:12:00,P01,PRD-047,PRD-047,FG_SHIP,-5706,EA,RM-B,WMS
IM-0004670,2025-11-27 11:45:00,P02,PRD-018,PRD-018,FG_RECEIPT,1316,EA,RM-A,WMS
IM-0004671,2026-03-11 15:42:00,P03,MAT-004,PRD-040,RM_RECEIPT,2726,EA,WIP-01,WMS
IM-0004672,2026-01-02 11:20:00,P01,MAT-029,PRD-031,RM_RECEIPT,1595,EA,RM-B,WMS
IM-0004673,2026-04-06 03:26:00,P03,MAT-037,PRD-080,RM_RECEIPT,2598,EA,FG-01,WMS
IM-0004674,2025-08-12 10:10:00,P03,PRD-047,PRD-047,FG_RECEIPT,2362,EA,RM-B,WMS
IM-0004675,2026-01-08 01:35:00,P02,PRD-011,PRD-011,FG_RECEIPT,4280,EA,FG-01,WMS
IM-0004676,2025-11-04 05:36:00,P02,PRD-057,PRD-057,FG_RECEIPT,4213,EA,RM-A,WMS
IM-0004677,2025-08-01 04:44:00,P01,MAT-018,PRD-054,RM_RECEIPT,3720,EA,RM-B,WMS
IM-0004678,2025-10-24 00:54:00,P03,MAT-018,PRD-067,RM_RECEIPT,3943,EA,RM-A,WMS
IM-0004679,2026-04-06 22:59:00,P01,PRD-065,PRD-065,FG_RECEIPT,2942,EA,RM-B,WMS
IM-0004680,2026-05-28 23:10:00,P02,PRD-023,PRD-023,FG_SHIP,-927,EA,RM-A,WMS
IM-0004681,2026-01-29 22:52:00,P02,MAT-033,PRD-017,RM_RECEIPT,2113,EA,RM-A,WMS
IM-0004682,2026-05-24 04:29:00,P03,MAT-018,PRD-078,RM_RECEIPT,5328,EA,FG-02,WMS
IM-0004683,2026-02-27 01:08:00,P01,MAT-001,PRD-074,RM_ISSUE,-2442,EA,FG-01,WMS
IM-0004684,2025-12-24 11:20:00,P01,PRD-055,PRD-055,FG_SHIP,-1867,EA,FG-01,WMS
IM-0004685,2025-09-24 10:18:00,P02,MAT-027,PRD-072,RM_RECEIPT,4931,EA,FG-02,WMS
IM-0004686,2025-12-07 19:11:00,P02,PRD-054,PRD-054,FG_SHIP,-1206,EA,FG-01,WMS
IM-0004687,2025-09-30 11:25:00,P03,PRD-023,PRD-023,ADJUSTMENT,1725,EA,RM-A,WMS
IM-0004688,2026-04-03 17:26:00,P02,PRD-034,PRD-034,FG_SHIP,-4909,EA,RM-B,WMS
IM-0004689,2025-10-25 13:55:00,P02,PRD-063,PRD-063,ADJUSTMENT,3326,EA,WIP-01,WMS
IM-0004690,2025-08-15 15:06:00,P03,PRD-059,PRD-059,ADJUSTMENT,1293,EA,WIP-01,WMS
IM-0004691,2025-11-16 11:09:00,P01,PRD-058,PRD-058,FG_RECEIPT,3272,EA,FG-02,WMS
IM-0004692,2025-10-06 12:39:00,P01,MAT-033,PRD-022,RM_RECEIPT,9396,EA,RM-B,WMS
IM-0004693,2025-10-06 03:21:00,P02,MAT-025,PRD-035,RM_RECEIPT,2536,EA,RM-B,WMS
IM-0004694,2026-06-06 00:14:00,P02,MAT-010,PRD-027,RM_ISSUE,-2272,EA,FG-01,WMS
IM-0004695,2026-02-22 01:39:00,P02,MAT-027,PRD-061,RM_ISSUE,-1861,EA,FG-01,WMS
IM-0004696,2025-08-31 02:02:00,P02,PRD-078,PRD-078,FG_RECEIPT,1013,EA,FG-02,WMS
IM-0004697,2026-05-28 09:34:00,P01,PRD-018,PRD-018,FG_RECEIPT,2427,EA,RM-B,WMS
IM-0004698,2026-07-23 15:39:00,P01,PRD-016,PRD-016,FG_SHIP,-1108,EA,FG-02,WMS
IM-0004699,2025-10-05 12:51:00,P02,PRD-018,PRD-018,FG_SHIP,-1726,EA,FG-01,WMS
IM-0004700,2025-10-06 22:07:00,P01,PRD-062,PRD-062,FG_RECEIPT,960,EA,FG-01,WMS
IM-0004701,2026-03-13 04:52:00,P03,PRD-018,PRD-018,FG_SHIP,-3223,EA,FG-01,WMS
IM-0004702,2026-01-08 15:47:00,P02,PRD-034,PRD-034,FG_SHIP,-2939,EA,FG-01,WMS
IM-0004703,2026-04-29 14:42:00,P03,PRD-021,PRD-021,FG_RECEIPT,2010,EA,RM-A,WMS
IM-0004704,2026-07-03 01:52:00,P02,PRD-002,PRD-002,FG_RECEIPT,4500,EA,FG-02,WMS
IM-0004705,2025-12-19 00:07:00,P02,PRD-056,PRD-056,FG_SHIP,-3620,EA,FG-01,WMS
IM-0004706,2025-09-22 22:19:00,P03,PRD-005,PRD-005,FG_SHIP,-2343,EA,WIP-01,WMS
IM-0004707,2026-02-21 17:34:00,P03,MAT-022,PRD-023,RM_ISSUE,-1677,EA,WIP-01,WMS
IM-0004708,2026-02-18 21:02:00,P03,PRD-066,PRD-066,FG_RECEIPT,4610,EA,RM-A,WMS
IM-0004709,2026-02-21 07:20:00,P02,MAT-015,PRD-034,RM_ISSUE,-1568,EA,FG-02,WMS
IM-0004710,2025-10-27 07:34:00,P01,PRD-001,PRD-001,FG_RECEIPT,1454,EA,RM-B,WMS
IM-0004711,2025-12-14 19:27:00,P01,MAT-037,PRD-018,RM_RECEIPT,1625,EA,RM-B,WMS
IM-0004712,2025-09-02 18:03:00,P03,MAT-005,PRD-058,RM_RECEIPT,2935,EA,RM-B,WMS
IM-0004713,2026-03-04 15:07:00,P03,MAT-037,PRD-051,RM_RECEIPT,569,EA,FG-02,WMS
IM-0004714,2025-10-17 01:15:00,P01,PRD-054,PRD-054,FG_SHIP,-1603,EA,RM-B,WMS
IM-0004715,2026-06-04 04:53:00,P02,PRD-027,PRD-027,FG_RECEIPT,2152,EA,RM-A,WMS
IM-0004716,2026-01-25 02:52:00,P03,MAT-026,PRD-028,RM_RECEIPT,1903,EA,FG-01,WMS
IM-0004717,2026-07-23 08:29:00,P03,MAT-018,PRD-030,RM_ISSUE,-1880,EA,RM-A,WMS
IM-0004718,2025-10-09 21:37:00,P01,PRD-076,PRD-076,ADJUSTMENT,3452,EA,FG-02,WMS
IM-0004719,2026-07-26 07:19:00,P01,MAT-036,PRD-020,RM_RECEIPT,3669,EA,RM-A,WMS
IM-0004720,2026-07-07 06:17:00,P03,MAT-019,PRD-071,RM_RECEIPT,486,EA,RM-B,WMS
IM-0004721,2026-03-18 01:49:00,P02,MAT-036,PRD-020,RM_ISSUE,-3665,EA,FG-02,WMS
IM-0004722,2026-05-14 01:23:00,P02,MAT-024,PRD-003,RM_RECEIPT,745,EA,FG-02,WMS
IM-0004723,2025-09-15 12:20:00,P03,PRD-059,PRD-059,FG_RECEIPT,1252,EA,FG-01,WMS
IM-0004724,2026-06-27 20:33:00,P02,MAT-008,PRD-065,RM_RECEIPT,3086,EA,FG-02,WMS
IM-0004725,2025-12-14 09:30:00,P02,MAT-012,PRD-011,RM_RECEIPT,9006,EA,FG-02,WMS
IM-0004726,2026-04-28 05:11:00,P01,MAT-003,PRD-049,RM_ISSUE,-868,EA,RM-A,WMS
IM-0004727,2025-11-14 14:51:00,P01,PRD-040,PRD-040,FG_SHIP,-2834,EA,RM-B,WMS
IM-0004728,2025-09-24 19:46:00,P03,MAT-022,PRD-047,RM_RECEIPT,1233,EA,FG-01,WMS
IM-0004729,2026-01-13 06:37:00,P01,MAT-027,PRD-061,RM_RECEIPT,1179,EA,FG-01,WMS
IM-0004730,2025-10-19 20:03:00,P02,MAT-037,PRD-080,RM_ISSUE,-2186,EA,FG-01,WMS
IM-0004731,2025-10-25 18:10:00,P03,MAT-033,PRD-017,RM_ISSUE,-2051,EA,FG-01,WMS
IM-0004732,2026-07-17 17:17:00,P01,PRD-073,PRD-073,FG_RECEIPT,2805,EA,RM-A,WMS
IM-0004733,2025-09-03 22:27:00,P02,MAT-033,PRD-017,RM_RECEIPT,1383,EA,RM-B,WMS
IM-0004734,2026-06-05 14:24:00,P03,MAT-019,PRD-071,RM_RECEIPT,2089,EA,RM-B,WMS
IM-0004735,2026-06-19 14:57:00,P02,MAT-001,PRD-074,RM_ISSUE,-1857,EA,RM-A,WMS
IM-0004736,2025-12-24 04:30:00,P02,PRD-056,PRD-056,FG_SHIP,-396,EA,RM-A,WMS
IM-0004737,2026-05-28 08:48:00,P01,MAT-013,PRD-075,RM_RECEIPT,2892,EA,FG-01,WMS
IM-0004738,2026-02-09 18:34:00,P02,MAT-006,PRD-001,RM_RECEIPT,327,EA,RM-A,WMS
IM-0004739,2025-12-04 05:46:00,P03,MAT-018,PRD-078,RM_RECEIPT,1355,EA,WIP-01,WMS
IM-0004740,2026-06-12 10:21:00,P03,MAT-006,PRD-001,RM_ISSUE,-1823,EA,WIP-01,WMS
IM-0004741,2026-06-29 11:21:00,P03,PRD-006,PRD-006,FG_SHIP,-1470,EA,FG-01,WMS
IM-0004742,2026-01-14 03:22:00,P03,MAT-012,PRD-006,RM_RECEIPT,5428,EA,FG-02,WMS
IM-0004743,2026-06-28 15:50:00,P01,MAT-027,PRD-061,RM_ISSUE,-8818,EA,FG-01,WMS
IM-0004744,2026-07-20 01:17:00,P02,PRD-065,PRD-065,FG_SHIP,-1768,EA,FG-02,WMS
IM-0004745,2025-10-02 13:42:00,P03,MAT-026,PRD-059,RM_ISSUE,-2683,EA,FG-02,WMS
IM-0004746,2025-10-26 16:16:00,P03,PRD-065,PRD-065,FG_SHIP,-529,EA,FG-01,WMS
IM-0004747,2026-02-24 19:02:00,P02,PRD-079,PRD-079,FG_SHIP,-3588,EA,FG-01,WMS
IM-0004748,2026-02-13 06:12:00,P02,PRD-022,PRD-022,FG_RECEIPT,3706,EA,RM-B,WMS
IM-0004749,2026-06-16 22:28:00,P01,PRD-044,PRD-044,ADJUSTMENT,1560,EA,FG-02,WMS
IM-0004750,2025-09-04 21:40:00,P02,MAT-032,PRD-077,RM_RECEIPT,7995,EA,RM-A,WMS
IM-0004751,2025-12-17 18:54:00,P03,MAT-001,PRD-039,RM_RECEIPT,1030,EA,FG-01,WMS
IM-0004752,2025-09-26 15:36:00,P03,MAT-019,PRD-071,RM_RECEIPT,657,EA,FG-02,WMS
IM-0004753,2026-02-12 23:22:00,P03,MAT-017,PRD-019,RM_ISSUE,-3167,EA,WIP-01,WMS
IM-0004754,2026-02-25 01:40:00,P01,PRD-020,PRD-020,FG_SHIP,-438,EA,FG-01,WMS
IM-0004755,2026-05-30 16:14:00,P03,MAT-024,PRD-003,RM_ISSUE,-2582,EA,FG-02,WMS
IM-0004756,2026-03-24 06:41:00,P01,PRD-078,PRD-078,FG_RECEIPT,3498,EA,WIP-01,WMS
IM-0004757,2026-07-20 10:32:00,P01,PRD-065,PRD-065,FG_SHIP,-897,EA,WIP-01,WMS
IM-0004758,2025-09-30 11:27:00,P02,PRD-030,PRD-030,FG_RECEIPT,1155,EA,RM-A,WMS
IM-0004759,2026-02-28 20:49:00,P03,MAT-003,PRD-049,RM_RECEIPT,3701,EA,WIP-01,WMS
IM-0004760,2025-10-25 11:15:00,P01,PRD-040,PRD-040,FG_RECEIPT,3503,EA,FG-02,WMS
IM-0004761,2026-01-17 02:23:00,P01,MAT-007,PRD-055,RM_RECEIPT,1933,EA,FG-02,WMS
IM-0004762,2026-04-18 02:10:00,P02,MAT-018,PRD-050,RM_RECEIPT,3060,EA,FG-01,WMS
IM-0004763,2026-04-19 12:23:00,P03,MAT-030,PRD-062,RM_ISSUE,-3122,EA,WIP-01,WMS
IM-0004764,2026-04-26 22:37:00,P02,PRD-015,PRD-015,FG_SHIP,-3166,EA,WIP-01,WMS
IM-0004765,2025-09-28 22:00:00,P03,PRD-080,PRD-080,FG_SHIP,-215,EA,WIP-01,WMS
IM-0004766,2026-02-10 22:43:00,P03,PRD-030,PRD-030,FG_SHIP,-3580,EA,RM-A,WMS
IM-0004767,2025-09-17 03:10:00,P02,MAT-003,PRD-014,RM_ISSUE,-327,EA,WIP-01,WMS
IM-0004768,2026-05-19 06:58:00,P01,MAT-020,PRD-010,RM_RECEIPT,3164,EA,WIP-01,WMS
IM-0004769,2025-12-19 23:06:00,P02,MAT-001,PRD-039,RM_RECEIPT,2299,EA,FG-02,WMS
IM-0004770,2025-12-30 18:44:00,P03,PRD-060,PRD-060,FG_SHIP,-4205,EA,FG-01,WMS
IM-0004771,2026-06-28 00:30:00,P02,MAT-030,PRD-062,RM_RECEIPT,1565,EA,WIP-01,WMS
IM-0004772,2025-10-23 07:21:00,P01,MAT-015,PRD-025,RM_ISSUE,-3352,EA,WIP-01,WMS
IM-0004773,2025-09-29 20:18:00,P02,PRD-051,PRD-051,FG_RECEIPT,1122,EA,RM-B,WMS
IM-0004774,2026-01-26 13:12:00,P02,MAT-018,PRD-054,RM_ISSUE,-2261,EA,WIP-01,WMS
IM-0004775,2026-05-08 10:41:00,P02,PRD-028,PRD-028,FG_SHIP,-4371,EA,RM-B,WMS
IM-0004776,2025-08-19 03:51:00,P03,PRD-034,PRD-034,FG_SHIP,-4735,EA,RM-A,WMS
IM-0004777,2025-08-04 13:02:00,P01,MAT-027,PRD-061,RM_RECEIPT,1496,EA,FG-02,WMS
IM-0004778,2025-11-06 01:08:00,P02,PRD-009,PRD-009,FG_RECEIPT,935,EA,RM-A,WMS
IM-0004779,2026-05-16 04:10:00,P01,PRD-002,PRD-002,FG_RECEIPT,3202,EA,FG-01,WMS
IM-0004780,2026-04-23 13:57:00,P02,PRD-033,PRD-033,FG_RECEIPT,1155,EA,FG-02,WMS
IM-0004781,2026-01-27 06:01:00,P03,MAT-002,PRD-069,RM_RECEIPT,1964,EA,FG-01,WMS
IM-0004782,2026-07-08 18:39:00,P03,PRD-018,PRD-018,ADJUSTMENT,3443,EA,RM-A,WMS
IM-0004783,2025-10-15 20:34:00,P01,MAT-014,PRD-068,RM_ISSUE,-819,EA,RM-B,WMS
IM-0004784,2026-07-01 06:15:00,P03,MAT-003,PRD-014,RM_RECEIPT,2959,EA,RM-A,WMS
IM-0004785,2025-08-26 08:44:00,P02,PRD-006,PRD-006,FG_RECEIPT,2316,EA,WIP-01,WMS
IM-0004786,2026-06-29 07:31:00,P02,PRD-068,PRD-068,FG_RECEIPT,4701,EA,FG-01,WMS
IM-0004787,2026-03-05 14:43:00,P03,MAT-018,PRD-054,RM_ISSUE,-1809,EA,FG-02,WMS
IM-0004788,2025-10-09 03:03:00,P01,MAT-022,PRD-023,RM_RECEIPT,4730,EA,FG-02,WMS
IM-0004789,2025-09-09 15:15:00,P01,PRD-076,PRD-076,FG_SHIP,-741,EA,WIP-01,WMS
IM-0004790,2026-01-02 10:12:00,P01,MAT-010,PRD-027,RM_RECEIPT,12388,EA,RM-A,WMS
IM-0004791,2026-06-03 15:14:00,P01,PRD-067,PRD-067,FG_RECEIPT,1345,EA,RM-B,WMS
IM-0004792,2025-08-09 23:21:00,P01,PRD-015,PRD-015,FG_RECEIPT,1706,EA,RM-B,WMS
IM-0004793,2025-10-11 15:22:00,P02,PRD-057,PRD-057,FG_SHIP,-5749,EA,RM-A,WMS
IM-0004794,2025-12-18 23:39:00,P03,MAT-026,PRD-059,RM_RECEIPT,1758,EA,FG-01,WMS
IM-0004795,2025-12-31 11:47:00,P03,PRD-052,PRD-052,FG_RECEIPT,4928,EA,RM-B,WMS
IM-0004796,2026-04-12 10:19:00,P01,MAT-031,PRD-052,RM_RECEIPT,2711,EA,WIP-01,WMS
IM-0004797,2026-04-24 13:39:00,P01,MAT-033,PRD-017,RM_ISSUE,-4175,EA,FG-01,WMS
IM-0004798,2026-05-06 18:27:00,P02,MAT-012,PRD-011,RM_RECEIPT,1966,EA,FG-02,WMS
IM-0004799,2026-04-10 08:50:00,P02,MAT-005,PRD-024,RM_RECEIPT,1005,EA,FG-01,WMS
IM-0004800,2025-12-15 02:06:00,P03,MAT-025,PRD-035,RM_ISSUE,-5208,EA,FG-01,WMS
IM-0004801,2025-11-23 05:28:00,P03,PRD-063,PRD-063,FG_SHIP,-6104,EA,RM-A,WMS
IM-0004802,2026-06-14 23:46:00,P01,MAT-031,PRD-008,RM_RECEIPT,1948,EA,WIP-01,WMS
IM-0004803,2025-09-30 02:58:00,P02,PRD-021,PRD-021,FG_RECEIPT,3029,EA,RM-A,WMS
IM-0004804,2026-07-23 00:44:00,P03,MAT-030,PRD-062,RM_RECEIPT,1195,EA,FG-01,WMS
IM-0004805,2025-09-09 20:45:00,P02,MAT-033,PRD-022,RM_RECEIPT,1100,EA,RM-B,WMS
IM-0004806,2025-08-11 05:24:00,P02,MAT-004,PRD-032,RM_RECEIPT,1670,EA,RM-A,WMS
IM-0004807,2026-07-03 12:16:00,P02,MAT-036,PRD-020,RM_RECEIPT,4157,EA,WIP-01,WMS
IM-0004808,2026-06-18 18:09:00,P01,PRD-005,PRD-005,FG_SHIP,-597,EA,WIP-01,WMS
IM-0004809,2026-02-07 22:05:00,P01,PRD-020,PRD-020,FG_RECEIPT,4452,EA,FG-01,WMS
IM-0004810,2026-05-30 04:39:00,P03,PRD-079,PRD-079,FG_SHIP,-1278,EA,RM-A,WMS
IM-0004811,2025-12-12 13:40:00,P03,PRD-022,PRD-022,FG_SHIP,-4140,EA,RM-B,WMS
IM-0004812,2026-06-02 19:41:00,P01,PRD-039,PRD-039,FG_RECEIPT,1000,EA,WIP-01,WMS
IM-0004813,2025-08-13 23:04:00,P02,PRD-071,PRD-071,FG_SHIP,-5016,EA,FG-02,WMS
IM-0004814,2026-04-08 14:05:00,P02,MAT-018,PRD-078,RM_RECEIPT,2197,EA,FG-01,WMS
IM-0004815,2026-01-07 17:24:00,P01,MAT-032,PRD-015,RM_ISSUE,-1276,EA,RM-A,WMS
IM-0004816,2025-12-14 03:13:00,P03,MAT-006,PRD-001,RM_ISSUE,-5179,EA,WIP-01,WMS
IM-0004817,2025-10-19 12:33:00,P01,MAT-019,PRD-071,RM_ISSUE,-3691,EA,FG-02,WMS
IM-0004818,2025-09-28 14:20:00,P01,PRD-034,PRD-034,FG_SHIP,-6043,EA,RM-B,WMS
IM-0004819,2025-08-31 11:22:00,P01,MAT-037,PRD-051,RM_ISSUE,-2019,EA,RM-B,WMS
IM-0004820,2025-10-10 03:23:00,P01,PRD-007,PRD-007,FG_RECEIPT,3273,EA,FG-01,WMS
IM-0004821,2026-06-27 07:08:00,P03,MAT-005,PRD-021,RM_RECEIPT,1782,EA,RM-A,WMS
IM-0004822,2026-02-15 14:49:00,P01,MAT-012,PRD-011,RM_RECEIPT,1736,EA,FG-02,WMS
IM-0004823,2026-07-19 23:44:00,P03,PRD-050,PRD-050,ADJUSTMENT,1673,EA,WIP-01,WMS
IM-0004824,2025-11-15 08:42:00,P02,PRD-044,PRD-044,FG_SHIP,-830,EA,RM-A,WMS
IM-0004825,2025-12-24 12:08:00,P02,MAT-017,PRD-079,RM_ISSUE,-4246,EA,WIP-01,WMS
IM-0004826,2025-12-18 12:31:00,P02,MAT-004,PRD-048,RM_ISSUE,-3128,EA,WIP-01,WMS
IM-0004827,2026-07-31 19:46:00,P02,PRD-001,PRD-001,FG_RECEIPT,2873,EA,RM-B,WMS
IM-0004828,2026-03-13 21:03:00,P02,PRD-048,PRD-048,ADJUSTMENT,2932,EA,FG-01,WMS
IM-0004829,2026-06-29 05:12:00,P03,MAT-022,PRD-023,RM_RECEIPT,5896,EA,RM-A,WMS
IM-0004830,2025-12-19 12:31:00,P02,MAT-017,PRD-079,RM_ISSUE,-463,EA,WIP-01,WMS
IM-0004831,2025-10-26 20:23:00,P02,MAT-032,PRD-077,RM_ISSUE,-2009,EA,RM-A,WMS
IM-0004832,2026-03-15 15:14:00,P03,PRD-079,PRD-079,FG_SHIP,-2116,EA,RM-B,WMS
IM-0004833,2025-09-26 15:31:00,P01,MAT-017,PRD-079,RM_RECEIPT,2999,EA,RM-B,WMS
IM-0004834,2026-03-19 05:05:00,P02,MAT-024,PRD-003,RM_RECEIPT,3243,EA,RM-A,WMS
IM-0004835,2025-08-08 08:04:00,P02,PRD-051,PRD-051,FG_SHIP,-1172,EA,FG-02,WMS
IM-0004836,2026-04-26 14:05:00,P02,MAT-007,PRD-055,RM_RECEIPT,6561,EA,WIP-01,WMS
IM-0004837,2025-09-09 01:05:00,P01,PRD-065,PRD-065,FG_RECEIPT,1316,EA,RM-B,WMS
IM-0004838,2025-12-01 15:40:00,P03,MAT-033,PRD-022,RM_ISSUE,-8422,EA,WIP-01,WMS
IM-0004839,2025-08-21 04:52:00,P02,PRD-072,PRD-072,FG_RECEIPT,2802,EA,RM-B,WMS
IM-0004840,2025-10-17 17:56:00,P02,MAT-005,PRD-021,RM_ISSUE,-3955,EA,RM-A,WMS
IM-0004841,2026-01-25 03:06:00,P01,MAT-007,PRD-055,RM_RECEIPT,5298,EA,RM-A,WMS
IM-0004842,2025-12-05 22:08:00,P03,PRD-012,PRD-012,FG_SHIP,-5107,EA,FG-01,WMS
IM-0004843,2025-08-09 08:02:00,P02,PRD-046,PRD-046,FG_SHIP,-1554,EA,RM-B,WMS
IM-0004844,2026-02-01 18:16:00,P02,PRD-079,PRD-079,FG_RECEIPT,5297,EA,RM-A,WMS
IM-0004845,2026-07-13 19:26:00,P02,PRD-043,PRD-043,FG_SHIP,-954,EA,RM-A,WMS
IM-0004846,2025-08-17 16:24:00,P02,MAT-035,PRD-066,RM_ISSUE,-1709,EA,RM-B,WMS
IM-0004847,2025-08-28 13:06:00,P01,MAT-033,PRD-022,RM_ISSUE,-2650,EA,RM-A,WMS
IM-0004848,2025-10-15 01:59:00,P01,MAT-032,PRD-005,RM_RECEIPT,1233,EA,RM-A,WMS
IM-0004849,2025-09-07 04:15:00,P03,MAT-007,PRD-055,RM_RECEIPT,1774,EA,FG-01,WMS
IM-0004850,2026-05-22 00:30:00,P02,PRD-070,PRD-070,ADJUSTMENT,1293,EA,FG-02,WMS
IM-0004851,2026-03-03 01:41:00,P03,PRD-048,PRD-048,FG_SHIP,-1657,EA,FG-01,WMS
IM-0004852,2026-07-22 10:11:00,P01,PRD-020,PRD-020,ADJUSTMENT,3006,EA,FG-02,WMS
IM-0004853,2026-03-30 15:51:00,P01,PRD-019,PRD-019,FG_RECEIPT,1264,EA,FG-02,WMS
IM-0004854,2026-02-27 22:11:00,P01,PRD-018,PRD-018,FG_SHIP,-2947,EA,FG-01,WMS
IM-0004855,2026-03-23 17:37:00,P02,PRD-014,PRD-014,FG_SHIP,-5124,EA,FG-02,WMS
IM-0004856,2025-12-03 09:54:00,P01,MAT-004,PRD-048,RM_RECEIPT,1810,EA,RM-A,WMS
IM-0004857,2025-09-10 19:49:00,P01,MAT-005,PRD-033,RM_ISSUE,-2478,EA,RM-B,WMS
IM-0004858,2025-08-10 09:03:00,P03,MAT-030,PRD-009,RM_ISSUE,-591,EA,FG-02,WMS
IM-0004859,2025-11-25 15:40:00,P03,PRD-003,PRD-003,FG_RECEIPT,1554,EA,FG-02,WMS
IM-0004860,2026-02-24 01:29:00,P02,MAT-030,PRD-060,RM_RECEIPT,427,EA,WIP-01,WMS
IM-0004861,2026-07-16 04:27:00,P02,PRD-060,PRD-060,FG_SHIP,-2943,EA,RM-A,WMS
IM-0004862,2026-04-08 17:25:00,P02,MAT-004,PRD-032,RM_RECEIPT,4053,EA,RM-B,WMS
IM-0004863,2025-09-10 00:36:00,P02,PRD-021,PRD-021,FG_RECEIPT,1438,EA,RM-A,WMS
IM-0004864,2026-07-02 20:42:00,P02,MAT-030,PRD-012,RM_ISSUE,-3845,EA,RM-B,WMS
IM-0004865,2025-11-06 20:53:00,P01,PRD-038,PRD-038,FG_SHIP,-2678,EA,RM-B,WMS
IM-0004866,2026-07-19 09:19:00,P03,MAT-033,PRD-044,RM_ISSUE,-655,EA,FG-01,WMS
IM-0004867,2025-08-01 23:04:00,P01,MAT-018,PRD-078,RM_RECEIPT,602,EA,FG-02,WMS
IM-0004868,2026-04-16 12:05:00,P03,MAT-005,PRD-021,RM_ISSUE,-553,EA,RM-A,WMS
IM-0004869,2025-10-27 08:41:00,P02,MAT-012,PRD-006,RM_RECEIPT,4642,EA,FG-02,WMS
IM-0004870,2025-12-16 14:46:00,P01,MAT-019,PRD-004,RM_ISSUE,-1688,EA,FG-02,WMS
IM-0004871,2025-11-02 11:08:00,P01,MAT-001,PRD-056,RM_ISSUE,-3404,EA,RM-B,WMS
IM-0004872,2026-05-09 00:38:00,P01,MAT-030,PRD-009,RM_RECEIPT,1298,EA,FG-01,WMS
IM-0004873,2026-04-27 02:43:00,P02,MAT-037,PRD-018,RM_ISSUE,-953,EA,WIP-01,WMS
IM-0004874,2026-03-17 08:02:00,P01,PRD-013,PRD-013,FG_SHIP,-1358,EA,RM-B,WMS
IM-0004875,2026-05-23 13:43:00,P01,MAT-001,PRD-074,RM_ISSUE,-2265,EA,FG-01,WMS
IM-0004876,2026-05-14 02:25:00,P01,PRD-004,PRD-004,FG_RECEIPT,974,EA,FG-01,WMS
IM-0004877,2026-07-07 19:26:00,P01,MAT-035,PRD-053,RM_RECEIPT,1179,EA,RM-A,WMS
IM-0004878,2026-07-06 18:07:00,P02,MAT-001,PRD-074,RM_ISSUE,-860,EA,RM-B,WMS
IM-0004879,2026-01-09 22:11:00,P03,MAT-017,PRD-079,RM_RECEIPT,1483,EA,FG-01,WMS
IM-0004880,2026-03-09 07:37:00,P03,MAT-029,PRD-045,RM_RECEIPT,338,EA,RM-A,WMS
IM-0004881,2025-10-17 18:13:00,P03,PRD-055,PRD-055,FG_SHIP,-2242,EA,RM-A,WMS
IM-0004882,2025-09-09 23:12:00,P03,MAT-033,PRD-022,RM_RECEIPT,5423,EA,FG-02,WMS
IM-0004883,2026-05-26 00:40:00,P01,MAT-001,PRD-056,RM_RECEIPT,1427,EA,FG-01,WMS
IM-0004884,2025-10-15 08:36:00,P03,PRD-013,PRD-013,FG_RECEIPT,2966,EA,FG-01,WMS
IM-0004885,2026-07-31 00:44:00,P02,PRD-043,PRD-043,ADJUSTMENT,2662,EA,WIP-01,WMS
IM-0004886,2026-02-05 23:27:00,P03,PRD-053,PRD-053,FG_SHIP,-1753,EA,FG-01,WMS
IM-0004887,2025-08-19 16:33:00,P01,MAT-032,PRD-038,RM_RECEIPT,1496,EA,WIP-01,WMS
IM-0004888,2026-04-26 05:23:00,P03,PRD-066,PRD-066,FG_SHIP,-2012,EA,WIP-01,WMS
IM-0004889,2025-09-28 12:21:00,P02,MAT-002,PRD-069,RM_ISSUE,-755,EA,WIP-01,WMS
IM-0004890,2025-08-18 18:40:00,P02,PRD-042,PRD-042,FG_SHIP,-790,EA,RM-A,WMS
IM-0004891,2025-11-03 14:06:00,P03,PRD-030,PRD-030,FG_SHIP,-8536,EA,FG-02,WMS
IM-0004892,2025-12-19 00:29:00,P02,MAT-032,PRD-015,RM_RECEIPT,3248,EA,RM-A,WMS
IM-0004893,2025-08-09 02:08:00,P02,MAT-005,PRD-033,RM_RECEIPT,699,EA,RM-B,WMS
IM-0004894,2026-04-07 22:47:00,P02,MAT-014,PRD-068,RM_RECEIPT,3612,EA,FG-01,WMS
IM-0004895,2025-12-01 23:11:00,P03,MAT-018,PRD-067,RM_ISSUE,-611,EA,FG-02,WMS
IM-0004896,2026-05-27 12:39:00,P02,MAT-035,PRD-053,RM_ISSUE,-4235,EA,FG-02,WMS
IM-0004897,2025-11-21 02:40:00,P02,MAT-030,PRD-012,RM_ISSUE,-577,EA,FG-01,WMS
IM-0004898,2026-02-23 00:19:00,P02,PRD-032,PRD-032,FG_SHIP,-721,EA,FG-01,WMS
IM-0004899,2025-08-15 08:42:00,P02,PRD-072,PRD-072,FG_SHIP,-528,EA,RM-A,WMS
IM-0004900,2026-07-28 08:55:00,P03,PRD-063,PRD-063,FG_SHIP,-1479,EA,FG-02,WMS
IM-0004901,2026-07-12 05:55:00,P01,PRD-069,PRD-069,FG_SHIP,-837,EA,RM-A,WMS
IM-0004902,2026-03-18 22:10:00,P03,PRD-060,PRD-060,FG_RECEIPT,3765,EA,RM-A,WMS
IM-0004903,2026-01-22 04:06:00,P03,PRD-010,PRD-010,FG_RECEIPT,2697,EA,RM-A,WMS
IM-0004904,2025-09-21 14:32:00,P02,PRD-033,PRD-033,FG_SHIP,-3149,EA,RM-A,WMS
IM-0004905,2026-05-30 00:00:00,P02,MAT-018,PRD-030,RM_ISSUE,-460,EA,FG-02,WMS
IM-0004906,2025-08-06 06:23:00,P02,MAT-004,PRD-048,RM_RECEIPT,6948,EA,FG-01,WMS
IM-0004907,2026-04-22 23:20:00,P02,PRD-043,PRD-043,FG_RECEIPT,4416,EA,RM-B,WMS
IM-0004908,2025-12-01 06:33:00,P01,MAT-004,PRD-040,RM_ISSUE,-1076,EA,RM-A,WMS
IM-0004909,2026-03-06 17:11:00,P02,PRD-060,PRD-060,FG_RECEIPT,5356,EA,FG-01,WMS
IM-0004910,2026-01-05 22:20:00,P03,MAT-008,PRD-036,RM_RECEIPT,6293,EA,WIP-01,WMS
IM-0004911,2026-02-11 00:44:00,P03,PRD-030,PRD-030,FG_RECEIPT,912,EA,RM-A,WMS
IM-0004912,2026-07-02 21:35:00,P02,MAT-026,PRD-046,RM_RECEIPT,5132,EA,FG-02,WMS
IM-0004913,2026-01-22 22:09:00,P01,MAT-022,PRD-073,RM_ISSUE,-3186,EA,FG-01,WMS
IM-0004914,2026-02-16 12:34:00,P03,PRD-049,PRD-049,FG_SHIP,-11409,EA,FG-02,WMS
IM-0004915,2026-07-03 12:32:00,P01,PRD-055,PRD-055,FG_SHIP,-1946,EA,RM-A,WMS
IM-0004916,2026-03-22 10:41:00,P02,PRD-004,PRD-004,FG_SHIP,-4355,EA,FG-02,WMS
IM-0004917,2026-01-27 08:45:00,P01,PRD-071,PRD-071,FG_RECEIPT,6851,EA,FG-01,WMS
IM-0004918,2026-01-13 14:54:00,P01,MAT-037,PRD-080,RM_ISSUE,-1894,EA,WIP-01,WMS
IM-0004919,2026-06-16 00:57:00,P01,PRD-027,PRD-027,FG_SHIP,-5718,EA,RM-B,WMS
IM-0004920,2026-06-17 11:39:00,P02,PRD-063,PRD-063,ADJUSTMENT,973,EA,RM-B,WMS
IM-0004921,2026-02-20 15:07:00,P02,MAT-029,PRD-031,RM_RECEIPT,1539,EA,RM-B,WMS
IM-0004922,2026-03-08 15:49:00,P02,MAT-022,PRD-042,RM_RECEIPT,2001,EA,WIP-01,WMS
IM-0004923,2025-12-04 11:20:00,P01,PRD-080,PRD-080,ADJUSTMENT,2192,EA,FG-02,WMS
IM-0004924,2025-12-16 17:14:00,P03,PRD-045,PRD-045,FG_SHIP,-8408,EA,RM-B,WMS
IM-0004925,2026-03-08 19:53:00,P03,MAT-032,PRD-077,RM_RECEIPT,2320,EA,FG-02,WMS
IM-0004926,2025-11-13 14:53:00,P02,MAT-017,PRD-019,RM_RECEIPT,3300,EA,RM-A,WMS
IM-0004927,2025-09-28 16:05:00,P03,MAT-007,PRD-055,RM_ISSUE,-3710,EA,FG-02,WMS
IM-0004928,2025-09-16 15:08:00,P03,MAT-003,PRD-014,RM_ISSUE,-4749,EA,RM-A,WMS
IM-0004929,2026-05-08 05:59:00,P01,PRD-073,PRD-073,FG_SHIP,-1043,EA,FG-02,WMS
IM-0004930,2025-08-28 11:48:00,P02,PRD-077,PRD-077,FG_SHIP,-2007,EA,FG-02,WMS
IM-0004931,2025-10-03 21:53:00,P02,PRD-080,PRD-080,FG_SHIP,-1108,EA,FG-02,WMS
IM-0004932,2025-10-30 04:38:00,P03,PRD-027,PRD-027,FG_SHIP,-2103,EA,FG-01,WMS
IM-0004933,2026-04-20 04:12:00,P02,PRD-042,PRD-042,FG_SHIP,-4105,EA,FG-01,WMS
IM-0004934,2025-11-26 08:32:00,P03,PRD-003,PRD-003,FG_RECEIPT,7167,EA,FG-01,WMS
IM-0004935,2025-12-13 23:18:00,P02,MAT-007,PRD-055,RM_RECEIPT,1737,EA,FG-01,WMS
IM-0004936,2025-08-22 14:04:00,P01,PRD-055,PRD-055,FG_RECEIPT,1552,EA,FG-01,WMS
IM-0004937,2026-07-24 09:41:00,P03,MAT-033,PRD-017,RM_ISSUE,-5537,EA,FG-01,WMS
IM-0004938,2025-10-24 17:00:00,P01,MAT-027,PRD-061,RM_ISSUE,-4603,EA,FG-02,WMS
IM-0004939,2026-01-21 23:02:00,P02,PRD-035,PRD-035,FG_SHIP,-1054,EA,FG-01,WMS
IM-0004940,2026-01-26 03:37:00,P03,MAT-026,PRD-028,RM_RECEIPT,11521,EA,RM-B,WMS
IM-0004941,2026-07-10 07:26:00,P02,PRD-080,PRD-080,FG_RECEIPT,1146,EA,RM-B,WMS
IM-0004942,2025-09-18 05:51:00,P01,PRD-021,PRD-021,FG_RECEIPT,3513,EA,FG-01,WMS
IM-0004943,2026-06-03 13:32:00,P01,PRD-069,PRD-069,FG_SHIP,-411,EA,RM-B,WMS
IM-0004944,2026-05-19 06:49:00,P03,PRD-012,PRD-012,FG_SHIP,-1304,EA,RM-B,WMS
IM-0004945,2026-01-20 09:48:00,P02,MAT-023,PRD-007,RM_ISSUE,-2073,EA,RM-A,WMS
IM-0004946,2025-08-19 20:06:00,P02,PRD-035,PRD-035,FG_RECEIPT,1138,EA,WIP-01,WMS
IM-0004947,2026-07-01 19:45:00,P03,MAT-037,PRD-051,RM_RECEIPT,1982,EA,RM-B,WMS
IM-0004948,2026-02-23 20:01:00,P03,MAT-007,PRD-055,RM_RECEIPT,1511,EA,FG-01,WMS
IM-0004949,2025-11-16 18:56:00,P03,MAT-012,PRD-011,RM_ISSUE,-776,EA,RM-A,WMS
IM-0004950,2025-08-04 07:11:00,P02,MAT-027,PRD-072,RM_RECEIPT,3693,EA,RM-B,WMS
IM-0004951,2026-06-12 06:21:00,P01,PRD-027,PRD-027,FG_RECEIPT,2574,EA,WIP-01,WMS
IM-0004952,2025-08-09 10:30:00,P03,MAT-030,PRD-062,RM_ISSUE,-1614,EA,WIP-01,WMS
IM-0004953,2026-02-24 12:49:00,P03,PRD-031,PRD-031,FG_RECEIPT,1981,EA,WIP-01,WMS
IM-0004954,2025-08-29 02:06:00,P03,PRD-037,PRD-037,FG_SHIP,-1626,EA,WIP-01,WMS
IM-0004955,2026-02-16 04:22:00,P01,MAT-037,PRD-051,RM_RECEIPT,3414,EA,FG-02,WMS
IM-0004956,2026-02-28 20:29:00,P01,MAT-020,PRD-010,RM_RECEIPT,824,EA,WIP-01,WMS
IM-0004957,2025-10-04 02:36:00,P02,PRD-026,PRD-026,FG_RECEIPT,1280,EA,FG-01,WMS
IM-0004958,2026-07-13 22:14:00,P01,MAT-004,PRD-040,RM_RECEIPT,7877,EA,RM-A,WMS
IM-0004959,2026-05-31 12:22:00,P01,MAT-024,PRD-003,RM_ISSUE,-365,EA,WIP-01,WMS
IM-0004960,2026-06-27 14:33:00,P03,PRD-018,PRD-018,FG_SHIP,-1353,EA,RM-B,WMS
IM-0004961,2025-12-08 05:33:00,P03,PRD-071,PRD-071,FG_SHIP,-6270,EA,RM-B,WMS
IM-0004962,2026-02-11 03:29:00,P03,PRD-017,PRD-017,FG_RECEIPT,1107,EA,WIP-01,WMS
IM-0004963,2025-12-18 10:03:00,P02,PRD-074,PRD-074,FG_SHIP,-1998,EA,RM-B,WMS
IM-0004964,2025-10-14 23:20:00,P03,MAT-031,PRD-052,RM_ISSUE,-4390,EA,RM-B,WMS
IM-0004965,2025-08-01 22:44:00,P01,MAT-008,PRD-065,RM_RECEIPT,1607,EA,RM-A,WMS
IM-0004966,2026-01-11 04:21:00,P03,MAT-018,PRD-067,RM_RECEIPT,1375,EA,RM-A,WMS
IM-0004967,2026-01-10 12:51:00,P02,PRD-029,PRD-029,FG_SHIP,-4611,EA,FG-01,WMS
IM-0004968,2026-06-01 09:34:00,P02,PRD-011,PRD-011,FG_SHIP,-9288,EA,RM-A,WMS
IM-0004969,2026-04-29 21:48:00,P02,MAT-023,PRD-007,RM_RECEIPT,3255,EA,FG-01,WMS
IM-0004970,2026-05-21 04:52:00,P01,PRD-072,PRD-072,FG_RECEIPT,2862,EA,FG-01,WMS
IM-0004971,2026-03-05 01:47:00,P01,PRD-044,PRD-044,FG_SHIP,-1125,EA,FG-01,WMS
IM-0004972,2026-02-10 10:23:00,P03,MAT-006,PRD-001,RM_ISSUE,-2879,EA,FG-01,WMS
IM-0004973,2026-05-17 05:53:00,P02,MAT-024,PRD-003,RM_RECEIPT,1008,EA,WIP-01,WMS
IM-0004974,2026-06-24 02:09:00,P01,PRD-044,PRD-044,FG_SHIP,-849,EA,WIP-01,WMS
IM-0004975,2026-01-16 20:46:00,P01,PRD-040,PRD-040,FG_RECEIPT,9052,EA,RM-B,WMS
IM-0004976,2026-06-16 04:55:00,P02,MAT-025,PRD-035,RM_ISSUE,-3673,EA,RM-A,WMS
IM-0004977,2026-02-13 11:51:00,P01,MAT-005,PRD-021,RM_ISSUE,-5116,EA,RM-B,WMS
IM-0004978,2026-01-24 04:28:00,P03,PRD-011,PRD-011,FG_SHIP,-1017,EA,WIP-01,WMS
IM-0004979,2025-09-03 00:47:00,P03,PRD-045,PRD-045,FG_RECEIPT,465,EA,WIP-01,WMS
IM-0004980,2025-08-14 02:25:00,P02,PRD-077,PRD-077,FG_SHIP,-1547,EA,FG-02,WMS
IM-0004981,2026-03-23 19:20:00,P02,PRD-078,PRD-078,FG_RECEIPT,1914,EA,FG-01,WMS
IM-0004982,2025-09-30 22:52:00,P02,MAT-030,PRD-062,RM_ISSUE,-10695,EA,RM-B,WMS
IM-0004983,2025-09-24 01:36:00,P03,PRD-007,PRD-007,FG_RECEIPT,1029,EA,RM-B,WMS
IM-0004984,2026-05-31 01:49:00,P02,MAT-030,PRD-060,RM_RECEIPT,2623,EA,FG-02,WMS
IM-0004985,2025-12-13 17:01:00,P03,PRD-052,PRD-052,FG_RECEIPT,2400,EA,WIP-01,WMS
IM-0004986,2026-01-08 12:45:00,P01,MAT-033,PRD-044,RM_ISSUE,-2461,EA,FG-02,WMS
IM-0004987,2025-11-08 20:10:00,P01,MAT-033,PRD-044,RM_RECEIPT,564,EA,RM-A,WMS
IM-0004988,2026-02-12 21:12:00,P01,MAT-026,PRD-059,RM_ISSUE,-595,EA,WIP-01,WMS
IM-0004989,2026-06-13 05:15:00,P02,PRD-070,PRD-070,FG_SHIP,-1825,EA,FG-02,WMS
IM-0004990,2026-07-28 21:52:00,P01,MAT-012,PRD-011,RM_RECEIPT,784,EA,RM-B,WMS
IM-0004991,2026-07-11 10:09:00,P02,MAT-018,PRD-050,RM_RECEIPT,5587,EA,RM-A,WMS
IM-0004992,2026-06-25 20:46:00,P03,PRD-033,PRD-033,FG_RECEIPT,1984,EA,RM-B,WMS
IM-0004993,2026-03-13 18:56:00,P02,MAT-010,PRD-063,RM_ISSUE,-2285,EA,WIP-01,WMS
IM-0004994,2025-12-31 00:45:00,P02,PRD-021,PRD-021,FG_RECEIPT,1190,EA,RM-A,WMS
IM-0004995,2025-08-02 14:19:00,P01,MAT-019,PRD-071,RM_RECEIPT,401,EA,FG-02,WMS
IM-0004996,2025-08-01 22:55:00,P03,MAT-022,PRD-073,RM_RECEIPT,1220,EA,FG-01,WMS
IM-0004997,2025-08-26 22:42:00,P02,PRD-069,PRD-069,FG_SHIP,-1094,EA,RM-B,WMS
IM-0004998,2026-03-17 12:06:00,P01,MAT-002,PRD-069,RM_RECEIPT,1764,EA,FG-01,WMS
IM-0004999,2026-01-07 22:12:00,P02,PRD-009,PRD-009,FG_SHIP,-6240,EA,RM-A,WMS
IM-0005000,2025-09-26 19:59:00,P01,MAT-012,PRD-006,RM_ISSUE,-1819,EA,FG-01,WMS
IM-0005001,2025-11-03 19:39:00,P03,PRD-038,PRD-038,FG_RECEIPT,1765,EA,FG-02,WMS
IM-0005002,2026-01-27 17:58:00,P03,MAT-033,PRD-076,RM_ISSUE,-910,EA,FG-02,WMS
IM-0005003,2026-03-25 19:12:00,P03,MAT-023,PRD-007,RM_RECEIPT,7061,EA,FG-01,WMS
IM-0005004,2026-04-22 00:15:00,P02,MAT-036,PRD-020,RM_ISSUE,-886,EA,FG-02,WMS
IM-0005005,2025-10-12 21:36:00,P01,PRD-071,PRD-071,FG_RECEIPT,1950,EA,FG-01,WMS
IM-0005006,2026-02-14 11:46:00,P03,MAT-037,PRD-051,RM_ISSUE,-2622,EA,WIP-01,WMS
IM-0005007,2026-01-02 17:29:00,P03,PRD-079,PRD-079,ADJUSTMENT,2990,EA,RM-A,WMS
IM-0005008,2025-12-30 15:20:00,P03,PRD-060,PRD-060,ADJUSTMENT,2068,EA,RM-A,WMS
IM-0005009,2025-11-26 16:16:00,P01,MAT-026,PRD-046,RM_RECEIPT,797,EA,WIP-01,WMS
IM-0005010,2025-10-27 01:06:00,P03,PRD-032,PRD-032,FG_SHIP,-5167,EA,FG-02,WMS
IM-0005011,2026-02-09 08:55:00,P02,PRD-055,PRD-055,FG_SHIP,-1360,EA,WIP-01,WMS
IM-0005012,2026-06-21 23:14:00,P01,PRD-036,PRD-036,FG_RECEIPT,1139,EA,WIP-01,WMS
IM-0005013,2026-03-05 18:19:00,P03,PRD-041,PRD-041,FG_SHIP,-2264,EA,FG-01,WMS
IM-0005014,2026-05-08 19:21:00,P03,PRD-055,PRD-055,FG_RECEIPT,2200,EA,WIP-01,WMS
IM-0005015,2025-11-28 16:09:00,P01,PRD-077,PRD-077,ADJUSTMENT,3917,EA,WIP-01,WMS
IM-0005016,2026-05-22 23:31:00,P03,PRD-037,PRD-037,FG_RECEIPT,2676,EA,FG-01,WMS
IM-0005017,2025-11-12 15:35:00,P02,PRD-005,PRD-005,FG_SHIP,-4920,EA,FG-01,WMS
IM-0005018,2026-04-09 23:16:00,P01,MAT-027,PRD-072,RM_RECEIPT,1624,EA,FG-01,WMS
IM-0005019,2026-04-03 17:02:00,P02,PRD-080,PRD-080,FG_RECEIPT,1871,EA,FG-01,WMS
IM-0005020,2025-10-10 08:20:00,P03,PRD-001,PRD-001,FG_SHIP,-5358,EA,FG-01,WMS
IM-0005021,2025-09-12 22:45:00,P03,MAT-022,PRD-042,RM_RECEIPT,1823,EA,WIP-01,WMS
IM-0005022,2025-12-18 21:06:00,P03,PRD-020,PRD-020,FG_SHIP,-6306,EA,RM-B,WMS
IM-0005023,2026-02-27 05:21:00,P02,MAT-030,PRD-009,RM_ISSUE,-1068,EA,RM-B,WMS
IM-0005024,2026-06-10 17:55:00,P03,MAT-004,PRD-040,RM_ISSUE,-1565,EA,RM-A,WMS
IM-0005025,2026-07-31 13:56:00,P02,PRD-036,PRD-036,FG_SHIP,-5460,EA,FG-02,WMS
IM-0005026,2025-11-22 22:37:00,P03,PRD-064,PRD-064,ADJUSTMENT,4244,EA,FG-01,WMS
IM-0005027,2026-03-21 06:41:00,P01,PRD-069,PRD-069,FG_SHIP,-3202,EA,WIP-01,WMS
IM-0005028,2026-06-07 19:12:00,P01,MAT-018,PRD-030,RM_RECEIPT,949,EA,RM-A,WMS
IM-0005029,2026-01-23 21:09:00,P02,MAT-015,PRD-034,RM_RECEIPT,3694,EA,FG-01,WMS
IM-0005030,2026-01-18 07:25:00,P02,PRD-071,PRD-071,FG_SHIP,-3294,EA,FG-01,WMS
IM-0005031,2025-10-09 11:08:00,P03,MAT-027,PRD-072,RM_RECEIPT,1816,EA,RM-B,WMS
IM-0005032,2026-04-16 11:32:00,P03,PRD-043,PRD-043,FG_SHIP,-785,EA,FG-02,WMS
IM-0005033,2025-11-03 18:11:00,P03,PRD-071,PRD-071,FG_SHIP,-954,EA,FG-02,WMS
IM-0005034,2025-08-18 19:52:00,P02,PRD-001,PRD-001,FG_SHIP,-983,EA,RM-A,WMS
IM-0005035,2026-03-12 12:54:00,P02,PRD-074,PRD-074,FG_SHIP,-791,EA,FG-01,WMS
IM-0005036,2026-07-30 04:07:00,P02,PRD-055,PRD-055,FG_SHIP,-2897,EA,RM-B,WMS
IM-0005037,2025-08-25 13:08:00,P02,PRD-008,PRD-008,FG_RECEIPT,598,EA,FG-01,WMS
IM-0005038,2025-10-03 05:09:00,P03,PRD-078,PRD-078,FG_SHIP,-5632,EA,RM-A,WMS
IM-0005039,2026-07-10 23:09:00,P03,MAT-026,PRD-059,RM_ISSUE,-4113,EA,WIP-01,WMS
IM-0005040,2026-07-08 20:10:00,P02,PRD-038,PRD-038,FG_SHIP,-2105,EA,WIP-01,WMS
IM-0005041,2026-03-13 19:21:00,P02,MAT-010,PRD-027,RM_RECEIPT,15317,EA,RM-A,WMS
IM-0005042,2026-01-27 01:38:00,P01,PRD-032,PRD-032,FG_SHIP,-646,EA,WIP-01,WMS
IM-0005043,2026-05-02 17:49:00,P01,MAT-027,PRD-072,RM_ISSUE,-3005,EA,WIP-01,WMS
IM-0005044,2025-12-01 20:01:00,P03,PRD-043,PRD-043,FG_RECEIPT,2029,EA,FG-02,WMS
IM-0005045,2025-08-04 07:22:00,P02,MAT-018,PRD-050,RM_RECEIPT,3763,EA,FG-01,WMS
IM-0005046,2025-12-25 13:55:00,P01,MAT-003,PRD-014,RM_RECEIPT,2110,EA,RM-B,WMS
IM-0005047,2026-02-06 13:25:00,P01,PRD-005,PRD-005,FG_RECEIPT,1819,EA,RM-B,WMS
IM-0005048,2026-05-11 01:14:00,P02,MAT-024,PRD-003,RM_RECEIPT,1833,EA,FG-02,WMS
IM-0005049,2025-10-09 17:50:00,P03,MAT-030,PRD-062,RM_ISSUE,-5128,EA,WIP-01,WMS
IM-0005050,2026-06-22 19:07:00,P01,PRD-009,PRD-009,FG_RECEIPT,4377,EA,RM-A,WMS
IM-0005051,2025-12-27 07:56:00,P03,PRD-018,PRD-018,FG_SHIP,-5444,EA,FG-01,WMS
IM-0005052,2025-09-27 19:45:00,P02,PRD-017,PRD-017,FG_RECEIPT,7376,EA,WIP-01,WMS
IM-0005053,2025-12-04 13:20:00,P01,MAT-022,PRD-073,RM_ISSUE,-819,EA,WIP-01,WMS
IM-0005054,2025-09-02 22:52:00,P02,PRD-034,PRD-034,FG_SHIP,-1687,EA,RM-B,WMS
IM-0005055,2026-05-27 14:55:00,P03,PRD-076,PRD-076,FG_SHIP,-3774,EA,FG-01,WMS
IM-0005056,2025-08-28 14:42:00,P02,PRD-075,PRD-075,FG_SHIP,-2588,EA,FG-02,WMS
IM-0005057,2026-01-08 14:16:00,P02,PRD-029,PRD-029,FG_SHIP,-2383,EA,RM-A,WMS
IM-0005058,2026-01-09 11:04:00,P02,PRD-045,PRD-045,FG_RECEIPT,2131,EA,RM-A,WMS
IM-0005059,2025-12-31 13:06:00,P01,PRD-008,PRD-008,FG_RECEIPT,3728,EA,FG-01,WMS
IM-0005060,2026-04-19 21:24:00,P03,PRD-014,PRD-014,ADJUSTMENT,2135,EA,FG-02,WMS
IM-0005061,2026-06-05 22:45:00,P01,PRD-012,PRD-012,FG_RECEIPT,1262,EA,RM-A,WMS
IM-0005062,2026-03-17 21:37:00,P01,PRD-012,PRD-012,FG_RECEIPT,988,EA,WIP-01,WMS
IM-0005063,2025-11-18 05:35:00,P01,MAT-013,PRD-075,RM_RECEIPT,4199,EA,FG-01,WMS
IM-0005064,2025-10-25 16:20:00,P01,PRD-038,PRD-038,FG_RECEIPT,2204,EA,FG-01,WMS
IM-0005065,2025-11-27 19:41:00,P01,PRD-050,PRD-050,FG_RECEIPT,1893,EA,RM-A,WMS
IM-0005066,2025-10-27 14:32:00,P01,MAT-015,PRD-034,RM_ISSUE,-3288,EA,RM-B,WMS
IM-0005067,2026-02-11 19:53:00,P01,PRD-080,PRD-080,FG_SHIP,-632,EA,FG-02,WMS
IM-0005068,2025-09-18 15:56:00,P03,MAT-030,PRD-064,RM_ISSUE,-1239,EA,WIP-01,WMS
IM-0005069,2025-10-07 00:03:00,P03,PRD-066,PRD-066,FG_SHIP,-1879,EA,WIP-01,WMS
IM-0005070,2025-08-07 16:21:00,P01,PRD-060,PRD-060,FG_RECEIPT,2857,EA,FG-01,WMS
IM-0005071,2025-09-27 15:40:00,P03,PRD-054,PRD-054,FG_SHIP,-5660,EA,FG-02,WMS
IM-0005072,2026-07-09 11:35:00,P01,MAT-030,PRD-012,RM_RECEIPT,2949,EA,FG-02,WMS
IM-0005073,2025-09-02 20:01:00,P03,MAT-029,PRD-031,RM_RECEIPT,5910,EA,FG-02,WMS
IM-0005074,2026-07-02 16:42:00,P02,PRD-070,PRD-070,FG_SHIP,-1885,EA,WIP-01,WMS
IM-0005075,2026-06-04 18:17:00,P01,MAT-022,PRD-042,RM_ISSUE,-8930,EA,RM-A,WMS
IM-0005076,2026-06-14 09:02:00,P03,MAT-014,PRD-068,RM_RECEIPT,1624,EA,FG-01,WMS
IM-0005077,2025-12-03 03:49:00,P01,PRD-019,PRD-019,FG_SHIP,-2975,EA,RM-A,WMS
IM-0005078,2025-12-09 04:51:00,P03,PRD-043,PRD-043,FG_SHIP,-1040,EA,FG-01,WMS
IM-0005079,2026-01-24 13:28:00,P01,PRD-009,PRD-009,FG_RECEIPT,6268,EA,RM-B,WMS
IM-0005080,2026-07-31 05:46:00,P03,MAT-019,PRD-004,RM_RECEIPT,1067,EA,FG-02,WMS
IM-0005081,2026-01-07 15:26:00,P01,PRD-042,PRD-042,FG_SHIP,-4001,EA,FG-01,WMS
IM-0005082,2025-12-21 11:55:00,P02,MAT-032,PRD-005,RM_ISSUE,-1061,EA,FG-01,WMS
IM-0005083,2026-05-05 21:33:00,P01,PRD-080,PRD-080,FG_SHIP,-2601,EA,RM-B,WMS
IM-0005084,2026-04-18 10:54:00,P03,PRD-002,PRD-002,FG_RECEIPT,1533,EA,FG-01,WMS
IM-0005085,2025-12-11 07:49:00,P03,MAT-005,PRD-021,RM_ISSUE,-760,EA,WIP-01,WMS
IM-0005086,2026-01-27 05:10:00,P01,MAT-026,PRD-057,RM_RECEIPT,5607,EA,RM-B,WMS
IM-0005087,2025-10-05 08:06:00,P02,MAT-019,PRD-004,RM_ISSUE,-1827,EA,RM-A,WMS
IM-0005088,2025-09-05 23:27:00,P02,MAT-014,PRD-068,RM_ISSUE,-2551,EA,FG-02,WMS
IM-0005089,2025-09-10 18:28:00,P01,MAT-018,PRD-078,RM_ISSUE,-1929,EA,WIP-01,WMS
IM-0005090,2026-01-14 03:25:00,P03,PRD-034,PRD-034,ADJUSTMENT,3257,EA,FG-01,WMS
IM-0005091,2026-05-07 07:49:00,P01,PRD-012,PRD-012,FG_SHIP,-1032,EA,FG-01,WMS
IM-0005092,2025-09-10 23:13:00,P03,PRD-016,PRD-016,FG_RECEIPT,6069,EA,FG-01,WMS
IM-0005093,2025-12-06 18:21:00,P03,PRD-057,PRD-057,FG_SHIP,-2521,EA,RM-B,WMS
IM-0005094,2026-06-19 20:45:00,P03,PRD-061,PRD-061,FG_RECEIPT,2322,EA,RM-B,WMS
IM-0005095,2026-01-21 13:34:00,P01,MAT-023,PRD-007,RM_RECEIPT,3077,EA,FG-01,WMS
IM-0005096,2026-01-02 11:57:00,P02,MAT-027,PRD-072,RM_ISSUE,-867,EA,RM-A,WMS
IM-0005097,2025-12-03 10:50:00,P01,PRD-042,PRD-042,FG_SHIP,-814,EA,FG-01,WMS
IM-0005098,2026-03-20 12:10:00,P01,PRD-026,PRD-026,ADJUSTMENT,419,EA,FG-02,WMS
IM-0005099,2026-01-08 23:23:00,P03,PRD-031,PRD-031,FG_RECEIPT,1560,EA,RM-B,WMS
IM-0005100,2026-01-17 15:50:00,P02,MAT-030,PRD-041,RM_ISSUE,-3220,EA,RM-B,WMS
IM-0005101,2025-12-30 13:24:00,P01,PRD-045,PRD-045,FG_RECEIPT,6665,EA,WIP-01,WMS
IM-0005102,2026-07-11 14:45:00,P01,PRD-063,PRD-063,FG_SHIP,-684,EA,RM-A,WMS
IM-0005103,2025-10-24 07:47:00,P03,MAT-030,PRD-064,RM_RECEIPT,5442,EA,WIP-01,WMS
IM-0005104,2026-01-05 15:29:00,P03,PRD-063,PRD-063,FG_RECEIPT,2029,EA,RM-A,WMS
IM-0005105,2026-04-19 19:56:00,P03,MAT-029,PRD-031,RM_RECEIPT,3215,EA,WIP-01,WMS
IM-0005106,2026-07-30 07:01:00,P01,MAT-022,PRD-047,RM_ISSUE,-1600,EA,RM-A,WMS
IM-0005107,2025-08-29 20:53:00,P02,MAT-017,PRD-019,RM_RECEIPT,1831,EA,WIP-01,WMS
IM-0005108,2026-01-02 10:12:00,P03,PRD-049,PRD-049,FG_RECEIPT,5072,EA,FG-01,WMS
IM-0005109,2025-08-27 19:46:00,P02,PRD-041,PRD-041,FG_RECEIPT,3596,EA,FG-02,WMS
IM-0005110,2025-10-02 05:47:00,P01,PRD-044,PRD-044,FG_RECEIPT,3602,EA,WIP-01,WMS
IM-0005111,2025-12-20 10:18:00,P01,PRD-064,PRD-064,FG_SHIP,-1066,EA,WIP-01,WMS
IM-0005112,2025-11-02 14:27:00,P02,MAT-027,PRD-072,RM_RECEIPT,6610,EA,FG-02,WMS
IM-0005113,2025-11-02 16:38:00,P03,MAT-010,PRD-063,RM_RECEIPT,1996,EA,FG-02,WMS
IM-0005114,2026-02-05 06:39:00,P03,PRD-043,PRD-043,FG_RECEIPT,3165,EA,FG-02,WMS
IM-0005115,2025-10-31 08:35:00,P03,MAT-033,PRD-022,RM_ISSUE,-5994,EA,RM-B,WMS
IM-0005116,2025-10-31 08:22:00,P01,MAT-005,PRD-033,RM_RECEIPT,7856,EA,FG-01,WMS
IM-0005117,2025-10-10 11:01:00,P01,MAT-005,PRD-021,RM_RECEIPT,6111,EA,FG-02,WMS
IM-0005118,2026-05-05 05:05:00,P03,PRD-067,PRD-067,FG_SHIP,-683,EA,FG-02,WMS
IM-0005119,2026-03-05 12:32:00,P01,PRD-011,PRD-011,FG_SHIP,-3834,EA,WIP-01,WMS
IM-0005120,2025-11-22 05:38:00,P02,MAT-035,PRD-053,RM_RECEIPT,4515,EA,WIP-01,WMS
IM-0005121,2025-08-24 07:26:00,P01,PRD-049,PRD-049,FG_SHIP,-3080,EA,RM-B,WMS
IM-0005122,2026-04-01 14:47:00,P03,PRD-059,PRD-059,FG_RECEIPT,3854,EA,FG-02,WMS
IM-0005123,2025-08-28 21:45:00,P02,MAT-030,PRD-012,RM_ISSUE,-3743,EA,FG-02,WMS
IM-0005124,2025-12-10 22:58:00,P02,MAT-008,PRD-065,RM_ISSUE,-2951,EA,FG-02,WMS
IM-0005125,2026-06-17 21:46:00,P02,PRD-029,PRD-029,FG_SHIP,-4733,EA,RM-B,WMS
IM-0005126,2025-09-11 17:00:00,P01,MAT-036,PRD-020,RM_ISSUE,-1654,EA,FG-01,WMS
IM-0005127,2025-10-02 04:53:00,P01,PRD-027,PRD-027,FG_SHIP,-1412,EA,FG-02,WMS
IM-0005128,2025-11-19 04:50:00,P03,PRD-027,PRD-027,FG_RECEIPT,5341,EA,RM-A,WMS
IM-0005129,2026-05-31 01:19:00,P03,PRD-006,PRD-006,FG_RECEIPT,2594,EA,FG-01,WMS
IM-0005130,2026-05-18 15:49:00,P01,MAT-018,PRD-026,RM_ISSUE,-2679,EA,FG-02,WMS
IM-0005131,2026-04-25 03:11:00,P01,MAT-018,PRD-026,RM_ISSUE,-1970,EA,RM-B,WMS
IM-0005132,2026-01-02 23:52:00,P01,MAT-002,PRD-069,RM_RECEIPT,1900,EA,RM-B,WMS
IM-0005133,2025-10-22 15:29:00,P03,PRD-048,PRD-048,FG_RECEIPT,2814,EA,RM-A,WMS
IM-0005134,2026-02-22 06:55:00,P02,PRD-052,PRD-052,FG_SHIP,-1821,EA,FG-01,WMS
IM-0005135,2026-07-28 21:07:00,P01,MAT-026,PRD-028,RM_ISSUE,-3367,EA,FG-01,WMS
IM-0005136,2026-01-20 19:18:00,P01,MAT-004,PRD-048,RM_ISSUE,-589,EA,FG-02,WMS
IM-0005137,2025-09-06 18:07:00,P03,PRD-064,PRD-064,FG_SHIP,-3581,EA,FG-02,WMS
IM-0005138,2025-10-17 11:09:00,P02,MAT-037,PRD-051,RM_RECEIPT,6035,EA,RM-B,WMS
IM-0005139,2026-07-19 21:00:00,P03,MAT-008,PRD-065,RM_ISSUE,-6727,EA,RM-B,WMS
IM-0005140,2026-01-02 18:12:00,P03,PRD-009,PRD-009,FG_SHIP,-1922,EA,WIP-01,WMS
IM-0005141,2026-06-27 14:52:00,P01,PRD-056,PRD-056,FG_SHIP,-1916,EA,FG-02,WMS
IM-0005142,2025-12-13 02:24:00,P02,PRD-017,PRD-017,FG_RECEIPT,5942,EA,FG-02,WMS
IM-0005143,2026-01-08 15:22:00,P02,MAT-035,PRD-016,RM_ISSUE,-932,EA,FG-01,WMS
IM-0005144,2025-08-11 07:52:00,P02,MAT-030,PRD-012,RM_RECEIPT,4152,EA,RM-B,WMS
IM-0005145,2025-08-21 21:13:00,P01,MAT-030,PRD-060,RM_RECEIPT,1953,EA,FG-02,WMS
IM-0005146,2025-11-06 19:59:00,P02,PRD-065,PRD-065,FG_RECEIPT,1181,EA,FG-02,WMS
IM-0005147,2025-08-17 09:32:00,P01,PRD-001,PRD-001,FG_SHIP,-2057,EA,FG-01,WMS
IM-0005148,2025-12-05 01:54:00,P02,MAT-019,PRD-004,RM_RECEIPT,2890,EA,RM-B,WMS
IM-0005149,2026-06-03 11:42:00,P01,MAT-033,PRD-022,RM_ISSUE,-4824,EA,RM-A,WMS
IM-0005150,2026-05-17 03:53:00,P03,PRD-035,PRD-035,FG_RECEIPT,949,EA,RM-B,WMS
IM-0005151,2025-10-01 15:42:00,P01,PRD-001,PRD-001,FG_RECEIPT,751,EA,FG-01,WMS
IM-0005152,2026-03-04 13:48:00,P01,PRD-050,PRD-050,FG_SHIP,-2718,EA,FG-01,WMS
IM-0005153,2025-10-07 23:47:00,P03,PRD-072,PRD-072,ADJUSTMENT,5962,EA,WIP-01,WMS
IM-0005154,2026-04-06 10:00:00,P02,PRD-032,PRD-032,FG_RECEIPT,955,EA,RM-B,WMS
IM-0005155,2025-12-04 05:05:00,P03,MAT-018,PRD-078,RM_ISSUE,-4006,EA,RM-A,WMS
IM-0005156,2025-08-31 05:03:00,P01,PRD-020,PRD-020,ADJUSTMENT,1049,EA,WIP-01,WMS
IM-0005157,2026-02-13 08:19:00,P03,MAT-005,PRD-058,RM_RECEIPT,2976,EA,RM-A,WMS
IM-0005158,2026-06-30 06:21:00,P01,MAT-014,PRD-070,RM_RECEIPT,783,EA,RM-A,WMS
IM-0005159,2026-04-24 16:33:00,P02,PRD-032,PRD-032,FG_SHIP,-981,EA,FG-01,WMS
IM-0005160,2025-10-07 08:56:00,P02,PRD-042,PRD-042,FG_SHIP,-1693,EA,RM-A,WMS
IM-0005161,2025-09-11 17:10:00,P02,PRD-056,PRD-056,FG_SHIP,-921,EA,FG-01,WMS
IM-0005162,2026-05-03 05:45:00,P01,MAT-002,PRD-069,RM_RECEIPT,4794,EA,RM-A,WMS
IM-0005163,2025-09-07 04:19:00,P02,PRD-027,PRD-027,FG_SHIP,-2080,EA,FG-01,WMS
IM-0005164,2026-07-15 10:55:00,P03,PRD-062,PRD-062,ADJUSTMENT,1384,EA,FG-02,WMS
IM-0005165,2025-09-03 13:47:00,P03,MAT-032,PRD-038,RM_ISSUE,-1111,EA,RM-B,WMS
IM-0005166,2026-07-16 02:23:00,P01,PRD-075,PRD-075,FG_RECEIPT,2171,EA,WIP-01,WMS
IM-0005167,2025-08-21 03:38:00,P01,PRD-046,PRD-046,FG_SHIP,-384,EA,WIP-01,WMS
IM-0005168,2026-01-26 21:35:00,P01,MAT-003,PRD-049,RM_RECEIPT,4235,EA,FG-02,WMS
IM-0005169,2025-09-12 11:54:00,P01,PRD-030,PRD-030,FG_RECEIPT,1563,EA,FG-01,WMS
IM-0005170,2025-09-26 12:52:00,P02,MAT-033,PRD-022,RM_RECEIPT,5792,EA,RM-A,WMS
IM-0005171,2026-01-28 05:27:00,P01,MAT-004,PRD-032,RM_RECEIPT,1141,EA,WIP-01,WMS
IM-0005172,2025-08-12 15:33:00,P01,MAT-026,PRD-046,RM_RECEIPT,828,EA,RM-B,WMS
IM-0005173,2025-08-23 03:14:00,P01,MAT-032,PRD-005,RM_RECEIPT,538,EA,RM-B,WMS
IM-0005174,2025-09-24 10:09:00,P01,MAT-032,PRD-038,RM_ISSUE,-2282,EA,RM-B,WMS
IM-0005175,2026-04-12 16:24:00,P01,PRD-012,PRD-012,FG_SHIP,-1623,EA,RM-A,WMS
IM-0005176,2026-02-12 20:05:00,P02,MAT-037,PRD-080,RM_ISSUE,-1247,EA,RM-B,WMS
IM-0005177,2026-01-24 19:15:00,P02,PRD-014,PRD-014,FG_RECEIPT,2389,EA,WIP-01,WMS
IM-0005178,2026-01-01 06:56:00,P01,MAT-018,PRD-067,RM_RECEIPT,1274,EA,FG-01,WMS
IM-0005179,2025-08-01 06:39:00,P03,PRD-010,PRD-010,FG_RECEIPT,566,EA,RM-B,WMS
IM-0005180,2025-08-09 15:36:00,P01,MAT-025,PRD-035,RM_ISSUE,-1273,EA,FG-01,WMS
IM-0005181,2025-12-30 23:51:00,P02,MAT-016,PRD-029,RM_RECEIPT,960,EA,RM-B,WMS
IM-0005182,2025-12-23 11:26:00,P03,PRD-052,PRD-052,FG_RECEIPT,2021,EA,RM-A,WMS
IM-0005183,2025-12-16 08:02:00,P02,MAT-037,PRD-080,RM_ISSUE,-1038,EA,WIP-01,WMS
IM-0005184,2025-12-27 07:34:00,P02,MAT-033,PRD-044,RM_RECEIPT,5533,EA,RM-B,WMS
IM-0005185,2025-08-05 08:47:00,P02,MAT-026,PRD-028,RM_RECEIPT,2750,EA,RM-A,WMS
IM-0005186,2026-01-25 05:46:00,P02,MAT-004,PRD-040,RM_RECEIPT,513,EA,FG-02,WMS
IM-0005187,2025-08-17 10:01:00,P02,MAT-017,PRD-079,RM_ISSUE,-826,EA,FG-02,WMS
IM-0005188,2026-05-28 19:02:00,P03,PRD-049,PRD-049,ADJUSTMENT,1427,EA,WIP-01,WMS
IM-0005189,2025-09-10 13:37:00,P03,MAT-008,PRD-036,RM_ISSUE,-1419,EA,FG-01,WMS
IM-0005190,2026-04-22 13:39:00,P01,MAT-032,PRD-077,RM_RECEIPT,2771,EA,WIP-01,WMS
IM-0005191,2026-01-17 09:48:00,P01,PRD-069,PRD-069,FG_RECEIPT,963,EA,WIP-01,WMS
IM-0005192,2026-01-21 02:30:00,P03,PRD-041,PRD-041,FG_RECEIPT,5615,EA,FG-02,WMS
IM-0005193,2026-07-16 02:43:00,P01,MAT-032,PRD-077,RM_ISSUE,-3413,EA,RM-B,WMS
IM-0005194,2026-04-14 02:21:00,P02,PRD-074,PRD-074,FG_SHIP,-1218,EA,FG-01,WMS
IM-0005195,2026-02-18 07:53:00,P03,MAT-017,PRD-079,RM_ISSUE,-2021,EA,FG-02,WMS
IM-0005196,2025-09-04 02:44:00,P01,MAT-022,PRD-042,RM_ISSUE,-269,EA,WIP-01,WMS
IM-0005197,2025-11-19 00:56:00,P01,MAT-002,PRD-069,RM_ISSUE,-5345,EA,RM-A,WMS
IM-0005198,2025-12-31 03:18:00,P02,PRD-014,PRD-014,FG_SHIP,-5178,EA,FG-02,WMS
IM-0005199,2026-02-26 16:46:00,P02,PRD-040,PRD-040,FG_RECEIPT,2615,EA,WIP-01,WMS
IM-0005200,2026-03-13 08:24:00,P02,PRD-027,PRD-027,FG_RECEIPT,5194,EA,RM-B,WMS
IM-0005201,2026-07-27 16:38:00,P03,PRD-020,PRD-020,FG_SHIP,-658,EA,FG-01,WMS
IM-0005202,2025-08-15 19:21:00,P01,PRD-071,PRD-071,FG_SHIP,-7583,EA,RM-A,WMS
IM-0005203,2026-01-02 09:22:00,P03,MAT-001,PRD-039,RM_ISSUE,-2543,EA,FG-02,WMS
IM-0005204,2026-06-05 07:30:00,P02,PRD-076,PRD-076,FG_RECEIPT,2664,EA,RM-B,WMS
IM-0005205,2026-04-14 00:40:00,P01,MAT-019,PRD-004,RM_ISSUE,-1471,EA,FG-01,WMS
IM-0005206,2026-04-18 08:24:00,P03,PRD-005,PRD-005,FG_SHIP,-3980,EA,FG-01,WMS
IM-0005207,2026-07-19 14:08:00,P02,PRD-017,PRD-017,FG_RECEIPT,2668,EA,FG-02,WMS
IM-0005208,2026-05-17 04:57:00,P02,MAT-018,PRD-050,RM_ISSUE,-863,EA,RM-B,WMS
IM-0005209,2026-01-26 11:52:00,P02,MAT-023,PRD-007,RM_RECEIPT,4146,EA,FG-02,WMS
IM-0005210,2025-08-16 10:33:00,P02,MAT-014,PRD-070,RM_RECEIPT,6065,EA,RM-B,WMS
IM-0005211,2026-04-12 19:22:00,P02,MAT-033,PRD-022,RM_ISSUE,-1617,EA,RM-A,WMS
IM-0005212,2026-01-16 08:57:00,P01,PRD-056,PRD-056,FG_SHIP,-3150,EA,RM-B,WMS
IM-0005213,2026-01-29 11:02:00,P01,PRD-046,PRD-046,FG_SHIP,-769,EA,WIP-01,WMS
IM-0005214,2026-06-11 09:37:00,P03,PRD-067,PRD-067,FG_SHIP,-3986,EA,RM-B,WMS
IM-0005215,2026-07-29 16:14:00,P03,PRD-072,PRD-072,FG_RECEIPT,1258,EA,FG-01,WMS
IM-0005216,2026-03-24 08:38:00,P03,PRD-074,PRD-074,FG_RECEIPT,924,EA,FG-01,WMS
IM-0005217,2026-02-14 05:50:00,P02,MAT-005,PRD-058,RM_RECEIPT,17530,EA,FG-02,WMS
IM-0005218,2026-01-07 01:15:00,P02,PRD-078,PRD-078,FG_RECEIPT,2311,EA,FG-01,WMS
IM-0005219,2026-06-07 19:20:00,P02,PRD-006,PRD-006,FG_SHIP,-2270,EA,RM-A,WMS
IM-0005220,2026-04-25 01:04:00,P01,PRD-079,PRD-079,ADJUSTMENT,591,EA,WIP-01,WMS
IM-0005221,2026-07-15 12:17:00,P02,MAT-022,PRD-042,RM_RECEIPT,7757,EA,WIP-01,WMS
IM-0005222,2026-04-13 20:57:00,P03,PRD-047,PRD-047,FG_RECEIPT,796,EA,FG-01,WMS
IM-0005223,2026-07-14 18:41:00,P03,MAT-020,PRD-010,RM_RECEIPT,3973,EA,WIP-01,WMS
IM-0005224,2025-11-24 16:43:00,P03,MAT-008,PRD-065,RM_RECEIPT,1292,EA,RM-A,WMS
IM-0005225,2025-11-30 01:56:00,P02,MAT-019,PRD-071,RM_ISSUE,-479,EA,RM-B,WMS
IM-0005226,2026-03-31 17:43:00,P02,PRD-042,PRD-042,FG_RECEIPT,9310,EA,WIP-01,WMS
IM-0005227,2025-11-28 13:07:00,P03,MAT-005,PRD-033,RM_RECEIPT,621,EA,RM-B,WMS
IM-0005228,2025-09-23 12:25:00,P03,MAT-029,PRD-045,RM_RECEIPT,1967,EA,FG-02,WMS
IM-0005229,2026-07-15 18:38:00,P03,PRD-072,PRD-072,FG_RECEIPT,1843,EA,FG-01,WMS
IM-0005230,2025-10-30 09:54:00,P02,MAT-033,PRD-044,RM_RECEIPT,1977,EA,FG-02,WMS
IM-0005231,2026-04-12 22:34:00,P03,MAT-031,PRD-008,RM_ISSUE,-1437,EA,FG-02,WMS
IM-0005232,2025-12-02 06:42:00,P01,MAT-024,PRD-003,RM_RECEIPT,1386,EA,RM-B,WMS
IM-0005233,2026-04-29 23:44:00,P01,PRD-031,PRD-031,FG_SHIP,-999,EA,RM-A,WMS
IM-0005234,2026-07-25 22:40:00,P02,MAT-004,PRD-048,RM_RECEIPT,3358,EA,FG-01,WMS
IM-0005235,2026-06-30 17:51:00,P03,MAT-037,PRD-051,RM_ISSUE,-1264,EA,FG-01,WMS
IM-0005236,2025-11-20 09:09:00,P03,MAT-005,PRD-058,RM_ISSUE,-12549,EA,RM-A,WMS
IM-0005237,2026-07-10 01:12:00,P01,MAT-018,PRD-050,RM_ISSUE,-3249,EA,RM-B,WMS
IM-0005238,2025-10-12 05:38:00,P01,MAT-024,PRD-013,RM_ISSUE,-2410,EA,RM-A,WMS
IM-0005239,2026-02-10 09:11:00,P03,MAT-001,PRD-056,RM_RECEIPT,576,EA,WIP-01,WMS
IM-0005240,2026-01-23 19:36:00,P03,PRD-068,PRD-068,FG_RECEIPT,13778,EA,WIP-01,WMS
IM-0005241,2025-09-14 17:37:00,P02,MAT-026,PRD-046,RM_RECEIPT,1652,EA,FG-01,WMS
IM-0005242,2026-05-06 10:01:00,P02,MAT-018,PRD-002,RM_ISSUE,-4539,EA,FG-02,WMS
IM-0005243,2026-07-12 03:54:00,P01,PRD-029,PRD-029,FG_RECEIPT,1293,EA,FG-02,WMS
IM-0005244,2026-06-09 06:35:00,P02,MAT-032,PRD-015,RM_ISSUE,-1897,EA,RM-A,WMS
IM-0005245,2026-07-31 12:33:00,P03,MAT-018,PRD-067,RM_ISSUE,-2762,EA,RM-B,WMS
IM-0005246,2025-11-30 03:32:00,P02,PRD-042,PRD-042,FG_RECEIPT,4001,EA,FG-02,WMS
IM-0005247,2026-02-12 19:03:00,P03,MAT-004,PRD-032,RM_ISSUE,-1346,EA,RM-A,WMS
IM-0005248,2026-04-08 18:34:00,P02,MAT-005,PRD-058,RM_RECEIPT,617,EA,RM-A,WMS
IM-0005249,2025-10-02 12:56:00,P01,PRD-053,PRD-053,FG_RECEIPT,1161,EA,FG-02,WMS
IM-0005250,2025-11-21 14:08:00,P03,MAT-010,PRD-027,RM_ISSUE,-1593,EA,WIP-01,WMS
IM-0005251,2026-02-23 02:55:00,P01,PRD-073,PRD-073,ADJUSTMENT,904,EA,FG-01,WMS
IM-0005252,2025-11-17 06:57:00,P03,MAT-015,PRD-034,RM_RECEIPT,2357,EA,FG-01,WMS
IM-0005253,2026-03-06 05:26:00,P02,MAT-001,PRD-039,RM_ISSUE,-3238,EA,FG-02,WMS
IM-0005254,2025-11-06 03:58:00,P01,PRD-020,PRD-020,FG_RECEIPT,2686,EA,RM-A,WMS
IM-0005255,2025-12-02 11:22:00,P02,MAT-026,PRD-028,RM_ISSUE,-7826,EA,RM-A,WMS
IM-0005256,2026-02-16 17:17:00,P01,PRD-032,PRD-032,FG_SHIP,-487,EA,WIP-01,WMS
IM-0005257,2025-12-22 23:47:00,P03,MAT-018,PRD-054,RM_RECEIPT,1463,EA,FG-02,WMS
IM-0005258,2026-06-05 06:19:00,P02,PRD-022,PRD-022,FG_SHIP,-999,EA,RM-A,WMS
IM-0005259,2026-01-14 06:04:00,P01,MAT-030,PRD-064,RM_ISSUE,-4561,EA,RM-B,WMS
IM-0005260,2026-05-07 03:46:00,P02,MAT-026,PRD-028,RM_ISSUE,-6829,EA,WIP-01,WMS
IM-0005261,2025-09-24 06:27:00,P02,PRD-067,PRD-067,FG_RECEIPT,2243,EA,FG-02,WMS
IM-0005262,2025-12-18 01:22:00,P01,MAT-022,PRD-047,RM_RECEIPT,2517,EA,WIP-01,WMS
IM-0005263,2025-10-06 21:49:00,P02,PRD-039,PRD-039,FG_RECEIPT,1103,EA,RM-A,WMS
IM-0005264,2026-06-25 23:51:00,P03,MAT-022,PRD-023,RM_RECEIPT,1045,EA,RM-B,WMS
IM-0005265,2026-01-01 19:03:00,P02,MAT-026,PRD-046,RM_ISSUE,-2781,EA,RM-B,WMS
IM-0005266,2025-10-22 23:04:00,P01,PRD-037,PRD-037,ADJUSTMENT,2310,EA,FG-02,WMS
IM-0005267,2025-09-06 20:54:00,P01,MAT-024,PRD-013,RM_RECEIPT,632,EA,RM-A,WMS
IM-0005268,2026-01-22 09:35:00,P03,PRD-058,PRD-058,FG_RECEIPT,3191,EA,FG-02,WMS
IM-0005269,2026-04-14 00:47:00,P03,MAT-003,PRD-014,RM_RECEIPT,2997,EA,WIP-01,WMS
IM-0005270,2025-09-18 02:15:00,P02,MAT-018,PRD-050,RM_RECEIPT,3705,EA,WIP-01,WMS
IM-0005271,2025-11-04 00:39:00,P03,MAT-033,PRD-044,RM_ISSUE,-1763,EA,FG-01,WMS
IM-0005272,2026-01-27 15:44:00,P01,MAT-005,PRD-058,RM_RECEIPT,5457,EA,RM-A,WMS
IM-0005273,2026-06-17 02:09:00,P03,PRD-045,PRD-045,FG_SHIP,-2358,EA,FG-01,WMS
IM-0005274,2025-12-02 07:21:00,P02,PRD-018,PRD-018,FG_SHIP,-8894,EA,RM-B,WMS
IM-0005275,2026-01-28 17:24:00,P01,PRD-061,PRD-061,FG_SHIP,-2080,EA,RM-A,WMS
IM-0005276,2025-10-21 04:46:00,P03,PRD-016,PRD-016,FG_SHIP,-6176,EA,RM-A,WMS
IM-0005277,2026-07-08 23:54:00,P01,PRD-011,PRD-011,ADJUSTMENT,1472,EA,RM-B,WMS
IM-0005278,2026-02-24 00:50:00,P01,MAT-030,PRD-062,RM_RECEIPT,1658,EA,RM-B,WMS
IM-0005279,2025-10-03 21:46:00,P01,MAT-008,PRD-065,RM_RECEIPT,3673,EA,FG-02,WMS
IM-0005280,2026-03-05 02:52:00,P01,PRD-036,PRD-036,FG_RECEIPT,1374,EA,FG-02,WMS
IM-0005281,2026-06-12 22:20:00,P01,MAT-030,PRD-062,RM_RECEIPT,1666,EA,FG-01,WMS
IM-0005282,2026-07-21 18:40:00,P01,MAT-022,PRD-073,RM_RECEIPT,3154,EA,RM-A,WMS
IM-0005283,2026-03-11 14:21:00,P01,PRD-060,PRD-060,FG_SHIP,-1443,EA,FG-01,WMS
IM-0005284,2026-05-08 08:06:00,P02,MAT-012,PRD-006,RM_ISSUE,-1927,EA,RM-B,WMS
IM-0005285,2026-07-29 11:48:00,P01,PRD-071,PRD-071,FG_RECEIPT,2728,EA,FG-02,WMS
IM-0005286,2025-11-09 12:34:00,P02,PRD-070,PRD-070,FG_RECEIPT,4681,EA,WIP-01,WMS
IM-0005287,2026-06-27 20:44:00,P01,MAT-024,PRD-013,RM_RECEIPT,6399,EA,FG-01,WMS
IM-0005288,2025-12-18 11:24:00,P03,PRD-036,PRD-036,FG_SHIP,-933,EA,RM-B,WMS
IM-0005289,2025-10-16 19:36:00,P01,MAT-019,PRD-071,RM_RECEIPT,3206,EA,WIP-01,WMS
IM-0005290,2025-11-04 14:39:00,P02,MAT-026,PRD-028,RM_RECEIPT,1025,EA,WIP-01,WMS
IM-0005291,2026-06-02 00:05:00,P01,PRD-057,PRD-057,FG_RECEIPT,2990,EA,FG-02,WMS
IM-0005292,2026-03-29 05:22:00,P02,MAT-026,PRD-057,RM_ISSUE,-1938,EA,RM-A,WMS
IM-0005293,2025-10-19 07:40:00,P03,PRD-072,PRD-072,FG_SHIP,-3351,EA,FG-02,WMS
IM-0005294,2025-10-20 03:57:00,P02,PRD-040,PRD-040,FG_SHIP,-2440,EA,RM-A,WMS
IM-0005295,2026-05-16 17:22:00,P01,MAT-004,PRD-040,RM_RECEIPT,3398,EA,RM-A,WMS
IM-0005296,2026-05-19 01:10:00,P01,PRD-032,PRD-032,FG_RECEIPT,5579,EA,WIP-01,WMS
IM-0005297,2026-01-26 08:53:00,P01,MAT-018,PRD-026,RM_RECEIPT,1315,EA,RM-B,WMS
IM-0005298,2025-10-14 00:08:00,P03,MAT-018,PRD-030,RM_RECEIPT,1424,EA,WIP-01,WMS
IM-0005299,2026-07-22 21:57:00,P03,MAT-032,PRD-038,RM_RECEIPT,1590,EA,FG-02,WMS
IM-0005300,2026-01-26 13:41:00,P02,PRD-019,PRD-019,FG_RECEIPT,6910,EA,FG-02,WMS
IM-0005301,2026-05-29 16:42:00,P01,MAT-017,PRD-019,RM_RECEIPT,7000,EA,FG-02,WMS
IM-0005302,2026-04-28 22:44:00,P02,PRD-056,PRD-056,FG_SHIP,-1415,EA,RM-B,WMS
IM-0005303,2025-09-20 13:09:00,P02,PRD-015,PRD-015,FG_SHIP,-1734,EA,RM-B,WMS
IM-0005304,2026-03-12 15:35:00,P02,MAT-004,PRD-032,RM_RECEIPT,462,EA,FG-02,WMS
IM-0005305,2026-01-04 21:29:00,P02,MAT-030,PRD-064,RM_RECEIPT,3450,EA,RM-B,WMS
IM-0005306,2025-11-13 09:14:00,P01,PRD-049,PRD-049,ADJUSTMENT,1519,EA,FG-01,WMS
IM-0005307,2025-08-24 04:29:00,P03,MAT-023,PRD-007,RM_RECEIPT,4558,EA,WIP-01,WMS
IM-0005308,2025-09-15 11:12:00,P01,MAT-036,PRD-020,RM_RECEIPT,1193,EA,FG-02,WMS
IM-0005309,2026-04-19 16:32:00,P03,MAT-001,PRD-056,RM_RECEIPT,6316,EA,FG-02,WMS
IM-0005310,2026-04-22 23:11:00,P02,MAT-010,PRD-027,RM_RECEIPT,2345,EA,FG-02,WMS
IM-0005311,2026-02-20 17:38:00,P02,PRD-028,PRD-028,FG_SHIP,-3469,EA,FG-02,WMS
IM-0005312,2026-04-10 05:10:00,P02,MAT-033,PRD-022,RM_RECEIPT,883,EA,RM-A,WMS
IM-0005313,2026-06-11 21:23:00,P02,PRD-031,PRD-031,FG_RECEIPT,799,EA,RM-A,WMS
IM-0005314,2025-09-27 10:06:00,P03,MAT-016,PRD-029,RM_ISSUE,-2437,EA,WIP-01,WMS
IM-0005315,2026-03-05 16:55:00,P02,MAT-033,PRD-022,RM_RECEIPT,1522,EA,RM-A,WMS
IM-0005316,2026-06-16 01:05:00,P03,MAT-015,PRD-025,RM_ISSUE,-785,EA,FG-01,WMS
IM-0005317,2026-01-03 23:57:00,P03,PRD-063,PRD-063,FG_SHIP,-4244,EA,RM-A,WMS
IM-0005318,2026-07-25 22:55:00,P01,MAT-014,PRD-068,RM_RECEIPT,3468,EA,FG-01,WMS
IM-0005319,2026-01-04 19:47:00,P03,PRD-025,PRD-025,FG_RECEIPT,1911,EA,WIP-01,WMS
IM-0005320,2025-12-31 12:01:00,P02,PRD-025,PRD-025,FG_RECEIPT,3328,EA,FG-01,WMS
IM-0005321,2026-06-25 11:05:00,P03,MAT-030,PRD-062,RM_ISSUE,-2538,EA,RM-B,WMS
IM-0005322,2025-12-23 09:48:00,P01,PRD-069,PRD-069,FG_RECEIPT,1350,EA,RM-A,WMS
IM-0005323,2025-10-26 08:16:00,P02,PRD-026,PRD-026,FG_SHIP,-1926,EA,FG-01,WMS
IM-0005324,2026-07-10 04:55:00,P01,PRD-045,PRD-045,FG_RECEIPT,1793,EA,FG-02,WMS
IM-0005325,2026-07-21 06:03:00,P01,MAT-018,PRD-054,RM_ISSUE,-2637,EA,FG-02,WMS
IM-0005326,2025-08-11 08:41:00,P03,MAT-026,PRD-057,RM_RECEIPT,4899,EA,RM-A,WMS
IM-0005327,2026-01-02 23:04:00,P01,PRD-071,PRD-071,FG_RECEIPT,1040,EA,RM-B,WMS
IM-0005328,2025-12-25 21:53:00,P03,PRD-044,PRD-044,FG_SHIP,-14689,EA,FG-02,WMS
IM-0005329,2026-04-16 06:44:00,P03,PRD-079,PRD-079,FG_RECEIPT,5059,EA,FG-01,WMS
IM-0005330,2025-12-18 18:43:00,P01,MAT-026,PRD-028,RM_RECEIPT,2842,EA,FG-01,WMS
IM-0005331,2026-01-13 09:28:00,P02,PRD-022,PRD-022,FG_SHIP,-2859,EA,RM-B,WMS
IM-0005332,2026-01-26 20:49:00,P02,MAT-025,PRD-035,RM_RECEIPT,2019,EA,FG-01,WMS
IM-0005333,2025-08-04 20:43:00,P01,MAT-037,PRD-051,RM_ISSUE,-1562,EA,WIP-01,WMS
IM-0005334,2026-04-08 03:58:00,P01,MAT-002,PRD-069,RM_ISSUE,-1507,EA,WIP-01,WMS
IM-0005335,2026-01-29 08:45:00,P03,PRD-068,PRD-068,FG_RECEIPT,3819,EA,RM-B,WMS
IM-0005336,2025-11-16 14:00:00,P02,PRD-004,PRD-004,FG_RECEIPT,1878,EA,FG-01,WMS
IM-0005337,2026-06-10 13:22:00,P01,PRD-063,PRD-063,FG_RECEIPT,8558,EA,FG-02,WMS
IM-0005338,2025-10-29 05:37:00,P03,PRD-074,PRD-074,FG_RECEIPT,1243,EA,FG-01,WMS
IM-0005339,2026-04-08 05:37:00,P03,MAT-013,PRD-075,RM_ISSUE,-2344,EA,FG-02,WMS
IM-0005340,2026-03-16 07:33:00,P03,MAT-022,PRD-047,RM_RECEIPT,1312,EA,WIP-01,WMS
IM-0005341,2026-01-08 18:00:00,P03,MAT-018,PRD-030,RM_ISSUE,-2705,EA,RM-B,WMS
IM-0005342,2025-08-02 04:13:00,P03,MAT-008,PRD-065,RM_RECEIPT,3200,EA,RM-B,WMS
IM-0005343,2025-10-21 08:02:00,P01,PRD-024,PRD-024,FG_SHIP,-1318,EA,RM-A,WMS
IM-0005344,2025-09-18 14:52:00,P03,PRD-054,PRD-054,FG_SHIP,-1059,EA,RM-A,WMS
IM-0005345,2025-08-14 18:28:00,P01,PRD-028,PRD-028,FG_SHIP,-4117,EA,WIP-01,WMS
IM-0005346,2026-04-08 04:40:00,P01,PRD-071,PRD-071,FG_RECEIPT,1034,EA,FG-01,WMS
IM-0005347,2026-06-04 03:24:00,P01,MAT-033,PRD-076,RM_RECEIPT,3595,EA,WIP-01,WMS
IM-0005348,2025-10-22 07:36:00,P02,MAT-007,PRD-055,RM_RECEIPT,4585,EA,FG-02,WMS
IM-0005349,2026-06-24 06:46:00,P03,PRD-064,PRD-064,FG_RECEIPT,2014,EA,FG-01,WMS
IM-0005350,2026-06-15 19:50:00,P01,PRD-007,PRD-007,FG_RECEIPT,914,EA,WIP-01,WMS
IM-0005351,2025-12-23 19:23:00,P01,MAT-010,PRD-037,RM_RECEIPT,963,EA,FG-02,WMS
IM-0005352,2025-12-31 14:01:00,P01,MAT-020,PRD-010,RM_ISSUE,-3920,EA,WIP-01,WMS
IM-0005353,2026-03-29 20:36:00,P01,PRD-051,PRD-051,FG_RECEIPT,1682,EA,FG-01,WMS
IM-0005354,2026-04-11 08:02:00,P02,MAT-010,PRD-027,RM_ISSUE,-5684,EA,WIP-01,WMS
IM-0005355,2026-02-18 22:42:00,P01,PRD-028,PRD-028,FG_RECEIPT,2283,EA,RM-B,WMS
IM-0005356,2025-11-29 15:43:00,P01,MAT-014,PRD-068,RM_RECEIPT,1591,EA,WIP-01,WMS
IM-0005357,2025-08-22 21:42:00,P02,PRD-026,PRD-026,FG_RECEIPT,2742,EA,FG-01,WMS
IM-0005358,2025-10-17 01:46:00,P02,MAT-035,PRD-016,RM_RECEIPT,2752,EA,FG-02,WMS
IM-0005359,2026-02-04 12:08:00,P02,MAT-010,PRD-063,RM_RECEIPT,2343,EA,RM-B,WMS
IM-0005360,2026-05-03 12:40:00,P03,PRD-044,PRD-044,FG_RECEIPT,4190,EA,FG-02,WMS
IM-0005361,2025-11-03 12:09:00,P03,MAT-029,PRD-045,RM_ISSUE,-6206,EA,RM-A,WMS
IM-0005362,2025-09-19 02:40:00,P03,MAT-027,PRD-072,RM_RECEIPT,5281,EA,FG-01,WMS
IM-0005363,2025-08-21 02:14:00,P01,PRD-019,PRD-019,FG_RECEIPT,813,EA,FG-02,WMS
IM-0005364,2025-08-25 21:22:00,P01,PRD-056,PRD-056,FG_RECEIPT,1709,EA,RM-A,WMS
IM-0005365,2026-05-13 15:42:00,P03,MAT-018,PRD-078,RM_ISSUE,-2412,EA,FG-02,WMS
IM-0005366,2025-11-21 01:06:00,P03,PRD-017,PRD-017,FG_RECEIPT,980,EA,FG-02,WMS
IM-0005367,2026-05-04 08:09:00,P02,MAT-005,PRD-033,RM_ISSUE,-420,EA,FG-02,WMS
IM-0005368,2025-08-31 12:08:00,P03,PRD-018,PRD-018,FG_RECEIPT,1213,EA,WIP-01,WMS
IM-0005369,2026-06-14 19:25:00,P01,PRD-064,PRD-064,FG_SHIP,-4083,EA,WIP-01,WMS
IM-0005370,2026-01-03 18:10:00,P03,PRD-074,PRD-074,FG_SHIP,-1117,EA,FG-02,WMS
IM-0005371,2026-05-08 14:52:00,P02,PRD-060,PRD-060,FG_RECEIPT,2710,EA,RM-B,WMS
IM-0005372,2025-09-09 04:31:00,P01,PRD-067,PRD-067,FG_SHIP,-1497,EA,RM-B,WMS
IM-0005373,2026-06-01 20:39:00,P03,PRD-067,PRD-067,FG_SHIP,-2928,EA,RM-B,WMS
IM-0005374,2026-03-28 19:17:00,P02,PRD-067,PRD-067,FG_RECEIPT,869,EA,WIP-01,WMS
IM-0005375,2026-04-24 07:55:00,P03,MAT-025,PRD-035,RM_ISSUE,-2351,EA,WIP-01,WMS
IM-0005376,2026-06-28 19:33:00,P01,PRD-022,PRD-022,FG_RECEIPT,2646,EA,FG-02,WMS
IM-0005377,2025-12-09 10:51:00,P01,PRD-080,PRD-080,FG_RECEIPT,4666,EA,RM-A,WMS
IM-0005378,2026-03-07 18:45:00,P02,PRD-018,PRD-018,FG_SHIP,-929,EA,RM-B,WMS
IM-0005379,2026-01-31 06:11:00,P01,MAT-002,PRD-069,RM_RECEIPT,2790,EA,RM-A,WMS
IM-0005380,2025-09-22 19:55:00,P03,PRD-068,PRD-068,FG_RECEIPT,8309,EA,FG-01,WMS
IM-0005381,2025-11-09 07:49:00,P02,PRD-076,PRD-076,FG_SHIP,-453,EA,FG-02,WMS
IM-0005382,2025-08-22 10:46:00,P01,MAT-018,PRD-078,RM_RECEIPT,3009,EA,RM-A,WMS
IM-0005383,2026-05-14 11:05:00,P02,MAT-017,PRD-079,RM_ISSUE,-2653,EA,FG-01,WMS
IM-0005384,2025-09-13 02:19:00,P03,MAT-010,PRD-037,RM_RECEIPT,4940,EA,WIP-01,WMS
IM-0005385,2025-08-23 15:19:00,P03,MAT-024,PRD-013,RM_RECEIPT,705,EA,FG-02,WMS
IM-0005386,2026-02-28 04:32:00,P01,MAT-004,PRD-048,RM_RECEIPT,955,EA,FG-02,WMS
IM-0005387,2026-06-21 21:51:00,P03,MAT-033,PRD-022,RM_ISSUE,-1009,EA,RM-B,WMS
IM-0005388,2025-12-24 13:35:00,P03,MAT-026,PRD-057,RM_ISSUE,-1858,EA,WIP-01,WMS
IM-0005389,2026-04-23 23:44:00,P01,MAT-031,PRD-052,RM_RECEIPT,1482,EA,FG-01,WMS
IM-0005390,2026-06-13 23:26:00,P01,MAT-036,PRD-020,RM_ISSUE,-2406,EA,WIP-01,WMS
IM-0005391,2026-02-27 07:36:00,P02,PRD-046,PRD-046,FG_RECEIPT,1437,EA,RM-B,WMS
IM-0005392,2026-02-17 03:52:00,P02,MAT-012,PRD-006,RM_ISSUE,-1986,EA,FG-02,WMS
IM-0005393,2026-04-13 10:09:00,P01,MAT-033,PRD-076,RM_RECEIPT,2418,EA,RM-A,WMS
IM-0005394,2025-08-06 15:35:00,P02,PRD-048,PRD-048,ADJUSTMENT,1823,EA,FG-02,WMS
IM-0005395,2025-10-01 16:49:00,P03,MAT-030,PRD-041,RM_RECEIPT,1379,EA,RM-B,WMS
IM-0005396,2026-07-16 20:18:00,P03,PRD-059,PRD-059,ADJUSTMENT,991,EA,FG-02,WMS
IM-0005397,2025-08-15 19:47:00,P02,MAT-037,PRD-018,RM_RECEIPT,649,EA,FG-02,WMS
IM-0005398,2025-08-27 12:59:00,P02,PRD-046,PRD-046,ADJUSTMENT,1592,EA,FG-01,WMS
IM-0005399,2025-09-20 10:44:00,P01,PRD-044,PRD-044,FG_SHIP,-2931,EA,FG-01,WMS
IM-0005400,2026-03-08 10:24:00,P01,PRD-053,PRD-053,FG_RECEIPT,2069,EA,FG-02,WMS
IM-0005401,2025-10-16 01:13:00,P03,MAT-031,PRD-043,RM_RECEIPT,1739,EA,RM-B,WMS
IM-0005402,2026-07-11 05:35:00,P03,MAT-004,PRD-040,RM_ISSUE,-2796,EA,RM-B,WMS
IM-0005403,2025-09-01 22:27:00,P03,MAT-030,PRD-060,RM_ISSUE,-1917,EA,FG-02,WMS
IM-0005404,2026-05-22 10:30:00,P03,MAT-003,PRD-014,RM_RECEIPT,2082,EA,WIP-01,WMS
IM-0005405,2026-03-28 11:51:00,P02,MAT-010,PRD-037,RM_ISSUE,-5817,EA,RM-B,WMS
IM-0005406,2026-05-09 20:56:00,P01,PRD-046,PRD-046,FG_RECEIPT,4245,EA,RM-A,WMS
IM-0005407,2025-08-25 07:05:00,P02,MAT-035,PRD-016,RM_ISSUE,-7464,EA,WIP-01,WMS
IM-0005408,2025-10-29 15:24:00,P02,MAT-026,PRD-059,RM_RECEIPT,4022,EA,FG-01,WMS
IM-0005409,2025-08-08 11:24:00,P01,PRD-033,PRD-033,FG_RECEIPT,1500,EA,RM-A,WMS
IM-0005410,2026-04-21 15:07:00,P01,MAT-032,PRD-015,RM_ISSUE,-1513,EA,FG-01,WMS
IM-0005411,2026-07-25 05:43:00,P02,MAT-029,PRD-031,RM_RECEIPT,1692,EA,RM-A,WMS
IM-0005412,2026-05-01 12:37:00,P01,PRD-034,PRD-034,FG_RECEIPT,331,EA,FG-02,WMS
IM-0005413,2026-04-03 16:52:00,P01,MAT-022,PRD-073,RM_RECEIPT,729,EA,FG-02,WMS
IM-0005414,2026-06-01 14:44:00,P01,PRD-036,PRD-036,FG_SHIP,-941,EA,FG-01,WMS
IM-0005415,2026-04-25 13:04:00,P01,PRD-024,PRD-024,FG_SHIP,-3660,EA,WIP-01,WMS
IM-0005416,2026-02-07 15:58:00,P02,MAT-018,PRD-050,RM_RECEIPT,1232,EA,WIP-01,WMS
IM-0005417,2026-05-14 22:00:00,P03,MAT-036,PRD-020,RM_ISSUE,-17191,EA,RM-A,WMS
IM-0005418,2026-06-17 17:38:00,P02,MAT-004,PRD-032,RM_ISSUE,-3111,EA,RM-B,WMS
IM-0005419,2025-12-01 10:22:00,P01,MAT-008,PRD-036,RM_RECEIPT,987,EA,WIP-01,WMS
IM-0005420,2026-05-11 20:30:00,P01,PRD-050,PRD-050,FG_SHIP,-4632,EA,RM-B,WMS
IM-0005421,2025-09-15 08:26:00,P02,PRD-010,PRD-010,FG_RECEIPT,459,EA,FG-02,WMS
IM-0005422,2026-07-30 01:06:00,P03,MAT-010,PRD-027,RM_RECEIPT,3194,EA,WIP-01,WMS
IM-0005423,2026-06-04 15:15:00,P02,MAT-005,PRD-021,RM_ISSUE,-2026,EA,FG-01,WMS
IM-0005424,2025-12-19 04:43:00,P03,MAT-025,PRD-035,RM_RECEIPT,767,EA,WIP-01,WMS
IM-0005425,2025-11-24 12:34:00,P03,PRD-049,PRD-049,FG_SHIP,-3389,EA,FG-02,WMS
IM-0005426,2025-08-05 03:26:00,P01,PRD-022,PRD-022,FG_RECEIPT,2611,EA,RM-B,WMS
IM-0005427,2025-10-18 12:53:00,P01,PRD-049,PRD-049,FG_SHIP,-2735,EA,RM-A,WMS
IM-0005428,2026-05-23 23:14:00,P02,PRD-056,PRD-056,ADJUSTMENT,908,EA,WIP-01,WMS
IM-0005429,2026-04-18 10:27:00,P01,MAT-030,PRD-009,RM_RECEIPT,989,EA,FG-02,WMS
IM-0005430,2025-09-11 20:32:00,P01,MAT-014,PRD-070,RM_ISSUE,-915,EA,FG-02,WMS
IM-0005431,2025-11-20 07:17:00,P01,MAT-030,PRD-041,RM_RECEIPT,380,EA,RM-B,WMS
IM-0005432,2025-10-01 14:09:00,P03,MAT-014,PRD-070,RM_ISSUE,-792,EA,RM-A,WMS
IM-0005433,2026-02-18 16:19:00,P01,MAT-005,PRD-058,RM_ISSUE,-1088,EA,FG-02,WMS
IM-0005434,2025-12-29 06:37:00,P02,MAT-008,PRD-036,RM_RECEIPT,750,EA,WIP-01,WMS
IM-0005435,2026-02-09 19:40:00,P01,MAT-029,PRD-031,RM_RECEIPT,4507,EA,WIP-01,WMS
IM-0005436,2025-10-31 19:45:00,P03,PRD-016,PRD-016,FG_RECEIPT,6633,EA,RM-B,WMS
IM-0005437,2026-02-23 17:51:00,P01,PRD-071,PRD-071,FG_SHIP,-3004,EA,FG-02,WMS
IM-0005438,2026-03-04 14:06:00,P01,PRD-065,PRD-065,ADJUSTMENT,1549,EA,FG-01,WMS
IM-0005439,2026-02-10 23:14:00,P02,PRD-025,PRD-025,FG_RECEIPT,11406,EA,WIP-01,WMS
IM-0005440,2026-05-31 02:37:00,P03,PRD-074,PRD-074,FG_SHIP,-1152,EA,FG-02,WMS
IM-0005441,2026-07-15 23:35:00,P01,MAT-030,PRD-012,RM_RECEIPT,2049,EA,FG-01,WMS
IM-0005442,2025-12-20 11:34:00,P01,PRD-077,PRD-077,FG_SHIP,-3545,EA,RM-A,WMS
IM-0005443,2025-12-12 02:28:00,P01,PRD-073,PRD-073,FG_SHIP,-3351,EA,FG-02,WMS
IM-0005444,2025-10-16 01:50:00,P02,MAT-003,PRD-014,RM_ISSUE,-3151,EA,RM-A,WMS
IM-0005445,2026-04-01 14:36:00,P02,PRD-036,PRD-036,ADJUSTMENT,456,EA,RM-B,WMS
IM-0005446,2026-03-19 08:59:00,P03,MAT-035,PRD-066,RM_RECEIPT,3299,EA,RM-B,WMS
IM-0005447,2026-02-26 05:46:00,P02,MAT-022,PRD-073,RM_RECEIPT,1607,EA,RM-A,WMS
IM-0005448,2025-10-23 07:51:00,P02,MAT-032,PRD-077,RM_RECEIPT,820,EA,FG-02,WMS
IM-0005449,2026-04-29 21:40:00,P03,PRD-060,PRD-060,FG_SHIP,-3910,EA,FG-02,WMS
IM-0005450,2026-06-04 12:46:00,P03,MAT-003,PRD-014,RM_ISSUE,-3035,EA,FG-02,WMS
IM-0005451,2025-09-27 07:20:00,P01,PRD-036,PRD-036,FG_RECEIPT,4220,EA,WIP-01,WMS
IM-0005452,2026-07-05 11:35:00,P01,PRD-034,PRD-034,FG_RECEIPT,4599,EA,FG-01,WMS
IM-0005453,2025-09-08 17:13:00,P02,PRD-004,PRD-004,FG_SHIP,-2537,EA,FG-02,WMS
IM-0005454,2025-12-30 14:41:00,P02,PRD-060,PRD-060,ADJUSTMENT,4876,EA,WIP-01,WMS
IM-0005455,2026-01-27 02:38:00,P02,MAT-024,PRD-003,RM_RECEIPT,6720,EA,FG-01,WMS
IM-0005456,2026-04-22 05:34:00,P03,PRD-006,PRD-006,ADJUSTMENT,526,EA,WIP-01,WMS
IM-0005457,2025-12-20 01:24:00,P03,PRD-008,PRD-008,FG_SHIP,-4064,EA,RM-A,WMS
IM-0005458,2025-12-03 12:43:00,P02,PRD-074,PRD-074,FG_SHIP,-6423,EA,FG-01,WMS
IM-0005459,2026-06-12 14:29:00,P02,MAT-037,PRD-051,RM_ISSUE,-755,EA,WIP-01,WMS
IM-0005460,2026-01-09 23:14:00,P03,MAT-022,PRD-073,RM_RECEIPT,2353,EA,FG-02,WMS
IM-0005461,2025-10-15 03:59:00,P01,PRD-059,PRD-059,FG_SHIP,-1525,EA,RM-A,WMS
IM-0005462,2026-03-06 02:42:00,P03,MAT-012,PRD-011,RM_RECEIPT,825,EA,RM-B,WMS
IM-0005463,2026-06-10 11:21:00,P03,MAT-004,PRD-048,RM_RECEIPT,7474,EA,FG-01,WMS
IM-0005464,2026-02-07 09:17:00,P02,MAT-035,PRD-053,RM_RECEIPT,1062,EA,FG-02,WMS
IM-0005465,2025-11-21 10:24:00,P03,MAT-032,PRD-038,RM_ISSUE,-1708,EA,WIP-01,WMS
IM-0005466,2026-05-02 21:53:00,P02,MAT-004,PRD-048,RM_ISSUE,-10501,EA,WIP-01,WMS
IM-0005467,2026-04-25 22:39:00,P03,PRD-018,PRD-018,FG_SHIP,-6828,EA,FG-02,WMS
IM-0005468,2026-07-11 08:58:00,P02,PRD-060,PRD-060,FG_SHIP,-4981,EA,FG-01,WMS
IM-0005469,2026-04-29 05:49:00,P02,PRD-036,PRD-036,FG_RECEIPT,1761,EA,FG-02,WMS
IM-0005470,2025-08-27 12:18:00,P02,MAT-033,PRD-017,RM_ISSUE,-2028,EA,RM-B,WMS
IM-0005471,2026-01-25 13:07:00,P02,PRD-042,PRD-042,FG_SHIP,-2411,EA,FG-01,WMS
IM-0005472,2026-05-09 12:23:00,P02,PRD-069,PRD-069,FG_SHIP,-929,EA,RM-A,WMS
IM-0005473,2026-04-23 04:19:00,P01,MAT-019,PRD-004,RM_ISSUE,-2216,EA,FG-01,WMS
IM-0005474,2026-06-02 04:21:00,P03,MAT-001,PRD-056,RM_ISSUE,-2996,EA,WIP-01,WMS
IM-0005475,2026-01-02 01:28:00,P02,MAT-012,PRD-011,RM_ISSUE,-1365,EA,RM-B,WMS
IM-0005476,2025-12-12 04:58:00,P03,MAT-035,PRD-066,RM_ISSUE,-10128,EA,RM-B,WMS
IM-0005477,2025-10-16 06:02:00,P03,PRD-039,PRD-039,FG_RECEIPT,988,EA,RM-A,WMS
IM-0005478,2026-04-30 21:44:00,P02,MAT-018,PRD-026,RM_RECEIPT,1687,EA,RM-A,WMS
IM-0005479,2025-12-25 04:30:00,P02,PRD-080,PRD-080,FG_SHIP,-952,EA,RM-A,WMS
IM-0005480,2026-04-26 20:41:00,P01,MAT-023,PRD-007,RM_ISSUE,-5294,EA,RM-A,WMS
IM-0005481,2025-11-11 20:57:00,P03,PRD-037,PRD-037,FG_RECEIPT,1789,EA,RM-A,WMS
IM-0005482,2025-10-27 05:19:00,P02,PRD-014,PRD-014,ADJUSTMENT,2144,EA,RM-B,WMS
IM-0005483,2026-05-21 02:48:00,P03,PRD-061,PRD-061,FG_SHIP,-858,EA,WIP-01,WMS
IM-0005484,2026-05-03 04:01:00,P03,PRD-022,PRD-022,FG_SHIP,-1656,EA,FG-01,WMS
IM-0005485,2026-03-26 08:54:00,P02,MAT-030,PRD-064,RM_RECEIPT,1924,EA,WIP-01,WMS
IM-0005486,2025-08-09 15:42:00,P01,PRD-033,PRD-033,FG_SHIP,-1461,EA,RM-A,WMS
IM-0005487,2025-10-01 02:20:00,P02,MAT-010,PRD-063,RM_ISSUE,-253,EA,FG-01,WMS
IM-0005488,2026-05-03 07:04:00,P03,PRD-018,PRD-018,FG_SHIP,-4352,EA,WIP-01,WMS
IM-0005489,2026-05-24 20:13:00,P02,MAT-029,PRD-045,RM_ISSUE,-7068,EA,RM-B,WMS
IM-0005490,2026-05-12 14:27:00,P01,MAT-032,PRD-077,RM_RECEIPT,811,EA,RM-B,WMS
IM-0005491,2026-06-06 01:38:00,P03,PRD-019,PRD-019,FG_SHIP,-324,EA,RM-B,WMS
IM-0005492,2026-02-11 01:59:00,P01,MAT-037,PRD-018,RM_RECEIPT,1197,EA,FG-01,WMS
IM-0005493,2025-11-14 01:30:00,P02,MAT-018,PRD-067,RM_ISSUE,-3006,EA,RM-A,WMS
IM-0005494,2026-05-26 01:11:00,P02,MAT-012,PRD-011,RM_ISSUE,-1265,EA,RM-B,WMS
IM-0005495,2025-08-26 03:17:00,P01,PRD-029,PRD-029,FG_SHIP,-1955,EA,RM-B,WMS
IM-0005496,2026-04-01 21:25:00,P02,PRD-013,PRD-013,FG_RECEIPT,1349,EA,WIP-01,WMS
IM-0005497,2026-04-27 13:54:00,P02,PRD-037,PRD-037,FG_RECEIPT,2221,EA,RM-A,WMS
IM-0005498,2026-04-03 07:04:00,P03,PRD-071,PRD-071,FG_SHIP,-2751,EA,RM-A,WMS
IM-0005499,2026-04-14 21:10:00,P03,PRD-029,PRD-029,FG_SHIP,-453,EA,RM-B,WMS
IM-0005500,2026-07-07 09:13:00,P03,MAT-017,PRD-079,RM_ISSUE,-814,EA,RM-A,WMS
IM-0005501,2026-04-02 01:58:00,P03,PRD-064,PRD-064,FG_RECEIPT,822,EA,WIP-01,WMS
IM-0005502,2025-10-18 11:29:00,P02,MAT-005,PRD-021,RM_ISSUE,-1154,EA,WIP-01,WMS
IM-0005503,2025-12-30 15:08:00,P03,MAT-012,PRD-011,RM_ISSUE,-941,EA,FG-02,WMS
IM-0005504,2026-05-30 21:30:00,P03,MAT-022,PRD-042,RM_ISSUE,-686,EA,WIP-01,WMS
IM-0005505,2025-09-14 09:44:00,P03,PRD-037,PRD-037,FG_RECEIPT,4136,EA,RM-A,WMS
IM-0005506,2026-01-22 22:09:00,P02,MAT-037,PRD-051,RM_ISSUE,-996,EA,FG-02,WMS
IM-0005507,2025-10-05 18:40:00,P02,PRD-031,PRD-031,FG_RECEIPT,5398,EA,FG-02,WMS
IM-0005508,2026-04-28 21:16:00,P03,MAT-010,PRD-063,RM_ISSUE,-2757,EA,FG-01,WMS
IM-0005509,2026-07-17 00:32:00,P03,MAT-003,PRD-049,RM_ISSUE,-1455,EA,WIP-01,WMS
IM-0005510,2026-01-30 12:01:00,P03,PRD-054,PRD-054,FG_SHIP,-1189,EA,WIP-01,WMS
IM-0005511,2025-12-01 10:53:00,P01,PRD-042,PRD-042,FG_SHIP,-1109,EA,RM-A,WMS
IM-0005512,2025-09-27 03:59:00,P01,MAT-030,PRD-062,RM_RECEIPT,673,EA,FG-01,WMS
IM-0005513,2025-08-05 02:28:00,P02,MAT-030,PRD-012,RM_RECEIPT,6872,EA,FG-01,WMS
IM-0005514,2026-01-20 19:13:00,P01,PRD-072,PRD-072,FG_SHIP,-467,EA,RM-A,WMS
IM-0005515,2026-01-26 18:46:00,P03,MAT-023,PRD-007,RM_RECEIPT,4441,EA,WIP-01,WMS
IM-0005516,2026-05-20 22:29:00,P01,PRD-055,PRD-055,FG_SHIP,-9128,EA,RM-A,WMS
IM-0005517,2026-04-25 01:07:00,P03,PRD-007,PRD-007,FG_SHIP,-1605,EA,FG-01,WMS
IM-0005518,2025-12-12 13:57:00,P02,PRD-012,PRD-012,FG_RECEIPT,1031,EA,FG-02,WMS
IM-0005519,2026-06-07 10:36:00,P01,PRD-051,PRD-051,FG_RECEIPT,4084,EA,RM-A,WMS
IM-0005520,2026-04-09 10:44:00,P01,MAT-018,PRD-050,RM_RECEIPT,1862,EA,RM-A,WMS
IM-0005521,2026-05-22 03:23:00,P03,PRD-023,PRD-023,FG_SHIP,-3763,EA,RM-A,WMS
IM-0005522,2026-06-22 18:40:00,P03,MAT-010,PRD-027,RM_RECEIPT,4280,EA,RM-A,WMS
IM-0005523,2026-01-11 18:10:00,P02,MAT-010,PRD-027,RM_RECEIPT,5587,EA,FG-01,WMS
IM-0005524,2026-06-25 21:44:00,P02,MAT-010,PRD-037,RM_RECEIPT,1760,EA,RM-B,WMS
IM-0005525,2026-03-02 21:07:00,P03,MAT-030,PRD-062,RM_ISSUE,-1919,EA,FG-02,WMS
IM-0005526,2026-07-30 18:30:00,P02,PRD-044,PRD-044,FG_SHIP,-1417,EA,FG-01,WMS
IM-0005527,2025-08-28 11:03:00,P02,MAT-031,PRD-008,RM_RECEIPT,838,EA,FG-02,WMS
IM-0005528,2025-12-29 15:29:00,P03,PRD-014,PRD-014,FG_RECEIPT,5683,EA,FG-01,WMS
IM-0005529,2025-12-02 13:48:00,P03,MAT-035,PRD-066,RM_ISSUE,-196,EA,RM-B,WMS
IM-0005530,2026-05-26 05:00:00,P03,PRD-059,PRD-059,FG_RECEIPT,9032,EA,RM-B,WMS
IM-0005531,2026-02-14 15:42:00,P03,PRD-035,PRD-035,FG_RECEIPT,2930,EA,FG-01,WMS
IM-0005532,2025-11-22 18:16:00,P01,PRD-025,PRD-025,FG_SHIP,-1085,EA,FG-02,WMS
IM-0005533,2026-06-27 01:51:00,P01,MAT-030,PRD-062,RM_ISSUE,-3763,EA,FG-02,WMS
IM-0005534,2025-12-13 03:45:00,P01,PRD-071,PRD-071,FG_SHIP,-1861,EA,RM-B,WMS
IM-0005535,2026-06-18 19:41:00,P03,PRD-034,PRD-034,FG_RECEIPT,1253,EA,RM-B,WMS
IM-0005536,2026-01-01 05:23:00,P02,PRD-020,PRD-020,FG_SHIP,-1942,EA,RM-B,WMS
IM-0005537,2026-06-04 22:31:00,P02,MAT-018,PRD-002,RM_RECEIPT,3968,EA,RM-A,WMS
IM-0005538,2025-09-21 22:28:00,P03,PRD-026,PRD-026,ADJUSTMENT,1998,EA,FG-02,WMS
IM-0005539,2026-05-30 12:26:00,P03,MAT-030,PRD-009,RM_ISSUE,-572,EA,RM-B,WMS
IM-0005540,2025-10-25 04:39:00,P02,PRD-042,PRD-042,FG_RECEIPT,1767,EA,FG-02,WMS
IM-0005541,2026-02-16 04:16:00,P02,PRD-077,PRD-077,FG_RECEIPT,2274,EA,RM-A,WMS
IM-0005542,2026-04-11 13:58:00,P01,MAT-033,PRD-017,RM_RECEIPT,2053,EA,RM-A,WMS
IM-0005543,2026-01-30 01:12:00,P03,PRD-034,PRD-034,FG_SHIP,-744,EA,FG-02,WMS
IM-0005544,2026-02-16 09:18:00,P01,PRD-071,PRD-071,FG_RECEIPT,3987,EA,WIP-01,WMS
IM-0005545,2026-04-25 05:03:00,P02,MAT-015,PRD-025,RM_RECEIPT,1467,EA,RM-A,WMS
IM-0005546,2026-05-12 08:39:00,P03,MAT-029,PRD-031,RM_ISSUE,-1748,EA,FG-02,WMS
IM-0005547,2026-05-01 21:46:00,P01,MAT-030,PRD-012,RM_ISSUE,-2085,EA,FG-01,WMS
IM-0005548,2026-06-11 18:58:00,P02,PRD-031,PRD-031,ADJUSTMENT,21486,EA,FG-02,WMS
IM-0005549,2026-03-08 05:37:00,P02,PRD-043,PRD-043,ADJUSTMENT,2992,EA,RM-A,WMS
IM-0005550,2026-01-25 18:17:00,P02,MAT-029,PRD-031,RM_RECEIPT,1895,EA,RM-A,WMS
IM-0005551,2025-09-02 17:36:00,P03,PRD-066,PRD-066,FG_SHIP,-1725,EA,RM-A,WMS
IM-0005552,2025-09-18 03:08:00,P02,MAT-019,PRD-004,RM_RECEIPT,2477,EA,FG-01,WMS
IM-0005553,2025-12-26 02:35:00,P02,MAT-035,PRD-016,RM_RECEIPT,1857,EA,RM-A,WMS
IM-0005554,2026-05-13 11:07:00,P01,PRD-061,PRD-061,FG_SHIP,-5305,EA,FG-02,WMS
IM-0005555,2025-12-14 01:18:00,P02,MAT-037,PRD-051,RM_RECEIPT,809,EA,FG-02,WMS
IM-0005556,2026-04-22 23:43:00,P03,MAT-026,PRD-059,RM_ISSUE,-4200,EA,RM-B,WMS
IM-0005557,2025-12-03 12:25:00,P03,MAT-004,PRD-040,RM_ISSUE,-3356,EA,RM-B,WMS
IM-0005558,2025-11-06 05:41:00,P02,MAT-010,PRD-063,RM_ISSUE,-1744,EA,FG-01,WMS
IM-0005559,2026-06-10 07:28:00,P03,PRD-051,PRD-051,ADJUSTMENT,2109,EA,RM-B,WMS
IM-0005560,2025-12-04 10:14:00,P03,MAT-001,PRD-039,RM_RECEIPT,1860,EA,WIP-01,WMS
IM-0005561,2026-02-16 16:34:00,P02,MAT-031,PRD-052,RM_RECEIPT,357,EA,FG-02,WMS
IM-0005562,2026-07-02 23:55:00,P02,PRD-009,PRD-009,ADJUSTMENT,1991,EA,RM-B,WMS
IM-0005563,2026-06-08 00:50:00,P01,MAT-036,PRD-020,RM_RECEIPT,2842,EA,FG-01,WMS
IM-0005564,2025-08-19 05:46:00,P01,PRD-019,PRD-019,FG_RECEIPT,602,EA,RM-B,WMS
IM-0005565,2026-01-10 11:02:00,P03,PRD-001,PRD-001,FG_SHIP,-3215,EA,WIP-01,WMS
IM-0005566,2026-04-09 02:02:00,P02,MAT-027,PRD-061,RM_RECEIPT,1065,EA,WIP-01,WMS
IM-0005567,2025-09-25 15:44:00,P02,MAT-015,PRD-034,RM_RECEIPT,2484,EA,FG-02,WMS
IM-0005568,2026-07-10 16:34:00,P03,PRD-030,PRD-030,FG_RECEIPT,2315,EA,RM-B,WMS
IM-0005569,2026-06-16 23:57:00,P01,PRD-070,PRD-070,FG_SHIP,-732,EA,FG-01,WMS
IM-0005570,2026-04-25 15:22:00,P03,MAT-004,PRD-048,RM_ISSUE,-2328,EA,RM-B,WMS
IM-0005571,2026-03-14 02:30:00,P02,MAT-018,PRD-026,RM_RECEIPT,2749,EA,FG-01,WMS
IM-0005572,2026-01-22 06:46:00,P02,PRD-068,PRD-068,FG_SHIP,-2107,EA,FG-02,WMS
IM-0005573,2026-02-21 19:30:00,P02,MAT-030,PRD-012,RM_ISSUE,-1980,EA,FG-02,WMS
IM-0005574,2025-11-19 18:44:00,P02,PRD-041,PRD-041,FG_RECEIPT,1705,EA,FG-02,WMS
IM-0005575,2026-01-07 02:07:00,P01,MAT-019,PRD-004,RM_RECEIPT,903,EA,FG-02,WMS
IM-0005576,2026-02-25 04:46:00,P03,MAT-037,PRD-051,RM_RECEIPT,1133,EA,RM-A,WMS
IM-0005577,2025-09-18 17:37:00,P03,PRD-053,PRD-053,ADJUSTMENT,1907,EA,FG-01,WMS
IM-0005578,2025-08-09 07:01:00,P03,MAT-001,PRD-074,RM_RECEIPT,505,EA,RM-A,WMS
IM-0005579,2026-05-08 09:43:00,P01,MAT-003,PRD-014,RM_RECEIPT,1323,EA,RM-A,WMS
IM-0005580,2025-11-22 22:58:00,P02,PRD-001,PRD-001,FG_SHIP,-6605,EA,RM-A,WMS
IM-0005581,2026-01-25 21:39:00,P02,MAT-022,PRD-073,RM_RECEIPT,10197,EA,RM-B,WMS
IM-0005582,2026-05-17 15:40:00,P01,MAT-032,PRD-005,RM_ISSUE,-3706,EA,FG-01,WMS
IM-0005583,2025-08-28 21:10:00,P02,PRD-075,PRD-075,FG_RECEIPT,3778,EA,RM-B,WMS
IM-0005584,2026-07-05 22:43:00,P01,MAT-004,PRD-032,RM_ISSUE,-293,EA,WIP-01,WMS
IM-0005585,2026-06-07 07:19:00,P03,MAT-005,PRD-024,RM_RECEIPT,2879,EA,FG-02,WMS
IM-0005586,2026-01-07 07:22:00,P01,MAT-026,PRD-046,RM_RECEIPT,6430,EA,RM-A,WMS
IM-0005587,2025-12-11 05:11:00,P03,MAT-022,PRD-042,RM_RECEIPT,1362,EA,RM-B,WMS
IM-0005588,2025-10-28 23:55:00,P03,PRD-021,PRD-021,FG_SHIP,-6416,EA,FG-02,WMS
IM-0005589,2025-12-22 05:28:00,P03,PRD-023,PRD-023,FG_RECEIPT,4775,EA,WIP-01,WMS
IM-0005590,2025-11-09 04:10:00,P03,MAT-025,PRD-035,RM_RECEIPT,829,EA,FG-01,WMS
IM-0005591,2026-01-27 19:29:00,P03,PRD-021,PRD-021,FG_SHIP,-1838,EA,RM-A,WMS
IM-0005592,2025-08-06 19:57:00,P01,MAT-018,PRD-026,RM_ISSUE,-2198,EA,RM-B,WMS
IM-0005593,2026-07-12 15:24:00,P02,PRD-026,PRD-026,FG_RECEIPT,3450,EA,RM-A,WMS
IM-0005594,2026-01-13 00:22:00,P02,MAT-032,PRD-077,RM_ISSUE,-1542,EA,FG-01,WMS
IM-0005595,2025-09-27 11:59:00,P03,MAT-030,PRD-062,RM_RECEIPT,5559,EA,FG-02,WMS
IM-0005596,2025-08-31 00:16:00,P02,MAT-033,PRD-017,RM_ISSUE,-3594,EA,FG-01,WMS
IM-0005597,2025-11-06 19:10:00,P01,PRD-028,PRD-028,ADJUSTMENT,1926,EA,FG-01,WMS
IM-0005598,2025-10-18 12:53:00,P03,PRD-020,PRD-020,FG_RECEIPT,1286,EA,WIP-01,WMS
IM-0005599,2025-09-07 08:04:00,P02,MAT-016,PRD-029,RM_ISSUE,-2184,EA,FG-01,WMS
IM-0005600,2026-04-29 08:52:00,P02,PRD-033,PRD-033,FG_RECEIPT,1587,EA,FG-01,WMS
IM-0005601,2026-04-02 09:27:00,P03,MAT-003,PRD-014,RM_RECEIPT,5368,EA,RM-B,WMS
IM-0005602,2025-10-27 11:52:00,P03,MAT-037,PRD-051,RM_RECEIPT,1087,EA,WIP-01,WMS
IM-0005603,2025-12-30 02:39:00,P01,MAT-023,PRD-007,RM_ISSUE,-1374,EA,RM-A,WMS
IM-0005604,2026-07-03 17:12:00,P02,PRD-027,PRD-027,FG_RECEIPT,708,EA,FG-02,WMS
IM-0005605,2025-10-11 12:30:00,P02,PRD-002,PRD-002,FG_RECEIPT,1250,EA,WIP-01,WMS
IM-0005606,2026-06-29 11:25:00,P03,PRD-062,PRD-062,FG_RECEIPT,5861,EA,RM-B,WMS
IM-0005607,2026-01-03 04:51:00,P02,MAT-022,PRD-023,RM_RECEIPT,1775,EA,WIP-01,WMS
IM-0005608,2026-02-23 17:56:00,P02,PRD-002,PRD-002,FG_RECEIPT,1233,EA,FG-02,WMS
IM-0005609,2026-06-23 01:44:00,P01,PRD-036,PRD-036,FG_RECEIPT,3657,EA,RM-B,WMS
IM-0005610,2026-07-21 10:59:00,P02,MAT-004,PRD-040,RM_RECEIPT,6306,EA,FG-02,WMS
IM-0005611,2025-09-22 07:11:00,P01,PRD-050,PRD-050,FG_SHIP,-5155,EA,WIP-01,WMS
IM-0005612,2026-04-11 20:17:00,P01,PRD-030,PRD-030,FG_SHIP,-1980,EA,RM-B,WMS
IM-0005613,2026-02-13 11:37:00,P02,PRD-067,PRD-067,FG_SHIP,-3107,EA,WIP-01,WMS
IM-0005614,2026-04-29 03:41:00,P03,MAT-033,PRD-022,RM_ISSUE,-2230,EA,FG-01,WMS
IM-0005615,2025-08-08 08:33:00,P01,PRD-035,PRD-035,FG_SHIP,-1666,EA,FG-02,WMS
IM-0005616,2026-03-19 16:12:00,P03,PRD-004,PRD-004,FG_RECEIPT,457,EA,RM-B,WMS
IM-0005617,2025-08-29 08:32:00,P03,PRD-023,PRD-023,FG_SHIP,-969,EA,RM-B,WMS
IM-0005618,2026-02-15 21:27:00,P02,MAT-001,PRD-074,RM_ISSUE,-4280,EA,FG-02,WMS
IM-0005619,2025-11-14 04:35:00,P02,MAT-024,PRD-013,RM_ISSUE,-2178,EA,FG-01,WMS
IM-0005620,2025-09-23 20:11:00,P03,PRD-069,PRD-069,FG_RECEIPT,2888,EA,FG-02,WMS
IM-0005621,2026-02-26 08:52:00,P02,MAT-001,PRD-074,RM_RECEIPT,3004,EA,RM-A,WMS
IM-0005622,2026-03-19 18:33:00,P01,MAT-030,PRD-009,RM_RECEIPT,797,EA,FG-01,WMS
IM-0005623,2026-03-12 15:42:00,P01,MAT-022,PRD-073,RM_ISSUE,-806,EA,RM-A,WMS
IM-0005624,2025-09-21 22:52:00,P01,PRD-032,PRD-032,FG_RECEIPT,4241,EA,RM-A,WMS
IM-0005625,2026-03-18 07:53:00,P02,PRD-014,PRD-014,FG_RECEIPT,1023,EA,FG-01,WMS
IM-0005626,2026-02-13 05:36:00,P03,MAT-026,PRD-057,RM_ISSUE,-315,EA,FG-02,WMS
IM-0005627,2025-08-06 18:23:00,P03,PRD-061,PRD-061,FG_RECEIPT,1790,EA,RM-B,WMS
IM-0005628,2026-02-28 04:52:00,P02,PRD-069,PRD-069,FG_RECEIPT,910,EA,RM-B,WMS
IM-0005629,2025-09-14 06:06:00,P03,PRD-023,PRD-023,FG_RECEIPT,1373,EA,RM-A,WMS
IM-0005630,2025-09-17 15:48:00,P02,PRD-065,PRD-065,FG_SHIP,-4347,EA,WIP-01,WMS
IM-0005631,2026-04-08 23:41:00,P03,PRD-065,PRD-065,FG_SHIP,-1451,EA,WIP-01,WMS
IM-0005632,2026-04-27 20:23:00,P02,MAT-004,PRD-040,RM_ISSUE,-1866,EA,WIP-01,WMS
IM-0005633,2026-03-25 21:58:00,P03,PRD-007,PRD-007,FG_SHIP,-2974,EA,WIP-01,WMS
IM-0005634,2026-07-06 07:37:00,P02,PRD-006,PRD-006,FG_SHIP,-3473,EA,RM-B,WMS
IM-0005635,2026-07-21 00:31:00,P02,PRD-080,PRD-080,FG_SHIP,-3046,EA,FG-02,WMS
IM-0005636,2026-07-23 12:34:00,P01,MAT-003,PRD-049,RM_ISSUE,-1813,EA,RM-A,WMS
IM-0005637,2025-10-19 14:14:00,P02,PRD-061,PRD-061,FG_SHIP,-3238,EA,WIP-01,WMS
IM-0005638,2026-07-18 09:20:00,P02,PRD-009,PRD-009,FG_SHIP,-1390,EA,FG-02,WMS
IM-0005639,2026-03-23 18:38:00,P03,PRD-048,PRD-048,FG_RECEIPT,800,EA,FG-01,WMS
IM-0005640,2025-10-21 05:33:00,P01,MAT-022,PRD-042,RM_ISSUE,-803,EA,RM-A,WMS
IM-0005641,2026-02-09 20:06:00,P01,PRD-052,PRD-052,FG_RECEIPT,925,EA,RM-B,WMS
IM-0005642,2026-07-28 18:43:00,P02,MAT-008,PRD-036,RM_ISSUE,-1923,EA,RM-A,WMS
IM-0005643,2026-01-27 08:00:00,P01,PRD-065,PRD-065,ADJUSTMENT,1829,EA,WIP-01,WMS
IM-0005644,2025-11-09 21:22:00,P01,PRD-017,PRD-017,FG_SHIP,-1630,EA,RM-B,WMS
IM-0005645,2025-10-20 10:12:00,P02,MAT-005,PRD-024,RM_RECEIPT,2697,EA,RM-A,WMS
IM-0005646,2026-07-25 11:45:00,P01,PRD-057,PRD-057,FG_RECEIPT,528,EA,FG-01,WMS
IM-0005647,2025-10-17 17:48:00,P01,MAT-017,PRD-019,RM_ISSUE,-500,EA,RM-B,WMS
IM-0005648,2025-11-12 18:44:00,P03,MAT-032,PRD-038,RM_ISSUE,-1553,EA,RM-B,WMS
IM-0005649,2026-04-09 08:24:00,P02,PRD-012,PRD-012,FG_SHIP,-7604,EA,WIP-01,WMS
IM-0005650,2026-06-02 14:05:00,P01,PRD-032,PRD-032,FG_SHIP,-2731,EA,FG-01,WMS
IM-0005651,2025-10-29 16:08:00,P02,MAT-037,PRD-051,RM_ISSUE,-11068,EA,WIP-01,WMS
IM-0005652,2025-11-02 12:24:00,P03,MAT-033,PRD-076,RM_RECEIPT,1815,EA,RM-B,WMS
IM-0005653,2026-01-01 03:18:00,P01,PRD-058,PRD-058,FG_RECEIPT,705,EA,WIP-01,WMS
IM-0005654,2025-09-07 23:45:00,P03,PRD-030,PRD-030,FG_RECEIPT,667,EA,FG-01,WMS
IM-0005655,2026-03-06 09:47:00,P01,MAT-024,PRD-013,RM_RECEIPT,842,EA,WIP-01,WMS
IM-0005656,2026-03-18 03:53:00,P03,MAT-013,PRD-075,RM_ISSUE,-2463,EA,RM-B,WMS
IM-0005657,2026-03-18 01:09:00,P02,PRD-015,PRD-015,FG_RECEIPT,3035,EA,WIP-01,WMS
IM-0005658,2026-05-01 13:09:00,P02,MAT-029,PRD-031,RM_ISSUE,-2002,EA,WIP-01,WMS
IM-0005659,2025-10-30 13:38:00,P02,MAT-013,PRD-075,RM_RECEIPT,1999,EA,RM-A,WMS
IM-0005660,2025-09-17 23:33:00,P02,MAT-037,PRD-080,RM_RECEIPT,1264,EA,RM-A,WMS
IM-0005661,2025-11-15 15:47:00,P03,PRD-067,PRD-067,FG_RECEIPT,2903,EA,WIP-01,WMS
IM-0005662,2026-02-18 13:38:00,P02,PRD-070,PRD-070,FG_SHIP,-811,EA,RM-A,WMS
IM-0005663,2026-06-03 21:41:00,P01,PRD-037,PRD-037,FG_RECEIPT,1343,EA,RM-B,WMS
IM-0005664,2026-04-14 14:18:00,P01,PRD-072,PRD-072,ADJUSTMENT,510,EA,RM-A,WMS
IM-0005665,2026-03-02 04:01:00,P03,PRD-080,PRD-080,FG_SHIP,-1146,EA,WIP-01,WMS
IM-0005666,2026-02-04 04:16:00,P01,MAT-024,PRD-003,RM_RECEIPT,947,EA,FG-02,WMS
IM-0005667,2026-03-28 04:46:00,P03,MAT-004,PRD-048,RM_ISSUE,-1163,EA,FG-01,WMS
IM-0005668,2026-02-13 11:53:00,P03,PRD-028,PRD-028,FG_SHIP,-1893,EA,RM-B,WMS
IM-0005669,2026-01-06 18:17:00,P01,MAT-023,PRD-007,RM_RECEIPT,3183,EA,WIP-01,WMS
IM-0005670,2025-12-14 00:57:00,P03,MAT-010,PRD-027,RM_RECEIPT,2245,EA,FG-02,WMS
IM-0005671,2025-11-20 05:18:00,P02,PRD-029,PRD-029,FG_SHIP,-1154,EA,RM-A,WMS
IM-0005672,2025-09-18 03:15:00,P01,MAT-033,PRD-022,RM_ISSUE,-511,EA,FG-02,WMS
IM-0005673,2026-04-27 16:31:00,P03,PRD-055,PRD-055,FG_RECEIPT,3315,EA,RM-B,WMS
IM-0005674,2025-08-27 05:03:00,P03,PRD-014,PRD-014,FG_SHIP,-629,EA,WIP-01,WMS
IM-0005675,2026-06-16 23:40:00,P02,PRD-071,PRD-071,FG_SHIP,-824,EA,FG-02,WMS
IM-0005676,2026-04-21 04:35:00,P01,MAT-022,PRD-047,RM_ISSUE,-2883,EA,FG-01,WMS
IM-0005677,2026-01-06 13:56:00,P02,PRD-010,PRD-010,FG_SHIP,-1266,EA,FG-01,WMS
IM-0005678,2026-01-02 12:56:00,P03,PRD-005,PRD-005,FG_SHIP,-337,EA,FG-01,WMS
IM-0005679,2026-05-20 21:11:00,P03,PRD-047,PRD-047,FG_RECEIPT,2205,EA,RM-A,WMS
IM-0005680,2026-04-08 12:23:00,P01,PRD-074,PRD-074,FG_SHIP,-843,EA,FG-01,WMS
IM-0005681,2025-11-04 12:38:00,P01,PRD-024,PRD-024,FG_RECEIPT,5693,EA,FG-02,WMS
IM-0005682,2026-04-28 21:42:00,P01,MAT-004,PRD-048,RM_RECEIPT,5164,EA,FG-01,WMS
IM-0005683,2026-05-04 21:51:00,P03,PRD-067,PRD-067,FG_SHIP,-2973,EA,FG-01,WMS
IM-0005684,2026-06-01 22:52:00,P02,MAT-027,PRD-072,RM_ISSUE,-1004,EA,RM-B,WMS
IM-0005685,2026-01-26 11:23:00,P02,PRD-036,PRD-036,FG_RECEIPT,3290,EA,WIP-01,WMS
IM-0005686,2025-09-12 21:45:00,P01,MAT-001,PRD-074,RM_RECEIPT,1400,EA,RM-A,WMS
IM-0005687,2026-03-06 19:34:00,P03,PRD-046,PRD-046,FG_RECEIPT,5220,EA,FG-02,WMS
IM-0005688,2026-02-22 11:06:00,P01,MAT-022,PRD-047,RM_ISSUE,-5152,EA,RM-B,WMS
IM-0005689,2026-06-23 18:59:00,P01,PRD-020,PRD-020,FG_RECEIPT,2055,EA,WIP-01,WMS
IM-0005690,2025-08-06 12:45:00,P03,PRD-067,PRD-067,FG_SHIP,-7908,EA,WIP-01,WMS
IM-0005691,2026-01-16 12:46:00,P01,MAT-032,PRD-005,RM_RECEIPT,5176,EA,RM-A,WMS
IM-0005692,2025-10-02 19:59:00,P03,PRD-069,PRD-069,FG_RECEIPT,637,EA,RM-A,WMS
IM-0005693,2025-10-29 07:20:00,P03,MAT-027,PRD-072,RM_ISSUE,-1533,EA,FG-02,WMS
IM-0005694,2025-08-19 21:49:00,P02,PRD-036,PRD-036,FG_RECEIPT,549,EA,RM-B,WMS
IM-0005695,2025-10-11 22:58:00,P02,MAT-010,PRD-027,RM_RECEIPT,1740,EA,RM-A,WMS
IM-0005696,2025-11-01 23:20:00,P02,PRD-026,PRD-026,FG_RECEIPT,1533,EA,FG-01,WMS
IM-0005697,2025-11-02 18:40:00,P03,PRD-061,PRD-061,FG_RECEIPT,10357,EA,WIP-01,WMS
IM-0005698,2026-03-21 15:03:00,P01,PRD-068,PRD-068,FG_SHIP,-1899,EA,WIP-01,WMS
IM-0005699,2026-01-24 22:26:00,P02,MAT-018,PRD-050,RM_RECEIPT,1502,EA,WIP-01,WMS
IM-0005700,2025-10-17 10:03:00,P03,PRD-010,PRD-010,FG_RECEIPT,5872,EA,RM-B,WMS
IM-0005701,2025-12-02 00:48:00,P02,PRD-059,PRD-059,ADJUSTMENT,1809,EA,RM-B,WMS
IM-0005702,2026-03-03 15:43:00,P02,PRD-057,PRD-057,FG_RECEIPT,6485,EA,RM-B,WMS
IM-0005703,2026-04-04 02:40:00,P03,PRD-038,PRD-038,FG_SHIP,-1010,EA,RM-B,WMS
IM-0005704,2026-05-20 08:11:00,P03,MAT-026,PRD-057,RM_RECEIPT,1091,EA,FG-01,WMS
IM-0005705,2025-10-20 05:18:00,P01,MAT-004,PRD-040,RM_RECEIPT,305,EA,WIP-01,WMS
IM-0005706,2026-06-23 13:27:00,P01,PRD-034,PRD-034,FG_SHIP,-2142,EA,RM-A,WMS
IM-0005707,2025-12-07 02:50:00,P03,PRD-073,PRD-073,FG_RECEIPT,3499,EA,FG-01,WMS
IM-0005708,2026-07-30 07:29:00,P02,MAT-018,PRD-050,RM_ISSUE,-4765,EA,RM-B,WMS
IM-0005709,2026-05-11 19:54:00,P02,MAT-026,PRD-046,RM_ISSUE,-7861,EA,FG-01,WMS
IM-0005710,2026-03-23 03:37:00,P02,PRD-040,PRD-040,FG_SHIP,-7346,EA,WIP-01,WMS
IM-0005711,2025-08-09 06:54:00,P02,PRD-063,PRD-063,FG_RECEIPT,1099,EA,RM-A,WMS
IM-0005712,2026-04-18 13:01:00,P01,PRD-012,PRD-012,FG_SHIP,-5276,EA,WIP-01,WMS
IM-0005713,2026-07-14 06:30:00,P01,PRD-006,PRD-006,FG_SHIP,-3254,EA,FG-01,WMS
IM-0005714,2026-03-25 13:37:00,P03,MAT-018,PRD-050,RM_RECEIPT,9501,EA,FG-01,WMS
IM-0005715,2026-07-02 16:14:00,P02,PRD-072,PRD-072,FG_SHIP,-483,EA,WIP-01,WMS
IM-0005716,2026-05-05 07:41:00,P01,MAT-006,PRD-001,RM_RECEIPT,1855,EA,FG-02,WMS
IM-0005717,2026-06-05 07:24:00,P01,PRD-001,PRD-001,FG_SHIP,-540,EA,RM-B,WMS
IM-0005718,2026-01-09 01:46:00,P02,PRD-022,PRD-022,FG_RECEIPT,3508,EA,RM-B,WMS
IM-0005719,2026-05-27 03:00:00,P02,MAT-033,PRD-022,RM_RECEIPT,1013,EA,FG-01,WMS
IM-0005720,2025-12-19 11:45:00,P02,MAT-010,PRD-037,RM_ISSUE,-3331,EA,RM-A,WMS
IM-0005721,2025-08-18 04:17:00,P02,MAT-018,PRD-050,RM_ISSUE,-1706,EA,FG-01,WMS
IM-0005722,2026-07-08 03:32:00,P02,PRD-037,PRD-037,FG_SHIP,-1289,EA,RM-A,WMS
IM-0005723,2025-08-02 05:06:00,P03,MAT-001,PRD-074,RM_RECEIPT,1322,EA,FG-01,WMS
IM-0005724,2026-01-22 15:06:00,P03,MAT-010,PRD-027,RM_RECEIPT,3692,EA,RM-A,WMS
IM-0005725,2026-02-11 15:10:00,P03,PRD-031,PRD-031,FG_RECEIPT,302,EA,RM-A,WMS
IM-0005726,2025-12-26 23:57:00,P02,PRD-007,PRD-007,FG_RECEIPT,2681,EA,WIP-01,WMS
IM-0005727,2026-06-16 13:23:00,P01,MAT-027,PRD-072,RM_ISSUE,-2809,EA,FG-02,WMS
IM-0005728,2026-03-15 09:56:00,P01,PRD-080,PRD-080,ADJUSTMENT,1439,EA,RM-A,WMS
IM-0005729,2026-04-08 17:41:00,P02,MAT-033,PRD-044,RM_ISSUE,-281,EA,FG-02,WMS
IM-0005730,2026-03-14 08:29:00,P01,MAT-003,PRD-049,RM_ISSUE,-2312,EA,RM-B,WMS
IM-0005731,2026-05-09 18:34:00,P03,PRD-077,PRD-077,FG_SHIP,-1493,EA,WIP-01,WMS
IM-0005732,2025-08-29 18:06:00,P02,PRD-076,PRD-076,FG_SHIP,-2277,EA,WIP-01,WMS
IM-0005733,2026-04-15 07:43:00,P03,PRD-004,PRD-004,FG_SHIP,-984,EA,WIP-01,WMS
IM-0005734,2026-07-13 00:00:00,P02,MAT-004,PRD-040,RM_ISSUE,-2728,EA,FG-01,WMS
IM-0005735,2026-05-19 12:04:00,P03,MAT-030,PRD-009,RM_RECEIPT,1791,EA,WIP-01,WMS
IM-0005736,2025-08-13 21:32:00,P02,PRD-043,PRD-043,FG_SHIP,-1557,EA,WIP-01,WMS
IM-0005737,2026-04-24 13:35:00,P03,MAT-005,PRD-058,RM_RECEIPT,4136,EA,RM-A,WMS
IM-0005738,2026-05-09 22:30:00,P03,MAT-007,PRD-055,RM_RECEIPT,2864,EA,FG-01,WMS
IM-0005739,2026-04-02 22:10:00,P02,PRD-026,PRD-026,FG_RECEIPT,3863,EA,RM-B,WMS
IM-0005740,2025-12-15 14:31:00,P03,MAT-033,PRD-017,RM_RECEIPT,618,EA,FG-01,WMS
IM-0005741,2026-04-26 04:58:00,P01,PRD-071,PRD-071,FG_RECEIPT,5398,EA,RM-A,WMS
IM-0005742,2025-08-14 01:09:00,P03,PRD-027,PRD-027,FG_SHIP,-5186,EA,FG-02,WMS
IM-0005743,2026-07-22 11:41:00,P02,MAT-015,PRD-034,RM_RECEIPT,775,EA,RM-A,WMS
IM-0005744,2025-11-08 11:36:00,P01,MAT-003,PRD-014,RM_ISSUE,-1240,EA,FG-02,WMS
IM-0005745,2026-02-06 22:32:00,P03,MAT-001,PRD-074,RM_ISSUE,-1587,EA,RM-B,WMS
IM-0005746,2026-02-11 14:21:00,P02,PRD-068,PRD-068,FG_RECEIPT,2262,EA,WIP-01,WMS
IM-0005747,2026-02-02 15:11:00,P01,PRD-054,PRD-054,FG_RECEIPT,15262,EA,FG-01,WMS
IM-0005748,2025-12-28 07:11:00,P03,PRD-052,PRD-052,FG_SHIP,-1688,EA,FG-02,WMS
IM-0005749,2026-01-16 16:35:00,P01,MAT-032,PRD-005,RM_ISSUE,-2792,EA,WIP-01,WMS
IM-0005750,2025-12-23 06:32:00,P01,MAT-027,PRD-072,RM_ISSUE,-1518,EA,RM-A,WMS
IM-0005751,2026-06-03 15:50:00,P03,MAT-006,PRD-001,RM_RECEIPT,1374,EA,RM-A,WMS
IM-0005752,2025-10-27 12:40:00,P02,PRD-034,PRD-034,FG_SHIP,-1316,EA,RM-A,WMS
IM-0005753,2025-09-04 05:06:00,P01,PRD-075,PRD-075,ADJUSTMENT,699,EA,RM-A,WMS
IM-0005754,2025-09-13 20:01:00,P03,PRD-004,PRD-004,FG_SHIP,-1030,EA,RM-A,WMS
IM-0005755,2026-01-14 07:49:00,P02,MAT-037,PRD-051,RM_ISSUE,-8724,EA,WIP-01,WMS
IM-0005756,2025-09-11 19:08:00,P02,MAT-032,PRD-015,RM_RECEIPT,887,EA,FG-02,WMS
IM-0005757,2026-03-19 15:43:00,P03,PRD-032,PRD-032,FG_RECEIPT,2401,EA,RM-B,WMS
IM-0005758,2026-04-14 10:20:00,P02,PRD-074,PRD-074,FG_SHIP,-2768,EA,RM-A,WMS
IM-0005759,2025-11-07 11:20:00,P02,MAT-015,PRD-025,RM_ISSUE,-465,EA,RM-B,WMS
IM-0005760,2026-04-07 20:25:00,P02,MAT-035,PRD-053,RM_RECEIPT,1013,EA,RM-A,WMS
IM-0005761,2025-08-27 22:43:00,P01,MAT-004,PRD-048,RM_RECEIPT,7378,EA,RM-A,WMS
IM-0005762,2026-07-18 00:13:00,P02,MAT-026,PRD-046,RM_ISSUE,-4495,EA,RM-B,WMS
IM-0005763,2026-05-01 15:27:00,P03,PRD-058,PRD-058,FG_RECEIPT,406,EA,RM-A,WMS
IM-0005764,2026-01-31 07:42:00,P02,MAT-017,PRD-079,RM_ISSUE,-599,EA,WIP-01,WMS
IM-0005765,2026-04-19 03:06:00,P01,MAT-035,PRD-016,RM_RECEIPT,1307,EA,WIP-01,WMS
IM-0005766,2026-01-18 22:11:00,P01,PRD-011,PRD-011,FG_RECEIPT,1036,EA,FG-01,WMS
IM-0005767,2026-05-03 19:40:00,P01,PRD-005,PRD-005,FG_SHIP,-2106,EA,FG-01,WMS
IM-0005768,2026-03-31 05:08:00,P03,PRD-060,PRD-060,ADJUSTMENT,1017,EA,FG-02,WMS
IM-0005769,2026-03-29 12:11:00,P03,PRD-007,PRD-007,FG_SHIP,-3451,EA,FG-01,WMS
IM-0005770,2025-11-21 14:22:00,P02,MAT-005,PRD-021,RM_RECEIPT,3244,EA,FG-02,WMS
IM-0005771,2025-09-12 04:34:00,P03,MAT-026,PRD-057,RM_RECEIPT,2309,EA,RM-B,WMS
IM-0005772,2025-11-12 19:49:00,P01,MAT-001,PRD-039,RM_ISSUE,-746,EA,WIP-01,WMS
IM-0005773,2026-07-06 21:53:00,P02,MAT-030,PRD-062,RM_RECEIPT,1477,EA,RM-B,WMS
IM-0005774,2026-01-09 20:16:00,P01,PRD-068,PRD-068,FG_RECEIPT,328,EA,RM-A,WMS
IM-0005775,2025-08-15 10:04:00,P01,MAT-037,PRD-080,RM_ISSUE,-1294,EA,WIP-01,WMS
IM-0005776,2025-09-11 13:50:00,P02,PRD-013,PRD-013,ADJUSTMENT,2051,EA,WIP-01,WMS
IM-0005777,2026-05-09 01:21:00,P02,PRD-051,PRD-051,FG_RECEIPT,1542,EA,RM-A,WMS
IM-0005778,2026-02-17 03:53:00,P02,PRD-077,PRD-077,FG_SHIP,-598,EA,WIP-01,WMS
IM-0005779,2026-03-04 23:06:00,P01,MAT-005,PRD-024,RM_ISSUE,-1747,EA,WIP-01,WMS
IM-0005780,2026-04-19 07:36:00,P02,MAT-001,PRD-074,RM_ISSUE,-1498,EA,WIP-01,WMS
IM-0005781,2026-06-15 22:09:00,P02,MAT-030,PRD-062,RM_RECEIPT,540,EA,RM-A,WMS
IM-0005782,2026-05-08 02:48:00,P03,MAT-030,PRD-060,RM_RECEIPT,829,EA,FG-02,WMS
IM-0005783,2025-12-05 15:50:00,P02,PRD-030,PRD-030,FG_SHIP,-2244,EA,FG-02,WMS
IM-0005784,2025-11-19 17:02:00,P01,MAT-026,PRD-046,RM_ISSUE,-738,EA,WIP-01,WMS
IM-0005785,2026-01-07 10:02:00,P02,MAT-020,PRD-010,RM_RECEIPT,876,EA,FG-01,WMS
IM-0005786,2025-12-19 22:11:00,P02,PRD-063,PRD-063,ADJUSTMENT,5276,EA,FG-01,WMS
IM-0005787,2026-06-23 06:00:00,P01,MAT-037,PRD-051,RM_RECEIPT,2873,EA,WIP-01,WMS
IM-0005788,2025-11-21 19:22:00,P02,MAT-037,PRD-080,RM_RECEIPT,608,EA,FG-02,WMS
IM-0005789,2026-02-11 19:47:00,P01,MAT-036,PRD-020,RM_RECEIPT,2176,EA,FG-01,WMS
IM-0005790,2026-02-10 15:12:00,P01,MAT-022,PRD-023,RM_RECEIPT,1834,EA,RM-A,WMS
IM-0005791,2026-04-13 04:02:00,P03,MAT-033,PRD-022,RM_RECEIPT,3679,EA,FG-02,WMS
IM-0005792,2026-07-30 01:28:00,P03,MAT-027,PRD-061,RM_RECEIPT,1339,EA,WIP-01,WMS
IM-0005793,2025-08-31 04:00:00,P03,PRD-016,PRD-016,FG_RECEIPT,1445,EA,RM-B,WMS
IM-0005794,2026-05-04 19:31:00,P03,MAT-018,PRD-067,RM_ISSUE,-1076,EA,FG-01,WMS
IM-0005795,2025-09-08 11:03:00,P02,MAT-005,PRD-033,RM_ISSUE,-6184,EA,WIP-01,WMS
IM-0005796,2026-07-24 04:23:00,P03,PRD-040,PRD-040,FG_SHIP,-599,EA,FG-01,WMS
IM-0005797,2026-01-18 15:15:00,P02,MAT-033,PRD-017,RM_ISSUE,-3732,EA,FG-01,WMS
IM-0005798,2025-11-12 12:32:00,P01,MAT-007,PRD-055,RM_ISSUE,-800,EA,RM-B,WMS
IM-0005799,2026-06-24 11:51:00,P01,MAT-027,PRD-061,RM_ISSUE,-1411,EA,RM-B,WMS
IM-0005800,2026-06-21 16:28:00,P02,PRD-008,PRD-008,FG_RECEIPT,10021,EA,FG-01,WMS
IM-0005801,2026-05-30 21:07:00,P03,MAT-017,PRD-079,RM_ISSUE,-9223,EA,WIP-01,WMS
IM-0005802,2026-01-03 14:20:00,P03,MAT-005,PRD-033,RM_ISSUE,-2153,EA,FG-01,WMS
IM-0005803,2025-11-29 14:09:00,P01,PRD-021,PRD-021,FG_RECEIPT,3010,EA,RM-A,WMS
IM-0005804,2026-02-11 13:55:00,P01,PRD-025,PRD-025,FG_SHIP,-900,EA,RM-A,WMS
IM-0005805,2025-11-12 11:48:00,P03,PRD-059,PRD-059,FG_RECEIPT,2146,EA,RM-B,WMS
IM-0005806,2026-06-24 12:44:00,P01,PRD-056,PRD-056,FG_SHIP,-1807,EA,WIP-01,WMS
IM-0005807,2026-01-22 04:04:00,P03,PRD-080,PRD-080,FG_RECEIPT,2942,EA,RM-B,WMS
IM-0005808,2026-07-04 10:41:00,P01,MAT-010,PRD-063,RM_RECEIPT,842,EA,FG-02,WMS
IM-0005809,2026-07-14 14:14:00,P02,PRD-040,PRD-040,FG_SHIP,-2242,EA,FG-01,WMS
IM-0005810,2025-11-11 13:58:00,P02,MAT-030,PRD-041,RM_ISSUE,-2978,EA,WIP-01,WMS
IM-0005811,2026-02-14 23:00:00,P03,MAT-024,PRD-013,RM_RECEIPT,3313,EA,RM-B,WMS
IM-0005812,2026-01-23 17:40:00,P03,PRD-023,PRD-023,FG_SHIP,-1072,EA,FG-02,WMS
IM-0005813,2026-07-21 20:57:00,P02,PRD-025,PRD-025,FG_RECEIPT,2721,EA,FG-01,WMS
IM-0005814,2026-07-08 10:39:00,P03,MAT-029,PRD-045,RM_ISSUE,-807,EA,RM-B,WMS
IM-0005815,2025-10-12 07:34:00,P02,PRD-024,PRD-024,FG_SHIP,-6410,EA,FG-01,WMS
IM-0005816,2026-04-22 04:22:00,P03,MAT-030,PRD-060,RM_RECEIPT,3231,EA,FG-01,WMS
IM-0005817,2025-09-02 02:30:00,P02,MAT-033,PRD-076,RM_RECEIPT,3118,EA,FG-02,WMS
IM-0005818,2026-06-26 18:13:00,P01,MAT-018,PRD-054,RM_ISSUE,-4181,EA,FG-01,WMS
IM-0005819,2026-02-05 10:28:00,P01,MAT-018,PRD-026,RM_RECEIPT,1722,EA,FG-01,WMS
IM-0005820,2026-04-24 00:18:00,P02,PRD-057,PRD-057,FG_SHIP,-1254,EA,WIP-01,WMS
IM-0005821,2026-06-08 15:55:00,P01,PRD-021,PRD-021,FG_SHIP,-6219,EA,FG-02,WMS
IM-0005822,2026-02-19 03:10:00,P03,MAT-017,PRD-079,RM_RECEIPT,1096,EA,FG-02,WMS
IM-0005823,2025-09-08 17:08:00,P01,MAT-013,PRD-075,RM_RECEIPT,4438,EA,FG-02,WMS
IM-0005824,2026-05-04 16:28:00,P02,PRD-036,PRD-036,FG_RECEIPT,6587,EA,FG-01,WMS
IM-0005825,2026-01-18 07:16:00,P01,PRD-054,PRD-054,FG_RECEIPT,4387,EA,RM-A,WMS
IM-0005826,2025-09-12 14:00:00,P01,MAT-013,PRD-075,RM_RECEIPT,3327,EA,FG-01,WMS
IM-0005827,2025-08-10 11:32:00,P02,MAT-026,PRD-057,RM_RECEIPT,1338,EA,RM-B,WMS
IM-0005828,2025-11-05 15:23:00,P01,MAT-001,PRD-039,RM_ISSUE,-9054,EA,FG-02,WMS
IM-0005829,2025-09-06 19:35:00,P02,PRD-002,PRD-002,FG_RECEIPT,2010,EA,WIP-01,WMS
IM-0005830,2025-09-14 02:49:00,P03,PRD-053,PRD-053,FG_RECEIPT,3454,EA,RM-A,WMS
IM-0005831,2026-05-20 09:11:00,P01,PRD-019,PRD-019,FG_RECEIPT,1576,EA,FG-02,WMS
IM-0005832,2025-11-05 18:15:00,P03,MAT-018,PRD-054,RM_RECEIPT,1099,EA,FG-02,WMS
IM-0005833,2025-09-27 19:40:00,P03,MAT-018,PRD-030,RM_ISSUE,-1882,EA,RM-A,WMS
IM-0005834,2026-04-01 20:51:00,P02,PRD-025,PRD-025,FG_RECEIPT,2050,EA,RM-B,WMS
IM-0005835,2025-12-31 01:16:00,P01,MAT-035,PRD-066,RM_ISSUE,-13904,EA,WIP-01,WMS
IM-0005836,2025-10-25 10:48:00,P01,PRD-008,PRD-008,FG_SHIP,-5362,EA,WIP-01,WMS
IM-0005837,2025-11-05 19:51:00,P03,MAT-031,PRD-052,RM_RECEIPT,3622,EA,RM-B,WMS
IM-0005838,2025-12-19 23:36:00,P01,MAT-016,PRD-029,RM_ISSUE,-5671,EA,FG-01,WMS
IM-0005839,2026-03-16 01:35:00,P02,MAT-026,PRD-057,RM_ISSUE,-7703,EA,FG-01,WMS
IM-0005840,2026-03-23 02:29:00,P02,PRD-074,PRD-074,FG_SHIP,-3515,EA,RM-B,WMS
IM-0005841,2025-10-12 14:56:00,P01,PRD-021,PRD-021,FG_RECEIPT,4112,EA,RM-A,WMS
IM-0005842,2025-11-21 01:49:00,P03,PRD-008,PRD-008,FG_SHIP,-9160,EA,RM-B,WMS
IM-0005843,2025-11-20 01:25:00,P03,PRD-059,PRD-059,FG_SHIP,-1449,EA,FG-01,WMS
IM-0005844,2025-09-02 03:44:00,P02,PRD-060,PRD-060,FG_RECEIPT,2322,EA,RM-A,WMS
IM-0005845,2026-02-05 04:53:00,P02,PRD-065,PRD-065,FG_RECEIPT,2607,EA,RM-B,WMS
IM-0005846,2025-11-02 16:39:00,P01,MAT-030,PRD-012,RM_RECEIPT,399,EA,FG-02,WMS
IM-0005847,2026-03-21 04:37:00,P03,MAT-031,PRD-008,RM_RECEIPT,5174,EA,RM-A,WMS
IM-0005848,2026-04-19 01:27:00,P01,MAT-024,PRD-013,RM_RECEIPT,1200,EA,RM-A,WMS
IM-0005849,2026-06-07 23:37:00,P02,MAT-035,PRD-066,RM_RECEIPT,1778,EA,FG-01,WMS
IM-0005850,2026-04-16 16:10:00,P03,MAT-003,PRD-014,RM_RECEIPT,985,EA,RM-B,WMS
IM-0005851,2025-08-12 13:15:00,P02,PRD-024,PRD-024,FG_RECEIPT,1881,EA,FG-02,WMS
IM-0005852,2025-12-23 05:12:00,P03,MAT-005,PRD-024,RM_RECEIPT,3650,EA,RM-A,WMS
IM-0005853,2026-02-24 20:08:00,P03,PRD-011,PRD-011,FG_RECEIPT,1256,EA,FG-01,WMS
IM-0005854,2025-08-19 00:27:00,P01,MAT-010,PRD-037,RM_ISSUE,-1636,EA,RM-B,WMS
IM-0005855,2026-01-24 20:20:00,P01,MAT-026,PRD-046,RM_ISSUE,-2098,EA,RM-B,WMS
IM-0005856,2026-01-28 04:35:00,P03,MAT-005,PRD-021,RM_ISSUE,-960,EA,FG-02,WMS
IM-0005857,2025-11-26 10:05:00,P01,PRD-021,PRD-021,FG_RECEIPT,1958,EA,WIP-01,WMS
IM-0005858,2025-12-01 00:29:00,P01,PRD-030,PRD-030,FG_RECEIPT,775,EA,FG-01,WMS
IM-0005859,2025-11-02 09:01:00,P02,MAT-018,PRD-067,RM_RECEIPT,1117,EA,RM-B,WMS
IM-0005860,2026-05-12 15:05:00,P01,MAT-010,PRD-063,RM_RECEIPT,1190,EA,RM-B,WMS
IM-0005861,2026-07-17 19:22:00,P02,MAT-030,PRD-064,RM_RECEIPT,1490,EA,FG-01,WMS
IM-0005862,2026-02-01 14:44:00,P03,PRD-076,PRD-076,FG_RECEIPT,1262,EA,RM-A,WMS
IM-0005863,2025-08-18 23:38:00,P03,PRD-007,PRD-007,FG_RECEIPT,1285,EA,WIP-01,WMS
IM-0005864,2025-09-05 11:10:00,P03,PRD-035,PRD-035,FG_RECEIPT,1617,EA,RM-B,WMS
IM-0005865,2025-12-30 05:01:00,P03,PRD-032,PRD-032,FG_SHIP,-1916,EA,WIP-01,WMS
IM-0005866,2025-09-28 08:41:00,P02,MAT-001,PRD-074,RM_ISSUE,-3208,EA,WIP-01,WMS
IM-0005867,2025-12-04 13:18:00,P01,MAT-010,PRD-063,RM_RECEIPT,631,EA,FG-01,WMS
IM-0005868,2026-04-18 01:45:00,P01,MAT-026,PRD-028,RM_RECEIPT,505,EA,FG-01,WMS
IM-0005869,2025-12-30 12:47:00,P01,MAT-030,PRD-062,RM_ISSUE,-1716,EA,RM-B,WMS
IM-0005870,2026-06-06 00:28:00,P01,MAT-001,PRD-074,RM_RECEIPT,1760,EA,FG-01,WMS
IM-0005871,2025-08-17 14:11:00,P02,PRD-058,PRD-058,FG_RECEIPT,1281,EA,FG-02,WMS
IM-0005872,2025-12-04 22:59:00,P01,MAT-018,PRD-078,RM_ISSUE,-5248,EA,FG-02,WMS
IM-0005873,2026-06-15 07:02:00,P02,PRD-068,PRD-068,FG_RECEIPT,1854,EA,RM-A,WMS
IM-0005874,2025-12-29 00:27:00,P01,PRD-028,PRD-028,FG_SHIP,-340,EA,FG-01,WMS
IM-0005875,2026-04-27 11:14:00,P03,MAT-005,PRD-033,RM_RECEIPT,1755,EA,RM-A,WMS
IM-0005876,2026-02-23 11:17:00,P02,PRD-019,PRD-019,ADJUSTMENT,3483,EA,FG-01,WMS
IM-0005877,2025-08-30 18:02:00,P03,MAT-033,PRD-076,RM_RECEIPT,4413,EA,RM-B,WMS
IM-0005878,2025-08-31 12:35:00,P02,PRD-043,PRD-043,FG_SHIP,-4798,EA,FG-02,WMS
IM-0005879,2025-10-14 10:27:00,P01,MAT-031,PRD-043,RM_RECEIPT,2174,EA,WIP-01,WMS
IM-0005880,2026-04-10 08:34:00,P01,PRD-043,PRD-043,FG_SHIP,-5828,EA,RM-B,WMS
IM-0005881,2025-11-28 05:12:00,P03,PRD-007,PRD-007,FG_SHIP,-1412,EA,RM-A,WMS
IM-0005882,2026-06-02 09:11:00,P03,PRD-058,PRD-058,FG_SHIP,-2290,EA,WIP-01,WMS
IM-0005883,2025-09-13 00:27:00,P01,MAT-018,PRD-002,RM_ISSUE,-434,EA,RM-B,WMS
IM-0005884,2026-01-11 19:47:00,P02,MAT-003,PRD-049,RM_RECEIPT,1994,EA,FG-02,WMS
IM-0005885,2025-12-01 19:01:00,P01,MAT-005,PRD-058,RM_RECEIPT,838,EA,FG-01,WMS
IM-0005886,2026-05-15 05:46:00,P03,MAT-017,PRD-019,RM_RECEIPT,8258,EA,FG-02,WMS
IM-0005887,2026-05-21 02:08:00,P02,PRD-050,PRD-050,FG_SHIP,-5276,EA,WIP-01,WMS
IM-0005888,2025-09-29 17:12:00,P03,PRD-037,PRD-037,FG_RECEIPT,3920,EA,FG-02,WMS
IM-0005889,2025-10-24 02:23:00,P02,PRD-045,PRD-045,FG_SHIP,-1433,EA,FG-01,WMS
IM-0005890,2025-08-31 03:36:00,P02,PRD-045,PRD-045,FG_RECEIPT,3756,EA,WIP-01,WMS
IM-0005891,2026-03-19 00:45:00,P01,MAT-012,PRD-011,RM_RECEIPT,8602,EA,FG-02,WMS
IM-0005892,2025-12-15 23:44:00,P02,MAT-018,PRD-030,RM_RECEIPT,1272,EA,FG-02,WMS
IM-0005893,2026-03-11 08:28:00,P02,MAT-029,PRD-031,RM_RECEIPT,725,EA,FG-01,WMS
IM-0005894,2025-11-06 07:24:00,P02,MAT-010,PRD-037,RM_ISSUE,-1712,EA,FG-02,WMS
IM-0005895,2025-11-25 14:04:00,P01,MAT-018,PRD-078,RM_RECEIPT,1827,EA,RM-B,WMS
IM-0005896,2025-11-04 00:23:00,P03,MAT-018,PRD-030,RM_RECEIPT,2253,EA,RM-A,WMS
IM-0005897,2025-08-10 03:15:00,P03,MAT-019,PRD-004,RM_ISSUE,-2352,EA,WIP-01,WMS
IM-0005898,2026-03-16 11:32:00,P02,PRD-007,PRD-007,FG_RECEIPT,1619,EA,FG-01,WMS
IM-0005899,2025-12-05 04:38:00,P01,PRD-061,PRD-061,FG_SHIP,-1492,EA,RM-A,WMS
IM-0005900,2026-04-29 21:56:00,P03,MAT-018,PRD-054,RM_ISSUE,-1163,EA,FG-01,WMS
IM-0005901,2025-12-13 23:07:00,P01,PRD-009,PRD-009,FG_RECEIPT,1880,EA,FG-02,WMS
IM-0005902,2025-11-23 20:03:00,P03,MAT-010,PRD-027,RM_ISSUE,-2164,EA,WIP-01,WMS
IM-0005903,2025-11-01 20:06:00,P02,PRD-018,PRD-018,FG_RECEIPT,3065,EA,FG-02,WMS
IM-0005904,2025-09-16 14:07:00,P03,MAT-025,PRD-035,RM_RECEIPT,1431,EA,FG-01,WMS
IM-0005905,2025-10-01 15:56:00,P02,PRD-071,PRD-071,FG_SHIP,-1055,EA,RM-A,WMS
IM-0005906,2026-06-06 22:45:00,P03,MAT-027,PRD-061,RM_RECEIPT,6223,EA,RM-B,WMS
IM-0005907,2026-06-02 09:33:00,P02,PRD-044,PRD-044,FG_SHIP,-696,EA,RM-A,WMS
IM-0005908,2026-04-17 04:57:00,P01,MAT-030,PRD-012,RM_RECEIPT,1067,EA,RM-A,WMS
IM-0005909,2025-11-25 14:10:00,P02,MAT-033,PRD-017,RM_RECEIPT,3921,EA,WIP-01,WMS
IM-0005910,2025-10-29 16:29:00,P03,PRD-059,PRD-059,FG_SHIP,-3965,EA,FG-02,WMS
IM-0005911,2026-02-22 13:16:00,P03,MAT-004,PRD-040,RM_RECEIPT,4105,EA,FG-01,WMS
IM-0005912,2025-08-31 09:59:00,P03,MAT-004,PRD-040,RM_RECEIPT,1312,EA,FG-02,WMS
IM-0005913,2026-05-16 01:57:00,P03,PRD-039,PRD-039,FG_RECEIPT,1241,EA,WIP-01,WMS
IM-0005914,2026-01-21 16:29:00,P02,MAT-017,PRD-019,RM_ISSUE,-2089,EA,RM-B,WMS
IM-0005915,2026-01-04 01:40:00,P02,MAT-031,PRD-052,RM_RECEIPT,3485,EA,FG-01,WMS
IM-0005916,2026-04-19 06:07:00,P02,PRD-025,PRD-025,FG_RECEIPT,350,EA,RM-B,WMS
IM-0005917,2025-11-08 03:14:00,P03,PRD-053,PRD-053,FG_RECEIPT,1646,EA,RM-B,WMS
IM-0005918,2025-08-09 05:06:00,P02,PRD-040,PRD-040,FG_RECEIPT,975,EA,FG-02,WMS
IM-0005919,2025-10-27 01:40:00,P02,MAT-036,PRD-020,RM_RECEIPT,866,EA,RM-B,WMS
IM-0005920,2026-03-12 01:58:00,P01,MAT-026,PRD-046,RM_RECEIPT,3001,EA,RM-A,WMS
IM-0005921,2026-07-30 03:22:00,P03,MAT-030,PRD-012,RM_ISSUE,-5299,EA,RM-A,WMS
IM-0005922,2026-07-08 17:09:00,P02,PRD-005,PRD-005,ADJUSTMENT,2332,EA,FG-01,WMS
IM-0005923,2026-07-13 17:27:00,P01,MAT-007,PRD-055,RM_RECEIPT,2746,EA,WIP-01,WMS
IM-0005924,2025-12-09 13:06:00,P03,MAT-008,PRD-065,RM_RECEIPT,3232,EA,RM-A,WMS
IM-0005925,2026-02-07 22:43:00,P01,MAT-017,PRD-019,RM_RECEIPT,3671,EA,WIP-01,WMS
IM-0005926,2026-03-07 04:18:00,P02,PRD-033,PRD-033,FG_SHIP,-962,EA,RM-A,WMS
IM-0005927,2026-01-20 08:40:00,P02,MAT-026,PRD-028,RM_ISSUE,-1637,EA,FG-01,WMS
IM-0005928,2026-05-29 06:03:00,P01,MAT-006,PRD-001,RM_ISSUE,-1081,EA,RM-B,WMS
IM-0005929,2026-06-19 13:58:00,P03,PRD-038,PRD-038,FG_SHIP,-803,EA,FG-01,WMS
IM-0005930,2026-04-23 16:06:00,P03,PRD-062,PRD-062,FG_RECEIPT,558,EA,RM-A,WMS
IM-0005931,2026-01-13 02:51:00,P03,PRD-080,PRD-080,FG_RECEIPT,647,EA,WIP-01,WMS
IM-0005932,2025-10-23 05:10:00,P02,PRD-025,PRD-025,FG_SHIP,-27970,EA,RM-B,WMS
IM-0005933,2026-04-06 19:14:00,P03,MAT-032,PRD-005,RM_ISSUE,-1375,EA,FG-01,WMS
IM-0005934,2025-10-02 15:49:00,P01,PRD-024,PRD-024,FG_RECEIPT,4960,EA,RM-A,WMS
IM-0005935,2026-03-19 20:23:00,P01,PRD-060,PRD-060,FG_SHIP,-1677,EA,WIP-01,WMS
IM-0005936,2025-11-20 03:04:00,P02,MAT-018,PRD-050,RM_RECEIPT,2672,EA,WIP-01,WMS
IM-0005937,2026-07-29 13:22:00,P01,PRD-020,PRD-020,FG_SHIP,-740,EA,RM-A,WMS
IM-0005938,2026-01-25 20:18:00,P03,PRD-024,PRD-024,FG_RECEIPT,4568,EA,RM-B,WMS
IM-0005939,2025-08-03 20:30:00,P02,MAT-003,PRD-014,RM_ISSUE,-3167,EA,FG-02,WMS
IM-0005940,2026-07-28 18:29:00,P03,MAT-018,PRD-002,RM_ISSUE,-1374,EA,FG-01,WMS
IM-0005941,2026-05-05 03:50:00,P01,MAT-033,PRD-076,RM_RECEIPT,1963,EA,FG-01,WMS
IM-0005942,2025-12-23 16:24:00,P03,PRD-027,PRD-027,FG_RECEIPT,4963,EA,RM-A,WMS
IM-0005943,2026-01-15 21:12:00,P03,MAT-004,PRD-032,RM_RECEIPT,1837,EA,WIP-01,WMS
IM-0005944,2025-10-30 00:16:00,P01,MAT-003,PRD-014,RM_RECEIPT,3512,EA,RM-A,WMS
IM-0005945,2026-01-22 13:04:00,P01,PRD-068,PRD-068,FG_SHIP,-3392,EA,RM-A,WMS
IM-0005946,2025-08-31 12:44:00,P03,PRD-021,PRD-021,FG_RECEIPT,829,EA,WIP-01,WMS
IM-0005947,2026-04-12 03:44:00,P03,PRD-059,PRD-059,FG_RECEIPT,1389,EA,FG-02,WMS
IM-0005948,2026-02-14 03:02:00,P03,PRD-020,PRD-020,FG_RECEIPT,1440,EA,WIP-01,WMS
IM-0005949,2026-02-18 08:38:00,P02,MAT-010,PRD-063,RM_ISSUE,-1037,EA,RM-A,WMS
IM-0005950,2026-02-11 15:56:00,P02,PRD-014,PRD-014,FG_RECEIPT,2144,EA,FG-01,WMS
IM-0005951,2026-05-27 23:17:00,P01,MAT-030,PRD-012,RM_RECEIPT,5357,EA,FG-01,WMS
IM-0005952,2025-11-06 21:30:00,P02,PRD-036,PRD-036,FG_SHIP,-941,EA,RM-A,WMS
IM-0005953,2025-08-13 05:54:00,P02,MAT-033,PRD-076,RM_ISSUE,-2192,EA,RM-B,WMS
IM-0005954,2026-03-04 18:16:00,P01,MAT-037,PRD-051,RM_RECEIPT,5554,EA,RM-A,WMS
IM-0005955,2026-07-18 19:33:00,P01,MAT-004,PRD-040,RM_ISSUE,-3122,EA,RM-A,WMS
IM-0005956,2025-11-03 07:53:00,P02,PRD-043,PRD-043,FG_SHIP,-1578,EA,RM-A,WMS
IM-0005957,2026-03-06 01:14:00,P02,PRD-011,PRD-011,FG_SHIP,-1038,EA,RM-B,WMS
IM-0005958,2026-06-17 09:09:00,P01,PRD-029,PRD-029,FG_SHIP,-1921,EA,FG-01,WMS
IM-0005959,2026-03-09 21:17:00,P01,PRD-020,PRD-020,FG_SHIP,-3976,EA,RM-B,WMS
IM-0005960,2026-05-15 13:15:00,P03,PRD-071,PRD-071,FG_SHIP,-1456,EA,RM-A,WMS
IM-0005961,2025-11-02 15:38:00,P01,MAT-033,PRD-076,RM_RECEIPT,11302,EA,RM-B,WMS
IM-0005962,2026-02-20 11:03:00,P01,MAT-029,PRD-031,RM_RECEIPT,2655,EA,FG-02,WMS
IM-0005963,2025-08-13 09:06:00,P02,PRD-039,PRD-039,FG_RECEIPT,2326,EA,WIP-01,WMS
IM-0005964,2026-02-25 09:54:00,P01,PRD-014,PRD-014,ADJUSTMENT,3975,EA,WIP-01,WMS
IM-0005965,2025-12-18 01:03:00,P01,MAT-001,PRD-074,RM_ISSUE,-2679,EA,FG-02,WMS
IM-0005966,2026-04-21 18:01:00,P01,MAT-033,PRD-022,RM_ISSUE,-1058,EA,RM-A,WMS
IM-0005967,2026-03-08 09:35:00,P03,PRD-017,PRD-017,FG_SHIP,-2048,EA,FG-02,WMS
IM-0005968,2026-03-20 02:11:00,P02,PRD-048,PRD-048,FG_SHIP,-2745,EA,RM-A,WMS
IM-0005969,2025-10-05 19:40:00,P03,MAT-033,PRD-017,RM_ISSUE,-628,EA,RM-A,WMS
IM-0005970,2026-03-14 13:49:00,P01,MAT-031,PRD-052,RM_RECEIPT,4345,EA,FG-01,WMS
IM-0005971,2026-03-06 22:00:00,P01,PRD-072,PRD-072,FG_SHIP,-690,EA,FG-02,WMS
IM-0005972,2025-12-05 08:12:00,P03,MAT-037,PRD-080,RM_RECEIPT,846,EA,RM-A,WMS
IM-0005973,2025-08-08 16:38:00,P03,PRD-065,PRD-065,FG_RECEIPT,1500,EA,FG-02,WMS
IM-0005974,2026-07-09 13:46:00,P01,MAT-031,PRD-052,RM_ISSUE,-1054,EA,RM-B,WMS
IM-0005975,2025-08-29 08:08:00,P02,MAT-001,PRD-074,RM_RECEIPT,954,EA,WIP-01,WMS
IM-0005976,2025-09-09 04:51:00,P02,PRD-026,PRD-026,FG_RECEIPT,2591,EA,RM-A,WMS
IM-0005977,2026-01-11 01:40:00,P01,PRD-038,PRD-038,FG_SHIP,-1050,EA,FG-01,WMS
IM-0005978,2025-12-28 08:54:00,P03,PRD-035,PRD-035,FG_SHIP,-786,EA,FG-01,WMS
IM-0005979,2026-02-15 10:35:00,P02,PRD-054,PRD-054,FG_RECEIPT,1607,EA,RM-B,WMS
IM-0005980,2025-09-09 06:50:00,P02,MAT-002,PRD-069,RM_ISSUE,-3307,EA,RM-B,WMS
IM-0005981,2026-05-12 20:36:00,P03,PRD-048,PRD-048,FG_RECEIPT,1714,EA,FG-02,WMS
IM-0005982,2026-06-04 13:47:00,P01,MAT-005,PRD-024,RM_ISSUE,-577,EA,WIP-01,WMS
IM-0005983,2026-06-15 08:02:00,P01,PRD-008,PRD-008,FG_RECEIPT,8940,EA,RM-B,WMS
IM-0005984,2025-09-27 06:08:00,P03,MAT-035,PRD-053,RM_RECEIPT,1561,EA,RM-A,WMS
IM-0005985,2025-08-20 11:27:00,P03,PRD-064,PRD-064,FG_RECEIPT,927,EA,FG-02,WMS
IM-0005986,2026-05-23 10:05:00,P03,MAT-030,PRD-009,RM_RECEIPT,5360,EA,RM-A,WMS
IM-0005987,2026-06-09 04:39:00,P01,PRD-029,PRD-029,FG_SHIP,-1639,EA,FG-02,WMS
IM-0005988,2026-06-14 14:47:00,P02,MAT-005,PRD-058,RM_ISSUE,-1660,EA,RM-A,WMS
IM-0005989,2026-03-08 23:35:00,P03,PRD-055,PRD-055,FG_SHIP,-1281,EA,FG-01,WMS
IM-0005990,2026-02-08 14:46:00,P02,MAT-001,PRD-039,RM_RECEIPT,2297,EA,RM-B,WMS
IM-0005991,2025-11-02 18:57:00,P01,MAT-030,PRD-062,RM_RECEIPT,1921,EA,RM-A,WMS
IM-0005992,2026-05-27 06:33:00,P01,PRD-002,PRD-002,FG_RECEIPT,679,EA,FG-01,WMS
IM-0005993,2025-12-06 08:22:00,P03,MAT-012,PRD-006,RM_ISSUE,-5327,EA,RM-A,WMS
IM-0005994,2026-04-12 07:23:00,P03,PRD-053,PRD-053,FG_RECEIPT,4051,EA,RM-A,WMS
IM-0005995,2025-11-03 13:45:00,P01,PRD-026,PRD-026,FG_SHIP,-5244,EA,FG-01,WMS
IM-0005996,2025-11-24 11:18:00,P02,MAT-032,PRD-077,RM_RECEIPT,6456,EA,RM-A,WMS
IM-0005997,2025-11-10 06:09:00,P03,MAT-024,PRD-003,RM_ISSUE,-5697,EA,RM-A,WMS
IM-0005998,2026-04-23 20:18:00,P03,PRD-048,PRD-048,FG_SHIP,-3822,EA,WIP-01,WMS
IM-0005999,2026-02-27 01:17:00,P01,MAT-010,PRD-027,RM_RECEIPT,1533,EA,RM-A,WMS
IM-0006000,2026-01-06 11:33:00,P02,MAT-004,PRD-048,RM_RECEIPT,1827,EA,FG-02,WMS
IM-0006001,2025-10-05 07:47:00,P01,MAT-033,PRD-076,RM_RECEIPT,1721,EA,RM-B,WMS
IM-0006002,2025-09-20 06:58:00,P03,PRD-073,PRD-073,FG_RECEIPT,11923,EA,WIP-01,WMS
IM-0006003,2025-08-10 14:23:00,P03,MAT-017,PRD-079,RM_RECEIPT,2599,EA,RM-B,WMS
IM-0006004,2026-01-17 12:40:00,P01,MAT-012,PRD-006,RM_ISSUE,-647,EA,RM-A,WMS
IM-0006005,2026-01-19 17:45:00,P02,PRD-055,PRD-055,FG_RECEIPT,2598,EA,WIP-01,WMS
IM-0006006,2026-06-17 00:07:00,P03,MAT-004,PRD-040,RM_RECEIPT,2902,EA,RM-B,WMS
IM-0006007,2026-07-21 23:52:00,P02,MAT-019,PRD-004,RM_RECEIPT,2862,EA,WIP-01,WMS
IM-0006008,2025-10-01 15:33:00,P03,PRD-039,PRD-039,FG_RECEIPT,4245,EA,WIP-01,WMS
IM-0006009,2025-12-22 18:11:00,P01,MAT-018,PRD-002,RM_ISSUE,-1309,EA,FG-01,WMS
IM-0006010,2026-05-31 22:27:00,P03,MAT-017,PRD-079,RM_ISSUE,-9932,EA,FG-02,WMS
IM-0006011,2026-03-29 12:56:00,P01,PRD-002,PRD-002,FG_SHIP,-1927,EA,RM-A,WMS
IM-0006012,2026-01-01 07:16:00,P03,PRD-054,PRD-054,FG_SHIP,-2197,EA,RM-B,WMS
IM-0006013,2026-02-11 17:39:00,P01,MAT-005,PRD-021,RM_RECEIPT,850,EA,FG-02,WMS
IM-0006014,2025-08-27 12:09:00,P03,PRD-027,PRD-027,FG_SHIP,-2130,EA,FG-02,WMS
IM-0006015,2026-03-16 03:35:00,P02,PRD-059,PRD-059,FG_SHIP,-900,EA,FG-01,WMS
IM-0006016,2025-12-03 12:54:00,P03,MAT-029,PRD-045,RM_RECEIPT,356,EA,RM-A,WMS
IM-0006017,2026-02-10 01:34:00,P03,PRD-062,PRD-062,FG_RECEIPT,1546,EA,FG-01,WMS
IM-0006018,2026-01-12 16:35:00,P02,MAT-022,PRD-023,RM_ISSUE,-6021,EA,FG-02,WMS
IM-0006019,2026-04-25 15:59:00,P01,MAT-016,PRD-029,RM_RECEIPT,470,EA,RM-B,WMS
IM-0006020,2026-04-19 19:59:00,P03,PRD-074,PRD-074,FG_RECEIPT,7001,EA,RM-B,WMS
IM-0006021,2025-10-26 23:21:00,P01,PRD-047,PRD-047,FG_RECEIPT,3610,EA,FG-01,WMS
IM-0006022,2025-12-09 19:30:00,P01,MAT-030,PRD-060,RM_ISSUE,-1246,EA,WIP-01,WMS
IM-0006023,2026-01-13 13:40:00,P01,PRD-074,PRD-074,FG_SHIP,-1970,EA,FG-01,WMS
IM-0006024,2025-10-21 14:47:00,P03,MAT-004,PRD-048,RM_ISSUE,-1579,EA,FG-02,WMS
IM-0006025,2026-03-26 00:40:00,P03,MAT-033,PRD-044,RM_ISSUE,-4070,EA,FG-02,WMS
IM-0006026,2026-05-27 08:57:00,P01,PRD-078,PRD-078,FG_SHIP,-1207,EA,FG-01,WMS
IM-0006027,2025-10-17 22:34:00,P01,MAT-010,PRD-063,RM_ISSUE,-3604,EA,RM-B,WMS
IM-0006028,2026-05-18 22:14:00,P03,PRD-011,PRD-011,FG_SHIP,-7651,EA,RM-A,WMS
IM-0006029,2026-05-05 22:31:00,P03,MAT-029,PRD-031,RM_ISSUE,-1219,EA,RM-A,WMS
IM-0006030,2026-07-07 08:21:00,P02,PRD-013,PRD-013,FG_SHIP,-459,EA,FG-01,WMS
IM-0006031,2025-09-06 00:10:00,P02,PRD-023,PRD-023,FG_SHIP,-393,EA,FG-01,WMS
IM-0006032,2025-09-27 09:43:00,P02,MAT-030,PRD-064,RM_ISSUE,-3424,EA,RM-A,WMS
IM-0006033,2026-05-20 06:46:00,P01,PRD-023,PRD-023,FG_SHIP,-370,EA,WIP-01,WMS
IM-0006034,2026-01-07 19:46:00,P03,PRD-055,PRD-055,FG_SHIP,-1082,EA,FG-01,WMS
IM-0006035,2025-12-08 10:39:00,P01,MAT-004,PRD-040,RM_ISSUE,-21602,EA,FG-02,WMS
IM-0006036,2025-09-04 21:15:00,P03,MAT-007,PRD-055,RM_RECEIPT,791,EA,RM-B,WMS
IM-0006037,2026-05-07 17:29:00,P01,MAT-014,PRD-070,RM_RECEIPT,1111,EA,WIP-01,WMS
IM-0006038,2025-11-27 06:21:00,P03,MAT-030,PRD-060,RM_RECEIPT,1386,EA,RM-A,WMS
IM-0006039,2025-09-12 09:02:00,P03,PRD-009,PRD-009,FG_RECEIPT,4077,EA,RM-B,WMS
IM-0006040,2025-10-18 20:04:00,P02,MAT-001,PRD-074,RM_ISSUE,-6549,EA,RM-B,WMS
IM-0006041,2026-05-23 08:26:00,P02,PRD-027,PRD-027,FG_RECEIPT,1051,EA,FG-02,WMS
IM-0006042,2026-05-19 10:18:00,P03,PRD-044,PRD-044,FG_RECEIPT,3970,EA,WIP-01,WMS
IM-0006043,2026-04-23 13:04:00,P02,PRD-014,PRD-014,FG_RECEIPT,217,EA,RM-A,WMS
IM-0006044,2025-09-22 07:12:00,P01,PRD-033,PRD-033,FG_RECEIPT,892,EA,WIP-01,WMS
IM-0006045,2025-11-14 04:03:00,P03,MAT-018,PRD-067,RM_RECEIPT,917,EA,WIP-01,WMS
IM-0006046,2025-11-27 13:30:00,P01,MAT-031,PRD-008,RM_ISSUE,-1502,EA,FG-01,WMS
IM-0006047,2026-04-26 15:59:00,P03,MAT-027,PRD-072,RM_RECEIPT,2286,EA,FG-01,WMS
IM-0006048,2026-02-07 16:08:00,P03,PRD-011,PRD-011,FG_RECEIPT,1605,EA,FG-02,WMS
IM-0006049,2025-10-17 09:22:00,P02,PRD-075,PRD-075,FG_SHIP,-7566,EA,FG-02,WMS
IM-0006050,2025-12-20 18:48:00,P01,MAT-018,PRD-030,RM_RECEIPT,3359,EA,WIP-01,WMS
IM-0006051,2025-10-22 03:41:00,P01,MAT-030,PRD-064,RM_ISSUE,-5190,EA,RM-B,WMS
IM-0006052,2025-09-20 08:11:00,P01,MAT-023,PRD-007,RM_ISSUE,-814,EA,RM-A,WMS
IM-0006053,2025-12-12 21:46:00,P02,MAT-030,PRD-009,RM_ISSUE,-1424,EA,RM-A,WMS
IM-0006054,2025-09-15 13:08:00,P02,MAT-018,PRD-030,RM_RECEIPT,1183,EA,RM-A,WMS
IM-0006055,2026-03-27 03:26:00,P03,PRD-080,PRD-080,FG_SHIP,-463,EA,FG-01,WMS
IM-0006056,2025-10-07 02:21:00,P01,MAT-027,PRD-061,RM_RECEIPT,3417,EA,RM-A,WMS
IM-0006057,2025-09-17 10:31:00,P02,PRD-070,PRD-070,FG_SHIP,-2208,EA,RM-A,WMS
IM-0006058,2025-09-15 17:57:00,P03,PRD-035,PRD-035,FG_RECEIPT,6023,EA,FG-02,WMS
IM-0006059,2026-07-22 04:09:00,P01,PRD-027,PRD-027,FG_SHIP,-2196,EA,RM-A,WMS
IM-0006060,2026-02-18 08:28:00,P01,MAT-018,PRD-050,RM_RECEIPT,1543,EA,RM-B,WMS
IM-0006061,2025-10-18 18:08:00,P01,MAT-032,PRD-038,RM_RECEIPT,6755,EA,RM-B,WMS
IM-0006062,2026-01-11 03:34:00,P03,MAT-002,PRD-069,RM_RECEIPT,834,EA,WIP-01,WMS
IM-0006063,2026-05-29 19:40:00,P02,MAT-015,PRD-025,RM_ISSUE,-570,EA,RM-A,WMS
IM-0006064,2025-08-13 17:54:00,P03,PRD-030,PRD-030,FG_SHIP,-6190,EA,RM-A,WMS
IM-0006065,2025-10-27 07:48:00,P01,PRD-005,PRD-005,FG_SHIP,-2741,EA,RM-B,WMS
IM-0006066,2026-07-15 23:02:00,P02,MAT-024,PRD-003,RM_ISSUE,-3297,EA,RM-B,WMS
IM-0006067,2025-09-13 23:47:00,P01,MAT-015,PRD-034,RM_ISSUE,-3656,EA,FG-02,WMS
IM-0006068,2026-03-08 21:43:00,P01,MAT-024,PRD-013,RM_ISSUE,-4413,EA,RM-B,WMS
IM-0006069,2025-10-13 00:50:00,P02,MAT-035,PRD-066,RM_ISSUE,-1044,EA,FG-02,WMS
IM-0006070,2026-03-04 13:00:00,P03,MAT-027,PRD-072,RM_ISSUE,-3321,EA,WIP-01,WMS
IM-0006071,2026-07-28 20:39:00,P01,PRD-018,PRD-018,FG_SHIP,-636,EA,RM-A,WMS
IM-0006072,2025-11-02 19:35:00,P02,PRD-067,PRD-067,ADJUSTMENT,961,EA,RM-A,WMS
IM-0006073,2025-10-01 14:49:00,P03,MAT-033,PRD-076,RM_RECEIPT,1418,EA,WIP-01,WMS
IM-0006074,2026-04-28 20:43:00,P02,MAT-032,PRD-038,RM_ISSUE,-1858,EA,FG-01,WMS
IM-0006075,2025-12-04 00:15:00,P02,MAT-015,PRD-025,RM_RECEIPT,20216,EA,FG-02,WMS
IM-0006076,2025-12-15 02:18:00,P03,MAT-033,PRD-044,RM_RECEIPT,3664,EA,FG-02,WMS
IM-0006077,2026-04-14 19:17:00,P02,PRD-050,PRD-050,FG_RECEIPT,2726,EA,FG-02,WMS
IM-0006078,2026-03-12 05:31:00,P02,MAT-030,PRD-064,RM_RECEIPT,465,EA,FG-02,WMS
IM-0006079,2026-03-04 11:08:00,P02,MAT-030,PRD-060,RM_RECEIPT,4507,EA,FG-01,WMS
IM-0006080,2026-05-17 20:44:00,P02,MAT-030,PRD-009,RM_RECEIPT,2272,EA,FG-01,WMS
IM-0006081,2025-08-31 05:01:00,P02,PRD-079,PRD-079,FG_RECEIPT,6355,EA,FG-02,WMS
IM-0006082,2025-11-17 21:06:00,P01,MAT-015,PRD-034,RM_ISSUE,-3060,EA,FG-02,WMS
IM-0006083,2026-02-20 20:02:00,P02,PRD-040,PRD-040,ADJUSTMENT,3482,EA,RM-A,WMS
IM-0006084,2026-04-14 20:19:00,P03,PRD-077,PRD-077,FG_SHIP,-2358,EA,FG-01,WMS
IM-0006085,2026-07-29 20:12:00,P02,PRD-048,PRD-048,FG_RECEIPT,373,EA,RM-A,WMS
IM-0006086,2026-07-04 02:20:00,P01,MAT-006,PRD-001,RM_RECEIPT,1057,EA,RM-B,WMS
IM-0006087,2026-02-12 00:13:00,P02,MAT-013,PRD-075,RM_RECEIPT,811,EA,RM-B,WMS
IM-0006088,2025-09-06 16:08:00,P02,PRD-066,PRD-066,FG_SHIP,-3216,EA,FG-02,WMS
IM-0006089,2026-07-24 09:06:00,P02,PRD-046,PRD-046,FG_SHIP,-2456,EA,RM-A,WMS
IM-0006090,2026-01-03 18:44:00,P03,PRD-073,PRD-073,FG_RECEIPT,1437,EA,FG-01,WMS
IM-0006091,2026-04-20 13:52:00,P02,MAT-008,PRD-036,RM_RECEIPT,1875,EA,RM-B,WMS
IM-0006092,2025-08-22 18:14:00,P03,MAT-019,PRD-004,RM_ISSUE,-1321,EA,FG-01,WMS
IM-0006093,2026-06-02 00:18:00,P02,MAT-018,PRD-054,RM_RECEIPT,3422,EA,WIP-01,WMS
IM-0006094,2025-09-25 15:53:00,P03,PRD-024,PRD-024,FG_SHIP,-1232,EA,FG-01,WMS
IM-0006095,2026-07-18 20:11:00,P01,PRD-026,PRD-026,FG_RECEIPT,2221,EA,FG-02,WMS
IM-0006096,2026-05-18 16:34:00,P02,PRD-007,PRD-007,FG_SHIP,-2439,EA,FG-02,WMS
IM-0006097,2025-10-03 09:31:00,P01,MAT-030,PRD-062,RM_RECEIPT,2080,EA,FG-01,WMS
IM-0006098,2026-01-02 02:32:00,P03,PRD-044,PRD-044,ADJUSTMENT,2199,EA,RM-B,WMS
IM-0006099,2025-12-16 10:26:00,P02,PRD-077,PRD-077,FG_SHIP,-423,EA,FG-01,WMS
IM-0006100,2025-12-05 13:27:00,P02,MAT-030,PRD-012,RM_RECEIPT,9030,EA,RM-A,WMS
IM-0006101,2025-08-02 22:46:00,P03,MAT-001,PRD-039,RM_ISSUE,-538,EA,FG-02,WMS
IM-0006102,2025-10-03 10:44:00,P03,MAT-032,PRD-015,RM_RECEIPT,6910,EA,RM-A,WMS
IM-0006103,2026-02-05 11:10:00,P02,MAT-008,PRD-065,RM_RECEIPT,1252,EA,RM-B,WMS
IM-0006104,2025-11-07 18:38:00,P03,PRD-061,PRD-061,FG_RECEIPT,4497,EA,RM-B,WMS
IM-0006105,2025-10-09 15:09:00,P02,MAT-026,PRD-046,RM_ISSUE,-5833,EA,RM-A,WMS
IM-0006106,2026-06-06 04:04:00,P03,PRD-032,PRD-032,FG_RECEIPT,2362,EA,RM-B,WMS
IM-0006107,2025-12-27 06:05:00,P01,PRD-077,PRD-077,FG_RECEIPT,851,EA,FG-01,WMS
IM-0006108,2026-07-08 15:31:00,P03,MAT-012,PRD-006,RM_RECEIPT,4686,EA,FG-01,WMS
IM-0006109,2025-11-17 15:06:00,P01,MAT-015,PRD-025,RM_RECEIPT,481,EA,FG-02,WMS
IM-0006110,2025-10-08 08:06:00,P03,PRD-045,PRD-045,FG_RECEIPT,1118,EA,WIP-01,WMS
IM-0006111,2025-12-06 19:06:00,P01,MAT-017,PRD-019,RM_ISSUE,-550,EA,FG-02,WMS
IM-0006112,2026-07-22 12:34:00,P03,PRD-079,PRD-079,FG_SHIP,-11460,EA,RM-B,WMS
IM-0006113,2025-11-01 01:11:00,P01,MAT-019,PRD-004,RM_RECEIPT,2674,EA,FG-02,WMS
IM-0006114,2026-05-05 01:26:00,P02,PRD-052,PRD-052,FG_RECEIPT,3851,EA,FG-01,WMS
IM-0006115,2025-10-19 13:51:00,P02,PRD-010,PRD-010,FG_SHIP,-1877,EA,FG-02,WMS
IM-0006116,2026-06-30 08:48:00,P01,MAT-024,PRD-003,RM_RECEIPT,10377,EA,RM-B,WMS
IM-0006117,2026-01-16 19:32:00,P03,MAT-025,PRD-035,RM_ISSUE,-3182,EA,FG-02,WMS
IM-0006118,2025-11-30 07:54:00,P01,PRD-080,PRD-080,ADJUSTMENT,1825,EA,RM-A,WMS
IM-0006119,2025-12-11 20:15:00,P01,MAT-032,PRD-015,RM_RECEIPT,1097,EA,FG-01,WMS
IM-0006120,2026-04-18 04:19:00,P03,PRD-030,PRD-030,FG_SHIP,-2872,EA,RM-B,WMS
IM-0006121,2026-02-23 19:39:00,P02,MAT-018,PRD-054,RM_RECEIPT,2295,EA,FG-02,WMS
IM-0006122,2025-12-22 13:47:00,P03,PRD-015,PRD-015,FG_SHIP,-3329,EA,RM-A,WMS
IM-0006123,2025-09-05 02:20:00,P03,MAT-037,PRD-051,RM_RECEIPT,3222,EA,RM-B,WMS
IM-0006124,2025-08-30 09:12:00,P01,PRD-054,PRD-054,FG_RECEIPT,1781,EA,FG-02,WMS
IM-0006125,2026-04-07 00:21:00,P01,MAT-004,PRD-032,RM_RECEIPT,1800,EA,RM-A,WMS
IM-0006126,2026-04-16 14:03:00,P03,PRD-052,PRD-052,FG_SHIP,-2240,EA,WIP-01,WMS
IM-0006127,2026-03-04 01:43:00,P01,MAT-017,PRD-019,RM_ISSUE,-328,EA,FG-01,WMS
IM-0006128,2025-10-12 03:53:00,P03,MAT-016,PRD-029,RM_RECEIPT,938,EA,RM-B,WMS
IM-0006129,2026-01-21 14:18:00,P02,MAT-031,PRD-043,RM_RECEIPT,817,EA,FG-01,WMS
IM-0006130,2026-05-05 02:40:00,P03,MAT-001,PRD-056,RM_ISSUE,-1853,EA,RM-A,WMS
IM-0006131,2025-12-11 23:18:00,P03,PRD-042,PRD-042,FG_RECEIPT,3544,EA,RM-A,WMS
IM-0006132,2026-04-20 07:06:00,P01,PRD-023,PRD-023,FG_RECEIPT,1835,EA,FG-01,WMS
IM-0006133,2026-04-27 20:54:00,P02,MAT-031,PRD-008,RM_ISSUE,-4843,EA,FG-02,WMS
IM-0006134,2025-08-31 01:47:00,P03,PRD-051,PRD-051,FG_RECEIPT,2059,EA,WIP-01,WMS
IM-0006135,2025-10-20 08:09:00,P03,PRD-080,PRD-080,FG_SHIP,-304,EA,WIP-01,WMS
IM-0006136,2025-10-18 23:58:00,P01,MAT-026,PRD-059,RM_RECEIPT,1075,EA,RM-A,WMS
IM-0006137,2025-11-18 12:06:00,P03,PRD-075,PRD-075,FG_SHIP,-866,EA,FG-02,WMS
IM-0006138,2026-04-10 13:08:00,P02,MAT-037,PRD-080,RM_ISSUE,-3370,EA,FG-01,WMS
IM-0006139,2026-05-07 17:01:00,P01,MAT-030,PRD-009,RM_RECEIPT,2616,EA,RM-B,WMS
IM-0006140,2025-09-21 22:54:00,P02,MAT-018,PRD-078,RM_ISSUE,-5103,EA,FG-02,WMS
IM-0006141,2025-11-17 09:19:00,P02,MAT-005,PRD-024,RM_ISSUE,-5036,EA,RM-B,WMS
IM-0006142,2026-04-13 09:48:00,P03,MAT-008,PRD-036,RM_ISSUE,-1180,EA,WIP-01,WMS
IM-0006143,2025-10-15 05:32:00,P01,PRD-044,PRD-044,FG_SHIP,-475,EA,WIP-01,WMS
IM-0006144,2025-12-29 11:08:00,P02,MAT-016,PRD-029,RM_RECEIPT,2104,EA,FG-02,WMS
IM-0006145,2025-11-19 22:55:00,P01,PRD-055,PRD-055,FG_SHIP,-6432,EA,FG-01,WMS
IM-0006146,2025-11-15 00:52:00,P03,MAT-004,PRD-048,RM_RECEIPT,3526,EA,RM-A,WMS
IM-0006147,2025-12-21 16:40:00,P01,MAT-004,PRD-040,RM_RECEIPT,1603,EA,FG-02,WMS
IM-0006148,2026-06-27 13:37:00,P03,MAT-032,PRD-005,RM_ISSUE,-1194,EA,RM-A,WMS
IM-0006149,2025-09-20 15:26:00,P02,MAT-037,PRD-051,RM_ISSUE,-900,EA,FG-01,WMS
IM-0006150,2026-03-22 19:04:00,P01,MAT-023,PRD-007,RM_ISSUE,-2269,EA,RM-B,WMS
IM-0006151,2026-02-02 06:00:00,P02,PRD-063,PRD-063,FG_RECEIPT,599,EA,WIP-01,WMS
IM-0006152,2026-07-04 10:50:00,P02,MAT-013,PRD-075,RM_ISSUE,-1270,EA,RM-B,WMS
IM-0006153,2025-12-10 09:24:00,P03,PRD-009,PRD-009,ADJUSTMENT,1884,EA,RM-A,WMS
IM-0006154,2025-09-02 01:15:00,P03,PRD-057,PRD-057,FG_SHIP,-1565,EA,FG-01,WMS
IM-0006155,2025-12-28 07:44:00,P01,PRD-043,PRD-043,FG_RECEIPT,3081,EA,FG-01,WMS
IM-0006156,2026-03-18 11:35:00,P02,PRD-021,PRD-021,FG_SHIP,-2640,EA,FG-02,WMS
IM-0006157,2025-09-27 16:40:00,P02,PRD-061,PRD-061,FG_SHIP,-5890,EA,RM-B,WMS
IM-0006158,2025-11-09 09:43:00,P02,PRD-048,PRD-048,FG_SHIP,-1477,EA,RM-A,WMS
IM-0006159,2025-11-01 23:11:00,P03,MAT-026,PRD-028,RM_ISSUE,-4704,EA,RM-A,WMS
IM-0006160,2026-07-09 16:39:00,P01,MAT-030,PRD-064,RM_ISSUE,-1099,EA,WIP-01,WMS
IM-0006161,2025-12-14 02:19:00,P01,PRD-074,PRD-074,FG_SHIP,-3198,EA,FG-01,WMS
IM-0006162,2026-04-01 06:58:00,P03,MAT-018,PRD-054,RM_RECEIPT,2771,EA,RM-B,WMS
IM-0006163,2026-02-25 02:40:00,P02,PRD-062,PRD-062,FG_RECEIPT,2672,EA,RM-B,WMS
IM-0006164,2026-01-06 10:36:00,P02,MAT-026,PRD-028,RM_ISSUE,-1321,EA,FG-02,WMS
IM-0006165,2026-04-01 15:32:00,P02,PRD-001,PRD-001,FG_RECEIPT,1297,EA,RM-A,WMS
IM-0006166,2025-10-08 09:52:00,P03,MAT-030,PRD-060,RM_RECEIPT,2425,EA,WIP-01,WMS
IM-0006167,2025-11-15 01:17:00,P02,PRD-001,PRD-001,FG_RECEIPT,2803,EA,RM-B,WMS
IM-0006168,2025-08-29 15:29:00,P02,PRD-013,PRD-013,FG_SHIP,-1385,EA,FG-02,WMS
IM-0006169,2025-09-04 07:02:00,P01,PRD-015,PRD-015,FG_SHIP,-4875,EA,FG-02,WMS
IM-0006170,2026-03-05 16:37:00,P02,MAT-033,PRD-022,RM_RECEIPT,1516,EA,WIP-01,WMS
IM-0006171,2026-03-12 05:54:00,P02,MAT-030,PRD-041,RM_RECEIPT,8236,EA,FG-02,WMS
IM-0006172,2026-06-25 01:33:00,P03,PRD-066,PRD-066,FG_SHIP,-3734,EA,RM-A,WMS
IM-0006173,2025-11-27 00:53:00,P03,PRD-018,PRD-018,FG_SHIP,-2893,EA,RM-B,WMS
IM-0006174,2026-06-13 04:02:00,P01,MAT-022,PRD-023,RM_RECEIPT,2359,EA,RM-B,WMS
IM-0006175,2025-10-15 00:36:00,P03,PRD-068,PRD-068,FG_RECEIPT,3209,EA,WIP-01,WMS
IM-0006176,2025-10-30 08:07:00,P03,PRD-005,PRD-005,FG_SHIP,-417,EA,RM-A,WMS
IM-0006177,2026-03-04 18:52:00,P01,MAT-003,PRD-049,RM_RECEIPT,6085,EA,RM-A,WMS
IM-0006178,2025-11-23 20:36:00,P03,MAT-001,PRD-039,RM_RECEIPT,6233,EA,WIP-01,WMS
IM-0006179,2026-02-17 13:41:00,P03,PRD-030,PRD-030,FG_SHIP,-2911,EA,RM-A,WMS
IM-0006180,2026-05-31 07:49:00,P02,MAT-030,PRD-012,RM_RECEIPT,4372,EA,RM-B,WMS
IM-0006181,2025-11-25 13:30:00,P02,MAT-001,PRD-074,RM_RECEIPT,1352,EA,FG-01,WMS
IM-0006182,2026-01-29 12:43:00,P02,PRD-066,PRD-066,FG_SHIP,-3700,EA,RM-B,WMS
IM-0006183,2026-03-22 19:36:00,P03,MAT-018,PRD-067,RM_RECEIPT,810,EA,FG-02,WMS
IM-0006184,2025-09-26 04:03:00,P01,PRD-037,PRD-037,FG_SHIP,-1880,EA,RM-A,WMS
IM-0006185,2025-09-09 08:25:00,P02,MAT-032,PRD-038,RM_RECEIPT,2182,EA,FG-02,WMS
IM-0006186,2025-12-28 14:38:00,P01,MAT-024,PRD-003,RM_RECEIPT,370,EA,FG-02,WMS
IM-0006187,2025-09-05 00:08:00,P02,PRD-031,PRD-031,FG_SHIP,-647,EA,RM-B,WMS
IM-0006188,2026-02-14 15:48:00,P01,PRD-065,PRD-065,FG_SHIP,-1981,EA,FG-01,WMS
IM-0006189,2025-09-09 03:25:00,P02,PRD-079,PRD-079,FG_RECEIPT,2160,EA,FG-02,WMS
IM-0006190,2025-12-31 03:30:00,P01,MAT-033,PRD-022,RM_ISSUE,-3963,EA,FG-01,WMS
IM-0006191,2025-10-05 05:33:00,P03,PRD-047,PRD-047,FG_SHIP,-1507,EA,RM-B,WMS
IM-0006192,2025-10-05 17:59:00,P01,PRD-003,PRD-003,FG_SHIP,-3058,EA,RM-A,WMS
IM-0006193,2026-02-24 03:06:00,P02,MAT-010,PRD-063,RM_RECEIPT,4601,EA,RM-B,WMS
IM-0006194,2025-10-02 07:13:00,P03,MAT-019,PRD-004,RM_ISSUE,-1295,EA,RM-A,WMS
IM-0006195,2025-09-11 07:46:00,P03,MAT-029,PRD-045,RM_ISSUE,-1271,EA,RM-B,WMS
IM-0006196,2025-10-16 06:30:00,P03,PRD-016,PRD-016,FG_SHIP,-1860,EA,FG-01,WMS
IM-0006197,2026-02-20 00:35:00,P02,PRD-001,PRD-001,FG_RECEIPT,970,EA,RM-A,WMS
IM-0006198,2025-11-24 13:02:00,P01,PRD-016,PRD-016,FG_RECEIPT,1005,EA,RM-A,WMS
IM-0006199,2025-11-26 03:46:00,P02,PRD-073,PRD-073,FG_RECEIPT,5664,EA,FG-02,WMS
IM-0006200,2026-03-14 18:03:00,P03,MAT-026,PRD-046,RM_RECEIPT,6443,EA,FG-02,WMS
IM-0006201,2026-03-13 01:04:00,P02,MAT-035,PRD-016,RM_ISSUE,-4385,EA,RM-A,WMS
IM-0006202,2026-02-27 10:13:00,P01,MAT-004,PRD-048,RM_RECEIPT,12751,EA,WIP-01,WMS
IM-0006203,2025-09-19 06:01:00,P02,PRD-071,PRD-071,FG_SHIP,-1760,EA,WIP-01,WMS
IM-0006204,2025-11-19 14:55:00,P01,PRD-003,PRD-003,FG_SHIP,-384,EA,WIP-01,WMS
IM-0006205,2026-06-15 17:43:00,P01,MAT-026,PRD-046,RM_RECEIPT,1283,EA,WIP-01,WMS
IM-0006206,2026-04-07 17:18:00,P01,PRD-037,PRD-037,FG_SHIP,-825,EA,RM-B,WMS
IM-0006207,2026-06-27 11:25:00,P01,MAT-032,PRD-015,RM_RECEIPT,2849,EA,FG-01,WMS
IM-0006208,2026-04-15 16:13:00,P01,PRD-058,PRD-058,FG_RECEIPT,4096,EA,RM-A,WMS
IM-0006209,2026-04-02 11:16:00,P02,PRD-064,PRD-064,FG_SHIP,-1262,EA,FG-01,WMS
IM-0006210,2026-06-21 20:31:00,P01,PRD-063,PRD-063,FG_RECEIPT,590,EA,FG-02,WMS
IM-0006211,2026-06-12 07:53:00,P01,MAT-001,PRD-039,RM_RECEIPT,1615,EA,WIP-01,WMS
IM-0006212,2025-09-10 00:46:00,P01,MAT-018,PRD-078,RM_RECEIPT,6928,EA,FG-01,WMS
IM-0006213,2026-03-12 11:25:00,P01,PRD-032,PRD-032,FG_SHIP,-1714,EA,FG-01,WMS
IM-0006214,2025-10-09 06:58:00,P02,PRD-053,PRD-053,FG_RECEIPT,3081,EA,WIP-01,WMS
IM-0006215,2026-02-15 22:24:00,P03,PRD-002,PRD-002,FG_RECEIPT,3071,EA,WIP-01,WMS
IM-0006216,2025-10-13 09:03:00,P01,PRD-056,PRD-056,FG_RECEIPT,3050,EA,FG-01,WMS
IM-0006217,2025-11-12 06:50:00,P03,MAT-032,PRD-015,RM_RECEIPT,961,EA,FG-02,WMS
IM-0006218,2025-09-23 12:36:00,P03,PRD-012,PRD-012,FG_RECEIPT,1249,EA,RM-A,WMS
IM-0006219,2025-11-08 16:18:00,P03,MAT-032,PRD-038,RM_RECEIPT,2359,EA,FG-02,WMS
IM-0006220,2025-09-03 06:17:00,P03,PRD-063,PRD-063,FG_RECEIPT,3184,EA,FG-01,WMS
IM-0006221,2026-07-16 04:08:00,P02,PRD-048,PRD-048,FG_SHIP,-820,EA,FG-01,WMS
IM-0006222,2026-07-09 19:28:00,P03,PRD-036,PRD-036,FG_SHIP,-1023,EA,RM-A,WMS
IM-0006223,2025-11-20 13:56:00,P03,PRD-061,PRD-061,FG_SHIP,-4676,EA,RM-A,WMS
IM-0006224,2026-06-06 14:24:00,P01,PRD-041,PRD-041,FG_RECEIPT,3762,EA,RM-A,WMS
IM-0006225,2026-07-02 23:43:00,P03,MAT-030,PRD-064,RM_RECEIPT,1405,EA,WIP-01,WMS
IM-0006226,2026-07-14 02:56:00,P02,MAT-004,PRD-032,RM_ISSUE,-941,EA,RM-A,WMS
IM-0006227,2026-03-08 12:34:00,P01,PRD-080,PRD-080,FG_RECEIPT,1969,EA,FG-01,WMS
IM-0006228,2026-04-30 17:48:00,P03,PRD-011,PRD-011,FG_RECEIPT,3173,EA,RM-A,WMS
IM-0006229,2026-04-19 06:10:00,P01,MAT-031,PRD-052,RM_ISSUE,-888,EA,WIP-01,WMS
IM-0006230,2026-07-17 05:17:00,P02,PRD-012,PRD-012,FG_RECEIPT,214,EA,FG-02,WMS
IM-0006231,2026-03-05 14:46:00,P02,PRD-065,PRD-065,FG_RECEIPT,7533,EA,RM-A,WMS
IM-0006232,2026-07-18 00:21:00,P03,MAT-030,PRD-064,RM_ISSUE,-765,EA,RM-A,WMS
IM-0006233,2026-07-07 23:55:00,P03,PRD-066,PRD-066,FG_RECEIPT,1714,EA,FG-02,WMS
IM-0006234,2026-02-14 00:27:00,P02,PRD-024,PRD-024,FG_RECEIPT,459,EA,FG-02,WMS
IM-0006235,2026-04-02 07:03:00,P02,MAT-037,PRD-080,RM_RECEIPT,3261,EA,FG-02,WMS
IM-0006236,2025-08-02 05:05:00,P02,MAT-012,PRD-006,RM_ISSUE,-3482,EA,FG-01,WMS
IM-0006237,2025-08-09 04:10:00,P02,MAT-013,PRD-075,RM_RECEIPT,1654,EA,RM-A,WMS
IM-0006238,2026-04-14 13:24:00,P03,MAT-030,PRD-064,RM_ISSUE,-794,EA,RM-A,WMS
IM-0006239,2026-05-18 12:06:00,P01,MAT-022,PRD-047,RM_ISSUE,-2248,EA,FG-01,WMS
IM-0006240,2026-06-17 00:47:00,P01,MAT-013,PRD-075,RM_RECEIPT,686,EA,RM-B,WMS
IM-0006241,2026-03-11 22:28:00,P01,PRD-027,PRD-027,FG_RECEIPT,1241,EA,RM-B,WMS
IM-0006242,2026-03-15 16:37:00,P02,MAT-022,PRD-023,RM_RECEIPT,1007,EA,FG-01,WMS
IM-0006243,2026-03-05 17:28:00,P01,MAT-037,PRD-018,RM_RECEIPT,1826,EA,FG-01,WMS
IM-0006244,2026-06-21 08:49:00,P03,PRD-023,PRD-023,FG_SHIP,-1131,EA,RM-A,WMS
IM-0006245,2025-08-11 23:36:00,P01,PRD-065,PRD-065,FG_SHIP,-1793,EA,WIP-01,WMS
IM-0006246,2026-04-19 09:31:00,P02,MAT-013,PRD-075,RM_RECEIPT,3454,EA,WIP-01,WMS
IM-0006247,2026-06-28 17:17:00,P02,MAT-008,PRD-036,RM_RECEIPT,1158,EA,RM-A,WMS
IM-0006248,2026-04-21 04:12:00,P02,PRD-012,PRD-012,FG_RECEIPT,3942,EA,RM-A,WMS
IM-0006249,2025-09-06 04:11:00,P01,PRD-044,PRD-044,FG_RECEIPT,1687,EA,RM-A,WMS
IM-0006250,2025-12-21 07:39:00,P03,MAT-030,PRD-041,RM_RECEIPT,884,EA,RM-A,WMS
IM-0006251,2026-06-07 03:14:00,P02,PRD-003,PRD-003,FG_RECEIPT,1618,EA,RM-B,WMS
IM-0006252,2026-07-31 04:10:00,P03,MAT-035,PRD-053,RM_RECEIPT,771,EA,RM-B,WMS
IM-0006253,2025-12-26 18:18:00,P01,MAT-033,PRD-044,RM_RECEIPT,3723,EA,FG-01,WMS
IM-0006254,2025-10-09 23:06:00,P01,MAT-037,PRD-051,RM_RECEIPT,2799,EA,RM-B,WMS
IM-0006255,2025-12-23 05:11:00,P02,PRD-063,PRD-063,FG_RECEIPT,1157,EA,RM-B,WMS
IM-0006256,2025-08-15 06:20:00,P01,PRD-002,PRD-002,FG_SHIP,-924,EA,FG-02,WMS
IM-0006257,2026-06-01 17:30:00,P02,MAT-003,PRD-014,RM_ISSUE,-2846,EA,WIP-01,WMS
IM-0006258,2026-01-11 11:28:00,P03,MAT-035,PRD-016,RM_RECEIPT,2483,EA,WIP-01,WMS
IM-0006259,2025-08-20 03:38:00,P03,MAT-014,PRD-068,RM_RECEIPT,1924,EA,RM-B,WMS
IM-0006260,2026-03-18 12:54:00,P01,MAT-006,PRD-001,RM_ISSUE,-1182,EA,RM-B,WMS
IM-0006261,2026-02-26 06:55:00,P02,MAT-010,PRD-027,RM_ISSUE,-1285,EA,RM-A,WMS
IM-0006262,2026-05-21 18:28:00,P02,MAT-016,PRD-029,RM_ISSUE,-2789,EA,RM-A,WMS
IM-0006263,2026-02-07 19:33:00,P03,PRD-071,PRD-071,FG_SHIP,-2023,EA,RM-B,WMS
IM-0006264,2026-01-06 22:02:00,P02,PRD-049,PRD-049,FG_RECEIPT,7433,EA,FG-01,WMS
IM-0006265,2025-10-10 17:58:00,P03,MAT-013,PRD-075,RM_RECEIPT,2024,EA,FG-01,WMS
IM-0006266,2025-12-28 07:54:00,P01,MAT-005,PRD-021,RM_ISSUE,-11910,EA,RM-A,WMS
IM-0006267,2025-10-18 18:05:00,P03,PRD-047,PRD-047,FG_SHIP,-3258,EA,FG-01,WMS
IM-0006268,2026-01-04 09:58:00,P01,PRD-063,PRD-063,FG_SHIP,-7350,EA,RM-B,WMS
IM-0006269,2025-11-23 05:51:00,P02,PRD-005,PRD-005,ADJUSTMENT,5128,EA,FG-01,WMS
IM-0006270,2025-11-02 17:35:00,P02,MAT-036,PRD-020,RM_RECEIPT,325,EA,WIP-01,WMS
IM-0006271,2025-12-01 15:14:00,P01,PRD-042,PRD-042,FG_RECEIPT,1715,EA,FG-01,WMS
IM-0006272,2026-02-08 17:17:00,P01,MAT-026,PRD-028,RM_ISSUE,-21446,EA,FG-01,WMS
IM-0006273,2026-06-14 20:40:00,P02,PRD-017,PRD-017,FG_RECEIPT,904,EA,RM-B,WMS
IM-0006274,2026-02-10 21:32:00,P01,MAT-025,PRD-035,RM_ISSUE,-1084,EA,RM-A,WMS
IM-0006275,2026-02-02 18:17:00,P01,PRD-063,PRD-063,FG_SHIP,-346,EA,RM-B,WMS
IM-0006276,2026-03-21 15:08:00,P02,PRD-053,PRD-053,FG_RECEIPT,1313,EA,RM-A,WMS
IM-0006277,2026-06-02 20:45:00,P03,MAT-026,PRD-057,RM_RECEIPT,15878,EA,FG-02,WMS
IM-0006278,2026-07-19 20:33:00,P01,PRD-046,PRD-046,FG_SHIP,-3967,EA,FG-02,WMS
IM-0006279,2026-05-11 21:00:00,P01,PRD-052,PRD-052,FG_RECEIPT,1217,EA,RM-A,WMS
IM-0006280,2025-11-16 19:36:00,P01,PRD-058,PRD-058,FG_RECEIPT,2575,EA,FG-01,WMS
IM-0006281,2025-12-26 09:56:00,P03,PRD-028,PRD-028,FG_RECEIPT,445,EA,RM-A,WMS
IM-0006282,2026-05-20 10:37:00,P02,PRD-002,PRD-002,FG_SHIP,-1607,EA,RM-B,WMS
IM-0006283,2026-05-14 07:15:00,P03,MAT-015,PRD-025,RM_ISSUE,-2784,EA,RM-B,WMS
IM-0006284,2025-11-19 18:01:00,P01,PRD-065,PRD-065,FG_SHIP,-495,EA,WIP-01,WMS
IM-0006285,2026-06-29 11:21:00,P02,MAT-029,PRD-045,RM_ISSUE,-3758,EA,FG-01,WMS
IM-0006286,2025-12-13 01:54:00,P01,MAT-018,PRD-030,RM_RECEIPT,733,EA,FG-02,WMS
IM-0006287,2026-01-13 03:23:00,P03,PRD-066,PRD-066,FG_SHIP,-2408,EA,RM-A,WMS
IM-0006288,2026-07-09 03:35:00,P03,PRD-021,PRD-021,FG_SHIP,-1962,EA,RM-A,WMS
IM-0006289,2025-10-15 07:14:00,P01,PRD-032,PRD-032,FG_SHIP,-1915,EA,RM-A,WMS
IM-0006290,2025-09-25 23:34:00,P03,MAT-002,PRD-069,RM_RECEIPT,1620,EA,FG-01,WMS
IM-0006291,2025-12-04 16:42:00,P02,PRD-042,PRD-042,FG_RECEIPT,1837,EA,FG-02,WMS
IM-0006292,2025-10-31 06:25:00,P01,MAT-012,PRD-006,RM_RECEIPT,776,EA,RM-A,WMS
IM-0006293,2025-09-22 16:00:00,P01,MAT-033,PRD-022,RM_RECEIPT,994,EA,WIP-01,WMS
IM-0006294,2026-01-22 14:21:00,P02,MAT-031,PRD-008,RM_ISSUE,-2804,EA,FG-01,WMS
IM-0006295,2025-08-19 14:22:00,P02,MAT-012,PRD-006,RM_RECEIPT,840,EA,RM-A,WMS
IM-0006296,2026-03-16 00:42:00,P01,MAT-015,PRD-034,RM_RECEIPT,2640,EA,WIP-01,WMS
IM-0006297,2026-02-11 22:52:00,P02,PRD-074,PRD-074,ADJUSTMENT,3683,EA,FG-02,WMS
IM-0006298,2025-11-05 01:19:00,P02,PRD-002,PRD-002,FG_RECEIPT,1607,EA,FG-01,WMS
IM-0006299,2026-06-15 20:20:00,P02,MAT-030,PRD-041,RM_ISSUE,-2028,EA,WIP-01,WMS
IM-0006300,2026-03-16 14:08:00,P02,MAT-004,PRD-032,RM_ISSUE,-3510,EA,FG-02,WMS
IM-0006301,2025-09-15 11:05:00,P02,PRD-056,PRD-056,FG_SHIP,-1456,EA,RM-A,WMS
IM-0006302,2026-02-21 20:00:00,P01,MAT-005,PRD-033,RM_RECEIPT,902,EA,RM-B,WMS
IM-0006303,2026-05-14 08:40:00,P02,MAT-025,PRD-035,RM_ISSUE,-7065,EA,RM-B,WMS
IM-0006304,2026-05-20 21:10:00,P02,MAT-003,PRD-049,RM_RECEIPT,3922,EA,FG-01,WMS
IM-0006305,2025-12-08 00:06:00,P03,PRD-003,PRD-003,FG_RECEIPT,4992,EA,WIP-01,WMS
IM-0006306,2025-12-01 07:57:00,P01,PRD-029,PRD-029,FG_RECEIPT,3105,EA,RM-A,WMS
IM-0006307,2025-12-04 03:08:00,P03,MAT-013,PRD-075,RM_RECEIPT,2168,EA,RM-B,WMS
IM-0006308,2026-04-20 05:49:00,P03,MAT-033,PRD-022,RM_RECEIPT,2462,EA,RM-B,WMS
IM-0006309,2025-12-01 06:49:00,P01,MAT-012,PRD-011,RM_RECEIPT,11838,EA,FG-01,WMS
IM-0006310,2025-10-05 04:22:00,P02,MAT-004,PRD-040,RM_RECEIPT,604,EA,WIP-01,WMS
IM-0006311,2026-01-31 21:07:00,P02,MAT-037,PRD-018,RM_ISSUE,-658,EA,RM-B,WMS
IM-0006312,2025-09-13 09:50:00,P03,MAT-030,PRD-064,RM_RECEIPT,2523,EA,FG-02,WMS
IM-0006313,2026-03-14 09:58:00,P03,PRD-021,PRD-021,FG_RECEIPT,2632,EA,RM-B,WMS
IM-0006314,2025-11-14 18:45:00,P02,MAT-015,PRD-034,RM_RECEIPT,4376,EA,RM-A,WMS
IM-0006315,2026-05-06 16:17:00,P03,PRD-041,PRD-041,FG_RECEIPT,3012,EA,RM-B,WMS
IM-0006316,2025-08-28 12:36:00,P03,PRD-058,PRD-058,FG_RECEIPT,5685,EA,FG-01,WMS
IM-0006317,2026-05-13 02:43:00,P03,MAT-022,PRD-073,RM_RECEIPT,1436,EA,FG-02,WMS
IM-0006318,2026-05-20 16:52:00,P01,PRD-054,PRD-054,ADJUSTMENT,1386,EA,FG-01,WMS
IM-0006319,2026-03-08 15:46:00,P03,PRD-015,PRD-015,FG_SHIP,-3827,EA,RM-B,WMS
IM-0006320,2026-01-05 04:02:00,P02,MAT-001,PRD-039,RM_ISSUE,-191,EA,RM-A,WMS
IM-0006321,2025-12-11 16:39:00,P01,MAT-022,PRD-047,RM_ISSUE,-1846,EA,WIP-01,WMS
IM-0006322,2025-11-09 11:16:00,P01,MAT-001,PRD-039,RM_ISSUE,-1691,EA,RM-B,WMS
IM-0006323,2026-03-10 11:34:00,P03,MAT-036,PRD-020,RM_ISSUE,-2710,EA,RM-A,WMS
IM-0006324,2025-09-14 18:33:00,P03,MAT-026,PRD-046,RM_RECEIPT,3620,EA,WIP-01,WMS
IM-0006325,2026-06-12 04:47:00,P03,PRD-058,PRD-058,FG_RECEIPT,570,EA,WIP-01,WMS
IM-0006326,2026-04-25 02:06:00,P01,PRD-027,PRD-027,FG_SHIP,-2722,EA,FG-02,WMS
IM-0006327,2026-03-31 10:16:00,P02,PRD-041,PRD-041,FG_RECEIPT,962,EA,FG-02,WMS
IM-0006328,2026-06-16 18:45:00,P03,PRD-025,PRD-025,FG_SHIP,-4129,EA,WIP-01,WMS
IM-0006329,2026-04-07 09:34:00,P01,MAT-013,PRD-075,RM_RECEIPT,2260,EA,FG-01,WMS
IM-0006330,2025-08-10 07:46:00,P01,MAT-029,PRD-031,RM_ISSUE,-1747,EA,FG-02,WMS
IM-0006331,2026-01-07 01:45:00,P03,PRD-033,PRD-033,FG_RECEIPT,2313,EA,FG-02,WMS
IM-0006332,2026-02-05 10:16:00,P03,PRD-066,PRD-066,FG_RECEIPT,2066,EA,RM-B,WMS
IM-0006333,2026-03-26 03:41:00,P01,MAT-007,PRD-055,RM_ISSUE,-2367,EA,RM-A,WMS
IM-0006334,2026-06-16 16:38:00,P03,MAT-029,PRD-045,RM_RECEIPT,1742,EA,FG-02,WMS
IM-0006335,2026-02-16 06:15:00,P03,PRD-034,PRD-034,FG_RECEIPT,2835,EA,RM-A,WMS
IM-0006336,2025-08-27 19:40:00,P01,MAT-013,PRD-075,RM_RECEIPT,3701,EA,RM-A,WMS
IM-0006337,2025-08-28 21:50:00,P01,PRD-064,PRD-064,FG_SHIP,-784,EA,FG-02,WMS
IM-0006338,2026-01-09 18:45:00,P03,MAT-019,PRD-071,RM_RECEIPT,1577,EA,FG-02,WMS
IM-0006339,2026-03-23 16:49:00,P02,MAT-031,PRD-052,RM_ISSUE,-10650,EA,WIP-01,WMS
IM-0006340,2026-06-14 10:51:00,P03,PRD-031,PRD-031,FG_RECEIPT,2793,EA,RM-B,WMS
IM-0006341,2026-04-02 04:25:00,P03,PRD-042,PRD-042,FG_SHIP,-2696,EA,WIP-01,WMS
IM-0006342,2025-10-21 05:01:00,P01,PRD-002,PRD-002,FG_RECEIPT,1709,EA,RM-B,WMS
IM-0006343,2026-03-07 11:35:00,P02,MAT-027,PRD-072,RM_RECEIPT,4023,EA,RM-A,WMS
IM-0006344,2025-11-29 20:07:00,P03,MAT-010,PRD-027,RM_RECEIPT,3060,EA,FG-02,WMS
IM-0006345,2026-01-10 19:23:00,P02,PRD-026,PRD-026,FG_SHIP,-4328,EA,RM-A,WMS
IM-0006346,2026-02-25 13:37:00,P03,PRD-019,PRD-019,FG_SHIP,-5023,EA,RM-B,WMS
IM-0006347,2025-09-23 03:23:00,P02,PRD-010,PRD-010,FG_RECEIPT,1711,EA,RM-A,WMS
IM-0006348,2026-07-08 11:25:00,P01,MAT-031,PRD-008,RM_ISSUE,-2777,EA,FG-01,WMS
IM-0006349,2025-08-28 15:19:00,P02,MAT-018,PRD-002,RM_RECEIPT,681,EA,RM-B,WMS
IM-0006350,2026-05-23 21:46:00,P02,MAT-008,PRD-065,RM_ISSUE,-643,EA,FG-01,WMS
IM-0006351,2026-02-16 06:19:00,P01,PRD-016,PRD-016,FG_SHIP,-3270,EA,FG-02,WMS
IM-0006352,2026-02-04 08:12:00,P03,MAT-033,PRD-017,RM_ISSUE,-1373,EA,FG-02,WMS
IM-0006353,2025-08-12 11:15:00,P02,MAT-033,PRD-022,RM_RECEIPT,615,EA,RM-A,WMS
IM-0006354,2026-03-16 04:22:00,P02,PRD-069,PRD-069,FG_SHIP,-979,EA,RM-A,WMS
IM-0006355,2026-04-08 15:55:00,P01,PRD-027,PRD-027,ADJUSTMENT,1772,EA,FG-02,WMS
IM-0006356,2025-09-07 06:48:00,P03,PRD-013,PRD-013,FG_SHIP,-626,EA,FG-02,WMS
IM-0006357,2025-12-13 07:39:00,P03,MAT-032,PRD-005,RM_RECEIPT,3168,EA,RM-A,WMS
IM-0006358,2026-03-25 13:02:00,P01,MAT-005,PRD-021,RM_RECEIPT,1809,EA,FG-02,WMS
IM-0006359,2025-12-19 18:20:00,P02,MAT-016,PRD-029,RM_ISSUE,-3333,EA,RM-B,WMS
IM-0006360,2026-06-10 06:27:00,P01,MAT-032,PRD-005,RM_ISSUE,-4774,EA,RM-A,WMS
IM-0006361,2025-10-05 01:02:00,P03,PRD-069,PRD-069,FG_RECEIPT,6603,EA,RM-B,WMS
IM-0006362,2026-01-03 22:22:00,P02,PRD-034,PRD-034,FG_SHIP,-1093,EA,WIP-01,WMS
IM-0006363,2025-08-15 09:38:00,P01,PRD-019,PRD-019,FG_RECEIPT,1485,EA,WIP-01,WMS
IM-0006364,2026-02-25 16:27:00,P03,PRD-036,PRD-036,FG_RECEIPT,500,EA,RM-B,WMS
IM-0006365,2026-07-05 09:24:00,P02,PRD-072,PRD-072,FG_RECEIPT,594,EA,FG-01,WMS
IM-0006366,2026-03-25 00:49:00,P03,PRD-045,PRD-045,FG_RECEIPT,2038,EA,FG-01,WMS
IM-0006367,2025-09-26 10:44:00,P01,PRD-031,PRD-031,FG_SHIP,-1863,EA,FG-02,WMS
IM-0006368,2026-07-20 08:10:00,P03,PRD-060,PRD-060,FG_SHIP,-978,EA,FG-01,WMS
IM-0006369,2026-03-12 06:21:00,P01,MAT-005,PRD-024,RM_RECEIPT,2717,EA,RM-B,WMS
IM-0006370,2026-05-07 17:47:00,P02,MAT-022,PRD-073,RM_ISSUE,-978,EA,RM-A,WMS
IM-0006371,2026-01-20 02:03:00,P01,PRD-045,PRD-045,FG_SHIP,-1014,EA,RM-B,WMS
IM-0006372,2025-10-18 04:07:00,P01,MAT-030,PRD-041,RM_ISSUE,-1097,EA,RM-A,WMS
IM-0006373,2025-11-07 12:18:00,P01,MAT-029,PRD-045,RM_RECEIPT,6512,EA,RM-B,WMS
IM-0006374,2025-09-24 20:03:00,P02,PRD-061,PRD-061,FG_SHIP,-4334,EA,FG-02,WMS
IM-0006375,2025-08-21 04:29:00,P01,PRD-052,PRD-052,FG_RECEIPT,1218,EA,RM-B,WMS
IM-0006376,2026-05-17 03:19:00,P03,MAT-030,PRD-012,RM_RECEIPT,5290,EA,RM-A,WMS
IM-0006377,2026-01-10 02:04:00,P02,MAT-018,PRD-002,RM_RECEIPT,1284,EA,FG-01,WMS
IM-0006378,2025-08-07 19:30:00,P01,PRD-003,PRD-003,FG_SHIP,-2953,EA,FG-02,WMS
IM-0006379,2026-07-30 15:48:00,P03,PRD-006,PRD-006,FG_RECEIPT,1251,EA,FG-01,WMS
IM-0006380,2025-12-23 05:27:00,P02,MAT-036,PRD-020,RM_RECEIPT,1873,EA,RM-B,WMS
IM-0006381,2026-03-19 19:57:00,P02,PRD-018,PRD-018,ADJUSTMENT,1109,EA,WIP-01,WMS
IM-0006382,2026-01-31 15:49:00,P01,PRD-061,PRD-061,FG_SHIP,-1511,EA,FG-01,WMS
IM-0006383,2026-07-11 21:34:00,P02,MAT-013,PRD-075,RM_RECEIPT,1930,EA,RM-B,WMS
IM-0006384,2026-01-23 05:14:00,P02,PRD-003,PRD-003,FG_RECEIPT,1011,EA,FG-02,WMS
IM-0006385,2025-08-02 09:30:00,P01,MAT-018,PRD-050,RM_RECEIPT,2066,EA,FG-01,WMS
IM-0006386,2026-05-05 07:51:00,P03,MAT-030,PRD-009,RM_RECEIPT,861,EA,FG-02,WMS
IM-0006387,2025-11-06 01:25:00,P01,PRD-017,PRD-017,FG_SHIP,-2485,EA,FG-01,WMS
IM-0006388,2025-12-14 17:06:00,P02,PRD-006,PRD-006,FG_RECEIPT,1485,EA,FG-02,WMS
IM-0006389,2026-01-28 03:10:00,P02,MAT-026,PRD-046,RM_ISSUE,-1305,EA,FG-02,WMS
IM-0006390,2025-12-14 00:14:00,P02,MAT-008,PRD-065,RM_RECEIPT,1580,EA,WIP-01,WMS
IM-0006391,2026-03-19 19:37:00,P02,PRD-024,PRD-024,FG_RECEIPT,1029,EA,RM-A,WMS
IM-0006392,2025-09-09 00:50:00,P01,MAT-018,PRD-026,RM_ISSUE,-4619,EA,WIP-01,WMS
IM-0006393,2026-02-03 06:23:00,P02,PRD-068,PRD-068,FG_RECEIPT,2134,EA,RM-A,WMS
IM-0006394,2026-01-07 06:28:00,P01,MAT-022,PRD-023,RM_ISSUE,-2080,EA,RM-B,WMS
IM-0006395,2026-06-22 21:18:00,P03,PRD-048,PRD-048,FG_RECEIPT,4079,EA,FG-02,WMS
IM-0006396,2026-06-11 09:08:00,P03,PRD-028,PRD-028,FG_SHIP,-227,EA,FG-02,WMS
IM-0006397,2026-01-19 10:31:00,P01,PRD-069,PRD-069,FG_RECEIPT,821,EA,WIP-01,WMS
IM-0006398,2026-07-15 01:52:00,P03,PRD-042,PRD-042,FG_SHIP,-2169,EA,WIP-01,WMS
IM-0006399,2025-11-11 23:39:00,P02,MAT-026,PRD-059,RM_ISSUE,-6292,EA,WIP-01,WMS
IM-0006400,2026-04-27 16:00:00,P02,PRD-045,PRD-045,FG_RECEIPT,1355,EA,RM-B,WMS
IM-0006401,2025-09-03 21:40:00,P01,PRD-011,PRD-011,FG_SHIP,-714,EA,FG-01,WMS
IM-0006402,2025-11-13 15:44:00,P01,PRD-002,PRD-002,FG_SHIP,-500,EA,RM-A,WMS
IM-0006403,2025-08-20 21:22:00,P03,PRD-054,PRD-054,FG_SHIP,-1483,EA,RM-B,WMS
IM-0006404,2026-02-21 18:54:00,P03,MAT-014,PRD-070,RM_RECEIPT,1312,EA,RM-B,WMS
IM-0006405,2026-02-06 02:39:00,P03,MAT-030,PRD-064,RM_RECEIPT,1448,EA,FG-01,WMS
IM-0006406,2026-03-10 14:42:00,P01,PRD-041,PRD-041,FG_RECEIPT,3519,EA,RM-A,WMS
IM-0006407,2026-01-20 07:45:00,P02,MAT-018,PRD-050,RM_RECEIPT,1504,EA,FG-01,WMS
IM-0006408,2026-06-27 10:41:00,P01,MAT-026,PRD-028,RM_ISSUE,-986,EA,WIP-01,WMS
IM-0006409,2026-07-14 15:59:00,P02,MAT-027,PRD-072,RM_ISSUE,-671,EA,FG-01,WMS
IM-0006410,2025-11-16 21:56:00,P01,PRD-035,PRD-035,FG_SHIP,-4437,EA,FG-02,WMS
IM-0006411,2025-11-16 18:50:00,P01,MAT-025,PRD-035,RM_RECEIPT,477,EA,RM-B,WMS
IM-0006412,2025-09-09 11:21:00,P01,PRD-073,PRD-073,FG_SHIP,-2212,EA,WIP-01,WMS
IM-0006413,2026-02-27 09:14:00,P02,PRD-073,PRD-073,FG_SHIP,-1488,EA,WIP-01,WMS
IM-0006414,2026-01-25 06:51:00,P02,MAT-029,PRD-045,RM_ISSUE,-12059,EA,WIP-01,WMS
IM-0006415,2026-06-28 11:23:00,P01,MAT-025,PRD-035,RM_RECEIPT,1408,EA,FG-01,WMS
IM-0006416,2026-03-10 23:52:00,P02,PRD-026,PRD-026,FG_SHIP,-3760,EA,RM-B,WMS
IM-0006417,2025-10-01 22:59:00,P02,PRD-056,PRD-056,FG_SHIP,-3163,EA,WIP-01,WMS
IM-0006418,2025-12-04 16:04:00,P02,PRD-027,PRD-027,FG_RECEIPT,2596,EA,RM-A,WMS
IM-0006419,2026-03-07 01:56:00,P02,PRD-077,PRD-077,ADJUSTMENT,1269,EA,FG-02,WMS
IM-0006420,2026-01-22 04:54:00,P03,MAT-018,PRD-067,RM_RECEIPT,3491,EA,RM-B,WMS
IM-0006421,2025-11-11 06:18:00,P03,MAT-001,PRD-074,RM_RECEIPT,1355,EA,FG-02,WMS
IM-0006422,2025-12-08 14:36:00,P01,MAT-030,PRD-060,RM_RECEIPT,2407,EA,FG-01,WMS
IM-0006423,2026-05-19 08:11:00,P01,MAT-018,PRD-050,RM_ISSUE,-9254,EA,FG-02,WMS
IM-0006424,2026-03-04 23:45:00,P02,MAT-022,PRD-042,RM_RECEIPT,535,EA,RM-A,WMS
IM-0006425,2025-12-19 09:52:00,P03,MAT-025,PRD-035,RM_ISSUE,-932,EA,RM-B,WMS
IM-0006426,2026-05-16 12:58:00,P01,MAT-030,PRD-064,RM_ISSUE,-1178,EA,RM-A,WMS
IM-0006427,2026-01-20 16:37:00,P02,MAT-026,PRD-028,RM_ISSUE,-2437,EA,FG-02,WMS
IM-0006428,2025-10-20 07:31:00,P01,MAT-033,PRD-076,RM_ISSUE,-1076,EA,WIP-01,WMS
IM-0006429,2025-08-28 00:53:00,P03,PRD-070,PRD-070,FG_SHIP,-1903,EA,FG-02,WMS
IM-0006430,2025-10-08 04:09:00,P03,MAT-037,PRD-080,RM_ISSUE,-682,EA,WIP-01,WMS
IM-0006431,2026-07-02 14:05:00,P02,PRD-018,PRD-018,FG_RECEIPT,1754,EA,FG-02,WMS
IM-0006432,2026-02-25 13:54:00,P03,MAT-024,PRD-003,RM_RECEIPT,5997,EA,RM-A,WMS
IM-0006433,2026-07-21 05:26:00,P02,MAT-019,PRD-004,RM_RECEIPT,7139,EA,RM-A,WMS
IM-0006434,2025-08-13 10:44:00,P03,MAT-010,PRD-037,RM_ISSUE,-1456,EA,RM-B,WMS
IM-0006435,2025-09-19 00:18:00,P01,PRD-069,PRD-069,FG_RECEIPT,8481,EA,RM-A,WMS
IM-0006436,2025-12-19 23:53:00,P02,MAT-026,PRD-057,RM_ISSUE,-2507,EA,FG-02,WMS
IM-0006437,2026-04-22 10:23:00,P01,MAT-030,PRD-062,RM_ISSUE,-824,EA,RM-A,WMS
IM-0006438,2026-07-17 02:33:00,P03,PRD-047,PRD-047,FG_SHIP,-2479,EA,RM-B,WMS
IM-0006439,2026-03-24 09:25:00,P01,MAT-022,PRD-073,RM_ISSUE,-2006,EA,WIP-01,WMS
IM-0006440,2025-09-03 17:42:00,P02,MAT-027,PRD-061,RM_RECEIPT,1409,EA,RM-B,WMS
IM-0006441,2026-07-20 09:04:00,P02,MAT-019,PRD-071,RM_ISSUE,-2537,EA,WIP-01,WMS
IM-0006442,2025-11-25 22:21:00,P03,PRD-034,PRD-034,FG_RECEIPT,3729,EA,RM-A,WMS
IM-0006443,2025-08-31 09:05:00,P01,MAT-026,PRD-028,RM_RECEIPT,3629,EA,RM-B,WMS
IM-0006444,2026-07-02 03:31:00,P01,MAT-029,PRD-031,RM_RECEIPT,4941,EA,WIP-01,WMS
IM-0006445,2026-04-14 06:03:00,P03,PRD-058,PRD-058,ADJUSTMENT,1436,EA,FG-01,WMS
IM-0006446,2025-08-24 05:39:00,P02,MAT-025,PRD-035,RM_RECEIPT,2335,EA,FG-02,WMS
IM-0006447,2025-10-11 20:40:00,P01,PRD-022,PRD-022,FG_RECEIPT,3529,EA,FG-02,WMS
IM-0006448,2026-01-31 08:54:00,P01,MAT-001,PRD-074,RM_ISSUE,-943,EA,FG-02,WMS
IM-0006449,2025-10-11 03:13:00,P01,MAT-037,PRD-018,RM_RECEIPT,983,EA,WIP-01,WMS
IM-0006450,2026-01-15 17:52:00,P03,MAT-037,PRD-051,RM_ISSUE,-1038,EA,RM-A,WMS
IM-0006451,2025-12-14 21:12:00,P02,PRD-051,PRD-051,ADJUSTMENT,894,EA,RM-B,WMS
IM-0006452,2026-07-07 03:30:00,P02,PRD-079,PRD-079,FG_SHIP,-6374,EA,WIP-01,WMS
IM-0006453,2026-03-13 14:22:00,P02,MAT-018,PRD-026,RM_RECEIPT,6900,EA,RM-B,WMS
IM-0006454,2025-11-12 03:39:00,P03,PRD-059,PRD-059,FG_RECEIPT,767,EA,RM-B,WMS
IM-0006455,2026-02-19 09:15:00,P01,PRD-048,PRD-048,FG_RECEIPT,1104,EA,FG-01,WMS
IM-0006456,2025-08-12 08:41:00,P03,MAT-026,PRD-046,RM_RECEIPT,2530,EA,FG-02,WMS
IM-0006457,2025-11-01 20:09:00,P02,MAT-004,PRD-048,RM_ISSUE,-3093,EA,RM-B,WMS
IM-0006458,2025-12-25 18:14:00,P01,PRD-031,PRD-031,FG_SHIP,-3169,EA,FG-02,WMS
IM-0006459,2026-03-20 19:10:00,P01,PRD-008,PRD-008,FG_SHIP,-3145,EA,FG-01,WMS
IM-0006460,2026-03-24 09:47:00,P01,MAT-008,PRD-036,RM_ISSUE,-706,EA,FG-02,WMS
IM-0006461,2026-01-11 00:08:00,P02,PRD-071,PRD-071,FG_RECEIPT,3801,EA,WIP-01,WMS
IM-0006462,2026-01-30 14:35:00,P01,MAT-026,PRD-057,RM_RECEIPT,1281,EA,RM-B,WMS
IM-0006463,2025-11-08 14:50:00,P01,PRD-032,PRD-032,FG_SHIP,-763,EA,FG-02,WMS
IM-0006464,2026-02-13 14:56:00,P03,MAT-037,PRD-018,RM_ISSUE,-225,EA,FG-01,WMS
IM-0006465,2026-03-19 05:40:00,P02,PRD-010,PRD-010,FG_SHIP,-328,EA,RM-A,WMS
IM-0006466,2025-08-13 12:49:00,P02,PRD-056,PRD-056,FG_RECEIPT,1328,EA,FG-02,WMS
IM-0006467,2026-06-08 00:45:00,P01,PRD-043,PRD-043,FG_RECEIPT,2423,EA,FG-01,WMS
IM-0006468,2025-08-31 13:24:00,P02,PRD-030,PRD-030,FG_SHIP,-2375,EA,FG-01,WMS
IM-0006469,2026-01-21 13:51:00,P02,PRD-035,PRD-035,FG_RECEIPT,8399,EA,WIP-01,WMS
IM-0006470,2025-09-14 15:18:00,P01,MAT-001,PRD-056,RM_RECEIPT,505,EA,WIP-01,WMS
IM-0006471,2025-08-15 01:32:00,P02,PRD-064,PRD-064,FG_SHIP,-2845,EA,WIP-01,WMS
IM-0006472,2026-07-17 05:19:00,P01,PRD-070,PRD-070,FG_RECEIPT,2107,EA,FG-02,WMS
IM-0006473,2025-12-29 04:59:00,P03,PRD-080,PRD-080,FG_RECEIPT,2615,EA,RM-B,WMS
IM-0006474,2026-06-19 22:33:00,P03,MAT-026,PRD-028,RM_ISSUE,-2366,EA,RM-A,WMS
IM-0006475,2026-02-04 14:53:00,P03,PRD-058,PRD-058,FG_SHIP,-2311,EA,WIP-01,WMS
IM-0006476,2026-03-04 20:25:00,P02,MAT-030,PRD-062,RM_ISSUE,-287,EA,FG-01,WMS
IM-0006477,2025-11-02 10:53:00,P03,PRD-046,PRD-046,FG_RECEIPT,1435,EA,RM-A,WMS
IM-0006478,2026-05-25 01:21:00,P01,PRD-034,PRD-034,FG_SHIP,-2026,EA,FG-01,WMS
IM-0006479,2025-10-11 06:58:00,P01,MAT-026,PRD-059,RM_RECEIPT,921,EA,WIP-01,WMS
IM-0006480,2026-06-23 13:02:00,P01,MAT-030,PRD-060,RM_ISSUE,-1503,EA,RM-A,WMS
IM-0006481,2025-10-25 00:35:00,P01,PRD-076,PRD-076,FG_RECEIPT,676,EA,FG-02,WMS
IM-0006482,2025-11-28 22:06:00,P03,PRD-048,PRD-048,FG_SHIP,-1653,EA,WIP-01,WMS
IM-0006483,2025-09-23 06:33:00,P02,PRD-014,PRD-014,FG_SHIP,-1079,EA,WIP-01,WMS
IM-0006484,2026-06-19 06:01:00,P02,MAT-010,PRD-037,RM_RECEIPT,2269,EA,WIP-01,WMS
IM-0006485,2026-03-21 16:54:00,P02,PRD-044,PRD-044,FG_RECEIPT,1240,EA,WIP-01,WMS
IM-0006486,2026-01-13 04:15:00,P03,PRD-061,PRD-061,FG_RECEIPT,4392,EA,FG-01,WMS
IM-0006487,2025-08-29 03:23:00,P01,MAT-020,PRD-010,RM_RECEIPT,7425,EA,RM-A,WMS
IM-0006488,2026-03-10 00:55:00,P03,PRD-046,PRD-046,FG_SHIP,-1283,EA,FG-02,WMS
IM-0006489,2026-02-26 01:49:00,P01,MAT-003,PRD-014,RM_RECEIPT,8720,EA,FG-01,WMS
IM-0006490,2026-06-09 12:33:00,P01,MAT-032,PRD-077,RM_RECEIPT,1027,EA,WIP-01,WMS
IM-0006491,2026-02-25 06:47:00,P02,PRD-002,PRD-002,FG_SHIP,-1503,EA,WIP-01,WMS
IM-0006492,2026-06-27 20:23:00,P03,PRD-004,PRD-004,ADJUSTMENT,1079,EA,FG-01,WMS
IM-0006493,2025-11-06 21:52:00,P01,PRD-030,PRD-030,FG_SHIP,-1963,EA,WIP-01,WMS
IM-0006494,2026-01-01 20:36:00,P03,MAT-022,PRD-073,RM_ISSUE,-1926,EA,FG-01,WMS
IM-0006495,2026-04-24 16:16:00,P01,PRD-060,PRD-060,FG_RECEIPT,701,EA,WIP-01,WMS
IM-0006496,2025-12-26 00:52:00,P02,MAT-026,PRD-046,RM_RECEIPT,1346,EA,FG-01,WMS
IM-0006497,2026-03-22 02:55:00,P02,PRD-007,PRD-007,FG_SHIP,-606,EA,WIP-01,WMS
IM-0006498,2025-11-03 07:05:00,P01,MAT-031,PRD-043,RM_ISSUE,-4283,EA,FG-02,WMS
IM-0006499,2026-07-10 12:51:00,P03,MAT-032,PRD-005,RM_RECEIPT,531,EA,WIP-01,WMS
IM-0006500,2026-03-15 04:53:00,P03,MAT-024,PRD-003,RM_RECEIPT,393,EA,FG-01,WMS
IM-0006501,2026-03-23 03:10:00,P02,PRD-031,PRD-031,FG_RECEIPT,9303,EA,RM-A,WMS
IM-0006502,2026-01-10 14:27:00,P03,PRD-034,PRD-034,FG_RECEIPT,4101,EA,WIP-01,WMS
IM-0006503,2025-09-26 16:55:00,P01,MAT-030,PRD-062,RM_ISSUE,-2063,EA,FG-02,WMS
IM-0006504,2026-04-11 02:36:00,P01,MAT-003,PRD-014,RM_RECEIPT,1907,EA,RM-B,WMS
IM-0006505,2025-11-05 13:12:00,P02,MAT-018,PRD-067,RM_ISSUE,-3158,EA,RM-A,WMS
IM-0006506,2026-03-19 12:52:00,P02,PRD-073,PRD-073,FG_SHIP,-1060,EA,RM-A,WMS
IM-0006507,2025-11-25 11:15:00,P01,PRD-029,PRD-029,FG_RECEIPT,869,EA,RM-B,WMS
IM-0006508,2026-06-10 09:34:00,P01,MAT-030,PRD-064,RM_ISSUE,-4072,EA,RM-B,WMS
IM-0006509,2026-05-13 20:44:00,P01,MAT-017,PRD-019,RM_RECEIPT,4224,EA,RM-B,WMS
IM-0006510,2025-11-07 23:12:00,P02,PRD-031,PRD-031,FG_SHIP,-1080,EA,FG-01,WMS
IM-0006511,2026-05-24 14:55:00,P02,PRD-045,PRD-045,FG_SHIP,-1579,EA,WIP-01,WMS
IM-0006512,2025-10-25 15:28:00,P02,MAT-008,PRD-065,RM_RECEIPT,3888,EA,RM-B,WMS
IM-0006513,2026-05-06 03:26:00,P01,MAT-012,PRD-006,RM_ISSUE,-1325,EA,WIP-01,WMS
IM-0006514,2025-11-14 15:02:00,P01,PRD-080,PRD-080,FG_RECEIPT,1424,EA,RM-A,WMS
IM-0006515,2025-10-10 22:05:00,P03,PRD-065,PRD-065,FG_SHIP,-800,EA,RM-A,WMS
IM-0006516,2026-03-11 17:41:00,P03,PRD-071,PRD-071,ADJUSTMENT,2046,EA,FG-01,WMS
IM-0006517,2026-03-18 09:52:00,P03,PRD-020,PRD-020,FG_RECEIPT,2733,EA,RM-A,WMS
IM-0006518,2025-11-03 10:25:00,P03,MAT-033,PRD-022,RM_RECEIPT,3256,EA,FG-02,WMS
IM-0006519,2026-04-19 18:55:00,P01,PRD-057,PRD-057,FG_RECEIPT,2096,EA,RM-B,WMS
IM-0006520,2026-01-18 10:22:00,P02,PRD-010,PRD-010,FG_SHIP,-2649,EA,FG-01,WMS
IM-0006521,2025-12-05 01:30:00,P02,PRD-050,PRD-050,FG_SHIP,-1415,EA,RM-B,WMS
IM-0006522,2026-03-16 06:33:00,P03,PRD-016,PRD-016,FG_SHIP,-3320,EA,RM-B,WMS
IM-0006523,2026-03-19 23:30:00,P02,PRD-069,PRD-069,FG_SHIP,-11454,EA,FG-01,WMS
IM-0006524,2025-10-28 02:24:00,P02,MAT-037,PRD-018,RM_ISSUE,-2116,EA,FG-02,WMS
IM-0006525,2026-07-03 04:03:00,P03,MAT-012,PRD-006,RM_ISSUE,-1328,EA,WIP-01,WMS
IM-0006526,2025-12-17 22:24:00,P03,PRD-032,PRD-032,FG_RECEIPT,3319,EA,FG-02,WMS
IM-0006527,2025-08-01 13:36:00,P03,PRD-015,PRD-015,FG_RECEIPT,1517,EA,WIP-01,WMS
IM-0006528,2025-08-25 00:50:00,P03,MAT-033,PRD-022,RM_RECEIPT,8125,EA,RM-A,WMS
IM-0006529,2025-09-14 02:58:00,P02,MAT-035,PRD-066,RM_RECEIPT,1781,EA,FG-02,WMS
IM-0006530,2025-09-23 10:02:00,P02,PRD-076,PRD-076,FG_SHIP,-10453,EA,RM-A,WMS
IM-0006531,2026-05-17 12:47:00,P02,PRD-037,PRD-037,FG_RECEIPT,2075,EA,RM-B,WMS
IM-0006532,2025-08-26 13:11:00,P01,MAT-014,PRD-068,RM_ISSUE,-3025,EA,RM-A,WMS
IM-0006533,2026-07-19 22:56:00,P01,PRD-041,PRD-041,FG_RECEIPT,1035,EA,FG-01,WMS
IM-0006534,2025-09-26 17:01:00,P03,MAT-030,PRD-062,RM_RECEIPT,801,EA,RM-A,WMS
IM-0006535,2025-10-20 20:46:00,P03,PRD-049,PRD-049,FG_SHIP,-2115,EA,FG-02,WMS
IM-0006536,2026-01-16 07:19:00,P03,MAT-031,PRD-008,RM_RECEIPT,2640,EA,RM-A,WMS
IM-0006537,2026-05-06 18:25:00,P02,MAT-025,PRD-035,RM_RECEIPT,870,EA,FG-02,WMS
IM-0006538,2026-04-07 11:54:00,P03,PRD-022,PRD-022,FG_SHIP,-18119,EA,RM-B,WMS
IM-0006539,2025-11-02 20:31:00,P03,PRD-003,PRD-003,FG_RECEIPT,886,EA,RM-A,WMS
IM-0006540,2026-07-24 02:36:00,P01,MAT-001,PRD-039,RM_ISSUE,-4315,EA,RM-B,WMS
IM-0006541,2025-09-11 04:19:00,P02,PRD-066,PRD-066,FG_RECEIPT,1250,EA,RM-A,WMS
IM-0006542,2026-04-14 20:44:00,P01,MAT-022,PRD-023,RM_RECEIPT,9510,EA,FG-02,WMS
IM-0006543,2026-02-05 19:58:00,P02,PRD-001,PRD-001,FG_SHIP,-1187,EA,FG-01,WMS
IM-0006544,2025-11-11 17:56:00,P02,PRD-075,PRD-075,FG_RECEIPT,2378,EA,FG-01,WMS
IM-0006545,2025-12-29 11:41:00,P01,PRD-060,PRD-060,ADJUSTMENT,1808,EA,WIP-01,WMS
IM-0006546,2026-06-06 04:45:00,P01,PRD-059,PRD-059,FG_RECEIPT,2676,EA,FG-02,WMS
IM-0006547,2025-09-13 01:55:00,P01,MAT-031,PRD-043,RM_ISSUE,-4246,EA,WIP-01,WMS
IM-0006548,2026-05-22 12:05:00,P02,PRD-008,PRD-008,FG_SHIP,-1980,EA,RM-A,WMS
IM-0006549,2026-01-15 07:36:00,P03,PRD-068,PRD-068,FG_SHIP,-4250,EA,FG-02,WMS
IM-0006550,2026-07-06 08:07:00,P01,MAT-017,PRD-019,RM_ISSUE,-3006,EA,WIP-01,WMS
IM-0006551,2025-10-05 13:08:00,P03,MAT-037,PRD-051,RM_ISSUE,-3044,EA,FG-02,WMS
IM-0006552,2026-06-09 12:16:00,P02,PRD-080,PRD-080,FG_SHIP,-1047,EA,RM-B,WMS
IM-0006553,2025-08-28 20:07:00,P01,PRD-028,PRD-028,FG_SHIP,-2177,EA,FG-01,WMS
IM-0006554,2025-10-21 22:25:00,P03,PRD-013,PRD-013,ADJUSTMENT,842,EA,FG-02,WMS
IM-0006555,2025-11-15 12:00:00,P03,MAT-002,PRD-069,RM_RECEIPT,2887,EA,RM-B,WMS
IM-0006556,2026-02-01 17:03:00,P03,MAT-018,PRD-030,RM_ISSUE,-2655,EA,FG-02,WMS
IM-0006557,2025-09-10 12:49:00,P03,PRD-041,PRD-041,FG_RECEIPT,1852,EA,FG-02,WMS
IM-0006558,2025-10-05 23:30:00,P02,MAT-010,PRD-027,RM_ISSUE,-5862,EA,FG-01,WMS
IM-0006559,2026-04-05 13:52:00,P01,MAT-029,PRD-031,RM_RECEIPT,852,EA,RM-B,WMS
IM-0006560,2025-09-09 14:00:00,P02,MAT-026,PRD-059,RM_ISSUE,-2633,EA,FG-02,WMS
IM-0006561,2026-04-26 04:03:00,P03,MAT-016,PRD-029,RM_RECEIPT,1287,EA,FG-02,WMS
IM-0006562,2025-10-22 01:40:00,P01,MAT-032,PRD-077,RM_ISSUE,-1159,EA,RM-B,WMS
IM-0006563,2026-03-06 13:58:00,P03,PRD-051,PRD-051,FG_SHIP,-950,EA,FG-01,WMS
IM-0006564,2026-04-19 00:33:00,P01,PRD-043,PRD-043,FG_RECEIPT,1135,EA,RM-A,WMS
IM-0006565,2026-03-31 09:10:00,P01,MAT-033,PRD-022,RM_RECEIPT,1469,EA,RM-A,WMS
IM-0006566,2026-07-24 15:51:00,P01,PRD-017,PRD-017,FG_SHIP,-1717,EA,RM-A,WMS
IM-0006567,2026-07-22 23:54:00,P01,PRD-069,PRD-069,FG_RECEIPT,1401,EA,WIP-01,WMS
IM-0006568,2026-04-14 02:16:00,P03,MAT-001,PRD-039,RM_RECEIPT,781,EA,RM-B,WMS
IM-0006569,2026-02-19 00:09:00,P01,MAT-001,PRD-056,RM_RECEIPT,2169,EA,RM-A,WMS
IM-0006570,2025-12-30 06:41:00,P01,MAT-030,PRD-062,RM_RECEIPT,5387,EA,RM-A,WMS
IM-0006571,2025-11-29 08:13:00,P02,PRD-043,PRD-043,FG_RECEIPT,799,EA,RM-B,WMS
IM-0006572,2026-03-24 22:42:00,P02,MAT-031,PRD-008,RM_ISSUE,-26370,EA,FG-01,WMS
IM-0006573,2025-12-03 04:46:00,P02,PRD-063,PRD-063,FG_RECEIPT,1084,EA,FG-01,WMS
IM-0006574,2025-10-20 08:51:00,P02,MAT-036,PRD-020,RM_ISSUE,-2705,EA,RM-B,WMS
IM-0006575,2026-01-13 21:50:00,P03,PRD-032,PRD-032,FG_RECEIPT,3294,EA,RM-A,WMS
IM-0006576,2026-06-09 10:22:00,P02,MAT-010,PRD-027,RM_ISSUE,-1214,EA,RM-A,WMS
IM-0006577,2025-11-02 19:17:00,P02,MAT-010,PRD-037,RM_RECEIPT,1530,EA,RM-B,WMS
IM-0006578,2026-03-17 21:09:00,P03,MAT-017,PRD-019,RM_ISSUE,-441,EA,WIP-01,WMS
IM-0006579,2026-07-30 07:30:00,P01,PRD-015,PRD-015,FG_SHIP,-7379,EA,WIP-01,WMS
IM-0006580,2025-12-02 16:53:00,P03,PRD-024,PRD-024,FG_RECEIPT,1253,EA,FG-01,WMS
IM-0006581,2026-07-20 10:42:00,P03,MAT-035,PRD-053,RM_ISSUE,-1679,EA,RM-B,WMS
IM-0006582,2025-10-12 03:09:00,P02,MAT-006,PRD-001,RM_RECEIPT,521,EA,RM-B,WMS
IM-0006583,2026-06-23 04:56:00,P02,MAT-024,PRD-003,RM_RECEIPT,788,EA,WIP-01,WMS
IM-0006584,2026-06-19 15:57:00,P02,MAT-035,PRD-016,RM_ISSUE,-1070,EA,FG-01,WMS
IM-0006585,2025-11-19 02:32:00,P01,PRD-018,PRD-018,FG_SHIP,-1229,EA,WIP-01,WMS
IM-0006586,2026-02-10 10:58:00,P01,PRD-051,PRD-051,FG_SHIP,-7240,EA,FG-01,WMS
IM-0006587,2026-05-04 07:20:00,P02,PRD-079,PRD-079,FG_RECEIPT,2896,EA,FG-02,WMS
IM-0006588,2025-12-17 13:08:00,P01,MAT-020,PRD-010,RM_RECEIPT,3076,EA,WIP-01,WMS
IM-0006589,2025-09-06 06:45:00,P03,MAT-037,PRD-018,RM_RECEIPT,1309,EA,RM-A,WMS
IM-0006590,2025-11-11 14:25:00,P02,PRD-020,PRD-020,FG_SHIP,-2617,EA,FG-02,WMS
IM-0006591,2025-08-21 06:33:00,P01,PRD-080,PRD-080,FG_RECEIPT,4189,EA,RM-B,WMS
IM-0006592,2026-04-16 06:35:00,P02,PRD-059,PRD-059,FG_SHIP,-4125,EA,RM-B,WMS
IM-0006593,2025-10-22 17:27:00,P01,MAT-030,PRD-062,RM_RECEIPT,4267,EA,FG-02,WMS
IM-0006594,2026-03-09 02:31:00,P03,PRD-080,PRD-080,FG_SHIP,-5670,EA,FG-02,WMS
IM-0006595,2026-05-17 16:30:00,P01,MAT-004,PRD-032,RM_ISSUE,-840,EA,FG-02,WMS
IM-0006596,2025-12-28 05:56:00,P01,PRD-080,PRD-080,FG_RECEIPT,1368,EA,WIP-01,WMS
IM-0006597,2026-06-21 11:05:00,P02,PRD-050,PRD-050,FG_SHIP,-666,EA,WIP-01,WMS
IM-0006598,2025-11-11 19:30:00,P02,MAT-005,PRD-058,RM_RECEIPT,1364,EA,RM-B,WMS
IM-0006599,2025-12-16 08:31:00,P01,MAT-024,PRD-003,RM_ISSUE,-5354,EA,RM-B,WMS
IM-0006600,2026-01-25 05:15:00,P03,MAT-017,PRD-079,RM_RECEIPT,1259,EA,RM-B,WMS
IM-0006601,2026-03-20 05:57:00,P01,MAT-005,PRD-021,RM_ISSUE,-305,EA,FG-02,WMS
IM-0006602,2026-02-07 03:59:00,P01,MAT-033,PRD-017,RM_RECEIPT,236,EA,WIP-01,WMS
IM-0006603,2025-11-19 19:51:00,P01,MAT-008,PRD-036,RM_RECEIPT,2413,EA,FG-01,WMS
IM-0006604,2026-07-09 00:38:00,P03,MAT-035,PRD-066,RM_ISSUE,-1810,EA,WIP-01,WMS
IM-0006605,2026-06-23 17:05:00,P03,PRD-013,PRD-013,FG_SHIP,-1285,EA,RM-B,WMS
IM-0006606,2025-10-06 06:14:00,P02,PRD-046,PRD-046,FG_SHIP,-1838,EA,RM-B,WMS
IM-0006607,2026-06-25 04:10:00,P01,PRD-012,PRD-012,FG_RECEIPT,3960,EA,RM-B,WMS
IM-0006608,2026-01-16 04:21:00,P03,PRD-014,PRD-014,FG_RECEIPT,1598,EA,FG-02,WMS
IM-0006609,2026-05-16 09:54:00,P02,PRD-010,PRD-010,ADJUSTMENT,3483,EA,WIP-01,WMS
IM-0006610,2026-07-26 00:37:00,P01,PRD-007,PRD-007,FG_SHIP,-1397,EA,WIP-01,WMS
IM-0006611,2026-01-28 14:42:00,P03,MAT-022,PRD-023,RM_RECEIPT,757,EA,RM-A,WMS
IM-0006612,2025-08-14 04:16:00,P02,PRD-053,PRD-053,FG_RECEIPT,1328,EA,RM-B,WMS
IM-0006613,2025-08-31 14:29:00,P01,MAT-029,PRD-031,RM_ISSUE,-1502,EA,FG-02,WMS
IM-0006614,2026-07-09 22:46:00,P02,MAT-014,PRD-068,RM_RECEIPT,1246,EA,FG-01,WMS
IM-0006615,2026-01-15 00:27:00,P01,MAT-030,PRD-062,RM_RECEIPT,4146,EA,RM-B,WMS
IM-0006616,2025-10-23 07:36:00,P01,MAT-022,PRD-073,RM_RECEIPT,2108,EA,FG-02,WMS
IM-0006617,2025-11-09 09:48:00,P01,MAT-001,PRD-056,RM_RECEIPT,3521,EA,WIP-01,WMS
IM-0006618,2026-03-31 05:48:00,P02,PRD-073,PRD-073,ADJUSTMENT,1544,EA,WIP-01,WMS
IM-0006619,2026-05-29 11:42:00,P03,MAT-018,PRD-030,RM_RECEIPT,3119,EA,FG-02,WMS
IM-0006620,2026-06-08 11:04:00,P03,MAT-004,PRD-032,RM_RECEIPT,888,EA,FG-02,WMS
IM-0006621,2026-02-25 08:10:00,P03,MAT-014,PRD-068,RM_RECEIPT,1075,EA,RM-B,WMS
IM-0006622,2026-03-23 16:09:00,P02,MAT-035,PRD-016,RM_RECEIPT,5034,EA,RM-A,WMS
IM-0006623,2026-05-28 00:14:00,P03,PRD-017,PRD-017,ADJUSTMENT,933,EA,RM-A,WMS
IM-0006624,2026-02-24 05:59:00,P01,PRD-068,PRD-068,FG_SHIP,-2782,EA,RM-B,WMS
IM-0006625,2025-11-16 09:23:00,P02,MAT-036,PRD-020,RM_ISSUE,-8137,EA,WIP-01,WMS
IM-0006626,2025-08-31 05:49:00,P03,MAT-018,PRD-054,RM_RECEIPT,3305,EA,FG-02,WMS
IM-0006627,2025-12-04 05:46:00,P03,PRD-058,PRD-058,ADJUSTMENT,4325,EA,FG-01,WMS
IM-0006628,2025-11-21 21:50:00,P03,PRD-052,PRD-052,ADJUSTMENT,2179,EA,FG-02,WMS
IM-0006629,2026-04-29 21:42:00,P01,MAT-037,PRD-051,RM_RECEIPT,2135,EA,RM-B,WMS
IM-0006630,2026-04-30 07:02:00,P03,PRD-054,PRD-054,FG_SHIP,-1993,EA,RM-A,WMS
IM-0006631,2026-02-23 17:27:00,P01,MAT-018,PRD-054,RM_RECEIPT,1738,EA,FG-02,WMS
IM-0006632,2026-03-12 07:27:00,P01,PRD-061,PRD-061,FG_RECEIPT,1395,EA,WIP-01,WMS
IM-0006633,2025-11-27 09:15:00,P01,PRD-015,PRD-015,FG_SHIP,-2403,EA,WIP-01,WMS
IM-0006634,2025-08-04 01:57:00,P01,MAT-007,PRD-055,RM_ISSUE,-1132,EA,RM-A,WMS
IM-0006635,2026-05-28 01:12:00,P01,PRD-013,PRD-013,FG_SHIP,-705,EA,RM-A,WMS
IM-0006636,2026-02-17 04:31:00,P03,PRD-027,PRD-027,FG_SHIP,-1925,EA,RM-B,WMS
IM-0006637,2026-06-09 10:18:00,P03,PRD-047,PRD-047,FG_RECEIPT,920,EA,FG-02,WMS
IM-0006638,2026-02-08 00:54:00,P02,MAT-029,PRD-031,RM_RECEIPT,153,EA,FG-01,WMS
IM-0006639,2026-02-14 09:27:00,P02,MAT-018,PRD-054,RM_RECEIPT,1521,EA,RM-A,WMS
IM-0006640,2026-06-21 07:47:00,P02,MAT-016,PRD-029,RM_RECEIPT,1802,EA,FG-02,WMS
IM-0006641,2025-12-25 02:57:00,P03,MAT-035,PRD-053,RM_RECEIPT,3954,EA,RM-B,WMS
IM-0006642,2026-04-23 07:48:00,P03,MAT-013,PRD-075,RM_ISSUE,-1515,EA,RM-B,WMS
IM-0006643,2026-07-22 02:46:00,P01,MAT-018,PRD-026,RM_ISSUE,-1478,EA,FG-01,WMS
IM-0006644,2026-01-28 22:09:00,P03,PRD-063,PRD-063,FG_RECEIPT,5711,EA,FG-02,WMS
IM-0006645,2025-10-03 23:51:00,P03,MAT-030,PRD-060,RM_RECEIPT,1817,EA,FG-01,WMS
IM-0006646,2026-01-15 15:43:00,P02,PRD-007,PRD-007,FG_SHIP,-1198,EA,RM-A,WMS
IM-0006647,2026-03-24 07:05:00,P03,PRD-072,PRD-072,FG_SHIP,-1073,EA,WIP-01,WMS
IM-0006648,2026-05-05 22:54:00,P02,PRD-009,PRD-009,FG_RECEIPT,2514,EA,FG-02,WMS
IM-0006649,2025-08-26 21:39:00,P03,MAT-022,PRD-023,RM_RECEIPT,3737,EA,WIP-01,WMS
IM-0006650,2026-06-03 19:18:00,P03,PRD-050,PRD-050,FG_RECEIPT,1577,EA,RM-B,WMS
IM-0006651,2025-12-01 18:43:00,P01,MAT-001,PRD-039,RM_ISSUE,-1181,EA,WIP-01,WMS
IM-0006652,2026-03-12 23:55:00,P03,PRD-037,PRD-037,FG_RECEIPT,2297,EA,FG-02,WMS
IM-0006653,2025-09-30 07:06:00,P03,MAT-024,PRD-013,RM_ISSUE,-5237,EA,FG-02,WMS
IM-0006654,2025-12-08 22:17:00,P02,PRD-035,PRD-035,FG_RECEIPT,1551,EA,FG-01,WMS
IM-0006655,2025-08-17 20:16:00,P02,MAT-018,PRD-067,RM_ISSUE,-3105,EA,RM-B,WMS
IM-0006656,2026-01-20 00:49:00,P03,PRD-024,PRD-024,FG_RECEIPT,1022,EA,FG-02,WMS
IM-0006657,2026-07-27 15:32:00,P02,MAT-033,PRD-044,RM_RECEIPT,1427,EA,RM-B,WMS
IM-0006658,2025-08-27 02:09:00,P02,PRD-024,PRD-024,FG_SHIP,-949,EA,WIP-01,WMS
IM-0006659,2025-11-27 04:26:00,P03,PRD-026,PRD-026,FG_SHIP,-2111,EA,RM-B,WMS
IM-0006660,2026-03-23 20:24:00,P03,MAT-032,PRD-005,RM_ISSUE,-4274,EA,FG-01,WMS
IM-0006661,2025-09-14 04:53:00,P01,PRD-012,PRD-012,FG_RECEIPT,1434,EA,FG-02,WMS
IM-0006662,2026-02-21 00:52:00,P01,PRD-078,PRD-078,FG_SHIP,-1294,EA,RM-A,WMS
IM-0006663,2026-01-27 00:28:00,P03,PRD-009,PRD-009,FG_RECEIPT,274,EA,RM-A,WMS
IM-0006664,2026-07-18 17:02:00,P02,PRD-038,PRD-038,FG_SHIP,-6770,EA,FG-02,WMS
IM-0006665,2025-11-01 08:23:00,P01,PRD-017,PRD-017,FG_SHIP,-761,EA,WIP-01,WMS
IM-0006666,2025-08-15 16:26:00,P03,PRD-025,PRD-025,FG_RECEIPT,1536,EA,RM-A,WMS
IM-0006667,2026-06-12 07:30:00,P03,MAT-008,PRD-065,RM_RECEIPT,458,EA,RM-B,WMS
IM-0006668,2025-08-06 21:16:00,P01,MAT-029,PRD-031,RM_RECEIPT,7201,EA,FG-02,WMS
IM-0006669,2025-11-27 00:50:00,P02,MAT-025,PRD-035,RM_RECEIPT,3445,EA,RM-B,WMS
IM-0006670,2026-06-21 14:36:00,P01,PRD-015,PRD-015,FG_SHIP,-5957,EA,RM-A,WMS
IM-0006671,2026-02-13 16:43:00,P01,PRD-054,PRD-054,FG_SHIP,-678,EA,WIP-01,WMS
IM-0006672,2026-05-25 08:11:00,P03,PRD-019,PRD-019,FG_SHIP,-5854,EA,FG-01,WMS
IM-0006673,2026-03-23 21:01:00,P01,PRD-011,PRD-011,FG_SHIP,-3346,EA,RM-B,WMS
IM-0006674,2026-02-05 22:18:00,P03,MAT-007,PRD-055,RM_RECEIPT,1598,EA,RM-A,WMS
IM-0006675,2026-01-23 13:03:00,P01,MAT-007,PRD-055,RM_RECEIPT,2950,EA,RM-B,WMS
IM-0006676,2026-06-02 16:48:00,P02,MAT-019,PRD-071,RM_RECEIPT,2093,EA,RM-A,WMS
IM-0006677,2026-02-17 21:08:00,P02,MAT-004,PRD-048,RM_RECEIPT,2894,EA,WIP-01,WMS
IM-0006678,2026-07-27 20:40:00,P03,MAT-030,PRD-062,RM_RECEIPT,3364,EA,RM-A,WMS
IM-0006679,2026-03-19 17:11:00,P03,PRD-029,PRD-029,FG_RECEIPT,2762,EA,FG-01,WMS
IM-0006680,2026-07-16 09:42:00,P02,PRD-022,PRD-022,FG_RECEIPT,714,EA,FG-02,WMS
IM-0006681,2026-01-05 22:46:00,P02,MAT-012,PRD-011,RM_RECEIPT,1951,EA,FG-02,WMS
IM-0006682,2026-06-27 11:59:00,P02,MAT-019,PRD-004,RM_RECEIPT,16029,EA,RM-A,WMS
IM-0006683,2025-11-17 15:21:00,P01,MAT-029,PRD-045,RM_RECEIPT,1255,EA,FG-02,WMS
IM-0006684,2026-06-03 02:09:00,P01,PRD-020,PRD-020,FG_RECEIPT,2061,EA,FG-01,WMS
IM-0006685,2026-02-01 01:04:00,P02,MAT-031,PRD-008,RM_RECEIPT,1257,EA,FG-02,WMS
IM-0006686,2026-04-05 02:21:00,P02,MAT-030,PRD-041,RM_RECEIPT,1102,EA,FG-01,WMS
IM-0006687,2025-08-10 16:30:00,P01,MAT-033,PRD-076,RM_ISSUE,-3487,EA,RM-A,WMS
IM-0006688,2025-09-23 01:58:00,P01,PRD-037,PRD-037,FG_SHIP,-1774,EA,WIP-01,WMS
IM-0006689,2026-07-24 15:01:00,P01,PRD-054,PRD-054,FG_SHIP,-3924,EA,RM-B,WMS
IM-0006690,2025-12-22 05:03:00,P01,PRD-046,PRD-046,ADJUSTMENT,1037,EA,RM-A,WMS
IM-0006691,2026-04-24 08:27:00,P03,PRD-043,PRD-043,FG_RECEIPT,803,EA,FG-01,WMS
IM-0006692,2026-07-19 14:48:00,P02,MAT-026,PRD-057,RM_RECEIPT,1070,EA,FG-01,WMS
IM-0006693,2025-11-02 23:33:00,P01,MAT-032,PRD-077,RM_RECEIPT,524,EA,RM-B,WMS
IM-0006694,2025-11-19 22:25:00,P03,MAT-005,PRD-058,RM_ISSUE,-1655,EA,FG-01,WMS
IM-0006695,2026-01-08 06:11:00,P02,MAT-037,PRD-018,RM_ISSUE,-3816,EA,WIP-01,WMS
IM-0006696,2026-05-22 08:43:00,P03,MAT-015,PRD-025,RM_ISSUE,-5617,EA,FG-01,WMS
IM-0006697,2025-11-17 05:38:00,P02,PRD-058,PRD-058,ADJUSTMENT,2972,EA,FG-02,WMS
IM-0006698,2025-08-14 11:48:00,P02,PRD-014,PRD-014,FG_RECEIPT,2496,EA,RM-B,WMS
IM-0006699,2025-12-08 09:32:00,P03,MAT-018,PRD-050,RM_RECEIPT,1079,EA,FG-02,WMS
IM-0006700,2025-12-13 10:36:00,P02,PRD-012,PRD-012,FG_RECEIPT,1868,EA,RM-B,WMS
IM-0006701,2026-04-15 08:28:00,P02,PRD-021,PRD-021,FG_SHIP,-2735,EA,FG-02,WMS
IM-0006702,2025-08-13 06:52:00,P01,PRD-068,PRD-068,FG_SHIP,-3334,EA,RM-B,WMS
IM-0006703,2026-05-11 13:25:00,P01,PRD-068,PRD-068,FG_SHIP,-1736,EA,WIP-01,WMS
IM-0006704,2025-08-06 21:50:00,P02,PRD-032,PRD-032,FG_SHIP,-1188,EA,RM-B,WMS
IM-0006705,2025-12-14 18:58:00,P01,PRD-004,PRD-004,FG_SHIP,-3424,EA,WIP-01,WMS
IM-0006706,2026-06-11 08:53:00,P02,MAT-010,PRD-063,RM_ISSUE,-1448,EA,RM-B,WMS
IM-0006707,2025-10-09 05:16:00,P02,MAT-012,PRD-006,RM_RECEIPT,1864,EA,RM-A,WMS
IM-0006708,2025-12-08 22:10:00,P01,PRD-064,PRD-064,FG_RECEIPT,5267,EA,RM-B,WMS
IM-0006709,2025-10-10 01:08:00,P01,PRD-034,PRD-034,FG_RECEIPT,1722,EA,WIP-01,WMS
IM-0006710,2025-11-03 17:47:00,P02,MAT-015,PRD-025,RM_RECEIPT,746,EA,FG-02,WMS
IM-0006711,2025-08-18 07:26:00,P03,PRD-050,PRD-050,FG_RECEIPT,4721,EA,RM-B,WMS
IM-0006712,2025-10-22 03:09:00,P02,MAT-005,PRD-021,RM_ISSUE,-1302,EA,RM-A,WMS
IM-0006713,2026-05-19 01:47:00,P03,MAT-035,PRD-016,RM_RECEIPT,452,EA,RM-A,WMS
IM-0006714,2026-01-14 19:03:00,P01,PRD-045,PRD-045,FG_RECEIPT,1197,EA,RM-A,WMS
IM-0006715,2026-06-25 03:18:00,P01,MAT-015,PRD-025,RM_RECEIPT,5954,EA,FG-01,WMS
IM-0006716,2025-11-25 04:58:00,P01,PRD-071,PRD-071,FG_SHIP,-1115,EA,RM-B,WMS
IM-0006717,2026-05-04 17:53:00,P03,MAT-010,PRD-063,RM_ISSUE,-992,EA,WIP-01,WMS
IM-0006718,2025-08-01 05:07:00,P01,PRD-033,PRD-033,FG_RECEIPT,3395,EA,FG-02,WMS
IM-0006719,2026-05-18 22:13:00,P03,PRD-059,PRD-059,FG_RECEIPT,3481,EA,FG-02,WMS
IM-0006720,2026-01-18 17:59:00,P03,MAT-029,PRD-045,RM_RECEIPT,2123,EA,RM-A,WMS
IM-0006721,2026-03-26 02:24:00,P03,MAT-032,PRD-005,RM_RECEIPT,1019,EA,RM-B,WMS
IM-0006722,2026-02-15 07:55:00,P02,MAT-027,PRD-072,RM_RECEIPT,2408,EA,WIP-01,WMS
IM-0006723,2026-02-25 12:12:00,P01,PRD-020,PRD-020,FG_RECEIPT,1112,EA,RM-A,WMS
IM-0006724,2025-11-05 04:05:00,P01,MAT-014,PRD-070,RM_RECEIPT,5582,EA,RM-A,WMS
IM-0006725,2026-04-27 20:09:00,P01,MAT-026,PRD-057,RM_RECEIPT,4208,EA,WIP-01,WMS
IM-0006726,2025-09-13 23:23:00,P03,MAT-007,PRD-055,RM_ISSUE,-529,EA,RM-A,WMS
IM-0006727,2026-06-10 14:11:00,P03,MAT-030,PRD-060,RM_ISSUE,-1422,EA,RM-A,WMS
IM-0006728,2026-07-30 21:41:00,P03,MAT-005,PRD-033,RM_ISSUE,-947,EA,RM-B,WMS
IM-0006729,2025-08-03 12:00:00,P03,MAT-018,PRD-002,RM_RECEIPT,3692,EA,WIP-01,WMS
IM-0006730,2026-01-27 21:53:00,P03,PRD-043,PRD-043,FG_RECEIPT,1257,EA,FG-01,WMS
IM-0006731,2026-04-14 21:18:00,P02,MAT-018,PRD-002,RM_ISSUE,-3376,EA,FG-02,WMS
IM-0006732,2025-10-08 22:41:00,P03,PRD-057,PRD-057,FG_RECEIPT,1235,EA,FG-02,WMS
IM-0006733,2025-09-22 10:43:00,P03,MAT-024,PRD-003,RM_RECEIPT,2246,EA,FG-01,WMS
IM-0006734,2026-01-08 11:51:00,P02,PRD-019,PRD-019,FG_SHIP,-1525,EA,FG-02,WMS
IM-0006735,2025-08-30 17:24:00,P02,MAT-013,PRD-075,RM_ISSUE,-1233,EA,FG-01,WMS
IM-0006736,2026-07-29 08:55:00,P01,MAT-031,PRD-008,RM_RECEIPT,6230,EA,WIP-01,WMS
IM-0006737,2025-11-30 08:38:00,P01,MAT-019,PRD-071,RM_RECEIPT,647,EA,RM-A,WMS
IM-0006738,2026-01-11 10:28:00,P03,MAT-005,PRD-024,RM_ISSUE,-4304,EA,WIP-01,WMS
IM-0006739,2025-11-07 06:49:00,P02,MAT-027,PRD-061,RM_ISSUE,-2315,EA,FG-01,WMS
IM-0006740,2026-06-22 19:42:00,P02,MAT-024,PRD-003,RM_RECEIPT,6445,EA,FG-01,WMS
IM-0006741,2025-12-05 06:48:00,P01,MAT-024,PRD-003,RM_RECEIPT,5514,EA,FG-02,WMS
IM-0006742,2026-04-16 06:06:00,P03,MAT-033,PRD-017,RM_RECEIPT,2068,EA,WIP-01,WMS
IM-0006743,2026-04-05 22:57:00,P03,PRD-021,PRD-021,FG_RECEIPT,1668,EA,FG-01,WMS
IM-0006744,2026-05-06 10:57:00,P03,PRD-079,PRD-079,FG_RECEIPT,1380,EA,WIP-01,WMS
IM-0006745,2026-06-11 11:35:00,P03,MAT-001,PRD-056,RM_ISSUE,-1415,EA,FG-01,WMS
IM-0006746,2026-02-07 08:25:00,P03,MAT-030,PRD-064,RM_ISSUE,-2260,EA,FG-01,WMS
IM-0006747,2025-10-26 01:51:00,P03,MAT-008,PRD-065,RM_ISSUE,-2790,EA,FG-02,WMS
IM-0006748,2026-07-20 16:01:00,P02,PRD-032,PRD-032,FG_SHIP,-3067,EA,FG-02,WMS
IM-0006749,2026-06-29 03:37:00,P02,PRD-036,PRD-036,FG_SHIP,-3190,EA,FG-02,WMS
IM-0006750,2025-12-22 18:20:00,P02,MAT-032,PRD-077,RM_ISSUE,-1886,EA,RM-B,WMS
IM-0006751,2026-06-03 21:50:00,P01,MAT-018,PRD-067,RM_ISSUE,-3585,EA,RM-A,WMS
IM-0006752,2026-02-11 18:50:00,P02,MAT-003,PRD-014,RM_RECEIPT,829,EA,WIP-01,WMS
IM-0006753,2026-06-13 13:27:00,P03,PRD-048,PRD-048,FG_SHIP,-980,EA,FG-01,WMS
IM-0006754,2026-07-21 10:33:00,P03,MAT-033,PRD-017,RM_RECEIPT,3509,EA,WIP-01,WMS
IM-0006755,2026-01-29 11:45:00,P03,MAT-030,PRD-012,RM_ISSUE,-477,EA,WIP-01,WMS
IM-0006756,2025-11-17 19:47:00,P02,PRD-080,PRD-080,FG_RECEIPT,4021,EA,FG-01,WMS
IM-0006757,2026-04-23 07:20:00,P01,MAT-010,PRD-037,RM_RECEIPT,1753,EA,WIP-01,WMS
IM-0006758,2026-05-20 20:22:00,P03,MAT-022,PRD-073,RM_RECEIPT,898,EA,FG-02,WMS
IM-0006759,2026-07-17 05:47:00,P01,PRD-027,PRD-027,FG_SHIP,-1200,EA,WIP-01,WMS
IM-0006760,2026-04-22 08:31:00,P01,MAT-023,PRD-007,RM_ISSUE,-1985,EA,FG-02,WMS
IM-0006761,2026-07-21 15:26:00,P02,MAT-026,PRD-059,RM_ISSUE,-1263,EA,RM-B,WMS
IM-0006762,2026-07-23 20:18:00,P03,PRD-018,PRD-018,FG_RECEIPT,2054,EA,FG-02,WMS
IM-0006763,2026-04-10 18:23:00,P01,PRD-069,PRD-069,FG_RECEIPT,3888,EA,FG-01,WMS
IM-0006764,2026-05-23 16:51:00,P03,PRD-042,PRD-042,FG_RECEIPT,1713,EA,FG-02,WMS
IM-0006765,2025-12-14 18:50:00,P03,MAT-033,PRD-076,RM_RECEIPT,3237,EA,RM-A,WMS
IM-0006766,2026-02-15 01:40:00,P03,PRD-056,PRD-056,FG_RECEIPT,2761,EA,FG-01,WMS
IM-0006767,2025-10-14 02:19:00,P01,PRD-068,PRD-068,FG_SHIP,-1993,EA,RM-B,WMS
IM-0006768,2026-03-03 08:55:00,P02,PRD-032,PRD-032,FG_SHIP,-3093,EA,RM-A,WMS
IM-0006769,2026-04-09 23:29:00,P02,PRD-021,PRD-021,FG_SHIP,-6201,EA,RM-B,WMS
IM-0006770,2025-09-23 13:22:00,P01,MAT-026,PRD-046,RM_RECEIPT,1776,EA,FG-02,WMS
IM-0006771,2026-07-04 02:08:00,P01,MAT-032,PRD-015,RM_ISSUE,-2770,EA,RM-A,WMS
IM-0006772,2026-07-25 23:44:00,P02,MAT-027,PRD-061,RM_RECEIPT,932,EA,FG-01,WMS
IM-0006773,2025-11-15 19:20:00,P01,MAT-008,PRD-065,RM_RECEIPT,1403,EA,RM-B,WMS
IM-0006774,2025-12-03 16:59:00,P01,MAT-027,PRD-061,RM_RECEIPT,597,EA,RM-A,WMS
IM-0006775,2025-10-30 21:52:00,P03,PRD-025,PRD-025,FG_SHIP,-1357,EA,RM-B,WMS
IM-0006776,2025-12-04 04:22:00,P02,PRD-034,PRD-034,FG_SHIP,-1477,EA,RM-B,WMS
IM-0006777,2026-04-14 00:25:00,P03,MAT-004,PRD-040,RM_RECEIPT,1237,EA,FG-02,WMS
IM-0006778,2026-04-06 00:41:00,P03,PRD-050,PRD-050,FG_SHIP,-2441,EA,RM-B,WMS
IM-0006779,2025-10-25 11:17:00,P02,MAT-019,PRD-004,RM_ISSUE,-2382,EA,WIP-01,WMS
IM-0006780,2026-01-18 22:07:00,P01,PRD-053,PRD-053,FG_RECEIPT,3122,EA,WIP-01,WMS
IM-0006781,2025-10-24 12:41:00,P01,PRD-017,PRD-017,FG_SHIP,-741,EA,RM-A,WMS
IM-0006782,2025-08-25 14:50:00,P02,MAT-020,PRD-010,RM_RECEIPT,1060,EA,RM-A,WMS
IM-0006783,2025-10-22 15:28:00,P02,MAT-036,PRD-020,RM_ISSUE,-2157,EA,RM-A,WMS
IM-0006784,2026-05-07 19:33:00,P01,MAT-023,PRD-007,RM_ISSUE,-1171,EA,RM-A,WMS
IM-0006785,2026-02-09 10:22:00,P02,MAT-018,PRD-078,RM_ISSUE,-3210,EA,RM-A,WMS
IM-0006786,2025-08-06 12:00:00,P01,PRD-020,PRD-020,ADJUSTMENT,1151,EA,RM-B,WMS
IM-0006787,2026-04-27 05:58:00,P01,MAT-019,PRD-004,RM_RECEIPT,502,EA,RM-A,WMS
IM-0006788,2026-03-07 09:30:00,P01,MAT-014,PRD-070,RM_RECEIPT,1152,EA,WIP-01,WMS
IM-0006789,2025-12-24 07:26:00,P03,PRD-012,PRD-012,FG_SHIP,-2376,EA,FG-02,WMS
IM-0006790,2026-07-01 02:52:00,P01,PRD-042,PRD-042,FG_RECEIPT,17549,EA,FG-02,WMS
IM-0006791,2025-08-25 03:26:00,P03,MAT-030,PRD-060,RM_RECEIPT,254,EA,FG-01,WMS
IM-0006792,2025-10-20 12:04:00,P02,PRD-068,PRD-068,FG_SHIP,-2686,EA,WIP-01,WMS
IM-0006793,2025-08-10 20:10:00,P01,PRD-035,PRD-035,FG_SHIP,-2194,EA,WIP-01,WMS
IM-0006794,2026-01-09 00:33:00,P03,PRD-014,PRD-014,FG_RECEIPT,672,EA,FG-02,WMS
IM-0006795,2026-04-04 23:06:00,P03,PRD-024,PRD-024,FG_RECEIPT,646,EA,WIP-01,WMS
IM-0006796,2026-06-09 13:11:00,P03,MAT-031,PRD-052,RM_ISSUE,-1916,EA,FG-02,WMS
IM-0006797,2026-03-18 22:00:00,P03,MAT-035,PRD-053,RM_RECEIPT,697,EA,FG-01,WMS
IM-0006798,2025-09-08 08:00:00,P01,MAT-026,PRD-057,RM_RECEIPT,2372,EA,WIP-01,WMS
IM-0006799,2025-10-22 11:37:00,P02,PRD-050,PRD-050,ADJUSTMENT,982,EA,WIP-01,WMS
IM-0006800,2025-12-30 07:21:00,P01,MAT-008,PRD-036,RM_ISSUE,-1668,EA,FG-01,WMS
IM-0006801,2025-10-16 16:28:00,P02,MAT-025,PRD-035,RM_RECEIPT,1669,EA,RM-A,WMS
IM-0006802,2026-03-25 21:08:00,P01,PRD-005,PRD-005,ADJUSTMENT,872,EA,FG-01,WMS
IM-0006803,2026-03-07 19:36:00,P01,MAT-019,PRD-004,RM_ISSUE,-1492,EA,RM-A,WMS
IM-0006804,2026-05-23 07:08:00,P03,PRD-017,PRD-017,FG_SHIP,-1276,EA,WIP-01,WMS
IM-0006805,2026-07-19 05:05:00,P03,PRD-047,PRD-047,FG_RECEIPT,10944,EA,FG-02,WMS
IM-0006806,2026-02-23 23:00:00,P02,PRD-046,PRD-046,FG_SHIP,-2479,EA,RM-A,WMS
IM-0006807,2026-05-02 12:37:00,P01,PRD-014,PRD-014,FG_SHIP,-3050,EA,WIP-01,WMS
IM-0006808,2026-05-20 08:35:00,P02,MAT-022,PRD-073,RM_ISSUE,-392,EA,RM-B,WMS
IM-0006809,2025-12-04 19:24:00,P01,MAT-014,PRD-070,RM_RECEIPT,5304,EA,FG-02,WMS
IM-0006810,2026-05-31 06:16:00,P02,PRD-004,PRD-004,FG_RECEIPT,1077,EA,WIP-01,WMS
IM-0006811,2025-09-24 06:18:00,P01,PRD-064,PRD-064,FG_SHIP,-14903,EA,WIP-01,WMS
IM-0006812,2025-11-20 18:24:00,P01,PRD-039,PRD-039,FG_SHIP,-1280,EA,RM-B,WMS
IM-0006813,2026-06-21 23:40:00,P02,MAT-035,PRD-053,RM_ISSUE,-1186,EA,RM-B,WMS
IM-0006814,2025-10-20 04:16:00,P01,MAT-016,PRD-029,RM_ISSUE,-816,EA,RM-A,WMS
IM-0006815,2026-01-24 03:47:00,P03,PRD-010,PRD-010,FG_RECEIPT,6794,EA,FG-02,WMS
IM-0006816,2025-08-06 01:52:00,P01,PRD-046,PRD-046,FG_SHIP,-1588,EA,RM-A,WMS
IM-0006817,2026-06-10 18:00:00,P02,MAT-005,PRD-058,RM_ISSUE,-1274,EA,WIP-01,WMS
IM-0006818,2026-06-11 22:18:00,P01,PRD-041,PRD-041,FG_SHIP,-1058,EA,RM-B,WMS
IM-0006819,2025-10-20 09:45:00,P03,PRD-064,PRD-064,FG_RECEIPT,1634,EA,RM-A,WMS
IM-0006820,2026-03-29 02:13:00,P02,PRD-019,PRD-019,FG_RECEIPT,5643,EA,WIP-01,WMS
IM-0006821,2026-05-24 02:15:00,P03,MAT-010,PRD-037,RM_RECEIPT,1038,EA,FG-02,WMS
IM-0006822,2025-10-31 00:36:00,P03,MAT-024,PRD-013,RM_RECEIPT,768,EA,RM-A,WMS
IM-0006823,2026-05-05 20:26:00,P03,PRD-007,PRD-007,FG_SHIP,-3702,EA,RM-A,WMS
IM-0006824,2026-01-11 03:26:00,P02,PRD-036,PRD-036,FG_RECEIPT,3253,EA,RM-B,WMS
IM-0006825,2025-12-22 15:46:00,P01,PRD-030,PRD-030,FG_RECEIPT,1801,EA,FG-01,WMS
IM-0006826,2026-04-09 12:56:00,P02,PRD-001,PRD-001,FG_SHIP,-1836,EA,FG-01,WMS
IM-0006827,2025-12-21 13:00:00,P01,MAT-024,PRD-003,RM_RECEIPT,441,EA,FG-01,WMS
IM-0006828,2026-07-10 02:34:00,P01,MAT-036,PRD-020,RM_RECEIPT,7123,EA,RM-B,WMS
IM-0006829,2025-08-29 05:15:00,P02,PRD-031,PRD-031,FG_RECEIPT,2952,EA,FG-02,WMS
IM-0006830,2026-01-14 07:10:00,P01,MAT-005,PRD-024,RM_ISSUE,-1091,EA,FG-01,WMS
IM-0006831,2025-12-22 11:54:00,P01,MAT-030,PRD-012,RM_RECEIPT,1118,EA,WIP-01,WMS
IM-0006832,2025-10-21 09:01:00,P03,PRD-057,PRD-057,FG_SHIP,-3516,EA,RM-B,WMS
IM-0006833,2026-02-13 04:22:00,P01,MAT-030,PRD-009,RM_ISSUE,-4306,EA,RM-A,WMS
IM-0006834,2026-07-17 12:21:00,P01,PRD-078,PRD-078,FG_SHIP,-7679,EA,WIP-01,WMS
IM-0006835,2025-09-23 01:25:00,P02,MAT-004,PRD-032,RM_ISSUE,-3980,EA,RM-A,WMS
IM-0006836,2026-04-24 23:05:00,P03,MAT-001,PRD-056,RM_ISSUE,-2741,EA,WIP-01,WMS
IM-0006837,2026-07-28 07:13:00,P03,MAT-026,PRD-059,RM_ISSUE,-1757,EA,FG-02,WMS
IM-0006838,2026-05-05 18:36:00,P02,MAT-026,PRD-028,RM_RECEIPT,1181,EA,RM-B,WMS
IM-0006839,2026-02-02 01:56:00,P01,MAT-030,PRD-060,RM_RECEIPT,1343,EA,RM-B,WMS
IM-0006840,2025-10-13 22:58:00,P02,MAT-029,PRD-031,RM_RECEIPT,2639,EA,FG-01,WMS
IM-0006841,2025-08-05 13:42:00,P03,PRD-027,PRD-027,FG_SHIP,-1821,EA,FG-02,WMS
IM-0006842,2025-08-05 00:56:00,P03,MAT-030,PRD-012,RM_RECEIPT,991,EA,WIP-01,WMS
IM-0006843,2025-11-26 20:15:00,P01,PRD-042,PRD-042,FG_SHIP,-3412,EA,RM-B,WMS
IM-0006844,2026-06-04 16:43:00,P03,MAT-035,PRD-066,RM_RECEIPT,2552,EA,FG-01,WMS
IM-0006845,2026-06-19 07:00:00,P03,MAT-018,PRD-078,RM_ISSUE,-5227,EA,FG-02,WMS
IM-0006846,2025-10-15 04:20:00,P01,MAT-004,PRD-032,RM_RECEIPT,1145,EA,RM-A,WMS
IM-0006847,2026-04-11 03:20:00,P01,PRD-042,PRD-042,FG_RECEIPT,1170,EA,WIP-01,WMS
IM-0006848,2025-09-14 01:16:00,P01,MAT-004,PRD-032,RM_ISSUE,-182,EA,RM-A,WMS
IM-0006849,2026-05-29 12:29:00,P02,MAT-005,PRD-021,RM_RECEIPT,5575,EA,FG-01,WMS
IM-0006850,2026-04-10 14:10:00,P03,PRD-006,PRD-006,FG_SHIP,-9878,EA,RM-B,WMS
IM-0006851,2025-08-03 22:43:00,P02,PRD-029,PRD-029,FG_RECEIPT,1491,EA,WIP-01,WMS
IM-0006852,2025-10-20 18:55:00,P01,MAT-007,PRD-055,RM_RECEIPT,5034,EA,WIP-01,WMS
IM-0006853,2025-08-03 10:44:00,P01,PRD-051,PRD-051,FG_RECEIPT,2032,EA,RM-B,WMS
IM-0006854,2025-09-11 12:53:00,P01,MAT-019,PRD-004,RM_ISSUE,-2384,EA,RM-B,WMS
IM-0006855,2026-04-06 03:07:00,P03,MAT-018,PRD-002,RM_ISSUE,-2966,EA,FG-01,WMS
IM-0006856,2025-08-18 06:33:00,P02,PRD-019,PRD-019,FG_SHIP,-1127,EA,WIP-01,WMS
IM-0006857,2025-09-15 06:43:00,P02,MAT-008,PRD-036,RM_RECEIPT,3007,EA,FG-01,WMS
IM-0006858,2025-10-23 23:33:00,P01,PRD-013,PRD-013,FG_SHIP,-1302,EA,FG-01,WMS
IM-0006859,2026-04-28 22:57:00,P03,PRD-061,PRD-061,FG_SHIP,-844,EA,WIP-01,WMS
IM-0006860,2025-09-02 10:00:00,P03,PRD-008,PRD-008,FG_RECEIPT,2600,EA,FG-01,WMS
IM-0006861,2026-04-01 20:26:00,P02,MAT-014,PRD-068,RM_RECEIPT,4131,EA,FG-02,WMS
IM-0006862,2026-01-27 01:01:00,P02,MAT-018,PRD-002,RM_RECEIPT,1251,EA,FG-01,WMS
IM-0006863,2026-02-23 13:00:00,P01,PRD-066,PRD-066,FG_RECEIPT,431,EA,RM-A,WMS
IM-0006864,2026-07-22 09:31:00,P03,PRD-041,PRD-041,FG_RECEIPT,1371,EA,RM-B,WMS
IM-0006865,2026-05-14 16:41:00,P01,MAT-003,PRD-049,RM_RECEIPT,3722,EA,WIP-01,WMS
IM-0006866,2026-01-17 17:32:00,P03,PRD-062,PRD-062,FG_RECEIPT,2194,EA,RM-A,WMS
IM-0006867,2026-03-06 15:42:00,P03,MAT-030,PRD-064,RM_ISSUE,-4442,EA,FG-02,WMS
IM-0006868,2026-01-03 13:16:00,P01,PRD-052,PRD-052,FG_RECEIPT,3917,EA,RM-B,WMS
IM-0006869,2026-04-12 10:53:00,P03,PRD-030,PRD-030,FG_SHIP,-1858,EA,WIP-01,WMS
IM-0006870,2026-05-17 15:58:00,P01,MAT-026,PRD-059,RM_ISSUE,-1780,EA,RM-A,WMS
IM-0006871,2025-12-31 05:11:00,P03,MAT-020,PRD-010,RM_ISSUE,-2046,EA,RM-A,WMS
IM-0006872,2025-08-21 15:45:00,P02,PRD-025,PRD-025,ADJUSTMENT,1846,EA,RM-B,WMS
IM-0006873,2026-05-09 02:26:00,P03,MAT-023,PRD-007,RM_ISSUE,-891,EA,RM-B,WMS
IM-0006874,2026-04-22 13:30:00,P03,PRD-069,PRD-069,FG_RECEIPT,2527,EA,RM-B,WMS
IM-0006875,2026-06-29 21:48:00,P02,MAT-018,PRD-067,RM_RECEIPT,1686,EA,WIP-01,WMS
IM-0006876,2025-08-10 09:01:00,P01,MAT-024,PRD-003,RM_RECEIPT,726,EA,FG-02,WMS
IM-0006877,2026-07-25 06:44:00,P01,MAT-029,PRD-031,RM_RECEIPT,2137,EA,RM-B,WMS
IM-0006878,2026-03-18 18:02:00,P01,PRD-010,PRD-010,FG_RECEIPT,1434,EA,FG-01,WMS
IM-0006879,2025-11-05 20:55:00,P02,MAT-012,PRD-006,RM_RECEIPT,1368,EA,FG-02,WMS
IM-0006880,2026-06-07 06:00:00,P02,MAT-033,PRD-076,RM_ISSUE,-4088,EA,RM-A,WMS
IM-0006881,2025-08-06 00:46:00,P02,MAT-010,PRD-063,RM_RECEIPT,1436,EA,RM-B,WMS
IM-0006882,2025-08-27 05:47:00,P02,PRD-069,PRD-069,FG_RECEIPT,4666,EA,WIP-01,WMS
IM-0006883,2025-09-24 03:48:00,P01,MAT-029,PRD-045,RM_ISSUE,-1268,EA,WIP-01,WMS
IM-0006884,2026-02-22 23:13:00,P01,PRD-005,PRD-005,FG_RECEIPT,2826,EA,RM-A,WMS
IM-0006885,2026-02-03 11:44:00,P03,PRD-056,PRD-056,FG_SHIP,-13867,EA,WIP-01,WMS
IM-0006886,2026-04-21 19:09:00,P02,PRD-061,PRD-061,FG_SHIP,-1859,EA,RM-A,WMS
IM-0006887,2026-05-11 21:48:00,P02,PRD-056,PRD-056,FG_RECEIPT,5640,EA,RM-B,WMS
IM-0006888,2025-11-23 05:00:00,P03,MAT-013,PRD-075,RM_RECEIPT,5565,EA,RM-B,WMS
IM-0006889,2026-07-30 15:16:00,P02,PRD-040,PRD-040,FG_RECEIPT,2865,EA,RM-B,WMS
IM-0006890,2025-11-04 03:12:00,P02,MAT-037,PRD-051,RM_RECEIPT,470,EA,FG-01,WMS
IM-0006891,2025-12-17 20:09:00,P03,PRD-059,PRD-059,FG_SHIP,-1197,EA,RM-A,WMS
IM-0006892,2025-11-29 04:58:00,P01,PRD-044,PRD-044,FG_SHIP,-1698,EA,FG-02,WMS
IM-0006893,2025-09-22 19:28:00,P02,MAT-036,PRD-020,RM_RECEIPT,1716,EA,RM-B,WMS
IM-0006894,2026-05-24 06:59:00,P03,PRD-046,PRD-046,FG_SHIP,-6066,EA,WIP-01,WMS
IM-0006895,2025-12-11 19:40:00,P03,PRD-019,PRD-019,FG_SHIP,-2468,EA,FG-02,WMS
IM-0006896,2026-01-08 11:41:00,P02,PRD-004,PRD-004,FG_RECEIPT,3591,EA,RM-A,WMS
IM-0006897,2026-03-23 12:05:00,P02,MAT-029,PRD-031,RM_ISSUE,-13888,EA,RM-B,WMS
IM-0006898,2025-11-19 19:32:00,P01,PRD-062,PRD-062,FG_SHIP,-2013,EA,RM-B,WMS
IM-0006899,2026-02-19 08:10:00,P01,PRD-004,PRD-004,ADJUSTMENT,1822,EA,RM-A,WMS
IM-0006900,2025-10-24 02:50:00,P03,MAT-018,PRD-054,RM_RECEIPT,4204,EA,FG-02,WMS
IM-0006901,2025-09-16 18:42:00,P02,PRD-071,PRD-071,FG_RECEIPT,2020,EA,FG-01,WMS
IM-0006902,2025-10-03 21:27:00,P01,PRD-071,PRD-071,FG_RECEIPT,5920,EA,FG-01,WMS
IM-0006903,2026-06-25 20:00:00,P02,MAT-020,PRD-010,RM_RECEIPT,1947,EA,WIP-01,WMS
IM-0006904,2025-08-22 02:11:00,P01,PRD-016,PRD-016,FG_SHIP,-1042,EA,FG-01,WMS
IM-0006905,2026-07-04 03:55:00,P02,PRD-074,PRD-074,FG_RECEIPT,887,EA,RM-A,WMS
IM-0006906,2026-06-11 18:57:00,P01,PRD-045,PRD-045,FG_RECEIPT,3827,EA,FG-01,WMS
IM-0006907,2026-04-12 10:40:00,P02,PRD-076,PRD-076,FG_SHIP,-1012,EA,RM-A,WMS
IM-0006908,2025-08-19 22:09:00,P01,PRD-042,PRD-042,FG_RECEIPT,1128,EA,RM-A,WMS
IM-0006909,2026-02-20 06:48:00,P01,MAT-035,PRD-066,RM_RECEIPT,814,EA,FG-02,WMS
IM-0006910,2026-07-15 10:55:00,P03,PRD-010,PRD-010,FG_SHIP,-1373,EA,WIP-01,WMS
IM-0006911,2026-05-07 10:44:00,P01,PRD-021,PRD-021,FG_RECEIPT,1731,EA,FG-02,WMS
IM-0006912,2026-06-23 21:30:00,P02,MAT-003,PRD-014,RM_ISSUE,-6918,EA,WIP-01,WMS
IM-0006913,2026-01-26 05:38:00,P02,PRD-075,PRD-075,ADJUSTMENT,1521,EA,RM-B,WMS
IM-0006914,2025-10-14 02:16:00,P02,PRD-029,PRD-029,ADJUSTMENT,1186,EA,FG-02,WMS
IM-0006915,2025-08-27 11:11:00,P01,PRD-027,PRD-027,FG_SHIP,-9636,EA,WIP-01,WMS
IM-0006916,2025-12-18 10:17:00,P03,PRD-039,PRD-039,FG_SHIP,-885,EA,FG-02,WMS
IM-0006917,2026-05-19 04:54:00,P03,MAT-012,PRD-006,RM_ISSUE,-1681,EA,RM-B,WMS
IM-0006918,2026-02-03 16:01:00,P03,PRD-011,PRD-011,FG_RECEIPT,1006,EA,RM-A,WMS
IM-0006919,2025-11-22 01:03:00,P03,MAT-012,PRD-011,RM_ISSUE,-1180,EA,FG-01,WMS
IM-0006920,2026-02-12 09:29:00,P03,PRD-080,PRD-080,FG_SHIP,-1780,EA,RM-B,WMS
IM-0006921,2025-09-12 05:18:00,P02,MAT-004,PRD-048,RM_RECEIPT,1014,EA,RM-B,WMS
IM-0006922,2026-02-11 02:35:00,P01,MAT-019,PRD-004,RM_RECEIPT,4340,EA,RM-B,WMS
IM-0006923,2025-09-27 23:13:00,P01,PRD-074,PRD-074,FG_RECEIPT,4207,EA,RM-B,WMS
IM-0006924,2026-07-18 06:45:00,P02,PRD-036,PRD-036,FG_SHIP,-2106,EA,WIP-01,WMS
IM-0006925,2026-01-23 21:26:00,P02,MAT-033,PRD-044,RM_ISSUE,-1617,EA,RM-B,WMS
IM-0006926,2026-06-30 10:42:00,P03,PRD-054,PRD-054,FG_RECEIPT,2856,EA,RM-B,WMS
IM-0006927,2025-09-11 11:14:00,P02,PRD-012,PRD-012,FG_RECEIPT,1459,EA,RM-A,WMS
IM-0006928,2025-09-19 06:27:00,P03,PRD-047,PRD-047,FG_SHIP,-1359,EA,FG-02,WMS
IM-0006929,2025-09-06 12:41:00,P02,MAT-022,PRD-073,RM_ISSUE,-3869,EA,WIP-01,WMS
IM-0006930,2026-03-07 22:08:00,P02,MAT-014,PRD-068,RM_ISSUE,-819,EA,FG-01,WMS
IM-0006931,2026-06-15 22:35:00,P01,PRD-066,PRD-066,FG_SHIP,-5209,EA,WIP-01,WMS
IM-0006932,2026-02-15 21:28:00,P01,MAT-030,PRD-041,RM_RECEIPT,831,EA,WIP-01,WMS
IM-0006933,2026-06-03 00:06:00,P03,MAT-012,PRD-006,RM_RECEIPT,8624,EA,RM-B,WMS
IM-0006934,2025-10-13 16:52:00,P02,MAT-018,PRD-026,RM_RECEIPT,1716,EA,WIP-01,WMS
IM-0006935,2026-06-30 15:01:00,P03,PRD-011,PRD-011,FG_SHIP,-1222,EA,FG-01,WMS
IM-0006936,2026-04-21 02:14:00,P01,MAT-035,PRD-016,RM_ISSUE,-1862,EA,WIP-01,WMS
IM-0006937,2025-09-12 13:27:00,P03,MAT-007,PRD-055,RM_RECEIPT,371,EA,FG-01,WMS
IM-0006938,2026-01-19 19:34:00,P03,MAT-037,PRD-080,RM_RECEIPT,2911,EA,RM-A,WMS
IM-0006939,2026-05-24 01:21:00,P03,MAT-002,PRD-069,RM_ISSUE,-1149,EA,WIP-01,WMS
IM-0006940,2025-11-20 14:21:00,P03,MAT-037,PRD-018,RM_ISSUE,-862,EA,RM-B,WMS
IM-0006941,2026-01-02 17:05:00,P03,PRD-003,PRD-003,FG_SHIP,-336,EA,FG-02,WMS
IM-0006942,2025-09-03 12:23:00,P01,MAT-007,PRD-055,RM_RECEIPT,6318,EA,FG-01,WMS
IM-0006943,2025-10-09 19:27:00,P03,MAT-037,PRD-051,RM_ISSUE,-1883,EA,RM-A,WMS
IM-0006944,2026-03-05 04:37:00,P02,PRD-018,PRD-018,FG_SHIP,-5435,EA,FG-01,WMS
IM-0006945,2026-01-03 05:12:00,P03,PRD-066,PRD-066,FG_RECEIPT,3447,EA,RM-A,WMS
IM-0006946,2026-02-08 12:08:00,P01,MAT-027,PRD-072,RM_RECEIPT,1257,EA,WIP-01,WMS
IM-0006947,2026-03-01 14:59:00,P01,MAT-015,PRD-034,RM_ISSUE,-982,EA,FG-02,WMS
IM-0006948,2025-10-31 02:18:00,P02,PRD-015,PRD-015,FG_SHIP,-1557,EA,FG-01,WMS
IM-0006949,2025-11-15 04:04:00,P01,MAT-012,PRD-011,RM_ISSUE,-3818,EA,FG-01,WMS
IM-0006950,2026-02-23 05:55:00,P02,PRD-028,PRD-028,FG_SHIP,-1708,EA,RM-B,WMS
IM-0006951,2025-12-29 03:13:00,P02,PRD-044,PRD-044,ADJUSTMENT,1420,EA,FG-01,WMS
IM-0006952,2026-01-08 06:13:00,P01,MAT-026,PRD-057,RM_RECEIPT,2360,EA,FG-01,WMS
IM-0006953,2026-01-04 15:03:00,P01,MAT-019,PRD-004,RM_ISSUE,-1364,EA,WIP-01,WMS
IM-0006954,2026-01-28 11:28:00,P01,MAT-032,PRD-005,RM_ISSUE,-4413,EA,WIP-01,WMS
IM-0006955,2026-07-28 17:41:00,P03,PRD-022,PRD-022,FG_SHIP,-2124,EA,FG-02,WMS
IM-0006956,2025-08-29 23:32:00,P02,MAT-030,PRD-012,RM_ISSUE,-1056,EA,RM-A,WMS
IM-0006957,2026-05-17 05:15:00,P01,PRD-020,PRD-020,FG_RECEIPT,1344,EA,RM-B,WMS
IM-0006958,2026-03-25 22:00:00,P02,MAT-032,PRD-038,RM_RECEIPT,4551,EA,WIP-01,WMS
IM-0006959,2026-01-14 13:00:00,P02,PRD-042,PRD-042,FG_SHIP,-2010,EA,RM-A,WMS
IM-0006960,2025-11-23 08:05:00,P03,PRD-076,PRD-076,FG_SHIP,-5795,EA,FG-01,WMS
IM-0006961,2026-02-17 15:55:00,P02,MAT-010,PRD-037,RM_ISSUE,-2146,EA,FG-02,WMS
IM-0006962,2025-08-03 14:29:00,P03,PRD-042,PRD-042,FG_RECEIPT,4938,EA,RM-A,WMS
IM-0006963,2026-04-25 11:38:00,P01,PRD-072,PRD-072,FG_RECEIPT,5284,EA,FG-01,WMS
IM-0006964,2026-06-16 16:23:00,P01,PRD-001,PRD-001,FG_SHIP,-6979,EA,RM-B,WMS
IM-0006965,2025-10-05 22:19:00,P01,MAT-022,PRD-047,RM_RECEIPT,5780,EA,FG-02,WMS
IM-0006966,2025-10-13 05:20:00,P01,MAT-018,PRD-050,RM_ISSUE,-1017,EA,RM-A,WMS
IM-0006967,2025-11-26 11:15:00,P03,PRD-062,PRD-062,FG_RECEIPT,2147,EA,FG-02,WMS
IM-0006968,2026-04-05 19:08:00,P03,MAT-022,PRD-047,RM_ISSUE,-2874,EA,FG-01,WMS
IM-0006969,2025-10-18 00:03:00,P01,MAT-029,PRD-045,RM_ISSUE,-9686,EA,FG-02,WMS
IM-0006970,2026-03-03 20:22:00,P02,MAT-004,PRD-032,RM_RECEIPT,887,EA,WIP-01,WMS
IM-0006971,2026-07-25 17:57:00,P01,MAT-015,PRD-025,RM_RECEIPT,2328,EA,FG-02,WMS
IM-0006972,2025-09-20 08:10:00,P01,PRD-049,PRD-049,ADJUSTMENT,223,EA,FG-01,WMS
IM-0006973,2025-10-17 15:44:00,P02,MAT-018,PRD-078,RM_RECEIPT,1706,EA,FG-01,WMS
IM-0006974,2026-07-14 18:05:00,P01,MAT-030,PRD-012,RM_ISSUE,-490,EA,RM-A,WMS
IM-0006975,2026-02-06 00:12:00,P01,MAT-022,PRD-042,RM_ISSUE,-940,EA,FG-02,WMS
IM-0006976,2025-12-16 17:56:00,P02,PRD-042,PRD-042,FG_SHIP,-1017,EA,RM-A,WMS
IM-0006977,2026-04-25 12:21:00,P03,PRD-079,PRD-079,FG_RECEIPT,1037,EA,FG-01,WMS
IM-0006978,2026-05-24 02:33:00,P02,MAT-001,PRD-056,RM_RECEIPT,6095,EA,RM-B,WMS
IM-0006979,2026-02-22 00:17:00,P03,MAT-018,PRD-030,RM_RECEIPT,2092,EA,RM-B,WMS
IM-0006980,2025-12-24 09:38:00,P01,MAT-031,PRD-008,RM_ISSUE,-643,EA,RM-A,WMS
IM-0006981,2025-10-13 05:40:00,P01,PRD-050,PRD-050,FG_RECEIPT,1021,EA,WIP-01,WMS
IM-0006982,2025-11-06 15:51:00,P03,MAT-037,PRD-051,RM_RECEIPT,2345,EA,RM-A,WMS
IM-0006983,2026-06-10 05:43:00,P01,PRD-066,PRD-066,FG_SHIP,-4481,EA,FG-02,WMS
IM-0006984,2025-11-08 01:33:00,P02,MAT-018,PRD-030,RM_ISSUE,-1124,EA,FG-02,WMS
IM-0006985,2026-07-14 08:50:00,P03,PRD-003,PRD-003,FG_SHIP,-6884,EA,WIP-01,WMS
IM-0006986,2025-09-21 16:08:00,P02,MAT-025,PRD-035,RM_RECEIPT,3371,EA,FG-02,WMS
IM-0006987,2026-06-07 17:45:00,P02,PRD-079,PRD-079,FG_RECEIPT,6063,EA,FG-02,WMS
IM-0006988,2025-08-14 04:38:00,P02,MAT-029,PRD-031,RM_ISSUE,-1951,EA,RM-A,WMS
IM-0006989,2025-09-09 07:29:00,P03,MAT-013,PRD-075,RM_RECEIPT,1494,EA,WIP-01,WMS
IM-0006990,2026-07-28 13:50:00,P02,MAT-020,PRD-010,RM_RECEIPT,1496,EA,FG-01,WMS
IM-0006991,2026-06-12 17:52:00,P03,PRD-018,PRD-018,FG_SHIP,-1172,EA,RM-B,WMS
IM-0006992,2026-03-14 12:36:00,P03,MAT-029,PRD-031,RM_ISSUE,-608,EA,WIP-01,WMS
IM-0006993,2026-07-11 17:57:00,P03,PRD-049,PRD-049,FG_SHIP,-747,EA,RM-B,WMS
IM-0006994,2025-12-19 18:17:00,P01,PRD-072,PRD-072,FG_RECEIPT,6532,EA,FG-01,WMS
IM-0006995,2026-05-28 01:20:00,P01,PRD-006,PRD-006,ADJUSTMENT,1439,EA,WIP-01,WMS
IM-0006996,2025-08-09 23:59:00,P02,PRD-020,PRD-020,FG_SHIP,-755,EA,FG-02,WMS
IM-0006997,2025-08-15 02:53:00,P01,MAT-005,PRD-058,RM_ISSUE,-5565,EA,RM-B,WMS
IM-0006998,2025-11-22 16:47:00,P03,MAT-033,PRD-017,RM_ISSUE,-6680,EA,RM-A,WMS
IM-0006999,2026-03-18 23:46:00,P02,MAT-010,PRD-037,RM_RECEIPT,6397,EA,WIP-01,WMS
IM-0007000,2026-03-16 07:50:00,P03,MAT-022,PRD-047,RM_ISSUE,-2429,EA,WIP-01,WMS
IM-0007001,2025-09-23 03:25:00,P02,MAT-010,PRD-027,RM_RECEIPT,827,EA,WIP-01,WMS
IM-0007002,2026-02-09 16:24:00,P03,MAT-022,PRD-047,RM_ISSUE,-2838,EA,WIP-01,WMS
IM-0007003,2026-03-05 15:06:00,P02,MAT-032,PRD-077,RM_RECEIPT,4783,EA,RM-A,WMS
IM-0007004,2026-04-14 23:16:00,P02,PRD-044,PRD-044,FG_SHIP,-1573,EA,RM-A,WMS
IM-0007005,2026-02-03 16:44:00,P03,PRD-026,PRD-026,FG_SHIP,-2676,EA,FG-02,WMS
IM-0007006,2025-10-15 01:14:00,P02,MAT-010,PRD-027,RM_RECEIPT,1327,EA,WIP-01,WMS
IM-0007007,2025-08-02 02:25:00,P01,MAT-001,PRD-074,RM_ISSUE,-10432,EA,WIP-01,WMS
IM-0007008,2026-04-13 08:02:00,P01,MAT-005,PRD-058,RM_RECEIPT,4099,EA,FG-01,WMS
IM-0007009,2026-05-29 03:37:00,P01,MAT-023,PRD-007,RM_ISSUE,-5857,EA,RM-B,WMS
IM-0007010,2025-08-12 07:39:00,P02,MAT-031,PRD-052,RM_RECEIPT,2181,EA,WIP-01,WMS
IM-0007011,2025-12-20 23:41:00,P02,PRD-054,PRD-054,FG_SHIP,-2051,EA,FG-02,WMS
IM-0007012,2025-10-12 21:49:00,P03,MAT-031,PRD-008,RM_ISSUE,-1391,EA,FG-02,WMS
IM-0007013,2025-11-27 16:57:00,P02,MAT-026,PRD-057,RM_RECEIPT,4011,EA,WIP-01,WMS
IM-0007014,2025-08-10 12:14:00,P03,PRD-013,PRD-013,FG_SHIP,-1829,EA,FG-02,WMS
IM-0007015,2025-10-06 22:36:00,P01,PRD-035,PRD-035,ADJUSTMENT,2886,EA,RM-B,WMS
IM-0007016,2026-02-14 18:36:00,P01,MAT-022,PRD-042,RM_ISSUE,-2921,EA,FG-02,WMS
IM-0007017,2026-01-05 23:48:00,P03,PRD-024,PRD-024,FG_RECEIPT,3685,EA,FG-02,WMS
IM-0007018,2025-12-11 06:36:00,P01,MAT-031,PRD-043,RM_RECEIPT,2036,EA,FG-01,WMS
IM-0007019,2026-06-03 14:16:00,P01,PRD-021,PRD-021,FG_SHIP,-1085,EA,FG-01,WMS
IM-0007020,2026-03-03 12:29:00,P01,MAT-012,PRD-006,RM_RECEIPT,2612,EA,RM-B,WMS
IM-0007021,2026-03-14 20:14:00,P02,MAT-035,PRD-053,RM_ISSUE,-842,EA,RM-A,WMS
IM-0007022,2026-06-20 00:18:00,P01,PRD-067,PRD-067,FG_SHIP,-5614,EA,RM-A,WMS
IM-0007023,2026-07-15 10:04:00,P01,MAT-012,PRD-011,RM_RECEIPT,4373,EA,FG-01,WMS
IM-0007024,2025-08-20 03:22:00,P01,PRD-045,PRD-045,FG_SHIP,-5650,EA,FG-01,WMS
IM-0007025,2025-08-12 04:15:00,P03,MAT-023,PRD-007,RM_ISSUE,-649,EA,RM-A,WMS
IM-0007026,2025-08-14 01:02:00,P03,PRD-001,PRD-001,FG_SHIP,-2833,EA,RM-B,WMS
IM-0007027,2026-05-02 15:40:00,P02,MAT-015,PRD-034,RM_ISSUE,-5496,EA,FG-01,WMS
IM-0007028,2025-08-16 00:16:00,P01,PRD-006,PRD-006,FG_SHIP,-717,EA,RM-A,WMS
IM-0007029,2025-09-08 00:13:00,P03,MAT-018,PRD-050,RM_RECEIPT,567,EA,RM-B,WMS
IM-0007030,2025-09-07 19:08:00,P03,MAT-016,PRD-029,RM_RECEIPT,1897,EA,FG-01,WMS
IM-0007031,2025-09-30 06:02:00,P02,MAT-027,PRD-072,RM_RECEIPT,760,EA,RM-A,WMS
IM-0007032,2026-07-10 13:32:00,P03,MAT-010,PRD-027,RM_RECEIPT,5426,EA,FG-01,WMS
IM-0007033,2026-07-13 01:37:00,P01,MAT-024,PRD-013,RM_ISSUE,-4546,EA,RM-B,WMS
IM-0007034,2025-12-18 21:27:00,P01,MAT-002,PRD-069,RM_ISSUE,-901,EA,RM-A,WMS
IM-0007035,2026-07-25 06:33:00,P02,MAT-031,PRD-052,RM_ISSUE,-776,EA,FG-02,WMS
IM-0007036,2025-09-04 04:04:00,P02,PRD-010,PRD-010,FG_RECEIPT,3448,EA,RM-B,WMS
IM-0007037,2026-06-09 22:25:00,P01,MAT-033,PRD-076,RM_RECEIPT,1340,EA,RM-B,WMS
IM-0007038,2025-11-26 22:29:00,P02,MAT-019,PRD-004,RM_RECEIPT,1399,EA,RM-B,WMS
IM-0007039,2025-12-02 14:36:00,P02,MAT-036,PRD-020,RM_ISSUE,-2819,EA,FG-01,WMS
IM-0007040,2026-04-27 08:54:00,P01,MAT-024,PRD-013,RM_RECEIPT,1713,EA,FG-02,WMS
IM-0007041,2026-05-27 03:05:00,P02,MAT-003,PRD-014,RM_ISSUE,-854,EA,RM-A,WMS
IM-0007042,2026-06-04 02:14:00,P03,MAT-022,PRD-073,RM_ISSUE,-1454,EA,WIP-01,WMS
IM-0007043,2026-06-08 13:51:00,P01,PRD-023,PRD-023,FG_RECEIPT,606,EA,RM-A,WMS
IM-0007044,2025-11-18 13:16:00,P03,MAT-027,PRD-072,RM_ISSUE,-4925,EA,FG-02,WMS
IM-0007045,2025-08-13 22:29:00,P03,PRD-004,PRD-004,FG_RECEIPT,6772,EA,RM-A,WMS
IM-0007046,2026-01-19 17:05:00,P01,PRD-020,PRD-020,ADJUSTMENT,1489,EA,FG-01,WMS
IM-0007047,2025-12-22 13:53:00,P01,PRD-028,PRD-028,FG_SHIP,-4595,EA,FG-01,WMS
IM-0007048,2026-03-13 07:53:00,P02,PRD-067,PRD-067,FG_SHIP,-3412,EA,RM-A,WMS
IM-0007049,2026-03-02 23:40:00,P03,PRD-009,PRD-009,FG_RECEIPT,3934,EA,RM-B,WMS
IM-0007050,2026-05-07 07:58:00,P03,PRD-048,PRD-048,FG_RECEIPT,3850,EA,WIP-01,WMS
IM-0007051,2025-08-25 15:57:00,P01,PRD-072,PRD-072,FG_RECEIPT,2371,EA,FG-02,WMS
IM-0007052,2026-03-13 09:44:00,P02,PRD-047,PRD-047,FG_RECEIPT,5129,EA,WIP-01,WMS
IM-0007053,2025-09-07 00:10:00,P01,PRD-039,PRD-039,FG_RECEIPT,7659,EA,FG-02,WMS
IM-0007054,2026-03-27 21:07:00,P02,MAT-018,PRD-050,RM_RECEIPT,1795,EA,RM-A,WMS
IM-0007055,2025-09-07 03:03:00,P02,MAT-018,PRD-054,RM_ISSUE,-4196,EA,FG-01,WMS
IM-0007056,2025-11-16 02:32:00,P02,MAT-029,PRD-045,RM_ISSUE,-4889,EA,RM-A,WMS
IM-0007057,2025-09-02 10:07:00,P03,PRD-052,PRD-052,FG_RECEIPT,7357,EA,FG-02,WMS
IM-0007058,2025-08-31 18:58:00,P02,PRD-064,PRD-064,FG_SHIP,-2340,EA,FG-02,WMS
IM-0007059,2025-08-17 10:24:00,P02,PRD-008,PRD-008,FG_SHIP,-3096,EA,FG-01,WMS
IM-0007060,2026-01-03 09:59:00,P02,PRD-010,PRD-010,FG_SHIP,-2999,EA,FG-02,WMS
IM-0007061,2025-12-03 17:18:00,P03,MAT-027,PRD-061,RM_ISSUE,-6428,EA,RM-A,WMS
IM-0007062,2026-02-11 03:35:00,P03,MAT-029,PRD-045,RM_ISSUE,-4856,EA,RM-A,WMS
IM-0007063,2025-10-17 03:23:00,P01,MAT-037,PRD-080,RM_ISSUE,-1297,EA,WIP-01,WMS
IM-0007064,2026-07-12 02:42:00,P02,MAT-022,PRD-023,RM_RECEIPT,1908,EA,FG-01,WMS
IM-0007065,2026-04-21 10:15:00,P02,PRD-073,PRD-073,FG_SHIP,-2517,EA,WIP-01,WMS
IM-0007066,2025-11-16 04:30:00,P03,PRD-047,PRD-047,FG_SHIP,-1074,EA,RM-B,WMS
IM-0007067,2026-07-26 07:04:00,P02,PRD-007,PRD-007,FG_SHIP,-1439,EA,WIP-01,WMS
IM-0007068,2026-03-14 13:16:00,P02,MAT-022,PRD-073,RM_RECEIPT,460,EA,FG-01,WMS
IM-0007069,2026-01-10 07:40:00,P03,MAT-016,PRD-029,RM_ISSUE,-623,EA,FG-02,WMS
IM-0007070,2026-03-02 21:06:00,P03,MAT-004,PRD-032,RM_ISSUE,-3944,EA,RM-B,WMS
IM-0007071,2026-02-03 22:07:00,P02,PRD-071,PRD-071,FG_RECEIPT,417,EA,RM-A,WMS
IM-0007072,2026-01-13 17:28:00,P02,PRD-074,PRD-074,FG_RECEIPT,1697,EA,WIP-01,WMS
IM-0007073,2026-04-16 01:05:00,P03,MAT-004,PRD-048,RM_RECEIPT,788,EA,RM-B,WMS
IM-0007074,2025-10-09 15:46:00,P02,PRD-013,PRD-013,FG_SHIP,-6529,EA,WIP-01,WMS
IM-0007075,2025-12-18 00:02:00,P01,MAT-026,PRD-028,RM_ISSUE,-4253,EA,FG-02,WMS
IM-0007076,2026-06-15 06:41:00,P02,PRD-076,PRD-076,FG_RECEIPT,1250,EA,FG-01,WMS
IM-0007077,2025-09-04 13:09:00,P03,MAT-023,PRD-007,RM_RECEIPT,3851,EA,WIP-01,WMS
IM-0007078,2025-10-25 07:20:00,P03,MAT-018,PRD-026,RM_ISSUE,-3375,EA,RM-B,WMS
IM-0007079,2025-08-25 20:28:00,P01,MAT-023,PRD-007,RM_ISSUE,-1348,EA,FG-02,WMS
IM-0007080,2026-04-14 21:00:00,P02,PRD-011,PRD-011,FG_SHIP,-1360,EA,WIP-01,WMS
IM-0007081,2026-03-17 20:05:00,P02,MAT-035,PRD-053,RM_ISSUE,-3202,EA,RM-B,WMS
IM-0007082,2026-04-10 12:13:00,P01,MAT-019,PRD-071,RM_ISSUE,-628,EA,RM-A,WMS
IM-0007083,2026-02-14 08:13:00,P03,MAT-027,PRD-061,RM_RECEIPT,1537,EA,WIP-01,WMS
IM-0007084,2025-08-19 03:24:00,P02,PRD-027,PRD-027,FG_SHIP,-911,EA,FG-02,WMS
IM-0007085,2026-01-18 20:04:00,P03,PRD-051,PRD-051,FG_SHIP,-12541,EA,FG-02,WMS
IM-0007086,2026-01-22 12:02:00,P03,PRD-075,PRD-075,FG_SHIP,-8196,EA,WIP-01,WMS
IM-0007087,2026-06-08 00:38:00,P03,MAT-037,PRD-080,RM_ISSUE,-1700,EA,FG-01,WMS
IM-0007088,2025-08-01 16:36:00,P01,PRD-023,PRD-023,FG_SHIP,-8248,EA,FG-01,WMS
IM-0007089,2026-03-13 11:16:00,P02,PRD-026,PRD-026,FG_SHIP,-2267,EA,FG-01,WMS
IM-0007090,2025-12-08 13:35:00,P01,MAT-001,PRD-039,RM_RECEIPT,5256,EA,RM-B,WMS
IM-0007091,2026-06-04 23:40:00,P02,MAT-031,PRD-008,RM_ISSUE,-2901,EA,WIP-01,WMS
IM-0007092,2025-09-08 04:16:00,P02,PRD-074,PRD-074,FG_RECEIPT,5403,EA,FG-02,WMS
IM-0007093,2025-08-12 01:54:00,P01,MAT-025,PRD-035,RM_ISSUE,-4442,EA,FG-02,WMS
IM-0007094,2026-06-09 15:34:00,P01,PRD-017,PRD-017,FG_RECEIPT,723,EA,RM-A,WMS
IM-0007095,2025-09-25 06:09:00,P03,MAT-031,PRD-008,RM_RECEIPT,2511,EA,RM-A,WMS
IM-0007096,2025-08-17 07:23:00,P03,MAT-030,PRD-060,RM_RECEIPT,5236,EA,FG-02,WMS
IM-0007097,2026-05-14 11:03:00,P03,MAT-035,PRD-066,RM_RECEIPT,4060,EA,RM-B,WMS
IM-0007098,2025-12-02 18:57:00,P02,PRD-072,PRD-072,FG_RECEIPT,6341,EA,FG-01,WMS
IM-0007099,2026-07-30 00:40:00,P02,MAT-019,PRD-071,RM_ISSUE,-11174,EA,FG-02,WMS
IM-0007100,2025-10-27 12:21:00,P01,MAT-035,PRD-066,RM_ISSUE,-2655,EA,FG-01,WMS
IM-0007101,2025-12-25 06:46:00,P01,PRD-010,PRD-010,FG_RECEIPT,3880,EA,RM-B,WMS
IM-0007102,2026-05-07 01:24:00,P02,PRD-021,PRD-021,FG_RECEIPT,1076,EA,WIP-01,WMS
IM-0007103,2025-10-21 15:45:00,P03,PRD-013,PRD-013,FG_SHIP,-3303,EA,FG-01,WMS
IM-0007104,2026-03-02 09:16:00,P01,MAT-023,PRD-007,RM_ISSUE,-2707,EA,FG-02,WMS
IM-0007105,2026-01-23 09:53:00,P01,MAT-007,PRD-055,RM_RECEIPT,1004,EA,FG-02,WMS
IM-0007106,2026-07-11 15:16:00,P03,PRD-001,PRD-001,FG_RECEIPT,1111,EA,WIP-01,WMS
IM-0007107,2026-07-03 02:14:00,P02,MAT-002,PRD-069,RM_RECEIPT,3583,EA,RM-A,WMS
IM-0007108,2026-02-10 23:50:00,P03,PRD-044,PRD-044,FG_RECEIPT,4543,EA,FG-02,WMS
IM-0007109,2025-11-01 09:11:00,P02,PRD-023,PRD-023,FG_SHIP,-817,EA,RM-A,WMS
IM-0007110,2026-05-19 18:14:00,P01,MAT-033,PRD-044,RM_RECEIPT,2473,EA,WIP-01,WMS
IM-0007111,2025-08-24 14:53:00,P03,MAT-001,PRD-074,RM_ISSUE,-957,EA,RM-A,WMS
IM-0007112,2026-04-24 11:03:00,P02,PRD-006,PRD-006,FG_RECEIPT,3314,EA,WIP-01,WMS
IM-0007113,2025-08-23 14:11:00,P02,PRD-067,PRD-067,FG_RECEIPT,1606,EA,RM-B,WMS
IM-0007114,2025-09-17 06:19:00,P01,MAT-022,PRD-042,RM_RECEIPT,638,EA,FG-02,WMS
IM-0007115,2026-04-15 10:21:00,P01,PRD-043,PRD-043,FG_RECEIPT,1213,EA,FG-02,WMS
IM-0007116,2025-10-19 14:01:00,P02,PRD-007,PRD-007,FG_SHIP,-2502,EA,WIP-01,WMS
IM-0007117,2025-10-19 16:50:00,P03,PRD-050,PRD-050,FG_RECEIPT,2913,EA,FG-02,WMS
IM-0007118,2026-04-04 12:30:00,P02,PRD-056,PRD-056,FG_RECEIPT,2141,EA,RM-B,WMS
IM-0007119,2025-10-07 09:25:00,P01,MAT-019,PRD-071,RM_RECEIPT,1950,EA,RM-B,WMS
IM-0007120,2026-07-23 14:10:00,P02,MAT-025,PRD-035,RM_ISSUE,-967,EA,RM-A,WMS
IM-0007121,2026-01-23 08:16:00,P03,PRD-059,PRD-059,FG_SHIP,-1723,EA,WIP-01,WMS
IM-0007122,2026-05-14 03:01:00,P02,MAT-035,PRD-053,RM_RECEIPT,1873,EA,FG-01,WMS
IM-0007123,2025-11-14 12:20:00,P01,MAT-032,PRD-077,RM_RECEIPT,1988,EA,RM-B,WMS
IM-0007124,2025-09-28 15:36:00,P02,PRD-033,PRD-033,FG_SHIP,-594,EA,RM-A,WMS
IM-0007125,2025-10-01 21:58:00,P03,PRD-071,PRD-071,FG_SHIP,-2606,EA,RM-A,WMS
IM-0007126,2025-11-28 05:02:00,P03,MAT-005,PRD-033,RM_ISSUE,-4063,EA,RM-A,WMS
IM-0007127,2025-10-18 03:53:00,P02,PRD-009,PRD-009,FG_RECEIPT,5667,EA,FG-01,WMS
IM-0007128,2025-11-25 17:25:00,P01,PRD-028,PRD-028,FG_SHIP,-2242,EA,RM-B,WMS
IM-0007129,2026-07-16 17:04:00,P02,MAT-008,PRD-036,RM_RECEIPT,2910,EA,FG-01,WMS
IM-0007130,2026-01-23 05:34:00,P01,MAT-033,PRD-076,RM_RECEIPT,2456,EA,WIP-01,WMS
IM-0007131,2025-10-14 22:54:00,P02,PRD-002,PRD-002,FG_SHIP,-5614,EA,WIP-01,WMS
IM-0007132,2026-01-20 05:29:00,P03,MAT-015,PRD-034,RM_RECEIPT,491,EA,FG-02,WMS
IM-0007133,2026-03-05 16:13:00,P02,MAT-008,PRD-065,RM_RECEIPT,595,EA,WIP-01,WMS
IM-0007134,2026-01-04 00:23:00,P03,PRD-012,PRD-012,FG_RECEIPT,3056,EA,FG-01,WMS
IM-0007135,2026-06-17 13:57:00,P03,PRD-048,PRD-048,FG_SHIP,-3292,EA,FG-02,WMS
IM-0007136,2026-06-23 03:50:00,P01,PRD-047,PRD-047,FG_RECEIPT,2146,EA,FG-02,WMS
IM-0007137,2026-01-19 16:51:00,P02,MAT-008,PRD-065,RM_RECEIPT,3051,EA,FG-01,WMS
IM-0007138,2026-03-24 16:57:00,P02,MAT-022,PRD-073,RM_RECEIPT,2852,EA,WIP-01,WMS
IM-0007139,2026-03-06 07:20:00,P03,PRD-068,PRD-068,FG_RECEIPT,2481,EA,FG-01,WMS
IM-0007140,2026-03-11 18:41:00,P03,PRD-046,PRD-046,FG_SHIP,-2925,EA,RM-B,WMS
IM-0007141,2025-08-20 15:28:00,P03,PRD-056,PRD-056,FG_SHIP,-2717,EA,RM-B,WMS
IM-0007142,2025-12-31 11:26:00,P03,PRD-051,PRD-051,ADJUSTMENT,3414,EA,RM-A,WMS
IM-0007143,2025-08-12 00:06:00,P03,PRD-009,PRD-009,FG_RECEIPT,5707,EA,FG-02,WMS
IM-0007144,2026-05-13 23:44:00,P03,PRD-055,PRD-055,FG_RECEIPT,815,EA,FG-01,WMS
IM-0007145,2026-06-25 10:58:00,P03,MAT-026,PRD-059,RM_ISSUE,-1753,EA,WIP-01,WMS
IM-0007146,2026-05-31 18:10:00,P03,PRD-001,PRD-001,FG_SHIP,-854,EA,RM-A,WMS
IM-0007147,2025-08-19 04:42:00,P02,MAT-007,PRD-055,RM_ISSUE,-1507,EA,WIP-01,WMS
IM-0007148,2026-03-28 07:27:00,P03,MAT-035,PRD-053,RM_ISSUE,-1182,EA,FG-01,WMS
IM-0007149,2025-09-20 22:49:00,P01,MAT-031,PRD-052,RM_ISSUE,-5433,EA,FG-01,WMS
IM-0007150,2025-12-02 17:12:00,P02,MAT-024,PRD-013,RM_RECEIPT,1862,EA,FG-02,WMS
IM-0007151,2026-03-12 07:35:00,P02,MAT-031,PRD-052,RM_ISSUE,-1135,EA,RM-A,WMS
IM-0007152,2025-08-15 15:47:00,P03,MAT-022,PRD-073,RM_RECEIPT,5473,EA,RM-B,WMS
IM-0007153,2026-03-03 04:19:00,P03,PRD-036,PRD-036,FG_RECEIPT,6054,EA,RM-A,WMS
IM-0007154,2026-01-05 04:17:00,P01,MAT-035,PRD-016,RM_RECEIPT,307,EA,WIP-01,WMS
IM-0007155,2025-08-08 02:56:00,P03,MAT-036,PRD-020,RM_RECEIPT,1256,EA,FG-01,WMS
IM-0007156,2025-09-27 10:44:00,P02,PRD-074,PRD-074,FG_SHIP,-1814,EA,WIP-01,WMS
IM-0007157,2025-12-21 04:17:00,P02,PRD-013,PRD-013,FG_RECEIPT,749,EA,FG-02,WMS
IM-0007158,2025-10-29 10:40:00,P03,MAT-032,PRD-015,RM_RECEIPT,828,EA,WIP-01,WMS
IM-0007159,2025-10-30 03:49:00,P02,PRD-026,PRD-026,FG_RECEIPT,2663,EA,RM-B,WMS
IM-0007160,2025-10-28 12:45:00,P03,PRD-003,PRD-003,FG_RECEIPT,1825,EA,FG-01,WMS
IM-0007161,2026-07-13 10:44:00,P03,MAT-032,PRD-038,RM_RECEIPT,11977,EA,FG-02,WMS
IM-0007162,2026-01-03 06:50:00,P01,PRD-024,PRD-024,FG_SHIP,-4904,EA,FG-02,WMS
IM-0007163,2025-12-23 20:31:00,P02,MAT-019,PRD-071,RM_ISSUE,-4733,EA,FG-01,WMS
IM-0007164,2026-05-31 12:45:00,P01,MAT-029,PRD-045,RM_ISSUE,-2628,EA,RM-B,WMS
IM-0007165,2026-03-25 09:53:00,P03,MAT-003,PRD-014,RM_ISSUE,-2022,EA,WIP-01,WMS
IM-0007166,2026-04-29 09:08:00,P01,MAT-035,PRD-016,RM_ISSUE,-4132,EA,RM-A,WMS
IM-0007167,2026-06-12 13:49:00,P02,MAT-019,PRD-004,RM_RECEIPT,1456,EA,RM-A,WMS
IM-0007168,2026-02-14 05:38:00,P03,PRD-078,PRD-078,FG_RECEIPT,1838,EA,RM-B,WMS
IM-0007169,2026-02-28 11:23:00,P01,PRD-032,PRD-032,FG_SHIP,-1269,EA,WIP-01,WMS
IM-0007170,2026-02-24 08:54:00,P03,PRD-006,PRD-006,ADJUSTMENT,1637,EA,FG-02,WMS
IM-0007171,2025-11-29 10:02:00,P01,MAT-026,PRD-057,RM_ISSUE,-801,EA,RM-B,WMS
IM-0007172,2026-06-26 13:09:00,P03,MAT-010,PRD-037,RM_ISSUE,-4228,EA,RM-A,WMS
IM-0007173,2026-04-29 18:45:00,P02,MAT-010,PRD-063,RM_ISSUE,-1848,EA,WIP-01,WMS
IM-0007174,2026-05-08 10:12:00,P01,PRD-063,PRD-063,FG_SHIP,-3209,EA,WIP-01,WMS
IM-0007175,2025-11-05 16:02:00,P03,MAT-022,PRD-073,RM_RECEIPT,2044,EA,FG-01,WMS
IM-0007176,2025-12-16 06:11:00,P03,MAT-031,PRD-043,RM_RECEIPT,717,EA,RM-B,WMS
IM-0007177,2025-10-13 02:50:00,P01,MAT-005,PRD-021,RM_ISSUE,-3907,EA,RM-B,WMS
IM-0007178,2025-09-23 05:56:00,P02,MAT-035,PRD-066,RM_RECEIPT,8445,EA,FG-01,WMS
IM-0007179,2025-08-29 19:05:00,P02,MAT-030,PRD-012,RM_ISSUE,-4858,EA,RM-A,WMS
IM-0007180,2026-07-13 13:25:00,P02,PRD-026,PRD-026,ADJUSTMENT,2379,EA,FG-01,WMS
IM-0007181,2025-08-24 16:20:00,P03,MAT-026,PRD-046,RM_RECEIPT,537,EA,RM-A,WMS
IM-0007182,2026-07-03 22:00:00,P03,MAT-005,PRD-033,RM_ISSUE,-7398,EA,FG-01,WMS
IM-0007183,2025-11-27 02:20:00,P02,PRD-043,PRD-043,FG_SHIP,-3880,EA,FG-01,WMS
IM-0007184,2026-03-25 20:50:00,P03,MAT-031,PRD-052,RM_RECEIPT,3124,EA,FG-02,WMS
IM-0007185,2026-06-17 16:06:00,P03,PRD-056,PRD-056,FG_RECEIPT,1240,EA,FG-02,WMS
IM-0007186,2025-08-01 07:31:00,P03,PRD-038,PRD-038,FG_RECEIPT,6468,EA,FG-01,WMS
IM-0007187,2026-01-24 18:48:00,P02,PRD-011,PRD-011,FG_RECEIPT,1201,EA,FG-02,WMS
IM-0007188,2026-02-22 08:33:00,P02,MAT-033,PRD-076,RM_RECEIPT,869,EA,RM-A,WMS
IM-0007189,2026-02-14 05:22:00,P03,MAT-001,PRD-056,RM_RECEIPT,1060,EA,WIP-01,WMS
IM-0007190,2025-11-23 16:01:00,P02,PRD-067,PRD-067,FG_RECEIPT,3833,EA,RM-A,WMS
IM-0007191,2025-12-17 21:07:00,P03,PRD-063,PRD-063,ADJUSTMENT,918,EA,FG-01,WMS
IM-0007192,2025-12-02 22:22:00,P01,MAT-015,PRD-025,RM_RECEIPT,5410,EA,RM-A,WMS
IM-0007193,2026-01-08 04:46:00,P03,MAT-017,PRD-019,RM_RECEIPT,2647,EA,RM-B,WMS
IM-0007194,2026-03-30 09:58:00,P03,MAT-035,PRD-016,RM_RECEIPT,6110,EA,RM-A,WMS
IM-0007195,2025-10-17 15:50:00,P01,PRD-041,PRD-041,FG_RECEIPT,4466,EA,RM-A,WMS
IM-0007196,2025-09-24 09:11:00,P01,PRD-012,PRD-012,FG_SHIP,-1018,EA,FG-01,WMS
IM-0007197,2026-05-16 10:51:00,P01,MAT-037,PRD-051,RM_ISSUE,-1218,EA,RM-B,WMS
IM-0007198,2026-05-17 06:46:00,P01,PRD-034,PRD-034,ADJUSTMENT,839,EA,WIP-01,WMS
IM-0007199,2026-01-16 17:10:00,P01,MAT-003,PRD-014,RM_RECEIPT,1261,EA,FG-01,WMS
IM-0007200,2026-05-31 04:57:00,P02,MAT-010,PRD-063,RM_ISSUE,-2787,EA,FG-02,WMS
IM-0007201,2025-09-10 09:55:00,P02,PRD-042,PRD-042,FG_SHIP,-2018,EA,FG-01,WMS
IM-0007202,2025-08-27 13:14:00,P03,MAT-005,PRD-033,RM_RECEIPT,2061,EA,RM-A,WMS
IM-0007203,2026-05-02 12:05:00,P02,PRD-065,PRD-065,FG_SHIP,-3052,EA,FG-01,WMS
IM-0007204,2025-08-23 16:03:00,P01,PRD-068,PRD-068,FG_RECEIPT,1680,EA,RM-B,WMS
IM-0007205,2025-12-26 01:07:00,P03,PRD-051,PRD-051,FG_RECEIPT,1308,EA,WIP-01,WMS
IM-0007206,2026-04-09 15:21:00,P03,MAT-032,PRD-015,RM_RECEIPT,496,EA,RM-A,WMS
IM-0007207,2025-08-29 05:37:00,P03,PRD-064,PRD-064,FG_SHIP,-9915,EA,FG-01,WMS
IM-0007208,2025-12-30 05:11:00,P01,PRD-048,PRD-048,FG_RECEIPT,1415,EA,FG-01,WMS
IM-0007209,2026-01-25 02:57:00,P03,PRD-009,PRD-009,FG_SHIP,-1531,EA,RM-A,WMS
IM-0007210,2025-10-14 00:52:00,P02,MAT-005,PRD-024,RM_RECEIPT,787,EA,RM-A,WMS
IM-0007211,2026-07-01 10:32:00,P03,PRD-025,PRD-025,FG_SHIP,-3938,EA,RM-B,WMS
IM-0007212,2026-05-03 05:00:00,P01,PRD-011,PRD-011,FG_SHIP,-4289,EA,FG-02,WMS
IM-0007213,2025-12-10 22:14:00,P02,MAT-004,PRD-048,RM_ISSUE,-3794,EA,FG-02,WMS
IM-0007214,2026-06-05 02:56:00,P03,MAT-030,PRD-064,RM_RECEIPT,7834,EA,FG-01,WMS
IM-0007215,2026-06-01 08:33:00,P03,MAT-026,PRD-028,RM_RECEIPT,347,EA,WIP-01,WMS
IM-0007216,2026-01-16 02:08:00,P03,MAT-027,PRD-072,RM_ISSUE,-2269,EA,FG-01,WMS
IM-0007217,2025-09-19 19:43:00,P03,MAT-005,PRD-058,RM_ISSUE,-756,EA,FG-02,WMS
IM-0007218,2026-03-26 03:35:00,P01,MAT-005,PRD-024,RM_ISSUE,-1929,EA,RM-B,WMS
IM-0007219,2025-10-06 18:06:00,P02,MAT-010,PRD-027,RM_ISSUE,-2889,EA,FG-02,WMS
IM-0007220,2026-04-13 15:41:00,P02,MAT-019,PRD-004,RM_ISSUE,-582,EA,RM-B,WMS
IM-0007221,2026-01-07 03:30:00,P02,PRD-020,PRD-020,FG_SHIP,-1587,EA,FG-02,WMS
IM-0007222,2025-11-24 03:38:00,P02,MAT-019,PRD-071,RM_RECEIPT,2407,EA,RM-A,WMS
IM-0007223,2026-03-16 19:06:00,P03,PRD-040,PRD-040,ADJUSTMENT,2126,EA,RM-B,WMS
IM-0007224,2025-09-10 04:24:00,P03,MAT-004,PRD-032,RM_RECEIPT,512,EA,WIP-01,WMS
IM-0007225,2025-09-18 20:29:00,P01,PRD-077,PRD-077,FG_SHIP,-817,EA,RM-A,WMS
IM-0007226,2026-05-28 12:40:00,P02,PRD-068,PRD-068,FG_RECEIPT,2169,EA,FG-01,WMS
IM-0007227,2026-02-23 03:00:00,P03,PRD-054,PRD-054,FG_SHIP,-4121,EA,FG-02,WMS
IM-0007228,2025-08-18 18:39:00,P01,MAT-017,PRD-019,RM_RECEIPT,2150,EA,WIP-01,WMS
IM-0007229,2025-10-18 23:11:00,P02,PRD-028,PRD-028,ADJUSTMENT,942,EA,RM-B,WMS
IM-0007230,2026-05-08 02:46:00,P02,PRD-013,PRD-013,FG_RECEIPT,4822,EA,WIP-01,WMS
IM-0007231,2025-11-08 22:17:00,P03,PRD-004,PRD-004,FG_RECEIPT,3603,EA,RM-A,WMS
IM-0007232,2025-12-17 23:29:00,P03,PRD-025,PRD-025,FG_RECEIPT,1144,EA,RM-B,WMS
IM-0007233,2026-01-07 21:38:00,P01,PRD-029,PRD-029,FG_RECEIPT,3253,EA,RM-B,WMS
IM-0007234,2026-06-26 21:56:00,P01,PRD-013,PRD-013,ADJUSTMENT,1169,EA,RM-A,WMS
IM-0007235,2025-11-30 14:32:00,P01,PRD-047,PRD-047,FG_RECEIPT,2366,EA,FG-02,WMS
IM-0007236,2026-07-19 04:49:00,P02,PRD-029,PRD-029,FG_RECEIPT,1757,EA,RM-B,WMS
IM-0007237,2026-02-13 10:06:00,P01,MAT-027,PRD-061,RM_RECEIPT,5647,EA,RM-A,WMS
IM-0007238,2026-02-08 08:29:00,P03,PRD-016,PRD-016,FG_SHIP,-3576,EA,RM-A,WMS
IM-0007239,2026-03-07 03:11:00,P02,PRD-074,PRD-074,FG_SHIP,-1746,EA,RM-A,WMS
IM-0007240,2026-07-02 15:17:00,P03,MAT-004,PRD-032,RM_RECEIPT,1996,EA,FG-02,WMS
IM-0007241,2026-01-23 05:00:00,P02,MAT-004,PRD-040,RM_ISSUE,-1014,EA,WIP-01,WMS
IM-0007242,2026-02-02 22:52:00,P01,PRD-064,PRD-064,FG_SHIP,-529,EA,RM-A,WMS
IM-0007243,2026-06-02 19:54:00,P02,MAT-035,PRD-053,RM_ISSUE,-5947,EA,RM-A,WMS
IM-0007244,2026-01-07 03:22:00,P01,PRD-002,PRD-002,FG_RECEIPT,8558,EA,RM-B,WMS
IM-0007245,2026-03-21 09:21:00,P02,MAT-018,PRD-030,RM_RECEIPT,3241,EA,FG-01,WMS
IM-0007246,2026-01-14 11:25:00,P02,MAT-017,PRD-079,RM_RECEIPT,2383,EA,WIP-01,WMS
IM-0007247,2026-07-05 00:37:00,P03,MAT-033,PRD-044,RM_RECEIPT,3137,EA,FG-01,WMS
IM-0007248,2025-10-30 00:50:00,P02,MAT-030,PRD-009,RM_ISSUE,-410,EA,WIP-01,WMS
IM-0007249,2026-06-25 16:25:00,P03,MAT-018,PRD-078,RM_ISSUE,-502,EA,FG-02,WMS
IM-0007250,2025-08-13 00:51:00,P01,MAT-014,PRD-070,RM_ISSUE,-554,EA,RM-B,WMS
IM-0007251,2025-09-09 04:47:00,P03,MAT-014,PRD-068,RM_RECEIPT,4854,EA,FG-01,WMS
IM-0007252,2025-08-12 08:03:00,P01,PRD-030,PRD-030,FG_RECEIPT,4777,EA,FG-01,WMS
IM-0007253,2025-09-05 01:51:00,P01,MAT-025,PRD-035,RM_RECEIPT,2669,EA,WIP-01,WMS
IM-0007254,2026-05-28 02:49:00,P01,MAT-031,PRD-043,RM_RECEIPT,1333,EA,WIP-01,WMS
IM-0007255,2025-08-21 17:34:00,P03,PRD-059,PRD-059,FG_SHIP,-3390,EA,FG-02,WMS
IM-0007256,2025-08-26 19:54:00,P02,MAT-027,PRD-061,RM_RECEIPT,841,EA,FG-01,WMS
IM-0007257,2025-10-20 20:54:00,P01,MAT-033,PRD-044,RM_RECEIPT,1921,EA,RM-A,WMS
IM-0007258,2026-05-26 17:10:00,P03,PRD-074,PRD-074,FG_SHIP,-2862,EA,RM-A,WMS
IM-0007259,2026-02-15 02:14:00,P02,PRD-043,PRD-043,FG_SHIP,-484,EA,RM-B,WMS
IM-0007260,2025-12-29 00:42:00,P01,MAT-001,PRD-039,RM_RECEIPT,1317,EA,FG-02,WMS
IM-0007261,2025-09-04 14:51:00,P03,PRD-070,PRD-070,FG_SHIP,-1102,EA,RM-B,WMS
IM-0007262,2025-08-02 19:57:00,P03,MAT-022,PRD-023,RM_RECEIPT,5591,EA,RM-A,WMS
IM-0007263,2025-09-30 20:26:00,P01,MAT-014,PRD-068,RM_ISSUE,-7956,EA,RM-B,WMS
IM-0007264,2025-11-13 12:16:00,P01,PRD-066,PRD-066,FG_RECEIPT,1830,EA,WIP-01,WMS
IM-0007265,2026-07-11 02:44:00,P03,PRD-033,PRD-033,FG_SHIP,-3281,EA,FG-01,WMS
IM-0007266,2026-07-30 21:28:00,P02,PRD-066,PRD-066,ADJUSTMENT,837,EA,WIP-01,WMS
IM-0007267,2025-12-25 00:38:00,P01,PRD-041,PRD-041,FG_RECEIPT,3338,EA,WIP-01,WMS
IM-0007268,2025-12-27 15:25:00,P02,PRD-026,PRD-026,ADJUSTMENT,1390,EA,RM-A,WMS
IM-0007269,2025-11-18 05:42:00,P01,MAT-026,PRD-057,RM_ISSUE,-3637,EA,FG-02,WMS
IM-0007270,2025-09-03 05:15:00,P03,PRD-008,PRD-008,ADJUSTMENT,2022,EA,WIP-01,WMS
IM-0007271,2025-09-04 22:32:00,P03,PRD-046,PRD-046,FG_RECEIPT,473,EA,RM-A,WMS
IM-0007272,2025-09-25 21:30:00,P01,PRD-063,PRD-063,FG_RECEIPT,946,EA,FG-02,WMS
IM-0007273,2025-09-14 20:54:00,P02,PRD-032,PRD-032,ADJUSTMENT,453,EA,WIP-01,WMS
IM-0007274,2026-01-30 21:44:00,P02,MAT-018,PRD-078,RM_RECEIPT,728,EA,FG-01,WMS
IM-0007275,2025-12-12 03:29:00,P02,MAT-005,PRD-058,RM_ISSUE,-952,EA,FG-02,WMS
IM-0007276,2025-12-20 08:24:00,P01,PRD-019,PRD-019,FG_SHIP,-3894,EA,RM-B,WMS
IM-0007277,2025-09-04 05:39:00,P03,MAT-005,PRD-058,RM_RECEIPT,6322,EA,RM-A,WMS
IM-0007278,2026-01-22 19:14:00,P03,MAT-002,PRD-069,RM_RECEIPT,1455,EA,FG-02,WMS
IM-0007279,2025-08-23 22:56:00,P03,PRD-050,PRD-050,FG_RECEIPT,4896,EA,FG-02,WMS
IM-0007280,2026-03-24 15:44:00,P03,PRD-003,PRD-003,FG_RECEIPT,10755,EA,FG-02,WMS
IM-0007281,2025-08-15 06:55:00,P02,PRD-020,PRD-020,FG_SHIP,-7625,EA,WIP-01,WMS
IM-0007282,2026-01-27 02:42:00,P02,PRD-050,PRD-050,FG_SHIP,-1028,EA,WIP-01,WMS
IM-0007283,2026-02-19 11:27:00,P03,MAT-036,PRD-020,RM_RECEIPT,2135,EA,FG-02,WMS
IM-0007284,2025-10-26 20:48:00,P02,MAT-029,PRD-031,RM_ISSUE,-1697,EA,FG-02,WMS
IM-0007285,2025-10-24 00:30:00,P03,PRD-049,PRD-049,FG_SHIP,-2975,EA,FG-02,WMS
IM-0007286,2025-11-04 23:23:00,P03,PRD-031,PRD-031,FG_RECEIPT,2950,EA,FG-01,WMS
IM-0007287,2026-05-15 08:08:00,P03,MAT-030,PRD-062,RM_ISSUE,-2380,EA,FG-01,WMS
IM-0007288,2026-04-13 04:31:00,P01,PRD-078,PRD-078,ADJUSTMENT,2825,EA,FG-01,WMS
IM-0007289,2026-04-09 03:34:00,P02,MAT-026,PRD-046,RM_RECEIPT,390,EA,WIP-01,WMS
IM-0007290,2025-08-24 06:59:00,P01,MAT-032,PRD-005,RM_RECEIPT,2513,EA,RM-B,WMS
IM-0007291,2026-05-25 21:05:00,P03,MAT-033,PRD-017,RM_RECEIPT,1129,EA,RM-B,WMS
IM-0007292,2026-05-16 07:55:00,P02,PRD-003,PRD-003,ADJUSTMENT,1858,EA,RM-B,WMS
IM-0007293,2025-09-26 22:26:00,P02,PRD-013,PRD-013,FG_SHIP,-5748,EA,RM-B,WMS
IM-0007294,2026-03-12 03:41:00,P01,PRD-001,PRD-001,FG_SHIP,-989,EA,FG-01,WMS
IM-0007295,2025-08-15 01:28:00,P02,PRD-031,PRD-031,FG_RECEIPT,642,EA,RM-A,WMS
IM-0007296,2025-09-16 20:17:00,P02,PRD-052,PRD-052,FG_SHIP,-2321,EA,FG-01,WMS
IM-0007297,2025-10-08 02:55:00,P02,MAT-003,PRD-014,RM_RECEIPT,903,EA,FG-01,WMS
IM-0007298,2026-03-28 20:59:00,P03,PRD-005,PRD-005,FG_SHIP,-1373,EA,FG-01,WMS
IM-0007299,2025-12-03 18:46:00,P01,MAT-022,PRD-073,RM_RECEIPT,3142,EA,FG-02,WMS
IM-0007300,2025-08-17 19:10:00,P01,MAT-014,PRD-068,RM_RECEIPT,3446,EA,FG-01,WMS
IM-0007301,2025-11-26 23:22:00,P02,PRD-002,PRD-002,FG_SHIP,-1750,EA,RM-A,WMS
IM-0007302,2025-09-30 21:07:00,P03,PRD-063,PRD-063,FG_RECEIPT,2263,EA,RM-A,WMS
IM-0007303,2025-11-10 11:45:00,P02,PRD-079,PRD-079,FG_SHIP,-1807,EA,RM-A,WMS
IM-0007304,2026-05-18 02:56:00,P02,MAT-001,PRD-056,RM_RECEIPT,812,EA,RM-A,WMS
IM-0007305,2026-06-30 09:35:00,P03,PRD-033,PRD-033,FG_SHIP,-2275,EA,FG-01,WMS
IM-0007306,2025-10-19 17:21:00,P03,PRD-079,PRD-079,FG_RECEIPT,5357,EA,RM-A,WMS
IM-0007307,2026-02-05 06:39:00,P02,PRD-011,PRD-011,FG_RECEIPT,9225,EA,RM-B,WMS
IM-0007308,2025-08-03 13:57:00,P02,MAT-026,PRD-046,RM_ISSUE,-2207,EA,RM-A,WMS
IM-0007309,2025-12-14 01:24:00,P03,PRD-043,PRD-043,FG_SHIP,-707,EA,FG-01,WMS
IM-0007310,2025-08-19 12:37:00,P02,MAT-003,PRD-049,RM_RECEIPT,4638,EA,RM-B,WMS
IM-0007311,2025-11-25 05:35:00,P03,MAT-026,PRD-057,RM_ISSUE,-3673,EA,WIP-01,WMS
IM-0007312,2025-09-28 14:57:00,P03,PRD-064,PRD-064,FG_RECEIPT,3797,EA,RM-B,WMS
IM-0007313,2025-10-29 20:40:00,P01,PRD-071,PRD-071,FG_SHIP,-2760,EA,RM-A,WMS
IM-0007314,2025-10-24 20:57:00,P01,MAT-033,PRD-076,RM_RECEIPT,462,EA,RM-A,WMS
IM-0007315,2025-12-01 21:26:00,P02,PRD-055,PRD-055,FG_SHIP,-19964,EA,RM-B,WMS
IM-0007316,2025-09-19 19:36:00,P01,PRD-076,PRD-076,FG_RECEIPT,1782,EA,RM-A,WMS
IM-0007317,2025-08-11 04:36:00,P03,PRD-076,PRD-076,FG_RECEIPT,1651,EA,RM-A,WMS
IM-0007318,2026-02-11 15:40:00,P02,MAT-005,PRD-021,RM_ISSUE,-3521,EA,FG-02,WMS
IM-0007319,2026-05-25 04:37:00,P01,MAT-032,PRD-038,RM_RECEIPT,2235,EA,FG-01,WMS
IM-0007320,2025-11-23 08:20:00,P02,MAT-005,PRD-024,RM_ISSUE,-3073,EA,RM-A,WMS
IM-0007321,2025-09-07 18:34:00,P02,PRD-042,PRD-042,FG_SHIP,-1204,EA,FG-02,WMS
IM-0007322,2026-07-12 17:52:00,P02,MAT-037,PRD-018,RM_ISSUE,-752,EA,WIP-01,WMS
IM-0007323,2026-05-17 04:09:00,P03,PRD-037,PRD-037,FG_RECEIPT,883,EA,RM-B,WMS
IM-0007324,2026-02-12 07:34:00,P01,PRD-016,PRD-016,FG_RECEIPT,3892,EA,RM-B,WMS
IM-0007325,2025-10-07 05:23:00,P02,PRD-067,PRD-067,FG_SHIP,-2206,EA,FG-02,WMS
IM-0007326,2026-07-31 02:34:00,P03,PRD-006,PRD-006,FG_SHIP,-1069,EA,FG-02,WMS
IM-0007327,2026-02-27 01:19:00,P03,PRD-051,PRD-051,FG_RECEIPT,1510,EA,FG-01,WMS
IM-0007328,2025-12-16 23:20:00,P03,MAT-005,PRD-021,RM_RECEIPT,984,EA,FG-02,WMS
IM-0007329,2025-09-30 04:36:00,P02,MAT-023,PRD-007,RM_RECEIPT,373,EA,FG-01,WMS
IM-0007330,2026-03-30 19:53:00,P02,MAT-018,PRD-030,RM_ISSUE,-982,EA,FG-01,WMS
IM-0007331,2026-03-13 05:15:00,P03,PRD-055,PRD-055,FG_RECEIPT,1830,EA,RM-A,WMS
IM-0007332,2026-07-12 05:35:00,P02,PRD-013,PRD-013,FG_RECEIPT,945,EA,FG-02,WMS
IM-0007333,2025-11-27 13:58:00,P01,MAT-022,PRD-047,RM_RECEIPT,799,EA,RM-A,WMS
IM-0007334,2026-05-07 16:07:00,P02,MAT-003,PRD-049,RM_ISSUE,-7180,EA,FG-02,WMS
IM-0007335,2025-12-05 18:31:00,P01,MAT-030,PRD-009,RM_ISSUE,-2225,EA,WIP-01,WMS
IM-0007336,2025-10-03 07:40:00,P03,PRD-059,PRD-059,FG_RECEIPT,1385,EA,RM-B,WMS
IM-0007337,2026-02-17 03:51:00,P01,MAT-035,PRD-066,RM_ISSUE,-979,EA,FG-01,WMS
IM-0007338,2026-06-14 03:27:00,P01,PRD-012,PRD-012,ADJUSTMENT,1407,EA,FG-01,WMS
IM-0007339,2026-01-13 16:49:00,P03,PRD-049,PRD-049,FG_SHIP,-2051,EA,WIP-01,WMS
IM-0007340,2025-09-24 19:54:00,P03,MAT-030,PRD-012,RM_RECEIPT,2342,EA,RM-B,WMS
IM-0007341,2026-04-23 22:00:00,P03,MAT-026,PRD-028,RM_RECEIPT,2652,EA,FG-01,WMS
IM-0007342,2026-06-30 02:52:00,P01,MAT-032,PRD-005,RM_RECEIPT,1150,EA,WIP-01,WMS
IM-0007343,2025-12-05 22:06:00,P02,MAT-033,PRD-044,RM_ISSUE,-2319,EA,FG-01,WMS
IM-0007344,2025-10-12 01:18:00,P03,PRD-046,PRD-046,FG_RECEIPT,10768,EA,RM-B,WMS
IM-0007345,2026-05-05 18:58:00,P02,PRD-012,PRD-012,FG_SHIP,-10806,EA,WIP-01,WMS
IM-0007346,2025-10-31 22:40:00,P01,PRD-048,PRD-048,FG_SHIP,-2768,EA,WIP-01,WMS
IM-0007347,2025-12-27 10:55:00,P02,MAT-010,PRD-027,RM_ISSUE,-3607,EA,WIP-01,WMS
IM-0007348,2026-02-16 15:34:00,P01,PRD-020,PRD-020,FG_RECEIPT,1157,EA,FG-01,WMS
IM-0007349,2026-02-14 19:09:00,P03,PRD-047,PRD-047,FG_SHIP,-3551,EA,FG-01,WMS
IM-0007350,2026-04-27 07:02:00,P03,MAT-001,PRD-056,RM_RECEIPT,1006,EA,RM-B,WMS
IM-0007351,2026-04-08 22:48:00,P01,PRD-072,PRD-072,FG_RECEIPT,3116,EA,RM-A,WMS
IM-0007352,2026-03-26 09:01:00,P03,MAT-015,PRD-025,RM_RECEIPT,5514,EA,FG-02,WMS
IM-0007353,2025-12-04 14:12:00,P01,PRD-057,PRD-057,FG_RECEIPT,1438,EA,WIP-01,WMS
IM-0007354,2026-05-19 16:28:00,P02,PRD-073,PRD-073,ADJUSTMENT,2757,EA,FG-01,WMS
IM-0007355,2026-02-04 13:01:00,P01,PRD-074,PRD-074,FG_RECEIPT,308,EA,FG-01,WMS
IM-0007356,2026-01-23 21:53:00,P01,MAT-022,PRD-042,RM_ISSUE,-691,EA,FG-01,WMS
IM-0007357,2025-12-02 12:19:00,P02,PRD-014,PRD-014,FG_RECEIPT,7285,EA,RM-A,WMS
IM-0007358,2026-01-28 03:36:00,P01,MAT-016,PRD-029,RM_ISSUE,-2525,EA,FG-01,WMS
IM-0007359,2026-03-28 11:38:00,P02,MAT-032,PRD-015,RM_RECEIPT,2952,EA,RM-B,WMS
IM-0007360,2026-01-04 18:27:00,P02,PRD-053,PRD-053,FG_SHIP,-1806,EA,RM-B,WMS
IM-0007361,2026-02-09 20:46:00,P02,PRD-061,PRD-061,FG_SHIP,-1513,EA,WIP-01,WMS
IM-0007362,2025-08-11 13:08:00,P03,MAT-014,PRD-068,RM_RECEIPT,2452,EA,FG-01,WMS
IM-0007363,2025-12-30 11:38:00,P03,MAT-019,PRD-071,RM_RECEIPT,1168,EA,RM-B,WMS
IM-0007364,2026-02-24 18:41:00,P03,PRD-009,PRD-009,FG_RECEIPT,829,EA,FG-01,WMS
IM-0007365,2025-12-19 15:04:00,P01,MAT-032,PRD-038,RM_RECEIPT,4255,EA,FG-01,WMS
IM-0007366,2026-04-20 12:02:00,P03,MAT-022,PRD-047,RM_RECEIPT,2314,EA,RM-B,WMS
IM-0007367,2025-10-06 17:24:00,P02,PRD-053,PRD-053,FG_SHIP,-2283,EA,RM-A,WMS
IM-0007368,2026-06-06 07:43:00,P01,PRD-055,PRD-055,FG_SHIP,-1971,EA,FG-02,WMS
IM-0007369,2025-11-07 18:18:00,P03,PRD-050,PRD-050,FG_RECEIPT,4306,EA,WIP-01,WMS
IM-0007370,2026-05-04 16:22:00,P03,MAT-008,PRD-036,RM_ISSUE,-810,EA,FG-02,WMS
IM-0007371,2025-08-29 10:38:00,P02,MAT-004,PRD-048,RM_RECEIPT,3548,EA,RM-B,WMS
IM-0007372,2026-06-12 05:46:00,P02,MAT-007,PRD-055,RM_RECEIPT,553,EA,FG-01,WMS
IM-0007373,2026-04-30 13:03:00,P01,MAT-005,PRD-058,RM_RECEIPT,4967,EA,RM-B,WMS
IM-0007374,2025-10-20 16:48:00,P02,MAT-035,PRD-066,RM_RECEIPT,1915,EA,RM-B,WMS
IM-0007375,2025-09-13 02:30:00,P01,PRD-071,PRD-071,FG_SHIP,-559,EA,RM-A,WMS
IM-0007376,2025-08-24 21:31:00,P01,PRD-005,PRD-005,FG_SHIP,-3686,EA,RM-A,WMS
IM-0007377,2025-11-25 19:16:00,P02,MAT-030,PRD-012,RM_ISSUE,-6826,EA,WIP-01,WMS
IM-0007378,2026-04-01 16:41:00,P01,MAT-024,PRD-013,RM_RECEIPT,1176,EA,RM-A,WMS
IM-0007379,2026-01-23 10:15:00,P03,PRD-078,PRD-078,FG_RECEIPT,3862,EA,WIP-01,WMS
IM-0007380,2026-01-25 03:13:00,P03,PRD-010,PRD-010,FG_SHIP,-404,EA,RM-B,WMS
IM-0007381,2026-02-27 22:43:00,P02,MAT-026,PRD-057,RM_ISSUE,-2452,EA,WIP-01,WMS
IM-0007382,2026-01-25 08:29:00,P02,PRD-032,PRD-032,FG_RECEIPT,1997,EA,FG-01,WMS
IM-0007383,2025-10-02 21:29:00,P01,MAT-010,PRD-027,RM_RECEIPT,9960,EA,WIP-01,WMS
IM-0007384,2026-02-13 21:18:00,P02,PRD-017,PRD-017,FG_SHIP,-1221,EA,RM-B,WMS
IM-0007385,2025-10-22 04:34:00,P01,PRD-001,PRD-001,FG_SHIP,-2343,EA,FG-02,WMS
IM-0007386,2025-09-11 13:29:00,P03,MAT-017,PRD-079,RM_ISSUE,-2646,EA,FG-01,WMS
IM-0007387,2026-01-01 05:15:00,P03,PRD-031,PRD-031,FG_SHIP,-1926,EA,FG-01,WMS
IM-0007388,2026-01-25 17:26:00,P01,MAT-018,PRD-002,RM_RECEIPT,953,EA,WIP-01,WMS
IM-0007389,2025-09-26 08:27:00,P01,MAT-010,PRD-037,RM_ISSUE,-1762,EA,RM-A,WMS
IM-0007390,2025-09-15 20:58:00,P03,PRD-072,PRD-072,ADJUSTMENT,913,EA,FG-01,WMS
IM-0007391,2026-07-15 00:56:00,P01,PRD-015,PRD-015,FG_RECEIPT,3358,EA,WIP-01,WMS
IM-0007392,2026-05-20 01:29:00,P03,MAT-016,PRD-029,RM_RECEIPT,2529,EA,RM-B,WMS
IM-0007393,2026-06-24 22:45:00,P02,MAT-037,PRD-080,RM_RECEIPT,503,EA,RM-A,WMS
IM-0007394,2025-09-12 02:33:00,P02,PRD-051,PRD-051,FG_SHIP,-2891,EA,FG-02,WMS
IM-0007395,2026-01-10 04:23:00,P02,PRD-016,PRD-016,FG_RECEIPT,11762,EA,RM-A,WMS
IM-0007396,2025-10-14 17:24:00,P03,MAT-030,PRD-012,RM_RECEIPT,1479,EA,FG-02,WMS
IM-0007397,2026-04-04 05:57:00,P01,PRD-065,PRD-065,FG_RECEIPT,1587,EA,FG-01,WMS
IM-0007398,2026-02-05 23:00:00,P01,MAT-013,PRD-075,RM_RECEIPT,2061,EA,FG-01,WMS
IM-0007399,2025-12-13 07:05:00,P01,MAT-017,PRD-079,RM_ISSUE,-4322,EA,RM-A,WMS
IM-0007400,2026-05-08 14:26:00,P03,PRD-033,PRD-033,FG_RECEIPT,4233,EA,WIP-01,WMS
IM-0007401,2025-12-20 20:32:00,P02,MAT-031,PRD-008,RM_ISSUE,-4739,EA,RM-A,WMS
IM-0007402,2026-03-25 02:38:00,P03,PRD-055,PRD-055,FG_SHIP,-1545,EA,FG-01,WMS
IM-0007403,2026-05-25 22:28:00,P03,MAT-018,PRD-050,RM_RECEIPT,2391,EA,FG-02,WMS
IM-0007404,2026-06-20 04:30:00,P03,MAT-019,PRD-004,RM_ISSUE,-2706,EA,RM-B,WMS
IM-0007405,2026-01-12 23:35:00,P02,PRD-030,PRD-030,ADJUSTMENT,1127,EA,FG-02,WMS
IM-0007406,2025-10-08 15:17:00,P01,PRD-047,PRD-047,FG_RECEIPT,1255,EA,RM-A,WMS
IM-0007407,2026-03-11 16:08:00,P01,MAT-019,PRD-071,RM_ISSUE,-10512,EA,WIP-01,WMS
IM-0007408,2025-08-10 01:43:00,P02,PRD-042,PRD-042,FG_RECEIPT,847,EA,FG-01,WMS
IM-0007409,2026-02-23 14:26:00,P03,PRD-063,PRD-063,FG_RECEIPT,2738,EA,WIP-01,WMS
IM-0007410,2025-10-05 09:41:00,P02,MAT-033,PRD-022,RM_RECEIPT,451,EA,FG-01,WMS
IM-0007411,2026-03-09 13:33:00,P03,MAT-030,PRD-041,RM_ISSUE,-360,EA,FG-01,WMS
IM-0007412,2026-04-09 03:01:00,P03,MAT-014,PRD-070,RM_RECEIPT,2011,EA,FG-01,WMS
IM-0007413,2026-05-14 11:43:00,P02,PRD-023,PRD-023,FG_RECEIPT,940,EA,WIP-01,WMS
IM-0007414,2025-10-11 23:13:00,P03,MAT-017,PRD-019,RM_ISSUE,-1945,EA,RM-A,WMS
IM-0007415,2026-07-11 20:02:00,P01,PRD-034,PRD-034,FG_SHIP,-817,EA,FG-01,WMS
IM-0007416,2026-01-23 11:33:00,P03,MAT-030,PRD-062,RM_ISSUE,-8402,EA,WIP-01,WMS
IM-0007417,2026-04-29 17:57:00,P03,MAT-030,PRD-009,RM_ISSUE,-1422,EA,RM-A,WMS
IM-0007418,2026-03-01 00:27:00,P03,PRD-076,PRD-076,FG_RECEIPT,952,EA,RM-B,WMS
IM-0007419,2026-05-23 08:16:00,P01,MAT-004,PRD-048,RM_ISSUE,-1161,EA,FG-02,WMS
IM-0007420,2026-02-12 14:43:00,P01,PRD-002,PRD-002,FG_SHIP,-2054,EA,FG-02,WMS
IM-0007421,2026-02-03 13:46:00,P01,MAT-032,PRD-015,RM_RECEIPT,1012,EA,RM-A,WMS
IM-0007422,2026-07-15 19:24:00,P01,PRD-069,PRD-069,FG_SHIP,-1578,EA,RM-A,WMS
IM-0007423,2025-10-07 21:50:00,P02,PRD-051,PRD-051,FG_RECEIPT,471,EA,RM-B,WMS
IM-0007424,2025-10-23 08:50:00,P02,MAT-022,PRD-023,RM_ISSUE,-8904,EA,FG-01,WMS
IM-0007425,2026-01-14 10:59:00,P02,PRD-016,PRD-016,FG_RECEIPT,3040,EA,WIP-01,WMS
IM-0007426,2026-07-20 12:09:00,P03,MAT-022,PRD-047,RM_ISSUE,-432,EA,WIP-01,WMS
IM-0007427,2025-08-25 08:15:00,P01,MAT-018,PRD-050,RM_ISSUE,-7440,EA,RM-B,WMS
IM-0007428,2026-05-04 00:29:00,P01,MAT-037,PRD-018,RM_RECEIPT,557,EA,FG-01,WMS
IM-0007429,2026-05-11 23:01:00,P02,MAT-008,PRD-065,RM_ISSUE,-8429,EA,RM-B,WMS
IM-0007430,2026-07-03 12:35:00,P01,PRD-044,PRD-044,FG_SHIP,-961,EA,FG-02,WMS
IM-0007431,2026-07-05 11:38:00,P01,MAT-006,PRD-001,RM_RECEIPT,1447,EA,RM-A,WMS
IM-0007432,2026-02-14 13:12:00,P03,MAT-019,PRD-071,RM_RECEIPT,3856,EA,RM-B,WMS
IM-0007433,2026-01-12 23:23:00,P03,PRD-055,PRD-055,ADJUSTMENT,19459,EA,FG-01,WMS
IM-0007434,2026-01-15 04:36:00,P01,MAT-037,PRD-018,RM_RECEIPT,747,EA,FG-02,WMS
IM-0007435,2025-12-01 11:20:00,P02,MAT-020,PRD-010,RM_ISSUE,-1001,EA,FG-02,WMS
IM-0007436,2026-02-02 12:49:00,P03,MAT-032,PRD-038,RM_RECEIPT,16195,EA,WIP-01,WMS
IM-0007437,2025-12-28 21:57:00,P02,PRD-052,PRD-052,FG_SHIP,-1687,EA,FG-01,WMS
IM-0007438,2025-09-13 20:30:00,P02,MAT-024,PRD-013,RM_RECEIPT,1309,EA,WIP-01,WMS
IM-0007439,2025-10-26 10:50:00,P02,PRD-063,PRD-063,FG_SHIP,-2195,EA,WIP-01,WMS
IM-0007440,2025-11-24 01:59:00,P01,MAT-023,PRD-007,RM_RECEIPT,6159,EA,RM-B,WMS
IM-0007441,2026-03-04 09:28:00,P01,MAT-027,PRD-061,RM_ISSUE,-2359,EA,RM-B,WMS
IM-0007442,2025-10-30 14:06:00,P03,PRD-061,PRD-061,FG_RECEIPT,1021,EA,FG-01,WMS
IM-0007443,2026-06-16 19:59:00,P03,MAT-018,PRD-067,RM_ISSUE,-2399,EA,RM-A,WMS
IM-0007444,2025-09-14 12:59:00,P01,MAT-018,PRD-067,RM_ISSUE,-11213,EA,FG-02,WMS
IM-0007445,2026-03-10 16:50:00,P02,PRD-069,PRD-069,FG_RECEIPT,1234,EA,RM-A,WMS
IM-0007446,2025-12-29 03:45:00,P02,PRD-072,PRD-072,FG_SHIP,-2249,EA,FG-01,WMS
IM-0007447,2025-12-21 05:14:00,P02,PRD-077,PRD-077,FG_RECEIPT,5707,EA,FG-02,WMS
IM-0007448,2026-01-21 04:34:00,P01,PRD-053,PRD-053,FG_SHIP,-1637,EA,FG-01,WMS
IM-0007449,2026-06-05 09:01:00,P03,PRD-044,PRD-044,ADJUSTMENT,1215,EA,FG-01,WMS
IM-0007450,2026-05-24 00:03:00,P03,PRD-045,PRD-045,ADJUSTMENT,1884,EA,WIP-01,WMS
IM-0007451,2025-10-23 14:37:00,P01,PRD-025,PRD-025,FG_RECEIPT,4850,EA,WIP-01,WMS
IM-0007452,2025-12-21 13:12:00,P02,MAT-024,PRD-003,RM_ISSUE,-1458,EA,RM-A,WMS
IM-0007453,2026-02-13 12:37:00,P01,PRD-006,PRD-006,FG_RECEIPT,1295,EA,RM-B,WMS
IM-0007454,2026-01-23 00:25:00,P03,PRD-020,PRD-020,FG_RECEIPT,2234,EA,WIP-01,WMS
IM-0007455,2026-02-16 08:23:00,P03,PRD-064,PRD-064,ADJUSTMENT,2582,EA,FG-01,WMS
IM-0007456,2025-09-20 07:09:00,P03,PRD-055,PRD-055,FG_SHIP,-1027,EA,RM-A,WMS
IM-0007457,2026-06-07 00:52:00,P01,MAT-030,PRD-060,RM_ISSUE,-3249,EA,FG-02,WMS
IM-0007458,2026-04-10 10:24:00,P01,PRD-013,PRD-013,FG_SHIP,-2489,EA,RM-A,WMS
IM-0007459,2025-08-22 18:53:00,P02,MAT-030,PRD-009,RM_RECEIPT,2188,EA,RM-B,WMS
IM-0007460,2025-12-29 02:58:00,P03,MAT-008,PRD-036,RM_RECEIPT,2266,EA,FG-01,WMS
IM-0007461,2026-03-05 00:24:00,P01,MAT-033,PRD-044,RM_ISSUE,-3341,EA,FG-02,WMS
IM-0007462,2026-02-08 02:15:00,P02,MAT-012,PRD-006,RM_ISSUE,-771,EA,FG-02,WMS
IM-0007463,2025-08-02 12:07:00,P03,MAT-014,PRD-068,RM_RECEIPT,1614,EA,FG-02,WMS
IM-0007464,2026-04-09 14:28:00,P01,PRD-073,PRD-073,FG_SHIP,-602,EA,FG-02,WMS
IM-0007465,2026-06-09 19:25:00,P02,MAT-027,PRD-061,RM_RECEIPT,2450,EA,RM-B,WMS
IM-0007466,2025-10-05 18:33:00,P01,MAT-010,PRD-063,RM_ISSUE,-1591,EA,RM-B,WMS
IM-0007467,2026-07-21 19:02:00,P02,MAT-001,PRD-039,RM_ISSUE,-4533,EA,WIP-01,WMS
IM-0007468,2026-05-07 03:00:00,P03,PRD-074,PRD-074,FG_SHIP,-1301,EA,FG-01,WMS
IM-0007469,2025-11-06 09:31:00,P02,PRD-044,PRD-044,FG_RECEIPT,1052,EA,RM-A,WMS
IM-0007470,2025-09-14 19:22:00,P03,PRD-075,PRD-075,FG_SHIP,-6090,EA,FG-02,WMS
IM-0007471,2025-08-15 12:43:00,P01,MAT-012,PRD-006,RM_RECEIPT,3190,EA,RM-A,WMS
IM-0007472,2026-01-06 17:48:00,P03,MAT-035,PRD-016,RM_ISSUE,-1444,EA,WIP-01,WMS
IM-0007473,2026-07-12 22:28:00,P01,MAT-033,PRD-044,RM_ISSUE,-2925,EA,RM-B,WMS
IM-0007474,2026-06-03 08:41:00,P01,PRD-036,PRD-036,FG_SHIP,-7370,EA,WIP-01,WMS
IM-0007475,2025-08-25 12:35:00,P01,PRD-062,PRD-062,FG_SHIP,-5075,EA,FG-01,WMS
IM-0007476,2026-04-10 06:25:00,P02,PRD-027,PRD-027,FG_RECEIPT,309,EA,RM-A,WMS
IM-0007477,2026-06-29 10:35:00,P01,MAT-032,PRD-077,RM_RECEIPT,4272,EA,FG-01,WMS
IM-0007478,2025-10-16 03:42:00,P03,PRD-040,PRD-040,FG_RECEIPT,2182,EA,RM-A,WMS
IM-0007479,2026-07-07 01:16:00,P03,MAT-022,PRD-073,RM_RECEIPT,468,EA,RM-B,WMS
IM-0007480,2026-07-26 01:30:00,P01,PRD-055,PRD-055,FG_SHIP,-2455,EA,FG-01,WMS
IM-0007481,2026-03-12 21:33:00,P01,PRD-072,PRD-072,FG_RECEIPT,1281,EA,FG-02,WMS
IM-0007482,2026-07-22 11:51:00,P01,PRD-020,PRD-020,FG_RECEIPT,2570,EA,FG-01,WMS
IM-0007483,2026-03-04 00:15:00,P03,PRD-036,PRD-036,ADJUSTMENT,2313,EA,FG-02,WMS
IM-0007484,2026-06-08 05:19:00,P01,MAT-027,PRD-061,RM_RECEIPT,1656,EA,RM-A,WMS
IM-0007485,2026-03-07 07:06:00,P03,PRD-078,PRD-078,FG_SHIP,-2865,EA,RM-B,WMS
IM-0007486,2026-06-29 00:48:00,P03,PRD-047,PRD-047,FG_SHIP,-3666,EA,FG-01,WMS
IM-0007487,2026-02-21 03:32:00,P01,MAT-003,PRD-049,RM_ISSUE,-1583,EA,RM-B,WMS
IM-0007488,2025-10-25 12:24:00,P03,MAT-022,PRD-073,RM_ISSUE,-1379,EA,FG-02,WMS
IM-0007489,2026-03-28 14:05:00,P01,PRD-029,PRD-029,FG_SHIP,-2077,EA,RM-B,WMS
IM-0007490,2025-08-31 16:43:00,P02,PRD-034,PRD-034,FG_SHIP,-993,EA,FG-02,WMS
IM-0007491,2026-04-11 22:57:00,P03,PRD-064,PRD-064,FG_RECEIPT,11633,EA,WIP-01,WMS
IM-0007492,2026-06-15 07:56:00,P01,PRD-037,PRD-037,FG_RECEIPT,2096,EA,WIP-01,WMS
IM-0007493,2025-12-26 14:13:00,P01,PRD-080,PRD-080,FG_RECEIPT,6683,EA,WIP-01,WMS
IM-0007494,2026-07-09 18:49:00,P02,MAT-014,PRD-068,RM_RECEIPT,1855,EA,RM-B,WMS
IM-0007495,2026-07-08 18:16:00,P01,MAT-015,PRD-034,RM_RECEIPT,1132,EA,RM-B,WMS
IM-0007496,2025-12-22 02:37:00,P03,MAT-018,PRD-030,RM_ISSUE,-1303,EA,FG-01,WMS
IM-0007497,2025-10-17 21:46:00,P01,MAT-031,PRD-052,RM_ISSUE,-6907,EA,FG-01,WMS
IM-0007498,2026-06-25 05:18:00,P02,MAT-030,PRD-041,RM_ISSUE,-2877,EA,FG-02,WMS
IM-0007499,2025-12-28 00:10:00,P02,MAT-018,PRD-030,RM_ISSUE,-716,EA,FG-02,WMS
IM-0007500,2026-03-20 15:30:00,P01,MAT-035,PRD-066,RM_ISSUE,-1717,EA,FG-01,WMS
IM-0007501,2026-05-24 10:41:00,P02,PRD-058,PRD-058,FG_RECEIPT,531,EA,FG-02,WMS
IM-0007502,2025-11-19 00:33:00,P02,PRD-053,PRD-053,FG_RECEIPT,1475,EA,WIP-01,WMS
IM-0007503,2025-12-21 03:15:00,P01,MAT-001,PRD-074,RM_ISSUE,-874,EA,RM-B,WMS
IM-0007504,2026-01-11 03:46:00,P01,MAT-037,PRD-080,RM_ISSUE,-3591,EA,FG-01,WMS
IM-0007505,2026-03-02 07:37:00,P03,PRD-071,PRD-071,FG_SHIP,-623,EA,FG-01,WMS
IM-0007506,2026-03-31 00:06:00,P02,MAT-027,PRD-061,RM_ISSUE,-4428,EA,FG-01,WMS
IM-0007507,2025-10-05 14:50:00,P01,MAT-027,PRD-072,RM_RECEIPT,1188,EA,WIP-01,WMS
IM-0007508,2026-03-17 09:29:00,P02,MAT-015,PRD-034,RM_RECEIPT,5393,EA,WIP-01,WMS
IM-0007509,2026-04-19 21:57:00,P03,MAT-032,PRD-005,RM_ISSUE,-1350,EA,WIP-01,WMS
IM-0007510,2025-11-28 06:04:00,P01,PRD-044,PRD-044,ADJUSTMENT,2107,EA,RM-A,WMS
IM-0007511,2026-01-21 18:05:00,P01,PRD-015,PRD-015,FG_RECEIPT,2305,EA,RM-B,WMS
IM-0007512,2026-01-22 11:58:00,P02,PRD-031,PRD-031,FG_SHIP,-1814,EA,RM-A,WMS
IM-0007513,2026-06-07 19:15:00,P01,MAT-032,PRD-005,RM_RECEIPT,3528,EA,WIP-01,WMS
IM-0007514,2025-11-09 10:31:00,P01,MAT-013,PRD-075,RM_ISSUE,-2630,EA,RM-B,WMS
IM-0007515,2026-04-18 19:57:00,P02,PRD-008,PRD-008,FG_SHIP,-2871,EA,FG-02,WMS
IM-0007516,2025-09-08 11:29:00,P02,MAT-019,PRD-004,RM_RECEIPT,12233,EA,FG-01,WMS
IM-0007517,2026-01-10 18:02:00,P03,MAT-026,PRD-057,RM_ISSUE,-566,EA,FG-02,WMS
IM-0007518,2026-04-03 14:04:00,P02,PRD-079,PRD-079,FG_RECEIPT,939,EA,RM-B,WMS
IM-0007519,2025-08-03 12:39:00,P01,PRD-070,PRD-070,ADJUSTMENT,1296,EA,WIP-01,WMS
IM-0007520,2026-03-27 07:10:00,P02,MAT-006,PRD-001,RM_ISSUE,-1787,EA,WIP-01,WMS
IM-0007521,2026-07-12 23:00:00,P01,MAT-022,PRD-042,RM_ISSUE,-336,EA,RM-A,WMS
IM-0007522,2025-12-17 11:34:00,P01,MAT-003,PRD-049,RM_ISSUE,-4615,EA,WIP-01,WMS
IM-0007523,2026-02-17 07:54:00,P03,PRD-015,PRD-015,FG_RECEIPT,5070,EA,WIP-01,WMS
IM-0007524,2025-08-26 02:53:00,P03,PRD-058,PRD-058,FG_RECEIPT,3174,EA,WIP-01,WMS
IM-0007525,2026-06-06 07:43:00,P02,PRD-038,PRD-038,FG_SHIP,-1902,EA,RM-A,WMS
IM-0007526,2026-05-06 07:14:00,P01,PRD-014,PRD-014,FG_RECEIPT,4278,EA,WIP-01,WMS
IM-0007527,2026-03-01 02:25:00,P01,PRD-076,PRD-076,FG_SHIP,-6140,EA,FG-01,WMS
IM-0007528,2026-07-03 20:57:00,P01,MAT-005,PRD-021,RM_RECEIPT,2226,EA,WIP-01,WMS
IM-0007529,2025-09-17 14:40:00,P02,PRD-006,PRD-006,FG_RECEIPT,1772,EA,RM-B,WMS
IM-0007530,2026-04-16 12:26:00,P03,MAT-001,PRD-056,RM_RECEIPT,3777,EA,FG-01,WMS
IM-0007531,2025-09-22 19:28:00,P03,PRD-063,PRD-063,FG_RECEIPT,1363,EA,RM-A,WMS
IM-0007532,2025-11-28 22:13:00,P03,PRD-075,PRD-075,FG_RECEIPT,1073,EA,FG-01,WMS
IM-0007533,2025-08-10 21:14:00,P01,PRD-020,PRD-020,FG_RECEIPT,9144,EA,RM-B,WMS
IM-0007534,2026-02-01 13:45:00,P03,MAT-004,PRD-048,RM_RECEIPT,13324,EA,RM-B,WMS
IM-0007535,2026-01-27 02:44:00,P02,PRD-060,PRD-060,FG_SHIP,-2493,EA,RM-B,WMS
IM-0007536,2026-05-02 18:13:00,P01,PRD-043,PRD-043,FG_RECEIPT,2274,EA,FG-01,WMS
IM-0007537,2025-12-22 11:03:00,P02,PRD-070,PRD-070,FG_RECEIPT,1561,EA,FG-01,WMS
IM-0007538,2025-12-19 03:00:00,P01,MAT-033,PRD-017,RM_ISSUE,-641,EA,WIP-01,WMS
IM-0007539,2025-10-08 16:56:00,P02,MAT-031,PRD-052,RM_RECEIPT,748,EA,WIP-01,WMS
IM-0007540,2026-03-16 14:42:00,P01,PRD-065,PRD-065,FG_SHIP,-960,EA,WIP-01,WMS
IM-0007541,2025-11-14 18:14:00,P03,MAT-035,PRD-066,RM_ISSUE,-796,EA,RM-B,WMS
IM-0007542,2025-10-15 16:04:00,P03,PRD-029,PRD-029,FG_SHIP,-665,EA,WIP-01,WMS
IM-0007543,2026-03-24 05:20:00,P02,MAT-029,PRD-031,RM_RECEIPT,3600,EA,RM-A,WMS
IM-0007544,2025-09-01 17:34:00,P02,PRD-075,PRD-075,FG_RECEIPT,3404,EA,FG-02,WMS
IM-0007545,2025-11-17 09:45:00,P02,PRD-042,PRD-042,FG_SHIP,-3117,EA,FG-01,WMS
IM-0007546,2025-11-13 01:08:00,P02,MAT-027,PRD-061,RM_ISSUE,-1544,EA,WIP-01,WMS
IM-0007547,2025-11-27 18:00:00,P01,PRD-014,PRD-014,FG_RECEIPT,2125,EA,RM-B,WMS
IM-0007548,2026-02-16 18:27:00,P02,PRD-061,PRD-061,FG_SHIP,-2786,EA,RM-A,WMS
IM-0007549,2026-02-27 19:50:00,P03,PRD-066,PRD-066,FG_SHIP,-1446,EA,WIP-01,WMS
IM-0007550,2025-12-17 06:33:00,P01,MAT-032,PRD-038,RM_ISSUE,-8608,EA,RM-B,WMS
IM-0007551,2025-09-30 07:52:00,P03,MAT-019,PRD-004,RM_RECEIPT,2947,EA,FG-02,WMS
IM-0007552,2025-12-18 02:01:00,P03,MAT-023,PRD-007,RM_ISSUE,-552,EA,FG-02,WMS
IM-0007553,2026-03-13 12:07:00,P02,PRD-034,PRD-034,FG_SHIP,-1157,EA,FG-01,WMS
IM-0007554,2025-12-17 22:48:00,P02,MAT-005,PRD-058,RM_ISSUE,-1038,EA,FG-02,WMS
IM-0007555,2025-08-26 03:52:00,P03,PRD-073,PRD-073,FG_RECEIPT,1159,EA,WIP-01,WMS
IM-0007556,2026-02-08 14:26:00,P02,PRD-059,PRD-059,FG_SHIP,-2332,EA,FG-01,WMS
IM-0007557,2026-04-24 20:41:00,P03,PRD-056,PRD-056,FG_RECEIPT,679,EA,WIP-01,WMS
IM-0007558,2026-06-17 04:54:00,P03,MAT-026,PRD-046,RM_ISSUE,-154,EA,WIP-01,WMS
IM-0007559,2025-08-07 15:58:00,P03,PRD-053,PRD-053,FG_RECEIPT,4050,EA,FG-02,WMS
IM-0007560,2026-03-08 05:26:00,P03,MAT-019,PRD-004,RM_ISSUE,-743,EA,RM-A,WMS
IM-0007561,2025-12-10 18:35:00,P02,MAT-033,PRD-017,RM_ISSUE,-2451,EA,RM-B,WMS
IM-0007562,2026-03-24 23:49:00,P01,PRD-053,PRD-053,FG_RECEIPT,2502,EA,FG-02,WMS
IM-0007563,2026-04-06 16:00:00,P02,MAT-008,PRD-036,RM_ISSUE,-9302,EA,RM-B,WMS
IM-0007564,2026-02-11 00:15:00,P02,MAT-018,PRD-054,RM_RECEIPT,2359,EA,WIP-01,WMS
IM-0007565,2026-01-28 23:35:00,P02,PRD-015,PRD-015,FG_RECEIPT,752,EA,RM-B,WMS
IM-0007566,2025-09-16 05:24:00,P02,PRD-060,PRD-060,FG_RECEIPT,3254,EA,RM-A,WMS
IM-0007567,2026-04-06 09:44:00,P01,MAT-005,PRD-033,RM_RECEIPT,1345,EA,RM-B,WMS
IM-0007568,2026-01-18 11:21:00,P02,MAT-004,PRD-040,RM_RECEIPT,2406,EA,WIP-01,WMS
IM-0007569,2025-11-23 08:08:00,P02,PRD-011,PRD-011,FG_SHIP,-2945,EA,RM-B,WMS
IM-0007570,2025-11-21 02:01:00,P03,MAT-030,PRD-062,RM_RECEIPT,2414,EA,WIP-01,WMS
IM-0007571,2026-05-10 05:44:00,P02,MAT-008,PRD-065,RM_RECEIPT,1377,EA,RM-B,WMS
IM-0007572,2025-08-14 16:21:00,P03,MAT-010,PRD-027,RM_ISSUE,-2374,EA,RM-B,WMS
IM-0007573,2026-05-04 21:06:00,P01,PRD-080,PRD-080,FG_SHIP,-2691,EA,FG-01,WMS
IM-0007574,2025-11-16 01:58:00,P02,PRD-068,PRD-068,ADJUSTMENT,3726,EA,RM-A,WMS
IM-0007575,2026-04-16 10:15:00,P02,PRD-073,PRD-073,ADJUSTMENT,9560,EA,FG-02,WMS
IM-0007576,2026-03-17 22:07:00,P02,PRD-023,PRD-023,FG_RECEIPT,833,EA,FG-02,WMS
IM-0007577,2026-07-26 08:06:00,P03,MAT-004,PRD-048,RM_RECEIPT,2134,EA,RM-A,WMS
IM-0007578,2026-03-06 23:30:00,P01,MAT-030,PRD-064,RM_RECEIPT,502,EA,FG-02,WMS
IM-0007579,2026-03-25 13:31:00,P03,MAT-018,PRD-078,RM_RECEIPT,6774,EA,WIP-01,WMS
IM-0007580,2025-12-30 18:17:00,P01,MAT-010,PRD-027,RM_RECEIPT,2573,EA,RM-A,WMS
IM-0007581,2026-01-03 20:34:00,P02,MAT-031,PRD-052,RM_RECEIPT,4646,EA,RM-A,WMS
IM-0007582,2025-12-08 17:05:00,P02,PRD-043,PRD-043,FG_RECEIPT,8045,EA,FG-01,WMS
IM-0007583,2026-03-20 21:03:00,P01,PRD-001,PRD-001,FG_RECEIPT,4512,EA,FG-02,WMS
IM-0007584,2025-09-12 04:44:00,P02,PRD-053,PRD-053,FG_RECEIPT,580,EA,RM-A,WMS
IM-0007585,2025-09-16 08:33:00,P03,PRD-017,PRD-017,FG_RECEIPT,1688,EA,FG-02,WMS
IM-0007586,2026-05-28 06:12:00,P01,MAT-013,PRD-075,RM_RECEIPT,801,EA,FG-02,WMS
IM-0007587,2026-03-25 11:21:00,P03,MAT-033,PRD-017,RM_ISSUE,-3819,EA,RM-A,WMS
IM-0007588,2026-02-20 16:01:00,P03,MAT-016,PRD-029,RM_RECEIPT,789,EA,WIP-01,WMS
IM-0007589,2025-09-01 17:27:00,P03,MAT-030,PRD-041,RM_RECEIPT,3914,EA,FG-01,WMS
IM-0007590,2025-08-21 00:11:00,P01,PRD-019,PRD-019,FG_RECEIPT,2314,EA,RM-A,WMS
IM-0007591,2026-06-03 03:48:00,P02,PRD-010,PRD-010,FG_RECEIPT,1177,EA,FG-01,WMS
IM-0007592,2026-03-10 21:08:00,P03,PRD-073,PRD-073,FG_RECEIPT,353,EA,WIP-01,WMS
IM-0007593,2026-04-28 01:52:00,P03,MAT-005,PRD-033,RM_RECEIPT,1463,EA,RM-A,WMS
IM-0007594,2026-01-15 20:49:00,P03,MAT-027,PRD-072,RM_ISSUE,-3256,EA,FG-01,WMS
IM-0007595,2025-10-22 06:06:00,P01,PRD-074,PRD-074,FG_SHIP,-11012,EA,RM-A,WMS
IM-0007596,2026-02-05 18:37:00,P02,PRD-060,PRD-060,FG_RECEIPT,2614,EA,FG-02,WMS
IM-0007597,2026-04-07 19:58:00,P01,MAT-018,PRD-054,RM_ISSUE,-530,EA,WIP-01,WMS
IM-0007598,2026-07-18 13:44:00,P02,MAT-022,PRD-047,RM_ISSUE,-9041,EA,RM-B,WMS
IM-0007599,2026-06-10 17:04:00,P01,MAT-031,PRD-008,RM_ISSUE,-9691,EA,RM-A,WMS
IM-0007600,2025-12-17 13:09:00,P03,MAT-033,PRD-022,RM_ISSUE,-2522,EA,RM-A,WMS
IM-0007601,2025-12-12 10:05:00,P01,MAT-003,PRD-014,RM_RECEIPT,1928,EA,RM-A,WMS
IM-0007602,2026-07-28 13:28:00,P02,MAT-001,PRD-039,RM_ISSUE,-3800,EA,RM-A,WMS
IM-0007603,2026-07-14 16:55:00,P02,MAT-031,PRD-052,RM_ISSUE,-630,EA,FG-01,WMS
IM-0007604,2026-05-22 20:42:00,P03,PRD-020,PRD-020,FG_RECEIPT,2090,EA,FG-01,WMS
IM-0007605,2025-08-14 22:20:00,P02,MAT-032,PRD-077,RM_ISSUE,-4330,EA,RM-A,WMS
IM-0007606,2026-04-02 11:04:00,P03,PRD-011,PRD-011,FG_RECEIPT,2068,EA,FG-02,WMS
IM-0007607,2026-04-01 15:49:00,P03,PRD-014,PRD-014,FG_RECEIPT,1106,EA,WIP-01,WMS
IM-0007608,2026-02-09 03:48:00,P03,PRD-066,PRD-066,FG_RECEIPT,3933,EA,FG-02,WMS
IM-0007609,2025-10-31 20:32:00,P01,PRD-040,PRD-040,FG_RECEIPT,1533,EA,WIP-01,WMS
IM-0007610,2026-06-23 17:26:00,P01,MAT-013,PRD-075,RM_RECEIPT,10308,EA,RM-B,WMS
IM-0007611,2025-08-24 14:50:00,P03,PRD-078,PRD-078,ADJUSTMENT,1372,EA,RM-B,WMS
IM-0007612,2025-12-17 18:12:00,P03,MAT-014,PRD-068,RM_RECEIPT,426,EA,RM-B,WMS
IM-0007613,2025-10-28 21:14:00,P02,PRD-021,PRD-021,FG_SHIP,-6119,EA,RM-A,WMS
IM-0007614,2026-07-31 03:35:00,P01,MAT-014,PRD-068,RM_RECEIPT,2716,EA,RM-A,WMS
IM-0007615,2026-01-26 08:03:00,P03,MAT-035,PRD-066,RM_RECEIPT,549,EA,FG-01,WMS
IM-0007616,2025-09-19 21:17:00,P01,MAT-019,PRD-004,RM_ISSUE,-781,EA,FG-01,WMS
IM-0007617,2026-01-30 11:56:00,P02,MAT-005,PRD-021,RM_ISSUE,-1243,EA,WIP-01,WMS
IM-0007618,2025-09-20 15:28:00,P02,MAT-015,PRD-034,RM_RECEIPT,2090,EA,RM-A,WMS
IM-0007619,2025-09-29 16:11:00,P03,PRD-078,PRD-078,FG_SHIP,-10389,EA,WIP-01,WMS
IM-0007620,2025-11-22 17:58:00,P01,PRD-018,PRD-018,FG_SHIP,-1282,EA,RM-A,WMS
IM-0007621,2025-12-17 07:26:00,P02,MAT-010,PRD-027,RM_ISSUE,-2300,EA,RM-A,WMS
IM-0007622,2026-03-02 15:58:00,P03,MAT-005,PRD-058,RM_RECEIPT,992,EA,RM-A,WMS
IM-0007623,2026-04-26 08:46:00,P02,PRD-053,PRD-053,FG_RECEIPT,419,EA,RM-B,WMS
IM-0007624,2026-04-08 22:59:00,P01,MAT-014,PRD-068,RM_ISSUE,-730,EA,RM-B,WMS
IM-0007625,2026-01-04 20:04:00,P03,MAT-025,PRD-035,RM_RECEIPT,1126,EA,FG-02,WMS
IM-0007626,2026-04-12 21:03:00,P02,MAT-026,PRD-046,RM_RECEIPT,3347,EA,FG-01,WMS
IM-0007627,2025-12-04 21:47:00,P01,PRD-053,PRD-053,FG_RECEIPT,402,EA,WIP-01,WMS
IM-0007628,2025-08-03 22:36:00,P01,MAT-030,PRD-062,RM_RECEIPT,1235,EA,RM-A,WMS
IM-0007629,2026-04-06 09:48:00,P01,PRD-037,PRD-037,FG_SHIP,-635,EA,FG-01,WMS
IM-0007630,2026-05-02 02:00:00,P03,MAT-031,PRD-008,RM_ISSUE,-654,EA,RM-B,WMS
IM-0007631,2026-03-28 00:35:00,P02,MAT-030,PRD-041,RM_ISSUE,-2861,EA,FG-02,WMS
IM-0007632,2026-02-20 00:44:00,P02,MAT-018,PRD-078,RM_RECEIPT,2432,EA,FG-01,WMS
IM-0007633,2026-02-23 16:26:00,P02,MAT-008,PRD-036,RM_RECEIPT,451,EA,FG-02,WMS
IM-0007634,2025-10-03 00:06:00,P02,MAT-032,PRD-077,RM_ISSUE,-1309,EA,WIP-01,WMS
IM-0007635,2025-09-07 03:41:00,P01,PRD-041,PRD-041,FG_RECEIPT,2954,EA,WIP-01,WMS
IM-0007636,2025-10-27 13:39:00,P03,MAT-033,PRD-076,RM_ISSUE,-1849,EA,RM-A,WMS
IM-0007637,2025-09-21 20:20:00,P01,MAT-004,PRD-048,RM_ISSUE,-4193,EA,RM-B,WMS
IM-0007638,2025-10-17 17:41:00,P02,PRD-038,PRD-038,FG_SHIP,-5746,EA,FG-02,WMS
IM-0007639,2025-11-19 13:18:00,P01,MAT-022,PRD-073,RM_ISSUE,-2892,EA,RM-A,WMS
IM-0007640,2026-05-01 10:47:00,P01,MAT-013,PRD-075,RM_ISSUE,-1506,EA,FG-01,WMS
IM-0007641,2025-11-20 07:53:00,P03,MAT-026,PRD-059,RM_RECEIPT,2740,EA,RM-A,WMS
IM-0007642,2025-12-05 19:40:00,P01,PRD-043,PRD-043,FG_RECEIPT,482,EA,RM-B,WMS
IM-0007643,2025-08-16 10:25:00,P03,MAT-017,PRD-019,RM_ISSUE,-1321,EA,WIP-01,WMS
IM-0007644,2026-01-27 18:33:00,P02,MAT-018,PRD-050,RM_ISSUE,-3797,EA,FG-01,WMS
IM-0007645,2025-09-15 12:18:00,P02,MAT-002,PRD-069,RM_ISSUE,-468,EA,RM-A,WMS
IM-0007646,2025-12-16 07:38:00,P03,PRD-037,PRD-037,FG_RECEIPT,469,EA,FG-02,WMS
IM-0007647,2026-07-05 18:22:00,P02,MAT-031,PRD-043,RM_ISSUE,-1159,EA,FG-02,WMS
IM-0007648,2026-03-02 18:01:00,P03,MAT-004,PRD-040,RM_RECEIPT,3712,EA,FG-02,WMS
IM-0007649,2025-09-17 20:45:00,P01,MAT-010,PRD-037,RM_ISSUE,-4138,EA,RM-B,WMS
IM-0007650,2026-03-06 02:02:00,P03,PRD-076,PRD-076,FG_RECEIPT,3126,EA,RM-B,WMS
IM-0007651,2025-08-15 17:51:00,P01,PRD-070,PRD-070,FG_RECEIPT,1708,EA,RM-B,WMS
IM-0007652,2026-04-15 21:50:00,P03,MAT-005,PRD-021,RM_RECEIPT,2083,EA,RM-B,WMS
IM-0007653,2026-01-23 10:07:00,P03,MAT-001,PRD-074,RM_ISSUE,-1535,EA,RM-B,WMS
IM-0007654,2025-11-15 21:43:00,P02,MAT-022,PRD-073,RM_RECEIPT,1505,EA,FG-01,WMS
IM-0007655,2025-11-08 10:02:00,P02,PRD-040,PRD-040,FG_RECEIPT,2701,EA,FG-02,WMS
IM-0007656,2025-12-26 23:32:00,P02,PRD-052,PRD-052,FG_RECEIPT,1833,EA,RM-B,WMS
IM-0007657,2026-01-16 00:37:00,P03,PRD-078,PRD-078,FG_SHIP,-752,EA,WIP-01,WMS
IM-0007658,2026-07-07 16:15:00,P03,PRD-049,PRD-049,FG_SHIP,-3055,EA,FG-02,WMS
IM-0007659,2025-09-08 00:54:00,P02,MAT-024,PRD-003,RM_ISSUE,-4651,EA,WIP-01,WMS
IM-0007660,2025-09-29 13:11:00,P02,PRD-004,PRD-004,FG_RECEIPT,1157,EA,FG-01,WMS
IM-0007661,2025-12-22 01:14:00,P01,MAT-001,PRD-039,RM_RECEIPT,1530,EA,FG-01,WMS
IM-0007662,2025-09-26 01:06:00,P03,PRD-038,PRD-038,FG_SHIP,-824,EA,RM-B,WMS
IM-0007663,2025-08-01 07:04:00,P01,MAT-017,PRD-019,RM_RECEIPT,822,EA,FG-01,WMS
IM-0007664,2026-06-28 06:34:00,P01,PRD-070,PRD-070,FG_RECEIPT,1093,EA,FG-02,WMS
IM-0007665,2025-08-01 03:17:00,P02,PRD-062,PRD-062,FG_RECEIPT,1988,EA,RM-A,WMS
IM-0007666,2026-01-25 02:13:00,P03,PRD-073,PRD-073,FG_SHIP,-2113,EA,FG-01,WMS
IM-0007667,2025-12-27 02:24:00,P01,PRD-025,PRD-025,FG_RECEIPT,2650,EA,RM-A,WMS
IM-0007668,2026-07-05 07:22:00,P01,MAT-016,PRD-029,RM_ISSUE,-874,EA,FG-02,WMS
IM-0007669,2026-06-21 14:32:00,P02,PRD-077,PRD-077,FG_SHIP,-2594,EA,RM-A,WMS
IM-0007670,2026-01-24 21:16:00,P02,MAT-005,PRD-021,RM_RECEIPT,3828,EA,FG-01,WMS
IM-0007671,2026-06-16 18:58:00,P01,PRD-048,PRD-048,FG_RECEIPT,3485,EA,RM-B,WMS
IM-0007672,2025-10-29 03:04:00,P02,MAT-008,PRD-065,RM_RECEIPT,2010,EA,FG-02,WMS
IM-0007673,2026-05-05 02:15:00,P01,PRD-036,PRD-036,FG_RECEIPT,1689,EA,RM-B,WMS
IM-0007674,2026-03-05 20:46:00,P01,MAT-027,PRD-061,RM_ISSUE,-2741,EA,FG-01,WMS
IM-0007675,2026-03-01 10:40:00,P02,PRD-006,PRD-006,FG_SHIP,-5297,EA,FG-01,WMS
IM-0007676,2026-04-02 14:15:00,P01,MAT-029,PRD-031,RM_RECEIPT,2343,EA,RM-B,WMS
IM-0007677,2025-11-12 13:44:00,P01,MAT-035,PRD-053,RM_RECEIPT,869,EA,WIP-01,WMS
IM-0007678,2025-12-05 11:15:00,P03,PRD-036,PRD-036,FG_SHIP,-1082,EA,RM-B,WMS
IM-0007679,2026-05-27 02:43:00,P01,MAT-026,PRD-059,RM_ISSUE,-4412,EA,RM-B,WMS
IM-0007680,2026-07-01 14:31:00,P03,MAT-030,PRD-064,RM_ISSUE,-1273,EA,RM-A,WMS
IM-0007681,2026-06-23 00:39:00,P03,PRD-057,PRD-057,FG_RECEIPT,655,EA,FG-01,WMS
IM-0007682,2026-01-20 05:55:00,P01,MAT-003,PRD-014,RM_RECEIPT,720,EA,RM-B,WMS
IM-0007683,2025-08-20 17:02:00,P03,PRD-066,PRD-066,FG_RECEIPT,1770,EA,WIP-01,WMS
IM-0007684,2026-03-27 18:07:00,P01,PRD-057,PRD-057,FG_RECEIPT,2687,EA,RM-A,WMS
IM-0007685,2025-08-16 20:37:00,P01,MAT-026,PRD-028,RM_RECEIPT,901,EA,FG-02,WMS
IM-0007686,2026-01-11 09:05:00,P03,MAT-030,PRD-060,RM_ISSUE,-2289,EA,FG-02,WMS
IM-0007687,2025-11-02 12:12:00,P01,PRD-039,PRD-039,FG_RECEIPT,2286,EA,WIP-01,WMS
IM-0007688,2025-08-04 05:24:00,P03,MAT-012,PRD-006,RM_RECEIPT,923,EA,RM-B,WMS
IM-0007689,2026-05-25 21:20:00,P01,MAT-005,PRD-033,RM_RECEIPT,624,EA,WIP-01,WMS
IM-0007690,2025-11-23 03:42:00,P01,PRD-077,PRD-077,FG_SHIP,-1088,EA,RM-B,WMS
IM-0007691,2025-09-27 05:50:00,P02,PRD-066,PRD-066,FG_SHIP,-1552,EA,RM-B,WMS
IM-0007692,2025-10-04 18:30:00,P02,PRD-035,PRD-035,FG_RECEIPT,1521,EA,RM-B,WMS
IM-0007693,2025-10-04 03:19:00,P03,PRD-073,PRD-073,ADJUSTMENT,6025,EA,WIP-01,WMS
IM-0007694,2026-02-06 09:56:00,P02,PRD-013,PRD-013,FG_RECEIPT,706,EA,WIP-01,WMS
IM-0007695,2026-07-17 21:45:00,P03,MAT-005,PRD-021,RM_ISSUE,-2199,EA,FG-02,WMS
IM-0007696,2026-07-13 00:25:00,P02,MAT-016,PRD-029,RM_RECEIPT,1773,EA,RM-B,WMS
IM-0007697,2025-11-07 04:41:00,P02,PRD-079,PRD-079,FG_SHIP,-3473,EA,RM-B,WMS
IM-0007698,2026-07-23 14:39:00,P01,MAT-031,PRD-008,RM_RECEIPT,2905,EA,RM-B,WMS
IM-0007699,2025-11-08 08:44:00,P02,MAT-018,PRD-030,RM_RECEIPT,2193,EA,WIP-01,WMS
IM-0007700,2026-05-18 03:11:00,P03,PRD-007,PRD-007,FG_RECEIPT,1810,EA,FG-02,WMS
IM-0007701,2025-11-03 14:48:00,P02,MAT-037,PRD-080,RM_RECEIPT,4016,EA,WIP-01,WMS
IM-0007702,2025-10-12 04:48:00,P02,MAT-012,PRD-006,RM_RECEIPT,1252,EA,WIP-01,WMS
IM-0007703,2025-10-21 02:53:00,P01,MAT-018,PRD-054,RM_RECEIPT,1132,EA,RM-B,WMS
IM-0007704,2025-08-06 16:57:00,P03,PRD-011,PRD-011,FG_RECEIPT,4978,EA,FG-02,WMS
IM-0007705,2025-08-01 01:12:00,P01,MAT-014,PRD-070,RM_ISSUE,-2708,EA,RM-B,WMS
IM-0007706,2026-05-01 01:38:00,P01,PRD-004,PRD-004,FG_RECEIPT,1940,EA,RM-B,WMS
IM-0007707,2026-01-18 23:49:00,P01,PRD-075,PRD-075,FG_SHIP,-2432,EA,WIP-01,WMS
IM-0007708,2026-04-19 05:15:00,P02,MAT-010,PRD-063,RM_ISSUE,-2014,EA,FG-01,WMS
IM-0007709,2026-01-19 15:31:00,P01,PRD-062,PRD-062,FG_SHIP,-1260,EA,WIP-01,WMS
IM-0007710,2026-01-28 10:28:00,P02,PRD-027,PRD-027,FG_RECEIPT,4882,EA,FG-01,WMS
IM-0007711,2026-02-09 10:04:00,P03,MAT-022,PRD-023,RM_RECEIPT,1796,EA,RM-A,WMS
IM-0007712,2026-06-01 22:24:00,P03,MAT-014,PRD-070,RM_RECEIPT,3660,EA,WIP-01,WMS
IM-0007713,2026-01-17 15:34:00,P01,MAT-030,PRD-060,RM_ISSUE,-1382,EA,WIP-01,WMS
IM-0007714,2025-12-06 22:10:00,P01,PRD-027,PRD-027,FG_SHIP,-938,EA,WIP-01,WMS
IM-0007715,2026-04-04 09:58:00,P01,PRD-046,PRD-046,FG_SHIP,-938,EA,FG-01,WMS
IM-0007716,2026-03-02 19:23:00,P02,PRD-034,PRD-034,FG_SHIP,-1430,EA,FG-01,WMS
IM-0007717,2025-12-24 09:44:00,P01,MAT-030,PRD-064,RM_RECEIPT,2046,EA,RM-A,WMS
IM-0007718,2025-10-27 23:59:00,P01,MAT-010,PRD-027,RM_RECEIPT,5181,EA,RM-A,WMS
IM-0007719,2025-10-21 19:50:00,P02,PRD-045,PRD-045,ADJUSTMENT,915,EA,RM-B,WMS
IM-0007720,2026-07-28 15:50:00,P02,MAT-036,PRD-020,RM_RECEIPT,1894,EA,WIP-01,WMS
IM-0007721,2025-09-05 01:21:00,P03,PRD-024,PRD-024,FG_RECEIPT,6941,EA,WIP-01,WMS
IM-0007722,2026-06-16 05:55:00,P03,PRD-017,PRD-017,FG_RECEIPT,757,EA,WIP-01,WMS
IM-0007723,2026-04-06 04:50:00,P03,PRD-016,PRD-016,FG_SHIP,-448,EA,RM-B,WMS
IM-0007724,2025-10-28 01:59:00,P01,MAT-030,PRD-062,RM_ISSUE,-3094,EA,FG-01,WMS
IM-0007725,2026-06-13 10:30:00,P03,PRD-037,PRD-037,FG_SHIP,-2389,EA,FG-01,WMS
IM-0007726,2025-10-29 20:52:00,P02,PRD-024,PRD-024,FG_SHIP,-584,EA,RM-B,WMS
IM-0007727,2026-06-20 18:44:00,P02,MAT-037,PRD-018,RM_RECEIPT,721,EA,FG-02,WMS
IM-0007728,2025-12-15 05:31:00,P03,PRD-058,PRD-058,FG_SHIP,-9294,EA,RM-B,WMS
IM-0007729,2026-01-10 06:04:00,P03,PRD-028,PRD-028,FG_RECEIPT,2256,EA,FG-01,WMS
IM-0007730,2025-10-21 05:42:00,P01,PRD-018,PRD-018,FG_RECEIPT,4118,EA,FG-02,WMS
IM-0007731,2025-11-26 03:59:00,P02,PRD-018,PRD-018,FG_RECEIPT,1123,EA,RM-A,WMS
IM-0007732,2026-04-04 16:00:00,P03,MAT-018,PRD-054,RM_RECEIPT,4008,EA,RM-B,WMS
IM-0007733,2026-07-18 02:06:00,P02,PRD-002,PRD-002,FG_RECEIPT,975,EA,WIP-01,WMS
IM-0007734,2026-02-05 04:55:00,P02,MAT-001,PRD-039,RM_RECEIPT,1760,EA,RM-B,WMS
IM-0007735,2025-12-31 09:23:00,P03,PRD-012,PRD-012,FG_SHIP,-2953,EA,FG-01,WMS
IM-0007736,2026-06-12 06:47:00,P03,MAT-031,PRD-008,RM_RECEIPT,4287,EA,RM-B,WMS
IM-0007737,2025-08-19 04:53:00,P01,PRD-039,PRD-039,FG_SHIP,-2437,EA,RM-A,WMS
IM-0007738,2025-08-23 00:01:00,P01,MAT-022,PRD-073,RM_ISSUE,-2191,EA,RM-B,WMS
IM-0007739,2026-05-26 08:37:00,P01,MAT-022,PRD-042,RM_ISSUE,-1255,EA,RM-B,WMS
IM-0007740,2025-12-25 05:42:00,P03,MAT-005,PRD-021,RM_RECEIPT,4219,EA,WIP-01,WMS
IM-0007741,2026-05-01 16:35:00,P02,PRD-041,PRD-041,FG_RECEIPT,940,EA,WIP-01,WMS
IM-0007742,2026-05-24 10:44:00,P03,MAT-013,PRD-075,RM_RECEIPT,981,EA,FG-01,WMS
IM-0007743,2026-05-05 08:40:00,P03,MAT-022,PRD-047,RM_ISSUE,-875,EA,FG-01,WMS
IM-0007744,2026-01-20 17:51:00,P01,MAT-015,PRD-025,RM_ISSUE,-2192,EA,RM-B,WMS
IM-0007745,2026-04-30 08:38:00,P03,PRD-076,PRD-076,FG_RECEIPT,4316,EA,RM-A,WMS
IM-0007746,2025-09-29 23:36:00,P02,MAT-037,PRD-080,RM_ISSUE,-1832,EA,FG-02,WMS
IM-0007747,2025-11-11 07:46:00,P03,MAT-033,PRD-044,RM_RECEIPT,1168,EA,RM-B,WMS
IM-0007748,2026-05-11 08:16:00,P01,MAT-004,PRD-048,RM_RECEIPT,1327,EA,WIP-01,WMS
IM-0007749,2026-04-13 19:50:00,P01,MAT-027,PRD-061,RM_ISSUE,-444,EA,WIP-01,WMS
IM-0007750,2026-07-06 22:21:00,P02,MAT-031,PRD-043,RM_ISSUE,-1247,EA,WIP-01,WMS
IM-0007751,2026-03-05 13:27:00,P02,MAT-033,PRD-076,RM_ISSUE,-763,EA,FG-01,WMS
IM-0007752,2025-11-01 07:41:00,P01,MAT-033,PRD-076,RM_RECEIPT,1023,EA,FG-02,WMS
IM-0007753,2025-09-10 02:32:00,P02,MAT-005,PRD-058,RM_RECEIPT,942,EA,RM-B,WMS
IM-0007754,2026-02-27 08:11:00,P01,MAT-015,PRD-025,RM_ISSUE,-1529,EA,WIP-01,WMS
IM-0007755,2026-05-22 02:27:00,P02,PRD-050,PRD-050,FG_RECEIPT,3288,EA,WIP-01,WMS
IM-0007756,2025-12-31 02:37:00,P03,MAT-026,PRD-046,RM_RECEIPT,6070,EA,WIP-01,WMS
IM-0007757,2025-12-25 23:12:00,P03,MAT-010,PRD-063,RM_RECEIPT,3830,EA,FG-02,WMS
IM-0007758,2026-05-24 13:29:00,P03,PRD-020,PRD-020,FG_SHIP,-1594,EA,FG-02,WMS
IM-0007759,2026-07-15 09:48:00,P03,MAT-005,PRD-024,RM_RECEIPT,2489,EA,RM-A,WMS
IM-0007760,2026-01-28 00:57:00,P02,PRD-032,PRD-032,FG_SHIP,-959,EA,WIP-01,WMS
IM-0007761,2026-01-16 02:01:00,P02,MAT-022,PRD-023,RM_ISSUE,-1543,EA,RM-A,WMS
IM-0007762,2026-03-16 18:18:00,P01,PRD-051,PRD-051,FG_SHIP,-3251,EA,FG-02,WMS
IM-0007763,2025-08-17 15:07:00,P01,MAT-026,PRD-059,RM_RECEIPT,2877,EA,WIP-01,WMS
IM-0007764,2026-03-26 19:08:00,P03,MAT-037,PRD-018,RM_RECEIPT,9680,EA,RM-A,WMS
IM-0007765,2025-08-14 19:16:00,P02,MAT-016,PRD-029,RM_ISSUE,-558,EA,WIP-01,WMS
IM-0007766,2026-05-26 02:41:00,P02,PRD-023,PRD-023,FG_SHIP,-1130,EA,RM-A,WMS
IM-0007767,2026-03-08 05:31:00,P03,PRD-061,PRD-061,FG_SHIP,-2253,EA,RM-B,WMS
IM-0007768,2026-07-23 02:04:00,P01,MAT-036,PRD-020,RM_ISSUE,-1876,EA,FG-02,WMS
IM-0007769,2026-01-25 00:43:00,P03,MAT-027,PRD-061,RM_ISSUE,-1844,EA,RM-A,WMS
IM-0007770,2026-02-21 21:43:00,P03,PRD-021,PRD-021,FG_RECEIPT,3909,EA,FG-01,WMS
IM-0007771,2026-02-10 11:47:00,P03,MAT-027,PRD-061,RM_RECEIPT,1649,EA,FG-01,WMS
IM-0007772,2026-07-17 20:13:00,P02,MAT-006,PRD-001,RM_ISSUE,-5435,EA,RM-A,WMS
IM-0007773,2026-05-24 07:27:00,P03,MAT-018,PRD-002,RM_ISSUE,-2699,EA,WIP-01,WMS
IM-0007774,2025-10-16 22:06:00,P01,MAT-030,PRD-012,RM_RECEIPT,978,EA,RM-A,WMS
IM-0007775,2026-07-30 05:17:00,P01,MAT-022,PRD-047,RM_ISSUE,-682,EA,FG-01,WMS
IM-0007776,2026-06-15 06:31:00,P02,MAT-026,PRD-059,RM_ISSUE,-1460,EA,FG-01,WMS
IM-0007777,2026-07-18 17:16:00,P01,MAT-031,PRD-008,RM_RECEIPT,3637,EA,FG-01,WMS
IM-0007778,2025-12-19 00:33:00,P03,PRD-046,PRD-046,ADJUSTMENT,2653,EA,FG-01,WMS
IM-0007779,2025-12-22 16:34:00,P02,PRD-065,PRD-065,FG_RECEIPT,3258,EA,FG-01,WMS
IM-0007780,2025-09-17 10:57:00,P03,MAT-024,PRD-013,RM_RECEIPT,2284,EA,FG-02,WMS
IM-0007781,2026-05-16 09:30:00,P01,PRD-035,PRD-035,FG_RECEIPT,1036,EA,RM-A,WMS
IM-0007782,2025-10-19 07:07:00,P02,MAT-037,PRD-051,RM_RECEIPT,1211,EA,FG-01,WMS
IM-0007783,2026-04-04 12:18:00,P02,PRD-057,PRD-057,FG_RECEIPT,3642,EA,RM-B,WMS
IM-0007784,2026-02-17 12:26:00,P02,PRD-025,PRD-025,FG_RECEIPT,2046,EA,WIP-01,WMS
IM-0007785,2026-03-11 19:34:00,P02,MAT-022,PRD-042,RM_RECEIPT,5693,EA,RM-B,WMS
IM-0007786,2026-05-24 18:16:00,P01,PRD-073,PRD-073,FG_SHIP,-2136,EA,FG-01,WMS
IM-0007787,2026-03-11 09:09:00,P02,PRD-045,PRD-045,FG_RECEIPT,2828,EA,FG-02,WMS
IM-0007788,2025-10-14 19:56:00,P01,MAT-015,PRD-025,RM_ISSUE,-1398,EA,WIP-01,WMS
IM-0007789,2026-06-29 11:52:00,P02,MAT-002,PRD-069,RM_ISSUE,-3958,EA,RM-B,WMS
IM-0007790,2026-04-01 23:44:00,P02,MAT-014,PRD-068,RM_RECEIPT,411,EA,FG-01,WMS
IM-0007791,2026-06-17 14:20:00,P02,PRD-049,PRD-049,FG_RECEIPT,3174,EA,FG-02,WMS
IM-0007792,2026-01-08 13:46:00,P03,MAT-008,PRD-065,RM_RECEIPT,1846,EA,WIP-01,WMS
IM-0007793,2026-02-26 03:49:00,P02,PRD-030,PRD-030,FG_RECEIPT,1433,EA,WIP-01,WMS
IM-0007794,2025-10-27 19:50:00,P01,PRD-048,PRD-048,FG_SHIP,-657,EA,WIP-01,WMS
IM-0007795,2026-03-15 10:01:00,P02,PRD-057,PRD-057,FG_SHIP,-4729,EA,FG-01,WMS
IM-0007796,2025-11-26 11:40:00,P02,PRD-077,PRD-077,FG_RECEIPT,1880,EA,WIP-01,WMS
IM-0007797,2026-04-25 08:56:00,P01,PRD-054,PRD-054,FG_SHIP,-1616,EA,FG-01,WMS
IM-0007798,2026-07-14 16:29:00,P02,PRD-054,PRD-054,FG_SHIP,-1947,EA,RM-B,WMS
IM-0007799,2026-07-25 17:13:00,P03,MAT-016,PRD-029,RM_RECEIPT,792,EA,WIP-01,WMS
IM-0007800,2025-12-06 12:53:00,P03,MAT-015,PRD-025,RM_ISSUE,-3573,EA,FG-01,WMS
IM-0007801,2026-05-23 21:27:00,P02,MAT-031,PRD-008,RM_ISSUE,-780,EA,RM-B,WMS
IM-0007802,2025-10-08 21:54:00,P03,PRD-062,PRD-062,FG_SHIP,-1859,EA,FG-02,WMS
IM-0007803,2025-11-22 19:20:00,P02,MAT-026,PRD-028,RM_ISSUE,-1362,EA,RM-B,WMS
IM-0007804,2026-01-22 23:30:00,P02,MAT-012,PRD-011,RM_RECEIPT,1118,EA,RM-B,WMS
IM-0007805,2026-07-28 18:29:00,P03,MAT-036,PRD-020,RM_RECEIPT,9810,EA,RM-A,WMS
IM-0007806,2026-03-21 15:51:00,P02,MAT-031,PRD-043,RM_ISSUE,-14751,EA,FG-02,WMS
IM-0007807,2026-05-03 15:14:00,P03,MAT-010,PRD-037,RM_RECEIPT,1560,EA,WIP-01,WMS
IM-0007808,2026-06-22 02:40:00,P03,PRD-021,PRD-021,ADJUSTMENT,9755,EA,RM-A,WMS
IM-0007809,2026-03-27 07:11:00,P02,MAT-018,PRD-050,RM_ISSUE,-3596,EA,FG-01,WMS
IM-0007810,2026-01-19 01:00:00,P02,PRD-017,PRD-017,ADJUSTMENT,6767,EA,RM-A,WMS
IM-0007811,2026-04-27 07:56:00,P02,MAT-027,PRD-072,RM_ISSUE,-3568,EA,FG-01,WMS
IM-0007812,2026-06-01 19:00:00,P01,PRD-057,PRD-057,FG_RECEIPT,8197,EA,RM-A,WMS
IM-0007813,2025-09-16 15:40:00,P02,PRD-029,PRD-029,FG_RECEIPT,1987,EA,RM-B,WMS
IM-0007814,2025-12-28 13:30:00,P01,PRD-015,PRD-015,FG_SHIP,-6429,EA,RM-B,WMS
IM-0007815,2026-02-23 12:23:00,P01,MAT-012,PRD-011,RM_RECEIPT,2305,EA,FG-01,WMS
IM-0007816,2025-08-12 01:34:00,P03,PRD-024,PRD-024,FG_SHIP,-1735,EA,WIP-01,WMS
IM-0007817,2025-08-21 15:13:00,P01,PRD-020,PRD-020,FG_SHIP,-1196,EA,FG-01,WMS
IM-0007818,2026-05-08 08:31:00,P01,PRD-039,PRD-039,FG_RECEIPT,2761,EA,WIP-01,WMS
IM-0007819,2025-09-08 12:32:00,P03,PRD-067,PRD-067,FG_SHIP,-3599,EA,FG-01,WMS
IM-0007820,2025-09-23 04:02:00,P01,PRD-054,PRD-054,FG_SHIP,-1306,EA,RM-B,WMS
IM-0007821,2025-11-19 18:37:00,P03,PRD-042,PRD-042,FG_RECEIPT,1276,EA,RM-A,WMS
IM-0007822,2025-08-15 02:35:00,P02,PRD-021,PRD-021,FG_SHIP,-1079,EA,FG-01,WMS
IM-0007823,2026-04-07 17:00:00,P01,PRD-004,PRD-004,FG_RECEIPT,1396,EA,FG-01,WMS
IM-0007824,2026-06-05 01:58:00,P01,PRD-035,PRD-035,FG_RECEIPT,6383,EA,FG-01,WMS
IM-0007825,2026-07-07 10:54:00,P03,PRD-027,PRD-027,FG_RECEIPT,299,EA,RM-A,WMS
IM-0007826,2025-11-26 09:30:00,P03,MAT-005,PRD-021,RM_ISSUE,-8485,EA,RM-B,WMS
IM-0007827,2025-11-25 10:53:00,P02,PRD-069,PRD-069,FG_RECEIPT,1299,EA,WIP-01,WMS
IM-0007828,2026-04-06 13:16:00,P01,MAT-029,PRD-045,RM_ISSUE,-716,EA,RM-B,WMS
IM-0007829,2026-03-14 15:44:00,P01,MAT-005,PRD-024,RM_RECEIPT,2873,EA,WIP-01,WMS
IM-0007830,2026-03-23 13:52:00,P02,PRD-016,PRD-016,FG_SHIP,-1522,EA,RM-B,WMS
IM-0007831,2025-11-27 07:14:00,P01,PRD-001,PRD-001,FG_SHIP,-771,EA,RM-B,WMS
IM-0007832,2025-12-05 06:19:00,P03,MAT-006,PRD-001,RM_ISSUE,-2320,EA,RM-B,WMS
IM-0007833,2026-07-09 15:20:00,P02,MAT-014,PRD-068,RM_ISSUE,-893,EA,FG-01,WMS
IM-0007834,2026-07-07 12:28:00,P02,PRD-002,PRD-002,FG_SHIP,-2963,EA,WIP-01,WMS
IM-0007835,2025-10-19 19:06:00,P03,MAT-022,PRD-042,RM_ISSUE,-4034,EA,WIP-01,WMS
IM-0007836,2025-08-16 09:54:00,P03,MAT-033,PRD-022,RM_RECEIPT,1539,EA,WIP-01,WMS
IM-0007837,2026-02-10 19:45:00,P02,PRD-048,PRD-048,FG_SHIP,-791,EA,RM-A,WMS
IM-0007838,2025-12-16 06:01:00,P02,PRD-035,PRD-035,FG_RECEIPT,1521,EA,FG-01,WMS
IM-0007839,2025-12-21 19:42:00,P02,MAT-006,PRD-001,RM_RECEIPT,3526,EA,WIP-01,WMS
IM-0007840,2025-10-06 04:12:00,P02,PRD-001,PRD-001,FG_SHIP,-1229,EA,WIP-01,WMS
IM-0007841,2025-08-25 03:33:00,P02,MAT-029,PRD-045,RM_RECEIPT,3973,EA,RM-B,WMS
IM-0007842,2025-08-23 06:56:00,P02,MAT-024,PRD-003,RM_ISSUE,-5329,EA,FG-02,WMS
IM-0007843,2026-04-09 02:33:00,P03,MAT-006,PRD-001,RM_ISSUE,-1368,EA,FG-01,WMS
IM-0007844,2026-05-30 21:51:00,P02,PRD-004,PRD-004,FG_RECEIPT,868,EA,FG-02,WMS
IM-0007845,2025-08-18 10:45:00,P01,PRD-071,PRD-071,FG_RECEIPT,2744,EA,FG-01,WMS
IM-0007846,2026-01-14 18:25:00,P03,PRD-066,PRD-066,FG_SHIP,-2473,EA,FG-01,WMS
IM-0007847,2025-11-12 01:00:00,P01,PRD-025,PRD-025,FG_SHIP,-2608,EA,RM-B,WMS
IM-0007848,2025-10-20 15:57:00,P01,MAT-031,PRD-043,RM_ISSUE,-471,EA,FG-01,WMS
IM-0007849,2025-09-11 00:41:00,P02,PRD-030,PRD-030,FG_RECEIPT,1222,EA,RM-A,WMS
IM-0007850,2025-10-13 06:38:00,P01,MAT-006,PRD-001,RM_ISSUE,-3127,EA,FG-02,WMS
IM-0007851,2025-11-23 21:16:00,P02,PRD-047,PRD-047,FG_RECEIPT,7042,EA,WIP-01,WMS
IM-0007852,2026-04-17 00:48:00,P03,PRD-033,PRD-033,FG_RECEIPT,4105,EA,WIP-01,WMS
IM-0007853,2025-09-25 20:30:00,P02,PRD-063,PRD-063,ADJUSTMENT,2027,EA,WIP-01,WMS
IM-0007854,2026-04-19 09:52:00,P02,MAT-005,PRD-024,RM_ISSUE,-4798,EA,RM-A,WMS
IM-0007855,2026-04-24 12:46:00,P03,PRD-038,PRD-038,FG_SHIP,-1162,EA,FG-02,WMS
IM-0007856,2026-05-01 15:13:00,P01,MAT-014,PRD-070,RM_ISSUE,-8698,EA,RM-B,WMS
IM-0007857,2025-09-15 07:53:00,P03,PRD-024,PRD-024,FG_SHIP,-3663,EA,RM-A,WMS
IM-0007858,2025-08-20 17:34:00,P03,MAT-002,PRD-069,RM_RECEIPT,3706,EA,WIP-01,WMS
IM-0007859,2026-04-03 18:18:00,P02,MAT-037,PRD-018,RM_RECEIPT,645,EA,RM-A,WMS
IM-0007860,2026-05-31 16:01:00,P03,MAT-015,PRD-034,RM_ISSUE,-1285,EA,RM-B,WMS
IM-0007861,2026-07-23 10:49:00,P03,MAT-030,PRD-060,RM_ISSUE,-1771,EA,FG-02,WMS
IM-0007862,2025-08-10 14:41:00,P01,PRD-038,PRD-038,FG_SHIP,-296,EA,FG-02,WMS
IM-0007863,2025-11-02 22:11:00,P01,PRD-054,PRD-054,FG_RECEIPT,3183,EA,FG-02,WMS
IM-0007864,2025-10-16 02:40:00,P03,MAT-005,PRD-021,RM_ISSUE,-2333,EA,RM-B,WMS
IM-0007865,2026-05-10 01:58:00,P03,PRD-031,PRD-031,FG_SHIP,-3700,EA,RM-B,WMS
IM-0007866,2025-10-10 01:52:00,P01,MAT-019,PRD-071,RM_RECEIPT,1725,EA,WIP-01,WMS
IM-0007867,2026-01-05 14:49:00,P02,MAT-008,PRD-065,RM_RECEIPT,2466,EA,FG-01,WMS
IM-0007868,2026-04-29 19:04:00,P03,MAT-024,PRD-013,RM_RECEIPT,963,EA,WIP-01,WMS
IM-0007869,2026-05-21 08:34:00,P03,MAT-033,PRD-044,RM_ISSUE,-5040,EA,FG-02,WMS
IM-0007870,2026-05-15 03:11:00,P03,PRD-066,PRD-066,FG_SHIP,-449,EA,WIP-01,WMS
IM-0007871,2025-09-13 02:39:00,P03,PRD-028,PRD-028,FG_SHIP,-1169,EA,RM-A,WMS
IM-0007872,2026-01-15 07:48:00,P03,PRD-055,PRD-055,FG_RECEIPT,3156,EA,FG-01,WMS
IM-0007873,2025-09-21 17:21:00,P01,PRD-018,PRD-018,FG_RECEIPT,2033,EA,RM-A,WMS
IM-0007874,2026-04-09 05:07:00,P02,PRD-006,PRD-006,FG_RECEIPT,711,EA,FG-01,WMS
IM-0007875,2025-11-04 13:15:00,P02,MAT-035,PRD-053,RM_RECEIPT,1751,EA,FG-01,WMS
IM-0007876,2026-03-18 07:17:00,P01,MAT-030,PRD-009,RM_ISSUE,-5186,EA,RM-A,WMS
IM-0007877,2026-02-26 04:34:00,P03,PRD-044,PRD-044,FG_RECEIPT,609,EA,FG-02,WMS
IM-0007878,2025-10-20 01:11:00,P03,PRD-062,PRD-062,FG_SHIP,-2950,EA,WIP-01,WMS
IM-0007879,2025-09-04 01:49:00,P01,MAT-035,PRD-066,RM_RECEIPT,2978,EA,FG-01,WMS
IM-0007880,2025-10-07 00:33:00,P03,MAT-032,PRD-038,RM_ISSUE,-6585,EA,FG-01,WMS
IM-0007881,2026-03-13 11:17:00,P01,PRD-038,PRD-038,FG_RECEIPT,7593,EA,RM-A,WMS
IM-0007882,2025-09-16 23:32:00,P02,MAT-010,PRD-063,RM_RECEIPT,1296,EA,FG-01,WMS
IM-0007883,2026-05-14 15:02:00,P03,MAT-029,PRD-031,RM_RECEIPT,2751,EA,RM-A,WMS
IM-0007884,2026-01-13 03:42:00,P01,PRD-059,PRD-059,FG_SHIP,-1285,EA,WIP-01,WMS
IM-0007885,2025-09-19 07:47:00,P02,PRD-012,PRD-012,FG_RECEIPT,597,EA,FG-02,WMS
IM-0007886,2026-07-12 05:54:00,P02,PRD-013,PRD-013,FG_SHIP,-339,EA,RM-A,WMS
IM-0007887,2026-07-28 16:57:00,P02,PRD-045,PRD-045,FG_SHIP,-702,EA,WIP-01,WMS
IM-0007888,2025-09-06 15:53:00,P02,PRD-033,PRD-033,FG_SHIP,-3306,EA,RM-B,WMS
IM-0007889,2025-08-06 18:51:00,P01,PRD-034,PRD-034,FG_SHIP,-616,EA,RM-A,WMS
IM-0007890,2026-04-24 15:43:00,P02,MAT-026,PRD-046,RM_ISSUE,-7174,EA,WIP-01,WMS
IM-0007891,2025-11-12 00:40:00,P01,MAT-029,PRD-045,RM_RECEIPT,1607,EA,FG-02,WMS
IM-0007892,2026-07-17 17:02:00,P02,PRD-009,PRD-009,FG_SHIP,-1885,EA,FG-01,WMS
IM-0007893,2025-11-26 08:04:00,P02,MAT-016,PRD-029,RM_RECEIPT,1013,EA,FG-01,WMS
IM-0007894,2026-04-12 14:26:00,P01,PRD-063,PRD-063,FG_SHIP,-3656,EA,RM-A,WMS
IM-0007895,2025-11-18 11:24:00,P03,MAT-030,PRD-060,RM_ISSUE,-391,EA,RM-B,WMS
IM-0007896,2026-07-10 16:11:00,P02,PRD-053,PRD-053,FG_RECEIPT,139,EA,RM-B,WMS
IM-0007897,2025-11-05 06:02:00,P03,PRD-039,PRD-039,FG_RECEIPT,847,EA,WIP-01,WMS
IM-0007898,2026-03-13 00:22:00,P02,PRD-053,PRD-053,FG_SHIP,-3258,EA,FG-01,WMS
IM-0007899,2026-05-10 20:47:00,P01,MAT-037,PRD-018,RM_ISSUE,-2262,EA,FG-01,WMS
IM-0007900,2026-02-24 11:37:00,P01,MAT-026,PRD-046,RM_RECEIPT,4803,EA,FG-02,WMS
IM-0007901,2026-04-07 10:38:00,P03,MAT-008,PRD-036,RM_RECEIPT,2697,EA,FG-02,WMS
IM-0007902,2025-11-27 21:19:00,P02,PRD-062,PRD-062,FG_RECEIPT,5725,EA,RM-A,WMS
IM-0007903,2025-11-03 04:42:00,P01,PRD-044,PRD-044,FG_SHIP,-1446,EA,FG-02,WMS
IM-0007904,2025-11-03 03:42:00,P01,MAT-030,PRD-012,RM_RECEIPT,1100,EA,RM-B,WMS
IM-0007905,2026-03-11 06:58:00,P01,MAT-026,PRD-059,RM_ISSUE,-1587,EA,RM-A,WMS
IM-0007906,2026-06-27 12:27:00,P03,PRD-046,PRD-046,FG_SHIP,-2762,EA,FG-02,WMS
IM-0007907,2025-09-05 22:42:00,P02,PRD-070,PRD-070,FG_SHIP,-1075,EA,RM-B,WMS
IM-0007908,2025-08-09 04:26:00,P02,PRD-076,PRD-076,ADJUSTMENT,8563,EA,RM-A,WMS
IM-0007909,2025-11-16 06:22:00,P03,MAT-029,PRD-045,RM_ISSUE,-947,EA,RM-B,WMS
IM-0007910,2026-07-06 20:46:00,P03,PRD-043,PRD-043,FG_SHIP,-2008,EA,FG-01,WMS
IM-0007911,2025-09-26 00:53:00,P01,PRD-003,PRD-003,FG_RECEIPT,1931,EA,WIP-01,WMS
IM-0007912,2026-04-22 19:05:00,P02,PRD-031,PRD-031,FG_RECEIPT,550,EA,RM-A,WMS
IM-0007913,2026-04-14 14:34:00,P03,PRD-033,PRD-033,FG_SHIP,-1730,EA,FG-02,WMS
IM-0007914,2026-03-06 00:51:00,P03,PRD-044,PRD-044,FG_RECEIPT,528,EA,FG-02,WMS
IM-0007915,2026-06-20 11:51:00,P02,MAT-030,PRD-062,RM_ISSUE,-5453,EA,FG-02,WMS
IM-0007916,2026-03-18 00:33:00,P03,MAT-030,PRD-009,RM_ISSUE,-1835,EA,WIP-01,WMS
IM-0007917,2026-03-17 10:32:00,P03,MAT-026,PRD-046,RM_RECEIPT,423,EA,FG-02,WMS
IM-0007918,2026-05-21 10:11:00,P01,MAT-004,PRD-040,RM_RECEIPT,2021,EA,FG-01,WMS
IM-0007919,2025-09-28 04:32:00,P03,MAT-032,PRD-015,RM_RECEIPT,1416,EA,FG-01,WMS
IM-0007920,2025-12-31 03:25:00,P03,PRD-049,PRD-049,FG_RECEIPT,1470,EA,FG-02,WMS
IM-0007921,2026-03-07 22:17:00,P03,PRD-073,PRD-073,FG_SHIP,-1332,EA,FG-02,WMS
IM-0007922,2025-08-05 02:24:00,P01,MAT-005,PRD-058,RM_RECEIPT,3755,EA,RM-A,WMS
IM-0007923,2026-05-12 23:57:00,P02,MAT-018,PRD-054,RM_RECEIPT,1014,EA,WIP-01,WMS
IM-0007924,2026-03-30 12:43:00,P03,PRD-063,PRD-063,FG_RECEIPT,4524,EA,FG-01,WMS
IM-0007925,2026-05-28 20:14:00,P03,MAT-018,PRD-067,RM_ISSUE,-633,EA,FG-01,WMS
IM-0007926,2025-12-18 14:57:00,P02,PRD-007,PRD-007,FG_SHIP,-2417,EA,RM-B,WMS
IM-0007927,2026-04-21 23:36:00,P03,MAT-022,PRD-023,RM_RECEIPT,1849,EA,WIP-01,WMS
IM-0007928,2025-12-29 07:22:00,P02,MAT-002,PRD-069,RM_ISSUE,-1562,EA,FG-01,WMS
IM-0007929,2025-10-06 04:43:00,P03,PRD-024,PRD-024,FG_SHIP,-1865,EA,RM-A,WMS
IM-0007930,2026-06-05 20:49:00,P02,PRD-029,PRD-029,FG_SHIP,-1558,EA,WIP-01,WMS
IM-0007931,2026-06-01 00:31:00,P02,PRD-013,PRD-013,ADJUSTMENT,5847,EA,RM-A,WMS
IM-0007932,2026-05-02 10:58:00,P02,PRD-010,PRD-010,FG_SHIP,-3103,EA,FG-01,WMS
IM-0007933,2025-09-07 18:20:00,P02,PRD-024,PRD-024,FG_RECEIPT,1266,EA,WIP-01,WMS
IM-0007934,2025-12-22 03:44:00,P03,MAT-020,PRD-010,RM_RECEIPT,994,EA,WIP-01,WMS
IM-0007935,2026-03-27 06:05:00,P01,PRD-006,PRD-006,FG_RECEIPT,4282,EA,WIP-01,WMS
IM-0007936,2025-10-29 09:40:00,P02,PRD-053,PRD-053,ADJUSTMENT,1280,EA,RM-B,WMS
IM-0007937,2026-06-19 20:11:00,P01,MAT-007,PRD-055,RM_RECEIPT,6231,EA,WIP-01,WMS
IM-0007938,2026-06-10 02:27:00,P02,PRD-080,PRD-080,FG_RECEIPT,2040,EA,WIP-01,WMS
IM-0007939,2025-12-16 08:57:00,P03,MAT-024,PRD-013,RM_RECEIPT,1216,EA,FG-02,WMS
IM-0007940,2026-01-03 19:48:00,P01,MAT-017,PRD-079,RM_ISSUE,-4294,EA,FG-01,WMS
IM-0007941,2025-09-06 01:59:00,P02,PRD-027,PRD-027,FG_SHIP,-576,EA,FG-01,WMS
IM-0007942,2025-09-29 03:45:00,P01,MAT-017,PRD-079,RM_RECEIPT,12936,EA,FG-02,WMS
IM-0007943,2025-12-24 20:46:00,P01,PRD-020,PRD-020,FG_RECEIPT,3260,EA,RM-A,WMS
IM-0007944,2026-02-25 13:17:00,P02,PRD-032,PRD-032,FG_SHIP,-2197,EA,FG-01,WMS
IM-0007945,2025-08-27 21:06:00,P02,MAT-026,PRD-059,RM_ISSUE,-1994,EA,RM-B,WMS
IM-0007946,2026-05-21 19:07:00,P02,MAT-005,PRD-058,RM_RECEIPT,1680,EA,FG-02,WMS
IM-0007947,2025-10-05 11:12:00,P01,MAT-015,PRD-034,RM_RECEIPT,4420,EA,WIP-01,WMS
IM-0007948,2026-07-30 02:58:00,P03,PRD-046,PRD-046,FG_RECEIPT,5832,EA,RM-B,WMS
IM-0007949,2026-01-09 13:56:00,P01,PRD-062,PRD-062,FG_RECEIPT,1431,EA,RM-B,WMS
IM-0007950,2025-09-23 04:35:00,P02,MAT-024,PRD-013,RM_RECEIPT,2001,EA,FG-01,WMS
IM-0007951,2026-05-20 20:52:00,P01,PRD-047,PRD-047,FG_SHIP,-1772,EA,RM-B,WMS
IM-0007952,2026-05-15 03:51:00,P03,PRD-047,PRD-047,ADJUSTMENT,4676,EA,WIP-01,WMS
IM-0007953,2026-06-05 03:32:00,P03,MAT-015,PRD-034,RM_ISSUE,-2645,EA,RM-B,WMS
IM-0007954,2025-12-02 12:30:00,P02,MAT-029,PRD-031,RM_ISSUE,-2095,EA,RM-B,WMS
IM-0007955,2026-03-17 03:23:00,P03,PRD-004,PRD-004,ADJUSTMENT,2716,EA,WIP-01,WMS
IM-0007956,2026-06-06 00:23:00,P03,MAT-001,PRD-074,RM_RECEIPT,1304,EA,WIP-01,WMS
IM-0007957,2026-04-04 23:08:00,P03,MAT-031,PRD-052,RM_ISSUE,-1221,EA,FG-01,WMS
IM-0007958,2026-07-07 13:56:00,P01,MAT-025,PRD-035,RM_ISSUE,-3554,EA,RM-B,WMS
IM-0007959,2025-08-01 21:20:00,P02,MAT-037,PRD-051,RM_RECEIPT,980,EA,FG-02,WMS
IM-0007960,2026-01-19 06:51:00,P02,PRD-035,PRD-035,FG_SHIP,-1622,EA,FG-01,WMS
IM-0007961,2026-04-21 09:36:00,P03,PRD-045,PRD-045,FG_RECEIPT,3001,EA,FG-01,WMS
IM-0007962,2026-02-07 11:33:00,P03,MAT-020,PRD-010,RM_RECEIPT,2974,EA,RM-B,WMS
IM-0007963,2026-04-06 00:57:00,P03,MAT-037,PRD-051,RM_RECEIPT,4193,EA,RM-B,WMS
IM-0007964,2026-04-30 03:46:00,P03,PRD-037,PRD-037,ADJUSTMENT,829,EA,WIP-01,WMS
IM-0007965,2025-11-16 18:27:00,P02,MAT-003,PRD-014,RM_ISSUE,-1990,EA,FG-01,WMS
IM-0007966,2026-03-27 03:49:00,P03,PRD-024,PRD-024,FG_RECEIPT,4957,EA,FG-02,WMS
IM-0007967,2025-11-30 05:57:00,P01,MAT-032,PRD-005,RM_ISSUE,-656,EA,WIP-01,WMS
IM-0007968,2025-11-02 13:44:00,P02,MAT-012,PRD-011,RM_ISSUE,-5972,EA,FG-02,WMS
IM-0007969,2026-01-29 05:00:00,P01,MAT-032,PRD-015,RM_ISSUE,-3918,EA,FG-01,WMS
IM-0007970,2025-12-09 11:08:00,P01,MAT-007,PRD-055,RM_ISSUE,-2356,EA,WIP-01,WMS
IM-0007971,2025-10-23 23:59:00,P03,PRD-078,PRD-078,FG_SHIP,-8042,EA,RM-A,WMS
IM-0007972,2026-05-01 17:10:00,P02,PRD-034,PRD-034,FG_SHIP,-819,EA,RM-A,WMS
IM-0007973,2025-08-26 00:20:00,P01,PRD-046,PRD-046,FG_SHIP,-1483,EA,FG-01,WMS
IM-0007974,2025-11-08 19:40:00,P01,PRD-043,PRD-043,FG_RECEIPT,52,EA,RM-A,WMS
IM-0007975,2026-02-12 10:21:00,P03,MAT-024,PRD-003,RM_ISSUE,-866,EA,RM-A,WMS
IM-0007976,2025-10-03 23:55:00,P01,PRD-075,PRD-075,FG_SHIP,-904,EA,WIP-01,WMS
IM-0007977,2026-04-02 04:48:00,P02,PRD-053,PRD-053,FG_RECEIPT,7883,EA,FG-01,WMS
IM-0007978,2025-12-19 04:21:00,P02,MAT-032,PRD-005,RM_ISSUE,-3194,EA,RM-A,WMS
IM-0007979,2026-05-22 16:05:00,P03,MAT-012,PRD-006,RM_RECEIPT,705,EA,RM-A,WMS
IM-0007980,2026-07-24 20:11:00,P03,PRD-038,PRD-038,ADJUSTMENT,1034,EA,RM-A,WMS
IM-0007981,2026-02-18 03:40:00,P01,PRD-073,PRD-073,FG_RECEIPT,1434,EA,WIP-01,WMS
IM-0007982,2025-08-16 15:45:00,P01,MAT-020,PRD-010,RM_RECEIPT,6999,EA,RM-B,WMS
IM-0007983,2026-03-23 18:10:00,P02,PRD-067,PRD-067,FG_SHIP,-1742,EA,FG-01,WMS
IM-0007984,2025-11-02 01:55:00,P01,MAT-001,PRD-074,RM_ISSUE,-3781,EA,RM-B,WMS
IM-0007985,2026-04-28 06:08:00,P02,PRD-008,PRD-008,FG_SHIP,-1847,EA,RM-B,WMS
IM-0007986,2026-02-10 22:00:00,P03,MAT-001,PRD-074,RM_ISSUE,-2426,EA,RM-B,WMS
IM-0007987,2025-08-14 16:01:00,P01,MAT-017,PRD-079,RM_ISSUE,-461,EA,RM-A,WMS
IM-0007988,2026-06-08 16:12:00,P03,PRD-066,PRD-066,ADJUSTMENT,4705,EA,FG-01,WMS
IM-0007989,2026-04-10 00:35:00,P02,MAT-030,PRD-009,RM_ISSUE,-743,EA,FG-01,WMS
IM-0007990,2026-03-22 10:29:00,P01,PRD-030,PRD-030,FG_SHIP,-2802,EA,RM-A,WMS
IM-0007991,2025-11-04 15:28:00,P03,MAT-026,PRD-057,RM_ISSUE,-686,EA,RM-B,WMS
IM-0007992,2026-06-17 11:11:00,P01,PRD-006,PRD-006,FG_SHIP,-3031,EA,RM-A,WMS
IM-0007993,2026-03-08 22:54:00,P03,MAT-033,PRD-022,RM_ISSUE,-812,EA,RM-B,WMS
IM-0007994,2026-04-25 04:29:00,P01,MAT-012,PRD-006,RM_RECEIPT,908,EA,FG-01,WMS
IM-0007995,2026-06-12 15:22:00,P02,MAT-004,PRD-048,RM_ISSUE,-2849,EA,FG-01,WMS
IM-0007996,2025-08-17 10:19:00,P01,MAT-033,PRD-017,RM_ISSUE,-3541,EA,FG-01,WMS
IM-0007997,2026-01-18 14:49:00,P02,MAT-030,PRD-009,RM_ISSUE,-5526,EA,WIP-01,WMS
IM-0007998,2025-11-03 08:10:00,P03,PRD-043,PRD-043,FG_SHIP,-2660,EA,FG-01,WMS
IM-0007999,2025-11-26 00:36:00,P01,MAT-035,PRD-016,RM_RECEIPT,971,EA,WIP-01,WMS
IM-0008000,2026-05-05 23:36:00,P01,MAT-018,PRD-050,RM_ISSUE,-1894,EA,FG-01,WMS
IM-0008001,2026-06-03 17:19:00,P03,PRD-056,PRD-056,FG_SHIP,-1892,EA,FG-02,WMS
IM-0008002,2026-02-11 05:23:00,P01,MAT-015,PRD-025,RM_ISSUE,-3774,EA,RM-B,WMS
IM-0008003,2026-01-30 21:01:00,P02,PRD-048,PRD-048,FG_SHIP,-4203,EA,RM-B,WMS
IM-0008004,2025-10-05 01:32:00,P02,PRD-003,PRD-003,FG_RECEIPT,1339,EA,FG-01,WMS
IM-0008005,2026-01-22 14:12:00,P01,PRD-043,PRD-043,FG_RECEIPT,1026,EA,RM-B,WMS
IM-0008006,2025-10-16 08:55:00,P03,PRD-056,PRD-056,FG_SHIP,-911,EA,FG-02,WMS
IM-0008007,2026-03-09 18:43:00,P01,MAT-026,PRD-059,RM_ISSUE,-1203,EA,FG-02,WMS
IM-0008008,2025-12-14 13:38:00,P03,PRD-052,PRD-052,FG_RECEIPT,1270,EA,WIP-01,WMS
IM-0008009,2025-08-05 06:51:00,P03,MAT-015,PRD-025,RM_ISSUE,-2175,EA,WIP-01,WMS
IM-0008010,2026-03-17 19:06:00,P01,MAT-037,PRD-080,RM_RECEIPT,1906,EA,WIP-01,WMS
IM-0008011,2025-08-31 01:13:00,P02,PRD-039,PRD-039,FG_SHIP,-1283,EA,FG-01,WMS
IM-0008012,2026-03-08 18:08:00,P02,MAT-019,PRD-071,RM_ISSUE,-1555,EA,RM-A,WMS
IM-0008013,2025-09-05 04:56:00,P03,MAT-004,PRD-048,RM_ISSUE,-1734,EA,RM-B,WMS
IM-0008014,2026-05-10 18:17:00,P01,MAT-016,PRD-029,RM_RECEIPT,4308,EA,RM-A,WMS
IM-0008015,2025-10-25 05:12:00,P03,MAT-010,PRD-037,RM_RECEIPT,1227,EA,FG-01,WMS
IM-0008016,2026-04-16 16:06:00,P02,PRD-065,PRD-065,FG_SHIP,-6061,EA,RM-B,WMS
IM-0008017,2026-02-02 18:06:00,P03,MAT-020,PRD-010,RM_RECEIPT,2767,EA,RM-A,WMS
IM-0008018,2026-04-12 18:42:00,P02,PRD-070,PRD-070,FG_RECEIPT,5511,EA,RM-B,WMS
IM-0008019,2026-03-20 09:17:00,P01,PRD-005,PRD-005,FG_SHIP,-415,EA,RM-A,WMS
IM-0008020,2026-02-06 03:06:00,P01,MAT-014,PRD-068,RM_ISSUE,-4130,EA,WIP-01,WMS
IM-0008021,2025-08-20 14:27:00,P02,PRD-053,PRD-053,FG_RECEIPT,2781,EA,FG-02,WMS
IM-0008022,2025-09-29 00:09:00,P03,MAT-012,PRD-011,RM_RECEIPT,964,EA,FG-02,WMS
IM-0008023,2026-01-06 22:32:00,P03,MAT-026,PRD-059,RM_ISSUE,-2783,EA,FG-02,WMS
IM-0008024,2026-02-12 11:59:00,P01,PRD-026,PRD-026,ADJUSTMENT,1571,EA,WIP-01,WMS
IM-0008025,2026-04-02 07:07:00,P03,PRD-065,PRD-065,FG_SHIP,-3058,EA,RM-A,WMS
IM-0008026,2025-10-27 11:42:00,P03,MAT-032,PRD-077,RM_ISSUE,-4712,EA,WIP-01,WMS
IM-0008027,2026-06-28 18:54:00,P03,MAT-030,PRD-041,RM_RECEIPT,4155,EA,FG-01,WMS
IM-0008028,2025-09-08 07:47:00,P02,MAT-033,PRD-022,RM_RECEIPT,2976,EA,FG-02,WMS
IM-0008029,2025-12-20 20:23:00,P03,MAT-018,PRD-078,RM_RECEIPT,3668,EA,RM-B,WMS
IM-0008030,2025-12-05 10:40:00,P02,MAT-032,PRD-077,RM_ISSUE,-1160,EA,RM-A,WMS
IM-0008031,2025-10-06 17:26:00,P01,PRD-031,PRD-031,FG_SHIP,-3537,EA,RM-B,WMS
IM-0008032,2025-09-27 18:23:00,P03,MAT-023,PRD-007,RM_ISSUE,-2112,EA,FG-01,WMS
IM-0008033,2026-02-16 20:45:00,P03,PRD-016,PRD-016,FG_SHIP,-5577,EA,FG-02,WMS
IM-0008034,2025-08-13 09:36:00,P03,PRD-076,PRD-076,FG_RECEIPT,6643,EA,WIP-01,WMS
IM-0008035,2026-03-10 03:28:00,P02,PRD-006,PRD-006,ADJUSTMENT,11100,EA,FG-01,WMS
IM-0008036,2026-01-25 15:44:00,P03,PRD-029,PRD-029,FG_SHIP,-3399,EA,FG-02,WMS
IM-0008037,2026-06-19 14:28:00,P01,PRD-072,PRD-072,ADJUSTMENT,949,EA,WIP-01,WMS
IM-0008038,2026-05-25 23:01:00,P01,PRD-038,PRD-038,FG_RECEIPT,3990,EA,WIP-01,WMS
IM-0008039,2026-05-11 06:20:00,P01,MAT-023,PRD-007,RM_RECEIPT,807,EA,RM-B,WMS
IM-0008040,2026-02-28 01:41:00,P02,PRD-005,PRD-005,FG_SHIP,-4918,EA,FG-02,WMS
IM-0008041,2025-08-04 17:14:00,P01,PRD-013,PRD-013,ADJUSTMENT,1565,EA,FG-01,WMS
IM-0008042,2026-04-25 10:16:00,P02,PRD-018,PRD-018,FG_RECEIPT,1088,EA,FG-01,WMS
IM-0008043,2026-06-23 09:37:00,P01,MAT-007,PRD-055,RM_RECEIPT,1099,EA,RM-B,WMS
IM-0008044,2025-12-17 11:20:00,P03,MAT-033,PRD-017,RM_ISSUE,-971,EA,RM-A,WMS
IM-0008045,2026-07-15 11:29:00,P02,MAT-001,PRD-074,RM_RECEIPT,1787,EA,WIP-01,WMS
IM-0008046,2026-05-23 12:00:00,P03,PRD-020,PRD-020,FG_RECEIPT,868,EA,RM-A,WMS
IM-0008047,2025-10-08 05:58:00,P01,PRD-006,PRD-006,FG_RECEIPT,2136,EA,FG-01,WMS
IM-0008048,2026-06-20 12:59:00,P02,MAT-007,PRD-055,RM_ISSUE,-2383,EA,FG-01,WMS
IM-0008049,2025-11-27 17:56:00,P03,MAT-001,PRD-056,RM_ISSUE,-16676,EA,FG-02,WMS
IM-0008050,2026-06-28 10:31:00,P02,MAT-032,PRD-015,RM_ISSUE,-1228,EA,FG-02,WMS
IM-0008051,2026-06-16 12:22:00,P02,MAT-017,PRD-079,RM_RECEIPT,439,EA,RM-B,WMS
IM-0008052,2025-10-30 13:14:00,P02,PRD-061,PRD-061,FG_SHIP,-1413,EA,FG-01,WMS
IM-0008053,2026-07-23 11:24:00,P02,PRD-070,PRD-070,FG_RECEIPT,583,EA,FG-01,WMS
IM-0008054,2025-09-26 04:42:00,P02,MAT-032,PRD-015,RM_RECEIPT,360,EA,FG-02,WMS
IM-0008055,2026-01-16 05:02:00,P03,PRD-066,PRD-066,FG_RECEIPT,2793,EA,RM-A,WMS
IM-0008056,2025-12-16 00:27:00,P02,MAT-015,PRD-034,RM_ISSUE,-3150,EA,FG-01,WMS
IM-0008057,2026-06-26 18:12:00,P03,PRD-043,PRD-043,FG_RECEIPT,1790,EA,RM-B,WMS
IM-0008058,2025-08-06 10:33:00,P02,PRD-069,PRD-069,FG_RECEIPT,1036,EA,WIP-01,WMS
IM-0008059,2025-12-22 23:14:00,P02,MAT-016,PRD-029,RM_ISSUE,-1493,EA,FG-01,WMS
IM-0008060,2026-02-17 17:58:00,P03,PRD-008,PRD-008,FG_SHIP,-757,EA,RM-A,WMS
IM-0008061,2026-02-28 19:35:00,P03,MAT-026,PRD-046,RM_RECEIPT,1964,EA,WIP-01,WMS
IM-0008062,2025-11-03 18:10:00,P02,PRD-018,PRD-018,FG_RECEIPT,2209,EA,FG-01,WMS
IM-0008063,2025-12-24 03:15:00,P02,PRD-073,PRD-073,FG_SHIP,-1463,EA,WIP-01,WMS
IM-0008064,2025-10-26 09:04:00,P03,PRD-041,PRD-041,FG_SHIP,-1605,EA,RM-B,WMS
IM-0008065,2026-05-23 03:16:00,P01,PRD-050,PRD-050,FG_RECEIPT,1826,EA,RM-A,WMS
IM-0008066,2026-03-05 09:19:00,P02,MAT-032,PRD-005,RM_ISSUE,-3213,EA,RM-A,WMS
IM-0008067,2026-07-02 21:58:00,P01,PRD-075,PRD-075,ADJUSTMENT,2614,EA,RM-A,WMS
IM-0008068,2026-06-08 16:03:00,P01,PRD-056,PRD-056,FG_SHIP,-1846,EA,RM-B,WMS
IM-0008069,2026-07-11 18:14:00,P03,MAT-033,PRD-076,RM_RECEIPT,1535,EA,FG-02,WMS
IM-0008070,2026-07-16 09:04:00,P03,MAT-029,PRD-031,RM_ISSUE,-1009,EA,FG-01,WMS
IM-0008071,2026-01-20 08:34:00,P02,PRD-071,PRD-071,FG_RECEIPT,2464,EA,FG-02,WMS
IM-0008072,2026-04-20 05:21:00,P01,PRD-078,PRD-078,FG_RECEIPT,1901,EA,RM-B,WMS
IM-0008073,2025-10-28 07:53:00,P01,MAT-019,PRD-071,RM_RECEIPT,969,EA,FG-01,WMS
IM-0008074,2025-09-06 04:39:00,P03,MAT-031,PRD-043,RM_ISSUE,-2988,EA,WIP-01,WMS
IM-0008075,2025-10-03 13:41:00,P02,PRD-076,PRD-076,FG_RECEIPT,1671,EA,WIP-01,WMS
IM-0008076,2025-12-30 22:30:00,P01,MAT-018,PRD-067,RM_RECEIPT,718,EA,RM-A,WMS
IM-0008077,2026-05-12 21:42:00,P02,MAT-033,PRD-076,RM_RECEIPT,1412,EA,FG-01,WMS
IM-0008078,2026-04-18 21:13:00,P03,PRD-035,PRD-035,FG_SHIP,-2321,EA,WIP-01,WMS
IM-0008079,2026-07-22 16:35:00,P03,PRD-080,PRD-080,ADJUSTMENT,6541,EA,FG-01,WMS
IM-0008080,2025-11-25 09:35:00,P02,MAT-030,PRD-064,RM_ISSUE,-2893,EA,FG-02,WMS
IM-0008081,2026-01-21 09:11:00,P01,PRD-068,PRD-068,FG_RECEIPT,1053,EA,FG-01,WMS
IM-0008082,2026-06-17 17:56:00,P01,PRD-050,PRD-050,FG_RECEIPT,2530,EA,RM-B,WMS
IM-0008083,2025-09-10 23:05:00,P02,PRD-002,PRD-002,FG_SHIP,-698,EA,WIP-01,WMS
IM-0008084,2026-05-16 00:22:00,P01,PRD-003,PRD-003,FG_RECEIPT,391,EA,FG-02,WMS
IM-0008085,2025-10-10 23:33:00,P02,MAT-035,PRD-066,RM_ISSUE,-961,EA,RM-B,WMS
IM-0008086,2026-03-17 03:38:00,P02,PRD-051,PRD-051,FG_RECEIPT,2068,EA,RM-B,WMS
IM-0008087,2026-04-28 05:52:00,P03,PRD-056,PRD-056,FG_RECEIPT,4311,EA,FG-01,WMS
IM-0008088,2026-07-13 18:15:00,P01,PRD-018,PRD-018,FG_RECEIPT,715,EA,FG-01,WMS
IM-0008089,2026-02-06 20:50:00,P03,MAT-030,PRD-062,RM_ISSUE,-2376,EA,FG-02,WMS
IM-0008090,2026-07-21 19:07:00,P03,PRD-028,PRD-028,FG_RECEIPT,2693,EA,FG-01,WMS
IM-0008091,2026-03-10 08:24:00,P01,PRD-007,PRD-007,FG_RECEIPT,693,EA,FG-02,WMS
IM-0008092,2025-08-26 03:27:00,P01,PRD-034,PRD-034,FG_SHIP,-954,EA,RM-A,WMS
IM-0008093,2025-08-22 14:05:00,P03,MAT-012,PRD-006,RM_ISSUE,-1487,EA,FG-01,WMS
IM-0008094,2026-04-30 13:41:00,P02,MAT-017,PRD-019,RM_ISSUE,-734,EA,FG-01,WMS
IM-0008095,2026-06-20 15:04:00,P03,MAT-018,PRD-002,RM_RECEIPT,475,EA,FG-02,WMS
IM-0008096,2026-02-19 18:39:00,P03,MAT-031,PRD-052,RM_RECEIPT,3228,EA,WIP-01,WMS
IM-0008097,2025-12-30 02:21:00,P01,PRD-022,PRD-022,FG_SHIP,-4661,EA,FG-01,WMS
IM-0008098,2026-03-11 20:16:00,P01,PRD-007,PRD-007,FG_SHIP,-2010,EA,WIP-01,WMS
IM-0008099,2026-03-03 08:52:00,P01,PRD-023,PRD-023,FG_SHIP,-1990,EA,FG-02,WMS
IM-0008100,2026-04-10 10:07:00,P03,PRD-076,PRD-076,FG_RECEIPT,1449,EA,WIP-01,WMS
IM-0008101,2026-03-07 00:13:00,P02,MAT-013,PRD-075,RM_RECEIPT,15078,EA,RM-A,WMS
IM-0008102,2026-06-30 23:58:00,P02,PRD-025,PRD-025,FG_RECEIPT,5094,EA,RM-B,WMS
IM-0008103,2026-02-26 08:17:00,P02,MAT-032,PRD-015,RM_ISSUE,-1075,EA,FG-01,WMS
IM-0008104,2025-10-10 21:43:00,P01,MAT-014,PRD-068,RM_RECEIPT,372,EA,RM-A,WMS
IM-0008105,2026-01-31 08:56:00,P03,MAT-016,PRD-029,RM_ISSUE,-1928,EA,FG-01,WMS
IM-0008106,2025-09-28 13:26:00,P03,PRD-020,PRD-020,FG_SHIP,-1358,EA,RM-B,WMS
IM-0008107,2025-08-10 23:11:00,P03,PRD-025,PRD-025,FG_SHIP,-3941,EA,RM-A,WMS
IM-0008108,2025-11-03 20:12:00,P02,MAT-003,PRD-049,RM_RECEIPT,1656,EA,FG-01,WMS
IM-0008109,2026-06-17 16:59:00,P01,PRD-032,PRD-032,FG_RECEIPT,2234,EA,RM-B,WMS
IM-0008110,2025-10-07 10:57:00,P01,MAT-022,PRD-073,RM_RECEIPT,3232,EA,WIP-01,WMS
IM-0008111,2025-08-11 23:25:00,P02,MAT-033,PRD-044,RM_ISSUE,-1615,EA,RM-A,WMS
IM-0008112,2026-07-06 19:52:00,P01,PRD-064,PRD-064,ADJUSTMENT,2253,EA,RM-B,WMS
IM-0008113,2026-07-15 05:47:00,P01,MAT-033,PRD-076,RM_ISSUE,-1256,EA,FG-01,WMS
IM-0008114,2026-06-14 11:22:00,P03,MAT-027,PRD-072,RM_ISSUE,-3043,EA,FG-01,WMS
IM-0008115,2026-06-19 20:33:00,P03,MAT-008,PRD-036,RM_ISSUE,-1401,EA,RM-B,WMS
IM-0008116,2026-06-22 08:12:00,P01,PRD-022,PRD-022,FG_SHIP,-2092,EA,FG-01,WMS
IM-0008117,2026-05-09 12:11:00,P03,PRD-067,PRD-067,FG_RECEIPT,683,EA,WIP-01,WMS
IM-0008118,2025-12-04 18:50:00,P03,MAT-022,PRD-042,RM_RECEIPT,2089,EA,FG-01,WMS
IM-0008119,2026-06-07 13:39:00,P01,PRD-035,PRD-035,FG_SHIP,-2571,EA,FG-02,WMS
IM-0008120,2025-11-26 19:43:00,P02,PRD-043,PRD-043,FG_SHIP,-4376,EA,FG-02,WMS
IM-0008121,2026-04-22 01:18:00,P02,MAT-025,PRD-035,RM_RECEIPT,1675,EA,RM-B,WMS
IM-0008122,2025-11-14 07:03:00,P02,MAT-018,PRD-026,RM_ISSUE,-1136,EA,FG-01,WMS
IM-0008123,2025-12-04 12:06:00,P03,MAT-032,PRD-015,RM_RECEIPT,1945,EA,FG-01,WMS
IM-0008124,2026-04-17 01:04:00,P03,PRD-043,PRD-043,FG_RECEIPT,2138,EA,RM-B,WMS
IM-0008125,2026-06-22 19:24:00,P03,PRD-061,PRD-061,FG_RECEIPT,6713,EA,RM-B,WMS
IM-0008126,2026-03-12 01:37:00,P02,MAT-012,PRD-006,RM_ISSUE,-1379,EA,FG-01,WMS
IM-0008127,2025-08-16 19:03:00,P03,PRD-006,PRD-006,FG_RECEIPT,3052,EA,RM-B,WMS
IM-0008128,2026-03-25 14:04:00,P02,MAT-012,PRD-006,RM_RECEIPT,587,EA,FG-01,WMS
IM-0008129,2026-01-11 14:16:00,P01,PRD-036,PRD-036,FG_RECEIPT,540,EA,FG-02,WMS
IM-0008130,2026-04-10 23:53:00,P02,PRD-006,PRD-006,FG_RECEIPT,1512,EA,FG-02,WMS
IM-0008131,2026-04-16 13:00:00,P03,MAT-013,PRD-075,RM_RECEIPT,802,EA,FG-01,WMS
IM-0008132,2026-07-16 20:40:00,P01,MAT-031,PRD-052,RM_RECEIPT,1142,EA,FG-01,WMS
IM-0008133,2026-03-07 13:58:00,P02,PRD-050,PRD-050,FG_SHIP,-1882,EA,RM-A,WMS
IM-0008134,2026-01-24 06:23:00,P01,PRD-074,PRD-074,FG_RECEIPT,1736,EA,RM-B,WMS
IM-0008135,2026-03-26 20:10:00,P03,PRD-051,PRD-051,FG_RECEIPT,1721,EA,FG-01,WMS
IM-0008136,2026-03-09 15:34:00,P01,PRD-064,PRD-064,FG_RECEIPT,4859,EA,FG-02,WMS
IM-0008137,2026-01-12 00:25:00,P01,MAT-018,PRD-002,RM_RECEIPT,4436,EA,RM-A,WMS
IM-0008138,2026-05-03 10:29:00,P03,MAT-023,PRD-007,RM_RECEIPT,3312,EA,FG-02,WMS
IM-0008139,2025-08-05 13:05:00,P01,PRD-029,PRD-029,FG_SHIP,-1967,EA,RM-A,WMS
IM-0008140,2025-09-28 10:12:00,P01,MAT-022,PRD-047,RM_RECEIPT,619,EA,RM-B,WMS
IM-0008141,2025-10-13 01:45:00,P03,PRD-036,PRD-036,FG_SHIP,-708,EA,WIP-01,WMS
IM-0008142,2026-04-17 06:08:00,P02,MAT-037,PRD-018,RM_ISSUE,-1479,EA,FG-02,WMS
IM-0008143,2026-05-29 09:30:00,P01,MAT-022,PRD-023,RM_ISSUE,-2622,EA,FG-02,WMS
IM-0008144,2026-05-27 16:19:00,P02,PRD-032,PRD-032,FG_SHIP,-1913,EA,RM-A,WMS
IM-0008145,2026-07-22 01:01:00,P03,MAT-035,PRD-016,RM_ISSUE,-2176,EA,FG-01,WMS
IM-0008146,2026-05-04 14:12:00,P01,MAT-032,PRD-077,RM_RECEIPT,3131,EA,WIP-01,WMS
IM-0008147,2026-01-20 12:24:00,P03,PRD-046,PRD-046,FG_SHIP,-1595,EA,WIP-01,WMS
IM-0008148,2026-06-29 12:18:00,P02,MAT-003,PRD-014,RM_RECEIPT,635,EA,FG-01,WMS
IM-0008149,2026-05-18 00:52:00,P03,PRD-007,PRD-007,FG_SHIP,-3736,EA,FG-02,WMS
IM-0008150,2026-01-26 10:52:00,P03,MAT-033,PRD-022,RM_RECEIPT,1212,EA,RM-A,WMS
IM-0008151,2025-12-30 01:49:00,P02,PRD-056,PRD-056,ADJUSTMENT,1371,EA,WIP-01,WMS
IM-0008152,2025-10-11 06:53:00,P03,PRD-054,PRD-054,FG_RECEIPT,4583,EA,RM-B,WMS
IM-0008153,2025-11-27 17:29:00,P03,PRD-049,PRD-049,FG_SHIP,-4652,EA,RM-A,WMS
IM-0008154,2026-04-08 15:55:00,P02,MAT-017,PRD-079,RM_RECEIPT,8263,EA,FG-02,WMS
IM-0008155,2025-12-10 17:17:00,P03,PRD-072,PRD-072,FG_RECEIPT,586,EA,FG-01,WMS
IM-0008156,2025-09-06 04:50:00,P01,MAT-030,PRD-064,RM_ISSUE,-735,EA,RM-B,WMS
IM-0008157,2025-09-22 09:11:00,P03,PRD-013,PRD-013,FG_SHIP,-2126,EA,FG-02,WMS
IM-0008158,2026-02-22 08:03:00,P03,PRD-057,PRD-057,FG_SHIP,-900,EA,RM-A,WMS
IM-0008159,2026-01-09 15:10:00,P02,MAT-037,PRD-080,RM_ISSUE,-5283,EA,FG-02,WMS
IM-0008160,2026-02-19 12:45:00,P02,PRD-057,PRD-057,FG_SHIP,-3614,EA,RM-A,WMS
IM-0008161,2026-05-03 01:13:00,P01,PRD-014,PRD-014,FG_SHIP,-2560,EA,RM-A,WMS
IM-0008162,2025-08-06 20:48:00,P03,MAT-029,PRD-031,RM_ISSUE,-2599,EA,RM-B,WMS
IM-0008163,2025-10-30 05:03:00,P02,MAT-007,PRD-055,RM_RECEIPT,3180,EA,WIP-01,WMS
IM-0008164,2026-04-27 22:37:00,P02,MAT-008,PRD-036,RM_ISSUE,-2554,EA,RM-B,WMS
IM-0008165,2026-01-25 10:08:00,P01,PRD-015,PRD-015,FG_SHIP,-1177,EA,WIP-01,WMS
IM-0008166,2025-10-15 23:55:00,P01,PRD-022,PRD-022,FG_SHIP,-7917,EA,RM-B,WMS
IM-0008167,2026-07-14 10:01:00,P03,PRD-080,PRD-080,FG_RECEIPT,7030,EA,RM-B,WMS
IM-0008168,2026-06-22 01:00:00,P03,PRD-006,PRD-006,FG_SHIP,-1922,EA,FG-02,WMS
IM-0008169,2026-05-10 02:03:00,P03,MAT-001,PRD-056,RM_ISSUE,-3711,EA,FG-01,WMS
IM-0008170,2025-12-05 09:03:00,P02,MAT-007,PRD-055,RM_RECEIPT,5125,EA,FG-02,WMS
IM-0008171,2025-09-29 14:34:00,P01,MAT-033,PRD-076,RM_RECEIPT,757,EA,RM-A,WMS
IM-0008172,2026-03-04 09:03:00,P02,MAT-001,PRD-056,RM_ISSUE,-2359,EA,RM-B,WMS
IM-0008173,2026-05-23 01:55:00,P01,PRD-004,PRD-004,FG_RECEIPT,1804,EA,FG-01,WMS
IM-0008174,2026-07-28 08:58:00,P01,MAT-013,PRD-075,RM_RECEIPT,1233,EA,FG-01,WMS
IM-0008175,2026-03-21 14:48:00,P03,PRD-047,PRD-047,FG_RECEIPT,4905,EA,WIP-01,WMS
IM-0008176,2025-10-13 11:51:00,P03,PRD-061,PRD-061,FG_RECEIPT,197,EA,FG-02,WMS
IM-0008177,2026-04-28 10:21:00,P01,MAT-019,PRD-071,RM_ISSUE,-491,EA,RM-A,WMS
IM-0008178,2026-05-26 08:35:00,P03,PRD-053,PRD-053,FG_RECEIPT,4620,EA,FG-01,WMS
IM-0008179,2025-11-11 07:33:00,P03,PRD-037,PRD-037,FG_SHIP,-946,EA,WIP-01,WMS
IM-0008180,2025-08-11 23:25:00,P03,PRD-072,PRD-072,FG_SHIP,-1193,EA,WIP-01,WMS
IM-0008181,2026-06-06 08:53:00,P03,PRD-002,PRD-002,FG_RECEIPT,10432,EA,RM-A,WMS
IM-0008182,2026-04-19 15:01:00,P02,MAT-017,PRD-019,RM_RECEIPT,2242,EA,FG-01,WMS
IM-0008183,2026-07-21 19:20:00,P02,MAT-024,PRD-013,RM_RECEIPT,2172,EA,WIP-01,WMS
IM-0008184,2026-02-02 18:57:00,P01,PRD-009,PRD-009,FG_SHIP,-643,EA,FG-01,WMS
IM-0008185,2025-12-25 08:18:00,P01,PRD-010,PRD-010,FG_SHIP,-1096,EA,RM-B,WMS
IM-0008186,2026-07-24 20:41:00,P03,PRD-002,PRD-002,ADJUSTMENT,5018,EA,WIP-01,WMS
IM-0008187,2026-01-26 22:22:00,P02,MAT-018,PRD-078,RM_ISSUE,-14080,EA,RM-B,WMS
IM-0008188,2025-10-09 07:24:00,P03,PRD-006,PRD-006,FG_RECEIPT,687,EA,RM-B,WMS
IM-0008189,2026-04-26 01:05:00,P01,PRD-006,PRD-006,FG_RECEIPT,2731,EA,RM-A,WMS
IM-0008190,2026-06-23 20:45:00,P02,MAT-018,PRD-026,RM_ISSUE,-1373,EA,FG-02,WMS
IM-0008191,2026-04-22 02:13:00,P03,MAT-031,PRD-043,RM_ISSUE,-570,EA,FG-02,WMS
IM-0008192,2025-08-23 03:49:00,P01,PRD-034,PRD-034,FG_SHIP,-1513,EA,RM-A,WMS
IM-0008193,2026-02-20 21:45:00,P01,PRD-015,PRD-015,ADJUSTMENT,720,EA,WIP-01,WMS
IM-0008194,2025-12-26 22:46:00,P03,PRD-041,PRD-041,FG_RECEIPT,610,EA,RM-B,WMS
IM-0008195,2026-05-11 19:13:00,P02,MAT-030,PRD-064,RM_RECEIPT,668,EA,WIP-01,WMS
IM-0008196,2026-04-12 08:49:00,P03,PRD-077,PRD-077,FG_RECEIPT,2421,EA,FG-01,WMS
IM-0008197,2026-01-26 21:53:00,P03,MAT-010,PRD-063,RM_RECEIPT,479,EA,RM-A,WMS
IM-0008198,2026-07-21 20:34:00,P01,PRD-031,PRD-031,FG_RECEIPT,889,EA,RM-A,WMS
IM-0008199,2025-10-26 01:11:00,P02,PRD-075,PRD-075,FG_RECEIPT,1115,EA,RM-A,WMS
IM-0008200,2026-03-02 12:24:00,P03,PRD-021,PRD-021,FG_RECEIPT,3595,EA,FG-02,WMS
IM-0008201,2026-01-08 07:31:00,P01,PRD-020,PRD-020,FG_RECEIPT,3289,EA,FG-02,WMS
IM-0008202,2026-07-31 08:00:00,P02,MAT-018,PRD-030,RM_ISSUE,-196,EA,FG-02,WMS
IM-0008203,2026-02-15 12:34:00,P03,PRD-003,PRD-003,FG_SHIP,-1122,EA,RM-A,WMS
IM-0008204,2026-06-08 21:45:00,P01,MAT-008,PRD-065,RM_RECEIPT,520,EA,WIP-01,WMS
IM-0008205,2025-08-03 23:15:00,P01,PRD-046,PRD-046,FG_RECEIPT,1395,EA,FG-01,WMS
IM-0008206,2026-04-25 02:43:00,P02,PRD-066,PRD-066,FG_RECEIPT,1587,EA,FG-01,WMS
IM-0008207,2026-01-19 07:22:00,P02,MAT-020,PRD-010,RM_RECEIPT,2281,EA,FG-01,WMS
IM-0008208,2026-01-09 21:07:00,P01,PRD-044,PRD-044,ADJUSTMENT,1831,EA,WIP-01,WMS
IM-0008209,2026-04-07 08:41:00,P02,MAT-018,PRD-030,RM_RECEIPT,16865,EA,RM-A,WMS
IM-0008210,2025-10-13 11:55:00,P03,MAT-032,PRD-077,RM_ISSUE,-4382,EA,FG-02,WMS
IM-0008211,2026-01-10 23:44:00,P03,MAT-005,PRD-058,RM_ISSUE,-1709,EA,FG-01,WMS
IM-0008212,2026-02-10 19:40:00,P02,MAT-005,PRD-058,RM_ISSUE,-807,EA,FG-02,WMS
IM-0008213,2025-08-25 00:49:00,P01,PRD-040,PRD-040,ADJUSTMENT,5761,EA,RM-A,WMS
IM-0008214,2025-09-24 05:00:00,P03,MAT-027,PRD-061,RM_RECEIPT,2137,EA,FG-01,WMS
IM-0008215,2026-01-13 00:58:00,P03,PRD-014,PRD-014,FG_SHIP,-561,EA,RM-A,WMS
IM-0008216,2025-09-08 18:36:00,P02,MAT-017,PRD-019,RM_RECEIPT,2644,EA,RM-B,WMS
IM-0008217,2026-05-30 22:37:00,P01,PRD-041,PRD-041,FG_RECEIPT,447,EA,WIP-01,WMS
IM-0008218,2026-03-09 15:25:00,P03,MAT-018,PRD-030,RM_RECEIPT,2027,EA,FG-01,WMS
IM-0008219,2025-11-12 08:03:00,P01,PRD-021,PRD-021,FG_RECEIPT,10236,EA,RM-A,WMS
IM-0008220,2026-01-27 01:06:00,P03,MAT-018,PRD-026,RM_ISSUE,-3681,EA,RM-A,WMS
IM-0008221,2026-03-13 15:04:00,P02,MAT-035,PRD-066,RM_RECEIPT,1386,EA,RM-B,WMS
IM-0008222,2026-02-21 06:17:00,P03,MAT-005,PRD-024,RM_ISSUE,-2627,EA,WIP-01,WMS
IM-0008223,2025-12-04 23:39:00,P01,PRD-058,PRD-058,FG_RECEIPT,3555,EA,FG-01,WMS
IM-0008224,2025-08-21 16:54:00,P02,MAT-032,PRD-015,RM_RECEIPT,3508,EA,RM-A,WMS
IM-0008225,2026-07-06 10:21:00,P03,MAT-026,PRD-046,RM_ISSUE,-10453,EA,RM-B,WMS
IM-0008226,2026-06-09 18:54:00,P03,MAT-030,PRD-062,RM_RECEIPT,7880,EA,FG-02,WMS
IM-0008227,2025-12-04 13:03:00,P01,MAT-030,PRD-060,RM_ISSUE,-6701,EA,RM-A,WMS
IM-0008228,2025-09-13 05:55:00,P02,MAT-018,PRD-050,RM_ISSUE,-8085,EA,RM-A,WMS
IM-0008229,2026-07-01 12:15:00,P03,PRD-045,PRD-045,FG_RECEIPT,2291,EA,FG-02,WMS
IM-0008230,2025-08-11 09:31:00,P01,MAT-002,PRD-069,RM_RECEIPT,875,EA,RM-B,WMS
IM-0008231,2026-04-23 23:28:00,P02,PRD-007,PRD-007,FG_SHIP,-2189,EA,FG-01,WMS
IM-0008232,2026-05-23 06:30:00,P01,MAT-037,PRD-018,RM_RECEIPT,4191,EA,RM-B,WMS
IM-0008233,2025-10-09 18:32:00,P03,MAT-010,PRD-027,RM_ISSUE,-2118,EA,FG-02,WMS
IM-0008234,2025-10-11 11:47:00,P02,MAT-015,PRD-025,RM_ISSUE,-6274,EA,RM-B,WMS
IM-0008235,2025-08-29 18:42:00,P03,PRD-014,PRD-014,ADJUSTMENT,497,EA,WIP-01,WMS
IM-0008236,2025-11-16 16:12:00,P02,MAT-031,PRD-008,RM_RECEIPT,2100,EA,WIP-01,WMS
IM-0008237,2025-11-27 00:35:00,P01,MAT-026,PRD-057,RM_ISSUE,-14819,EA,FG-01,WMS
IM-0008238,2025-09-03 10:55:00,P03,PRD-074,PRD-074,FG_RECEIPT,3510,EA,RM-B,WMS
IM-0008239,2026-02-01 08:40:00,P02,MAT-004,PRD-032,RM_ISSUE,-3029,EA,WIP-01,WMS
IM-0008240,2026-07-30 14:17:00,P03,MAT-003,PRD-014,RM_RECEIPT,969,EA,FG-02,WMS
IM-0008241,2026-03-11 11:13:00,P01,PRD-008,PRD-008,FG_RECEIPT,3200,EA,WIP-01,WMS
IM-0008242,2025-11-14 20:25:00,P02,PRD-037,PRD-037,FG_SHIP,-1208,EA,RM-B,WMS
IM-0008243,2026-04-04 07:46:00,P02,PRD-018,PRD-018,FG_RECEIPT,1643,EA,FG-02,WMS
IM-0008244,2026-01-13 09:50:00,P01,MAT-037,PRD-018,RM_RECEIPT,5028,EA,WIP-01,WMS
IM-0008245,2025-09-08 12:53:00,P03,PRD-047,PRD-047,FG_RECEIPT,1362,EA,WIP-01,WMS
IM-0008246,2025-10-11 17:38:00,P01,PRD-004,PRD-004,FG_RECEIPT,2241,EA,RM-B,WMS
IM-0008247,2026-05-05 07:00:00,P02,MAT-012,PRD-006,RM_ISSUE,-1679,EA,RM-A,WMS
IM-0008248,2025-08-31 17:06:00,P03,MAT-032,PRD-038,RM_RECEIPT,1006,EA,WIP-01,WMS
IM-0008249,2025-10-15 03:17:00,P03,MAT-030,PRD-064,RM_RECEIPT,1110,EA,FG-01,WMS
IM-0008250,2026-04-17 00:34:00,P03,PRD-079,PRD-079,ADJUSTMENT,1744,EA,RM-B,WMS
IM-0008251,2025-12-29 06:19:00,P01,MAT-033,PRD-022,RM_RECEIPT,1368,EA,RM-A,WMS
IM-0008252,2026-05-23 13:44:00,P03,MAT-005,PRD-058,RM_RECEIPT,1940,EA,RM-A,WMS
IM-0008253,2026-01-09 04:15:00,P02,MAT-007,PRD-055,RM_ISSUE,-5121,EA,RM-B,WMS
IM-0008254,2026-04-26 15:15:00,P02,MAT-030,PRD-060,RM_ISSUE,-1521,EA,FG-02,WMS
IM-0008255,2026-06-04 10:37:00,P01,MAT-018,PRD-078,RM_RECEIPT,7261,EA,WIP-01,WMS
IM-0008256,2026-06-17 19:42:00,P02,MAT-006,PRD-001,RM_ISSUE,-2015,EA,FG-02,WMS
IM-0008257,2025-11-15 18:53:00,P03,MAT-037,PRD-080,RM_ISSUE,-757,EA,FG-01,WMS
IM-0008258,2025-11-17 07:53:00,P02,MAT-004,PRD-040,RM_RECEIPT,1196,EA,FG-02,WMS
IM-0008259,2026-01-07 13:38:00,P01,MAT-001,PRD-056,RM_ISSUE,-673,EA,WIP-01,WMS
IM-0008260,2026-07-10 10:39:00,P03,MAT-033,PRD-017,RM_ISSUE,-1246,EA,RM-A,WMS
IM-0008261,2025-08-21 07:21:00,P03,PRD-003,PRD-003,FG_RECEIPT,2012,EA,FG-01,WMS
IM-0008262,2026-01-14 04:34:00,P03,PRD-059,PRD-059,FG_RECEIPT,2343,EA,FG-02,WMS
IM-0008263,2025-09-08 13:19:00,P01,PRD-005,PRD-005,ADJUSTMENT,1738,EA,RM-B,WMS
IM-0008264,2025-11-18 11:25:00,P01,MAT-018,PRD-067,RM_RECEIPT,4917,EA,RM-A,WMS
IM-0008265,2026-07-19 03:09:00,P01,PRD-029,PRD-029,FG_SHIP,-2094,EA,WIP-01,WMS
IM-0008266,2025-10-15 10:41:00,P03,PRD-008,PRD-008,FG_RECEIPT,530,EA,WIP-01,WMS
IM-0008267,2025-10-26 16:01:00,P03,MAT-036,PRD-020,RM_RECEIPT,4595,EA,RM-B,WMS
IM-0008268,2026-02-16 09:29:00,P03,MAT-026,PRD-057,RM_ISSUE,-4320,EA,FG-02,WMS
IM-0008269,2025-10-22 07:22:00,P01,PRD-050,PRD-050,FG_SHIP,-768,EA,RM-A,WMS
IM-0008270,2025-10-09 01:35:00,P02,PRD-026,PRD-026,FG_RECEIPT,789,EA,WIP-01,WMS
IM-0008271,2025-11-29 03:37:00,P02,PRD-010,PRD-010,ADJUSTMENT,2146,EA,RM-A,WMS
IM-0008272,2026-01-12 19:26:00,P01,PRD-047,PRD-047,FG_RECEIPT,2070,EA,FG-02,WMS
IM-0008273,2025-08-13 09:06:00,P02,MAT-029,PRD-031,RM_ISSUE,-2481,EA,FG-02,WMS
IM-0008274,2026-02-19 18:15:00,P02,PRD-012,PRD-012,FG_RECEIPT,872,EA,FG-01,WMS
IM-0008275,2026-02-16 08:51:00,P01,MAT-024,PRD-003,RM_ISSUE,-446,EA,RM-A,WMS
IM-0008276,2026-02-22 10:18:00,P02,PRD-066,PRD-066,FG_RECEIPT,390,EA,RM-B,WMS
IM-0008277,2025-09-20 04:42:00,P02,MAT-032,PRD-038,RM_ISSUE,-3073,EA,RM-B,WMS
IM-0008278,2026-01-16 07:24:00,P01,MAT-022,PRD-073,RM_RECEIPT,1031,EA,WIP-01,WMS
IM-0008279,2026-06-13 09:28:00,P01,MAT-019,PRD-071,RM_ISSUE,-537,EA,FG-02,WMS
IM-0008280,2025-12-23 08:21:00,P02,PRD-025,PRD-025,FG_RECEIPT,2179,EA,WIP-01,WMS
IM-0008281,2025-08-04 21:21:00,P02,MAT-005,PRD-024,RM_RECEIPT,2304,EA,RM-B,WMS
IM-0008282,2026-02-05 12:20:00,P02,MAT-033,PRD-017,RM_ISSUE,-1903,EA,RM-B,WMS
IM-0008283,2025-11-15 11:06:00,P02,MAT-026,PRD-046,RM_RECEIPT,707,EA,FG-01,WMS
IM-0008284,2025-08-07 10:52:00,P02,MAT-012,PRD-006,RM_ISSUE,-4028,EA,FG-01,WMS
IM-0008285,2025-12-30 04:57:00,P02,MAT-027,PRD-072,RM_RECEIPT,1787,EA,RM-B,WMS
IM-0008286,2025-09-10 12:30:00,P02,MAT-022,PRD-073,RM_ISSUE,-1915,EA,RM-B,WMS
IM-0008287,2026-03-07 17:41:00,P02,MAT-031,PRD-008,RM_ISSUE,-569,EA,FG-02,WMS
IM-0008288,2025-12-22 14:19:00,P01,PRD-015,PRD-015,ADJUSTMENT,711,EA,RM-A,WMS
IM-0008289,2026-04-13 01:32:00,P02,PRD-014,PRD-014,FG_RECEIPT,8535,EA,RM-B,WMS
IM-0008290,2025-10-01 09:19:00,P01,PRD-028,PRD-028,FG_SHIP,-6394,EA,RM-A,WMS
IM-0008291,2026-06-30 20:40:00,P02,MAT-018,PRD-002,RM_RECEIPT,869,EA,RM-B,WMS
IM-0008292,2026-02-16 00:06:00,P03,PRD-064,PRD-064,FG_RECEIPT,5017,EA,FG-01,WMS
IM-0008293,2025-08-12 05:24:00,P03,MAT-031,PRD-043,RM_ISSUE,-2814,EA,WIP-01,WMS
IM-0008294,2026-05-23 18:24:00,P02,PRD-022,PRD-022,FG_RECEIPT,2934,EA,FG-02,WMS
IM-0008295,2026-07-01 11:01:00,P01,MAT-015,PRD-025,RM_ISSUE,-4444,EA,RM-B,WMS
IM-0008296,2026-03-31 08:48:00,P02,MAT-015,PRD-034,RM_ISSUE,-1288,EA,RM-B,WMS
IM-0008297,2026-02-21 23:14:00,P01,MAT-022,PRD-042,RM_RECEIPT,10718,EA,WIP-01,WMS
IM-0008298,2026-01-23 14:55:00,P01,PRD-056,PRD-056,FG_RECEIPT,999,EA,FG-02,WMS
IM-0008299,2025-11-17 07:25:00,P03,MAT-037,PRD-051,RM_RECEIPT,1803,EA,RM-A,WMS
IM-0008300,2026-01-09 08:48:00,P01,MAT-029,PRD-045,RM_ISSUE,-1482,EA,RM-B,WMS
IM-0008301,2025-08-28 16:11:00,P01,MAT-008,PRD-036,RM_ISSUE,-1693,EA,FG-02,WMS
IM-0008302,2026-05-18 22:42:00,P03,PRD-017,PRD-017,FG_SHIP,-3002,EA,RM-B,WMS
IM-0008303,2026-03-28 05:30:00,P03,MAT-035,PRD-016,RM_RECEIPT,927,EA,RM-B,WMS
IM-0008304,2025-08-13 11:37:00,P01,PRD-025,PRD-025,FG_SHIP,-2927,EA,RM-B,WMS
IM-0008305,2026-05-26 14:55:00,P03,MAT-005,PRD-033,RM_RECEIPT,2497,EA,FG-01,WMS
IM-0008306,2025-11-18 05:18:00,P02,PRD-031,PRD-031,FG_RECEIPT,1303,EA,RM-A,WMS
IM-0008307,2025-12-10 00:08:00,P01,MAT-010,PRD-063,RM_RECEIPT,4193,EA,RM-B,WMS
IM-0008308,2025-10-31 18:12:00,P01,MAT-018,PRD-002,RM_ISSUE,-924,EA,RM-B,WMS
IM-0008309,2026-02-18 14:45:00,P02,PRD-013,PRD-013,FG_RECEIPT,4073,EA,RM-B,WMS
IM-0008310,2026-04-13 08:21:00,P01,MAT-012,PRD-011,RM_RECEIPT,4900,EA,FG-02,WMS
IM-0008311,2026-06-10 09:38:00,P02,MAT-008,PRD-065,RM_RECEIPT,4135,EA,FG-01,WMS
IM-0008312,2026-04-17 11:56:00,P02,MAT-006,PRD-001,RM_RECEIPT,2810,EA,FG-01,WMS
IM-0008313,2025-08-13 10:58:00,P01,PRD-034,PRD-034,FG_SHIP,-2591,EA,RM-A,WMS
IM-0008314,2025-11-01 07:28:00,P02,PRD-063,PRD-063,ADJUSTMENT,620,EA,WIP-01,WMS
IM-0008315,2026-02-08 01:52:00,P03,MAT-018,PRD-078,RM_ISSUE,-663,EA,RM-B,WMS
IM-0008316,2026-02-04 04:10:00,P02,PRD-067,PRD-067,ADJUSTMENT,431,EA,FG-02,WMS
IM-0008317,2025-08-08 08:19:00,P02,MAT-032,PRD-038,RM_RECEIPT,1869,EA,FG-02,WMS
IM-0008318,2025-11-14 15:03:00,P02,PRD-018,PRD-018,FG_RECEIPT,3853,EA,RM-B,WMS
IM-0008319,2025-11-08 01:11:00,P03,PRD-070,PRD-070,FG_SHIP,-5267,EA,FG-01,WMS
IM-0008320,2026-03-20 01:49:00,P01,MAT-029,PRD-045,RM_ISSUE,-993,EA,WIP-01,WMS
IM-0008321,2026-03-30 22:03:00,P01,PRD-021,PRD-021,FG_RECEIPT,4620,EA,WIP-01,WMS
IM-0008322,2025-09-16 02:43:00,P03,MAT-024,PRD-013,RM_RECEIPT,3986,EA,RM-B,WMS
IM-0008323,2025-09-23 22:47:00,P01,PRD-080,PRD-080,FG_RECEIPT,2589,EA,FG-01,WMS
IM-0008324,2025-09-05 20:13:00,P02,PRD-038,PRD-038,FG_RECEIPT,4118,EA,FG-02,WMS
IM-0008325,2025-10-10 23:21:00,P03,MAT-012,PRD-011,RM_RECEIPT,830,EA,FG-02,WMS
IM-0008326,2026-03-22 10:49:00,P01,MAT-019,PRD-071,RM_RECEIPT,3903,EA,WIP-01,WMS
IM-0008327,2026-01-27 11:09:00,P03,PRD-023,PRD-023,FG_RECEIPT,732,EA,RM-A,WMS
IM-0008328,2025-12-31 20:17:00,P01,MAT-015,PRD-025,RM_RECEIPT,7240,EA,FG-02,WMS
IM-0008329,2026-04-08 13:00:00,P01,PRD-046,PRD-046,ADJUSTMENT,6892,EA,RM-A,WMS
IM-0008330,2025-08-16 07:59:00,P02,MAT-030,PRD-012,RM_ISSUE,-1235,EA,FG-01,WMS
IM-0008331,2026-07-01 14:27:00,P02,PRD-053,PRD-053,FG_RECEIPT,1502,EA,RM-B,WMS
IM-0008332,2026-06-10 05:26:00,P03,PRD-027,PRD-027,ADJUSTMENT,7574,EA,RM-A,WMS
IM-0008333,2026-06-02 18:17:00,P01,PRD-045,PRD-045,FG_SHIP,-1667,EA,RM-B,WMS
IM-0008334,2026-07-06 09:08:00,P02,MAT-017,PRD-019,RM_RECEIPT,2177,EA,WIP-01,WMS
IM-0008335,2026-03-23 16:12:00,P01,MAT-010,PRD-027,RM_RECEIPT,1606,EA,FG-01,WMS
IM-0008336,2026-06-12 03:14:00,P01,MAT-027,PRD-061,RM_RECEIPT,2522,EA,FG-01,WMS
IM-0008337,2026-02-06 13:00:00,P02,PRD-013,PRD-013,FG_RECEIPT,2813,EA,FG-01,WMS
IM-0008338,2026-07-03 07:24:00,P02,MAT-015,PRD-025,RM_RECEIPT,4414,EA,RM-B,WMS
IM-0008339,2026-04-11 08:59:00,P03,PRD-068,PRD-068,FG_SHIP,-823,EA,WIP-01,WMS
IM-0008340,2025-10-14 23:51:00,P01,PRD-012,PRD-012,FG_RECEIPT,1296,EA,WIP-01,WMS
IM-0008341,2025-11-22 00:11:00,P03,PRD-062,PRD-062,FG_RECEIPT,2033,EA,RM-B,WMS
IM-0008342,2026-07-19 10:42:00,P02,PRD-054,PRD-054,FG_SHIP,-1253,EA,RM-A,WMS
IM-0008343,2026-06-14 23:00:00,P02,MAT-017,PRD-019,RM_RECEIPT,2999,EA,RM-B,WMS
IM-0008344,2025-10-19 14:54:00,P03,MAT-016,PRD-029,RM_RECEIPT,3484,EA,RM-B,WMS
IM-0008345,2026-06-30 20:18:00,P01,PRD-022,PRD-022,FG_RECEIPT,6012,EA,WIP-01,WMS
IM-0008346,2025-10-24 09:53:00,P02,PRD-010,PRD-010,FG_SHIP,-2179,EA,FG-02,WMS
IM-0008347,2025-08-29 10:02:00,P02,MAT-020,PRD-010,RM_RECEIPT,2844,EA,RM-A,WMS
IM-0008348,2025-10-29 04:18:00,P01,PRD-057,PRD-057,FG_RECEIPT,1443,EA,FG-02,WMS
IM-0008349,2026-03-12 21:15:00,P01,MAT-035,PRD-053,RM_ISSUE,-1651,EA,WIP-01,WMS
IM-0008350,2025-08-25 04:25:00,P03,PRD-047,PRD-047,FG_RECEIPT,1165,EA,RM-A,WMS
IM-0008351,2026-04-09 00:37:00,P02,MAT-030,PRD-064,RM_ISSUE,-824,EA,FG-01,WMS
IM-0008352,2025-12-23 17:00:00,P02,PRD-023,PRD-023,FG_SHIP,-18280,EA,FG-02,WMS
IM-0008353,2026-04-20 12:46:00,P02,MAT-008,PRD-065,RM_ISSUE,-2175,EA,RM-A,WMS
IM-0008354,2026-07-21 20:15:00,P02,MAT-016,PRD-029,RM_RECEIPT,4388,EA,FG-02,WMS
IM-0008355,2025-11-02 05:27:00,P02,MAT-013,PRD-075,RM_ISSUE,-2053,EA,RM-A,WMS
IM-0008356,2025-08-10 16:54:00,P01,PRD-022,PRD-022,FG_RECEIPT,2372,EA,RM-B,WMS
IM-0008357,2025-11-08 03:39:00,P01,MAT-022,PRD-023,RM_ISSUE,-6320,EA,WIP-01,WMS
IM-0008358,2025-11-18 07:15:00,P01,PRD-025,PRD-025,FG_SHIP,-608,EA,FG-02,WMS
IM-0008359,2026-04-01 08:53:00,P01,MAT-010,PRD-063,RM_RECEIPT,10933,EA,FG-01,WMS
IM-0008360,2025-08-06 17:58:00,P01,MAT-037,PRD-018,RM_ISSUE,-1606,EA,RM-B,WMS
IM-0008361,2026-05-26 05:39:00,P02,MAT-015,PRD-034,RM_ISSUE,-5162,EA,WIP-01,WMS
IM-0008362,2025-10-16 10:05:00,P03,PRD-056,PRD-056,FG_SHIP,-2769,EA,RM-B,WMS
IM-0008363,2026-02-14 05:28:00,P02,MAT-013,PRD-075,RM_RECEIPT,1794,EA,FG-02,WMS
IM-0008364,2026-04-16 09:43:00,P03,MAT-014,PRD-068,RM_RECEIPT,1632,EA,WIP-01,WMS
IM-0008365,2026-06-02 06:19:00,P03,MAT-030,PRD-060,RM_ISSUE,-1403,EA,RM-A,WMS
IM-0008366,2026-05-10 10:39:00,P02,MAT-018,PRD-050,RM_ISSUE,-1134,EA,FG-01,WMS
IM-0008367,2025-08-21 07:30:00,P02,PRD-029,PRD-029,FG_RECEIPT,1031,EA,FG-02,WMS
IM-0008368,2025-10-10 06:49:00,P03,PRD-034,PRD-034,FG_SHIP,-2048,EA,RM-B,WMS
IM-0008369,2025-09-08 10:11:00,P02,PRD-031,PRD-031,FG_SHIP,-1164,EA,FG-01,WMS
IM-0008370,2026-03-05 09:56:00,P01,MAT-027,PRD-061,RM_ISSUE,-1033,EA,FG-01,WMS
IM-0008371,2026-03-12 21:12:00,P02,MAT-008,PRD-036,RM_RECEIPT,1497,EA,WIP-01,WMS
IM-0008372,2026-02-09 09:23:00,P01,PRD-049,PRD-049,FG_SHIP,-966,EA,WIP-01,WMS
IM-0008373,2025-10-19 23:12:00,P01,MAT-036,PRD-020,RM_RECEIPT,2028,EA,RM-B,WMS
IM-0008374,2026-04-17 17:24:00,P02,PRD-071,PRD-071,FG_RECEIPT,6444,EA,FG-01,WMS
IM-0008375,2025-08-27 04:40:00,P02,PRD-037,PRD-037,FG_RECEIPT,1855,EA,RM-B,WMS
IM-0008376,2025-09-01 11:07:00,P03,MAT-007,PRD-055,RM_RECEIPT,947,EA,RM-B,WMS
IM-0008377,2026-04-19 18:07:00,P03,PRD-075,PRD-075,FG_RECEIPT,4733,EA,RM-B,WMS
IM-0008378,2026-05-11 23:59:00,P02,MAT-026,PRD-059,RM_RECEIPT,1853,EA,RM-B,WMS
IM-0008379,2026-01-20 23:53:00,P01,MAT-017,PRD-079,RM_ISSUE,-1006,EA,FG-01,WMS
IM-0008380,2025-10-03 03:42:00,P02,PRD-059,PRD-059,FG_RECEIPT,1531,EA,RM-B,WMS
IM-0008381,2025-09-04 14:44:00,P03,MAT-035,PRD-066,RM_RECEIPT,4217,EA,WIP-01,WMS
IM-0008382,2026-05-21 18:56:00,P03,MAT-022,PRD-023,RM_RECEIPT,7486,EA,FG-01,WMS
IM-0008383,2026-06-07 23:01:00,P03,PRD-020,PRD-020,ADJUSTMENT,1512,EA,FG-02,WMS
IM-0008384,2026-05-26 10:40:00,P01,PRD-039,PRD-039,FG_RECEIPT,2386,EA,FG-01,WMS
IM-0008385,2026-01-16 08:15:00,P03,MAT-027,PRD-072,RM_ISSUE,-2790,EA,RM-A,WMS
IM-0008386,2025-12-11 23:07:00,P01,MAT-031,PRD-008,RM_ISSUE,-412,EA,FG-01,WMS
IM-0008387,2026-01-31 04:11:00,P01,PRD-074,PRD-074,FG_RECEIPT,1334,EA,RM-A,WMS
IM-0008388,2025-09-12 08:54:00,P01,PRD-075,PRD-075,FG_RECEIPT,3648,EA,RM-B,WMS
IM-0008389,2026-06-06 04:24:00,P02,MAT-032,PRD-015,RM_RECEIPT,1830,EA,RM-B,WMS
IM-0008390,2026-02-16 19:32:00,P02,MAT-010,PRD-027,RM_ISSUE,-2150,EA,FG-02,WMS
IM-0008391,2026-03-13 10:17:00,P02,PRD-005,PRD-005,ADJUSTMENT,4452,EA,FG-01,WMS
IM-0008392,2025-08-22 05:45:00,P02,MAT-022,PRD-073,RM_ISSUE,-524,EA,FG-02,WMS
IM-0008393,2026-07-20 16:04:00,P03,MAT-022,PRD-073,RM_RECEIPT,576,EA,RM-B,WMS
IM-0008394,2026-06-07 22:17:00,P03,MAT-018,PRD-078,RM_ISSUE,-753,EA,RM-A,WMS
IM-0008395,2025-12-16 11:23:00,P01,PRD-028,PRD-028,FG_RECEIPT,1568,EA,RM-B,WMS
IM-0008396,2025-09-22 02:30:00,P01,MAT-003,PRD-014,RM_ISSUE,-1714,EA,FG-02,WMS
IM-0008397,2025-09-01 21:22:00,P03,PRD-021,PRD-021,FG_SHIP,-4014,EA,FG-01,WMS
IM-0008398,2026-03-11 05:58:00,P01,MAT-025,PRD-035,RM_ISSUE,-2057,EA,WIP-01,WMS
IM-0008399,2026-04-24 19:47:00,P03,PRD-068,PRD-068,FG_RECEIPT,1178,EA,WIP-01,WMS
IM-0008400,2025-11-10 12:35:00,P02,PRD-062,PRD-062,FG_SHIP,-1461,EA,FG-01,WMS
IM-0008401,2025-12-16 11:02:00,P02,MAT-019,PRD-071,RM_RECEIPT,1676,EA,FG-01,WMS
IM-0008402,2025-12-23 21:03:00,P03,MAT-017,PRD-019,RM_RECEIPT,6426,EA,RM-A,WMS
IM-0008403,2026-04-28 21:26:00,P02,PRD-008,PRD-008,FG_RECEIPT,1249,EA,FG-01,WMS
IM-0008404,2025-12-05 00:10:00,P02,MAT-037,PRD-080,RM_ISSUE,-5455,EA,FG-02,WMS
IM-0008405,2026-05-31 23:01:00,P02,MAT-032,PRD-038,RM_ISSUE,-6315,EA,RM-B,WMS
IM-0008406,2025-09-11 22:34:00,P03,PRD-025,PRD-025,FG_RECEIPT,2153,EA,WIP-01,WMS
IM-0008407,2026-07-15 05:56:00,P01,MAT-015,PRD-025,RM_RECEIPT,7234,EA,FG-01,WMS
IM-0008408,2026-03-21 13:59:00,P01,MAT-017,PRD-019,RM_ISSUE,-8203,EA,FG-01,WMS
IM-0008409,2026-03-04 08:42:00,P02,MAT-030,PRD-062,RM_RECEIPT,1640,EA,RM-B,WMS
IM-0008410,2025-10-31 09:24:00,P03,MAT-019,PRD-004,RM_RECEIPT,4326,EA,RM-B,WMS
IM-0008411,2026-03-03 07:12:00,P02,MAT-012,PRD-006,RM_ISSUE,-876,EA,WIP-01,WMS
IM-0008412,2026-01-21 09:11:00,P03,PRD-009,PRD-009,FG_RECEIPT,839,EA,FG-01,WMS
IM-0008413,2025-08-26 18:43:00,P03,MAT-027,PRD-072,RM_RECEIPT,7481,EA,FG-02,WMS
IM-0008414,2026-04-09 04:25:00,P01,PRD-075,PRD-075,FG_RECEIPT,4332,EA,WIP-01,WMS
IM-0008415,2026-06-24 06:03:00,P02,PRD-070,PRD-070,FG_RECEIPT,3916,EA,FG-01,WMS
IM-0008416,2026-07-08 22:02:00,P01,PRD-078,PRD-078,FG_SHIP,-1167,EA,WIP-01,WMS
IM-0008417,2025-10-09 06:20:00,P03,PRD-048,PRD-048,FG_SHIP,-546,EA,WIP-01,WMS
IM-0008418,2026-01-03 07:32:00,P01,MAT-025,PRD-035,RM_RECEIPT,2334,EA,FG-02,WMS
IM-0008419,2025-12-07 22:58:00,P03,PRD-073,PRD-073,FG_RECEIPT,270,EA,FG-02,WMS
IM-0008420,2026-07-08 15:25:00,P02,MAT-005,PRD-024,RM_ISSUE,-5806,EA,RM-B,WMS
IM-0008421,2026-03-30 04:04:00,P01,MAT-031,PRD-052,RM_ISSUE,-2184,EA,RM-A,WMS
IM-0008422,2026-03-02 16:31:00,P02,MAT-006,PRD-001,RM_RECEIPT,487,EA,FG-01,WMS
IM-0008423,2026-01-14 18:26:00,P02,PRD-056,PRD-056,FG_SHIP,-2098,EA,WIP-01,WMS
IM-0008424,2026-03-19 02:27:00,P03,MAT-032,PRD-077,RM_RECEIPT,845,EA,FG-01,WMS
IM-0008425,2026-03-20 06:30:00,P02,MAT-018,PRD-054,RM_ISSUE,-16578,EA,FG-01,WMS
IM-0008426,2026-03-25 11:55:00,P03,MAT-018,PRD-078,RM_ISSUE,-867,EA,WIP-01,WMS
IM-0008427,2026-06-19 02:29:00,P03,MAT-015,PRD-034,RM_ISSUE,-2889,EA,FG-02,WMS
IM-0008428,2026-03-13 00:48:00,P01,MAT-033,PRD-044,RM_ISSUE,-937,EA,RM-A,WMS
IM-0008429,2025-08-10 23:36:00,P02,PRD-047,PRD-047,FG_SHIP,-12727,EA,FG-01,WMS
IM-0008430,2025-11-24 07:11:00,P01,MAT-010,PRD-027,RM_RECEIPT,3333,EA,FG-01,WMS
IM-0008431,2026-05-29 03:53:00,P03,MAT-002,PRD-069,RM_RECEIPT,2246,EA,RM-B,WMS
IM-0008432,2025-11-20 17:43:00,P02,PRD-043,PRD-043,FG_SHIP,-3255,EA,FG-02,WMS
IM-0008433,2025-12-03 14:36:00,P01,MAT-010,PRD-027,RM_ISSUE,-12109,EA,RM-B,WMS
IM-0008434,2025-10-02 04:03:00,P03,MAT-015,PRD-034,RM_ISSUE,-2391,EA,FG-01,WMS
IM-0008435,2026-05-18 09:47:00,P03,PRD-052,PRD-052,FG_RECEIPT,1793,EA,RM-A,WMS
IM-0008436,2026-02-09 09:45:00,P01,MAT-030,PRD-009,RM_ISSUE,-3872,EA,RM-A,WMS
IM-0008437,2026-02-02 04:46:00,P01,MAT-001,PRD-039,RM_ISSUE,-1223,EA,FG-01,WMS
IM-0008438,2025-12-23 19:13:00,P01,PRD-060,PRD-060,FG_SHIP,-2565,EA,FG-02,WMS
IM-0008439,2026-06-02 14:48:00,P02,PRD-020,PRD-020,ADJUSTMENT,9070,EA,WIP-01,WMS
IM-0008440,2026-06-10 01:34:00,P03,PRD-079,PRD-079,FG_SHIP,-7623,EA,FG-02,WMS
IM-0008441,2026-07-30 10:38:00,P01,MAT-026,PRD-059,RM_ISSUE,-1613,EA,WIP-01,WMS
IM-0008442,2025-12-09 09:10:00,P03,MAT-030,PRD-012,RM_RECEIPT,753,EA,FG-01,WMS
IM-0008443,2025-12-23 17:51:00,P01,MAT-035,PRD-066,RM_RECEIPT,9086,EA,FG-02,WMS
IM-0008444,2026-06-07 21:59:00,P03,MAT-022,PRD-023,RM_RECEIPT,1610,EA,FG-01,WMS
IM-0008445,2025-12-08 06:52:00,P02,MAT-022,PRD-023,RM_ISSUE,-634,EA,FG-02,WMS
IM-0008446,2026-06-08 18:41:00,P01,PRD-034,PRD-034,FG_SHIP,-966,EA,WIP-01,WMS
IM-0008447,2026-03-09 18:28:00,P03,PRD-032,PRD-032,FG_RECEIPT,1348,EA,WIP-01,WMS
IM-0008448,2026-07-11 21:56:00,P03,PRD-058,PRD-058,FG_SHIP,-2561,EA,WIP-01,WMS
IM-0008449,2026-05-27 08:39:00,P02,PRD-044,PRD-044,ADJUSTMENT,3393,EA,RM-A,WMS
IM-0008450,2026-01-18 08:24:00,P02,PRD-046,PRD-046,ADJUSTMENT,2341,EA,WIP-01,WMS
IM-0008451,2026-03-17 05:17:00,P01,MAT-030,PRD-064,RM_ISSUE,-3880,EA,RM-B,WMS
IM-0008452,2026-04-16 23:23:00,P01,MAT-003,PRD-014,RM_ISSUE,-11730,EA,RM-A,WMS
IM-0008453,2025-09-13 00:59:00,P01,MAT-007,PRD-055,RM_ISSUE,-2495,EA,WIP-01,WMS
IM-0008454,2025-09-04 18:28:00,P02,MAT-029,PRD-045,RM_ISSUE,-1106,EA,RM-B,WMS
IM-0008455,2025-11-10 20:17:00,P03,PRD-049,PRD-049,FG_SHIP,-2252,EA,RM-A,WMS
IM-0008456,2026-07-25 03:35:00,P03,MAT-031,PRD-052,RM_RECEIPT,2901,EA,FG-02,WMS
IM-0008457,2026-05-12 17:20:00,P03,MAT-010,PRD-027,RM_RECEIPT,3577,EA,RM-A,WMS
IM-0008458,2026-05-16 10:03:00,P02,PRD-022,PRD-022,ADJUSTMENT,1021,EA,FG-01,WMS
IM-0008459,2026-06-06 08:48:00,P01,MAT-035,PRD-016,RM_RECEIPT,1442,EA,RM-A,WMS
IM-0008460,2025-11-29 23:48:00,P01,MAT-016,PRD-029,RM_RECEIPT,1255,EA,FG-02,WMS
IM-0008461,2025-10-26 13:16:00,P01,PRD-017,PRD-017,FG_RECEIPT,2256,EA,WIP-01,WMS
IM-0008462,2026-06-16 21:09:00,P01,MAT-007,PRD-055,RM_ISSUE,-3311,EA,RM-A,WMS
IM-0008463,2026-01-24 20:56:00,P02,PRD-073,PRD-073,FG_SHIP,-1868,EA,WIP-01,WMS
IM-0008464,2026-05-01 21:00:00,P01,MAT-026,PRD-046,RM_RECEIPT,2960,EA,FG-01,WMS
IM-0008465,2026-04-14 23:34:00,P01,MAT-030,PRD-041,RM_RECEIPT,759,EA,WIP-01,WMS
IM-0008466,2026-02-23 06:51:00,P03,MAT-024,PRD-013,RM_ISSUE,-3014,EA,RM-A,WMS
IM-0008467,2026-05-05 22:28:00,P02,PRD-065,PRD-065,FG_RECEIPT,809,EA,FG-02,WMS
IM-0008468,2025-10-16 16:52:00,P03,PRD-062,PRD-062,FG_RECEIPT,857,EA,RM-A,WMS
IM-0008469,2025-10-07 15:40:00,P01,PRD-012,PRD-012,FG_SHIP,-975,EA,RM-B,WMS
IM-0008470,2025-09-09 14:06:00,P02,MAT-018,PRD-050,RM_RECEIPT,4222,EA,RM-A,WMS
IM-0008471,2025-08-07 16:35:00,P01,PRD-061,PRD-061,FG_SHIP,-7702,EA,RM-A,WMS
IM-0008472,2026-06-17 11:09:00,P02,MAT-018,PRD-050,RM_RECEIPT,602,EA,FG-02,WMS
IM-0008473,2026-01-27 09:55:00,P02,MAT-030,PRD-064,RM_RECEIPT,306,EA,WIP-01,WMS
IM-0008474,2026-03-06 23:44:00,P02,PRD-025,PRD-025,FG_RECEIPT,366,EA,RM-B,WMS
IM-0008475,2025-08-14 21:15:00,P01,PRD-041,PRD-041,FG_RECEIPT,683,EA,RM-A,WMS
IM-0008476,2026-04-30 20:45:00,P02,PRD-070,PRD-070,FG_RECEIPT,7267,EA,RM-B,WMS
IM-0008477,2026-01-25 05:26:00,P01,PRD-071,PRD-071,ADJUSTMENT,608,EA,RM-A,WMS
IM-0008478,2026-03-17 23:14:00,P03,PRD-009,PRD-009,FG_SHIP,-1465,EA,WIP-01,WMS
IM-0008479,2026-02-28 13:09:00,P01,MAT-010,PRD-037,RM_ISSUE,-2945,EA,FG-02,WMS
IM-0008480,2025-11-09 11:44:00,P03,MAT-033,PRD-022,RM_ISSUE,-1061,EA,FG-01,WMS
IM-0008481,2026-02-08 04:00:00,P03,MAT-026,PRD-059,RM_ISSUE,-1478,EA,FG-01,WMS
IM-0008482,2025-11-11 02:09:00,P03,PRD-040,PRD-040,FG_SHIP,-4648,EA,FG-01,WMS
IM-0008483,2025-12-27 22:08:00,P02,PRD-073,PRD-073,FG_SHIP,-3791,EA,RM-A,WMS
IM-0008484,2026-01-31 19:28:00,P03,PRD-070,PRD-070,FG_SHIP,-1439,EA,RM-A,WMS
IM-0008485,2026-01-10 07:19:00,P03,PRD-034,PRD-034,FG_RECEIPT,2405,EA,FG-01,WMS
IM-0008486,2026-02-04 21:44:00,P02,PRD-043,PRD-043,FG_SHIP,-3357,EA,RM-B,WMS
IM-0008487,2025-11-11 21:47:00,P01,PRD-047,PRD-047,FG_SHIP,-1299,EA,RM-B,WMS
IM-0008488,2025-12-09 18:15:00,P03,MAT-018,PRD-067,RM_ISSUE,-2720,EA,RM-A,WMS
IM-0008489,2026-03-27 09:07:00,P02,MAT-005,PRD-033,RM_ISSUE,-641,EA,WIP-01,WMS
IM-0008490,2025-10-28 17:13:00,P02,MAT-031,PRD-043,RM_RECEIPT,1035,EA,RM-A,WMS
IM-0008491,2025-08-22 06:12:00,P02,MAT-008,PRD-036,RM_ISSUE,-776,EA,FG-01,WMS
IM-0008492,2026-06-15 09:52:00,P02,MAT-037,PRD-051,RM_RECEIPT,456,EA,WIP-01,WMS
IM-0008493,2026-01-08 23:05:00,P01,PRD-017,PRD-017,FG_RECEIPT,2298,EA,FG-01,WMS
IM-0008494,2025-08-06 20:55:00,P01,MAT-022,PRD-023,RM_RECEIPT,4000,EA,FG-02,WMS
IM-0008495,2025-11-20 03:20:00,P01,PRD-076,PRD-076,FG_SHIP,-1966,EA,FG-02,WMS
IM-0008496,2026-04-27 11:02:00,P01,MAT-010,PRD-063,RM_ISSUE,-1969,EA,FG-01,WMS
IM-0008497,2026-03-19 21:45:00,P03,PRD-049,PRD-049,FG_RECEIPT,3868,EA,FG-02,WMS
IM-0008498,2026-05-20 14:52:00,P03,MAT-020,PRD-010,RM_RECEIPT,2968,EA,RM-B,WMS
IM-0008499,2026-06-19 01:16:00,P02,MAT-018,PRD-030,RM_ISSUE,-6672,EA,RM-B,WMS
IM-0008500,2025-09-07 23:52:00,P02,PRD-066,PRD-066,FG_SHIP,-3695,EA,RM-B,WMS
IM-0008501,2026-05-01 21:34:00,P01,PRD-009,PRD-009,FG_SHIP,-2618,EA,WIP-01,WMS
IM-0008502,2026-05-29 18:49:00,P03,MAT-018,PRD-067,RM_RECEIPT,8901,EA,RM-B,WMS
IM-0008503,2025-09-15 22:00:00,P03,MAT-017,PRD-079,RM_RECEIPT,6078,EA,FG-02,WMS
IM-0008504,2026-05-16 08:41:00,P03,PRD-022,PRD-022,FG_SHIP,-1023,EA,RM-B,WMS
IM-0008505,2026-04-23 23:48:00,P01,PRD-076,PRD-076,FG_RECEIPT,2220,EA,RM-A,WMS
IM-0008506,2026-02-02 09:27:00,P03,PRD-061,PRD-061,FG_RECEIPT,803,EA,FG-02,WMS
IM-0008507,2025-09-24 10:48:00,P03,MAT-026,PRD-046,RM_RECEIPT,243,EA,FG-02,WMS
IM-0008508,2026-03-15 21:34:00,P01,MAT-017,PRD-019,RM_ISSUE,-4847,EA,RM-A,WMS
IM-0008509,2026-01-15 11:38:00,P03,MAT-007,PRD-055,RM_RECEIPT,1123,EA,RM-B,WMS
IM-0008510,2025-10-03 05:38:00,P01,MAT-032,PRD-077,RM_ISSUE,-591,EA,WIP-01,WMS
IM-0008511,2026-04-18 10:10:00,P03,MAT-017,PRD-019,RM_RECEIPT,5839,EA,RM-A,WMS
IM-0008512,2025-12-14 15:50:00,P01,PRD-054,PRD-054,FG_SHIP,-1828,EA,FG-01,WMS
IM-0008513,2025-12-27 23:12:00,P01,MAT-022,PRD-023,RM_RECEIPT,2320,EA,RM-A,WMS
IM-0008514,2026-03-27 21:41:00,P03,PRD-006,PRD-006,FG_RECEIPT,5249,EA,RM-B,WMS
IM-0008515,2026-05-01 16:02:00,P02,PRD-060,PRD-060,FG_SHIP,-7115,EA,FG-01,WMS
IM-0008516,2025-12-15 16:18:00,P03,PRD-039,PRD-039,FG_RECEIPT,3579,EA,FG-02,WMS
IM-0008517,2026-04-04 11:20:00,P02,MAT-031,PRD-043,RM_RECEIPT,3662,EA,FG-01,WMS
IM-0008518,2026-03-03 14:21:00,P01,MAT-033,PRD-017,RM_ISSUE,-711,EA,FG-02,WMS
IM-0008519,2025-08-28 12:52:00,P01,MAT-018,PRD-054,RM_ISSUE,-1473,EA,RM-B,WMS
IM-0008520,2025-11-04 20:03:00,P02,PRD-012,PRD-012,FG_RECEIPT,7102,EA,RM-B,WMS
IM-0008521,2026-03-03 03:26:00,P03,PRD-054,PRD-054,FG_SHIP,-728,EA,FG-01,WMS
IM-0008522,2025-10-31 06:24:00,P03,MAT-015,PRD-025,RM_RECEIPT,3014,EA,RM-A,WMS
IM-0008523,2026-03-08 12:17:00,P01,MAT-035,PRD-053,RM_ISSUE,-1832,EA,RM-A,WMS
IM-0008524,2025-10-07 13:38:00,P01,MAT-006,PRD-001,RM_RECEIPT,708,EA,RM-B,WMS
IM-0008525,2025-09-18 10:57:00,P01,MAT-018,PRD-067,RM_ISSUE,-18962,EA,FG-02,WMS
IM-0008526,2026-07-01 19:36:00,P01,PRD-066,PRD-066,FG_RECEIPT,6201,EA,FG-01,WMS
IM-0008527,2025-10-18 04:09:00,P03,MAT-023,PRD-007,RM_ISSUE,-1886,EA,FG-01,WMS
IM-0008528,2026-07-04 00:33:00,P03,PRD-041,PRD-041,FG_SHIP,-734,EA,FG-02,WMS
IM-0008529,2026-07-15 03:00:00,P01,MAT-012,PRD-011,RM_ISSUE,-1187,EA,WIP-01,WMS
IM-0008530,2026-01-18 14:26:00,P01,MAT-026,PRD-057,RM_RECEIPT,2145,EA,RM-B,WMS
IM-0008531,2025-11-07 17:05:00,P02,PRD-004,PRD-004,FG_SHIP,-3840,EA,FG-02,WMS
IM-0008532,2026-01-13 05:04:00,P03,MAT-018,PRD-054,RM_RECEIPT,937,EA,FG-02,WMS
IM-0008533,2025-12-16 15:20:00,P02,PRD-070,PRD-070,FG_RECEIPT,7763,EA,FG-01,WMS
IM-0008534,2026-03-10 20:45:00,P01,PRD-029,PRD-029,FG_SHIP,-1191,EA,RM-A,WMS
IM-0008535,2026-07-02 21:51:00,P02,PRD-042,PRD-042,FG_SHIP,-1515,EA,WIP-01,WMS
IM-0008536,2026-03-11 13:42:00,P01,PRD-013,PRD-013,FG_RECEIPT,3215,EA,RM-A,WMS
IM-0008537,2025-12-24 22:19:00,P02,MAT-031,PRD-052,RM_ISSUE,-7315,EA,WIP-01,WMS
IM-0008538,2026-04-10 01:45:00,P03,PRD-035,PRD-035,FG_SHIP,-2469,EA,WIP-01,WMS
IM-0008539,2026-07-02 08:57:00,P02,MAT-025,PRD-035,RM_RECEIPT,1933,EA,RM-A,WMS
IM-0008540,2026-04-05 04:37:00,P01,MAT-015,PRD-025,RM_ISSUE,-8852,EA,RM-A,WMS
IM-0008541,2026-06-22 04:36:00,P03,PRD-020,PRD-020,FG_SHIP,-2274,EA,FG-01,WMS
IM-0008542,2025-10-31 08:13:00,P02,MAT-029,PRD-045,RM_ISSUE,-5815,EA,WIP-01,WMS
IM-0008543,2025-08-20 06:44:00,P01,MAT-001,PRD-074,RM_ISSUE,-3980,EA,FG-02,WMS
IM-0008544,2025-11-21 23:18:00,P01,MAT-030,PRD-012,RM_ISSUE,-2982,EA,RM-A,WMS
IM-0008545,2026-05-03 19:38:00,P02,PRD-028,PRD-028,FG_SHIP,-3862,EA,RM-A,WMS
IM-0008546,2026-01-24 17:10:00,P02,MAT-037,PRD-018,RM_ISSUE,-4450,EA,FG-01,WMS
IM-0008547,2026-01-30 20:37:00,P01,MAT-025,PRD-035,RM_ISSUE,-4435,EA,WIP-01,WMS
IM-0008548,2026-02-26 13:10:00,P03,PRD-043,PRD-043,FG_RECEIPT,1597,EA,FG-01,WMS
IM-0008549,2026-01-13 05:22:00,P01,MAT-018,PRD-026,RM_RECEIPT,3442,EA,RM-B,WMS
IM-0008550,2026-05-08 09:27:00,P03,PRD-060,PRD-060,FG_RECEIPT,826,EA,WIP-01,WMS
IM-0008551,2025-08-19 12:13:00,P02,MAT-030,PRD-060,RM_ISSUE,-419,EA,RM-A,WMS
IM-0008552,2025-09-22 22:39:00,P01,PRD-001,PRD-001,FG_RECEIPT,345,EA,FG-02,WMS
IM-0008553,2026-04-19 11:52:00,P01,PRD-027,PRD-027,FG_RECEIPT,5548,EA,WIP-01,WMS
IM-0008554,2025-08-05 14:54:00,P03,MAT-032,PRD-005,RM_ISSUE,-819,EA,RM-A,WMS
IM-0008555,2026-04-10 15:19:00,P01,PRD-073,PRD-073,FG_RECEIPT,938,EA,WIP-01,WMS
IM-0008556,2026-01-13 06:30:00,P02,PRD-071,PRD-071,FG_RECEIPT,2211,EA,RM-B,WMS
IM-0008557,2026-01-02 22:59:00,P02,PRD-047,PRD-047,FG_SHIP,-2829,EA,RM-A,WMS
IM-0008558,2025-10-06 17:47:00,P01,PRD-078,PRD-078,FG_RECEIPT,612,EA,FG-02,WMS
IM-0008559,2025-10-27 09:07:00,P01,MAT-014,PRD-068,RM_RECEIPT,4695,EA,FG-02,WMS
IM-0008560,2026-04-06 23:13:00,P01,PRD-055,PRD-055,FG_SHIP,-923,EA,FG-02,WMS
IM-0008561,2026-07-04 05:53:00,P01,MAT-017,PRD-019,RM_RECEIPT,651,EA,RM-A,WMS
IM-0008562,2026-04-05 23:01:00,P01,PRD-043,PRD-043,FG_RECEIPT,788,EA,RM-B,WMS
IM-0008563,2026-06-24 11:12:00,P02,MAT-018,PRD-030,RM_ISSUE,-347,EA,WIP-01,WMS
IM-0008564,2025-09-04 20:04:00,P02,MAT-030,PRD-009,RM_ISSUE,-2534,EA,FG-02,WMS
IM-0008565,2025-11-27 02:47:00,P02,PRD-030,PRD-030,FG_RECEIPT,1036,EA,RM-B,WMS
IM-0008566,2025-11-06 18:54:00,P03,MAT-026,PRD-059,RM_RECEIPT,4749,EA,RM-B,WMS
IM-0008567,2026-06-28 21:49:00,P02,MAT-006,PRD-001,RM_RECEIPT,2476,EA,RM-B,WMS
IM-0008568,2025-10-24 14:46:00,P01,PRD-001,PRD-001,ADJUSTMENT,655,EA,FG-01,WMS
IM-0008569,2026-03-18 02:48:00,P01,MAT-018,PRD-002,RM_ISSUE,-2174,EA,WIP-01,WMS
IM-0008570,2026-07-20 09:15:00,P03,PRD-077,PRD-077,FG_RECEIPT,1175,EA,FG-02,WMS
IM-0008571,2025-12-27 00:08:00,P01,MAT-027,PRD-061,RM_RECEIPT,749,EA,RM-A,WMS
IM-0008572,2026-01-23 22:04:00,P01,PRD-044,PRD-044,FG_SHIP,-2655,EA,FG-01,WMS
IM-0008573,2025-12-01 07:20:00,P01,PRD-078,PRD-078,ADJUSTMENT,4076,EA,RM-B,WMS
IM-0008574,2025-12-26 14:51:00,P02,PRD-067,PRD-067,FG_RECEIPT,4140,EA,RM-B,WMS
IM-0008575,2025-09-13 09:04:00,P03,MAT-033,PRD-022,RM_ISSUE,-677,EA,WIP-01,WMS
IM-0008576,2025-11-04 20:31:00,P03,PRD-048,PRD-048,FG_SHIP,-4952,EA,WIP-01,WMS
IM-0008577,2025-08-13 16:14:00,P01,PRD-053,PRD-053,FG_RECEIPT,1143,EA,FG-02,WMS
IM-0008578,2026-02-15 14:12:00,P03,MAT-027,PRD-072,RM_ISSUE,-939,EA,WIP-01,WMS
IM-0008579,2025-12-17 12:38:00,P01,MAT-008,PRD-065,RM_ISSUE,-1070,EA,RM-B,WMS
IM-0008580,2026-07-15 08:20:00,P01,MAT-026,PRD-046,RM_ISSUE,-629,EA,FG-02,WMS
IM-0008581,2025-08-03 02:32:00,P01,PRD-005,PRD-005,FG_SHIP,-1417,EA,RM-A,WMS
IM-0008582,2025-10-26 05:47:00,P01,PRD-072,PRD-072,FG_SHIP,-3537,EA,FG-01,WMS
IM-0008583,2026-06-15 07:03:00,P01,MAT-035,PRD-016,RM_RECEIPT,6852,EA,RM-B,WMS
IM-0008584,2026-06-20 22:56:00,P03,MAT-033,PRD-044,RM_RECEIPT,2357,EA,RM-B,WMS
IM-0008585,2026-07-14 14:18:00,P01,PRD-056,PRD-056,FG_SHIP,-3225,EA,RM-A,WMS
IM-0008586,2025-12-19 10:47:00,P03,PRD-001,PRD-001,FG_SHIP,-3136,EA,WIP-01,WMS
IM-0008587,2026-05-30 14:34:00,P02,MAT-003,PRD-014,RM_ISSUE,-1467,EA,RM-B,WMS
IM-0008588,2026-07-24 20:01:00,P01,PRD-003,PRD-003,FG_SHIP,-1198,EA,WIP-01,WMS
IM-0008589,2025-10-07 13:49:00,P03,PRD-028,PRD-028,FG_RECEIPT,1727,EA,WIP-01,WMS
IM-0008590,2025-08-09 12:07:00,P02,PRD-057,PRD-057,FG_SHIP,-1103,EA,RM-B,WMS
IM-0008591,2026-03-05 22:40:00,P01,MAT-005,PRD-033,RM_RECEIPT,2376,EA,RM-B,WMS
IM-0008592,2025-11-02 11:01:00,P01,PRD-065,PRD-065,FG_SHIP,-1267,EA,FG-02,WMS
IM-0008593,2026-02-25 15:18:00,P02,MAT-030,PRD-012,RM_RECEIPT,3596,EA,RM-A,WMS
IM-0008594,2025-08-06 11:11:00,P01,MAT-024,PRD-003,RM_ISSUE,-2786,EA,WIP-01,WMS
IM-0008595,2026-01-21 02:20:00,P01,PRD-066,PRD-066,FG_SHIP,-2819,EA,RM-A,WMS
IM-0008596,2025-10-18 21:03:00,P02,PRD-015,PRD-015,FG_RECEIPT,3847,EA,FG-01,WMS
IM-0008597,2026-05-25 01:56:00,P03,MAT-018,PRD-078,RM_RECEIPT,1310,EA,WIP-01,WMS
IM-0008598,2026-02-21 02:36:00,P03,MAT-018,PRD-054,RM_ISSUE,-2987,EA,WIP-01,WMS
IM-0008599,2026-06-28 12:28:00,P03,MAT-022,PRD-047,RM_ISSUE,-2218,EA,WIP-01,WMS
IM-0008600,2026-03-25 17:56:00,P01,PRD-039,PRD-039,FG_SHIP,-1839,EA,RM-A,WMS
IM-0008601,2025-11-21 12:25:00,P03,MAT-014,PRD-070,RM_RECEIPT,6858,EA,RM-A,WMS
IM-0008602,2025-11-04 16:22:00,P03,MAT-032,PRD-015,RM_ISSUE,-546,EA,FG-02,WMS
IM-0008603,2026-06-29 21:50:00,P01,MAT-007,PRD-055,RM_RECEIPT,485,EA,RM-B,WMS
IM-0008604,2026-02-01 06:04:00,P01,PRD-049,PRD-049,FG_SHIP,-1954,EA,FG-01,WMS
IM-0008605,2026-02-04 04:45:00,P02,MAT-018,PRD-078,RM_RECEIPT,1982,EA,FG-02,WMS
IM-0008606,2026-06-16 20:13:00,P01,MAT-005,PRD-058,RM_RECEIPT,461,EA,FG-01,WMS
IM-0008607,2025-12-26 21:06:00,P02,PRD-045,PRD-045,FG_SHIP,-982,EA,RM-B,WMS
IM-0008608,2026-02-15 06:45:00,P01,PRD-070,PRD-070,FG_RECEIPT,2376,EA,FG-01,WMS
IM-0008609,2025-11-03 22:49:00,P03,PRD-006,PRD-006,FG_SHIP,-696,EA,WIP-01,WMS
IM-0008610,2025-12-09 05:44:00,P03,PRD-039,PRD-039,FG_RECEIPT,1536,EA,RM-A,WMS
IM-0008611,2025-12-18 23:55:00,P01,PRD-017,PRD-017,FG_SHIP,-3012,EA,FG-01,WMS
IM-0008612,2025-10-27 20:54:00,P02,PRD-057,PRD-057,FG_RECEIPT,3975,EA,RM-B,WMS
IM-0008613,2026-07-28 19:57:00,P02,MAT-032,PRD-015,RM_ISSUE,-9026,EA,FG-02,WMS
IM-0008614,2026-01-02 13:25:00,P01,PRD-043,PRD-043,FG_SHIP,-3629,EA,RM-B,WMS
IM-0008615,2026-06-18 14:26:00,P03,MAT-030,PRD-009,RM_ISSUE,-2228,EA,FG-01,WMS
IM-0008616,2026-06-08 00:01:00,P01,PRD-020,PRD-020,FG_RECEIPT,824,EA,FG-02,WMS
IM-0008617,2025-08-05 15:44:00,P01,PRD-052,PRD-052,FG_RECEIPT,5068,EA,FG-01,WMS
IM-0008618,2026-06-14 16:16:00,P02,PRD-062,PRD-062,FG_SHIP,-950,EA,WIP-01,WMS
IM-0008619,2025-08-08 01:08:00,P01,MAT-012,PRD-011,RM_ISSUE,-870,EA,FG-01,WMS
IM-0008620,2026-07-15 22:27:00,P02,MAT-022,PRD-047,RM_ISSUE,-4421,EA,FG-01,WMS
IM-0008621,2025-12-28 04:57:00,P03,MAT-035,PRD-066,RM_ISSUE,-1160,EA,RM-A,WMS
IM-0008622,2025-10-23 10:57:00,P03,PRD-075,PRD-075,FG_SHIP,-293,EA,FG-02,WMS
IM-0008623,2026-04-16 19:16:00,P03,MAT-024,PRD-013,RM_RECEIPT,12661,EA,FG-02,WMS
IM-0008624,2025-10-07 14:39:00,P02,MAT-031,PRD-008,RM_ISSUE,-2399,EA,RM-A,WMS
IM-0008625,2025-08-06 01:59:00,P02,MAT-006,PRD-001,RM_ISSUE,-1239,EA,RM-B,WMS
IM-0008626,2025-12-04 12:13:00,P02,MAT-008,PRD-065,RM_RECEIPT,12125,EA,RM-A,WMS
IM-0008627,2025-08-30 08:14:00,P03,MAT-031,PRD-043,RM_RECEIPT,990,EA,RM-B,WMS
IM-0008628,2026-05-28 17:23:00,P02,MAT-004,PRD-032,RM_RECEIPT,421,EA,FG-02,WMS
IM-0008629,2025-10-23 03:42:00,P01,MAT-030,PRD-041,RM_ISSUE,-4846,EA,FG-02,WMS
IM-0008630,2025-10-20 13:30:00,P01,MAT-030,PRD-062,RM_ISSUE,-1572,EA,FG-02,WMS
IM-0008631,2025-09-17 11:06:00,P01,MAT-033,PRD-044,RM_ISSUE,-1264,EA,WIP-01,WMS
IM-0008632,2026-03-06 06:12:00,P03,PRD-046,PRD-046,FG_SHIP,-2470,EA,FG-01,WMS
IM-0008633,2025-09-30 01:08:00,P01,PRD-041,PRD-041,FG_RECEIPT,511,EA,RM-A,WMS
IM-0008634,2026-01-22 09:46:00,P02,MAT-010,PRD-063,RM_RECEIPT,1592,EA,WIP-01,WMS
IM-0008635,2026-02-23 21:48:00,P03,PRD-054,PRD-054,FG_SHIP,-2374,EA,FG-02,WMS
IM-0008636,2026-01-03 05:21:00,P03,PRD-003,PRD-003,FG_RECEIPT,876,EA,FG-01,WMS
IM-0008637,2026-06-01 18:00:00,P01,MAT-030,PRD-064,RM_ISSUE,-342,EA,WIP-01,WMS
IM-0008638,2026-01-05 05:45:00,P01,PRD-058,PRD-058,FG_SHIP,-1645,EA,WIP-01,WMS
IM-0008639,2025-09-11 07:27:00,P02,MAT-035,PRD-016,RM_ISSUE,-4278,EA,FG-01,WMS
IM-0008640,2025-09-16 09:58:00,P01,PRD-028,PRD-028,FG_RECEIPT,2738,EA,WIP-01,WMS
IM-0008641,2025-11-06 00:24:00,P02,PRD-009,PRD-009,FG_RECEIPT,1797,EA,FG-02,WMS
IM-0008642,2026-03-17 17:19:00,P03,PRD-047,PRD-047,FG_RECEIPT,1589,EA,RM-A,WMS
IM-0008643,2025-10-27 13:14:00,P03,MAT-022,PRD-073,RM_RECEIPT,2536,EA,FG-02,WMS
IM-0008644,2026-04-07 05:30:00,P02,MAT-037,PRD-080,RM_RECEIPT,5465,EA,FG-02,WMS
IM-0008645,2026-03-13 18:18:00,P02,MAT-037,PRD-051,RM_RECEIPT,857,EA,FG-01,WMS
IM-0008646,2025-11-05 20:14:00,P03,PRD-031,PRD-031,ADJUSTMENT,2381,EA,FG-01,WMS
IM-0008647,2026-06-27 06:58:00,P01,MAT-030,PRD-064,RM_ISSUE,-1537,EA,FG-01,WMS
IM-0008648,2025-10-28 14:58:00,P03,MAT-001,PRD-056,RM_RECEIPT,7679,EA,WIP-01,WMS
IM-0008649,2026-01-18 23:18:00,P01,MAT-017,PRD-079,RM_ISSUE,-377,EA,RM-A,WMS
IM-0008650,2026-04-08 15:31:00,P02,PRD-047,PRD-047,ADJUSTMENT,3417,EA,FG-01,WMS
IM-0008651,2026-01-18 17:30:00,P02,PRD-067,PRD-067,FG_RECEIPT,1475,EA,RM-B,WMS
IM-0008652,2025-11-04 04:30:00,P02,MAT-035,PRD-053,RM_ISSUE,-1963,EA,WIP-01,WMS
IM-0008653,2025-10-16 05:52:00,P03,PRD-017,PRD-017,FG_RECEIPT,10253,EA,RM-B,WMS
IM-0008654,2026-01-13 16:26:00,P03,MAT-018,PRD-067,RM_RECEIPT,658,EA,RM-B,WMS
IM-0008655,2026-07-28 09:54:00,P02,MAT-022,PRD-073,RM_ISSUE,-5371,EA,FG-01,WMS
IM-0008656,2026-06-27 17:14:00,P01,MAT-023,PRD-007,RM_ISSUE,-895,EA,FG-02,WMS
IM-0008657,2025-11-17 12:54:00,P02,PRD-062,PRD-062,ADJUSTMENT,2505,EA,FG-01,WMS
IM-0008658,2025-12-04 01:22:00,P03,PRD-022,PRD-022,ADJUSTMENT,1371,EA,FG-02,WMS
IM-0008659,2025-10-02 20:54:00,P03,PRD-055,PRD-055,FG_SHIP,-1494,EA,RM-A,WMS
IM-0008660,2025-11-24 03:04:00,P01,MAT-007,PRD-055,RM_RECEIPT,9454,EA,FG-01,WMS
IM-0008661,2026-07-25 13:29:00,P03,PRD-029,PRD-029,ADJUSTMENT,8185,EA,FG-02,WMS
IM-0008662,2025-10-17 06:25:00,P01,PRD-017,PRD-017,FG_RECEIPT,1115,EA,FG-02,WMS
IM-0008663,2026-02-27 16:33:00,P03,PRD-044,PRD-044,FG_SHIP,-1738,EA,FG-02,WMS
IM-0008664,2025-09-23 14:36:00,P02,PRD-029,PRD-029,FG_SHIP,-6556,EA,RM-B,WMS
IM-0008665,2025-09-08 17:50:00,P02,PRD-060,PRD-060,ADJUSTMENT,3243,EA,RM-B,WMS
IM-0008666,2025-08-13 15:39:00,P02,MAT-033,PRD-017,RM_ISSUE,-3678,EA,FG-01,WMS
IM-0008667,2025-09-23 17:25:00,P01,MAT-007,PRD-055,RM_RECEIPT,4699,EA,RM-A,WMS
IM-0008668,2025-11-17 23:48:00,P02,PRD-063,PRD-063,FG_RECEIPT,2013,EA,FG-02,WMS
IM-0008669,2025-09-08 03:10:00,P01,MAT-026,PRD-059,RM_RECEIPT,3462,EA,FG-01,WMS
IM-0008670,2025-09-13 12:32:00,P03,MAT-012,PRD-006,RM_RECEIPT,5560,EA,RM-A,WMS
IM-0008671,2026-03-05 23:33:00,P02,PRD-011,PRD-011,FG_RECEIPT,2535,EA,RM-B,WMS
IM-0008672,2026-05-01 19:19:00,P01,MAT-014,PRD-070,RM_RECEIPT,1305,EA,WIP-01,WMS
IM-0008673,2026-01-07 03:45:00,P03,MAT-022,PRD-047,RM_RECEIPT,1230,EA,FG-02,WMS
IM-0008674,2026-07-02 10:31:00,P03,PRD-065,PRD-065,FG_SHIP,-1201,EA,WIP-01,WMS
IM-0008675,2025-11-14 21:22:00,P01,MAT-008,PRD-065,RM_RECEIPT,8116,EA,RM-B,WMS
IM-0008676,2026-01-16 06:43:00,P01,PRD-077,PRD-077,FG_SHIP,-4171,EA,WIP-01,WMS
IM-0008677,2026-04-04 15:34:00,P01,PRD-064,PRD-064,FG_SHIP,-490,EA,RM-A,WMS
IM-0008678,2026-02-16 12:56:00,P02,PRD-014,PRD-014,ADJUSTMENT,4092,EA,WIP-01,WMS
IM-0008679,2026-03-16 14:31:00,P03,PRD-010,PRD-010,FG_RECEIPT,2783,EA,FG-01,WMS
IM-0008680,2026-05-25 01:22:00,P02,MAT-015,PRD-025,RM_ISSUE,-6990,EA,RM-B,WMS
IM-0008681,2026-05-06 10:19:00,P02,PRD-080,PRD-080,FG_SHIP,-6422,EA,RM-A,WMS
IM-0008682,2025-12-31 06:15:00,P02,MAT-004,PRD-040,RM_RECEIPT,704,EA,FG-01,WMS
IM-0008683,2026-04-24 19:01:00,P02,MAT-030,PRD-062,RM_ISSUE,-2431,EA,RM-A,WMS
IM-0008684,2026-04-21 02:21:00,P03,MAT-001,PRD-074,RM_RECEIPT,3959,EA,FG-02,WMS
IM-0008685,2025-10-22 11:37:00,P02,PRD-058,PRD-058,FG_SHIP,-616,EA,FG-01,WMS
IM-0008686,2025-11-27 23:57:00,P02,PRD-066,PRD-066,FG_SHIP,-441,EA,FG-02,WMS
IM-0008687,2025-12-07 20:03:00,P02,PRD-054,PRD-054,FG_SHIP,-415,EA,FG-01,WMS
IM-0008688,2026-04-03 13:54:00,P02,PRD-030,PRD-030,FG_SHIP,-1596,EA,RM-A,WMS
IM-0008689,2025-11-07 05:10:00,P01,MAT-026,PRD-028,RM_RECEIPT,908,EA,WIP-01,WMS
IM-0008690,2026-02-03 18:15:00,P02,MAT-018,PRD-002,RM_ISSUE,-9108,EA,FG-01,WMS
IM-0008691,2026-04-07 13:20:00,P02,PRD-035,PRD-035,FG_SHIP,-2972,EA,FG-02,WMS
IM-0008692,2026-01-03 16:38:00,P02,PRD-035,PRD-035,FG_SHIP,-2273,EA,FG-01,WMS
IM-0008693,2026-03-03 08:39:00,P01,MAT-035,PRD-016,RM_RECEIPT,1274,EA,RM-A,WMS
IM-0008694,2026-04-07 22:27:00,P01,MAT-030,PRD-009,RM_ISSUE,-1255,EA,FG-01,WMS
IM-0008695,2025-12-05 13:49:00,P03,MAT-030,PRD-060,RM_ISSUE,-1110,EA,FG-01,WMS
IM-0008696,2025-11-01 19:47:00,P02,PRD-035,PRD-035,FG_RECEIPT,7710,EA,FG-01,WMS
IM-0008697,2025-11-03 00:21:00,P02,MAT-026,PRD-057,RM_RECEIPT,10490,EA,WIP-01,WMS
IM-0008698,2026-06-27 04:35:00,P03,PRD-031,PRD-031,FG_SHIP,-727,EA,FG-01,WMS
IM-0008699,2025-12-15 17:32:00,P03,MAT-005,PRD-024,RM_RECEIPT,8956,EA,WIP-01,WMS
IM-0008700,2025-09-02 06:54:00,P01,MAT-008,PRD-036,RM_RECEIPT,9907,EA,WIP-01,WMS
IM-0008701,2026-06-28 22:55:00,P02,PRD-008,PRD-008,FG_SHIP,-5236,EA,RM-B,WMS
IM-0008702,2026-06-02 06:01:00,P02,MAT-035,PRD-066,RM_RECEIPT,4889,EA,FG-01,WMS
IM-0008703,2025-09-21 16:58:00,P03,PRD-053,PRD-053,FG_SHIP,-1277,EA,FG-02,WMS
IM-0008704,2026-03-13 04:25:00,P02,PRD-067,PRD-067,FG_SHIP,-701,EA,RM-A,WMS
IM-0008705,2026-03-17 08:51:00,P01,MAT-019,PRD-004,RM_RECEIPT,478,EA,RM-A,WMS
IM-0008706,2025-08-01 17:01:00,P03,PRD-071,PRD-071,FG_SHIP,-2657,EA,RM-B,WMS
IM-0008707,2026-01-08 11:34:00,P03,MAT-030,PRD-062,RM_ISSUE,-4217,EA,RM-A,WMS
IM-0008708,2025-08-22 19:40:00,P03,PRD-046,PRD-046,ADJUSTMENT,1457,EA,RM-A,WMS
IM-0008709,2025-10-10 20:07:00,P02,PRD-057,PRD-057,FG_SHIP,-11100,EA,RM-A,WMS
IM-0008710,2025-09-10 03:46:00,P03,PRD-053,PRD-053,FG_SHIP,-8176,EA,WIP-01,WMS
IM-0008711,2026-03-20 05:20:00,P03,PRD-073,PRD-073,FG_RECEIPT,2068,EA,FG-02,WMS
IM-0008712,2026-01-13 15:59:00,P03,MAT-014,PRD-068,RM_ISSUE,-723,EA,RM-A,WMS
IM-0008713,2025-12-23 22:26:00,P03,MAT-004,PRD-048,RM_RECEIPT,607,EA,FG-02,WMS
IM-0008714,2025-12-27 22:20:00,P02,PRD-064,PRD-064,FG_SHIP,-1280,EA,RM-A,WMS
IM-0008715,2026-02-09 19:25:00,P01,MAT-030,PRD-060,RM_ISSUE,-6425,EA,RM-A,WMS
IM-0008716,2025-08-22 14:45:00,P01,PRD-057,PRD-057,ADJUSTMENT,593,EA,RM-A,WMS
IM-0008717,2025-10-16 19:36:00,P02,PRD-043,PRD-043,FG_RECEIPT,5841,EA,WIP-01,WMS
IM-0008718,2025-11-10 13:49:00,P01,MAT-018,PRD-002,RM_ISSUE,-1306,EA,RM-A,WMS
IM-0008719,2025-08-13 01:22:00,P02,MAT-033,PRD-022,RM_RECEIPT,934,EA,FG-02,WMS
IM-0008720,2026-06-30 06:08:00,P02,PRD-019,PRD-019,FG_SHIP,-574,EA,RM-A,WMS
IM-0008721,2026-05-24 09:45:00,P02,MAT-020,PRD-010,RM_ISSUE,-1780,EA,FG-02,WMS
IM-0008722,2026-06-19 16:25:00,P03,PRD-015,PRD-015,FG_RECEIPT,3236,EA,FG-01,WMS
IM-0008723,2025-08-02 01:13:00,P03,MAT-002,PRD-069,RM_RECEIPT,4861,EA,RM-A,WMS
IM-0008724,2025-12-03 07:24:00,P01,MAT-037,PRD-080,RM_RECEIPT,1075,EA,FG-01,WMS
IM-0008725,2025-12-12 04:01:00,P02,PRD-073,PRD-073,FG_RECEIPT,3855,EA,WIP-01,WMS
IM-0008726,2025-11-21 06:09:00,P03,MAT-010,PRD-037,RM_ISSUE,-2107,EA,FG-02,WMS
IM-0008727,2025-10-19 16:55:00,P01,PRD-058,PRD-058,FG_RECEIPT,1840,EA,FG-02,WMS
IM-0008728,2025-12-12 21:01:00,P02,PRD-001,PRD-001,FG_SHIP,-754,EA,RM-B,WMS
IM-0008729,2026-06-24 02:40:00,P02,MAT-004,PRD-040,RM_ISSUE,-2440,EA,WIP-01,WMS
IM-0008730,2026-01-04 17:35:00,P02,MAT-031,PRD-052,RM_ISSUE,-2378,EA,FG-02,WMS
IM-0008731,2026-02-13 13:15:00,P03,PRD-049,PRD-049,FG_SHIP,-284,EA,WIP-01,WMS
IM-0008732,2026-03-17 03:05:00,P03,PRD-054,PRD-054,FG_RECEIPT,2183,EA,FG-02,WMS
IM-0008733,2025-09-21 16:51:00,P02,MAT-030,PRD-041,RM_ISSUE,-3315,EA,FG-02,WMS
IM-0008734,2025-12-05 22:41:00,P01,MAT-026,PRD-057,RM_RECEIPT,2163,EA,FG-01,WMS
IM-0008735,2026-04-09 10:34:00,P01,MAT-008,PRD-065,RM_RECEIPT,2091,EA,FG-01,WMS
IM-0008736,2025-10-13 23:58:00,P02,PRD-070,PRD-070,FG_RECEIPT,12435,EA,FG-01,WMS
IM-0008737,2025-08-20 02:09:00,P01,MAT-003,PRD-014,RM_ISSUE,-3731,EA,FG-01,WMS
IM-0008738,2026-07-23 06:46:00,P01,PRD-039,PRD-039,ADJUSTMENT,5563,EA,RM-A,WMS
IM-0008739,2025-08-23 04:25:00,P02,PRD-023,PRD-023,FG_SHIP,-4870,EA,FG-02,WMS
IM-0008740,2026-01-28 00:22:00,P03,MAT-035,PRD-066,RM_ISSUE,-497,EA,FG-01,WMS
IM-0008741,2025-08-12 13:00:00,P02,MAT-018,PRD-002,RM_RECEIPT,3185,EA,FG-02,WMS
IM-0008742,2026-01-17 20:47:00,P01,MAT-015,PRD-025,RM_ISSUE,-609,EA,FG-02,WMS
IM-0008743,2025-08-06 20:56:00,P02,PRD-053,PRD-053,FG_SHIP,-3607,EA,FG-01,WMS
IM-0008744,2026-04-24 19:34:00,P01,PRD-030,PRD-030,FG_SHIP,-1349,EA,RM-A,WMS
IM-0008745,2026-03-05 17:03:00,P03,PRD-004,PRD-004,FG_RECEIPT,1597,EA,WIP-01,WMS
IM-0008746,2026-07-13 20:53:00,P03,PRD-036,PRD-036,FG_SHIP,-3144,EA,FG-02,WMS
IM-0008747,2026-02-23 22:55:00,P01,PRD-041,PRD-041,FG_SHIP,-7061,EA,RM-B,WMS
IM-0008748,2026-05-07 13:52:00,P03,PRD-036,PRD-036,FG_SHIP,-2531,EA,RM-B,WMS
IM-0008749,2025-11-23 21:29:00,P01,PRD-051,PRD-051,FG_SHIP,-4643,EA,RM-B,WMS
IM-0008750,2025-10-27 18:09:00,P03,PRD-079,PRD-079,ADJUSTMENT,2599,EA,FG-01,WMS
IM-0008751,2026-02-17 23:29:00,P01,MAT-017,PRD-019,RM_ISSUE,-1070,EA,FG-02,WMS
IM-0008752,2025-12-09 09:52:00,P03,PRD-042,PRD-042,ADJUSTMENT,1058,EA,RM-A,WMS
IM-0008753,2025-11-04 13:38:00,P02,MAT-022,PRD-047,RM_ISSUE,-1570,EA,FG-01,WMS
IM-0008754,2025-12-08 13:31:00,P02,PRD-065,PRD-065,FG_SHIP,-2049,EA,FG-02,WMS
IM-0008755,2025-12-24 09:32:00,P01,PRD-025,PRD-025,FG_RECEIPT,4705,EA,RM-A,WMS
IM-0008756,2025-11-09 19:35:00,P02,MAT-027,PRD-072,RM_RECEIPT,7320,EA,RM-B,WMS
IM-0008757,2026-06-25 01:28:00,P01,PRD-079,PRD-079,FG_SHIP,-895,EA,FG-01,WMS
IM-0008758,2026-02-24 08:45:00,P01,PRD-051,PRD-051,FG_RECEIPT,845,EA,FG-01,WMS
IM-0008759,2026-01-08 16:42:00,P01,MAT-033,PRD-044,RM_ISSUE,-2067,EA,RM-B,WMS
IM-0008760,2025-11-26 16:42:00,P02,MAT-037,PRD-051,RM_ISSUE,-453,EA,FG-01,WMS
IM-0008761,2025-11-24 06:13:00,P01,PRD-019,PRD-019,FG_SHIP,-1845,EA,WIP-01,WMS
IM-0008762,2026-02-04 16:14:00,P03,PRD-013,PRD-013,FG_RECEIPT,7640,EA,FG-01,WMS
IM-0008763,2026-06-14 23:11:00,P01,MAT-003,PRD-014,RM_ISSUE,-10747,EA,RM-B,WMS
IM-0008764,2026-01-12 17:13:00,P02,PRD-078,PRD-078,FG_SHIP,-3797,EA,FG-02,WMS
IM-0008765,2026-01-09 10:43:00,P01,PRD-030,PRD-030,FG_RECEIPT,4287,EA,RM-A,WMS
IM-0008766,2025-12-02 09:10:00,P03,PRD-030,PRD-030,FG_SHIP,-2402,EA,WIP-01,WMS
IM-0008767,2026-01-30 03:56:00,P01,MAT-033,PRD-076,RM_RECEIPT,800,EA,RM-B,WMS
IM-0008768,2025-08-31 10:52:00,P03,PRD-067,PRD-067,FG_SHIP,-488,EA,FG-01,WMS
IM-0008769,2026-02-24 17:59:00,P01,PRD-056,PRD-056,FG_SHIP,-2983,EA,WIP-01,WMS
IM-0008770,2025-10-18 03:02:00,P02,PRD-050,PRD-050,FG_SHIP,-9955,EA,WIP-01,WMS
IM-0008771,2026-07-12 12:39:00,P03,MAT-004,PRD-032,RM_ISSUE,-1801,EA,FG-02,WMS
IM-0008772,2026-01-18 14:55:00,P03,MAT-019,PRD-004,RM_RECEIPT,943,EA,RM-B,WMS
IM-0008773,2025-12-05 03:24:00,P03,MAT-022,PRD-047,RM_RECEIPT,4633,EA,FG-02,WMS
IM-0008774,2025-08-07 08:59:00,P02,PRD-007,PRD-007,FG_SHIP,-7977,EA,RM-A,WMS
IM-0008775,2025-09-11 22:11:00,P02,MAT-037,PRD-080,RM_ISSUE,-2892,EA,RM-A,WMS
IM-0008776,2026-03-04 15:02:00,P02,MAT-019,PRD-071,RM_RECEIPT,7771,EA,RM-A,WMS
IM-0008777,2025-09-11 05:56:00,P02,MAT-005,PRD-033,RM_ISSUE,-5026,EA,RM-B,WMS
IM-0008778,2025-11-28 18:11:00,P03,MAT-017,PRD-079,RM_ISSUE,-4099,EA,FG-01,WMS
IM-0008779,2026-05-09 12:17:00,P02,MAT-029,PRD-031,RM_ISSUE,-2457,EA,FG-02,WMS
IM-0008780,2026-03-03 11:36:00,P01,MAT-023,PRD-007,RM_RECEIPT,1355,EA,RM-B,WMS
IM-0008781,2025-12-26 04:17:00,P02,PRD-016,PRD-016,FG_RECEIPT,1223,EA,RM-A,WMS
IM-0008782,2025-09-21 06:52:00,P03,PRD-035,PRD-035,FG_SHIP,-837,EA,RM-B,WMS
IM-0008783,2026-05-15 05:19:00,P01,PRD-004,PRD-004,FG_SHIP,-724,EA,FG-02,WMS
IM-0008784,2025-12-03 04:50:00,P01,PRD-054,PRD-054,FG_SHIP,-1138,EA,RM-B,WMS
IM-0008785,2025-08-14 12:48:00,P02,MAT-004,PRD-048,RM_RECEIPT,591,EA,FG-02,WMS
IM-0008786,2025-10-17 04:23:00,P01,MAT-026,PRD-046,RM_ISSUE,-1876,EA,FG-01,WMS
IM-0008787,2025-08-25 17:40:00,P02,MAT-030,PRD-060,RM_ISSUE,-953,EA,WIP-01,WMS
IM-0008788,2026-04-11 11:16:00,P02,PRD-058,PRD-058,FG_SHIP,-4067,EA,FG-01,WMS
IM-0008789,2026-07-31 05:08:00,P03,PRD-074,PRD-074,FG_RECEIPT,3951,EA,FG-01,WMS
IM-0008790,2025-08-31 01:58:00,P01,MAT-022,PRD-047,RM_ISSUE,-9913,EA,FG-02,WMS
IM-0008791,2025-12-12 07:13:00,P03,PRD-004,PRD-004,FG_RECEIPT,1120,EA,RM-B,WMS
IM-0008792,2025-09-16 19:12:00,P01,PRD-012,PRD-012,FG_SHIP,-1555,EA,FG-01,WMS
IM-0008793,2025-10-10 18:45:00,P03,PRD-041,PRD-041,FG_SHIP,-2761,EA,WIP-01,WMS
IM-0008794,2025-12-29 16:26:00,P02,MAT-033,PRD-044,RM_RECEIPT,9505,EA,RM-B,WMS
IM-0008795,2026-03-07 11:05:00,P02,PRD-031,PRD-031,ADJUSTMENT,5708,EA,FG-01,WMS
IM-0008796,2026-02-26 19:35:00,P02,PRD-003,PRD-003,FG_SHIP,-413,EA,FG-01,WMS
IM-0008797,2025-08-12 20:45:00,P03,PRD-002,PRD-002,FG_SHIP,-2780,EA,WIP-01,WMS
IM-0008798,2026-02-18 03:55:00,P03,MAT-018,PRD-054,RM_RECEIPT,3476,EA,RM-A,WMS
IM-0008799,2025-10-06 09:08:00,P02,MAT-033,PRD-044,RM_RECEIPT,369,EA,FG-02,WMS
IM-0008800,2025-08-10 01:13:00,P03,MAT-010,PRD-063,RM_RECEIPT,419,EA,RM-B,WMS
IM-0008801,2026-01-26 12:08:00,P02,MAT-022,PRD-073,RM_RECEIPT,607,EA,RM-B,WMS
IM-0008802,2025-10-19 07:55:00,P03,MAT-019,PRD-004,RM_RECEIPT,1449,EA,RM-B,WMS
IM-0008803,2025-12-25 22:47:00,P01,PRD-036,PRD-036,ADJUSTMENT,2320,EA,FG-02,WMS
IM-0008804,2025-11-08 10:05:00,P02,PRD-006,PRD-006,ADJUSTMENT,1987,EA,RM-A,WMS
IM-0008805,2026-05-08 03:30:00,P03,MAT-029,PRD-045,RM_ISSUE,-5544,EA,RM-A,WMS
IM-0008806,2026-05-28 06:32:00,P01,MAT-030,PRD-064,RM_RECEIPT,808,EA,FG-02,WMS
IM-0008807,2025-09-01 11:40:00,P01,MAT-035,PRD-053,RM_ISSUE,-476,EA,WIP-01,WMS
IM-0008808,2026-05-01 06:51:00,P01,PRD-046,PRD-046,FG_RECEIPT,2649,EA,FG-01,WMS
IM-0008809,2025-10-25 23:34:00,P02,MAT-018,PRD-054,RM_ISSUE,-1558,EA,RM-B,WMS
IM-0008810,2026-03-21 12:08:00,P03,MAT-030,PRD-064,RM_RECEIPT,3930,EA,FG-02,WMS
IM-0008811,2026-07-27 15:19:00,P02,MAT-019,PRD-004,RM_RECEIPT,1157,EA,RM-B,WMS
IM-0008812,2025-09-15 05:35:00,P02,PRD-028,PRD-028,FG_SHIP,-4601,EA,WIP-01,WMS
IM-0008813,2026-07-20 12:41:00,P01,MAT-027,PRD-061,RM_RECEIPT,802,EA,RM-A,WMS
IM-0008814,2026-03-08 17:48:00,P01,PRD-010,PRD-010,FG_SHIP,-889,EA,RM-B,WMS
IM-0008815,2026-01-07 03:18:00,P01,MAT-032,PRD-077,RM_RECEIPT,1967,EA,RM-B,WMS
IM-0008816,2025-12-15 11:03:00,P02,PRD-067,PRD-067,FG_RECEIPT,539,EA,FG-02,WMS
IM-0008817,2026-02-02 18:02:00,P03,MAT-027,PRD-072,RM_RECEIPT,1203,EA,WIP-01,WMS
IM-0008818,2026-05-20 08:39:00,P02,PRD-018,PRD-018,FG_SHIP,-1088,EA,RM-A,WMS
IM-0008819,2025-11-02 08:55:00,P03,MAT-017,PRD-019,RM_RECEIPT,3271,EA,FG-01,WMS
IM-0008820,2026-05-09 16:09:00,P03,MAT-012,PRD-006,RM_ISSUE,-578,EA,RM-A,WMS
IM-0008821,2026-07-30 08:11:00,P02,MAT-015,PRD-034,RM_RECEIPT,466,EA,RM-A,WMS
IM-0008822,2025-08-09 06:49:00,P01,MAT-004,PRD-032,RM_ISSUE,-1418,EA,FG-01,WMS
IM-0008823,2026-06-20 11:25:00,P03,PRD-021,PRD-021,FG_SHIP,-1469,EA,FG-01,WMS
IM-0008824,2025-09-19 01:17:00,P03,MAT-018,PRD-078,RM_ISSUE,-1089,EA,RM-A,WMS
IM-0008825,2026-05-22 18:46:00,P01,MAT-005,PRD-058,RM_RECEIPT,2054,EA,WIP-01,WMS
IM-0008826,2026-04-12 05:38:00,P01,PRD-037,PRD-037,FG_SHIP,-873,EA,FG-02,WMS
IM-0008827,2025-12-08 05:26:00,P01,MAT-031,PRD-008,RM_ISSUE,-12764,EA,RM-A,WMS
IM-0008828,2025-08-28 03:56:00,P02,MAT-035,PRD-016,RM_ISSUE,-2452,EA,WIP-01,WMS
IM-0008829,2025-12-05 21:33:00,P02,MAT-031,PRD-008,RM_ISSUE,-4065,EA,FG-01,WMS
IM-0008830,2025-08-08 03:14:00,P02,PRD-045,PRD-045,FG_SHIP,-574,EA,FG-02,WMS
IM-0008831,2025-10-09 14:05:00,P02,MAT-033,PRD-044,RM_ISSUE,-780,EA,FG-01,WMS
IM-0008832,2026-06-17 01:34:00,P01,MAT-015,PRD-025,RM_RECEIPT,1663,EA,RM-B,WMS
IM-0008833,2026-05-26 19:04:00,P01,PRD-005,PRD-005,FG_RECEIPT,3257,EA,FG-01,WMS
IM-0008834,2025-11-26 09:37:00,P01,PRD-032,PRD-032,FG_SHIP,-1648,EA,FG-01,WMS
IM-0008835,2026-02-27 03:26:00,P02,MAT-033,PRD-044,RM_ISSUE,-1916,EA,RM-B,WMS
IM-0008836,2025-09-12 17:48:00,P03,MAT-026,PRD-028,RM_RECEIPT,3502,EA,WIP-01,WMS
IM-0008837,2025-10-20 04:33:00,P02,PRD-077,PRD-077,ADJUSTMENT,2983,EA,RM-B,WMS
IM-0008838,2026-01-23 10:57:00,P01,PRD-057,PRD-057,FG_SHIP,-2437,EA,WIP-01,WMS
IM-0008839,2026-06-07 18:53:00,P03,PRD-022,PRD-022,FG_SHIP,-977,EA,WIP-01,WMS
IM-0008840,2026-04-18 03:58:00,P03,MAT-036,PRD-020,RM_ISSUE,-1393,EA,FG-01,WMS
IM-0008841,2026-03-20 19:25:00,P01,PRD-023,PRD-023,ADJUSTMENT,851,EA,RM-A,WMS
IM-0008842,2026-07-16 07:44:00,P03,MAT-001,PRD-039,RM_ISSUE,-926,EA,RM-B,WMS
IM-0008843,2025-10-31 03:18:00,P01,PRD-076,PRD-076,ADJUSTMENT,761,EA,RM-B,WMS
IM-0008844,2026-06-06 17:33:00,P03,MAT-026,PRD-028,RM_ISSUE,-1287,EA,RM-B,WMS
IM-0008845,2026-07-11 08:46:00,P02,PRD-060,PRD-060,FG_SHIP,-1087,EA,WIP-01,WMS
IM-0008846,2026-03-17 08:01:00,P02,MAT-018,PRD-078,RM_RECEIPT,1341,EA,RM-A,WMS
IM-0008847,2026-05-17 21:35:00,P03,PRD-004,PRD-004,FG_RECEIPT,3255,EA,RM-B,WMS
IM-0008848,2026-07-12 19:44:00,P02,MAT-018,PRD-030,RM_RECEIPT,2864,EA,FG-01,WMS
IM-0008849,2026-06-11 14:52:00,P03,PRD-053,PRD-053,FG_RECEIPT,632,EA,RM-B,WMS
IM-0008850,2025-11-02 18:02:00,P02,MAT-018,PRD-030,RM_ISSUE,-1014,EA,RM-A,WMS
IM-0008851,2025-08-30 13:25:00,P03,MAT-035,PRD-053,RM_RECEIPT,2529,EA,WIP-01,WMS
IM-0008852,2026-01-08 14:49:00,P01,PRD-045,PRD-045,FG_RECEIPT,429,EA,FG-02,WMS
IM-0008853,2026-07-06 05:39:00,P01,MAT-002,PRD-069,RM_ISSUE,-759,EA,FG-01,WMS
IM-0008854,2026-07-24 03:35:00,P01,MAT-036,PRD-020,RM_RECEIPT,635,EA,FG-02,WMS
IM-0008855,2026-02-08 22:18:00,P02,MAT-014,PRD-070,RM_ISSUE,-3147,EA,RM-B,WMS
IM-0008856,2025-10-19 10:49:00,P03,PRD-024,PRD-024,FG_RECEIPT,1770,EA,RM-B,WMS
IM-0008857,2025-11-13 01:03:00,P01,PRD-032,PRD-032,FG_RECEIPT,810,EA,FG-01,WMS
IM-0008858,2025-12-07 05:11:00,P01,MAT-018,PRD-050,RM_RECEIPT,11097,EA,FG-01,WMS
IM-0008859,2026-01-25 02:31:00,P02,PRD-007,PRD-007,FG_RECEIPT,3647,EA,RM-B,WMS
IM-0008860,2026-06-27 13:57:00,P03,PRD-065,PRD-065,FG_SHIP,-598,EA,RM-B,WMS
IM-0008861,2025-09-28 14:28:00,P01,PRD-056,PRD-056,FG_RECEIPT,5073,EA,WIP-01,WMS
IM-0008862,2026-04-08 17:48:00,P03,PRD-014,PRD-014,FG_SHIP,-9390,EA,FG-02,WMS
IM-0008863,2025-09-21 12:14:00,P01,PRD-031,PRD-031,FG_SHIP,-703,EA,FG-02,WMS
IM-0008864,2026-03-27 08:35:00,P03,MAT-003,PRD-049,RM_RECEIPT,1156,EA,WIP-01,WMS
IM-0008865,2026-06-26 18:02:00,P03,MAT-018,PRD-030,RM_ISSUE,-816,EA,FG-01,WMS
IM-0008866,2026-07-25 02:55:00,P03,MAT-017,PRD-019,RM_RECEIPT,1593,EA,FG-01,WMS
IM-0008867,2025-09-05 11:43:00,P03,PRD-004,PRD-004,FG_SHIP,-2794,EA,RM-B,WMS
IM-0008868,2025-08-23 23:02:00,P01,PRD-061,PRD-061,FG_SHIP,-830,EA,FG-02,WMS
IM-0008869,2025-12-13 07:58:00,P03,MAT-029,PRD-031,RM_ISSUE,-1478,EA,WIP-01,WMS
IM-0008870,2026-02-12 11:56:00,P03,PRD-020,PRD-020,ADJUSTMENT,7231,EA,RM-A,WMS
IM-0008871,2026-01-14 17:32:00,P02,PRD-037,PRD-037,FG_RECEIPT,3056,EA,RM-A,WMS
IM-0008872,2026-01-29 20:47:00,P02,PRD-039,PRD-039,ADJUSTMENT,1329,EA,FG-02,WMS
IM-0008873,2025-11-21 07:38:00,P03,PRD-065,PRD-065,FG_SHIP,-2875,EA,RM-B,WMS
IM-0008874,2026-07-27 04:46:00,P03,MAT-022,PRD-023,RM_RECEIPT,2132,EA,FG-02,WMS
IM-0008875,2026-03-07 01:04:00,P01,MAT-018,PRD-026,RM_ISSUE,-3791,EA,FG-01,WMS
IM-0008876,2026-06-20 13:30:00,P03,MAT-022,PRD-073,RM_ISSUE,-4779,EA,FG-01,WMS
IM-0008877,2026-07-20 13:23:00,P03,PRD-065,PRD-065,ADJUSTMENT,6213,EA,FG-02,WMS
IM-0008878,2025-09-11 15:47:00,P02,PRD-053,PRD-053,FG_RECEIPT,3447,EA,RM-A,WMS
IM-0008879,2025-11-03 04:56:00,P03,MAT-002,PRD-069,RM_RECEIPT,3137,EA,WIP-01,WMS
IM-0008880,2025-10-05 09:39:00,P02,PRD-078,PRD-078,FG_SHIP,-1977,EA,FG-01,WMS
IM-0008881,2026-06-13 06:46:00,P03,MAT-023,PRD-007,RM_RECEIPT,3432,EA,FG-02,WMS
IM-0008882,2025-08-08 09:08:00,P01,PRD-061,PRD-061,FG_SHIP,-919,EA,FG-02,WMS
IM-0008883,2026-01-14 23:35:00,P03,MAT-030,PRD-060,RM_RECEIPT,1271,EA,FG-01,WMS
IM-0008884,2026-01-11 04:41:00,P03,MAT-017,PRD-079,RM_RECEIPT,1244,EA,RM-B,WMS
IM-0008885,2026-02-11 11:18:00,P01,PRD-022,PRD-022,FG_SHIP,-745,EA,FG-01,WMS
IM-0008886,2026-04-10 13:56:00,P02,PRD-032,PRD-032,FG_RECEIPT,605,EA,FG-02,WMS
IM-0008887,2025-08-02 02:29:00,P03,MAT-012,PRD-006,RM_ISSUE,-2494,EA,WIP-01,WMS
IM-0008888,2025-12-04 02:14:00,P01,PRD-007,PRD-007,FG_RECEIPT,2820,EA,RM-B,WMS
IM-0008889,2026-05-08 16:43:00,P01,PRD-001,PRD-001,FG_RECEIPT,1436,EA,FG-02,WMS
IM-0008890,2026-01-26 03:18:00,P02,MAT-035,PRD-066,RM_ISSUE,-887,EA,FG-02,WMS
IM-0008891,2025-08-02 11:34:00,P02,PRD-010,PRD-010,FG_SHIP,-941,EA,RM-A,WMS
IM-0008892,2026-05-09 02:57:00,P02,MAT-031,PRD-008,RM_RECEIPT,6761,EA,RM-A,WMS
IM-0008893,2025-10-31 15:30:00,P01,MAT-022,PRD-042,RM_RECEIPT,3286,EA,RM-B,WMS
IM-0008894,2026-04-07 10:46:00,P01,MAT-002,PRD-069,RM_RECEIPT,1760,EA,FG-01,WMS
IM-0008895,2025-11-15 01:40:00,P02,MAT-006,PRD-001,RM_RECEIPT,5708,EA,FG-01,WMS
IM-0008896,2025-11-30 21:43:00,P02,PRD-029,PRD-029,FG_RECEIPT,1724,EA,FG-02,WMS
IM-0008897,2026-04-12 03:36:00,P03,PRD-062,PRD-062,FG_RECEIPT,4700,EA,RM-A,WMS
IM-0008898,2026-05-09 09:33:00,P03,PRD-030,PRD-030,FG_RECEIPT,4310,EA,RM-B,WMS
IM-0008899,2026-05-08 01:54:00,P02,MAT-033,PRD-017,RM_RECEIPT,1904,EA,RM-B,WMS
IM-0008900,2026-04-02 16:58:00,P01,PRD-076,PRD-076,FG_RECEIPT,793,EA,RM-B,WMS
IM-0008901,2025-08-12 19:33:00,P02,MAT-016,PRD-029,RM_RECEIPT,3595,EA,RM-A,WMS
IM-0008902,2026-07-28 10:00:00,P01,MAT-003,PRD-014,RM_RECEIPT,617,EA,FG-02,WMS
IM-0008903,2026-01-14 00:55:00,P02,MAT-037,PRD-018,RM_RECEIPT,3678,EA,FG-02,WMS
IM-0008904,2026-06-01 14:29:00,P02,PRD-048,PRD-048,FG_SHIP,-1891,EA,FG-01,WMS
IM-0008905,2026-03-23 11:43:00,P01,PRD-068,PRD-068,FG_RECEIPT,4474,EA,RM-B,WMS
IM-0008906,2026-07-07 02:49:00,P01,MAT-022,PRD-023,RM_RECEIPT,1952,EA,RM-B,WMS
IM-0008907,2026-05-12 06:19:00,P03,MAT-022,PRD-023,RM_ISSUE,-1513,EA,FG-01,WMS
IM-0008908,2026-04-15 02:20:00,P03,MAT-032,PRD-015,RM_ISSUE,-2688,EA,FG-01,WMS
IM-0008909,2026-01-29 13:51:00,P03,PRD-041,PRD-041,FG_SHIP,-3198,EA,FG-01,WMS
IM-0008910,2026-07-15 14:39:00,P03,PRD-061,PRD-061,FG_RECEIPT,1442,EA,FG-01,WMS
IM-0008911,2026-01-13 10:49:00,P02,MAT-014,PRD-070,RM_ISSUE,-3673,EA,FG-01,WMS
IM-0008912,2026-04-09 03:49:00,P01,PRD-012,PRD-012,FG_RECEIPT,1729,EA,RM-A,WMS
IM-0008913,2025-10-14 07:37:00,P03,PRD-006,PRD-006,ADJUSTMENT,3665,EA,RM-B,WMS
IM-0008914,2026-03-03 03:34:00,P01,MAT-003,PRD-014,RM_RECEIPT,714,EA,FG-01,WMS
IM-0008915,2025-08-31 18:16:00,P03,PRD-058,PRD-058,FG_SHIP,-18001,EA,WIP-01,WMS
IM-0008916,2026-04-22 23:48:00,P03,MAT-030,PRD-009,RM_ISSUE,-1386,EA,RM-A,WMS
IM-0008917,2025-09-05 19:32:00,P02,PRD-003,PRD-003,FG_SHIP,-1015,EA,WIP-01,WMS
IM-0008918,2026-02-08 01:25:00,P02,PRD-075,PRD-075,FG_RECEIPT,944,EA,RM-A,WMS
IM-0008919,2026-03-12 01:49:00,P03,PRD-080,PRD-080,FG_RECEIPT,1857,EA,WIP-01,WMS
IM-0008920,2026-03-18 20:37:00,P01,PRD-079,PRD-079,FG_SHIP,-1747,EA,FG-02,WMS
IM-0008921,2025-09-13 15:25:00,P01,MAT-005,PRD-021,RM_ISSUE,-4597,EA,RM-B,WMS
IM-0008922,2026-02-08 08:35:00,P02,PRD-018,PRD-018,FG_SHIP,-5734,EA,FG-01,WMS
IM-0008923,2026-01-24 23:49:00,P01,MAT-010,PRD-027,RM_RECEIPT,1032,EA,RM-A,WMS
IM-0008924,2026-04-26 05:14:00,P02,PRD-027,PRD-027,FG_SHIP,-4977,EA,FG-02,WMS
IM-0008925,2025-12-02 22:56:00,P03,PRD-004,PRD-004,FG_SHIP,-981,EA,RM-A,WMS
IM-0008926,2026-04-30 10:52:00,P02,MAT-026,PRD-046,RM_ISSUE,-1731,EA,FG-02,WMS
IM-0008927,2025-10-28 13:57:00,P03,PRD-009,PRD-009,FG_RECEIPT,4407,EA,FG-02,WMS
IM-0008928,2025-11-22 21:47:00,P01,PRD-073,PRD-073,FG_RECEIPT,708,EA,RM-B,WMS
IM-0008929,2025-12-29 01:24:00,P03,PRD-051,PRD-051,FG_RECEIPT,4138,EA,FG-02,WMS
IM-0008930,2026-01-25 14:41:00,P01,PRD-005,PRD-005,FG_SHIP,-3073,EA,FG-02,WMS
IM-0008931,2025-09-25 16:30:00,P03,MAT-027,PRD-061,RM_ISSUE,-1108,EA,FG-01,WMS
IM-0008932,2025-10-17 20:25:00,P02,MAT-027,PRD-061,RM_ISSUE,-4786,EA,FG-02,WMS
IM-0008933,2026-07-04 04:30:00,P03,MAT-001,PRD-074,RM_RECEIPT,2419,EA,WIP-01,WMS
IM-0008934,2026-06-28 04:42:00,P01,PRD-024,PRD-024,FG_SHIP,-1178,EA,FG-02,WMS
IM-0008935,2026-06-22 01:32:00,P02,MAT-008,PRD-065,RM_ISSUE,-4124,EA,FG-02,WMS
IM-0008936,2025-09-07 02:22:00,P02,MAT-001,PRD-074,RM_RECEIPT,602,EA,WIP-01,WMS
IM-0008937,2026-02-09 05:34:00,P03,MAT-018,PRD-026,RM_RECEIPT,1069,EA,RM-A,WMS
IM-0008938,2025-09-06 05:44:00,P02,MAT-023,PRD-007,RM_RECEIPT,1405,EA,RM-B,WMS
IM-0008939,2026-05-13 04:25:00,P02,PRD-034,PRD-034,FG_SHIP,-3005,EA,FG-01,WMS
IM-0008940,2025-08-08 11:06:00,P02,MAT-031,PRD-043,RM_ISSUE,-1890,EA,WIP-01,WMS
IM-0008941,2025-10-03 20:01:00,P01,PRD-003,PRD-003,FG_RECEIPT,5732,EA,FG-01,WMS
IM-0008942,2026-02-20 00:19:00,P03,PRD-072,PRD-072,FG_SHIP,-476,EA,FG-01,WMS
IM-0008943,2026-07-09 21:44:00,P01,MAT-022,PRD-023,RM_ISSUE,-6268,EA,RM-B,WMS
IM-0008944,2025-09-05 08:13:00,P02,PRD-001,PRD-001,FG_SHIP,-16165,EA,FG-02,WMS
IM-0008945,2025-08-21 09:12:00,P02,PRD-069,PRD-069,FG_SHIP,-4602,EA,FG-02,WMS
IM-0008946,2025-12-24 18:05:00,P01,PRD-018,PRD-018,FG_RECEIPT,1110,EA,WIP-01,WMS
IM-0008947,2026-04-07 18:38:00,P03,MAT-005,PRD-058,RM_ISSUE,-477,EA,FG-02,WMS
IM-0008948,2025-08-03 12:42:00,P02,PRD-045,PRD-045,FG_RECEIPT,1818,EA,RM-A,WMS
IM-0008949,2026-04-11 04:25:00,P02,PRD-001,PRD-001,FG_SHIP,-1213,EA,RM-A,WMS
IM-0008950,2026-04-27 10:37:00,P01,PRD-065,PRD-065,FG_RECEIPT,2301,EA,RM-B,WMS
IM-0008951,2026-02-09 16:09:00,P02,MAT-026,PRD-046,RM_RECEIPT,390,EA,FG-01,WMS
IM-0008952,2025-08-27 05:47:00,P01,PRD-064,PRD-064,FG_SHIP,-604,EA,RM-A,WMS
IM-0008953,2026-06-04 06:25:00,P03,PRD-007,PRD-007,FG_RECEIPT,455,EA,FG-02,WMS
IM-0008954,2025-09-19 22:00:00,P01,PRD-053,PRD-053,FG_SHIP,-1438,EA,RM-A,WMS
IM-0008955,2025-09-14 06:24:00,P03,MAT-022,PRD-073,RM_RECEIPT,2955,EA,FG-02,WMS
IM-0008956,2025-11-14 12:59:00,P03,PRD-052,PRD-052,FG_SHIP,-1296,EA,FG-02,WMS
IM-0008957,2026-03-18 05:25:00,P03,PRD-025,PRD-025,FG_RECEIPT,1078,EA,WIP-01,WMS
IM-0008958,2026-07-23 14:23:00,P03,MAT-032,PRD-005,RM_RECEIPT,3814,EA,WIP-01,WMS
IM-0008959,2026-03-08 14:54:00,P02,PRD-033,PRD-033,FG_SHIP,-1465,EA,RM-A,WMS
IM-0008960,2026-02-15 08:28:00,P03,PRD-014,PRD-014,FG_RECEIPT,2575,EA,RM-A,WMS
IM-0008961,2026-01-03 20:13:00,P03,MAT-016,PRD-029,RM_RECEIPT,1558,EA,FG-01,WMS
IM-0008962,2026-06-24 04:19:00,P02,PRD-016,PRD-016,FG_RECEIPT,1868,EA,RM-A,WMS
IM-0008963,2026-02-09 09:17:00,P02,PRD-005,PRD-005,FG_SHIP,-890,EA,RM-A,WMS
IM-0008964,2026-05-31 08:18:00,P02,MAT-018,PRD-067,RM_ISSUE,-4963,EA,RM-A,WMS
IM-0008965,2026-03-05 23:38:00,P03,PRD-025,PRD-025,FG_SHIP,-738,EA,RM-A,WMS
IM-0008966,2026-04-30 10:36:00,P02,PRD-012,PRD-012,FG_RECEIPT,2048,EA,RM-A,WMS
IM-0008967,2025-10-30 11:11:00,P02,PRD-004,PRD-004,FG_RECEIPT,2946,EA,RM-A,WMS
IM-0008968,2025-11-07 01:05:00,P03,PRD-036,PRD-036,FG_SHIP,-1438,EA,FG-01,WMS
IM-0008969,2026-05-11 18:13:00,P01,MAT-005,PRD-058,RM_RECEIPT,1346,EA,FG-01,WMS
IM-0008970,2025-10-26 02:35:00,P03,MAT-008,PRD-065,RM_ISSUE,-5627,EA,FG-01,WMS
IM-0008971,2025-09-17 11:39:00,P01,MAT-003,PRD-014,RM_ISSUE,-1220,EA,FG-01,WMS
IM-0008972,2026-01-30 10:38:00,P01,MAT-007,PRD-055,RM_ISSUE,-2805,EA,FG-01,WMS
IM-0008973,2026-01-10 16:04:00,P02,PRD-043,PRD-043,FG_RECEIPT,2677,EA,RM-B,WMS
IM-0008974,2026-03-03 12:50:00,P03,PRD-044,PRD-044,FG_SHIP,-377,EA,WIP-01,WMS
IM-0008975,2025-11-15 21:23:00,P02,PRD-010,PRD-010,FG_SHIP,-853,EA,FG-02,WMS
IM-0008976,2026-01-05 04:18:00,P01,MAT-007,PRD-055,RM_ISSUE,-4195,EA,FG-02,WMS
IM-0008977,2025-11-29 03:30:00,P02,PRD-064,PRD-064,FG_SHIP,-3920,EA,RM-B,WMS
IM-0008978,2025-11-19 05:39:00,P01,MAT-029,PRD-045,RM_RECEIPT,1994,EA,RM-B,WMS
IM-0008979,2026-01-19 03:29:00,P01,MAT-023,PRD-007,RM_RECEIPT,1487,EA,FG-01,WMS
IM-0008980,2026-05-24 19:40:00,P03,PRD-060,PRD-060,FG_RECEIPT,1064,EA,FG-01,WMS
IM-0008981,2026-03-06 00:59:00,P02,MAT-033,PRD-022,RM_ISSUE,-1122,EA,RM-A,WMS
IM-0008982,2026-06-02 01:59:00,P03,MAT-008,PRD-036,RM_ISSUE,-280,EA,FG-01,WMS
IM-0008983,2026-04-20 19:06:00,P02,PRD-001,PRD-001,FG_SHIP,-2774,EA,RM-A,WMS
IM-0008984,2025-09-15 22:41:00,P01,PRD-054,PRD-054,FG_SHIP,-6731,EA,RM-B,WMS
IM-0008985,2026-07-09 21:43:00,P01,PRD-021,PRD-021,FG_SHIP,-668,EA,RM-B,WMS
IM-0008986,2025-10-22 12:47:00,P01,PRD-015,PRD-015,FG_RECEIPT,3156,EA,RM-B,WMS
IM-0008987,2026-02-15 03:38:00,P02,MAT-004,PRD-048,RM_RECEIPT,1939,EA,RM-B,WMS
IM-0008988,2026-05-12 14:23:00,P01,PRD-053,PRD-053,FG_SHIP,-1024,EA,RM-A,WMS
IM-0008989,2026-06-15 04:21:00,P01,MAT-012,PRD-011,RM_RECEIPT,2037,EA,RM-B,WMS
IM-0008990,2026-03-08 11:26:00,P02,MAT-006,PRD-001,RM_RECEIPT,386,EA,RM-A,WMS
IM-0008991,2025-09-08 00:49:00,P02,MAT-032,PRD-038,RM_RECEIPT,3820,EA,FG-02,WMS
IM-0008992,2026-07-22 02:40:00,P03,MAT-030,PRD-041,RM_RECEIPT,1640,EA,RM-B,WMS
IM-0008993,2025-12-16 06:44:00,P02,MAT-004,PRD-040,RM_RECEIPT,1280,EA,RM-A,WMS
IM-0008994,2026-06-07 15:04:00,P02,MAT-008,PRD-036,RM_RECEIPT,2868,EA,FG-01,WMS
IM-0008995,2026-03-07 04:41:00,P03,MAT-018,PRD-026,RM_RECEIPT,510,EA,RM-B,WMS
IM-0008996,2026-02-03 00:01:00,P01,MAT-015,PRD-025,RM_ISSUE,-1181,EA,WIP-01,WMS
IM-0008997,2025-08-01 00:37:00,P03,PRD-066,PRD-066,FG_RECEIPT,895,EA,FG-02,WMS
IM-0008998,2026-04-25 16:33:00,P01,MAT-032,PRD-005,RM_RECEIPT,2218,EA,RM-B,WMS
IM-0008999,2025-09-03 10:24:00,P03,MAT-033,PRD-017,RM_ISSUE,-4711,EA,FG-01,WMS
IM-0009000,2026-01-09 01:13:00,P03,MAT-013,PRD-075,RM_RECEIPT,853,EA,RM-A,WMS
