machine_id,prediction_datetime,failure_within_24h,failure_within_7d,failure_type,severity
MCH-001,2025-08-01 00:00:00,0,0,,
MCH-001,2025-08-02 00:00:00,0,0,,
MCH-001,2025-08-03 00:00:00,0,0,,
MCH-001,2025-08-04 00:00:00,0,0,,
MCH-001,2025-08-05 00:00:00,0,0,,
MCH-001,2025-08-06 00:00:00,0,0,,
MCH-001,2025-08-07 00:00:00,0,0,,
MCH-001,2025-08-08 00:00:00,0,0,,
MCH-001,2025-08-09 00:00:00,0,0,,
MCH-001,2025-08-10 00:00:00,0,0,,
MCH-001,2025-08-11 00:00:00,0,0,,
MCH-001,2025-08-12 00:00:00,0,0,,
MCH-001,2025-08-13 00:00:00,0,0,,
MCH-001,2025-08-14 00:00:00,0,0,,
MCH-001,2025-08-15 00:00:00,0,0,,
MCH-001,2025-08-16 00:00:00,0,0,,
MCH-001,2025-08-17 00:00:00,0,0,,
MCH-001,2025-08-18 00:00:00,0,0,,
MCH-001,2025-08-19 00:00:00,0,0,,
MCH-001,2025-08-20 00:00:00,0,0,,
MCH-001,2025-08-21 00:00:00,0,0,,
MCH-001,2025-08-22 00:00:00,0,0,,
MCH-001,2025-08-23 00:00:00,0,0,,
MCH-001,2025-08-24 00:00:00,0,0,,
MCH-001,2025-08-25 00:00:00,0,0,,
MCH-001,2025-08-26 00:00:00,0,0,,
MCH-001,2025-08-27 00:00:00,0,0,,
MCH-001,2025-08-28 00:00:00,0,0,,
MCH-001,2025-08-29 00:00:00,0,0,,
MCH-001,2025-08-30 00:00:00,0,0,,
MCH-001,2025-08-31 00:00:00,0,0,,
MCH-001,2025-09-01 00:00:00,0,0,,
MCH-001,2025-09-02 00:00:00,0,0,,
MCH-001,2025-09-03 00:00:00,0,0,,
MCH-001,2025-09-04 00:00:00,0,0,,
MCH-001,2025-09-05 00:00:00,0,0,,
MCH-001,2025-09-06 00:00:00,0,0,,
MCH-001,2025-09-07 00:00:00,0,0,,
MCH-001,2025-09-08 00:00:00,0,0,,
MCH-001,2025-09-09 00:00:00,0,0,,
MCH-001,2025-09-10 00:00:00,0,0,,
MCH-001,2025-09-11 00:00:00,0,0,,
MCH-001,2025-09-12 00:00:00,0,0,,
MCH-001,2025-09-13 00:00:00,0,0,,
MCH-001,2025-09-14 00:00:00,0,0,,
MCH-001,2025-09-15 00:00:00,0,0,,
MCH-001,2025-09-16 00:00:00,0,0,,
MCH-001,2025-09-17 00:00:00,0,0,,
MCH-001,2025-09-18 00:00:00,0,0,,
MCH-001,2025-09-19 00:00:00,0,0,,
MCH-001,2025-09-20 00:00:00,0,0,,
MCH-001,2025-09-21 00:00:00,0,0,,
MCH-001,2025-09-22 00:00:00,0,0,,
MCH-001,2025-09-23 00:00:00,0,0,,
MCH-001,2025-09-24 00:00:00,0,0,,
MCH-001,2025-09-25 00:00:00,0,0,,
MCH-001,2025-09-26 00:00:00,0,0,,
MCH-001,2025-09-27 00:00:00,0,0,,
MCH-001,2025-09-28 00:00:00,0,0,,
MCH-001,2025-09-29 00:00:00,0,0,,
MCH-001,2025-09-30 00:00:00,0,0,,
MCH-001,2025-10-01 00:00:00,0,0,,
MCH-001,2025-10-02 00:00:00,0,0,,
MCH-001,2025-10-03 00:00:00,0,0,,
MCH-001,2025-10-04 00:00:00,0,0,,
MCH-001,2025-10-05 00:00:00,0,0,,
MCH-001,2025-10-06 00:00:00,0,0,,
MCH-001,2025-10-07 00:00:00,0,0,,
MCH-001,2025-10-08 00:00:00,0,0,,
MCH-001,2025-10-09 00:00:00,0,0,,
MCH-001,2025-10-10 00:00:00,0,0,,
MCH-001,2025-10-11 00:00:00,0,0,,
MCH-001,2025-10-12 00:00:00,0,0,,
MCH-001,2025-10-13 00:00:00,0,0,,
MCH-001,2025-10-14 00:00:00,0,0,,
MCH-001,2025-10-15 00:00:00,0,0,,
MCH-001,2025-10-16 00:00:00,0,0,,
MCH-001,2025-10-17 00:00:00,0,0,,
MCH-001,2025-10-18 00:00:00,0,0,,
MCH-001,2025-10-19 00:00:00,0,0,,
MCH-001,2025-10-20 00:00:00,0,0,,
MCH-001,2025-10-21 00:00:00,0,0,,
MCH-001,2025-10-22 00:00:00,0,0,,
MCH-001,2025-10-23 00:00:00,0,0,,
MCH-001,2025-10-24 00:00:00,0,0,,
MCH-001,2025-10-25 00:00:00,0,0,,
MCH-001,2025-10-26 00:00:00,0,0,,
MCH-001,2025-10-27 00:00:00,0,0,,
MCH-001,2025-10-28 00:00:00,0,0,,
MCH-001,2025-10-29 00:00:00,0,0,,
MCH-001,2025-10-30 00:00:00,0,0,,
MCH-001,2025-10-31 00:00:00,0,0,,
MCH-001,2025-11-01 00:00:00,0,0,,
MCH-001,2025-11-02 00:00:00,0,0,,
MCH-001,2025-11-03 00:00:00,0,0,,
MCH-001,2025-11-04 00:00:00,0,0,,
MCH-001,2025-11-05 00:00:00,0,0,,
MCH-001,2025-11-06 00:00:00,0,0,,
MCH-001,2025-11-07 00:00:00,0,0,,
MCH-001,2025-11-08 00:00:00,0,0,,
MCH-001,2025-11-09 00:00:00,0,0,,
MCH-001,2025-11-10 00:00:00,0,0,,
MCH-001,2025-11-11 00:00:00,0,0,,
MCH-001,2025-11-12 00:00:00,0,0,,
MCH-001,2025-11-13 00:00:00,0,0,,
MCH-001,2025-11-14 00:00:00,0,0,,
MCH-001,2025-11-15 00:00:00,0,0,,
MCH-001,2025-11-16 00:00:00,0,0,,
MCH-001,2025-11-17 00:00:00,0,0,,
MCH-001,2025-11-18 00:00:00,0,0,,
MCH-001,2025-11-19 00:00:00,0,0,,
MCH-001,2025-11-20 00:00:00,0,0,,
MCH-001,2025-11-21 00:00:00,0,0,,
MCH-001,2025-11-22 00:00:00,0,0,,
MCH-001,2025-11-23 00:00:00,0,0,,
MCH-001,2025-11-24 00:00:00,0,0,,
MCH-001,2025-11-25 00:00:00,0,0,,
MCH-001,2025-11-26 00:00:00,0,0,,
MCH-001,2025-11-27 00:00:00,0,0,,
MCH-001,2025-11-28 00:00:00,0,0,,
MCH-001,2025-11-29 00:00:00,0,0,,
MCH-001,2025-11-30 00:00:00,0,0,,
MCH-001,2025-12-01 00:00:00,0,0,,
MCH-001,2025-12-02 00:00:00,0,0,,
MCH-001,2025-12-03 00:00:00,0,0,,
MCH-001,2025-12-04 00:00:00,0,0,,
MCH-001,2025-12-05 00:00:00,0,0,,
MCH-001,2025-12-06 00:00:00,0,0,,
MCH-001,2025-12-07 00:00:00,0,0,,
MCH-001,2025-12-08 00:00:00,0,0,,
MCH-001,2025-12-09 00:00:00,0,0,,
MCH-001,2025-12-10 00:00:00,0,0,,
MCH-001,2025-12-11 00:00:00,0,0,,
MCH-001,2025-12-12 00:00:00,0,0,,
MCH-001,2025-12-13 00:00:00,0,0,,
MCH-001,2025-12-14 00:00:00,0,0,,
MCH-001,2025-12-15 00:00:00,0,0,,
MCH-001,2025-12-16 00:00:00,0,0,,
MCH-001,2025-12-17 00:00:00,0,0,,
MCH-001,2025-12-18 00:00:00,0,0,,
MCH-001,2025-12-19 00:00:00,0,0,,
MCH-001,2025-12-20 00:00:00,0,0,,
MCH-001,2025-12-21 00:00:00,0,0,,
MCH-001,2025-12-22 00:00:00,0,0,,
MCH-001,2025-12-23 00:00:00,0,0,,
MCH-001,2025-12-24 00:00:00,0,0,,
MCH-001,2025-12-25 00:00:00,0,0,,
MCH-001,2025-12-26 00:00:00,0,0,,
MCH-001,2025-12-27 00:00:00,0,0,,
MCH-001,2025-12-28 00:00:00,0,0,,
MCH-001,2025-12-29 00:00:00,0,0,,
MCH-001,2025-12-30 00:00:00,0,0,,
MCH-001,2025-12-31 00:00:00,0,0,,
MCH-001,2026-01-01 00:00:00,0,0,,
MCH-001,2026-01-02 00:00:00,0,0,,
MCH-001,2026-01-03 00:00:00,0,0,,
MCH-001,2026-01-04 00:00:00,0,0,,
MCH-001,2026-01-05 00:00:00,0,0,,
MCH-001,2026-01-06 00:00:00,0,0,,
MCH-001,2026-01-07 00:00:00,0,0,,
MCH-001,2026-01-08 00:00:00,0,0,,
MCH-001,2026-01-09 00:00:00,0,0,,
MCH-001,2026-01-10 00:00:00,0,0,,
MCH-001,2026-01-11 00:00:00,0,0,,
MCH-001,2026-01-12 00:00:00,0,0,,
MCH-001,2026-01-13 00:00:00,0,0,,
MCH-001,2026-01-14 00:00:00,0,0,,
MCH-001,2026-01-15 00:00:00,0,0,,
MCH-001,2026-01-16 00:00:00,0,0,,
MCH-001,2026-01-17 00:00:00,0,0,,
MCH-001,2026-01-18 00:00:00,0,0,,
MCH-001,2026-01-19 00:00:00,0,0,,
MCH-001,2026-01-20 00:00:00,0,0,,
MCH-001,2026-01-21 00:00:00,0,0,,
MCH-001,2026-01-22 00:00:00,0,0,,
MCH-001,2026-01-23 00:00:00,0,0,,
MCH-001,2026-01-24 00:00:00,0,0,,
MCH-001,2026-01-25 00:00:00,0,0,,
MCH-001,2026-01-26 00:00:00,0,0,,
MCH-001,2026-01-27 00:00:00,0,0,,
MCH-001,2026-01-28 00:00:00,0,0,,
MCH-001,2026-01-29 00:00:00,0,0,,
MCH-001,2026-01-30 00:00:00,0,0,,
MCH-001,2026-01-31 00:00:00,0,0,,
MCH-001,2026-02-01 00:00:00,0,0,,
MCH-001,2026-02-02 00:00:00,0,0,,
MCH-001,2026-02-03 00:00:00,0,0,,
MCH-001,2026-02-04 00:00:00,0,0,,
MCH-001,2026-02-05 00:00:00,0,0,,
MCH-001,2026-02-06 00:00:00,0,0,,
MCH-001,2026-02-07 00:00:00,0,0,,
MCH-001,2026-02-08 00:00:00,0,0,,
MCH-001,2026-02-09 00:00:00,0,0,,
MCH-001,2026-02-10 00:00:00,0,0,,
MCH-001,2026-02-11 00:00:00,0,0,,
MCH-001,2026-02-12 00:00:00,0,0,,
MCH-001,2026-02-13 00:00:00,0,0,,
MCH-001,2026-02-14 00:00:00,0,0,,
MCH-001,2026-02-15 00:00:00,0,0,,
MCH-001,2026-02-16 00:00:00,0,0,,
MCH-001,2026-02-17 00:00:00,0,0,,
MCH-001,2026-02-18 00:00:00,0,0,,
MCH-001,2026-02-19 00:00:00,0,0,,
MCH-001,2026-02-20 00:00:00,0,0,,
MCH-001,2026-02-21 00:00:00,0,0,,
MCH-001,2026-02-22 00:00:00,0,0,,
MCH-001,2026-02-23 00:00:00,0,0,,
MCH-001,2026-02-24 00:00:00,0,0,,
MCH-001,2026-02-25 00:00:00,0,0,,
MCH-001,2026-02-26 00:00:00,0,0,,
MCH-001,2026-02-27 00:00:00,0,0,,
MCH-001,2026-02-28 00:00:00,0,0,,
MCH-001,2026-03-01 00:00:00,0,0,,
MCH-001,2026-03-02 00:00:00,0,0,,
MCH-001,2026-03-03 00:00:00,0,0,,
MCH-001,2026-03-04 00:00:00,0,0,,
MCH-001,2026-03-05 00:00:00,0,0,,
MCH-001,2026-03-06 00:00:00,0,0,,
MCH-001,2026-03-07 00:00:00,0,0,,
MCH-001,2026-03-08 00:00:00,0,0,,
MCH-001,2026-03-09 00:00:00,0,0,,
MCH-001,2026-03-10 00:00:00,0,0,,
MCH-001,2026-03-11 00:00:00,0,0,,
MCH-001,2026-03-12 00:00:00,0,0,,
MCH-001,2026-03-13 00:00:00,0,0,,
MCH-001,2026-03-14 00:00:00,0,0,,
MCH-001,2026-03-15 00:00:00,0,0,,
MCH-001,2026-03-16 00:00:00,0,0,,
MCH-001,2026-03-17 00:00:00,0,0,,
MCH-001,2026-03-18 00:00:00,0,0,,
MCH-001,2026-03-19 00:00:00,0,0,,
MCH-001,2026-03-20 00:00:00,0,0,,
MCH-001,2026-03-21 00:00:00,0,0,,
MCH-001,2026-03-22 00:00:00,0,0,,
MCH-001,2026-03-23 00:00:00,0,1,BEARING,high
MCH-001,2026-03-24 00:00:00,0,1,MOTOR,high
MCH-001,2026-03-25 00:00:00,0,1,BEARING,critical
MCH-001,2026-03-26 00:00:00,0,1,HYDRAULIC,medium
MCH-001,2026-03-27 00:00:00,0,1,BEARING,medium
MCH-001,2026-03-28 00:00:00,0,1,MOTOR,critical
MCH-001,2026-03-29 00:00:00,1,1,BEARING,medium
MCH-001,2026-03-30 00:00:00,1,1,SENSOR,high
MCH-001,2026-03-31 00:00:00,0,0,,
MCH-001,2026-04-01 00:00:00,0,0,,
MCH-001,2026-04-02 00:00:00,0,0,,
MCH-001,2026-04-03 00:00:00,0,0,,
MCH-001,2026-04-04 00:00:00,0,0,,
MCH-001,2026-04-05 00:00:00,0,0,,
MCH-001,2026-04-06 00:00:00,0,0,,
MCH-001,2026-04-07 00:00:00,0,0,,
MCH-001,2026-04-08 00:00:00,0,0,,
MCH-001,2026-04-09 00:00:00,0,0,,
MCH-001,2026-04-10 00:00:00,0,0,,
MCH-001,2026-04-11 00:00:00,0,0,,
MCH-001,2026-04-12 00:00:00,0,0,,
MCH-001,2026-04-13 00:00:00,0,0,,
MCH-001,2026-04-14 00:00:00,0,0,,
MCH-001,2026-04-15 00:00:00,0,0,,
MCH-001,2026-04-16 00:00:00,0,0,,
MCH-001,2026-04-17 00:00:00,0,0,,
MCH-001,2026-04-18 00:00:00,0,0,,
MCH-001,2026-04-19 00:00:00,0,0,,
MCH-001,2026-04-20 00:00:00,0,0,,
MCH-001,2026-04-21 00:00:00,0,0,,
MCH-001,2026-04-22 00:00:00,0,0,,
MCH-001,2026-04-23 00:00:00,0,0,,
MCH-001,2026-04-24 00:00:00,0,0,,
MCH-001,2026-04-25 00:00:00,0,0,,
MCH-001,2026-04-26 00:00:00,0,0,,
MCH-001,2026-04-27 00:00:00,0,0,,
MCH-001,2026-04-28 00:00:00,0,0,,
MCH-001,2026-04-29 00:00:00,0,0,,
MCH-001,2026-04-30 00:00:00,0,0,,
MCH-001,2026-05-01 00:00:00,0,0,,
MCH-001,2026-05-02 00:00:00,0,0,,
MCH-001,2026-05-03 00:00:00,0,0,,
MCH-001,2026-05-04 00:00:00,0,0,,
MCH-001,2026-05-05 00:00:00,0,0,,
MCH-001,2026-05-06 00:00:00,0,0,,
MCH-001,2026-05-07 00:00:00,0,0,,
MCH-001,2026-05-08 00:00:00,0,0,,
MCH-001,2026-05-09 00:00:00,0,0,,
MCH-001,2026-05-10 00:00:00,0,0,,
MCH-001,2026-05-11 00:00:00,0,0,,
MCH-001,2026-05-12 00:00:00,0,0,,
MCH-001,2026-05-13 00:00:00,0,0,,
MCH-001,2026-05-14 00:00:00,0,0,,
MCH-001,2026-05-15 00:00:00,0,0,,
MCH-001,2026-05-16 00:00:00,0,0,,
MCH-001,2026-05-17 00:00:00,0,0,,
MCH-001,2026-05-18 00:00:00,0,0,,
MCH-001,2026-05-19 00:00:00,0,0,,
MCH-001,2026-05-20 00:00:00,0,0,,
MCH-001,2026-05-21 00:00:00,0,0,,
MCH-001,2026-05-22 00:00:00,0,0,,
MCH-001,2026-05-23 00:00:00,0,0,,
MCH-001,2026-05-24 00:00:00,0,0,,
MCH-001,2026-05-25 00:00:00,0,0,,
MCH-001,2026-05-26 00:00:00,0,0,,
MCH-001,2026-05-27 00:00:00,0,0,,
MCH-001,2026-05-28 00:00:00,0,0,,
MCH-001,2026-05-29 00:00:00,0,0,,
MCH-001,2026-05-30 00:00:00,0,0,,
MCH-001,2026-05-31 00:00:00,0,0,,
MCH-001,2026-06-01 00:00:00,0,0,,
MCH-001,2026-06-02 00:00:00,0,0,,
MCH-001,2026-06-03 00:00:00,0,0,,
MCH-001,2026-06-04 00:00:00,0,1,ELECTRICAL,medium
MCH-001,2026-06-05 00:00:00,0,1,BEARING,medium
MCH-001,2026-06-06 00:00:00,0,1,HYDRAULIC,high
MCH-001,2026-06-07 00:00:00,0,1,TOOLING,medium
MCH-001,2026-06-08 00:00:00,0,1,TOOLING,medium
MCH-001,2026-06-09 00:00:00,0,1,HYDRAULIC,medium
MCH-001,2026-06-10 00:00:00,1,1,HYDRAULIC,high
MCH-001,2026-06-11 00:00:00,1,1,SENSOR,medium
MCH-001,2026-06-12 00:00:00,0,0,,
MCH-001,2026-06-13 00:00:00,0,0,,
MCH-001,2026-06-14 00:00:00,0,0,,
MCH-001,2026-06-15 00:00:00,0,0,,
MCH-001,2026-06-16 00:00:00,0,0,,
MCH-001,2026-06-17 00:00:00,0,0,,
MCH-001,2026-06-18 00:00:00,0,0,,
MCH-001,2026-06-19 00:00:00,0,0,,
MCH-001,2026-06-20 00:00:00,0,0,,
MCH-001,2026-06-21 00:00:00,0,0,,
MCH-001,2026-06-22 00:00:00,0,0,,
MCH-001,2026-06-23 00:00:00,0,0,,
MCH-001,2026-06-24 00:00:00,0,0,,
MCH-001,2026-06-25 00:00:00,0,0,,
MCH-001,2026-06-26 00:00:00,0,0,,
MCH-001,2026-06-27 00:00:00,0,0,,
MCH-001,2026-06-28 00:00:00,0,0,,
MCH-001,2026-06-29 00:00:00,0,0,,
MCH-001,2026-06-30 00:00:00,0,0,,
MCH-001,2026-07-01 00:00:00,0,0,,
MCH-001,2026-07-02 00:00:00,0,0,,
MCH-001,2026-07-03 00:00:00,0,0,,
MCH-001,2026-07-04 00:00:00,0,0,,
MCH-001,2026-07-05 00:00:00,0,0,,
MCH-001,2026-07-06 00:00:00,0,0,,
MCH-001,2026-07-07 00:00:00,0,0,,
MCH-001,2026-07-08 00:00:00,0,0,,
MCH-001,2026-07-09 00:00:00,0,0,,
MCH-001,2026-07-10 00:00:00,0,0,,
MCH-001,2026-07-11 00:00:00,0,0,,
MCH-001,2026-07-12 00:00:00,0,0,,
MCH-001,2026-07-13 00:00:00,0,0,,
MCH-001,2026-07-14 00:00:00,0,0,,
MCH-001,2026-07-15 00:00:00,0,0,,
MCH-001,2026-07-16 00:00:00,0,0,,
MCH-001,2026-07-17 00:00:00,0,0,,
MCH-001,2026-07-18 00:00:00,0,0,,
MCH-001,2026-07-19 00:00:00,0,0,,
MCH-001,2026-07-20 00:00:00,0,0,,
MCH-001,2026-07-21 00:00:00,0,0,,
MCH-001,2026-07-22 00:00:00,0,0,,
MCH-001,2026-07-23 00:00:00,0,0,,
MCH-001,2026-07-24 00:00:00,0,0,,
MCH-001,2026-07-25 00:00:00,0,0,,
MCH-001,2026-07-26 00:00:00,0,0,,
MCH-001,2026-07-27 00:00:00,0,0,,
MCH-001,2026-07-28 00:00:00,0,0,,
MCH-001,2026-07-29 00:00:00,0,0,,
MCH-001,2026-07-30 00:00:00,0,0,,
MCH-001,2026-07-31 00:00:00,0,0,,
MCH-002,2025-08-01 00:00:00,0,0,,
MCH-002,2025-08-02 00:00:00,0,0,,
MCH-002,2025-08-03 00:00:00,0,0,,
MCH-002,2025-08-04 00:00:00,0,0,,
MCH-002,2025-08-05 00:00:00,0,0,,
MCH-002,2025-08-06 00:00:00,0,0,,
MCH-002,2025-08-07 00:00:00,0,0,,
MCH-002,2025-08-08 00:00:00,0,0,,
MCH-002,2025-08-09 00:00:00,0,0,,
MCH-002,2025-08-10 00:00:00,0,0,,
MCH-002,2025-08-11 00:00:00,0,0,,
MCH-002,2025-08-12 00:00:00,0,0,,
MCH-002,2025-08-13 00:00:00,0,0,,
MCH-002,2025-08-14 00:00:00,0,0,,
MCH-002,2025-08-15 00:00:00,0,0,,
MCH-002,2025-08-16 00:00:00,0,0,,
MCH-002,2025-08-17 00:00:00,0,0,,
MCH-002,2025-08-18 00:00:00,0,0,,
MCH-002,2025-08-19 00:00:00,0,0,,
MCH-002,2025-08-20 00:00:00,0,0,,
MCH-002,2025-08-21 00:00:00,0,0,,
MCH-002,2025-08-22 00:00:00,0,0,,
MCH-002,2025-08-23 00:00:00,0,0,,
MCH-002,2025-08-24 00:00:00,0,0,,
MCH-002,2025-08-25 00:00:00,0,0,,
MCH-002,2025-08-26 00:00:00,0,0,,
MCH-002,2025-08-27 00:00:00,0,0,,
MCH-002,2025-08-28 00:00:00,0,0,,
MCH-002,2025-08-29 00:00:00,0,0,,
MCH-002,2025-08-30 00:00:00,0,0,,
MCH-002,2025-08-31 00:00:00,0,0,,
MCH-002,2025-09-01 00:00:00,0,0,,
MCH-002,2025-09-02 00:00:00,0,0,,
MCH-002,2025-09-03 00:00:00,0,0,,
MCH-002,2025-09-04 00:00:00,0,0,,
MCH-002,2025-09-05 00:00:00,0,0,,
MCH-002,2025-09-06 00:00:00,0,0,,
MCH-002,2025-09-07 00:00:00,0,0,,
MCH-002,2025-09-08 00:00:00,0,0,,
MCH-002,2025-09-09 00:00:00,0,0,,
MCH-002,2025-09-10 00:00:00,0,0,,
MCH-002,2025-09-11 00:00:00,0,0,,
MCH-002,2025-09-12 00:00:00,0,0,,
MCH-002,2025-09-13 00:00:00,0,0,,
MCH-002,2025-09-14 00:00:00,0,0,,
MCH-002,2025-09-15 00:00:00,0,0,,
MCH-002,2025-09-16 00:00:00,0,0,,
MCH-002,2025-09-17 00:00:00,0,0,,
MCH-002,2025-09-18 00:00:00,0,0,,
MCH-002,2025-09-19 00:00:00,0,0,,
MCH-002,2025-09-20 00:00:00,0,0,,
MCH-002,2025-09-21 00:00:00,0,0,,
MCH-002,2025-09-22 00:00:00,0,0,,
MCH-002,2025-09-23 00:00:00,0,0,,
MCH-002,2025-09-24 00:00:00,0,0,,
MCH-002,2025-09-25 00:00:00,0,0,,
MCH-002,2025-09-26 00:00:00,0,0,,
MCH-002,2025-09-27 00:00:00,0,0,,
MCH-002,2025-09-28 00:00:00,0,0,,
MCH-002,2025-09-29 00:00:00,0,0,,
MCH-002,2025-09-30 00:00:00,0,0,,
MCH-002,2025-10-01 00:00:00,0,0,,
MCH-002,2025-10-02 00:00:00,0,0,,
MCH-002,2025-10-03 00:00:00,0,0,,
MCH-002,2025-10-04 00:00:00,0,0,,
MCH-002,2025-10-05 00:00:00,0,0,,
MCH-002,2025-10-06 00:00:00,0,0,,
MCH-002,2025-10-07 00:00:00,0,0,,
MCH-002,2025-10-08 00:00:00,0,0,,
MCH-002,2025-10-09 00:00:00,0,0,,
MCH-002,2025-10-10 00:00:00,0,0,,
MCH-002,2025-10-11 00:00:00,0,0,,
MCH-002,2025-10-12 00:00:00,0,0,,
MCH-002,2025-10-13 00:00:00,0,0,,
MCH-002,2025-10-14 00:00:00,0,0,,
MCH-002,2025-10-15 00:00:00,0,0,,
MCH-002,2025-10-16 00:00:00,0,0,,
MCH-002,2025-10-17 00:00:00,0,0,,
MCH-002,2025-10-18 00:00:00,0,0,,
MCH-002,2025-10-19 00:00:00,0,0,,
MCH-002,2025-10-20 00:00:00,0,0,,
MCH-002,2025-10-21 00:00:00,0,0,,
MCH-002,2025-10-22 00:00:00,0,0,,
MCH-002,2025-10-23 00:00:00,0,0,,
MCH-002,2025-10-24 00:00:00,0,0,,
MCH-002,2025-10-25 00:00:00,0,0,,
MCH-002,2025-10-26 00:00:00,0,0,,
MCH-002,2025-10-27 00:00:00,0,0,,
MCH-002,2025-10-28 00:00:00,0,0,,
MCH-002,2025-10-29 00:00:00,0,0,,
MCH-002,2025-10-30 00:00:00,0,0,,
MCH-002,2025-10-31 00:00:00,0,0,,
MCH-002,2025-11-01 00:00:00,0,0,,
MCH-002,2025-11-02 00:00:00,0,0,,
MCH-002,2025-11-03 00:00:00,0,0,,
MCH-002,2025-11-04 00:00:00,0,0,,
MCH-002,2025-11-05 00:00:00,0,0,,
MCH-002,2025-11-06 00:00:00,0,0,,
MCH-002,2025-11-07 00:00:00,0,0,,
MCH-002,2025-11-08 00:00:00,0,0,,
MCH-002,2025-11-09 00:00:00,0,0,,
MCH-002,2025-11-10 00:00:00,0,0,,
MCH-002,2025-11-11 00:00:00,0,0,,
MCH-002,2025-11-12 00:00:00,0,0,,
MCH-002,2025-11-13 00:00:00,0,0,,
MCH-002,2025-11-14 00:00:00,0,0,,
MCH-002,2025-11-15 00:00:00,0,0,,
MCH-002,2025-11-16 00:00:00,0,0,,
MCH-002,2025-11-17 00:00:00,0,0,,
MCH-002,2025-11-18 00:00:00,0,0,,
MCH-002,2025-11-19 00:00:00,0,0,,
MCH-002,2025-11-20 00:00:00,0,0,,
MCH-002,2025-11-21 00:00:00,0,0,,
MCH-002,2025-11-22 00:00:00,0,0,,
MCH-002,2025-11-23 00:00:00,0,0,,
MCH-002,2025-11-24 00:00:00,0,0,,
MCH-002,2025-11-25 00:00:00,0,0,,
MCH-002,2025-11-26 00:00:00,0,0,,
MCH-002,2025-11-27 00:00:00,0,0,,
MCH-002,2025-11-28 00:00:00,0,0,,
MCH-002,2025-11-29 00:00:00,0,0,,
MCH-002,2025-11-30 00:00:00,0,0,,
MCH-002,2025-12-01 00:00:00,0,0,,
MCH-002,2025-12-02 00:00:00,0,0,,
MCH-002,2025-12-03 00:00:00,0,0,,
MCH-002,2025-12-04 00:00:00,0,0,,
MCH-002,2025-12-05 00:00:00,0,0,,
MCH-002,2025-12-06 00:00:00,0,0,,
MCH-002,2025-12-07 00:00:00,0,0,,
MCH-002,2025-12-08 00:00:00,0,0,,
MCH-002,2025-12-09 00:00:00,0,0,,
MCH-002,2025-12-10 00:00:00,0,0,,
MCH-002,2025-12-11 00:00:00,0,0,,
MCH-002,2025-12-12 00:00:00,0,0,,
MCH-002,2025-12-13 00:00:00,0,0,,
MCH-002,2025-12-14 00:00:00,0,0,,
MCH-002,2025-12-15 00:00:00,0,0,,
MCH-002,2025-12-16 00:00:00,0,0,,
MCH-002,2025-12-17 00:00:00,0,0,,
MCH-002,2025-12-18 00:00:00,0,0,,
MCH-002,2025-12-19 00:00:00,0,0,,
MCH-002,2025-12-20 00:00:00,0,0,,
MCH-002,2025-12-21 00:00:00,0,0,,
MCH-002,2025-12-22 00:00:00,0,0,,
MCH-002,2025-12-23 00:00:00,0,0,,
MCH-002,2025-12-24 00:00:00,0,0,,
MCH-002,2025-12-25 00:00:00,0,0,,
MCH-002,2025-12-26 00:00:00,0,0,,
MCH-002,2025-12-27 00:00:00,0,0,,
MCH-002,2025-12-28 00:00:00,0,0,,
MCH-002,2025-12-29 00:00:00,0,0,,
MCH-002,2025-12-30 00:00:00,0,0,,
MCH-002,2025-12-31 00:00:00,0,0,,
MCH-002,2026-01-01 00:00:00,0,0,,
MCH-002,2026-01-02 00:00:00,0,0,,
MCH-002,2026-01-03 00:00:00,0,0,,
MCH-002,2026-01-04 00:00:00,0,0,,
MCH-002,2026-01-05 00:00:00,0,0,,
MCH-002,2026-01-06 00:00:00,0,0,,
MCH-002,2026-01-07 00:00:00,0,0,,
MCH-002,2026-01-08 00:00:00,0,0,,
MCH-002,2026-01-09 00:00:00,0,0,,
MCH-002,2026-01-10 00:00:00,0,0,,
MCH-002,2026-01-11 00:00:00,0,0,,
MCH-002,2026-01-12 00:00:00,0,0,,
MCH-002,2026-01-13 00:00:00,0,0,,
MCH-002,2026-01-14 00:00:00,0,0,,
MCH-002,2026-01-15 00:00:00,0,0,,
MCH-002,2026-01-16 00:00:00,0,0,,
MCH-002,2026-01-17 00:00:00,0,0,,
MCH-002,2026-01-18 00:00:00,0,0,,
MCH-002,2026-01-19 00:00:00,0,0,,
MCH-002,2026-01-20 00:00:00,0,0,,
MCH-002,2026-01-21 00:00:00,0,0,,
MCH-002,2026-01-22 00:00:00,0,0,,
MCH-002,2026-01-23 00:00:00,0,0,,
MCH-002,2026-01-24 00:00:00,0,0,,
MCH-002,2026-01-25 00:00:00,0,0,,
MCH-002,2026-01-26 00:00:00,0,0,,
MCH-002,2026-01-27 00:00:00,0,0,,
MCH-002,2026-01-28 00:00:00,0,0,,
MCH-002,2026-01-29 00:00:00,0,0,,
MCH-002,2026-01-30 00:00:00,0,0,,
MCH-002,2026-01-31 00:00:00,0,0,,
MCH-002,2026-02-01 00:00:00,0,0,,
MCH-002,2026-02-02 00:00:00,0,0,,
MCH-002,2026-02-03 00:00:00,0,0,,
MCH-002,2026-02-04 00:00:00,0,0,,
MCH-002,2026-02-05 00:00:00,0,0,,
MCH-002,2026-02-06 00:00:00,0,0,,
MCH-002,2026-02-07 00:00:00,0,0,,
MCH-002,2026-02-08 00:00:00,0,0,,
MCH-002,2026-02-09 00:00:00,0,0,,
MCH-002,2026-02-10 00:00:00,0,0,,
MCH-002,2026-02-11 00:00:00,0,0,,
MCH-002,2026-02-12 00:00:00,0,0,,
MCH-002,2026-02-13 00:00:00,0,0,,
MCH-002,2026-02-14 00:00:00,0,0,,
MCH-002,2026-02-15 00:00:00,0,0,,
MCH-002,2026-02-16 00:00:00,0,0,,
MCH-002,2026-02-17 00:00:00,0,0,,
MCH-002,2026-02-18 00:00:00,0,0,,
MCH-002,2026-02-19 00:00:00,0,0,,
MCH-002,2026-02-20 00:00:00,0,0,,
MCH-002,2026-02-21 00:00:00,0,0,,
MCH-002,2026-02-22 00:00:00,0,0,,
MCH-002,2026-02-23 00:00:00,0,0,,
MCH-002,2026-02-24 00:00:00,0,0,,
MCH-002,2026-02-25 00:00:00,0,0,,
MCH-002,2026-02-26 00:00:00,0,0,,
MCH-002,2026-02-27 00:00:00,0,0,,
MCH-002,2026-02-28 00:00:00,0,0,,
MCH-002,2026-03-01 00:00:00,0,0,,
MCH-002,2026-03-02 00:00:00,0,0,,
MCH-002,2026-03-03 00:00:00,0,0,,
MCH-002,2026-03-04 00:00:00,0,0,,
MCH-002,2026-03-05 00:00:00,0,0,,
MCH-002,2026-03-06 00:00:00,0,0,,
MCH-002,2026-03-07 00:00:00,0,0,,
MCH-002,2026-03-08 00:00:00,0,0,,
MCH-002,2026-03-09 00:00:00,0,0,,
MCH-002,2026-03-10 00:00:00,0,0,,
MCH-002,2026-03-11 00:00:00,0,0,,
MCH-002,2026-03-12 00:00:00,0,0,,
MCH-002,2026-03-13 00:00:00,0,0,,
MCH-002,2026-03-14 00:00:00,0,0,,
MCH-002,2026-03-15 00:00:00,0,0,,
MCH-002,2026-03-16 00:00:00,0,0,,
MCH-002,2026-03-17 00:00:00,0,0,,
MCH-002,2026-03-18 00:00:00,0,0,,
MCH-002,2026-03-19 00:00:00,0,0,,
MCH-002,2026-03-20 00:00:00,0,0,,
MCH-002,2026-03-21 00:00:00,0,0,,
MCH-002,2026-03-22 00:00:00,0,0,,
MCH-002,2026-03-23 00:00:00,0,0,,
MCH-002,2026-03-24 00:00:00,0,0,,
MCH-002,2026-03-25 00:00:00,0,0,,
MCH-002,2026-03-26 00:00:00,0,0,,
MCH-002,2026-03-27 00:00:00,0,0,,
MCH-002,2026-03-28 00:00:00,0,0,,
MCH-002,2026-03-29 00:00:00,0,0,,
MCH-002,2026-03-30 00:00:00,0,0,,
MCH-002,2026-03-31 00:00:00,0,0,,
MCH-002,2026-04-01 00:00:00,0,0,,
MCH-002,2026-04-02 00:00:00,0,0,,
MCH-002,2026-04-03 00:00:00,0,0,,
MCH-002,2026-04-04 00:00:00,0,0,,
MCH-002,2026-04-05 00:00:00,0,0,,
MCH-002,2026-04-06 00:00:00,0,0,,
MCH-002,2026-04-07 00:00:00,0,0,,
MCH-002,2026-04-08 00:00:00,0,0,,
MCH-002,2026-04-09 00:00:00,0,0,,
MCH-002,2026-04-10 00:00:00,0,0,,
MCH-002,2026-04-11 00:00:00,0,0,,
MCH-002,2026-04-12 00:00:00,0,0,,
MCH-002,2026-04-13 00:00:00,0,0,,
MCH-002,2026-04-14 00:00:00,0,0,,
MCH-002,2026-04-15 00:00:00,0,0,,
MCH-002,2026-04-16 00:00:00,0,0,,
MCH-002,2026-04-17 00:00:00,0,0,,
MCH-002,2026-04-18 00:00:00,0,0,,
MCH-002,2026-04-19 00:00:00,0,0,,
MCH-002,2026-04-20 00:00:00,0,0,,
MCH-002,2026-04-21 00:00:00,0,0,,
MCH-002,2026-04-22 00:00:00,0,0,,
MCH-002,2026-04-23 00:00:00,0,0,,
MCH-002,2026-04-24 00:00:00,0,0,,
MCH-002,2026-04-25 00:00:00,0,0,,
MCH-002,2026-04-26 00:00:00,0,0,,
MCH-002,2026-04-27 00:00:00,0,0,,
MCH-002,2026-04-28 00:00:00,0,0,,
MCH-002,2026-04-29 00:00:00,0,0,,
MCH-002,2026-04-30 00:00:00,0,0,,
MCH-002,2026-05-01 00:00:00,0,0,,
MCH-002,2026-05-02 00:00:00,0,0,,
MCH-002,2026-05-03 00:00:00,0,0,,
MCH-002,2026-05-04 00:00:00,0,0,,
MCH-002,2026-05-05 00:00:00,0,0,,
MCH-002,2026-05-06 00:00:00,0,0,,
MCH-002,2026-05-07 00:00:00,0,0,,
MCH-002,2026-05-08 00:00:00,0,0,,
MCH-002,2026-05-09 00:00:00,0,0,,
MCH-002,2026-05-10 00:00:00,0,0,,
MCH-002,2026-05-11 00:00:00,0,0,,
MCH-002,2026-05-12 00:00:00,0,0,,
MCH-002,2026-05-13 00:00:00,0,0,,
MCH-002,2026-05-14 00:00:00,0,0,,
MCH-002,2026-05-15 00:00:00,0,0,,
MCH-002,2026-05-16 00:00:00,0,0,,
MCH-002,2026-05-17 00:00:00,0,0,,
MCH-002,2026-05-18 00:00:00,0,0,,
MCH-002,2026-05-19 00:00:00,0,0,,
MCH-002,2026-05-20 00:00:00,0,0,,
MCH-002,2026-05-21 00:00:00,0,0,,
MCH-002,2026-05-22 00:00:00,0,0,,
MCH-002,2026-05-23 00:00:00,0,0,,
MCH-002,2026-05-24 00:00:00,0,0,,
MCH-002,2026-05-25 00:00:00,0,0,,
MCH-002,2026-05-26 00:00:00,0,0,,
MCH-002,2026-05-27 00:00:00,0,0,,
MCH-002,2026-05-28 00:00:00,0,0,,
MCH-002,2026-05-29 00:00:00,0,0,,
MCH-002,2026-05-30 00:00:00,0,0,,
MCH-002,2026-05-31 00:00:00,0,0,,
MCH-002,2026-06-01 00:00:00,0,0,,
MCH-002,2026-06-02 00:00:00,0,0,,
MCH-002,2026-06-03 00:00:00,0,0,,
MCH-002,2026-06-04 00:00:00,0,0,,
MCH-002,2026-06-05 00:00:00,0,0,,
MCH-002,2026-06-06 00:00:00,0,0,,
MCH-002,2026-06-07 00:00:00,0,0,,
MCH-002,2026-06-08 00:00:00,0,0,,
MCH-002,2026-06-09 00:00:00,0,0,,
MCH-002,2026-06-10 00:00:00,0,0,,
MCH-002,2026-06-11 00:00:00,0,0,,
MCH-002,2026-06-12 00:00:00,0,0,,
MCH-002,2026-06-13 00:00:00,0,0,,
MCH-002,2026-06-14 00:00:00,0,0,,
MCH-002,2026-06-15 00:00:00,0,0,,
MCH-002,2026-06-16 00:00:00,0,0,,
MCH-002,2026-06-17 00:00:00,0,0,,
MCH-002,2026-06-18 00:00:00,0,1,ELECTRICAL,medium
MCH-002,2026-06-19 00:00:00,0,1,MOTOR,critical
MCH-002,2026-06-20 00:00:00,0,1,MOTOR,critical
MCH-002,2026-06-21 00:00:00,0,1,BEARING,medium
MCH-002,2026-06-22 00:00:00,0,1,SENSOR,medium
MCH-002,2026-06-23 00:00:00,0,1,SENSOR,medium
MCH-002,2026-06-24 00:00:00,1,1,TOOLING,medium
MCH-002,2026-06-25 00:00:00,1,1,ELECTRICAL,medium
MCH-002,2026-06-26 00:00:00,0,0,,
MCH-002,2026-06-27 00:00:00,0,0,,
MCH-002,2026-06-28 00:00:00,0,0,,
MCH-002,2026-06-29 00:00:00,0,0,,
MCH-002,2026-06-30 00:00:00,0,0,,
MCH-002,2026-07-01 00:00:00,0,0,,
MCH-002,2026-07-02 00:00:00,0,0,,
MCH-002,2026-07-03 00:00:00,0,0,,
MCH-002,2026-07-04 00:00:00,0,0,,
MCH-002,2026-07-05 00:00:00,0,0,,
MCH-002,2026-07-06 00:00:00,0,0,,
MCH-002,2026-07-07 00:00:00,0,0,,
MCH-002,2026-07-08 00:00:00,0,0,,
MCH-002,2026-07-09 00:00:00,0,0,,
MCH-002,2026-07-10 00:00:00,0,0,,
MCH-002,2026-07-11 00:00:00,0,0,,
MCH-002,2026-07-12 00:00:00,0,0,,
MCH-002,2026-07-13 00:00:00,0,0,,
MCH-002,2026-07-14 00:00:00,0,0,,
MCH-002,2026-07-15 00:00:00,0,0,,
MCH-002,2026-07-16 00:00:00,0,0,,
MCH-002,2026-07-17 00:00:00,0,0,,
MCH-002,2026-07-18 00:00:00,0,0,,
MCH-002,2026-07-19 00:00:00,0,0,,
MCH-002,2026-07-20 00:00:00,0,0,,
MCH-002,2026-07-21 00:00:00,0,0,,
MCH-002,2026-07-22 00:00:00,0,0,,
MCH-002,2026-07-23 00:00:00,0,0,,
MCH-002,2026-07-24 00:00:00,0,0,,
MCH-002,2026-07-25 00:00:00,0,0,,
MCH-002,2026-07-26 00:00:00,0,0,,
MCH-002,2026-07-27 00:00:00,0,0,,
MCH-002,2026-07-28 00:00:00,0,0,,
MCH-002,2026-07-29 00:00:00,0,0,,
MCH-002,2026-07-30 00:00:00,0,0,,
MCH-002,2026-07-31 00:00:00,0,0,,
MCH-003,2025-08-01 00:00:00,0,0,,
MCH-003,2025-08-02 00:00:00,0,0,,
MCH-003,2025-08-03 00:00:00,0,0,,
MCH-003,2025-08-04 00:00:00,0,0,,
MCH-003,2025-08-05 00:00:00,0,0,,
MCH-003,2025-08-06 00:00:00,0,0,,
MCH-003,2025-08-07 00:00:00,0,0,,
MCH-003,2025-08-08 00:00:00,0,0,,
MCH-003,2025-08-09 00:00:00,0,0,,
MCH-003,2025-08-10 00:00:00,0,0,,
MCH-003,2025-08-11 00:00:00,0,0,,
MCH-003,2025-08-12 00:00:00,0,0,,
MCH-003,2025-08-13 00:00:00,0,0,,
MCH-003,2025-08-14 00:00:00,0,0,,
MCH-003,2025-08-15 00:00:00,0,0,,
MCH-003,2025-08-16 00:00:00,0,0,,
MCH-003,2025-08-17 00:00:00,0,0,,
MCH-003,2025-08-18 00:00:00,0,0,,
MCH-003,2025-08-19 00:00:00,0,0,,
MCH-003,2025-08-20 00:00:00,0,0,,
MCH-003,2025-08-21 00:00:00,0,0,,
MCH-003,2025-08-22 00:00:00,0,0,,
MCH-003,2025-08-23 00:00:00,0,0,,
MCH-003,2025-08-24 00:00:00,0,0,,
MCH-003,2025-08-25 00:00:00,0,0,,
MCH-003,2025-08-26 00:00:00,0,0,,
MCH-003,2025-08-27 00:00:00,0,0,,
MCH-003,2025-08-28 00:00:00,0,0,,
MCH-003,2025-08-29 00:00:00,0,0,,
MCH-003,2025-08-30 00:00:00,0,0,,
MCH-003,2025-08-31 00:00:00,0,0,,
MCH-003,2025-09-01 00:00:00,0,1,MOTOR,high
MCH-003,2025-09-02 00:00:00,0,1,BEARING,medium
MCH-003,2025-09-03 00:00:00,0,1,SENSOR,high
MCH-003,2025-09-04 00:00:00,0,1,ELECTRICAL,medium
MCH-003,2025-09-05 00:00:00,0,1,MOTOR,medium
MCH-003,2025-09-06 00:00:00,0,1,ELECTRICAL,medium
MCH-003,2025-09-07 00:00:00,1,1,BEARING,high
MCH-003,2025-09-08 00:00:00,1,1,HYDRAULIC,medium
MCH-003,2025-09-09 00:00:00,0,0,,
MCH-003,2025-09-10 00:00:00,0,0,,
MCH-003,2025-09-11 00:00:00,0,0,,
MCH-003,2025-09-12 00:00:00,0,0,,
MCH-003,2025-09-13 00:00:00,0,0,,
MCH-003,2025-09-14 00:00:00,0,0,,
MCH-003,2025-09-15 00:00:00,0,0,,
MCH-003,2025-09-16 00:00:00,0,0,,
MCH-003,2025-09-17 00:00:00,0,0,,
MCH-003,2025-09-18 00:00:00,0,0,,
MCH-003,2025-09-19 00:00:00,0,0,,
MCH-003,2025-09-20 00:00:00,0,0,,
MCH-003,2025-09-21 00:00:00,0,0,,
MCH-003,2025-09-22 00:00:00,0,0,,
MCH-003,2025-09-23 00:00:00,0,0,,
MCH-003,2025-09-24 00:00:00,0,0,,
MCH-003,2025-09-25 00:00:00,0,0,,
MCH-003,2025-09-26 00:00:00,0,0,,
MCH-003,2025-09-27 00:00:00,0,0,,
MCH-003,2025-09-28 00:00:00,0,0,,
MCH-003,2025-09-29 00:00:00,0,0,,
MCH-003,2025-09-30 00:00:00,0,0,,
MCH-003,2025-10-01 00:00:00,0,0,,
MCH-003,2025-10-02 00:00:00,0,0,,
MCH-003,2025-10-03 00:00:00,0,0,,
MCH-003,2025-10-04 00:00:00,0,0,,
MCH-003,2025-10-05 00:00:00,0,0,,
MCH-003,2025-10-06 00:00:00,0,0,,
MCH-003,2025-10-07 00:00:00,0,0,,
MCH-003,2025-10-08 00:00:00,0,0,,
MCH-003,2025-10-09 00:00:00,0,0,,
MCH-003,2025-10-10 00:00:00,0,0,,
MCH-003,2025-10-11 00:00:00,0,0,,
MCH-003,2025-10-12 00:00:00,0,0,,
MCH-003,2025-10-13 00:00:00,0,0,,
MCH-003,2025-10-14 00:00:00,0,0,,
MCH-003,2025-10-15 00:00:00,0,0,,
MCH-003,2025-10-16 00:00:00,0,0,,
MCH-003,2025-10-17 00:00:00,0,0,,
MCH-003,2025-10-18 00:00:00,0,0,,
MCH-003,2025-10-19 00:00:00,0,0,,
MCH-003,2025-10-20 00:00:00,0,0,,
MCH-003,2025-10-21 00:00:00,0,0,,
MCH-003,2025-10-22 00:00:00,0,0,,
MCH-003,2025-10-23 00:00:00,0,0,,
MCH-003,2025-10-24 00:00:00,0,0,,
MCH-003,2025-10-25 00:00:00,0,0,,
MCH-003,2025-10-26 00:00:00,0,0,,
MCH-003,2025-10-27 00:00:00,0,0,,
MCH-003,2025-10-28 00:00:00,0,0,,
MCH-003,2025-10-29 00:00:00,0,0,,
MCH-003,2025-10-30 00:00:00,0,0,,
MCH-003,2025-10-31 00:00:00,0,0,,
MCH-003,2025-11-01 00:00:00,0,0,,
MCH-003,2025-11-02 00:00:00,0,0,,
MCH-003,2025-11-03 00:00:00,0,0,,
MCH-003,2025-11-04 00:00:00,0,0,,
MCH-003,2025-11-05 00:00:00,0,0,,
MCH-003,2025-11-06 00:00:00,0,0,,
MCH-003,2025-11-07 00:00:00,0,0,,
MCH-003,2025-11-08 00:00:00,0,0,,
MCH-003,2025-11-09 00:00:00,0,0,,
MCH-003,2025-11-10 00:00:00,0,0,,
MCH-003,2025-11-11 00:00:00,0,0,,
MCH-003,2025-11-12 00:00:00,0,0,,
MCH-003,2025-11-13 00:00:00,0,0,,
MCH-003,2025-11-14 00:00:00,0,0,,
MCH-003,2025-11-15 00:00:00,0,0,,
MCH-003,2025-11-16 00:00:00,0,0,,
MCH-003,2025-11-17 00:00:00,0,0,,
MCH-003,2025-11-18 00:00:00,0,0,,
MCH-003,2025-11-19 00:00:00,0,0,,
MCH-003,2025-11-20 00:00:00,0,0,,
MCH-003,2025-11-21 00:00:00,0,0,,
MCH-003,2025-11-22 00:00:00,0,0,,
MCH-003,2025-11-23 00:00:00,0,0,,
MCH-003,2025-11-24 00:00:00,0,0,,
MCH-003,2025-11-25 00:00:00,0,0,,
MCH-003,2025-11-26 00:00:00,0,0,,
MCH-003,2025-11-27 00:00:00,0,0,,
MCH-003,2025-11-28 00:00:00,0,0,,
MCH-003,2025-11-29 00:00:00,0,0,,
MCH-003,2025-11-30 00:00:00,0,0,,
MCH-003,2025-12-01 00:00:00,0,0,,
MCH-003,2025-12-02 00:00:00,0,0,,
MCH-003,2025-12-03 00:00:00,0,0,,
MCH-003,2025-12-04 00:00:00,0,0,,
MCH-003,2025-12-05 00:00:00,0,0,,
MCH-003,2025-12-06 00:00:00,0,0,,
MCH-003,2025-12-07 00:00:00,0,0,,
MCH-003,2025-12-08 00:00:00,0,0,,
MCH-003,2025-12-09 00:00:00,0,0,,
MCH-003,2025-12-10 00:00:00,0,0,,
MCH-003,2025-12-11 00:00:00,0,0,,
MCH-003,2025-12-12 00:00:00,0,0,,
MCH-003,2025-12-13 00:00:00,0,0,,
MCH-003,2025-12-14 00:00:00,0,0,,
MCH-003,2025-12-15 00:00:00,0,0,,
MCH-003,2025-12-16 00:00:00,0,0,,
MCH-003,2025-12-17 00:00:00,0,0,,
MCH-003,2025-12-18 00:00:00,0,0,,
MCH-003,2025-12-19 00:00:00,0,0,,
MCH-003,2025-12-20 00:00:00,0,0,,
MCH-003,2025-12-21 00:00:00,0,0,,
MCH-003,2025-12-22 00:00:00,0,0,,
MCH-003,2025-12-23 00:00:00,0,0,,
MCH-003,2025-12-24 00:00:00,0,0,,
MCH-003,2025-12-25 00:00:00,0,0,,
MCH-003,2025-12-26 00:00:00,0,0,,
MCH-003,2025-12-27 00:00:00,0,0,,
MCH-003,2025-12-28 00:00:00,0,0,,
MCH-003,2025-12-29 00:00:00,0,0,,
MCH-003,2025-12-30 00:00:00,0,0,,
MCH-003,2025-12-31 00:00:00,0,0,,
MCH-003,2026-01-01 00:00:00,0,0,,
MCH-003,2026-01-02 00:00:00,0,0,,
MCH-003,2026-01-03 00:00:00,0,0,,
MCH-003,2026-01-04 00:00:00,0,0,,
MCH-003,2026-01-05 00:00:00,0,0,,
MCH-003,2026-01-06 00:00:00,0,0,,
MCH-003,2026-01-07 00:00:00,0,0,,
MCH-003,2026-01-08 00:00:00,0,0,,
MCH-003,2026-01-09 00:00:00,0,0,,
MCH-003,2026-01-10 00:00:00,0,0,,
MCH-003,2026-01-11 00:00:00,0,0,,
MCH-003,2026-01-12 00:00:00,0,0,,
MCH-003,2026-01-13 00:00:00,0,0,,
MCH-003,2026-01-14 00:00:00,0,0,,
MCH-003,2026-01-15 00:00:00,0,0,,
MCH-003,2026-01-16 00:00:00,0,0,,
MCH-003,2026-01-17 00:00:00,0,0,,
MCH-003,2026-01-18 00:00:00,0,0,,
MCH-003,2026-01-19 00:00:00,0,0,,
MCH-003,2026-01-20 00:00:00,0,0,,
MCH-003,2026-01-21 00:00:00,0,0,,
MCH-003,2026-01-22 00:00:00,0,0,,
MCH-003,2026-01-23 00:00:00,0,0,,
MCH-003,2026-01-24 00:00:00,0,0,,
MCH-003,2026-01-25 00:00:00,0,0,,
MCH-003,2026-01-26 00:00:00,0,0,,
MCH-003,2026-01-27 00:00:00,0,0,,
MCH-003,2026-01-28 00:00:00,0,0,,
MCH-003,2026-01-29 00:00:00,0,0,,
MCH-003,2026-01-30 00:00:00,0,0,,
MCH-003,2026-01-31 00:00:00,0,0,,
MCH-003,2026-02-01 00:00:00,0,0,,
MCH-003,2026-02-02 00:00:00,0,0,,
MCH-003,2026-02-03 00:00:00,0,0,,
MCH-003,2026-02-04 00:00:00,0,0,,
MCH-003,2026-02-05 00:00:00,0,0,,
MCH-003,2026-02-06 00:00:00,0,0,,
MCH-003,2026-02-07 00:00:00,0,0,,
MCH-003,2026-02-08 00:00:00,0,0,,
MCH-003,2026-02-09 00:00:00,0,0,,
MCH-003,2026-02-10 00:00:00,0,0,,
MCH-003,2026-02-11 00:00:00,0,0,,
MCH-003,2026-02-12 00:00:00,0,0,,
MCH-003,2026-02-13 00:00:00,0,0,,
MCH-003,2026-02-14 00:00:00,0,0,,
MCH-003,2026-02-15 00:00:00,0,0,,
MCH-003,2026-02-16 00:00:00,0,0,,
MCH-003,2026-02-17 00:00:00,0,0,,
MCH-003,2026-02-18 00:00:00,0,0,,
MCH-003,2026-02-19 00:00:00,0,0,,
MCH-003,2026-02-20 00:00:00,0,0,,
MCH-003,2026-02-21 00:00:00,0,0,,
MCH-003,2026-02-22 00:00:00,0,0,,
MCH-003,2026-02-23 00:00:00,0,0,,
MCH-003,2026-02-24 00:00:00,0,0,,
MCH-003,2026-02-25 00:00:00,0,0,,
MCH-003,2026-02-26 00:00:00,0,0,,
MCH-003,2026-02-27 00:00:00,0,0,,
MCH-003,2026-02-28 00:00:00,0,0,,
MCH-003,2026-03-01 00:00:00,0,0,,
MCH-003,2026-03-02 00:00:00,0,0,,
MCH-003,2026-03-03 00:00:00,0,0,,
MCH-003,2026-03-04 00:00:00,0,0,,
MCH-003,2026-03-05 00:00:00,0,0,,
MCH-003,2026-03-06 00:00:00,0,0,,
MCH-003,2026-03-07 00:00:00,0,0,,
MCH-003,2026-03-08 00:00:00,0,0,,
MCH-003,2026-03-09 00:00:00,0,0,,
MCH-003,2026-03-10 00:00:00,0,0,,
MCH-003,2026-03-11 00:00:00,0,0,,
MCH-003,2026-03-12 00:00:00,0,0,,
MCH-003,2026-03-13 00:00:00,0,0,,
MCH-003,2026-03-14 00:00:00,0,0,,
MCH-003,2026-03-15 00:00:00,0,0,,
MCH-003,2026-03-16 00:00:00,0,0,,
MCH-003,2026-03-17 00:00:00,0,0,,
MCH-003,2026-03-18 00:00:00,0,0,,
MCH-003,2026-03-19 00:00:00,0,0,,
MCH-003,2026-03-20 00:00:00,0,0,,
MCH-003,2026-03-21 00:00:00,0,0,,
MCH-003,2026-03-22 00:00:00,0,0,,
MCH-003,2026-03-23 00:00:00,0,0,,
MCH-003,2026-03-24 00:00:00,0,0,,
MCH-003,2026-03-25 00:00:00,0,0,,
MCH-003,2026-03-26 00:00:00,0,0,,
MCH-003,2026-03-27 00:00:00,0,0,,
MCH-003,2026-03-28 00:00:00,0,0,,
MCH-003,2026-03-29 00:00:00,0,0,,
MCH-003,2026-03-30 00:00:00,0,0,,
MCH-003,2026-03-31 00:00:00,0,0,,
MCH-003,2026-04-01 00:00:00,0,0,,
MCH-003,2026-04-02 00:00:00,0,0,,
MCH-003,2026-04-03 00:00:00,0,0,,
MCH-003,2026-04-04 00:00:00,0,0,,
MCH-003,2026-04-05 00:00:00,0,0,,
MCH-003,2026-04-06 00:00:00,0,0,,
MCH-003,2026-04-07 00:00:00,0,0,,
MCH-003,2026-04-08 00:00:00,0,0,,
MCH-003,2026-04-09 00:00:00,0,0,,
MCH-003,2026-04-10 00:00:00,0,0,,
MCH-003,2026-04-11 00:00:00,0,0,,
MCH-003,2026-04-12 00:00:00,0,0,,
MCH-003,2026-04-13 00:00:00,0,0,,
MCH-003,2026-04-14 00:00:00,0,0,,
MCH-003,2026-04-15 00:00:00,0,0,,
MCH-003,2026-04-16 00:00:00,0,0,,
MCH-003,2026-04-17 00:00:00,0,0,,
MCH-003,2026-04-18 00:00:00,0,0,,
MCH-003,2026-04-19 00:00:00,0,0,,
MCH-003,2026-04-20 00:00:00,0,0,,
MCH-003,2026-04-21 00:00:00,0,0,,
MCH-003,2026-04-22 00:00:00,0,0,,
MCH-003,2026-04-23 00:00:00,0,0,,
MCH-003,2026-04-24 00:00:00,0,0,,
MCH-003,2026-04-25 00:00:00,0,0,,
MCH-003,2026-04-26 00:00:00,0,0,,
MCH-003,2026-04-27 00:00:00,0,0,,
MCH-003,2026-04-28 00:00:00,0,0,,
MCH-003,2026-04-29 00:00:00,0,0,,
MCH-003,2026-04-30 00:00:00,0,0,,
MCH-003,2026-05-01 00:00:00,0,0,,
MCH-003,2026-05-02 00:00:00,0,0,,
MCH-003,2026-05-03 00:00:00,0,0,,
MCH-003,2026-05-04 00:00:00,0,0,,
MCH-003,2026-05-05 00:00:00,0,0,,
MCH-003,2026-05-06 00:00:00,0,0,,
MCH-003,2026-05-07 00:00:00,0,0,,
MCH-003,2026-05-08 00:00:00,0,0,,
MCH-003,2026-05-09 00:00:00,0,0,,
MCH-003,2026-05-10 00:00:00,0,0,,
MCH-003,2026-05-11 00:00:00,0,0,,
MCH-003,2026-05-12 00:00:00,0,0,,
MCH-003,2026-05-13 00:00:00,0,0,,
MCH-003,2026-05-14 00:00:00,0,0,,
MCH-003,2026-05-15 00:00:00,0,0,,
MCH-003,2026-05-16 00:00:00,0,0,,
MCH-003,2026-05-17 00:00:00,0,0,,
MCH-003,2026-05-18 00:00:00,0,0,,
MCH-003,2026-05-19 00:00:00,0,0,,
MCH-003,2026-05-20 00:00:00,0,0,,
MCH-003,2026-05-21 00:00:00,0,0,,
MCH-003,2026-05-22 00:00:00,0,0,,
MCH-003,2026-05-23 00:00:00,0,0,,
MCH-003,2026-05-24 00:00:00,0,0,,
MCH-003,2026-05-25 00:00:00,0,0,,
MCH-003,2026-05-26 00:00:00,0,0,,
MCH-003,2026-05-27 00:00:00,0,0,,
MCH-003,2026-05-28 00:00:00,0,0,,
MCH-003,2026-05-29 00:00:00,0,0,,
MCH-003,2026-05-30 00:00:00,0,0,,
MCH-003,2026-05-31 00:00:00,0,0,,
MCH-003,2026-06-01 00:00:00,0,0,,
MCH-003,2026-06-02 00:00:00,0,0,,
MCH-003,2026-06-03 00:00:00,0,0,,
MCH-003,2026-06-04 00:00:00,0,0,,
MCH-003,2026-06-05 00:00:00,0,0,,
MCH-003,2026-06-06 00:00:00,0,0,,
MCH-003,2026-06-07 00:00:00,0,0,,
MCH-003,2026-06-08 00:00:00,0,0,,
MCH-003,2026-06-09 00:00:00,0,0,,
MCH-003,2026-06-10 00:00:00,0,0,,
MCH-003,2026-06-11 00:00:00,0,0,,
MCH-003,2026-06-12 00:00:00,0,0,,
MCH-003,2026-06-13 00:00:00,0,0,,
MCH-003,2026-06-14 00:00:00,0,0,,
MCH-003,2026-06-15 00:00:00,0,0,,
MCH-003,2026-06-16 00:00:00,0,0,,
MCH-003,2026-06-17 00:00:00,0,0,,
MCH-003,2026-06-18 00:00:00,0,0,,
MCH-003,2026-06-19 00:00:00,0,0,,
MCH-003,2026-06-20 00:00:00,0,0,,
MCH-003,2026-06-21 00:00:00,0,0,,
MCH-003,2026-06-22 00:00:00,0,0,,
MCH-003,2026-06-23 00:00:00,0,0,,
MCH-003,2026-06-24 00:00:00,0,0,,
MCH-003,2026-06-25 00:00:00,0,0,,
MCH-003,2026-06-26 00:00:00,0,0,,
MCH-003,2026-06-27 00:00:00,0,0,,
MCH-003,2026-06-28 00:00:00,0,0,,
MCH-003,2026-06-29 00:00:00,0,0,,
MCH-003,2026-06-30 00:00:00,0,0,,
MCH-003,2026-07-01 00:00:00,0,0,,
MCH-003,2026-07-02 00:00:00,0,0,,
MCH-003,2026-07-03 00:00:00,0,0,,
MCH-003,2026-07-04 00:00:00,0,0,,
MCH-003,2026-07-05 00:00:00,0,0,,
MCH-003,2026-07-06 00:00:00,0,0,,
MCH-003,2026-07-07 00:00:00,0,0,,
MCH-003,2026-07-08 00:00:00,0,0,,
MCH-003,2026-07-09 00:00:00,0,0,,
MCH-003,2026-07-10 00:00:00,0,0,,
MCH-003,2026-07-11 00:00:00,0,0,,
MCH-003,2026-07-12 00:00:00,0,0,,
MCH-003,2026-07-13 00:00:00,0,0,,
MCH-003,2026-07-14 00:00:00,0,0,,
MCH-003,2026-07-15 00:00:00,0,0,,
MCH-003,2026-07-16 00:00:00,0,0,,
MCH-003,2026-07-17 00:00:00,0,0,,
MCH-003,2026-07-18 00:00:00,0,0,,
MCH-003,2026-07-19 00:00:00,0,0,,
MCH-003,2026-07-20 00:00:00,0,0,,
MCH-003,2026-07-21 00:00:00,0,0,,
MCH-003,2026-07-22 00:00:00,0,0,,
MCH-003,2026-07-23 00:00:00,0,0,,
MCH-003,2026-07-24 00:00:00,0,0,,
MCH-003,2026-07-25 00:00:00,0,0,,
MCH-003,2026-07-26 00:00:00,0,0,,
MCH-003,2026-07-27 00:00:00,0,0,,
MCH-003,2026-07-28 00:00:00,0,0,,
MCH-003,2026-07-29 00:00:00,0,0,,
MCH-003,2026-07-30 00:00:00,0,0,,
MCH-003,2026-07-31 00:00:00,0,0,,
MCH-004,2025-08-01 00:00:00,0,0,,
MCH-004,2025-08-02 00:00:00,0,0,,
MCH-004,2025-08-03 00:00:00,0,0,,
MCH-004,2025-08-04 00:00:00,0,0,,
MCH-004,2025-08-05 00:00:00,0,0,,
MCH-004,2025-08-06 00:00:00,0,0,,
MCH-004,2025-08-07 00:00:00,0,0,,
MCH-004,2025-08-08 00:00:00,0,0,,
MCH-004,2025-08-09 00:00:00,0,0,,
MCH-004,2025-08-10 00:00:00,0,0,,
MCH-004,2025-08-11 00:00:00,0,0,,
MCH-004,2025-08-12 00:00:00,0,0,,
MCH-004,2025-08-13 00:00:00,0,0,,
MCH-004,2025-08-14 00:00:00,0,0,,
MCH-004,2025-08-15 00:00:00,0,0,,
MCH-004,2025-08-16 00:00:00,0,0,,
MCH-004,2025-08-17 00:00:00,0,0,,
MCH-004,2025-08-18 00:00:00,0,0,,
MCH-004,2025-08-19 00:00:00,0,0,,
MCH-004,2025-08-20 00:00:00,0,0,,
MCH-004,2025-08-21 00:00:00,0,0,,
MCH-004,2025-08-22 00:00:00,0,0,,
MCH-004,2025-08-23 00:00:00,0,0,,
MCH-004,2025-08-24 00:00:00,0,0,,
MCH-004,2025-08-25 00:00:00,0,0,,
MCH-004,2025-08-26 00:00:00,0,0,,
MCH-004,2025-08-27 00:00:00,0,0,,
MCH-004,2025-08-28 00:00:00,0,0,,
MCH-004,2025-08-29 00:00:00,0,0,,
MCH-004,2025-08-30 00:00:00,0,0,,
MCH-004,2025-08-31 00:00:00,0,0,,
MCH-004,2025-09-01 00:00:00,0,0,,
MCH-004,2025-09-02 00:00:00,0,0,,
MCH-004,2025-09-03 00:00:00,0,0,,
MCH-004,2025-09-04 00:00:00,0,0,,
MCH-004,2025-09-05 00:00:00,0,0,,
MCH-004,2025-09-06 00:00:00,0,0,,
MCH-004,2025-09-07 00:00:00,0,0,,
MCH-004,2025-09-08 00:00:00,0,0,,
MCH-004,2025-09-09 00:00:00,0,0,,
MCH-004,2025-09-10 00:00:00,0,0,,
MCH-004,2025-09-11 00:00:00,0,0,,
MCH-004,2025-09-12 00:00:00,0,0,,
MCH-004,2025-09-13 00:00:00,0,0,,
MCH-004,2025-09-14 00:00:00,0,0,,
MCH-004,2025-09-15 00:00:00,0,0,,
MCH-004,2025-09-16 00:00:00,0,0,,
MCH-004,2025-09-17 00:00:00,0,0,,
MCH-004,2025-09-18 00:00:00,0,0,,
MCH-004,2025-09-19 00:00:00,0,0,,
MCH-004,2025-09-20 00:00:00,0,0,,
MCH-004,2025-09-21 00:00:00,0,0,,
MCH-004,2025-09-22 00:00:00,0,0,,
MCH-004,2025-09-23 00:00:00,0,0,,
MCH-004,2025-09-24 00:00:00,0,0,,
MCH-004,2025-09-25 00:00:00,0,0,,
MCH-004,2025-09-26 00:00:00,0,0,,
MCH-004,2025-09-27 00:00:00,0,0,,
MCH-004,2025-09-28 00:00:00,0,0,,
MCH-004,2025-09-29 00:00:00,0,0,,
MCH-004,2025-09-30 00:00:00,0,0,,
MCH-004,2025-10-01 00:00:00,0,0,,
MCH-004,2025-10-02 00:00:00,0,0,,
MCH-004,2025-10-03 00:00:00,0,0,,
MCH-004,2025-10-04 00:00:00,0,0,,
MCH-004,2025-10-05 00:00:00,0,0,,
MCH-004,2025-10-06 00:00:00,0,0,,
MCH-004,2025-10-07 00:00:00,0,0,,
MCH-004,2025-10-08 00:00:00,0,0,,
MCH-004,2025-10-09 00:00:00,0,0,,
MCH-004,2025-10-10 00:00:00,0,0,,
MCH-004,2025-10-11 00:00:00,0,0,,
MCH-004,2025-10-12 00:00:00,0,0,,
MCH-004,2025-10-13 00:00:00,0,0,,
MCH-004,2025-10-14 00:00:00,0,0,,
MCH-004,2025-10-15 00:00:00,0,0,,
MCH-004,2025-10-16 00:00:00,0,0,,
MCH-004,2025-10-17 00:00:00,0,0,,
MCH-004,2025-10-18 00:00:00,0,0,,
MCH-004,2025-10-19 00:00:00,0,0,,
MCH-004,2025-10-20 00:00:00,0,0,,
MCH-004,2025-10-21 00:00:00,0,0,,
MCH-004,2025-10-22 00:00:00,0,0,,
MCH-004,2025-10-23 00:00:00,0,0,,
MCH-004,2025-10-24 00:00:00,0,0,,
MCH-004,2025-10-25 00:00:00,0,0,,
MCH-004,2025-10-26 00:00:00,0,0,,
MCH-004,2025-10-27 00:00:00,0,0,,
MCH-004,2025-10-28 00:00:00,0,0,,
MCH-004,2025-10-29 00:00:00,0,0,,
MCH-004,2025-10-30 00:00:00,0,0,,
MCH-004,2025-10-31 00:00:00,0,0,,
MCH-004,2025-11-01 00:00:00,0,0,,
MCH-004,2025-11-02 00:00:00,0,0,,
MCH-004,2025-11-03 00:00:00,0,0,,
MCH-004,2025-11-04 00:00:00,0,0,,
MCH-004,2025-11-05 00:00:00,0,0,,
MCH-004,2025-11-06 00:00:00,0,0,,
MCH-004,2025-11-07 00:00:00,0,0,,
MCH-004,2025-11-08 00:00:00,0,0,,
MCH-004,2025-11-09 00:00:00,0,0,,
MCH-004,2025-11-10 00:00:00,0,0,,
MCH-004,2025-11-11 00:00:00,0,0,,
MCH-004,2025-11-12 00:00:00,0,0,,
MCH-004,2025-11-13 00:00:00,0,0,,
MCH-004,2025-11-14 00:00:00,0,0,,
MCH-004,2025-11-15 00:00:00,0,0,,
MCH-004,2025-11-16 00:00:00,0,0,,
MCH-004,2025-11-17 00:00:00,0,0,,
MCH-004,2025-11-18 00:00:00,0,0,,
MCH-004,2025-11-19 00:00:00,0,0,,
MCH-004,2025-11-20 00:00:00,0,0,,
MCH-004,2025-11-21 00:00:00,0,0,,
MCH-004,2025-11-22 00:00:00,0,0,,
MCH-004,2025-11-23 00:00:00,0,0,,
MCH-004,2025-11-24 00:00:00,0,0,,
MCH-004,2025-11-25 00:00:00,0,0,,
MCH-004,2025-11-26 00:00:00,0,0,,
MCH-004,2025-11-27 00:00:00,0,0,,
MCH-004,2025-11-28 00:00:00,0,0,,
MCH-004,2025-11-29 00:00:00,0,0,,
MCH-004,2025-11-30 00:00:00,0,0,,
MCH-004,2025-12-01 00:00:00,0,0,,
MCH-004,2025-12-02 00:00:00,0,0,,
MCH-004,2025-12-03 00:00:00,0,0,,
MCH-004,2025-12-04 00:00:00,0,0,,
MCH-004,2025-12-05 00:00:00,0,0,,
MCH-004,2025-12-06 00:00:00,0,0,,
MCH-004,2025-12-07 00:00:00,0,0,,
MCH-004,2025-12-08 00:00:00,0,0,,
MCH-004,2025-12-09 00:00:00,0,0,,
MCH-004,2025-12-10 00:00:00,0,0,,
MCH-004,2025-12-11 00:00:00,0,0,,
MCH-004,2025-12-12 00:00:00,0,0,,
MCH-004,2025-12-13 00:00:00,0,0,,
MCH-004,2025-12-14 00:00:00,0,0,,
MCH-004,2025-12-15 00:00:00,0,0,,
MCH-004,2025-12-16 00:00:00,0,0,,
MCH-004,2025-12-17 00:00:00,0,0,,
MCH-004,2025-12-18 00:00:00,0,0,,
MCH-004,2025-12-19 00:00:00,0,0,,
MCH-004,2025-12-20 00:00:00,0,0,,
MCH-004,2025-12-21 00:00:00,0,0,,
MCH-004,2025-12-22 00:00:00,0,0,,
MCH-004,2025-12-23 00:00:00,0,0,,
MCH-004,2025-12-24 00:00:00,0,0,,
MCH-004,2025-12-25 00:00:00,0,0,,
MCH-004,2025-12-26 00:00:00,0,0,,
MCH-004,2025-12-27 00:00:00,0,0,,
MCH-004,2025-12-28 00:00:00,0,0,,
MCH-004,2025-12-29 00:00:00,0,0,,
MCH-004,2025-12-30 00:00:00,0,0,,
MCH-004,2025-12-31 00:00:00,0,0,,
MCH-004,2026-01-01 00:00:00,0,0,,
MCH-004,2026-01-02 00:00:00,0,0,,
MCH-004,2026-01-03 00:00:00,0,0,,
MCH-004,2026-01-04 00:00:00,0,0,,
MCH-004,2026-01-05 00:00:00,0,0,,
MCH-004,2026-01-06 00:00:00,0,0,,
MCH-004,2026-01-07 00:00:00,0,0,,
MCH-004,2026-01-08 00:00:00,0,0,,
MCH-004,2026-01-09 00:00:00,0,0,,
MCH-004,2026-01-10 00:00:00,0,0,,
MCH-004,2026-01-11 00:00:00,0,0,,
MCH-004,2026-01-12 00:00:00,0,0,,
MCH-004,2026-01-13 00:00:00,0,0,,
MCH-004,2026-01-14 00:00:00,0,0,,
MCH-004,2026-01-15 00:00:00,0,0,,
MCH-004,2026-01-16 00:00:00,0,0,,
MCH-004,2026-01-17 00:00:00,0,0,,
MCH-004,2026-01-18 00:00:00,0,0,,
MCH-004,2026-01-19 00:00:00,0,0,,
MCH-004,2026-01-20 00:00:00,0,0,,
MCH-004,2026-01-21 00:00:00,0,0,,
MCH-004,2026-01-22 00:00:00,0,0,,
MCH-004,2026-01-23 00:00:00,0,0,,
MCH-004,2026-01-24 00:00:00,0,0,,
MCH-004,2026-01-25 00:00:00,0,0,,
MCH-004,2026-01-26 00:00:00,0,0,,
MCH-004,2026-01-27 00:00:00,0,0,,
MCH-004,2026-01-28 00:00:00,0,0,,
MCH-004,2026-01-29 00:00:00,0,0,,
MCH-004,2026-01-30 00:00:00,0,0,,
MCH-004,2026-01-31 00:00:00,0,0,,
MCH-004,2026-02-01 00:00:00,0,0,,
MCH-004,2026-02-02 00:00:00,0,0,,
MCH-004,2026-02-03 00:00:00,0,0,,
MCH-004,2026-02-04 00:00:00,0,0,,
MCH-004,2026-02-05 00:00:00,0,0,,
MCH-004,2026-02-06 00:00:00,0,0,,
MCH-004,2026-02-07 00:00:00,0,0,,
MCH-004,2026-02-08 00:00:00,0,0,,
MCH-004,2026-02-09 00:00:00,0,0,,
MCH-004,2026-02-10 00:00:00,0,0,,
MCH-004,2026-02-11 00:00:00,0,0,,
MCH-004,2026-02-12 00:00:00,0,0,,
MCH-004,2026-02-13 00:00:00,0,0,,
MCH-004,2026-02-14 00:00:00,0,0,,
MCH-004,2026-02-15 00:00:00,0,0,,
MCH-004,2026-02-16 00:00:00,0,0,,
MCH-004,2026-02-17 00:00:00,0,0,,
MCH-004,2026-02-18 00:00:00,0,0,,
MCH-004,2026-02-19 00:00:00,0,0,,
MCH-004,2026-02-20 00:00:00,0,0,,
MCH-004,2026-02-21 00:00:00,0,0,,
MCH-004,2026-02-22 00:00:00,0,0,,
MCH-004,2026-02-23 00:00:00,0,0,,
MCH-004,2026-02-24 00:00:00,0,0,,
MCH-004,2026-02-25 00:00:00,0,0,,
MCH-004,2026-02-26 00:00:00,0,0,,
MCH-004,2026-02-27 00:00:00,0,0,,
MCH-004,2026-02-28 00:00:00,0,0,,
MCH-004,2026-03-01 00:00:00,0,0,,
MCH-004,2026-03-02 00:00:00,0,0,,
MCH-004,2026-03-03 00:00:00,0,0,,
MCH-004,2026-03-04 00:00:00,0,0,,
MCH-004,2026-03-05 00:00:00,0,0,,
MCH-004,2026-03-06 00:00:00,0,0,,
MCH-004,2026-03-07 00:00:00,0,0,,
MCH-004,2026-03-08 00:00:00,0,0,,
MCH-004,2026-03-09 00:00:00,0,0,,
MCH-004,2026-03-10 00:00:00,0,0,,
MCH-004,2026-03-11 00:00:00,0,0,,
MCH-004,2026-03-12 00:00:00,0,0,,
MCH-004,2026-03-13 00:00:00,0,0,,
MCH-004,2026-03-14 00:00:00,0,0,,
MCH-004,2026-03-15 00:00:00,0,0,,
MCH-004,2026-03-16 00:00:00,0,0,,
MCH-004,2026-03-17 00:00:00,0,0,,
MCH-004,2026-03-18 00:00:00,0,0,,
MCH-004,2026-03-19 00:00:00,0,0,,
MCH-004,2026-03-20 00:00:00,0,0,,
MCH-004,2026-03-21 00:00:00,0,0,,
MCH-004,2026-03-22 00:00:00,0,0,,
MCH-004,2026-03-23 00:00:00,0,0,,
MCH-004,2026-03-24 00:00:00,0,0,,
MCH-004,2026-03-25 00:00:00,0,0,,
MCH-004,2026-03-26 00:00:00,0,0,,
MCH-004,2026-03-27 00:00:00,0,0,,
MCH-004,2026-03-28 00:00:00,0,0,,
MCH-004,2026-03-29 00:00:00,0,0,,
MCH-004,2026-03-30 00:00:00,0,0,,
MCH-004,2026-03-31 00:00:00,0,0,,
MCH-004,2026-04-01 00:00:00,0,0,,
MCH-004,2026-04-02 00:00:00,0,0,,
MCH-004,2026-04-03 00:00:00,0,0,,
MCH-004,2026-04-04 00:00:00,0,0,,
MCH-004,2026-04-05 00:00:00,0,0,,
MCH-004,2026-04-06 00:00:00,0,0,,
MCH-004,2026-04-07 00:00:00,0,0,,
MCH-004,2026-04-08 00:00:00,0,0,,
MCH-004,2026-04-09 00:00:00,0,0,,
MCH-004,2026-04-10 00:00:00,0,0,,
MCH-004,2026-04-11 00:00:00,0,0,,
MCH-004,2026-04-12 00:00:00,0,0,,
MCH-004,2026-04-13 00:00:00,0,0,,
MCH-004,2026-04-14 00:00:00,0,0,,
MCH-004,2026-04-15 00:00:00,0,0,,
MCH-004,2026-04-16 00:00:00,0,0,,
MCH-004,2026-04-17 00:00:00,0,0,,
MCH-004,2026-04-18 00:00:00,0,0,,
MCH-004,2026-04-19 00:00:00,0,0,,
MCH-004,2026-04-20 00:00:00,0,0,,
MCH-004,2026-04-21 00:00:00,0,0,,
MCH-004,2026-04-22 00:00:00,0,0,,
MCH-004,2026-04-23 00:00:00,0,0,,
MCH-004,2026-04-24 00:00:00,0,0,,
MCH-004,2026-04-25 00:00:00,0,0,,
MCH-004,2026-04-26 00:00:00,0,0,,
MCH-004,2026-04-27 00:00:00,0,0,,
MCH-004,2026-04-28 00:00:00,0,0,,
MCH-004,2026-04-29 00:00:00,0,0,,
MCH-004,2026-04-30 00:00:00,0,0,,
MCH-004,2026-05-01 00:00:00,0,0,,
MCH-004,2026-05-02 00:00:00,0,0,,
MCH-004,2026-05-03 00:00:00,0,0,,
MCH-004,2026-05-04 00:00:00,0,0,,
MCH-004,2026-05-05 00:00:00,0,0,,
MCH-004,2026-05-06 00:00:00,0,0,,
MCH-004,2026-05-07 00:00:00,0,0,,
MCH-004,2026-05-08 00:00:00,0,0,,
MCH-004,2026-05-09 00:00:00,0,0,,
MCH-004,2026-05-10 00:00:00,0,0,,
MCH-004,2026-05-11 00:00:00,0,0,,
MCH-004,2026-05-12 00:00:00,0,0,,
MCH-004,2026-05-13 00:00:00,0,0,,
MCH-004,2026-05-14 00:00:00,0,0,,
MCH-004,2026-05-15 00:00:00,0,0,,
MCH-004,2026-05-16 00:00:00,0,0,,
MCH-004,2026-05-17 00:00:00,0,0,,
MCH-004,2026-05-18 00:00:00,0,0,,
MCH-004,2026-05-19 00:00:00,0,0,,
MCH-004,2026-05-20 00:00:00,0,0,,
MCH-004,2026-05-21 00:00:00,0,0,,
MCH-004,2026-05-22 00:00:00,0,0,,
MCH-004,2026-05-23 00:00:00,0,0,,
MCH-004,2026-05-24 00:00:00,0,0,,
MCH-004,2026-05-25 00:00:00,0,0,,
MCH-004,2026-05-26 00:00:00,0,0,,
MCH-004,2026-05-27 00:00:00,0,0,,
MCH-004,2026-05-28 00:00:00,0,0,,
MCH-004,2026-05-29 00:00:00,0,0,,
MCH-004,2026-05-30 00:00:00,0,0,,
MCH-004,2026-05-31 00:00:00,0,0,,
MCH-004,2026-06-01 00:00:00,0,0,,
MCH-004,2026-06-02 00:00:00,0,0,,
MCH-004,2026-06-03 00:00:00,0,0,,
MCH-004,2026-06-04 00:00:00,0,0,,
MCH-004,2026-06-05 00:00:00,0,0,,
MCH-004,2026-06-06 00:00:00,0,0,,
MCH-004,2026-06-07 00:00:00,0,1,ELECTRICAL,medium
MCH-004,2026-06-08 00:00:00,0,1,TOOLING,high
MCH-004,2026-06-09 00:00:00,0,1,SENSOR,medium
MCH-004,2026-06-10 00:00:00,0,1,MOTOR,high
MCH-004,2026-06-11 00:00:00,0,1,ELECTRICAL,critical
MCH-004,2026-06-12 00:00:00,0,1,BEARING,medium
MCH-004,2026-06-13 00:00:00,1,1,BEARING,high
MCH-004,2026-06-14 00:00:00,1,1,MOTOR,medium
MCH-004,2026-06-15 00:00:00,0,0,,
MCH-004,2026-06-16 00:00:00,0,0,,
MCH-004,2026-06-17 00:00:00,0,0,,
MCH-004,2026-06-18 00:00:00,0,0,,
MCH-004,2026-06-19 00:00:00,0,0,,
MCH-004,2026-06-20 00:00:00,0,0,,
MCH-004,2026-06-21 00:00:00,0,0,,
MCH-004,2026-06-22 00:00:00,0,0,,
MCH-004,2026-06-23 00:00:00,0,0,,
MCH-004,2026-06-24 00:00:00,0,0,,
MCH-004,2026-06-25 00:00:00,0,0,,
MCH-004,2026-06-26 00:00:00,0,0,,
MCH-004,2026-06-27 00:00:00,0,0,,
MCH-004,2026-06-28 00:00:00,0,0,,
MCH-004,2026-06-29 00:00:00,0,0,,
MCH-004,2026-06-30 00:00:00,0,0,,
MCH-004,2026-07-01 00:00:00,0,0,,
MCH-004,2026-07-02 00:00:00,0,0,,
MCH-004,2026-07-03 00:00:00,0,0,,
MCH-004,2026-07-04 00:00:00,0,0,,
MCH-004,2026-07-05 00:00:00,0,0,,
MCH-004,2026-07-06 00:00:00,0,0,,
MCH-004,2026-07-07 00:00:00,0,0,,
MCH-004,2026-07-08 00:00:00,0,0,,
MCH-004,2026-07-09 00:00:00,0,0,,
MCH-004,2026-07-10 00:00:00,0,0,,
MCH-004,2026-07-11 00:00:00,0,0,,
MCH-004,2026-07-12 00:00:00,0,0,,
MCH-004,2026-07-13 00:00:00,0,0,,
MCH-004,2026-07-14 00:00:00,0,0,,
MCH-004,2026-07-15 00:00:00,0,0,,
MCH-004,2026-07-16 00:00:00,0,0,,
MCH-004,2026-07-17 00:00:00,0,0,,
MCH-004,2026-07-18 00:00:00,0,0,,
MCH-004,2026-07-19 00:00:00,0,0,,
MCH-004,2026-07-20 00:00:00,0,0,,
MCH-004,2026-07-21 00:00:00,0,0,,
MCH-004,2026-07-22 00:00:00,0,0,,
MCH-004,2026-07-23 00:00:00,0,0,,
MCH-004,2026-07-24 00:00:00,0,0,,
MCH-004,2026-07-25 00:00:00,0,0,,
MCH-004,2026-07-26 00:00:00,0,0,,
MCH-004,2026-07-27 00:00:00,0,0,,
MCH-004,2026-07-28 00:00:00,0,0,,
MCH-004,2026-07-29 00:00:00,0,0,,
MCH-004,2026-07-30 00:00:00,0,0,,
MCH-004,2026-07-31 00:00:00,0,0,,
MCH-005,2025-08-01 00:00:00,0,0,,
MCH-005,2025-08-02 00:00:00,0,0,,
MCH-005,2025-08-03 00:00:00,0,0,,
MCH-005,2025-08-04 00:00:00,0,0,,
MCH-005,2025-08-05 00:00:00,0,0,,
MCH-005,2025-08-06 00:00:00,0,0,,
MCH-005,2025-08-07 00:00:00,0,0,,
MCH-005,2025-08-08 00:00:00,0,0,,
MCH-005,2025-08-09 00:00:00,0,0,,
MCH-005,2025-08-10 00:00:00,0,0,,
MCH-005,2025-08-11 00:00:00,0,0,,
MCH-005,2025-08-12 00:00:00,0,0,,
MCH-005,2025-08-13 00:00:00,0,0,,
MCH-005,2025-08-14 00:00:00,0,0,,
MCH-005,2025-08-15 00:00:00,0,0,,
MCH-005,2025-08-16 00:00:00,0,0,,
MCH-005,2025-08-17 00:00:00,0,0,,
MCH-005,2025-08-18 00:00:00,0,0,,
MCH-005,2025-08-19 00:00:00,0,0,,
MCH-005,2025-08-20 00:00:00,0,0,,
MCH-005,2025-08-21 00:00:00,0,0,,
MCH-005,2025-08-22 00:00:00,0,0,,
MCH-005,2025-08-23 00:00:00,0,0,,
MCH-005,2025-08-24 00:00:00,0,0,,
MCH-005,2025-08-25 00:00:00,0,0,,
MCH-005,2025-08-26 00:00:00,0,0,,
MCH-005,2025-08-27 00:00:00,0,0,,
MCH-005,2025-08-28 00:00:00,0,0,,
MCH-005,2025-08-29 00:00:00,0,0,,
MCH-005,2025-08-30 00:00:00,0,0,,
MCH-005,2025-08-31 00:00:00,0,0,,
MCH-005,2025-09-01 00:00:00,0,0,,
MCH-005,2025-09-02 00:00:00,0,0,,
MCH-005,2025-09-03 00:00:00,0,0,,
MCH-005,2025-09-04 00:00:00,0,0,,
MCH-005,2025-09-05 00:00:00,0,0,,
MCH-005,2025-09-06 00:00:00,0,0,,
MCH-005,2025-09-07 00:00:00,0,0,,
MCH-005,2025-09-08 00:00:00,0,0,,
MCH-005,2025-09-09 00:00:00,0,0,,
MCH-005,2025-09-10 00:00:00,0,0,,
MCH-005,2025-09-11 00:00:00,0,0,,
MCH-005,2025-09-12 00:00:00,0,0,,
MCH-005,2025-09-13 00:00:00,0,1,SENSOR,critical
MCH-005,2025-09-14 00:00:00,0,1,ELECTRICAL,high
MCH-005,2025-09-15 00:00:00,0,1,MOTOR,high
MCH-005,2025-09-16 00:00:00,0,1,ELECTRICAL,medium
MCH-005,2025-09-17 00:00:00,0,1,SENSOR,medium
MCH-005,2025-09-18 00:00:00,0,1,TOOLING,medium
MCH-005,2025-09-19 00:00:00,1,1,ELECTRICAL,medium
MCH-005,2025-09-20 00:00:00,1,1,ELECTRICAL,high
MCH-005,2025-09-21 00:00:00,0,0,,
MCH-005,2025-09-22 00:00:00,0,0,,
MCH-005,2025-09-23 00:00:00,0,0,,
MCH-005,2025-09-24 00:00:00,0,0,,
MCH-005,2025-09-25 00:00:00,0,0,,
MCH-005,2025-09-26 00:00:00,0,0,,
MCH-005,2025-09-27 00:00:00,0,0,,
MCH-005,2025-09-28 00:00:00,0,0,,
MCH-005,2025-09-29 00:00:00,0,0,,
MCH-005,2025-09-30 00:00:00,0,0,,
MCH-005,2025-10-01 00:00:00,0,0,,
MCH-005,2025-10-02 00:00:00,0,0,,
MCH-005,2025-10-03 00:00:00,0,0,,
MCH-005,2025-10-04 00:00:00,0,0,,
MCH-005,2025-10-05 00:00:00,0,0,,
MCH-005,2025-10-06 00:00:00,0,0,,
MCH-005,2025-10-07 00:00:00,0,0,,
MCH-005,2025-10-08 00:00:00,0,0,,
MCH-005,2025-10-09 00:00:00,0,0,,
MCH-005,2025-10-10 00:00:00,0,0,,
MCH-005,2025-10-11 00:00:00,0,0,,
MCH-005,2025-10-12 00:00:00,0,0,,
MCH-005,2025-10-13 00:00:00,0,0,,
MCH-005,2025-10-14 00:00:00,0,0,,
MCH-005,2025-10-15 00:00:00,0,0,,
MCH-005,2025-10-16 00:00:00,0,0,,
MCH-005,2025-10-17 00:00:00,0,0,,
MCH-005,2025-10-18 00:00:00,0,0,,
MCH-005,2025-10-19 00:00:00,0,0,,
MCH-005,2025-10-20 00:00:00,0,0,,
MCH-005,2025-10-21 00:00:00,0,0,,
MCH-005,2025-10-22 00:00:00,0,0,,
MCH-005,2025-10-23 00:00:00,0,0,,
MCH-005,2025-10-24 00:00:00,0,0,,
MCH-005,2025-10-25 00:00:00,0,0,,
MCH-005,2025-10-26 00:00:00,0,0,,
MCH-005,2025-10-27 00:00:00,0,0,,
MCH-005,2025-10-28 00:00:00,0,0,,
MCH-005,2025-10-29 00:00:00,0,0,,
MCH-005,2025-10-30 00:00:00,0,0,,
MCH-005,2025-10-31 00:00:00,0,0,,
MCH-005,2025-11-01 00:00:00,0,0,,
MCH-005,2025-11-02 00:00:00,0,0,,
MCH-005,2025-11-03 00:00:00,0,0,,
MCH-005,2025-11-04 00:00:00,0,0,,
MCH-005,2025-11-05 00:00:00,0,0,,
MCH-005,2025-11-06 00:00:00,0,0,,
MCH-005,2025-11-07 00:00:00,0,0,,
MCH-005,2025-11-08 00:00:00,0,0,,
MCH-005,2025-11-09 00:00:00,0,0,,
MCH-005,2025-11-10 00:00:00,0,0,,
MCH-005,2025-11-11 00:00:00,0,0,,
MCH-005,2025-11-12 00:00:00,0,0,,
MCH-005,2025-11-13 00:00:00,0,0,,
MCH-005,2025-11-14 00:00:00,0,0,,
MCH-005,2025-11-15 00:00:00,0,0,,
MCH-005,2025-11-16 00:00:00,0,0,,
MCH-005,2025-11-17 00:00:00,0,0,,
MCH-005,2025-11-18 00:00:00,0,0,,
MCH-005,2025-11-19 00:00:00,0,0,,
MCH-005,2025-11-20 00:00:00,0,0,,
MCH-005,2025-11-21 00:00:00,0,0,,
MCH-005,2025-11-22 00:00:00,0,0,,
MCH-005,2025-11-23 00:00:00,0,0,,
MCH-005,2025-11-24 00:00:00,0,0,,
MCH-005,2025-11-25 00:00:00,0,0,,
MCH-005,2025-11-26 00:00:00,0,0,,
MCH-005,2025-11-27 00:00:00,0,0,,
MCH-005,2025-11-28 00:00:00,0,0,,
MCH-005,2025-11-29 00:00:00,0,0,,
MCH-005,2025-11-30 00:00:00,0,0,,
MCH-005,2025-12-01 00:00:00,0,0,,
MCH-005,2025-12-02 00:00:00,0,0,,
MCH-005,2025-12-03 00:00:00,0,0,,
MCH-005,2025-12-04 00:00:00,0,0,,
MCH-005,2025-12-05 00:00:00,0,0,,
MCH-005,2025-12-06 00:00:00,0,0,,
MCH-005,2025-12-07 00:00:00,0,0,,
MCH-005,2025-12-08 00:00:00,0,0,,
MCH-005,2025-12-09 00:00:00,0,0,,
MCH-005,2025-12-10 00:00:00,0,0,,
MCH-005,2025-12-11 00:00:00,0,0,,
MCH-005,2025-12-12 00:00:00,0,0,,
MCH-005,2025-12-13 00:00:00,0,0,,
MCH-005,2025-12-14 00:00:00,0,0,,
MCH-005,2025-12-15 00:00:00,0,0,,
MCH-005,2025-12-16 00:00:00,0,0,,
MCH-005,2025-12-17 00:00:00,0,0,,
MCH-005,2025-12-18 00:00:00,0,0,,
MCH-005,2025-12-19 00:00:00,0,0,,
MCH-005,2025-12-20 00:00:00,0,0,,
MCH-005,2025-12-21 00:00:00,0,0,,
MCH-005,2025-12-22 00:00:00,0,0,,
MCH-005,2025-12-23 00:00:00,0,0,,
MCH-005,2025-12-24 00:00:00,0,0,,
MCH-005,2025-12-25 00:00:00,0,0,,
MCH-005,2025-12-26 00:00:00,0,0,,
MCH-005,2025-12-27 00:00:00,0,0,,
MCH-005,2025-12-28 00:00:00,0,0,,
MCH-005,2025-12-29 00:00:00,0,0,,
MCH-005,2025-12-30 00:00:00,0,0,,
MCH-005,2025-12-31 00:00:00,0,0,,
MCH-005,2026-01-01 00:00:00,0,0,,
MCH-005,2026-01-02 00:00:00,0,0,,
MCH-005,2026-01-03 00:00:00,0,0,,
MCH-005,2026-01-04 00:00:00,0,0,,
MCH-005,2026-01-05 00:00:00,0,0,,
MCH-005,2026-01-06 00:00:00,0,0,,
MCH-005,2026-01-07 00:00:00,0,0,,
MCH-005,2026-01-08 00:00:00,0,0,,
MCH-005,2026-01-09 00:00:00,0,0,,
MCH-005,2026-01-10 00:00:00,0,0,,
MCH-005,2026-01-11 00:00:00,0,0,,
MCH-005,2026-01-12 00:00:00,0,0,,
MCH-005,2026-01-13 00:00:00,0,0,,
MCH-005,2026-01-14 00:00:00,0,0,,
MCH-005,2026-01-15 00:00:00,0,0,,
MCH-005,2026-01-16 00:00:00,0,0,,
MCH-005,2026-01-17 00:00:00,0,0,,
MCH-005,2026-01-18 00:00:00,0,0,,
MCH-005,2026-01-19 00:00:00,0,0,,
MCH-005,2026-01-20 00:00:00,0,0,,
MCH-005,2026-01-21 00:00:00,0,0,,
MCH-005,2026-01-22 00:00:00,0,0,,
MCH-005,2026-01-23 00:00:00,0,0,,
MCH-005,2026-01-24 00:00:00,0,0,,
MCH-005,2026-01-25 00:00:00,0,0,,
MCH-005,2026-01-26 00:00:00,0,0,,
MCH-005,2026-01-27 00:00:00,0,0,,
MCH-005,2026-01-28 00:00:00,0,0,,
MCH-005,2026-01-29 00:00:00,0,0,,
MCH-005,2026-01-30 00:00:00,0,0,,
MCH-005,2026-01-31 00:00:00,0,0,,
MCH-005,2026-02-01 00:00:00,0,0,,
MCH-005,2026-02-02 00:00:00,0,0,,
MCH-005,2026-02-03 00:00:00,0,0,,
MCH-005,2026-02-04 00:00:00,0,0,,
MCH-005,2026-02-05 00:00:00,0,0,,
MCH-005,2026-02-06 00:00:00,0,0,,
MCH-005,2026-02-07 00:00:00,0,0,,
MCH-005,2026-02-08 00:00:00,0,0,,
MCH-005,2026-02-09 00:00:00,0,0,,
MCH-005,2026-02-10 00:00:00,0,0,,
MCH-005,2026-02-11 00:00:00,0,0,,
MCH-005,2026-02-12 00:00:00,0,0,,
MCH-005,2026-02-13 00:00:00,0,0,,
MCH-005,2026-02-14 00:00:00,0,0,,
MCH-005,2026-02-15 00:00:00,0,0,,
MCH-005,2026-02-16 00:00:00,0,0,,
MCH-005,2026-02-17 00:00:00,0,0,,
MCH-005,2026-02-18 00:00:00,0,0,,
MCH-005,2026-02-19 00:00:00,0,0,,
MCH-005,2026-02-20 00:00:00,0,0,,
MCH-005,2026-02-21 00:00:00,0,0,,
MCH-005,2026-02-22 00:00:00,0,0,,
MCH-005,2026-02-23 00:00:00,0,0,,
MCH-005,2026-02-24 00:00:00,0,0,,
MCH-005,2026-02-25 00:00:00,0,0,,
MCH-005,2026-02-26 00:00:00,0,0,,
MCH-005,2026-02-27 00:00:00,0,0,,
MCH-005,2026-02-28 00:00:00,0,0,,
MCH-005,2026-03-01 00:00:00,0,0,,
MCH-005,2026-03-02 00:00:00,0,0,,
MCH-005,2026-03-03 00:00:00,0,0,,
MCH-005,2026-03-04 00:00:00,0,0,,
MCH-005,2026-03-05 00:00:00,0,0,,
MCH-005,2026-03-06 00:00:00,0,0,,
MCH-005,2026-03-07 00:00:00,0,0,,
MCH-005,2026-03-08 00:00:00,0,0,,
MCH-005,2026-03-09 00:00:00,0,0,,
MCH-005,2026-03-10 00:00:00,0,0,,
MCH-005,2026-03-11 00:00:00,0,0,,
MCH-005,2026-03-12 00:00:00,0,0,,
MCH-005,2026-03-13 00:00:00,0,0,,
MCH-005,2026-03-14 00:00:00,0,0,,
MCH-005,2026-03-15 00:00:00,0,0,,
MCH-005,2026-03-16 00:00:00,0,0,,
MCH-005,2026-03-17 00:00:00,0,0,,
MCH-005,2026-03-18 00:00:00,0,0,,
MCH-005,2026-03-19 00:00:00,0,0,,
MCH-005,2026-03-20 00:00:00,0,0,,
MCH-005,2026-03-21 00:00:00,0,0,,
MCH-005,2026-03-22 00:00:00,0,0,,
MCH-005,2026-03-23 00:00:00,0,0,,
MCH-005,2026-03-24 00:00:00,0,0,,
MCH-005,2026-03-25 00:00:00,0,0,,
MCH-005,2026-03-26 00:00:00,0,0,,
MCH-005,2026-03-27 00:00:00,0,0,,
MCH-005,2026-03-28 00:00:00,0,1,MOTOR,medium
MCH-005,2026-03-29 00:00:00,0,1,BEARING,medium
MCH-005,2026-03-30 00:00:00,0,1,BEARING,high
MCH-005,2026-03-31 00:00:00,0,1,BEARING,high
MCH-005,2026-04-01 00:00:00,0,1,SENSOR,critical
MCH-005,2026-04-02 00:00:00,0,1,BEARING,high
MCH-005,2026-04-03 00:00:00,1,1,BEARING,medium
MCH-005,2026-04-04 00:00:00,1,1,ELECTRICAL,medium
MCH-005,2026-04-05 00:00:00,0,0,,
MCH-005,2026-04-06 00:00:00,0,0,,
MCH-005,2026-04-07 00:00:00,0,0,,
MCH-005,2026-04-08 00:00:00,0,0,,
MCH-005,2026-04-09 00:00:00,0,0,,
MCH-005,2026-04-10 00:00:00,0,0,,
MCH-005,2026-04-11 00:00:00,0,0,,
MCH-005,2026-04-12 00:00:00,0,0,,
MCH-005,2026-04-13 00:00:00,0,0,,
MCH-005,2026-04-14 00:00:00,0,0,,
MCH-005,2026-04-15 00:00:00,0,0,,
MCH-005,2026-04-16 00:00:00,0,0,,
MCH-005,2026-04-17 00:00:00,0,0,,
MCH-005,2026-04-18 00:00:00,0,0,,
MCH-005,2026-04-19 00:00:00,0,0,,
MCH-005,2026-04-20 00:00:00,0,0,,
MCH-005,2026-04-21 00:00:00,0,0,,
MCH-005,2026-04-22 00:00:00,0,0,,
MCH-005,2026-04-23 00:00:00,0,0,,
MCH-005,2026-04-24 00:00:00,0,0,,
MCH-005,2026-04-25 00:00:00,0,0,,
MCH-005,2026-04-26 00:00:00,0,0,,
MCH-005,2026-04-27 00:00:00,0,0,,
MCH-005,2026-04-28 00:00:00,0,0,,
MCH-005,2026-04-29 00:00:00,0,0,,
MCH-005,2026-04-30 00:00:00,0,0,,
MCH-005,2026-05-01 00:00:00,0,0,,
MCH-005,2026-05-02 00:00:00,0,0,,
MCH-005,2026-05-03 00:00:00,0,0,,
MCH-005,2026-05-04 00:00:00,0,0,,
MCH-005,2026-05-05 00:00:00,0,0,,
MCH-005,2026-05-06 00:00:00,0,0,,
MCH-005,2026-05-07 00:00:00,0,0,,
MCH-005,2026-05-08 00:00:00,0,0,,
MCH-005,2026-05-09 00:00:00,0,0,,
MCH-005,2026-05-10 00:00:00,0,0,,
MCH-005,2026-05-11 00:00:00,0,0,,
MCH-005,2026-05-12 00:00:00,0,0,,
MCH-005,2026-05-13 00:00:00,0,0,,
MCH-005,2026-05-14 00:00:00,0,0,,
MCH-005,2026-05-15 00:00:00,0,0,,
MCH-005,2026-05-16 00:00:00,0,0,,
MCH-005,2026-05-17 00:00:00,0,0,,
MCH-005,2026-05-18 00:00:00,0,0,,
MCH-005,2026-05-19 00:00:00,0,0,,
MCH-005,2026-05-20 00:00:00,0,0,,
MCH-005,2026-05-21 00:00:00,0,0,,
MCH-005,2026-05-22 00:00:00,0,0,,
MCH-005,2026-05-23 00:00:00,0,0,,
MCH-005,2026-05-24 00:00:00,0,0,,
MCH-005,2026-05-25 00:00:00,0,0,,
MCH-005,2026-05-26 00:00:00,0,0,,
MCH-005,2026-05-27 00:00:00,0,0,,
MCH-005,2026-05-28 00:00:00,0,0,,
MCH-005,2026-05-29 00:00:00,0,0,,
MCH-005,2026-05-30 00:00:00,0,0,,
MCH-005,2026-05-31 00:00:00,0,0,,
MCH-005,2026-06-01 00:00:00,0,0,,
MCH-005,2026-06-02 00:00:00,0,0,,
MCH-005,2026-06-03 00:00:00,0,0,,
MCH-005,2026-06-04 00:00:00,0,0,,
MCH-005,2026-06-05 00:00:00,0,0,,
MCH-005,2026-06-06 00:00:00,0,0,,
MCH-005,2026-06-07 00:00:00,0,0,,
MCH-005,2026-06-08 00:00:00,0,0,,
MCH-005,2026-06-09 00:00:00,0,0,,
MCH-005,2026-06-10 00:00:00,0,0,,
MCH-005,2026-06-11 00:00:00,0,0,,
MCH-005,2026-06-12 00:00:00,0,0,,
MCH-005,2026-06-13 00:00:00,0,0,,
MCH-005,2026-06-14 00:00:00,0,0,,
MCH-005,2026-06-15 00:00:00,0,0,,
MCH-005,2026-06-16 00:00:00,0,0,,
MCH-005,2026-06-17 00:00:00,0,0,,
MCH-005,2026-06-18 00:00:00,0,0,,
MCH-005,2026-06-19 00:00:00,0,0,,
MCH-005,2026-06-20 00:00:00,0,0,,
MCH-005,2026-06-21 00:00:00,0,0,,
MCH-005,2026-06-22 00:00:00,0,0,,
MCH-005,2026-06-23 00:00:00,0,0,,
MCH-005,2026-06-24 00:00:00,0,0,,
MCH-005,2026-06-25 00:00:00,0,0,,
MCH-005,2026-06-26 00:00:00,0,0,,
MCH-005,2026-06-27 00:00:00,0,0,,
MCH-005,2026-06-28 00:00:00,0,0,,
MCH-005,2026-06-29 00:00:00,0,0,,
MCH-005,2026-06-30 00:00:00,0,0,,
MCH-005,2026-07-01 00:00:00,0,0,,
MCH-005,2026-07-02 00:00:00,0,0,,
MCH-005,2026-07-03 00:00:00,0,0,,
MCH-005,2026-07-04 00:00:00,0,0,,
MCH-005,2026-07-05 00:00:00,0,0,,
MCH-005,2026-07-06 00:00:00,0,0,,
MCH-005,2026-07-07 00:00:00,0,0,,
MCH-005,2026-07-08 00:00:00,0,0,,
MCH-005,2026-07-09 00:00:00,0,0,,
MCH-005,2026-07-10 00:00:00,0,0,,
MCH-005,2026-07-11 00:00:00,0,0,,
MCH-005,2026-07-12 00:00:00,0,0,,
MCH-005,2026-07-13 00:00:00,0,1,BEARING,high
MCH-005,2026-07-14 00:00:00,0,1,TOOLING,medium
MCH-005,2026-07-15 00:00:00,0,1,TOOLING,high
MCH-005,2026-07-16 00:00:00,0,1,MOTOR,medium
MCH-005,2026-07-17 00:00:00,0,1,HYDRAULIC,high
MCH-005,2026-07-18 00:00:00,0,1,ELECTRICAL,high
MCH-005,2026-07-19 00:00:00,1,1,HYDRAULIC,medium
MCH-005,2026-07-20 00:00:00,1,1,HYDRAULIC,medium
MCH-005,2026-07-21 00:00:00,0,0,,
MCH-005,2026-07-22 00:00:00,0,0,,
MCH-005,2026-07-23 00:00:00,0,0,,
MCH-005,2026-07-24 00:00:00,0,0,,
MCH-005,2026-07-25 00:00:00,0,0,,
MCH-005,2026-07-26 00:00:00,0,0,,
MCH-005,2026-07-27 00:00:00,0,0,,
MCH-005,2026-07-28 00:00:00,0,0,,
MCH-005,2026-07-29 00:00:00,0,0,,
MCH-005,2026-07-30 00:00:00,0,0,,
MCH-005,2026-07-31 00:00:00,0,0,,
MCH-006,2025-08-01 00:00:00,0,0,,
MCH-006,2025-08-02 00:00:00,0,0,,
MCH-006,2025-08-03 00:00:00,0,0,,
MCH-006,2025-08-04 00:00:00,0,0,,
MCH-006,2025-08-05 00:00:00,0,0,,
MCH-006,2025-08-06 00:00:00,0,0,,
MCH-006,2025-08-07 00:00:00,0,0,,
MCH-006,2025-08-08 00:00:00,0,0,,
MCH-006,2025-08-09 00:00:00,0,0,,
MCH-006,2025-08-10 00:00:00,0,0,,
MCH-006,2025-08-11 00:00:00,0,0,,
MCH-006,2025-08-12 00:00:00,0,0,,
MCH-006,2025-08-13 00:00:00,0,0,,
MCH-006,2025-08-14 00:00:00,0,0,,
MCH-006,2025-08-15 00:00:00,0,0,,
MCH-006,2025-08-16 00:00:00,0,0,,
MCH-006,2025-08-17 00:00:00,0,0,,
MCH-006,2025-08-18 00:00:00,0,0,,
MCH-006,2025-08-19 00:00:00,0,0,,
MCH-006,2025-08-20 00:00:00,0,0,,
MCH-006,2025-08-21 00:00:00,0,0,,
MCH-006,2025-08-22 00:00:00,0,0,,
MCH-006,2025-08-23 00:00:00,0,0,,
MCH-006,2025-08-24 00:00:00,0,0,,
MCH-006,2025-08-25 00:00:00,0,0,,
MCH-006,2025-08-26 00:00:00,0,0,,
MCH-006,2025-08-27 00:00:00,0,0,,
MCH-006,2025-08-28 00:00:00,0,0,,
MCH-006,2025-08-29 00:00:00,0,0,,
MCH-006,2025-08-30 00:00:00,0,0,,
MCH-006,2025-08-31 00:00:00,0,0,,
MCH-006,2025-09-01 00:00:00,0,0,,
MCH-006,2025-09-02 00:00:00,0,0,,
MCH-006,2025-09-03 00:00:00,0,0,,
MCH-006,2025-09-04 00:00:00,0,0,,
MCH-006,2025-09-05 00:00:00,0,0,,
MCH-006,2025-09-06 00:00:00,0,0,,
MCH-006,2025-09-07 00:00:00,0,0,,
MCH-006,2025-09-08 00:00:00,0,0,,
MCH-006,2025-09-09 00:00:00,0,0,,
MCH-006,2025-09-10 00:00:00,0,0,,
MCH-006,2025-09-11 00:00:00,0,0,,
MCH-006,2025-09-12 00:00:00,0,0,,
MCH-006,2025-09-13 00:00:00,0,0,,
MCH-006,2025-09-14 00:00:00,0,0,,
MCH-006,2025-09-15 00:00:00,0,0,,
MCH-006,2025-09-16 00:00:00,0,0,,
MCH-006,2025-09-17 00:00:00,0,0,,
MCH-006,2025-09-18 00:00:00,0,0,,
MCH-006,2025-09-19 00:00:00,0,0,,
MCH-006,2025-09-20 00:00:00,0,0,,
MCH-006,2025-09-21 00:00:00,0,0,,
MCH-006,2025-09-22 00:00:00,0,0,,
MCH-006,2025-09-23 00:00:00,0,0,,
MCH-006,2025-09-24 00:00:00,0,0,,
MCH-006,2025-09-25 00:00:00,0,0,,
MCH-006,2025-09-26 00:00:00,0,0,,
MCH-006,2025-09-27 00:00:00,0,0,,
MCH-006,2025-09-28 00:00:00,0,0,,
MCH-006,2025-09-29 00:00:00,0,0,,
MCH-006,2025-09-30 00:00:00,0,0,,
MCH-006,2025-10-01 00:00:00,0,0,,
MCH-006,2025-10-02 00:00:00,0,0,,
MCH-006,2025-10-03 00:00:00,0,0,,
MCH-006,2025-10-04 00:00:00,0,0,,
MCH-006,2025-10-05 00:00:00,0,0,,
MCH-006,2025-10-06 00:00:00,0,0,,
MCH-006,2025-10-07 00:00:00,0,0,,
MCH-006,2025-10-08 00:00:00,0,0,,
MCH-006,2025-10-09 00:00:00,0,0,,
MCH-006,2025-10-10 00:00:00,0,0,,
MCH-006,2025-10-11 00:00:00,0,0,,
MCH-006,2025-10-12 00:00:00,0,0,,
MCH-006,2025-10-13 00:00:00,0,0,,
MCH-006,2025-10-14 00:00:00,0,0,,
MCH-006,2025-10-15 00:00:00,0,1,MOTOR,medium
MCH-006,2025-10-16 00:00:00,0,1,TOOLING,high
MCH-006,2025-10-17 00:00:00,0,1,MOTOR,high
MCH-006,2025-10-18 00:00:00,0,1,SENSOR,medium
MCH-006,2025-10-19 00:00:00,0,1,HYDRAULIC,high
MCH-006,2025-10-20 00:00:00,0,1,HYDRAULIC,medium
MCH-006,2025-10-21 00:00:00,1,1,ELECTRICAL,medium
MCH-006,2025-10-22 00:00:00,1,1,SENSOR,medium
MCH-006,2025-10-23 00:00:00,0,0,,
MCH-006,2025-10-24 00:00:00,0,0,,
MCH-006,2025-10-25 00:00:00,0,0,,
MCH-006,2025-10-26 00:00:00,0,0,,
MCH-006,2025-10-27 00:00:00,0,0,,
MCH-006,2025-10-28 00:00:00,0,0,,
MCH-006,2025-10-29 00:00:00,0,0,,
MCH-006,2025-10-30 00:00:00,0,0,,
MCH-006,2025-10-31 00:00:00,0,0,,
MCH-006,2025-11-01 00:00:00,0,0,,
MCH-006,2025-11-02 00:00:00,0,0,,
MCH-006,2025-11-03 00:00:00,0,0,,
MCH-006,2025-11-04 00:00:00,0,0,,
MCH-006,2025-11-05 00:00:00,0,0,,
MCH-006,2025-11-06 00:00:00,0,0,,
MCH-006,2025-11-07 00:00:00,0,0,,
MCH-006,2025-11-08 00:00:00,0,0,,
MCH-006,2025-11-09 00:00:00,0,0,,
MCH-006,2025-11-10 00:00:00,0,0,,
MCH-006,2025-11-11 00:00:00,0,0,,
MCH-006,2025-11-12 00:00:00,0,0,,
MCH-006,2025-11-13 00:00:00,0,0,,
MCH-006,2025-11-14 00:00:00,0,0,,
MCH-006,2025-11-15 00:00:00,0,1,ELECTRICAL,high
MCH-006,2025-11-16 00:00:00,0,1,HYDRAULIC,medium
MCH-006,2025-11-17 00:00:00,0,1,ELECTRICAL,critical
MCH-006,2025-11-18 00:00:00,0,1,TOOLING,high
MCH-006,2025-11-19 00:00:00,0,1,HYDRAULIC,high
MCH-006,2025-11-20 00:00:00,0,1,MOTOR,high
MCH-006,2025-11-21 00:00:00,1,1,ELECTRICAL,medium
MCH-006,2025-11-22 00:00:00,1,1,TOOLING,medium
MCH-006,2025-11-23 00:00:00,0,0,,
MCH-006,2025-11-24 00:00:00,0,0,,
MCH-006,2025-11-25 00:00:00,0,0,,
MCH-006,2025-11-26 00:00:00,0,0,,
MCH-006,2025-11-27 00:00:00,0,0,,
MCH-006,2025-11-28 00:00:00,0,0,,
MCH-006,2025-11-29 00:00:00,0,0,,
MCH-006,2025-11-30 00:00:00,0,0,,
MCH-006,2025-12-01 00:00:00,0,0,,
MCH-006,2025-12-02 00:00:00,0,0,,
MCH-006,2025-12-03 00:00:00,0,0,,
MCH-006,2025-12-04 00:00:00,0,0,,
MCH-006,2025-12-05 00:00:00,0,0,,
MCH-006,2025-12-06 00:00:00,0,0,,
MCH-006,2025-12-07 00:00:00,0,0,,
MCH-006,2025-12-08 00:00:00,0,0,,
MCH-006,2025-12-09 00:00:00,0,0,,
MCH-006,2025-12-10 00:00:00,0,0,,
MCH-006,2025-12-11 00:00:00,0,0,,
MCH-006,2025-12-12 00:00:00,0,0,,
MCH-006,2025-12-13 00:00:00,0,0,,
MCH-006,2025-12-14 00:00:00,0,0,,
MCH-006,2025-12-15 00:00:00,0,0,,
MCH-006,2025-12-16 00:00:00,0,0,,
MCH-006,2025-12-17 00:00:00,0,0,,
MCH-006,2025-12-18 00:00:00,0,0,,
MCH-006,2025-12-19 00:00:00,0,0,,
MCH-006,2025-12-20 00:00:00,0,0,,
MCH-006,2025-12-21 00:00:00,0,0,,
MCH-006,2025-12-22 00:00:00,0,0,,
MCH-006,2025-12-23 00:00:00,0,0,,
MCH-006,2025-12-24 00:00:00,0,0,,
MCH-006,2025-12-25 00:00:00,0,0,,
MCH-006,2025-12-26 00:00:00,0,0,,
MCH-006,2025-12-27 00:00:00,0,0,,
MCH-006,2025-12-28 00:00:00,0,0,,
MCH-006,2025-12-29 00:00:00,0,0,,
MCH-006,2025-12-30 00:00:00,0,0,,
MCH-006,2025-12-31 00:00:00,0,0,,
MCH-006,2026-01-01 00:00:00,0,0,,
MCH-006,2026-01-02 00:00:00,0,0,,
MCH-006,2026-01-03 00:00:00,0,0,,
MCH-006,2026-01-04 00:00:00,0,0,,
MCH-006,2026-01-05 00:00:00,0,0,,
MCH-006,2026-01-06 00:00:00,0,0,,
MCH-006,2026-01-07 00:00:00,0,0,,
MCH-006,2026-01-08 00:00:00,0,0,,
MCH-006,2026-01-09 00:00:00,0,0,,
MCH-006,2026-01-10 00:00:00,0,0,,
MCH-006,2026-01-11 00:00:00,0,0,,
MCH-006,2026-01-12 00:00:00,0,0,,
MCH-006,2026-01-13 00:00:00,0,0,,
MCH-006,2026-01-14 00:00:00,0,0,,
MCH-006,2026-01-15 00:00:00,0,0,,
MCH-006,2026-01-16 00:00:00,0,0,,
MCH-006,2026-01-17 00:00:00,0,0,,
MCH-006,2026-01-18 00:00:00,0,0,,
MCH-006,2026-01-19 00:00:00,0,0,,
MCH-006,2026-01-20 00:00:00,0,0,,
MCH-006,2026-01-21 00:00:00,0,0,,
MCH-006,2026-01-22 00:00:00,0,0,,
MCH-006,2026-01-23 00:00:00,0,0,,
MCH-006,2026-01-24 00:00:00,0,0,,
MCH-006,2026-01-25 00:00:00,0,0,,
MCH-006,2026-01-26 00:00:00,0,0,,
MCH-006,2026-01-27 00:00:00,0,0,,
MCH-006,2026-01-28 00:00:00,0,0,,
MCH-006,2026-01-29 00:00:00,0,0,,
MCH-006,2026-01-30 00:00:00,0,0,,
MCH-006,2026-01-31 00:00:00,0,0,,
MCH-006,2026-02-01 00:00:00,0,0,,
MCH-006,2026-02-02 00:00:00,0,0,,
MCH-006,2026-02-03 00:00:00,0,0,,
MCH-006,2026-02-04 00:00:00,0,0,,
MCH-006,2026-02-05 00:00:00,0,0,,
MCH-006,2026-02-06 00:00:00,0,0,,
MCH-006,2026-02-07 00:00:00,0,0,,
MCH-006,2026-02-08 00:00:00,0,0,,
MCH-006,2026-02-09 00:00:00,0,0,,
MCH-006,2026-02-10 00:00:00,0,0,,
MCH-006,2026-02-11 00:00:00,0,0,,
MCH-006,2026-02-12 00:00:00,0,0,,
MCH-006,2026-02-13 00:00:00,0,0,,
MCH-006,2026-02-14 00:00:00,0,0,,
MCH-006,2026-02-15 00:00:00,0,0,,
MCH-006,2026-02-16 00:00:00,0,0,,
MCH-006,2026-02-17 00:00:00,0,0,,
MCH-006,2026-02-18 00:00:00,0,0,,
MCH-006,2026-02-19 00:00:00,0,0,,
MCH-006,2026-02-20 00:00:00,0,0,,
MCH-006,2026-02-21 00:00:00,0,0,,
MCH-006,2026-02-22 00:00:00,0,0,,
MCH-006,2026-02-23 00:00:00,0,0,,
MCH-006,2026-02-24 00:00:00,0,0,,
MCH-006,2026-02-25 00:00:00,0,0,,
MCH-006,2026-02-26 00:00:00,0,0,,
MCH-006,2026-02-27 00:00:00,0,0,,
MCH-006,2026-02-28 00:00:00,0,0,,
MCH-006,2026-03-01 00:00:00,0,0,,
MCH-006,2026-03-02 00:00:00,0,0,,
MCH-006,2026-03-03 00:00:00,0,0,,
MCH-006,2026-03-04 00:00:00,0,0,,
MCH-006,2026-03-05 00:00:00,0,0,,
MCH-006,2026-03-06 00:00:00,0,0,,
MCH-006,2026-03-07 00:00:00,0,0,,
MCH-006,2026-03-08 00:00:00,0,0,,
MCH-006,2026-03-09 00:00:00,0,0,,
MCH-006,2026-03-10 00:00:00,0,0,,
MCH-006,2026-03-11 00:00:00,0,0,,
MCH-006,2026-03-12 00:00:00,0,0,,
MCH-006,2026-03-13 00:00:00,0,0,,
MCH-006,2026-03-14 00:00:00,0,0,,
MCH-006,2026-03-15 00:00:00,0,0,,
MCH-006,2026-03-16 00:00:00,0,0,,
MCH-006,2026-03-17 00:00:00,0,0,,
MCH-006,2026-03-18 00:00:00,0,0,,
MCH-006,2026-03-19 00:00:00,0,0,,
MCH-006,2026-03-20 00:00:00,0,0,,
MCH-006,2026-03-21 00:00:00,0,0,,
MCH-006,2026-03-22 00:00:00,0,0,,
MCH-006,2026-03-23 00:00:00,0,0,,
MCH-006,2026-03-24 00:00:00,0,0,,
MCH-006,2026-03-25 00:00:00,0,0,,
MCH-006,2026-03-26 00:00:00,0,0,,
MCH-006,2026-03-27 00:00:00,0,0,,
MCH-006,2026-03-28 00:00:00,0,0,,
MCH-006,2026-03-29 00:00:00,0,0,,
MCH-006,2026-03-30 00:00:00,0,0,,
MCH-006,2026-03-31 00:00:00,0,0,,
MCH-006,2026-04-01 00:00:00,0,0,,
MCH-006,2026-04-02 00:00:00,0,0,,
MCH-006,2026-04-03 00:00:00,0,0,,
MCH-006,2026-04-04 00:00:00,0,0,,
MCH-006,2026-04-05 00:00:00,0,0,,
MCH-006,2026-04-06 00:00:00,0,0,,
MCH-006,2026-04-07 00:00:00,0,0,,
MCH-006,2026-04-08 00:00:00,0,0,,
MCH-006,2026-04-09 00:00:00,0,0,,
MCH-006,2026-04-10 00:00:00,0,0,,
MCH-006,2026-04-11 00:00:00,0,0,,
MCH-006,2026-04-12 00:00:00,0,0,,
MCH-006,2026-04-13 00:00:00,0,0,,
MCH-006,2026-04-14 00:00:00,0,0,,
MCH-006,2026-04-15 00:00:00,0,0,,
MCH-006,2026-04-16 00:00:00,0,0,,
MCH-006,2026-04-17 00:00:00,0,0,,
MCH-006,2026-04-18 00:00:00,0,0,,
MCH-006,2026-04-19 00:00:00,0,0,,
MCH-006,2026-04-20 00:00:00,0,0,,
MCH-006,2026-04-21 00:00:00,0,0,,
MCH-006,2026-04-22 00:00:00,0,0,,
MCH-006,2026-04-23 00:00:00,0,0,,
MCH-006,2026-04-24 00:00:00,0,0,,
MCH-006,2026-04-25 00:00:00,0,0,,
MCH-006,2026-04-26 00:00:00,0,0,,
MCH-006,2026-04-27 00:00:00,0,0,,
MCH-006,2026-04-28 00:00:00,0,0,,
MCH-006,2026-04-29 00:00:00,0,0,,
MCH-006,2026-04-30 00:00:00,0,0,,
MCH-006,2026-05-01 00:00:00,0,0,,
MCH-006,2026-05-02 00:00:00,0,0,,
MCH-006,2026-05-03 00:00:00,0,0,,
MCH-006,2026-05-04 00:00:00,0,0,,
MCH-006,2026-05-05 00:00:00,0,0,,
MCH-006,2026-05-06 00:00:00,0,0,,
MCH-006,2026-05-07 00:00:00,0,0,,
MCH-006,2026-05-08 00:00:00,0,0,,
MCH-006,2026-05-09 00:00:00,0,0,,
MCH-006,2026-05-10 00:00:00,0,0,,
MCH-006,2026-05-11 00:00:00,0,0,,
MCH-006,2026-05-12 00:00:00,0,0,,
MCH-006,2026-05-13 00:00:00,0,0,,
MCH-006,2026-05-14 00:00:00,0,0,,
MCH-006,2026-05-15 00:00:00,0,0,,
MCH-006,2026-05-16 00:00:00,0,0,,
MCH-006,2026-05-17 00:00:00,0,0,,
MCH-006,2026-05-18 00:00:00,0,0,,
MCH-006,2026-05-19 00:00:00,0,0,,
MCH-006,2026-05-20 00:00:00,0,0,,
MCH-006,2026-05-21 00:00:00,0,0,,
MCH-006,2026-05-22 00:00:00,0,0,,
MCH-006,2026-05-23 00:00:00,0,0,,
MCH-006,2026-05-24 00:00:00,0,0,,
MCH-006,2026-05-25 00:00:00,0,0,,
MCH-006,2026-05-26 00:00:00,0,0,,
MCH-006,2026-05-27 00:00:00,0,0,,
MCH-006,2026-05-28 00:00:00,0,0,,
MCH-006,2026-05-29 00:00:00,0,0,,
MCH-006,2026-05-30 00:00:00,0,0,,
MCH-006,2026-05-31 00:00:00,0,0,,
MCH-006,2026-06-01 00:00:00,0,0,,
MCH-006,2026-06-02 00:00:00,0,0,,
MCH-006,2026-06-03 00:00:00,0,0,,
MCH-006,2026-06-04 00:00:00,0,0,,
MCH-006,2026-06-05 00:00:00,0,0,,
MCH-006,2026-06-06 00:00:00,0,0,,
MCH-006,2026-06-07 00:00:00,0,0,,
MCH-006,2026-06-08 00:00:00,0,0,,
MCH-006,2026-06-09 00:00:00,0,0,,
MCH-006,2026-06-10 00:00:00,0,0,,
MCH-006,2026-06-11 00:00:00,0,0,,
MCH-006,2026-06-12 00:00:00,0,0,,
MCH-006,2026-06-13 00:00:00,0,0,,
MCH-006,2026-06-14 00:00:00,0,0,,
MCH-006,2026-06-15 00:00:00,0,0,,
MCH-006,2026-06-16 00:00:00,0,0,,
MCH-006,2026-06-17 00:00:00,0,0,,
MCH-006,2026-06-18 00:00:00,0,0,,
MCH-006,2026-06-19 00:00:00,0,0,,
MCH-006,2026-06-20 00:00:00,0,0,,
MCH-006,2026-06-21 00:00:00,0,0,,
MCH-006,2026-06-22 00:00:00,0,0,,
MCH-006,2026-06-23 00:00:00,0,0,,
MCH-006,2026-06-24 00:00:00,0,0,,
MCH-006,2026-06-25 00:00:00,0,0,,
MCH-006,2026-06-26 00:00:00,0,0,,
MCH-006,2026-06-27 00:00:00,0,0,,
MCH-006,2026-06-28 00:00:00,0,0,,
MCH-006,2026-06-29 00:00:00,0,0,,
MCH-006,2026-06-30 00:00:00,0,0,,
MCH-006,2026-07-01 00:00:00,0,0,,
MCH-006,2026-07-02 00:00:00,0,0,,
MCH-006,2026-07-03 00:00:00,0,0,,
MCH-006,2026-07-04 00:00:00,0,0,,
MCH-006,2026-07-05 00:00:00,0,0,,
MCH-006,2026-07-06 00:00:00,0,0,,
MCH-006,2026-07-07 00:00:00,0,0,,
MCH-006,2026-07-08 00:00:00,0,0,,
MCH-006,2026-07-09 00:00:00,0,0,,
MCH-006,2026-07-10 00:00:00,0,0,,
MCH-006,2026-07-11 00:00:00,0,0,,
MCH-006,2026-07-12 00:00:00,0,0,,
MCH-006,2026-07-13 00:00:00,0,0,,
MCH-006,2026-07-14 00:00:00,0,0,,
MCH-006,2026-07-15 00:00:00,0,0,,
MCH-006,2026-07-16 00:00:00,0,0,,
MCH-006,2026-07-17 00:00:00,0,0,,
MCH-006,2026-07-18 00:00:00,0,0,,
MCH-006,2026-07-19 00:00:00,0,0,,
MCH-006,2026-07-20 00:00:00,0,0,,
MCH-006,2026-07-21 00:00:00,0,0,,
MCH-006,2026-07-22 00:00:00,0,0,,
MCH-006,2026-07-23 00:00:00,0,0,,
MCH-006,2026-07-24 00:00:00,0,0,,
MCH-006,2026-07-25 00:00:00,0,0,,
MCH-006,2026-07-26 00:00:00,0,0,,
MCH-006,2026-07-27 00:00:00,0,0,,
MCH-006,2026-07-28 00:00:00,0,0,,
MCH-006,2026-07-29 00:00:00,0,0,,
MCH-006,2026-07-30 00:00:00,0,0,,
MCH-006,2026-07-31 00:00:00,0,0,,
MCH-007,2025-08-01 00:00:00,0,0,,
MCH-007,2025-08-02 00:00:00,0,0,,
MCH-007,2025-08-03 00:00:00,0,0,,
MCH-007,2025-08-04 00:00:00,0,0,,
MCH-007,2025-08-05 00:00:00,0,0,,
MCH-007,2025-08-06 00:00:00,0,0,,
MCH-007,2025-08-07 00:00:00,0,0,,
MCH-007,2025-08-08 00:00:00,0,0,,
MCH-007,2025-08-09 00:00:00,0,0,,
MCH-007,2025-08-10 00:00:00,0,0,,
MCH-007,2025-08-11 00:00:00,0,0,,
MCH-007,2025-08-12 00:00:00,0,0,,
MCH-007,2025-08-13 00:00:00,0,0,,
MCH-007,2025-08-14 00:00:00,0,0,,
MCH-007,2025-08-15 00:00:00,0,0,,
MCH-007,2025-08-16 00:00:00,0,0,,
MCH-007,2025-08-17 00:00:00,0,0,,
MCH-007,2025-08-18 00:00:00,0,0,,
MCH-007,2025-08-19 00:00:00,0,0,,
MCH-007,2025-08-20 00:00:00,0,0,,
MCH-007,2025-08-21 00:00:00,0,0,,
MCH-007,2025-08-22 00:00:00,0,0,,
MCH-007,2025-08-23 00:00:00,0,0,,
MCH-007,2025-08-24 00:00:00,0,0,,
MCH-007,2025-08-25 00:00:00,0,0,,
MCH-007,2025-08-26 00:00:00,0,0,,
MCH-007,2025-08-27 00:00:00,0,0,,
MCH-007,2025-08-28 00:00:00,0,0,,
MCH-007,2025-08-29 00:00:00,0,0,,
MCH-007,2025-08-30 00:00:00,0,0,,
MCH-007,2025-08-31 00:00:00,0,0,,
MCH-007,2025-09-01 00:00:00,0,0,,
MCH-007,2025-09-02 00:00:00,0,0,,
MCH-007,2025-09-03 00:00:00,0,0,,
MCH-007,2025-09-04 00:00:00,0,0,,
MCH-007,2025-09-05 00:00:00,0,0,,
MCH-007,2025-09-06 00:00:00,0,0,,
MCH-007,2025-09-07 00:00:00,0,0,,
MCH-007,2025-09-08 00:00:00,0,0,,
MCH-007,2025-09-09 00:00:00,0,0,,
MCH-007,2025-09-10 00:00:00,0,0,,
MCH-007,2025-09-11 00:00:00,0,0,,
MCH-007,2025-09-12 00:00:00,0,0,,
MCH-007,2025-09-13 00:00:00,0,0,,
MCH-007,2025-09-14 00:00:00,0,0,,
MCH-007,2025-09-15 00:00:00,0,0,,
MCH-007,2025-09-16 00:00:00,0,0,,
MCH-007,2025-09-17 00:00:00,0,0,,
MCH-007,2025-09-18 00:00:00,0,0,,
MCH-007,2025-09-19 00:00:00,0,0,,
MCH-007,2025-09-20 00:00:00,0,0,,
MCH-007,2025-09-21 00:00:00,0,0,,
MCH-007,2025-09-22 00:00:00,0,0,,
MCH-007,2025-09-23 00:00:00,0,0,,
MCH-007,2025-09-24 00:00:00,0,0,,
MCH-007,2025-09-25 00:00:00,0,0,,
MCH-007,2025-09-26 00:00:00,0,0,,
MCH-007,2025-09-27 00:00:00,0,0,,
MCH-007,2025-09-28 00:00:00,0,0,,
MCH-007,2025-09-29 00:00:00,0,0,,
MCH-007,2025-09-30 00:00:00,0,0,,
MCH-007,2025-10-01 00:00:00,0,0,,
MCH-007,2025-10-02 00:00:00,0,0,,
MCH-007,2025-10-03 00:00:00,0,0,,
MCH-007,2025-10-04 00:00:00,0,0,,
MCH-007,2025-10-05 00:00:00,0,0,,
MCH-007,2025-10-06 00:00:00,0,0,,
MCH-007,2025-10-07 00:00:00,0,0,,
MCH-007,2025-10-08 00:00:00,0,0,,
MCH-007,2025-10-09 00:00:00,0,0,,
MCH-007,2025-10-10 00:00:00,0,0,,
MCH-007,2025-10-11 00:00:00,0,0,,
MCH-007,2025-10-12 00:00:00,0,0,,
MCH-007,2025-10-13 00:00:00,0,0,,
MCH-007,2025-10-14 00:00:00,0,0,,
MCH-007,2025-10-15 00:00:00,0,0,,
MCH-007,2025-10-16 00:00:00,0,0,,
MCH-007,2025-10-17 00:00:00,0,0,,
MCH-007,2025-10-18 00:00:00,0,0,,
MCH-007,2025-10-19 00:00:00,0,0,,
MCH-007,2025-10-20 00:00:00,0,0,,
MCH-007,2025-10-21 00:00:00,0,0,,
MCH-007,2025-10-22 00:00:00,0,0,,
MCH-007,2025-10-23 00:00:00,0,0,,
MCH-007,2025-10-24 00:00:00,0,0,,
MCH-007,2025-10-25 00:00:00,0,0,,
MCH-007,2025-10-26 00:00:00,0,0,,
MCH-007,2025-10-27 00:00:00,0,0,,
MCH-007,2025-10-28 00:00:00,0,0,,
MCH-007,2025-10-29 00:00:00,0,0,,
MCH-007,2025-10-30 00:00:00,0,0,,
MCH-007,2025-10-31 00:00:00,0,0,,
MCH-007,2025-11-01 00:00:00,0,0,,
MCH-007,2025-11-02 00:00:00,0,0,,
MCH-007,2025-11-03 00:00:00,0,0,,
MCH-007,2025-11-04 00:00:00,0,0,,
MCH-007,2025-11-05 00:00:00,0,0,,
MCH-007,2025-11-06 00:00:00,0,0,,
MCH-007,2025-11-07 00:00:00,0,0,,
MCH-007,2025-11-08 00:00:00,0,0,,
MCH-007,2025-11-09 00:00:00,0,0,,
MCH-007,2025-11-10 00:00:00,0,0,,
MCH-007,2025-11-11 00:00:00,0,0,,
MCH-007,2025-11-12 00:00:00,0,0,,
MCH-007,2025-11-13 00:00:00,0,0,,
MCH-007,2025-11-14 00:00:00,0,0,,
MCH-007,2025-11-15 00:00:00,0,0,,
MCH-007,2025-11-16 00:00:00,0,0,,
MCH-007,2025-11-17 00:00:00,0,0,,
MCH-007,2025-11-18 00:00:00,0,0,,
MCH-007,2025-11-19 00:00:00,0,0,,
MCH-007,2025-11-20 00:00:00,0,0,,
MCH-007,2025-11-21 00:00:00,0,0,,
MCH-007,2025-11-22 00:00:00,0,0,,
MCH-007,2025-11-23 00:00:00,0,0,,
MCH-007,2025-11-24 00:00:00,0,0,,
MCH-007,2025-11-25 00:00:00,0,0,,
MCH-007,2025-11-26 00:00:00,0,0,,
MCH-007,2025-11-27 00:00:00,0,0,,
MCH-007,2025-11-28 00:00:00,0,0,,
MCH-007,2025-11-29 00:00:00,0,0,,
MCH-007,2025-11-30 00:00:00,0,0,,
MCH-007,2025-12-01 00:00:00,0,0,,
MCH-007,2025-12-02 00:00:00,0,0,,
MCH-007,2025-12-03 00:00:00,0,0,,
MCH-007,2025-12-04 00:00:00,0,0,,
MCH-007,2025-12-05 00:00:00,0,0,,
MCH-007,2025-12-06 00:00:00,0,0,,
MCH-007,2025-12-07 00:00:00,0,0,,
MCH-007,2025-12-08 00:00:00,0,0,,
MCH-007,2025-12-09 00:00:00,0,0,,
MCH-007,2025-12-10 00:00:00,0,0,,
MCH-007,2025-12-11 00:00:00,0,0,,
MCH-007,2025-12-12 00:00:00,0,0,,
MCH-007,2025-12-13 00:00:00,0,0,,
MCH-007,2025-12-14 00:00:00,0,0,,
MCH-007,2025-12-15 00:00:00,0,0,,
MCH-007,2025-12-16 00:00:00,0,0,,
MCH-007,2025-12-17 00:00:00,0,0,,
MCH-007,2025-12-18 00:00:00,0,0,,
MCH-007,2025-12-19 00:00:00,0,0,,
MCH-007,2025-12-20 00:00:00,0,0,,
MCH-007,2025-12-21 00:00:00,0,0,,
MCH-007,2025-12-22 00:00:00,0,0,,
MCH-007,2025-12-23 00:00:00,0,0,,
MCH-007,2025-12-24 00:00:00,0,0,,
MCH-007,2025-12-25 00:00:00,0,0,,
MCH-007,2025-12-26 00:00:00,0,0,,
MCH-007,2025-12-27 00:00:00,0,0,,
MCH-007,2025-12-28 00:00:00,0,0,,
MCH-007,2025-12-29 00:00:00,0,0,,
MCH-007,2025-12-30 00:00:00,0,0,,
MCH-007,2025-12-31 00:00:00,0,0,,
MCH-007,2026-01-01 00:00:00,0,0,,
MCH-007,2026-01-02 00:00:00,0,0,,
MCH-007,2026-01-03 00:00:00,0,0,,
MCH-007,2026-01-04 00:00:00,0,0,,
MCH-007,2026-01-05 00:00:00,0,0,,
MCH-007,2026-01-06 00:00:00,0,0,,
MCH-007,2026-01-07 00:00:00,0,0,,
MCH-007,2026-01-08 00:00:00,0,0,,
MCH-007,2026-01-09 00:00:00,0,0,,
MCH-007,2026-01-10 00:00:00,0,0,,
MCH-007,2026-01-11 00:00:00,0,0,,
MCH-007,2026-01-12 00:00:00,0,0,,
MCH-007,2026-01-13 00:00:00,0,0,,
MCH-007,2026-01-14 00:00:00,0,0,,
MCH-007,2026-01-15 00:00:00,0,0,,
MCH-007,2026-01-16 00:00:00,0,0,,
MCH-007,2026-01-17 00:00:00,0,0,,
MCH-007,2026-01-18 00:00:00,0,0,,
MCH-007,2026-01-19 00:00:00,0,0,,
MCH-007,2026-01-20 00:00:00,0,0,,
MCH-007,2026-01-21 00:00:00,0,0,,
MCH-007,2026-01-22 00:00:00,0,0,,
MCH-007,2026-01-23 00:00:00,0,0,,
MCH-007,2026-01-24 00:00:00,0,0,,
MCH-007,2026-01-25 00:00:00,0,0,,
MCH-007,2026-01-26 00:00:00,0,0,,
MCH-007,2026-01-27 00:00:00,0,0,,
MCH-007,2026-01-28 00:00:00,0,0,,
MCH-007,2026-01-29 00:00:00,0,0,,
MCH-007,2026-01-30 00:00:00,0,0,,
MCH-007,2026-01-31 00:00:00,0,0,,
MCH-007,2026-02-01 00:00:00,0,0,,
MCH-007,2026-02-02 00:00:00,0,0,,
MCH-007,2026-02-03 00:00:00,0,0,,
MCH-007,2026-02-04 00:00:00,0,0,,
MCH-007,2026-02-05 00:00:00,0,0,,
MCH-007,2026-02-06 00:00:00,0,0,,
MCH-007,2026-02-07 00:00:00,0,0,,
MCH-007,2026-02-08 00:00:00,0,0,,
MCH-007,2026-02-09 00:00:00,0,0,,
MCH-007,2026-02-10 00:00:00,0,0,,
MCH-007,2026-02-11 00:00:00,0,0,,
MCH-007,2026-02-12 00:00:00,0,0,,
MCH-007,2026-02-13 00:00:00,0,0,,
MCH-007,2026-02-14 00:00:00,0,0,,
MCH-007,2026-02-15 00:00:00,0,0,,
MCH-007,2026-02-16 00:00:00,0,0,,
MCH-007,2026-02-17 00:00:00,0,0,,
MCH-007,2026-02-18 00:00:00,0,0,,
MCH-007,2026-02-19 00:00:00,0,0,,
MCH-007,2026-02-20 00:00:00,0,0,,
MCH-007,2026-02-21 00:00:00,0,0,,
MCH-007,2026-02-22 00:00:00,0,0,,
MCH-007,2026-02-23 00:00:00,0,0,,
MCH-007,2026-02-24 00:00:00,0,0,,
MCH-007,2026-02-25 00:00:00,0,0,,
MCH-007,2026-02-26 00:00:00,0,0,,
MCH-007,2026-02-27 00:00:00,0,0,,
MCH-007,2026-02-28 00:00:00,0,0,,
MCH-007,2026-03-01 00:00:00,0,0,,
MCH-007,2026-03-02 00:00:00,0,0,,
MCH-007,2026-03-03 00:00:00,0,0,,
MCH-007,2026-03-04 00:00:00,0,0,,
MCH-007,2026-03-05 00:00:00,0,0,,
MCH-007,2026-03-06 00:00:00,0,0,,
MCH-007,2026-03-07 00:00:00,0,0,,
MCH-007,2026-03-08 00:00:00,0,0,,
MCH-007,2026-03-09 00:00:00,0,0,,
MCH-007,2026-03-10 00:00:00,0,0,,
MCH-007,2026-03-11 00:00:00,0,0,,
MCH-007,2026-03-12 00:00:00,0,0,,
MCH-007,2026-03-13 00:00:00,0,0,,
MCH-007,2026-03-14 00:00:00,0,0,,
MCH-007,2026-03-15 00:00:00,0,0,,
MCH-007,2026-03-16 00:00:00,0,0,,
MCH-007,2026-03-17 00:00:00,0,0,,
MCH-007,2026-03-18 00:00:00,0,0,,
MCH-007,2026-03-19 00:00:00,0,0,,
MCH-007,2026-03-20 00:00:00,0,0,,
MCH-007,2026-03-21 00:00:00,0,0,,
MCH-007,2026-03-22 00:00:00,0,0,,
MCH-007,2026-03-23 00:00:00,0,0,,
MCH-007,2026-03-24 00:00:00,0,0,,
MCH-007,2026-03-25 00:00:00,0,0,,
MCH-007,2026-03-26 00:00:00,0,0,,
MCH-007,2026-03-27 00:00:00,0,0,,
MCH-007,2026-03-28 00:00:00,0,0,,
MCH-007,2026-03-29 00:00:00,0,0,,
MCH-007,2026-03-30 00:00:00,0,0,,
MCH-007,2026-03-31 00:00:00,0,0,,
MCH-007,2026-04-01 00:00:00,0,0,,
MCH-007,2026-04-02 00:00:00,0,0,,
MCH-007,2026-04-03 00:00:00,0,0,,
MCH-007,2026-04-04 00:00:00,0,0,,
MCH-007,2026-04-05 00:00:00,0,0,,
MCH-007,2026-04-06 00:00:00,0,0,,
MCH-007,2026-04-07 00:00:00,0,0,,
MCH-007,2026-04-08 00:00:00,0,0,,
MCH-007,2026-04-09 00:00:00,0,0,,
MCH-007,2026-04-10 00:00:00,0,0,,
MCH-007,2026-04-11 00:00:00,0,0,,
MCH-007,2026-04-12 00:00:00,0,0,,
MCH-007,2026-04-13 00:00:00,0,0,,
MCH-007,2026-04-14 00:00:00,0,0,,
MCH-007,2026-04-15 00:00:00,0,0,,
MCH-007,2026-04-16 00:00:00,0,0,,
MCH-007,2026-04-17 00:00:00,0,0,,
MCH-007,2026-04-18 00:00:00,0,0,,
MCH-007,2026-04-19 00:00:00,0,0,,
MCH-007,2026-04-20 00:00:00,0,0,,
MCH-007,2026-04-21 00:00:00,0,0,,
MCH-007,2026-04-22 00:00:00,0,0,,
MCH-007,2026-04-23 00:00:00,0,0,,
MCH-007,2026-04-24 00:00:00,0,0,,
MCH-007,2026-04-25 00:00:00,0,0,,
MCH-007,2026-04-26 00:00:00,0,0,,
MCH-007,2026-04-27 00:00:00,0,0,,
MCH-007,2026-04-28 00:00:00,0,0,,
MCH-007,2026-04-29 00:00:00,0,0,,
MCH-007,2026-04-30 00:00:00,0,0,,
MCH-007,2026-05-01 00:00:00,0,0,,
MCH-007,2026-05-02 00:00:00,0,0,,
MCH-007,2026-05-03 00:00:00,0,0,,
MCH-007,2026-05-04 00:00:00,0,0,,
MCH-007,2026-05-05 00:00:00,0,0,,
MCH-007,2026-05-06 00:00:00,0,0,,
MCH-007,2026-05-07 00:00:00,0,0,,
MCH-007,2026-05-08 00:00:00,0,0,,
MCH-007,2026-05-09 00:00:00,0,0,,
MCH-007,2026-05-10 00:00:00,0,0,,
MCH-007,2026-05-11 00:00:00,0,0,,
MCH-007,2026-05-12 00:00:00,0,0,,
MCH-007,2026-05-13 00:00:00,0,0,,
MCH-007,2026-05-14 00:00:00,0,0,,
MCH-007,2026-05-15 00:00:00,0,0,,
MCH-007,2026-05-16 00:00:00,0,0,,
MCH-007,2026-05-17 00:00:00,0,0,,
MCH-007,2026-05-18 00:00:00,0,0,,
MCH-007,2026-05-19 00:00:00,0,0,,
MCH-007,2026-05-20 00:00:00,0,0,,
MCH-007,2026-05-21 00:00:00,0,0,,
MCH-007,2026-05-22 00:00:00,0,0,,
MCH-007,2026-05-23 00:00:00,0,0,,
MCH-007,2026-05-24 00:00:00,0,0,,
MCH-007,2026-05-25 00:00:00,0,0,,
MCH-007,2026-05-26 00:00:00,0,1,SENSOR,high
MCH-007,2026-05-27 00:00:00,0,1,ELECTRICAL,high
MCH-007,2026-05-28 00:00:00,0,1,TOOLING,high
MCH-007,2026-05-29 00:00:00,0,1,SENSOR,medium
MCH-007,2026-05-30 00:00:00,0,1,TOOLING,medium
MCH-007,2026-05-31 00:00:00,0,1,MOTOR,medium
MCH-007,2026-06-01 00:00:00,1,1,BEARING,high
MCH-007,2026-06-02 00:00:00,1,1,MOTOR,medium
MCH-007,2026-06-03 00:00:00,0,0,,
MCH-007,2026-06-04 00:00:00,0,0,,
MCH-007,2026-06-05 00:00:00,0,0,,
MCH-007,2026-06-06 00:00:00,0,0,,
MCH-007,2026-06-07 00:00:00,0,0,,
MCH-007,2026-06-08 00:00:00,0,0,,
MCH-007,2026-06-09 00:00:00,0,0,,
MCH-007,2026-06-10 00:00:00,0,0,,
MCH-007,2026-06-11 00:00:00,0,0,,
MCH-007,2026-06-12 00:00:00,0,0,,
MCH-007,2026-06-13 00:00:00,0,0,,
MCH-007,2026-06-14 00:00:00,0,0,,
MCH-007,2026-06-15 00:00:00,0,0,,
MCH-007,2026-06-16 00:00:00,0,0,,
MCH-007,2026-06-17 00:00:00,0,0,,
MCH-007,2026-06-18 00:00:00,0,0,,
MCH-007,2026-06-19 00:00:00,0,0,,
MCH-007,2026-06-20 00:00:00,0,0,,
MCH-007,2026-06-21 00:00:00,0,0,,
MCH-007,2026-06-22 00:00:00,0,0,,
MCH-007,2026-06-23 00:00:00,0,0,,
MCH-007,2026-06-24 00:00:00,0,0,,
MCH-007,2026-06-25 00:00:00,0,0,,
MCH-007,2026-06-26 00:00:00,0,0,,
MCH-007,2026-06-27 00:00:00,0,0,,
MCH-007,2026-06-28 00:00:00,0,0,,
MCH-007,2026-06-29 00:00:00,0,0,,
MCH-007,2026-06-30 00:00:00,0,0,,
MCH-007,2026-07-01 00:00:00,0,0,,
MCH-007,2026-07-02 00:00:00,0,0,,
MCH-007,2026-07-03 00:00:00,0,0,,
MCH-007,2026-07-04 00:00:00,0,0,,
MCH-007,2026-07-05 00:00:00,0,0,,
MCH-007,2026-07-06 00:00:00,0,0,,
MCH-007,2026-07-07 00:00:00,0,0,,
MCH-007,2026-07-08 00:00:00,0,0,,
MCH-007,2026-07-09 00:00:00,0,0,,
MCH-007,2026-07-10 00:00:00,0,0,,
MCH-007,2026-07-11 00:00:00,0,0,,
MCH-007,2026-07-12 00:00:00,0,0,,
MCH-007,2026-07-13 00:00:00,0,0,,
MCH-007,2026-07-14 00:00:00,0,0,,
MCH-007,2026-07-15 00:00:00,0,0,,
MCH-007,2026-07-16 00:00:00,0,0,,
MCH-007,2026-07-17 00:00:00,0,0,,
MCH-007,2026-07-18 00:00:00,0,0,,
MCH-007,2026-07-19 00:00:00,0,0,,
MCH-007,2026-07-20 00:00:00,0,0,,
MCH-007,2026-07-21 00:00:00,0,0,,
MCH-007,2026-07-22 00:00:00,0,0,,
MCH-007,2026-07-23 00:00:00,0,0,,
MCH-007,2026-07-24 00:00:00,0,0,,
MCH-007,2026-07-25 00:00:00,0,0,,
MCH-007,2026-07-26 00:00:00,0,0,,
MCH-007,2026-07-27 00:00:00,0,0,,
MCH-007,2026-07-28 00:00:00,0,0,,
MCH-007,2026-07-29 00:00:00,0,0,,
MCH-007,2026-07-30 00:00:00,0,0,,
MCH-007,2026-07-31 00:00:00,0,0,,
MCH-008,2025-08-01 00:00:00,0,0,,
MCH-008,2025-08-02 00:00:00,0,0,,
MCH-008,2025-08-03 00:00:00,0,0,,
MCH-008,2025-08-04 00:00:00,0,0,,
MCH-008,2025-08-05 00:00:00,0,0,,
MCH-008,2025-08-06 00:00:00,0,0,,
MCH-008,2025-08-07 00:00:00,0,0,,
MCH-008,2025-08-08 00:00:00,0,0,,
MCH-008,2025-08-09 00:00:00,0,0,,
MCH-008,2025-08-10 00:00:00,0,0,,
MCH-008,2025-08-11 00:00:00,0,0,,
MCH-008,2025-08-12 00:00:00,0,0,,
MCH-008,2025-08-13 00:00:00,0,0,,
MCH-008,2025-08-14 00:00:00,0,0,,
MCH-008,2025-08-15 00:00:00,0,0,,
MCH-008,2025-08-16 00:00:00,0,0,,
MCH-008,2025-08-17 00:00:00,0,0,,
MCH-008,2025-08-18 00:00:00,0,0,,
MCH-008,2025-08-19 00:00:00,0,0,,
MCH-008,2025-08-20 00:00:00,0,0,,
MCH-008,2025-08-21 00:00:00,0,0,,
MCH-008,2025-08-22 00:00:00,0,0,,
MCH-008,2025-08-23 00:00:00,0,0,,
MCH-008,2025-08-24 00:00:00,0,0,,
MCH-008,2025-08-25 00:00:00,0,0,,
MCH-008,2025-08-26 00:00:00,0,0,,
MCH-008,2025-08-27 00:00:00,0,0,,
MCH-008,2025-08-28 00:00:00,0,0,,
MCH-008,2025-08-29 00:00:00,0,0,,
MCH-008,2025-08-30 00:00:00,0,0,,
MCH-008,2025-08-31 00:00:00,0,1,BEARING,medium
MCH-008,2025-09-01 00:00:00,0,1,MOTOR,medium
MCH-008,2025-09-02 00:00:00,0,1,HYDRAULIC,high
MCH-008,2025-09-03 00:00:00,0,1,MOTOR,high
MCH-008,2025-09-04 00:00:00,0,1,SENSOR,critical
MCH-008,2025-09-05 00:00:00,0,1,ELECTRICAL,medium
MCH-008,2025-09-06 00:00:00,1,1,ELECTRICAL,medium
MCH-008,2025-09-07 00:00:00,1,1,SENSOR,medium
MCH-008,2025-09-08 00:00:00,0,0,,
MCH-008,2025-09-09 00:00:00,0,0,,
MCH-008,2025-09-10 00:00:00,0,0,,
MCH-008,2025-09-11 00:00:00,0,0,,
MCH-008,2025-09-12 00:00:00,0,0,,
MCH-008,2025-09-13 00:00:00,0,0,,
MCH-008,2025-09-14 00:00:00,0,0,,
MCH-008,2025-09-15 00:00:00,0,0,,
MCH-008,2025-09-16 00:00:00,0,0,,
MCH-008,2025-09-17 00:00:00,0,0,,
MCH-008,2025-09-18 00:00:00,0,0,,
MCH-008,2025-09-19 00:00:00,0,0,,
MCH-008,2025-09-20 00:00:00,0,0,,
MCH-008,2025-09-21 00:00:00,0,0,,
MCH-008,2025-09-22 00:00:00,0,0,,
MCH-008,2025-09-23 00:00:00,0,0,,
MCH-008,2025-09-24 00:00:00,0,0,,
MCH-008,2025-09-25 00:00:00,0,0,,
MCH-008,2025-09-26 00:00:00,0,0,,
MCH-008,2025-09-27 00:00:00,0,0,,
MCH-008,2025-09-28 00:00:00,0,0,,
MCH-008,2025-09-29 00:00:00,0,0,,
MCH-008,2025-09-30 00:00:00,0,0,,
MCH-008,2025-10-01 00:00:00,0,0,,
MCH-008,2025-10-02 00:00:00,0,0,,
MCH-008,2025-10-03 00:00:00,0,0,,
MCH-008,2025-10-04 00:00:00,0,0,,
MCH-008,2025-10-05 00:00:00,0,0,,
MCH-008,2025-10-06 00:00:00,0,0,,
MCH-008,2025-10-07 00:00:00,0,0,,
MCH-008,2025-10-08 00:00:00,0,0,,
MCH-008,2025-10-09 00:00:00,0,0,,
MCH-008,2025-10-10 00:00:00,0,0,,
MCH-008,2025-10-11 00:00:00,0,0,,
MCH-008,2025-10-12 00:00:00,0,0,,
MCH-008,2025-10-13 00:00:00,0,1,TOOLING,medium
MCH-008,2025-10-14 00:00:00,0,1,ELECTRICAL,medium
MCH-008,2025-10-15 00:00:00,0,1,BEARING,high
MCH-008,2025-10-16 00:00:00,0,1,HYDRAULIC,high
MCH-008,2025-10-17 00:00:00,0,1,BEARING,medium
MCH-008,2025-10-18 00:00:00,0,1,MOTOR,medium
MCH-008,2025-10-19 00:00:00,1,1,HYDRAULIC,high
MCH-008,2025-10-20 00:00:00,1,1,MOTOR,high
MCH-008,2025-10-21 00:00:00,0,0,,
MCH-008,2025-10-22 00:00:00,0,0,,
MCH-008,2025-10-23 00:00:00,0,0,,
MCH-008,2025-10-24 00:00:00,0,0,,
MCH-008,2025-10-25 00:00:00,0,0,,
MCH-008,2025-10-26 00:00:00,0,0,,
MCH-008,2025-10-27 00:00:00,0,0,,
MCH-008,2025-10-28 00:00:00,0,0,,
MCH-008,2025-10-29 00:00:00,0,0,,
MCH-008,2025-10-30 00:00:00,0,0,,
MCH-008,2025-10-31 00:00:00,0,0,,
MCH-008,2025-11-01 00:00:00,0,0,,
MCH-008,2025-11-02 00:00:00,0,0,,
MCH-008,2025-11-03 00:00:00,0,0,,
MCH-008,2025-11-04 00:00:00,0,0,,
MCH-008,2025-11-05 00:00:00,0,0,,
MCH-008,2025-11-06 00:00:00,0,0,,
MCH-008,2025-11-07 00:00:00,0,0,,
MCH-008,2025-11-08 00:00:00,0,0,,
MCH-008,2025-11-09 00:00:00,0,0,,
MCH-008,2025-11-10 00:00:00,0,0,,
MCH-008,2025-11-11 00:00:00,0,0,,
MCH-008,2025-11-12 00:00:00,0,0,,
MCH-008,2025-11-13 00:00:00,0,0,,
MCH-008,2025-11-14 00:00:00,0,0,,
MCH-008,2025-11-15 00:00:00,0,0,,
MCH-008,2025-11-16 00:00:00,0,0,,
MCH-008,2025-11-17 00:00:00,0,0,,
MCH-008,2025-11-18 00:00:00,0,0,,
MCH-008,2025-11-19 00:00:00,0,0,,
MCH-008,2025-11-20 00:00:00,0,0,,
MCH-008,2025-11-21 00:00:00,0,0,,
MCH-008,2025-11-22 00:00:00,0,0,,
MCH-008,2025-11-23 00:00:00,0,0,,
MCH-008,2025-11-24 00:00:00,0,0,,
MCH-008,2025-11-25 00:00:00,0,0,,
MCH-008,2025-11-26 00:00:00,0,0,,
MCH-008,2025-11-27 00:00:00,0,0,,
MCH-008,2025-11-28 00:00:00,0,0,,
MCH-008,2025-11-29 00:00:00,0,0,,
MCH-008,2025-11-30 00:00:00,0,0,,
MCH-008,2025-12-01 00:00:00,0,0,,
MCH-008,2025-12-02 00:00:00,0,0,,
MCH-008,2025-12-03 00:00:00,0,0,,
MCH-008,2025-12-04 00:00:00,0,0,,
MCH-008,2025-12-05 00:00:00,0,0,,
MCH-008,2025-12-06 00:00:00,0,0,,
MCH-008,2025-12-07 00:00:00,0,0,,
MCH-008,2025-12-08 00:00:00,0,0,,
MCH-008,2025-12-09 00:00:00,0,0,,
MCH-008,2025-12-10 00:00:00,0,0,,
MCH-008,2025-12-11 00:00:00,0,0,,
MCH-008,2025-12-12 00:00:00,0,0,,
MCH-008,2025-12-13 00:00:00,0,0,,
MCH-008,2025-12-14 00:00:00,0,0,,
MCH-008,2025-12-15 00:00:00,0,0,,
MCH-008,2025-12-16 00:00:00,0,0,,
MCH-008,2025-12-17 00:00:00,0,0,,
MCH-008,2025-12-18 00:00:00,0,0,,
MCH-008,2025-12-19 00:00:00,0,0,,
MCH-008,2025-12-20 00:00:00,0,0,,
MCH-008,2025-12-21 00:00:00,0,0,,
MCH-008,2025-12-22 00:00:00,0,0,,
MCH-008,2025-12-23 00:00:00,0,0,,
MCH-008,2025-12-24 00:00:00,0,0,,
MCH-008,2025-12-25 00:00:00,0,0,,
MCH-008,2025-12-26 00:00:00,0,0,,
MCH-008,2025-12-27 00:00:00,0,0,,
MCH-008,2025-12-28 00:00:00,0,0,,
MCH-008,2025-12-29 00:00:00,0,0,,
MCH-008,2025-12-30 00:00:00,0,0,,
MCH-008,2025-12-31 00:00:00,0,0,,
MCH-008,2026-01-01 00:00:00,0,0,,
MCH-008,2026-01-02 00:00:00,0,0,,
MCH-008,2026-01-03 00:00:00,0,0,,
MCH-008,2026-01-04 00:00:00,0,0,,
MCH-008,2026-01-05 00:00:00,0,0,,
MCH-008,2026-01-06 00:00:00,0,0,,
MCH-008,2026-01-07 00:00:00,0,0,,
MCH-008,2026-01-08 00:00:00,0,0,,
MCH-008,2026-01-09 00:00:00,0,0,,
MCH-008,2026-01-10 00:00:00,0,0,,
MCH-008,2026-01-11 00:00:00,0,0,,
MCH-008,2026-01-12 00:00:00,0,0,,
MCH-008,2026-01-13 00:00:00,0,0,,
MCH-008,2026-01-14 00:00:00,0,0,,
MCH-008,2026-01-15 00:00:00,0,0,,
MCH-008,2026-01-16 00:00:00,0,0,,
MCH-008,2026-01-17 00:00:00,0,0,,
MCH-008,2026-01-18 00:00:00,0,0,,
MCH-008,2026-01-19 00:00:00,0,0,,
MCH-008,2026-01-20 00:00:00,0,0,,
MCH-008,2026-01-21 00:00:00,0,0,,
MCH-008,2026-01-22 00:00:00,0,0,,
MCH-008,2026-01-23 00:00:00,0,0,,
MCH-008,2026-01-24 00:00:00,0,0,,
MCH-008,2026-01-25 00:00:00,0,0,,
MCH-008,2026-01-26 00:00:00,0,0,,
MCH-008,2026-01-27 00:00:00,0,0,,
MCH-008,2026-01-28 00:00:00,0,0,,
MCH-008,2026-01-29 00:00:00,0,0,,
MCH-008,2026-01-30 00:00:00,0,0,,
MCH-008,2026-01-31 00:00:00,0,0,,
MCH-008,2026-02-01 00:00:00,0,0,,
MCH-008,2026-02-02 00:00:00,0,0,,
MCH-008,2026-02-03 00:00:00,0,0,,
MCH-008,2026-02-04 00:00:00,0,0,,
MCH-008,2026-02-05 00:00:00,0,0,,
MCH-008,2026-02-06 00:00:00,0,0,,
MCH-008,2026-02-07 00:00:00,0,0,,
MCH-008,2026-02-08 00:00:00,0,0,,
MCH-008,2026-02-09 00:00:00,0,0,,
MCH-008,2026-02-10 00:00:00,0,0,,
MCH-008,2026-02-11 00:00:00,0,0,,
MCH-008,2026-02-12 00:00:00,0,0,,
MCH-008,2026-02-13 00:00:00,0,0,,
MCH-008,2026-02-14 00:00:00,0,0,,
MCH-008,2026-02-15 00:00:00,0,0,,
MCH-008,2026-02-16 00:00:00,0,0,,
MCH-008,2026-02-17 00:00:00,0,0,,
MCH-008,2026-02-18 00:00:00,0,0,,
MCH-008,2026-02-19 00:00:00,0,0,,
MCH-008,2026-02-20 00:00:00,0,0,,
MCH-008,2026-02-21 00:00:00,0,0,,
MCH-008,2026-02-22 00:00:00,0,0,,
MCH-008,2026-02-23 00:00:00,0,0,,
MCH-008,2026-02-24 00:00:00,0,0,,
MCH-008,2026-02-25 00:00:00,0,0,,
MCH-008,2026-02-26 00:00:00,0,0,,
MCH-008,2026-02-27 00:00:00,0,0,,
MCH-008,2026-02-28 00:00:00,0,0,,
MCH-008,2026-03-01 00:00:00,0,0,,
MCH-008,2026-03-02 00:00:00,0,0,,
MCH-008,2026-03-03 00:00:00,0,0,,
MCH-008,2026-03-04 00:00:00,0,0,,
MCH-008,2026-03-05 00:00:00,0,0,,
MCH-008,2026-03-06 00:00:00,0,0,,
MCH-008,2026-03-07 00:00:00,0,0,,
MCH-008,2026-03-08 00:00:00,0,0,,
MCH-008,2026-03-09 00:00:00,0,0,,
MCH-008,2026-03-10 00:00:00,0,0,,
MCH-008,2026-03-11 00:00:00,0,0,,
MCH-008,2026-03-12 00:00:00,0,0,,
MCH-008,2026-03-13 00:00:00,0,0,,
MCH-008,2026-03-14 00:00:00,0,0,,
MCH-008,2026-03-15 00:00:00,0,0,,
MCH-008,2026-03-16 00:00:00,0,0,,
MCH-008,2026-03-17 00:00:00,0,0,,
MCH-008,2026-03-18 00:00:00,0,0,,
MCH-008,2026-03-19 00:00:00,0,0,,
MCH-008,2026-03-20 00:00:00,0,0,,
MCH-008,2026-03-21 00:00:00,0,0,,
MCH-008,2026-03-22 00:00:00,0,0,,
MCH-008,2026-03-23 00:00:00,0,0,,
MCH-008,2026-03-24 00:00:00,0,0,,
MCH-008,2026-03-25 00:00:00,0,0,,
MCH-008,2026-03-26 00:00:00,0,0,,
MCH-008,2026-03-27 00:00:00,0,0,,
MCH-008,2026-03-28 00:00:00,0,0,,
MCH-008,2026-03-29 00:00:00,0,0,,
MCH-008,2026-03-30 00:00:00,0,0,,
MCH-008,2026-03-31 00:00:00,0,0,,
MCH-008,2026-04-01 00:00:00,0,0,,
MCH-008,2026-04-02 00:00:00,0,0,,
MCH-008,2026-04-03 00:00:00,0,0,,
MCH-008,2026-04-04 00:00:00,0,0,,
MCH-008,2026-04-05 00:00:00,0,0,,
MCH-008,2026-04-06 00:00:00,0,0,,
MCH-008,2026-04-07 00:00:00,0,0,,
MCH-008,2026-04-08 00:00:00,0,0,,
MCH-008,2026-04-09 00:00:00,0,0,,
MCH-008,2026-04-10 00:00:00,0,0,,
MCH-008,2026-04-11 00:00:00,0,0,,
MCH-008,2026-04-12 00:00:00,0,0,,
MCH-008,2026-04-13 00:00:00,0,0,,
MCH-008,2026-04-14 00:00:00,0,0,,
MCH-008,2026-04-15 00:00:00,0,0,,
MCH-008,2026-04-16 00:00:00,0,0,,
MCH-008,2026-04-17 00:00:00,0,0,,
MCH-008,2026-04-18 00:00:00,0,0,,
MCH-008,2026-04-19 00:00:00,0,0,,
MCH-008,2026-04-20 00:00:00,0,0,,
MCH-008,2026-04-21 00:00:00,0,0,,
MCH-008,2026-04-22 00:00:00,0,0,,
MCH-008,2026-04-23 00:00:00,0,0,,
MCH-008,2026-04-24 00:00:00,0,0,,
MCH-008,2026-04-25 00:00:00,0,0,,
MCH-008,2026-04-26 00:00:00,0,0,,
MCH-008,2026-04-27 00:00:00,0,0,,
MCH-008,2026-04-28 00:00:00,0,0,,
MCH-008,2026-04-29 00:00:00,0,0,,
MCH-008,2026-04-30 00:00:00,0,0,,
MCH-008,2026-05-01 00:00:00,0,0,,
MCH-008,2026-05-02 00:00:00,0,0,,
MCH-008,2026-05-03 00:00:00,0,0,,
MCH-008,2026-05-04 00:00:00,0,0,,
MCH-008,2026-05-05 00:00:00,0,0,,
MCH-008,2026-05-06 00:00:00,0,0,,
MCH-008,2026-05-07 00:00:00,0,0,,
MCH-008,2026-05-08 00:00:00,0,0,,
MCH-008,2026-05-09 00:00:00,0,0,,
MCH-008,2026-05-10 00:00:00,0,0,,
MCH-008,2026-05-11 00:00:00,0,0,,
MCH-008,2026-05-12 00:00:00,0,0,,
MCH-008,2026-05-13 00:00:00,0,0,,
MCH-008,2026-05-14 00:00:00,0,0,,
MCH-008,2026-05-15 00:00:00,0,0,,
MCH-008,2026-05-16 00:00:00,0,0,,
MCH-008,2026-05-17 00:00:00,0,0,,
MCH-008,2026-05-18 00:00:00,0,0,,
MCH-008,2026-05-19 00:00:00,0,0,,
MCH-008,2026-05-20 00:00:00,0,0,,
MCH-008,2026-05-21 00:00:00,0,1,TOOLING,medium
MCH-008,2026-05-22 00:00:00,0,1,HYDRAULIC,critical
MCH-008,2026-05-23 00:00:00,0,1,HYDRAULIC,medium
MCH-008,2026-05-24 00:00:00,0,1,HYDRAULIC,medium
MCH-008,2026-05-25 00:00:00,0,1,TOOLING,high
MCH-008,2026-05-26 00:00:00,0,1,BEARING,medium
MCH-008,2026-05-27 00:00:00,1,1,MOTOR,high
MCH-008,2026-05-28 00:00:00,1,1,TOOLING,medium
MCH-008,2026-05-29 00:00:00,0,0,,
MCH-008,2026-05-30 00:00:00,0,0,,
MCH-008,2026-05-31 00:00:00,0,0,,
MCH-008,2026-06-01 00:00:00,0,0,,
MCH-008,2026-06-02 00:00:00,0,0,,
MCH-008,2026-06-03 00:00:00,0,0,,
MCH-008,2026-06-04 00:00:00,0,0,,
MCH-008,2026-06-05 00:00:00,0,0,,
MCH-008,2026-06-06 00:00:00,0,0,,
MCH-008,2026-06-07 00:00:00,0,0,,
MCH-008,2026-06-08 00:00:00,0,0,,
MCH-008,2026-06-09 00:00:00,0,0,,
MCH-008,2026-06-10 00:00:00,0,0,,
MCH-008,2026-06-11 00:00:00,0,0,,
MCH-008,2026-06-12 00:00:00,0,0,,
MCH-008,2026-06-13 00:00:00,0,0,,
MCH-008,2026-06-14 00:00:00,0,0,,
MCH-008,2026-06-15 00:00:00,0,0,,
MCH-008,2026-06-16 00:00:00,0,0,,
MCH-008,2026-06-17 00:00:00,0,0,,
MCH-008,2026-06-18 00:00:00,0,0,,
MCH-008,2026-06-19 00:00:00,0,0,,
MCH-008,2026-06-20 00:00:00,0,0,,
MCH-008,2026-06-21 00:00:00,0,0,,
MCH-008,2026-06-22 00:00:00,0,0,,
MCH-008,2026-06-23 00:00:00,0,0,,
MCH-008,2026-06-24 00:00:00,0,0,,
MCH-008,2026-06-25 00:00:00,0,0,,
MCH-008,2026-06-26 00:00:00,0,0,,
MCH-008,2026-06-27 00:00:00,0,0,,
MCH-008,2026-06-28 00:00:00,0,0,,
MCH-008,2026-06-29 00:00:00,0,0,,
MCH-008,2026-06-30 00:00:00,0,0,,
MCH-008,2026-07-01 00:00:00,0,0,,
MCH-008,2026-07-02 00:00:00,0,0,,
MCH-008,2026-07-03 00:00:00,0,0,,
MCH-008,2026-07-04 00:00:00,0,0,,
MCH-008,2026-07-05 00:00:00,0,0,,
MCH-008,2026-07-06 00:00:00,0,0,,
MCH-008,2026-07-07 00:00:00,0,0,,
MCH-008,2026-07-08 00:00:00,0,0,,
MCH-008,2026-07-09 00:00:00,0,0,,
MCH-008,2026-07-10 00:00:00,0,0,,
MCH-008,2026-07-11 00:00:00,0,0,,
MCH-008,2026-07-12 00:00:00,0,0,,
MCH-008,2026-07-13 00:00:00,0,0,,
MCH-008,2026-07-14 00:00:00,0,0,,
MCH-008,2026-07-15 00:00:00,0,0,,
MCH-008,2026-07-16 00:00:00,0,0,,
MCH-008,2026-07-17 00:00:00,0,0,,
MCH-008,2026-07-18 00:00:00,0,0,,
MCH-008,2026-07-19 00:00:00,0,0,,
MCH-008,2026-07-20 00:00:00,0,0,,
MCH-008,2026-07-21 00:00:00,0,0,,
MCH-008,2026-07-22 00:00:00,0,0,,
MCH-008,2026-07-23 00:00:00,0,0,,
MCH-008,2026-07-24 00:00:00,0,0,,
MCH-008,2026-07-25 00:00:00,0,0,,
MCH-008,2026-07-26 00:00:00,0,0,,
MCH-008,2026-07-27 00:00:00,0,0,,
MCH-008,2026-07-28 00:00:00,0,0,,
MCH-008,2026-07-29 00:00:00,0,0,,
MCH-008,2026-07-30 00:00:00,0,0,,
MCH-008,2026-07-31 00:00:00,0,0,,
MCH-009,2025-08-01 00:00:00,0,0,,
MCH-009,2025-08-02 00:00:00,0,0,,
MCH-009,2025-08-03 00:00:00,0,0,,
MCH-009,2025-08-04 00:00:00,0,0,,
MCH-009,2025-08-05 00:00:00,0,0,,
MCH-009,2025-08-06 00:00:00,0,0,,
MCH-009,2025-08-07 00:00:00,0,0,,
MCH-009,2025-08-08 00:00:00,0,0,,
MCH-009,2025-08-09 00:00:00,0,0,,
MCH-009,2025-08-10 00:00:00,0,0,,
MCH-009,2025-08-11 00:00:00,0,0,,
MCH-009,2025-08-12 00:00:00,0,0,,
MCH-009,2025-08-13 00:00:00,0,0,,
MCH-009,2025-08-14 00:00:00,0,0,,
MCH-009,2025-08-15 00:00:00,0,0,,
MCH-009,2025-08-16 00:00:00,0,0,,
MCH-009,2025-08-17 00:00:00,0,0,,
MCH-009,2025-08-18 00:00:00,0,0,,
MCH-009,2025-08-19 00:00:00,0,0,,
MCH-009,2025-08-20 00:00:00,0,0,,
MCH-009,2025-08-21 00:00:00,0,0,,
MCH-009,2025-08-22 00:00:00,0,0,,
MCH-009,2025-08-23 00:00:00,0,0,,
MCH-009,2025-08-24 00:00:00,0,0,,
MCH-009,2025-08-25 00:00:00,0,0,,
MCH-009,2025-08-26 00:00:00,0,0,,
MCH-009,2025-08-27 00:00:00,0,0,,
MCH-009,2025-08-28 00:00:00,0,0,,
MCH-009,2025-08-29 00:00:00,0,0,,
MCH-009,2025-08-30 00:00:00,0,0,,
MCH-009,2025-08-31 00:00:00,0,0,,
MCH-009,2025-09-01 00:00:00,0,0,,
MCH-009,2025-09-02 00:00:00,0,0,,
MCH-009,2025-09-03 00:00:00,0,0,,
MCH-009,2025-09-04 00:00:00,0,0,,
MCH-009,2025-09-05 00:00:00,0,0,,
MCH-009,2025-09-06 00:00:00,0,0,,
MCH-009,2025-09-07 00:00:00,0,0,,
MCH-009,2025-09-08 00:00:00,0,0,,
MCH-009,2025-09-09 00:00:00,0,0,,
MCH-009,2025-09-10 00:00:00,0,0,,
MCH-009,2025-09-11 00:00:00,0,0,,
MCH-009,2025-09-12 00:00:00,0,0,,
MCH-009,2025-09-13 00:00:00,0,0,,
MCH-009,2025-09-14 00:00:00,0,0,,
MCH-009,2025-09-15 00:00:00,0,0,,
MCH-009,2025-09-16 00:00:00,0,0,,
MCH-009,2025-09-17 00:00:00,0,0,,
MCH-009,2025-09-18 00:00:00,0,0,,
MCH-009,2025-09-19 00:00:00,0,0,,
MCH-009,2025-09-20 00:00:00,0,0,,
MCH-009,2025-09-21 00:00:00,0,1,MOTOR,high
MCH-009,2025-09-22 00:00:00,0,1,MOTOR,medium
MCH-009,2025-09-23 00:00:00,0,1,SENSOR,critical
MCH-009,2025-09-24 00:00:00,0,1,HYDRAULIC,medium
MCH-009,2025-09-25 00:00:00,0,1,BEARING,high
MCH-009,2025-09-26 00:00:00,0,1,MOTOR,medium
MCH-009,2025-09-27 00:00:00,1,1,TOOLING,medium
MCH-009,2025-09-28 00:00:00,1,1,BEARING,high
MCH-009,2025-09-29 00:00:00,1,1,MOTOR,high
MCH-009,2025-09-30 00:00:00,0,0,,
MCH-009,2025-10-01 00:00:00,0,0,,
MCH-009,2025-10-02 00:00:00,0,0,,
MCH-009,2025-10-03 00:00:00,0,0,,
MCH-009,2025-10-04 00:00:00,0,0,,
MCH-009,2025-10-05 00:00:00,0,0,,
MCH-009,2025-10-06 00:00:00,0,0,,
MCH-009,2025-10-07 00:00:00,0,0,,
MCH-009,2025-10-08 00:00:00,0,0,,
MCH-009,2025-10-09 00:00:00,0,0,,
MCH-009,2025-10-10 00:00:00,0,0,,
MCH-009,2025-10-11 00:00:00,0,0,,
MCH-009,2025-10-12 00:00:00,0,0,,
MCH-009,2025-10-13 00:00:00,0,0,,
MCH-009,2025-10-14 00:00:00,0,0,,
MCH-009,2025-10-15 00:00:00,0,0,,
MCH-009,2025-10-16 00:00:00,0,0,,
MCH-009,2025-10-17 00:00:00,0,0,,
MCH-009,2025-10-18 00:00:00,0,0,,
MCH-009,2025-10-19 00:00:00,0,0,,
MCH-009,2025-10-20 00:00:00,0,0,,
MCH-009,2025-10-21 00:00:00,0,0,,
MCH-009,2025-10-22 00:00:00,0,0,,
MCH-009,2025-10-23 00:00:00,0,0,,
MCH-009,2025-10-24 00:00:00,0,0,,
MCH-009,2025-10-25 00:00:00,0,0,,
MCH-009,2025-10-26 00:00:00,0,0,,
MCH-009,2025-10-27 00:00:00,0,0,,
MCH-009,2025-10-28 00:00:00,0,0,,
MCH-009,2025-10-29 00:00:00,0,0,,
MCH-009,2025-10-30 00:00:00,0,0,,
MCH-009,2025-10-31 00:00:00,0,0,,
MCH-009,2025-11-01 00:00:00,0,0,,
MCH-009,2025-11-02 00:00:00,0,0,,
MCH-009,2025-11-03 00:00:00,0,0,,
MCH-009,2025-11-04 00:00:00,0,0,,
MCH-009,2025-11-05 00:00:00,0,0,,
MCH-009,2025-11-06 00:00:00,0,0,,
MCH-009,2025-11-07 00:00:00,0,0,,
MCH-009,2025-11-08 00:00:00,0,0,,
MCH-009,2025-11-09 00:00:00,0,0,,
MCH-009,2025-11-10 00:00:00,0,0,,
MCH-009,2025-11-11 00:00:00,0,0,,
MCH-009,2025-11-12 00:00:00,0,0,,
MCH-009,2025-11-13 00:00:00,0,0,,
MCH-009,2025-11-14 00:00:00,0,0,,
MCH-009,2025-11-15 00:00:00,0,0,,
MCH-009,2025-11-16 00:00:00,0,0,,
MCH-009,2025-11-17 00:00:00,0,0,,
MCH-009,2025-11-18 00:00:00,0,0,,
MCH-009,2025-11-19 00:00:00,0,0,,
MCH-009,2025-11-20 00:00:00,0,0,,
MCH-009,2025-11-21 00:00:00,0,0,,
MCH-009,2025-11-22 00:00:00,0,0,,
MCH-009,2025-11-23 00:00:00,0,0,,
MCH-009,2025-11-24 00:00:00,0,0,,
MCH-009,2025-11-25 00:00:00,0,0,,
MCH-009,2025-11-26 00:00:00,0,0,,
MCH-009,2025-11-27 00:00:00,0,0,,
MCH-009,2025-11-28 00:00:00,0,0,,
MCH-009,2025-11-29 00:00:00,0,0,,
MCH-009,2025-11-30 00:00:00,0,0,,
MCH-009,2025-12-01 00:00:00,0,0,,
MCH-009,2025-12-02 00:00:00,0,0,,
MCH-009,2025-12-03 00:00:00,0,0,,
MCH-009,2025-12-04 00:00:00,0,0,,
MCH-009,2025-12-05 00:00:00,0,0,,
MCH-009,2025-12-06 00:00:00,0,0,,
MCH-009,2025-12-07 00:00:00,0,0,,
MCH-009,2025-12-08 00:00:00,0,0,,
MCH-009,2025-12-09 00:00:00,0,0,,
MCH-009,2025-12-10 00:00:00,0,0,,
MCH-009,2025-12-11 00:00:00,0,0,,
MCH-009,2025-12-12 00:00:00,0,0,,
MCH-009,2025-12-13 00:00:00,0,0,,
MCH-009,2025-12-14 00:00:00,0,0,,
MCH-009,2025-12-15 00:00:00,0,0,,
MCH-009,2025-12-16 00:00:00,0,0,,
MCH-009,2025-12-17 00:00:00,0,0,,
MCH-009,2025-12-18 00:00:00,0,0,,
MCH-009,2025-12-19 00:00:00,0,0,,
MCH-009,2025-12-20 00:00:00,0,0,,
MCH-009,2025-12-21 00:00:00,0,0,,
MCH-009,2025-12-22 00:00:00,0,0,,
MCH-009,2025-12-23 00:00:00,0,0,,
MCH-009,2025-12-24 00:00:00,0,0,,
MCH-009,2025-12-25 00:00:00,0,0,,
MCH-009,2025-12-26 00:00:00,0,0,,
MCH-009,2025-12-27 00:00:00,0,0,,
MCH-009,2025-12-28 00:00:00,0,0,,
MCH-009,2025-12-29 00:00:00,0,0,,
MCH-009,2025-12-30 00:00:00,0,0,,
MCH-009,2025-12-31 00:00:00,0,0,,
MCH-009,2026-01-01 00:00:00,0,0,,
MCH-009,2026-01-02 00:00:00,0,0,,
MCH-009,2026-01-03 00:00:00,0,0,,
MCH-009,2026-01-04 00:00:00,0,0,,
MCH-009,2026-01-05 00:00:00,0,0,,
MCH-009,2026-01-06 00:00:00,0,0,,
MCH-009,2026-01-07 00:00:00,0,0,,
MCH-009,2026-01-08 00:00:00,0,0,,
MCH-009,2026-01-09 00:00:00,0,0,,
MCH-009,2026-01-10 00:00:00,0,0,,
MCH-009,2026-01-11 00:00:00,0,0,,
MCH-009,2026-01-12 00:00:00,0,0,,
MCH-009,2026-01-13 00:00:00,0,0,,
MCH-009,2026-01-14 00:00:00,0,0,,
MCH-009,2026-01-15 00:00:00,0,0,,
MCH-009,2026-01-16 00:00:00,0,0,,
MCH-009,2026-01-17 00:00:00,0,0,,
MCH-009,2026-01-18 00:00:00,0,0,,
MCH-009,2026-01-19 00:00:00,0,0,,
MCH-009,2026-01-20 00:00:00,0,0,,
MCH-009,2026-01-21 00:00:00,0,0,,
MCH-009,2026-01-22 00:00:00,0,0,,
MCH-009,2026-01-23 00:00:00,0,0,,
MCH-009,2026-01-24 00:00:00,0,0,,
MCH-009,2026-01-25 00:00:00,0,0,,
MCH-009,2026-01-26 00:00:00,0,0,,
MCH-009,2026-01-27 00:00:00,0,0,,
MCH-009,2026-01-28 00:00:00,0,0,,
MCH-009,2026-01-29 00:00:00,0,0,,
MCH-009,2026-01-30 00:00:00,0,0,,
MCH-009,2026-01-31 00:00:00,0,0,,
MCH-009,2026-02-01 00:00:00,0,0,,
MCH-009,2026-02-02 00:00:00,0,0,,
MCH-009,2026-02-03 00:00:00,0,0,,
MCH-009,2026-02-04 00:00:00,0,0,,
MCH-009,2026-02-05 00:00:00,0,0,,
MCH-009,2026-02-06 00:00:00,0,0,,
MCH-009,2026-02-07 00:00:00,0,0,,
MCH-009,2026-02-08 00:00:00,0,0,,
MCH-009,2026-02-09 00:00:00,0,0,,
MCH-009,2026-02-10 00:00:00,0,0,,
MCH-009,2026-02-11 00:00:00,0,0,,
MCH-009,2026-02-12 00:00:00,0,0,,
MCH-009,2026-02-13 00:00:00,0,0,,
MCH-009,2026-02-14 00:00:00,0,0,,
MCH-009,2026-02-15 00:00:00,0,0,,
MCH-009,2026-02-16 00:00:00,0,0,,
MCH-009,2026-02-17 00:00:00,0,0,,
MCH-009,2026-02-18 00:00:00,0,0,,
MCH-009,2026-02-19 00:00:00,0,0,,
MCH-009,2026-02-20 00:00:00,0,0,,
MCH-009,2026-02-21 00:00:00,0,0,,
MCH-009,2026-02-22 00:00:00,0,0,,
MCH-009,2026-02-23 00:00:00,0,0,,
MCH-009,2026-02-24 00:00:00,0,0,,
MCH-009,2026-02-25 00:00:00,0,0,,
MCH-009,2026-02-26 00:00:00,0,0,,
MCH-009,2026-02-27 00:00:00,0,0,,
MCH-009,2026-02-28 00:00:00,0,0,,
MCH-009,2026-03-01 00:00:00,0,0,,
MCH-009,2026-03-02 00:00:00,0,0,,
MCH-009,2026-03-03 00:00:00,0,0,,
MCH-009,2026-03-04 00:00:00,0,0,,
MCH-009,2026-03-05 00:00:00,0,0,,
MCH-009,2026-03-06 00:00:00,0,0,,
MCH-009,2026-03-07 00:00:00,0,0,,
MCH-009,2026-03-08 00:00:00,0,0,,
MCH-009,2026-03-09 00:00:00,0,0,,
MCH-009,2026-03-10 00:00:00,0,0,,
MCH-009,2026-03-11 00:00:00,0,0,,
MCH-009,2026-03-12 00:00:00,0,0,,
MCH-009,2026-03-13 00:00:00,0,0,,
MCH-009,2026-03-14 00:00:00,0,0,,
MCH-009,2026-03-15 00:00:00,0,0,,
MCH-009,2026-03-16 00:00:00,0,0,,
MCH-009,2026-03-17 00:00:00,0,0,,
MCH-009,2026-03-18 00:00:00,0,0,,
MCH-009,2026-03-19 00:00:00,0,0,,
MCH-009,2026-03-20 00:00:00,0,0,,
MCH-009,2026-03-21 00:00:00,0,0,,
MCH-009,2026-03-22 00:00:00,0,0,,
MCH-009,2026-03-23 00:00:00,0,0,,
MCH-009,2026-03-24 00:00:00,0,0,,
MCH-009,2026-03-25 00:00:00,0,0,,
MCH-009,2026-03-26 00:00:00,0,0,,
MCH-009,2026-03-27 00:00:00,0,0,,
MCH-009,2026-03-28 00:00:00,0,0,,
MCH-009,2026-03-29 00:00:00,0,0,,
MCH-009,2026-03-30 00:00:00,0,0,,
MCH-009,2026-03-31 00:00:00,0,0,,
MCH-009,2026-04-01 00:00:00,0,0,,
MCH-009,2026-04-02 00:00:00,0,0,,
MCH-009,2026-04-03 00:00:00,0,0,,
MCH-009,2026-04-04 00:00:00,0,0,,
MCH-009,2026-04-05 00:00:00,0,0,,
MCH-009,2026-04-06 00:00:00,0,0,,
MCH-009,2026-04-07 00:00:00,0,0,,
MCH-009,2026-04-08 00:00:00,0,0,,
MCH-009,2026-04-09 00:00:00,0,0,,
MCH-009,2026-04-10 00:00:00,0,0,,
MCH-009,2026-04-11 00:00:00,0,0,,
MCH-009,2026-04-12 00:00:00,0,0,,
MCH-009,2026-04-13 00:00:00,0,0,,
MCH-009,2026-04-14 00:00:00,0,0,,
MCH-009,2026-04-15 00:00:00,0,0,,
MCH-009,2026-04-16 00:00:00,0,0,,
MCH-009,2026-04-17 00:00:00,0,0,,
MCH-009,2026-04-18 00:00:00,0,0,,
MCH-009,2026-04-19 00:00:00,0,0,,
MCH-009,2026-04-20 00:00:00,0,0,,
MCH-009,2026-04-21 00:00:00,0,0,,
MCH-009,2026-04-22 00:00:00,0,0,,
MCH-009,2026-04-23 00:00:00,0,0,,
MCH-009,2026-04-24 00:00:00,0,0,,
MCH-009,2026-04-25 00:00:00,0,0,,
MCH-009,2026-04-26 00:00:00,0,0,,
MCH-009,2026-04-27 00:00:00,0,0,,
MCH-009,2026-04-28 00:00:00,0,0,,
MCH-009,2026-04-29 00:00:00,0,0,,
MCH-009,2026-04-30 00:00:00,0,0,,
MCH-009,2026-05-01 00:00:00,0,0,,
MCH-009,2026-05-02 00:00:00,0,0,,
MCH-009,2026-05-03 00:00:00,0,0,,
MCH-009,2026-05-04 00:00:00,0,0,,
MCH-009,2026-05-05 00:00:00,0,0,,
MCH-009,2026-05-06 00:00:00,0,0,,
MCH-009,2026-05-07 00:00:00,0,0,,
MCH-009,2026-05-08 00:00:00,0,0,,
MCH-009,2026-05-09 00:00:00,0,0,,
MCH-009,2026-05-10 00:00:00,0,0,,
MCH-009,2026-05-11 00:00:00,0,0,,
MCH-009,2026-05-12 00:00:00,0,0,,
MCH-009,2026-05-13 00:00:00,0,0,,
MCH-009,2026-05-14 00:00:00,0,0,,
MCH-009,2026-05-15 00:00:00,0,0,,
MCH-009,2026-05-16 00:00:00,0,0,,
MCH-009,2026-05-17 00:00:00,0,0,,
MCH-009,2026-05-18 00:00:00,0,0,,
MCH-009,2026-05-19 00:00:00,0,0,,
MCH-009,2026-05-20 00:00:00,0,0,,
MCH-009,2026-05-21 00:00:00,0,0,,
MCH-009,2026-05-22 00:00:00,0,0,,
MCH-009,2026-05-23 00:00:00,0,1,SENSOR,critical
MCH-009,2026-05-24 00:00:00,0,1,TOOLING,medium
MCH-009,2026-05-25 00:00:00,0,1,TOOLING,high
MCH-009,2026-05-26 00:00:00,0,1,HYDRAULIC,high
MCH-009,2026-05-27 00:00:00,0,1,BEARING,high
MCH-009,2026-05-28 00:00:00,0,1,SENSOR,medium
MCH-009,2026-05-29 00:00:00,1,1,SENSOR,medium
MCH-009,2026-05-30 00:00:00,1,1,BEARING,high
MCH-009,2026-05-31 00:00:00,0,0,,
MCH-009,2026-06-01 00:00:00,0,0,,
MCH-009,2026-06-02 00:00:00,0,0,,
MCH-009,2026-06-03 00:00:00,0,0,,
MCH-009,2026-06-04 00:00:00,0,0,,
MCH-009,2026-06-05 00:00:00,0,0,,
MCH-009,2026-06-06 00:00:00,0,0,,
MCH-009,2026-06-07 00:00:00,0,0,,
MCH-009,2026-06-08 00:00:00,0,0,,
MCH-009,2026-06-09 00:00:00,0,0,,
MCH-009,2026-06-10 00:00:00,0,0,,
MCH-009,2026-06-11 00:00:00,0,0,,
MCH-009,2026-06-12 00:00:00,0,0,,
MCH-009,2026-06-13 00:00:00,0,0,,
MCH-009,2026-06-14 00:00:00,0,0,,
MCH-009,2026-06-15 00:00:00,0,0,,
MCH-009,2026-06-16 00:00:00,0,0,,
MCH-009,2026-06-17 00:00:00,0,0,,
MCH-009,2026-06-18 00:00:00,0,0,,
MCH-009,2026-06-19 00:00:00,0,0,,
MCH-009,2026-06-20 00:00:00,0,0,,
MCH-009,2026-06-21 00:00:00,0,0,,
MCH-009,2026-06-22 00:00:00,0,0,,
MCH-009,2026-06-23 00:00:00,0,0,,
MCH-009,2026-06-24 00:00:00,0,0,,
MCH-009,2026-06-25 00:00:00,0,0,,
MCH-009,2026-06-26 00:00:00,0,0,,
MCH-009,2026-06-27 00:00:00,0,0,,
MCH-009,2026-06-28 00:00:00,0,0,,
MCH-009,2026-06-29 00:00:00,0,0,,
MCH-009,2026-06-30 00:00:00,0,0,,
MCH-009,2026-07-01 00:00:00,0,0,,
MCH-009,2026-07-02 00:00:00,0,0,,
MCH-009,2026-07-03 00:00:00,0,0,,
MCH-009,2026-07-04 00:00:00,0,0,,
MCH-009,2026-07-05 00:00:00,0,0,,
MCH-009,2026-07-06 00:00:00,0,0,,
MCH-009,2026-07-07 00:00:00,0,0,,
MCH-009,2026-07-08 00:00:00,0,0,,
MCH-009,2026-07-09 00:00:00,0,0,,
MCH-009,2026-07-10 00:00:00,0,0,,
MCH-009,2026-07-11 00:00:00,0,0,,
MCH-009,2026-07-12 00:00:00,0,0,,
MCH-009,2026-07-13 00:00:00,0,0,,
MCH-009,2026-07-14 00:00:00,0,0,,
MCH-009,2026-07-15 00:00:00,0,0,,
MCH-009,2026-07-16 00:00:00,0,0,,
MCH-009,2026-07-17 00:00:00,0,0,,
MCH-009,2026-07-18 00:00:00,0,0,,
MCH-009,2026-07-19 00:00:00,0,0,,
MCH-009,2026-07-20 00:00:00,0,0,,
MCH-009,2026-07-21 00:00:00,0,0,,
MCH-009,2026-07-22 00:00:00,0,0,,
MCH-009,2026-07-23 00:00:00,0,0,,
MCH-009,2026-07-24 00:00:00,0,0,,
MCH-009,2026-07-25 00:00:00,0,0,,
MCH-009,2026-07-26 00:00:00,0,0,,
MCH-009,2026-07-27 00:00:00,0,0,,
MCH-009,2026-07-28 00:00:00,0,0,,
MCH-009,2026-07-29 00:00:00,0,0,,
MCH-009,2026-07-30 00:00:00,0,0,,
MCH-009,2026-07-31 00:00:00,0,0,,
MCH-010,2025-08-01 00:00:00,0,0,,
MCH-010,2025-08-02 00:00:00,0,0,,
MCH-010,2025-08-03 00:00:00,0,0,,
MCH-010,2025-08-04 00:00:00,0,0,,
MCH-010,2025-08-05 00:00:00,0,0,,
MCH-010,2025-08-06 00:00:00,0,0,,
MCH-010,2025-08-07 00:00:00,0,0,,
MCH-010,2025-08-08 00:00:00,0,0,,
MCH-010,2025-08-09 00:00:00,0,0,,
MCH-010,2025-08-10 00:00:00,0,0,,
MCH-010,2025-08-11 00:00:00,0,0,,
MCH-010,2025-08-12 00:00:00,0,0,,
MCH-010,2025-08-13 00:00:00,0,0,,
MCH-010,2025-08-14 00:00:00,0,0,,
MCH-010,2025-08-15 00:00:00,0,0,,
MCH-010,2025-08-16 00:00:00,0,0,,
MCH-010,2025-08-17 00:00:00,0,0,,
MCH-010,2025-08-18 00:00:00,0,0,,
MCH-010,2025-08-19 00:00:00,0,0,,
MCH-010,2025-08-20 00:00:00,0,0,,
MCH-010,2025-08-21 00:00:00,0,0,,
MCH-010,2025-08-22 00:00:00,0,0,,
MCH-010,2025-08-23 00:00:00,0,0,,
MCH-010,2025-08-24 00:00:00,0,0,,
MCH-010,2025-08-25 00:00:00,0,0,,
MCH-010,2025-08-26 00:00:00,0,0,,
MCH-010,2025-08-27 00:00:00,0,0,,
MCH-010,2025-08-28 00:00:00,0,0,,
MCH-010,2025-08-29 00:00:00,0,0,,
MCH-010,2025-08-30 00:00:00,0,0,,
MCH-010,2025-08-31 00:00:00,0,0,,
MCH-010,2025-09-01 00:00:00,0,0,,
MCH-010,2025-09-02 00:00:00,0,0,,
MCH-010,2025-09-03 00:00:00,0,0,,
MCH-010,2025-09-04 00:00:00,0,0,,
MCH-010,2025-09-05 00:00:00,0,0,,
MCH-010,2025-09-06 00:00:00,0,0,,
MCH-010,2025-09-07 00:00:00,0,0,,
MCH-010,2025-09-08 00:00:00,0,0,,
MCH-010,2025-09-09 00:00:00,0,0,,
MCH-010,2025-09-10 00:00:00,0,1,SENSOR,critical
MCH-010,2025-09-11 00:00:00,0,1,ELECTRICAL,medium
MCH-010,2025-09-12 00:00:00,0,1,HYDRAULIC,medium
MCH-010,2025-09-13 00:00:00,0,1,BEARING,medium
MCH-010,2025-09-14 00:00:00,0,1,BEARING,medium
MCH-010,2025-09-15 00:00:00,0,1,MOTOR,medium
MCH-010,2025-09-16 00:00:00,1,1,BEARING,high
MCH-010,2025-09-17 00:00:00,1,1,BEARING,high
MCH-010,2025-09-18 00:00:00,0,0,,
MCH-010,2025-09-19 00:00:00,0,0,,
MCH-010,2025-09-20 00:00:00,0,0,,
MCH-010,2025-09-21 00:00:00,0,0,,
MCH-010,2025-09-22 00:00:00,0,0,,
MCH-010,2025-09-23 00:00:00,0,0,,
MCH-010,2025-09-24 00:00:00,0,0,,
MCH-010,2025-09-25 00:00:00,0,0,,
MCH-010,2025-09-26 00:00:00,0,0,,
MCH-010,2025-09-27 00:00:00,0,0,,
MCH-010,2025-09-28 00:00:00,0,0,,
MCH-010,2025-09-29 00:00:00,0,0,,
MCH-010,2025-09-30 00:00:00,0,0,,
MCH-010,2025-10-01 00:00:00,0,0,,
MCH-010,2025-10-02 00:00:00,0,0,,
MCH-010,2025-10-03 00:00:00,0,0,,
MCH-010,2025-10-04 00:00:00,0,0,,
MCH-010,2025-10-05 00:00:00,0,0,,
MCH-010,2025-10-06 00:00:00,0,0,,
MCH-010,2025-10-07 00:00:00,0,0,,
MCH-010,2025-10-08 00:00:00,0,0,,
MCH-010,2025-10-09 00:00:00,0,0,,
MCH-010,2025-10-10 00:00:00,0,0,,
MCH-010,2025-10-11 00:00:00,0,0,,
MCH-010,2025-10-12 00:00:00,0,0,,
MCH-010,2025-10-13 00:00:00,0,0,,
MCH-010,2025-10-14 00:00:00,0,0,,
MCH-010,2025-10-15 00:00:00,0,0,,
MCH-010,2025-10-16 00:00:00,0,0,,
MCH-010,2025-10-17 00:00:00,0,0,,
MCH-010,2025-10-18 00:00:00,0,0,,
MCH-010,2025-10-19 00:00:00,0,0,,
MCH-010,2025-10-20 00:00:00,0,0,,
MCH-010,2025-10-21 00:00:00,0,0,,
MCH-010,2025-10-22 00:00:00,0,0,,
MCH-010,2025-10-23 00:00:00,0,0,,
MCH-010,2025-10-24 00:00:00,0,0,,
MCH-010,2025-10-25 00:00:00,0,0,,
MCH-010,2025-10-26 00:00:00,0,0,,
MCH-010,2025-10-27 00:00:00,0,0,,
MCH-010,2025-10-28 00:00:00,0,0,,
MCH-010,2025-10-29 00:00:00,0,0,,
MCH-010,2025-10-30 00:00:00,0,0,,
MCH-010,2025-10-31 00:00:00,0,0,,
MCH-010,2025-11-01 00:00:00,0,0,,
MCH-010,2025-11-02 00:00:00,0,0,,
MCH-010,2025-11-03 00:00:00,0,0,,
MCH-010,2025-11-04 00:00:00,0,0,,
MCH-010,2025-11-05 00:00:00,0,0,,
MCH-010,2025-11-06 00:00:00,0,0,,
MCH-010,2025-11-07 00:00:00,0,0,,
MCH-010,2025-11-08 00:00:00,0,0,,
MCH-010,2025-11-09 00:00:00,0,0,,
MCH-010,2025-11-10 00:00:00,0,0,,
MCH-010,2025-11-11 00:00:00,0,0,,
MCH-010,2025-11-12 00:00:00,0,0,,
MCH-010,2025-11-13 00:00:00,0,0,,
MCH-010,2025-11-14 00:00:00,0,0,,
MCH-010,2025-11-15 00:00:00,0,0,,
MCH-010,2025-11-16 00:00:00,0,0,,
MCH-010,2025-11-17 00:00:00,0,0,,
MCH-010,2025-11-18 00:00:00,0,0,,
MCH-010,2025-11-19 00:00:00,0,0,,
MCH-010,2025-11-20 00:00:00,0,0,,
MCH-010,2025-11-21 00:00:00,0,0,,
MCH-010,2025-11-22 00:00:00,0,0,,
MCH-010,2025-11-23 00:00:00,0,0,,
MCH-010,2025-11-24 00:00:00,0,0,,
MCH-010,2025-11-25 00:00:00,0,0,,
MCH-010,2025-11-26 00:00:00,0,0,,
MCH-010,2025-11-27 00:00:00,0,0,,
MCH-010,2025-11-28 00:00:00,0,0,,
MCH-010,2025-11-29 00:00:00,0,0,,
MCH-010,2025-11-30 00:00:00,0,0,,
MCH-010,2025-12-01 00:00:00,0,0,,
MCH-010,2025-12-02 00:00:00,0,0,,
MCH-010,2025-12-03 00:00:00,0,0,,
MCH-010,2025-12-04 00:00:00,0,0,,
MCH-010,2025-12-05 00:00:00,0,0,,
MCH-010,2025-12-06 00:00:00,0,0,,
MCH-010,2025-12-07 00:00:00,0,0,,
MCH-010,2025-12-08 00:00:00,0,0,,
MCH-010,2025-12-09 00:00:00,0,0,,
MCH-010,2025-12-10 00:00:00,0,0,,
MCH-010,2025-12-11 00:00:00,0,0,,
MCH-010,2025-12-12 00:00:00,0,0,,
MCH-010,2025-12-13 00:00:00,0,0,,
MCH-010,2025-12-14 00:00:00,0,0,,
MCH-010,2025-12-15 00:00:00,0,0,,
MCH-010,2025-12-16 00:00:00,0,0,,
MCH-010,2025-12-17 00:00:00,0,0,,
MCH-010,2025-12-18 00:00:00,0,0,,
MCH-010,2025-12-19 00:00:00,0,0,,
MCH-010,2025-12-20 00:00:00,0,0,,
MCH-010,2025-12-21 00:00:00,0,0,,
MCH-010,2025-12-22 00:00:00,0,0,,
MCH-010,2025-12-23 00:00:00,0,0,,
MCH-010,2025-12-24 00:00:00,0,0,,
MCH-010,2025-12-25 00:00:00,0,0,,
MCH-010,2025-12-26 00:00:00,0,0,,
MCH-010,2025-12-27 00:00:00,0,0,,
MCH-010,2025-12-28 00:00:00,0,0,,
MCH-010,2025-12-29 00:00:00,0,0,,
MCH-010,2025-12-30 00:00:00,0,0,,
MCH-010,2025-12-31 00:00:00,0,0,,
MCH-010,2026-01-01 00:00:00,0,0,,
MCH-010,2026-01-02 00:00:00,0,0,,
MCH-010,2026-01-03 00:00:00,0,0,,
MCH-010,2026-01-04 00:00:00,0,0,,
MCH-010,2026-01-05 00:00:00,0,0,,
MCH-010,2026-01-06 00:00:00,0,0,,
MCH-010,2026-01-07 00:00:00,0,0,,
MCH-010,2026-01-08 00:00:00,0,0,,
MCH-010,2026-01-09 00:00:00,0,0,,
MCH-010,2026-01-10 00:00:00,0,0,,
MCH-010,2026-01-11 00:00:00,0,0,,
MCH-010,2026-01-12 00:00:00,0,0,,
MCH-010,2026-01-13 00:00:00,0,0,,
MCH-010,2026-01-14 00:00:00,0,0,,
MCH-010,2026-01-15 00:00:00,0,0,,
MCH-010,2026-01-16 00:00:00,0,0,,
MCH-010,2026-01-17 00:00:00,0,0,,
MCH-010,2026-01-18 00:00:00,0,0,,
MCH-010,2026-01-19 00:00:00,0,0,,
MCH-010,2026-01-20 00:00:00,0,0,,
MCH-010,2026-01-21 00:00:00,0,0,,
MCH-010,2026-01-22 00:00:00,0,0,,
MCH-010,2026-01-23 00:00:00,0,0,,
MCH-010,2026-01-24 00:00:00,0,0,,
MCH-010,2026-01-25 00:00:00,0,0,,
MCH-010,2026-01-26 00:00:00,0,0,,
MCH-010,2026-01-27 00:00:00,0,0,,
MCH-010,2026-01-28 00:00:00,0,0,,
MCH-010,2026-01-29 00:00:00,0,0,,
MCH-010,2026-01-30 00:00:00,0,0,,
MCH-010,2026-01-31 00:00:00,0,0,,
MCH-010,2026-02-01 00:00:00,0,0,,
MCH-010,2026-02-02 00:00:00,0,0,,
MCH-010,2026-02-03 00:00:00,0,0,,
MCH-010,2026-02-04 00:00:00,0,0,,
MCH-010,2026-02-05 00:00:00,0,0,,
MCH-010,2026-02-06 00:00:00,0,0,,
MCH-010,2026-02-07 00:00:00,0,0,,
MCH-010,2026-02-08 00:00:00,0,0,,
MCH-010,2026-02-09 00:00:00,0,0,,
MCH-010,2026-02-10 00:00:00,0,0,,
MCH-010,2026-02-11 00:00:00,0,0,,
MCH-010,2026-02-12 00:00:00,0,0,,
MCH-010,2026-02-13 00:00:00,0,0,,
MCH-010,2026-02-14 00:00:00,0,0,,
MCH-010,2026-02-15 00:00:00,0,0,,
MCH-010,2026-02-16 00:00:00,0,0,,
MCH-010,2026-02-17 00:00:00,0,0,,
MCH-010,2026-02-18 00:00:00,0,0,,
MCH-010,2026-02-19 00:00:00,0,0,,
MCH-010,2026-02-20 00:00:00,0,0,,
MCH-010,2026-02-21 00:00:00,0,0,,
MCH-010,2026-02-22 00:00:00,0,0,,
MCH-010,2026-02-23 00:00:00,0,0,,
MCH-010,2026-02-24 00:00:00,0,0,,
MCH-010,2026-02-25 00:00:00,0,0,,
MCH-010,2026-02-26 00:00:00,0,0,,
MCH-010,2026-02-27 00:00:00,0,0,,
MCH-010,2026-02-28 00:00:00,0,0,,
MCH-010,2026-03-01 00:00:00,0,0,,
MCH-010,2026-03-02 00:00:00,0,0,,
MCH-010,2026-03-03 00:00:00,0,0,,
MCH-010,2026-03-04 00:00:00,0,0,,
MCH-010,2026-03-05 00:00:00,0,0,,
MCH-010,2026-03-06 00:00:00,0,0,,
MCH-010,2026-03-07 00:00:00,0,0,,
MCH-010,2026-03-08 00:00:00,0,0,,
MCH-010,2026-03-09 00:00:00,0,0,,
MCH-010,2026-03-10 00:00:00,0,0,,
MCH-010,2026-03-11 00:00:00,0,0,,
MCH-010,2026-03-12 00:00:00,0,0,,
MCH-010,2026-03-13 00:00:00,0,0,,
MCH-010,2026-03-14 00:00:00,0,0,,
MCH-010,2026-03-15 00:00:00,0,0,,
MCH-010,2026-03-16 00:00:00,0,0,,
MCH-010,2026-03-17 00:00:00,0,0,,
MCH-010,2026-03-18 00:00:00,0,0,,
MCH-010,2026-03-19 00:00:00,0,0,,
MCH-010,2026-03-20 00:00:00,0,0,,
MCH-010,2026-03-21 00:00:00,0,0,,
MCH-010,2026-03-22 00:00:00,0,0,,
MCH-010,2026-03-23 00:00:00,0,0,,
MCH-010,2026-03-24 00:00:00,0,0,,
MCH-010,2026-03-25 00:00:00,0,0,,
MCH-010,2026-03-26 00:00:00,0,0,,
MCH-010,2026-03-27 00:00:00,0,0,,
MCH-010,2026-03-28 00:00:00,0,0,,
MCH-010,2026-03-29 00:00:00,0,0,,
MCH-010,2026-03-30 00:00:00,0,0,,
MCH-010,2026-03-31 00:00:00,0,0,,
MCH-010,2026-04-01 00:00:00,0,0,,
MCH-010,2026-04-02 00:00:00,0,0,,
MCH-010,2026-04-03 00:00:00,0,0,,
MCH-010,2026-04-04 00:00:00,0,0,,
MCH-010,2026-04-05 00:00:00,0,0,,
MCH-010,2026-04-06 00:00:00,0,0,,
MCH-010,2026-04-07 00:00:00,0,0,,
MCH-010,2026-04-08 00:00:00,0,0,,
MCH-010,2026-04-09 00:00:00,0,0,,
MCH-010,2026-04-10 00:00:00,0,0,,
MCH-010,2026-04-11 00:00:00,0,0,,
MCH-010,2026-04-12 00:00:00,0,0,,
MCH-010,2026-04-13 00:00:00,0,0,,
MCH-010,2026-04-14 00:00:00,0,0,,
MCH-010,2026-04-15 00:00:00,0,0,,
MCH-010,2026-04-16 00:00:00,0,0,,
MCH-010,2026-04-17 00:00:00,0,0,,
MCH-010,2026-04-18 00:00:00,0,0,,
MCH-010,2026-04-19 00:00:00,0,0,,
MCH-010,2026-04-20 00:00:00,0,0,,
MCH-010,2026-04-21 00:00:00,0,0,,
MCH-010,2026-04-22 00:00:00,0,0,,
MCH-010,2026-04-23 00:00:00,0,0,,
MCH-010,2026-04-24 00:00:00,0,0,,
MCH-010,2026-04-25 00:00:00,0,0,,
MCH-010,2026-04-26 00:00:00,0,0,,
MCH-010,2026-04-27 00:00:00,0,0,,
MCH-010,2026-04-28 00:00:00,0,0,,
MCH-010,2026-04-29 00:00:00,0,0,,
MCH-010,2026-04-30 00:00:00,0,0,,
MCH-010,2026-05-01 00:00:00,0,0,,
MCH-010,2026-05-02 00:00:00,0,0,,
MCH-010,2026-05-03 00:00:00,0,0,,
MCH-010,2026-05-04 00:00:00,0,0,,
MCH-010,2026-05-05 00:00:00,0,0,,
MCH-010,2026-05-06 00:00:00,0,0,,
MCH-010,2026-05-07 00:00:00,0,0,,
MCH-010,2026-05-08 00:00:00,0,0,,
MCH-010,2026-05-09 00:00:00,0,0,,
MCH-010,2026-05-10 00:00:00,0,0,,
MCH-010,2026-05-11 00:00:00,0,0,,
MCH-010,2026-05-12 00:00:00,0,0,,
MCH-010,2026-05-13 00:00:00,0,0,,
MCH-010,2026-05-14 00:00:00,0,0,,
MCH-010,2026-05-15 00:00:00,0,0,,
MCH-010,2026-05-16 00:00:00,0,0,,
MCH-010,2026-05-17 00:00:00,0,0,,
MCH-010,2026-05-18 00:00:00,0,0,,
MCH-010,2026-05-19 00:00:00,0,0,,
MCH-010,2026-05-20 00:00:00,0,0,,
MCH-010,2026-05-21 00:00:00,0,0,,
MCH-010,2026-05-22 00:00:00,0,0,,
MCH-010,2026-05-23 00:00:00,0,0,,
MCH-010,2026-05-24 00:00:00,0,0,,
MCH-010,2026-05-25 00:00:00,0,0,,
MCH-010,2026-05-26 00:00:00,0,0,,
MCH-010,2026-05-27 00:00:00,0,1,HYDRAULIC,high
MCH-010,2026-05-28 00:00:00,0,1,TOOLING,medium
MCH-010,2026-05-29 00:00:00,0,1,TOOLING,medium
MCH-010,2026-05-30 00:00:00,0,1,ELECTRICAL,critical
MCH-010,2026-05-31 00:00:00,0,1,MOTOR,medium
MCH-010,2026-06-01 00:00:00,0,1,SENSOR,medium
MCH-010,2026-06-02 00:00:00,1,1,HYDRAULIC,high
MCH-010,2026-06-03 00:00:00,1,1,ELECTRICAL,medium
MCH-010,2026-06-04 00:00:00,0,0,,
MCH-010,2026-06-05 00:00:00,0,0,,
MCH-010,2026-06-06 00:00:00,0,0,,
MCH-010,2026-06-07 00:00:00,0,0,,
MCH-010,2026-06-08 00:00:00,0,0,,
MCH-010,2026-06-09 00:00:00,0,0,,
MCH-010,2026-06-10 00:00:00,0,0,,
MCH-010,2026-06-11 00:00:00,0,0,,
MCH-010,2026-06-12 00:00:00,0,0,,
MCH-010,2026-06-13 00:00:00,0,0,,
MCH-010,2026-06-14 00:00:00,0,0,,
MCH-010,2026-06-15 00:00:00,0,0,,
MCH-010,2026-06-16 00:00:00,0,0,,
MCH-010,2026-06-17 00:00:00,0,0,,
MCH-010,2026-06-18 00:00:00,0,0,,
MCH-010,2026-06-19 00:00:00,0,0,,
MCH-010,2026-06-20 00:00:00,0,0,,
MCH-010,2026-06-21 00:00:00,0,0,,
MCH-010,2026-06-22 00:00:00,0,0,,
MCH-010,2026-06-23 00:00:00,0,0,,
MCH-010,2026-06-24 00:00:00,0,0,,
MCH-010,2026-06-25 00:00:00,0,0,,
MCH-010,2026-06-26 00:00:00,0,0,,
MCH-010,2026-06-27 00:00:00,0,0,,
MCH-010,2026-06-28 00:00:00,0,0,,
MCH-010,2026-06-29 00:00:00,0,0,,
MCH-010,2026-06-30 00:00:00,0,0,,
MCH-010,2026-07-01 00:00:00,0,0,,
MCH-010,2026-07-02 00:00:00,0,0,,
MCH-010,2026-07-03 00:00:00,0,0,,
MCH-010,2026-07-04 00:00:00,0,0,,
MCH-010,2026-07-05 00:00:00,0,0,,
MCH-010,2026-07-06 00:00:00,0,0,,
MCH-010,2026-07-07 00:00:00,0,0,,
MCH-010,2026-07-08 00:00:00,0,0,,
MCH-010,2026-07-09 00:00:00,0,0,,
MCH-010,2026-07-10 00:00:00,0,0,,
MCH-010,2026-07-11 00:00:00,0,0,,
MCH-010,2026-07-12 00:00:00,0,0,,
MCH-010,2026-07-13 00:00:00,0,0,,
MCH-010,2026-07-14 00:00:00,0,0,,
MCH-010,2026-07-15 00:00:00,0,0,,
MCH-010,2026-07-16 00:00:00,0,0,,
MCH-010,2026-07-17 00:00:00,0,0,,
MCH-010,2026-07-18 00:00:00,0,0,,
MCH-010,2026-07-19 00:00:00,0,0,,
MCH-010,2026-07-20 00:00:00,0,0,,
MCH-010,2026-07-21 00:00:00,0,0,,
MCH-010,2026-07-22 00:00:00,0,0,,
MCH-010,2026-07-23 00:00:00,0,0,,
MCH-010,2026-07-24 00:00:00,0,0,,
MCH-010,2026-07-25 00:00:00,0,0,,
MCH-010,2026-07-26 00:00:00,0,0,,
MCH-010,2026-07-27 00:00:00,0,0,,
MCH-010,2026-07-28 00:00:00,0,0,,
MCH-010,2026-07-29 00:00:00,0,0,,
MCH-010,2026-07-30 00:00:00,0,0,,
MCH-010,2026-07-31 00:00:00,0,0,,
MCH-011,2025-08-01 00:00:00,0,0,,
MCH-011,2025-08-02 00:00:00,0,0,,
MCH-011,2025-08-03 00:00:00,0,0,,
MCH-011,2025-08-04 00:00:00,0,0,,
MCH-011,2025-08-05 00:00:00,0,0,,
MCH-011,2025-08-06 00:00:00,0,0,,
MCH-011,2025-08-07 00:00:00,0,0,,
MCH-011,2025-08-08 00:00:00,0,0,,
MCH-011,2025-08-09 00:00:00,0,0,,
MCH-011,2025-08-10 00:00:00,0,0,,
MCH-011,2025-08-11 00:00:00,0,0,,
MCH-011,2025-08-12 00:00:00,0,0,,
MCH-011,2025-08-13 00:00:00,0,0,,
MCH-011,2025-08-14 00:00:00,0,0,,
MCH-011,2025-08-15 00:00:00,0,0,,
MCH-011,2025-08-16 00:00:00,0,0,,
MCH-011,2025-08-17 00:00:00,0,0,,
MCH-011,2025-08-18 00:00:00,0,0,,
MCH-011,2025-08-19 00:00:00,0,0,,
MCH-011,2025-08-20 00:00:00,0,0,,
MCH-011,2025-08-21 00:00:00,0,0,,
MCH-011,2025-08-22 00:00:00,0,0,,
MCH-011,2025-08-23 00:00:00,0,0,,
MCH-011,2025-08-24 00:00:00,0,0,,
MCH-011,2025-08-25 00:00:00,0,0,,
MCH-011,2025-08-26 00:00:00,0,0,,
MCH-011,2025-08-27 00:00:00,0,0,,
MCH-011,2025-08-28 00:00:00,0,0,,
MCH-011,2025-08-29 00:00:00,0,0,,
MCH-011,2025-08-30 00:00:00,0,0,,
MCH-011,2025-08-31 00:00:00,0,0,,
MCH-011,2025-09-01 00:00:00,0,0,,
MCH-011,2025-09-02 00:00:00,0,0,,
MCH-011,2025-09-03 00:00:00,0,0,,
MCH-011,2025-09-04 00:00:00,0,0,,
MCH-011,2025-09-05 00:00:00,0,0,,
MCH-011,2025-09-06 00:00:00,0,0,,
MCH-011,2025-09-07 00:00:00,0,0,,
MCH-011,2025-09-08 00:00:00,0,0,,
MCH-011,2025-09-09 00:00:00,0,0,,
MCH-011,2025-09-10 00:00:00,0,0,,
MCH-011,2025-09-11 00:00:00,0,0,,
MCH-011,2025-09-12 00:00:00,0,0,,
MCH-011,2025-09-13 00:00:00,0,0,,
MCH-011,2025-09-14 00:00:00,0,0,,
MCH-011,2025-09-15 00:00:00,0,0,,
MCH-011,2025-09-16 00:00:00,0,0,,
MCH-011,2025-09-17 00:00:00,0,0,,
MCH-011,2025-09-18 00:00:00,0,0,,
MCH-011,2025-09-19 00:00:00,0,0,,
MCH-011,2025-09-20 00:00:00,0,0,,
MCH-011,2025-09-21 00:00:00,0,0,,
MCH-011,2025-09-22 00:00:00,0,0,,
MCH-011,2025-09-23 00:00:00,0,0,,
MCH-011,2025-09-24 00:00:00,0,0,,
MCH-011,2025-09-25 00:00:00,0,0,,
MCH-011,2025-09-26 00:00:00,0,0,,
MCH-011,2025-09-27 00:00:00,0,0,,
MCH-011,2025-09-28 00:00:00,0,0,,
MCH-011,2025-09-29 00:00:00,0,0,,
MCH-011,2025-09-30 00:00:00,0,0,,
MCH-011,2025-10-01 00:00:00,0,0,,
MCH-011,2025-10-02 00:00:00,0,0,,
MCH-011,2025-10-03 00:00:00,0,0,,
MCH-011,2025-10-04 00:00:00,0,0,,
MCH-011,2025-10-05 00:00:00,0,0,,
MCH-011,2025-10-06 00:00:00,0,0,,
MCH-011,2025-10-07 00:00:00,0,0,,
MCH-011,2025-10-08 00:00:00,0,0,,
MCH-011,2025-10-09 00:00:00,0,0,,
MCH-011,2025-10-10 00:00:00,0,0,,
MCH-011,2025-10-11 00:00:00,0,0,,
MCH-011,2025-10-12 00:00:00,0,0,,
MCH-011,2025-10-13 00:00:00,0,0,,
MCH-011,2025-10-14 00:00:00,0,0,,
MCH-011,2025-10-15 00:00:00,0,0,,
MCH-011,2025-10-16 00:00:00,0,0,,
MCH-011,2025-10-17 00:00:00,0,0,,
MCH-011,2025-10-18 00:00:00,0,0,,
MCH-011,2025-10-19 00:00:00,0,0,,
MCH-011,2025-10-20 00:00:00,0,0,,
MCH-011,2025-10-21 00:00:00,0,0,,
MCH-011,2025-10-22 00:00:00,0,0,,
MCH-011,2025-10-23 00:00:00,0,0,,
MCH-011,2025-10-24 00:00:00,0,0,,
MCH-011,2025-10-25 00:00:00,0,0,,
MCH-011,2025-10-26 00:00:00,0,0,,
MCH-011,2025-10-27 00:00:00,0,0,,
MCH-011,2025-10-28 00:00:00,0,0,,
MCH-011,2025-10-29 00:00:00,0,0,,
MCH-011,2025-10-30 00:00:00,0,0,,
MCH-011,2025-10-31 00:00:00,0,0,,
MCH-011,2025-11-01 00:00:00,0,0,,
MCH-011,2025-11-02 00:00:00,0,0,,
MCH-011,2025-11-03 00:00:00,0,0,,
MCH-011,2025-11-04 00:00:00,0,0,,
MCH-011,2025-11-05 00:00:00,0,0,,
MCH-011,2025-11-06 00:00:00,0,0,,
MCH-011,2025-11-07 00:00:00,0,0,,
MCH-011,2025-11-08 00:00:00,0,0,,
MCH-011,2025-11-09 00:00:00,0,0,,
MCH-011,2025-11-10 00:00:00,0,0,,
MCH-011,2025-11-11 00:00:00,0,0,,
MCH-011,2025-11-12 00:00:00,0,0,,
MCH-011,2025-11-13 00:00:00,0,0,,
MCH-011,2025-11-14 00:00:00,0,0,,
MCH-011,2025-11-15 00:00:00,0,0,,
MCH-011,2025-11-16 00:00:00,0,0,,
MCH-011,2025-11-17 00:00:00,0,0,,
MCH-011,2025-11-18 00:00:00,0,0,,
MCH-011,2025-11-19 00:00:00,0,0,,
MCH-011,2025-11-20 00:00:00,0,0,,
MCH-011,2025-11-21 00:00:00,0,0,,
MCH-011,2025-11-22 00:00:00,0,0,,
MCH-011,2025-11-23 00:00:00,0,0,,
MCH-011,2025-11-24 00:00:00,0,0,,
MCH-011,2025-11-25 00:00:00,0,0,,
MCH-011,2025-11-26 00:00:00,0,0,,
MCH-011,2025-11-27 00:00:00,0,0,,
MCH-011,2025-11-28 00:00:00,0,0,,
MCH-011,2025-11-29 00:00:00,0,0,,
MCH-011,2025-11-30 00:00:00,0,0,,
MCH-011,2025-12-01 00:00:00,0,0,,
MCH-011,2025-12-02 00:00:00,0,0,,
MCH-011,2025-12-03 00:00:00,0,0,,
MCH-011,2025-12-04 00:00:00,0,0,,
MCH-011,2025-12-05 00:00:00,0,0,,
MCH-011,2025-12-06 00:00:00,0,0,,
MCH-011,2025-12-07 00:00:00,0,0,,
MCH-011,2025-12-08 00:00:00,0,0,,
MCH-011,2025-12-09 00:00:00,0,0,,
MCH-011,2025-12-10 00:00:00,0,0,,
MCH-011,2025-12-11 00:00:00,0,0,,
MCH-011,2025-12-12 00:00:00,0,0,,
MCH-011,2025-12-13 00:00:00,0,0,,
MCH-011,2025-12-14 00:00:00,0,0,,
MCH-011,2025-12-15 00:00:00,0,0,,
MCH-011,2025-12-16 00:00:00,0,0,,
MCH-011,2025-12-17 00:00:00,0,0,,
MCH-011,2025-12-18 00:00:00,0,0,,
MCH-011,2025-12-19 00:00:00,0,0,,
MCH-011,2025-12-20 00:00:00,0,0,,
MCH-011,2025-12-21 00:00:00,0,0,,
MCH-011,2025-12-22 00:00:00,0,0,,
MCH-011,2025-12-23 00:00:00,0,0,,
MCH-011,2025-12-24 00:00:00,0,0,,
MCH-011,2025-12-25 00:00:00,0,0,,
MCH-011,2025-12-26 00:00:00,0,0,,
MCH-011,2025-12-27 00:00:00,0,0,,
MCH-011,2025-12-28 00:00:00,0,0,,
MCH-011,2025-12-29 00:00:00,0,0,,
MCH-011,2025-12-30 00:00:00,0,0,,
MCH-011,2025-12-31 00:00:00,0,0,,
MCH-011,2026-01-01 00:00:00,0,0,,
MCH-011,2026-01-02 00:00:00,0,0,,
MCH-011,2026-01-03 00:00:00,0,0,,
MCH-011,2026-01-04 00:00:00,0,0,,
MCH-011,2026-01-05 00:00:00,0,0,,
MCH-011,2026-01-06 00:00:00,0,0,,
MCH-011,2026-01-07 00:00:00,0,0,,
MCH-011,2026-01-08 00:00:00,0,0,,
MCH-011,2026-01-09 00:00:00,0,0,,
MCH-011,2026-01-10 00:00:00,0,0,,
MCH-011,2026-01-11 00:00:00,0,0,,
MCH-011,2026-01-12 00:00:00,0,0,,
MCH-011,2026-01-13 00:00:00,0,0,,
MCH-011,2026-01-14 00:00:00,0,0,,
MCH-011,2026-01-15 00:00:00,0,0,,
MCH-011,2026-01-16 00:00:00,0,0,,
MCH-011,2026-01-17 00:00:00,0,0,,
MCH-011,2026-01-18 00:00:00,0,0,,
MCH-011,2026-01-19 00:00:00,0,0,,
MCH-011,2026-01-20 00:00:00,0,0,,
MCH-011,2026-01-21 00:00:00,0,0,,
MCH-011,2026-01-22 00:00:00,0,0,,
MCH-011,2026-01-23 00:00:00,0,0,,
MCH-011,2026-01-24 00:00:00,0,0,,
MCH-011,2026-01-25 00:00:00,0,0,,
MCH-011,2026-01-26 00:00:00,0,0,,
MCH-011,2026-01-27 00:00:00,0,0,,
MCH-011,2026-01-28 00:00:00,0,0,,
MCH-011,2026-01-29 00:00:00,0,0,,
MCH-011,2026-01-30 00:00:00,0,0,,
MCH-011,2026-01-31 00:00:00,0,0,,
MCH-011,2026-02-01 00:00:00,0,0,,
MCH-011,2026-02-02 00:00:00,0,0,,
MCH-011,2026-02-03 00:00:00,0,1,ELECTRICAL,high
MCH-011,2026-02-04 00:00:00,0,1,ELECTRICAL,medium
MCH-011,2026-02-05 00:00:00,0,1,BEARING,high
MCH-011,2026-02-06 00:00:00,0,1,BEARING,medium
MCH-011,2026-02-07 00:00:00,0,1,MOTOR,high
MCH-011,2026-02-08 00:00:00,0,1,BEARING,medium
MCH-011,2026-02-09 00:00:00,1,1,BEARING,high
MCH-011,2026-02-10 00:00:00,1,1,SENSOR,medium
MCH-011,2026-02-11 00:00:00,0,0,,
MCH-011,2026-02-12 00:00:00,0,0,,
MCH-011,2026-02-13 00:00:00,0,0,,
MCH-011,2026-02-14 00:00:00,0,0,,
MCH-011,2026-02-15 00:00:00,0,0,,
MCH-011,2026-02-16 00:00:00,0,0,,
MCH-011,2026-02-17 00:00:00,0,0,,
MCH-011,2026-02-18 00:00:00,0,0,,
MCH-011,2026-02-19 00:00:00,0,0,,
MCH-011,2026-02-20 00:00:00,0,0,,
MCH-011,2026-02-21 00:00:00,0,0,,
MCH-011,2026-02-22 00:00:00,0,0,,
MCH-011,2026-02-23 00:00:00,0,0,,
MCH-011,2026-02-24 00:00:00,0,0,,
MCH-011,2026-02-25 00:00:00,0,0,,
MCH-011,2026-02-26 00:00:00,0,0,,
MCH-011,2026-02-27 00:00:00,0,0,,
MCH-011,2026-02-28 00:00:00,0,0,,
MCH-011,2026-03-01 00:00:00,0,0,,
MCH-011,2026-03-02 00:00:00,0,0,,
MCH-011,2026-03-03 00:00:00,0,0,,
MCH-011,2026-03-04 00:00:00,0,0,,
MCH-011,2026-03-05 00:00:00,0,0,,
MCH-011,2026-03-06 00:00:00,0,0,,
MCH-011,2026-03-07 00:00:00,0,0,,
MCH-011,2026-03-08 00:00:00,0,0,,
MCH-011,2026-03-09 00:00:00,0,0,,
MCH-011,2026-03-10 00:00:00,0,0,,
MCH-011,2026-03-11 00:00:00,0,0,,
MCH-011,2026-03-12 00:00:00,0,0,,
MCH-011,2026-03-13 00:00:00,0,0,,
MCH-011,2026-03-14 00:00:00,0,0,,
MCH-011,2026-03-15 00:00:00,0,0,,
MCH-011,2026-03-16 00:00:00,0,0,,
MCH-011,2026-03-17 00:00:00,0,0,,
MCH-011,2026-03-18 00:00:00,0,0,,
MCH-011,2026-03-19 00:00:00,0,0,,
MCH-011,2026-03-20 00:00:00,0,0,,
MCH-011,2026-03-21 00:00:00,0,0,,
MCH-011,2026-03-22 00:00:00,0,0,,
MCH-011,2026-03-23 00:00:00,0,0,,
MCH-011,2026-03-24 00:00:00,0,0,,
MCH-011,2026-03-25 00:00:00,0,0,,
MCH-011,2026-03-26 00:00:00,0,0,,
MCH-011,2026-03-27 00:00:00,0,0,,
MCH-011,2026-03-28 00:00:00,0,0,,
MCH-011,2026-03-29 00:00:00,0,0,,
MCH-011,2026-03-30 00:00:00,0,0,,
MCH-011,2026-03-31 00:00:00,0,0,,
MCH-011,2026-04-01 00:00:00,0,0,,
MCH-011,2026-04-02 00:00:00,0,0,,
MCH-011,2026-04-03 00:00:00,0,0,,
MCH-011,2026-04-04 00:00:00,0,0,,
MCH-011,2026-04-05 00:00:00,0,0,,
MCH-011,2026-04-06 00:00:00,0,0,,
MCH-011,2026-04-07 00:00:00,0,0,,
MCH-011,2026-04-08 00:00:00,0,0,,
MCH-011,2026-04-09 00:00:00,0,0,,
MCH-011,2026-04-10 00:00:00,0,0,,
MCH-011,2026-04-11 00:00:00,0,0,,
MCH-011,2026-04-12 00:00:00,0,0,,
MCH-011,2026-04-13 00:00:00,0,0,,
MCH-011,2026-04-14 00:00:00,0,0,,
MCH-011,2026-04-15 00:00:00,0,0,,
MCH-011,2026-04-16 00:00:00,0,0,,
MCH-011,2026-04-17 00:00:00,0,0,,
MCH-011,2026-04-18 00:00:00,0,0,,
MCH-011,2026-04-19 00:00:00,0,0,,
MCH-011,2026-04-20 00:00:00,0,0,,
MCH-011,2026-04-21 00:00:00,0,0,,
MCH-011,2026-04-22 00:00:00,0,0,,
MCH-011,2026-04-23 00:00:00,0,0,,
MCH-011,2026-04-24 00:00:00,0,0,,
MCH-011,2026-04-25 00:00:00,0,0,,
MCH-011,2026-04-26 00:00:00,0,0,,
MCH-011,2026-04-27 00:00:00,0,0,,
MCH-011,2026-04-28 00:00:00,0,0,,
MCH-011,2026-04-29 00:00:00,0,0,,
MCH-011,2026-04-30 00:00:00,0,0,,
MCH-011,2026-05-01 00:00:00,0,0,,
MCH-011,2026-05-02 00:00:00,0,0,,
MCH-011,2026-05-03 00:00:00,0,0,,
MCH-011,2026-05-04 00:00:00,0,0,,
MCH-011,2026-05-05 00:00:00,0,0,,
MCH-011,2026-05-06 00:00:00,0,0,,
MCH-011,2026-05-07 00:00:00,0,0,,
MCH-011,2026-05-08 00:00:00,0,0,,
MCH-011,2026-05-09 00:00:00,0,0,,
MCH-011,2026-05-10 00:00:00,0,0,,
MCH-011,2026-05-11 00:00:00,0,0,,
MCH-011,2026-05-12 00:00:00,0,0,,
MCH-011,2026-05-13 00:00:00,0,0,,
MCH-011,2026-05-14 00:00:00,0,0,,
MCH-011,2026-05-15 00:00:00,0,0,,
MCH-011,2026-05-16 00:00:00,0,0,,
MCH-011,2026-05-17 00:00:00,0,0,,
MCH-011,2026-05-18 00:00:00,0,0,,
MCH-011,2026-05-19 00:00:00,0,0,,
MCH-011,2026-05-20 00:00:00,0,0,,
MCH-011,2026-05-21 00:00:00,0,0,,
MCH-011,2026-05-22 00:00:00,0,0,,
MCH-011,2026-05-23 00:00:00,0,0,,
MCH-011,2026-05-24 00:00:00,0,0,,
MCH-011,2026-05-25 00:00:00,0,0,,
MCH-011,2026-05-26 00:00:00,0,0,,
MCH-011,2026-05-27 00:00:00,0,0,,
MCH-011,2026-05-28 00:00:00,0,0,,
MCH-011,2026-05-29 00:00:00,0,0,,
MCH-011,2026-05-30 00:00:00,0,0,,
MCH-011,2026-05-31 00:00:00,0,0,,
MCH-011,2026-06-01 00:00:00,0,0,,
MCH-011,2026-06-02 00:00:00,0,0,,
MCH-011,2026-06-03 00:00:00,0,0,,
MCH-011,2026-06-04 00:00:00,0,0,,
MCH-011,2026-06-05 00:00:00,0,0,,
MCH-011,2026-06-06 00:00:00,0,0,,
MCH-011,2026-06-07 00:00:00,0,0,,
MCH-011,2026-06-08 00:00:00,0,0,,
MCH-011,2026-06-09 00:00:00,0,0,,
MCH-011,2026-06-10 00:00:00,0,0,,
MCH-011,2026-06-11 00:00:00,0,0,,
MCH-011,2026-06-12 00:00:00,0,0,,
MCH-011,2026-06-13 00:00:00,0,0,,
MCH-011,2026-06-14 00:00:00,0,0,,
MCH-011,2026-06-15 00:00:00,0,0,,
MCH-011,2026-06-16 00:00:00,0,0,,
MCH-011,2026-06-17 00:00:00,0,0,,
MCH-011,2026-06-18 00:00:00,0,0,,
MCH-011,2026-06-19 00:00:00,0,0,,
MCH-011,2026-06-20 00:00:00,0,0,,
MCH-011,2026-06-21 00:00:00,0,0,,
MCH-011,2026-06-22 00:00:00,0,0,,
MCH-011,2026-06-23 00:00:00,0,0,,
MCH-011,2026-06-24 00:00:00,0,0,,
MCH-011,2026-06-25 00:00:00,0,0,,
MCH-011,2026-06-26 00:00:00,0,0,,
MCH-011,2026-06-27 00:00:00,0,0,,
MCH-011,2026-06-28 00:00:00,0,0,,
MCH-011,2026-06-29 00:00:00,0,0,,
MCH-011,2026-06-30 00:00:00,0,0,,
MCH-011,2026-07-01 00:00:00,0,0,,
MCH-011,2026-07-02 00:00:00,0,0,,
MCH-011,2026-07-03 00:00:00,0,0,,
MCH-011,2026-07-04 00:00:00,0,0,,
MCH-011,2026-07-05 00:00:00,0,0,,
MCH-011,2026-07-06 00:00:00,0,0,,
MCH-011,2026-07-07 00:00:00,0,0,,
MCH-011,2026-07-08 00:00:00,0,0,,
MCH-011,2026-07-09 00:00:00,0,0,,
MCH-011,2026-07-10 00:00:00,0,0,,
MCH-011,2026-07-11 00:00:00,0,0,,
MCH-011,2026-07-12 00:00:00,0,0,,
MCH-011,2026-07-13 00:00:00,0,0,,
MCH-011,2026-07-14 00:00:00,0,0,,
MCH-011,2026-07-15 00:00:00,0,0,,
MCH-011,2026-07-16 00:00:00,0,0,,
MCH-011,2026-07-17 00:00:00,0,0,,
MCH-011,2026-07-18 00:00:00,0,0,,
MCH-011,2026-07-19 00:00:00,0,0,,
MCH-011,2026-07-20 00:00:00,0,0,,
MCH-011,2026-07-21 00:00:00,0,0,,
MCH-011,2026-07-22 00:00:00,0,0,,
MCH-011,2026-07-23 00:00:00,0,0,,
MCH-011,2026-07-24 00:00:00,0,0,,
MCH-011,2026-07-25 00:00:00,0,0,,
MCH-011,2026-07-26 00:00:00,0,0,,
MCH-011,2026-07-27 00:00:00,0,0,,
MCH-011,2026-07-28 00:00:00,0,0,,
MCH-011,2026-07-29 00:00:00,0,0,,
MCH-011,2026-07-30 00:00:00,0,0,,
MCH-011,2026-07-31 00:00:00,0,0,,
MCH-012,2025-08-01 00:00:00,0,0,,
MCH-012,2025-08-02 00:00:00,0,0,,
MCH-012,2025-08-03 00:00:00,0,0,,
MCH-012,2025-08-04 00:00:00,0,0,,
MCH-012,2025-08-05 00:00:00,0,0,,
MCH-012,2025-08-06 00:00:00,0,0,,
MCH-012,2025-08-07 00:00:00,0,0,,
MCH-012,2025-08-08 00:00:00,0,0,,
MCH-012,2025-08-09 00:00:00,0,0,,
MCH-012,2025-08-10 00:00:00,0,0,,
MCH-012,2025-08-11 00:00:00,0,0,,
MCH-012,2025-08-12 00:00:00,0,0,,
MCH-012,2025-08-13 00:00:00,0,0,,
MCH-012,2025-08-14 00:00:00,0,0,,
MCH-012,2025-08-15 00:00:00,0,0,,
MCH-012,2025-08-16 00:00:00,0,0,,
MCH-012,2025-08-17 00:00:00,0,0,,
MCH-012,2025-08-18 00:00:00,0,0,,
MCH-012,2025-08-19 00:00:00,0,0,,
MCH-012,2025-08-20 00:00:00,0,0,,
MCH-012,2025-08-21 00:00:00,0,0,,
MCH-012,2025-08-22 00:00:00,0,0,,
MCH-012,2025-08-23 00:00:00,0,0,,
MCH-012,2025-08-24 00:00:00,0,0,,
MCH-012,2025-08-25 00:00:00,0,0,,
MCH-012,2025-08-26 00:00:00,0,0,,
MCH-012,2025-08-27 00:00:00,0,0,,
MCH-012,2025-08-28 00:00:00,0,0,,
MCH-012,2025-08-29 00:00:00,0,0,,
MCH-012,2025-08-30 00:00:00,0,0,,
MCH-012,2025-08-31 00:00:00,0,0,,
MCH-012,2025-09-01 00:00:00,0,0,,
MCH-012,2025-09-02 00:00:00,0,0,,
MCH-012,2025-09-03 00:00:00,0,0,,
MCH-012,2025-09-04 00:00:00,0,0,,
MCH-012,2025-09-05 00:00:00,0,0,,
MCH-012,2025-09-06 00:00:00,0,0,,
MCH-012,2025-09-07 00:00:00,0,0,,
MCH-012,2025-09-08 00:00:00,0,0,,
MCH-012,2025-09-09 00:00:00,0,0,,
MCH-012,2025-09-10 00:00:00,0,0,,
MCH-012,2025-09-11 00:00:00,0,0,,
MCH-012,2025-09-12 00:00:00,0,0,,
MCH-012,2025-09-13 00:00:00,0,0,,
MCH-012,2025-09-14 00:00:00,0,0,,
MCH-012,2025-09-15 00:00:00,0,0,,
MCH-012,2025-09-16 00:00:00,0,0,,
MCH-012,2025-09-17 00:00:00,0,0,,
MCH-012,2025-09-18 00:00:00,0,0,,
MCH-012,2025-09-19 00:00:00,0,0,,
MCH-012,2025-09-20 00:00:00,0,0,,
MCH-012,2025-09-21 00:00:00,0,0,,
MCH-012,2025-09-22 00:00:00,0,0,,
MCH-012,2025-09-23 00:00:00,0,0,,
MCH-012,2025-09-24 00:00:00,0,0,,
MCH-012,2025-09-25 00:00:00,0,0,,
MCH-012,2025-09-26 00:00:00,0,0,,
MCH-012,2025-09-27 00:00:00,0,0,,
MCH-012,2025-09-28 00:00:00,0,0,,
MCH-012,2025-09-29 00:00:00,0,0,,
MCH-012,2025-09-30 00:00:00,0,0,,
MCH-012,2025-10-01 00:00:00,0,0,,
MCH-012,2025-10-02 00:00:00,0,0,,
MCH-012,2025-10-03 00:00:00,0,0,,
MCH-012,2025-10-04 00:00:00,0,0,,
MCH-012,2025-10-05 00:00:00,0,0,,
MCH-012,2025-10-06 00:00:00,0,0,,
MCH-012,2025-10-07 00:00:00,0,0,,
MCH-012,2025-10-08 00:00:00,0,0,,
MCH-012,2025-10-09 00:00:00,0,0,,
MCH-012,2025-10-10 00:00:00,0,0,,
MCH-012,2025-10-11 00:00:00,0,0,,
MCH-012,2025-10-12 00:00:00,0,0,,
MCH-012,2025-10-13 00:00:00,0,0,,
MCH-012,2025-10-14 00:00:00,0,0,,
MCH-012,2025-10-15 00:00:00,0,0,,
MCH-012,2025-10-16 00:00:00,0,0,,
MCH-012,2025-10-17 00:00:00,0,0,,
MCH-012,2025-10-18 00:00:00,0,0,,
MCH-012,2025-10-19 00:00:00,0,0,,
MCH-012,2025-10-20 00:00:00,0,0,,
MCH-012,2025-10-21 00:00:00,0,0,,
MCH-012,2025-10-22 00:00:00,0,0,,
MCH-012,2025-10-23 00:00:00,0,0,,
MCH-012,2025-10-24 00:00:00,0,0,,
MCH-012,2025-10-25 00:00:00,0,0,,
MCH-012,2025-10-26 00:00:00,0,0,,
MCH-012,2025-10-27 00:00:00,0,0,,
MCH-012,2025-10-28 00:00:00,0,0,,
MCH-012,2025-10-29 00:00:00,0,0,,
MCH-012,2025-10-30 00:00:00,0,0,,
MCH-012,2025-10-31 00:00:00,0,0,,
MCH-012,2025-11-01 00:00:00,0,0,,
MCH-012,2025-11-02 00:00:00,0,0,,
MCH-012,2025-11-03 00:00:00,0,0,,
MCH-012,2025-11-04 00:00:00,0,0,,
MCH-012,2025-11-05 00:00:00,0,0,,
MCH-012,2025-11-06 00:00:00,0,0,,
MCH-012,2025-11-07 00:00:00,0,0,,
MCH-012,2025-11-08 00:00:00,0,0,,
MCH-012,2025-11-09 00:00:00,0,0,,
MCH-012,2025-11-10 00:00:00,0,0,,
MCH-012,2025-11-11 00:00:00,0,0,,
MCH-012,2025-11-12 00:00:00,0,0,,
MCH-012,2025-11-13 00:00:00,0,0,,
MCH-012,2025-11-14 00:00:00,0,0,,
MCH-012,2025-11-15 00:00:00,0,0,,
MCH-012,2025-11-16 00:00:00,0,0,,
MCH-012,2025-11-17 00:00:00,0,0,,
MCH-012,2025-11-18 00:00:00,0,0,,
MCH-012,2025-11-19 00:00:00,0,0,,
MCH-012,2025-11-20 00:00:00,0,0,,
MCH-012,2025-11-21 00:00:00,0,0,,
MCH-012,2025-11-22 00:00:00,0,0,,
MCH-012,2025-11-23 00:00:00,0,0,,
MCH-012,2025-11-24 00:00:00,0,0,,
MCH-012,2025-11-25 00:00:00,0,0,,
MCH-012,2025-11-26 00:00:00,0,0,,
MCH-012,2025-11-27 00:00:00,0,0,,
MCH-012,2025-11-28 00:00:00,0,0,,
MCH-012,2025-11-29 00:00:00,0,0,,
MCH-012,2025-11-30 00:00:00,0,0,,
MCH-012,2025-12-01 00:00:00,0,1,TOOLING,medium
MCH-012,2025-12-02 00:00:00,0,1,BEARING,medium
MCH-012,2025-12-03 00:00:00,0,1,HYDRAULIC,high
MCH-012,2025-12-04 00:00:00,0,1,HYDRAULIC,medium
MCH-012,2025-12-05 00:00:00,0,1,TOOLING,high
MCH-012,2025-12-06 00:00:00,0,1,SENSOR,medium
MCH-012,2025-12-07 00:00:00,1,1,BEARING,high
MCH-012,2025-12-08 00:00:00,1,1,SENSOR,medium
MCH-012,2025-12-09 00:00:00,0,0,,
MCH-012,2025-12-10 00:00:00,0,0,,
MCH-012,2025-12-11 00:00:00,0,0,,
MCH-012,2025-12-12 00:00:00,0,0,,
MCH-012,2025-12-13 00:00:00,0,0,,
MCH-012,2025-12-14 00:00:00,0,0,,
MCH-012,2025-12-15 00:00:00,0,0,,
MCH-012,2025-12-16 00:00:00,0,0,,
MCH-012,2025-12-17 00:00:00,0,0,,
MCH-012,2025-12-18 00:00:00,0,0,,
MCH-012,2025-12-19 00:00:00,0,0,,
MCH-012,2025-12-20 00:00:00,0,0,,
MCH-012,2025-12-21 00:00:00,0,0,,
MCH-012,2025-12-22 00:00:00,0,0,,
MCH-012,2025-12-23 00:00:00,0,0,,
MCH-012,2025-12-24 00:00:00,0,0,,
MCH-012,2025-12-25 00:00:00,0,0,,
MCH-012,2025-12-26 00:00:00,0,0,,
MCH-012,2025-12-27 00:00:00,0,0,,
MCH-012,2025-12-28 00:00:00,0,0,,
MCH-012,2025-12-29 00:00:00,0,0,,
MCH-012,2025-12-30 00:00:00,0,0,,
MCH-012,2025-12-31 00:00:00,0,0,,
MCH-012,2026-01-01 00:00:00,0,0,,
MCH-012,2026-01-02 00:00:00,0,0,,
MCH-012,2026-01-03 00:00:00,0,1,HYDRAULIC,high
MCH-012,2026-01-04 00:00:00,0,1,HYDRAULIC,high
MCH-012,2026-01-05 00:00:00,0,1,MOTOR,medium
MCH-012,2026-01-06 00:00:00,0,1,TOOLING,medium
MCH-012,2026-01-07 00:00:00,0,1,SENSOR,high
MCH-012,2026-01-08 00:00:00,0,1,BEARING,medium
MCH-012,2026-01-09 00:00:00,1,1,BEARING,medium
MCH-012,2026-01-10 00:00:00,1,1,SENSOR,high
MCH-012,2026-01-11 00:00:00,0,0,,
MCH-012,2026-01-12 00:00:00,0,0,,
MCH-012,2026-01-13 00:00:00,0,0,,
MCH-012,2026-01-14 00:00:00,0,0,,
MCH-012,2026-01-15 00:00:00,0,0,,
MCH-012,2026-01-16 00:00:00,0,0,,
MCH-012,2026-01-17 00:00:00,0,0,,
MCH-012,2026-01-18 00:00:00,0,0,,
MCH-012,2026-01-19 00:00:00,0,0,,
MCH-012,2026-01-20 00:00:00,0,0,,
MCH-012,2026-01-21 00:00:00,0,0,,
MCH-012,2026-01-22 00:00:00,0,0,,
MCH-012,2026-01-23 00:00:00,0,0,,
MCH-012,2026-01-24 00:00:00,0,0,,
MCH-012,2026-01-25 00:00:00,0,0,,
MCH-012,2026-01-26 00:00:00,0,0,,
MCH-012,2026-01-27 00:00:00,0,0,,
MCH-012,2026-01-28 00:00:00,0,0,,
MCH-012,2026-01-29 00:00:00,0,0,,
MCH-012,2026-01-30 00:00:00,0,0,,
MCH-012,2026-01-31 00:00:00,0,0,,
MCH-012,2026-02-01 00:00:00,0,0,,
MCH-012,2026-02-02 00:00:00,0,0,,
MCH-012,2026-02-03 00:00:00,0,0,,
MCH-012,2026-02-04 00:00:00,0,0,,
MCH-012,2026-02-05 00:00:00,0,0,,
MCH-012,2026-02-06 00:00:00,0,0,,
MCH-012,2026-02-07 00:00:00,0,0,,
MCH-012,2026-02-08 00:00:00,0,0,,
MCH-012,2026-02-09 00:00:00,0,0,,
MCH-012,2026-02-10 00:00:00,0,0,,
MCH-012,2026-02-11 00:00:00,0,0,,
MCH-012,2026-02-12 00:00:00,0,0,,
MCH-012,2026-02-13 00:00:00,0,0,,
MCH-012,2026-02-14 00:00:00,0,0,,
MCH-012,2026-02-15 00:00:00,0,0,,
MCH-012,2026-02-16 00:00:00,0,0,,
MCH-012,2026-02-17 00:00:00,0,0,,
MCH-012,2026-02-18 00:00:00,0,0,,
MCH-012,2026-02-19 00:00:00,0,0,,
MCH-012,2026-02-20 00:00:00,0,0,,
MCH-012,2026-02-21 00:00:00,0,0,,
MCH-012,2026-02-22 00:00:00,0,0,,
MCH-012,2026-02-23 00:00:00,0,0,,
MCH-012,2026-02-24 00:00:00,0,0,,
MCH-012,2026-02-25 00:00:00,0,0,,
MCH-012,2026-02-26 00:00:00,0,0,,
MCH-012,2026-02-27 00:00:00,0,0,,
MCH-012,2026-02-28 00:00:00,0,0,,
MCH-012,2026-03-01 00:00:00,0,0,,
MCH-012,2026-03-02 00:00:00,0,0,,
MCH-012,2026-03-03 00:00:00,0,0,,
MCH-012,2026-03-04 00:00:00,0,0,,
MCH-012,2026-03-05 00:00:00,0,0,,
MCH-012,2026-03-06 00:00:00,0,0,,
MCH-012,2026-03-07 00:00:00,0,0,,
MCH-012,2026-03-08 00:00:00,0,0,,
MCH-012,2026-03-09 00:00:00,0,0,,
MCH-012,2026-03-10 00:00:00,0,0,,
MCH-012,2026-03-11 00:00:00,0,0,,
MCH-012,2026-03-12 00:00:00,0,0,,
MCH-012,2026-03-13 00:00:00,0,0,,
MCH-012,2026-03-14 00:00:00,0,0,,
MCH-012,2026-03-15 00:00:00,0,0,,
MCH-012,2026-03-16 00:00:00,0,0,,
MCH-012,2026-03-17 00:00:00,0,0,,
MCH-012,2026-03-18 00:00:00,0,0,,
MCH-012,2026-03-19 00:00:00,0,0,,
MCH-012,2026-03-20 00:00:00,0,0,,
MCH-012,2026-03-21 00:00:00,0,0,,
MCH-012,2026-03-22 00:00:00,0,0,,
MCH-012,2026-03-23 00:00:00,0,0,,
MCH-012,2026-03-24 00:00:00,0,0,,
MCH-012,2026-03-25 00:00:00,0,0,,
MCH-012,2026-03-26 00:00:00,0,0,,
MCH-012,2026-03-27 00:00:00,0,0,,
MCH-012,2026-03-28 00:00:00,0,0,,
MCH-012,2026-03-29 00:00:00,0,0,,
MCH-012,2026-03-30 00:00:00,0,0,,
MCH-012,2026-03-31 00:00:00,0,1,HYDRAULIC,high
MCH-012,2026-04-01 00:00:00,0,1,SENSOR,medium
MCH-012,2026-04-02 00:00:00,0,1,BEARING,high
MCH-012,2026-04-03 00:00:00,0,1,TOOLING,medium
MCH-012,2026-04-04 00:00:00,0,1,HYDRAULIC,high
MCH-012,2026-04-05 00:00:00,0,1,HYDRAULIC,medium
MCH-012,2026-04-06 00:00:00,1,1,ELECTRICAL,medium
MCH-012,2026-04-07 00:00:00,1,1,ELECTRICAL,medium
MCH-012,2026-04-08 00:00:00,0,0,,
MCH-012,2026-04-09 00:00:00,0,0,,
MCH-012,2026-04-10 00:00:00,0,0,,
MCH-012,2026-04-11 00:00:00,0,0,,
MCH-012,2026-04-12 00:00:00,0,0,,
MCH-012,2026-04-13 00:00:00,0,0,,
MCH-012,2026-04-14 00:00:00,0,0,,
MCH-012,2026-04-15 00:00:00,0,0,,
MCH-012,2026-04-16 00:00:00,0,0,,
MCH-012,2026-04-17 00:00:00,0,0,,
MCH-012,2026-04-18 00:00:00,0,0,,
MCH-012,2026-04-19 00:00:00,0,0,,
MCH-012,2026-04-20 00:00:00,0,0,,
MCH-012,2026-04-21 00:00:00,0,0,,
MCH-012,2026-04-22 00:00:00,0,0,,
MCH-012,2026-04-23 00:00:00,0,0,,
MCH-012,2026-04-24 00:00:00,0,0,,
MCH-012,2026-04-25 00:00:00,0,0,,
MCH-012,2026-04-26 00:00:00,0,0,,
MCH-012,2026-04-27 00:00:00,0,0,,
MCH-012,2026-04-28 00:00:00,0,0,,
MCH-012,2026-04-29 00:00:00,0,0,,
MCH-012,2026-04-30 00:00:00,0,0,,
MCH-012,2026-05-01 00:00:00,0,0,,
MCH-012,2026-05-02 00:00:00,0,0,,
MCH-012,2026-05-03 00:00:00,0,0,,
MCH-012,2026-05-04 00:00:00,0,0,,
MCH-012,2026-05-05 00:00:00,0,0,,
MCH-012,2026-05-06 00:00:00,0,0,,
MCH-012,2026-05-07 00:00:00,0,0,,
MCH-012,2026-05-08 00:00:00,0,0,,
MCH-012,2026-05-09 00:00:00,0,0,,
MCH-012,2026-05-10 00:00:00,0,0,,
MCH-012,2026-05-11 00:00:00,0,0,,
MCH-012,2026-05-12 00:00:00,0,0,,
MCH-012,2026-05-13 00:00:00,0,0,,
MCH-012,2026-05-14 00:00:00,0,0,,
MCH-012,2026-05-15 00:00:00,0,0,,
MCH-012,2026-05-16 00:00:00,0,0,,
MCH-012,2026-05-17 00:00:00,0,0,,
MCH-012,2026-05-18 00:00:00,0,0,,
MCH-012,2026-05-19 00:00:00,0,0,,
MCH-012,2026-05-20 00:00:00,0,0,,
MCH-012,2026-05-21 00:00:00,0,0,,
MCH-012,2026-05-22 00:00:00,0,0,,
MCH-012,2026-05-23 00:00:00,0,0,,
MCH-012,2026-05-24 00:00:00,0,0,,
MCH-012,2026-05-25 00:00:00,0,0,,
MCH-012,2026-05-26 00:00:00,0,0,,
MCH-012,2026-05-27 00:00:00,0,0,,
MCH-012,2026-05-28 00:00:00,0,0,,
MCH-012,2026-05-29 00:00:00,0,0,,
MCH-012,2026-05-30 00:00:00,0,0,,
MCH-012,2026-05-31 00:00:00,0,0,,
MCH-012,2026-06-01 00:00:00,0,0,,
MCH-012,2026-06-02 00:00:00,0,0,,
MCH-012,2026-06-03 00:00:00,0,0,,
MCH-012,2026-06-04 00:00:00,0,0,,
MCH-012,2026-06-05 00:00:00,0,0,,
MCH-012,2026-06-06 00:00:00,0,0,,
MCH-012,2026-06-07 00:00:00,0,0,,
MCH-012,2026-06-08 00:00:00,0,0,,
MCH-012,2026-06-09 00:00:00,0,0,,
MCH-012,2026-06-10 00:00:00,0,0,,
MCH-012,2026-06-11 00:00:00,0,0,,
MCH-012,2026-06-12 00:00:00,0,0,,
MCH-012,2026-06-13 00:00:00,0,0,,
MCH-012,2026-06-14 00:00:00,0,0,,
MCH-012,2026-06-15 00:00:00,0,0,,
MCH-012,2026-06-16 00:00:00,0,0,,
MCH-012,2026-06-17 00:00:00,0,0,,
MCH-012,2026-06-18 00:00:00,0,0,,
MCH-012,2026-06-19 00:00:00,0,0,,
MCH-012,2026-06-20 00:00:00,0,0,,
MCH-012,2026-06-21 00:00:00,0,0,,
MCH-012,2026-06-22 00:00:00,0,0,,
MCH-012,2026-06-23 00:00:00,0,0,,
MCH-012,2026-06-24 00:00:00,0,0,,
MCH-012,2026-06-25 00:00:00,0,0,,
MCH-012,2026-06-26 00:00:00,0,0,,
MCH-012,2026-06-27 00:00:00,0,0,,
MCH-012,2026-06-28 00:00:00,0,0,,
MCH-012,2026-06-29 00:00:00,0,0,,
MCH-012,2026-06-30 00:00:00,0,0,,
MCH-012,2026-07-01 00:00:00,0,0,,
MCH-012,2026-07-02 00:00:00,0,0,,
MCH-012,2026-07-03 00:00:00,0,0,,
MCH-012,2026-07-04 00:00:00,0,0,,
MCH-012,2026-07-05 00:00:00,0,0,,
MCH-012,2026-07-06 00:00:00,0,0,,
MCH-012,2026-07-07 00:00:00,0,0,,
MCH-012,2026-07-08 00:00:00,0,0,,
MCH-012,2026-07-09 00:00:00,0,0,,
MCH-012,2026-07-10 00:00:00,0,0,,
MCH-012,2026-07-11 00:00:00,0,0,,
MCH-012,2026-07-12 00:00:00,0,0,,
MCH-012,2026-07-13 00:00:00,0,0,,
MCH-012,2026-07-14 00:00:00,0,0,,
MCH-012,2026-07-15 00:00:00,0,0,,
MCH-012,2026-07-16 00:00:00,0,0,,
MCH-012,2026-07-17 00:00:00,0,0,,
MCH-012,2026-07-18 00:00:00,0,0,,
MCH-012,2026-07-19 00:00:00,0,0,,
MCH-012,2026-07-20 00:00:00,0,0,,
MCH-012,2026-07-21 00:00:00,0,0,,
MCH-012,2026-07-22 00:00:00,0,0,,
MCH-012,2026-07-23 00:00:00,0,0,,
MCH-012,2026-07-24 00:00:00,0,0,,
MCH-012,2026-07-25 00:00:00,0,0,,
MCH-012,2026-07-26 00:00:00,0,0,,
MCH-012,2026-07-27 00:00:00,0,0,,
MCH-012,2026-07-28 00:00:00,0,0,,
MCH-012,2026-07-29 00:00:00,0,0,,
MCH-012,2026-07-30 00:00:00,0,0,,
MCH-012,2026-07-31 00:00:00,0,0,,
MCH-013,2025-08-01 00:00:00,0,0,,
MCH-013,2025-08-02 00:00:00,0,0,,
MCH-013,2025-08-03 00:00:00,0,0,,
MCH-013,2025-08-04 00:00:00,0,0,,
MCH-013,2025-08-05 00:00:00,0,0,,
MCH-013,2025-08-06 00:00:00,0,0,,
MCH-013,2025-08-07 00:00:00,0,0,,
MCH-013,2025-08-08 00:00:00,0,0,,
MCH-013,2025-08-09 00:00:00,0,0,,
MCH-013,2025-08-10 00:00:00,0,0,,
MCH-013,2025-08-11 00:00:00,0,0,,
MCH-013,2025-08-12 00:00:00,0,0,,
MCH-013,2025-08-13 00:00:00,0,0,,
MCH-013,2025-08-14 00:00:00,0,0,,
MCH-013,2025-08-15 00:00:00,0,0,,
MCH-013,2025-08-16 00:00:00,0,0,,
MCH-013,2025-08-17 00:00:00,0,0,,
MCH-013,2025-08-18 00:00:00,0,0,,
MCH-013,2025-08-19 00:00:00,0,0,,
MCH-013,2025-08-20 00:00:00,0,0,,
MCH-013,2025-08-21 00:00:00,0,0,,
MCH-013,2025-08-22 00:00:00,0,0,,
MCH-013,2025-08-23 00:00:00,0,0,,
MCH-013,2025-08-24 00:00:00,0,0,,
MCH-013,2025-08-25 00:00:00,0,0,,
MCH-013,2025-08-26 00:00:00,0,0,,
MCH-013,2025-08-27 00:00:00,0,0,,
MCH-013,2025-08-28 00:00:00,0,0,,
MCH-013,2025-08-29 00:00:00,0,0,,
MCH-013,2025-08-30 00:00:00,0,0,,
MCH-013,2025-08-31 00:00:00,0,0,,
MCH-013,2025-09-01 00:00:00,0,0,,
MCH-013,2025-09-02 00:00:00,0,0,,
MCH-013,2025-09-03 00:00:00,0,0,,
MCH-013,2025-09-04 00:00:00,0,0,,
MCH-013,2025-09-05 00:00:00,0,0,,
MCH-013,2025-09-06 00:00:00,0,0,,
MCH-013,2025-09-07 00:00:00,0,0,,
MCH-013,2025-09-08 00:00:00,0,0,,
MCH-013,2025-09-09 00:00:00,0,0,,
MCH-013,2025-09-10 00:00:00,0,0,,
MCH-013,2025-09-11 00:00:00,0,0,,
MCH-013,2025-09-12 00:00:00,0,0,,
MCH-013,2025-09-13 00:00:00,0,0,,
MCH-013,2025-09-14 00:00:00,0,0,,
MCH-013,2025-09-15 00:00:00,0,0,,
MCH-013,2025-09-16 00:00:00,0,0,,
MCH-013,2025-09-17 00:00:00,0,0,,
MCH-013,2025-09-18 00:00:00,0,0,,
MCH-013,2025-09-19 00:00:00,0,0,,
MCH-013,2025-09-20 00:00:00,0,0,,
MCH-013,2025-09-21 00:00:00,0,0,,
MCH-013,2025-09-22 00:00:00,0,0,,
MCH-013,2025-09-23 00:00:00,0,0,,
MCH-013,2025-09-24 00:00:00,0,0,,
MCH-013,2025-09-25 00:00:00,0,0,,
MCH-013,2025-09-26 00:00:00,0,0,,
MCH-013,2025-09-27 00:00:00,0,0,,
MCH-013,2025-09-28 00:00:00,0,0,,
MCH-013,2025-09-29 00:00:00,0,0,,
MCH-013,2025-09-30 00:00:00,0,0,,
MCH-013,2025-10-01 00:00:00,0,0,,
MCH-013,2025-10-02 00:00:00,0,0,,
MCH-013,2025-10-03 00:00:00,0,0,,
MCH-013,2025-10-04 00:00:00,0,0,,
MCH-013,2025-10-05 00:00:00,0,0,,
MCH-013,2025-10-06 00:00:00,0,0,,
MCH-013,2025-10-07 00:00:00,0,0,,
MCH-013,2025-10-08 00:00:00,0,0,,
MCH-013,2025-10-09 00:00:00,0,0,,
MCH-013,2025-10-10 00:00:00,0,0,,
MCH-013,2025-10-11 00:00:00,0,0,,
MCH-013,2025-10-12 00:00:00,0,0,,
MCH-013,2025-10-13 00:00:00,0,0,,
MCH-013,2025-10-14 00:00:00,0,0,,
MCH-013,2025-10-15 00:00:00,0,0,,
MCH-013,2025-10-16 00:00:00,0,0,,
MCH-013,2025-10-17 00:00:00,0,0,,
MCH-013,2025-10-18 00:00:00,0,0,,
MCH-013,2025-10-19 00:00:00,0,0,,
MCH-013,2025-10-20 00:00:00,0,0,,
MCH-013,2025-10-21 00:00:00,0,0,,
MCH-013,2025-10-22 00:00:00,0,0,,
MCH-013,2025-10-23 00:00:00,0,0,,
MCH-013,2025-10-24 00:00:00,0,0,,
MCH-013,2025-10-25 00:00:00,0,0,,
MCH-013,2025-10-26 00:00:00,0,0,,
MCH-013,2025-10-27 00:00:00,0,0,,
MCH-013,2025-10-28 00:00:00,0,0,,
MCH-013,2025-10-29 00:00:00,0,0,,
MCH-013,2025-10-30 00:00:00,0,0,,
MCH-013,2025-10-31 00:00:00,0,0,,
MCH-013,2025-11-01 00:00:00,0,0,,
MCH-013,2025-11-02 00:00:00,0,0,,
MCH-013,2025-11-03 00:00:00,0,0,,
MCH-013,2025-11-04 00:00:00,0,0,,
MCH-013,2025-11-05 00:00:00,0,0,,
MCH-013,2025-11-06 00:00:00,0,0,,
MCH-013,2025-11-07 00:00:00,0,0,,
MCH-013,2025-11-08 00:00:00,0,0,,
MCH-013,2025-11-09 00:00:00,0,0,,
MCH-013,2025-11-10 00:00:00,0,0,,
MCH-013,2025-11-11 00:00:00,0,0,,
MCH-013,2025-11-12 00:00:00,0,0,,
MCH-013,2025-11-13 00:00:00,0,0,,
MCH-013,2025-11-14 00:00:00,0,0,,
MCH-013,2025-11-15 00:00:00,0,0,,
MCH-013,2025-11-16 00:00:00,0,0,,
MCH-013,2025-11-17 00:00:00,0,0,,
MCH-013,2025-11-18 00:00:00,0,0,,
MCH-013,2025-11-19 00:00:00,0,0,,
MCH-013,2025-11-20 00:00:00,0,0,,
MCH-013,2025-11-21 00:00:00,0,0,,
MCH-013,2025-11-22 00:00:00,0,0,,
MCH-013,2025-11-23 00:00:00,0,0,,
MCH-013,2025-11-24 00:00:00,0,0,,
MCH-013,2025-11-25 00:00:00,0,0,,
MCH-013,2025-11-26 00:00:00,0,0,,
MCH-013,2025-11-27 00:00:00,0,0,,
MCH-013,2025-11-28 00:00:00,0,0,,
MCH-013,2025-11-29 00:00:00,0,0,,
MCH-013,2025-11-30 00:00:00,0,1,ELECTRICAL,high
MCH-013,2025-12-01 00:00:00,0,1,TOOLING,high
MCH-013,2025-12-02 00:00:00,0,1,TOOLING,high
MCH-013,2025-12-03 00:00:00,0,1,ELECTRICAL,high
MCH-013,2025-12-04 00:00:00,0,1,BEARING,medium
MCH-013,2025-12-05 00:00:00,0,1,MOTOR,medium
MCH-013,2025-12-06 00:00:00,1,1,HYDRAULIC,medium
MCH-013,2025-12-07 00:00:00,1,1,TOOLING,medium
MCH-013,2025-12-08 00:00:00,0,0,,
MCH-013,2025-12-09 00:00:00,0,0,,
MCH-013,2025-12-10 00:00:00,0,0,,
MCH-013,2025-12-11 00:00:00,0,0,,
MCH-013,2025-12-12 00:00:00,0,0,,
MCH-013,2025-12-13 00:00:00,0,0,,
MCH-013,2025-12-14 00:00:00,0,0,,
MCH-013,2025-12-15 00:00:00,0,0,,
MCH-013,2025-12-16 00:00:00,0,0,,
MCH-013,2025-12-17 00:00:00,0,0,,
MCH-013,2025-12-18 00:00:00,0,0,,
MCH-013,2025-12-19 00:00:00,0,0,,
MCH-013,2025-12-20 00:00:00,0,0,,
MCH-013,2025-12-21 00:00:00,0,0,,
MCH-013,2025-12-22 00:00:00,0,0,,
MCH-013,2025-12-23 00:00:00,0,0,,
MCH-013,2025-12-24 00:00:00,0,0,,
MCH-013,2025-12-25 00:00:00,0,0,,
MCH-013,2025-12-26 00:00:00,0,0,,
MCH-013,2025-12-27 00:00:00,0,0,,
MCH-013,2025-12-28 00:00:00,0,0,,
MCH-013,2025-12-29 00:00:00,0,0,,
MCH-013,2025-12-30 00:00:00,0,0,,
MCH-013,2025-12-31 00:00:00,0,0,,
MCH-013,2026-01-01 00:00:00,0,0,,
MCH-013,2026-01-02 00:00:00,0,0,,
MCH-013,2026-01-03 00:00:00,0,0,,
MCH-013,2026-01-04 00:00:00,0,0,,
MCH-013,2026-01-05 00:00:00,0,1,SENSOR,medium
MCH-013,2026-01-06 00:00:00,0,1,MOTOR,critical
MCH-013,2026-01-07 00:00:00,0,1,BEARING,high
MCH-013,2026-01-08 00:00:00,0,1,TOOLING,medium
MCH-013,2026-01-09 00:00:00,0,1,SENSOR,medium
MCH-013,2026-01-10 00:00:00,0,1,ELECTRICAL,critical
MCH-013,2026-01-11 00:00:00,1,1,BEARING,medium
MCH-013,2026-01-12 00:00:00,1,1,ELECTRICAL,medium
MCH-013,2026-01-13 00:00:00,0,0,,
MCH-013,2026-01-14 00:00:00,0,0,,
MCH-013,2026-01-15 00:00:00,0,0,,
MCH-013,2026-01-16 00:00:00,0,0,,
MCH-013,2026-01-17 00:00:00,0,0,,
MCH-013,2026-01-18 00:00:00,0,0,,
MCH-013,2026-01-19 00:00:00,0,0,,
MCH-013,2026-01-20 00:00:00,0,0,,
MCH-013,2026-01-21 00:00:00,0,0,,
MCH-013,2026-01-22 00:00:00,0,0,,
MCH-013,2026-01-23 00:00:00,0,0,,
MCH-013,2026-01-24 00:00:00,0,0,,
MCH-013,2026-01-25 00:00:00,0,0,,
MCH-013,2026-01-26 00:00:00,0,0,,
MCH-013,2026-01-27 00:00:00,0,0,,
MCH-013,2026-01-28 00:00:00,0,0,,
MCH-013,2026-01-29 00:00:00,0,0,,
MCH-013,2026-01-30 00:00:00,0,0,,
MCH-013,2026-01-31 00:00:00,0,0,,
MCH-013,2026-02-01 00:00:00,0,0,,
MCH-013,2026-02-02 00:00:00,0,0,,
MCH-013,2026-02-03 00:00:00,0,0,,
MCH-013,2026-02-04 00:00:00,0,0,,
MCH-013,2026-02-05 00:00:00,0,0,,
MCH-013,2026-02-06 00:00:00,0,0,,
MCH-013,2026-02-07 00:00:00,0,0,,
MCH-013,2026-02-08 00:00:00,0,0,,
MCH-013,2026-02-09 00:00:00,0,0,,
MCH-013,2026-02-10 00:00:00,0,0,,
MCH-013,2026-02-11 00:00:00,0,0,,
MCH-013,2026-02-12 00:00:00,0,0,,
MCH-013,2026-02-13 00:00:00,0,0,,
MCH-013,2026-02-14 00:00:00,0,0,,
MCH-013,2026-02-15 00:00:00,0,0,,
MCH-013,2026-02-16 00:00:00,0,0,,
MCH-013,2026-02-17 00:00:00,0,0,,
MCH-013,2026-02-18 00:00:00,0,0,,
MCH-013,2026-02-19 00:00:00,0,0,,
MCH-013,2026-02-20 00:00:00,0,0,,
MCH-013,2026-02-21 00:00:00,0,0,,
MCH-013,2026-02-22 00:00:00,0,0,,
MCH-013,2026-02-23 00:00:00,0,0,,
MCH-013,2026-02-24 00:00:00,0,0,,
MCH-013,2026-02-25 00:00:00,0,0,,
MCH-013,2026-02-26 00:00:00,0,0,,
MCH-013,2026-02-27 00:00:00,0,0,,
MCH-013,2026-02-28 00:00:00,0,0,,
MCH-013,2026-03-01 00:00:00,0,0,,
MCH-013,2026-03-02 00:00:00,0,0,,
MCH-013,2026-03-03 00:00:00,0,0,,
MCH-013,2026-03-04 00:00:00,0,0,,
MCH-013,2026-03-05 00:00:00,0,0,,
MCH-013,2026-03-06 00:00:00,0,0,,
MCH-013,2026-03-07 00:00:00,0,0,,
MCH-013,2026-03-08 00:00:00,0,0,,
MCH-013,2026-03-09 00:00:00,0,0,,
MCH-013,2026-03-10 00:00:00,0,0,,
MCH-013,2026-03-11 00:00:00,0,0,,
MCH-013,2026-03-12 00:00:00,0,0,,
MCH-013,2026-03-13 00:00:00,0,0,,
MCH-013,2026-03-14 00:00:00,0,0,,
MCH-013,2026-03-15 00:00:00,0,0,,
MCH-013,2026-03-16 00:00:00,0,0,,
MCH-013,2026-03-17 00:00:00,0,0,,
MCH-013,2026-03-18 00:00:00,0,0,,
MCH-013,2026-03-19 00:00:00,0,0,,
MCH-013,2026-03-20 00:00:00,0,0,,
MCH-013,2026-03-21 00:00:00,0,0,,
MCH-013,2026-03-22 00:00:00,0,0,,
MCH-013,2026-03-23 00:00:00,0,0,,
MCH-013,2026-03-24 00:00:00,0,0,,
MCH-013,2026-03-25 00:00:00,0,0,,
MCH-013,2026-03-26 00:00:00,0,0,,
MCH-013,2026-03-27 00:00:00,0,0,,
MCH-013,2026-03-28 00:00:00,0,0,,
MCH-013,2026-03-29 00:00:00,0,0,,
MCH-013,2026-03-30 00:00:00,0,0,,
MCH-013,2026-03-31 00:00:00,0,0,,
MCH-013,2026-04-01 00:00:00,0,0,,
MCH-013,2026-04-02 00:00:00,0,0,,
MCH-013,2026-04-03 00:00:00,0,0,,
MCH-013,2026-04-04 00:00:00,0,0,,
MCH-013,2026-04-05 00:00:00,0,0,,
MCH-013,2026-04-06 00:00:00,0,0,,
MCH-013,2026-04-07 00:00:00,0,0,,
MCH-013,2026-04-08 00:00:00,0,0,,
MCH-013,2026-04-09 00:00:00,0,0,,
MCH-013,2026-04-10 00:00:00,0,0,,
MCH-013,2026-04-11 00:00:00,0,0,,
MCH-013,2026-04-12 00:00:00,0,0,,
MCH-013,2026-04-13 00:00:00,0,0,,
MCH-013,2026-04-14 00:00:00,0,0,,
MCH-013,2026-04-15 00:00:00,0,0,,
MCH-013,2026-04-16 00:00:00,0,0,,
MCH-013,2026-04-17 00:00:00,0,0,,
MCH-013,2026-04-18 00:00:00,0,0,,
MCH-013,2026-04-19 00:00:00,0,0,,
MCH-013,2026-04-20 00:00:00,0,0,,
MCH-013,2026-04-21 00:00:00,0,0,,
MCH-013,2026-04-22 00:00:00,0,0,,
MCH-013,2026-04-23 00:00:00,0,0,,
MCH-013,2026-04-24 00:00:00,0,0,,
MCH-013,2026-04-25 00:00:00,0,0,,
MCH-013,2026-04-26 00:00:00,0,0,,
MCH-013,2026-04-27 00:00:00,0,0,,
MCH-013,2026-04-28 00:00:00,0,0,,
MCH-013,2026-04-29 00:00:00,0,0,,
MCH-013,2026-04-30 00:00:00,0,0,,
MCH-013,2026-05-01 00:00:00,0,0,,
MCH-013,2026-05-02 00:00:00,0,0,,
MCH-013,2026-05-03 00:00:00,0,0,,
MCH-013,2026-05-04 00:00:00,0,0,,
MCH-013,2026-05-05 00:00:00,0,0,,
MCH-013,2026-05-06 00:00:00,0,0,,
MCH-013,2026-05-07 00:00:00,0,0,,
MCH-013,2026-05-08 00:00:00,0,0,,
MCH-013,2026-05-09 00:00:00,0,0,,
MCH-013,2026-05-10 00:00:00,0,0,,
MCH-013,2026-05-11 00:00:00,0,0,,
MCH-013,2026-05-12 00:00:00,0,0,,
MCH-013,2026-05-13 00:00:00,0,0,,
MCH-013,2026-05-14 00:00:00,0,0,,
MCH-013,2026-05-15 00:00:00,0,0,,
MCH-013,2026-05-16 00:00:00,0,0,,
MCH-013,2026-05-17 00:00:00,0,0,,
MCH-013,2026-05-18 00:00:00,0,0,,
MCH-013,2026-05-19 00:00:00,0,0,,
MCH-013,2026-05-20 00:00:00,0,0,,
MCH-013,2026-05-21 00:00:00,0,0,,
MCH-013,2026-05-22 00:00:00,0,0,,
MCH-013,2026-05-23 00:00:00,0,0,,
MCH-013,2026-05-24 00:00:00,0,0,,
MCH-013,2026-05-25 00:00:00,0,0,,
MCH-013,2026-05-26 00:00:00,0,0,,
MCH-013,2026-05-27 00:00:00,0,0,,
MCH-013,2026-05-28 00:00:00,0,0,,
MCH-013,2026-05-29 00:00:00,0,0,,
MCH-013,2026-05-30 00:00:00,0,0,,
MCH-013,2026-05-31 00:00:00,0,0,,
MCH-013,2026-06-01 00:00:00,0,0,,
MCH-013,2026-06-02 00:00:00,0,0,,
MCH-013,2026-06-03 00:00:00,0,0,,
MCH-013,2026-06-04 00:00:00,0,0,,
MCH-013,2026-06-05 00:00:00,0,0,,
MCH-013,2026-06-06 00:00:00,0,0,,
MCH-013,2026-06-07 00:00:00,0,0,,
MCH-013,2026-06-08 00:00:00,0,0,,
MCH-013,2026-06-09 00:00:00,0,0,,
MCH-013,2026-06-10 00:00:00,0,0,,
MCH-013,2026-06-11 00:00:00,0,0,,
MCH-013,2026-06-12 00:00:00,0,0,,
MCH-013,2026-06-13 00:00:00,0,0,,
MCH-013,2026-06-14 00:00:00,0,0,,
MCH-013,2026-06-15 00:00:00,0,0,,
MCH-013,2026-06-16 00:00:00,0,0,,
MCH-013,2026-06-17 00:00:00,0,0,,
MCH-013,2026-06-18 00:00:00,0,0,,
MCH-013,2026-06-19 00:00:00,0,0,,
MCH-013,2026-06-20 00:00:00,0,0,,
MCH-013,2026-06-21 00:00:00,0,0,,
MCH-013,2026-06-22 00:00:00,0,0,,
MCH-013,2026-06-23 00:00:00,0,0,,
MCH-013,2026-06-24 00:00:00,0,0,,
MCH-013,2026-06-25 00:00:00,0,1,SENSOR,critical
MCH-013,2026-06-26 00:00:00,0,1,TOOLING,high
MCH-013,2026-06-27 00:00:00,0,1,SENSOR,high
MCH-013,2026-06-28 00:00:00,0,1,MOTOR,medium
MCH-013,2026-06-29 00:00:00,0,1,BEARING,critical
MCH-013,2026-06-30 00:00:00,0,1,MOTOR,critical
MCH-013,2026-07-01 00:00:00,1,1,MOTOR,medium
MCH-013,2026-07-02 00:00:00,1,1,ELECTRICAL,medium
MCH-013,2026-07-03 00:00:00,0,0,,
MCH-013,2026-07-04 00:00:00,0,1,MOTOR,high
MCH-013,2026-07-05 00:00:00,0,1,TOOLING,medium
MCH-013,2026-07-06 00:00:00,0,1,BEARING,medium
MCH-013,2026-07-07 00:00:00,0,1,ELECTRICAL,high
MCH-013,2026-07-08 00:00:00,0,1,HYDRAULIC,medium
MCH-013,2026-07-09 00:00:00,0,1,BEARING,medium
MCH-013,2026-07-10 00:00:00,1,1,SENSOR,high
MCH-013,2026-07-11 00:00:00,1,1,MOTOR,medium
MCH-013,2026-07-12 00:00:00,0,0,,
MCH-013,2026-07-13 00:00:00,0,0,,
MCH-013,2026-07-14 00:00:00,0,0,,
MCH-013,2026-07-15 00:00:00,0,0,,
MCH-013,2026-07-16 00:00:00,0,0,,
MCH-013,2026-07-17 00:00:00,0,0,,
MCH-013,2026-07-18 00:00:00,0,0,,
MCH-013,2026-07-19 00:00:00,0,0,,
MCH-013,2026-07-20 00:00:00,0,0,,
MCH-013,2026-07-21 00:00:00,0,0,,
MCH-013,2026-07-22 00:00:00,0,0,,
MCH-013,2026-07-23 00:00:00,0,0,,
MCH-013,2026-07-24 00:00:00,0,0,,
MCH-013,2026-07-25 00:00:00,0,0,,
MCH-013,2026-07-26 00:00:00,0,0,,
MCH-013,2026-07-27 00:00:00,0,0,,
MCH-013,2026-07-28 00:00:00,0,0,,
MCH-013,2026-07-29 00:00:00,0,0,,
MCH-013,2026-07-30 00:00:00,0,0,,
MCH-013,2026-07-31 00:00:00,0,0,,
MCH-014,2025-08-01 00:00:00,0,0,,
MCH-014,2025-08-02 00:00:00,0,0,,
MCH-014,2025-08-03 00:00:00,0,0,,
MCH-014,2025-08-04 00:00:00,0,0,,
MCH-014,2025-08-05 00:00:00,0,0,,
MCH-014,2025-08-06 00:00:00,0,0,,
MCH-014,2025-08-07 00:00:00,0,0,,
MCH-014,2025-08-08 00:00:00,0,0,,
MCH-014,2025-08-09 00:00:00,0,0,,
MCH-014,2025-08-10 00:00:00,0,0,,
MCH-014,2025-08-11 00:00:00,0,0,,
MCH-014,2025-08-12 00:00:00,0,0,,
MCH-014,2025-08-13 00:00:00,0,0,,
MCH-014,2025-08-14 00:00:00,0,0,,
MCH-014,2025-08-15 00:00:00,0,0,,
MCH-014,2025-08-16 00:00:00,0,0,,
MCH-014,2025-08-17 00:00:00,0,0,,
MCH-014,2025-08-18 00:00:00,0,0,,
MCH-014,2025-08-19 00:00:00,0,0,,
MCH-014,2025-08-20 00:00:00,0,0,,
MCH-014,2025-08-21 00:00:00,0,0,,
MCH-014,2025-08-22 00:00:00,0,0,,
MCH-014,2025-08-23 00:00:00,0,0,,
MCH-014,2025-08-24 00:00:00,0,0,,
MCH-014,2025-08-25 00:00:00,0,0,,
MCH-014,2025-08-26 00:00:00,0,0,,
MCH-014,2025-08-27 00:00:00,0,0,,
MCH-014,2025-08-28 00:00:00,0,0,,
MCH-014,2025-08-29 00:00:00,0,0,,
MCH-014,2025-08-30 00:00:00,0,0,,
MCH-014,2025-08-31 00:00:00,0,0,,
MCH-014,2025-09-01 00:00:00,0,0,,
MCH-014,2025-09-02 00:00:00,0,0,,
MCH-014,2025-09-03 00:00:00,0,0,,
MCH-014,2025-09-04 00:00:00,0,0,,
MCH-014,2025-09-05 00:00:00,0,0,,
MCH-014,2025-09-06 00:00:00,0,0,,
MCH-014,2025-09-07 00:00:00,0,0,,
MCH-014,2025-09-08 00:00:00,0,0,,
MCH-014,2025-09-09 00:00:00,0,0,,
MCH-014,2025-09-10 00:00:00,0,0,,
MCH-014,2025-09-11 00:00:00,0,0,,
MCH-014,2025-09-12 00:00:00,0,0,,
MCH-014,2025-09-13 00:00:00,0,0,,
MCH-014,2025-09-14 00:00:00,0,0,,
MCH-014,2025-09-15 00:00:00,0,0,,
MCH-014,2025-09-16 00:00:00,0,0,,
MCH-014,2025-09-17 00:00:00,0,0,,
MCH-014,2025-09-18 00:00:00,0,0,,
MCH-014,2025-09-19 00:00:00,0,0,,
MCH-014,2025-09-20 00:00:00,0,0,,
MCH-014,2025-09-21 00:00:00,0,0,,
MCH-014,2025-09-22 00:00:00,0,0,,
MCH-014,2025-09-23 00:00:00,0,0,,
MCH-014,2025-09-24 00:00:00,0,1,ELECTRICAL,medium
MCH-014,2025-09-25 00:00:00,0,1,SENSOR,medium
MCH-014,2025-09-26 00:00:00,0,1,SENSOR,high
MCH-014,2025-09-27 00:00:00,0,1,HYDRAULIC,high
MCH-014,2025-09-28 00:00:00,0,1,MOTOR,medium
MCH-014,2025-09-29 00:00:00,0,1,ELECTRICAL,medium
MCH-014,2025-09-30 00:00:00,1,1,BEARING,medium
MCH-014,2025-10-01 00:00:00,1,1,TOOLING,critical
MCH-014,2025-10-02 00:00:00,0,0,,
MCH-014,2025-10-03 00:00:00,0,0,,
MCH-014,2025-10-04 00:00:00,0,0,,
MCH-014,2025-10-05 00:00:00,0,0,,
MCH-014,2025-10-06 00:00:00,0,0,,
MCH-014,2025-10-07 00:00:00,0,0,,
MCH-014,2025-10-08 00:00:00,0,0,,
MCH-014,2025-10-09 00:00:00,0,0,,
MCH-014,2025-10-10 00:00:00,0,0,,
MCH-014,2025-10-11 00:00:00,0,0,,
MCH-014,2025-10-12 00:00:00,0,0,,
MCH-014,2025-10-13 00:00:00,0,0,,
MCH-014,2025-10-14 00:00:00,0,0,,
MCH-014,2025-10-15 00:00:00,0,0,,
MCH-014,2025-10-16 00:00:00,0,0,,
MCH-014,2025-10-17 00:00:00,0,0,,
MCH-014,2025-10-18 00:00:00,0,0,,
MCH-014,2025-10-19 00:00:00,0,0,,
MCH-014,2025-10-20 00:00:00,0,0,,
MCH-014,2025-10-21 00:00:00,0,0,,
MCH-014,2025-10-22 00:00:00,0,0,,
MCH-014,2025-10-23 00:00:00,0,0,,
MCH-014,2025-10-24 00:00:00,0,0,,
MCH-014,2025-10-25 00:00:00,0,0,,
MCH-014,2025-10-26 00:00:00,0,0,,
MCH-014,2025-10-27 00:00:00,0,0,,
MCH-014,2025-10-28 00:00:00,0,0,,
MCH-014,2025-10-29 00:00:00,0,0,,
MCH-014,2025-10-30 00:00:00,0,0,,
MCH-014,2025-10-31 00:00:00,0,0,,
MCH-014,2025-11-01 00:00:00,0,0,,
MCH-014,2025-11-02 00:00:00,0,0,,
MCH-014,2025-11-03 00:00:00,0,0,,
MCH-014,2025-11-04 00:00:00,0,0,,
MCH-014,2025-11-05 00:00:00,0,0,,
MCH-014,2025-11-06 00:00:00,0,0,,
MCH-014,2025-11-07 00:00:00,0,0,,
MCH-014,2025-11-08 00:00:00,0,0,,
MCH-014,2025-11-09 00:00:00,0,0,,
MCH-014,2025-11-10 00:00:00,0,0,,
MCH-014,2025-11-11 00:00:00,0,0,,
MCH-014,2025-11-12 00:00:00,0,0,,
MCH-014,2025-11-13 00:00:00,0,0,,
MCH-014,2025-11-14 00:00:00,0,0,,
MCH-014,2025-11-15 00:00:00,0,0,,
MCH-014,2025-11-16 00:00:00,0,1,MOTOR,medium
MCH-014,2025-11-17 00:00:00,0,1,MOTOR,high
MCH-014,2025-11-18 00:00:00,0,1,TOOLING,high
MCH-014,2025-11-19 00:00:00,0,1,SENSOR,high
MCH-014,2025-11-20 00:00:00,0,1,MOTOR,medium
MCH-014,2025-11-21 00:00:00,0,1,HYDRAULIC,medium
MCH-014,2025-11-22 00:00:00,1,1,MOTOR,critical
MCH-014,2025-11-23 00:00:00,1,1,SENSOR,medium
MCH-014,2025-11-24 00:00:00,0,0,,
MCH-014,2025-11-25 00:00:00,0,0,,
MCH-014,2025-11-26 00:00:00,0,0,,
MCH-014,2025-11-27 00:00:00,0,0,,
MCH-014,2025-11-28 00:00:00,0,0,,
MCH-014,2025-11-29 00:00:00,0,0,,
MCH-014,2025-11-30 00:00:00,0,0,,
MCH-014,2025-12-01 00:00:00,0,0,,
MCH-014,2025-12-02 00:00:00,0,0,,
MCH-014,2025-12-03 00:00:00,0,0,,
MCH-014,2025-12-04 00:00:00,0,0,,
MCH-014,2025-12-05 00:00:00,0,0,,
MCH-014,2025-12-06 00:00:00,0,0,,
MCH-014,2025-12-07 00:00:00,0,0,,
MCH-014,2025-12-08 00:00:00,0,0,,
MCH-014,2025-12-09 00:00:00,0,0,,
MCH-014,2025-12-10 00:00:00,0,0,,
MCH-014,2025-12-11 00:00:00,0,0,,
MCH-014,2025-12-12 00:00:00,0,0,,
MCH-014,2025-12-13 00:00:00,0,0,,
MCH-014,2025-12-14 00:00:00,0,0,,
MCH-014,2025-12-15 00:00:00,0,0,,
MCH-014,2025-12-16 00:00:00,0,0,,
MCH-014,2025-12-17 00:00:00,0,0,,
MCH-014,2025-12-18 00:00:00,0,0,,
MCH-014,2025-12-19 00:00:00,0,0,,
MCH-014,2025-12-20 00:00:00,0,0,,
MCH-014,2025-12-21 00:00:00,0,0,,
MCH-014,2025-12-22 00:00:00,0,0,,
MCH-014,2025-12-23 00:00:00,0,0,,
MCH-014,2025-12-24 00:00:00,0,0,,
MCH-014,2025-12-25 00:00:00,0,0,,
MCH-014,2025-12-26 00:00:00,0,0,,
MCH-014,2025-12-27 00:00:00,0,0,,
MCH-014,2025-12-28 00:00:00,0,0,,
MCH-014,2025-12-29 00:00:00,0,0,,
MCH-014,2025-12-30 00:00:00,0,0,,
MCH-014,2025-12-31 00:00:00,0,0,,
MCH-014,2026-01-01 00:00:00,0,0,,
MCH-014,2026-01-02 00:00:00,0,0,,
MCH-014,2026-01-03 00:00:00,0,0,,
MCH-014,2026-01-04 00:00:00,0,0,,
MCH-014,2026-01-05 00:00:00,0,0,,
MCH-014,2026-01-06 00:00:00,0,0,,
MCH-014,2026-01-07 00:00:00,0,0,,
MCH-014,2026-01-08 00:00:00,0,0,,
MCH-014,2026-01-09 00:00:00,0,0,,
MCH-014,2026-01-10 00:00:00,0,0,,
MCH-014,2026-01-11 00:00:00,0,0,,
MCH-014,2026-01-12 00:00:00,0,0,,
MCH-014,2026-01-13 00:00:00,0,0,,
MCH-014,2026-01-14 00:00:00,0,0,,
MCH-014,2026-01-15 00:00:00,0,0,,
MCH-014,2026-01-16 00:00:00,0,0,,
MCH-014,2026-01-17 00:00:00,0,0,,
MCH-014,2026-01-18 00:00:00,0,0,,
MCH-014,2026-01-19 00:00:00,0,0,,
MCH-014,2026-01-20 00:00:00,0,0,,
MCH-014,2026-01-21 00:00:00,0,0,,
MCH-014,2026-01-22 00:00:00,0,0,,
MCH-014,2026-01-23 00:00:00,0,0,,
MCH-014,2026-01-24 00:00:00,0,0,,
MCH-014,2026-01-25 00:00:00,0,0,,
MCH-014,2026-01-26 00:00:00,0,0,,
MCH-014,2026-01-27 00:00:00,0,0,,
MCH-014,2026-01-28 00:00:00,0,0,,
MCH-014,2026-01-29 00:00:00,0,0,,
MCH-014,2026-01-30 00:00:00,0,0,,
MCH-014,2026-01-31 00:00:00,0,0,,
MCH-014,2026-02-01 00:00:00,0,0,,
MCH-014,2026-02-02 00:00:00,0,0,,
MCH-014,2026-02-03 00:00:00,0,0,,
MCH-014,2026-02-04 00:00:00,0,0,,
MCH-014,2026-02-05 00:00:00,0,0,,
MCH-014,2026-02-06 00:00:00,0,0,,
MCH-014,2026-02-07 00:00:00,0,0,,
MCH-014,2026-02-08 00:00:00,0,0,,
MCH-014,2026-02-09 00:00:00,0,0,,
MCH-014,2026-02-10 00:00:00,0,0,,
MCH-014,2026-02-11 00:00:00,0,0,,
MCH-014,2026-02-12 00:00:00,0,0,,
MCH-014,2026-02-13 00:00:00,0,0,,
MCH-014,2026-02-14 00:00:00,0,0,,
MCH-014,2026-02-15 00:00:00,0,0,,
MCH-014,2026-02-16 00:00:00,0,0,,
MCH-014,2026-02-17 00:00:00,0,0,,
MCH-014,2026-02-18 00:00:00,0,0,,
MCH-014,2026-02-19 00:00:00,0,0,,
MCH-014,2026-02-20 00:00:00,0,0,,
MCH-014,2026-02-21 00:00:00,0,0,,
MCH-014,2026-02-22 00:00:00,0,0,,
MCH-014,2026-02-23 00:00:00,0,0,,
MCH-014,2026-02-24 00:00:00,0,0,,
MCH-014,2026-02-25 00:00:00,0,0,,
MCH-014,2026-02-26 00:00:00,0,0,,
MCH-014,2026-02-27 00:00:00,0,0,,
MCH-014,2026-02-28 00:00:00,0,0,,
MCH-014,2026-03-01 00:00:00,0,0,,
MCH-014,2026-03-02 00:00:00,0,0,,
MCH-014,2026-03-03 00:00:00,0,0,,
MCH-014,2026-03-04 00:00:00,0,0,,
MCH-014,2026-03-05 00:00:00,0,0,,
MCH-014,2026-03-06 00:00:00,0,0,,
MCH-014,2026-03-07 00:00:00,0,0,,
MCH-014,2026-03-08 00:00:00,0,0,,
MCH-014,2026-03-09 00:00:00,0,1,MOTOR,medium
MCH-014,2026-03-10 00:00:00,0,1,HYDRAULIC,high
MCH-014,2026-03-11 00:00:00,0,1,MOTOR,medium
MCH-014,2026-03-12 00:00:00,0,1,BEARING,high
MCH-014,2026-03-13 00:00:00,0,1,HYDRAULIC,medium
MCH-014,2026-03-14 00:00:00,0,1,ELECTRICAL,high
MCH-014,2026-03-15 00:00:00,1,1,HYDRAULIC,medium
MCH-014,2026-03-16 00:00:00,1,1,TOOLING,medium
MCH-014,2026-03-17 00:00:00,0,0,,
MCH-014,2026-03-18 00:00:00,0,0,,
MCH-014,2026-03-19 00:00:00,0,0,,
MCH-014,2026-03-20 00:00:00,0,0,,
MCH-014,2026-03-21 00:00:00,0,0,,
MCH-014,2026-03-22 00:00:00,0,0,,
MCH-014,2026-03-23 00:00:00,0,0,,
MCH-014,2026-03-24 00:00:00,0,0,,
MCH-014,2026-03-25 00:00:00,0,0,,
MCH-014,2026-03-26 00:00:00,0,0,,
MCH-014,2026-03-27 00:00:00,0,0,,
MCH-014,2026-03-28 00:00:00,0,0,,
MCH-014,2026-03-29 00:00:00,0,0,,
MCH-014,2026-03-30 00:00:00,0,0,,
MCH-014,2026-03-31 00:00:00,0,0,,
MCH-014,2026-04-01 00:00:00,0,0,,
MCH-014,2026-04-02 00:00:00,0,0,,
MCH-014,2026-04-03 00:00:00,0,0,,
MCH-014,2026-04-04 00:00:00,0,0,,
MCH-014,2026-04-05 00:00:00,0,0,,
MCH-014,2026-04-06 00:00:00,0,0,,
MCH-014,2026-04-07 00:00:00,0,0,,
MCH-014,2026-04-08 00:00:00,0,0,,
MCH-014,2026-04-09 00:00:00,0,0,,
MCH-014,2026-04-10 00:00:00,0,0,,
MCH-014,2026-04-11 00:00:00,0,0,,
MCH-014,2026-04-12 00:00:00,0,0,,
MCH-014,2026-04-13 00:00:00,0,0,,
MCH-014,2026-04-14 00:00:00,0,0,,
MCH-014,2026-04-15 00:00:00,0,0,,
MCH-014,2026-04-16 00:00:00,0,0,,
MCH-014,2026-04-17 00:00:00,0,0,,
MCH-014,2026-04-18 00:00:00,0,0,,
MCH-014,2026-04-19 00:00:00,0,0,,
MCH-014,2026-04-20 00:00:00,0,0,,
MCH-014,2026-04-21 00:00:00,0,0,,
MCH-014,2026-04-22 00:00:00,0,0,,
MCH-014,2026-04-23 00:00:00,0,0,,
MCH-014,2026-04-24 00:00:00,0,0,,
MCH-014,2026-04-25 00:00:00,0,0,,
MCH-014,2026-04-26 00:00:00,0,0,,
MCH-014,2026-04-27 00:00:00,0,0,,
MCH-014,2026-04-28 00:00:00,0,0,,
MCH-014,2026-04-29 00:00:00,0,0,,
MCH-014,2026-04-30 00:00:00,0,0,,
MCH-014,2026-05-01 00:00:00,0,0,,
MCH-014,2026-05-02 00:00:00,0,0,,
MCH-014,2026-05-03 00:00:00,0,0,,
MCH-014,2026-05-04 00:00:00,0,0,,
MCH-014,2026-05-05 00:00:00,0,0,,
MCH-014,2026-05-06 00:00:00,0,0,,
MCH-014,2026-05-07 00:00:00,0,0,,
MCH-014,2026-05-08 00:00:00,0,0,,
MCH-014,2026-05-09 00:00:00,0,0,,
MCH-014,2026-05-10 00:00:00,0,0,,
MCH-014,2026-05-11 00:00:00,0,0,,
MCH-014,2026-05-12 00:00:00,0,0,,
MCH-014,2026-05-13 00:00:00,0,0,,
MCH-014,2026-05-14 00:00:00,0,0,,
MCH-014,2026-05-15 00:00:00,0,0,,
MCH-014,2026-05-16 00:00:00,0,0,,
MCH-014,2026-05-17 00:00:00,0,0,,
MCH-014,2026-05-18 00:00:00,0,0,,
MCH-014,2026-05-19 00:00:00,0,0,,
MCH-014,2026-05-20 00:00:00,0,0,,
MCH-014,2026-05-21 00:00:00,0,0,,
MCH-014,2026-05-22 00:00:00,0,0,,
MCH-014,2026-05-23 00:00:00,0,0,,
MCH-014,2026-05-24 00:00:00,0,0,,
MCH-014,2026-05-25 00:00:00,0,0,,
MCH-014,2026-05-26 00:00:00,0,0,,
MCH-014,2026-05-27 00:00:00,0,0,,
MCH-014,2026-05-28 00:00:00,0,0,,
MCH-014,2026-05-29 00:00:00,0,0,,
MCH-014,2026-05-30 00:00:00,0,0,,
MCH-014,2026-05-31 00:00:00,0,0,,
MCH-014,2026-06-01 00:00:00,0,0,,
MCH-014,2026-06-02 00:00:00,0,0,,
MCH-014,2026-06-03 00:00:00,0,0,,
MCH-014,2026-06-04 00:00:00,0,0,,
MCH-014,2026-06-05 00:00:00,0,0,,
MCH-014,2026-06-06 00:00:00,0,0,,
MCH-014,2026-06-07 00:00:00,0,0,,
MCH-014,2026-06-08 00:00:00,0,0,,
MCH-014,2026-06-09 00:00:00,0,0,,
MCH-014,2026-06-10 00:00:00,0,0,,
MCH-014,2026-06-11 00:00:00,0,0,,
MCH-014,2026-06-12 00:00:00,0,0,,
MCH-014,2026-06-13 00:00:00,0,0,,
MCH-014,2026-06-14 00:00:00,0,0,,
MCH-014,2026-06-15 00:00:00,0,0,,
MCH-014,2026-06-16 00:00:00,0,0,,
MCH-014,2026-06-17 00:00:00,0,0,,
MCH-014,2026-06-18 00:00:00,0,0,,
MCH-014,2026-06-19 00:00:00,0,0,,
MCH-014,2026-06-20 00:00:00,0,0,,
MCH-014,2026-06-21 00:00:00,0,0,,
MCH-014,2026-06-22 00:00:00,0,0,,
MCH-014,2026-06-23 00:00:00,0,0,,
MCH-014,2026-06-24 00:00:00,0,0,,
MCH-014,2026-06-25 00:00:00,0,0,,
MCH-014,2026-06-26 00:00:00,0,0,,
MCH-014,2026-06-27 00:00:00,0,0,,
MCH-014,2026-06-28 00:00:00,0,0,,
MCH-014,2026-06-29 00:00:00,0,0,,
MCH-014,2026-06-30 00:00:00,0,0,,
MCH-014,2026-07-01 00:00:00,0,0,,
MCH-014,2026-07-02 00:00:00,0,0,,
MCH-014,2026-07-03 00:00:00,0,0,,
MCH-014,2026-07-04 00:00:00,0,0,,
MCH-014,2026-07-05 00:00:00,0,0,,
MCH-014,2026-07-06 00:00:00,0,0,,
MCH-014,2026-07-07 00:00:00,0,0,,
MCH-014,2026-07-08 00:00:00,0,0,,
MCH-014,2026-07-09 00:00:00,0,0,,
MCH-014,2026-07-10 00:00:00,0,0,,
MCH-014,2026-07-11 00:00:00,0,0,,
MCH-014,2026-07-12 00:00:00,0,0,,
MCH-014,2026-07-13 00:00:00,0,0,,
MCH-014,2026-07-14 00:00:00,0,0,,
MCH-014,2026-07-15 00:00:00,0,0,,
MCH-014,2026-07-16 00:00:00,0,0,,
MCH-014,2026-07-17 00:00:00,0,0,,
MCH-014,2026-07-18 00:00:00,0,0,,
MCH-014,2026-07-19 00:00:00,0,0,,
MCH-014,2026-07-20 00:00:00,0,0,,
MCH-014,2026-07-21 00:00:00,0,0,,
MCH-014,2026-07-22 00:00:00,0,0,,
MCH-014,2026-07-23 00:00:00,0,0,,
MCH-014,2026-07-24 00:00:00,0,0,,
MCH-014,2026-07-25 00:00:00,0,0,,
MCH-014,2026-07-26 00:00:00,0,0,,
MCH-014,2026-07-27 00:00:00,0,0,,
MCH-014,2026-07-28 00:00:00,0,0,,
MCH-014,2026-07-29 00:00:00,0,0,,
MCH-014,2026-07-30 00:00:00,0,0,,
MCH-014,2026-07-31 00:00:00,0,0,,
MCH-015,2025-08-01 00:00:00,0,0,,
MCH-015,2025-08-02 00:00:00,0,0,,
MCH-015,2025-08-03 00:00:00,0,0,,
MCH-015,2025-08-04 00:00:00,0,0,,
MCH-015,2025-08-05 00:00:00,0,0,,
MCH-015,2025-08-06 00:00:00,0,0,,
MCH-015,2025-08-07 00:00:00,0,0,,
MCH-015,2025-08-08 00:00:00,0,0,,
MCH-015,2025-08-09 00:00:00,0,0,,
MCH-015,2025-08-10 00:00:00,0,0,,
MCH-015,2025-08-11 00:00:00,0,0,,
MCH-015,2025-08-12 00:00:00,0,0,,
MCH-015,2025-08-13 00:00:00,0,0,,
MCH-015,2025-08-14 00:00:00,0,0,,
MCH-015,2025-08-15 00:00:00,0,0,,
MCH-015,2025-08-16 00:00:00,0,0,,
MCH-015,2025-08-17 00:00:00,0,0,,
MCH-015,2025-08-18 00:00:00,0,0,,
MCH-015,2025-08-19 00:00:00,0,0,,
MCH-015,2025-08-20 00:00:00,0,0,,
MCH-015,2025-08-21 00:00:00,0,0,,
MCH-015,2025-08-22 00:00:00,0,0,,
MCH-015,2025-08-23 00:00:00,0,0,,
MCH-015,2025-08-24 00:00:00,0,0,,
MCH-015,2025-08-25 00:00:00,0,0,,
MCH-015,2025-08-26 00:00:00,0,0,,
MCH-015,2025-08-27 00:00:00,0,0,,
MCH-015,2025-08-28 00:00:00,0,0,,
MCH-015,2025-08-29 00:00:00,0,0,,
MCH-015,2025-08-30 00:00:00,0,0,,
MCH-015,2025-08-31 00:00:00,0,0,,
MCH-015,2025-09-01 00:00:00,0,0,,
MCH-015,2025-09-02 00:00:00,0,0,,
MCH-015,2025-09-03 00:00:00,0,0,,
MCH-015,2025-09-04 00:00:00,0,0,,
MCH-015,2025-09-05 00:00:00,0,0,,
MCH-015,2025-09-06 00:00:00,0,0,,
MCH-015,2025-09-07 00:00:00,0,0,,
MCH-015,2025-09-08 00:00:00,0,0,,
MCH-015,2025-09-09 00:00:00,0,0,,
MCH-015,2025-09-10 00:00:00,0,0,,
MCH-015,2025-09-11 00:00:00,0,0,,
MCH-015,2025-09-12 00:00:00,0,0,,
MCH-015,2025-09-13 00:00:00,0,0,,
MCH-015,2025-09-14 00:00:00,0,0,,
MCH-015,2025-09-15 00:00:00,0,0,,
MCH-015,2025-09-16 00:00:00,0,0,,
MCH-015,2025-09-17 00:00:00,0,0,,
MCH-015,2025-09-18 00:00:00,0,0,,
MCH-015,2025-09-19 00:00:00,0,0,,
MCH-015,2025-09-20 00:00:00,0,0,,
MCH-015,2025-09-21 00:00:00,0,0,,
MCH-015,2025-09-22 00:00:00,0,0,,
MCH-015,2025-09-23 00:00:00,0,0,,
MCH-015,2025-09-24 00:00:00,0,0,,
MCH-015,2025-09-25 00:00:00,0,0,,
MCH-015,2025-09-26 00:00:00,0,0,,
MCH-015,2025-09-27 00:00:00,0,0,,
MCH-015,2025-09-28 00:00:00,0,0,,
MCH-015,2025-09-29 00:00:00,0,0,,
MCH-015,2025-09-30 00:00:00,0,0,,
MCH-015,2025-10-01 00:00:00,0,0,,
MCH-015,2025-10-02 00:00:00,0,1,TOOLING,high
MCH-015,2025-10-03 00:00:00,0,1,HYDRAULIC,high
MCH-015,2025-10-04 00:00:00,0,1,ELECTRICAL,high
MCH-015,2025-10-05 00:00:00,0,1,HYDRAULIC,high
MCH-015,2025-10-06 00:00:00,0,1,BEARING,high
MCH-015,2025-10-07 00:00:00,0,1,HYDRAULIC,medium
MCH-015,2025-10-08 00:00:00,1,1,TOOLING,high
MCH-015,2025-10-09 00:00:00,1,1,MOTOR,medium
MCH-015,2025-10-10 00:00:00,0,0,,
MCH-015,2025-10-11 00:00:00,0,0,,
MCH-015,2025-10-12 00:00:00,0,0,,
MCH-015,2025-10-13 00:00:00,0,0,,
MCH-015,2025-10-14 00:00:00,0,0,,
MCH-015,2025-10-15 00:00:00,0,0,,
MCH-015,2025-10-16 00:00:00,0,0,,
MCH-015,2025-10-17 00:00:00,0,0,,
MCH-015,2025-10-18 00:00:00,0,0,,
MCH-015,2025-10-19 00:00:00,0,0,,
MCH-015,2025-10-20 00:00:00,0,0,,
MCH-015,2025-10-21 00:00:00,0,0,,
MCH-015,2025-10-22 00:00:00,0,0,,
MCH-015,2025-10-23 00:00:00,0,0,,
MCH-015,2025-10-24 00:00:00,0,0,,
MCH-015,2025-10-25 00:00:00,0,0,,
MCH-015,2025-10-26 00:00:00,0,0,,
MCH-015,2025-10-27 00:00:00,0,0,,
MCH-015,2025-10-28 00:00:00,0,0,,
MCH-015,2025-10-29 00:00:00,0,0,,
MCH-015,2025-10-30 00:00:00,0,0,,
MCH-015,2025-10-31 00:00:00,0,0,,
MCH-015,2025-11-01 00:00:00,0,0,,
MCH-015,2025-11-02 00:00:00,0,0,,
MCH-015,2025-11-03 00:00:00,0,0,,
MCH-015,2025-11-04 00:00:00,0,0,,
MCH-015,2025-11-05 00:00:00,0,0,,
MCH-015,2025-11-06 00:00:00,0,0,,
MCH-015,2025-11-07 00:00:00,0,0,,
MCH-015,2025-11-08 00:00:00,0,0,,
MCH-015,2025-11-09 00:00:00,0,0,,
MCH-015,2025-11-10 00:00:00,0,0,,
MCH-015,2025-11-11 00:00:00,0,0,,
MCH-015,2025-11-12 00:00:00,0,0,,
MCH-015,2025-11-13 00:00:00,0,0,,
MCH-015,2025-11-14 00:00:00,0,0,,
MCH-015,2025-11-15 00:00:00,0,0,,
MCH-015,2025-11-16 00:00:00,0,0,,
MCH-015,2025-11-17 00:00:00,0,0,,
MCH-015,2025-11-18 00:00:00,0,0,,
MCH-015,2025-11-19 00:00:00,0,0,,
MCH-015,2025-11-20 00:00:00,0,0,,
MCH-015,2025-11-21 00:00:00,0,0,,
MCH-015,2025-11-22 00:00:00,0,0,,
MCH-015,2025-11-23 00:00:00,0,0,,
MCH-015,2025-11-24 00:00:00,0,0,,
MCH-015,2025-11-25 00:00:00,0,0,,
MCH-015,2025-11-26 00:00:00,0,0,,
MCH-015,2025-11-27 00:00:00,0,0,,
MCH-015,2025-11-28 00:00:00,0,0,,
MCH-015,2025-11-29 00:00:00,0,0,,
MCH-015,2025-11-30 00:00:00,0,0,,
MCH-015,2025-12-01 00:00:00,0,0,,
MCH-015,2025-12-02 00:00:00,0,0,,
MCH-015,2025-12-03 00:00:00,0,0,,
MCH-015,2025-12-04 00:00:00,0,0,,
MCH-015,2025-12-05 00:00:00,0,0,,
MCH-015,2025-12-06 00:00:00,0,0,,
MCH-015,2025-12-07 00:00:00,0,0,,
MCH-015,2025-12-08 00:00:00,0,0,,
MCH-015,2025-12-09 00:00:00,0,0,,
MCH-015,2025-12-10 00:00:00,0,0,,
MCH-015,2025-12-11 00:00:00,0,0,,
MCH-015,2025-12-12 00:00:00,0,0,,
MCH-015,2025-12-13 00:00:00,0,0,,
MCH-015,2025-12-14 00:00:00,0,0,,
MCH-015,2025-12-15 00:00:00,0,0,,
MCH-015,2025-12-16 00:00:00,0,0,,
MCH-015,2025-12-17 00:00:00,0,0,,
MCH-015,2025-12-18 00:00:00,0,0,,
MCH-015,2025-12-19 00:00:00,0,0,,
MCH-015,2025-12-20 00:00:00,0,0,,
MCH-015,2025-12-21 00:00:00,0,0,,
MCH-015,2025-12-22 00:00:00,0,0,,
MCH-015,2025-12-23 00:00:00,0,0,,
MCH-015,2025-12-24 00:00:00,0,0,,
MCH-015,2025-12-25 00:00:00,0,0,,
MCH-015,2025-12-26 00:00:00,0,0,,
MCH-015,2025-12-27 00:00:00,0,0,,
MCH-015,2025-12-28 00:00:00,0,0,,
MCH-015,2025-12-29 00:00:00,0,0,,
MCH-015,2025-12-30 00:00:00,0,0,,
MCH-015,2025-12-31 00:00:00,0,0,,
MCH-015,2026-01-01 00:00:00,0,0,,
MCH-015,2026-01-02 00:00:00,0,0,,
MCH-015,2026-01-03 00:00:00,0,0,,
MCH-015,2026-01-04 00:00:00,0,0,,
MCH-015,2026-01-05 00:00:00,0,0,,
MCH-015,2026-01-06 00:00:00,0,0,,
MCH-015,2026-01-07 00:00:00,0,0,,
MCH-015,2026-01-08 00:00:00,0,0,,
MCH-015,2026-01-09 00:00:00,0,0,,
MCH-015,2026-01-10 00:00:00,0,0,,
MCH-015,2026-01-11 00:00:00,0,0,,
MCH-015,2026-01-12 00:00:00,0,0,,
MCH-015,2026-01-13 00:00:00,0,0,,
MCH-015,2026-01-14 00:00:00,0,0,,
MCH-015,2026-01-15 00:00:00,0,0,,
MCH-015,2026-01-16 00:00:00,0,0,,
MCH-015,2026-01-17 00:00:00,0,0,,
MCH-015,2026-01-18 00:00:00,0,0,,
MCH-015,2026-01-19 00:00:00,0,0,,
MCH-015,2026-01-20 00:00:00,0,0,,
MCH-015,2026-01-21 00:00:00,0,0,,
MCH-015,2026-01-22 00:00:00,0,0,,
MCH-015,2026-01-23 00:00:00,0,0,,
MCH-015,2026-01-24 00:00:00,0,0,,
MCH-015,2026-01-25 00:00:00,0,0,,
MCH-015,2026-01-26 00:00:00,0,0,,
MCH-015,2026-01-27 00:00:00,0,0,,
MCH-015,2026-01-28 00:00:00,0,0,,
MCH-015,2026-01-29 00:00:00,0,0,,
MCH-015,2026-01-30 00:00:00,0,0,,
MCH-015,2026-01-31 00:00:00,0,0,,
MCH-015,2026-02-01 00:00:00,0,0,,
MCH-015,2026-02-02 00:00:00,0,0,,
MCH-015,2026-02-03 00:00:00,0,0,,
MCH-015,2026-02-04 00:00:00,0,0,,
MCH-015,2026-02-05 00:00:00,0,0,,
MCH-015,2026-02-06 00:00:00,0,0,,
MCH-015,2026-02-07 00:00:00,0,0,,
MCH-015,2026-02-08 00:00:00,0,0,,
MCH-015,2026-02-09 00:00:00,0,0,,
MCH-015,2026-02-10 00:00:00,0,0,,
MCH-015,2026-02-11 00:00:00,0,0,,
MCH-015,2026-02-12 00:00:00,0,0,,
MCH-015,2026-02-13 00:00:00,0,0,,
MCH-015,2026-02-14 00:00:00,0,0,,
MCH-015,2026-02-15 00:00:00,0,0,,
MCH-015,2026-02-16 00:00:00,0,0,,
MCH-015,2026-02-17 00:00:00,0,0,,
MCH-015,2026-02-18 00:00:00,0,0,,
MCH-015,2026-02-19 00:00:00,0,0,,
MCH-015,2026-02-20 00:00:00,0,0,,
MCH-015,2026-02-21 00:00:00,0,0,,
MCH-015,2026-02-22 00:00:00,0,0,,
MCH-015,2026-02-23 00:00:00,0,0,,
MCH-015,2026-02-24 00:00:00,0,0,,
MCH-015,2026-02-25 00:00:00,0,0,,
MCH-015,2026-02-26 00:00:00,0,0,,
MCH-015,2026-02-27 00:00:00,0,0,,
MCH-015,2026-02-28 00:00:00,0,0,,
MCH-015,2026-03-01 00:00:00,0,0,,
MCH-015,2026-03-02 00:00:00,0,0,,
MCH-015,2026-03-03 00:00:00,0,0,,
MCH-015,2026-03-04 00:00:00,0,0,,
MCH-015,2026-03-05 00:00:00,0,0,,
MCH-015,2026-03-06 00:00:00,0,0,,
MCH-015,2026-03-07 00:00:00,0,0,,
MCH-015,2026-03-08 00:00:00,0,0,,
MCH-015,2026-03-09 00:00:00,0,0,,
MCH-015,2026-03-10 00:00:00,0,0,,
MCH-015,2026-03-11 00:00:00,0,0,,
MCH-015,2026-03-12 00:00:00,0,0,,
MCH-015,2026-03-13 00:00:00,0,0,,
MCH-015,2026-03-14 00:00:00,0,0,,
MCH-015,2026-03-15 00:00:00,0,0,,
MCH-015,2026-03-16 00:00:00,0,0,,
MCH-015,2026-03-17 00:00:00,0,0,,
MCH-015,2026-03-18 00:00:00,0,0,,
MCH-015,2026-03-19 00:00:00,0,0,,
MCH-015,2026-03-20 00:00:00,0,0,,
MCH-015,2026-03-21 00:00:00,0,0,,
MCH-015,2026-03-22 00:00:00,0,0,,
MCH-015,2026-03-23 00:00:00,0,0,,
MCH-015,2026-03-24 00:00:00,0,0,,
MCH-015,2026-03-25 00:00:00,0,0,,
MCH-015,2026-03-26 00:00:00,0,0,,
MCH-015,2026-03-27 00:00:00,0,0,,
MCH-015,2026-03-28 00:00:00,0,0,,
MCH-015,2026-03-29 00:00:00,0,0,,
MCH-015,2026-03-30 00:00:00,0,0,,
MCH-015,2026-03-31 00:00:00,0,0,,
MCH-015,2026-04-01 00:00:00,0,0,,
MCH-015,2026-04-02 00:00:00,0,0,,
MCH-015,2026-04-03 00:00:00,0,0,,
MCH-015,2026-04-04 00:00:00,0,0,,
MCH-015,2026-04-05 00:00:00,0,0,,
MCH-015,2026-04-06 00:00:00,0,0,,
MCH-015,2026-04-07 00:00:00,0,0,,
MCH-015,2026-04-08 00:00:00,0,0,,
MCH-015,2026-04-09 00:00:00,0,0,,
MCH-015,2026-04-10 00:00:00,0,0,,
MCH-015,2026-04-11 00:00:00,0,0,,
MCH-015,2026-04-12 00:00:00,0,0,,
MCH-015,2026-04-13 00:00:00,0,0,,
MCH-015,2026-04-14 00:00:00,0,0,,
MCH-015,2026-04-15 00:00:00,0,0,,
MCH-015,2026-04-16 00:00:00,0,0,,
MCH-015,2026-04-17 00:00:00,0,0,,
MCH-015,2026-04-18 00:00:00,0,0,,
MCH-015,2026-04-19 00:00:00,0,0,,
MCH-015,2026-04-20 00:00:00,0,0,,
MCH-015,2026-04-21 00:00:00,0,0,,
MCH-015,2026-04-22 00:00:00,0,0,,
MCH-015,2026-04-23 00:00:00,0,0,,
MCH-015,2026-04-24 00:00:00,0,0,,
MCH-015,2026-04-25 00:00:00,0,0,,
MCH-015,2026-04-26 00:00:00,0,0,,
MCH-015,2026-04-27 00:00:00,0,0,,
MCH-015,2026-04-28 00:00:00,0,0,,
MCH-015,2026-04-29 00:00:00,0,0,,
MCH-015,2026-04-30 00:00:00,0,0,,
MCH-015,2026-05-01 00:00:00,0,0,,
MCH-015,2026-05-02 00:00:00,0,0,,
MCH-015,2026-05-03 00:00:00,0,0,,
MCH-015,2026-05-04 00:00:00,0,0,,
MCH-015,2026-05-05 00:00:00,0,0,,
MCH-015,2026-05-06 00:00:00,0,0,,
MCH-015,2026-05-07 00:00:00,0,0,,
MCH-015,2026-05-08 00:00:00,0,0,,
MCH-015,2026-05-09 00:00:00,0,0,,
MCH-015,2026-05-10 00:00:00,0,0,,
MCH-015,2026-05-11 00:00:00,0,0,,
MCH-015,2026-05-12 00:00:00,0,0,,
MCH-015,2026-05-13 00:00:00,0,0,,
MCH-015,2026-05-14 00:00:00,0,0,,
MCH-015,2026-05-15 00:00:00,0,0,,
MCH-015,2026-05-16 00:00:00,0,0,,
MCH-015,2026-05-17 00:00:00,0,0,,
MCH-015,2026-05-18 00:00:00,0,0,,
MCH-015,2026-05-19 00:00:00,0,0,,
MCH-015,2026-05-20 00:00:00,0,0,,
MCH-015,2026-05-21 00:00:00,0,0,,
MCH-015,2026-05-22 00:00:00,0,0,,
MCH-015,2026-05-23 00:00:00,0,0,,
MCH-015,2026-05-24 00:00:00,0,0,,
MCH-015,2026-05-25 00:00:00,0,0,,
MCH-015,2026-05-26 00:00:00,0,0,,
MCH-015,2026-05-27 00:00:00,0,0,,
MCH-015,2026-05-28 00:00:00,0,0,,
MCH-015,2026-05-29 00:00:00,0,0,,
MCH-015,2026-05-30 00:00:00,0,0,,
MCH-015,2026-05-31 00:00:00,0,0,,
MCH-015,2026-06-01 00:00:00,0,0,,
MCH-015,2026-06-02 00:00:00,0,0,,
MCH-015,2026-06-03 00:00:00,0,1,TOOLING,medium
MCH-015,2026-06-04 00:00:00,0,1,HYDRAULIC,high
MCH-015,2026-06-05 00:00:00,0,1,ELECTRICAL,medium
MCH-015,2026-06-06 00:00:00,0,1,HYDRAULIC,medium
MCH-015,2026-06-07 00:00:00,0,1,ELECTRICAL,high
MCH-015,2026-06-08 00:00:00,0,1,HYDRAULIC,medium
MCH-015,2026-06-09 00:00:00,1,1,SENSOR,critical
MCH-015,2026-06-10 00:00:00,1,1,ELECTRICAL,medium
MCH-015,2026-06-11 00:00:00,0,0,,
MCH-015,2026-06-12 00:00:00,0,0,,
MCH-015,2026-06-13 00:00:00,0,0,,
MCH-015,2026-06-14 00:00:00,0,0,,
MCH-015,2026-06-15 00:00:00,0,0,,
MCH-015,2026-06-16 00:00:00,0,0,,
MCH-015,2026-06-17 00:00:00,0,0,,
MCH-015,2026-06-18 00:00:00,0,0,,
MCH-015,2026-06-19 00:00:00,0,0,,
MCH-015,2026-06-20 00:00:00,0,0,,
MCH-015,2026-06-21 00:00:00,0,0,,
MCH-015,2026-06-22 00:00:00,0,0,,
MCH-015,2026-06-23 00:00:00,0,0,,
MCH-015,2026-06-24 00:00:00,0,0,,
MCH-015,2026-06-25 00:00:00,0,0,,
MCH-015,2026-06-26 00:00:00,0,0,,
MCH-015,2026-06-27 00:00:00,0,0,,
MCH-015,2026-06-28 00:00:00,0,0,,
MCH-015,2026-06-29 00:00:00,0,0,,
MCH-015,2026-06-30 00:00:00,0,0,,
MCH-015,2026-07-01 00:00:00,0,0,,
MCH-015,2026-07-02 00:00:00,0,0,,
MCH-015,2026-07-03 00:00:00,0,0,,
MCH-015,2026-07-04 00:00:00,0,0,,
MCH-015,2026-07-05 00:00:00,0,0,,
MCH-015,2026-07-06 00:00:00,0,0,,
MCH-015,2026-07-07 00:00:00,0,0,,
MCH-015,2026-07-08 00:00:00,0,0,,
MCH-015,2026-07-09 00:00:00,0,0,,
MCH-015,2026-07-10 00:00:00,0,0,,
MCH-015,2026-07-11 00:00:00,0,0,,
MCH-015,2026-07-12 00:00:00,0,0,,
MCH-015,2026-07-13 00:00:00,0,0,,
MCH-015,2026-07-14 00:00:00,0,0,,
MCH-015,2026-07-15 00:00:00,0,0,,
MCH-015,2026-07-16 00:00:00,0,0,,
MCH-015,2026-07-17 00:00:00,0,0,,
MCH-015,2026-07-18 00:00:00,0,0,,
MCH-015,2026-07-19 00:00:00,0,0,,
MCH-015,2026-07-20 00:00:00,0,0,,
MCH-015,2026-07-21 00:00:00,0,0,,
MCH-015,2026-07-22 00:00:00,0,0,,
MCH-015,2026-07-23 00:00:00,0,0,,
MCH-015,2026-07-24 00:00:00,0,0,,
MCH-015,2026-07-25 00:00:00,0,0,,
MCH-015,2026-07-26 00:00:00,0,0,,
MCH-015,2026-07-27 00:00:00,0,0,,
MCH-015,2026-07-28 00:00:00,0,0,,
MCH-015,2026-07-29 00:00:00,0,0,,
MCH-015,2026-07-30 00:00:00,0,0,,
MCH-015,2026-07-31 00:00:00,0,0,,
MCH-016,2025-08-01 00:00:00,0,0,,
MCH-016,2025-08-02 00:00:00,0,0,,
MCH-016,2025-08-03 00:00:00,0,0,,
MCH-016,2025-08-04 00:00:00,0,0,,
MCH-016,2025-08-05 00:00:00,0,0,,
MCH-016,2025-08-06 00:00:00,0,0,,
MCH-016,2025-08-07 00:00:00,0,0,,
MCH-016,2025-08-08 00:00:00,0,0,,
MCH-016,2025-08-09 00:00:00,0,0,,
MCH-016,2025-08-10 00:00:00,0,0,,
MCH-016,2025-08-11 00:00:00,0,0,,
MCH-016,2025-08-12 00:00:00,0,0,,
MCH-016,2025-08-13 00:00:00,0,0,,
MCH-016,2025-08-14 00:00:00,0,0,,
MCH-016,2025-08-15 00:00:00,0,0,,
MCH-016,2025-08-16 00:00:00,0,0,,
MCH-016,2025-08-17 00:00:00,0,0,,
MCH-016,2025-08-18 00:00:00,0,0,,
MCH-016,2025-08-19 00:00:00,0,0,,
MCH-016,2025-08-20 00:00:00,0,0,,
MCH-016,2025-08-21 00:00:00,0,0,,
MCH-016,2025-08-22 00:00:00,0,0,,
MCH-016,2025-08-23 00:00:00,0,0,,
MCH-016,2025-08-24 00:00:00,0,0,,
MCH-016,2025-08-25 00:00:00,0,0,,
MCH-016,2025-08-26 00:00:00,0,0,,
MCH-016,2025-08-27 00:00:00,0,0,,
MCH-016,2025-08-28 00:00:00,0,0,,
MCH-016,2025-08-29 00:00:00,0,0,,
MCH-016,2025-08-30 00:00:00,0,0,,
MCH-016,2025-08-31 00:00:00,0,0,,
MCH-016,2025-09-01 00:00:00,0,0,,
MCH-016,2025-09-02 00:00:00,0,0,,
MCH-016,2025-09-03 00:00:00,0,0,,
MCH-016,2025-09-04 00:00:00,0,0,,
MCH-016,2025-09-05 00:00:00,0,0,,
MCH-016,2025-09-06 00:00:00,0,0,,
MCH-016,2025-09-07 00:00:00,0,0,,
MCH-016,2025-09-08 00:00:00,0,0,,
MCH-016,2025-09-09 00:00:00,0,0,,
MCH-016,2025-09-10 00:00:00,0,0,,
MCH-016,2025-09-11 00:00:00,0,0,,
MCH-016,2025-09-12 00:00:00,0,0,,
MCH-016,2025-09-13 00:00:00,0,0,,
MCH-016,2025-09-14 00:00:00,0,0,,
MCH-016,2025-09-15 00:00:00,0,0,,
MCH-016,2025-09-16 00:00:00,0,0,,
MCH-016,2025-09-17 00:00:00,0,0,,
MCH-016,2025-09-18 00:00:00,0,0,,
MCH-016,2025-09-19 00:00:00,0,0,,
MCH-016,2025-09-20 00:00:00,0,0,,
MCH-016,2025-09-21 00:00:00,0,0,,
MCH-016,2025-09-22 00:00:00,0,0,,
MCH-016,2025-09-23 00:00:00,0,0,,
MCH-016,2025-09-24 00:00:00,0,0,,
MCH-016,2025-09-25 00:00:00,0,0,,
MCH-016,2025-09-26 00:00:00,0,0,,
MCH-016,2025-09-27 00:00:00,0,0,,
MCH-016,2025-09-28 00:00:00,0,0,,
MCH-016,2025-09-29 00:00:00,0,0,,
MCH-016,2025-09-30 00:00:00,0,0,,
MCH-016,2025-10-01 00:00:00,0,0,,
MCH-016,2025-10-02 00:00:00,0,0,,
MCH-016,2025-10-03 00:00:00,0,0,,
MCH-016,2025-10-04 00:00:00,0,0,,
MCH-016,2025-10-05 00:00:00,0,0,,
MCH-016,2025-10-06 00:00:00,0,0,,
MCH-016,2025-10-07 00:00:00,0,0,,
MCH-016,2025-10-08 00:00:00,0,0,,
MCH-016,2025-10-09 00:00:00,0,0,,
MCH-016,2025-10-10 00:00:00,0,0,,
MCH-016,2025-10-11 00:00:00,0,0,,
MCH-016,2025-10-12 00:00:00,0,0,,
MCH-016,2025-10-13 00:00:00,0,0,,
MCH-016,2025-10-14 00:00:00,0,0,,
MCH-016,2025-10-15 00:00:00,0,0,,
MCH-016,2025-10-16 00:00:00,0,0,,
MCH-016,2025-10-17 00:00:00,0,0,,
MCH-016,2025-10-18 00:00:00,0,0,,
MCH-016,2025-10-19 00:00:00,0,0,,
MCH-016,2025-10-20 00:00:00,0,0,,
MCH-016,2025-10-21 00:00:00,0,0,,
MCH-016,2025-10-22 00:00:00,0,0,,
MCH-016,2025-10-23 00:00:00,0,0,,
MCH-016,2025-10-24 00:00:00,0,0,,
MCH-016,2025-10-25 00:00:00,0,0,,
MCH-016,2025-10-26 00:00:00,0,0,,
MCH-016,2025-10-27 00:00:00,0,0,,
MCH-016,2025-10-28 00:00:00,0,0,,
MCH-016,2025-10-29 00:00:00,0,0,,
MCH-016,2025-10-30 00:00:00,0,0,,
MCH-016,2025-10-31 00:00:00,0,0,,
MCH-016,2025-11-01 00:00:00,0,0,,
MCH-016,2025-11-02 00:00:00,0,0,,
MCH-016,2025-11-03 00:00:00,0,0,,
MCH-016,2025-11-04 00:00:00,0,0,,
MCH-016,2025-11-05 00:00:00,0,0,,
MCH-016,2025-11-06 00:00:00,0,0,,
MCH-016,2025-11-07 00:00:00,0,0,,
MCH-016,2025-11-08 00:00:00,0,0,,
MCH-016,2025-11-09 00:00:00,0,0,,
MCH-016,2025-11-10 00:00:00,0,0,,
MCH-016,2025-11-11 00:00:00,0,0,,
MCH-016,2025-11-12 00:00:00,0,0,,
MCH-016,2025-11-13 00:00:00,0,0,,
MCH-016,2025-11-14 00:00:00,0,0,,
MCH-016,2025-11-15 00:00:00,0,0,,
MCH-016,2025-11-16 00:00:00,0,0,,
MCH-016,2025-11-17 00:00:00,0,0,,
MCH-016,2025-11-18 00:00:00,0,0,,
MCH-016,2025-11-19 00:00:00,0,0,,
MCH-016,2025-11-20 00:00:00,0,0,,
MCH-016,2025-11-21 00:00:00,0,0,,
MCH-016,2025-11-22 00:00:00,0,0,,
MCH-016,2025-11-23 00:00:00,0,0,,
MCH-016,2025-11-24 00:00:00,0,0,,
MCH-016,2025-11-25 00:00:00,0,0,,
MCH-016,2025-11-26 00:00:00,0,0,,
MCH-016,2025-11-27 00:00:00,0,0,,
MCH-016,2025-11-28 00:00:00,0,0,,
MCH-016,2025-11-29 00:00:00,0,0,,
MCH-016,2025-11-30 00:00:00,0,0,,
MCH-016,2025-12-01 00:00:00,0,0,,
MCH-016,2025-12-02 00:00:00,0,0,,
MCH-016,2025-12-03 00:00:00,0,0,,
MCH-016,2025-12-04 00:00:00,0,0,,
MCH-016,2025-12-05 00:00:00,0,0,,
MCH-016,2025-12-06 00:00:00,0,0,,
MCH-016,2025-12-07 00:00:00,0,0,,
MCH-016,2025-12-08 00:00:00,0,0,,
MCH-016,2025-12-09 00:00:00,0,0,,
MCH-016,2025-12-10 00:00:00,0,0,,
MCH-016,2025-12-11 00:00:00,0,0,,
MCH-016,2025-12-12 00:00:00,0,0,,
MCH-016,2025-12-13 00:00:00,0,0,,
MCH-016,2025-12-14 00:00:00,0,0,,
MCH-016,2025-12-15 00:00:00,0,0,,
MCH-016,2025-12-16 00:00:00,0,0,,
MCH-016,2025-12-17 00:00:00,0,0,,
MCH-016,2025-12-18 00:00:00,0,0,,
MCH-016,2025-12-19 00:00:00,0,0,,
MCH-016,2025-12-20 00:00:00,0,0,,
MCH-016,2025-12-21 00:00:00,0,1,HYDRAULIC,medium
MCH-016,2025-12-22 00:00:00,0,1,BEARING,medium
MCH-016,2025-12-23 00:00:00,0,1,MOTOR,high
MCH-016,2025-12-24 00:00:00,0,1,MOTOR,high
MCH-016,2025-12-25 00:00:00,0,1,MOTOR,high
MCH-016,2025-12-26 00:00:00,0,1,MOTOR,high
MCH-016,2025-12-27 00:00:00,1,1,HYDRAULIC,high
MCH-016,2025-12-28 00:00:00,1,1,MOTOR,medium
MCH-016,2025-12-29 00:00:00,0,0,,
MCH-016,2025-12-30 00:00:00,0,0,,
MCH-016,2025-12-31 00:00:00,0,0,,
MCH-016,2026-01-01 00:00:00,0,0,,
MCH-016,2026-01-02 00:00:00,0,0,,
MCH-016,2026-01-03 00:00:00,0,0,,
MCH-016,2026-01-04 00:00:00,0,0,,
MCH-016,2026-01-05 00:00:00,0,0,,
MCH-016,2026-01-06 00:00:00,0,0,,
MCH-016,2026-01-07 00:00:00,0,0,,
MCH-016,2026-01-08 00:00:00,0,0,,
MCH-016,2026-01-09 00:00:00,0,0,,
MCH-016,2026-01-10 00:00:00,0,0,,
MCH-016,2026-01-11 00:00:00,0,0,,
MCH-016,2026-01-12 00:00:00,0,0,,
MCH-016,2026-01-13 00:00:00,0,0,,
MCH-016,2026-01-14 00:00:00,0,0,,
MCH-016,2026-01-15 00:00:00,0,0,,
MCH-016,2026-01-16 00:00:00,0,0,,
MCH-016,2026-01-17 00:00:00,0,0,,
MCH-016,2026-01-18 00:00:00,0,0,,
MCH-016,2026-01-19 00:00:00,0,0,,
MCH-016,2026-01-20 00:00:00,0,0,,
MCH-016,2026-01-21 00:00:00,0,0,,
MCH-016,2026-01-22 00:00:00,0,0,,
MCH-016,2026-01-23 00:00:00,0,0,,
MCH-016,2026-01-24 00:00:00,0,0,,
MCH-016,2026-01-25 00:00:00,0,0,,
MCH-016,2026-01-26 00:00:00,0,0,,
MCH-016,2026-01-27 00:00:00,0,0,,
MCH-016,2026-01-28 00:00:00,0,0,,
MCH-016,2026-01-29 00:00:00,0,0,,
MCH-016,2026-01-30 00:00:00,0,0,,
MCH-016,2026-01-31 00:00:00,0,0,,
MCH-016,2026-02-01 00:00:00,0,0,,
MCH-016,2026-02-02 00:00:00,0,0,,
MCH-016,2026-02-03 00:00:00,0,0,,
MCH-016,2026-02-04 00:00:00,0,0,,
MCH-016,2026-02-05 00:00:00,0,0,,
MCH-016,2026-02-06 00:00:00,0,0,,
MCH-016,2026-02-07 00:00:00,0,0,,
MCH-016,2026-02-08 00:00:00,0,0,,
MCH-016,2026-02-09 00:00:00,0,0,,
MCH-016,2026-02-10 00:00:00,0,0,,
MCH-016,2026-02-11 00:00:00,0,0,,
MCH-016,2026-02-12 00:00:00,0,0,,
MCH-016,2026-02-13 00:00:00,0,0,,
MCH-016,2026-02-14 00:00:00,0,0,,
MCH-016,2026-02-15 00:00:00,0,0,,
MCH-016,2026-02-16 00:00:00,0,0,,
MCH-016,2026-02-17 00:00:00,0,0,,
MCH-016,2026-02-18 00:00:00,0,0,,
MCH-016,2026-02-19 00:00:00,0,0,,
MCH-016,2026-02-20 00:00:00,0,0,,
MCH-016,2026-02-21 00:00:00,0,0,,
MCH-016,2026-02-22 00:00:00,0,0,,
MCH-016,2026-02-23 00:00:00,0,0,,
MCH-016,2026-02-24 00:00:00,0,0,,
MCH-016,2026-02-25 00:00:00,0,0,,
MCH-016,2026-02-26 00:00:00,0,0,,
MCH-016,2026-02-27 00:00:00,0,0,,
MCH-016,2026-02-28 00:00:00,0,0,,
MCH-016,2026-03-01 00:00:00,0,0,,
MCH-016,2026-03-02 00:00:00,0,0,,
MCH-016,2026-03-03 00:00:00,0,0,,
MCH-016,2026-03-04 00:00:00,0,0,,
MCH-016,2026-03-05 00:00:00,0,0,,
MCH-016,2026-03-06 00:00:00,0,0,,
MCH-016,2026-03-07 00:00:00,0,0,,
MCH-016,2026-03-08 00:00:00,0,0,,
MCH-016,2026-03-09 00:00:00,0,0,,
MCH-016,2026-03-10 00:00:00,0,0,,
MCH-016,2026-03-11 00:00:00,0,0,,
MCH-016,2026-03-12 00:00:00,0,0,,
MCH-016,2026-03-13 00:00:00,0,0,,
MCH-016,2026-03-14 00:00:00,0,0,,
MCH-016,2026-03-15 00:00:00,0,0,,
MCH-016,2026-03-16 00:00:00,0,0,,
MCH-016,2026-03-17 00:00:00,0,0,,
MCH-016,2026-03-18 00:00:00,0,0,,
MCH-016,2026-03-19 00:00:00,0,0,,
MCH-016,2026-03-20 00:00:00,0,0,,
MCH-016,2026-03-21 00:00:00,0,0,,
MCH-016,2026-03-22 00:00:00,0,0,,
MCH-016,2026-03-23 00:00:00,0,1,SENSOR,high
MCH-016,2026-03-24 00:00:00,0,1,MOTOR,high
MCH-016,2026-03-25 00:00:00,0,1,SENSOR,high
MCH-016,2026-03-26 00:00:00,0,1,BEARING,medium
MCH-016,2026-03-27 00:00:00,0,1,HYDRAULIC,medium
MCH-016,2026-03-28 00:00:00,0,1,MOTOR,high
MCH-016,2026-03-29 00:00:00,1,1,ELECTRICAL,medium
MCH-016,2026-03-30 00:00:00,1,1,TOOLING,medium
MCH-016,2026-03-31 00:00:00,0,0,,
MCH-016,2026-04-01 00:00:00,0,0,,
MCH-016,2026-04-02 00:00:00,0,0,,
MCH-016,2026-04-03 00:00:00,0,0,,
MCH-016,2026-04-04 00:00:00,0,0,,
MCH-016,2026-04-05 00:00:00,0,0,,
MCH-016,2026-04-06 00:00:00,0,0,,
MCH-016,2026-04-07 00:00:00,0,0,,
MCH-016,2026-04-08 00:00:00,0,0,,
MCH-016,2026-04-09 00:00:00,0,0,,
MCH-016,2026-04-10 00:00:00,0,0,,
MCH-016,2026-04-11 00:00:00,0,0,,
MCH-016,2026-04-12 00:00:00,0,0,,
MCH-016,2026-04-13 00:00:00,0,0,,
MCH-016,2026-04-14 00:00:00,0,0,,
MCH-016,2026-04-15 00:00:00,0,0,,
MCH-016,2026-04-16 00:00:00,0,0,,
MCH-016,2026-04-17 00:00:00,0,0,,
MCH-016,2026-04-18 00:00:00,0,0,,
MCH-016,2026-04-19 00:00:00,0,0,,
MCH-016,2026-04-20 00:00:00,0,0,,
MCH-016,2026-04-21 00:00:00,0,0,,
MCH-016,2026-04-22 00:00:00,0,0,,
MCH-016,2026-04-23 00:00:00,0,0,,
MCH-016,2026-04-24 00:00:00,0,0,,
MCH-016,2026-04-25 00:00:00,0,0,,
MCH-016,2026-04-26 00:00:00,0,0,,
MCH-016,2026-04-27 00:00:00,0,0,,
MCH-016,2026-04-28 00:00:00,0,0,,
MCH-016,2026-04-29 00:00:00,0,0,,
MCH-016,2026-04-30 00:00:00,0,0,,
MCH-016,2026-05-01 00:00:00,0,0,,
MCH-016,2026-05-02 00:00:00,0,0,,
MCH-016,2026-05-03 00:00:00,0,0,,
MCH-016,2026-05-04 00:00:00,0,0,,
MCH-016,2026-05-05 00:00:00,0,0,,
MCH-016,2026-05-06 00:00:00,0,0,,
MCH-016,2026-05-07 00:00:00,0,0,,
MCH-016,2026-05-08 00:00:00,0,0,,
MCH-016,2026-05-09 00:00:00,0,0,,
MCH-016,2026-05-10 00:00:00,0,0,,
MCH-016,2026-05-11 00:00:00,0,0,,
MCH-016,2026-05-12 00:00:00,0,0,,
MCH-016,2026-05-13 00:00:00,0,0,,
MCH-016,2026-05-14 00:00:00,0,0,,
MCH-016,2026-05-15 00:00:00,0,0,,
MCH-016,2026-05-16 00:00:00,0,0,,
MCH-016,2026-05-17 00:00:00,0,0,,
MCH-016,2026-05-18 00:00:00,0,0,,
MCH-016,2026-05-19 00:00:00,0,0,,
MCH-016,2026-05-20 00:00:00,0,0,,
MCH-016,2026-05-21 00:00:00,0,0,,
MCH-016,2026-05-22 00:00:00,0,0,,
MCH-016,2026-05-23 00:00:00,0,0,,
MCH-016,2026-05-24 00:00:00,0,0,,
MCH-016,2026-05-25 00:00:00,0,0,,
MCH-016,2026-05-26 00:00:00,0,0,,
MCH-016,2026-05-27 00:00:00,0,0,,
MCH-016,2026-05-28 00:00:00,0,0,,
MCH-016,2026-05-29 00:00:00,0,0,,
MCH-016,2026-05-30 00:00:00,0,0,,
MCH-016,2026-05-31 00:00:00,0,0,,
MCH-016,2026-06-01 00:00:00,0,0,,
MCH-016,2026-06-02 00:00:00,0,0,,
MCH-016,2026-06-03 00:00:00,0,0,,
MCH-016,2026-06-04 00:00:00,0,0,,
MCH-016,2026-06-05 00:00:00,0,0,,
MCH-016,2026-06-06 00:00:00,0,0,,
MCH-016,2026-06-07 00:00:00,0,0,,
MCH-016,2026-06-08 00:00:00,0,0,,
MCH-016,2026-06-09 00:00:00,0,0,,
MCH-016,2026-06-10 00:00:00,0,0,,
MCH-016,2026-06-11 00:00:00,0,0,,
MCH-016,2026-06-12 00:00:00,0,0,,
MCH-016,2026-06-13 00:00:00,0,0,,
MCH-016,2026-06-14 00:00:00,0,0,,
MCH-016,2026-06-15 00:00:00,0,0,,
MCH-016,2026-06-16 00:00:00,0,0,,
MCH-016,2026-06-17 00:00:00,0,0,,
MCH-016,2026-06-18 00:00:00,0,0,,
MCH-016,2026-06-19 00:00:00,0,0,,
MCH-016,2026-06-20 00:00:00,0,0,,
MCH-016,2026-06-21 00:00:00,0,0,,
MCH-016,2026-06-22 00:00:00,0,0,,
MCH-016,2026-06-23 00:00:00,0,0,,
MCH-016,2026-06-24 00:00:00,0,0,,
MCH-016,2026-06-25 00:00:00,0,0,,
MCH-016,2026-06-26 00:00:00,0,0,,
MCH-016,2026-06-27 00:00:00,0,0,,
MCH-016,2026-06-28 00:00:00,0,0,,
MCH-016,2026-06-29 00:00:00,0,0,,
MCH-016,2026-06-30 00:00:00,0,0,,
MCH-016,2026-07-01 00:00:00,0,0,,
MCH-016,2026-07-02 00:00:00,0,0,,
MCH-016,2026-07-03 00:00:00,0,0,,
MCH-016,2026-07-04 00:00:00,0,0,,
MCH-016,2026-07-05 00:00:00,0,0,,
MCH-016,2026-07-06 00:00:00,0,0,,
MCH-016,2026-07-07 00:00:00,0,0,,
MCH-016,2026-07-08 00:00:00,0,0,,
MCH-016,2026-07-09 00:00:00,0,0,,
MCH-016,2026-07-10 00:00:00,0,0,,
MCH-016,2026-07-11 00:00:00,0,0,,
MCH-016,2026-07-12 00:00:00,0,0,,
MCH-016,2026-07-13 00:00:00,0,0,,
MCH-016,2026-07-14 00:00:00,0,0,,
MCH-016,2026-07-15 00:00:00,0,0,,
MCH-016,2026-07-16 00:00:00,0,0,,
MCH-016,2026-07-17 00:00:00,0,0,,
MCH-016,2026-07-18 00:00:00,0,0,,
MCH-016,2026-07-19 00:00:00,0,0,,
MCH-016,2026-07-20 00:00:00,0,0,,
MCH-016,2026-07-21 00:00:00,0,0,,
MCH-016,2026-07-22 00:00:00,0,0,,
MCH-016,2026-07-23 00:00:00,0,0,,
MCH-016,2026-07-24 00:00:00,0,0,,
MCH-016,2026-07-25 00:00:00,0,0,,
MCH-016,2026-07-26 00:00:00,0,0,,
MCH-016,2026-07-27 00:00:00,0,0,,
MCH-016,2026-07-28 00:00:00,0,0,,
MCH-016,2026-07-29 00:00:00,0,0,,
MCH-016,2026-07-30 00:00:00,0,0,,
MCH-016,2026-07-31 00:00:00,0,0,,
MCH-017,2025-08-01 00:00:00,0,0,,
MCH-017,2025-08-02 00:00:00,0,0,,
MCH-017,2025-08-03 00:00:00,0,0,,
MCH-017,2025-08-04 00:00:00,0,0,,
MCH-017,2025-08-05 00:00:00,0,0,,
MCH-017,2025-08-06 00:00:00,0,0,,
MCH-017,2025-08-07 00:00:00,0,0,,
MCH-017,2025-08-08 00:00:00,0,0,,
MCH-017,2025-08-09 00:00:00,0,0,,
MCH-017,2025-08-10 00:00:00,0,0,,
MCH-017,2025-08-11 00:00:00,0,0,,
MCH-017,2025-08-12 00:00:00,0,0,,
MCH-017,2025-08-13 00:00:00,0,0,,
MCH-017,2025-08-14 00:00:00,0,0,,
MCH-017,2025-08-15 00:00:00,0,0,,
MCH-017,2025-08-16 00:00:00,0,0,,
MCH-017,2025-08-17 00:00:00,0,0,,
MCH-017,2025-08-18 00:00:00,0,0,,
MCH-017,2025-08-19 00:00:00,0,0,,
MCH-017,2025-08-20 00:00:00,0,0,,
MCH-017,2025-08-21 00:00:00,0,0,,
MCH-017,2025-08-22 00:00:00,0,0,,
MCH-017,2025-08-23 00:00:00,0,0,,
MCH-017,2025-08-24 00:00:00,0,0,,
MCH-017,2025-08-25 00:00:00,0,0,,
MCH-017,2025-08-26 00:00:00,0,0,,
MCH-017,2025-08-27 00:00:00,0,0,,
MCH-017,2025-08-28 00:00:00,0,0,,
MCH-017,2025-08-29 00:00:00,0,0,,
MCH-017,2025-08-30 00:00:00,0,0,,
MCH-017,2025-08-31 00:00:00,0,0,,
MCH-017,2025-09-01 00:00:00,0,0,,
MCH-017,2025-09-02 00:00:00,0,0,,
MCH-017,2025-09-03 00:00:00,0,0,,
MCH-017,2025-09-04 00:00:00,0,0,,
MCH-017,2025-09-05 00:00:00,0,0,,
MCH-017,2025-09-06 00:00:00,0,0,,
MCH-017,2025-09-07 00:00:00,0,0,,
MCH-017,2025-09-08 00:00:00,0,0,,
MCH-017,2025-09-09 00:00:00,0,0,,
MCH-017,2025-09-10 00:00:00,0,0,,
MCH-017,2025-09-11 00:00:00,0,0,,
MCH-017,2025-09-12 00:00:00,0,0,,
MCH-017,2025-09-13 00:00:00,0,0,,
MCH-017,2025-09-14 00:00:00,0,0,,
MCH-017,2025-09-15 00:00:00,0,0,,
MCH-017,2025-09-16 00:00:00,0,0,,
MCH-017,2025-09-17 00:00:00,0,0,,
MCH-017,2025-09-18 00:00:00,0,0,,
MCH-017,2025-09-19 00:00:00,0,0,,
MCH-017,2025-09-20 00:00:00,0,0,,
MCH-017,2025-09-21 00:00:00,0,0,,
MCH-017,2025-09-22 00:00:00,0,0,,
MCH-017,2025-09-23 00:00:00,0,0,,
MCH-017,2025-09-24 00:00:00,0,0,,
MCH-017,2025-09-25 00:00:00,0,0,,
MCH-017,2025-09-26 00:00:00,0,0,,
MCH-017,2025-09-27 00:00:00,0,0,,
MCH-017,2025-09-28 00:00:00,0,0,,
MCH-017,2025-09-29 00:00:00,0,0,,
MCH-017,2025-09-30 00:00:00,0,0,,
MCH-017,2025-10-01 00:00:00,0,0,,
MCH-017,2025-10-02 00:00:00,0,0,,
MCH-017,2025-10-03 00:00:00,0,0,,
MCH-017,2025-10-04 00:00:00,0,0,,
MCH-017,2025-10-05 00:00:00,0,0,,
MCH-017,2025-10-06 00:00:00,0,0,,
MCH-017,2025-10-07 00:00:00,0,1,BEARING,high
MCH-017,2025-10-08 00:00:00,0,1,TOOLING,high
MCH-017,2025-10-09 00:00:00,0,1,BEARING,high
MCH-017,2025-10-10 00:00:00,0,1,TOOLING,medium
MCH-017,2025-10-11 00:00:00,0,1,MOTOR,medium
MCH-017,2025-10-12 00:00:00,0,1,TOOLING,medium
MCH-017,2025-10-13 00:00:00,1,1,TOOLING,high
MCH-017,2025-10-14 00:00:00,1,1,ELECTRICAL,medium
MCH-017,2025-10-15 00:00:00,0,0,,
MCH-017,2025-10-16 00:00:00,0,0,,
MCH-017,2025-10-17 00:00:00,0,0,,
MCH-017,2025-10-18 00:00:00,0,0,,
MCH-017,2025-10-19 00:00:00,0,0,,
MCH-017,2025-10-20 00:00:00,0,0,,
MCH-017,2025-10-21 00:00:00,0,0,,
MCH-017,2025-10-22 00:00:00,0,0,,
MCH-017,2025-10-23 00:00:00,0,0,,
MCH-017,2025-10-24 00:00:00,0,0,,
MCH-017,2025-10-25 00:00:00,0,0,,
MCH-017,2025-10-26 00:00:00,0,0,,
MCH-017,2025-10-27 00:00:00,0,0,,
MCH-017,2025-10-28 00:00:00,0,0,,
MCH-017,2025-10-29 00:00:00,0,0,,
MCH-017,2025-10-30 00:00:00,0,0,,
MCH-017,2025-10-31 00:00:00,0,0,,
MCH-017,2025-11-01 00:00:00,0,0,,
MCH-017,2025-11-02 00:00:00,0,0,,
MCH-017,2025-11-03 00:00:00,0,0,,
MCH-017,2025-11-04 00:00:00,0,0,,
MCH-017,2025-11-05 00:00:00,0,0,,
MCH-017,2025-11-06 00:00:00,0,0,,
MCH-017,2025-11-07 00:00:00,0,0,,
MCH-017,2025-11-08 00:00:00,0,0,,
MCH-017,2025-11-09 00:00:00,0,0,,
MCH-017,2025-11-10 00:00:00,0,0,,
MCH-017,2025-11-11 00:00:00,0,0,,
MCH-017,2025-11-12 00:00:00,0,0,,
MCH-017,2025-11-13 00:00:00,0,0,,
MCH-017,2025-11-14 00:00:00,0,0,,
MCH-017,2025-11-15 00:00:00,0,0,,
MCH-017,2025-11-16 00:00:00,0,0,,
MCH-017,2025-11-17 00:00:00,0,0,,
MCH-017,2025-11-18 00:00:00,0,0,,
MCH-017,2025-11-19 00:00:00,0,0,,
MCH-017,2025-11-20 00:00:00,0,0,,
MCH-017,2025-11-21 00:00:00,0,0,,
MCH-017,2025-11-22 00:00:00,0,0,,
MCH-017,2025-11-23 00:00:00,0,0,,
MCH-017,2025-11-24 00:00:00,0,0,,
MCH-017,2025-11-25 00:00:00,0,0,,
MCH-017,2025-11-26 00:00:00,0,0,,
MCH-017,2025-11-27 00:00:00,0,0,,
MCH-017,2025-11-28 00:00:00,0,0,,
MCH-017,2025-11-29 00:00:00,0,0,,
MCH-017,2025-11-30 00:00:00,0,0,,
MCH-017,2025-12-01 00:00:00,0,0,,
MCH-017,2025-12-02 00:00:00,0,0,,
MCH-017,2025-12-03 00:00:00,0,0,,
MCH-017,2025-12-04 00:00:00,0,0,,
MCH-017,2025-12-05 00:00:00,0,1,ELECTRICAL,medium
MCH-017,2025-12-06 00:00:00,0,1,BEARING,medium
MCH-017,2025-12-07 00:00:00,0,1,SENSOR,medium
MCH-017,2025-12-08 00:00:00,0,1,TOOLING,critical
MCH-017,2025-12-09 00:00:00,0,1,HYDRAULIC,high
MCH-017,2025-12-10 00:00:00,0,1,ELECTRICAL,medium
MCH-017,2025-12-11 00:00:00,1,1,TOOLING,critical
MCH-017,2025-12-12 00:00:00,1,1,SENSOR,medium
MCH-017,2025-12-13 00:00:00,0,0,,
MCH-017,2025-12-14 00:00:00,0,0,,
MCH-017,2025-12-15 00:00:00,0,0,,
MCH-017,2025-12-16 00:00:00,0,0,,
MCH-017,2025-12-17 00:00:00,0,0,,
MCH-017,2025-12-18 00:00:00,0,0,,
MCH-017,2025-12-19 00:00:00,0,0,,
MCH-017,2025-12-20 00:00:00,0,0,,
MCH-017,2025-12-21 00:00:00,0,0,,
MCH-017,2025-12-22 00:00:00,0,0,,
MCH-017,2025-12-23 00:00:00,0,0,,
MCH-017,2025-12-24 00:00:00,0,0,,
MCH-017,2025-12-25 00:00:00,0,0,,
MCH-017,2025-12-26 00:00:00,0,0,,
MCH-017,2025-12-27 00:00:00,0,0,,
MCH-017,2025-12-28 00:00:00,0,0,,
MCH-017,2025-12-29 00:00:00,0,0,,
MCH-017,2025-12-30 00:00:00,0,0,,
MCH-017,2025-12-31 00:00:00,0,0,,
MCH-017,2026-01-01 00:00:00,0,0,,
MCH-017,2026-01-02 00:00:00,0,0,,
MCH-017,2026-01-03 00:00:00,0,0,,
MCH-017,2026-01-04 00:00:00,0,0,,
MCH-017,2026-01-05 00:00:00,0,0,,
MCH-017,2026-01-06 00:00:00,0,0,,
MCH-017,2026-01-07 00:00:00,0,0,,
MCH-017,2026-01-08 00:00:00,0,0,,
MCH-017,2026-01-09 00:00:00,0,0,,
MCH-017,2026-01-10 00:00:00,0,0,,
MCH-017,2026-01-11 00:00:00,0,0,,
MCH-017,2026-01-12 00:00:00,0,0,,
MCH-017,2026-01-13 00:00:00,0,0,,
MCH-017,2026-01-14 00:00:00,0,0,,
MCH-017,2026-01-15 00:00:00,0,0,,
MCH-017,2026-01-16 00:00:00,0,0,,
MCH-017,2026-01-17 00:00:00,0,0,,
MCH-017,2026-01-18 00:00:00,0,0,,
MCH-017,2026-01-19 00:00:00,0,0,,
MCH-017,2026-01-20 00:00:00,0,0,,
MCH-017,2026-01-21 00:00:00,0,0,,
MCH-017,2026-01-22 00:00:00,0,0,,
MCH-017,2026-01-23 00:00:00,0,0,,
MCH-017,2026-01-24 00:00:00,0,0,,
MCH-017,2026-01-25 00:00:00,0,0,,
MCH-017,2026-01-26 00:00:00,0,0,,
MCH-017,2026-01-27 00:00:00,0,0,,
MCH-017,2026-01-28 00:00:00,0,0,,
MCH-017,2026-01-29 00:00:00,0,0,,
MCH-017,2026-01-30 00:00:00,0,0,,
MCH-017,2026-01-31 00:00:00,0,0,,
MCH-017,2026-02-01 00:00:00,0,0,,
MCH-017,2026-02-02 00:00:00,0,0,,
MCH-017,2026-02-03 00:00:00,0,0,,
MCH-017,2026-02-04 00:00:00,0,0,,
MCH-017,2026-02-05 00:00:00,0,0,,
MCH-017,2026-02-06 00:00:00,0,0,,
MCH-017,2026-02-07 00:00:00,0,0,,
MCH-017,2026-02-08 00:00:00,0,0,,
MCH-017,2026-02-09 00:00:00,0,0,,
MCH-017,2026-02-10 00:00:00,0,0,,
MCH-017,2026-02-11 00:00:00,0,0,,
MCH-017,2026-02-12 00:00:00,0,0,,
MCH-017,2026-02-13 00:00:00,0,0,,
MCH-017,2026-02-14 00:00:00,0,0,,
MCH-017,2026-02-15 00:00:00,0,0,,
MCH-017,2026-02-16 00:00:00,0,0,,
MCH-017,2026-02-17 00:00:00,0,0,,
MCH-017,2026-02-18 00:00:00,0,0,,
MCH-017,2026-02-19 00:00:00,0,0,,
MCH-017,2026-02-20 00:00:00,0,0,,
MCH-017,2026-02-21 00:00:00,0,0,,
MCH-017,2026-02-22 00:00:00,0,0,,
MCH-017,2026-02-23 00:00:00,0,0,,
MCH-017,2026-02-24 00:00:00,0,0,,
MCH-017,2026-02-25 00:00:00,0,0,,
MCH-017,2026-02-26 00:00:00,0,0,,
MCH-017,2026-02-27 00:00:00,0,0,,
MCH-017,2026-02-28 00:00:00,0,0,,
MCH-017,2026-03-01 00:00:00,0,0,,
MCH-017,2026-03-02 00:00:00,0,0,,
MCH-017,2026-03-03 00:00:00,0,0,,
MCH-017,2026-03-04 00:00:00,0,0,,
MCH-017,2026-03-05 00:00:00,0,0,,
MCH-017,2026-03-06 00:00:00,0,0,,
MCH-017,2026-03-07 00:00:00,0,0,,
MCH-017,2026-03-08 00:00:00,0,0,,
MCH-017,2026-03-09 00:00:00,0,0,,
MCH-017,2026-03-10 00:00:00,0,0,,
MCH-017,2026-03-11 00:00:00,0,0,,
MCH-017,2026-03-12 00:00:00,0,0,,
MCH-017,2026-03-13 00:00:00,0,0,,
MCH-017,2026-03-14 00:00:00,0,0,,
MCH-017,2026-03-15 00:00:00,0,0,,
MCH-017,2026-03-16 00:00:00,0,0,,
MCH-017,2026-03-17 00:00:00,0,0,,
MCH-017,2026-03-18 00:00:00,0,0,,
MCH-017,2026-03-19 00:00:00,0,0,,
MCH-017,2026-03-20 00:00:00,0,0,,
MCH-017,2026-03-21 00:00:00,0,0,,
MCH-017,2026-03-22 00:00:00,0,0,,
MCH-017,2026-03-23 00:00:00,0,0,,
MCH-017,2026-03-24 00:00:00,0,0,,
MCH-017,2026-03-25 00:00:00,0,0,,
MCH-017,2026-03-26 00:00:00,0,0,,
MCH-017,2026-03-27 00:00:00,0,0,,
MCH-017,2026-03-28 00:00:00,0,0,,
MCH-017,2026-03-29 00:00:00,0,0,,
MCH-017,2026-03-30 00:00:00,0,0,,
MCH-017,2026-03-31 00:00:00,0,0,,
MCH-017,2026-04-01 00:00:00,0,0,,
MCH-017,2026-04-02 00:00:00,0,0,,
MCH-017,2026-04-03 00:00:00,0,0,,
MCH-017,2026-04-04 00:00:00,0,0,,
MCH-017,2026-04-05 00:00:00,0,0,,
MCH-017,2026-04-06 00:00:00,0,0,,
MCH-017,2026-04-07 00:00:00,0,0,,
MCH-017,2026-04-08 00:00:00,0,0,,
MCH-017,2026-04-09 00:00:00,0,0,,
MCH-017,2026-04-10 00:00:00,0,0,,
MCH-017,2026-04-11 00:00:00,0,0,,
MCH-017,2026-04-12 00:00:00,0,0,,
MCH-017,2026-04-13 00:00:00,0,0,,
MCH-017,2026-04-14 00:00:00,0,0,,
MCH-017,2026-04-15 00:00:00,0,0,,
MCH-017,2026-04-16 00:00:00,0,0,,
MCH-017,2026-04-17 00:00:00,0,0,,
MCH-017,2026-04-18 00:00:00,0,0,,
MCH-017,2026-04-19 00:00:00,0,0,,
MCH-017,2026-04-20 00:00:00,0,0,,
MCH-017,2026-04-21 00:00:00,0,0,,
MCH-017,2026-04-22 00:00:00,0,0,,
MCH-017,2026-04-23 00:00:00,0,0,,
MCH-017,2026-04-24 00:00:00,0,0,,
MCH-017,2026-04-25 00:00:00,0,0,,
MCH-017,2026-04-26 00:00:00,0,0,,
MCH-017,2026-04-27 00:00:00,0,0,,
MCH-017,2026-04-28 00:00:00,0,0,,
MCH-017,2026-04-29 00:00:00,0,0,,
MCH-017,2026-04-30 00:00:00,0,0,,
MCH-017,2026-05-01 00:00:00,0,1,HYDRAULIC,high
MCH-017,2026-05-02 00:00:00,0,1,BEARING,medium
MCH-017,2026-05-03 00:00:00,0,1,SENSOR,high
MCH-017,2026-05-04 00:00:00,0,1,TOOLING,medium
MCH-017,2026-05-05 00:00:00,0,1,ELECTRICAL,medium
MCH-017,2026-05-06 00:00:00,0,1,SENSOR,high
MCH-017,2026-05-07 00:00:00,1,1,HYDRAULIC,medium
MCH-017,2026-05-08 00:00:00,1,1,ELECTRICAL,high
MCH-017,2026-05-09 00:00:00,0,0,,
MCH-017,2026-05-10 00:00:00,0,0,,
MCH-017,2026-05-11 00:00:00,0,0,,
MCH-017,2026-05-12 00:00:00,0,0,,
MCH-017,2026-05-13 00:00:00,0,0,,
MCH-017,2026-05-14 00:00:00,0,0,,
MCH-017,2026-05-15 00:00:00,0,0,,
MCH-017,2026-05-16 00:00:00,0,0,,
MCH-017,2026-05-17 00:00:00,0,0,,
MCH-017,2026-05-18 00:00:00,0,0,,
MCH-017,2026-05-19 00:00:00,0,0,,
MCH-017,2026-05-20 00:00:00,0,0,,
MCH-017,2026-05-21 00:00:00,0,0,,
MCH-017,2026-05-22 00:00:00,0,0,,
MCH-017,2026-05-23 00:00:00,0,0,,
MCH-017,2026-05-24 00:00:00,0,0,,
MCH-017,2026-05-25 00:00:00,0,0,,
MCH-017,2026-05-26 00:00:00,0,0,,
MCH-017,2026-05-27 00:00:00,0,0,,
MCH-017,2026-05-28 00:00:00,0,0,,
MCH-017,2026-05-29 00:00:00,0,0,,
MCH-017,2026-05-30 00:00:00,0,0,,
MCH-017,2026-05-31 00:00:00,0,0,,
MCH-017,2026-06-01 00:00:00,0,0,,
MCH-017,2026-06-02 00:00:00,0,0,,
MCH-017,2026-06-03 00:00:00,0,0,,
MCH-017,2026-06-04 00:00:00,0,0,,
MCH-017,2026-06-05 00:00:00,0,0,,
MCH-017,2026-06-06 00:00:00,0,0,,
MCH-017,2026-06-07 00:00:00,0,0,,
MCH-017,2026-06-08 00:00:00,0,0,,
MCH-017,2026-06-09 00:00:00,0,0,,
MCH-017,2026-06-10 00:00:00,0,0,,
MCH-017,2026-06-11 00:00:00,0,0,,
MCH-017,2026-06-12 00:00:00,0,0,,
MCH-017,2026-06-13 00:00:00,0,0,,
MCH-017,2026-06-14 00:00:00,0,0,,
MCH-017,2026-06-15 00:00:00,0,0,,
MCH-017,2026-06-16 00:00:00,0,0,,
MCH-017,2026-06-17 00:00:00,0,0,,
MCH-017,2026-06-18 00:00:00,0,0,,
MCH-017,2026-06-19 00:00:00,0,0,,
MCH-017,2026-06-20 00:00:00,0,0,,
MCH-017,2026-06-21 00:00:00,0,0,,
MCH-017,2026-06-22 00:00:00,0,0,,
MCH-017,2026-06-23 00:00:00,0,0,,
MCH-017,2026-06-24 00:00:00,0,0,,
MCH-017,2026-06-25 00:00:00,0,0,,
MCH-017,2026-06-26 00:00:00,0,0,,
MCH-017,2026-06-27 00:00:00,0,0,,
MCH-017,2026-06-28 00:00:00,0,0,,
MCH-017,2026-06-29 00:00:00,0,0,,
MCH-017,2026-06-30 00:00:00,0,0,,
MCH-017,2026-07-01 00:00:00,0,0,,
MCH-017,2026-07-02 00:00:00,0,0,,
MCH-017,2026-07-03 00:00:00,0,0,,
MCH-017,2026-07-04 00:00:00,0,0,,
MCH-017,2026-07-05 00:00:00,0,0,,
MCH-017,2026-07-06 00:00:00,0,0,,
MCH-017,2026-07-07 00:00:00,0,0,,
MCH-017,2026-07-08 00:00:00,0,0,,
MCH-017,2026-07-09 00:00:00,0,0,,
MCH-017,2026-07-10 00:00:00,0,0,,
MCH-017,2026-07-11 00:00:00,0,0,,
MCH-017,2026-07-12 00:00:00,0,0,,
MCH-017,2026-07-13 00:00:00,0,0,,
MCH-017,2026-07-14 00:00:00,0,0,,
MCH-017,2026-07-15 00:00:00,0,0,,
MCH-017,2026-07-16 00:00:00,0,0,,
MCH-017,2026-07-17 00:00:00,0,0,,
MCH-017,2026-07-18 00:00:00,0,0,,
MCH-017,2026-07-19 00:00:00,0,0,,
MCH-017,2026-07-20 00:00:00,0,0,,
MCH-017,2026-07-21 00:00:00,0,0,,
MCH-017,2026-07-22 00:00:00,0,0,,
MCH-017,2026-07-23 00:00:00,0,0,,
MCH-017,2026-07-24 00:00:00,0,0,,
MCH-017,2026-07-25 00:00:00,0,0,,
MCH-017,2026-07-26 00:00:00,0,0,,
MCH-017,2026-07-27 00:00:00,0,0,,
MCH-017,2026-07-28 00:00:00,0,0,,
MCH-017,2026-07-29 00:00:00,0,0,,
MCH-017,2026-07-30 00:00:00,0,0,,
MCH-017,2026-07-31 00:00:00,0,0,,
MCH-018,2025-08-01 00:00:00,0,0,,
MCH-018,2025-08-02 00:00:00,0,0,,
MCH-018,2025-08-03 00:00:00,0,0,,
MCH-018,2025-08-04 00:00:00,0,0,,
MCH-018,2025-08-05 00:00:00,0,0,,
MCH-018,2025-08-06 00:00:00,0,0,,
MCH-018,2025-08-07 00:00:00,0,0,,
MCH-018,2025-08-08 00:00:00,0,0,,
MCH-018,2025-08-09 00:00:00,0,0,,
MCH-018,2025-08-10 00:00:00,0,0,,
MCH-018,2025-08-11 00:00:00,0,0,,
MCH-018,2025-08-12 00:00:00,0,0,,
MCH-018,2025-08-13 00:00:00,0,0,,
MCH-018,2025-08-14 00:00:00,0,0,,
MCH-018,2025-08-15 00:00:00,0,0,,
MCH-018,2025-08-16 00:00:00,0,0,,
MCH-018,2025-08-17 00:00:00,0,0,,
MCH-018,2025-08-18 00:00:00,0,0,,
MCH-018,2025-08-19 00:00:00,0,0,,
MCH-018,2025-08-20 00:00:00,0,0,,
MCH-018,2025-08-21 00:00:00,0,0,,
MCH-018,2025-08-22 00:00:00,0,0,,
MCH-018,2025-08-23 00:00:00,0,0,,
MCH-018,2025-08-24 00:00:00,0,0,,
MCH-018,2025-08-25 00:00:00,0,0,,
MCH-018,2025-08-26 00:00:00,0,0,,
MCH-018,2025-08-27 00:00:00,0,0,,
MCH-018,2025-08-28 00:00:00,0,0,,
MCH-018,2025-08-29 00:00:00,0,0,,
MCH-018,2025-08-30 00:00:00,0,0,,
MCH-018,2025-08-31 00:00:00,0,0,,
MCH-018,2025-09-01 00:00:00,0,0,,
MCH-018,2025-09-02 00:00:00,0,0,,
MCH-018,2025-09-03 00:00:00,0,0,,
MCH-018,2025-09-04 00:00:00,0,0,,
MCH-018,2025-09-05 00:00:00,0,0,,
MCH-018,2025-09-06 00:00:00,0,0,,
MCH-018,2025-09-07 00:00:00,0,0,,
MCH-018,2025-09-08 00:00:00,0,0,,
MCH-018,2025-09-09 00:00:00,0,1,SENSOR,high
MCH-018,2025-09-10 00:00:00,0,1,HYDRAULIC,medium
MCH-018,2025-09-11 00:00:00,0,1,SENSOR,medium
MCH-018,2025-09-12 00:00:00,0,1,TOOLING,high
MCH-018,2025-09-13 00:00:00,0,1,TOOLING,medium
MCH-018,2025-09-14 00:00:00,0,1,HYDRAULIC,critical
MCH-018,2025-09-15 00:00:00,1,1,SENSOR,high
MCH-018,2025-09-16 00:00:00,1,1,ELECTRICAL,medium
MCH-018,2025-09-17 00:00:00,0,0,,
MCH-018,2025-09-18 00:00:00,0,0,,
MCH-018,2025-09-19 00:00:00,0,0,,
MCH-018,2025-09-20 00:00:00,0,0,,
MCH-018,2025-09-21 00:00:00,0,0,,
MCH-018,2025-09-22 00:00:00,0,0,,
MCH-018,2025-09-23 00:00:00,0,0,,
MCH-018,2025-09-24 00:00:00,0,0,,
MCH-018,2025-09-25 00:00:00,0,0,,
MCH-018,2025-09-26 00:00:00,0,0,,
MCH-018,2025-09-27 00:00:00,0,0,,
MCH-018,2025-09-28 00:00:00,0,0,,
MCH-018,2025-09-29 00:00:00,0,0,,
MCH-018,2025-09-30 00:00:00,0,0,,
MCH-018,2025-10-01 00:00:00,0,0,,
MCH-018,2025-10-02 00:00:00,0,0,,
MCH-018,2025-10-03 00:00:00,0,0,,
MCH-018,2025-10-04 00:00:00,0,0,,
MCH-018,2025-10-05 00:00:00,0,0,,
MCH-018,2025-10-06 00:00:00,0,0,,
MCH-018,2025-10-07 00:00:00,0,0,,
MCH-018,2025-10-08 00:00:00,0,0,,
MCH-018,2025-10-09 00:00:00,0,0,,
MCH-018,2025-10-10 00:00:00,0,0,,
MCH-018,2025-10-11 00:00:00,0,0,,
MCH-018,2025-10-12 00:00:00,0,0,,
MCH-018,2025-10-13 00:00:00,0,0,,
MCH-018,2025-10-14 00:00:00,0,0,,
MCH-018,2025-10-15 00:00:00,0,0,,
MCH-018,2025-10-16 00:00:00,0,0,,
MCH-018,2025-10-17 00:00:00,0,0,,
MCH-018,2025-10-18 00:00:00,0,0,,
MCH-018,2025-10-19 00:00:00,0,0,,
MCH-018,2025-10-20 00:00:00,0,0,,
MCH-018,2025-10-21 00:00:00,0,0,,
MCH-018,2025-10-22 00:00:00,0,0,,
MCH-018,2025-10-23 00:00:00,0,0,,
MCH-018,2025-10-24 00:00:00,0,0,,
MCH-018,2025-10-25 00:00:00,0,0,,
MCH-018,2025-10-26 00:00:00,0,0,,
MCH-018,2025-10-27 00:00:00,0,0,,
MCH-018,2025-10-28 00:00:00,0,0,,
MCH-018,2025-10-29 00:00:00,0,0,,
MCH-018,2025-10-30 00:00:00,0,0,,
MCH-018,2025-10-31 00:00:00,0,0,,
MCH-018,2025-11-01 00:00:00,0,0,,
MCH-018,2025-11-02 00:00:00,0,0,,
MCH-018,2025-11-03 00:00:00,0,0,,
MCH-018,2025-11-04 00:00:00,0,0,,
MCH-018,2025-11-05 00:00:00,0,0,,
MCH-018,2025-11-06 00:00:00,0,0,,
MCH-018,2025-11-07 00:00:00,0,0,,
MCH-018,2025-11-08 00:00:00,0,0,,
MCH-018,2025-11-09 00:00:00,0,0,,
MCH-018,2025-11-10 00:00:00,0,0,,
MCH-018,2025-11-11 00:00:00,0,0,,
MCH-018,2025-11-12 00:00:00,0,0,,
MCH-018,2025-11-13 00:00:00,0,0,,
MCH-018,2025-11-14 00:00:00,0,0,,
MCH-018,2025-11-15 00:00:00,0,0,,
MCH-018,2025-11-16 00:00:00,0,0,,
MCH-018,2025-11-17 00:00:00,0,0,,
MCH-018,2025-11-18 00:00:00,0,0,,
MCH-018,2025-11-19 00:00:00,0,0,,
MCH-018,2025-11-20 00:00:00,0,0,,
MCH-018,2025-11-21 00:00:00,0,0,,
MCH-018,2025-11-22 00:00:00,0,0,,
MCH-018,2025-11-23 00:00:00,0,0,,
MCH-018,2025-11-24 00:00:00,0,0,,
MCH-018,2025-11-25 00:00:00,0,0,,
MCH-018,2025-11-26 00:00:00,0,0,,
MCH-018,2025-11-27 00:00:00,0,0,,
MCH-018,2025-11-28 00:00:00,0,0,,
MCH-018,2025-11-29 00:00:00,0,0,,
MCH-018,2025-11-30 00:00:00,0,0,,
MCH-018,2025-12-01 00:00:00,0,0,,
MCH-018,2025-12-02 00:00:00,0,0,,
MCH-018,2025-12-03 00:00:00,0,0,,
MCH-018,2025-12-04 00:00:00,0,0,,
MCH-018,2025-12-05 00:00:00,0,0,,
MCH-018,2025-12-06 00:00:00,0,0,,
MCH-018,2025-12-07 00:00:00,0,0,,
MCH-018,2025-12-08 00:00:00,0,0,,
MCH-018,2025-12-09 00:00:00,0,0,,
MCH-018,2025-12-10 00:00:00,0,0,,
MCH-018,2025-12-11 00:00:00,0,0,,
MCH-018,2025-12-12 00:00:00,0,0,,
MCH-018,2025-12-13 00:00:00,0,0,,
MCH-018,2025-12-14 00:00:00,0,0,,
MCH-018,2025-12-15 00:00:00,0,0,,
MCH-018,2025-12-16 00:00:00,0,0,,
MCH-018,2025-12-17 00:00:00,0,0,,
MCH-018,2025-12-18 00:00:00,0,0,,
MCH-018,2025-12-19 00:00:00,0,0,,
MCH-018,2025-12-20 00:00:00,0,0,,
MCH-018,2025-12-21 00:00:00,0,0,,
MCH-018,2025-12-22 00:00:00,0,0,,
MCH-018,2025-12-23 00:00:00,0,0,,
MCH-018,2025-12-24 00:00:00,0,0,,
MCH-018,2025-12-25 00:00:00,0,0,,
MCH-018,2025-12-26 00:00:00,0,0,,
MCH-018,2025-12-27 00:00:00,0,0,,
MCH-018,2025-12-28 00:00:00,0,0,,
MCH-018,2025-12-29 00:00:00,0,0,,
MCH-018,2025-12-30 00:00:00,0,0,,
MCH-018,2025-12-31 00:00:00,0,0,,
MCH-018,2026-01-01 00:00:00,0,0,,
MCH-018,2026-01-02 00:00:00,0,0,,
MCH-018,2026-01-03 00:00:00,0,0,,
MCH-018,2026-01-04 00:00:00,0,0,,
MCH-018,2026-01-05 00:00:00,0,0,,
MCH-018,2026-01-06 00:00:00,0,0,,
MCH-018,2026-01-07 00:00:00,0,0,,
MCH-018,2026-01-08 00:00:00,0,0,,
MCH-018,2026-01-09 00:00:00,0,0,,
MCH-018,2026-01-10 00:00:00,0,0,,
MCH-018,2026-01-11 00:00:00,0,0,,
MCH-018,2026-01-12 00:00:00,0,0,,
MCH-018,2026-01-13 00:00:00,0,0,,
MCH-018,2026-01-14 00:00:00,0,0,,
MCH-018,2026-01-15 00:00:00,0,0,,
MCH-018,2026-01-16 00:00:00,0,0,,
MCH-018,2026-01-17 00:00:00,0,0,,
MCH-018,2026-01-18 00:00:00,0,0,,
MCH-018,2026-01-19 00:00:00,0,0,,
MCH-018,2026-01-20 00:00:00,0,0,,
MCH-018,2026-01-21 00:00:00,0,0,,
MCH-018,2026-01-22 00:00:00,0,0,,
MCH-018,2026-01-23 00:00:00,0,0,,
MCH-018,2026-01-24 00:00:00,0,0,,
MCH-018,2026-01-25 00:00:00,0,0,,
MCH-018,2026-01-26 00:00:00,0,0,,
MCH-018,2026-01-27 00:00:00,0,0,,
MCH-018,2026-01-28 00:00:00,0,0,,
MCH-018,2026-01-29 00:00:00,0,0,,
MCH-018,2026-01-30 00:00:00,0,0,,
MCH-018,2026-01-31 00:00:00,0,0,,
MCH-018,2026-02-01 00:00:00,0,0,,
MCH-018,2026-02-02 00:00:00,0,0,,
MCH-018,2026-02-03 00:00:00,0,0,,
MCH-018,2026-02-04 00:00:00,0,0,,
MCH-018,2026-02-05 00:00:00,0,0,,
MCH-018,2026-02-06 00:00:00,0,0,,
MCH-018,2026-02-07 00:00:00,0,0,,
MCH-018,2026-02-08 00:00:00,0,0,,
MCH-018,2026-02-09 00:00:00,0,0,,
MCH-018,2026-02-10 00:00:00,0,0,,
MCH-018,2026-02-11 00:00:00,0,0,,
MCH-018,2026-02-12 00:00:00,0,0,,
MCH-018,2026-02-13 00:00:00,0,0,,
MCH-018,2026-02-14 00:00:00,0,0,,
MCH-018,2026-02-15 00:00:00,0,0,,
MCH-018,2026-02-16 00:00:00,0,0,,
MCH-018,2026-02-17 00:00:00,0,0,,
MCH-018,2026-02-18 00:00:00,0,0,,
MCH-018,2026-02-19 00:00:00,0,0,,
MCH-018,2026-02-20 00:00:00,0,0,,
MCH-018,2026-02-21 00:00:00,0,0,,
MCH-018,2026-02-22 00:00:00,0,0,,
MCH-018,2026-02-23 00:00:00,0,0,,
MCH-018,2026-02-24 00:00:00,0,0,,
MCH-018,2026-02-25 00:00:00,0,0,,
MCH-018,2026-02-26 00:00:00,0,0,,
MCH-018,2026-02-27 00:00:00,0,0,,
MCH-018,2026-02-28 00:00:00,0,0,,
MCH-018,2026-03-01 00:00:00,0,0,,
MCH-018,2026-03-02 00:00:00,0,0,,
MCH-018,2026-03-03 00:00:00,0,0,,
MCH-018,2026-03-04 00:00:00,0,0,,
MCH-018,2026-03-05 00:00:00,0,0,,
MCH-018,2026-03-06 00:00:00,0,0,,
MCH-018,2026-03-07 00:00:00,0,0,,
MCH-018,2026-03-08 00:00:00,0,0,,
MCH-018,2026-03-09 00:00:00,0,0,,
MCH-018,2026-03-10 00:00:00,0,0,,
MCH-018,2026-03-11 00:00:00,0,0,,
MCH-018,2026-03-12 00:00:00,0,0,,
MCH-018,2026-03-13 00:00:00,0,0,,
MCH-018,2026-03-14 00:00:00,0,0,,
MCH-018,2026-03-15 00:00:00,0,0,,
MCH-018,2026-03-16 00:00:00,0,0,,
MCH-018,2026-03-17 00:00:00,0,0,,
MCH-018,2026-03-18 00:00:00,0,0,,
MCH-018,2026-03-19 00:00:00,0,0,,
MCH-018,2026-03-20 00:00:00,0,0,,
MCH-018,2026-03-21 00:00:00,0,0,,
MCH-018,2026-03-22 00:00:00,0,0,,
MCH-018,2026-03-23 00:00:00,0,0,,
MCH-018,2026-03-24 00:00:00,0,0,,
MCH-018,2026-03-25 00:00:00,0,0,,
MCH-018,2026-03-26 00:00:00,0,0,,
MCH-018,2026-03-27 00:00:00,0,0,,
MCH-018,2026-03-28 00:00:00,0,0,,
MCH-018,2026-03-29 00:00:00,0,0,,
MCH-018,2026-03-30 00:00:00,0,0,,
MCH-018,2026-03-31 00:00:00,0,0,,
MCH-018,2026-04-01 00:00:00,0,0,,
MCH-018,2026-04-02 00:00:00,0,0,,
MCH-018,2026-04-03 00:00:00,0,0,,
MCH-018,2026-04-04 00:00:00,0,0,,
MCH-018,2026-04-05 00:00:00,0,0,,
MCH-018,2026-04-06 00:00:00,0,0,,
MCH-018,2026-04-07 00:00:00,0,0,,
MCH-018,2026-04-08 00:00:00,0,0,,
MCH-018,2026-04-09 00:00:00,0,0,,
MCH-018,2026-04-10 00:00:00,0,0,,
MCH-018,2026-04-11 00:00:00,0,0,,
MCH-018,2026-04-12 00:00:00,0,0,,
MCH-018,2026-04-13 00:00:00,0,0,,
MCH-018,2026-04-14 00:00:00,0,0,,
MCH-018,2026-04-15 00:00:00,0,0,,
MCH-018,2026-04-16 00:00:00,0,0,,
MCH-018,2026-04-17 00:00:00,0,0,,
MCH-018,2026-04-18 00:00:00,0,0,,
MCH-018,2026-04-19 00:00:00,0,0,,
MCH-018,2026-04-20 00:00:00,0,0,,
MCH-018,2026-04-21 00:00:00,0,0,,
MCH-018,2026-04-22 00:00:00,0,0,,
MCH-018,2026-04-23 00:00:00,0,0,,
MCH-018,2026-04-24 00:00:00,0,0,,
MCH-018,2026-04-25 00:00:00,0,0,,
MCH-018,2026-04-26 00:00:00,0,0,,
MCH-018,2026-04-27 00:00:00,0,0,,
MCH-018,2026-04-28 00:00:00,0,0,,
MCH-018,2026-04-29 00:00:00,0,0,,
MCH-018,2026-04-30 00:00:00,0,0,,
MCH-018,2026-05-01 00:00:00,0,0,,
MCH-018,2026-05-02 00:00:00,0,0,,
MCH-018,2026-05-03 00:00:00,0,0,,
MCH-018,2026-05-04 00:00:00,0,0,,
MCH-018,2026-05-05 00:00:00,0,0,,
MCH-018,2026-05-06 00:00:00,0,0,,
MCH-018,2026-05-07 00:00:00,0,0,,
MCH-018,2026-05-08 00:00:00,0,0,,
MCH-018,2026-05-09 00:00:00,0,0,,
MCH-018,2026-05-10 00:00:00,0,0,,
MCH-018,2026-05-11 00:00:00,0,0,,
MCH-018,2026-05-12 00:00:00,0,0,,
MCH-018,2026-05-13 00:00:00,0,0,,
MCH-018,2026-05-14 00:00:00,0,0,,
MCH-018,2026-05-15 00:00:00,0,0,,
MCH-018,2026-05-16 00:00:00,0,0,,
MCH-018,2026-05-17 00:00:00,0,0,,
MCH-018,2026-05-18 00:00:00,0,0,,
MCH-018,2026-05-19 00:00:00,0,0,,
MCH-018,2026-05-20 00:00:00,0,0,,
MCH-018,2026-05-21 00:00:00,0,0,,
MCH-018,2026-05-22 00:00:00,0,0,,
MCH-018,2026-05-23 00:00:00,0,0,,
MCH-018,2026-05-24 00:00:00,0,0,,
MCH-018,2026-05-25 00:00:00,0,0,,
MCH-018,2026-05-26 00:00:00,0,0,,
MCH-018,2026-05-27 00:00:00,0,0,,
MCH-018,2026-05-28 00:00:00,0,0,,
MCH-018,2026-05-29 00:00:00,0,0,,
MCH-018,2026-05-30 00:00:00,0,0,,
MCH-018,2026-05-31 00:00:00,0,0,,
MCH-018,2026-06-01 00:00:00,0,0,,
MCH-018,2026-06-02 00:00:00,0,0,,
MCH-018,2026-06-03 00:00:00,0,0,,
MCH-018,2026-06-04 00:00:00,0,0,,
MCH-018,2026-06-05 00:00:00,0,0,,
MCH-018,2026-06-06 00:00:00,0,0,,
MCH-018,2026-06-07 00:00:00,0,0,,
MCH-018,2026-06-08 00:00:00,0,0,,
MCH-018,2026-06-09 00:00:00,0,0,,
MCH-018,2026-06-10 00:00:00,0,0,,
MCH-018,2026-06-11 00:00:00,0,0,,
MCH-018,2026-06-12 00:00:00,0,0,,
MCH-018,2026-06-13 00:00:00,0,0,,
MCH-018,2026-06-14 00:00:00,0,0,,
MCH-018,2026-06-15 00:00:00,0,0,,
MCH-018,2026-06-16 00:00:00,0,0,,
MCH-018,2026-06-17 00:00:00,0,0,,
MCH-018,2026-06-18 00:00:00,0,0,,
MCH-018,2026-06-19 00:00:00,0,0,,
MCH-018,2026-06-20 00:00:00,0,0,,
MCH-018,2026-06-21 00:00:00,0,0,,
MCH-018,2026-06-22 00:00:00,0,0,,
MCH-018,2026-06-23 00:00:00,0,0,,
MCH-018,2026-06-24 00:00:00,0,0,,
MCH-018,2026-06-25 00:00:00,0,0,,
MCH-018,2026-06-26 00:00:00,0,0,,
MCH-018,2026-06-27 00:00:00,0,0,,
MCH-018,2026-06-28 00:00:00,0,0,,
MCH-018,2026-06-29 00:00:00,0,0,,
MCH-018,2026-06-30 00:00:00,0,0,,
MCH-018,2026-07-01 00:00:00,0,0,,
MCH-018,2026-07-02 00:00:00,0,0,,
MCH-018,2026-07-03 00:00:00,0,0,,
MCH-018,2026-07-04 00:00:00,0,0,,
MCH-018,2026-07-05 00:00:00,0,0,,
MCH-018,2026-07-06 00:00:00,0,0,,
MCH-018,2026-07-07 00:00:00,0,0,,
MCH-018,2026-07-08 00:00:00,0,0,,
MCH-018,2026-07-09 00:00:00,0,0,,
MCH-018,2026-07-10 00:00:00,0,1,TOOLING,medium
MCH-018,2026-07-11 00:00:00,0,1,BEARING,medium
MCH-018,2026-07-12 00:00:00,0,1,HYDRAULIC,medium
MCH-018,2026-07-13 00:00:00,0,1,MOTOR,medium
MCH-018,2026-07-14 00:00:00,0,1,SENSOR,high
MCH-018,2026-07-15 00:00:00,0,1,MOTOR,medium
MCH-018,2026-07-16 00:00:00,1,1,HYDRAULIC,medium
MCH-018,2026-07-17 00:00:00,1,1,MOTOR,medium
MCH-018,2026-07-18 00:00:00,0,0,,
MCH-018,2026-07-19 00:00:00,0,0,,
MCH-018,2026-07-20 00:00:00,0,0,,
MCH-018,2026-07-21 00:00:00,0,0,,
MCH-018,2026-07-22 00:00:00,0,0,,
MCH-018,2026-07-23 00:00:00,0,0,,
MCH-018,2026-07-24 00:00:00,0,0,,
MCH-018,2026-07-25 00:00:00,0,0,,
MCH-018,2026-07-26 00:00:00,0,0,,
MCH-018,2026-07-27 00:00:00,0,0,,
MCH-018,2026-07-28 00:00:00,0,0,,
MCH-018,2026-07-29 00:00:00,0,0,,
MCH-018,2026-07-30 00:00:00,0,0,,
MCH-018,2026-07-31 00:00:00,0,0,,
MCH-019,2025-08-01 00:00:00,0,0,,
MCH-019,2025-08-02 00:00:00,0,0,,
MCH-019,2025-08-03 00:00:00,0,0,,
MCH-019,2025-08-04 00:00:00,0,0,,
MCH-019,2025-08-05 00:00:00,0,0,,
MCH-019,2025-08-06 00:00:00,0,0,,
MCH-019,2025-08-07 00:00:00,0,0,,
MCH-019,2025-08-08 00:00:00,0,0,,
MCH-019,2025-08-09 00:00:00,0,0,,
MCH-019,2025-08-10 00:00:00,0,0,,
MCH-019,2025-08-11 00:00:00,0,0,,
MCH-019,2025-08-12 00:00:00,0,0,,
MCH-019,2025-08-13 00:00:00,0,0,,
MCH-019,2025-08-14 00:00:00,0,0,,
MCH-019,2025-08-15 00:00:00,0,0,,
MCH-019,2025-08-16 00:00:00,0,0,,
MCH-019,2025-08-17 00:00:00,0,0,,
MCH-019,2025-08-18 00:00:00,0,0,,
MCH-019,2025-08-19 00:00:00,0,0,,
MCH-019,2025-08-20 00:00:00,0,0,,
MCH-019,2025-08-21 00:00:00,0,0,,
MCH-019,2025-08-22 00:00:00,0,0,,
MCH-019,2025-08-23 00:00:00,0,0,,
MCH-019,2025-08-24 00:00:00,0,0,,
MCH-019,2025-08-25 00:00:00,0,0,,
MCH-019,2025-08-26 00:00:00,0,0,,
MCH-019,2025-08-27 00:00:00,0,0,,
MCH-019,2025-08-28 00:00:00,0,0,,
MCH-019,2025-08-29 00:00:00,0,0,,
MCH-019,2025-08-30 00:00:00,0,0,,
MCH-019,2025-08-31 00:00:00,0,0,,
MCH-019,2025-09-01 00:00:00,0,0,,
MCH-019,2025-09-02 00:00:00,0,0,,
MCH-019,2025-09-03 00:00:00,0,0,,
MCH-019,2025-09-04 00:00:00,0,0,,
MCH-019,2025-09-05 00:00:00,0,0,,
MCH-019,2025-09-06 00:00:00,0,0,,
MCH-019,2025-09-07 00:00:00,0,0,,
MCH-019,2025-09-08 00:00:00,0,0,,
MCH-019,2025-09-09 00:00:00,0,0,,
MCH-019,2025-09-10 00:00:00,0,0,,
MCH-019,2025-09-11 00:00:00,0,0,,
MCH-019,2025-09-12 00:00:00,0,0,,
MCH-019,2025-09-13 00:00:00,0,0,,
MCH-019,2025-09-14 00:00:00,0,0,,
MCH-019,2025-09-15 00:00:00,0,0,,
MCH-019,2025-09-16 00:00:00,0,0,,
MCH-019,2025-09-17 00:00:00,0,0,,
MCH-019,2025-09-18 00:00:00,0,0,,
MCH-019,2025-09-19 00:00:00,0,0,,
MCH-019,2025-09-20 00:00:00,0,0,,
MCH-019,2025-09-21 00:00:00,0,0,,
MCH-019,2025-09-22 00:00:00,0,0,,
MCH-019,2025-09-23 00:00:00,0,0,,
MCH-019,2025-09-24 00:00:00,0,0,,
MCH-019,2025-09-25 00:00:00,0,0,,
MCH-019,2025-09-26 00:00:00,0,0,,
MCH-019,2025-09-27 00:00:00,0,0,,
MCH-019,2025-09-28 00:00:00,0,0,,
MCH-019,2025-09-29 00:00:00,0,0,,
MCH-019,2025-09-30 00:00:00,0,0,,
MCH-019,2025-10-01 00:00:00,0,0,,
MCH-019,2025-10-02 00:00:00,0,0,,
MCH-019,2025-10-03 00:00:00,0,0,,
MCH-019,2025-10-04 00:00:00,0,0,,
MCH-019,2025-10-05 00:00:00,0,0,,
MCH-019,2025-10-06 00:00:00,0,0,,
MCH-019,2025-10-07 00:00:00,0,0,,
MCH-019,2025-10-08 00:00:00,0,0,,
MCH-019,2025-10-09 00:00:00,0,0,,
MCH-019,2025-10-10 00:00:00,0,0,,
MCH-019,2025-10-11 00:00:00,0,0,,
MCH-019,2025-10-12 00:00:00,0,0,,
MCH-019,2025-10-13 00:00:00,0,0,,
MCH-019,2025-10-14 00:00:00,0,0,,
MCH-019,2025-10-15 00:00:00,0,0,,
MCH-019,2025-10-16 00:00:00,0,0,,
MCH-019,2025-10-17 00:00:00,0,0,,
MCH-019,2025-10-18 00:00:00,0,0,,
MCH-019,2025-10-19 00:00:00,0,0,,
MCH-019,2025-10-20 00:00:00,0,0,,
MCH-019,2025-10-21 00:00:00,0,0,,
MCH-019,2025-10-22 00:00:00,0,0,,
MCH-019,2025-10-23 00:00:00,0,0,,
MCH-019,2025-10-24 00:00:00,0,0,,
MCH-019,2025-10-25 00:00:00,0,0,,
MCH-019,2025-10-26 00:00:00,0,0,,
MCH-019,2025-10-27 00:00:00,0,0,,
MCH-019,2025-10-28 00:00:00,0,0,,
MCH-019,2025-10-29 00:00:00,0,0,,
MCH-019,2025-10-30 00:00:00,0,0,,
MCH-019,2025-10-31 00:00:00,0,0,,
MCH-019,2025-11-01 00:00:00,0,0,,
MCH-019,2025-11-02 00:00:00,0,0,,
MCH-019,2025-11-03 00:00:00,0,0,,
MCH-019,2025-11-04 00:00:00,0,0,,
MCH-019,2025-11-05 00:00:00,0,0,,
MCH-019,2025-11-06 00:00:00,0,0,,
MCH-019,2025-11-07 00:00:00,0,0,,
MCH-019,2025-11-08 00:00:00,0,0,,
MCH-019,2025-11-09 00:00:00,0,0,,
MCH-019,2025-11-10 00:00:00,0,0,,
MCH-019,2025-11-11 00:00:00,0,0,,
MCH-019,2025-11-12 00:00:00,0,0,,
MCH-019,2025-11-13 00:00:00,0,0,,
MCH-019,2025-11-14 00:00:00,0,0,,
MCH-019,2025-11-15 00:00:00,0,0,,
MCH-019,2025-11-16 00:00:00,0,0,,
MCH-019,2025-11-17 00:00:00,0,0,,
MCH-019,2025-11-18 00:00:00,0,0,,
MCH-019,2025-11-19 00:00:00,0,0,,
MCH-019,2025-11-20 00:00:00,0,0,,
MCH-019,2025-11-21 00:00:00,0,0,,
MCH-019,2025-11-22 00:00:00,0,0,,
MCH-019,2025-11-23 00:00:00,0,0,,
MCH-019,2025-11-24 00:00:00,0,0,,
MCH-019,2025-11-25 00:00:00,0,0,,
MCH-019,2025-11-26 00:00:00,0,0,,
MCH-019,2025-11-27 00:00:00,0,0,,
MCH-019,2025-11-28 00:00:00,0,0,,
MCH-019,2025-11-29 00:00:00,0,0,,
MCH-019,2025-11-30 00:00:00,0,0,,
MCH-019,2025-12-01 00:00:00,0,0,,
MCH-019,2025-12-02 00:00:00,0,0,,
MCH-019,2025-12-03 00:00:00,0,0,,
MCH-019,2025-12-04 00:00:00,0,0,,
MCH-019,2025-12-05 00:00:00,0,0,,
MCH-019,2025-12-06 00:00:00,0,0,,
MCH-019,2025-12-07 00:00:00,0,0,,
MCH-019,2025-12-08 00:00:00,0,0,,
MCH-019,2025-12-09 00:00:00,0,0,,
MCH-019,2025-12-10 00:00:00,0,0,,
MCH-019,2025-12-11 00:00:00,0,0,,
MCH-019,2025-12-12 00:00:00,0,0,,
MCH-019,2025-12-13 00:00:00,0,0,,
MCH-019,2025-12-14 00:00:00,0,0,,
MCH-019,2025-12-15 00:00:00,0,0,,
MCH-019,2025-12-16 00:00:00,0,0,,
MCH-019,2025-12-17 00:00:00,0,0,,
MCH-019,2025-12-18 00:00:00,0,0,,
MCH-019,2025-12-19 00:00:00,0,0,,
MCH-019,2025-12-20 00:00:00,0,0,,
MCH-019,2025-12-21 00:00:00,0,0,,
MCH-019,2025-12-22 00:00:00,0,0,,
MCH-019,2025-12-23 00:00:00,0,0,,
MCH-019,2025-12-24 00:00:00,0,0,,
MCH-019,2025-12-25 00:00:00,0,0,,
MCH-019,2025-12-26 00:00:00,0,0,,
MCH-019,2025-12-27 00:00:00,0,0,,
MCH-019,2025-12-28 00:00:00,0,0,,
MCH-019,2025-12-29 00:00:00,0,0,,
MCH-019,2025-12-30 00:00:00,0,0,,
MCH-019,2025-12-31 00:00:00,0,0,,
MCH-019,2026-01-01 00:00:00,0,0,,
MCH-019,2026-01-02 00:00:00,0,0,,
MCH-019,2026-01-03 00:00:00,0,0,,
MCH-019,2026-01-04 00:00:00,0,0,,
MCH-019,2026-01-05 00:00:00,0,0,,
MCH-019,2026-01-06 00:00:00,0,0,,
MCH-019,2026-01-07 00:00:00,0,0,,
MCH-019,2026-01-08 00:00:00,0,0,,
MCH-019,2026-01-09 00:00:00,0,0,,
MCH-019,2026-01-10 00:00:00,0,0,,
MCH-019,2026-01-11 00:00:00,0,0,,
MCH-019,2026-01-12 00:00:00,0,0,,
MCH-019,2026-01-13 00:00:00,0,0,,
MCH-019,2026-01-14 00:00:00,0,0,,
MCH-019,2026-01-15 00:00:00,0,0,,
MCH-019,2026-01-16 00:00:00,0,0,,
MCH-019,2026-01-17 00:00:00,0,0,,
MCH-019,2026-01-18 00:00:00,0,0,,
MCH-019,2026-01-19 00:00:00,0,0,,
MCH-019,2026-01-20 00:00:00,0,0,,
MCH-019,2026-01-21 00:00:00,0,0,,
MCH-019,2026-01-22 00:00:00,0,0,,
MCH-019,2026-01-23 00:00:00,0,0,,
MCH-019,2026-01-24 00:00:00,0,0,,
MCH-019,2026-01-25 00:00:00,0,0,,
MCH-019,2026-01-26 00:00:00,0,0,,
MCH-019,2026-01-27 00:00:00,0,0,,
MCH-019,2026-01-28 00:00:00,0,0,,
MCH-019,2026-01-29 00:00:00,0,0,,
MCH-019,2026-01-30 00:00:00,0,0,,
MCH-019,2026-01-31 00:00:00,0,0,,
MCH-019,2026-02-01 00:00:00,0,0,,
MCH-019,2026-02-02 00:00:00,0,0,,
MCH-019,2026-02-03 00:00:00,0,0,,
MCH-019,2026-02-04 00:00:00,0,0,,
MCH-019,2026-02-05 00:00:00,0,0,,
MCH-019,2026-02-06 00:00:00,0,0,,
MCH-019,2026-02-07 00:00:00,0,0,,
MCH-019,2026-02-08 00:00:00,0,0,,
MCH-019,2026-02-09 00:00:00,0,0,,
MCH-019,2026-02-10 00:00:00,0,0,,
MCH-019,2026-02-11 00:00:00,0,0,,
MCH-019,2026-02-12 00:00:00,0,0,,
MCH-019,2026-02-13 00:00:00,0,0,,
MCH-019,2026-02-14 00:00:00,0,0,,
MCH-019,2026-02-15 00:00:00,0,0,,
MCH-019,2026-02-16 00:00:00,0,0,,
MCH-019,2026-02-17 00:00:00,0,0,,
MCH-019,2026-02-18 00:00:00,0,0,,
MCH-019,2026-02-19 00:00:00,0,0,,
MCH-019,2026-02-20 00:00:00,0,0,,
MCH-019,2026-02-21 00:00:00,0,0,,
MCH-019,2026-02-22 00:00:00,0,0,,
MCH-019,2026-02-23 00:00:00,0,0,,
MCH-019,2026-02-24 00:00:00,0,0,,
MCH-019,2026-02-25 00:00:00,0,0,,
MCH-019,2026-02-26 00:00:00,0,0,,
MCH-019,2026-02-27 00:00:00,0,0,,
MCH-019,2026-02-28 00:00:00,0,0,,
MCH-019,2026-03-01 00:00:00,0,0,,
MCH-019,2026-03-02 00:00:00,0,0,,
MCH-019,2026-03-03 00:00:00,0,0,,
MCH-019,2026-03-04 00:00:00,0,0,,
MCH-019,2026-03-05 00:00:00,0,0,,
MCH-019,2026-03-06 00:00:00,0,0,,
MCH-019,2026-03-07 00:00:00,0,0,,
MCH-019,2026-03-08 00:00:00,0,0,,
MCH-019,2026-03-09 00:00:00,0,0,,
MCH-019,2026-03-10 00:00:00,0,0,,
MCH-019,2026-03-11 00:00:00,0,0,,
MCH-019,2026-03-12 00:00:00,0,0,,
MCH-019,2026-03-13 00:00:00,0,0,,
MCH-019,2026-03-14 00:00:00,0,0,,
MCH-019,2026-03-15 00:00:00,0,0,,
MCH-019,2026-03-16 00:00:00,0,0,,
MCH-019,2026-03-17 00:00:00,0,0,,
MCH-019,2026-03-18 00:00:00,0,0,,
MCH-019,2026-03-19 00:00:00,0,0,,
MCH-019,2026-03-20 00:00:00,0,0,,
MCH-019,2026-03-21 00:00:00,0,0,,
MCH-019,2026-03-22 00:00:00,0,0,,
MCH-019,2026-03-23 00:00:00,0,0,,
MCH-019,2026-03-24 00:00:00,0,0,,
MCH-019,2026-03-25 00:00:00,0,0,,
MCH-019,2026-03-26 00:00:00,0,0,,
MCH-019,2026-03-27 00:00:00,0,0,,
MCH-019,2026-03-28 00:00:00,0,0,,
MCH-019,2026-03-29 00:00:00,0,0,,
MCH-019,2026-03-30 00:00:00,0,0,,
MCH-019,2026-03-31 00:00:00,0,0,,
MCH-019,2026-04-01 00:00:00,0,0,,
MCH-019,2026-04-02 00:00:00,0,0,,
MCH-019,2026-04-03 00:00:00,0,0,,
MCH-019,2026-04-04 00:00:00,0,0,,
MCH-019,2026-04-05 00:00:00,0,0,,
MCH-019,2026-04-06 00:00:00,0,0,,
MCH-019,2026-04-07 00:00:00,0,0,,
MCH-019,2026-04-08 00:00:00,0,0,,
MCH-019,2026-04-09 00:00:00,0,0,,
MCH-019,2026-04-10 00:00:00,0,0,,
MCH-019,2026-04-11 00:00:00,0,0,,
MCH-019,2026-04-12 00:00:00,0,0,,
MCH-019,2026-04-13 00:00:00,0,0,,
MCH-019,2026-04-14 00:00:00,0,0,,
MCH-019,2026-04-15 00:00:00,0,0,,
MCH-019,2026-04-16 00:00:00,0,0,,
MCH-019,2026-04-17 00:00:00,0,0,,
MCH-019,2026-04-18 00:00:00,0,0,,
MCH-019,2026-04-19 00:00:00,0,0,,
MCH-019,2026-04-20 00:00:00,0,0,,
MCH-019,2026-04-21 00:00:00,0,0,,
MCH-019,2026-04-22 00:00:00,0,0,,
MCH-019,2026-04-23 00:00:00,0,0,,
MCH-019,2026-04-24 00:00:00,0,0,,
MCH-019,2026-04-25 00:00:00,0,0,,
MCH-019,2026-04-26 00:00:00,0,0,,
MCH-019,2026-04-27 00:00:00,0,0,,
MCH-019,2026-04-28 00:00:00,0,0,,
MCH-019,2026-04-29 00:00:00,0,0,,
MCH-019,2026-04-30 00:00:00,0,0,,
MCH-019,2026-05-01 00:00:00,0,0,,
MCH-019,2026-05-02 00:00:00,0,0,,
MCH-019,2026-05-03 00:00:00,0,0,,
MCH-019,2026-05-04 00:00:00,0,0,,
MCH-019,2026-05-05 00:00:00,0,0,,
MCH-019,2026-05-06 00:00:00,0,0,,
MCH-019,2026-05-07 00:00:00,0,0,,
MCH-019,2026-05-08 00:00:00,0,0,,
MCH-019,2026-05-09 00:00:00,0,0,,
MCH-019,2026-05-10 00:00:00,0,0,,
MCH-019,2026-05-11 00:00:00,0,0,,
MCH-019,2026-05-12 00:00:00,0,0,,
MCH-019,2026-05-13 00:00:00,0,0,,
MCH-019,2026-05-14 00:00:00,0,0,,
MCH-019,2026-05-15 00:00:00,0,0,,
MCH-019,2026-05-16 00:00:00,0,0,,
MCH-019,2026-05-17 00:00:00,0,0,,
MCH-019,2026-05-18 00:00:00,0,0,,
MCH-019,2026-05-19 00:00:00,0,0,,
MCH-019,2026-05-20 00:00:00,0,0,,
MCH-019,2026-05-21 00:00:00,0,0,,
MCH-019,2026-05-22 00:00:00,0,0,,
MCH-019,2026-05-23 00:00:00,0,0,,
MCH-019,2026-05-24 00:00:00,0,0,,
MCH-019,2026-05-25 00:00:00,0,0,,
MCH-019,2026-05-26 00:00:00,0,0,,
MCH-019,2026-05-27 00:00:00,0,0,,
MCH-019,2026-05-28 00:00:00,0,0,,
MCH-019,2026-05-29 00:00:00,0,0,,
MCH-019,2026-05-30 00:00:00,0,0,,
MCH-019,2026-05-31 00:00:00,0,0,,
MCH-019,2026-06-01 00:00:00,0,0,,
MCH-019,2026-06-02 00:00:00,0,0,,
MCH-019,2026-06-03 00:00:00,0,0,,
MCH-019,2026-06-04 00:00:00,0,0,,
MCH-019,2026-06-05 00:00:00,0,0,,
MCH-019,2026-06-06 00:00:00,0,0,,
MCH-019,2026-06-07 00:00:00,0,0,,
MCH-019,2026-06-08 00:00:00,0,0,,
MCH-019,2026-06-09 00:00:00,0,1,MOTOR,high
MCH-019,2026-06-10 00:00:00,0,1,SENSOR,medium
MCH-019,2026-06-11 00:00:00,0,1,BEARING,high
MCH-019,2026-06-12 00:00:00,0,1,ELECTRICAL,medium
MCH-019,2026-06-13 00:00:00,0,1,HYDRAULIC,high
MCH-019,2026-06-14 00:00:00,0,1,ELECTRICAL,medium
MCH-019,2026-06-15 00:00:00,1,1,SENSOR,high
MCH-019,2026-06-16 00:00:00,1,1,MOTOR,high
MCH-019,2026-06-17 00:00:00,0,0,,
MCH-019,2026-06-18 00:00:00,0,0,,
MCH-019,2026-06-19 00:00:00,0,0,,
MCH-019,2026-06-20 00:00:00,0,0,,
MCH-019,2026-06-21 00:00:00,0,0,,
MCH-019,2026-06-22 00:00:00,0,0,,
MCH-019,2026-06-23 00:00:00,0,0,,
MCH-019,2026-06-24 00:00:00,0,0,,
MCH-019,2026-06-25 00:00:00,0,0,,
MCH-019,2026-06-26 00:00:00,0,0,,
MCH-019,2026-06-27 00:00:00,0,0,,
MCH-019,2026-06-28 00:00:00,0,0,,
MCH-019,2026-06-29 00:00:00,0,0,,
MCH-019,2026-06-30 00:00:00,0,0,,
MCH-019,2026-07-01 00:00:00,0,0,,
MCH-019,2026-07-02 00:00:00,0,0,,
MCH-019,2026-07-03 00:00:00,0,0,,
MCH-019,2026-07-04 00:00:00,0,0,,
MCH-019,2026-07-05 00:00:00,0,0,,
MCH-019,2026-07-06 00:00:00,0,0,,
MCH-019,2026-07-07 00:00:00,0,0,,
MCH-019,2026-07-08 00:00:00,0,0,,
MCH-019,2026-07-09 00:00:00,0,0,,
MCH-019,2026-07-10 00:00:00,0,0,,
MCH-019,2026-07-11 00:00:00,0,0,,
MCH-019,2026-07-12 00:00:00,0,0,,
MCH-019,2026-07-13 00:00:00,0,0,,
MCH-019,2026-07-14 00:00:00,0,0,,
MCH-019,2026-07-15 00:00:00,0,0,,
MCH-019,2026-07-16 00:00:00,0,0,,
MCH-019,2026-07-17 00:00:00,0,0,,
MCH-019,2026-07-18 00:00:00,0,0,,
MCH-019,2026-07-19 00:00:00,0,0,,
MCH-019,2026-07-20 00:00:00,0,0,,
MCH-019,2026-07-21 00:00:00,0,0,,
MCH-019,2026-07-22 00:00:00,0,0,,
MCH-019,2026-07-23 00:00:00,0,0,,
MCH-019,2026-07-24 00:00:00,0,0,,
MCH-019,2026-07-25 00:00:00,0,0,,
MCH-019,2026-07-26 00:00:00,0,0,,
MCH-019,2026-07-27 00:00:00,0,0,,
MCH-019,2026-07-28 00:00:00,0,0,,
MCH-019,2026-07-29 00:00:00,0,0,,
MCH-019,2026-07-30 00:00:00,0,0,,
MCH-019,2026-07-31 00:00:00,0,0,,
MCH-020,2025-08-01 00:00:00,0,0,,
MCH-020,2025-08-02 00:00:00,0,0,,
MCH-020,2025-08-03 00:00:00,0,0,,
MCH-020,2025-08-04 00:00:00,0,0,,
MCH-020,2025-08-05 00:00:00,0,0,,
MCH-020,2025-08-06 00:00:00,0,0,,
MCH-020,2025-08-07 00:00:00,0,0,,
MCH-020,2025-08-08 00:00:00,0,0,,
MCH-020,2025-08-09 00:00:00,0,0,,
MCH-020,2025-08-10 00:00:00,0,0,,
MCH-020,2025-08-11 00:00:00,0,0,,
MCH-020,2025-08-12 00:00:00,0,0,,
MCH-020,2025-08-13 00:00:00,0,0,,
MCH-020,2025-08-14 00:00:00,0,0,,
MCH-020,2025-08-15 00:00:00,0,0,,
MCH-020,2025-08-16 00:00:00,0,0,,
MCH-020,2025-08-17 00:00:00,0,0,,
MCH-020,2025-08-18 00:00:00,0,0,,
MCH-020,2025-08-19 00:00:00,0,0,,
MCH-020,2025-08-20 00:00:00,0,0,,
MCH-020,2025-08-21 00:00:00,0,0,,
MCH-020,2025-08-22 00:00:00,0,0,,
MCH-020,2025-08-23 00:00:00,0,0,,
MCH-020,2025-08-24 00:00:00,0,0,,
MCH-020,2025-08-25 00:00:00,0,0,,
MCH-020,2025-08-26 00:00:00,0,0,,
MCH-020,2025-08-27 00:00:00,0,0,,
MCH-020,2025-08-28 00:00:00,0,0,,
MCH-020,2025-08-29 00:00:00,0,0,,
MCH-020,2025-08-30 00:00:00,0,0,,
MCH-020,2025-08-31 00:00:00,0,0,,
MCH-020,2025-09-01 00:00:00,0,0,,
MCH-020,2025-09-02 00:00:00,0,0,,
MCH-020,2025-09-03 00:00:00,0,0,,
MCH-020,2025-09-04 00:00:00,0,0,,
MCH-020,2025-09-05 00:00:00,0,0,,
MCH-020,2025-09-06 00:00:00,0,0,,
MCH-020,2025-09-07 00:00:00,0,0,,
MCH-020,2025-09-08 00:00:00,0,0,,
MCH-020,2025-09-09 00:00:00,0,0,,
MCH-020,2025-09-10 00:00:00,0,0,,
MCH-020,2025-09-11 00:00:00,0,0,,
MCH-020,2025-09-12 00:00:00,0,0,,
MCH-020,2025-09-13 00:00:00,0,0,,
MCH-020,2025-09-14 00:00:00,0,0,,
MCH-020,2025-09-15 00:00:00,0,0,,
MCH-020,2025-09-16 00:00:00,0,0,,
MCH-020,2025-09-17 00:00:00,0,0,,
MCH-020,2025-09-18 00:00:00,0,0,,
MCH-020,2025-09-19 00:00:00,0,0,,
MCH-020,2025-09-20 00:00:00,0,0,,
MCH-020,2025-09-21 00:00:00,0,0,,
MCH-020,2025-09-22 00:00:00,0,0,,
MCH-020,2025-09-23 00:00:00,0,0,,
MCH-020,2025-09-24 00:00:00,0,0,,
MCH-020,2025-09-25 00:00:00,0,0,,
MCH-020,2025-09-26 00:00:00,0,0,,
MCH-020,2025-09-27 00:00:00,0,0,,
MCH-020,2025-09-28 00:00:00,0,0,,
MCH-020,2025-09-29 00:00:00,0,0,,
MCH-020,2025-09-30 00:00:00,0,0,,
MCH-020,2025-10-01 00:00:00,0,0,,
MCH-020,2025-10-02 00:00:00,0,0,,
MCH-020,2025-10-03 00:00:00,0,0,,
MCH-020,2025-10-04 00:00:00,0,0,,
MCH-020,2025-10-05 00:00:00,0,0,,
MCH-020,2025-10-06 00:00:00,0,0,,
MCH-020,2025-10-07 00:00:00,0,0,,
MCH-020,2025-10-08 00:00:00,0,0,,
MCH-020,2025-10-09 00:00:00,0,0,,
MCH-020,2025-10-10 00:00:00,0,0,,
MCH-020,2025-10-11 00:00:00,0,0,,
MCH-020,2025-10-12 00:00:00,0,0,,
MCH-020,2025-10-13 00:00:00,0,0,,
MCH-020,2025-10-14 00:00:00,0,0,,
MCH-020,2025-10-15 00:00:00,0,0,,
MCH-020,2025-10-16 00:00:00,0,0,,
MCH-020,2025-10-17 00:00:00,0,0,,
MCH-020,2025-10-18 00:00:00,0,0,,
MCH-020,2025-10-19 00:00:00,0,0,,
MCH-020,2025-10-20 00:00:00,0,0,,
MCH-020,2025-10-21 00:00:00,0,0,,
MCH-020,2025-10-22 00:00:00,0,0,,
MCH-020,2025-10-23 00:00:00,0,0,,
MCH-020,2025-10-24 00:00:00,0,0,,
MCH-020,2025-10-25 00:00:00,0,0,,
MCH-020,2025-10-26 00:00:00,0,0,,
MCH-020,2025-10-27 00:00:00,0,0,,
MCH-020,2025-10-28 00:00:00,0,0,,
MCH-020,2025-10-29 00:00:00,0,0,,
MCH-020,2025-10-30 00:00:00,0,0,,
MCH-020,2025-10-31 00:00:00,0,0,,
MCH-020,2025-11-01 00:00:00,0,0,,
MCH-020,2025-11-02 00:00:00,0,0,,
MCH-020,2025-11-03 00:00:00,0,0,,
MCH-020,2025-11-04 00:00:00,0,0,,
MCH-020,2025-11-05 00:00:00,0,0,,
MCH-020,2025-11-06 00:00:00,0,0,,
MCH-020,2025-11-07 00:00:00,0,0,,
MCH-020,2025-11-08 00:00:00,0,0,,
MCH-020,2025-11-09 00:00:00,0,0,,
MCH-020,2025-11-10 00:00:00,0,0,,
MCH-020,2025-11-11 00:00:00,0,0,,
MCH-020,2025-11-12 00:00:00,0,0,,
MCH-020,2025-11-13 00:00:00,0,0,,
MCH-020,2025-11-14 00:00:00,0,0,,
MCH-020,2025-11-15 00:00:00,0,0,,
MCH-020,2025-11-16 00:00:00,0,0,,
MCH-020,2025-11-17 00:00:00,0,0,,
MCH-020,2025-11-18 00:00:00,0,0,,
MCH-020,2025-11-19 00:00:00,0,0,,
MCH-020,2025-11-20 00:00:00,0,0,,
MCH-020,2025-11-21 00:00:00,0,0,,
MCH-020,2025-11-22 00:00:00,0,0,,
MCH-020,2025-11-23 00:00:00,0,0,,
MCH-020,2025-11-24 00:00:00,0,0,,
MCH-020,2025-11-25 00:00:00,0,0,,
MCH-020,2025-11-26 00:00:00,0,0,,
MCH-020,2025-11-27 00:00:00,0,0,,
MCH-020,2025-11-28 00:00:00,0,0,,
MCH-020,2025-11-29 00:00:00,0,0,,
MCH-020,2025-11-30 00:00:00,0,0,,
MCH-020,2025-12-01 00:00:00,0,0,,
MCH-020,2025-12-02 00:00:00,0,0,,
MCH-020,2025-12-03 00:00:00,0,0,,
MCH-020,2025-12-04 00:00:00,0,0,,
MCH-020,2025-12-05 00:00:00,0,0,,
MCH-020,2025-12-06 00:00:00,0,0,,
MCH-020,2025-12-07 00:00:00,0,0,,
MCH-020,2025-12-08 00:00:00,0,0,,
MCH-020,2025-12-09 00:00:00,0,0,,
MCH-020,2025-12-10 00:00:00,0,0,,
MCH-020,2025-12-11 00:00:00,0,0,,
MCH-020,2025-12-12 00:00:00,0,0,,
MCH-020,2025-12-13 00:00:00,0,0,,
MCH-020,2025-12-14 00:00:00,0,0,,
MCH-020,2025-12-15 00:00:00,0,0,,
MCH-020,2025-12-16 00:00:00,0,0,,
MCH-020,2025-12-17 00:00:00,0,0,,
MCH-020,2025-12-18 00:00:00,0,0,,
MCH-020,2025-12-19 00:00:00,0,0,,
MCH-020,2025-12-20 00:00:00,0,0,,
MCH-020,2025-12-21 00:00:00,0,0,,
MCH-020,2025-12-22 00:00:00,0,0,,
MCH-020,2025-12-23 00:00:00,0,0,,
MCH-020,2025-12-24 00:00:00,0,0,,
MCH-020,2025-12-25 00:00:00,0,0,,
MCH-020,2025-12-26 00:00:00,0,0,,
MCH-020,2025-12-27 00:00:00,0,0,,
MCH-020,2025-12-28 00:00:00,0,0,,
MCH-020,2025-12-29 00:00:00,0,0,,
MCH-020,2025-12-30 00:00:00,0,0,,
MCH-020,2025-12-31 00:00:00,0,0,,
MCH-020,2026-01-01 00:00:00,0,0,,
MCH-020,2026-01-02 00:00:00,0,0,,
MCH-020,2026-01-03 00:00:00,0,0,,
MCH-020,2026-01-04 00:00:00,0,0,,
MCH-020,2026-01-05 00:00:00,0,0,,
MCH-020,2026-01-06 00:00:00,0,0,,
MCH-020,2026-01-07 00:00:00,0,0,,
MCH-020,2026-01-08 00:00:00,0,0,,
MCH-020,2026-01-09 00:00:00,0,0,,
MCH-020,2026-01-10 00:00:00,0,0,,
MCH-020,2026-01-11 00:00:00,0,0,,
MCH-020,2026-01-12 00:00:00,0,0,,
MCH-020,2026-01-13 00:00:00,0,0,,
MCH-020,2026-01-14 00:00:00,0,0,,
MCH-020,2026-01-15 00:00:00,0,0,,
MCH-020,2026-01-16 00:00:00,0,0,,
MCH-020,2026-01-17 00:00:00,0,0,,
MCH-020,2026-01-18 00:00:00,0,0,,
MCH-020,2026-01-19 00:00:00,0,0,,
MCH-020,2026-01-20 00:00:00,0,1,MOTOR,medium
MCH-020,2026-01-21 00:00:00,0,1,SENSOR,high
MCH-020,2026-01-22 00:00:00,0,1,MOTOR,medium
MCH-020,2026-01-23 00:00:00,0,1,MOTOR,critical
MCH-020,2026-01-24 00:00:00,0,1,ELECTRICAL,medium
MCH-020,2026-01-25 00:00:00,0,1,SENSOR,high
MCH-020,2026-01-26 00:00:00,1,1,SENSOR,medium
MCH-020,2026-01-27 00:00:00,1,1,BEARING,medium
MCH-020,2026-01-28 00:00:00,0,0,,
MCH-020,2026-01-29 00:00:00,0,0,,
MCH-020,2026-01-30 00:00:00,0,0,,
MCH-020,2026-01-31 00:00:00,0,0,,
MCH-020,2026-02-01 00:00:00,0,0,,
MCH-020,2026-02-02 00:00:00,0,0,,
MCH-020,2026-02-03 00:00:00,0,0,,
MCH-020,2026-02-04 00:00:00,0,0,,
MCH-020,2026-02-05 00:00:00,0,0,,
MCH-020,2026-02-06 00:00:00,0,0,,
MCH-020,2026-02-07 00:00:00,0,0,,
MCH-020,2026-02-08 00:00:00,0,0,,
MCH-020,2026-02-09 00:00:00,0,0,,
MCH-020,2026-02-10 00:00:00,0,0,,
MCH-020,2026-02-11 00:00:00,0,0,,
MCH-020,2026-02-12 00:00:00,0,1,MOTOR,high
MCH-020,2026-02-13 00:00:00,0,1,TOOLING,high
MCH-020,2026-02-14 00:00:00,0,1,MOTOR,high
MCH-020,2026-02-15 00:00:00,0,1,BEARING,high
MCH-020,2026-02-16 00:00:00,0,1,MOTOR,medium
MCH-020,2026-02-17 00:00:00,0,1,ELECTRICAL,medium
MCH-020,2026-02-18 00:00:00,1,1,BEARING,high
MCH-020,2026-02-19 00:00:00,1,1,SENSOR,high
MCH-020,2026-02-20 00:00:00,0,0,,
MCH-020,2026-02-21 00:00:00,0,0,,
MCH-020,2026-02-22 00:00:00,0,0,,
MCH-020,2026-02-23 00:00:00,0,0,,
MCH-020,2026-02-24 00:00:00,0,0,,
MCH-020,2026-02-25 00:00:00,0,0,,
MCH-020,2026-02-26 00:00:00,0,0,,
MCH-020,2026-02-27 00:00:00,0,0,,
MCH-020,2026-02-28 00:00:00,0,0,,
MCH-020,2026-03-01 00:00:00,0,0,,
MCH-020,2026-03-02 00:00:00,0,0,,
MCH-020,2026-03-03 00:00:00,0,0,,
MCH-020,2026-03-04 00:00:00,0,0,,
MCH-020,2026-03-05 00:00:00,0,0,,
MCH-020,2026-03-06 00:00:00,0,0,,
MCH-020,2026-03-07 00:00:00,0,0,,
MCH-020,2026-03-08 00:00:00,0,0,,
MCH-020,2026-03-09 00:00:00,0,1,TOOLING,medium
MCH-020,2026-03-10 00:00:00,0,1,MOTOR,critical
MCH-020,2026-03-11 00:00:00,0,1,HYDRAULIC,medium
MCH-020,2026-03-12 00:00:00,0,1,SENSOR,critical
MCH-020,2026-03-13 00:00:00,0,1,TOOLING,medium
MCH-020,2026-03-14 00:00:00,0,1,ELECTRICAL,high
MCH-020,2026-03-15 00:00:00,1,1,BEARING,high
MCH-020,2026-03-16 00:00:00,1,1,BEARING,high
MCH-020,2026-03-17 00:00:00,0,0,,
MCH-020,2026-03-18 00:00:00,0,0,,
MCH-020,2026-03-19 00:00:00,0,0,,
MCH-020,2026-03-20 00:00:00,0,0,,
MCH-020,2026-03-21 00:00:00,0,0,,
MCH-020,2026-03-22 00:00:00,0,0,,
MCH-020,2026-03-23 00:00:00,0,0,,
MCH-020,2026-03-24 00:00:00,0,0,,
MCH-020,2026-03-25 00:00:00,0,0,,
MCH-020,2026-03-26 00:00:00,0,0,,
MCH-020,2026-03-27 00:00:00,0,0,,
MCH-020,2026-03-28 00:00:00,0,0,,
MCH-020,2026-03-29 00:00:00,0,0,,
MCH-020,2026-03-30 00:00:00,0,0,,
MCH-020,2026-03-31 00:00:00,0,0,,
MCH-020,2026-04-01 00:00:00,0,0,,
MCH-020,2026-04-02 00:00:00,0,0,,
MCH-020,2026-04-03 00:00:00,0,0,,
MCH-020,2026-04-04 00:00:00,0,0,,
MCH-020,2026-04-05 00:00:00,0,0,,
MCH-020,2026-04-06 00:00:00,0,0,,
MCH-020,2026-04-07 00:00:00,0,0,,
MCH-020,2026-04-08 00:00:00,0,0,,
MCH-020,2026-04-09 00:00:00,0,0,,
MCH-020,2026-04-10 00:00:00,0,0,,
MCH-020,2026-04-11 00:00:00,0,0,,
MCH-020,2026-04-12 00:00:00,0,0,,
MCH-020,2026-04-13 00:00:00,0,0,,
MCH-020,2026-04-14 00:00:00,0,0,,
MCH-020,2026-04-15 00:00:00,0,0,,
MCH-020,2026-04-16 00:00:00,0,0,,
MCH-020,2026-04-17 00:00:00,0,0,,
MCH-020,2026-04-18 00:00:00,0,0,,
MCH-020,2026-04-19 00:00:00,0,0,,
MCH-020,2026-04-20 00:00:00,0,0,,
MCH-020,2026-04-21 00:00:00,0,0,,
MCH-020,2026-04-22 00:00:00,0,0,,
MCH-020,2026-04-23 00:00:00,0,0,,
MCH-020,2026-04-24 00:00:00,0,0,,
MCH-020,2026-04-25 00:00:00,0,0,,
MCH-020,2026-04-26 00:00:00,0,0,,
MCH-020,2026-04-27 00:00:00,0,0,,
MCH-020,2026-04-28 00:00:00,0,1,TOOLING,high
MCH-020,2026-04-29 00:00:00,0,1,TOOLING,medium
MCH-020,2026-04-30 00:00:00,0,1,BEARING,high
MCH-020,2026-05-01 00:00:00,0,1,MOTOR,medium
MCH-020,2026-05-02 00:00:00,0,1,ELECTRICAL,high
MCH-020,2026-05-03 00:00:00,0,1,BEARING,medium
MCH-020,2026-05-04 00:00:00,1,1,ELECTRICAL,high
MCH-020,2026-05-05 00:00:00,1,1,ELECTRICAL,high
MCH-020,2026-05-06 00:00:00,0,0,,
MCH-020,2026-05-07 00:00:00,0,0,,
MCH-020,2026-05-08 00:00:00,0,0,,
MCH-020,2026-05-09 00:00:00,0,0,,
MCH-020,2026-05-10 00:00:00,0,0,,
MCH-020,2026-05-11 00:00:00,0,0,,
MCH-020,2026-05-12 00:00:00,0,0,,
MCH-020,2026-05-13 00:00:00,0,0,,
MCH-020,2026-05-14 00:00:00,0,0,,
MCH-020,2026-05-15 00:00:00,0,0,,
MCH-020,2026-05-16 00:00:00,0,0,,
MCH-020,2026-05-17 00:00:00,0,0,,
MCH-020,2026-05-18 00:00:00,0,0,,
MCH-020,2026-05-19 00:00:00,0,0,,
MCH-020,2026-05-20 00:00:00,0,0,,
MCH-020,2026-05-21 00:00:00,0,0,,
MCH-020,2026-05-22 00:00:00,0,0,,
MCH-020,2026-05-23 00:00:00,0,0,,
MCH-020,2026-05-24 00:00:00,0,0,,
MCH-020,2026-05-25 00:00:00,0,0,,
MCH-020,2026-05-26 00:00:00,0,0,,
MCH-020,2026-05-27 00:00:00,0,0,,
MCH-020,2026-05-28 00:00:00,0,0,,
MCH-020,2026-05-29 00:00:00,0,0,,
MCH-020,2026-05-30 00:00:00,0,0,,
MCH-020,2026-05-31 00:00:00,0,0,,
MCH-020,2026-06-01 00:00:00,0,0,,
MCH-020,2026-06-02 00:00:00,0,0,,
MCH-020,2026-06-03 00:00:00,0,0,,
MCH-020,2026-06-04 00:00:00,0,0,,
MCH-020,2026-06-05 00:00:00,0,0,,
MCH-020,2026-06-06 00:00:00,0,0,,
MCH-020,2026-06-07 00:00:00,0,0,,
MCH-020,2026-06-08 00:00:00,0,0,,
MCH-020,2026-06-09 00:00:00,0,0,,
MCH-020,2026-06-10 00:00:00,0,0,,
MCH-020,2026-06-11 00:00:00,0,0,,
MCH-020,2026-06-12 00:00:00,0,0,,
MCH-020,2026-06-13 00:00:00,0,0,,
MCH-020,2026-06-14 00:00:00,0,0,,
MCH-020,2026-06-15 00:00:00,0,0,,
MCH-020,2026-06-16 00:00:00,0,0,,
MCH-020,2026-06-17 00:00:00,0,0,,
MCH-020,2026-06-18 00:00:00,0,0,,
MCH-020,2026-06-19 00:00:00,0,0,,
MCH-020,2026-06-20 00:00:00,0,0,,
MCH-020,2026-06-21 00:00:00,0,0,,
MCH-020,2026-06-22 00:00:00,0,0,,
MCH-020,2026-06-23 00:00:00,0,0,,
MCH-020,2026-06-24 00:00:00,0,0,,
MCH-020,2026-06-25 00:00:00,0,0,,
MCH-020,2026-06-26 00:00:00,0,0,,
MCH-020,2026-06-27 00:00:00,0,0,,
MCH-020,2026-06-28 00:00:00,0,0,,
MCH-020,2026-06-29 00:00:00,0,0,,
MCH-020,2026-06-30 00:00:00,0,0,,
MCH-020,2026-07-01 00:00:00,0,0,,
MCH-020,2026-07-02 00:00:00,0,0,,
MCH-020,2026-07-03 00:00:00,0,0,,
MCH-020,2026-07-04 00:00:00,0,0,,
MCH-020,2026-07-05 00:00:00,0,0,,
MCH-020,2026-07-06 00:00:00,0,0,,
MCH-020,2026-07-07 00:00:00,0,0,,
MCH-020,2026-07-08 00:00:00,0,0,,
MCH-020,2026-07-09 00:00:00,0,0,,
MCH-020,2026-07-10 00:00:00,0,0,,
MCH-020,2026-07-11 00:00:00,0,0,,
MCH-020,2026-07-12 00:00:00,0,0,,
MCH-020,2026-07-13 00:00:00,0,0,,
MCH-020,2026-07-14 00:00:00,0,0,,
MCH-020,2026-07-15 00:00:00,0,0,,
MCH-020,2026-07-16 00:00:00,0,0,,
MCH-020,2026-07-17 00:00:00,0,0,,
MCH-020,2026-07-18 00:00:00,0,0,,
MCH-020,2026-07-19 00:00:00,0,0,,
MCH-020,2026-07-20 00:00:00,0,0,,
MCH-020,2026-07-21 00:00:00,0,0,,
MCH-020,2026-07-22 00:00:00,0,0,,
MCH-020,2026-07-23 00:00:00,0,0,,
MCH-020,2026-07-24 00:00:00,0,0,,
MCH-020,2026-07-25 00:00:00,0,0,,
MCH-020,2026-07-26 00:00:00,0,0,,
MCH-020,2026-07-27 00:00:00,0,0,,
MCH-020,2026-07-28 00:00:00,0,0,,
MCH-020,2026-07-29 00:00:00,0,0,,
MCH-020,2026-07-30 00:00:00,0,0,,
MCH-020,2026-07-31 00:00:00,0,0,,
MCH-021,2025-08-01 00:00:00,0,0,,
MCH-021,2025-08-02 00:00:00,0,0,,
MCH-021,2025-08-03 00:00:00,0,0,,
MCH-021,2025-08-04 00:00:00,0,0,,
MCH-021,2025-08-05 00:00:00,0,0,,
MCH-021,2025-08-06 00:00:00,0,0,,
MCH-021,2025-08-07 00:00:00,0,0,,
MCH-021,2025-08-08 00:00:00,0,0,,
MCH-021,2025-08-09 00:00:00,0,0,,
MCH-021,2025-08-10 00:00:00,0,0,,
MCH-021,2025-08-11 00:00:00,0,0,,
MCH-021,2025-08-12 00:00:00,0,0,,
MCH-021,2025-08-13 00:00:00,0,0,,
MCH-021,2025-08-14 00:00:00,0,0,,
MCH-021,2025-08-15 00:00:00,0,0,,
MCH-021,2025-08-16 00:00:00,0,0,,
MCH-021,2025-08-17 00:00:00,0,0,,
MCH-021,2025-08-18 00:00:00,0,0,,
MCH-021,2025-08-19 00:00:00,0,0,,
MCH-021,2025-08-20 00:00:00,0,0,,
MCH-021,2025-08-21 00:00:00,0,0,,
MCH-021,2025-08-22 00:00:00,0,0,,
MCH-021,2025-08-23 00:00:00,0,0,,
MCH-021,2025-08-24 00:00:00,0,0,,
MCH-021,2025-08-25 00:00:00,0,0,,
MCH-021,2025-08-26 00:00:00,0,0,,
MCH-021,2025-08-27 00:00:00,0,0,,
MCH-021,2025-08-28 00:00:00,0,0,,
MCH-021,2025-08-29 00:00:00,0,0,,
MCH-021,2025-08-30 00:00:00,0,0,,
MCH-021,2025-08-31 00:00:00,0,0,,
MCH-021,2025-09-01 00:00:00,0,0,,
MCH-021,2025-09-02 00:00:00,0,0,,
MCH-021,2025-09-03 00:00:00,0,0,,
MCH-021,2025-09-04 00:00:00,0,0,,
MCH-021,2025-09-05 00:00:00,0,0,,
MCH-021,2025-09-06 00:00:00,0,0,,
MCH-021,2025-09-07 00:00:00,0,0,,
MCH-021,2025-09-08 00:00:00,0,0,,
MCH-021,2025-09-09 00:00:00,0,0,,
MCH-021,2025-09-10 00:00:00,0,0,,
MCH-021,2025-09-11 00:00:00,0,0,,
MCH-021,2025-09-12 00:00:00,0,0,,
MCH-021,2025-09-13 00:00:00,0,0,,
MCH-021,2025-09-14 00:00:00,0,0,,
MCH-021,2025-09-15 00:00:00,0,0,,
MCH-021,2025-09-16 00:00:00,0,0,,
MCH-021,2025-09-17 00:00:00,0,0,,
MCH-021,2025-09-18 00:00:00,0,0,,
MCH-021,2025-09-19 00:00:00,0,0,,
MCH-021,2025-09-20 00:00:00,0,0,,
MCH-021,2025-09-21 00:00:00,0,0,,
MCH-021,2025-09-22 00:00:00,0,0,,
MCH-021,2025-09-23 00:00:00,0,0,,
MCH-021,2025-09-24 00:00:00,0,0,,
MCH-021,2025-09-25 00:00:00,0,0,,
MCH-021,2025-09-26 00:00:00,0,0,,
MCH-021,2025-09-27 00:00:00,0,0,,
MCH-021,2025-09-28 00:00:00,0,0,,
MCH-021,2025-09-29 00:00:00,0,0,,
MCH-021,2025-09-30 00:00:00,0,0,,
MCH-021,2025-10-01 00:00:00,0,0,,
MCH-021,2025-10-02 00:00:00,0,0,,
MCH-021,2025-10-03 00:00:00,0,0,,
MCH-021,2025-10-04 00:00:00,0,0,,
MCH-021,2025-10-05 00:00:00,0,0,,
MCH-021,2025-10-06 00:00:00,0,0,,
MCH-021,2025-10-07 00:00:00,0,0,,
MCH-021,2025-10-08 00:00:00,0,0,,
MCH-021,2025-10-09 00:00:00,0,0,,
MCH-021,2025-10-10 00:00:00,0,0,,
MCH-021,2025-10-11 00:00:00,0,0,,
MCH-021,2025-10-12 00:00:00,0,0,,
MCH-021,2025-10-13 00:00:00,0,0,,
MCH-021,2025-10-14 00:00:00,0,0,,
MCH-021,2025-10-15 00:00:00,0,0,,
MCH-021,2025-10-16 00:00:00,0,0,,
MCH-021,2025-10-17 00:00:00,0,0,,
MCH-021,2025-10-18 00:00:00,0,0,,
MCH-021,2025-10-19 00:00:00,0,0,,
MCH-021,2025-10-20 00:00:00,0,0,,
MCH-021,2025-10-21 00:00:00,0,0,,
MCH-021,2025-10-22 00:00:00,0,0,,
MCH-021,2025-10-23 00:00:00,0,0,,
MCH-021,2025-10-24 00:00:00,0,0,,
MCH-021,2025-10-25 00:00:00,0,0,,
MCH-021,2025-10-26 00:00:00,0,0,,
MCH-021,2025-10-27 00:00:00,0,0,,
MCH-021,2025-10-28 00:00:00,0,0,,
MCH-021,2025-10-29 00:00:00,0,0,,
MCH-021,2025-10-30 00:00:00,0,0,,
MCH-021,2025-10-31 00:00:00,0,0,,
MCH-021,2025-11-01 00:00:00,0,0,,
MCH-021,2025-11-02 00:00:00,0,0,,
MCH-021,2025-11-03 00:00:00,0,0,,
MCH-021,2025-11-04 00:00:00,0,0,,
MCH-021,2025-11-05 00:00:00,0,0,,
MCH-021,2025-11-06 00:00:00,0,0,,
MCH-021,2025-11-07 00:00:00,0,0,,
MCH-021,2025-11-08 00:00:00,0,0,,
MCH-021,2025-11-09 00:00:00,0,0,,
MCH-021,2025-11-10 00:00:00,0,0,,
MCH-021,2025-11-11 00:00:00,0,0,,
MCH-021,2025-11-12 00:00:00,0,1,MOTOR,high
MCH-021,2025-11-13 00:00:00,0,1,HYDRAULIC,medium
MCH-021,2025-11-14 00:00:00,0,1,ELECTRICAL,high
MCH-021,2025-11-15 00:00:00,0,1,TOOLING,medium
MCH-021,2025-11-16 00:00:00,0,1,MOTOR,high
MCH-021,2025-11-17 00:00:00,0,1,SENSOR,high
MCH-021,2025-11-18 00:00:00,1,1,TOOLING,medium
MCH-021,2025-11-19 00:00:00,1,1,BEARING,high
MCH-021,2025-11-20 00:00:00,0,0,,
MCH-021,2025-11-21 00:00:00,0,0,,
MCH-021,2025-11-22 00:00:00,0,0,,
MCH-021,2025-11-23 00:00:00,0,0,,
MCH-021,2025-11-24 00:00:00,0,0,,
MCH-021,2025-11-25 00:00:00,0,0,,
MCH-021,2025-11-26 00:00:00,0,0,,
MCH-021,2025-11-27 00:00:00,0,0,,
MCH-021,2025-11-28 00:00:00,0,0,,
MCH-021,2025-11-29 00:00:00,0,0,,
MCH-021,2025-11-30 00:00:00,0,0,,
MCH-021,2025-12-01 00:00:00,0,0,,
MCH-021,2025-12-02 00:00:00,0,0,,
MCH-021,2025-12-03 00:00:00,0,0,,
MCH-021,2025-12-04 00:00:00,0,0,,
MCH-021,2025-12-05 00:00:00,0,0,,
MCH-021,2025-12-06 00:00:00,0,0,,
MCH-021,2025-12-07 00:00:00,0,0,,
MCH-021,2025-12-08 00:00:00,0,0,,
MCH-021,2025-12-09 00:00:00,0,0,,
MCH-021,2025-12-10 00:00:00,0,0,,
MCH-021,2025-12-11 00:00:00,0,0,,
MCH-021,2025-12-12 00:00:00,0,0,,
MCH-021,2025-12-13 00:00:00,0,0,,
MCH-021,2025-12-14 00:00:00,0,0,,
MCH-021,2025-12-15 00:00:00,0,0,,
MCH-021,2025-12-16 00:00:00,0,0,,
MCH-021,2025-12-17 00:00:00,0,0,,
MCH-021,2025-12-18 00:00:00,0,0,,
MCH-021,2025-12-19 00:00:00,0,0,,
MCH-021,2025-12-20 00:00:00,0,0,,
MCH-021,2025-12-21 00:00:00,0,0,,
MCH-021,2025-12-22 00:00:00,0,0,,
MCH-021,2025-12-23 00:00:00,0,0,,
MCH-021,2025-12-24 00:00:00,0,0,,
MCH-021,2025-12-25 00:00:00,0,0,,
MCH-021,2025-12-26 00:00:00,0,0,,
MCH-021,2025-12-27 00:00:00,0,0,,
MCH-021,2025-12-28 00:00:00,0,0,,
MCH-021,2025-12-29 00:00:00,0,0,,
MCH-021,2025-12-30 00:00:00,0,0,,
MCH-021,2025-12-31 00:00:00,0,0,,
MCH-021,2026-01-01 00:00:00,0,0,,
MCH-021,2026-01-02 00:00:00,0,0,,
MCH-021,2026-01-03 00:00:00,0,0,,
MCH-021,2026-01-04 00:00:00,0,0,,
MCH-021,2026-01-05 00:00:00,0,0,,
MCH-021,2026-01-06 00:00:00,0,0,,
MCH-021,2026-01-07 00:00:00,0,0,,
MCH-021,2026-01-08 00:00:00,0,0,,
MCH-021,2026-01-09 00:00:00,0,0,,
MCH-021,2026-01-10 00:00:00,0,0,,
MCH-021,2026-01-11 00:00:00,0,0,,
MCH-021,2026-01-12 00:00:00,0,0,,
MCH-021,2026-01-13 00:00:00,0,0,,
MCH-021,2026-01-14 00:00:00,0,0,,
MCH-021,2026-01-15 00:00:00,0,0,,
MCH-021,2026-01-16 00:00:00,0,0,,
MCH-021,2026-01-17 00:00:00,0,0,,
MCH-021,2026-01-18 00:00:00,0,0,,
MCH-021,2026-01-19 00:00:00,0,0,,
MCH-021,2026-01-20 00:00:00,0,0,,
MCH-021,2026-01-21 00:00:00,0,0,,
MCH-021,2026-01-22 00:00:00,0,0,,
MCH-021,2026-01-23 00:00:00,0,0,,
MCH-021,2026-01-24 00:00:00,0,0,,
MCH-021,2026-01-25 00:00:00,0,0,,
MCH-021,2026-01-26 00:00:00,0,0,,
MCH-021,2026-01-27 00:00:00,0,0,,
MCH-021,2026-01-28 00:00:00,0,0,,
MCH-021,2026-01-29 00:00:00,0,0,,
MCH-021,2026-01-30 00:00:00,0,0,,
MCH-021,2026-01-31 00:00:00,0,0,,
MCH-021,2026-02-01 00:00:00,0,0,,
MCH-021,2026-02-02 00:00:00,0,0,,
MCH-021,2026-02-03 00:00:00,0,0,,
MCH-021,2026-02-04 00:00:00,0,0,,
MCH-021,2026-02-05 00:00:00,0,0,,
MCH-021,2026-02-06 00:00:00,0,0,,
MCH-021,2026-02-07 00:00:00,0,0,,
MCH-021,2026-02-08 00:00:00,0,0,,
MCH-021,2026-02-09 00:00:00,0,0,,
MCH-021,2026-02-10 00:00:00,0,0,,
MCH-021,2026-02-11 00:00:00,0,0,,
MCH-021,2026-02-12 00:00:00,0,0,,
MCH-021,2026-02-13 00:00:00,0,0,,
MCH-021,2026-02-14 00:00:00,0,0,,
MCH-021,2026-02-15 00:00:00,0,0,,
MCH-021,2026-02-16 00:00:00,0,0,,
MCH-021,2026-02-17 00:00:00,0,0,,
MCH-021,2026-02-18 00:00:00,0,0,,
MCH-021,2026-02-19 00:00:00,0,0,,
MCH-021,2026-02-20 00:00:00,0,0,,
MCH-021,2026-02-21 00:00:00,0,0,,
MCH-021,2026-02-22 00:00:00,0,0,,
MCH-021,2026-02-23 00:00:00,0,0,,
MCH-021,2026-02-24 00:00:00,0,0,,
MCH-021,2026-02-25 00:00:00,0,0,,
MCH-021,2026-02-26 00:00:00,0,0,,
MCH-021,2026-02-27 00:00:00,0,0,,
MCH-021,2026-02-28 00:00:00,0,0,,
MCH-021,2026-03-01 00:00:00,0,0,,
MCH-021,2026-03-02 00:00:00,0,0,,
MCH-021,2026-03-03 00:00:00,0,0,,
MCH-021,2026-03-04 00:00:00,0,0,,
MCH-021,2026-03-05 00:00:00,0,0,,
MCH-021,2026-03-06 00:00:00,0,0,,
MCH-021,2026-03-07 00:00:00,0,0,,
MCH-021,2026-03-08 00:00:00,0,0,,
MCH-021,2026-03-09 00:00:00,0,0,,
MCH-021,2026-03-10 00:00:00,0,0,,
MCH-021,2026-03-11 00:00:00,0,0,,
MCH-021,2026-03-12 00:00:00,0,0,,
MCH-021,2026-03-13 00:00:00,0,0,,
MCH-021,2026-03-14 00:00:00,0,0,,
MCH-021,2026-03-15 00:00:00,0,0,,
MCH-021,2026-03-16 00:00:00,0,0,,
MCH-021,2026-03-17 00:00:00,0,0,,
MCH-021,2026-03-18 00:00:00,0,0,,
MCH-021,2026-03-19 00:00:00,0,0,,
MCH-021,2026-03-20 00:00:00,0,0,,
MCH-021,2026-03-21 00:00:00,0,0,,
MCH-021,2026-03-22 00:00:00,0,0,,
MCH-021,2026-03-23 00:00:00,0,0,,
MCH-021,2026-03-24 00:00:00,0,0,,
MCH-021,2026-03-25 00:00:00,0,0,,
MCH-021,2026-03-26 00:00:00,0,0,,
MCH-021,2026-03-27 00:00:00,0,0,,
MCH-021,2026-03-28 00:00:00,0,0,,
MCH-021,2026-03-29 00:00:00,0,0,,
MCH-021,2026-03-30 00:00:00,0,0,,
MCH-021,2026-03-31 00:00:00,0,0,,
MCH-021,2026-04-01 00:00:00,0,0,,
MCH-021,2026-04-02 00:00:00,0,0,,
MCH-021,2026-04-03 00:00:00,0,0,,
MCH-021,2026-04-04 00:00:00,0,0,,
MCH-021,2026-04-05 00:00:00,0,0,,
MCH-021,2026-04-06 00:00:00,0,0,,
MCH-021,2026-04-07 00:00:00,0,0,,
MCH-021,2026-04-08 00:00:00,0,0,,
MCH-021,2026-04-09 00:00:00,0,0,,
MCH-021,2026-04-10 00:00:00,0,0,,
MCH-021,2026-04-11 00:00:00,0,0,,
MCH-021,2026-04-12 00:00:00,0,0,,
MCH-021,2026-04-13 00:00:00,0,0,,
MCH-021,2026-04-14 00:00:00,0,0,,
MCH-021,2026-04-15 00:00:00,0,0,,
MCH-021,2026-04-16 00:00:00,0,0,,
MCH-021,2026-04-17 00:00:00,0,0,,
MCH-021,2026-04-18 00:00:00,0,0,,
MCH-021,2026-04-19 00:00:00,0,0,,
MCH-021,2026-04-20 00:00:00,0,0,,
MCH-021,2026-04-21 00:00:00,0,0,,
MCH-021,2026-04-22 00:00:00,0,0,,
MCH-021,2026-04-23 00:00:00,0,0,,
MCH-021,2026-04-24 00:00:00,0,0,,
MCH-021,2026-04-25 00:00:00,0,0,,
MCH-021,2026-04-26 00:00:00,0,0,,
MCH-021,2026-04-27 00:00:00,0,0,,
MCH-021,2026-04-28 00:00:00,0,0,,
MCH-021,2026-04-29 00:00:00,0,0,,
MCH-021,2026-04-30 00:00:00,0,0,,
MCH-021,2026-05-01 00:00:00,0,0,,
MCH-021,2026-05-02 00:00:00,0,0,,
MCH-021,2026-05-03 00:00:00,0,0,,
MCH-021,2026-05-04 00:00:00,0,0,,
MCH-021,2026-05-05 00:00:00,0,0,,
MCH-021,2026-05-06 00:00:00,0,0,,
MCH-021,2026-05-07 00:00:00,0,0,,
MCH-021,2026-05-08 00:00:00,0,0,,
MCH-021,2026-05-09 00:00:00,0,0,,
MCH-021,2026-05-10 00:00:00,0,0,,
MCH-021,2026-05-11 00:00:00,0,0,,
MCH-021,2026-05-12 00:00:00,0,0,,
MCH-021,2026-05-13 00:00:00,0,0,,
MCH-021,2026-05-14 00:00:00,0,0,,
MCH-021,2026-05-15 00:00:00,0,0,,
MCH-021,2026-05-16 00:00:00,0,0,,
MCH-021,2026-05-17 00:00:00,0,0,,
MCH-021,2026-05-18 00:00:00,0,0,,
MCH-021,2026-05-19 00:00:00,0,0,,
MCH-021,2026-05-20 00:00:00,0,0,,
MCH-021,2026-05-21 00:00:00,0,0,,
MCH-021,2026-05-22 00:00:00,0,0,,
MCH-021,2026-05-23 00:00:00,0,0,,
MCH-021,2026-05-24 00:00:00,0,0,,
MCH-021,2026-05-25 00:00:00,0,0,,
MCH-021,2026-05-26 00:00:00,0,0,,
MCH-021,2026-05-27 00:00:00,0,0,,
MCH-021,2026-05-28 00:00:00,0,0,,
MCH-021,2026-05-29 00:00:00,0,0,,
MCH-021,2026-05-30 00:00:00,0,0,,
MCH-021,2026-05-31 00:00:00,0,0,,
MCH-021,2026-06-01 00:00:00,0,0,,
MCH-021,2026-06-02 00:00:00,0,0,,
MCH-021,2026-06-03 00:00:00,0,0,,
MCH-021,2026-06-04 00:00:00,0,0,,
MCH-021,2026-06-05 00:00:00,0,0,,
MCH-021,2026-06-06 00:00:00,0,0,,
MCH-021,2026-06-07 00:00:00,0,0,,
MCH-021,2026-06-08 00:00:00,0,0,,
MCH-021,2026-06-09 00:00:00,0,0,,
MCH-021,2026-06-10 00:00:00,0,0,,
MCH-021,2026-06-11 00:00:00,0,0,,
MCH-021,2026-06-12 00:00:00,0,0,,
MCH-021,2026-06-13 00:00:00,0,0,,
MCH-021,2026-06-14 00:00:00,0,0,,
MCH-021,2026-06-15 00:00:00,0,0,,
MCH-021,2026-06-16 00:00:00,0,0,,
MCH-021,2026-06-17 00:00:00,0,0,,
MCH-021,2026-06-18 00:00:00,0,0,,
MCH-021,2026-06-19 00:00:00,0,0,,
MCH-021,2026-06-20 00:00:00,0,0,,
MCH-021,2026-06-21 00:00:00,0,0,,
MCH-021,2026-06-22 00:00:00,0,0,,
MCH-021,2026-06-23 00:00:00,0,0,,
MCH-021,2026-06-24 00:00:00,0,0,,
MCH-021,2026-06-25 00:00:00,0,0,,
MCH-021,2026-06-26 00:00:00,0,0,,
MCH-021,2026-06-27 00:00:00,0,0,,
MCH-021,2026-06-28 00:00:00,0,0,,
MCH-021,2026-06-29 00:00:00,0,0,,
MCH-021,2026-06-30 00:00:00,0,0,,
MCH-021,2026-07-01 00:00:00,0,0,,
MCH-021,2026-07-02 00:00:00,0,0,,
MCH-021,2026-07-03 00:00:00,0,0,,
MCH-021,2026-07-04 00:00:00,0,0,,
MCH-021,2026-07-05 00:00:00,0,0,,
MCH-021,2026-07-06 00:00:00,0,0,,
MCH-021,2026-07-07 00:00:00,0,0,,
MCH-021,2026-07-08 00:00:00,0,0,,
MCH-021,2026-07-09 00:00:00,0,0,,
MCH-021,2026-07-10 00:00:00,0,0,,
MCH-021,2026-07-11 00:00:00,0,0,,
MCH-021,2026-07-12 00:00:00,0,0,,
MCH-021,2026-07-13 00:00:00,0,0,,
MCH-021,2026-07-14 00:00:00,0,0,,
MCH-021,2026-07-15 00:00:00,0,0,,
MCH-021,2026-07-16 00:00:00,0,0,,
MCH-021,2026-07-17 00:00:00,0,0,,
MCH-021,2026-07-18 00:00:00,0,0,,
MCH-021,2026-07-19 00:00:00,0,0,,
MCH-021,2026-07-20 00:00:00,0,0,,
MCH-021,2026-07-21 00:00:00,0,0,,
MCH-021,2026-07-22 00:00:00,0,0,,
MCH-021,2026-07-23 00:00:00,0,0,,
MCH-021,2026-07-24 00:00:00,0,0,,
MCH-021,2026-07-25 00:00:00,0,0,,
MCH-021,2026-07-26 00:00:00,0,0,,
MCH-021,2026-07-27 00:00:00,0,0,,
MCH-021,2026-07-28 00:00:00,0,0,,
MCH-021,2026-07-29 00:00:00,0,0,,
MCH-021,2026-07-30 00:00:00,0,0,,
MCH-021,2026-07-31 00:00:00,0,0,,
MCH-022,2025-08-01 00:00:00,0,0,,
MCH-022,2025-08-02 00:00:00,0,0,,
MCH-022,2025-08-03 00:00:00,0,0,,
MCH-022,2025-08-04 00:00:00,0,0,,
MCH-022,2025-08-05 00:00:00,0,0,,
MCH-022,2025-08-06 00:00:00,0,0,,
MCH-022,2025-08-07 00:00:00,0,0,,
MCH-022,2025-08-08 00:00:00,0,0,,
MCH-022,2025-08-09 00:00:00,0,0,,
MCH-022,2025-08-10 00:00:00,0,0,,
MCH-022,2025-08-11 00:00:00,0,0,,
MCH-022,2025-08-12 00:00:00,0,0,,
MCH-022,2025-08-13 00:00:00,0,0,,
MCH-022,2025-08-14 00:00:00,0,0,,
MCH-022,2025-08-15 00:00:00,0,0,,
MCH-022,2025-08-16 00:00:00,0,0,,
MCH-022,2025-08-17 00:00:00,0,0,,
MCH-022,2025-08-18 00:00:00,0,0,,
MCH-022,2025-08-19 00:00:00,0,0,,
MCH-022,2025-08-20 00:00:00,0,0,,
MCH-022,2025-08-21 00:00:00,0,0,,
MCH-022,2025-08-22 00:00:00,0,0,,
MCH-022,2025-08-23 00:00:00,0,0,,
MCH-022,2025-08-24 00:00:00,0,0,,
MCH-022,2025-08-25 00:00:00,0,0,,
MCH-022,2025-08-26 00:00:00,0,0,,
MCH-022,2025-08-27 00:00:00,0,0,,
MCH-022,2025-08-28 00:00:00,0,0,,
MCH-022,2025-08-29 00:00:00,0,0,,
MCH-022,2025-08-30 00:00:00,0,0,,
MCH-022,2025-08-31 00:00:00,0,0,,
MCH-022,2025-09-01 00:00:00,0,0,,
MCH-022,2025-09-02 00:00:00,0,0,,
MCH-022,2025-09-03 00:00:00,0,0,,
MCH-022,2025-09-04 00:00:00,0,0,,
MCH-022,2025-09-05 00:00:00,0,0,,
MCH-022,2025-09-06 00:00:00,0,0,,
MCH-022,2025-09-07 00:00:00,0,0,,
MCH-022,2025-09-08 00:00:00,0,0,,
MCH-022,2025-09-09 00:00:00,0,0,,
MCH-022,2025-09-10 00:00:00,0,0,,
MCH-022,2025-09-11 00:00:00,0,0,,
MCH-022,2025-09-12 00:00:00,0,0,,
MCH-022,2025-09-13 00:00:00,0,0,,
MCH-022,2025-09-14 00:00:00,0,0,,
MCH-022,2025-09-15 00:00:00,0,0,,
MCH-022,2025-09-16 00:00:00,0,0,,
MCH-022,2025-09-17 00:00:00,0,0,,
MCH-022,2025-09-18 00:00:00,0,0,,
MCH-022,2025-09-19 00:00:00,0,0,,
MCH-022,2025-09-20 00:00:00,0,0,,
MCH-022,2025-09-21 00:00:00,0,0,,
MCH-022,2025-09-22 00:00:00,0,0,,
MCH-022,2025-09-23 00:00:00,0,0,,
MCH-022,2025-09-24 00:00:00,0,0,,
MCH-022,2025-09-25 00:00:00,0,0,,
MCH-022,2025-09-26 00:00:00,0,0,,
MCH-022,2025-09-27 00:00:00,0,0,,
MCH-022,2025-09-28 00:00:00,0,0,,
MCH-022,2025-09-29 00:00:00,0,0,,
MCH-022,2025-09-30 00:00:00,0,0,,
MCH-022,2025-10-01 00:00:00,0,0,,
MCH-022,2025-10-02 00:00:00,0,0,,
MCH-022,2025-10-03 00:00:00,0,0,,
MCH-022,2025-10-04 00:00:00,0,0,,
MCH-022,2025-10-05 00:00:00,0,0,,
MCH-022,2025-10-06 00:00:00,0,0,,
MCH-022,2025-10-07 00:00:00,0,0,,
MCH-022,2025-10-08 00:00:00,0,0,,
MCH-022,2025-10-09 00:00:00,0,0,,
MCH-022,2025-10-10 00:00:00,0,0,,
MCH-022,2025-10-11 00:00:00,0,0,,
MCH-022,2025-10-12 00:00:00,0,0,,
MCH-022,2025-10-13 00:00:00,0,0,,
MCH-022,2025-10-14 00:00:00,0,0,,
MCH-022,2025-10-15 00:00:00,0,0,,
MCH-022,2025-10-16 00:00:00,0,0,,
MCH-022,2025-10-17 00:00:00,0,0,,
MCH-022,2025-10-18 00:00:00,0,0,,
MCH-022,2025-10-19 00:00:00,0,0,,
MCH-022,2025-10-20 00:00:00,0,0,,
MCH-022,2025-10-21 00:00:00,0,0,,
MCH-022,2025-10-22 00:00:00,0,0,,
MCH-022,2025-10-23 00:00:00,0,0,,
MCH-022,2025-10-24 00:00:00,0,0,,
MCH-022,2025-10-25 00:00:00,0,0,,
MCH-022,2025-10-26 00:00:00,0,0,,
MCH-022,2025-10-27 00:00:00,0,0,,
MCH-022,2025-10-28 00:00:00,0,0,,
MCH-022,2025-10-29 00:00:00,0,0,,
MCH-022,2025-10-30 00:00:00,0,0,,
MCH-022,2025-10-31 00:00:00,0,0,,
MCH-022,2025-11-01 00:00:00,0,0,,
MCH-022,2025-11-02 00:00:00,0,0,,
MCH-022,2025-11-03 00:00:00,0,0,,
MCH-022,2025-11-04 00:00:00,0,0,,
MCH-022,2025-11-05 00:00:00,0,0,,
MCH-022,2025-11-06 00:00:00,0,0,,
MCH-022,2025-11-07 00:00:00,0,0,,
MCH-022,2025-11-08 00:00:00,0,0,,
MCH-022,2025-11-09 00:00:00,0,0,,
MCH-022,2025-11-10 00:00:00,0,0,,
MCH-022,2025-11-11 00:00:00,0,0,,
MCH-022,2025-11-12 00:00:00,0,0,,
MCH-022,2025-11-13 00:00:00,0,0,,
MCH-022,2025-11-14 00:00:00,0,0,,
MCH-022,2025-11-15 00:00:00,0,0,,
MCH-022,2025-11-16 00:00:00,0,0,,
MCH-022,2025-11-17 00:00:00,0,0,,
MCH-022,2025-11-18 00:00:00,0,0,,
MCH-022,2025-11-19 00:00:00,0,0,,
MCH-022,2025-11-20 00:00:00,0,0,,
MCH-022,2025-11-21 00:00:00,0,0,,
MCH-022,2025-11-22 00:00:00,0,0,,
MCH-022,2025-11-23 00:00:00,0,0,,
MCH-022,2025-11-24 00:00:00,0,0,,
MCH-022,2025-11-25 00:00:00,0,0,,
MCH-022,2025-11-26 00:00:00,0,0,,
MCH-022,2025-11-27 00:00:00,0,0,,
MCH-022,2025-11-28 00:00:00,0,0,,
MCH-022,2025-11-29 00:00:00,0,0,,
MCH-022,2025-11-30 00:00:00,0,0,,
MCH-022,2025-12-01 00:00:00,0,0,,
MCH-022,2025-12-02 00:00:00,0,0,,
MCH-022,2025-12-03 00:00:00,0,0,,
MCH-022,2025-12-04 00:00:00,0,0,,
MCH-022,2025-12-05 00:00:00,0,0,,
MCH-022,2025-12-06 00:00:00,0,0,,
MCH-022,2025-12-07 00:00:00,0,0,,
MCH-022,2025-12-08 00:00:00,0,0,,
MCH-022,2025-12-09 00:00:00,0,0,,
MCH-022,2025-12-10 00:00:00,0,0,,
MCH-022,2025-12-11 00:00:00,0,0,,
MCH-022,2025-12-12 00:00:00,0,0,,
MCH-022,2025-12-13 00:00:00,0,0,,
MCH-022,2025-12-14 00:00:00,0,0,,
MCH-022,2025-12-15 00:00:00,0,1,TOOLING,medium
MCH-022,2025-12-16 00:00:00,0,1,TOOLING,medium
MCH-022,2025-12-17 00:00:00,0,1,SENSOR,medium
MCH-022,2025-12-18 00:00:00,0,1,TOOLING,high
MCH-022,2025-12-19 00:00:00,0,1,HYDRAULIC,medium
MCH-022,2025-12-20 00:00:00,0,1,HYDRAULIC,high
MCH-022,2025-12-21 00:00:00,1,1,MOTOR,medium
MCH-022,2025-12-22 00:00:00,1,1,BEARING,high
MCH-022,2025-12-23 00:00:00,0,0,,
MCH-022,2025-12-24 00:00:00,0,0,,
MCH-022,2025-12-25 00:00:00,0,0,,
MCH-022,2025-12-26 00:00:00,0,0,,
MCH-022,2025-12-27 00:00:00,0,0,,
MCH-022,2025-12-28 00:00:00,0,0,,
MCH-022,2025-12-29 00:00:00,0,0,,
MCH-022,2025-12-30 00:00:00,0,0,,
MCH-022,2025-12-31 00:00:00,0,0,,
MCH-022,2026-01-01 00:00:00,0,0,,
MCH-022,2026-01-02 00:00:00,0,0,,
MCH-022,2026-01-03 00:00:00,0,0,,
MCH-022,2026-01-04 00:00:00,0,0,,
MCH-022,2026-01-05 00:00:00,0,0,,
MCH-022,2026-01-06 00:00:00,0,0,,
MCH-022,2026-01-07 00:00:00,0,0,,
MCH-022,2026-01-08 00:00:00,0,0,,
MCH-022,2026-01-09 00:00:00,0,0,,
MCH-022,2026-01-10 00:00:00,0,0,,
MCH-022,2026-01-11 00:00:00,0,0,,
MCH-022,2026-01-12 00:00:00,0,0,,
MCH-022,2026-01-13 00:00:00,0,0,,
MCH-022,2026-01-14 00:00:00,0,0,,
MCH-022,2026-01-15 00:00:00,0,0,,
MCH-022,2026-01-16 00:00:00,0,0,,
MCH-022,2026-01-17 00:00:00,0,0,,
MCH-022,2026-01-18 00:00:00,0,0,,
MCH-022,2026-01-19 00:00:00,0,0,,
MCH-022,2026-01-20 00:00:00,0,0,,
MCH-022,2026-01-21 00:00:00,0,0,,
MCH-022,2026-01-22 00:00:00,0,0,,
MCH-022,2026-01-23 00:00:00,0,0,,
MCH-022,2026-01-24 00:00:00,0,0,,
MCH-022,2026-01-25 00:00:00,0,0,,
MCH-022,2026-01-26 00:00:00,0,0,,
MCH-022,2026-01-27 00:00:00,0,0,,
MCH-022,2026-01-28 00:00:00,0,0,,
MCH-022,2026-01-29 00:00:00,0,0,,
MCH-022,2026-01-30 00:00:00,0,0,,
MCH-022,2026-01-31 00:00:00,0,0,,
MCH-022,2026-02-01 00:00:00,0,0,,
MCH-022,2026-02-02 00:00:00,0,0,,
MCH-022,2026-02-03 00:00:00,0,0,,
MCH-022,2026-02-04 00:00:00,0,0,,
MCH-022,2026-02-05 00:00:00,0,0,,
MCH-022,2026-02-06 00:00:00,0,0,,
MCH-022,2026-02-07 00:00:00,0,0,,
MCH-022,2026-02-08 00:00:00,0,0,,
MCH-022,2026-02-09 00:00:00,0,0,,
MCH-022,2026-02-10 00:00:00,0,0,,
MCH-022,2026-02-11 00:00:00,0,0,,
MCH-022,2026-02-12 00:00:00,0,0,,
MCH-022,2026-02-13 00:00:00,0,0,,
MCH-022,2026-02-14 00:00:00,0,0,,
MCH-022,2026-02-15 00:00:00,0,0,,
MCH-022,2026-02-16 00:00:00,0,0,,
MCH-022,2026-02-17 00:00:00,0,0,,
MCH-022,2026-02-18 00:00:00,0,0,,
MCH-022,2026-02-19 00:00:00,0,0,,
MCH-022,2026-02-20 00:00:00,0,0,,
MCH-022,2026-02-21 00:00:00,0,0,,
MCH-022,2026-02-22 00:00:00,0,0,,
MCH-022,2026-02-23 00:00:00,0,0,,
MCH-022,2026-02-24 00:00:00,0,0,,
MCH-022,2026-02-25 00:00:00,0,0,,
MCH-022,2026-02-26 00:00:00,0,0,,
MCH-022,2026-02-27 00:00:00,0,0,,
MCH-022,2026-02-28 00:00:00,0,0,,
MCH-022,2026-03-01 00:00:00,0,0,,
MCH-022,2026-03-02 00:00:00,0,0,,
MCH-022,2026-03-03 00:00:00,0,0,,
MCH-022,2026-03-04 00:00:00,0,0,,
MCH-022,2026-03-05 00:00:00,0,0,,
MCH-022,2026-03-06 00:00:00,0,0,,
MCH-022,2026-03-07 00:00:00,0,0,,
MCH-022,2026-03-08 00:00:00,0,0,,
MCH-022,2026-03-09 00:00:00,0,0,,
MCH-022,2026-03-10 00:00:00,0,0,,
MCH-022,2026-03-11 00:00:00,0,0,,
MCH-022,2026-03-12 00:00:00,0,0,,
MCH-022,2026-03-13 00:00:00,0,0,,
MCH-022,2026-03-14 00:00:00,0,0,,
MCH-022,2026-03-15 00:00:00,0,0,,
MCH-022,2026-03-16 00:00:00,0,0,,
MCH-022,2026-03-17 00:00:00,0,0,,
MCH-022,2026-03-18 00:00:00,0,0,,
MCH-022,2026-03-19 00:00:00,0,0,,
MCH-022,2026-03-20 00:00:00,0,0,,
MCH-022,2026-03-21 00:00:00,0,0,,
MCH-022,2026-03-22 00:00:00,0,0,,
MCH-022,2026-03-23 00:00:00,0,0,,
MCH-022,2026-03-24 00:00:00,0,0,,
MCH-022,2026-03-25 00:00:00,0,0,,
MCH-022,2026-03-26 00:00:00,0,0,,
MCH-022,2026-03-27 00:00:00,0,0,,
MCH-022,2026-03-28 00:00:00,0,0,,
MCH-022,2026-03-29 00:00:00,0,0,,
MCH-022,2026-03-30 00:00:00,0,0,,
MCH-022,2026-03-31 00:00:00,0,0,,
MCH-022,2026-04-01 00:00:00,0,0,,
MCH-022,2026-04-02 00:00:00,0,0,,
MCH-022,2026-04-03 00:00:00,0,0,,
MCH-022,2026-04-04 00:00:00,0,0,,
MCH-022,2026-04-05 00:00:00,0,0,,
MCH-022,2026-04-06 00:00:00,0,0,,
MCH-022,2026-04-07 00:00:00,0,0,,
MCH-022,2026-04-08 00:00:00,0,0,,
MCH-022,2026-04-09 00:00:00,0,0,,
MCH-022,2026-04-10 00:00:00,0,0,,
MCH-022,2026-04-11 00:00:00,0,0,,
MCH-022,2026-04-12 00:00:00,0,0,,
MCH-022,2026-04-13 00:00:00,0,0,,
MCH-022,2026-04-14 00:00:00,0,0,,
MCH-022,2026-04-15 00:00:00,0,0,,
MCH-022,2026-04-16 00:00:00,0,0,,
MCH-022,2026-04-17 00:00:00,0,0,,
MCH-022,2026-04-18 00:00:00,0,0,,
MCH-022,2026-04-19 00:00:00,0,0,,
MCH-022,2026-04-20 00:00:00,0,0,,
MCH-022,2026-04-21 00:00:00,0,0,,
MCH-022,2026-04-22 00:00:00,0,0,,
MCH-022,2026-04-23 00:00:00,0,0,,
MCH-022,2026-04-24 00:00:00,0,0,,
MCH-022,2026-04-25 00:00:00,0,0,,
MCH-022,2026-04-26 00:00:00,0,0,,
MCH-022,2026-04-27 00:00:00,0,0,,
MCH-022,2026-04-28 00:00:00,0,0,,
MCH-022,2026-04-29 00:00:00,0,0,,
MCH-022,2026-04-30 00:00:00,0,0,,
MCH-022,2026-05-01 00:00:00,0,0,,
MCH-022,2026-05-02 00:00:00,0,0,,
MCH-022,2026-05-03 00:00:00,0,0,,
MCH-022,2026-05-04 00:00:00,0,0,,
MCH-022,2026-05-05 00:00:00,0,0,,
MCH-022,2026-05-06 00:00:00,0,0,,
MCH-022,2026-05-07 00:00:00,0,0,,
MCH-022,2026-05-08 00:00:00,0,0,,
MCH-022,2026-05-09 00:00:00,0,0,,
MCH-022,2026-05-10 00:00:00,0,0,,
MCH-022,2026-05-11 00:00:00,0,0,,
MCH-022,2026-05-12 00:00:00,0,0,,
MCH-022,2026-05-13 00:00:00,0,0,,
MCH-022,2026-05-14 00:00:00,0,0,,
MCH-022,2026-05-15 00:00:00,0,0,,
MCH-022,2026-05-16 00:00:00,0,0,,
MCH-022,2026-05-17 00:00:00,0,0,,
MCH-022,2026-05-18 00:00:00,0,0,,
MCH-022,2026-05-19 00:00:00,0,0,,
MCH-022,2026-05-20 00:00:00,0,0,,
MCH-022,2026-05-21 00:00:00,0,0,,
MCH-022,2026-05-22 00:00:00,0,0,,
MCH-022,2026-05-23 00:00:00,0,0,,
MCH-022,2026-05-24 00:00:00,0,0,,
MCH-022,2026-05-25 00:00:00,0,0,,
MCH-022,2026-05-26 00:00:00,0,0,,
MCH-022,2026-05-27 00:00:00,0,0,,
MCH-022,2026-05-28 00:00:00,0,0,,
MCH-022,2026-05-29 00:00:00,0,0,,
MCH-022,2026-05-30 00:00:00,0,0,,
MCH-022,2026-05-31 00:00:00,0,0,,
MCH-022,2026-06-01 00:00:00,0,0,,
MCH-022,2026-06-02 00:00:00,0,0,,
MCH-022,2026-06-03 00:00:00,0,0,,
MCH-022,2026-06-04 00:00:00,0,0,,
MCH-022,2026-06-05 00:00:00,0,0,,
MCH-022,2026-06-06 00:00:00,0,0,,
MCH-022,2026-06-07 00:00:00,0,0,,
MCH-022,2026-06-08 00:00:00,0,0,,
MCH-022,2026-06-09 00:00:00,0,0,,
MCH-022,2026-06-10 00:00:00,0,0,,
MCH-022,2026-06-11 00:00:00,0,0,,
MCH-022,2026-06-12 00:00:00,0,0,,
MCH-022,2026-06-13 00:00:00,0,0,,
MCH-022,2026-06-14 00:00:00,0,0,,
MCH-022,2026-06-15 00:00:00,0,0,,
MCH-022,2026-06-16 00:00:00,0,0,,
MCH-022,2026-06-17 00:00:00,0,0,,
MCH-022,2026-06-18 00:00:00,0,0,,
MCH-022,2026-06-19 00:00:00,0,0,,
MCH-022,2026-06-20 00:00:00,0,0,,
MCH-022,2026-06-21 00:00:00,0,0,,
MCH-022,2026-06-22 00:00:00,0,0,,
MCH-022,2026-06-23 00:00:00,0,0,,
MCH-022,2026-06-24 00:00:00,0,0,,
MCH-022,2026-06-25 00:00:00,0,0,,
MCH-022,2026-06-26 00:00:00,0,0,,
MCH-022,2026-06-27 00:00:00,0,0,,
MCH-022,2026-06-28 00:00:00,0,0,,
MCH-022,2026-06-29 00:00:00,0,0,,
MCH-022,2026-06-30 00:00:00,0,0,,
MCH-022,2026-07-01 00:00:00,0,0,,
MCH-022,2026-07-02 00:00:00,0,0,,
MCH-022,2026-07-03 00:00:00,0,0,,
MCH-022,2026-07-04 00:00:00,0,0,,
MCH-022,2026-07-05 00:00:00,0,0,,
MCH-022,2026-07-06 00:00:00,0,0,,
MCH-022,2026-07-07 00:00:00,0,0,,
MCH-022,2026-07-08 00:00:00,0,0,,
MCH-022,2026-07-09 00:00:00,0,0,,
MCH-022,2026-07-10 00:00:00,0,0,,
MCH-022,2026-07-11 00:00:00,0,0,,
MCH-022,2026-07-12 00:00:00,0,0,,
MCH-022,2026-07-13 00:00:00,0,0,,
MCH-022,2026-07-14 00:00:00,0,0,,
MCH-022,2026-07-15 00:00:00,0,0,,
MCH-022,2026-07-16 00:00:00,0,0,,
MCH-022,2026-07-17 00:00:00,0,0,,
MCH-022,2026-07-18 00:00:00,0,0,,
MCH-022,2026-07-19 00:00:00,0,0,,
MCH-022,2026-07-20 00:00:00,0,0,,
MCH-022,2026-07-21 00:00:00,0,0,,
MCH-022,2026-07-22 00:00:00,0,0,,
MCH-022,2026-07-23 00:00:00,0,0,,
MCH-022,2026-07-24 00:00:00,0,0,,
MCH-022,2026-07-25 00:00:00,0,0,,
MCH-022,2026-07-26 00:00:00,0,0,,
MCH-022,2026-07-27 00:00:00,0,0,,
MCH-022,2026-07-28 00:00:00,0,0,,
MCH-022,2026-07-29 00:00:00,0,0,,
MCH-022,2026-07-30 00:00:00,0,0,,
MCH-022,2026-07-31 00:00:00,0,0,,
MCH-023,2025-08-01 00:00:00,0,0,,
MCH-023,2025-08-02 00:00:00,0,0,,
MCH-023,2025-08-03 00:00:00,0,0,,
MCH-023,2025-08-04 00:00:00,0,0,,
MCH-023,2025-08-05 00:00:00,0,0,,
MCH-023,2025-08-06 00:00:00,0,0,,
MCH-023,2025-08-07 00:00:00,0,0,,
MCH-023,2025-08-08 00:00:00,0,0,,
MCH-023,2025-08-09 00:00:00,0,0,,
MCH-023,2025-08-10 00:00:00,0,0,,
MCH-023,2025-08-11 00:00:00,0,0,,
MCH-023,2025-08-12 00:00:00,0,0,,
MCH-023,2025-08-13 00:00:00,0,0,,
MCH-023,2025-08-14 00:00:00,0,0,,
MCH-023,2025-08-15 00:00:00,0,0,,
MCH-023,2025-08-16 00:00:00,0,0,,
MCH-023,2025-08-17 00:00:00,0,0,,
MCH-023,2025-08-18 00:00:00,0,0,,
MCH-023,2025-08-19 00:00:00,0,0,,
MCH-023,2025-08-20 00:00:00,0,0,,
MCH-023,2025-08-21 00:00:00,0,0,,
MCH-023,2025-08-22 00:00:00,0,0,,
MCH-023,2025-08-23 00:00:00,0,0,,
MCH-023,2025-08-24 00:00:00,0,0,,
MCH-023,2025-08-25 00:00:00,0,0,,
MCH-023,2025-08-26 00:00:00,0,0,,
MCH-023,2025-08-27 00:00:00,0,0,,
MCH-023,2025-08-28 00:00:00,0,0,,
MCH-023,2025-08-29 00:00:00,0,0,,
MCH-023,2025-08-30 00:00:00,0,0,,
MCH-023,2025-08-31 00:00:00,0,0,,
MCH-023,2025-09-01 00:00:00,0,0,,
MCH-023,2025-09-02 00:00:00,0,0,,
MCH-023,2025-09-03 00:00:00,0,0,,
MCH-023,2025-09-04 00:00:00,0,0,,
MCH-023,2025-09-05 00:00:00,0,0,,
MCH-023,2025-09-06 00:00:00,0,0,,
MCH-023,2025-09-07 00:00:00,0,0,,
MCH-023,2025-09-08 00:00:00,0,0,,
MCH-023,2025-09-09 00:00:00,0,0,,
MCH-023,2025-09-10 00:00:00,0,0,,
MCH-023,2025-09-11 00:00:00,0,0,,
MCH-023,2025-09-12 00:00:00,0,0,,
MCH-023,2025-09-13 00:00:00,0,0,,
MCH-023,2025-09-14 00:00:00,0,0,,
MCH-023,2025-09-15 00:00:00,0,0,,
MCH-023,2025-09-16 00:00:00,0,0,,
MCH-023,2025-09-17 00:00:00,0,0,,
MCH-023,2025-09-18 00:00:00,0,0,,
MCH-023,2025-09-19 00:00:00,0,0,,
MCH-023,2025-09-20 00:00:00,0,0,,
MCH-023,2025-09-21 00:00:00,0,0,,
MCH-023,2025-09-22 00:00:00,0,0,,
MCH-023,2025-09-23 00:00:00,0,0,,
MCH-023,2025-09-24 00:00:00,0,0,,
MCH-023,2025-09-25 00:00:00,0,0,,
MCH-023,2025-09-26 00:00:00,0,0,,
MCH-023,2025-09-27 00:00:00,0,0,,
MCH-023,2025-09-28 00:00:00,0,0,,
MCH-023,2025-09-29 00:00:00,0,0,,
MCH-023,2025-09-30 00:00:00,0,0,,
MCH-023,2025-10-01 00:00:00,0,0,,
MCH-023,2025-10-02 00:00:00,0,0,,
MCH-023,2025-10-03 00:00:00,0,0,,
MCH-023,2025-10-04 00:00:00,0,0,,
MCH-023,2025-10-05 00:00:00,0,0,,
MCH-023,2025-10-06 00:00:00,0,0,,
MCH-023,2025-10-07 00:00:00,0,0,,
MCH-023,2025-10-08 00:00:00,0,0,,
MCH-023,2025-10-09 00:00:00,0,0,,
MCH-023,2025-10-10 00:00:00,0,0,,
MCH-023,2025-10-11 00:00:00,0,0,,
MCH-023,2025-10-12 00:00:00,0,0,,
MCH-023,2025-10-13 00:00:00,0,0,,
MCH-023,2025-10-14 00:00:00,0,0,,
MCH-023,2025-10-15 00:00:00,0,0,,
MCH-023,2025-10-16 00:00:00,0,0,,
MCH-023,2025-10-17 00:00:00,0,0,,
MCH-023,2025-10-18 00:00:00,0,0,,
MCH-023,2025-10-19 00:00:00,0,0,,
MCH-023,2025-10-20 00:00:00,0,0,,
MCH-023,2025-10-21 00:00:00,0,0,,
MCH-023,2025-10-22 00:00:00,0,0,,
MCH-023,2025-10-23 00:00:00,0,0,,
MCH-023,2025-10-24 00:00:00,0,0,,
MCH-023,2025-10-25 00:00:00,0,0,,
MCH-023,2025-10-26 00:00:00,0,0,,
MCH-023,2025-10-27 00:00:00,0,0,,
MCH-023,2025-10-28 00:00:00,0,0,,
MCH-023,2025-10-29 00:00:00,0,0,,
MCH-023,2025-10-30 00:00:00,0,0,,
MCH-023,2025-10-31 00:00:00,0,0,,
MCH-023,2025-11-01 00:00:00,0,0,,
MCH-023,2025-11-02 00:00:00,0,0,,
MCH-023,2025-11-03 00:00:00,0,0,,
MCH-023,2025-11-04 00:00:00,0,0,,
MCH-023,2025-11-05 00:00:00,0,0,,
MCH-023,2025-11-06 00:00:00,0,0,,
MCH-023,2025-11-07 00:00:00,0,0,,
MCH-023,2025-11-08 00:00:00,0,0,,
MCH-023,2025-11-09 00:00:00,0,0,,
MCH-023,2025-11-10 00:00:00,0,0,,
MCH-023,2025-11-11 00:00:00,0,0,,
MCH-023,2025-11-12 00:00:00,0,0,,
MCH-023,2025-11-13 00:00:00,0,0,,
MCH-023,2025-11-14 00:00:00,0,0,,
MCH-023,2025-11-15 00:00:00,0,0,,
MCH-023,2025-11-16 00:00:00,0,0,,
MCH-023,2025-11-17 00:00:00,0,0,,
MCH-023,2025-11-18 00:00:00,0,0,,
MCH-023,2025-11-19 00:00:00,0,0,,
MCH-023,2025-11-20 00:00:00,0,0,,
MCH-023,2025-11-21 00:00:00,0,0,,
MCH-023,2025-11-22 00:00:00,0,0,,
MCH-023,2025-11-23 00:00:00,0,0,,
MCH-023,2025-11-24 00:00:00,0,0,,
MCH-023,2025-11-25 00:00:00,0,0,,
MCH-023,2025-11-26 00:00:00,0,0,,
MCH-023,2025-11-27 00:00:00,0,0,,
MCH-023,2025-11-28 00:00:00,0,0,,
MCH-023,2025-11-29 00:00:00,0,0,,
MCH-023,2025-11-30 00:00:00,0,0,,
MCH-023,2025-12-01 00:00:00,0,0,,
MCH-023,2025-12-02 00:00:00,0,0,,
MCH-023,2025-12-03 00:00:00,0,0,,
MCH-023,2025-12-04 00:00:00,0,0,,
MCH-023,2025-12-05 00:00:00,0,0,,
MCH-023,2025-12-06 00:00:00,0,0,,
MCH-023,2025-12-07 00:00:00,0,0,,
MCH-023,2025-12-08 00:00:00,0,0,,
MCH-023,2025-12-09 00:00:00,0,0,,
MCH-023,2025-12-10 00:00:00,0,0,,
MCH-023,2025-12-11 00:00:00,0,0,,
MCH-023,2025-12-12 00:00:00,0,0,,
MCH-023,2025-12-13 00:00:00,0,0,,
MCH-023,2025-12-14 00:00:00,0,0,,
MCH-023,2025-12-15 00:00:00,0,0,,
MCH-023,2025-12-16 00:00:00,0,0,,
MCH-023,2025-12-17 00:00:00,0,0,,
MCH-023,2025-12-18 00:00:00,0,0,,
MCH-023,2025-12-19 00:00:00,0,0,,
MCH-023,2025-12-20 00:00:00,0,0,,
MCH-023,2025-12-21 00:00:00,0,0,,
MCH-023,2025-12-22 00:00:00,0,0,,
MCH-023,2025-12-23 00:00:00,0,0,,
MCH-023,2025-12-24 00:00:00,0,0,,
MCH-023,2025-12-25 00:00:00,0,0,,
MCH-023,2025-12-26 00:00:00,0,0,,
MCH-023,2025-12-27 00:00:00,0,0,,
MCH-023,2025-12-28 00:00:00,0,0,,
MCH-023,2025-12-29 00:00:00,0,0,,
MCH-023,2025-12-30 00:00:00,0,0,,
MCH-023,2025-12-31 00:00:00,0,0,,
MCH-023,2026-01-01 00:00:00,0,0,,
MCH-023,2026-01-02 00:00:00,0,0,,
MCH-023,2026-01-03 00:00:00,0,0,,
MCH-023,2026-01-04 00:00:00,0,0,,
MCH-023,2026-01-05 00:00:00,0,0,,
MCH-023,2026-01-06 00:00:00,0,0,,
MCH-023,2026-01-07 00:00:00,0,0,,
MCH-023,2026-01-08 00:00:00,0,0,,
MCH-023,2026-01-09 00:00:00,0,0,,
MCH-023,2026-01-10 00:00:00,0,0,,
MCH-023,2026-01-11 00:00:00,0,0,,
MCH-023,2026-01-12 00:00:00,0,0,,
MCH-023,2026-01-13 00:00:00,0,0,,
MCH-023,2026-01-14 00:00:00,0,0,,
MCH-023,2026-01-15 00:00:00,0,0,,
MCH-023,2026-01-16 00:00:00,0,0,,
MCH-023,2026-01-17 00:00:00,0,0,,
MCH-023,2026-01-18 00:00:00,0,0,,
MCH-023,2026-01-19 00:00:00,0,1,ELECTRICAL,medium
MCH-023,2026-01-20 00:00:00,0,1,BEARING,medium
MCH-023,2026-01-21 00:00:00,0,1,HYDRAULIC,medium
MCH-023,2026-01-22 00:00:00,0,1,MOTOR,high
MCH-023,2026-01-23 00:00:00,0,1,HYDRAULIC,medium
MCH-023,2026-01-24 00:00:00,0,1,BEARING,medium
MCH-023,2026-01-25 00:00:00,1,1,ELECTRICAL,medium
MCH-023,2026-01-26 00:00:00,1,1,TOOLING,medium
MCH-023,2026-01-27 00:00:00,0,0,,
MCH-023,2026-01-28 00:00:00,0,0,,
MCH-023,2026-01-29 00:00:00,0,0,,
MCH-023,2026-01-30 00:00:00,0,0,,
MCH-023,2026-01-31 00:00:00,0,0,,
MCH-023,2026-02-01 00:00:00,0,0,,
MCH-023,2026-02-02 00:00:00,0,0,,
MCH-023,2026-02-03 00:00:00,0,0,,
MCH-023,2026-02-04 00:00:00,0,0,,
MCH-023,2026-02-05 00:00:00,0,0,,
MCH-023,2026-02-06 00:00:00,0,0,,
MCH-023,2026-02-07 00:00:00,0,0,,
MCH-023,2026-02-08 00:00:00,0,0,,
MCH-023,2026-02-09 00:00:00,0,0,,
MCH-023,2026-02-10 00:00:00,0,0,,
MCH-023,2026-02-11 00:00:00,0,0,,
MCH-023,2026-02-12 00:00:00,0,0,,
MCH-023,2026-02-13 00:00:00,0,0,,
MCH-023,2026-02-14 00:00:00,0,0,,
MCH-023,2026-02-15 00:00:00,0,0,,
MCH-023,2026-02-16 00:00:00,0,0,,
MCH-023,2026-02-17 00:00:00,0,0,,
MCH-023,2026-02-18 00:00:00,0,0,,
MCH-023,2026-02-19 00:00:00,0,0,,
MCH-023,2026-02-20 00:00:00,0,0,,
MCH-023,2026-02-21 00:00:00,0,0,,
MCH-023,2026-02-22 00:00:00,0,0,,
MCH-023,2026-02-23 00:00:00,0,0,,
MCH-023,2026-02-24 00:00:00,0,0,,
MCH-023,2026-02-25 00:00:00,0,0,,
MCH-023,2026-02-26 00:00:00,0,0,,
MCH-023,2026-02-27 00:00:00,0,0,,
MCH-023,2026-02-28 00:00:00,0,0,,
MCH-023,2026-03-01 00:00:00,0,0,,
MCH-023,2026-03-02 00:00:00,0,0,,
MCH-023,2026-03-03 00:00:00,0,0,,
MCH-023,2026-03-04 00:00:00,0,0,,
MCH-023,2026-03-05 00:00:00,0,0,,
MCH-023,2026-03-06 00:00:00,0,0,,
MCH-023,2026-03-07 00:00:00,0,0,,
MCH-023,2026-03-08 00:00:00,0,0,,
MCH-023,2026-03-09 00:00:00,0,0,,
MCH-023,2026-03-10 00:00:00,0,0,,
MCH-023,2026-03-11 00:00:00,0,0,,
MCH-023,2026-03-12 00:00:00,0,0,,
MCH-023,2026-03-13 00:00:00,0,0,,
MCH-023,2026-03-14 00:00:00,0,0,,
MCH-023,2026-03-15 00:00:00,0,0,,
MCH-023,2026-03-16 00:00:00,0,0,,
MCH-023,2026-03-17 00:00:00,0,0,,
MCH-023,2026-03-18 00:00:00,0,0,,
MCH-023,2026-03-19 00:00:00,0,0,,
MCH-023,2026-03-20 00:00:00,0,0,,
MCH-023,2026-03-21 00:00:00,0,0,,
MCH-023,2026-03-22 00:00:00,0,0,,
MCH-023,2026-03-23 00:00:00,0,0,,
MCH-023,2026-03-24 00:00:00,0,0,,
MCH-023,2026-03-25 00:00:00,0,0,,
MCH-023,2026-03-26 00:00:00,0,0,,
MCH-023,2026-03-27 00:00:00,0,0,,
MCH-023,2026-03-28 00:00:00,0,0,,
MCH-023,2026-03-29 00:00:00,0,0,,
MCH-023,2026-03-30 00:00:00,0,0,,
MCH-023,2026-03-31 00:00:00,0,0,,
MCH-023,2026-04-01 00:00:00,0,0,,
MCH-023,2026-04-02 00:00:00,0,0,,
MCH-023,2026-04-03 00:00:00,0,0,,
MCH-023,2026-04-04 00:00:00,0,0,,
MCH-023,2026-04-05 00:00:00,0,0,,
MCH-023,2026-04-06 00:00:00,0,0,,
MCH-023,2026-04-07 00:00:00,0,0,,
MCH-023,2026-04-08 00:00:00,0,0,,
MCH-023,2026-04-09 00:00:00,0,0,,
MCH-023,2026-04-10 00:00:00,0,0,,
MCH-023,2026-04-11 00:00:00,0,0,,
MCH-023,2026-04-12 00:00:00,0,0,,
MCH-023,2026-04-13 00:00:00,0,0,,
MCH-023,2026-04-14 00:00:00,0,0,,
MCH-023,2026-04-15 00:00:00,0,0,,
MCH-023,2026-04-16 00:00:00,0,0,,
MCH-023,2026-04-17 00:00:00,0,0,,
MCH-023,2026-04-18 00:00:00,0,0,,
MCH-023,2026-04-19 00:00:00,0,0,,
MCH-023,2026-04-20 00:00:00,0,0,,
MCH-023,2026-04-21 00:00:00,0,0,,
MCH-023,2026-04-22 00:00:00,0,0,,
MCH-023,2026-04-23 00:00:00,0,0,,
MCH-023,2026-04-24 00:00:00,0,0,,
MCH-023,2026-04-25 00:00:00,0,0,,
MCH-023,2026-04-26 00:00:00,0,0,,
MCH-023,2026-04-27 00:00:00,0,0,,
MCH-023,2026-04-28 00:00:00,0,0,,
MCH-023,2026-04-29 00:00:00,0,0,,
MCH-023,2026-04-30 00:00:00,0,0,,
MCH-023,2026-05-01 00:00:00,0,0,,
MCH-023,2026-05-02 00:00:00,0,0,,
MCH-023,2026-05-03 00:00:00,0,0,,
MCH-023,2026-05-04 00:00:00,0,0,,
MCH-023,2026-05-05 00:00:00,0,0,,
MCH-023,2026-05-06 00:00:00,0,0,,
MCH-023,2026-05-07 00:00:00,0,0,,
MCH-023,2026-05-08 00:00:00,0,0,,
MCH-023,2026-05-09 00:00:00,0,0,,
MCH-023,2026-05-10 00:00:00,0,0,,
MCH-023,2026-05-11 00:00:00,0,0,,
MCH-023,2026-05-12 00:00:00,0,0,,
MCH-023,2026-05-13 00:00:00,0,0,,
MCH-023,2026-05-14 00:00:00,0,0,,
MCH-023,2026-05-15 00:00:00,0,0,,
MCH-023,2026-05-16 00:00:00,0,0,,
MCH-023,2026-05-17 00:00:00,0,0,,
MCH-023,2026-05-18 00:00:00,0,0,,
MCH-023,2026-05-19 00:00:00,0,0,,
MCH-023,2026-05-20 00:00:00,0,0,,
MCH-023,2026-05-21 00:00:00,0,0,,
MCH-023,2026-05-22 00:00:00,0,0,,
MCH-023,2026-05-23 00:00:00,0,0,,
MCH-023,2026-05-24 00:00:00,0,0,,
MCH-023,2026-05-25 00:00:00,0,0,,
MCH-023,2026-05-26 00:00:00,0,0,,
MCH-023,2026-05-27 00:00:00,0,0,,
MCH-023,2026-05-28 00:00:00,0,0,,
MCH-023,2026-05-29 00:00:00,0,0,,
MCH-023,2026-05-30 00:00:00,0,0,,
MCH-023,2026-05-31 00:00:00,0,0,,
MCH-023,2026-06-01 00:00:00,0,0,,
MCH-023,2026-06-02 00:00:00,0,0,,
MCH-023,2026-06-03 00:00:00,0,0,,
MCH-023,2026-06-04 00:00:00,0,0,,
MCH-023,2026-06-05 00:00:00,0,0,,
MCH-023,2026-06-06 00:00:00,0,0,,
MCH-023,2026-06-07 00:00:00,0,0,,
MCH-023,2026-06-08 00:00:00,0,0,,
MCH-023,2026-06-09 00:00:00,0,0,,
MCH-023,2026-06-10 00:00:00,0,0,,
MCH-023,2026-06-11 00:00:00,0,0,,
MCH-023,2026-06-12 00:00:00,0,0,,
MCH-023,2026-06-13 00:00:00,0,0,,
MCH-023,2026-06-14 00:00:00,0,0,,
MCH-023,2026-06-15 00:00:00,0,0,,
MCH-023,2026-06-16 00:00:00,0,0,,
MCH-023,2026-06-17 00:00:00,0,0,,
MCH-023,2026-06-18 00:00:00,0,0,,
MCH-023,2026-06-19 00:00:00,0,0,,
MCH-023,2026-06-20 00:00:00,0,0,,
MCH-023,2026-06-21 00:00:00,0,0,,
MCH-023,2026-06-22 00:00:00,0,0,,
MCH-023,2026-06-23 00:00:00,0,0,,
MCH-023,2026-06-24 00:00:00,0,0,,
MCH-023,2026-06-25 00:00:00,0,0,,
MCH-023,2026-06-26 00:00:00,0,0,,
MCH-023,2026-06-27 00:00:00,0,0,,
MCH-023,2026-06-28 00:00:00,0,0,,
MCH-023,2026-06-29 00:00:00,0,0,,
MCH-023,2026-06-30 00:00:00,0,0,,
MCH-023,2026-07-01 00:00:00,0,0,,
MCH-023,2026-07-02 00:00:00,0,0,,
MCH-023,2026-07-03 00:00:00,0,0,,
MCH-023,2026-07-04 00:00:00,0,0,,
MCH-023,2026-07-05 00:00:00,0,0,,
MCH-023,2026-07-06 00:00:00,0,0,,
MCH-023,2026-07-07 00:00:00,0,0,,
MCH-023,2026-07-08 00:00:00,0,0,,
MCH-023,2026-07-09 00:00:00,0,0,,
MCH-023,2026-07-10 00:00:00,0,0,,
MCH-023,2026-07-11 00:00:00,0,0,,
MCH-023,2026-07-12 00:00:00,0,0,,
MCH-023,2026-07-13 00:00:00,0,0,,
MCH-023,2026-07-14 00:00:00,0,0,,
MCH-023,2026-07-15 00:00:00,0,0,,
MCH-023,2026-07-16 00:00:00,0,0,,
MCH-023,2026-07-17 00:00:00,0,0,,
MCH-023,2026-07-18 00:00:00,0,0,,
MCH-023,2026-07-19 00:00:00,0,0,,
MCH-023,2026-07-20 00:00:00,0,0,,
MCH-023,2026-07-21 00:00:00,0,0,,
MCH-023,2026-07-22 00:00:00,0,0,,
MCH-023,2026-07-23 00:00:00,0,0,,
MCH-023,2026-07-24 00:00:00,0,0,,
MCH-023,2026-07-25 00:00:00,0,0,,
MCH-023,2026-07-26 00:00:00,0,0,,
MCH-023,2026-07-27 00:00:00,0,0,,
MCH-023,2026-07-28 00:00:00,0,0,,
MCH-023,2026-07-29 00:00:00,0,0,,
MCH-023,2026-07-30 00:00:00,0,0,,
MCH-023,2026-07-31 00:00:00,0,0,,
MCH-024,2025-08-01 00:00:00,0,0,,
MCH-024,2025-08-02 00:00:00,0,0,,
MCH-024,2025-08-03 00:00:00,0,0,,
MCH-024,2025-08-04 00:00:00,0,0,,
MCH-024,2025-08-05 00:00:00,0,0,,
MCH-024,2025-08-06 00:00:00,0,0,,
MCH-024,2025-08-07 00:00:00,0,0,,
MCH-024,2025-08-08 00:00:00,0,0,,
MCH-024,2025-08-09 00:00:00,0,0,,
MCH-024,2025-08-10 00:00:00,0,0,,
MCH-024,2025-08-11 00:00:00,0,0,,
MCH-024,2025-08-12 00:00:00,0,0,,
MCH-024,2025-08-13 00:00:00,0,0,,
MCH-024,2025-08-14 00:00:00,0,0,,
MCH-024,2025-08-15 00:00:00,0,0,,
MCH-024,2025-08-16 00:00:00,0,0,,
MCH-024,2025-08-17 00:00:00,0,0,,
MCH-024,2025-08-18 00:00:00,0,0,,
MCH-024,2025-08-19 00:00:00,0,0,,
MCH-024,2025-08-20 00:00:00,0,0,,
MCH-024,2025-08-21 00:00:00,0,0,,
MCH-024,2025-08-22 00:00:00,0,0,,
MCH-024,2025-08-23 00:00:00,0,0,,
MCH-024,2025-08-24 00:00:00,0,0,,
MCH-024,2025-08-25 00:00:00,0,0,,
MCH-024,2025-08-26 00:00:00,0,0,,
MCH-024,2025-08-27 00:00:00,0,0,,
MCH-024,2025-08-28 00:00:00,0,0,,
MCH-024,2025-08-29 00:00:00,0,0,,
MCH-024,2025-08-30 00:00:00,0,0,,
MCH-024,2025-08-31 00:00:00,0,0,,
MCH-024,2025-09-01 00:00:00,0,0,,
MCH-024,2025-09-02 00:00:00,0,0,,
MCH-024,2025-09-03 00:00:00,0,0,,
MCH-024,2025-09-04 00:00:00,0,0,,
MCH-024,2025-09-05 00:00:00,0,0,,
MCH-024,2025-09-06 00:00:00,0,0,,
MCH-024,2025-09-07 00:00:00,0,0,,
MCH-024,2025-09-08 00:00:00,0,0,,
MCH-024,2025-09-09 00:00:00,0,0,,
MCH-024,2025-09-10 00:00:00,0,0,,
MCH-024,2025-09-11 00:00:00,0,0,,
MCH-024,2025-09-12 00:00:00,0,0,,
MCH-024,2025-09-13 00:00:00,0,0,,
MCH-024,2025-09-14 00:00:00,0,0,,
MCH-024,2025-09-15 00:00:00,0,0,,
MCH-024,2025-09-16 00:00:00,0,0,,
MCH-024,2025-09-17 00:00:00,0,0,,
MCH-024,2025-09-18 00:00:00,0,0,,
MCH-024,2025-09-19 00:00:00,0,0,,
MCH-024,2025-09-20 00:00:00,0,0,,
MCH-024,2025-09-21 00:00:00,0,0,,
MCH-024,2025-09-22 00:00:00,0,0,,
MCH-024,2025-09-23 00:00:00,0,0,,
MCH-024,2025-09-24 00:00:00,0,0,,
MCH-024,2025-09-25 00:00:00,0,0,,
MCH-024,2025-09-26 00:00:00,0,0,,
MCH-024,2025-09-27 00:00:00,0,0,,
MCH-024,2025-09-28 00:00:00,0,0,,
MCH-024,2025-09-29 00:00:00,0,0,,
MCH-024,2025-09-30 00:00:00,0,0,,
MCH-024,2025-10-01 00:00:00,0,0,,
MCH-024,2025-10-02 00:00:00,0,0,,
MCH-024,2025-10-03 00:00:00,0,0,,
MCH-024,2025-10-04 00:00:00,0,0,,
MCH-024,2025-10-05 00:00:00,0,0,,
MCH-024,2025-10-06 00:00:00,0,0,,
MCH-024,2025-10-07 00:00:00,0,0,,
MCH-024,2025-10-08 00:00:00,0,0,,
MCH-024,2025-10-09 00:00:00,0,0,,
MCH-024,2025-10-10 00:00:00,0,0,,
MCH-024,2025-10-11 00:00:00,0,0,,
MCH-024,2025-10-12 00:00:00,0,0,,
MCH-024,2025-10-13 00:00:00,0,0,,
MCH-024,2025-10-14 00:00:00,0,0,,
MCH-024,2025-10-15 00:00:00,0,0,,
MCH-024,2025-10-16 00:00:00,0,0,,
MCH-024,2025-10-17 00:00:00,0,0,,
MCH-024,2025-10-18 00:00:00,0,0,,
MCH-024,2025-10-19 00:00:00,0,0,,
MCH-024,2025-10-20 00:00:00,0,0,,
MCH-024,2025-10-21 00:00:00,0,0,,
MCH-024,2025-10-22 00:00:00,0,0,,
MCH-024,2025-10-23 00:00:00,0,0,,
MCH-024,2025-10-24 00:00:00,0,1,SENSOR,medium
MCH-024,2025-10-25 00:00:00,0,1,MOTOR,medium
MCH-024,2025-10-26 00:00:00,0,1,TOOLING,medium
MCH-024,2025-10-27 00:00:00,0,1,TOOLING,critical
MCH-024,2025-10-28 00:00:00,0,1,HYDRAULIC,medium
MCH-024,2025-10-29 00:00:00,0,1,TOOLING,high
MCH-024,2025-10-30 00:00:00,1,1,BEARING,medium
MCH-024,2025-10-31 00:00:00,1,1,SENSOR,medium
MCH-024,2025-11-01 00:00:00,0,0,,
MCH-024,2025-11-02 00:00:00,0,0,,
MCH-024,2025-11-03 00:00:00,0,0,,
MCH-024,2025-11-04 00:00:00,0,0,,
MCH-024,2025-11-05 00:00:00,0,0,,
MCH-024,2025-11-06 00:00:00,0,0,,
MCH-024,2025-11-07 00:00:00,0,0,,
MCH-024,2025-11-08 00:00:00,0,0,,
MCH-024,2025-11-09 00:00:00,0,0,,
MCH-024,2025-11-10 00:00:00,0,0,,
MCH-024,2025-11-11 00:00:00,0,0,,
MCH-024,2025-11-12 00:00:00,0,0,,
MCH-024,2025-11-13 00:00:00,0,0,,
MCH-024,2025-11-14 00:00:00,0,0,,
MCH-024,2025-11-15 00:00:00,0,0,,
MCH-024,2025-11-16 00:00:00,0,0,,
MCH-024,2025-11-17 00:00:00,0,0,,
MCH-024,2025-11-18 00:00:00,0,0,,
MCH-024,2025-11-19 00:00:00,0,0,,
MCH-024,2025-11-20 00:00:00,0,0,,
MCH-024,2025-11-21 00:00:00,0,0,,
MCH-024,2025-11-22 00:00:00,0,0,,
MCH-024,2025-11-23 00:00:00,0,0,,
MCH-024,2025-11-24 00:00:00,0,0,,
MCH-024,2025-11-25 00:00:00,0,0,,
MCH-024,2025-11-26 00:00:00,0,0,,
MCH-024,2025-11-27 00:00:00,0,0,,
MCH-024,2025-11-28 00:00:00,0,0,,
MCH-024,2025-11-29 00:00:00,0,0,,
MCH-024,2025-11-30 00:00:00,0,0,,
MCH-024,2025-12-01 00:00:00,0,0,,
MCH-024,2025-12-02 00:00:00,0,0,,
MCH-024,2025-12-03 00:00:00,0,0,,
MCH-024,2025-12-04 00:00:00,0,0,,
MCH-024,2025-12-05 00:00:00,0,0,,
MCH-024,2025-12-06 00:00:00,0,0,,
MCH-024,2025-12-07 00:00:00,0,0,,
MCH-024,2025-12-08 00:00:00,0,0,,
MCH-024,2025-12-09 00:00:00,0,0,,
MCH-024,2025-12-10 00:00:00,0,0,,
MCH-024,2025-12-11 00:00:00,0,0,,
MCH-024,2025-12-12 00:00:00,0,0,,
MCH-024,2025-12-13 00:00:00,0,0,,
MCH-024,2025-12-14 00:00:00,0,0,,
MCH-024,2025-12-15 00:00:00,0,0,,
MCH-024,2025-12-16 00:00:00,0,0,,
MCH-024,2025-12-17 00:00:00,0,0,,
MCH-024,2025-12-18 00:00:00,0,0,,
MCH-024,2025-12-19 00:00:00,0,0,,
MCH-024,2025-12-20 00:00:00,0,0,,
MCH-024,2025-12-21 00:00:00,0,0,,
MCH-024,2025-12-22 00:00:00,0,0,,
MCH-024,2025-12-23 00:00:00,0,0,,
MCH-024,2025-12-24 00:00:00,0,0,,
MCH-024,2025-12-25 00:00:00,0,0,,
MCH-024,2025-12-26 00:00:00,0,1,TOOLING,high
MCH-024,2025-12-27 00:00:00,0,1,HYDRAULIC,medium
MCH-024,2025-12-28 00:00:00,0,1,SENSOR,medium
MCH-024,2025-12-29 00:00:00,0,1,SENSOR,high
MCH-024,2025-12-30 00:00:00,0,1,TOOLING,critical
MCH-024,2025-12-31 00:00:00,0,1,ELECTRICAL,medium
MCH-024,2026-01-01 00:00:00,1,1,MOTOR,high
MCH-024,2026-01-02 00:00:00,1,1,HYDRAULIC,high
MCH-024,2026-01-03 00:00:00,0,0,,
MCH-024,2026-01-04 00:00:00,0,0,,
MCH-024,2026-01-05 00:00:00,0,0,,
MCH-024,2026-01-06 00:00:00,0,0,,
MCH-024,2026-01-07 00:00:00,0,0,,
MCH-024,2026-01-08 00:00:00,0,0,,
MCH-024,2026-01-09 00:00:00,0,0,,
MCH-024,2026-01-10 00:00:00,0,0,,
MCH-024,2026-01-11 00:00:00,0,0,,
MCH-024,2026-01-12 00:00:00,0,0,,
MCH-024,2026-01-13 00:00:00,0,0,,
MCH-024,2026-01-14 00:00:00,0,0,,
MCH-024,2026-01-15 00:00:00,0,0,,
MCH-024,2026-01-16 00:00:00,0,0,,
MCH-024,2026-01-17 00:00:00,0,0,,
MCH-024,2026-01-18 00:00:00,0,0,,
MCH-024,2026-01-19 00:00:00,0,0,,
MCH-024,2026-01-20 00:00:00,0,0,,
MCH-024,2026-01-21 00:00:00,0,0,,
MCH-024,2026-01-22 00:00:00,0,0,,
MCH-024,2026-01-23 00:00:00,0,0,,
MCH-024,2026-01-24 00:00:00,0,0,,
MCH-024,2026-01-25 00:00:00,0,0,,
MCH-024,2026-01-26 00:00:00,0,0,,
MCH-024,2026-01-27 00:00:00,0,0,,
MCH-024,2026-01-28 00:00:00,0,0,,
MCH-024,2026-01-29 00:00:00,0,0,,
MCH-024,2026-01-30 00:00:00,0,0,,
MCH-024,2026-01-31 00:00:00,0,0,,
MCH-024,2026-02-01 00:00:00,0,0,,
MCH-024,2026-02-02 00:00:00,0,0,,
MCH-024,2026-02-03 00:00:00,0,0,,
MCH-024,2026-02-04 00:00:00,0,0,,
MCH-024,2026-02-05 00:00:00,0,0,,
MCH-024,2026-02-06 00:00:00,0,0,,
MCH-024,2026-02-07 00:00:00,0,0,,
MCH-024,2026-02-08 00:00:00,0,0,,
MCH-024,2026-02-09 00:00:00,0,0,,
MCH-024,2026-02-10 00:00:00,0,0,,
MCH-024,2026-02-11 00:00:00,0,0,,
MCH-024,2026-02-12 00:00:00,0,0,,
MCH-024,2026-02-13 00:00:00,0,0,,
MCH-024,2026-02-14 00:00:00,0,0,,
MCH-024,2026-02-15 00:00:00,0,0,,
MCH-024,2026-02-16 00:00:00,0,0,,
MCH-024,2026-02-17 00:00:00,0,0,,
MCH-024,2026-02-18 00:00:00,0,0,,
MCH-024,2026-02-19 00:00:00,0,0,,
MCH-024,2026-02-20 00:00:00,0,0,,
MCH-024,2026-02-21 00:00:00,0,0,,
MCH-024,2026-02-22 00:00:00,0,0,,
MCH-024,2026-02-23 00:00:00,0,0,,
MCH-024,2026-02-24 00:00:00,0,0,,
MCH-024,2026-02-25 00:00:00,0,0,,
MCH-024,2026-02-26 00:00:00,0,0,,
MCH-024,2026-02-27 00:00:00,0,0,,
MCH-024,2026-02-28 00:00:00,0,0,,
MCH-024,2026-03-01 00:00:00,0,0,,
MCH-024,2026-03-02 00:00:00,0,0,,
MCH-024,2026-03-03 00:00:00,0,0,,
MCH-024,2026-03-04 00:00:00,0,0,,
MCH-024,2026-03-05 00:00:00,0,0,,
MCH-024,2026-03-06 00:00:00,0,0,,
MCH-024,2026-03-07 00:00:00,0,0,,
MCH-024,2026-03-08 00:00:00,0,0,,
MCH-024,2026-03-09 00:00:00,0,0,,
MCH-024,2026-03-10 00:00:00,0,0,,
MCH-024,2026-03-11 00:00:00,0,0,,
MCH-024,2026-03-12 00:00:00,0,0,,
MCH-024,2026-03-13 00:00:00,0,0,,
MCH-024,2026-03-14 00:00:00,0,0,,
MCH-024,2026-03-15 00:00:00,0,0,,
MCH-024,2026-03-16 00:00:00,0,0,,
MCH-024,2026-03-17 00:00:00,0,0,,
MCH-024,2026-03-18 00:00:00,0,0,,
MCH-024,2026-03-19 00:00:00,0,0,,
MCH-024,2026-03-20 00:00:00,0,0,,
MCH-024,2026-03-21 00:00:00,0,0,,
MCH-024,2026-03-22 00:00:00,0,0,,
MCH-024,2026-03-23 00:00:00,0,0,,
MCH-024,2026-03-24 00:00:00,0,0,,
MCH-024,2026-03-25 00:00:00,0,0,,
MCH-024,2026-03-26 00:00:00,0,0,,
MCH-024,2026-03-27 00:00:00,0,0,,
MCH-024,2026-03-28 00:00:00,0,0,,
MCH-024,2026-03-29 00:00:00,0,0,,
MCH-024,2026-03-30 00:00:00,0,0,,
MCH-024,2026-03-31 00:00:00,0,0,,
MCH-024,2026-04-01 00:00:00,0,0,,
MCH-024,2026-04-02 00:00:00,0,0,,
MCH-024,2026-04-03 00:00:00,0,0,,
MCH-024,2026-04-04 00:00:00,0,0,,
MCH-024,2026-04-05 00:00:00,0,0,,
MCH-024,2026-04-06 00:00:00,0,0,,
MCH-024,2026-04-07 00:00:00,0,0,,
MCH-024,2026-04-08 00:00:00,0,0,,
MCH-024,2026-04-09 00:00:00,0,0,,
MCH-024,2026-04-10 00:00:00,0,0,,
MCH-024,2026-04-11 00:00:00,0,0,,
MCH-024,2026-04-12 00:00:00,0,0,,
MCH-024,2026-04-13 00:00:00,0,0,,
MCH-024,2026-04-14 00:00:00,0,0,,
MCH-024,2026-04-15 00:00:00,0,0,,
MCH-024,2026-04-16 00:00:00,0,0,,
MCH-024,2026-04-17 00:00:00,0,0,,
MCH-024,2026-04-18 00:00:00,0,0,,
MCH-024,2026-04-19 00:00:00,0,0,,
MCH-024,2026-04-20 00:00:00,0,0,,
MCH-024,2026-04-21 00:00:00,0,0,,
MCH-024,2026-04-22 00:00:00,0,0,,
MCH-024,2026-04-23 00:00:00,0,0,,
MCH-024,2026-04-24 00:00:00,0,0,,
MCH-024,2026-04-25 00:00:00,0,0,,
MCH-024,2026-04-26 00:00:00,0,0,,
MCH-024,2026-04-27 00:00:00,0,0,,
MCH-024,2026-04-28 00:00:00,0,0,,
MCH-024,2026-04-29 00:00:00,0,0,,
MCH-024,2026-04-30 00:00:00,0,0,,
MCH-024,2026-05-01 00:00:00,0,0,,
MCH-024,2026-05-02 00:00:00,0,0,,
MCH-024,2026-05-03 00:00:00,0,0,,
MCH-024,2026-05-04 00:00:00,0,0,,
MCH-024,2026-05-05 00:00:00,0,0,,
MCH-024,2026-05-06 00:00:00,0,0,,
MCH-024,2026-05-07 00:00:00,0,0,,
MCH-024,2026-05-08 00:00:00,0,0,,
MCH-024,2026-05-09 00:00:00,0,0,,
MCH-024,2026-05-10 00:00:00,0,0,,
MCH-024,2026-05-11 00:00:00,0,0,,
MCH-024,2026-05-12 00:00:00,0,0,,
MCH-024,2026-05-13 00:00:00,0,0,,
MCH-024,2026-05-14 00:00:00,0,0,,
MCH-024,2026-05-15 00:00:00,0,0,,
MCH-024,2026-05-16 00:00:00,0,0,,
MCH-024,2026-05-17 00:00:00,0,0,,
MCH-024,2026-05-18 00:00:00,0,0,,
MCH-024,2026-05-19 00:00:00,0,0,,
MCH-024,2026-05-20 00:00:00,0,0,,
MCH-024,2026-05-21 00:00:00,0,0,,
MCH-024,2026-05-22 00:00:00,0,0,,
MCH-024,2026-05-23 00:00:00,0,0,,
MCH-024,2026-05-24 00:00:00,0,0,,
MCH-024,2026-05-25 00:00:00,0,0,,
MCH-024,2026-05-26 00:00:00,0,0,,
MCH-024,2026-05-27 00:00:00,0,0,,
MCH-024,2026-05-28 00:00:00,0,0,,
MCH-024,2026-05-29 00:00:00,0,0,,
MCH-024,2026-05-30 00:00:00,0,0,,
MCH-024,2026-05-31 00:00:00,0,0,,
MCH-024,2026-06-01 00:00:00,0,0,,
MCH-024,2026-06-02 00:00:00,0,0,,
MCH-024,2026-06-03 00:00:00,0,0,,
MCH-024,2026-06-04 00:00:00,0,0,,
MCH-024,2026-06-05 00:00:00,0,0,,
MCH-024,2026-06-06 00:00:00,0,0,,
MCH-024,2026-06-07 00:00:00,0,0,,
MCH-024,2026-06-08 00:00:00,0,0,,
MCH-024,2026-06-09 00:00:00,0,0,,
MCH-024,2026-06-10 00:00:00,0,0,,
MCH-024,2026-06-11 00:00:00,0,0,,
MCH-024,2026-06-12 00:00:00,0,0,,
MCH-024,2026-06-13 00:00:00,0,0,,
MCH-024,2026-06-14 00:00:00,0,0,,
MCH-024,2026-06-15 00:00:00,0,0,,
MCH-024,2026-06-16 00:00:00,0,0,,
MCH-024,2026-06-17 00:00:00,0,0,,
MCH-024,2026-06-18 00:00:00,0,0,,
MCH-024,2026-06-19 00:00:00,0,0,,
MCH-024,2026-06-20 00:00:00,0,0,,
MCH-024,2026-06-21 00:00:00,0,0,,
MCH-024,2026-06-22 00:00:00,0,0,,
MCH-024,2026-06-23 00:00:00,0,0,,
MCH-024,2026-06-24 00:00:00,0,0,,
MCH-024,2026-06-25 00:00:00,0,0,,
MCH-024,2026-06-26 00:00:00,0,0,,
MCH-024,2026-06-27 00:00:00,0,0,,
MCH-024,2026-06-28 00:00:00,0,0,,
MCH-024,2026-06-29 00:00:00,0,0,,
MCH-024,2026-06-30 00:00:00,0,0,,
MCH-024,2026-07-01 00:00:00,0,0,,
MCH-024,2026-07-02 00:00:00,0,0,,
MCH-024,2026-07-03 00:00:00,0,0,,
MCH-024,2026-07-04 00:00:00,0,0,,
MCH-024,2026-07-05 00:00:00,0,0,,
MCH-024,2026-07-06 00:00:00,0,0,,
MCH-024,2026-07-07 00:00:00,0,0,,
MCH-024,2026-07-08 00:00:00,0,0,,
MCH-024,2026-07-09 00:00:00,0,0,,
MCH-024,2026-07-10 00:00:00,0,0,,
MCH-024,2026-07-11 00:00:00,0,0,,
MCH-024,2026-07-12 00:00:00,0,0,,
MCH-024,2026-07-13 00:00:00,0,0,,
MCH-024,2026-07-14 00:00:00,0,0,,
MCH-024,2026-07-15 00:00:00,0,0,,
MCH-024,2026-07-16 00:00:00,0,0,,
MCH-024,2026-07-17 00:00:00,0,0,,
MCH-024,2026-07-18 00:00:00,0,0,,
MCH-024,2026-07-19 00:00:00,0,0,,
MCH-024,2026-07-20 00:00:00,0,0,,
MCH-024,2026-07-21 00:00:00,0,0,,
MCH-024,2026-07-22 00:00:00,0,0,,
MCH-024,2026-07-23 00:00:00,0,0,,
MCH-024,2026-07-24 00:00:00,0,0,,
MCH-024,2026-07-25 00:00:00,0,0,,
MCH-024,2026-07-26 00:00:00,0,0,,
MCH-024,2026-07-27 00:00:00,0,0,,
MCH-024,2026-07-28 00:00:00,0,0,,
MCH-024,2026-07-29 00:00:00,0,0,,
MCH-024,2026-07-30 00:00:00,0,0,,
MCH-024,2026-07-31 00:00:00,0,0,,
MCH-025,2025-08-01 00:00:00,0,0,,
MCH-025,2025-08-02 00:00:00,0,0,,
MCH-025,2025-08-03 00:00:00,0,0,,
MCH-025,2025-08-04 00:00:00,0,0,,
MCH-025,2025-08-05 00:00:00,0,0,,
MCH-025,2025-08-06 00:00:00,0,0,,
MCH-025,2025-08-07 00:00:00,0,0,,
MCH-025,2025-08-08 00:00:00,0,0,,
MCH-025,2025-08-09 00:00:00,0,0,,
MCH-025,2025-08-10 00:00:00,0,0,,
MCH-025,2025-08-11 00:00:00,0,0,,
MCH-025,2025-08-12 00:00:00,0,0,,
MCH-025,2025-08-13 00:00:00,0,0,,
MCH-025,2025-08-14 00:00:00,0,0,,
MCH-025,2025-08-15 00:00:00,0,0,,
MCH-025,2025-08-16 00:00:00,0,0,,
MCH-025,2025-08-17 00:00:00,0,0,,
MCH-025,2025-08-18 00:00:00,0,0,,
MCH-025,2025-08-19 00:00:00,0,0,,
MCH-025,2025-08-20 00:00:00,0,0,,
MCH-025,2025-08-21 00:00:00,0,0,,
MCH-025,2025-08-22 00:00:00,0,0,,
MCH-025,2025-08-23 00:00:00,0,0,,
MCH-025,2025-08-24 00:00:00,0,0,,
MCH-025,2025-08-25 00:00:00,0,0,,
MCH-025,2025-08-26 00:00:00,0,0,,
MCH-025,2025-08-27 00:00:00,0,0,,
MCH-025,2025-08-28 00:00:00,0,0,,
MCH-025,2025-08-29 00:00:00,0,0,,
MCH-025,2025-08-30 00:00:00,0,0,,
MCH-025,2025-08-31 00:00:00,0,0,,
MCH-025,2025-09-01 00:00:00,0,0,,
MCH-025,2025-09-02 00:00:00,0,0,,
MCH-025,2025-09-03 00:00:00,0,0,,
MCH-025,2025-09-04 00:00:00,0,0,,
MCH-025,2025-09-05 00:00:00,0,0,,
MCH-025,2025-09-06 00:00:00,0,0,,
MCH-025,2025-09-07 00:00:00,0,0,,
MCH-025,2025-09-08 00:00:00,0,0,,
MCH-025,2025-09-09 00:00:00,0,0,,
MCH-025,2025-09-10 00:00:00,0,0,,
MCH-025,2025-09-11 00:00:00,0,0,,
MCH-025,2025-09-12 00:00:00,0,0,,
MCH-025,2025-09-13 00:00:00,0,0,,
MCH-025,2025-09-14 00:00:00,0,0,,
MCH-025,2025-09-15 00:00:00,0,0,,
MCH-025,2025-09-16 00:00:00,0,0,,
MCH-025,2025-09-17 00:00:00,0,0,,
MCH-025,2025-09-18 00:00:00,0,0,,
MCH-025,2025-09-19 00:00:00,0,0,,
MCH-025,2025-09-20 00:00:00,0,0,,
MCH-025,2025-09-21 00:00:00,0,0,,
MCH-025,2025-09-22 00:00:00,0,0,,
MCH-025,2025-09-23 00:00:00,0,0,,
MCH-025,2025-09-24 00:00:00,0,0,,
MCH-025,2025-09-25 00:00:00,0,0,,
MCH-025,2025-09-26 00:00:00,0,0,,
MCH-025,2025-09-27 00:00:00,0,0,,
MCH-025,2025-09-28 00:00:00,0,0,,
MCH-025,2025-09-29 00:00:00,0,0,,
MCH-025,2025-09-30 00:00:00,0,0,,
MCH-025,2025-10-01 00:00:00,0,0,,
MCH-025,2025-10-02 00:00:00,0,0,,
MCH-025,2025-10-03 00:00:00,0,0,,
MCH-025,2025-10-04 00:00:00,0,0,,
MCH-025,2025-10-05 00:00:00,0,0,,
MCH-025,2025-10-06 00:00:00,0,0,,
MCH-025,2025-10-07 00:00:00,0,0,,
MCH-025,2025-10-08 00:00:00,0,0,,
MCH-025,2025-10-09 00:00:00,0,0,,
MCH-025,2025-10-10 00:00:00,0,0,,
MCH-025,2025-10-11 00:00:00,0,0,,
MCH-025,2025-10-12 00:00:00,0,0,,
MCH-025,2025-10-13 00:00:00,0,0,,
MCH-025,2025-10-14 00:00:00,0,0,,
MCH-025,2025-10-15 00:00:00,0,0,,
MCH-025,2025-10-16 00:00:00,0,0,,
MCH-025,2025-10-17 00:00:00,0,0,,
MCH-025,2025-10-18 00:00:00,0,0,,
MCH-025,2025-10-19 00:00:00,0,0,,
MCH-025,2025-10-20 00:00:00,0,0,,
MCH-025,2025-10-21 00:00:00,0,0,,
MCH-025,2025-10-22 00:00:00,0,0,,
MCH-025,2025-10-23 00:00:00,0,0,,
MCH-025,2025-10-24 00:00:00,0,0,,
MCH-025,2025-10-25 00:00:00,0,0,,
MCH-025,2025-10-26 00:00:00,0,0,,
MCH-025,2025-10-27 00:00:00,0,0,,
MCH-025,2025-10-28 00:00:00,0,0,,
MCH-025,2025-10-29 00:00:00,0,0,,
MCH-025,2025-10-30 00:00:00,0,0,,
MCH-025,2025-10-31 00:00:00,0,0,,
MCH-025,2025-11-01 00:00:00,0,0,,
MCH-025,2025-11-02 00:00:00,0,0,,
MCH-025,2025-11-03 00:00:00,0,0,,
MCH-025,2025-11-04 00:00:00,0,0,,
MCH-025,2025-11-05 00:00:00,0,0,,
MCH-025,2025-11-06 00:00:00,0,0,,
MCH-025,2025-11-07 00:00:00,0,0,,
MCH-025,2025-11-08 00:00:00,0,0,,
MCH-025,2025-11-09 00:00:00,0,0,,
MCH-025,2025-11-10 00:00:00,0,0,,
MCH-025,2025-11-11 00:00:00,0,0,,
MCH-025,2025-11-12 00:00:00,0,0,,
MCH-025,2025-11-13 00:00:00,0,0,,
MCH-025,2025-11-14 00:00:00,0,0,,
MCH-025,2025-11-15 00:00:00,0,0,,
MCH-025,2025-11-16 00:00:00,0,0,,
MCH-025,2025-11-17 00:00:00,0,0,,
MCH-025,2025-11-18 00:00:00,0,0,,
MCH-025,2025-11-19 00:00:00,0,0,,
MCH-025,2025-11-20 00:00:00,0,0,,
MCH-025,2025-11-21 00:00:00,0,0,,
MCH-025,2025-11-22 00:00:00,0,0,,
MCH-025,2025-11-23 00:00:00,0,0,,
MCH-025,2025-11-24 00:00:00,0,0,,
MCH-025,2025-11-25 00:00:00,0,0,,
MCH-025,2025-11-26 00:00:00,0,0,,
MCH-025,2025-11-27 00:00:00,0,0,,
MCH-025,2025-11-28 00:00:00,0,0,,
MCH-025,2025-11-29 00:00:00,0,0,,
MCH-025,2025-11-30 00:00:00,0,0,,
MCH-025,2025-12-01 00:00:00,0,0,,
MCH-025,2025-12-02 00:00:00,0,0,,
MCH-025,2025-12-03 00:00:00,0,0,,
MCH-025,2025-12-04 00:00:00,0,0,,
MCH-025,2025-12-05 00:00:00,0,0,,
MCH-025,2025-12-06 00:00:00,0,0,,
MCH-025,2025-12-07 00:00:00,0,0,,
MCH-025,2025-12-08 00:00:00,0,0,,
MCH-025,2025-12-09 00:00:00,0,0,,
MCH-025,2025-12-10 00:00:00,0,0,,
MCH-025,2025-12-11 00:00:00,0,0,,
MCH-025,2025-12-12 00:00:00,0,0,,
MCH-025,2025-12-13 00:00:00,0,0,,
MCH-025,2025-12-14 00:00:00,0,0,,
MCH-025,2025-12-15 00:00:00,0,0,,
MCH-025,2025-12-16 00:00:00,0,0,,
MCH-025,2025-12-17 00:00:00,0,0,,
MCH-025,2025-12-18 00:00:00,0,0,,
MCH-025,2025-12-19 00:00:00,0,0,,
MCH-025,2025-12-20 00:00:00,0,0,,
MCH-025,2025-12-21 00:00:00,0,0,,
MCH-025,2025-12-22 00:00:00,0,0,,
MCH-025,2025-12-23 00:00:00,0,0,,
MCH-025,2025-12-24 00:00:00,0,0,,
MCH-025,2025-12-25 00:00:00,0,0,,
MCH-025,2025-12-26 00:00:00,0,0,,
MCH-025,2025-12-27 00:00:00,0,0,,
MCH-025,2025-12-28 00:00:00,0,0,,
MCH-025,2025-12-29 00:00:00,0,0,,
MCH-025,2025-12-30 00:00:00,0,0,,
MCH-025,2025-12-31 00:00:00,0,0,,
MCH-025,2026-01-01 00:00:00,0,0,,
MCH-025,2026-01-02 00:00:00,0,0,,
MCH-025,2026-01-03 00:00:00,0,0,,
MCH-025,2026-01-04 00:00:00,0,0,,
MCH-025,2026-01-05 00:00:00,0,0,,
MCH-025,2026-01-06 00:00:00,0,0,,
MCH-025,2026-01-07 00:00:00,0,0,,
MCH-025,2026-01-08 00:00:00,0,0,,
MCH-025,2026-01-09 00:00:00,0,0,,
MCH-025,2026-01-10 00:00:00,0,0,,
MCH-025,2026-01-11 00:00:00,0,0,,
MCH-025,2026-01-12 00:00:00,0,0,,
MCH-025,2026-01-13 00:00:00,0,0,,
MCH-025,2026-01-14 00:00:00,0,0,,
MCH-025,2026-01-15 00:00:00,0,0,,
MCH-025,2026-01-16 00:00:00,0,0,,
MCH-025,2026-01-17 00:00:00,0,0,,
MCH-025,2026-01-18 00:00:00,0,0,,
MCH-025,2026-01-19 00:00:00,0,0,,
MCH-025,2026-01-20 00:00:00,0,0,,
MCH-025,2026-01-21 00:00:00,0,0,,
MCH-025,2026-01-22 00:00:00,0,0,,
MCH-025,2026-01-23 00:00:00,0,1,BEARING,medium
MCH-025,2026-01-24 00:00:00,0,1,BEARING,critical
MCH-025,2026-01-25 00:00:00,0,1,ELECTRICAL,high
MCH-025,2026-01-26 00:00:00,0,1,SENSOR,medium
MCH-025,2026-01-27 00:00:00,0,1,HYDRAULIC,high
MCH-025,2026-01-28 00:00:00,0,1,BEARING,critical
MCH-025,2026-01-29 00:00:00,1,1,SENSOR,medium
MCH-025,2026-01-30 00:00:00,1,1,TOOLING,high
MCH-025,2026-01-31 00:00:00,0,0,,
MCH-025,2026-02-01 00:00:00,0,0,,
MCH-025,2026-02-02 00:00:00,0,0,,
MCH-025,2026-02-03 00:00:00,0,0,,
MCH-025,2026-02-04 00:00:00,0,0,,
MCH-025,2026-02-05 00:00:00,0,0,,
MCH-025,2026-02-06 00:00:00,0,0,,
MCH-025,2026-02-07 00:00:00,0,0,,
MCH-025,2026-02-08 00:00:00,0,0,,
MCH-025,2026-02-09 00:00:00,0,0,,
MCH-025,2026-02-10 00:00:00,0,0,,
MCH-025,2026-02-11 00:00:00,0,0,,
MCH-025,2026-02-12 00:00:00,0,0,,
MCH-025,2026-02-13 00:00:00,0,0,,
MCH-025,2026-02-14 00:00:00,0,0,,
MCH-025,2026-02-15 00:00:00,0,0,,
MCH-025,2026-02-16 00:00:00,0,0,,
MCH-025,2026-02-17 00:00:00,0,0,,
MCH-025,2026-02-18 00:00:00,0,0,,
MCH-025,2026-02-19 00:00:00,0,0,,
MCH-025,2026-02-20 00:00:00,0,0,,
MCH-025,2026-02-21 00:00:00,0,1,SENSOR,high
MCH-025,2026-02-22 00:00:00,0,1,HYDRAULIC,high
MCH-025,2026-02-23 00:00:00,0,1,SENSOR,high
MCH-025,2026-02-24 00:00:00,0,1,ELECTRICAL,medium
MCH-025,2026-02-25 00:00:00,0,1,TOOLING,high
MCH-025,2026-02-26 00:00:00,0,1,HYDRAULIC,critical
MCH-025,2026-02-27 00:00:00,1,1,SENSOR,high
MCH-025,2026-02-28 00:00:00,1,1,HYDRAULIC,high
MCH-025,2026-03-01 00:00:00,0,0,,
MCH-025,2026-03-02 00:00:00,0,0,,
MCH-025,2026-03-03 00:00:00,0,0,,
MCH-025,2026-03-04 00:00:00,0,0,,
MCH-025,2026-03-05 00:00:00,0,0,,
MCH-025,2026-03-06 00:00:00,0,0,,
MCH-025,2026-03-07 00:00:00,0,0,,
MCH-025,2026-03-08 00:00:00,0,0,,
MCH-025,2026-03-09 00:00:00,0,0,,
MCH-025,2026-03-10 00:00:00,0,0,,
MCH-025,2026-03-11 00:00:00,0,0,,
MCH-025,2026-03-12 00:00:00,0,0,,
MCH-025,2026-03-13 00:00:00,0,0,,
MCH-025,2026-03-14 00:00:00,0,0,,
MCH-025,2026-03-15 00:00:00,0,0,,
MCH-025,2026-03-16 00:00:00,0,0,,
MCH-025,2026-03-17 00:00:00,0,0,,
MCH-025,2026-03-18 00:00:00,0,0,,
MCH-025,2026-03-19 00:00:00,0,0,,
MCH-025,2026-03-20 00:00:00,0,0,,
MCH-025,2026-03-21 00:00:00,0,0,,
MCH-025,2026-03-22 00:00:00,0,0,,
MCH-025,2026-03-23 00:00:00,0,0,,
MCH-025,2026-03-24 00:00:00,0,0,,
MCH-025,2026-03-25 00:00:00,0,0,,
MCH-025,2026-03-26 00:00:00,0,0,,
MCH-025,2026-03-27 00:00:00,0,0,,
MCH-025,2026-03-28 00:00:00,0,0,,
MCH-025,2026-03-29 00:00:00,0,0,,
MCH-025,2026-03-30 00:00:00,0,0,,
MCH-025,2026-03-31 00:00:00,0,0,,
MCH-025,2026-04-01 00:00:00,0,0,,
MCH-025,2026-04-02 00:00:00,0,0,,
MCH-025,2026-04-03 00:00:00,0,0,,
MCH-025,2026-04-04 00:00:00,0,0,,
MCH-025,2026-04-05 00:00:00,0,0,,
MCH-025,2026-04-06 00:00:00,0,0,,
MCH-025,2026-04-07 00:00:00,0,0,,
MCH-025,2026-04-08 00:00:00,0,0,,
MCH-025,2026-04-09 00:00:00,0,0,,
MCH-025,2026-04-10 00:00:00,0,0,,
MCH-025,2026-04-11 00:00:00,0,0,,
MCH-025,2026-04-12 00:00:00,0,0,,
MCH-025,2026-04-13 00:00:00,0,1,MOTOR,high
MCH-025,2026-04-14 00:00:00,0,1,TOOLING,medium
MCH-025,2026-04-15 00:00:00,0,1,SENSOR,high
MCH-025,2026-04-16 00:00:00,0,1,HYDRAULIC,medium
MCH-025,2026-04-17 00:00:00,0,1,MOTOR,high
MCH-025,2026-04-18 00:00:00,0,1,HYDRAULIC,medium
MCH-025,2026-04-19 00:00:00,1,1,TOOLING,high
MCH-025,2026-04-20 00:00:00,1,1,ELECTRICAL,critical
MCH-025,2026-04-21 00:00:00,0,0,,
MCH-025,2026-04-22 00:00:00,0,0,,
MCH-025,2026-04-23 00:00:00,0,0,,
MCH-025,2026-04-24 00:00:00,0,0,,
MCH-025,2026-04-25 00:00:00,0,0,,
MCH-025,2026-04-26 00:00:00,0,0,,
MCH-025,2026-04-27 00:00:00,0,0,,
MCH-025,2026-04-28 00:00:00,0,0,,
MCH-025,2026-04-29 00:00:00,0,0,,
MCH-025,2026-04-30 00:00:00,0,0,,
MCH-025,2026-05-01 00:00:00,0,0,,
MCH-025,2026-05-02 00:00:00,0,0,,
MCH-025,2026-05-03 00:00:00,0,0,,
MCH-025,2026-05-04 00:00:00,0,0,,
MCH-025,2026-05-05 00:00:00,0,0,,
MCH-025,2026-05-06 00:00:00,0,0,,
MCH-025,2026-05-07 00:00:00,0,0,,
MCH-025,2026-05-08 00:00:00,0,0,,
MCH-025,2026-05-09 00:00:00,0,0,,
MCH-025,2026-05-10 00:00:00,0,0,,
MCH-025,2026-05-11 00:00:00,0,0,,
MCH-025,2026-05-12 00:00:00,0,0,,
MCH-025,2026-05-13 00:00:00,0,0,,
MCH-025,2026-05-14 00:00:00,0,0,,
MCH-025,2026-05-15 00:00:00,0,0,,
MCH-025,2026-05-16 00:00:00,0,0,,
MCH-025,2026-05-17 00:00:00,0,0,,
MCH-025,2026-05-18 00:00:00,0,0,,
MCH-025,2026-05-19 00:00:00,0,0,,
MCH-025,2026-05-20 00:00:00,0,0,,
MCH-025,2026-05-21 00:00:00,0,0,,
MCH-025,2026-05-22 00:00:00,0,0,,
MCH-025,2026-05-23 00:00:00,0,0,,
MCH-025,2026-05-24 00:00:00,0,0,,
MCH-025,2026-05-25 00:00:00,0,0,,
MCH-025,2026-05-26 00:00:00,0,0,,
MCH-025,2026-05-27 00:00:00,0,0,,
MCH-025,2026-05-28 00:00:00,0,0,,
MCH-025,2026-05-29 00:00:00,0,0,,
MCH-025,2026-05-30 00:00:00,0,0,,
MCH-025,2026-05-31 00:00:00,0,0,,
MCH-025,2026-06-01 00:00:00,0,0,,
MCH-025,2026-06-02 00:00:00,0,0,,
MCH-025,2026-06-03 00:00:00,0,0,,
MCH-025,2026-06-04 00:00:00,0,0,,
MCH-025,2026-06-05 00:00:00,0,1,BEARING,medium
MCH-025,2026-06-06 00:00:00,0,1,HYDRAULIC,medium
MCH-025,2026-06-07 00:00:00,0,1,HYDRAULIC,medium
MCH-025,2026-06-08 00:00:00,0,1,ELECTRICAL,medium
MCH-025,2026-06-09 00:00:00,0,1,HYDRAULIC,high
MCH-025,2026-06-10 00:00:00,0,1,MOTOR,critical
MCH-025,2026-06-11 00:00:00,1,1,SENSOR,medium
MCH-025,2026-06-12 00:00:00,1,1,HYDRAULIC,critical
MCH-025,2026-06-13 00:00:00,0,0,,
MCH-025,2026-06-14 00:00:00,0,0,,
MCH-025,2026-06-15 00:00:00,0,0,,
MCH-025,2026-06-16 00:00:00,0,0,,
MCH-025,2026-06-17 00:00:00,0,0,,
MCH-025,2026-06-18 00:00:00,0,0,,
MCH-025,2026-06-19 00:00:00,0,0,,
MCH-025,2026-06-20 00:00:00,0,0,,
MCH-025,2026-06-21 00:00:00,0,0,,
MCH-025,2026-06-22 00:00:00,0,0,,
MCH-025,2026-06-23 00:00:00,0,0,,
MCH-025,2026-06-24 00:00:00,0,0,,
MCH-025,2026-06-25 00:00:00,0,0,,
MCH-025,2026-06-26 00:00:00,0,0,,
MCH-025,2026-06-27 00:00:00,0,0,,
MCH-025,2026-06-28 00:00:00,0,0,,
MCH-025,2026-06-29 00:00:00,0,0,,
MCH-025,2026-06-30 00:00:00,0,0,,
MCH-025,2026-07-01 00:00:00,0,0,,
MCH-025,2026-07-02 00:00:00,0,0,,
MCH-025,2026-07-03 00:00:00,0,0,,
MCH-025,2026-07-04 00:00:00,0,0,,
MCH-025,2026-07-05 00:00:00,0,0,,
MCH-025,2026-07-06 00:00:00,0,0,,
MCH-025,2026-07-07 00:00:00,0,0,,
MCH-025,2026-07-08 00:00:00,0,0,,
MCH-025,2026-07-09 00:00:00,0,0,,
MCH-025,2026-07-10 00:00:00,0,0,,
MCH-025,2026-07-11 00:00:00,0,0,,
MCH-025,2026-07-12 00:00:00,0,0,,
MCH-025,2026-07-13 00:00:00,0,0,,
MCH-025,2026-07-14 00:00:00,0,0,,
MCH-025,2026-07-15 00:00:00,0,0,,
MCH-025,2026-07-16 00:00:00,0,0,,
MCH-025,2026-07-17 00:00:00,0,0,,
MCH-025,2026-07-18 00:00:00,0,0,,
MCH-025,2026-07-19 00:00:00,0,0,,
MCH-025,2026-07-20 00:00:00,0,0,,
MCH-025,2026-07-21 00:00:00,0,0,,
MCH-025,2026-07-22 00:00:00,0,0,,
MCH-025,2026-07-23 00:00:00,0,0,,
MCH-025,2026-07-24 00:00:00,0,0,,
MCH-025,2026-07-25 00:00:00,0,0,,
MCH-025,2026-07-26 00:00:00,0,0,,
MCH-025,2026-07-27 00:00:00,0,0,,
MCH-025,2026-07-28 00:00:00,0,0,,
MCH-025,2026-07-29 00:00:00,0,0,,
MCH-025,2026-07-30 00:00:00,0,0,,
MCH-025,2026-07-31 00:00:00,0,0,,
MCH-026,2025-08-01 00:00:00,0,0,,
MCH-026,2025-08-02 00:00:00,0,0,,
MCH-026,2025-08-03 00:00:00,0,0,,
MCH-026,2025-08-04 00:00:00,0,0,,
MCH-026,2025-08-05 00:00:00,0,0,,
MCH-026,2025-08-06 00:00:00,0,0,,
MCH-026,2025-08-07 00:00:00,0,0,,
MCH-026,2025-08-08 00:00:00,0,0,,
MCH-026,2025-08-09 00:00:00,0,0,,
MCH-026,2025-08-10 00:00:00,0,0,,
MCH-026,2025-08-11 00:00:00,0,0,,
MCH-026,2025-08-12 00:00:00,0,0,,
MCH-026,2025-08-13 00:00:00,0,0,,
MCH-026,2025-08-14 00:00:00,0,0,,
MCH-026,2025-08-15 00:00:00,0,0,,
MCH-026,2025-08-16 00:00:00,0,0,,
MCH-026,2025-08-17 00:00:00,0,0,,
MCH-026,2025-08-18 00:00:00,0,0,,
MCH-026,2025-08-19 00:00:00,0,0,,
MCH-026,2025-08-20 00:00:00,0,0,,
MCH-026,2025-08-21 00:00:00,0,0,,
MCH-026,2025-08-22 00:00:00,0,0,,
MCH-026,2025-08-23 00:00:00,0,0,,
MCH-026,2025-08-24 00:00:00,0,0,,
MCH-026,2025-08-25 00:00:00,0,0,,
MCH-026,2025-08-26 00:00:00,0,0,,
MCH-026,2025-08-27 00:00:00,0,0,,
MCH-026,2025-08-28 00:00:00,0,0,,
MCH-026,2025-08-29 00:00:00,0,0,,
MCH-026,2025-08-30 00:00:00,0,0,,
MCH-026,2025-08-31 00:00:00,0,0,,
MCH-026,2025-09-01 00:00:00,0,0,,
MCH-026,2025-09-02 00:00:00,0,0,,
MCH-026,2025-09-03 00:00:00,0,0,,
MCH-026,2025-09-04 00:00:00,0,0,,
MCH-026,2025-09-05 00:00:00,0,0,,
MCH-026,2025-09-06 00:00:00,0,0,,
MCH-026,2025-09-07 00:00:00,0,0,,
MCH-026,2025-09-08 00:00:00,0,0,,
MCH-026,2025-09-09 00:00:00,0,0,,
MCH-026,2025-09-10 00:00:00,0,0,,
MCH-026,2025-09-11 00:00:00,0,0,,
MCH-026,2025-09-12 00:00:00,0,0,,
MCH-026,2025-09-13 00:00:00,0,0,,
MCH-026,2025-09-14 00:00:00,0,0,,
MCH-026,2025-09-15 00:00:00,0,1,BEARING,high
MCH-026,2025-09-16 00:00:00,0,1,TOOLING,medium
MCH-026,2025-09-17 00:00:00,0,1,MOTOR,high
MCH-026,2025-09-18 00:00:00,0,1,BEARING,high
MCH-026,2025-09-19 00:00:00,0,1,ELECTRICAL,medium
MCH-026,2025-09-20 00:00:00,0,1,SENSOR,medium
MCH-026,2025-09-21 00:00:00,1,1,SENSOR,medium
MCH-026,2025-09-22 00:00:00,1,1,HYDRAULIC,high
MCH-026,2025-09-23 00:00:00,0,0,,
MCH-026,2025-09-24 00:00:00,0,0,,
MCH-026,2025-09-25 00:00:00,0,0,,
MCH-026,2025-09-26 00:00:00,0,0,,
MCH-026,2025-09-27 00:00:00,0,0,,
MCH-026,2025-09-28 00:00:00,0,0,,
MCH-026,2025-09-29 00:00:00,0,0,,
MCH-026,2025-09-30 00:00:00,0,0,,
MCH-026,2025-10-01 00:00:00,0,0,,
MCH-026,2025-10-02 00:00:00,0,0,,
MCH-026,2025-10-03 00:00:00,0,0,,
MCH-026,2025-10-04 00:00:00,0,0,,
MCH-026,2025-10-05 00:00:00,0,0,,
MCH-026,2025-10-06 00:00:00,0,0,,
MCH-026,2025-10-07 00:00:00,0,0,,
MCH-026,2025-10-08 00:00:00,0,0,,
MCH-026,2025-10-09 00:00:00,0,0,,
MCH-026,2025-10-10 00:00:00,0,0,,
MCH-026,2025-10-11 00:00:00,0,0,,
MCH-026,2025-10-12 00:00:00,0,0,,
MCH-026,2025-10-13 00:00:00,0,0,,
MCH-026,2025-10-14 00:00:00,0,0,,
MCH-026,2025-10-15 00:00:00,0,0,,
MCH-026,2025-10-16 00:00:00,0,0,,
MCH-026,2025-10-17 00:00:00,0,0,,
MCH-026,2025-10-18 00:00:00,0,0,,
MCH-026,2025-10-19 00:00:00,0,0,,
MCH-026,2025-10-20 00:00:00,0,0,,
MCH-026,2025-10-21 00:00:00,0,0,,
MCH-026,2025-10-22 00:00:00,0,0,,
MCH-026,2025-10-23 00:00:00,0,0,,
MCH-026,2025-10-24 00:00:00,0,0,,
MCH-026,2025-10-25 00:00:00,0,0,,
MCH-026,2025-10-26 00:00:00,0,0,,
MCH-026,2025-10-27 00:00:00,0,0,,
MCH-026,2025-10-28 00:00:00,0,0,,
MCH-026,2025-10-29 00:00:00,0,0,,
MCH-026,2025-10-30 00:00:00,0,0,,
MCH-026,2025-10-31 00:00:00,0,0,,
MCH-026,2025-11-01 00:00:00,0,0,,
MCH-026,2025-11-02 00:00:00,0,0,,
MCH-026,2025-11-03 00:00:00,0,0,,
MCH-026,2025-11-04 00:00:00,0,0,,
MCH-026,2025-11-05 00:00:00,0,0,,
MCH-026,2025-11-06 00:00:00,0,0,,
MCH-026,2025-11-07 00:00:00,0,0,,
MCH-026,2025-11-08 00:00:00,0,0,,
MCH-026,2025-11-09 00:00:00,0,0,,
MCH-026,2025-11-10 00:00:00,0,0,,
MCH-026,2025-11-11 00:00:00,0,0,,
MCH-026,2025-11-12 00:00:00,0,0,,
MCH-026,2025-11-13 00:00:00,0,0,,
MCH-026,2025-11-14 00:00:00,0,0,,
MCH-026,2025-11-15 00:00:00,0,0,,
MCH-026,2025-11-16 00:00:00,0,0,,
MCH-026,2025-11-17 00:00:00,0,0,,
MCH-026,2025-11-18 00:00:00,0,0,,
MCH-026,2025-11-19 00:00:00,0,0,,
MCH-026,2025-11-20 00:00:00,0,0,,
MCH-026,2025-11-21 00:00:00,0,0,,
MCH-026,2025-11-22 00:00:00,0,0,,
MCH-026,2025-11-23 00:00:00,0,0,,
MCH-026,2025-11-24 00:00:00,0,0,,
MCH-026,2025-11-25 00:00:00,0,0,,
MCH-026,2025-11-26 00:00:00,0,0,,
MCH-026,2025-11-27 00:00:00,0,0,,
MCH-026,2025-11-28 00:00:00,0,0,,
MCH-026,2025-11-29 00:00:00,0,0,,
MCH-026,2025-11-30 00:00:00,0,0,,
MCH-026,2025-12-01 00:00:00,0,0,,
MCH-026,2025-12-02 00:00:00,0,0,,
MCH-026,2025-12-03 00:00:00,0,0,,
MCH-026,2025-12-04 00:00:00,0,0,,
MCH-026,2025-12-05 00:00:00,0,0,,
MCH-026,2025-12-06 00:00:00,0,0,,
MCH-026,2025-12-07 00:00:00,0,0,,
MCH-026,2025-12-08 00:00:00,0,0,,
MCH-026,2025-12-09 00:00:00,0,0,,
MCH-026,2025-12-10 00:00:00,0,0,,
MCH-026,2025-12-11 00:00:00,0,0,,
MCH-026,2025-12-12 00:00:00,0,0,,
MCH-026,2025-12-13 00:00:00,0,0,,
MCH-026,2025-12-14 00:00:00,0,0,,
MCH-026,2025-12-15 00:00:00,0,0,,
MCH-026,2025-12-16 00:00:00,0,0,,
MCH-026,2025-12-17 00:00:00,0,0,,
MCH-026,2025-12-18 00:00:00,0,0,,
MCH-026,2025-12-19 00:00:00,0,0,,
MCH-026,2025-12-20 00:00:00,0,0,,
MCH-026,2025-12-21 00:00:00,0,0,,
MCH-026,2025-12-22 00:00:00,0,0,,
MCH-026,2025-12-23 00:00:00,0,0,,
MCH-026,2025-12-24 00:00:00,0,0,,
MCH-026,2025-12-25 00:00:00,0,0,,
MCH-026,2025-12-26 00:00:00,0,0,,
MCH-026,2025-12-27 00:00:00,0,0,,
MCH-026,2025-12-28 00:00:00,0,0,,
MCH-026,2025-12-29 00:00:00,0,0,,
MCH-026,2025-12-30 00:00:00,0,0,,
MCH-026,2025-12-31 00:00:00,0,0,,
MCH-026,2026-01-01 00:00:00,0,0,,
MCH-026,2026-01-02 00:00:00,0,0,,
MCH-026,2026-01-03 00:00:00,0,0,,
MCH-026,2026-01-04 00:00:00,0,0,,
MCH-026,2026-01-05 00:00:00,0,0,,
MCH-026,2026-01-06 00:00:00,0,0,,
MCH-026,2026-01-07 00:00:00,0,0,,
MCH-026,2026-01-08 00:00:00,0,0,,
MCH-026,2026-01-09 00:00:00,0,0,,
MCH-026,2026-01-10 00:00:00,0,0,,
MCH-026,2026-01-11 00:00:00,0,0,,
MCH-026,2026-01-12 00:00:00,0,0,,
MCH-026,2026-01-13 00:00:00,0,0,,
MCH-026,2026-01-14 00:00:00,0,0,,
MCH-026,2026-01-15 00:00:00,0,0,,
MCH-026,2026-01-16 00:00:00,0,0,,
MCH-026,2026-01-17 00:00:00,0,0,,
MCH-026,2026-01-18 00:00:00,0,0,,
MCH-026,2026-01-19 00:00:00,0,0,,
MCH-026,2026-01-20 00:00:00,0,0,,
MCH-026,2026-01-21 00:00:00,0,0,,
MCH-026,2026-01-22 00:00:00,0,0,,
MCH-026,2026-01-23 00:00:00,0,0,,
MCH-026,2026-01-24 00:00:00,0,0,,
MCH-026,2026-01-25 00:00:00,0,0,,
MCH-026,2026-01-26 00:00:00,0,0,,
MCH-026,2026-01-27 00:00:00,0,0,,
MCH-026,2026-01-28 00:00:00,0,0,,
MCH-026,2026-01-29 00:00:00,0,0,,
MCH-026,2026-01-30 00:00:00,0,0,,
MCH-026,2026-01-31 00:00:00,0,0,,
MCH-026,2026-02-01 00:00:00,0,0,,
MCH-026,2026-02-02 00:00:00,0,0,,
MCH-026,2026-02-03 00:00:00,0,0,,
MCH-026,2026-02-04 00:00:00,0,0,,
MCH-026,2026-02-05 00:00:00,0,0,,
MCH-026,2026-02-06 00:00:00,0,0,,
MCH-026,2026-02-07 00:00:00,0,0,,
MCH-026,2026-02-08 00:00:00,0,0,,
MCH-026,2026-02-09 00:00:00,0,0,,
MCH-026,2026-02-10 00:00:00,0,0,,
MCH-026,2026-02-11 00:00:00,0,0,,
MCH-026,2026-02-12 00:00:00,0,0,,
MCH-026,2026-02-13 00:00:00,0,0,,
MCH-026,2026-02-14 00:00:00,0,0,,
MCH-026,2026-02-15 00:00:00,0,0,,
MCH-026,2026-02-16 00:00:00,0,0,,
MCH-026,2026-02-17 00:00:00,0,0,,
MCH-026,2026-02-18 00:00:00,0,0,,
MCH-026,2026-02-19 00:00:00,0,0,,
MCH-026,2026-02-20 00:00:00,0,0,,
MCH-026,2026-02-21 00:00:00,0,0,,
MCH-026,2026-02-22 00:00:00,0,0,,
MCH-026,2026-02-23 00:00:00,0,0,,
MCH-026,2026-02-24 00:00:00,0,0,,
MCH-026,2026-02-25 00:00:00,0,0,,
MCH-026,2026-02-26 00:00:00,0,0,,
MCH-026,2026-02-27 00:00:00,0,0,,
MCH-026,2026-02-28 00:00:00,0,0,,
MCH-026,2026-03-01 00:00:00,0,0,,
MCH-026,2026-03-02 00:00:00,0,0,,
MCH-026,2026-03-03 00:00:00,0,0,,
MCH-026,2026-03-04 00:00:00,0,0,,
MCH-026,2026-03-05 00:00:00,0,0,,
MCH-026,2026-03-06 00:00:00,0,0,,
MCH-026,2026-03-07 00:00:00,0,0,,
MCH-026,2026-03-08 00:00:00,0,0,,
MCH-026,2026-03-09 00:00:00,0,0,,
MCH-026,2026-03-10 00:00:00,0,0,,
MCH-026,2026-03-11 00:00:00,0,0,,
MCH-026,2026-03-12 00:00:00,0,0,,
MCH-026,2026-03-13 00:00:00,0,0,,
MCH-026,2026-03-14 00:00:00,0,0,,
MCH-026,2026-03-15 00:00:00,0,0,,
MCH-026,2026-03-16 00:00:00,0,0,,
MCH-026,2026-03-17 00:00:00,0,0,,
MCH-026,2026-03-18 00:00:00,0,0,,
MCH-026,2026-03-19 00:00:00,0,0,,
MCH-026,2026-03-20 00:00:00,0,0,,
MCH-026,2026-03-21 00:00:00,0,0,,
MCH-026,2026-03-22 00:00:00,0,0,,
MCH-026,2026-03-23 00:00:00,0,0,,
MCH-026,2026-03-24 00:00:00,0,0,,
MCH-026,2026-03-25 00:00:00,0,0,,
MCH-026,2026-03-26 00:00:00,0,1,TOOLING,medium
MCH-026,2026-03-27 00:00:00,0,1,TOOLING,high
MCH-026,2026-03-28 00:00:00,0,1,HYDRAULIC,high
MCH-026,2026-03-29 00:00:00,0,1,ELECTRICAL,medium
MCH-026,2026-03-30 00:00:00,0,1,HYDRAULIC,medium
MCH-026,2026-03-31 00:00:00,0,1,BEARING,medium
MCH-026,2026-04-01 00:00:00,1,1,TOOLING,critical
MCH-026,2026-04-02 00:00:00,1,1,MOTOR,high
MCH-026,2026-04-03 00:00:00,0,0,,
MCH-026,2026-04-04 00:00:00,0,0,,
MCH-026,2026-04-05 00:00:00,0,0,,
MCH-026,2026-04-06 00:00:00,0,0,,
MCH-026,2026-04-07 00:00:00,0,0,,
MCH-026,2026-04-08 00:00:00,0,0,,
MCH-026,2026-04-09 00:00:00,0,0,,
MCH-026,2026-04-10 00:00:00,0,0,,
MCH-026,2026-04-11 00:00:00,0,0,,
MCH-026,2026-04-12 00:00:00,0,0,,
MCH-026,2026-04-13 00:00:00,0,0,,
MCH-026,2026-04-14 00:00:00,0,0,,
MCH-026,2026-04-15 00:00:00,0,0,,
MCH-026,2026-04-16 00:00:00,0,0,,
MCH-026,2026-04-17 00:00:00,0,0,,
MCH-026,2026-04-18 00:00:00,0,0,,
MCH-026,2026-04-19 00:00:00,0,0,,
MCH-026,2026-04-20 00:00:00,0,0,,
MCH-026,2026-04-21 00:00:00,0,0,,
MCH-026,2026-04-22 00:00:00,0,0,,
MCH-026,2026-04-23 00:00:00,0,0,,
MCH-026,2026-04-24 00:00:00,0,0,,
MCH-026,2026-04-25 00:00:00,0,0,,
MCH-026,2026-04-26 00:00:00,0,0,,
MCH-026,2026-04-27 00:00:00,0,0,,
MCH-026,2026-04-28 00:00:00,0,0,,
MCH-026,2026-04-29 00:00:00,0,0,,
MCH-026,2026-04-30 00:00:00,0,0,,
MCH-026,2026-05-01 00:00:00,0,0,,
MCH-026,2026-05-02 00:00:00,0,0,,
MCH-026,2026-05-03 00:00:00,0,0,,
MCH-026,2026-05-04 00:00:00,0,0,,
MCH-026,2026-05-05 00:00:00,0,0,,
MCH-026,2026-05-06 00:00:00,0,0,,
MCH-026,2026-05-07 00:00:00,0,0,,
MCH-026,2026-05-08 00:00:00,0,0,,
MCH-026,2026-05-09 00:00:00,0,0,,
MCH-026,2026-05-10 00:00:00,0,0,,
MCH-026,2026-05-11 00:00:00,0,0,,
MCH-026,2026-05-12 00:00:00,0,0,,
MCH-026,2026-05-13 00:00:00,0,0,,
MCH-026,2026-05-14 00:00:00,0,0,,
MCH-026,2026-05-15 00:00:00,0,0,,
MCH-026,2026-05-16 00:00:00,0,0,,
MCH-026,2026-05-17 00:00:00,0,0,,
MCH-026,2026-05-18 00:00:00,0,0,,
MCH-026,2026-05-19 00:00:00,0,0,,
MCH-026,2026-05-20 00:00:00,0,0,,
MCH-026,2026-05-21 00:00:00,0,0,,
MCH-026,2026-05-22 00:00:00,0,0,,
MCH-026,2026-05-23 00:00:00,0,0,,
MCH-026,2026-05-24 00:00:00,0,0,,
MCH-026,2026-05-25 00:00:00,0,0,,
MCH-026,2026-05-26 00:00:00,0,0,,
MCH-026,2026-05-27 00:00:00,0,0,,
MCH-026,2026-05-28 00:00:00,0,0,,
MCH-026,2026-05-29 00:00:00,0,0,,
MCH-026,2026-05-30 00:00:00,0,0,,
MCH-026,2026-05-31 00:00:00,0,0,,
MCH-026,2026-06-01 00:00:00,0,0,,
MCH-026,2026-06-02 00:00:00,0,0,,
MCH-026,2026-06-03 00:00:00,0,0,,
MCH-026,2026-06-04 00:00:00,0,0,,
MCH-026,2026-06-05 00:00:00,0,0,,
MCH-026,2026-06-06 00:00:00,0,0,,
MCH-026,2026-06-07 00:00:00,0,0,,
MCH-026,2026-06-08 00:00:00,0,0,,
MCH-026,2026-06-09 00:00:00,0,0,,
MCH-026,2026-06-10 00:00:00,0,0,,
MCH-026,2026-06-11 00:00:00,0,0,,
MCH-026,2026-06-12 00:00:00,0,0,,
MCH-026,2026-06-13 00:00:00,0,0,,
MCH-026,2026-06-14 00:00:00,0,0,,
MCH-026,2026-06-15 00:00:00,0,0,,
MCH-026,2026-06-16 00:00:00,0,0,,
MCH-026,2026-06-17 00:00:00,0,0,,
MCH-026,2026-06-18 00:00:00,0,0,,
MCH-026,2026-06-19 00:00:00,0,0,,
MCH-026,2026-06-20 00:00:00,0,0,,
MCH-026,2026-06-21 00:00:00,0,0,,
MCH-026,2026-06-22 00:00:00,0,0,,
MCH-026,2026-06-23 00:00:00,0,0,,
MCH-026,2026-06-24 00:00:00,0,0,,
MCH-026,2026-06-25 00:00:00,0,0,,
MCH-026,2026-06-26 00:00:00,0,0,,
MCH-026,2026-06-27 00:00:00,0,0,,
MCH-026,2026-06-28 00:00:00,0,0,,
MCH-026,2026-06-29 00:00:00,0,0,,
MCH-026,2026-06-30 00:00:00,0,0,,
MCH-026,2026-07-01 00:00:00,0,0,,
MCH-026,2026-07-02 00:00:00,0,0,,
MCH-026,2026-07-03 00:00:00,0,0,,
MCH-026,2026-07-04 00:00:00,0,0,,
MCH-026,2026-07-05 00:00:00,0,0,,
MCH-026,2026-07-06 00:00:00,0,0,,
MCH-026,2026-07-07 00:00:00,0,0,,
MCH-026,2026-07-08 00:00:00,0,0,,
MCH-026,2026-07-09 00:00:00,0,0,,
MCH-026,2026-07-10 00:00:00,0,0,,
MCH-026,2026-07-11 00:00:00,0,0,,
MCH-026,2026-07-12 00:00:00,0,0,,
MCH-026,2026-07-13 00:00:00,0,0,,
MCH-026,2026-07-14 00:00:00,0,0,,
MCH-026,2026-07-15 00:00:00,0,0,,
MCH-026,2026-07-16 00:00:00,0,0,,
MCH-026,2026-07-17 00:00:00,0,0,,
MCH-026,2026-07-18 00:00:00,0,0,,
MCH-026,2026-07-19 00:00:00,0,0,,
MCH-026,2026-07-20 00:00:00,0,0,,
MCH-026,2026-07-21 00:00:00,0,0,,
MCH-026,2026-07-22 00:00:00,0,0,,
MCH-026,2026-07-23 00:00:00,0,0,,
MCH-026,2026-07-24 00:00:00,0,0,,
MCH-026,2026-07-25 00:00:00,0,0,,
MCH-026,2026-07-26 00:00:00,0,0,,
MCH-026,2026-07-27 00:00:00,0,0,,
MCH-026,2026-07-28 00:00:00,0,0,,
MCH-026,2026-07-29 00:00:00,0,0,,
MCH-026,2026-07-30 00:00:00,0,0,,
MCH-026,2026-07-31 00:00:00,0,0,,
MCH-027,2025-08-01 00:00:00,0,0,,
MCH-027,2025-08-02 00:00:00,0,0,,
MCH-027,2025-08-03 00:00:00,0,0,,
MCH-027,2025-08-04 00:00:00,0,0,,
MCH-027,2025-08-05 00:00:00,0,0,,
MCH-027,2025-08-06 00:00:00,0,0,,
MCH-027,2025-08-07 00:00:00,0,0,,
MCH-027,2025-08-08 00:00:00,0,0,,
MCH-027,2025-08-09 00:00:00,0,0,,
MCH-027,2025-08-10 00:00:00,0,0,,
MCH-027,2025-08-11 00:00:00,0,0,,
MCH-027,2025-08-12 00:00:00,0,0,,
MCH-027,2025-08-13 00:00:00,0,0,,
MCH-027,2025-08-14 00:00:00,0,0,,
MCH-027,2025-08-15 00:00:00,0,0,,
MCH-027,2025-08-16 00:00:00,0,0,,
MCH-027,2025-08-17 00:00:00,0,0,,
MCH-027,2025-08-18 00:00:00,0,0,,
MCH-027,2025-08-19 00:00:00,0,0,,
MCH-027,2025-08-20 00:00:00,0,0,,
MCH-027,2025-08-21 00:00:00,0,0,,
MCH-027,2025-08-22 00:00:00,0,0,,
MCH-027,2025-08-23 00:00:00,0,0,,
MCH-027,2025-08-24 00:00:00,0,0,,
MCH-027,2025-08-25 00:00:00,0,0,,
MCH-027,2025-08-26 00:00:00,0,0,,
MCH-027,2025-08-27 00:00:00,0,0,,
MCH-027,2025-08-28 00:00:00,0,0,,
MCH-027,2025-08-29 00:00:00,0,0,,
MCH-027,2025-08-30 00:00:00,0,0,,
MCH-027,2025-08-31 00:00:00,0,0,,
MCH-027,2025-09-01 00:00:00,0,0,,
MCH-027,2025-09-02 00:00:00,0,0,,
MCH-027,2025-09-03 00:00:00,0,0,,
MCH-027,2025-09-04 00:00:00,0,0,,
MCH-027,2025-09-05 00:00:00,0,0,,
MCH-027,2025-09-06 00:00:00,0,0,,
MCH-027,2025-09-07 00:00:00,0,0,,
MCH-027,2025-09-08 00:00:00,0,0,,
MCH-027,2025-09-09 00:00:00,0,0,,
MCH-027,2025-09-10 00:00:00,0,0,,
MCH-027,2025-09-11 00:00:00,0,0,,
MCH-027,2025-09-12 00:00:00,0,0,,
MCH-027,2025-09-13 00:00:00,0,0,,
MCH-027,2025-09-14 00:00:00,0,0,,
MCH-027,2025-09-15 00:00:00,0,0,,
MCH-027,2025-09-16 00:00:00,0,0,,
MCH-027,2025-09-17 00:00:00,0,0,,
MCH-027,2025-09-18 00:00:00,0,0,,
MCH-027,2025-09-19 00:00:00,0,0,,
MCH-027,2025-09-20 00:00:00,0,0,,
MCH-027,2025-09-21 00:00:00,0,0,,
MCH-027,2025-09-22 00:00:00,0,0,,
MCH-027,2025-09-23 00:00:00,0,0,,
MCH-027,2025-09-24 00:00:00,0,0,,
MCH-027,2025-09-25 00:00:00,0,0,,
MCH-027,2025-09-26 00:00:00,0,0,,
MCH-027,2025-09-27 00:00:00,0,0,,
MCH-027,2025-09-28 00:00:00,0,0,,
MCH-027,2025-09-29 00:00:00,0,0,,
MCH-027,2025-09-30 00:00:00,0,0,,
MCH-027,2025-10-01 00:00:00,0,0,,
MCH-027,2025-10-02 00:00:00,0,0,,
MCH-027,2025-10-03 00:00:00,0,0,,
MCH-027,2025-10-04 00:00:00,0,0,,
MCH-027,2025-10-05 00:00:00,0,0,,
MCH-027,2025-10-06 00:00:00,0,0,,
MCH-027,2025-10-07 00:00:00,0,0,,
MCH-027,2025-10-08 00:00:00,0,0,,
MCH-027,2025-10-09 00:00:00,0,0,,
MCH-027,2025-10-10 00:00:00,0,0,,
MCH-027,2025-10-11 00:00:00,0,0,,
MCH-027,2025-10-12 00:00:00,0,0,,
MCH-027,2025-10-13 00:00:00,0,0,,
MCH-027,2025-10-14 00:00:00,0,0,,
MCH-027,2025-10-15 00:00:00,0,0,,
MCH-027,2025-10-16 00:00:00,0,0,,
MCH-027,2025-10-17 00:00:00,0,0,,
MCH-027,2025-10-18 00:00:00,0,0,,
MCH-027,2025-10-19 00:00:00,0,0,,
MCH-027,2025-10-20 00:00:00,0,0,,
MCH-027,2025-10-21 00:00:00,0,0,,
MCH-027,2025-10-22 00:00:00,0,0,,
MCH-027,2025-10-23 00:00:00,0,0,,
MCH-027,2025-10-24 00:00:00,0,0,,
MCH-027,2025-10-25 00:00:00,0,0,,
MCH-027,2025-10-26 00:00:00,0,0,,
MCH-027,2025-10-27 00:00:00,0,0,,
MCH-027,2025-10-28 00:00:00,0,0,,
MCH-027,2025-10-29 00:00:00,0,0,,
MCH-027,2025-10-30 00:00:00,0,0,,
MCH-027,2025-10-31 00:00:00,0,0,,
MCH-027,2025-11-01 00:00:00,0,0,,
MCH-027,2025-11-02 00:00:00,0,0,,
MCH-027,2025-11-03 00:00:00,0,0,,
MCH-027,2025-11-04 00:00:00,0,0,,
MCH-027,2025-11-05 00:00:00,0,0,,
MCH-027,2025-11-06 00:00:00,0,0,,
MCH-027,2025-11-07 00:00:00,0,0,,
MCH-027,2025-11-08 00:00:00,0,0,,
MCH-027,2025-11-09 00:00:00,0,0,,
MCH-027,2025-11-10 00:00:00,0,0,,
MCH-027,2025-11-11 00:00:00,0,0,,
MCH-027,2025-11-12 00:00:00,0,0,,
MCH-027,2025-11-13 00:00:00,0,0,,
MCH-027,2025-11-14 00:00:00,0,0,,
MCH-027,2025-11-15 00:00:00,0,0,,
MCH-027,2025-11-16 00:00:00,0,0,,
MCH-027,2025-11-17 00:00:00,0,0,,
MCH-027,2025-11-18 00:00:00,0,0,,
MCH-027,2025-11-19 00:00:00,0,0,,
MCH-027,2025-11-20 00:00:00,0,0,,
MCH-027,2025-11-21 00:00:00,0,0,,
MCH-027,2025-11-22 00:00:00,0,0,,
MCH-027,2025-11-23 00:00:00,0,0,,
MCH-027,2025-11-24 00:00:00,0,0,,
MCH-027,2025-11-25 00:00:00,0,0,,
MCH-027,2025-11-26 00:00:00,0,0,,
MCH-027,2025-11-27 00:00:00,0,0,,
MCH-027,2025-11-28 00:00:00,0,0,,
MCH-027,2025-11-29 00:00:00,0,0,,
MCH-027,2025-11-30 00:00:00,0,0,,
MCH-027,2025-12-01 00:00:00,0,0,,
MCH-027,2025-12-02 00:00:00,0,0,,
MCH-027,2025-12-03 00:00:00,0,0,,
MCH-027,2025-12-04 00:00:00,0,0,,
MCH-027,2025-12-05 00:00:00,0,0,,
MCH-027,2025-12-06 00:00:00,0,0,,
MCH-027,2025-12-07 00:00:00,0,0,,
MCH-027,2025-12-08 00:00:00,0,0,,
MCH-027,2025-12-09 00:00:00,0,0,,
MCH-027,2025-12-10 00:00:00,0,0,,
MCH-027,2025-12-11 00:00:00,0,0,,
MCH-027,2025-12-12 00:00:00,0,0,,
MCH-027,2025-12-13 00:00:00,0,0,,
MCH-027,2025-12-14 00:00:00,0,1,HYDRAULIC,medium
MCH-027,2025-12-15 00:00:00,0,1,BEARING,medium
MCH-027,2025-12-16 00:00:00,0,1,HYDRAULIC,medium
MCH-027,2025-12-17 00:00:00,0,1,ELECTRICAL,medium
MCH-027,2025-12-18 00:00:00,0,1,HYDRAULIC,medium
MCH-027,2025-12-19 00:00:00,0,1,HYDRAULIC,medium
MCH-027,2025-12-20 00:00:00,1,1,MOTOR,medium
MCH-027,2025-12-21 00:00:00,1,1,ELECTRICAL,high
MCH-027,2025-12-22 00:00:00,0,0,,
MCH-027,2025-12-23 00:00:00,0,0,,
MCH-027,2025-12-24 00:00:00,0,0,,
MCH-027,2025-12-25 00:00:00,0,0,,
MCH-027,2025-12-26 00:00:00,0,0,,
MCH-027,2025-12-27 00:00:00,0,0,,
MCH-027,2025-12-28 00:00:00,0,0,,
MCH-027,2025-12-29 00:00:00,0,0,,
MCH-027,2025-12-30 00:00:00,0,0,,
MCH-027,2025-12-31 00:00:00,0,0,,
MCH-027,2026-01-01 00:00:00,0,0,,
MCH-027,2026-01-02 00:00:00,0,0,,
MCH-027,2026-01-03 00:00:00,0,0,,
MCH-027,2026-01-04 00:00:00,0,0,,
MCH-027,2026-01-05 00:00:00,0,0,,
MCH-027,2026-01-06 00:00:00,0,0,,
MCH-027,2026-01-07 00:00:00,0,0,,
MCH-027,2026-01-08 00:00:00,0,0,,
MCH-027,2026-01-09 00:00:00,0,0,,
MCH-027,2026-01-10 00:00:00,0,0,,
MCH-027,2026-01-11 00:00:00,0,0,,
MCH-027,2026-01-12 00:00:00,0,0,,
MCH-027,2026-01-13 00:00:00,0,0,,
MCH-027,2026-01-14 00:00:00,0,0,,
MCH-027,2026-01-15 00:00:00,0,0,,
MCH-027,2026-01-16 00:00:00,0,0,,
MCH-027,2026-01-17 00:00:00,0,0,,
MCH-027,2026-01-18 00:00:00,0,0,,
MCH-027,2026-01-19 00:00:00,0,0,,
MCH-027,2026-01-20 00:00:00,0,0,,
MCH-027,2026-01-21 00:00:00,0,0,,
MCH-027,2026-01-22 00:00:00,0,0,,
MCH-027,2026-01-23 00:00:00,0,0,,
MCH-027,2026-01-24 00:00:00,0,0,,
MCH-027,2026-01-25 00:00:00,0,0,,
MCH-027,2026-01-26 00:00:00,0,0,,
MCH-027,2026-01-27 00:00:00,0,0,,
MCH-027,2026-01-28 00:00:00,0,0,,
MCH-027,2026-01-29 00:00:00,0,0,,
MCH-027,2026-01-30 00:00:00,0,0,,
MCH-027,2026-01-31 00:00:00,0,0,,
MCH-027,2026-02-01 00:00:00,0,0,,
MCH-027,2026-02-02 00:00:00,0,0,,
MCH-027,2026-02-03 00:00:00,0,0,,
MCH-027,2026-02-04 00:00:00,0,0,,
MCH-027,2026-02-05 00:00:00,0,0,,
MCH-027,2026-02-06 00:00:00,0,0,,
MCH-027,2026-02-07 00:00:00,0,0,,
MCH-027,2026-02-08 00:00:00,0,0,,
MCH-027,2026-02-09 00:00:00,0,0,,
MCH-027,2026-02-10 00:00:00,0,0,,
MCH-027,2026-02-11 00:00:00,0,0,,
MCH-027,2026-02-12 00:00:00,0,0,,
MCH-027,2026-02-13 00:00:00,0,0,,
MCH-027,2026-02-14 00:00:00,0,0,,
MCH-027,2026-02-15 00:00:00,0,0,,
MCH-027,2026-02-16 00:00:00,0,0,,
MCH-027,2026-02-17 00:00:00,0,0,,
MCH-027,2026-02-18 00:00:00,0,0,,
MCH-027,2026-02-19 00:00:00,0,0,,
MCH-027,2026-02-20 00:00:00,0,0,,
MCH-027,2026-02-21 00:00:00,0,0,,
MCH-027,2026-02-22 00:00:00,0,0,,
MCH-027,2026-02-23 00:00:00,0,0,,
MCH-027,2026-02-24 00:00:00,0,0,,
MCH-027,2026-02-25 00:00:00,0,0,,
MCH-027,2026-02-26 00:00:00,0,0,,
MCH-027,2026-02-27 00:00:00,0,0,,
MCH-027,2026-02-28 00:00:00,0,0,,
MCH-027,2026-03-01 00:00:00,0,0,,
MCH-027,2026-03-02 00:00:00,0,0,,
MCH-027,2026-03-03 00:00:00,0,0,,
MCH-027,2026-03-04 00:00:00,0,0,,
MCH-027,2026-03-05 00:00:00,0,0,,
MCH-027,2026-03-06 00:00:00,0,0,,
MCH-027,2026-03-07 00:00:00,0,0,,
MCH-027,2026-03-08 00:00:00,0,0,,
MCH-027,2026-03-09 00:00:00,0,0,,
MCH-027,2026-03-10 00:00:00,0,0,,
MCH-027,2026-03-11 00:00:00,0,0,,
MCH-027,2026-03-12 00:00:00,0,0,,
MCH-027,2026-03-13 00:00:00,0,0,,
MCH-027,2026-03-14 00:00:00,0,0,,
MCH-027,2026-03-15 00:00:00,0,0,,
MCH-027,2026-03-16 00:00:00,0,0,,
MCH-027,2026-03-17 00:00:00,0,0,,
MCH-027,2026-03-18 00:00:00,0,0,,
MCH-027,2026-03-19 00:00:00,0,0,,
MCH-027,2026-03-20 00:00:00,0,0,,
MCH-027,2026-03-21 00:00:00,0,0,,
MCH-027,2026-03-22 00:00:00,0,0,,
MCH-027,2026-03-23 00:00:00,0,0,,
MCH-027,2026-03-24 00:00:00,0,0,,
MCH-027,2026-03-25 00:00:00,0,0,,
MCH-027,2026-03-26 00:00:00,0,0,,
MCH-027,2026-03-27 00:00:00,0,0,,
MCH-027,2026-03-28 00:00:00,0,0,,
MCH-027,2026-03-29 00:00:00,0,0,,
MCH-027,2026-03-30 00:00:00,0,0,,
MCH-027,2026-03-31 00:00:00,0,0,,
MCH-027,2026-04-01 00:00:00,0,0,,
MCH-027,2026-04-02 00:00:00,0,0,,
MCH-027,2026-04-03 00:00:00,0,0,,
MCH-027,2026-04-04 00:00:00,0,0,,
MCH-027,2026-04-05 00:00:00,0,0,,
MCH-027,2026-04-06 00:00:00,0,0,,
MCH-027,2026-04-07 00:00:00,0,0,,
MCH-027,2026-04-08 00:00:00,0,0,,
MCH-027,2026-04-09 00:00:00,0,0,,
MCH-027,2026-04-10 00:00:00,0,0,,
MCH-027,2026-04-11 00:00:00,0,0,,
MCH-027,2026-04-12 00:00:00,0,0,,
MCH-027,2026-04-13 00:00:00,0,0,,
MCH-027,2026-04-14 00:00:00,0,0,,
MCH-027,2026-04-15 00:00:00,0,0,,
MCH-027,2026-04-16 00:00:00,0,0,,
MCH-027,2026-04-17 00:00:00,0,0,,
MCH-027,2026-04-18 00:00:00,0,0,,
MCH-027,2026-04-19 00:00:00,0,0,,
MCH-027,2026-04-20 00:00:00,0,0,,
MCH-027,2026-04-21 00:00:00,0,0,,
MCH-027,2026-04-22 00:00:00,0,0,,
MCH-027,2026-04-23 00:00:00,0,0,,
MCH-027,2026-04-24 00:00:00,0,0,,
MCH-027,2026-04-25 00:00:00,0,0,,
MCH-027,2026-04-26 00:00:00,0,0,,
MCH-027,2026-04-27 00:00:00,0,0,,
MCH-027,2026-04-28 00:00:00,0,0,,
MCH-027,2026-04-29 00:00:00,0,0,,
MCH-027,2026-04-30 00:00:00,0,0,,
MCH-027,2026-05-01 00:00:00,0,0,,
MCH-027,2026-05-02 00:00:00,0,0,,
MCH-027,2026-05-03 00:00:00,0,0,,
MCH-027,2026-05-04 00:00:00,0,0,,
MCH-027,2026-05-05 00:00:00,0,0,,
MCH-027,2026-05-06 00:00:00,0,0,,
MCH-027,2026-05-07 00:00:00,0,0,,
MCH-027,2026-05-08 00:00:00,0,0,,
MCH-027,2026-05-09 00:00:00,0,0,,
MCH-027,2026-05-10 00:00:00,0,0,,
MCH-027,2026-05-11 00:00:00,0,0,,
MCH-027,2026-05-12 00:00:00,0,0,,
MCH-027,2026-05-13 00:00:00,0,0,,
MCH-027,2026-05-14 00:00:00,0,0,,
MCH-027,2026-05-15 00:00:00,0,0,,
MCH-027,2026-05-16 00:00:00,0,0,,
MCH-027,2026-05-17 00:00:00,0,0,,
MCH-027,2026-05-18 00:00:00,0,0,,
MCH-027,2026-05-19 00:00:00,0,0,,
MCH-027,2026-05-20 00:00:00,0,0,,
MCH-027,2026-05-21 00:00:00,0,0,,
MCH-027,2026-05-22 00:00:00,0,0,,
MCH-027,2026-05-23 00:00:00,0,0,,
MCH-027,2026-05-24 00:00:00,0,0,,
MCH-027,2026-05-25 00:00:00,0,0,,
MCH-027,2026-05-26 00:00:00,0,0,,
MCH-027,2026-05-27 00:00:00,0,0,,
MCH-027,2026-05-28 00:00:00,0,0,,
MCH-027,2026-05-29 00:00:00,0,0,,
MCH-027,2026-05-30 00:00:00,0,0,,
MCH-027,2026-05-31 00:00:00,0,0,,
MCH-027,2026-06-01 00:00:00,0,0,,
MCH-027,2026-06-02 00:00:00,0,0,,
MCH-027,2026-06-03 00:00:00,0,0,,
MCH-027,2026-06-04 00:00:00,0,0,,
MCH-027,2026-06-05 00:00:00,0,0,,
MCH-027,2026-06-06 00:00:00,0,0,,
MCH-027,2026-06-07 00:00:00,0,0,,
MCH-027,2026-06-08 00:00:00,0,0,,
MCH-027,2026-06-09 00:00:00,0,0,,
MCH-027,2026-06-10 00:00:00,0,0,,
MCH-027,2026-06-11 00:00:00,0,0,,
MCH-027,2026-06-12 00:00:00,0,0,,
MCH-027,2026-06-13 00:00:00,0,0,,
MCH-027,2026-06-14 00:00:00,0,0,,
MCH-027,2026-06-15 00:00:00,0,0,,
MCH-027,2026-06-16 00:00:00,0,0,,
MCH-027,2026-06-17 00:00:00,0,0,,
MCH-027,2026-06-18 00:00:00,0,0,,
MCH-027,2026-06-19 00:00:00,0,0,,
MCH-027,2026-06-20 00:00:00,0,0,,
MCH-027,2026-06-21 00:00:00,0,0,,
MCH-027,2026-06-22 00:00:00,0,0,,
MCH-027,2026-06-23 00:00:00,0,0,,
MCH-027,2026-06-24 00:00:00,0,0,,
MCH-027,2026-06-25 00:00:00,0,0,,
MCH-027,2026-06-26 00:00:00,0,0,,
MCH-027,2026-06-27 00:00:00,0,0,,
MCH-027,2026-06-28 00:00:00,0,0,,
MCH-027,2026-06-29 00:00:00,0,0,,
MCH-027,2026-06-30 00:00:00,0,0,,
MCH-027,2026-07-01 00:00:00,0,0,,
MCH-027,2026-07-02 00:00:00,0,0,,
MCH-027,2026-07-03 00:00:00,0,0,,
MCH-027,2026-07-04 00:00:00,0,0,,
MCH-027,2026-07-05 00:00:00,0,0,,
MCH-027,2026-07-06 00:00:00,0,0,,
MCH-027,2026-07-07 00:00:00,0,0,,
MCH-027,2026-07-08 00:00:00,0,0,,
MCH-027,2026-07-09 00:00:00,0,0,,
MCH-027,2026-07-10 00:00:00,0,0,,
MCH-027,2026-07-11 00:00:00,0,0,,
MCH-027,2026-07-12 00:00:00,0,0,,
MCH-027,2026-07-13 00:00:00,0,0,,
MCH-027,2026-07-14 00:00:00,0,0,,
MCH-027,2026-07-15 00:00:00,0,0,,
MCH-027,2026-07-16 00:00:00,0,0,,
MCH-027,2026-07-17 00:00:00,0,0,,
MCH-027,2026-07-18 00:00:00,0,0,,
MCH-027,2026-07-19 00:00:00,0,0,,
MCH-027,2026-07-20 00:00:00,0,0,,
MCH-027,2026-07-21 00:00:00,0,0,,
MCH-027,2026-07-22 00:00:00,0,0,,
MCH-027,2026-07-23 00:00:00,0,0,,
MCH-027,2026-07-24 00:00:00,0,0,,
MCH-027,2026-07-25 00:00:00,0,0,,
MCH-027,2026-07-26 00:00:00,0,0,,
MCH-027,2026-07-27 00:00:00,0,0,,
MCH-027,2026-07-28 00:00:00,0,0,,
MCH-027,2026-07-29 00:00:00,0,0,,
MCH-027,2026-07-30 00:00:00,0,0,,
MCH-027,2026-07-31 00:00:00,0,0,,
MCH-028,2025-08-01 00:00:00,0,0,,
MCH-028,2025-08-02 00:00:00,0,0,,
MCH-028,2025-08-03 00:00:00,0,0,,
MCH-028,2025-08-04 00:00:00,0,0,,
MCH-028,2025-08-05 00:00:00,0,0,,
MCH-028,2025-08-06 00:00:00,0,0,,
MCH-028,2025-08-07 00:00:00,0,0,,
MCH-028,2025-08-08 00:00:00,0,0,,
MCH-028,2025-08-09 00:00:00,0,0,,
MCH-028,2025-08-10 00:00:00,0,0,,
MCH-028,2025-08-11 00:00:00,0,0,,
MCH-028,2025-08-12 00:00:00,0,0,,
MCH-028,2025-08-13 00:00:00,0,0,,
MCH-028,2025-08-14 00:00:00,0,0,,
MCH-028,2025-08-15 00:00:00,0,0,,
MCH-028,2025-08-16 00:00:00,0,0,,
MCH-028,2025-08-17 00:00:00,0,0,,
MCH-028,2025-08-18 00:00:00,0,0,,
MCH-028,2025-08-19 00:00:00,0,0,,
MCH-028,2025-08-20 00:00:00,0,0,,
MCH-028,2025-08-21 00:00:00,0,0,,
MCH-028,2025-08-22 00:00:00,0,0,,
MCH-028,2025-08-23 00:00:00,0,0,,
MCH-028,2025-08-24 00:00:00,0,0,,
MCH-028,2025-08-25 00:00:00,0,0,,
MCH-028,2025-08-26 00:00:00,0,0,,
MCH-028,2025-08-27 00:00:00,0,0,,
MCH-028,2025-08-28 00:00:00,0,0,,
MCH-028,2025-08-29 00:00:00,0,0,,
MCH-028,2025-08-30 00:00:00,0,0,,
MCH-028,2025-08-31 00:00:00,0,0,,
MCH-028,2025-09-01 00:00:00,0,0,,
MCH-028,2025-09-02 00:00:00,0,0,,
MCH-028,2025-09-03 00:00:00,0,0,,
MCH-028,2025-09-04 00:00:00,0,0,,
MCH-028,2025-09-05 00:00:00,0,0,,
MCH-028,2025-09-06 00:00:00,0,0,,
MCH-028,2025-09-07 00:00:00,0,0,,
MCH-028,2025-09-08 00:00:00,0,0,,
MCH-028,2025-09-09 00:00:00,0,0,,
MCH-028,2025-09-10 00:00:00,0,0,,
MCH-028,2025-09-11 00:00:00,0,0,,
MCH-028,2025-09-12 00:00:00,0,0,,
MCH-028,2025-09-13 00:00:00,0,0,,
MCH-028,2025-09-14 00:00:00,0,0,,
MCH-028,2025-09-15 00:00:00,0,0,,
MCH-028,2025-09-16 00:00:00,0,0,,
MCH-028,2025-09-17 00:00:00,0,0,,
MCH-028,2025-09-18 00:00:00,0,0,,
MCH-028,2025-09-19 00:00:00,0,0,,
MCH-028,2025-09-20 00:00:00,0,0,,
MCH-028,2025-09-21 00:00:00,0,0,,
MCH-028,2025-09-22 00:00:00,0,0,,
MCH-028,2025-09-23 00:00:00,0,0,,
MCH-028,2025-09-24 00:00:00,0,0,,
MCH-028,2025-09-25 00:00:00,0,0,,
MCH-028,2025-09-26 00:00:00,0,0,,
MCH-028,2025-09-27 00:00:00,0,0,,
MCH-028,2025-09-28 00:00:00,0,0,,
MCH-028,2025-09-29 00:00:00,0,0,,
MCH-028,2025-09-30 00:00:00,0,0,,
MCH-028,2025-10-01 00:00:00,0,0,,
MCH-028,2025-10-02 00:00:00,0,0,,
MCH-028,2025-10-03 00:00:00,0,0,,
MCH-028,2025-10-04 00:00:00,0,0,,
MCH-028,2025-10-05 00:00:00,0,0,,
MCH-028,2025-10-06 00:00:00,0,0,,
MCH-028,2025-10-07 00:00:00,0,0,,
MCH-028,2025-10-08 00:00:00,0,0,,
MCH-028,2025-10-09 00:00:00,0,0,,
MCH-028,2025-10-10 00:00:00,0,0,,
MCH-028,2025-10-11 00:00:00,0,0,,
MCH-028,2025-10-12 00:00:00,0,0,,
MCH-028,2025-10-13 00:00:00,0,0,,
MCH-028,2025-10-14 00:00:00,0,0,,
MCH-028,2025-10-15 00:00:00,0,0,,
MCH-028,2025-10-16 00:00:00,0,0,,
MCH-028,2025-10-17 00:00:00,0,0,,
MCH-028,2025-10-18 00:00:00,0,0,,
MCH-028,2025-10-19 00:00:00,0,0,,
MCH-028,2025-10-20 00:00:00,0,0,,
MCH-028,2025-10-21 00:00:00,0,0,,
MCH-028,2025-10-22 00:00:00,0,0,,
MCH-028,2025-10-23 00:00:00,0,0,,
MCH-028,2025-10-24 00:00:00,0,0,,
MCH-028,2025-10-25 00:00:00,0,0,,
MCH-028,2025-10-26 00:00:00,0,0,,
MCH-028,2025-10-27 00:00:00,0,0,,
MCH-028,2025-10-28 00:00:00,0,0,,
MCH-028,2025-10-29 00:00:00,0,0,,
MCH-028,2025-10-30 00:00:00,0,0,,
MCH-028,2025-10-31 00:00:00,0,0,,
MCH-028,2025-11-01 00:00:00,0,0,,
MCH-028,2025-11-02 00:00:00,0,0,,
MCH-028,2025-11-03 00:00:00,0,0,,
MCH-028,2025-11-04 00:00:00,0,0,,
MCH-028,2025-11-05 00:00:00,0,0,,
MCH-028,2025-11-06 00:00:00,0,0,,
MCH-028,2025-11-07 00:00:00,0,0,,
MCH-028,2025-11-08 00:00:00,0,0,,
MCH-028,2025-11-09 00:00:00,0,0,,
MCH-028,2025-11-10 00:00:00,0,1,BEARING,medium
MCH-028,2025-11-11 00:00:00,0,1,MOTOR,medium
MCH-028,2025-11-12 00:00:00,0,1,MOTOR,high
MCH-028,2025-11-13 00:00:00,0,1,ELECTRICAL,medium
MCH-028,2025-11-14 00:00:00,0,1,TOOLING,high
MCH-028,2025-11-15 00:00:00,0,1,MOTOR,medium
MCH-028,2025-11-16 00:00:00,1,1,HYDRAULIC,high
MCH-028,2025-11-17 00:00:00,1,1,ELECTRICAL,high
MCH-028,2025-11-18 00:00:00,0,0,,
MCH-028,2025-11-19 00:00:00,0,0,,
MCH-028,2025-11-20 00:00:00,0,0,,
MCH-028,2025-11-21 00:00:00,0,0,,
MCH-028,2025-11-22 00:00:00,0,0,,
MCH-028,2025-11-23 00:00:00,0,0,,
MCH-028,2025-11-24 00:00:00,0,0,,
MCH-028,2025-11-25 00:00:00,0,0,,
MCH-028,2025-11-26 00:00:00,0,0,,
MCH-028,2025-11-27 00:00:00,0,0,,
MCH-028,2025-11-28 00:00:00,0,0,,
MCH-028,2025-11-29 00:00:00,0,0,,
MCH-028,2025-11-30 00:00:00,0,0,,
MCH-028,2025-12-01 00:00:00,0,1,ELECTRICAL,critical
MCH-028,2025-12-02 00:00:00,0,1,TOOLING,medium
MCH-028,2025-12-03 00:00:00,0,1,HYDRAULIC,high
MCH-028,2025-12-04 00:00:00,0,1,HYDRAULIC,high
MCH-028,2025-12-05 00:00:00,0,1,SENSOR,high
MCH-028,2025-12-06 00:00:00,0,1,SENSOR,critical
MCH-028,2025-12-07 00:00:00,1,1,SENSOR,medium
MCH-028,2025-12-08 00:00:00,1,1,HYDRAULIC,medium
MCH-028,2025-12-09 00:00:00,0,0,,
MCH-028,2025-12-10 00:00:00,0,0,,
MCH-028,2025-12-11 00:00:00,0,0,,
MCH-028,2025-12-12 00:00:00,0,0,,
MCH-028,2025-12-13 00:00:00,0,0,,
MCH-028,2025-12-14 00:00:00,0,0,,
MCH-028,2025-12-15 00:00:00,0,0,,
MCH-028,2025-12-16 00:00:00,0,0,,
MCH-028,2025-12-17 00:00:00,0,0,,
MCH-028,2025-12-18 00:00:00,0,0,,
MCH-028,2025-12-19 00:00:00,0,0,,
MCH-028,2025-12-20 00:00:00,0,0,,
MCH-028,2025-12-21 00:00:00,0,0,,
MCH-028,2025-12-22 00:00:00,0,0,,
MCH-028,2025-12-23 00:00:00,0,0,,
MCH-028,2025-12-24 00:00:00,0,0,,
MCH-028,2025-12-25 00:00:00,0,0,,
MCH-028,2025-12-26 00:00:00,0,0,,
MCH-028,2025-12-27 00:00:00,0,0,,
MCH-028,2025-12-28 00:00:00,0,0,,
MCH-028,2025-12-29 00:00:00,0,0,,
MCH-028,2025-12-30 00:00:00,0,0,,
MCH-028,2025-12-31 00:00:00,0,0,,
MCH-028,2026-01-01 00:00:00,0,0,,
MCH-028,2026-01-02 00:00:00,0,0,,
MCH-028,2026-01-03 00:00:00,0,0,,
MCH-028,2026-01-04 00:00:00,0,0,,
MCH-028,2026-01-05 00:00:00,0,0,,
MCH-028,2026-01-06 00:00:00,0,0,,
MCH-028,2026-01-07 00:00:00,0,0,,
MCH-028,2026-01-08 00:00:00,0,0,,
MCH-028,2026-01-09 00:00:00,0,0,,
MCH-028,2026-01-10 00:00:00,0,0,,
MCH-028,2026-01-11 00:00:00,0,0,,
MCH-028,2026-01-12 00:00:00,0,0,,
MCH-028,2026-01-13 00:00:00,0,0,,
MCH-028,2026-01-14 00:00:00,0,0,,
MCH-028,2026-01-15 00:00:00,0,0,,
MCH-028,2026-01-16 00:00:00,0,0,,
MCH-028,2026-01-17 00:00:00,0,0,,
MCH-028,2026-01-18 00:00:00,0,0,,
MCH-028,2026-01-19 00:00:00,0,0,,
MCH-028,2026-01-20 00:00:00,0,0,,
MCH-028,2026-01-21 00:00:00,0,0,,
MCH-028,2026-01-22 00:00:00,0,0,,
MCH-028,2026-01-23 00:00:00,0,0,,
MCH-028,2026-01-24 00:00:00,0,0,,
MCH-028,2026-01-25 00:00:00,0,0,,
MCH-028,2026-01-26 00:00:00,0,0,,
MCH-028,2026-01-27 00:00:00,0,0,,
MCH-028,2026-01-28 00:00:00,0,0,,
MCH-028,2026-01-29 00:00:00,0,0,,
MCH-028,2026-01-30 00:00:00,0,0,,
MCH-028,2026-01-31 00:00:00,0,0,,
MCH-028,2026-02-01 00:00:00,0,0,,
MCH-028,2026-02-02 00:00:00,0,0,,
MCH-028,2026-02-03 00:00:00,0,0,,
MCH-028,2026-02-04 00:00:00,0,0,,
MCH-028,2026-02-05 00:00:00,0,0,,
MCH-028,2026-02-06 00:00:00,0,0,,
MCH-028,2026-02-07 00:00:00,0,0,,
MCH-028,2026-02-08 00:00:00,0,0,,
MCH-028,2026-02-09 00:00:00,0,0,,
MCH-028,2026-02-10 00:00:00,0,0,,
MCH-028,2026-02-11 00:00:00,0,0,,
MCH-028,2026-02-12 00:00:00,0,0,,
MCH-028,2026-02-13 00:00:00,0,0,,
MCH-028,2026-02-14 00:00:00,0,0,,
MCH-028,2026-02-15 00:00:00,0,0,,
MCH-028,2026-02-16 00:00:00,0,0,,
MCH-028,2026-02-17 00:00:00,0,0,,
MCH-028,2026-02-18 00:00:00,0,0,,
MCH-028,2026-02-19 00:00:00,0,0,,
MCH-028,2026-02-20 00:00:00,0,0,,
MCH-028,2026-02-21 00:00:00,0,0,,
MCH-028,2026-02-22 00:00:00,0,0,,
MCH-028,2026-02-23 00:00:00,0,0,,
MCH-028,2026-02-24 00:00:00,0,0,,
MCH-028,2026-02-25 00:00:00,0,0,,
MCH-028,2026-02-26 00:00:00,0,0,,
MCH-028,2026-02-27 00:00:00,0,0,,
MCH-028,2026-02-28 00:00:00,0,0,,
MCH-028,2026-03-01 00:00:00,0,0,,
MCH-028,2026-03-02 00:00:00,0,0,,
MCH-028,2026-03-03 00:00:00,0,1,TOOLING,medium
MCH-028,2026-03-04 00:00:00,0,1,HYDRAULIC,critical
MCH-028,2026-03-05 00:00:00,0,1,ELECTRICAL,medium
MCH-028,2026-03-06 00:00:00,0,1,MOTOR,medium
MCH-028,2026-03-07 00:00:00,0,1,BEARING,critical
MCH-028,2026-03-08 00:00:00,0,1,SENSOR,medium
MCH-028,2026-03-09 00:00:00,1,1,MOTOR,high
MCH-028,2026-03-10 00:00:00,1,1,ELECTRICAL,medium
MCH-028,2026-03-11 00:00:00,0,0,,
MCH-028,2026-03-12 00:00:00,0,0,,
MCH-028,2026-03-13 00:00:00,0,0,,
MCH-028,2026-03-14 00:00:00,0,0,,
MCH-028,2026-03-15 00:00:00,0,0,,
MCH-028,2026-03-16 00:00:00,0,0,,
MCH-028,2026-03-17 00:00:00,0,0,,
MCH-028,2026-03-18 00:00:00,0,0,,
MCH-028,2026-03-19 00:00:00,0,0,,
MCH-028,2026-03-20 00:00:00,0,0,,
MCH-028,2026-03-21 00:00:00,0,0,,
MCH-028,2026-03-22 00:00:00,0,0,,
MCH-028,2026-03-23 00:00:00,0,0,,
MCH-028,2026-03-24 00:00:00,0,0,,
MCH-028,2026-03-25 00:00:00,0,0,,
MCH-028,2026-03-26 00:00:00,0,0,,
MCH-028,2026-03-27 00:00:00,0,0,,
MCH-028,2026-03-28 00:00:00,0,0,,
MCH-028,2026-03-29 00:00:00,0,0,,
MCH-028,2026-03-30 00:00:00,0,1,MOTOR,medium
MCH-028,2026-03-31 00:00:00,0,1,ELECTRICAL,critical
MCH-028,2026-04-01 00:00:00,0,1,SENSOR,medium
MCH-028,2026-04-02 00:00:00,0,1,BEARING,high
MCH-028,2026-04-03 00:00:00,0,1,HYDRAULIC,medium
MCH-028,2026-04-04 00:00:00,0,1,BEARING,critical
MCH-028,2026-04-05 00:00:00,1,1,BEARING,high
MCH-028,2026-04-06 00:00:00,1,1,MOTOR,critical
MCH-028,2026-04-07 00:00:00,0,0,,
MCH-028,2026-04-08 00:00:00,0,0,,
MCH-028,2026-04-09 00:00:00,0,0,,
MCH-028,2026-04-10 00:00:00,0,0,,
MCH-028,2026-04-11 00:00:00,0,0,,
MCH-028,2026-04-12 00:00:00,0,0,,
MCH-028,2026-04-13 00:00:00,0,0,,
MCH-028,2026-04-14 00:00:00,0,0,,
MCH-028,2026-04-15 00:00:00,0,0,,
MCH-028,2026-04-16 00:00:00,0,0,,
MCH-028,2026-04-17 00:00:00,0,0,,
MCH-028,2026-04-18 00:00:00,0,0,,
MCH-028,2026-04-19 00:00:00,0,0,,
MCH-028,2026-04-20 00:00:00,0,0,,
MCH-028,2026-04-21 00:00:00,0,0,,
MCH-028,2026-04-22 00:00:00,0,0,,
MCH-028,2026-04-23 00:00:00,0,0,,
MCH-028,2026-04-24 00:00:00,0,0,,
MCH-028,2026-04-25 00:00:00,0,0,,
MCH-028,2026-04-26 00:00:00,0,0,,
MCH-028,2026-04-27 00:00:00,0,0,,
MCH-028,2026-04-28 00:00:00,0,0,,
MCH-028,2026-04-29 00:00:00,0,0,,
MCH-028,2026-04-30 00:00:00,0,0,,
MCH-028,2026-05-01 00:00:00,0,0,,
MCH-028,2026-05-02 00:00:00,0,0,,
MCH-028,2026-05-03 00:00:00,0,0,,
MCH-028,2026-05-04 00:00:00,0,0,,
MCH-028,2026-05-05 00:00:00,0,0,,
MCH-028,2026-05-06 00:00:00,0,0,,
MCH-028,2026-05-07 00:00:00,0,0,,
MCH-028,2026-05-08 00:00:00,0,0,,
MCH-028,2026-05-09 00:00:00,0,0,,
MCH-028,2026-05-10 00:00:00,0,0,,
MCH-028,2026-05-11 00:00:00,0,0,,
MCH-028,2026-05-12 00:00:00,0,0,,
MCH-028,2026-05-13 00:00:00,0,0,,
MCH-028,2026-05-14 00:00:00,0,0,,
MCH-028,2026-05-15 00:00:00,0,0,,
MCH-028,2026-05-16 00:00:00,0,0,,
MCH-028,2026-05-17 00:00:00,0,0,,
MCH-028,2026-05-18 00:00:00,0,0,,
MCH-028,2026-05-19 00:00:00,0,0,,
MCH-028,2026-05-20 00:00:00,0,0,,
MCH-028,2026-05-21 00:00:00,0,0,,
MCH-028,2026-05-22 00:00:00,0,0,,
MCH-028,2026-05-23 00:00:00,0,0,,
MCH-028,2026-05-24 00:00:00,0,0,,
MCH-028,2026-05-25 00:00:00,0,0,,
MCH-028,2026-05-26 00:00:00,0,0,,
MCH-028,2026-05-27 00:00:00,0,0,,
MCH-028,2026-05-28 00:00:00,0,0,,
MCH-028,2026-05-29 00:00:00,0,0,,
MCH-028,2026-05-30 00:00:00,0,0,,
MCH-028,2026-05-31 00:00:00,0,0,,
MCH-028,2026-06-01 00:00:00,0,0,,
MCH-028,2026-06-02 00:00:00,0,0,,
MCH-028,2026-06-03 00:00:00,0,0,,
MCH-028,2026-06-04 00:00:00,0,0,,
MCH-028,2026-06-05 00:00:00,0,0,,
MCH-028,2026-06-06 00:00:00,0,0,,
MCH-028,2026-06-07 00:00:00,0,0,,
MCH-028,2026-06-08 00:00:00,0,0,,
MCH-028,2026-06-09 00:00:00,0,0,,
MCH-028,2026-06-10 00:00:00,0,0,,
MCH-028,2026-06-11 00:00:00,0,0,,
MCH-028,2026-06-12 00:00:00,0,0,,
MCH-028,2026-06-13 00:00:00,0,0,,
MCH-028,2026-06-14 00:00:00,0,0,,
MCH-028,2026-06-15 00:00:00,0,0,,
MCH-028,2026-06-16 00:00:00,0,0,,
MCH-028,2026-06-17 00:00:00,0,0,,
MCH-028,2026-06-18 00:00:00,0,0,,
MCH-028,2026-06-19 00:00:00,0,0,,
MCH-028,2026-06-20 00:00:00,0,0,,
MCH-028,2026-06-21 00:00:00,0,0,,
MCH-028,2026-06-22 00:00:00,0,0,,
MCH-028,2026-06-23 00:00:00,0,0,,
MCH-028,2026-06-24 00:00:00,0,0,,
MCH-028,2026-06-25 00:00:00,0,0,,
MCH-028,2026-06-26 00:00:00,0,0,,
MCH-028,2026-06-27 00:00:00,0,0,,
MCH-028,2026-06-28 00:00:00,0,0,,
MCH-028,2026-06-29 00:00:00,0,0,,
MCH-028,2026-06-30 00:00:00,0,0,,
MCH-028,2026-07-01 00:00:00,0,0,,
MCH-028,2026-07-02 00:00:00,0,0,,
MCH-028,2026-07-03 00:00:00,0,0,,
MCH-028,2026-07-04 00:00:00,0,0,,
MCH-028,2026-07-05 00:00:00,0,0,,
MCH-028,2026-07-06 00:00:00,0,0,,
MCH-028,2026-07-07 00:00:00,0,0,,
MCH-028,2026-07-08 00:00:00,0,0,,
MCH-028,2026-07-09 00:00:00,0,0,,
MCH-028,2026-07-10 00:00:00,0,0,,
MCH-028,2026-07-11 00:00:00,0,0,,
MCH-028,2026-07-12 00:00:00,0,0,,
MCH-028,2026-07-13 00:00:00,0,0,,
MCH-028,2026-07-14 00:00:00,0,0,,
MCH-028,2026-07-15 00:00:00,0,0,,
MCH-028,2026-07-16 00:00:00,0,0,,
MCH-028,2026-07-17 00:00:00,0,0,,
MCH-028,2026-07-18 00:00:00,0,0,,
MCH-028,2026-07-19 00:00:00,0,0,,
MCH-028,2026-07-20 00:00:00,0,0,,
MCH-028,2026-07-21 00:00:00,0,0,,
MCH-028,2026-07-22 00:00:00,0,0,,
MCH-028,2026-07-23 00:00:00,0,0,,
MCH-028,2026-07-24 00:00:00,0,0,,
MCH-028,2026-07-25 00:00:00,0,0,,
MCH-028,2026-07-26 00:00:00,0,0,,
MCH-028,2026-07-27 00:00:00,0,0,,
MCH-028,2026-07-28 00:00:00,0,0,,
MCH-028,2026-07-29 00:00:00,0,0,,
MCH-028,2026-07-30 00:00:00,0,0,,
MCH-028,2026-07-31 00:00:00,0,0,,
MCH-029,2025-08-01 00:00:00,0,0,,
MCH-029,2025-08-02 00:00:00,0,0,,
MCH-029,2025-08-03 00:00:00,0,0,,
MCH-029,2025-08-04 00:00:00,0,0,,
MCH-029,2025-08-05 00:00:00,0,0,,
MCH-029,2025-08-06 00:00:00,0,0,,
MCH-029,2025-08-07 00:00:00,0,0,,
MCH-029,2025-08-08 00:00:00,0,0,,
MCH-029,2025-08-09 00:00:00,0,0,,
MCH-029,2025-08-10 00:00:00,0,0,,
MCH-029,2025-08-11 00:00:00,0,0,,
MCH-029,2025-08-12 00:00:00,0,0,,
MCH-029,2025-08-13 00:00:00,0,0,,
MCH-029,2025-08-14 00:00:00,0,0,,
MCH-029,2025-08-15 00:00:00,0,0,,
MCH-029,2025-08-16 00:00:00,0,0,,
MCH-029,2025-08-17 00:00:00,0,0,,
MCH-029,2025-08-18 00:00:00,0,0,,
MCH-029,2025-08-19 00:00:00,0,0,,
MCH-029,2025-08-20 00:00:00,0,0,,
MCH-029,2025-08-21 00:00:00,0,0,,
MCH-029,2025-08-22 00:00:00,0,0,,
MCH-029,2025-08-23 00:00:00,0,0,,
MCH-029,2025-08-24 00:00:00,0,0,,
MCH-029,2025-08-25 00:00:00,0,0,,
MCH-029,2025-08-26 00:00:00,0,0,,
MCH-029,2025-08-27 00:00:00,0,0,,
MCH-029,2025-08-28 00:00:00,0,0,,
MCH-029,2025-08-29 00:00:00,0,0,,
MCH-029,2025-08-30 00:00:00,0,0,,
MCH-029,2025-08-31 00:00:00,0,0,,
MCH-029,2025-09-01 00:00:00,0,0,,
MCH-029,2025-09-02 00:00:00,0,0,,
MCH-029,2025-09-03 00:00:00,0,0,,
MCH-029,2025-09-04 00:00:00,0,0,,
MCH-029,2025-09-05 00:00:00,0,0,,
MCH-029,2025-09-06 00:00:00,0,0,,
MCH-029,2025-09-07 00:00:00,0,0,,
MCH-029,2025-09-08 00:00:00,0,0,,
MCH-029,2025-09-09 00:00:00,0,0,,
MCH-029,2025-09-10 00:00:00,0,0,,
MCH-029,2025-09-11 00:00:00,0,0,,
MCH-029,2025-09-12 00:00:00,0,0,,
MCH-029,2025-09-13 00:00:00,0,0,,
MCH-029,2025-09-14 00:00:00,0,0,,
MCH-029,2025-09-15 00:00:00,0,0,,
MCH-029,2025-09-16 00:00:00,0,0,,
MCH-029,2025-09-17 00:00:00,0,0,,
MCH-029,2025-09-18 00:00:00,0,0,,
MCH-029,2025-09-19 00:00:00,0,0,,
MCH-029,2025-09-20 00:00:00,0,0,,
MCH-029,2025-09-21 00:00:00,0,0,,
MCH-029,2025-09-22 00:00:00,0,0,,
MCH-029,2025-09-23 00:00:00,0,0,,
MCH-029,2025-09-24 00:00:00,0,0,,
MCH-029,2025-09-25 00:00:00,0,0,,
MCH-029,2025-09-26 00:00:00,0,0,,
MCH-029,2025-09-27 00:00:00,0,0,,
MCH-029,2025-09-28 00:00:00,0,0,,
MCH-029,2025-09-29 00:00:00,0,0,,
MCH-029,2025-09-30 00:00:00,0,0,,
MCH-029,2025-10-01 00:00:00,0,0,,
MCH-029,2025-10-02 00:00:00,0,0,,
MCH-029,2025-10-03 00:00:00,0,0,,
MCH-029,2025-10-04 00:00:00,0,0,,
MCH-029,2025-10-05 00:00:00,0,0,,
MCH-029,2025-10-06 00:00:00,0,0,,
MCH-029,2025-10-07 00:00:00,0,0,,
MCH-029,2025-10-08 00:00:00,0,0,,
MCH-029,2025-10-09 00:00:00,0,0,,
MCH-029,2025-10-10 00:00:00,0,0,,
MCH-029,2025-10-11 00:00:00,0,0,,
MCH-029,2025-10-12 00:00:00,0,0,,
MCH-029,2025-10-13 00:00:00,0,0,,
MCH-029,2025-10-14 00:00:00,0,0,,
MCH-029,2025-10-15 00:00:00,0,0,,
MCH-029,2025-10-16 00:00:00,0,0,,
MCH-029,2025-10-17 00:00:00,0,0,,
MCH-029,2025-10-18 00:00:00,0,0,,
MCH-029,2025-10-19 00:00:00,0,0,,
MCH-029,2025-10-20 00:00:00,0,0,,
MCH-029,2025-10-21 00:00:00,0,0,,
MCH-029,2025-10-22 00:00:00,0,0,,
MCH-029,2025-10-23 00:00:00,0,0,,
MCH-029,2025-10-24 00:00:00,0,0,,
MCH-029,2025-10-25 00:00:00,0,0,,
MCH-029,2025-10-26 00:00:00,0,0,,
MCH-029,2025-10-27 00:00:00,0,0,,
MCH-029,2025-10-28 00:00:00,0,0,,
MCH-029,2025-10-29 00:00:00,0,0,,
MCH-029,2025-10-30 00:00:00,0,0,,
MCH-029,2025-10-31 00:00:00,0,0,,
MCH-029,2025-11-01 00:00:00,0,0,,
MCH-029,2025-11-02 00:00:00,0,0,,
MCH-029,2025-11-03 00:00:00,0,0,,
MCH-029,2025-11-04 00:00:00,0,0,,
MCH-029,2025-11-05 00:00:00,0,0,,
MCH-029,2025-11-06 00:00:00,0,0,,
MCH-029,2025-11-07 00:00:00,0,0,,
MCH-029,2025-11-08 00:00:00,0,0,,
MCH-029,2025-11-09 00:00:00,0,0,,
MCH-029,2025-11-10 00:00:00,0,1,TOOLING,high
MCH-029,2025-11-11 00:00:00,0,1,ELECTRICAL,high
MCH-029,2025-11-12 00:00:00,0,1,HYDRAULIC,medium
MCH-029,2025-11-13 00:00:00,0,1,SENSOR,medium
MCH-029,2025-11-14 00:00:00,0,1,HYDRAULIC,medium
MCH-029,2025-11-15 00:00:00,0,1,TOOLING,high
MCH-029,2025-11-16 00:00:00,1,1,ELECTRICAL,medium
MCH-029,2025-11-17 00:00:00,1,1,ELECTRICAL,medium
MCH-029,2025-11-18 00:00:00,0,0,,
MCH-029,2025-11-19 00:00:00,0,0,,
MCH-029,2025-11-20 00:00:00,0,0,,
MCH-029,2025-11-21 00:00:00,0,0,,
MCH-029,2025-11-22 00:00:00,0,0,,
MCH-029,2025-11-23 00:00:00,0,0,,
MCH-029,2025-11-24 00:00:00,0,0,,
MCH-029,2025-11-25 00:00:00,0,0,,
MCH-029,2025-11-26 00:00:00,0,0,,
MCH-029,2025-11-27 00:00:00,0,0,,
MCH-029,2025-11-28 00:00:00,0,0,,
MCH-029,2025-11-29 00:00:00,0,0,,
MCH-029,2025-11-30 00:00:00,0,0,,
MCH-029,2025-12-01 00:00:00,0,0,,
MCH-029,2025-12-02 00:00:00,0,0,,
MCH-029,2025-12-03 00:00:00,0,0,,
MCH-029,2025-12-04 00:00:00,0,0,,
MCH-029,2025-12-05 00:00:00,0,0,,
MCH-029,2025-12-06 00:00:00,0,0,,
MCH-029,2025-12-07 00:00:00,0,0,,
MCH-029,2025-12-08 00:00:00,0,0,,
MCH-029,2025-12-09 00:00:00,0,0,,
MCH-029,2025-12-10 00:00:00,0,0,,
MCH-029,2025-12-11 00:00:00,0,0,,
MCH-029,2025-12-12 00:00:00,0,0,,
MCH-029,2025-12-13 00:00:00,0,0,,
MCH-029,2025-12-14 00:00:00,0,0,,
MCH-029,2025-12-15 00:00:00,0,0,,
MCH-029,2025-12-16 00:00:00,0,0,,
MCH-029,2025-12-17 00:00:00,0,0,,
MCH-029,2025-12-18 00:00:00,0,0,,
MCH-029,2025-12-19 00:00:00,0,0,,
MCH-029,2025-12-20 00:00:00,0,0,,
MCH-029,2025-12-21 00:00:00,0,0,,
MCH-029,2025-12-22 00:00:00,0,0,,
MCH-029,2025-12-23 00:00:00,0,0,,
MCH-029,2025-12-24 00:00:00,0,0,,
MCH-029,2025-12-25 00:00:00,0,0,,
MCH-029,2025-12-26 00:00:00,0,0,,
MCH-029,2025-12-27 00:00:00,0,0,,
MCH-029,2025-12-28 00:00:00,0,0,,
MCH-029,2025-12-29 00:00:00,0,0,,
MCH-029,2025-12-30 00:00:00,0,0,,
MCH-029,2025-12-31 00:00:00,0,0,,
MCH-029,2026-01-01 00:00:00,0,0,,
MCH-029,2026-01-02 00:00:00,0,0,,
MCH-029,2026-01-03 00:00:00,0,0,,
MCH-029,2026-01-04 00:00:00,0,0,,
MCH-029,2026-01-05 00:00:00,0,0,,
MCH-029,2026-01-06 00:00:00,0,0,,
MCH-029,2026-01-07 00:00:00,0,0,,
MCH-029,2026-01-08 00:00:00,0,0,,
MCH-029,2026-01-09 00:00:00,0,0,,
MCH-029,2026-01-10 00:00:00,0,0,,
MCH-029,2026-01-11 00:00:00,0,0,,
MCH-029,2026-01-12 00:00:00,0,0,,
MCH-029,2026-01-13 00:00:00,0,0,,
MCH-029,2026-01-14 00:00:00,0,0,,
MCH-029,2026-01-15 00:00:00,0,0,,
MCH-029,2026-01-16 00:00:00,0,0,,
MCH-029,2026-01-17 00:00:00,0,0,,
MCH-029,2026-01-18 00:00:00,0,0,,
MCH-029,2026-01-19 00:00:00,0,0,,
MCH-029,2026-01-20 00:00:00,0,0,,
MCH-029,2026-01-21 00:00:00,0,0,,
MCH-029,2026-01-22 00:00:00,0,0,,
MCH-029,2026-01-23 00:00:00,0,0,,
MCH-029,2026-01-24 00:00:00,0,0,,
MCH-029,2026-01-25 00:00:00,0,0,,
MCH-029,2026-01-26 00:00:00,0,0,,
MCH-029,2026-01-27 00:00:00,0,0,,
MCH-029,2026-01-28 00:00:00,0,0,,
MCH-029,2026-01-29 00:00:00,0,0,,
MCH-029,2026-01-30 00:00:00,0,0,,
MCH-029,2026-01-31 00:00:00,0,0,,
MCH-029,2026-02-01 00:00:00,0,0,,
MCH-029,2026-02-02 00:00:00,0,0,,
MCH-029,2026-02-03 00:00:00,0,0,,
MCH-029,2026-02-04 00:00:00,0,0,,
MCH-029,2026-02-05 00:00:00,0,0,,
MCH-029,2026-02-06 00:00:00,0,0,,
MCH-029,2026-02-07 00:00:00,0,0,,
MCH-029,2026-02-08 00:00:00,0,0,,
MCH-029,2026-02-09 00:00:00,0,0,,
MCH-029,2026-02-10 00:00:00,0,0,,
MCH-029,2026-02-11 00:00:00,0,0,,
MCH-029,2026-02-12 00:00:00,0,0,,
MCH-029,2026-02-13 00:00:00,0,0,,
MCH-029,2026-02-14 00:00:00,0,0,,
MCH-029,2026-02-15 00:00:00,0,0,,
MCH-029,2026-02-16 00:00:00,0,0,,
MCH-029,2026-02-17 00:00:00,0,0,,
MCH-029,2026-02-18 00:00:00,0,0,,
MCH-029,2026-02-19 00:00:00,0,0,,
MCH-029,2026-02-20 00:00:00,0,0,,
MCH-029,2026-02-21 00:00:00,0,0,,
MCH-029,2026-02-22 00:00:00,0,0,,
MCH-029,2026-02-23 00:00:00,0,0,,
MCH-029,2026-02-24 00:00:00,0,0,,
MCH-029,2026-02-25 00:00:00,0,0,,
MCH-029,2026-02-26 00:00:00,0,0,,
MCH-029,2026-02-27 00:00:00,0,0,,
MCH-029,2026-02-28 00:00:00,0,0,,
MCH-029,2026-03-01 00:00:00,0,0,,
MCH-029,2026-03-02 00:00:00,0,0,,
MCH-029,2026-03-03 00:00:00,0,0,,
MCH-029,2026-03-04 00:00:00,0,0,,
MCH-029,2026-03-05 00:00:00,0,0,,
MCH-029,2026-03-06 00:00:00,0,0,,
MCH-029,2026-03-07 00:00:00,0,0,,
MCH-029,2026-03-08 00:00:00,0,0,,
MCH-029,2026-03-09 00:00:00,0,0,,
MCH-029,2026-03-10 00:00:00,0,0,,
MCH-029,2026-03-11 00:00:00,0,0,,
MCH-029,2026-03-12 00:00:00,0,0,,
MCH-029,2026-03-13 00:00:00,0,0,,
MCH-029,2026-03-14 00:00:00,0,0,,
MCH-029,2026-03-15 00:00:00,0,0,,
MCH-029,2026-03-16 00:00:00,0,0,,
MCH-029,2026-03-17 00:00:00,0,0,,
MCH-029,2026-03-18 00:00:00,0,0,,
MCH-029,2026-03-19 00:00:00,0,0,,
MCH-029,2026-03-20 00:00:00,0,0,,
MCH-029,2026-03-21 00:00:00,0,0,,
MCH-029,2026-03-22 00:00:00,0,0,,
MCH-029,2026-03-23 00:00:00,0,0,,
MCH-029,2026-03-24 00:00:00,0,0,,
MCH-029,2026-03-25 00:00:00,0,0,,
MCH-029,2026-03-26 00:00:00,0,0,,
MCH-029,2026-03-27 00:00:00,0,0,,
MCH-029,2026-03-28 00:00:00,0,0,,
MCH-029,2026-03-29 00:00:00,0,0,,
MCH-029,2026-03-30 00:00:00,0,0,,
MCH-029,2026-03-31 00:00:00,0,0,,
MCH-029,2026-04-01 00:00:00,0,0,,
MCH-029,2026-04-02 00:00:00,0,0,,
MCH-029,2026-04-03 00:00:00,0,0,,
MCH-029,2026-04-04 00:00:00,0,0,,
MCH-029,2026-04-05 00:00:00,0,0,,
MCH-029,2026-04-06 00:00:00,0,0,,
MCH-029,2026-04-07 00:00:00,0,0,,
MCH-029,2026-04-08 00:00:00,0,0,,
MCH-029,2026-04-09 00:00:00,0,0,,
MCH-029,2026-04-10 00:00:00,0,0,,
MCH-029,2026-04-11 00:00:00,0,0,,
MCH-029,2026-04-12 00:00:00,0,0,,
MCH-029,2026-04-13 00:00:00,0,0,,
MCH-029,2026-04-14 00:00:00,0,0,,
MCH-029,2026-04-15 00:00:00,0,0,,
MCH-029,2026-04-16 00:00:00,0,0,,
MCH-029,2026-04-17 00:00:00,0,0,,
MCH-029,2026-04-18 00:00:00,0,0,,
MCH-029,2026-04-19 00:00:00,0,0,,
MCH-029,2026-04-20 00:00:00,0,0,,
MCH-029,2026-04-21 00:00:00,0,0,,
MCH-029,2026-04-22 00:00:00,0,0,,
MCH-029,2026-04-23 00:00:00,0,0,,
MCH-029,2026-04-24 00:00:00,0,0,,
MCH-029,2026-04-25 00:00:00,0,0,,
MCH-029,2026-04-26 00:00:00,0,0,,
MCH-029,2026-04-27 00:00:00,0,0,,
MCH-029,2026-04-28 00:00:00,0,0,,
MCH-029,2026-04-29 00:00:00,0,0,,
MCH-029,2026-04-30 00:00:00,0,0,,
MCH-029,2026-05-01 00:00:00,0,0,,
MCH-029,2026-05-02 00:00:00,0,0,,
MCH-029,2026-05-03 00:00:00,0,0,,
MCH-029,2026-05-04 00:00:00,0,0,,
MCH-029,2026-05-05 00:00:00,0,0,,
MCH-029,2026-05-06 00:00:00,0,0,,
MCH-029,2026-05-07 00:00:00,0,0,,
MCH-029,2026-05-08 00:00:00,0,0,,
MCH-029,2026-05-09 00:00:00,0,0,,
MCH-029,2026-05-10 00:00:00,0,0,,
MCH-029,2026-05-11 00:00:00,0,0,,
MCH-029,2026-05-12 00:00:00,0,0,,
MCH-029,2026-05-13 00:00:00,0,0,,
MCH-029,2026-05-14 00:00:00,0,0,,
MCH-029,2026-05-15 00:00:00,0,0,,
MCH-029,2026-05-16 00:00:00,0,0,,
MCH-029,2026-05-17 00:00:00,0,0,,
MCH-029,2026-05-18 00:00:00,0,0,,
MCH-029,2026-05-19 00:00:00,0,0,,
MCH-029,2026-05-20 00:00:00,0,0,,
MCH-029,2026-05-21 00:00:00,0,0,,
MCH-029,2026-05-22 00:00:00,0,0,,
MCH-029,2026-05-23 00:00:00,0,0,,
MCH-029,2026-05-24 00:00:00,0,0,,
MCH-029,2026-05-25 00:00:00,0,0,,
MCH-029,2026-05-26 00:00:00,0,0,,
MCH-029,2026-05-27 00:00:00,0,0,,
MCH-029,2026-05-28 00:00:00,0,0,,
MCH-029,2026-05-29 00:00:00,0,0,,
MCH-029,2026-05-30 00:00:00,0,0,,
MCH-029,2026-05-31 00:00:00,0,0,,
MCH-029,2026-06-01 00:00:00,0,0,,
MCH-029,2026-06-02 00:00:00,0,0,,
MCH-029,2026-06-03 00:00:00,0,0,,
MCH-029,2026-06-04 00:00:00,0,0,,
MCH-029,2026-06-05 00:00:00,0,0,,
MCH-029,2026-06-06 00:00:00,0,0,,
MCH-029,2026-06-07 00:00:00,0,0,,
MCH-029,2026-06-08 00:00:00,0,0,,
MCH-029,2026-06-09 00:00:00,0,0,,
MCH-029,2026-06-10 00:00:00,0,0,,
MCH-029,2026-06-11 00:00:00,0,0,,
MCH-029,2026-06-12 00:00:00,0,0,,
MCH-029,2026-06-13 00:00:00,0,0,,
MCH-029,2026-06-14 00:00:00,0,0,,
MCH-029,2026-06-15 00:00:00,0,0,,
MCH-029,2026-06-16 00:00:00,0,0,,
MCH-029,2026-06-17 00:00:00,0,0,,
MCH-029,2026-06-18 00:00:00,0,0,,
MCH-029,2026-06-19 00:00:00,0,0,,
MCH-029,2026-06-20 00:00:00,0,0,,
MCH-029,2026-06-21 00:00:00,0,0,,
MCH-029,2026-06-22 00:00:00,0,0,,
MCH-029,2026-06-23 00:00:00,0,0,,
MCH-029,2026-06-24 00:00:00,0,0,,
MCH-029,2026-06-25 00:00:00,0,0,,
MCH-029,2026-06-26 00:00:00,0,0,,
MCH-029,2026-06-27 00:00:00,0,0,,
MCH-029,2026-06-28 00:00:00,0,0,,
MCH-029,2026-06-29 00:00:00,0,0,,
MCH-029,2026-06-30 00:00:00,0,0,,
MCH-029,2026-07-01 00:00:00,0,0,,
MCH-029,2026-07-02 00:00:00,0,0,,
MCH-029,2026-07-03 00:00:00,0,0,,
MCH-029,2026-07-04 00:00:00,0,0,,
MCH-029,2026-07-05 00:00:00,0,1,HYDRAULIC,high
MCH-029,2026-07-06 00:00:00,0,1,ELECTRICAL,medium
MCH-029,2026-07-07 00:00:00,0,1,ELECTRICAL,high
MCH-029,2026-07-08 00:00:00,0,1,TOOLING,high
MCH-029,2026-07-09 00:00:00,0,1,TOOLING,medium
MCH-029,2026-07-10 00:00:00,0,1,SENSOR,medium
MCH-029,2026-07-11 00:00:00,1,1,BEARING,medium
MCH-029,2026-07-12 00:00:00,1,1,ELECTRICAL,critical
MCH-029,2026-07-13 00:00:00,0,0,,
MCH-029,2026-07-14 00:00:00,0,0,,
MCH-029,2026-07-15 00:00:00,0,0,,
MCH-029,2026-07-16 00:00:00,0,0,,
MCH-029,2026-07-17 00:00:00,0,0,,
MCH-029,2026-07-18 00:00:00,0,0,,
MCH-029,2026-07-19 00:00:00,0,0,,
MCH-029,2026-07-20 00:00:00,0,0,,
MCH-029,2026-07-21 00:00:00,0,0,,
MCH-029,2026-07-22 00:00:00,0,0,,
MCH-029,2026-07-23 00:00:00,0,0,,
MCH-029,2026-07-24 00:00:00,0,0,,
MCH-029,2026-07-25 00:00:00,0,0,,
MCH-029,2026-07-26 00:00:00,0,0,,
MCH-029,2026-07-27 00:00:00,0,0,,
MCH-029,2026-07-28 00:00:00,0,0,,
MCH-029,2026-07-29 00:00:00,0,0,,
MCH-029,2026-07-30 00:00:00,0,0,,
MCH-029,2026-07-31 00:00:00,0,0,,
MCH-030,2025-08-01 00:00:00,0,0,,
MCH-030,2025-08-02 00:00:00,0,0,,
MCH-030,2025-08-03 00:00:00,0,0,,
MCH-030,2025-08-04 00:00:00,0,0,,
MCH-030,2025-08-05 00:00:00,0,0,,
MCH-030,2025-08-06 00:00:00,0,0,,
MCH-030,2025-08-07 00:00:00,0,0,,
MCH-030,2025-08-08 00:00:00,0,0,,
MCH-030,2025-08-09 00:00:00,0,0,,
MCH-030,2025-08-10 00:00:00,0,0,,
MCH-030,2025-08-11 00:00:00,0,0,,
MCH-030,2025-08-12 00:00:00,0,0,,
MCH-030,2025-08-13 00:00:00,0,0,,
MCH-030,2025-08-14 00:00:00,0,0,,
MCH-030,2025-08-15 00:00:00,0,0,,
MCH-030,2025-08-16 00:00:00,0,0,,
MCH-030,2025-08-17 00:00:00,0,0,,
MCH-030,2025-08-18 00:00:00,0,0,,
MCH-030,2025-08-19 00:00:00,0,0,,
MCH-030,2025-08-20 00:00:00,0,0,,
MCH-030,2025-08-21 00:00:00,0,0,,
MCH-030,2025-08-22 00:00:00,0,0,,
MCH-030,2025-08-23 00:00:00,0,0,,
MCH-030,2025-08-24 00:00:00,0,0,,
MCH-030,2025-08-25 00:00:00,0,0,,
MCH-030,2025-08-26 00:00:00,0,0,,
MCH-030,2025-08-27 00:00:00,0,0,,
MCH-030,2025-08-28 00:00:00,0,0,,
MCH-030,2025-08-29 00:00:00,0,0,,
MCH-030,2025-08-30 00:00:00,0,0,,
MCH-030,2025-08-31 00:00:00,0,0,,
MCH-030,2025-09-01 00:00:00,0,0,,
MCH-030,2025-09-02 00:00:00,0,0,,
MCH-030,2025-09-03 00:00:00,0,0,,
MCH-030,2025-09-04 00:00:00,0,0,,
MCH-030,2025-09-05 00:00:00,0,0,,
MCH-030,2025-09-06 00:00:00,0,0,,
MCH-030,2025-09-07 00:00:00,0,0,,
MCH-030,2025-09-08 00:00:00,0,0,,
MCH-030,2025-09-09 00:00:00,0,0,,
MCH-030,2025-09-10 00:00:00,0,0,,
MCH-030,2025-09-11 00:00:00,0,0,,
MCH-030,2025-09-12 00:00:00,0,0,,
MCH-030,2025-09-13 00:00:00,0,0,,
MCH-030,2025-09-14 00:00:00,0,0,,
MCH-030,2025-09-15 00:00:00,0,0,,
MCH-030,2025-09-16 00:00:00,0,1,HYDRAULIC,high
MCH-030,2025-09-17 00:00:00,0,1,ELECTRICAL,medium
MCH-030,2025-09-18 00:00:00,0,1,MOTOR,critical
MCH-030,2025-09-19 00:00:00,0,1,ELECTRICAL,high
MCH-030,2025-09-20 00:00:00,0,1,SENSOR,medium
MCH-030,2025-09-21 00:00:00,0,1,HYDRAULIC,critical
MCH-030,2025-09-22 00:00:00,1,1,TOOLING,medium
MCH-030,2025-09-23 00:00:00,1,1,MOTOR,high
MCH-030,2025-09-24 00:00:00,0,0,,
MCH-030,2025-09-25 00:00:00,0,0,,
MCH-030,2025-09-26 00:00:00,0,0,,
MCH-030,2025-09-27 00:00:00,0,0,,
MCH-030,2025-09-28 00:00:00,0,0,,
MCH-030,2025-09-29 00:00:00,0,0,,
MCH-030,2025-09-30 00:00:00,0,0,,
MCH-030,2025-10-01 00:00:00,0,0,,
MCH-030,2025-10-02 00:00:00,0,0,,
MCH-030,2025-10-03 00:00:00,0,0,,
MCH-030,2025-10-04 00:00:00,0,0,,
MCH-030,2025-10-05 00:00:00,0,0,,
MCH-030,2025-10-06 00:00:00,0,0,,
MCH-030,2025-10-07 00:00:00,0,0,,
MCH-030,2025-10-08 00:00:00,0,0,,
MCH-030,2025-10-09 00:00:00,0,0,,
MCH-030,2025-10-10 00:00:00,0,0,,
MCH-030,2025-10-11 00:00:00,0,1,BEARING,medium
MCH-030,2025-10-12 00:00:00,0,1,TOOLING,medium
MCH-030,2025-10-13 00:00:00,0,1,MOTOR,medium
MCH-030,2025-10-14 00:00:00,0,1,ELECTRICAL,medium
MCH-030,2025-10-15 00:00:00,0,1,MOTOR,medium
MCH-030,2025-10-16 00:00:00,0,1,HYDRAULIC,high
MCH-030,2025-10-17 00:00:00,1,1,MOTOR,high
MCH-030,2025-10-18 00:00:00,1,1,MOTOR,high
MCH-030,2025-10-19 00:00:00,0,0,,
MCH-030,2025-10-20 00:00:00,0,0,,
MCH-030,2025-10-21 00:00:00,0,0,,
MCH-030,2025-10-22 00:00:00,0,0,,
MCH-030,2025-10-23 00:00:00,0,0,,
MCH-030,2025-10-24 00:00:00,0,0,,
MCH-030,2025-10-25 00:00:00,0,0,,
MCH-030,2025-10-26 00:00:00,0,0,,
MCH-030,2025-10-27 00:00:00,0,0,,
MCH-030,2025-10-28 00:00:00,0,0,,
MCH-030,2025-10-29 00:00:00,0,0,,
MCH-030,2025-10-30 00:00:00,0,0,,
MCH-030,2025-10-31 00:00:00,0,0,,
MCH-030,2025-11-01 00:00:00,0,0,,
MCH-030,2025-11-02 00:00:00,0,0,,
MCH-030,2025-11-03 00:00:00,0,0,,
MCH-030,2025-11-04 00:00:00,0,0,,
MCH-030,2025-11-05 00:00:00,0,0,,
MCH-030,2025-11-06 00:00:00,0,0,,
MCH-030,2025-11-07 00:00:00,0,0,,
MCH-030,2025-11-08 00:00:00,0,0,,
MCH-030,2025-11-09 00:00:00,0,0,,
MCH-030,2025-11-10 00:00:00,0,0,,
MCH-030,2025-11-11 00:00:00,0,0,,
MCH-030,2025-11-12 00:00:00,0,0,,
MCH-030,2025-11-13 00:00:00,0,0,,
MCH-030,2025-11-14 00:00:00,0,0,,
MCH-030,2025-11-15 00:00:00,0,0,,
MCH-030,2025-11-16 00:00:00,0,0,,
MCH-030,2025-11-17 00:00:00,0,0,,
MCH-030,2025-11-18 00:00:00,0,0,,
MCH-030,2025-11-19 00:00:00,0,0,,
MCH-030,2025-11-20 00:00:00,0,0,,
MCH-030,2025-11-21 00:00:00,0,0,,
MCH-030,2025-11-22 00:00:00,0,0,,
MCH-030,2025-11-23 00:00:00,0,0,,
MCH-030,2025-11-24 00:00:00,0,0,,
MCH-030,2025-11-25 00:00:00,0,0,,
MCH-030,2025-11-26 00:00:00,0,0,,
MCH-030,2025-11-27 00:00:00,0,0,,
MCH-030,2025-11-28 00:00:00,0,0,,
MCH-030,2025-11-29 00:00:00,0,0,,
MCH-030,2025-11-30 00:00:00,0,0,,
MCH-030,2025-12-01 00:00:00,0,0,,
MCH-030,2025-12-02 00:00:00,0,0,,
MCH-030,2025-12-03 00:00:00,0,0,,
MCH-030,2025-12-04 00:00:00,0,0,,
MCH-030,2025-12-05 00:00:00,0,0,,
MCH-030,2025-12-06 00:00:00,0,1,BEARING,medium
MCH-030,2025-12-07 00:00:00,0,1,TOOLING,high
MCH-030,2025-12-08 00:00:00,0,1,ELECTRICAL,medium
MCH-030,2025-12-09 00:00:00,0,1,SENSOR,high
MCH-030,2025-12-10 00:00:00,0,1,ELECTRICAL,medium
MCH-030,2025-12-11 00:00:00,0,1,BEARING,high
MCH-030,2025-12-12 00:00:00,1,1,MOTOR,high
MCH-030,2025-12-13 00:00:00,1,1,BEARING,high
MCH-030,2025-12-14 00:00:00,0,0,,
MCH-030,2025-12-15 00:00:00,0,0,,
MCH-030,2025-12-16 00:00:00,0,0,,
MCH-030,2025-12-17 00:00:00,0,0,,
MCH-030,2025-12-18 00:00:00,0,0,,
MCH-030,2025-12-19 00:00:00,0,0,,
MCH-030,2025-12-20 00:00:00,0,0,,
MCH-030,2025-12-21 00:00:00,0,0,,
MCH-030,2025-12-22 00:00:00,0,0,,
MCH-030,2025-12-23 00:00:00,0,0,,
MCH-030,2025-12-24 00:00:00,0,0,,
MCH-030,2025-12-25 00:00:00,0,0,,
MCH-030,2025-12-26 00:00:00,0,0,,
MCH-030,2025-12-27 00:00:00,0,0,,
MCH-030,2025-12-28 00:00:00,0,0,,
MCH-030,2025-12-29 00:00:00,0,0,,
MCH-030,2025-12-30 00:00:00,0,0,,
MCH-030,2025-12-31 00:00:00,0,0,,
MCH-030,2026-01-01 00:00:00,0,0,,
MCH-030,2026-01-02 00:00:00,0,0,,
MCH-030,2026-01-03 00:00:00,0,0,,
MCH-030,2026-01-04 00:00:00,0,0,,
MCH-030,2026-01-05 00:00:00,0,0,,
MCH-030,2026-01-06 00:00:00,0,0,,
MCH-030,2026-01-07 00:00:00,0,0,,
MCH-030,2026-01-08 00:00:00,0,0,,
MCH-030,2026-01-09 00:00:00,0,0,,
MCH-030,2026-01-10 00:00:00,0,0,,
MCH-030,2026-01-11 00:00:00,0,0,,
MCH-030,2026-01-12 00:00:00,0,0,,
MCH-030,2026-01-13 00:00:00,0,0,,
MCH-030,2026-01-14 00:00:00,0,0,,
MCH-030,2026-01-15 00:00:00,0,0,,
MCH-030,2026-01-16 00:00:00,0,0,,
MCH-030,2026-01-17 00:00:00,0,0,,
MCH-030,2026-01-18 00:00:00,0,0,,
MCH-030,2026-01-19 00:00:00,0,0,,
MCH-030,2026-01-20 00:00:00,0,0,,
MCH-030,2026-01-21 00:00:00,0,0,,
MCH-030,2026-01-22 00:00:00,0,0,,
MCH-030,2026-01-23 00:00:00,0,0,,
MCH-030,2026-01-24 00:00:00,0,0,,
MCH-030,2026-01-25 00:00:00,0,0,,
MCH-030,2026-01-26 00:00:00,0,0,,
MCH-030,2026-01-27 00:00:00,0,0,,
MCH-030,2026-01-28 00:00:00,0,0,,
MCH-030,2026-01-29 00:00:00,0,0,,
MCH-030,2026-01-30 00:00:00,0,0,,
MCH-030,2026-01-31 00:00:00,0,0,,
MCH-030,2026-02-01 00:00:00,0,0,,
MCH-030,2026-02-02 00:00:00,0,0,,
MCH-030,2026-02-03 00:00:00,0,0,,
MCH-030,2026-02-04 00:00:00,0,0,,
MCH-030,2026-02-05 00:00:00,0,0,,
MCH-030,2026-02-06 00:00:00,0,0,,
MCH-030,2026-02-07 00:00:00,0,0,,
MCH-030,2026-02-08 00:00:00,0,0,,
MCH-030,2026-02-09 00:00:00,0,0,,
MCH-030,2026-02-10 00:00:00,0,0,,
MCH-030,2026-02-11 00:00:00,0,0,,
MCH-030,2026-02-12 00:00:00,0,0,,
MCH-030,2026-02-13 00:00:00,0,0,,
MCH-030,2026-02-14 00:00:00,0,0,,
MCH-030,2026-02-15 00:00:00,0,0,,
MCH-030,2026-02-16 00:00:00,0,0,,
MCH-030,2026-02-17 00:00:00,0,0,,
MCH-030,2026-02-18 00:00:00,0,0,,
MCH-030,2026-02-19 00:00:00,0,0,,
MCH-030,2026-02-20 00:00:00,0,0,,
MCH-030,2026-02-21 00:00:00,0,0,,
MCH-030,2026-02-22 00:00:00,0,0,,
MCH-030,2026-02-23 00:00:00,0,0,,
MCH-030,2026-02-24 00:00:00,0,0,,
MCH-030,2026-02-25 00:00:00,0,0,,
MCH-030,2026-02-26 00:00:00,0,0,,
MCH-030,2026-02-27 00:00:00,0,0,,
MCH-030,2026-02-28 00:00:00,0,0,,
MCH-030,2026-03-01 00:00:00,0,0,,
MCH-030,2026-03-02 00:00:00,0,0,,
MCH-030,2026-03-03 00:00:00,0,0,,
MCH-030,2026-03-04 00:00:00,0,0,,
MCH-030,2026-03-05 00:00:00,0,0,,
MCH-030,2026-03-06 00:00:00,0,0,,
MCH-030,2026-03-07 00:00:00,0,0,,
MCH-030,2026-03-08 00:00:00,0,0,,
MCH-030,2026-03-09 00:00:00,0,0,,
MCH-030,2026-03-10 00:00:00,0,0,,
MCH-030,2026-03-11 00:00:00,0,0,,
MCH-030,2026-03-12 00:00:00,0,0,,
MCH-030,2026-03-13 00:00:00,0,0,,
MCH-030,2026-03-14 00:00:00,0,0,,
MCH-030,2026-03-15 00:00:00,0,0,,
MCH-030,2026-03-16 00:00:00,0,0,,
MCH-030,2026-03-17 00:00:00,0,0,,
MCH-030,2026-03-18 00:00:00,0,0,,
MCH-030,2026-03-19 00:00:00,0,0,,
MCH-030,2026-03-20 00:00:00,0,0,,
MCH-030,2026-03-21 00:00:00,0,0,,
MCH-030,2026-03-22 00:00:00,0,0,,
MCH-030,2026-03-23 00:00:00,0,0,,
MCH-030,2026-03-24 00:00:00,0,0,,
MCH-030,2026-03-25 00:00:00,0,0,,
MCH-030,2026-03-26 00:00:00,0,0,,
MCH-030,2026-03-27 00:00:00,0,0,,
MCH-030,2026-03-28 00:00:00,0,0,,
MCH-030,2026-03-29 00:00:00,0,0,,
MCH-030,2026-03-30 00:00:00,0,0,,
MCH-030,2026-03-31 00:00:00,0,0,,
MCH-030,2026-04-01 00:00:00,0,0,,
MCH-030,2026-04-02 00:00:00,0,0,,
MCH-030,2026-04-03 00:00:00,0,0,,
MCH-030,2026-04-04 00:00:00,0,0,,
MCH-030,2026-04-05 00:00:00,0,0,,
MCH-030,2026-04-06 00:00:00,0,0,,
MCH-030,2026-04-07 00:00:00,0,0,,
MCH-030,2026-04-08 00:00:00,0,0,,
MCH-030,2026-04-09 00:00:00,0,0,,
MCH-030,2026-04-10 00:00:00,0,0,,
MCH-030,2026-04-11 00:00:00,0,0,,
MCH-030,2026-04-12 00:00:00,0,0,,
MCH-030,2026-04-13 00:00:00,0,0,,
MCH-030,2026-04-14 00:00:00,0,0,,
MCH-030,2026-04-15 00:00:00,0,0,,
MCH-030,2026-04-16 00:00:00,0,0,,
MCH-030,2026-04-17 00:00:00,0,0,,
MCH-030,2026-04-18 00:00:00,0,0,,
MCH-030,2026-04-19 00:00:00,0,0,,
MCH-030,2026-04-20 00:00:00,0,0,,
MCH-030,2026-04-21 00:00:00,0,0,,
MCH-030,2026-04-22 00:00:00,0,0,,
MCH-030,2026-04-23 00:00:00,0,0,,
MCH-030,2026-04-24 00:00:00,0,0,,
MCH-030,2026-04-25 00:00:00,0,0,,
MCH-030,2026-04-26 00:00:00,0,0,,
MCH-030,2026-04-27 00:00:00,0,0,,
MCH-030,2026-04-28 00:00:00,0,0,,
MCH-030,2026-04-29 00:00:00,0,0,,
MCH-030,2026-04-30 00:00:00,0,0,,
MCH-030,2026-05-01 00:00:00,0,0,,
MCH-030,2026-05-02 00:00:00,0,0,,
MCH-030,2026-05-03 00:00:00,0,0,,
MCH-030,2026-05-04 00:00:00,0,0,,
MCH-030,2026-05-05 00:00:00,0,0,,
MCH-030,2026-05-06 00:00:00,0,0,,
MCH-030,2026-05-07 00:00:00,0,0,,
MCH-030,2026-05-08 00:00:00,0,0,,
MCH-030,2026-05-09 00:00:00,0,0,,
MCH-030,2026-05-10 00:00:00,0,0,,
MCH-030,2026-05-11 00:00:00,0,0,,
MCH-030,2026-05-12 00:00:00,0,0,,
MCH-030,2026-05-13 00:00:00,0,0,,
MCH-030,2026-05-14 00:00:00,0,0,,
MCH-030,2026-05-15 00:00:00,0,0,,
MCH-030,2026-05-16 00:00:00,0,0,,
MCH-030,2026-05-17 00:00:00,0,0,,
MCH-030,2026-05-18 00:00:00,0,0,,
MCH-030,2026-05-19 00:00:00,0,0,,
MCH-030,2026-05-20 00:00:00,0,0,,
MCH-030,2026-05-21 00:00:00,0,0,,
MCH-030,2026-05-22 00:00:00,0,0,,
MCH-030,2026-05-23 00:00:00,0,0,,
MCH-030,2026-05-24 00:00:00,0,0,,
MCH-030,2026-05-25 00:00:00,0,0,,
MCH-030,2026-05-26 00:00:00,0,0,,
MCH-030,2026-05-27 00:00:00,0,0,,
MCH-030,2026-05-28 00:00:00,0,0,,
MCH-030,2026-05-29 00:00:00,0,0,,
MCH-030,2026-05-30 00:00:00,0,0,,
MCH-030,2026-05-31 00:00:00,0,0,,
MCH-030,2026-06-01 00:00:00,0,0,,
MCH-030,2026-06-02 00:00:00,0,0,,
MCH-030,2026-06-03 00:00:00,0,0,,
MCH-030,2026-06-04 00:00:00,0,0,,
MCH-030,2026-06-05 00:00:00,0,0,,
MCH-030,2026-06-06 00:00:00,0,0,,
MCH-030,2026-06-07 00:00:00,0,0,,
MCH-030,2026-06-08 00:00:00,0,0,,
MCH-030,2026-06-09 00:00:00,0,0,,
MCH-030,2026-06-10 00:00:00,0,0,,
MCH-030,2026-06-11 00:00:00,0,0,,
MCH-030,2026-06-12 00:00:00,0,0,,
MCH-030,2026-06-13 00:00:00,0,0,,
MCH-030,2026-06-14 00:00:00,0,0,,
MCH-030,2026-06-15 00:00:00,0,1,TOOLING,medium
MCH-030,2026-06-16 00:00:00,0,1,MOTOR,high
MCH-030,2026-06-17 00:00:00,0,1,SENSOR,medium
MCH-030,2026-06-18 00:00:00,0,1,HYDRAULIC,medium
MCH-030,2026-06-19 00:00:00,0,1,HYDRAULIC,high
MCH-030,2026-06-20 00:00:00,0,1,ELECTRICAL,medium
MCH-030,2026-06-21 00:00:00,1,1,MOTOR,medium
MCH-030,2026-06-22 00:00:00,1,1,MOTOR,high
MCH-030,2026-06-23 00:00:00,0,0,,
MCH-030,2026-06-24 00:00:00,0,0,,
MCH-030,2026-06-25 00:00:00,0,0,,
MCH-030,2026-06-26 00:00:00,0,0,,
MCH-030,2026-06-27 00:00:00,0,0,,
MCH-030,2026-06-28 00:00:00,0,0,,
MCH-030,2026-06-29 00:00:00,0,0,,
MCH-030,2026-06-30 00:00:00,0,0,,
MCH-030,2026-07-01 00:00:00,0,0,,
MCH-030,2026-07-02 00:00:00,0,0,,
MCH-030,2026-07-03 00:00:00,0,0,,
MCH-030,2026-07-04 00:00:00,0,0,,
MCH-030,2026-07-05 00:00:00,0,0,,
MCH-030,2026-07-06 00:00:00,0,0,,
MCH-030,2026-07-07 00:00:00,0,0,,
MCH-030,2026-07-08 00:00:00,0,0,,
MCH-030,2026-07-09 00:00:00,0,0,,
MCH-030,2026-07-10 00:00:00,0,0,,
MCH-030,2026-07-11 00:00:00,0,0,,
MCH-030,2026-07-12 00:00:00,0,0,,
MCH-030,2026-07-13 00:00:00,0,0,,
MCH-030,2026-07-14 00:00:00,0,0,,
MCH-030,2026-07-15 00:00:00,0,0,,
MCH-030,2026-07-16 00:00:00,0,0,,
MCH-030,2026-07-17 00:00:00,0,0,,
MCH-030,2026-07-18 00:00:00,0,0,,
MCH-030,2026-07-19 00:00:00,0,0,,
MCH-030,2026-07-20 00:00:00,0,0,,
MCH-030,2026-07-21 00:00:00,0,0,,
MCH-030,2026-07-22 00:00:00,0,0,,
MCH-030,2026-07-23 00:00:00,0,0,,
MCH-030,2026-07-24 00:00:00,0,0,,
MCH-030,2026-07-25 00:00:00,0,0,,
MCH-030,2026-07-26 00:00:00,0,0,,
MCH-030,2026-07-27 00:00:00,0,0,,
MCH-030,2026-07-28 00:00:00,0,0,,
MCH-030,2026-07-29 00:00:00,0,0,,
MCH-030,2026-07-30 00:00:00,0,0,,
MCH-030,2026-07-31 00:00:00,0,0,,
MCH-031,2025-08-01 00:00:00,0,0,,
MCH-031,2025-08-02 00:00:00,0,0,,
MCH-031,2025-08-03 00:00:00,0,0,,
MCH-031,2025-08-04 00:00:00,0,0,,
MCH-031,2025-08-05 00:00:00,0,0,,
MCH-031,2025-08-06 00:00:00,0,0,,
MCH-031,2025-08-07 00:00:00,0,0,,
MCH-031,2025-08-08 00:00:00,0,0,,
MCH-031,2025-08-09 00:00:00,0,0,,
MCH-031,2025-08-10 00:00:00,0,0,,
MCH-031,2025-08-11 00:00:00,0,0,,
MCH-031,2025-08-12 00:00:00,0,0,,
MCH-031,2025-08-13 00:00:00,0,0,,
MCH-031,2025-08-14 00:00:00,0,0,,
MCH-031,2025-08-15 00:00:00,0,0,,
MCH-031,2025-08-16 00:00:00,0,0,,
MCH-031,2025-08-17 00:00:00,0,0,,
MCH-031,2025-08-18 00:00:00,0,0,,
MCH-031,2025-08-19 00:00:00,0,0,,
MCH-031,2025-08-20 00:00:00,0,0,,
MCH-031,2025-08-21 00:00:00,0,0,,
MCH-031,2025-08-22 00:00:00,0,0,,
MCH-031,2025-08-23 00:00:00,0,0,,
MCH-031,2025-08-24 00:00:00,0,0,,
MCH-031,2025-08-25 00:00:00,0,0,,
MCH-031,2025-08-26 00:00:00,0,0,,
MCH-031,2025-08-27 00:00:00,0,0,,
MCH-031,2025-08-28 00:00:00,0,0,,
MCH-031,2025-08-29 00:00:00,0,0,,
MCH-031,2025-08-30 00:00:00,0,0,,
MCH-031,2025-08-31 00:00:00,0,0,,
MCH-031,2025-09-01 00:00:00,0,0,,
MCH-031,2025-09-02 00:00:00,0,0,,
MCH-031,2025-09-03 00:00:00,0,0,,
MCH-031,2025-09-04 00:00:00,0,0,,
MCH-031,2025-09-05 00:00:00,0,1,SENSOR,medium
MCH-031,2025-09-06 00:00:00,0,1,ELECTRICAL,medium
MCH-031,2025-09-07 00:00:00,0,1,MOTOR,medium
MCH-031,2025-09-08 00:00:00,0,1,BEARING,medium
MCH-031,2025-09-09 00:00:00,0,1,BEARING,medium
MCH-031,2025-09-10 00:00:00,0,1,ELECTRICAL,medium
MCH-031,2025-09-11 00:00:00,1,1,MOTOR,high
MCH-031,2025-09-12 00:00:00,1,1,MOTOR,critical
MCH-031,2025-09-13 00:00:00,0,0,,
MCH-031,2025-09-14 00:00:00,0,0,,
MCH-031,2025-09-15 00:00:00,0,0,,
MCH-031,2025-09-16 00:00:00,0,0,,
MCH-031,2025-09-17 00:00:00,0,0,,
MCH-031,2025-09-18 00:00:00,0,0,,
MCH-031,2025-09-19 00:00:00,0,0,,
MCH-031,2025-09-20 00:00:00,0,0,,
MCH-031,2025-09-21 00:00:00,0,0,,
MCH-031,2025-09-22 00:00:00,0,0,,
MCH-031,2025-09-23 00:00:00,0,0,,
MCH-031,2025-09-24 00:00:00,0,0,,
MCH-031,2025-09-25 00:00:00,0,0,,
MCH-031,2025-09-26 00:00:00,0,0,,
MCH-031,2025-09-27 00:00:00,0,0,,
MCH-031,2025-09-28 00:00:00,0,0,,
MCH-031,2025-09-29 00:00:00,0,0,,
MCH-031,2025-09-30 00:00:00,0,0,,
MCH-031,2025-10-01 00:00:00,0,0,,
MCH-031,2025-10-02 00:00:00,0,0,,
MCH-031,2025-10-03 00:00:00,0,0,,
MCH-031,2025-10-04 00:00:00,0,0,,
MCH-031,2025-10-05 00:00:00,0,0,,
MCH-031,2025-10-06 00:00:00,0,0,,
MCH-031,2025-10-07 00:00:00,0,0,,
MCH-031,2025-10-08 00:00:00,0,0,,
MCH-031,2025-10-09 00:00:00,0,0,,
MCH-031,2025-10-10 00:00:00,0,0,,
MCH-031,2025-10-11 00:00:00,0,0,,
MCH-031,2025-10-12 00:00:00,0,0,,
MCH-031,2025-10-13 00:00:00,0,0,,
MCH-031,2025-10-14 00:00:00,0,0,,
MCH-031,2025-10-15 00:00:00,0,0,,
MCH-031,2025-10-16 00:00:00,0,0,,
MCH-031,2025-10-17 00:00:00,0,0,,
MCH-031,2025-10-18 00:00:00,0,0,,
MCH-031,2025-10-19 00:00:00,0,0,,
MCH-031,2025-10-20 00:00:00,0,0,,
MCH-031,2025-10-21 00:00:00,0,0,,
MCH-031,2025-10-22 00:00:00,0,0,,
MCH-031,2025-10-23 00:00:00,0,0,,
MCH-031,2025-10-24 00:00:00,0,0,,
MCH-031,2025-10-25 00:00:00,0,0,,
MCH-031,2025-10-26 00:00:00,0,0,,
MCH-031,2025-10-27 00:00:00,0,0,,
MCH-031,2025-10-28 00:00:00,0,0,,
MCH-031,2025-10-29 00:00:00,0,0,,
MCH-031,2025-10-30 00:00:00,0,0,,
MCH-031,2025-10-31 00:00:00,0,0,,
MCH-031,2025-11-01 00:00:00,0,0,,
MCH-031,2025-11-02 00:00:00,0,0,,
MCH-031,2025-11-03 00:00:00,0,0,,
MCH-031,2025-11-04 00:00:00,0,0,,
MCH-031,2025-11-05 00:00:00,0,0,,
MCH-031,2025-11-06 00:00:00,0,0,,
MCH-031,2025-11-07 00:00:00,0,0,,
MCH-031,2025-11-08 00:00:00,0,0,,
MCH-031,2025-11-09 00:00:00,0,0,,
MCH-031,2025-11-10 00:00:00,0,0,,
MCH-031,2025-11-11 00:00:00,0,0,,
MCH-031,2025-11-12 00:00:00,0,0,,
MCH-031,2025-11-13 00:00:00,0,0,,
MCH-031,2025-11-14 00:00:00,0,0,,
MCH-031,2025-11-15 00:00:00,0,0,,
MCH-031,2025-11-16 00:00:00,0,0,,
MCH-031,2025-11-17 00:00:00,0,0,,
MCH-031,2025-11-18 00:00:00,0,0,,
MCH-031,2025-11-19 00:00:00,0,0,,
MCH-031,2025-11-20 00:00:00,0,0,,
MCH-031,2025-11-21 00:00:00,0,0,,
MCH-031,2025-11-22 00:00:00,0,0,,
MCH-031,2025-11-23 00:00:00,0,0,,
MCH-031,2025-11-24 00:00:00,0,0,,
MCH-031,2025-11-25 00:00:00,0,0,,
MCH-031,2025-11-26 00:00:00,0,0,,
MCH-031,2025-11-27 00:00:00,0,0,,
MCH-031,2025-11-28 00:00:00,0,0,,
MCH-031,2025-11-29 00:00:00,0,0,,
MCH-031,2025-11-30 00:00:00,0,0,,
MCH-031,2025-12-01 00:00:00,0,0,,
MCH-031,2025-12-02 00:00:00,0,0,,
MCH-031,2025-12-03 00:00:00,0,0,,
MCH-031,2025-12-04 00:00:00,0,0,,
MCH-031,2025-12-05 00:00:00,0,0,,
MCH-031,2025-12-06 00:00:00,0,0,,
MCH-031,2025-12-07 00:00:00,0,0,,
MCH-031,2025-12-08 00:00:00,0,0,,
MCH-031,2025-12-09 00:00:00,0,0,,
MCH-031,2025-12-10 00:00:00,0,0,,
MCH-031,2025-12-11 00:00:00,0,0,,
MCH-031,2025-12-12 00:00:00,0,0,,
MCH-031,2025-12-13 00:00:00,0,0,,
MCH-031,2025-12-14 00:00:00,0,0,,
MCH-031,2025-12-15 00:00:00,0,0,,
MCH-031,2025-12-16 00:00:00,0,0,,
MCH-031,2025-12-17 00:00:00,0,0,,
MCH-031,2025-12-18 00:00:00,0,0,,
MCH-031,2025-12-19 00:00:00,0,0,,
MCH-031,2025-12-20 00:00:00,0,0,,
MCH-031,2025-12-21 00:00:00,0,0,,
MCH-031,2025-12-22 00:00:00,0,0,,
MCH-031,2025-12-23 00:00:00,0,0,,
MCH-031,2025-12-24 00:00:00,0,0,,
MCH-031,2025-12-25 00:00:00,0,0,,
MCH-031,2025-12-26 00:00:00,0,0,,
MCH-031,2025-12-27 00:00:00,0,0,,
MCH-031,2025-12-28 00:00:00,0,0,,
MCH-031,2025-12-29 00:00:00,0,0,,
MCH-031,2025-12-30 00:00:00,0,0,,
MCH-031,2025-12-31 00:00:00,0,0,,
MCH-031,2026-01-01 00:00:00,0,0,,
MCH-031,2026-01-02 00:00:00,0,0,,
MCH-031,2026-01-03 00:00:00,0,0,,
MCH-031,2026-01-04 00:00:00,0,0,,
MCH-031,2026-01-05 00:00:00,0,0,,
MCH-031,2026-01-06 00:00:00,0,0,,
MCH-031,2026-01-07 00:00:00,0,0,,
MCH-031,2026-01-08 00:00:00,0,0,,
MCH-031,2026-01-09 00:00:00,0,0,,
MCH-031,2026-01-10 00:00:00,0,0,,
MCH-031,2026-01-11 00:00:00,0,0,,
MCH-031,2026-01-12 00:00:00,0,0,,
MCH-031,2026-01-13 00:00:00,0,0,,
MCH-031,2026-01-14 00:00:00,0,0,,
MCH-031,2026-01-15 00:00:00,0,0,,
MCH-031,2026-01-16 00:00:00,0,0,,
MCH-031,2026-01-17 00:00:00,0,0,,
MCH-031,2026-01-18 00:00:00,0,0,,
MCH-031,2026-01-19 00:00:00,0,0,,
MCH-031,2026-01-20 00:00:00,0,0,,
MCH-031,2026-01-21 00:00:00,0,0,,
MCH-031,2026-01-22 00:00:00,0,0,,
MCH-031,2026-01-23 00:00:00,0,0,,
MCH-031,2026-01-24 00:00:00,0,0,,
MCH-031,2026-01-25 00:00:00,0,0,,
MCH-031,2026-01-26 00:00:00,0,0,,
MCH-031,2026-01-27 00:00:00,0,0,,
MCH-031,2026-01-28 00:00:00,0,0,,
MCH-031,2026-01-29 00:00:00,0,0,,
MCH-031,2026-01-30 00:00:00,0,0,,
MCH-031,2026-01-31 00:00:00,0,0,,
MCH-031,2026-02-01 00:00:00,0,0,,
MCH-031,2026-02-02 00:00:00,0,0,,
MCH-031,2026-02-03 00:00:00,0,0,,
MCH-031,2026-02-04 00:00:00,0,0,,
MCH-031,2026-02-05 00:00:00,0,0,,
MCH-031,2026-02-06 00:00:00,0,0,,
MCH-031,2026-02-07 00:00:00,0,0,,
MCH-031,2026-02-08 00:00:00,0,0,,
MCH-031,2026-02-09 00:00:00,0,0,,
MCH-031,2026-02-10 00:00:00,0,0,,
MCH-031,2026-02-11 00:00:00,0,0,,
MCH-031,2026-02-12 00:00:00,0,0,,
MCH-031,2026-02-13 00:00:00,0,0,,
MCH-031,2026-02-14 00:00:00,0,0,,
MCH-031,2026-02-15 00:00:00,0,0,,
MCH-031,2026-02-16 00:00:00,0,0,,
MCH-031,2026-02-17 00:00:00,0,0,,
MCH-031,2026-02-18 00:00:00,0,0,,
MCH-031,2026-02-19 00:00:00,0,0,,
MCH-031,2026-02-20 00:00:00,0,0,,
MCH-031,2026-02-21 00:00:00,0,0,,
MCH-031,2026-02-22 00:00:00,0,0,,
MCH-031,2026-02-23 00:00:00,0,0,,
MCH-031,2026-02-24 00:00:00,0,0,,
MCH-031,2026-02-25 00:00:00,0,0,,
MCH-031,2026-02-26 00:00:00,0,0,,
MCH-031,2026-02-27 00:00:00,0,0,,
MCH-031,2026-02-28 00:00:00,0,0,,
MCH-031,2026-03-01 00:00:00,0,0,,
MCH-031,2026-03-02 00:00:00,0,0,,
MCH-031,2026-03-03 00:00:00,0,0,,
MCH-031,2026-03-04 00:00:00,0,0,,
MCH-031,2026-03-05 00:00:00,0,0,,
MCH-031,2026-03-06 00:00:00,0,0,,
MCH-031,2026-03-07 00:00:00,0,0,,
MCH-031,2026-03-08 00:00:00,0,0,,
MCH-031,2026-03-09 00:00:00,0,0,,
MCH-031,2026-03-10 00:00:00,0,0,,
MCH-031,2026-03-11 00:00:00,0,0,,
MCH-031,2026-03-12 00:00:00,0,0,,
MCH-031,2026-03-13 00:00:00,0,0,,
MCH-031,2026-03-14 00:00:00,0,0,,
MCH-031,2026-03-15 00:00:00,0,0,,
MCH-031,2026-03-16 00:00:00,0,0,,
MCH-031,2026-03-17 00:00:00,0,0,,
MCH-031,2026-03-18 00:00:00,0,0,,
MCH-031,2026-03-19 00:00:00,0,0,,
MCH-031,2026-03-20 00:00:00,0,0,,
MCH-031,2026-03-21 00:00:00,0,0,,
MCH-031,2026-03-22 00:00:00,0,0,,
MCH-031,2026-03-23 00:00:00,0,0,,
MCH-031,2026-03-24 00:00:00,0,0,,
MCH-031,2026-03-25 00:00:00,0,0,,
MCH-031,2026-03-26 00:00:00,0,0,,
MCH-031,2026-03-27 00:00:00,0,0,,
MCH-031,2026-03-28 00:00:00,0,0,,
MCH-031,2026-03-29 00:00:00,0,0,,
MCH-031,2026-03-30 00:00:00,0,0,,
MCH-031,2026-03-31 00:00:00,0,0,,
MCH-031,2026-04-01 00:00:00,0,0,,
MCH-031,2026-04-02 00:00:00,0,0,,
MCH-031,2026-04-03 00:00:00,0,0,,
MCH-031,2026-04-04 00:00:00,0,0,,
MCH-031,2026-04-05 00:00:00,0,0,,
MCH-031,2026-04-06 00:00:00,0,1,ELECTRICAL,medium
MCH-031,2026-04-07 00:00:00,0,1,BEARING,high
MCH-031,2026-04-08 00:00:00,0,1,TOOLING,medium
MCH-031,2026-04-09 00:00:00,0,1,HYDRAULIC,medium
MCH-031,2026-04-10 00:00:00,0,1,TOOLING,medium
MCH-031,2026-04-11 00:00:00,0,1,SENSOR,medium
MCH-031,2026-04-12 00:00:00,1,1,TOOLING,high
MCH-031,2026-04-13 00:00:00,1,1,HYDRAULIC,medium
MCH-031,2026-04-14 00:00:00,0,0,,
MCH-031,2026-04-15 00:00:00,0,0,,
MCH-031,2026-04-16 00:00:00,0,0,,
MCH-031,2026-04-17 00:00:00,0,0,,
MCH-031,2026-04-18 00:00:00,0,0,,
MCH-031,2026-04-19 00:00:00,0,0,,
MCH-031,2026-04-20 00:00:00,0,0,,
MCH-031,2026-04-21 00:00:00,0,0,,
MCH-031,2026-04-22 00:00:00,0,0,,
MCH-031,2026-04-23 00:00:00,0,0,,
MCH-031,2026-04-24 00:00:00,0,0,,
MCH-031,2026-04-25 00:00:00,0,0,,
MCH-031,2026-04-26 00:00:00,0,0,,
MCH-031,2026-04-27 00:00:00,0,0,,
MCH-031,2026-04-28 00:00:00,0,0,,
MCH-031,2026-04-29 00:00:00,0,0,,
MCH-031,2026-04-30 00:00:00,0,0,,
MCH-031,2026-05-01 00:00:00,0,0,,
MCH-031,2026-05-02 00:00:00,0,0,,
MCH-031,2026-05-03 00:00:00,0,0,,
MCH-031,2026-05-04 00:00:00,0,0,,
MCH-031,2026-05-05 00:00:00,0,0,,
MCH-031,2026-05-06 00:00:00,0,0,,
MCH-031,2026-05-07 00:00:00,0,0,,
MCH-031,2026-05-08 00:00:00,0,0,,
MCH-031,2026-05-09 00:00:00,0,0,,
MCH-031,2026-05-10 00:00:00,0,0,,
MCH-031,2026-05-11 00:00:00,0,0,,
MCH-031,2026-05-12 00:00:00,0,0,,
MCH-031,2026-05-13 00:00:00,0,0,,
MCH-031,2026-05-14 00:00:00,0,0,,
MCH-031,2026-05-15 00:00:00,0,1,BEARING,high
MCH-031,2026-05-16 00:00:00,0,1,ELECTRICAL,high
MCH-031,2026-05-17 00:00:00,0,1,SENSOR,medium
MCH-031,2026-05-18 00:00:00,0,1,ELECTRICAL,medium
MCH-031,2026-05-19 00:00:00,0,1,HYDRAULIC,high
MCH-031,2026-05-20 00:00:00,0,1,HYDRAULIC,medium
MCH-031,2026-05-21 00:00:00,1,1,ELECTRICAL,critical
MCH-031,2026-05-22 00:00:00,1,1,SENSOR,medium
MCH-031,2026-05-23 00:00:00,0,0,,
MCH-031,2026-05-24 00:00:00,0,0,,
MCH-031,2026-05-25 00:00:00,0,0,,
MCH-031,2026-05-26 00:00:00,0,0,,
MCH-031,2026-05-27 00:00:00,0,0,,
MCH-031,2026-05-28 00:00:00,0,0,,
MCH-031,2026-05-29 00:00:00,0,0,,
MCH-031,2026-05-30 00:00:00,0,0,,
MCH-031,2026-05-31 00:00:00,0,0,,
MCH-031,2026-06-01 00:00:00,0,0,,
MCH-031,2026-06-02 00:00:00,0,0,,
MCH-031,2026-06-03 00:00:00,0,0,,
MCH-031,2026-06-04 00:00:00,0,0,,
MCH-031,2026-06-05 00:00:00,0,0,,
MCH-031,2026-06-06 00:00:00,0,0,,
MCH-031,2026-06-07 00:00:00,0,0,,
MCH-031,2026-06-08 00:00:00,0,0,,
MCH-031,2026-06-09 00:00:00,0,0,,
MCH-031,2026-06-10 00:00:00,0,0,,
MCH-031,2026-06-11 00:00:00,0,0,,
MCH-031,2026-06-12 00:00:00,0,0,,
MCH-031,2026-06-13 00:00:00,0,0,,
MCH-031,2026-06-14 00:00:00,0,0,,
MCH-031,2026-06-15 00:00:00,0,0,,
MCH-031,2026-06-16 00:00:00,0,0,,
MCH-031,2026-06-17 00:00:00,0,0,,
MCH-031,2026-06-18 00:00:00,0,0,,
MCH-031,2026-06-19 00:00:00,0,0,,
MCH-031,2026-06-20 00:00:00,0,0,,
MCH-031,2026-06-21 00:00:00,0,0,,
MCH-031,2026-06-22 00:00:00,0,0,,
MCH-031,2026-06-23 00:00:00,0,0,,
MCH-031,2026-06-24 00:00:00,0,0,,
MCH-031,2026-06-25 00:00:00,0,0,,
MCH-031,2026-06-26 00:00:00,0,0,,
MCH-031,2026-06-27 00:00:00,0,0,,
MCH-031,2026-06-28 00:00:00,0,0,,
MCH-031,2026-06-29 00:00:00,0,0,,
MCH-031,2026-06-30 00:00:00,0,0,,
MCH-031,2026-07-01 00:00:00,0,0,,
MCH-031,2026-07-02 00:00:00,0,0,,
MCH-031,2026-07-03 00:00:00,0,0,,
MCH-031,2026-07-04 00:00:00,0,0,,
MCH-031,2026-07-05 00:00:00,0,0,,
MCH-031,2026-07-06 00:00:00,0,0,,
MCH-031,2026-07-07 00:00:00,0,0,,
MCH-031,2026-07-08 00:00:00,0,0,,
MCH-031,2026-07-09 00:00:00,0,0,,
MCH-031,2026-07-10 00:00:00,0,0,,
MCH-031,2026-07-11 00:00:00,0,0,,
MCH-031,2026-07-12 00:00:00,0,0,,
MCH-031,2026-07-13 00:00:00,0,0,,
MCH-031,2026-07-14 00:00:00,0,0,,
MCH-031,2026-07-15 00:00:00,0,0,,
MCH-031,2026-07-16 00:00:00,0,0,,
MCH-031,2026-07-17 00:00:00,0,0,,
MCH-031,2026-07-18 00:00:00,0,0,,
MCH-031,2026-07-19 00:00:00,0,0,,
MCH-031,2026-07-20 00:00:00,0,0,,
MCH-031,2026-07-21 00:00:00,0,0,,
MCH-031,2026-07-22 00:00:00,0,0,,
MCH-031,2026-07-23 00:00:00,0,0,,
MCH-031,2026-07-24 00:00:00,0,0,,
MCH-031,2026-07-25 00:00:00,0,0,,
MCH-031,2026-07-26 00:00:00,0,0,,
MCH-031,2026-07-27 00:00:00,0,0,,
MCH-031,2026-07-28 00:00:00,0,0,,
MCH-031,2026-07-29 00:00:00,0,0,,
MCH-031,2026-07-30 00:00:00,0,0,,
MCH-031,2026-07-31 00:00:00,0,0,,
MCH-032,2025-08-01 00:00:00,0,0,,
MCH-032,2025-08-02 00:00:00,0,0,,
MCH-032,2025-08-03 00:00:00,0,0,,
MCH-032,2025-08-04 00:00:00,0,0,,
MCH-032,2025-08-05 00:00:00,0,0,,
MCH-032,2025-08-06 00:00:00,0,0,,
MCH-032,2025-08-07 00:00:00,0,0,,
MCH-032,2025-08-08 00:00:00,0,0,,
MCH-032,2025-08-09 00:00:00,0,0,,
MCH-032,2025-08-10 00:00:00,0,0,,
MCH-032,2025-08-11 00:00:00,0,0,,
MCH-032,2025-08-12 00:00:00,0,0,,
MCH-032,2025-08-13 00:00:00,0,0,,
MCH-032,2025-08-14 00:00:00,0,0,,
MCH-032,2025-08-15 00:00:00,0,0,,
MCH-032,2025-08-16 00:00:00,0,0,,
MCH-032,2025-08-17 00:00:00,0,0,,
MCH-032,2025-08-18 00:00:00,0,0,,
MCH-032,2025-08-19 00:00:00,0,0,,
MCH-032,2025-08-20 00:00:00,0,0,,
MCH-032,2025-08-21 00:00:00,0,0,,
MCH-032,2025-08-22 00:00:00,0,0,,
MCH-032,2025-08-23 00:00:00,0,0,,
MCH-032,2025-08-24 00:00:00,0,0,,
MCH-032,2025-08-25 00:00:00,0,0,,
MCH-032,2025-08-26 00:00:00,0,0,,
MCH-032,2025-08-27 00:00:00,0,0,,
MCH-032,2025-08-28 00:00:00,0,0,,
MCH-032,2025-08-29 00:00:00,0,0,,
MCH-032,2025-08-30 00:00:00,0,0,,
MCH-032,2025-08-31 00:00:00,0,0,,
MCH-032,2025-09-01 00:00:00,0,0,,
MCH-032,2025-09-02 00:00:00,0,0,,
MCH-032,2025-09-03 00:00:00,0,0,,
MCH-032,2025-09-04 00:00:00,0,0,,
MCH-032,2025-09-05 00:00:00,0,0,,
MCH-032,2025-09-06 00:00:00,0,0,,
MCH-032,2025-09-07 00:00:00,0,0,,
MCH-032,2025-09-08 00:00:00,0,0,,
MCH-032,2025-09-09 00:00:00,0,0,,
MCH-032,2025-09-10 00:00:00,0,0,,
MCH-032,2025-09-11 00:00:00,0,0,,
MCH-032,2025-09-12 00:00:00,0,0,,
MCH-032,2025-09-13 00:00:00,0,0,,
MCH-032,2025-09-14 00:00:00,0,0,,
MCH-032,2025-09-15 00:00:00,0,0,,
MCH-032,2025-09-16 00:00:00,0,0,,
MCH-032,2025-09-17 00:00:00,0,0,,
MCH-032,2025-09-18 00:00:00,0,0,,
MCH-032,2025-09-19 00:00:00,0,0,,
MCH-032,2025-09-20 00:00:00,0,0,,
MCH-032,2025-09-21 00:00:00,0,0,,
MCH-032,2025-09-22 00:00:00,0,0,,
MCH-032,2025-09-23 00:00:00,0,0,,
MCH-032,2025-09-24 00:00:00,0,0,,
MCH-032,2025-09-25 00:00:00,0,0,,
MCH-032,2025-09-26 00:00:00,0,0,,
MCH-032,2025-09-27 00:00:00,0,0,,
MCH-032,2025-09-28 00:00:00,0,0,,
MCH-032,2025-09-29 00:00:00,0,0,,
MCH-032,2025-09-30 00:00:00,0,0,,
MCH-032,2025-10-01 00:00:00,0,0,,
MCH-032,2025-10-02 00:00:00,0,0,,
MCH-032,2025-10-03 00:00:00,0,0,,
MCH-032,2025-10-04 00:00:00,0,0,,
MCH-032,2025-10-05 00:00:00,0,0,,
MCH-032,2025-10-06 00:00:00,0,0,,
MCH-032,2025-10-07 00:00:00,0,0,,
MCH-032,2025-10-08 00:00:00,0,0,,
MCH-032,2025-10-09 00:00:00,0,0,,
MCH-032,2025-10-10 00:00:00,0,0,,
MCH-032,2025-10-11 00:00:00,0,0,,
MCH-032,2025-10-12 00:00:00,0,0,,
MCH-032,2025-10-13 00:00:00,0,0,,
MCH-032,2025-10-14 00:00:00,0,0,,
MCH-032,2025-10-15 00:00:00,0,0,,
MCH-032,2025-10-16 00:00:00,0,0,,
MCH-032,2025-10-17 00:00:00,0,0,,
MCH-032,2025-10-18 00:00:00,0,0,,
MCH-032,2025-10-19 00:00:00,0,0,,
MCH-032,2025-10-20 00:00:00,0,0,,
MCH-032,2025-10-21 00:00:00,0,0,,
MCH-032,2025-10-22 00:00:00,0,0,,
MCH-032,2025-10-23 00:00:00,0,0,,
MCH-032,2025-10-24 00:00:00,0,0,,
MCH-032,2025-10-25 00:00:00,0,0,,
MCH-032,2025-10-26 00:00:00,0,0,,
MCH-032,2025-10-27 00:00:00,0,0,,
MCH-032,2025-10-28 00:00:00,0,0,,
MCH-032,2025-10-29 00:00:00,0,0,,
MCH-032,2025-10-30 00:00:00,0,0,,
MCH-032,2025-10-31 00:00:00,0,0,,
MCH-032,2025-11-01 00:00:00,0,0,,
MCH-032,2025-11-02 00:00:00,0,0,,
MCH-032,2025-11-03 00:00:00,0,0,,
MCH-032,2025-11-04 00:00:00,0,0,,
MCH-032,2025-11-05 00:00:00,0,0,,
MCH-032,2025-11-06 00:00:00,0,0,,
MCH-032,2025-11-07 00:00:00,0,0,,
MCH-032,2025-11-08 00:00:00,0,0,,
MCH-032,2025-11-09 00:00:00,0,0,,
MCH-032,2025-11-10 00:00:00,0,0,,
MCH-032,2025-11-11 00:00:00,0,0,,
MCH-032,2025-11-12 00:00:00,0,0,,
MCH-032,2025-11-13 00:00:00,0,0,,
MCH-032,2025-11-14 00:00:00,0,0,,
MCH-032,2025-11-15 00:00:00,0,0,,
MCH-032,2025-11-16 00:00:00,0,0,,
MCH-032,2025-11-17 00:00:00,0,0,,
MCH-032,2025-11-18 00:00:00,0,0,,
MCH-032,2025-11-19 00:00:00,0,0,,
MCH-032,2025-11-20 00:00:00,0,0,,
MCH-032,2025-11-21 00:00:00,0,0,,
MCH-032,2025-11-22 00:00:00,0,0,,
MCH-032,2025-11-23 00:00:00,0,0,,
MCH-032,2025-11-24 00:00:00,0,0,,
MCH-032,2025-11-25 00:00:00,0,1,BEARING,critical
MCH-032,2025-11-26 00:00:00,0,1,TOOLING,medium
MCH-032,2025-11-27 00:00:00,0,1,TOOLING,medium
MCH-032,2025-11-28 00:00:00,0,1,SENSOR,medium
MCH-032,2025-11-29 00:00:00,0,1,MOTOR,high
MCH-032,2025-11-30 00:00:00,0,1,BEARING,high
MCH-032,2025-12-01 00:00:00,1,1,HYDRAULIC,medium
MCH-032,2025-12-02 00:00:00,1,1,SENSOR,high
MCH-032,2025-12-03 00:00:00,0,0,,
MCH-032,2025-12-04 00:00:00,0,0,,
MCH-032,2025-12-05 00:00:00,0,0,,
MCH-032,2025-12-06 00:00:00,0,0,,
MCH-032,2025-12-07 00:00:00,0,0,,
MCH-032,2025-12-08 00:00:00,0,0,,
MCH-032,2025-12-09 00:00:00,0,0,,
MCH-032,2025-12-10 00:00:00,0,0,,
MCH-032,2025-12-11 00:00:00,0,0,,
MCH-032,2025-12-12 00:00:00,0,0,,
MCH-032,2025-12-13 00:00:00,0,0,,
MCH-032,2025-12-14 00:00:00,0,0,,
MCH-032,2025-12-15 00:00:00,0,0,,
MCH-032,2025-12-16 00:00:00,0,0,,
MCH-032,2025-12-17 00:00:00,0,0,,
MCH-032,2025-12-18 00:00:00,0,0,,
MCH-032,2025-12-19 00:00:00,0,0,,
MCH-032,2025-12-20 00:00:00,0,0,,
MCH-032,2025-12-21 00:00:00,0,0,,
MCH-032,2025-12-22 00:00:00,0,0,,
MCH-032,2025-12-23 00:00:00,0,0,,
MCH-032,2025-12-24 00:00:00,0,0,,
MCH-032,2025-12-25 00:00:00,0,0,,
MCH-032,2025-12-26 00:00:00,0,0,,
MCH-032,2025-12-27 00:00:00,0,0,,
MCH-032,2025-12-28 00:00:00,0,0,,
MCH-032,2025-12-29 00:00:00,0,0,,
MCH-032,2025-12-30 00:00:00,0,0,,
MCH-032,2025-12-31 00:00:00,0,0,,
MCH-032,2026-01-01 00:00:00,0,0,,
MCH-032,2026-01-02 00:00:00,0,0,,
MCH-032,2026-01-03 00:00:00,0,0,,
MCH-032,2026-01-04 00:00:00,0,0,,
MCH-032,2026-01-05 00:00:00,0,0,,
MCH-032,2026-01-06 00:00:00,0,0,,
MCH-032,2026-01-07 00:00:00,0,0,,
MCH-032,2026-01-08 00:00:00,0,0,,
MCH-032,2026-01-09 00:00:00,0,0,,
MCH-032,2026-01-10 00:00:00,0,0,,
MCH-032,2026-01-11 00:00:00,0,0,,
MCH-032,2026-01-12 00:00:00,0,0,,
MCH-032,2026-01-13 00:00:00,0,0,,
MCH-032,2026-01-14 00:00:00,0,0,,
MCH-032,2026-01-15 00:00:00,0,0,,
MCH-032,2026-01-16 00:00:00,0,0,,
MCH-032,2026-01-17 00:00:00,0,0,,
MCH-032,2026-01-18 00:00:00,0,0,,
MCH-032,2026-01-19 00:00:00,0,0,,
MCH-032,2026-01-20 00:00:00,0,0,,
MCH-032,2026-01-21 00:00:00,0,0,,
MCH-032,2026-01-22 00:00:00,0,0,,
MCH-032,2026-01-23 00:00:00,0,0,,
MCH-032,2026-01-24 00:00:00,0,0,,
MCH-032,2026-01-25 00:00:00,0,0,,
MCH-032,2026-01-26 00:00:00,0,0,,
MCH-032,2026-01-27 00:00:00,0,0,,
MCH-032,2026-01-28 00:00:00,0,0,,
MCH-032,2026-01-29 00:00:00,0,0,,
MCH-032,2026-01-30 00:00:00,0,0,,
MCH-032,2026-01-31 00:00:00,0,0,,
MCH-032,2026-02-01 00:00:00,0,0,,
MCH-032,2026-02-02 00:00:00,0,0,,
MCH-032,2026-02-03 00:00:00,0,0,,
MCH-032,2026-02-04 00:00:00,0,0,,
MCH-032,2026-02-05 00:00:00,0,0,,
MCH-032,2026-02-06 00:00:00,0,0,,
MCH-032,2026-02-07 00:00:00,0,0,,
MCH-032,2026-02-08 00:00:00,0,0,,
MCH-032,2026-02-09 00:00:00,0,0,,
MCH-032,2026-02-10 00:00:00,0,0,,
MCH-032,2026-02-11 00:00:00,0,0,,
MCH-032,2026-02-12 00:00:00,0,0,,
MCH-032,2026-02-13 00:00:00,0,0,,
MCH-032,2026-02-14 00:00:00,0,0,,
MCH-032,2026-02-15 00:00:00,0,0,,
MCH-032,2026-02-16 00:00:00,0,0,,
MCH-032,2026-02-17 00:00:00,0,0,,
MCH-032,2026-02-18 00:00:00,0,0,,
MCH-032,2026-02-19 00:00:00,0,0,,
MCH-032,2026-02-20 00:00:00,0,0,,
MCH-032,2026-02-21 00:00:00,0,0,,
MCH-032,2026-02-22 00:00:00,0,0,,
MCH-032,2026-02-23 00:00:00,0,0,,
MCH-032,2026-02-24 00:00:00,0,0,,
MCH-032,2026-02-25 00:00:00,0,0,,
MCH-032,2026-02-26 00:00:00,0,0,,
MCH-032,2026-02-27 00:00:00,0,0,,
MCH-032,2026-02-28 00:00:00,0,0,,
MCH-032,2026-03-01 00:00:00,0,0,,
MCH-032,2026-03-02 00:00:00,0,0,,
MCH-032,2026-03-03 00:00:00,0,0,,
MCH-032,2026-03-04 00:00:00,0,0,,
MCH-032,2026-03-05 00:00:00,0,0,,
MCH-032,2026-03-06 00:00:00,0,0,,
MCH-032,2026-03-07 00:00:00,0,0,,
MCH-032,2026-03-08 00:00:00,0,0,,
MCH-032,2026-03-09 00:00:00,0,0,,
MCH-032,2026-03-10 00:00:00,0,0,,
MCH-032,2026-03-11 00:00:00,0,0,,
MCH-032,2026-03-12 00:00:00,0,0,,
MCH-032,2026-03-13 00:00:00,0,0,,
MCH-032,2026-03-14 00:00:00,0,0,,
MCH-032,2026-03-15 00:00:00,0,0,,
MCH-032,2026-03-16 00:00:00,0,0,,
MCH-032,2026-03-17 00:00:00,0,0,,
MCH-032,2026-03-18 00:00:00,0,0,,
MCH-032,2026-03-19 00:00:00,0,0,,
MCH-032,2026-03-20 00:00:00,0,0,,
MCH-032,2026-03-21 00:00:00,0,0,,
MCH-032,2026-03-22 00:00:00,0,0,,
MCH-032,2026-03-23 00:00:00,0,0,,
MCH-032,2026-03-24 00:00:00,0,0,,
MCH-032,2026-03-25 00:00:00,0,0,,
MCH-032,2026-03-26 00:00:00,0,0,,
MCH-032,2026-03-27 00:00:00,0,0,,
MCH-032,2026-03-28 00:00:00,0,0,,
MCH-032,2026-03-29 00:00:00,0,0,,
MCH-032,2026-03-30 00:00:00,0,0,,
MCH-032,2026-03-31 00:00:00,0,0,,
MCH-032,2026-04-01 00:00:00,0,0,,
MCH-032,2026-04-02 00:00:00,0,0,,
MCH-032,2026-04-03 00:00:00,0,0,,
MCH-032,2026-04-04 00:00:00,0,0,,
MCH-032,2026-04-05 00:00:00,0,0,,
MCH-032,2026-04-06 00:00:00,0,0,,
MCH-032,2026-04-07 00:00:00,0,0,,
MCH-032,2026-04-08 00:00:00,0,0,,
MCH-032,2026-04-09 00:00:00,0,0,,
MCH-032,2026-04-10 00:00:00,0,0,,
MCH-032,2026-04-11 00:00:00,0,0,,
MCH-032,2026-04-12 00:00:00,0,0,,
MCH-032,2026-04-13 00:00:00,0,0,,
MCH-032,2026-04-14 00:00:00,0,0,,
MCH-032,2026-04-15 00:00:00,0,0,,
MCH-032,2026-04-16 00:00:00,0,0,,
MCH-032,2026-04-17 00:00:00,0,0,,
MCH-032,2026-04-18 00:00:00,0,0,,
MCH-032,2026-04-19 00:00:00,0,0,,
MCH-032,2026-04-20 00:00:00,0,0,,
MCH-032,2026-04-21 00:00:00,0,0,,
MCH-032,2026-04-22 00:00:00,0,0,,
MCH-032,2026-04-23 00:00:00,0,0,,
MCH-032,2026-04-24 00:00:00,0,0,,
MCH-032,2026-04-25 00:00:00,0,0,,
MCH-032,2026-04-26 00:00:00,0,0,,
MCH-032,2026-04-27 00:00:00,0,0,,
MCH-032,2026-04-28 00:00:00,0,0,,
MCH-032,2026-04-29 00:00:00,0,0,,
MCH-032,2026-04-30 00:00:00,0,0,,
MCH-032,2026-05-01 00:00:00,0,0,,
MCH-032,2026-05-02 00:00:00,0,0,,
MCH-032,2026-05-03 00:00:00,0,0,,
MCH-032,2026-05-04 00:00:00,0,0,,
MCH-032,2026-05-05 00:00:00,0,0,,
MCH-032,2026-05-06 00:00:00,0,0,,
MCH-032,2026-05-07 00:00:00,0,0,,
MCH-032,2026-05-08 00:00:00,0,0,,
MCH-032,2026-05-09 00:00:00,0,0,,
MCH-032,2026-05-10 00:00:00,0,0,,
MCH-032,2026-05-11 00:00:00,0,0,,
MCH-032,2026-05-12 00:00:00,0,0,,
MCH-032,2026-05-13 00:00:00,0,0,,
MCH-032,2026-05-14 00:00:00,0,0,,
MCH-032,2026-05-15 00:00:00,0,0,,
MCH-032,2026-05-16 00:00:00,0,0,,
MCH-032,2026-05-17 00:00:00,0,0,,
MCH-032,2026-05-18 00:00:00,0,0,,
MCH-032,2026-05-19 00:00:00,0,0,,
MCH-032,2026-05-20 00:00:00,0,0,,
MCH-032,2026-05-21 00:00:00,0,0,,
MCH-032,2026-05-22 00:00:00,0,0,,
MCH-032,2026-05-23 00:00:00,0,0,,
MCH-032,2026-05-24 00:00:00,0,0,,
MCH-032,2026-05-25 00:00:00,0,0,,
MCH-032,2026-05-26 00:00:00,0,0,,
MCH-032,2026-05-27 00:00:00,0,0,,
MCH-032,2026-05-28 00:00:00,0,0,,
MCH-032,2026-05-29 00:00:00,0,0,,
MCH-032,2026-05-30 00:00:00,0,0,,
MCH-032,2026-05-31 00:00:00,0,0,,
MCH-032,2026-06-01 00:00:00,0,0,,
MCH-032,2026-06-02 00:00:00,0,0,,
MCH-032,2026-06-03 00:00:00,0,0,,
MCH-032,2026-06-04 00:00:00,0,0,,
MCH-032,2026-06-05 00:00:00,0,0,,
MCH-032,2026-06-06 00:00:00,0,0,,
MCH-032,2026-06-07 00:00:00,0,0,,
MCH-032,2026-06-08 00:00:00,0,0,,
MCH-032,2026-06-09 00:00:00,0,0,,
MCH-032,2026-06-10 00:00:00,0,0,,
MCH-032,2026-06-11 00:00:00,0,0,,
MCH-032,2026-06-12 00:00:00,0,0,,
MCH-032,2026-06-13 00:00:00,0,0,,
MCH-032,2026-06-14 00:00:00,0,0,,
MCH-032,2026-06-15 00:00:00,0,0,,
MCH-032,2026-06-16 00:00:00,0,0,,
MCH-032,2026-06-17 00:00:00,0,0,,
MCH-032,2026-06-18 00:00:00,0,0,,
MCH-032,2026-06-19 00:00:00,0,0,,
MCH-032,2026-06-20 00:00:00,0,0,,
MCH-032,2026-06-21 00:00:00,0,0,,
MCH-032,2026-06-22 00:00:00,0,0,,
MCH-032,2026-06-23 00:00:00,0,0,,
MCH-032,2026-06-24 00:00:00,0,0,,
MCH-032,2026-06-25 00:00:00,0,0,,
MCH-032,2026-06-26 00:00:00,0,0,,
MCH-032,2026-06-27 00:00:00,0,0,,
MCH-032,2026-06-28 00:00:00,0,0,,
MCH-032,2026-06-29 00:00:00,0,0,,
MCH-032,2026-06-30 00:00:00,0,0,,
MCH-032,2026-07-01 00:00:00,0,0,,
MCH-032,2026-07-02 00:00:00,0,0,,
MCH-032,2026-07-03 00:00:00,0,0,,
MCH-032,2026-07-04 00:00:00,0,0,,
MCH-032,2026-07-05 00:00:00,0,0,,
MCH-032,2026-07-06 00:00:00,0,0,,
MCH-032,2026-07-07 00:00:00,0,0,,
MCH-032,2026-07-08 00:00:00,0,0,,
MCH-032,2026-07-09 00:00:00,0,0,,
MCH-032,2026-07-10 00:00:00,0,0,,
MCH-032,2026-07-11 00:00:00,0,0,,
MCH-032,2026-07-12 00:00:00,0,0,,
MCH-032,2026-07-13 00:00:00,0,0,,
MCH-032,2026-07-14 00:00:00,0,0,,
MCH-032,2026-07-15 00:00:00,0,0,,
MCH-032,2026-07-16 00:00:00,0,0,,
MCH-032,2026-07-17 00:00:00,0,0,,
MCH-032,2026-07-18 00:00:00,0,0,,
MCH-032,2026-07-19 00:00:00,0,0,,
MCH-032,2026-07-20 00:00:00,0,0,,
MCH-032,2026-07-21 00:00:00,0,0,,
MCH-032,2026-07-22 00:00:00,0,0,,
MCH-032,2026-07-23 00:00:00,0,0,,
MCH-032,2026-07-24 00:00:00,0,0,,
MCH-032,2026-07-25 00:00:00,0,0,,
MCH-032,2026-07-26 00:00:00,0,0,,
MCH-032,2026-07-27 00:00:00,0,0,,
MCH-032,2026-07-28 00:00:00,0,0,,
MCH-032,2026-07-29 00:00:00,0,0,,
MCH-032,2026-07-30 00:00:00,0,0,,
MCH-032,2026-07-31 00:00:00,0,0,,
MCH-033,2025-08-01 00:00:00,0,0,,
MCH-033,2025-08-02 00:00:00,0,0,,
MCH-033,2025-08-03 00:00:00,0,0,,
MCH-033,2025-08-04 00:00:00,0,0,,
MCH-033,2025-08-05 00:00:00,0,0,,
MCH-033,2025-08-06 00:00:00,0,0,,
MCH-033,2025-08-07 00:00:00,0,0,,
MCH-033,2025-08-08 00:00:00,0,0,,
MCH-033,2025-08-09 00:00:00,0,0,,
MCH-033,2025-08-10 00:00:00,0,0,,
MCH-033,2025-08-11 00:00:00,0,0,,
MCH-033,2025-08-12 00:00:00,0,0,,
MCH-033,2025-08-13 00:00:00,0,0,,
MCH-033,2025-08-14 00:00:00,0,0,,
MCH-033,2025-08-15 00:00:00,0,0,,
MCH-033,2025-08-16 00:00:00,0,0,,
MCH-033,2025-08-17 00:00:00,0,0,,
MCH-033,2025-08-18 00:00:00,0,0,,
MCH-033,2025-08-19 00:00:00,0,0,,
MCH-033,2025-08-20 00:00:00,0,0,,
MCH-033,2025-08-21 00:00:00,0,0,,
MCH-033,2025-08-22 00:00:00,0,0,,
MCH-033,2025-08-23 00:00:00,0,0,,
MCH-033,2025-08-24 00:00:00,0,0,,
MCH-033,2025-08-25 00:00:00,0,0,,
MCH-033,2025-08-26 00:00:00,0,0,,
MCH-033,2025-08-27 00:00:00,0,0,,
MCH-033,2025-08-28 00:00:00,0,0,,
MCH-033,2025-08-29 00:00:00,0,0,,
MCH-033,2025-08-30 00:00:00,0,0,,
MCH-033,2025-08-31 00:00:00,0,0,,
MCH-033,2025-09-01 00:00:00,0,0,,
MCH-033,2025-09-02 00:00:00,0,0,,
MCH-033,2025-09-03 00:00:00,0,0,,
MCH-033,2025-09-04 00:00:00,0,0,,
MCH-033,2025-09-05 00:00:00,0,0,,
MCH-033,2025-09-06 00:00:00,0,0,,
MCH-033,2025-09-07 00:00:00,0,0,,
MCH-033,2025-09-08 00:00:00,0,0,,
MCH-033,2025-09-09 00:00:00,0,0,,
MCH-033,2025-09-10 00:00:00,0,0,,
MCH-033,2025-09-11 00:00:00,0,0,,
MCH-033,2025-09-12 00:00:00,0,0,,
MCH-033,2025-09-13 00:00:00,0,0,,
MCH-033,2025-09-14 00:00:00,0,0,,
MCH-033,2025-09-15 00:00:00,0,0,,
MCH-033,2025-09-16 00:00:00,0,0,,
MCH-033,2025-09-17 00:00:00,0,0,,
MCH-033,2025-09-18 00:00:00,0,0,,
MCH-033,2025-09-19 00:00:00,0,0,,
MCH-033,2025-09-20 00:00:00,0,0,,
MCH-033,2025-09-21 00:00:00,0,0,,
MCH-033,2025-09-22 00:00:00,0,0,,
MCH-033,2025-09-23 00:00:00,0,0,,
MCH-033,2025-09-24 00:00:00,0,0,,
MCH-033,2025-09-25 00:00:00,0,0,,
MCH-033,2025-09-26 00:00:00,0,0,,
MCH-033,2025-09-27 00:00:00,0,0,,
MCH-033,2025-09-28 00:00:00,0,0,,
MCH-033,2025-09-29 00:00:00,0,0,,
MCH-033,2025-09-30 00:00:00,0,0,,
MCH-033,2025-10-01 00:00:00,0,0,,
MCH-033,2025-10-02 00:00:00,0,0,,
MCH-033,2025-10-03 00:00:00,0,0,,
MCH-033,2025-10-04 00:00:00,0,0,,
MCH-033,2025-10-05 00:00:00,0,0,,
MCH-033,2025-10-06 00:00:00,0,0,,
MCH-033,2025-10-07 00:00:00,0,0,,
MCH-033,2025-10-08 00:00:00,0,0,,
MCH-033,2025-10-09 00:00:00,0,0,,
MCH-033,2025-10-10 00:00:00,0,0,,
MCH-033,2025-10-11 00:00:00,0,0,,
MCH-033,2025-10-12 00:00:00,0,0,,
MCH-033,2025-10-13 00:00:00,0,0,,
MCH-033,2025-10-14 00:00:00,0,0,,
MCH-033,2025-10-15 00:00:00,0,1,BEARING,medium
MCH-033,2025-10-16 00:00:00,0,1,ELECTRICAL,critical
MCH-033,2025-10-17 00:00:00,0,1,SENSOR,high
MCH-033,2025-10-18 00:00:00,0,1,HYDRAULIC,high
MCH-033,2025-10-19 00:00:00,0,1,SENSOR,high
MCH-033,2025-10-20 00:00:00,0,1,ELECTRICAL,critical
MCH-033,2025-10-21 00:00:00,1,1,BEARING,high
MCH-033,2025-10-22 00:00:00,1,1,HYDRAULIC,high
MCH-033,2025-10-23 00:00:00,0,0,,
MCH-033,2025-10-24 00:00:00,0,0,,
MCH-033,2025-10-25 00:00:00,0,0,,
MCH-033,2025-10-26 00:00:00,0,0,,
MCH-033,2025-10-27 00:00:00,0,0,,
MCH-033,2025-10-28 00:00:00,0,0,,
MCH-033,2025-10-29 00:00:00,0,0,,
MCH-033,2025-10-30 00:00:00,0,0,,
MCH-033,2025-10-31 00:00:00,0,0,,
MCH-033,2025-11-01 00:00:00,0,0,,
MCH-033,2025-11-02 00:00:00,0,0,,
MCH-033,2025-11-03 00:00:00,0,0,,
MCH-033,2025-11-04 00:00:00,0,0,,
MCH-033,2025-11-05 00:00:00,0,0,,
MCH-033,2025-11-06 00:00:00,0,0,,
MCH-033,2025-11-07 00:00:00,0,0,,
MCH-033,2025-11-08 00:00:00,0,0,,
MCH-033,2025-11-09 00:00:00,0,0,,
MCH-033,2025-11-10 00:00:00,0,0,,
MCH-033,2025-11-11 00:00:00,0,0,,
MCH-033,2025-11-12 00:00:00,0,0,,
MCH-033,2025-11-13 00:00:00,0,0,,
MCH-033,2025-11-14 00:00:00,0,0,,
MCH-033,2025-11-15 00:00:00,0,0,,
MCH-033,2025-11-16 00:00:00,0,0,,
MCH-033,2025-11-17 00:00:00,0,0,,
MCH-033,2025-11-18 00:00:00,0,0,,
MCH-033,2025-11-19 00:00:00,0,0,,
MCH-033,2025-11-20 00:00:00,0,0,,
MCH-033,2025-11-21 00:00:00,0,0,,
MCH-033,2025-11-22 00:00:00,0,0,,
MCH-033,2025-11-23 00:00:00,0,0,,
MCH-033,2025-11-24 00:00:00,0,0,,
MCH-033,2025-11-25 00:00:00,0,0,,
MCH-033,2025-11-26 00:00:00,0,0,,
MCH-033,2025-11-27 00:00:00,0,0,,
MCH-033,2025-11-28 00:00:00,0,0,,
MCH-033,2025-11-29 00:00:00,0,0,,
MCH-033,2025-11-30 00:00:00,0,0,,
MCH-033,2025-12-01 00:00:00,0,0,,
MCH-033,2025-12-02 00:00:00,0,0,,
MCH-033,2025-12-03 00:00:00,0,0,,
MCH-033,2025-12-04 00:00:00,0,0,,
MCH-033,2025-12-05 00:00:00,0,0,,
MCH-033,2025-12-06 00:00:00,0,0,,
MCH-033,2025-12-07 00:00:00,0,0,,
MCH-033,2025-12-08 00:00:00,0,0,,
MCH-033,2025-12-09 00:00:00,0,0,,
MCH-033,2025-12-10 00:00:00,0,0,,
MCH-033,2025-12-11 00:00:00,0,0,,
MCH-033,2025-12-12 00:00:00,0,0,,
MCH-033,2025-12-13 00:00:00,0,0,,
MCH-033,2025-12-14 00:00:00,0,0,,
MCH-033,2025-12-15 00:00:00,0,0,,
MCH-033,2025-12-16 00:00:00,0,0,,
MCH-033,2025-12-17 00:00:00,0,0,,
MCH-033,2025-12-18 00:00:00,0,0,,
MCH-033,2025-12-19 00:00:00,0,0,,
MCH-033,2025-12-20 00:00:00,0,0,,
MCH-033,2025-12-21 00:00:00,0,0,,
MCH-033,2025-12-22 00:00:00,0,0,,
MCH-033,2025-12-23 00:00:00,0,0,,
MCH-033,2025-12-24 00:00:00,0,0,,
MCH-033,2025-12-25 00:00:00,0,0,,
MCH-033,2025-12-26 00:00:00,0,0,,
MCH-033,2025-12-27 00:00:00,0,0,,
MCH-033,2025-12-28 00:00:00,0,0,,
MCH-033,2025-12-29 00:00:00,0,0,,
MCH-033,2025-12-30 00:00:00,0,0,,
MCH-033,2025-12-31 00:00:00,0,0,,
MCH-033,2026-01-01 00:00:00,0,0,,
MCH-033,2026-01-02 00:00:00,0,0,,
MCH-033,2026-01-03 00:00:00,0,0,,
MCH-033,2026-01-04 00:00:00,0,0,,
MCH-033,2026-01-05 00:00:00,0,0,,
MCH-033,2026-01-06 00:00:00,0,0,,
MCH-033,2026-01-07 00:00:00,0,0,,
MCH-033,2026-01-08 00:00:00,0,0,,
MCH-033,2026-01-09 00:00:00,0,0,,
MCH-033,2026-01-10 00:00:00,0,0,,
MCH-033,2026-01-11 00:00:00,0,0,,
MCH-033,2026-01-12 00:00:00,0,0,,
MCH-033,2026-01-13 00:00:00,0,0,,
MCH-033,2026-01-14 00:00:00,0,0,,
MCH-033,2026-01-15 00:00:00,0,0,,
MCH-033,2026-01-16 00:00:00,0,0,,
MCH-033,2026-01-17 00:00:00,0,0,,
MCH-033,2026-01-18 00:00:00,0,0,,
MCH-033,2026-01-19 00:00:00,0,0,,
MCH-033,2026-01-20 00:00:00,0,0,,
MCH-033,2026-01-21 00:00:00,0,0,,
MCH-033,2026-01-22 00:00:00,0,0,,
MCH-033,2026-01-23 00:00:00,0,0,,
MCH-033,2026-01-24 00:00:00,0,0,,
MCH-033,2026-01-25 00:00:00,0,0,,
MCH-033,2026-01-26 00:00:00,0,0,,
MCH-033,2026-01-27 00:00:00,0,0,,
MCH-033,2026-01-28 00:00:00,0,0,,
MCH-033,2026-01-29 00:00:00,0,0,,
MCH-033,2026-01-30 00:00:00,0,0,,
MCH-033,2026-01-31 00:00:00,0,0,,
MCH-033,2026-02-01 00:00:00,0,0,,
MCH-033,2026-02-02 00:00:00,0,0,,
MCH-033,2026-02-03 00:00:00,0,0,,
MCH-033,2026-02-04 00:00:00,0,0,,
MCH-033,2026-02-05 00:00:00,0,0,,
MCH-033,2026-02-06 00:00:00,0,0,,
MCH-033,2026-02-07 00:00:00,0,0,,
MCH-033,2026-02-08 00:00:00,0,0,,
MCH-033,2026-02-09 00:00:00,0,0,,
MCH-033,2026-02-10 00:00:00,0,0,,
MCH-033,2026-02-11 00:00:00,0,0,,
MCH-033,2026-02-12 00:00:00,0,0,,
MCH-033,2026-02-13 00:00:00,0,0,,
MCH-033,2026-02-14 00:00:00,0,0,,
MCH-033,2026-02-15 00:00:00,0,0,,
MCH-033,2026-02-16 00:00:00,0,0,,
MCH-033,2026-02-17 00:00:00,0,0,,
MCH-033,2026-02-18 00:00:00,0,0,,
MCH-033,2026-02-19 00:00:00,0,0,,
MCH-033,2026-02-20 00:00:00,0,0,,
MCH-033,2026-02-21 00:00:00,0,0,,
MCH-033,2026-02-22 00:00:00,0,0,,
MCH-033,2026-02-23 00:00:00,0,0,,
MCH-033,2026-02-24 00:00:00,0,0,,
MCH-033,2026-02-25 00:00:00,0,0,,
MCH-033,2026-02-26 00:00:00,0,1,HYDRAULIC,high
MCH-033,2026-02-27 00:00:00,0,1,TOOLING,medium
MCH-033,2026-02-28 00:00:00,0,1,SENSOR,high
MCH-033,2026-03-01 00:00:00,0,1,SENSOR,medium
MCH-033,2026-03-02 00:00:00,0,1,ELECTRICAL,high
MCH-033,2026-03-03 00:00:00,0,1,SENSOR,high
MCH-033,2026-03-04 00:00:00,1,1,SENSOR,medium
MCH-033,2026-03-05 00:00:00,1,1,SENSOR,medium
MCH-033,2026-03-06 00:00:00,0,0,,
MCH-033,2026-03-07 00:00:00,0,0,,
MCH-033,2026-03-08 00:00:00,0,0,,
MCH-033,2026-03-09 00:00:00,0,0,,
MCH-033,2026-03-10 00:00:00,0,0,,
MCH-033,2026-03-11 00:00:00,0,0,,
MCH-033,2026-03-12 00:00:00,0,0,,
MCH-033,2026-03-13 00:00:00,0,0,,
MCH-033,2026-03-14 00:00:00,0,0,,
MCH-033,2026-03-15 00:00:00,0,0,,
MCH-033,2026-03-16 00:00:00,0,0,,
MCH-033,2026-03-17 00:00:00,0,0,,
MCH-033,2026-03-18 00:00:00,0,0,,
MCH-033,2026-03-19 00:00:00,0,0,,
MCH-033,2026-03-20 00:00:00,0,0,,
MCH-033,2026-03-21 00:00:00,0,0,,
MCH-033,2026-03-22 00:00:00,0,0,,
MCH-033,2026-03-23 00:00:00,0,0,,
MCH-033,2026-03-24 00:00:00,0,0,,
MCH-033,2026-03-25 00:00:00,0,0,,
MCH-033,2026-03-26 00:00:00,0,0,,
MCH-033,2026-03-27 00:00:00,0,0,,
MCH-033,2026-03-28 00:00:00,0,0,,
MCH-033,2026-03-29 00:00:00,0,0,,
MCH-033,2026-03-30 00:00:00,0,0,,
MCH-033,2026-03-31 00:00:00,0,0,,
MCH-033,2026-04-01 00:00:00,0,0,,
MCH-033,2026-04-02 00:00:00,0,0,,
MCH-033,2026-04-03 00:00:00,0,0,,
MCH-033,2026-04-04 00:00:00,0,0,,
MCH-033,2026-04-05 00:00:00,0,0,,
MCH-033,2026-04-06 00:00:00,0,0,,
MCH-033,2026-04-07 00:00:00,0,0,,
MCH-033,2026-04-08 00:00:00,0,0,,
MCH-033,2026-04-09 00:00:00,0,0,,
MCH-033,2026-04-10 00:00:00,0,0,,
MCH-033,2026-04-11 00:00:00,0,0,,
MCH-033,2026-04-12 00:00:00,0,0,,
MCH-033,2026-04-13 00:00:00,0,0,,
MCH-033,2026-04-14 00:00:00,0,0,,
MCH-033,2026-04-15 00:00:00,0,0,,
MCH-033,2026-04-16 00:00:00,0,0,,
MCH-033,2026-04-17 00:00:00,0,0,,
MCH-033,2026-04-18 00:00:00,0,0,,
MCH-033,2026-04-19 00:00:00,0,0,,
MCH-033,2026-04-20 00:00:00,0,0,,
MCH-033,2026-04-21 00:00:00,0,0,,
MCH-033,2026-04-22 00:00:00,0,0,,
MCH-033,2026-04-23 00:00:00,0,0,,
MCH-033,2026-04-24 00:00:00,0,0,,
MCH-033,2026-04-25 00:00:00,0,0,,
MCH-033,2026-04-26 00:00:00,0,0,,
MCH-033,2026-04-27 00:00:00,0,0,,
MCH-033,2026-04-28 00:00:00,0,0,,
MCH-033,2026-04-29 00:00:00,0,0,,
MCH-033,2026-04-30 00:00:00,0,0,,
MCH-033,2026-05-01 00:00:00,0,0,,
MCH-033,2026-05-02 00:00:00,0,0,,
MCH-033,2026-05-03 00:00:00,0,0,,
MCH-033,2026-05-04 00:00:00,0,0,,
MCH-033,2026-05-05 00:00:00,0,0,,
MCH-033,2026-05-06 00:00:00,0,0,,
MCH-033,2026-05-07 00:00:00,0,0,,
MCH-033,2026-05-08 00:00:00,0,0,,
MCH-033,2026-05-09 00:00:00,0,0,,
MCH-033,2026-05-10 00:00:00,0,0,,
MCH-033,2026-05-11 00:00:00,0,0,,
MCH-033,2026-05-12 00:00:00,0,0,,
MCH-033,2026-05-13 00:00:00,0,0,,
MCH-033,2026-05-14 00:00:00,0,0,,
MCH-033,2026-05-15 00:00:00,0,0,,
MCH-033,2026-05-16 00:00:00,0,0,,
MCH-033,2026-05-17 00:00:00,0,0,,
MCH-033,2026-05-18 00:00:00,0,0,,
MCH-033,2026-05-19 00:00:00,0,0,,
MCH-033,2026-05-20 00:00:00,0,0,,
MCH-033,2026-05-21 00:00:00,0,0,,
MCH-033,2026-05-22 00:00:00,0,0,,
MCH-033,2026-05-23 00:00:00,0,0,,
MCH-033,2026-05-24 00:00:00,0,0,,
MCH-033,2026-05-25 00:00:00,0,0,,
MCH-033,2026-05-26 00:00:00,0,0,,
MCH-033,2026-05-27 00:00:00,0,0,,
MCH-033,2026-05-28 00:00:00,0,0,,
MCH-033,2026-05-29 00:00:00,0,0,,
MCH-033,2026-05-30 00:00:00,0,0,,
MCH-033,2026-05-31 00:00:00,0,0,,
MCH-033,2026-06-01 00:00:00,0,0,,
MCH-033,2026-06-02 00:00:00,0,0,,
MCH-033,2026-06-03 00:00:00,0,0,,
MCH-033,2026-06-04 00:00:00,0,0,,
MCH-033,2026-06-05 00:00:00,0,0,,
MCH-033,2026-06-06 00:00:00,0,0,,
MCH-033,2026-06-07 00:00:00,0,0,,
MCH-033,2026-06-08 00:00:00,0,0,,
MCH-033,2026-06-09 00:00:00,0,0,,
MCH-033,2026-06-10 00:00:00,0,0,,
MCH-033,2026-06-11 00:00:00,0,0,,
MCH-033,2026-06-12 00:00:00,0,0,,
MCH-033,2026-06-13 00:00:00,0,0,,
MCH-033,2026-06-14 00:00:00,0,0,,
MCH-033,2026-06-15 00:00:00,0,0,,
MCH-033,2026-06-16 00:00:00,0,0,,
MCH-033,2026-06-17 00:00:00,0,0,,
MCH-033,2026-06-18 00:00:00,0,0,,
MCH-033,2026-06-19 00:00:00,0,0,,
MCH-033,2026-06-20 00:00:00,0,0,,
MCH-033,2026-06-21 00:00:00,0,0,,
MCH-033,2026-06-22 00:00:00,0,0,,
MCH-033,2026-06-23 00:00:00,0,0,,
MCH-033,2026-06-24 00:00:00,0,0,,
MCH-033,2026-06-25 00:00:00,0,0,,
MCH-033,2026-06-26 00:00:00,0,0,,
MCH-033,2026-06-27 00:00:00,0,0,,
MCH-033,2026-06-28 00:00:00,0,0,,
MCH-033,2026-06-29 00:00:00,0,0,,
MCH-033,2026-06-30 00:00:00,0,0,,
MCH-033,2026-07-01 00:00:00,0,0,,
MCH-033,2026-07-02 00:00:00,0,0,,
MCH-033,2026-07-03 00:00:00,0,0,,
MCH-033,2026-07-04 00:00:00,0,0,,
MCH-033,2026-07-05 00:00:00,0,0,,
MCH-033,2026-07-06 00:00:00,0,0,,
MCH-033,2026-07-07 00:00:00,0,0,,
MCH-033,2026-07-08 00:00:00,0,1,TOOLING,medium
MCH-033,2026-07-09 00:00:00,0,1,HYDRAULIC,high
MCH-033,2026-07-10 00:00:00,0,1,MOTOR,high
MCH-033,2026-07-11 00:00:00,0,1,ELECTRICAL,medium
MCH-033,2026-07-12 00:00:00,0,1,HYDRAULIC,medium
MCH-033,2026-07-13 00:00:00,0,1,MOTOR,medium
MCH-033,2026-07-14 00:00:00,1,1,HYDRAULIC,medium
MCH-033,2026-07-15 00:00:00,1,1,BEARING,medium
MCH-033,2026-07-16 00:00:00,0,0,,
MCH-033,2026-07-17 00:00:00,0,0,,
MCH-033,2026-07-18 00:00:00,0,0,,
MCH-033,2026-07-19 00:00:00,0,0,,
MCH-033,2026-07-20 00:00:00,0,0,,
MCH-033,2026-07-21 00:00:00,0,0,,
MCH-033,2026-07-22 00:00:00,0,0,,
MCH-033,2026-07-23 00:00:00,0,0,,
MCH-033,2026-07-24 00:00:00,0,0,,
MCH-033,2026-07-25 00:00:00,0,0,,
MCH-033,2026-07-26 00:00:00,0,0,,
MCH-033,2026-07-27 00:00:00,0,0,,
MCH-033,2026-07-28 00:00:00,0,0,,
MCH-033,2026-07-29 00:00:00,0,0,,
MCH-033,2026-07-30 00:00:00,0,0,,
MCH-033,2026-07-31 00:00:00,0,0,,
MCH-034,2025-08-01 00:00:00,0,0,,
MCH-034,2025-08-02 00:00:00,0,0,,
MCH-034,2025-08-03 00:00:00,0,0,,
MCH-034,2025-08-04 00:00:00,0,0,,
MCH-034,2025-08-05 00:00:00,0,0,,
MCH-034,2025-08-06 00:00:00,0,0,,
MCH-034,2025-08-07 00:00:00,0,0,,
MCH-034,2025-08-08 00:00:00,0,0,,
MCH-034,2025-08-09 00:00:00,0,0,,
MCH-034,2025-08-10 00:00:00,0,0,,
MCH-034,2025-08-11 00:00:00,0,0,,
MCH-034,2025-08-12 00:00:00,0,0,,
MCH-034,2025-08-13 00:00:00,0,0,,
MCH-034,2025-08-14 00:00:00,0,0,,
MCH-034,2025-08-15 00:00:00,0,0,,
MCH-034,2025-08-16 00:00:00,0,0,,
MCH-034,2025-08-17 00:00:00,0,0,,
MCH-034,2025-08-18 00:00:00,0,0,,
MCH-034,2025-08-19 00:00:00,0,0,,
MCH-034,2025-08-20 00:00:00,0,0,,
MCH-034,2025-08-21 00:00:00,0,0,,
MCH-034,2025-08-22 00:00:00,0,0,,
MCH-034,2025-08-23 00:00:00,0,0,,
MCH-034,2025-08-24 00:00:00,0,0,,
MCH-034,2025-08-25 00:00:00,0,0,,
MCH-034,2025-08-26 00:00:00,0,0,,
MCH-034,2025-08-27 00:00:00,0,0,,
MCH-034,2025-08-28 00:00:00,0,0,,
MCH-034,2025-08-29 00:00:00,0,0,,
MCH-034,2025-08-30 00:00:00,0,0,,
MCH-034,2025-08-31 00:00:00,0,0,,
MCH-034,2025-09-01 00:00:00,0,0,,
MCH-034,2025-09-02 00:00:00,0,0,,
MCH-034,2025-09-03 00:00:00,0,0,,
MCH-034,2025-09-04 00:00:00,0,0,,
MCH-034,2025-09-05 00:00:00,0,0,,
MCH-034,2025-09-06 00:00:00,0,0,,
MCH-034,2025-09-07 00:00:00,0,0,,
MCH-034,2025-09-08 00:00:00,0,0,,
MCH-034,2025-09-09 00:00:00,0,0,,
MCH-034,2025-09-10 00:00:00,0,0,,
MCH-034,2025-09-11 00:00:00,0,0,,
MCH-034,2025-09-12 00:00:00,0,0,,
MCH-034,2025-09-13 00:00:00,0,0,,
MCH-034,2025-09-14 00:00:00,0,0,,
MCH-034,2025-09-15 00:00:00,0,0,,
MCH-034,2025-09-16 00:00:00,0,0,,
MCH-034,2025-09-17 00:00:00,0,0,,
MCH-034,2025-09-18 00:00:00,0,0,,
MCH-034,2025-09-19 00:00:00,0,0,,
MCH-034,2025-09-20 00:00:00,0,0,,
MCH-034,2025-09-21 00:00:00,0,0,,
MCH-034,2025-09-22 00:00:00,0,0,,
MCH-034,2025-09-23 00:00:00,0,0,,
MCH-034,2025-09-24 00:00:00,0,0,,
MCH-034,2025-09-25 00:00:00,0,0,,
MCH-034,2025-09-26 00:00:00,0,0,,
MCH-034,2025-09-27 00:00:00,0,0,,
MCH-034,2025-09-28 00:00:00,0,0,,
MCH-034,2025-09-29 00:00:00,0,0,,
MCH-034,2025-09-30 00:00:00,0,0,,
MCH-034,2025-10-01 00:00:00,0,0,,
MCH-034,2025-10-02 00:00:00,0,0,,
MCH-034,2025-10-03 00:00:00,0,0,,
MCH-034,2025-10-04 00:00:00,0,0,,
MCH-034,2025-10-05 00:00:00,0,0,,
MCH-034,2025-10-06 00:00:00,0,0,,
MCH-034,2025-10-07 00:00:00,0,0,,
MCH-034,2025-10-08 00:00:00,0,0,,
MCH-034,2025-10-09 00:00:00,0,0,,
MCH-034,2025-10-10 00:00:00,0,0,,
MCH-034,2025-10-11 00:00:00,0,0,,
MCH-034,2025-10-12 00:00:00,0,0,,
MCH-034,2025-10-13 00:00:00,0,0,,
MCH-034,2025-10-14 00:00:00,0,0,,
MCH-034,2025-10-15 00:00:00,0,0,,
MCH-034,2025-10-16 00:00:00,0,0,,
MCH-034,2025-10-17 00:00:00,0,0,,
MCH-034,2025-10-18 00:00:00,0,0,,
MCH-034,2025-10-19 00:00:00,0,0,,
MCH-034,2025-10-20 00:00:00,0,0,,
MCH-034,2025-10-21 00:00:00,0,0,,
MCH-034,2025-10-22 00:00:00,0,0,,
MCH-034,2025-10-23 00:00:00,0,0,,
MCH-034,2025-10-24 00:00:00,0,0,,
MCH-034,2025-10-25 00:00:00,0,0,,
MCH-034,2025-10-26 00:00:00,0,0,,
MCH-034,2025-10-27 00:00:00,0,0,,
MCH-034,2025-10-28 00:00:00,0,0,,
MCH-034,2025-10-29 00:00:00,0,0,,
MCH-034,2025-10-30 00:00:00,0,0,,
MCH-034,2025-10-31 00:00:00,0,0,,
MCH-034,2025-11-01 00:00:00,0,0,,
MCH-034,2025-11-02 00:00:00,0,0,,
MCH-034,2025-11-03 00:00:00,0,0,,
MCH-034,2025-11-04 00:00:00,0,0,,
MCH-034,2025-11-05 00:00:00,0,0,,
MCH-034,2025-11-06 00:00:00,0,0,,
MCH-034,2025-11-07 00:00:00,0,0,,
MCH-034,2025-11-08 00:00:00,0,0,,
MCH-034,2025-11-09 00:00:00,0,0,,
MCH-034,2025-11-10 00:00:00,0,0,,
MCH-034,2025-11-11 00:00:00,0,0,,
MCH-034,2025-11-12 00:00:00,0,1,BEARING,medium
MCH-034,2025-11-13 00:00:00,0,1,BEARING,critical
MCH-034,2025-11-14 00:00:00,0,1,SENSOR,medium
MCH-034,2025-11-15 00:00:00,0,1,TOOLING,medium
MCH-034,2025-11-16 00:00:00,0,1,TOOLING,medium
MCH-034,2025-11-17 00:00:00,0,1,ELECTRICAL,medium
MCH-034,2025-11-18 00:00:00,1,1,ELECTRICAL,high
MCH-034,2025-11-19 00:00:00,1,1,MOTOR,medium
MCH-034,2025-11-20 00:00:00,0,0,,
MCH-034,2025-11-21 00:00:00,0,0,,
MCH-034,2025-11-22 00:00:00,0,0,,
MCH-034,2025-11-23 00:00:00,0,0,,
MCH-034,2025-11-24 00:00:00,0,1,TOOLING,high
MCH-034,2025-11-25 00:00:00,0,1,ELECTRICAL,medium
MCH-034,2025-11-26 00:00:00,0,1,MOTOR,medium
MCH-034,2025-11-27 00:00:00,0,1,SENSOR,critical
MCH-034,2025-11-28 00:00:00,0,1,MOTOR,high
MCH-034,2025-11-29 00:00:00,0,1,TOOLING,high
MCH-034,2025-11-30 00:00:00,1,1,SENSOR,medium
MCH-034,2025-12-01 00:00:00,1,1,SENSOR,critical
MCH-034,2025-12-02 00:00:00,0,0,,
MCH-034,2025-12-03 00:00:00,0,0,,
MCH-034,2025-12-04 00:00:00,0,0,,
MCH-034,2025-12-05 00:00:00,0,0,,
MCH-034,2025-12-06 00:00:00,0,0,,
MCH-034,2025-12-07 00:00:00,0,0,,
MCH-034,2025-12-08 00:00:00,0,0,,
MCH-034,2025-12-09 00:00:00,0,0,,
MCH-034,2025-12-10 00:00:00,0,0,,
MCH-034,2025-12-11 00:00:00,0,0,,
MCH-034,2025-12-12 00:00:00,0,0,,
MCH-034,2025-12-13 00:00:00,0,0,,
MCH-034,2025-12-14 00:00:00,0,0,,
MCH-034,2025-12-15 00:00:00,0,0,,
MCH-034,2025-12-16 00:00:00,0,0,,
MCH-034,2025-12-17 00:00:00,0,0,,
MCH-034,2025-12-18 00:00:00,0,0,,
MCH-034,2025-12-19 00:00:00,0,0,,
MCH-034,2025-12-20 00:00:00,0,0,,
MCH-034,2025-12-21 00:00:00,0,0,,
MCH-034,2025-12-22 00:00:00,0,0,,
MCH-034,2025-12-23 00:00:00,0,0,,
MCH-034,2025-12-24 00:00:00,0,0,,
MCH-034,2025-12-25 00:00:00,0,0,,
MCH-034,2025-12-26 00:00:00,0,0,,
MCH-034,2025-12-27 00:00:00,0,0,,
MCH-034,2025-12-28 00:00:00,0,0,,
MCH-034,2025-12-29 00:00:00,0,0,,
MCH-034,2025-12-30 00:00:00,0,0,,
MCH-034,2025-12-31 00:00:00,0,0,,
MCH-034,2026-01-01 00:00:00,0,0,,
MCH-034,2026-01-02 00:00:00,0,0,,
MCH-034,2026-01-03 00:00:00,0,0,,
MCH-034,2026-01-04 00:00:00,0,0,,
MCH-034,2026-01-05 00:00:00,0,0,,
MCH-034,2026-01-06 00:00:00,0,0,,
MCH-034,2026-01-07 00:00:00,0,0,,
MCH-034,2026-01-08 00:00:00,0,0,,
MCH-034,2026-01-09 00:00:00,0,0,,
MCH-034,2026-01-10 00:00:00,0,0,,
MCH-034,2026-01-11 00:00:00,0,0,,
MCH-034,2026-01-12 00:00:00,0,0,,
MCH-034,2026-01-13 00:00:00,0,0,,
MCH-034,2026-01-14 00:00:00,0,0,,
MCH-034,2026-01-15 00:00:00,0,0,,
MCH-034,2026-01-16 00:00:00,0,0,,
MCH-034,2026-01-17 00:00:00,0,0,,
MCH-034,2026-01-18 00:00:00,0,0,,
MCH-034,2026-01-19 00:00:00,0,0,,
MCH-034,2026-01-20 00:00:00,0,0,,
MCH-034,2026-01-21 00:00:00,0,0,,
MCH-034,2026-01-22 00:00:00,0,0,,
MCH-034,2026-01-23 00:00:00,0,0,,
MCH-034,2026-01-24 00:00:00,0,0,,
MCH-034,2026-01-25 00:00:00,0,0,,
MCH-034,2026-01-26 00:00:00,0,0,,
MCH-034,2026-01-27 00:00:00,0,0,,
MCH-034,2026-01-28 00:00:00,0,0,,
MCH-034,2026-01-29 00:00:00,0,0,,
MCH-034,2026-01-30 00:00:00,0,0,,
MCH-034,2026-01-31 00:00:00,0,0,,
MCH-034,2026-02-01 00:00:00,0,0,,
MCH-034,2026-02-02 00:00:00,0,0,,
MCH-034,2026-02-03 00:00:00,0,0,,
MCH-034,2026-02-04 00:00:00,0,0,,
MCH-034,2026-02-05 00:00:00,0,0,,
MCH-034,2026-02-06 00:00:00,0,0,,
MCH-034,2026-02-07 00:00:00,0,0,,
MCH-034,2026-02-08 00:00:00,0,0,,
MCH-034,2026-02-09 00:00:00,0,0,,
MCH-034,2026-02-10 00:00:00,0,0,,
MCH-034,2026-02-11 00:00:00,0,0,,
MCH-034,2026-02-12 00:00:00,0,0,,
MCH-034,2026-02-13 00:00:00,0,0,,
MCH-034,2026-02-14 00:00:00,0,0,,
MCH-034,2026-02-15 00:00:00,0,0,,
MCH-034,2026-02-16 00:00:00,0,0,,
MCH-034,2026-02-17 00:00:00,0,0,,
MCH-034,2026-02-18 00:00:00,0,0,,
MCH-034,2026-02-19 00:00:00,0,0,,
MCH-034,2026-02-20 00:00:00,0,0,,
MCH-034,2026-02-21 00:00:00,0,0,,
MCH-034,2026-02-22 00:00:00,0,0,,
MCH-034,2026-02-23 00:00:00,0,0,,
MCH-034,2026-02-24 00:00:00,0,0,,
MCH-034,2026-02-25 00:00:00,0,0,,
MCH-034,2026-02-26 00:00:00,0,0,,
MCH-034,2026-02-27 00:00:00,0,0,,
MCH-034,2026-02-28 00:00:00,0,0,,
MCH-034,2026-03-01 00:00:00,0,0,,
MCH-034,2026-03-02 00:00:00,0,0,,
MCH-034,2026-03-03 00:00:00,0,0,,
MCH-034,2026-03-04 00:00:00,0,0,,
MCH-034,2026-03-05 00:00:00,0,0,,
MCH-034,2026-03-06 00:00:00,0,0,,
MCH-034,2026-03-07 00:00:00,0,0,,
MCH-034,2026-03-08 00:00:00,0,0,,
MCH-034,2026-03-09 00:00:00,0,0,,
MCH-034,2026-03-10 00:00:00,0,0,,
MCH-034,2026-03-11 00:00:00,0,0,,
MCH-034,2026-03-12 00:00:00,0,0,,
MCH-034,2026-03-13 00:00:00,0,0,,
MCH-034,2026-03-14 00:00:00,0,0,,
MCH-034,2026-03-15 00:00:00,0,0,,
MCH-034,2026-03-16 00:00:00,0,0,,
MCH-034,2026-03-17 00:00:00,0,0,,
MCH-034,2026-03-18 00:00:00,0,0,,
MCH-034,2026-03-19 00:00:00,0,0,,
MCH-034,2026-03-20 00:00:00,0,0,,
MCH-034,2026-03-21 00:00:00,0,0,,
MCH-034,2026-03-22 00:00:00,0,0,,
MCH-034,2026-03-23 00:00:00,0,0,,
MCH-034,2026-03-24 00:00:00,0,0,,
MCH-034,2026-03-25 00:00:00,0,0,,
MCH-034,2026-03-26 00:00:00,0,0,,
MCH-034,2026-03-27 00:00:00,0,0,,
MCH-034,2026-03-28 00:00:00,0,0,,
MCH-034,2026-03-29 00:00:00,0,0,,
MCH-034,2026-03-30 00:00:00,0,0,,
MCH-034,2026-03-31 00:00:00,0,0,,
MCH-034,2026-04-01 00:00:00,0,0,,
MCH-034,2026-04-02 00:00:00,0,0,,
MCH-034,2026-04-03 00:00:00,0,0,,
MCH-034,2026-04-04 00:00:00,0,0,,
MCH-034,2026-04-05 00:00:00,0,0,,
MCH-034,2026-04-06 00:00:00,0,0,,
MCH-034,2026-04-07 00:00:00,0,0,,
MCH-034,2026-04-08 00:00:00,0,0,,
MCH-034,2026-04-09 00:00:00,0,0,,
MCH-034,2026-04-10 00:00:00,0,0,,
MCH-034,2026-04-11 00:00:00,0,0,,
MCH-034,2026-04-12 00:00:00,0,0,,
MCH-034,2026-04-13 00:00:00,0,0,,
MCH-034,2026-04-14 00:00:00,0,0,,
MCH-034,2026-04-15 00:00:00,0,0,,
MCH-034,2026-04-16 00:00:00,0,0,,
MCH-034,2026-04-17 00:00:00,0,0,,
MCH-034,2026-04-18 00:00:00,0,0,,
MCH-034,2026-04-19 00:00:00,0,0,,
MCH-034,2026-04-20 00:00:00,0,0,,
MCH-034,2026-04-21 00:00:00,0,0,,
MCH-034,2026-04-22 00:00:00,0,0,,
MCH-034,2026-04-23 00:00:00,0,0,,
MCH-034,2026-04-24 00:00:00,0,0,,
MCH-034,2026-04-25 00:00:00,0,0,,
MCH-034,2026-04-26 00:00:00,0,0,,
MCH-034,2026-04-27 00:00:00,0,0,,
MCH-034,2026-04-28 00:00:00,0,0,,
MCH-034,2026-04-29 00:00:00,0,0,,
MCH-034,2026-04-30 00:00:00,0,0,,
MCH-034,2026-05-01 00:00:00,0,0,,
MCH-034,2026-05-02 00:00:00,0,0,,
MCH-034,2026-05-03 00:00:00,0,0,,
MCH-034,2026-05-04 00:00:00,0,0,,
MCH-034,2026-05-05 00:00:00,0,0,,
MCH-034,2026-05-06 00:00:00,0,0,,
MCH-034,2026-05-07 00:00:00,0,0,,
MCH-034,2026-05-08 00:00:00,0,0,,
MCH-034,2026-05-09 00:00:00,0,0,,
MCH-034,2026-05-10 00:00:00,0,0,,
MCH-034,2026-05-11 00:00:00,0,0,,
MCH-034,2026-05-12 00:00:00,0,0,,
MCH-034,2026-05-13 00:00:00,0,0,,
MCH-034,2026-05-14 00:00:00,0,0,,
MCH-034,2026-05-15 00:00:00,0,0,,
MCH-034,2026-05-16 00:00:00,0,0,,
MCH-034,2026-05-17 00:00:00,0,0,,
MCH-034,2026-05-18 00:00:00,0,0,,
MCH-034,2026-05-19 00:00:00,0,0,,
MCH-034,2026-05-20 00:00:00,0,0,,
MCH-034,2026-05-21 00:00:00,0,0,,
MCH-034,2026-05-22 00:00:00,0,0,,
MCH-034,2026-05-23 00:00:00,0,0,,
MCH-034,2026-05-24 00:00:00,0,0,,
MCH-034,2026-05-25 00:00:00,0,0,,
MCH-034,2026-05-26 00:00:00,0,0,,
MCH-034,2026-05-27 00:00:00,0,0,,
MCH-034,2026-05-28 00:00:00,0,0,,
MCH-034,2026-05-29 00:00:00,0,0,,
MCH-034,2026-05-30 00:00:00,0,0,,
MCH-034,2026-05-31 00:00:00,0,0,,
MCH-034,2026-06-01 00:00:00,0,0,,
MCH-034,2026-06-02 00:00:00,0,0,,
MCH-034,2026-06-03 00:00:00,0,0,,
MCH-034,2026-06-04 00:00:00,0,0,,
MCH-034,2026-06-05 00:00:00,0,0,,
MCH-034,2026-06-06 00:00:00,0,0,,
MCH-034,2026-06-07 00:00:00,0,0,,
MCH-034,2026-06-08 00:00:00,0,0,,
MCH-034,2026-06-09 00:00:00,0,0,,
MCH-034,2026-06-10 00:00:00,0,0,,
MCH-034,2026-06-11 00:00:00,0,0,,
MCH-034,2026-06-12 00:00:00,0,0,,
MCH-034,2026-06-13 00:00:00,0,0,,
MCH-034,2026-06-14 00:00:00,0,0,,
MCH-034,2026-06-15 00:00:00,0,0,,
MCH-034,2026-06-16 00:00:00,0,0,,
MCH-034,2026-06-17 00:00:00,0,0,,
MCH-034,2026-06-18 00:00:00,0,0,,
MCH-034,2026-06-19 00:00:00,0,0,,
MCH-034,2026-06-20 00:00:00,0,0,,
MCH-034,2026-06-21 00:00:00,0,0,,
MCH-034,2026-06-22 00:00:00,0,0,,
MCH-034,2026-06-23 00:00:00,0,0,,
MCH-034,2026-06-24 00:00:00,0,0,,
MCH-034,2026-06-25 00:00:00,0,0,,
MCH-034,2026-06-26 00:00:00,0,0,,
MCH-034,2026-06-27 00:00:00,0,0,,
MCH-034,2026-06-28 00:00:00,0,0,,
MCH-034,2026-06-29 00:00:00,0,0,,
MCH-034,2026-06-30 00:00:00,0,0,,
MCH-034,2026-07-01 00:00:00,0,0,,
MCH-034,2026-07-02 00:00:00,0,0,,
MCH-034,2026-07-03 00:00:00,0,0,,
MCH-034,2026-07-04 00:00:00,0,0,,
MCH-034,2026-07-05 00:00:00,0,0,,
MCH-034,2026-07-06 00:00:00,0,0,,
MCH-034,2026-07-07 00:00:00,0,0,,
MCH-034,2026-07-08 00:00:00,0,0,,
MCH-034,2026-07-09 00:00:00,0,0,,
MCH-034,2026-07-10 00:00:00,0,1,TOOLING,medium
MCH-034,2026-07-11 00:00:00,0,1,BEARING,critical
MCH-034,2026-07-12 00:00:00,0,1,TOOLING,medium
MCH-034,2026-07-13 00:00:00,0,1,HYDRAULIC,high
MCH-034,2026-07-14 00:00:00,0,1,BEARING,high
MCH-034,2026-07-15 00:00:00,0,1,SENSOR,critical
MCH-034,2026-07-16 00:00:00,1,1,MOTOR,high
MCH-034,2026-07-17 00:00:00,1,1,ELECTRICAL,medium
MCH-034,2026-07-18 00:00:00,0,0,,
MCH-034,2026-07-19 00:00:00,0,0,,
MCH-034,2026-07-20 00:00:00,0,0,,
MCH-034,2026-07-21 00:00:00,0,0,,
MCH-034,2026-07-22 00:00:00,0,0,,
MCH-034,2026-07-23 00:00:00,0,0,,
MCH-034,2026-07-24 00:00:00,0,0,,
MCH-034,2026-07-25 00:00:00,0,0,,
MCH-034,2026-07-26 00:00:00,0,0,,
MCH-034,2026-07-27 00:00:00,0,0,,
MCH-034,2026-07-28 00:00:00,0,0,,
MCH-034,2026-07-29 00:00:00,0,0,,
MCH-034,2026-07-30 00:00:00,0,0,,
MCH-034,2026-07-31 00:00:00,0,0,,
MCH-035,2025-08-01 00:00:00,0,0,,
MCH-035,2025-08-02 00:00:00,0,0,,
MCH-035,2025-08-03 00:00:00,0,0,,
MCH-035,2025-08-04 00:00:00,0,0,,
MCH-035,2025-08-05 00:00:00,0,0,,
MCH-035,2025-08-06 00:00:00,0,0,,
MCH-035,2025-08-07 00:00:00,0,0,,
MCH-035,2025-08-08 00:00:00,0,0,,
MCH-035,2025-08-09 00:00:00,0,0,,
MCH-035,2025-08-10 00:00:00,0,0,,
MCH-035,2025-08-11 00:00:00,0,0,,
MCH-035,2025-08-12 00:00:00,0,0,,
MCH-035,2025-08-13 00:00:00,0,0,,
MCH-035,2025-08-14 00:00:00,0,0,,
MCH-035,2025-08-15 00:00:00,0,0,,
MCH-035,2025-08-16 00:00:00,0,0,,
MCH-035,2025-08-17 00:00:00,0,0,,
MCH-035,2025-08-18 00:00:00,0,0,,
MCH-035,2025-08-19 00:00:00,0,0,,
MCH-035,2025-08-20 00:00:00,0,0,,
MCH-035,2025-08-21 00:00:00,0,0,,
MCH-035,2025-08-22 00:00:00,0,0,,
MCH-035,2025-08-23 00:00:00,0,0,,
MCH-035,2025-08-24 00:00:00,0,0,,
MCH-035,2025-08-25 00:00:00,0,0,,
MCH-035,2025-08-26 00:00:00,0,0,,
MCH-035,2025-08-27 00:00:00,0,0,,
MCH-035,2025-08-28 00:00:00,0,0,,
MCH-035,2025-08-29 00:00:00,0,0,,
MCH-035,2025-08-30 00:00:00,0,0,,
MCH-035,2025-08-31 00:00:00,0,0,,
MCH-035,2025-09-01 00:00:00,0,0,,
MCH-035,2025-09-02 00:00:00,0,0,,
MCH-035,2025-09-03 00:00:00,0,0,,
MCH-035,2025-09-04 00:00:00,0,0,,
MCH-035,2025-09-05 00:00:00,0,0,,
MCH-035,2025-09-06 00:00:00,0,0,,
MCH-035,2025-09-07 00:00:00,0,0,,
MCH-035,2025-09-08 00:00:00,0,0,,
MCH-035,2025-09-09 00:00:00,0,0,,
MCH-035,2025-09-10 00:00:00,0,0,,
MCH-035,2025-09-11 00:00:00,0,0,,
MCH-035,2025-09-12 00:00:00,0,0,,
MCH-035,2025-09-13 00:00:00,0,0,,
MCH-035,2025-09-14 00:00:00,0,0,,
MCH-035,2025-09-15 00:00:00,0,0,,
MCH-035,2025-09-16 00:00:00,0,0,,
MCH-035,2025-09-17 00:00:00,0,0,,
MCH-035,2025-09-18 00:00:00,0,0,,
MCH-035,2025-09-19 00:00:00,0,0,,
MCH-035,2025-09-20 00:00:00,0,0,,
MCH-035,2025-09-21 00:00:00,0,0,,
MCH-035,2025-09-22 00:00:00,0,0,,
MCH-035,2025-09-23 00:00:00,0,0,,
MCH-035,2025-09-24 00:00:00,0,0,,
MCH-035,2025-09-25 00:00:00,0,0,,
MCH-035,2025-09-26 00:00:00,0,0,,
MCH-035,2025-09-27 00:00:00,0,0,,
MCH-035,2025-09-28 00:00:00,0,0,,
MCH-035,2025-09-29 00:00:00,0,0,,
MCH-035,2025-09-30 00:00:00,0,0,,
MCH-035,2025-10-01 00:00:00,0,0,,
MCH-035,2025-10-02 00:00:00,0,0,,
MCH-035,2025-10-03 00:00:00,0,0,,
MCH-035,2025-10-04 00:00:00,0,0,,
MCH-035,2025-10-05 00:00:00,0,0,,
MCH-035,2025-10-06 00:00:00,0,0,,
MCH-035,2025-10-07 00:00:00,0,0,,
MCH-035,2025-10-08 00:00:00,0,0,,
MCH-035,2025-10-09 00:00:00,0,0,,
MCH-035,2025-10-10 00:00:00,0,0,,
MCH-035,2025-10-11 00:00:00,0,0,,
MCH-035,2025-10-12 00:00:00,0,0,,
MCH-035,2025-10-13 00:00:00,0,0,,
MCH-035,2025-10-14 00:00:00,0,0,,
MCH-035,2025-10-15 00:00:00,0,0,,
MCH-035,2025-10-16 00:00:00,0,0,,
MCH-035,2025-10-17 00:00:00,0,0,,
MCH-035,2025-10-18 00:00:00,0,0,,
MCH-035,2025-10-19 00:00:00,0,0,,
MCH-035,2025-10-20 00:00:00,0,0,,
MCH-035,2025-10-21 00:00:00,0,0,,
MCH-035,2025-10-22 00:00:00,0,0,,
MCH-035,2025-10-23 00:00:00,0,0,,
MCH-035,2025-10-24 00:00:00,0,0,,
MCH-035,2025-10-25 00:00:00,0,0,,
MCH-035,2025-10-26 00:00:00,0,0,,
MCH-035,2025-10-27 00:00:00,0,0,,
MCH-035,2025-10-28 00:00:00,0,0,,
MCH-035,2025-10-29 00:00:00,0,0,,
MCH-035,2025-10-30 00:00:00,0,0,,
MCH-035,2025-10-31 00:00:00,0,0,,
MCH-035,2025-11-01 00:00:00,0,0,,
MCH-035,2025-11-02 00:00:00,0,0,,
MCH-035,2025-11-03 00:00:00,0,0,,
MCH-035,2025-11-04 00:00:00,0,0,,
MCH-035,2025-11-05 00:00:00,0,0,,
MCH-035,2025-11-06 00:00:00,0,0,,
MCH-035,2025-11-07 00:00:00,0,0,,
MCH-035,2025-11-08 00:00:00,0,0,,
MCH-035,2025-11-09 00:00:00,0,0,,
MCH-035,2025-11-10 00:00:00,0,0,,
MCH-035,2025-11-11 00:00:00,0,0,,
MCH-035,2025-11-12 00:00:00,0,0,,
MCH-035,2025-11-13 00:00:00,0,0,,
MCH-035,2025-11-14 00:00:00,0,0,,
MCH-035,2025-11-15 00:00:00,0,0,,
MCH-035,2025-11-16 00:00:00,0,0,,
MCH-035,2025-11-17 00:00:00,0,0,,
MCH-035,2025-11-18 00:00:00,0,0,,
MCH-035,2025-11-19 00:00:00,0,0,,
MCH-035,2025-11-20 00:00:00,0,0,,
MCH-035,2025-11-21 00:00:00,0,0,,
MCH-035,2025-11-22 00:00:00,0,0,,
MCH-035,2025-11-23 00:00:00,0,0,,
MCH-035,2025-11-24 00:00:00,0,0,,
MCH-035,2025-11-25 00:00:00,0,0,,
MCH-035,2025-11-26 00:00:00,0,0,,
MCH-035,2025-11-27 00:00:00,0,0,,
MCH-035,2025-11-28 00:00:00,0,0,,
MCH-035,2025-11-29 00:00:00,0,0,,
MCH-035,2025-11-30 00:00:00,0,0,,
MCH-035,2025-12-01 00:00:00,0,0,,
MCH-035,2025-12-02 00:00:00,0,0,,
MCH-035,2025-12-03 00:00:00,0,0,,
MCH-035,2025-12-04 00:00:00,0,0,,
MCH-035,2025-12-05 00:00:00,0,0,,
MCH-035,2025-12-06 00:00:00,0,0,,
MCH-035,2025-12-07 00:00:00,0,0,,
MCH-035,2025-12-08 00:00:00,0,0,,
MCH-035,2025-12-09 00:00:00,0,0,,
MCH-035,2025-12-10 00:00:00,0,0,,
MCH-035,2025-12-11 00:00:00,0,0,,
MCH-035,2025-12-12 00:00:00,0,0,,
MCH-035,2025-12-13 00:00:00,0,0,,
MCH-035,2025-12-14 00:00:00,0,0,,
MCH-035,2025-12-15 00:00:00,0,0,,
MCH-035,2025-12-16 00:00:00,0,0,,
MCH-035,2025-12-17 00:00:00,0,0,,
MCH-035,2025-12-18 00:00:00,0,0,,
MCH-035,2025-12-19 00:00:00,0,0,,
MCH-035,2025-12-20 00:00:00,0,0,,
MCH-035,2025-12-21 00:00:00,0,0,,
MCH-035,2025-12-22 00:00:00,0,0,,
MCH-035,2025-12-23 00:00:00,0,0,,
MCH-035,2025-12-24 00:00:00,0,0,,
MCH-035,2025-12-25 00:00:00,0,0,,
MCH-035,2025-12-26 00:00:00,0,0,,
MCH-035,2025-12-27 00:00:00,0,0,,
MCH-035,2025-12-28 00:00:00,0,0,,
MCH-035,2025-12-29 00:00:00,0,0,,
MCH-035,2025-12-30 00:00:00,0,0,,
MCH-035,2025-12-31 00:00:00,0,0,,
MCH-035,2026-01-01 00:00:00,0,0,,
MCH-035,2026-01-02 00:00:00,0,0,,
MCH-035,2026-01-03 00:00:00,0,0,,
MCH-035,2026-01-04 00:00:00,0,0,,
MCH-035,2026-01-05 00:00:00,0,0,,
MCH-035,2026-01-06 00:00:00,0,0,,
MCH-035,2026-01-07 00:00:00,0,0,,
MCH-035,2026-01-08 00:00:00,0,0,,
MCH-035,2026-01-09 00:00:00,0,0,,
MCH-035,2026-01-10 00:00:00,0,0,,
MCH-035,2026-01-11 00:00:00,0,0,,
MCH-035,2026-01-12 00:00:00,0,0,,
MCH-035,2026-01-13 00:00:00,0,0,,
MCH-035,2026-01-14 00:00:00,0,0,,
MCH-035,2026-01-15 00:00:00,0,0,,
MCH-035,2026-01-16 00:00:00,0,0,,
MCH-035,2026-01-17 00:00:00,0,0,,
MCH-035,2026-01-18 00:00:00,0,0,,
MCH-035,2026-01-19 00:00:00,0,0,,
MCH-035,2026-01-20 00:00:00,0,0,,
MCH-035,2026-01-21 00:00:00,0,0,,
MCH-035,2026-01-22 00:00:00,0,0,,
MCH-035,2026-01-23 00:00:00,0,0,,
MCH-035,2026-01-24 00:00:00,0,0,,
MCH-035,2026-01-25 00:00:00,0,0,,
MCH-035,2026-01-26 00:00:00,0,0,,
MCH-035,2026-01-27 00:00:00,0,0,,
MCH-035,2026-01-28 00:00:00,0,0,,
MCH-035,2026-01-29 00:00:00,0,0,,
MCH-035,2026-01-30 00:00:00,0,0,,
MCH-035,2026-01-31 00:00:00,0,0,,
MCH-035,2026-02-01 00:00:00,0,0,,
MCH-035,2026-02-02 00:00:00,0,0,,
MCH-035,2026-02-03 00:00:00,0,0,,
MCH-035,2026-02-04 00:00:00,0,0,,
MCH-035,2026-02-05 00:00:00,0,1,TOOLING,medium
MCH-035,2026-02-06 00:00:00,0,1,ELECTRICAL,high
MCH-035,2026-02-07 00:00:00,0,1,TOOLING,medium
MCH-035,2026-02-08 00:00:00,0,1,ELECTRICAL,medium
MCH-035,2026-02-09 00:00:00,0,1,SENSOR,medium
MCH-035,2026-02-10 00:00:00,0,1,ELECTRICAL,medium
MCH-035,2026-02-11 00:00:00,1,1,MOTOR,medium
MCH-035,2026-02-12 00:00:00,1,1,HYDRAULIC,critical
MCH-035,2026-02-13 00:00:00,0,0,,
MCH-035,2026-02-14 00:00:00,0,0,,
MCH-035,2026-02-15 00:00:00,0,0,,
MCH-035,2026-02-16 00:00:00,0,0,,
MCH-035,2026-02-17 00:00:00,0,0,,
MCH-035,2026-02-18 00:00:00,0,0,,
MCH-035,2026-02-19 00:00:00,0,0,,
MCH-035,2026-02-20 00:00:00,0,0,,
MCH-035,2026-02-21 00:00:00,0,0,,
MCH-035,2026-02-22 00:00:00,0,0,,
MCH-035,2026-02-23 00:00:00,0,0,,
MCH-035,2026-02-24 00:00:00,0,0,,
MCH-035,2026-02-25 00:00:00,0,0,,
MCH-035,2026-02-26 00:00:00,0,0,,
MCH-035,2026-02-27 00:00:00,0,0,,
MCH-035,2026-02-28 00:00:00,0,0,,
MCH-035,2026-03-01 00:00:00,0,0,,
MCH-035,2026-03-02 00:00:00,0,0,,
MCH-035,2026-03-03 00:00:00,0,0,,
MCH-035,2026-03-04 00:00:00,0,0,,
MCH-035,2026-03-05 00:00:00,0,0,,
MCH-035,2026-03-06 00:00:00,0,0,,
MCH-035,2026-03-07 00:00:00,0,0,,
MCH-035,2026-03-08 00:00:00,0,0,,
MCH-035,2026-03-09 00:00:00,0,0,,
MCH-035,2026-03-10 00:00:00,0,0,,
MCH-035,2026-03-11 00:00:00,0,0,,
MCH-035,2026-03-12 00:00:00,0,0,,
MCH-035,2026-03-13 00:00:00,0,0,,
MCH-035,2026-03-14 00:00:00,0,0,,
MCH-035,2026-03-15 00:00:00,0,0,,
MCH-035,2026-03-16 00:00:00,0,0,,
MCH-035,2026-03-17 00:00:00,0,0,,
MCH-035,2026-03-18 00:00:00,0,0,,
MCH-035,2026-03-19 00:00:00,0,0,,
MCH-035,2026-03-20 00:00:00,0,0,,
MCH-035,2026-03-21 00:00:00,0,0,,
MCH-035,2026-03-22 00:00:00,0,0,,
MCH-035,2026-03-23 00:00:00,0,0,,
MCH-035,2026-03-24 00:00:00,0,0,,
MCH-035,2026-03-25 00:00:00,0,0,,
MCH-035,2026-03-26 00:00:00,0,0,,
MCH-035,2026-03-27 00:00:00,0,0,,
MCH-035,2026-03-28 00:00:00,0,0,,
MCH-035,2026-03-29 00:00:00,0,0,,
MCH-035,2026-03-30 00:00:00,0,0,,
MCH-035,2026-03-31 00:00:00,0,0,,
MCH-035,2026-04-01 00:00:00,0,0,,
MCH-035,2026-04-02 00:00:00,0,0,,
MCH-035,2026-04-03 00:00:00,0,0,,
MCH-035,2026-04-04 00:00:00,0,0,,
MCH-035,2026-04-05 00:00:00,0,0,,
MCH-035,2026-04-06 00:00:00,0,0,,
MCH-035,2026-04-07 00:00:00,0,0,,
MCH-035,2026-04-08 00:00:00,0,0,,
MCH-035,2026-04-09 00:00:00,0,0,,
MCH-035,2026-04-10 00:00:00,0,0,,
MCH-035,2026-04-11 00:00:00,0,0,,
MCH-035,2026-04-12 00:00:00,0,0,,
MCH-035,2026-04-13 00:00:00,0,0,,
MCH-035,2026-04-14 00:00:00,0,0,,
MCH-035,2026-04-15 00:00:00,0,0,,
MCH-035,2026-04-16 00:00:00,0,0,,
MCH-035,2026-04-17 00:00:00,0,0,,
MCH-035,2026-04-18 00:00:00,0,0,,
MCH-035,2026-04-19 00:00:00,0,0,,
MCH-035,2026-04-20 00:00:00,0,1,ELECTRICAL,medium
MCH-035,2026-04-21 00:00:00,0,1,BEARING,medium
MCH-035,2026-04-22 00:00:00,0,1,ELECTRICAL,high
MCH-035,2026-04-23 00:00:00,0,1,MOTOR,critical
MCH-035,2026-04-24 00:00:00,0,1,MOTOR,high
MCH-035,2026-04-25 00:00:00,0,1,ELECTRICAL,medium
MCH-035,2026-04-26 00:00:00,1,1,BEARING,critical
MCH-035,2026-04-27 00:00:00,1,1,MOTOR,critical
MCH-035,2026-04-28 00:00:00,0,0,,
MCH-035,2026-04-29 00:00:00,0,0,,
MCH-035,2026-04-30 00:00:00,0,0,,
MCH-035,2026-05-01 00:00:00,0,0,,
MCH-035,2026-05-02 00:00:00,0,0,,
MCH-035,2026-05-03 00:00:00,0,0,,
MCH-035,2026-05-04 00:00:00,0,0,,
MCH-035,2026-05-05 00:00:00,0,0,,
MCH-035,2026-05-06 00:00:00,0,0,,
MCH-035,2026-05-07 00:00:00,0,0,,
MCH-035,2026-05-08 00:00:00,0,0,,
MCH-035,2026-05-09 00:00:00,0,0,,
MCH-035,2026-05-10 00:00:00,0,0,,
MCH-035,2026-05-11 00:00:00,0,1,HYDRAULIC,high
MCH-035,2026-05-12 00:00:00,0,1,BEARING,medium
MCH-035,2026-05-13 00:00:00,0,1,SENSOR,medium
MCH-035,2026-05-14 00:00:00,0,1,MOTOR,medium
MCH-035,2026-05-15 00:00:00,0,1,SENSOR,high
MCH-035,2026-05-16 00:00:00,0,1,ELECTRICAL,medium
MCH-035,2026-05-17 00:00:00,1,1,BEARING,medium
MCH-035,2026-05-18 00:00:00,1,1,SENSOR,high
MCH-035,2026-05-19 00:00:00,0,0,,
MCH-035,2026-05-20 00:00:00,0,0,,
MCH-035,2026-05-21 00:00:00,0,0,,
MCH-035,2026-05-22 00:00:00,0,0,,
MCH-035,2026-05-23 00:00:00,0,0,,
MCH-035,2026-05-24 00:00:00,0,0,,
MCH-035,2026-05-25 00:00:00,0,0,,
MCH-035,2026-05-26 00:00:00,0,0,,
MCH-035,2026-05-27 00:00:00,0,0,,
MCH-035,2026-05-28 00:00:00,0,0,,
MCH-035,2026-05-29 00:00:00,0,0,,
MCH-035,2026-05-30 00:00:00,0,0,,
MCH-035,2026-05-31 00:00:00,0,0,,
MCH-035,2026-06-01 00:00:00,0,0,,
MCH-035,2026-06-02 00:00:00,0,0,,
MCH-035,2026-06-03 00:00:00,0,0,,
MCH-035,2026-06-04 00:00:00,0,0,,
MCH-035,2026-06-05 00:00:00,0,0,,
MCH-035,2026-06-06 00:00:00,0,0,,
MCH-035,2026-06-07 00:00:00,0,0,,
MCH-035,2026-06-08 00:00:00,0,0,,
MCH-035,2026-06-09 00:00:00,0,0,,
MCH-035,2026-06-10 00:00:00,0,0,,
MCH-035,2026-06-11 00:00:00,0,0,,
MCH-035,2026-06-12 00:00:00,0,0,,
MCH-035,2026-06-13 00:00:00,0,0,,
MCH-035,2026-06-14 00:00:00,0,0,,
MCH-035,2026-06-15 00:00:00,0,0,,
MCH-035,2026-06-16 00:00:00,0,0,,
MCH-035,2026-06-17 00:00:00,0,0,,
MCH-035,2026-06-18 00:00:00,0,0,,
MCH-035,2026-06-19 00:00:00,0,0,,
MCH-035,2026-06-20 00:00:00,0,0,,
MCH-035,2026-06-21 00:00:00,0,0,,
MCH-035,2026-06-22 00:00:00,0,0,,
MCH-035,2026-06-23 00:00:00,0,0,,
MCH-035,2026-06-24 00:00:00,0,0,,
MCH-035,2026-06-25 00:00:00,0,0,,
MCH-035,2026-06-26 00:00:00,0,0,,
MCH-035,2026-06-27 00:00:00,0,0,,
MCH-035,2026-06-28 00:00:00,0,0,,
MCH-035,2026-06-29 00:00:00,0,0,,
MCH-035,2026-06-30 00:00:00,0,0,,
MCH-035,2026-07-01 00:00:00,0,0,,
MCH-035,2026-07-02 00:00:00,0,0,,
MCH-035,2026-07-03 00:00:00,0,0,,
MCH-035,2026-07-04 00:00:00,0,0,,
MCH-035,2026-07-05 00:00:00,0,1,TOOLING,medium
MCH-035,2026-07-06 00:00:00,0,1,HYDRAULIC,high
MCH-035,2026-07-07 00:00:00,0,1,ELECTRICAL,high
MCH-035,2026-07-08 00:00:00,0,1,HYDRAULIC,medium
MCH-035,2026-07-09 00:00:00,0,1,TOOLING,medium
MCH-035,2026-07-10 00:00:00,0,1,SENSOR,high
MCH-035,2026-07-11 00:00:00,1,1,BEARING,high
MCH-035,2026-07-12 00:00:00,1,1,ELECTRICAL,medium
MCH-035,2026-07-13 00:00:00,0,0,,
MCH-035,2026-07-14 00:00:00,0,0,,
MCH-035,2026-07-15 00:00:00,0,0,,
MCH-035,2026-07-16 00:00:00,0,0,,
MCH-035,2026-07-17 00:00:00,0,0,,
MCH-035,2026-07-18 00:00:00,0,0,,
MCH-035,2026-07-19 00:00:00,0,0,,
MCH-035,2026-07-20 00:00:00,0,0,,
MCH-035,2026-07-21 00:00:00,0,0,,
MCH-035,2026-07-22 00:00:00,0,0,,
MCH-035,2026-07-23 00:00:00,0,0,,
MCH-035,2026-07-24 00:00:00,0,0,,
MCH-035,2026-07-25 00:00:00,0,0,,
MCH-035,2026-07-26 00:00:00,0,0,,
MCH-035,2026-07-27 00:00:00,0,0,,
MCH-035,2026-07-28 00:00:00,0,0,,
MCH-035,2026-07-29 00:00:00,0,0,,
MCH-035,2026-07-30 00:00:00,0,0,,
MCH-035,2026-07-31 00:00:00,0,0,,
MCH-036,2025-08-01 00:00:00,0,0,,
MCH-036,2025-08-02 00:00:00,0,0,,
MCH-036,2025-08-03 00:00:00,0,0,,
MCH-036,2025-08-04 00:00:00,0,0,,
MCH-036,2025-08-05 00:00:00,0,0,,
MCH-036,2025-08-06 00:00:00,0,0,,
MCH-036,2025-08-07 00:00:00,0,0,,
MCH-036,2025-08-08 00:00:00,0,0,,
MCH-036,2025-08-09 00:00:00,0,0,,
MCH-036,2025-08-10 00:00:00,0,0,,
MCH-036,2025-08-11 00:00:00,0,0,,
MCH-036,2025-08-12 00:00:00,0,0,,
MCH-036,2025-08-13 00:00:00,0,0,,
MCH-036,2025-08-14 00:00:00,0,0,,
MCH-036,2025-08-15 00:00:00,0,0,,
MCH-036,2025-08-16 00:00:00,0,0,,
MCH-036,2025-08-17 00:00:00,0,0,,
MCH-036,2025-08-18 00:00:00,0,0,,
MCH-036,2025-08-19 00:00:00,0,0,,
MCH-036,2025-08-20 00:00:00,0,0,,
MCH-036,2025-08-21 00:00:00,0,0,,
MCH-036,2025-08-22 00:00:00,0,0,,
MCH-036,2025-08-23 00:00:00,0,0,,
MCH-036,2025-08-24 00:00:00,0,0,,
MCH-036,2025-08-25 00:00:00,0,0,,
MCH-036,2025-08-26 00:00:00,0,0,,
MCH-036,2025-08-27 00:00:00,0,0,,
MCH-036,2025-08-28 00:00:00,0,0,,
MCH-036,2025-08-29 00:00:00,0,0,,
MCH-036,2025-08-30 00:00:00,0,0,,
MCH-036,2025-08-31 00:00:00,0,0,,
MCH-036,2025-09-01 00:00:00,0,0,,
MCH-036,2025-09-02 00:00:00,0,0,,
MCH-036,2025-09-03 00:00:00,0,0,,
MCH-036,2025-09-04 00:00:00,0,0,,
MCH-036,2025-09-05 00:00:00,0,0,,
MCH-036,2025-09-06 00:00:00,0,0,,
MCH-036,2025-09-07 00:00:00,0,0,,
MCH-036,2025-09-08 00:00:00,0,0,,
MCH-036,2025-09-09 00:00:00,0,0,,
MCH-036,2025-09-10 00:00:00,0,0,,
MCH-036,2025-09-11 00:00:00,0,0,,
MCH-036,2025-09-12 00:00:00,0,0,,
MCH-036,2025-09-13 00:00:00,0,0,,
MCH-036,2025-09-14 00:00:00,0,0,,
MCH-036,2025-09-15 00:00:00,0,0,,
MCH-036,2025-09-16 00:00:00,0,0,,
MCH-036,2025-09-17 00:00:00,0,0,,
MCH-036,2025-09-18 00:00:00,0,0,,
MCH-036,2025-09-19 00:00:00,0,0,,
MCH-036,2025-09-20 00:00:00,0,0,,
MCH-036,2025-09-21 00:00:00,0,0,,
MCH-036,2025-09-22 00:00:00,0,0,,
MCH-036,2025-09-23 00:00:00,0,0,,
MCH-036,2025-09-24 00:00:00,0,0,,
MCH-036,2025-09-25 00:00:00,0,0,,
MCH-036,2025-09-26 00:00:00,0,1,BEARING,high
MCH-036,2025-09-27 00:00:00,0,1,TOOLING,medium
MCH-036,2025-09-28 00:00:00,0,1,SENSOR,high
MCH-036,2025-09-29 00:00:00,0,1,ELECTRICAL,medium
MCH-036,2025-09-30 00:00:00,0,1,TOOLING,medium
MCH-036,2025-10-01 00:00:00,0,1,ELECTRICAL,high
MCH-036,2025-10-02 00:00:00,1,1,ELECTRICAL,medium
MCH-036,2025-10-03 00:00:00,1,1,SENSOR,high
MCH-036,2025-10-04 00:00:00,0,0,,
MCH-036,2025-10-05 00:00:00,0,0,,
MCH-036,2025-10-06 00:00:00,0,0,,
MCH-036,2025-10-07 00:00:00,0,0,,
MCH-036,2025-10-08 00:00:00,0,0,,
MCH-036,2025-10-09 00:00:00,0,0,,
MCH-036,2025-10-10 00:00:00,0,0,,
MCH-036,2025-10-11 00:00:00,0,0,,
MCH-036,2025-10-12 00:00:00,0,0,,
MCH-036,2025-10-13 00:00:00,0,0,,
MCH-036,2025-10-14 00:00:00,0,0,,
MCH-036,2025-10-15 00:00:00,0,0,,
MCH-036,2025-10-16 00:00:00,0,0,,
MCH-036,2025-10-17 00:00:00,0,0,,
MCH-036,2025-10-18 00:00:00,0,0,,
MCH-036,2025-10-19 00:00:00,0,0,,
MCH-036,2025-10-20 00:00:00,0,0,,
MCH-036,2025-10-21 00:00:00,0,0,,
MCH-036,2025-10-22 00:00:00,0,0,,
MCH-036,2025-10-23 00:00:00,0,0,,
MCH-036,2025-10-24 00:00:00,0,0,,
MCH-036,2025-10-25 00:00:00,0,0,,
MCH-036,2025-10-26 00:00:00,0,0,,
MCH-036,2025-10-27 00:00:00,0,0,,
MCH-036,2025-10-28 00:00:00,0,0,,
MCH-036,2025-10-29 00:00:00,0,0,,
MCH-036,2025-10-30 00:00:00,0,0,,
MCH-036,2025-10-31 00:00:00,0,0,,
MCH-036,2025-11-01 00:00:00,0,0,,
MCH-036,2025-11-02 00:00:00,0,0,,
MCH-036,2025-11-03 00:00:00,0,0,,
MCH-036,2025-11-04 00:00:00,0,0,,
MCH-036,2025-11-05 00:00:00,0,0,,
MCH-036,2025-11-06 00:00:00,0,0,,
MCH-036,2025-11-07 00:00:00,0,0,,
MCH-036,2025-11-08 00:00:00,0,0,,
MCH-036,2025-11-09 00:00:00,0,0,,
MCH-036,2025-11-10 00:00:00,0,0,,
MCH-036,2025-11-11 00:00:00,0,0,,
MCH-036,2025-11-12 00:00:00,0,1,BEARING,high
MCH-036,2025-11-13 00:00:00,0,1,BEARING,high
MCH-036,2025-11-14 00:00:00,0,1,MOTOR,high
MCH-036,2025-11-15 00:00:00,0,1,ELECTRICAL,high
MCH-036,2025-11-16 00:00:00,0,1,HYDRAULIC,medium
MCH-036,2025-11-17 00:00:00,0,1,TOOLING,medium
MCH-036,2025-11-18 00:00:00,1,1,HYDRAULIC,medium
MCH-036,2025-11-19 00:00:00,1,1,MOTOR,high
MCH-036,2025-11-20 00:00:00,0,0,,
MCH-036,2025-11-21 00:00:00,0,0,,
MCH-036,2025-11-22 00:00:00,0,0,,
MCH-036,2025-11-23 00:00:00,0,0,,
MCH-036,2025-11-24 00:00:00,0,0,,
MCH-036,2025-11-25 00:00:00,0,0,,
MCH-036,2025-11-26 00:00:00,0,0,,
MCH-036,2025-11-27 00:00:00,0,0,,
MCH-036,2025-11-28 00:00:00,0,0,,
MCH-036,2025-11-29 00:00:00,0,0,,
MCH-036,2025-11-30 00:00:00,0,0,,
MCH-036,2025-12-01 00:00:00,0,0,,
MCH-036,2025-12-02 00:00:00,0,0,,
MCH-036,2025-12-03 00:00:00,0,0,,
MCH-036,2025-12-04 00:00:00,0,0,,
MCH-036,2025-12-05 00:00:00,0,0,,
MCH-036,2025-12-06 00:00:00,0,0,,
MCH-036,2025-12-07 00:00:00,0,0,,
MCH-036,2025-12-08 00:00:00,0,0,,
MCH-036,2025-12-09 00:00:00,0,0,,
MCH-036,2025-12-10 00:00:00,0,0,,
MCH-036,2025-12-11 00:00:00,0,0,,
MCH-036,2025-12-12 00:00:00,0,0,,
MCH-036,2025-12-13 00:00:00,0,0,,
MCH-036,2025-12-14 00:00:00,0,0,,
MCH-036,2025-12-15 00:00:00,0,0,,
MCH-036,2025-12-16 00:00:00,0,0,,
MCH-036,2025-12-17 00:00:00,0,0,,
MCH-036,2025-12-18 00:00:00,0,0,,
MCH-036,2025-12-19 00:00:00,0,0,,
MCH-036,2025-12-20 00:00:00,0,0,,
MCH-036,2025-12-21 00:00:00,0,0,,
MCH-036,2025-12-22 00:00:00,0,0,,
MCH-036,2025-12-23 00:00:00,0,0,,
MCH-036,2025-12-24 00:00:00,0,0,,
MCH-036,2025-12-25 00:00:00,0,0,,
MCH-036,2025-12-26 00:00:00,0,0,,
MCH-036,2025-12-27 00:00:00,0,0,,
MCH-036,2025-12-28 00:00:00,0,0,,
MCH-036,2025-12-29 00:00:00,0,0,,
MCH-036,2025-12-30 00:00:00,0,0,,
MCH-036,2025-12-31 00:00:00,0,0,,
MCH-036,2026-01-01 00:00:00,0,0,,
MCH-036,2026-01-02 00:00:00,0,0,,
MCH-036,2026-01-03 00:00:00,0,0,,
MCH-036,2026-01-04 00:00:00,0,0,,
MCH-036,2026-01-05 00:00:00,0,0,,
MCH-036,2026-01-06 00:00:00,0,0,,
MCH-036,2026-01-07 00:00:00,0,0,,
MCH-036,2026-01-08 00:00:00,0,0,,
MCH-036,2026-01-09 00:00:00,0,0,,
MCH-036,2026-01-10 00:00:00,0,0,,
MCH-036,2026-01-11 00:00:00,0,0,,
MCH-036,2026-01-12 00:00:00,0,0,,
MCH-036,2026-01-13 00:00:00,0,0,,
MCH-036,2026-01-14 00:00:00,0,0,,
MCH-036,2026-01-15 00:00:00,0,0,,
MCH-036,2026-01-16 00:00:00,0,0,,
MCH-036,2026-01-17 00:00:00,0,0,,
MCH-036,2026-01-18 00:00:00,0,0,,
MCH-036,2026-01-19 00:00:00,0,0,,
MCH-036,2026-01-20 00:00:00,0,0,,
MCH-036,2026-01-21 00:00:00,0,0,,
MCH-036,2026-01-22 00:00:00,0,0,,
MCH-036,2026-01-23 00:00:00,0,0,,
MCH-036,2026-01-24 00:00:00,0,0,,
MCH-036,2026-01-25 00:00:00,0,0,,
MCH-036,2026-01-26 00:00:00,0,0,,
MCH-036,2026-01-27 00:00:00,0,0,,
MCH-036,2026-01-28 00:00:00,0,0,,
MCH-036,2026-01-29 00:00:00,0,0,,
MCH-036,2026-01-30 00:00:00,0,0,,
MCH-036,2026-01-31 00:00:00,0,0,,
MCH-036,2026-02-01 00:00:00,0,0,,
MCH-036,2026-02-02 00:00:00,0,0,,
MCH-036,2026-02-03 00:00:00,0,0,,
MCH-036,2026-02-04 00:00:00,0,0,,
MCH-036,2026-02-05 00:00:00,0,0,,
MCH-036,2026-02-06 00:00:00,0,0,,
MCH-036,2026-02-07 00:00:00,0,0,,
MCH-036,2026-02-08 00:00:00,0,1,ELECTRICAL,high
MCH-036,2026-02-09 00:00:00,0,1,HYDRAULIC,medium
MCH-036,2026-02-10 00:00:00,0,1,HYDRAULIC,medium
MCH-036,2026-02-11 00:00:00,0,1,SENSOR,medium
MCH-036,2026-02-12 00:00:00,0,1,MOTOR,medium
MCH-036,2026-02-13 00:00:00,0,1,MOTOR,high
MCH-036,2026-02-14 00:00:00,1,1,SENSOR,high
MCH-036,2026-02-15 00:00:00,1,1,TOOLING,medium
MCH-036,2026-02-16 00:00:00,0,0,,
MCH-036,2026-02-17 00:00:00,0,0,,
MCH-036,2026-02-18 00:00:00,0,0,,
MCH-036,2026-02-19 00:00:00,0,0,,
MCH-036,2026-02-20 00:00:00,0,0,,
MCH-036,2026-02-21 00:00:00,0,0,,
MCH-036,2026-02-22 00:00:00,0,0,,
MCH-036,2026-02-23 00:00:00,0,0,,
MCH-036,2026-02-24 00:00:00,0,0,,
MCH-036,2026-02-25 00:00:00,0,0,,
MCH-036,2026-02-26 00:00:00,0,0,,
MCH-036,2026-02-27 00:00:00,0,0,,
MCH-036,2026-02-28 00:00:00,0,0,,
MCH-036,2026-03-01 00:00:00,0,0,,
MCH-036,2026-03-02 00:00:00,0,0,,
MCH-036,2026-03-03 00:00:00,0,0,,
MCH-036,2026-03-04 00:00:00,0,0,,
MCH-036,2026-03-05 00:00:00,0,0,,
MCH-036,2026-03-06 00:00:00,0,0,,
MCH-036,2026-03-07 00:00:00,0,0,,
MCH-036,2026-03-08 00:00:00,0,0,,
MCH-036,2026-03-09 00:00:00,0,0,,
MCH-036,2026-03-10 00:00:00,0,0,,
MCH-036,2026-03-11 00:00:00,0,0,,
MCH-036,2026-03-12 00:00:00,0,0,,
MCH-036,2026-03-13 00:00:00,0,0,,
MCH-036,2026-03-14 00:00:00,0,0,,
MCH-036,2026-03-15 00:00:00,0,0,,
MCH-036,2026-03-16 00:00:00,0,0,,
MCH-036,2026-03-17 00:00:00,0,0,,
MCH-036,2026-03-18 00:00:00,0,0,,
MCH-036,2026-03-19 00:00:00,0,0,,
MCH-036,2026-03-20 00:00:00,0,0,,
MCH-036,2026-03-21 00:00:00,0,0,,
MCH-036,2026-03-22 00:00:00,0,0,,
MCH-036,2026-03-23 00:00:00,0,0,,
MCH-036,2026-03-24 00:00:00,0,0,,
MCH-036,2026-03-25 00:00:00,0,0,,
MCH-036,2026-03-26 00:00:00,0,0,,
MCH-036,2026-03-27 00:00:00,0,0,,
MCH-036,2026-03-28 00:00:00,0,0,,
MCH-036,2026-03-29 00:00:00,0,0,,
MCH-036,2026-03-30 00:00:00,0,0,,
MCH-036,2026-03-31 00:00:00,0,0,,
MCH-036,2026-04-01 00:00:00,0,0,,
MCH-036,2026-04-02 00:00:00,0,0,,
MCH-036,2026-04-03 00:00:00,0,0,,
MCH-036,2026-04-04 00:00:00,0,0,,
MCH-036,2026-04-05 00:00:00,0,0,,
MCH-036,2026-04-06 00:00:00,0,0,,
MCH-036,2026-04-07 00:00:00,0,0,,
MCH-036,2026-04-08 00:00:00,0,0,,
MCH-036,2026-04-09 00:00:00,0,0,,
MCH-036,2026-04-10 00:00:00,0,0,,
MCH-036,2026-04-11 00:00:00,0,0,,
MCH-036,2026-04-12 00:00:00,0,0,,
MCH-036,2026-04-13 00:00:00,0,0,,
MCH-036,2026-04-14 00:00:00,0,0,,
MCH-036,2026-04-15 00:00:00,0,0,,
MCH-036,2026-04-16 00:00:00,0,0,,
MCH-036,2026-04-17 00:00:00,0,0,,
MCH-036,2026-04-18 00:00:00,0,0,,
MCH-036,2026-04-19 00:00:00,0,0,,
MCH-036,2026-04-20 00:00:00,0,0,,
MCH-036,2026-04-21 00:00:00,0,0,,
MCH-036,2026-04-22 00:00:00,0,0,,
MCH-036,2026-04-23 00:00:00,0,0,,
MCH-036,2026-04-24 00:00:00,0,0,,
MCH-036,2026-04-25 00:00:00,0,0,,
MCH-036,2026-04-26 00:00:00,0,0,,
MCH-036,2026-04-27 00:00:00,0,0,,
MCH-036,2026-04-28 00:00:00,0,0,,
MCH-036,2026-04-29 00:00:00,0,0,,
MCH-036,2026-04-30 00:00:00,0,0,,
MCH-036,2026-05-01 00:00:00,0,0,,
MCH-036,2026-05-02 00:00:00,0,0,,
MCH-036,2026-05-03 00:00:00,0,0,,
MCH-036,2026-05-04 00:00:00,0,0,,
MCH-036,2026-05-05 00:00:00,0,0,,
MCH-036,2026-05-06 00:00:00,0,0,,
MCH-036,2026-05-07 00:00:00,0,0,,
MCH-036,2026-05-08 00:00:00,0,0,,
MCH-036,2026-05-09 00:00:00,0,0,,
MCH-036,2026-05-10 00:00:00,0,0,,
MCH-036,2026-05-11 00:00:00,0,0,,
MCH-036,2026-05-12 00:00:00,0,0,,
MCH-036,2026-05-13 00:00:00,0,0,,
MCH-036,2026-05-14 00:00:00,0,0,,
MCH-036,2026-05-15 00:00:00,0,0,,
MCH-036,2026-05-16 00:00:00,0,0,,
MCH-036,2026-05-17 00:00:00,0,0,,
MCH-036,2026-05-18 00:00:00,0,0,,
MCH-036,2026-05-19 00:00:00,0,0,,
MCH-036,2026-05-20 00:00:00,0,0,,
MCH-036,2026-05-21 00:00:00,0,0,,
MCH-036,2026-05-22 00:00:00,0,0,,
MCH-036,2026-05-23 00:00:00,0,0,,
MCH-036,2026-05-24 00:00:00,0,0,,
MCH-036,2026-05-25 00:00:00,0,0,,
MCH-036,2026-05-26 00:00:00,0,0,,
MCH-036,2026-05-27 00:00:00,0,0,,
MCH-036,2026-05-28 00:00:00,0,0,,
MCH-036,2026-05-29 00:00:00,0,0,,
MCH-036,2026-05-30 00:00:00,0,0,,
MCH-036,2026-05-31 00:00:00,0,0,,
MCH-036,2026-06-01 00:00:00,0,0,,
MCH-036,2026-06-02 00:00:00,0,0,,
MCH-036,2026-06-03 00:00:00,0,0,,
MCH-036,2026-06-04 00:00:00,0,0,,
MCH-036,2026-06-05 00:00:00,0,0,,
MCH-036,2026-06-06 00:00:00,0,0,,
MCH-036,2026-06-07 00:00:00,0,0,,
MCH-036,2026-06-08 00:00:00,0,0,,
MCH-036,2026-06-09 00:00:00,0,0,,
MCH-036,2026-06-10 00:00:00,0,0,,
MCH-036,2026-06-11 00:00:00,0,0,,
MCH-036,2026-06-12 00:00:00,0,0,,
MCH-036,2026-06-13 00:00:00,0,0,,
MCH-036,2026-06-14 00:00:00,0,0,,
MCH-036,2026-06-15 00:00:00,0,0,,
MCH-036,2026-06-16 00:00:00,0,0,,
MCH-036,2026-06-17 00:00:00,0,0,,
MCH-036,2026-06-18 00:00:00,0,0,,
MCH-036,2026-06-19 00:00:00,0,0,,
MCH-036,2026-06-20 00:00:00,0,0,,
MCH-036,2026-06-21 00:00:00,0,0,,
MCH-036,2026-06-22 00:00:00,0,0,,
MCH-036,2026-06-23 00:00:00,0,0,,
MCH-036,2026-06-24 00:00:00,0,0,,
MCH-036,2026-06-25 00:00:00,0,0,,
MCH-036,2026-06-26 00:00:00,0,0,,
MCH-036,2026-06-27 00:00:00,0,0,,
MCH-036,2026-06-28 00:00:00,0,0,,
MCH-036,2026-06-29 00:00:00,0,0,,
MCH-036,2026-06-30 00:00:00,0,0,,
MCH-036,2026-07-01 00:00:00,0,0,,
MCH-036,2026-07-02 00:00:00,0,0,,
MCH-036,2026-07-03 00:00:00,0,0,,
MCH-036,2026-07-04 00:00:00,0,0,,
MCH-036,2026-07-05 00:00:00,0,0,,
MCH-036,2026-07-06 00:00:00,0,0,,
MCH-036,2026-07-07 00:00:00,0,0,,
MCH-036,2026-07-08 00:00:00,0,0,,
MCH-036,2026-07-09 00:00:00,0,0,,
MCH-036,2026-07-10 00:00:00,0,0,,
MCH-036,2026-07-11 00:00:00,0,0,,
MCH-036,2026-07-12 00:00:00,0,0,,
MCH-036,2026-07-13 00:00:00,0,0,,
MCH-036,2026-07-14 00:00:00,0,0,,
MCH-036,2026-07-15 00:00:00,0,0,,
MCH-036,2026-07-16 00:00:00,0,0,,
MCH-036,2026-07-17 00:00:00,0,0,,
MCH-036,2026-07-18 00:00:00,0,0,,
MCH-036,2026-07-19 00:00:00,0,0,,
MCH-036,2026-07-20 00:00:00,0,0,,
MCH-036,2026-07-21 00:00:00,0,0,,
MCH-036,2026-07-22 00:00:00,0,0,,
MCH-036,2026-07-23 00:00:00,0,0,,
MCH-036,2026-07-24 00:00:00,0,0,,
MCH-036,2026-07-25 00:00:00,0,0,,
MCH-036,2026-07-26 00:00:00,0,0,,
MCH-036,2026-07-27 00:00:00,0,0,,
MCH-036,2026-07-28 00:00:00,0,0,,
MCH-036,2026-07-29 00:00:00,0,0,,
MCH-036,2026-07-30 00:00:00,0,0,,
MCH-036,2026-07-31 00:00:00,0,0,,
