run_id,work_order_id,plant_id,line_id,machine_id,product_id,feature_date,setup_minutes,speed_ratio,operator_experience_years,operator_fairness_group,product_complexity_score,supplier_quality_score,avg_temperature_24h,max_vibration_24h,line_utilization_rate,previous_defect_rate_7d,defect_rate,high_defect_risk,dominant_defect_code,split
RUN-000025,WO-000013,P03,L05,MCH-027,PRD-010,2025-08-01,17.0,1.0818,0.2,G3_junior,6.9,97.0,51.402,2.693,0.865,0.0975,0.05,0,DIMENSION,train
RUN-000026,WO-000013,P03,L05,MCH-028,PRD-010,2025-08-01,21.97,0.8926,1.2,G3_junior,6.9,97.0,55.0,3.187,1.043,0.0556,0.05,0,NONE,train
RUN-000027,WO-000014,P03,L05,MCH-025,PRD-010,2025-08-01,31.04,1.1369,7.1,G2_mid,6.9,97.0,52.872,3.58,0.891,0,0.02,0,CONTAMINATION,train
RUN-000028,WO-000014,P03,L05,MCH-028,PRD-010,2025-08-01,24.83,1.1419,7.2,G2_mid,6.9,97.0,55.0,3.187,0.679,0.0467,0.032,0,CONTAMINATION,train
RUN-000029,WO-000015,P03,L05,MCH-028,PRD-010,2025-08-01,31.43,1.0207,1.4,G3_junior,6.9,97.0,55.0,3.187,0.715,0.0576,0.025,0,SCRATCH,train
RUN-000030,WO-000015,P03,L05,MCH-027,PRD-010,2025-08-01,30.9,0.9596,18,G1_senior,6.9,97.0,51.402,2.693,0.74,0.0093,0.008,0,CONTAMINATION,train
RUN-000031,WO-000016,P03,L06,MCH-032,PRD-022,2025-08-01,22.19,1.1244,2.1,G3_junior,4.3,85.8,55.821,3.724,0.741,0.0112,0.0375,0,CONTAMINATION,train
RUN-000032,WO-000016,P03,L06,MCH-031,PRD-022,2025-08-01,21.76,1.0833,1.0,G3_junior,4.3,85.8,54.945,3.637,0.847,0.0766,0.03,0,CONTAMINATION,train
RUN-000033,WO-000017,P03,L06,MCH-033,PRD-022,2025-08-01,24.71,0.9647,0.7,G3_junior,4.3,85.8,54.666,3.484,0.814,0.0629,0.06,1,SOLDER_VOID,train
RUN-000034,WO-000017,P03,L06,MCH-034,PRD-022,2025-08-01,29.03,1.1,1.0,G3_junior,4.3,85.8,51.481,2.663,0.686,0.001,0.03,0,CONTAMINATION,train
RUN-000035,WO-000018,P03,L06,MCH-034,PRD-022,2025-08-01,28.25,0.834,0.6,G3_junior,4.3,85.8,51.481,2.663,1.05,0.0902,0.02,0,SURFACE_DENT,train
RUN-000036,WO-000018,P03,L06,MCH-032,PRD-022,2025-08-01,25.94,1.1199,2.8,G3_junior,4.3,85.8,55.821,3.724,0.868,0.0504,0.04,0,MISSING_PART,train
RUN-000049,WO-000025,P03,L05,MCH-028,PRD-049,2025-08-02,33.02,1.1466,0.2,G3_junior,10,82.7,49.762,3.27,0.921,0.1457,0.13,1,SCRATCH,train
RUN-000050,WO-000025,P03,L05,MCH-029,PRD-049,2025-08-02,35.22,1.159,10.6,G1_senior,10,82.7,49.718,3.42,0.794,0.1165,0.12,1,CONTAMINATION,train
RUN-000051,WO-000026,P03,L05,MCH-027,PRD-080,2025-08-02,29.44,0.9672,3.1,G2_mid,5.2,84.5,45.025,3.044,0.962,0.0627,0.05,0,SURFACE_DENT,train
RUN-000052,WO-000026,P03,L05,MCH-028,PRD-080,2025-08-02,26.76,0.8217,12.8,G1_senior,5.2,84.5,49.762,3.27,0.798,0,0.016,0,SOLDER_VOID,train
RUN-000053,WO-000027,P03,L06,MCH-032,PRD-070,2025-08-02,27.41,1.1629,7.1,G2_mid,3.9,87.4,48.161,3.808,0.815,0.0505,0.03,0,SCRATCH,train
RUN-000054,WO-000027,P03,L06,MCH-034,PRD-070,2025-08-02,21.14,0.9373,11.8,G1_senior,3.9,87.4,46.055,2.555,0.642,0.0015,0.01,0,DIMENSION,train
RUN-000055,WO-000028,P03,L06,MCH-032,PRD-070,2025-08-02,22.75,1.1349,2.0,G3_junior,3.9,87.4,48.161,3.808,1.01,0.0405,0.016,0,SURFACE_DENT,train
RUN-000056,WO-000028,P03,L06,MCH-033,PRD-070,2025-08-02,22.89,1.1344,3.3,G2_mid,3.9,87.4,57.486,3.355,0.737,0,0.032,0,DIMENSION,train
RUN-000067,WO-000034,P03,L05,MCH-028,PRD-052,2025-08-03,21.78,0.9706,1.4,G3_junior,7.2,82.7,49.387,3.639,1.09,0.0571,0.08,1,SCRATCH,train
RUN-000068,WO-000034,P03,L05,MCH-025,PRD-052,2025-08-03,17.64,0.8585,0,G0_unknown,7.2,82.7,51.818,3.156,0.685,0.0623,0.088,1,SCRATCH,train
RUN-000069,WO-000035,P03,L06,MCH-033,PRD-048,2025-08-03,10.75,0.9553,4.7,G2_mid,4.6,96.1,48.26,3.568,0.691,0.0427,0.02,0,CONTAMINATION,train
RUN-000070,WO-000035,P03,L06,MCH-032,PRD-048,2025-08-03,13.37,0.9765,0.2,G3_junior,4.6,96.1,47.93,3.221,0.655,0.0116,0.03,0,SOLDER_VOID,train
RUN-000095,WO-000048,P03,L05,MCH-028,PRD-075,2025-08-04,33.64,0.8767,2.1,G3_junior,6.8,96.3,52.158,3.262,0.813,0.0398,0.056,1,SCRATCH,train
RUN-000096,WO-000048,P03,L05,MCH-030,PRD-075,2025-08-04,31.59,1.1484,1.4,G3_junior,6.8,96.3,55.211,3.577,0.875,0.0334,0.048,0,SCRATCH,train
RUN-000097,WO-000049,P03,L05,MCH-029,PRD-075,2025-08-04,26.6,0.8994,1.8,G3_junior,6.8,96.3,54.951,3.458,0.992,0.0443,0.0375,0,SCRATCH,train
RUN-000098,WO-000049,P03,L05,MCH-028,PRD-075,2025-08-04,31.0,0.9704,3.3,G2_mid,6.8,96.3,52.158,3.262,0.865,0.042,0.048,0,SOLDER_VOID,train
RUN-000099,WO-000050,P03,L05,MCH-029,PRD-075,2025-08-04,26.1,0.8635,10.6,G1_senior,6.8,96.3,54.951,3.458,0.706,0.0304,0.024,0,SOLDER_VOID,train
RUN-000100,WO-000050,P03,L05,MCH-026,PRD-075,2025-08-04,32.04,1.0786,1.0,G3_junior,6.8,96.3,54.862,3.17,0.818,0.0863,0.05,0,SCRATCH,train
RUN-000101,WO-000051,P03,L06,MCH-032,PRD-016,2025-08-04,17.41,1.11,3.0,G3_junior,4.3,85.8,54.673,3.432,0.888,0.047,0.03,0,SCRATCH,train
RUN-000102,WO-000051,P03,L06,MCH-031,PRD-016,2025-08-04,19.35,0.978,2.8,G3_junior,4.3,85.8,55.098,3.292,1.013,0.0219,0.01,0,SOLDER_VOID,train
RUN-000103,WO-000052,P03,L06,MCH-034,PRD-043,2025-08-04,44.75,1.1187,4.7,G2_mid,4.2,84.5,50.051,3.03,1.026,0,0.04,0,SURFACE_DENT,train
RUN-000104,WO-000052,P03,L06,MCH-033,PRD-043,2025-08-04,40.02,1.0596,14.6,G1_senior,4.2,84.5,54.702,3.189,0.774,0.0356,0.024,0,SCRATCH,train
RUN-000105,WO-000053,P03,L06,MCH-034,PRD-016,2025-08-04,17.46,0.847,2.8,G3_junior,4.3,85.8,50.051,3.03,1.014,0.0129,0.0375,0,SCRATCH,train
RUN-000106,WO-000053,P03,L06,MCH-032,PRD-016,2025-08-04,18.61,1.149,3.3,G2_mid,4.3,85.8,54.673,3.432,1.072,0.0146,0.025,0,SCRATCH,train
RUN-000131,WO-000066,P03,L05,MCH-028,PRD-079,2025-08-05,12.88,1.1494,4.8,G2_mid,3.3,71.4,53.471,3.85,0.884,0.1112,0.07,1,CONTAMINATION,train
RUN-000132,WO-000066,P03,L05,MCH-027,PRD-079,2025-08-05,14.89,0.9197,7.0,G2_mid,3.3,71.4,52.951,3.111,0.692,0.0326,0.05,0,DIMENSION,train
RUN-000133,WO-000067,P03,L05,MCH-027,PRD-009,2025-08-05,30.18,1.0901,8.9,G1_senior,5.0,76.8,52.951,3.111,0.874,0.0511,0.064,1,SURFACE_DENT,train
RUN-000134,WO-000067,P03,L05,MCH-028,PRD-009,2025-08-05,31.11,0.8936,2.0,G3_junior,5.0,76.8,53.471,3.85,1.065,0.0214,0.04,0,SCRATCH,train
RUN-000135,WO-000068,P03,L05,MCH-028,PRD-079,2025-08-05,23.67,1.0183,0.2,G3_junior,3.3,71.4,53.471,3.85,0.623,0.0596,0.06,1,CONTAMINATION,train
RUN-000136,WO-000068,P03,L05,MCH-027,PRD-079,2025-08-05,24.83,0.8732,0.2,G3_junior,3.3,71.4,52.951,3.111,0.624,0.0605,0.04,0,SURFACE_DENT,train
RUN-000137,WO-000069,P03,L06,MCH-031,PRD-056,2025-08-05,16.9,1.1378,4.7,G2_mid,4.3,97.0,53.422,3.366,0.913,0.0402,0.025,0,SCRATCH,train
RUN-000138,WO-000069,P03,L06,MCH-033,PRD-056,2025-08-05,12.57,0.8339,2.7,G3_junior,4.3,97.0,52.627,3.28,0.803,0.0254,0.0,0,NONE,train
RUN-000139,WO-000070,P03,L06,MCH-034,PRD-073,2025-08-05,30.58,1.0493,5.8,G2_mid,3.4,87.4,49.392,2.876,0.971,0.0141,0.02,0,CONTAMINATION,train
RUN-000140,WO-000070,P03,L06,MCH-031,PRD-073,2025-08-05,37.89,1.1773,2.3,G3_junior,3.4,87.4,53.422,3.366,0.936,0.0542,0.02,0,CONTAMINATION,train
RUN-000141,WO-000071,P03,L06,MCH-036,PRD-073,2025-08-05,26.52,1.0867,7.6,G2_mid,3.4,87.4,52.45,3.179,0.856,0.0047,0.016,0,SCRATCH,train
RUN-000142,WO-000071,P03,L06,MCH-032,PRD-073,2025-08-05,22.92,0.9013,0.2,G3_junior,3.4,87.4,53.067,3.39,0.906,0,0.0125,0,SURFACE_DENT,train
RUN-000167,WO-000084,P03,L05,MCH-028,PRD-064,2025-08-06,29.32,0.9527,1.7,G3_junior,4.9,89.9,53.492,2.752,0.931,0.0606,0.0375,0,CONTAMINATION,train
RUN-000168,WO-000084,P03,L05,MCH-025,PRD-064,2025-08-06,26.32,0.8986,3.3,G2_mid,4.9,89.9,55.854,8.625,0.719,0.0357,0.04,0,SOLDER_VOID,train
RUN-000169,WO-000085,P03,L05,MCH-025,PRD-064,2025-08-06,28.53,0.8575,12.8,G1_senior,4.9,89.9,55.854,8.625,1.081,0.0463,0.025,1,DIMENSION,train
RUN-000170,WO-000085,P03,L05,MCH-026,PRD-064,2025-08-06,24.03,0.878,1.2,G3_junior,4.9,89.9,53.454,2.928,0.816,0.068,0.04,0,SOLDER_VOID,train
RUN-000171,WO-000086,P03,L05,MCH-029,PRD-064,2025-08-06,21.06,1.1216,8.9,G1_senior,4.9,89.9,54.284,2.969,0.797,0.0117,0.03,0,NONE,train
RUN-000172,WO-000086,P03,L05,MCH-030,PRD-064,2025-08-06,22.79,0.943,2.0,G3_junior,4.9,89.9,53.186,3.11,0.841,0.0132,0.04,0,DIMENSION,train
RUN-000173,WO-000087,P03,L06,MCH-036,PRD-017,2025-08-06,31.97,0.8726,5.7,G2_mid,4.3,96.3,53.298,3.195,0.703,0.0235,0.0125,0,CONTAMINATION,train
RUN-000174,WO-000087,P03,L06,MCH-034,PRD-017,2025-08-06,33.32,1.0443,0.2,G3_junior,4.3,96.3,49.905,2.622,0.894,0,0.02,0,SURFACE_DENT,train
RUN-000175,WO-000088,P03,L06,MCH-031,PRD-017,2025-08-06,28.18,1.075,2.8,G3_junior,4.3,96.3,57.165,3.807,1.034,0.0094,0.02,0,MISSING_PART,train
RUN-000176,WO-000088,P03,L06,MCH-036,PRD-017,2025-08-06,28.98,1.0497,15.7,G1_senior,4.3,96.3,53.298,3.195,0.916,0.0095,0.0,0,NONE,train
RUN-000177,WO-000089,P03,L06,MCH-033,PRD-017,2025-08-06,16.93,0.8346,2.9,G3_junior,4.3,96.3,52.869,3.285,1.057,0.0067,0.015,0,SURFACE_DENT,train
RUN-000178,WO-000089,P03,L06,MCH-036,PRD-017,2025-08-06,18.6,0.9282,2.8,G3_junior,4.3,96.3,53.298,3.195,0.723,0.0061,0.01,0,NONE,train
RUN-000203,WO-000102,P03,L05,MCH-030,PRD-002,2025-08-07,26.12,1.1552,1.0,G3_junior,5.3,88.0,54.5,3.194,0.807,0.062,0.0875,1,DIMENSION,train
RUN-000204,WO-000102,P03,L05,MCH-029,PRD-002,2025-08-07,25.46,0.9865,1.0,G3_junior,5.3,88.0,50.896,2.997,0.829,0.0802,0.032,0,SCRATCH,train
RUN-000205,WO-000103,P03,L05,MCH-026,PRD-002,2025-08-07,33.18,0.8802,2.7,G3_junior,5.3,88.0,51.416,3.247,0.856,0.03,0.05,0,SOLDER_VOID,train
RUN-000206,WO-000103,P03,L05,MCH-027,PRD-002,2025-08-07,30.49,0.8299,14.6,G1_senior,5.3,88.0,51.438,3.224,0.901,0.0335,0.024,0,CONTAMINATION,train
RUN-000207,WO-000104,P03,L05,MCH-027,PRD-002,2025-08-07,31.22,0.9185,7.0,G2_mid,5.3,88.0,51.438,3.224,1.073,0.0224,0.025,0,SOLDER_VOID,train
RUN-000208,WO-000104,P03,L05,MCH-025,PRD-002,2025-08-07,33.47,1.0794,11.2,G1_senior,5.3,88.0,55.386,3.548,0.804,0.0301,0.04,0,SOLDER_VOID,train
RUN-000209,WO-000105,P03,L06,MCH-033,PRD-073,2025-08-07,31.0,0.9767,6.5,G2_mid,3.4,87.4,55.926,3.31,1.054,0,0.0,0,NONE,train
RUN-000210,WO-000105,P03,L06,MCH-035,PRD-073,2025-08-07,31.42,1.0873,2.8,G3_junior,3.4,87.4,52.521,3.409,0.929,0.0464,0.03,0,CONTAMINATION,train
RUN-000211,WO-000106,P03,L06,MCH-031,PRD-073,2025-08-07,20.61,1.096,1.0,G3_junior,3.4,87.4,54.369,3.333,0.965,0.0612,0.0375,0,CONTAMINATION,train
RUN-000212,WO-000106,P03,L06,MCH-032,PRD-073,2025-08-07,20.44,1.1273,1.0,G3_junior,3.4,87.4,55.541,3.036,0.871,0.0502,0.025,0,SOLDER_VOID,train
RUN-000213,WO-000107,P03,L06,MCH-031,PRD-022,2025-08-07,18.56,1.05,0,G0_unknown,4.3,85.8,54.369,3.333,0.781,0.0589,0.056,1,NONE,train
RUN-000214,WO-000107,P03,L06,MCH-034,PRD-022,2025-08-07,22.01,1.0462,0.2,G3_junior,4.3,85.8,51.165,8.797,0.752,0.0538,0.045,0,SOLDER_VOID,train
RUN-000239,WO-000120,P03,L05,MCH-026,PRD-044,2025-08-08,24.87,1.1771,18,G1_senior,4.1,88.0,51.925,3.195,0.783,0.03,0.01,0,SOLDER_VOID,train
RUN-000240,WO-000120,P03,L05,MCH-029,PRD-044,2025-08-08,25.9,1.1139,18,G1_senior,4.1,88.0,53.54,8.073,0.697,0,0.02,0,DIMENSION,train
RUN-000241,WO-000121,P03,L05,MCH-029,PRD-049,2025-08-08,34.71,0.8975,1.6,G3_junior,10,82.7,53.54,8.073,0.935,0.0806,0.12,1,SURFACE_DENT,train
RUN-000242,WO-000121,P03,L05,MCH-026,PRD-049,2025-08-08,34.66,1.1166,0.6,G3_junior,10,82.7,51.925,3.195,0.85,0.146,0.14,1,SCRATCH,train
RUN-000243,WO-000122,P03,L05,MCH-029,PRD-044,2025-08-08,20.31,1.0265,15.7,G1_senior,4.1,88.0,53.54,8.073,0.819,0.0519,0.025,0,SOLDER_VOID,train
RUN-000244,WO-000122,P03,L05,MCH-030,PRD-044,2025-08-08,17.99,1.1592,1.6,G3_junior,4.1,88.0,57.028,3.548,0.685,0.0354,0.04,0,SCRATCH,train
RUN-000245,WO-000123,P03,L06,MCH-036,PRD-042,2025-08-08,26.23,1.1128,3.1,G2_mid,1.4,89.9,52.237,3.772,0.633,0.013,0.0,0,NONE,train
RUN-000246,WO-000123,P03,L06,MCH-032,PRD-042,2025-08-08,26.6,1.1261,4.7,G2_mid,1.4,89.9,52.079,3.818,0.741,0.0527,0.032,0,DIMENSION,train
RUN-000247,WO-000124,P03,L06,MCH-034,PRD-042,2025-08-08,23.4,0.868,11.2,G1_senior,1.4,89.9,52.112,2.95,0.922,0.0589,0.02,0,SCRATCH,train
RUN-000248,WO-000124,P03,L06,MCH-036,PRD-042,2025-08-08,17.36,1.067,2.0,G3_junior,1.4,89.9,52.237,3.772,0.958,0.0482,0.02,0,SCRATCH,train
RUN-000249,WO-000125,P03,L06,MCH-031,PRD-042,2025-08-08,24.04,1.1261,0.2,G3_junior,1.4,89.9,53.603,3.697,0.967,0.076,0.04,0,DIMENSION,train
RUN-000250,WO-000125,P03,L06,MCH-033,PRD-042,2025-08-08,28.0,0.9281,3.3,G2_mid,1.4,89.9,55.936,3.75,0.742,0.0255,0.02,0,MISSING_PART,train
RUN-000269,WO-000135,P03,L05,MCH-027,PRD-012,2025-08-09,21.39,1.0534,3.0,G3_junior,2.1,92.1,49.801,3.016,0.808,0.0266,0.0,0,NONE,train
RUN-000270,WO-000135,P03,L05,MCH-025,PRD-012,2025-08-09,26.32,1.0632,10.6,G1_senior,2.1,92.1,51.012,3.67,0.805,0.0126,0.025,0,DIMENSION,train
RUN-000271,WO-000136,P03,L05,MCH-029,PRD-012,2025-08-09,19.51,1.0817,0.2,G3_junior,2.1,92.1,47.654,3.263,1.059,0,0.01,0,DIMENSION,train
RUN-000272,WO-000136,P03,L05,MCH-026,PRD-012,2025-08-09,19.47,1.0801,1.8,G3_junior,2.1,92.1,49.767,3.298,1.098,0.0416,0.02,0,SURFACE_DENT,train
RUN-000273,WO-000137,P03,L06,MCH-033,PRD-078,2025-08-09,20.81,1.1753,7.0,G2_mid,4.6,84.7,49.931,3.241,0.838,0.0278,0.03,0,DIMENSION,train
RUN-000274,WO-000137,P03,L06,MCH-035,PRD-078,2025-08-09,19.68,0.9746,4.6,G2_mid,4.6,84.7,50.493,3.146,1.075,0.064,0.048,0,CONTAMINATION,train
RUN-000289,WO-000145,P03,L05,MCH-026,PRD-077,2025-08-10,16.03,1.1523,14.6,G1_senior,1.7,96.1,46.062,3.39,0.691,0,0.005,0,NONE,train
RUN-000290,WO-000145,P03,L05,MCH-029,PRD-077,2025-08-10,14.54,0.9132,2.8,G3_junior,1.7,96.1,48.064,2.537,1.093,0.0506,0.02,0,DIMENSION,train
RUN-000291,WO-000146,P03,L05,MCH-028,PRD-077,2025-08-10,19.0,1.1759,6.1,G2_mid,1.7,96.1,47.727,3.113,1.052,0,0.0,0,NONE,train
RUN-000292,WO-000146,P03,L05,MCH-027,PRD-077,2025-08-10,20.27,1.0268,18,G1_senior,1.7,96.1,49.294,2.984,1.053,0.0509,0.02,0,DIMENSION,train
RUN-000293,WO-000147,P03,L06,MCH-036,PRD-035,2025-08-10,20.35,1.1166,2.1,G3_junior,4.3,84.7,50.379,3.213,0.956,0.0037,0.025,0,SOLDER_VOID,train
RUN-000294,WO-000147,P03,L06,MCH-032,PRD-035,2025-08-10,21.94,0.9021,18,G1_senior,4.3,84.7,48.783,2.907,0.769,0.0239,0.0,0,NONE,train
RUN-000295,WO-000148,P03,L06,MCH-034,PRD-043,2025-08-10,31.58,1.1001,1.0,G3_junior,4.2,84.5,42.491,2.95,1.065,0,0.03,1,SURFACE_DENT,train
RUN-000296,WO-000148,P03,L06,MCH-036,PRD-043,2025-08-10,30.08,1.0765,2.3,G3_junior,4.2,84.5,50.379,3.213,0.821,0,0.032,0,DIMENSION,train
RUN-000297,WO-000149,P03,L06,MCH-031,PRD-035,2025-08-10,23.94,1.0379,0.2,G3_junior,4.3,84.7,50.228,3.267,1.078,0.0433,0.055,1,DIMENSION,train
RUN-000298,WO-000149,P03,L06,MCH-034,PRD-035,2025-08-10,18.02,1.1353,14.6,G1_senior,4.3,84.7,42.491,2.95,0.989,0,0.025,0,SURFACE_DENT,train
RUN-000323,WO-000162,P03,L05,MCH-026,PRD-029,2025-08-11,31.94,1.0503,1.4,G3_junior,6.6,87.0,55.041,3.113,0.922,0.0297,0.06,1,SURFACE_DENT,train
RUN-000324,WO-000162,P03,L05,MCH-027,PRD-029,2025-08-11,33.64,0.832,2.0,G3_junior,6.6,87.0,51.215,3.131,0.88,0.0611,0.045,0,MISSING_PART,train
RUN-000325,WO-000163,P03,L05,MCH-030,PRD-029,2025-08-11,30.52,0.9857,2.3,G3_junior,6.6,87.0,54.991,3.285,0.887,0.0379,0.06,1,MISSING_PART,train
RUN-000326,WO-000163,P03,L05,MCH-027,PRD-029,2025-08-11,26.52,1.0694,1.3,G3_junior,6.6,87.0,51.215,3.131,0.961,0.013,0.06,1,MISSING_PART,train
RUN-000327,WO-000164,P03,L05,MCH-028,PRD-029,2025-08-11,32.81,0.8721,0.4,G3_junior,6.6,87.0,54.033,3.344,0.786,0.0492,0.05,0,SURFACE_DENT,train
RUN-000328,WO-000164,P03,L05,MCH-029,PRD-029,2025-08-11,27.39,1.1238,0.5,G3_junior,6.6,87.0,51.249,3.167,0.749,0.0739,0.06,1,DIMENSION,train
RUN-000329,WO-000165,P03,L06,MCH-032,PRD-054,2025-08-11,25.09,1.0702,3.4,G2_mid,6.3,71.4,53.957,2.982,0.645,0.1446,0.12,1,SOLDER_VOID,train
RUN-000330,WO-000165,P03,L06,MCH-036,PRD-054,2025-08-11,19.2,0.895,1.2,G3_junior,6.3,71.4,53.697,3.601,0.776,0.1265,0.1,1,DIMENSION,train
RUN-000331,WO-000166,P03,L06,MCH-032,PRD-054,2025-08-11,22.15,1.1388,2.1,G3_junior,6.3,71.4,53.957,2.982,0.797,0.102,0.1125,1,NONE,train
RUN-000332,WO-000166,P03,L06,MCH-036,PRD-054,2025-08-11,23.01,1.0603,2.3,G3_junior,6.3,71.4,53.697,3.601,0.717,0.0943,0.096,1,SOLDER_VOID,train
RUN-000333,WO-000167,P03,L06,MCH-036,PRD-054,2025-08-11,24.92,0.8777,14.6,G1_senior,6.3,71.4,53.697,3.601,1.044,0.097,0.072,1,SOLDER_VOID,train
RUN-000334,WO-000167,P03,L06,MCH-034,PRD-054,2025-08-11,26.37,0.9802,14.6,G1_senior,6.3,71.4,50.602,2.96,0.989,0.0992,0.075,1,SCRATCH,train
RUN-000359,WO-000180,P03,L05,MCH-025,PRD-015,2025-08-12,48.22,1.0199,0.2,G3_junior,8.8,92.1,55.144,3.583,0.773,0.0315,0.0875,1,SURFACE_DENT,train
RUN-000360,WO-000180,P03,L05,MCH-030,PRD-015,2025-08-12,48.45,1.1353,3.1,G2_mid,8.8,92.1,51.321,2.784,0.622,0.0566,0.1,1,SOLDER_VOID,train
RUN-000361,WO-000181,P03,L05,MCH-028,PRD-022,2025-08-12,38.04,0.9353,2.6,G3_junior,4.3,85.8,53.348,3.231,0.815,0.0734,0.05,0,SURFACE_DENT,train
RUN-000362,WO-000181,P03,L05,MCH-025,PRD-022,2025-08-12,40.61,0.8897,0.2,G3_junior,4.3,85.8,55.144,3.583,1.017,0.0071,0.035,0,SURFACE_DENT,train
RUN-000363,WO-000182,P03,L05,MCH-025,PRD-015,2025-08-12,20.11,0.8574,1.0,G3_junior,8.8,92.1,55.144,3.583,0.964,0.0494,0.088,1,DIMENSION,train
RUN-000364,WO-000182,P03,L05,MCH-026,PRD-015,2025-08-12,23.59,0.9132,8.9,G1_senior,8.8,92.1,56.931,3.452,0.861,0.082,0.0875,1,SOLDER_VOID,train
RUN-000365,WO-000183,P03,L06,MCH-032,PRD-013,2025-08-12,32.48,1.0379,11.5,G1_senior,4.9,95.9,53.497,3.307,0.996,0.0675,0.016,0,CONTAMINATION,train
RUN-000366,WO-000183,P03,L06,MCH-034,PRD-013,2025-08-12,30.1,1.0846,2.0,G3_junior,4.9,95.9,50.934,2.869,0.839,0.0203,0.035,0,SOLDER_VOID,train
RUN-000367,WO-000184,P03,L06,MCH-032,PRD-013,2025-08-12,28.37,0.9614,0.2,G3_junior,4.9,95.9,53.497,3.307,0.667,0.0524,0.02,0,SOLDER_VOID,train
RUN-000368,WO-000184,P03,L06,MCH-036,PRD-013,2025-08-12,23.18,0.9093,7.6,G2_mid,4.9,95.9,55.864,3.858,0.741,0.0168,0.016,0,SCRATCH,train
RUN-000369,WO-000185,P03,L06,MCH-035,PRD-013,2025-08-12,13.0,1.1706,2.8,G3_junior,4.9,95.9,51.104,3.302,1.095,0.0177,0.03,0,SCRATCH,train
RUN-000370,WO-000185,P03,L06,MCH-036,PRD-013,2025-08-12,12.92,1.0508,15.7,G1_senior,4.9,95.9,55.864,3.858,0.898,0.0507,0.025,0,SOLDER_VOID,train
RUN-000395,WO-000198,P03,L05,MCH-030,PRD-070,2025-08-13,18.22,0.9356,1.0,G3_junior,3.9,87.4,50.288,2.815,0.713,0.0468,0.03,0,MISSING_PART,train
RUN-000396,WO-000198,P03,L05,MCH-027,PRD-070,2025-08-13,23.83,1.0202,0.4,G3_junior,3.9,87.4,52.92,3.254,1.051,0.0487,0.016,0,SOLDER_VOID,train
RUN-000397,WO-000199,P03,L05,MCH-025,PRD-029,2025-08-13,22.49,0.8762,0.2,G3_junior,6.6,87.0,53.999,3.865,1.022,0.0068,0.055,1,DIMENSION,train
RUN-000398,WO-000199,P03,L05,MCH-027,PRD-029,2025-08-13,22.32,1.1184,11.2,G1_senior,6.6,87.0,52.92,3.254,0.681,0.0115,0.04,0,SCRATCH,train
RUN-000399,WO-000200,P03,L05,MCH-027,PRD-002,2025-08-13,32.25,0.8327,6.5,G2_mid,5.3,88.0,52.92,3.254,0.884,0.0413,0.04,0,SCRATCH,train
RUN-000400,WO-000200,P03,L05,MCH-029,PRD-002,2025-08-13,33.6,0.9001,2.3,G3_junior,5.3,88.0,51.722,2.887,0.88,0.0525,0.04,0,CONTAMINATION,train
RUN-000401,WO-000201,P03,L06,MCH-033,PRD-048,2025-08-13,24.64,1.088,2.6,G3_junior,4.6,96.1,55.236,3.742,0.687,0,0.04,0,DIMENSION,train
RUN-000402,WO-000201,P03,L06,MCH-032,PRD-048,2025-08-13,23.58,0.8358,3.4,G2_mid,4.6,96.1,53.177,3.445,0.993,0.0465,0.016,0,CONTAMINATION,train
RUN-000403,WO-000202,P03,L06,MCH-036,PRD-035,2025-08-13,16.97,1.0125,2.8,G3_junior,4.3,84.7,52.805,3.58,0.992,0.0567,0.065,1,SOLDER_VOID,train
RUN-000404,WO-000202,P03,L06,MCH-034,PRD-035,2025-08-13,23.59,0.9411,0.7,G3_junior,4.3,84.7,49.008,2.743,1.028,0.0645,0.05,0,SURFACE_DENT,train
RUN-000405,WO-000203,P03,L06,MCH-036,PRD-048,2025-08-13,22.19,0.8373,1.7,G3_junior,4.6,96.1,52.805,3.58,0.639,0.0603,0.008,0,SCRATCH,train
RUN-000406,WO-000203,P03,L06,MCH-032,PRD-048,2025-08-13,21.8,0.953,0.5,G3_junior,4.6,96.1,53.177,3.445,0.819,0,0.0125,0,SURFACE_DENT,train
RUN-000431,WO-000216,P03,L05,MCH-025,PRD-007,2025-08-14,20.78,0.9931,2.0,G3_junior,3.9,88.0,56.039,3.203,0.752,0.0604,0.03,0,SOLDER_VOID,train
RUN-000432,WO-000216,P03,L05,MCH-030,PRD-007,2025-08-14,16.67,1.168,6.5,G2_mid,3.9,88.0,56.275,3.298,0.678,0.0195,0.0375,0,SCRATCH,train
RUN-000433,WO-000217,P03,L05,MCH-025,PRD-007,2025-08-14,29.28,1.0024,1.3,G3_junior,3.9,88.0,56.039,3.203,0.953,0.05,0.0125,0,DIMENSION,train
RUN-000434,WO-000217,P03,L05,MCH-026,PRD-007,2025-08-14,30.85,1.1563,8.2,G1_senior,3.9,88.0,54.58,11.266,0.743,0.002,0.032,0,DIMENSION,train
RUN-000435,WO-000218,P03,L05,MCH-030,PRD-002,2025-08-14,26.85,1.1049,0.4,G3_junior,5.3,88.0,56.275,3.298,0.936,0.0628,0.06,1,SOLDER_VOID,train
RUN-000436,WO-000218,P03,L05,MCH-027,PRD-002,2025-08-14,26.81,0.9348,7.2,G2_mid,5.3,88.0,50.626,3.159,0.803,0,0.0125,0,NONE,train
RUN-000437,WO-000219,P03,L06,MCH-034,PRD-062,2025-08-14,28.53,0.9268,0.4,G3_junior,6.8,71.4,50.899,3.108,0.738,0.1198,0.12,1,SCRATCH,train
RUN-000438,WO-000219,P03,L06,MCH-033,PRD-062,2025-08-14,28.12,0.8402,2.2,G3_junior,6.8,71.4,54.12,3.673,0.964,0.1033,0.12,1,SCRATCH,train
RUN-000439,WO-000220,P03,L06,MCH-035,PRD-062,2025-08-14,34.22,1.0423,11.8,G1_senior,6.8,71.4,52.656,7.313,1.016,0.0514,0.0875,1,SOLDER_VOID,train
RUN-000440,WO-000220,P03,L06,MCH-034,PRD-062,2025-08-14,31.36,1.0392,7.1,G2_mid,6.8,71.4,50.899,3.108,0.889,0.0935,0.1,1,SCRATCH,train
RUN-000441,WO-000221,P03,L06,MCH-033,PRD-062,2025-08-14,28.42,1.0021,12.8,G1_senior,6.8,71.4,54.12,3.673,0.696,0.1003,0.065,1,SURFACE_DENT,train
RUN-000442,WO-000221,P03,L06,MCH-031,PRD-062,2025-08-14,29.65,0.9505,3.4,G2_mid,6.8,71.4,55.306,3.754,0.785,0.1087,0.104,1,SCRATCH,train
RUN-000467,WO-000234,P03,L05,MCH-029,PRD-039,2025-08-15,31.31,0.9567,7.0,G2_mid,5.6,96.1,51.632,2.983,1.01,0,0.024,0,CONTAMINATION,train
RUN-000468,WO-000234,P03,L05,MCH-025,PRD-039,2025-08-15,27.96,0.9354,10.6,G1_senior,5.6,96.1,55.794,3.185,0.895,0.0007,0.0,0,NONE,train
RUN-000469,WO-000235,P03,L05,MCH-028,PRD-039,2025-08-15,42.67,0.9918,0.7,G3_junior,5.6,96.1,53.706,3.351,0.771,0.0223,0.04,0,CONTAMINATION,train
RUN-000470,WO-000235,P03,L05,MCH-027,PRD-039,2025-08-15,35.82,1.0821,6.1,G2_mid,5.6,96.1,52.163,3.345,1.074,0.0216,0.0125,0,SURFACE_DENT,train
RUN-000471,WO-000236,P03,L05,MCH-029,PRD-039,2025-08-15,19.0,0.9825,0.6,G3_junior,5.6,96.1,51.632,2.983,1.035,0.0314,0.02,0,SURFACE_DENT,train
RUN-000472,WO-000236,P03,L05,MCH-030,PRD-039,2025-08-15,20.31,0.8719,0.4,G3_junior,5.6,96.1,52.677,3.31,1.042,0.0301,0.02,0,SOLDER_VOID,train
RUN-000473,WO-000237,P03,L06,MCH-031,PRD-017,2025-08-15,28.73,0.8256,4.7,G2_mid,4.3,96.3,56.222,3.527,0.846,0,0.0125,0,SURFACE_DENT,train
RUN-000474,WO-000237,P03,L06,MCH-035,PRD-017,2025-08-15,31.81,1.0732,3.4,G2_mid,4.3,96.3,50.868,5.24,1.089,0.0161,0.0,0,NONE,train
RUN-000475,WO-000238,P03,L06,MCH-035,PRD-074,2025-08-15,28.97,0.9324,3.3,G2_mid,6.4,95.9,50.868,5.24,1.0,0.0251,0.02,0,SCRATCH,train
RUN-000476,WO-000238,P03,L06,MCH-032,PRD-074,2025-08-15,30.27,1.1466,1.4,G3_junior,6.4,95.9,50.332,2.923,1.013,0.0574,0.072,1,SCRATCH,train
RUN-000477,WO-000239,P03,L06,MCH-035,PRD-074,2025-08-15,34.28,0.8451,0.2,G3_junior,6.4,95.9,50.868,5.24,0.98,0.0842,0.055,1,CONTAMINATION,train
RUN-000478,WO-000239,P03,L06,MCH-033,PRD-074,2025-08-15,33.24,1.0687,2.8,G3_junior,6.4,95.9,55.216,3.516,0.833,0.091,0.04,0,SOLDER_VOID,train
RUN-000495,WO-000248,P03,L05,MCH-026,PRD-079,2025-08-16,19.3,0.8577,0.2,G3_junior,3.3,71.4,50.989,3.032,0.906,0.0196,0.04,0,SURFACE_DENT,train
RUN-000496,WO-000248,P03,L05,MCH-028,PRD-079,2025-08-16,21.25,1.1217,0.2,G3_junior,3.3,71.4,49.186,3.218,0.928,0.1159,0.064,1,SCRATCH,train
RUN-000497,WO-000249,P03,L05,MCH-027,PRD-043,2025-08-16,19.32,1.0349,7.6,G2_mid,4.2,84.5,44.302,2.987,0.901,0.0446,0.02,0,SOLDER_VOID,train
RUN-000498,WO-000249,P03,L05,MCH-030,PRD-043,2025-08-16,22.41,1.1136,0,G0_unknown,4.2,84.5,48.345,2.937,0.633,0.0355,0.05,0,SURFACE_DENT,train
RUN-000499,WO-000250,P03,L06,MCH-031,PRD-003,2025-08-16,26.1,1.0271,11.5,G1_senior,4.8,95.9,53.673,3.446,1.001,0.0006,0.016,0,SOLDER_VOID,train
RUN-000500,WO-000250,P03,L06,MCH-033,PRD-003,2025-08-16,24.07,0.9937,1.0,G3_junior,4.8,95.9,52.026,3.268,0.791,0.0659,0.02,0,SOLDER_VOID,train
RUN-000511,WO-000256,P03,L05,MCH-025,PRD-056,2025-08-17,19.9,1.147,0.2,G3_junior,4.3,97.0,50.341,3.283,0.945,0,0.025,0,SURFACE_DENT,train
RUN-000512,WO-000256,P03,L05,MCH-027,PRD-056,2025-08-17,20.19,0.9562,4.8,G2_mid,4.3,97.0,50.74,3.088,1.018,0.0146,0.025,0,SOLDER_VOID,train
RUN-000513,WO-000257,P03,L05,MCH-026,PRD-052,2025-08-17,27.63,1.0167,2.8,G3_junior,7.2,82.7,50.352,3.745,0.746,0.0832,0.1,1,SOLDER_VOID,train
RUN-000514,WO-000257,P03,L05,MCH-027,PRD-052,2025-08-17,26.49,1.0755,1.8,G3_junior,7.2,82.7,50.74,3.088,1.002,0.0457,0.08,1,DIMENSION,train
RUN-000515,WO-000258,P03,L06,MCH-034,PRD-054,2025-08-17,35.24,0.9421,2.8,G3_junior,6.3,71.4,47.06,2.825,0.797,0.1209,0.1125,1,SCRATCH,train
RUN-000516,WO-000258,P03,L06,MCH-035,PRD-054,2025-08-17,28.71,0.9298,12.8,G1_senior,6.3,71.4,50.632,3.098,0.807,0.0886,0.08,1,CONTAMINATION,train
RUN-000517,WO-000259,P03,L06,MCH-033,PRD-054,2025-08-17,19.85,1.0645,0.2,G3_junior,6.3,71.4,49.675,11.058,0.946,0.1189,0.12,1,DIMENSION,train
RUN-000518,WO-000259,P03,L06,MCH-034,PRD-054,2025-08-17,23.65,1.1744,0.7,G3_junior,6.3,71.4,47.06,2.825,1.022,0.1296,0.1125,1,SCRATCH,train
RUN-000543,WO-000272,P03,L05,MCH-028,PRD-079,2025-08-18,18.77,0.8666,10.6,G1_senior,3.3,71.4,55.121,3.704,0.648,0.0059,0.02,0,DIMENSION,train
RUN-000544,WO-000272,P03,L05,MCH-029,PRD-079,2025-08-18,19.71,0.9131,1.8,G3_junior,3.3,71.4,50.13,2.993,0.838,0.005,0.025,0,SOLDER_VOID,train
RUN-000545,WO-000273,P03,L05,MCH-027,PRD-006,2025-08-18,25.65,1.0413,0.6,G3_junior,7.3,92.1,50.107,3.382,0.819,0.0989,0.072,1,MISSING_PART,train
RUN-000546,WO-000273,P03,L05,MCH-030,PRD-006,2025-08-18,24.75,1.0649,3.3,G2_mid,7.3,92.1,54.542,2.799,0.89,0.0962,0.0625,1,SCRATCH,train
RUN-000547,WO-000274,P03,L05,MCH-026,PRD-062,2025-08-18,27.07,1.1041,1.4,G3_junior,6.8,71.4,56.68,3.367,0.871,0.1325,0.125,1,DIMENSION,train
RUN-000548,WO-000274,P03,L05,MCH-030,PRD-062,2025-08-18,26.92,0.867,11.2,G1_senior,6.8,71.4,54.542,2.799,0.818,0.0758,0.08,1,SOLDER_VOID,train
RUN-000549,WO-000275,P03,L06,MCH-036,PRD-048,2025-08-18,15.46,1.1759,4.6,G2_mid,4.6,96.1,52.321,3.596,0.985,0.0254,0.02,0,SURFACE_DENT,train
RUN-000550,WO-000275,P03,L06,MCH-035,PRD-048,2025-08-18,17.29,1.0259,10.6,G1_senior,4.6,96.1,53.781,3.145,0.744,0,0.005,0,SURFACE_DENT,train
RUN-000551,WO-000276,P03,L06,MCH-035,PRD-058,2025-08-18,32.25,1.0929,1.7,G3_junior,8.8,71.4,53.781,3.145,0.818,0.1442,0.152,1,NONE,train
RUN-000552,WO-000276,P03,L06,MCH-036,PRD-058,2025-08-18,36.59,0.8742,14.6,G1_senior,8.8,71.4,52.321,3.596,0.716,0.072,0.112,1,SURFACE_DENT,train
RUN-000553,WO-000277,P03,L06,MCH-033,PRD-048,2025-08-18,13.18,1.0992,2.8,G3_junior,4.6,96.1,54.04,3.26,0.674,0.0322,0.04,0,SURFACE_DENT,train
RUN-000554,WO-000277,P03,L06,MCH-034,PRD-048,2025-08-18,16.3,1.0024,0.2,G3_junior,4.6,96.1,51.381,3.024,0.8,0.0172,0.02,0,SOLDER_VOID,train
RUN-000579,WO-000290,P03,L05,MCH-025,PRD-040,2025-08-19,31.42,0.964,1.4,G3_junior,8.4,82.7,53.526,3.457,0.638,0.1278,0.096,1,DIMENSION,train
RUN-000580,WO-000290,P03,L05,MCH-028,PRD-040,2025-08-19,30.68,1.0015,0.7,G3_junior,8.4,82.7,57.012,3.409,0.91,0.1092,0.1,1,DIMENSION,train
RUN-000581,WO-000291,P03,L05,MCH-028,PRD-040,2025-08-19,26.32,1.0199,12.8,G1_senior,8.4,82.7,57.012,3.409,1.039,0.0816,0.1,1,SCRATCH,train
RUN-000582,WO-000291,P03,L05,MCH-026,PRD-040,2025-08-19,31.23,0.918,1.2,G3_junior,8.4,82.7,54.268,3.644,1.054,0.1013,0.1125,1,DIMENSION,train
RUN-000583,WO-000292,P03,L05,MCH-025,PRD-073,2025-08-19,23.66,1.2233,0.4,G3_junior,3.4,87.4,53.526,3.457,0.632,0.0451,0.04,0,SCRATCH,train
RUN-000584,WO-000292,P03,L05,MCH-026,PRD-073,2025-08-19,25.09,1.1193,1.6,G3_junior,3.4,87.4,54.268,3.644,0.868,0.0649,0.05,0,SURFACE_DENT,train
RUN-000585,WO-000293,P03,L06,MCH-034,PRD-069,2025-08-19,39.43,1.0613,0.7,G3_junior,10,88.6,50.036,3.157,0.894,0.1448,0.12,1,SOLDER_VOID,train
RUN-000586,WO-000293,P03,L06,MCH-033,PRD-069,2025-08-19,39.84,1.0764,2.3,G3_junior,10,88.6,56.018,3.446,0.715,0.135,0.12,1,MISSING_PART,train
RUN-000587,WO-000294,P03,L06,MCH-035,PRD-069,2025-08-19,27.33,1.0032,1.7,G3_junior,10,88.6,51.935,3.138,0.705,0.1001,0.115,1,MISSING_PART,train
RUN-000588,WO-000294,P03,L06,MCH-033,PRD-069,2025-08-19,27.8,1.1576,7.6,G2_mid,10,88.6,56.018,3.446,0.864,0.1032,0.1,1,SOLDER_VOID,train
RUN-000589,WO-000295,P03,L06,MCH-036,PRD-069,2025-08-19,42.48,1.0159,5.7,G2_mid,10,88.6,51.729,3.432,0.733,0.1291,0.128,1,CONTAMINATION,train
RUN-000590,WO-000295,P03,L06,MCH-033,PRD-069,2025-08-19,40.87,1.1409,1.0,G3_junior,10,88.6,56.018,3.446,0.678,0.1264,0.12,1,MISSING_PART,train
RUN-000615,WO-000308,P03,L05,MCH-026,PRD-022,2025-08-20,16.97,0.8532,3.3,G2_mid,4.3,85.8,54.839,3.007,0.809,0.0274,0.055,1,DIMENSION,train
RUN-000616,WO-000308,P03,L05,MCH-030,PRD-022,2025-08-20,22.79,0.9609,2.8,G3_junior,4.3,85.8,52.814,3.267,0.632,0.0196,0.02,0,SOLDER_VOID,train
RUN-000617,WO-000309,P03,L05,MCH-030,PRD-008,2025-08-20,17.43,1.1069,4.6,G2_mid,3.4,84.5,52.814,3.267,0.938,0.018,0.055,1,MISSING_PART,train
RUN-000618,WO-000309,P03,L05,MCH-026,PRD-008,2025-08-20,19.77,1.1664,7.0,G2_mid,3.4,84.5,54.839,3.007,1.0,0,0.0,0,NONE,train
RUN-000619,WO-000310,P03,L05,MCH-026,PRD-010,2025-08-20,20.69,0.8463,0.4,G3_junior,6.9,97.0,54.839,3.007,1.094,0.0677,0.048,0,SURFACE_DENT,train
RUN-000620,WO-000310,P03,L05,MCH-029,PRD-010,2025-08-20,20.32,0.9409,7.2,G2_mid,6.9,97.0,54.046,3.369,0.841,0.0548,0.0375,0,CONTAMINATION,train
RUN-000621,WO-000311,P03,L06,MCH-034,PRD-035,2025-08-20,22.4,1.1132,0.2,G3_junior,4.3,84.7,49.355,2.685,1.088,0.0555,0.05,0,CONTAMINATION,train
RUN-000622,WO-000311,P03,L06,MCH-032,PRD-035,2025-08-20,18.32,1.202,0.2,G3_junior,4.3,84.7,53.176,3.562,0.708,0.0455,0.0625,1,SOLDER_VOID,train
RUN-000623,WO-000312,P03,L06,MCH-032,PRD-073,2025-08-20,20.71,1.1007,1.2,G3_junior,3.4,87.4,53.176,3.562,0.903,0.0162,0.02,0,SURFACE_DENT,train
RUN-000624,WO-000312,P03,L06,MCH-033,PRD-073,2025-08-20,19.67,0.9393,2.7,G3_junior,3.4,87.4,52.429,3.465,0.925,0.0224,0.02,0,MISSING_PART,train
RUN-000625,WO-000313,P03,L06,MCH-033,PRD-073,2025-08-20,24.54,1.0107,3.4,G2_mid,3.4,87.4,52.429,3.465,0.862,0.0386,0.0125,0,SURFACE_DENT,train
RUN-000626,WO-000313,P03,L06,MCH-035,PRD-073,2025-08-20,30.6,1.114,7.6,G2_mid,3.4,87.4,53.24,2.812,1.074,0.0092,0.0,0,NONE,train
RUN-000651,WO-000326,P03,L05,MCH-029,PRD-077,2025-08-21,18.37,0.8209,1.3,G3_junior,1.7,96.1,51.451,3.136,0.925,0.044,0.02,0,SCRATCH,train
RUN-000652,WO-000326,P03,L05,MCH-028,PRD-077,2025-08-21,19.15,1.1682,2.3,G3_junior,1.7,96.1,55.691,9.48,0.867,0.0624,0.016,0,SCRATCH,train
RUN-000653,WO-000327,P03,L05,MCH-027,PRD-006,2025-08-21,40.13,1.1119,4.7,G2_mid,7.3,92.1,51.049,2.886,0.782,0.0102,0.0375,0,CONTAMINATION,train
RUN-000654,WO-000327,P03,L05,MCH-025,PRD-006,2025-08-21,39.59,1.0314,4.7,G2_mid,7.3,92.1,53.95,3.74,0.778,0.0276,0.05,0,SOLDER_VOID,train
RUN-000655,WO-000328,P03,L05,MCH-029,PRD-045,2025-08-21,21.7,0.9528,7.2,G2_mid,2.5,97.0,51.451,3.136,0.655,0.0096,0.02,0,MISSING_PART,train
RUN-000656,WO-000328,P03,L05,MCH-026,PRD-045,2025-08-21,20.32,1.1398,0.2,G3_junior,2.5,97.0,54.656,3.546,0.724,0,0.01,0,DIMENSION,train
RUN-000657,WO-000329,P03,L06,MCH-032,PRD-042,2025-08-21,18.71,0.8704,0.5,G3_junior,1.4,89.9,51.596,3.345,0.855,0.0403,0.02,0,SURFACE_DENT,train
RUN-000658,WO-000329,P03,L06,MCH-033,PRD-042,2025-08-21,21.46,1.0468,1.6,G3_junior,1.4,89.9,54.957,2.833,0.73,0,0.008,0,SURFACE_DENT,train
RUN-000659,WO-000330,P03,L06,MCH-032,PRD-006,2025-08-21,23.0,1.067,0,G0_unknown,7.3,92.1,51.596,3.345,0.941,0.1158,0.08,1,SOLDER_VOID,train
RUN-000660,WO-000330,P03,L06,MCH-034,PRD-006,2025-08-21,21.63,0.8382,4.7,G2_mid,7.3,92.1,49.966,2.836,0.977,0.0156,0.04,0,DIMENSION,train
RUN-000661,WO-000331,P03,L06,MCH-034,PRD-042,2025-08-21,30.91,1.135,2.7,G3_junior,1.4,89.9,49.966,2.836,1.044,0,0.0125,0,DIMENSION,train
RUN-000662,WO-000331,P03,L06,MCH-036,PRD-042,2025-08-21,31.38,0.8522,3.1,G2_mid,1.4,89.9,53.772,3.436,0.674,0,0.0,0,NONE,train
RUN-000687,WO-000344,P03,L05,MCH-026,PRD-064,2025-08-22,25.71,1.0888,1.8,G3_junior,4.9,89.9,55.789,3.398,0.819,0.0459,0.04,0,SOLDER_VOID,train
RUN-000688,WO-000344,P03,L05,MCH-029,PRD-064,2025-08-22,27.85,1.026,0,G0_unknown,4.9,89.9,51.363,2.959,0.753,0.0206,0.025,0,MISSING_PART,train
RUN-000689,WO-000345,P03,L05,MCH-030,PRD-052,2025-08-22,25.61,0.8895,3.1,G2_mid,7.2,82.7,53.181,3.435,0.773,0.0343,0.065,1,SCRATCH,train
RUN-000690,WO-000345,P03,L05,MCH-025,PRD-052,2025-08-22,30.6,1.1169,7.6,G2_mid,7.2,82.7,53.861,3.305,0.729,0.0804,0.0625,1,SCRATCH,train
RUN-000691,WO-000346,P03,L05,MCH-028,PRD-052,2025-08-22,39.16,0.9785,2.3,G3_junior,7.2,82.7,53.917,3.42,0.975,0.1284,0.09,1,SOLDER_VOID,train
RUN-000692,WO-000346,P03,L05,MCH-025,PRD-052,2025-08-22,39.97,0.9944,0,G0_unknown,7.2,82.7,53.861,3.305,0.913,0.1196,0.1,1,SCRATCH,train
RUN-000693,WO-000347,P03,L06,MCH-033,PRD-058,2025-08-22,36.79,1.0521,15.7,G1_senior,8.8,71.4,54.419,3.148,0.784,0.0589,0.096,1,SOLDER_VOID,train
RUN-000694,WO-000347,P03,L06,MCH-036,PRD-058,2025-08-22,41.79,0.8918,0.6,G3_junior,8.8,71.4,53.119,3.743,0.821,0.1339,0.1375,1,SCRATCH,train
RUN-000695,WO-000348,P03,L06,MCH-032,PRD-058,2025-08-22,34.33,0.871,2.0,G3_junior,8.8,71.4,54.96,3.612,0.699,0.1755,0.135,1,SURFACE_DENT,train
RUN-000696,WO-000348,P03,L06,MCH-031,PRD-058,2025-08-22,38.69,0.9223,11.2,G1_senior,8.8,71.4,53.118,3.713,0.629,0.0693,0.1,1,SCRATCH,train
RUN-000697,WO-000349,P03,L06,MCH-032,PRD-058,2025-08-22,18.21,1.0569,2.8,G3_junior,8.8,71.4,54.96,3.612,0.736,0.1296,0.135,1,SURFACE_DENT,train
RUN-000698,WO-000349,P03,L06,MCH-031,PRD-058,2025-08-22,18.05,1.0529,2.6,G3_junior,8.8,71.4,53.118,3.713,0.903,0.1058,0.12,1,SURFACE_DENT,train
RUN-000709,WO-000355,P03,L06,MCH-031,PRD-064,2025-08-23,25.16,1.0848,2.8,G3_junior,4.9,89.9,50.536,3.781,0.904,0.0549,0.03,0,DIMENSION,train
RUN-000710,WO-000355,P03,L06,MCH-036,PRD-064,2025-08-23,31.53,0.8423,2.3,G3_junior,4.9,89.9,50.738,3.11,0.95,0.0282,0.0375,0,SCRATCH,train
RUN-000711,WO-000356,P03,L06,MCH-031,PRD-064,2025-08-23,21.27,0.9058,0.6,G3_junior,4.9,89.9,50.536,3.781,0.69,0.0609,0.03,0,MISSING_PART,train
RUN-000712,WO-000356,P03,L06,MCH-032,PRD-064,2025-08-23,17.58,1.0462,11.8,G1_senior,4.9,89.9,49.154,2.887,1.021,0,0.02,0,SURFACE_DENT,train
RUN-000713,WO-000357,P03,L06,MCH-035,PRD-017,2025-08-23,17.52,0.8405,7.1,G2_mid,4.3,96.3,49.207,3.273,0.921,0.0403,0.02,0,MISSING_PART,train
RUN-000714,WO-000357,P03,L06,MCH-036,PRD-017,2025-08-23,17.8,0.9318,0.2,G3_junior,4.3,96.3,50.738,3.11,0.976,0.0267,0.035,0,CONTAMINATION,train
RUN-000729,WO-000365,P03,L05,MCH-028,PRD-075,2025-08-24,40.86,0.9006,2.2,G3_junior,6.8,96.3,50.586,3.101,0.671,0.0885,0.06,1,DIMENSION,train
RUN-000730,WO-000365,P03,L05,MCH-027,PRD-075,2025-08-24,39.7,0.9704,1.6,G3_junior,6.8,96.3,46.961,2.548,0.795,0.1043,0.04,0,SOLDER_VOID,train
RUN-000731,WO-000366,P03,L05,MCH-025,PRD-010,2025-08-24,30.79,1.0512,2.9,G3_junior,6.9,97.0,48.51,2.939,0.779,0.1041,0.0625,1,DIMENSION,train
RUN-000732,WO-000366,P03,L05,MCH-028,PRD-010,2025-08-24,30.46,0.8837,1.3,G3_junior,6.9,97.0,50.586,3.101,0.914,0.0232,0.045,0,SOLDER_VOID,train
RUN-000733,WO-000367,P03,L06,MCH-036,PRD-017,2025-08-24,9.62,1.0592,4.8,G2_mid,4.3,96.3,47.729,3.354,1.033,0.0002,0.04,0,DIMENSION,train
RUN-000734,WO-000367,P03,L06,MCH-031,PRD-017,2025-08-24,14.89,0.9693,0.2,G3_junior,4.3,96.3,51.152,2.962,0.666,0.0157,0.016,0,CONTAMINATION,train
RUN-000759,WO-000380,P03,L05,MCH-026,PRD-013,2025-08-25,16.11,1.1875,4.7,G2_mid,4.9,95.9,57.19,3.637,0.831,0.0222,0.016,0,SURFACE_DENT,train
RUN-000760,WO-000380,P03,L05,MCH-027,PRD-013,2025-08-25,17.97,0.9912,2.3,G3_junior,4.9,95.9,53.878,2.767,0.765,0.0563,0.04,0,CONTAMINATION,train
RUN-000761,WO-000381,P03,L05,MCH-027,PRD-013,2025-08-25,17.13,0.8795,3.1,G2_mid,4.9,95.9,53.878,2.767,0.822,0.0263,0.03,0,MISSING_PART,train
RUN-000762,WO-000381,P03,L05,MCH-030,PRD-013,2025-08-25,23.63,1.0697,0,G0_unknown,4.9,95.9,51.007,3.218,0.664,0,0.02,0,SURFACE_DENT,train
RUN-000763,WO-000382,P03,L05,MCH-026,PRD-013,2025-08-25,18.1,0.9614,5.7,G2_mid,4.9,95.9,57.19,3.637,0.723,0,0.025,0,SOLDER_VOID,train
RUN-000764,WO-000382,P03,L05,MCH-028,PRD-013,2025-08-25,15.13,0.828,1.0,G3_junior,4.9,95.9,54.254,3.19,1.08,0.0249,0.02,0,DIMENSION,train
RUN-000765,WO-000383,P03,L06,MCH-036,PRD-064,2025-08-25,15.9,1.1112,3.0,G3_junior,4.9,89.9,52.555,3.689,0.623,0.0296,0.04,0,DIMENSION,train
RUN-000766,WO-000383,P03,L06,MCH-034,PRD-064,2025-08-25,21.18,1.0393,4.6,G2_mid,4.9,89.9,52.06,2.798,1.078,0,0.02,0,SURFACE_DENT,train
RUN-000767,WO-000384,P03,L06,MCH-031,PRD-040,2025-08-25,24.84,1.0475,3.3,G2_mid,8.4,82.7,55.801,3.362,1.025,0.0531,0.0875,1,SURFACE_DENT,train
RUN-000768,WO-000384,P03,L06,MCH-035,PRD-040,2025-08-25,31.6,0.99,3.2,G2_mid,8.4,82.7,56.773,3.567,0.717,0.1105,0.1,1,SOLDER_VOID,train
RUN-000769,WO-000385,P03,L06,MCH-031,PRD-040,2025-08-25,20.19,0.8996,1.0,G3_junior,8.4,82.7,55.801,3.362,0.702,0.1083,0.1,1,CONTAMINATION,train
RUN-000770,WO-000385,P03,L06,MCH-033,PRD-040,2025-08-25,24.47,1.0261,4.6,G2_mid,8.4,82.7,55.323,3.368,0.901,0.118,0.1,1,SURFACE_DENT,train
RUN-000795,WO-000398,P03,L05,MCH-030,PRD-006,2025-08-26,33.61,1.0,0,G0_unknown,7.3,92.1,55.839,2.983,0.746,0.0634,0.075,1,SURFACE_DENT,train
RUN-000796,WO-000398,P03,L05,MCH-025,PRD-006,2025-08-26,30.36,1.1632,2.7,G3_junior,7.3,92.1,53.178,3.646,1.04,0.0578,0.07,1,CONTAMINATION,train
RUN-000797,WO-000399,P03,L05,MCH-027,PRD-021,2025-08-26,21.91,1.0292,0.2,G3_junior,3.0,95.9,51.821,3.338,0.86,0.0227,0.02,0,SURFACE_DENT,train
RUN-000798,WO-000399,P03,L05,MCH-025,PRD-021,2025-08-26,21.83,1.1385,4.6,G2_mid,3.0,95.9,53.178,3.646,1.071,0,0.016,0,DIMENSION,train
RUN-000799,WO-000400,P03,L05,MCH-030,PRD-006,2025-08-26,29.89,1.1932,0.2,G3_junior,7.3,92.1,55.839,2.983,1.029,0.0343,0.075,1,CONTAMINATION,train
RUN-000800,WO-000400,P03,L05,MCH-025,PRD-006,2025-08-26,26.58,1.0421,0.2,G3_junior,7.3,92.1,53.178,3.646,0.712,0.088,0.0625,1,SURFACE_DENT,train
RUN-000801,WO-000401,P03,L06,MCH-032,PRD-071,2025-08-26,37.33,1.0381,1.0,G3_junior,6.2,84.7,51.43,2.994,0.799,0.0723,0.07,1,NONE,train
RUN-000802,WO-000401,P03,L06,MCH-035,PRD-071,2025-08-26,36.45,0.9689,2.8,G3_junior,6.2,84.7,51.863,3.352,1.088,0.0665,0.075,1,SURFACE_DENT,train
RUN-000803,WO-000402,P03,L06,MCH-032,PRD-071,2025-08-26,30.89,0.8405,1.0,G3_junior,6.2,84.7,51.43,2.994,1.064,0.078,0.06,1,SOLDER_VOID,train
RUN-000804,WO-000402,P03,L06,MCH-036,PRD-071,2025-08-26,29.08,1.1444,8.9,G1_senior,6.2,84.7,51.478,8.509,0.758,0.03,0.06,1,SOLDER_VOID,train
RUN-000805,WO-000403,P03,L06,MCH-036,PRD-071,2025-08-26,18.64,0.9729,1.6,G3_junior,6.2,84.7,51.478,8.509,0.817,0.0475,0.056,1,CONTAMINATION,train
RUN-000806,WO-000403,P03,L06,MCH-034,PRD-071,2025-08-26,20.43,1.0261,1.0,G3_junior,6.2,84.7,50.587,2.83,0.853,0.0557,0.08,1,CONTAMINATION,train
RUN-000831,WO-000416,P03,L05,MCH-025,PRD-002,2025-08-27,31.15,1.18,6.1,G2_mid,5.3,88.0,52.163,3.534,0.783,0.0481,0.06,1,DIMENSION,train
RUN-000832,WO-000416,P03,L05,MCH-028,PRD-002,2025-08-27,36.04,0.8519,2.9,G3_junior,5.3,88.0,50.569,3.171,0.917,0.1069,0.06,1,DIMENSION,train
RUN-000833,WO-000417,P03,L05,MCH-028,PRD-002,2025-08-27,20.22,1.0007,2.9,G3_junior,5.3,88.0,50.569,3.171,1.024,0.0197,0.02,0,DIMENSION,train
RUN-000834,WO-000417,P03,L05,MCH-029,PRD-002,2025-08-27,23.91,1.0879,0.2,G3_junior,5.3,88.0,50.701,3.651,0.814,0.0095,0.035,0,SOLDER_VOID,train
RUN-000835,WO-000418,P03,L05,MCH-030,PRD-002,2025-08-27,20.05,1.0524,5.7,G2_mid,5.3,88.0,52.832,3.305,0.661,0,0.04,0,DIMENSION,train
RUN-000836,WO-000418,P03,L05,MCH-025,PRD-002,2025-08-27,13.72,1.0886,5.7,G2_mid,5.3,88.0,52.163,3.534,0.64,0.0485,0.04,0,DIMENSION,train
RUN-000837,WO-000419,P03,L06,MCH-031,PRD-009,2025-08-27,16.0,0.9214,1.3,G3_junior,5.0,76.8,56.207,3.605,0.682,0.0746,0.05,0,SCRATCH,train
RUN-000838,WO-000419,P03,L06,MCH-035,PRD-009,2025-08-27,17.69,1.1199,6.5,G2_mid,5.0,76.8,53.469,3.158,1.098,0.1043,0.075,1,MISSING_PART,train
RUN-000839,WO-000420,P03,L06,MCH-031,PRD-003,2025-08-27,23.2,0.9697,1.4,G3_junior,4.8,95.9,56.207,3.605,0.784,0.0084,0.008,0,SOLDER_VOID,train
RUN-000840,WO-000420,P03,L06,MCH-033,PRD-003,2025-08-27,21.97,1.0852,2.3,G3_junior,4.8,95.9,53.542,3.593,0.861,0.0161,0.03,0,SURFACE_DENT,train
RUN-000841,WO-000421,P03,L06,MCH-031,PRD-080,2025-08-27,27.53,1.0065,12.8,G1_senior,5.2,84.5,56.207,3.605,0.784,0.0419,0.0375,0,SCRATCH,train
RUN-000842,WO-000421,P03,L06,MCH-033,PRD-080,2025-08-27,30.12,1.1765,1.7,G3_junior,5.2,84.5,53.542,3.593,0.832,0.009,0.05,0,SOLDER_VOID,train
RUN-000867,WO-000434,P03,L05,MCH-030,PRD-033,2025-08-28,31.13,1.0641,1.4,G3_junior,4.7,88.0,56.171,3.073,1.055,0.024,0.02,0,SOLDER_VOID,train
RUN-000868,WO-000434,P03,L05,MCH-025,PRD-033,2025-08-28,33.6,1.002,2.9,G3_junior,4.7,88.0,52.569,3.505,0.792,0.0669,0.03,0,SCRATCH,train
RUN-000869,WO-000435,P03,L05,MCH-025,PRD-040,2025-08-28,27.24,0.9433,0.4,G3_junior,8.4,82.7,52.569,3.505,0.979,0.1052,0.1,1,SOLDER_VOID,train
RUN-000870,WO-000435,P03,L05,MCH-027,PRD-040,2025-08-28,30.43,1.0513,0.6,G3_junior,8.4,82.7,52.963,3.196,0.91,0.1353,0.08,1,SOLDER_VOID,train
RUN-000871,WO-000436,P03,L05,MCH-029,PRD-040,2025-08-28,33.39,0.9747,1.0,G3_junior,8.4,82.7,53.187,2.947,0.88,0.0789,0.1,1,MISSING_PART,train
RUN-000872,WO-000436,P03,L05,MCH-028,PRD-040,2025-08-28,29.28,1.059,0.8,G3_junior,8.4,82.7,54.627,5.021,1.04,0.0589,0.1,1,SCRATCH,train
RUN-000873,WO-000437,P03,L06,MCH-036,PRD-034,2025-08-28,21.28,1.0177,2.0,G3_junior,2.6,96.1,54.629,3.039,0.879,0,0.0,0,NONE,train
RUN-000874,WO-000437,P03,L06,MCH-032,PRD-034,2025-08-28,18.0,0.8511,11.2,G1_senior,2.6,96.1,49.957,9.888,0.63,0.0225,0.0125,0,SCRATCH,train
RUN-000875,WO-000438,P03,L06,MCH-033,PRD-034,2025-08-28,18.07,0.9341,0.2,G3_junior,2.6,96.1,54.094,3.35,0.841,0,0.016,0,SOLDER_VOID,train
RUN-000876,WO-000438,P03,L06,MCH-036,PRD-034,2025-08-28,15.53,1.0854,0.7,G3_junior,2.6,96.1,54.629,3.039,0.909,0.0316,0.01,0,NONE,train
RUN-000877,WO-000439,P03,L06,MCH-036,PRD-034,2025-08-28,20.93,0.8869,3.2,G2_mid,2.6,96.1,54.629,3.039,1.082,0,0.0,0,NONE,train
RUN-000878,WO-000439,P03,L06,MCH-032,PRD-034,2025-08-28,24.61,1.1523,0.5,G3_junior,2.6,96.1,49.957,9.888,1.065,0.03,0.03,0,DIMENSION,train
RUN-000903,WO-000452,P03,L05,MCH-026,PRD-079,2025-08-29,19.78,0.8929,12.8,G1_senior,3.3,71.4,54.916,8.115,0.709,0.0258,0.045,0,NONE,train
RUN-000904,WO-000452,P03,L05,MCH-030,PRD-079,2025-08-29,22.97,1.0066,4.7,G2_mid,3.3,71.4,54.404,3.506,0.961,0.0471,0.0625,1,SURFACE_DENT,train
RUN-000905,WO-000453,P03,L05,MCH-028,PRD-052,2025-08-29,26.63,1.0103,10.6,G1_senior,7.2,82.7,54.818,7.666,0.843,0.06,0.07,1,SCRATCH,train
RUN-000906,WO-000453,P03,L05,MCH-025,PRD-052,2025-08-29,32.33,0.899,10.6,G1_senior,7.2,82.7,55.618,3.142,0.952,0.0903,0.056,1,SOLDER_VOID,train
RUN-000907,WO-000454,P03,L05,MCH-027,PRD-070,2025-08-29,18.98,0.916,10.6,G1_senior,3.9,87.4,49.868,2.802,0.819,0.0665,0.04,0,DIMENSION,train
RUN-000908,WO-000454,P03,L05,MCH-026,PRD-070,2025-08-29,20.62,1.0364,11.5,G1_senior,3.9,87.4,54.916,8.115,1.08,0.0444,0.03,0,SCRATCH,train
RUN-000909,WO-000455,P03,L06,MCH-034,PRD-045,2025-08-29,7.76,1.1595,1.7,G3_junior,2.5,97.0,49.831,2.888,0.92,0,0.0,0,NONE,train
RUN-000910,WO-000455,P03,L06,MCH-036,PRD-045,2025-08-29,11.52,1.1503,2.6,G3_junior,2.5,97.0,53.602,3.365,1.027,0.0002,0.024,0,SURFACE_DENT,train
RUN-000911,WO-000456,P03,L06,MCH-032,PRD-045,2025-08-29,14.05,1.0253,3.0,G3_junior,2.5,97.0,52.128,3.227,0.793,0.0063,0.024,0,SCRATCH,train
RUN-000912,WO-000456,P03,L06,MCH-033,PRD-045,2025-08-29,18.68,1.0205,11.2,G1_senior,2.5,97.0,53.815,3.337,1.077,0,0.0,0,NONE,train
RUN-000913,WO-000457,P03,L06,MCH-031,PRD-040,2025-08-29,43.37,1.1716,1.8,G3_junior,8.4,82.7,54.675,3.291,1.074,0.1422,0.136,1,DIMENSION,train
RUN-000914,WO-000457,P03,L06,MCH-035,PRD-040,2025-08-29,40.21,0.987,1.4,G3_junior,8.4,82.7,54.025,3.194,0.948,0.1325,0.12,1,SCRATCH,train
RUN-000927,WO-000464,P03,L05,MCH-028,PRD-063,2025-08-30,27.74,0.9618,1.3,G3_junior,5.7,84.5,46.252,3.424,1.087,0.0677,0.048,0,SURFACE_DENT,train
RUN-000928,WO-000464,P03,L05,MCH-025,PRD-063,2025-08-30,23.49,0.8281,1.3,G3_junior,5.7,84.5,51.34,2.903,0.993,0.0622,0.06,1,SCRATCH,train
RUN-000929,WO-000465,P03,L05,MCH-030,PRD-063,2025-08-30,31.56,0.8571,0.2,G3_junior,5.7,84.5,51.761,3.039,0.94,0.0817,0.06,1,DIMENSION,train
RUN-000930,WO-000465,P03,L05,MCH-029,PRD-063,2025-08-30,29.08,1.0339,4.7,G2_mid,5.7,84.5,46.948,7.382,0.75,0.0482,0.05,0,MISSING_PART,train
RUN-000931,WO-000466,P03,L06,MCH-031,PRD-073,2025-08-30,28.16,1.0273,2.3,G3_junior,3.4,87.4,51.436,3.246,1.07,0.0037,0.04,0,DIMENSION,train
RUN-000932,WO-000466,P03,L06,MCH-033,PRD-073,2025-08-30,31.77,0.8693,3.1,G2_mid,3.4,87.4,51.106,3.123,0.703,0.0308,0.032,0,DIMENSION,train
RUN-000933,WO-000467,P03,L06,MCH-031,PRD-071,2025-08-30,23.37,0.8736,0.2,G3_junior,6.2,84.7,51.436,3.246,1.092,0.0878,0.06,1,SOLDER_VOID,train
RUN-000934,WO-000467,P03,L06,MCH-033,PRD-071,2025-08-30,23.98,0.992,0.7,G3_junior,6.2,84.7,51.106,3.123,0.94,0.0927,0.07,1,SURFACE_DENT,train
RUN-000951,WO-000476,P03,L05,MCH-030,PRD-073,2025-08-31,14.59,0.8887,3.2,G2_mid,3.4,87.4,50.82,3.554,0.798,0.0517,0.04,0,CONTAMINATION,train
RUN-000952,WO-000476,P03,L05,MCH-026,PRD-073,2025-08-31,11.72,0.902,0.6,G3_junior,3.4,87.4,50.449,2.865,0.738,0,0.0,0,NONE,train
RUN-000953,WO-000477,P03,L05,MCH-026,PRD-009,2025-08-31,24.52,1.063,0.4,G3_junior,5.0,76.8,50.449,2.865,0.943,0.1084,0.088,1,SCRATCH,train
RUN-000954,WO-000477,P03,L05,MCH-027,PRD-009,2025-08-31,26.8,0.9431,0,G0_unknown,5.0,76.8,45.506,2.518,0.838,0.1403,0.096,1,SURFACE_DENT,train
RUN-000955,WO-000478,P03,L06,MCH-033,PRD-012,2025-08-31,13.24,0.8452,2.8,G3_junior,2.1,92.1,51.108,3.13,1.071,0,0.01,0,SOLDER_VOID,train
RUN-000956,WO-000478,P03,L06,MCH-036,PRD-012,2025-08-31,15.68,0.8311,14.6,G1_senior,2.1,92.1,48.01,2.799,0.956,0,0.02,0,DIMENSION,train
RUN-000957,WO-000479,P03,L06,MCH-032,PRD-012,2025-08-31,26.88,0.8975,0.8,G3_junior,2.1,92.1,48.535,3.409,0.965,0.0666,0.05,0,DIMENSION,train
RUN-000958,WO-000479,P03,L06,MCH-035,PRD-012,2025-08-31,26.82,0.982,1.8,G3_junior,2.1,92.1,50.706,3.488,0.863,0.0031,0.0,0,NONE,train
RUN-000983,WO-000492,P03,L05,MCH-025,PRD-015,2025-09-01,19.25,0.9478,0.7,G3_junior,8.8,92.1,58.013,3.061,0.754,0.0651,0.088,1,NONE,train
RUN-000984,WO-000492,P03,L05,MCH-030,PRD-015,2025-09-01,20.28,0.9471,18,G1_senior,8.8,92.1,52.258,3.256,0.963,0.0916,0.0625,1,SURFACE_DENT,train
RUN-000985,WO-000493,P03,L05,MCH-028,PRD-073,2025-09-01,18.99,0.968,5.8,G2_mid,3.4,87.4,53.765,3.425,0.653,0.0173,0.01,0,SOLDER_VOID,train
RUN-000986,WO-000493,P03,L05,MCH-027,PRD-073,2025-09-01,17.69,0.8333,1.0,G3_junior,3.4,87.4,52.409,3.268,0.804,0.0399,0.02,0,SCRATCH,train
RUN-000987,WO-000494,P03,L05,MCH-028,PRD-073,2025-09-01,19.44,1.0307,5.7,G2_mid,3.4,87.4,53.765,3.425,1.012,0,0.02,0,SCRATCH,train
RUN-000988,WO-000494,P03,L05,MCH-027,PRD-073,2025-09-01,16.8,1.1847,1.4,G3_junior,3.4,87.4,52.409,3.268,0.986,0.0517,0.03,0,SCRATCH,train
RUN-000989,WO-000495,P03,L06,MCH-032,PRD-048,2025-09-01,25.92,0.9704,0.7,G3_junior,4.6,96.1,52.959,3.437,1.076,0.0223,0.04,0,SURFACE_DENT,train
RUN-000990,WO-000495,P03,L06,MCH-033,PRD-048,2025-09-01,24.11,0.8335,3.4,G2_mid,4.6,96.1,56.169,3.04,0.709,0.0532,0.008,0,CONTAMINATION,train
RUN-000991,WO-000496,P03,L06,MCH-035,PRD-070,2025-09-01,24.71,0.8533,4.8,G2_mid,3.9,87.4,56.999,3.211,0.695,0.0116,0.025,0,SCRATCH,train
RUN-000992,WO-000496,P03,L06,MCH-032,PRD-070,2025-09-01,27.45,0.9524,1.0,G3_junior,3.9,87.4,52.959,3.437,0.622,0.0436,0.05,0,DIMENSION,train
RUN-000993,WO-000497,P03,L06,MCH-033,PRD-069,2025-09-01,35.76,1.1696,2.9,G3_junior,10,88.6,56.169,3.04,0.98,0.1093,0.115,1,DIMENSION,train
RUN-000994,WO-000497,P03,L06,MCH-034,PRD-069,2025-09-01,38.25,0.9833,1.3,G3_junior,10,88.6,52.17,3.067,0.648,0.1252,0.1,1,SCRATCH,train
RUN-001019,WO-000510,P03,L05,MCH-028,PRD-020,2025-09-02,32.84,1.1435,2.8,G3_junior,7.8,84.7,53.51,3.453,1.036,0.1027,0.1,1,DIMENSION,train
RUN-001020,WO-000510,P03,L05,MCH-027,PRD-020,2025-09-02,30.14,0.9778,6.5,G2_mid,7.8,84.7,49.382,3.5,0.934,0.0746,0.07,1,DIMENSION,train
RUN-001021,WO-000511,P03,L05,MCH-030,PRD-056,2025-09-02,31.06,0.8975,1.0,G3_junior,4.3,97.0,55.384,3.3,0.754,0.0425,0.02,0,SOLDER_VOID,train
RUN-001022,WO-000511,P03,L05,MCH-025,PRD-056,2025-09-02,33.43,1.1703,2.8,G3_junior,4.3,97.0,53.3,3.266,0.807,0.0136,0.005,0,MISSING_PART,train
RUN-001023,WO-000512,P03,L05,MCH-025,PRD-006,2025-09-02,27.19,0.9708,11.8,G1_senior,7.3,92.1,53.3,3.266,0.782,0.0327,0.025,0,SURFACE_DENT,train
RUN-001024,WO-000512,P03,L05,MCH-030,PRD-006,2025-09-02,25.68,0.8746,1.6,G3_junior,7.3,92.1,55.384,3.3,0.839,0.0782,0.06,1,SCRATCH,train
RUN-001025,WO-000513,P03,L06,MCH-032,PRD-067,2025-09-02,31.58,0.8662,1.7,G3_junior,4.5,71.0,54.148,3.16,0.729,0.0845,0.09,1,SOLDER_VOID,train
RUN-001026,WO-000513,P03,L06,MCH-034,PRD-067,2025-09-02,30.72,0.976,1.7,G3_junior,4.5,71.0,48.871,3.331,0.847,0.1118,0.075,1,SOLDER_VOID,train
RUN-001027,WO-000514,P03,L06,MCH-033,PRD-067,2025-09-02,24.06,0.893,10.6,G1_senior,4.5,71.0,54.699,3.728,1.045,0.0486,0.056,1,MISSING_PART,train
RUN-001028,WO-000514,P03,L06,MCH-031,PRD-067,2025-09-02,19.6,0.8924,4.6,G2_mid,4.5,71.0,51.813,3.322,0.821,0.0622,0.065,1,NONE,train
RUN-001029,WO-000515,P03,L06,MCH-034,PRD-051,2025-09-02,34.52,1.1613,0.2,G3_junior,6.9,96.1,48.871,3.331,0.98,0.0753,0.056,1,DIMENSION,train
RUN-001030,WO-000515,P03,L06,MCH-036,PRD-051,2025-09-02,31.36,1.1039,11.2,G1_senior,6.9,96.1,54.625,3.691,0.981,0.0556,0.025,0,SOLDER_VOID,train
RUN-001055,WO-000528,P03,L05,MCH-029,PRD-015,2025-09-03,21.84,1.0669,1.7,G3_junior,8.8,92.1,51.613,2.767,0.783,0.1169,0.09,1,MISSING_PART,train
RUN-001056,WO-000528,P03,L05,MCH-030,PRD-015,2025-09-03,22.4,1.1566,1.2,G3_junior,8.8,92.1,52.897,3.085,0.675,0.0747,0.09,1,SCRATCH,train
RUN-001057,WO-000529,P03,L05,MCH-025,PRD-015,2025-09-03,26.14,1.1199,2.3,G3_junior,8.8,92.1,54.124,2.965,0.943,0.1191,0.08,1,SCRATCH,train
RUN-001058,WO-000529,P03,L05,MCH-026,PRD-015,2025-09-03,33.07,1.0081,7.6,G2_mid,8.8,92.1,55.532,3.525,0.839,0.0323,0.0875,1,MISSING_PART,train
RUN-001059,WO-000530,P03,L05,MCH-029,PRD-015,2025-09-03,25.59,0.8676,12.8,G1_senior,8.8,92.1,51.613,2.767,0.863,0.045,0.06,1,SCRATCH,train
RUN-001060,WO-000530,P03,L05,MCH-028,PRD-015,2025-09-03,25.98,0.8882,0,G0_unknown,8.8,92.1,53.474,3.408,0.952,0.052,0.08,1,CONTAMINATION,train
RUN-001061,WO-000531,P03,L06,MCH-035,PRD-003,2025-09-03,25.16,0.9861,1.0,G3_junior,4.8,95.9,52.815,3.381,0.942,0,0.02,0,MISSING_PART,train
RUN-001062,WO-000531,P03,L06,MCH-034,PRD-003,2025-09-03,25.57,1.1465,2.9,G3_junior,4.8,95.9,49.161,3.214,1.052,0.0084,0.02,1,SURFACE_DENT,train
RUN-001063,WO-000532,P03,L06,MCH-036,PRD-051,2025-09-03,30.3,0.9814,0.7,G3_junior,6.9,96.1,53.331,2.941,0.709,0.0485,0.05,0,SOLDER_VOID,train
RUN-001064,WO-000532,P03,L06,MCH-033,PRD-051,2025-09-03,27.22,1.033,2.6,G3_junior,6.9,96.1,53.406,9.84,1.037,0,0.035,0,SCRATCH,train
RUN-001065,WO-000533,P03,L06,MCH-033,PRD-003,2025-09-03,38.4,1.0688,1.4,G3_junior,4.8,95.9,53.406,9.84,0.93,0.0355,0.0125,0,MISSING_PART,train
RUN-001066,WO-000533,P03,L06,MCH-036,PRD-003,2025-09-03,36.16,1.1622,5.8,G2_mid,4.8,95.9,53.331,2.941,1.008,0,0.0,0,NONE,train
RUN-001091,WO-000546,P03,L05,MCH-027,PRD-077,2025-09-04,18.36,0.8236,3.1,G2_mid,1.7,96.1,51.742,2.974,0.801,0.013,0.01,0,SCRATCH,train
RUN-001092,WO-000546,P03,L05,MCH-029,PRD-077,2025-09-04,12.31,0.9636,7.6,G2_mid,1.7,96.1,52.055,3.438,1.02,0.0531,0.0,0,NONE,train
RUN-001093,WO-000547,P03,L05,MCH-029,PRD-010,2025-09-04,32.05,1.1094,0.2,G3_junior,6.9,97.0,52.055,3.438,0.758,0.0295,0.05,0,DIMENSION,train
RUN-001094,WO-000547,P03,L05,MCH-026,PRD-010,2025-09-04,31.15,1.0099,0.2,G3_junior,6.9,97.0,53.665,3.297,0.691,0.0515,0.048,0,SOLDER_VOID,train
RUN-001095,WO-000548,P03,L05,MCH-026,PRD-010,2025-09-04,30.07,0.9645,0.2,G3_junior,6.9,97.0,53.665,3.297,0.813,0.0928,0.06,1,NONE,train
RUN-001096,WO-000548,P03,L05,MCH-030,PRD-010,2025-09-04,28.38,0.9911,1.6,G3_junior,6.9,97.0,50.152,3.377,0.884,0.0486,0.04,0,DIMENSION,train
RUN-001097,WO-000549,P03,L06,MCH-034,PRD-043,2025-09-04,26.4,0.9893,0.2,G3_junior,4.2,84.5,49.057,2.717,1.036,0.0088,0.04,1,SCRATCH,train
RUN-001098,WO-000549,P03,L06,MCH-031,PRD-043,2025-09-04,24.09,0.9556,2.6,G3_junior,4.2,84.5,55.778,3.87,1.051,0.0176,0.055,1,NONE,train
RUN-001099,WO-000550,P03,L06,MCH-036,PRD-043,2025-09-04,27.49,0.9595,0.4,G3_junior,4.2,84.5,55.004,3.062,1.087,0.0464,0.032,0,SCRATCH,train
RUN-001100,WO-000550,P03,L06,MCH-035,PRD-043,2025-09-04,32.14,1.1355,7.2,G2_mid,4.2,84.5,54.084,3.71,0.833,0.0517,0.032,0,SURFACE_DENT,train
RUN-001101,WO-000551,P03,L06,MCH-032,PRD-043,2025-09-04,25.46,1.0996,1.0,G3_junior,4.2,84.5,52.163,3.105,1.009,0.0523,0.04,0,SCRATCH,train
RUN-001102,WO-000551,P03,L06,MCH-036,PRD-043,2025-09-04,23.84,0.8476,7.1,G2_mid,4.2,84.5,55.004,3.062,0.7,0.0123,0.02,0,SOLDER_VOID,train
RUN-001127,WO-000564,P03,L05,MCH-027,PRD-075,2025-09-05,25.08,0.9484,5.8,G2_mid,6.8,96.3,52.962,3.582,0.929,0.0386,0.035,0,SURFACE_DENT,train
RUN-001128,WO-000564,P03,L05,MCH-028,PRD-075,2025-09-05,25.28,0.995,1.3,G3_junior,6.8,96.3,55.64,3.399,1.077,0.0477,0.04,0,MISSING_PART,train
RUN-001129,WO-000565,P03,L05,MCH-026,PRD-075,2025-09-05,23.38,0.8824,0.6,G3_junior,6.8,96.3,52.618,3.714,0.658,0.08,0.0625,1,MISSING_PART,train
RUN-001130,WO-000565,P03,L05,MCH-027,PRD-075,2025-09-05,20.65,0.9264,2.8,G3_junior,6.8,96.3,52.962,3.582,0.852,0.0308,0.025,0,SOLDER_VOID,train
RUN-001131,WO-000566,P03,L05,MCH-025,PRD-075,2025-09-05,23.76,1.1283,1.0,G3_junior,6.8,96.3,54.403,3.635,0.641,0.0577,0.05,0,DIMENSION,train
RUN-001132,WO-000566,P03,L05,MCH-030,PRD-075,2025-09-05,19.93,1.0616,0.7,G3_junior,6.8,96.3,52.381,3.348,0.787,0.0693,0.05,0,SCRATCH,train
RUN-001133,WO-000567,P03,L06,MCH-032,PRD-015,2025-09-05,27.8,0.9831,0,G0_unknown,8.8,92.1,52.044,3.233,0.932,0.0586,0.08,1,SURFACE_DENT,train
RUN-001134,WO-000567,P03,L06,MCH-035,PRD-015,2025-09-05,28.44,0.8625,15.7,G1_senior,8.8,92.1,54.793,3.684,0.81,0.0817,0.04,0,MISSING_PART,train
RUN-001135,WO-000568,P03,L06,MCH-032,PRD-015,2025-09-05,19.43,1.0772,3.3,G2_mid,8.8,92.1,52.044,3.233,1.029,0.0797,0.065,1,SOLDER_VOID,train
RUN-001136,WO-000568,P03,L06,MCH-035,PRD-015,2025-09-05,22.39,0.8213,0.2,G3_junior,8.8,92.1,54.793,3.684,0.672,0.123,0.07,1,MISSING_PART,train
RUN-001137,WO-000569,P03,L06,MCH-031,PRD-006,2025-09-05,32.62,1.124,0.2,G3_junior,7.3,92.1,59.34,4.069,0.628,0.0707,0.075,1,SCRATCH,train
RUN-001138,WO-000569,P03,L06,MCH-034,PRD-006,2025-09-05,30.57,1.1311,1.0,G3_junior,7.3,92.1,48.987,3.075,0.854,0.0385,0.0625,1,DIMENSION,train
RUN-001151,WO-000576,P03,L05,MCH-030,PRD-006,2025-09-06,17.84,1.0884,1.4,G3_junior,7.3,92.1,50.39,3.03,0.629,0.1322,0.072,1,SOLDER_VOID,train
RUN-001152,WO-000576,P03,L05,MCH-028,PRD-006,2025-09-06,17.17,0.9729,2.1,G3_junior,7.3,92.1,49.656,2.981,0.683,0.0705,0.06,1,SOLDER_VOID,train
RUN-001153,WO-000577,P03,L06,MCH-032,PRD-022,2025-09-06,21.63,0.8981,1.3,G3_junior,4.3,85.8,48.081,3.223,0.986,0.0412,0.03,0,SURFACE_DENT,train
RUN-001154,WO-000577,P03,L06,MCH-036,PRD-022,2025-09-06,22.98,0.9263,18,G1_senior,4.3,85.8,48.603,3.02,0.626,0.0194,0.02,0,MISSING_PART,train
RUN-001155,WO-000578,P03,L06,MCH-034,PRD-022,2025-09-06,24.58,1.1468,4.6,G2_mid,4.3,85.8,48.277,3.623,1.03,0.0337,0.024,0,SURFACE_DENT,train
RUN-001156,WO-000578,P03,L06,MCH-033,PRD-022,2025-09-06,21.87,0.9506,2.0,G3_junior,4.3,85.8,50.691,3.885,0.714,0.067,0.045,0,SURFACE_DENT,train
RUN-001173,WO-000587,P03,L05,MCH-029,PRD-055,2025-09-07,23.51,0.9418,7.6,G2_mid,4.8,87.4,46.271,3.319,0.691,0.023,0.04,0,SOLDER_VOID,train
RUN-001174,WO-000587,P03,L05,MCH-028,PRD-055,2025-09-07,29.16,1.0178,7.6,G2_mid,4.8,87.4,51.006,3.53,0.697,0.023,0.03,0,CONTAMINATION,train
RUN-001175,WO-000588,P03,L05,MCH-025,PRD-055,2025-09-07,11.55,1.139,2.9,G3_junior,4.8,87.4,48.531,3.285,1.08,0.0037,0.01,0,DIMENSION,train
RUN-001176,WO-000588,P03,L05,MCH-030,PRD-055,2025-09-07,18.11,1.0618,2.9,G3_junior,4.8,87.4,47.142,2.934,0.986,0.0145,0.0375,0,NONE,train
RUN-001177,WO-000589,P03,L06,MCH-033,PRD-066,2025-09-07,33.78,1.0335,0.2,G3_junior,7.6,88.6,51.072,3.416,0.846,0.0715,0.08,1,SURFACE_DENT,train
RUN-001178,WO-000589,P03,L06,MCH-034,PRD-066,2025-09-07,33.93,0.9832,4.7,G2_mid,7.6,88.6,42.389,2.931,0.787,0.0241,0.048,0,NONE,train
RUN-001179,WO-000590,P03,L06,MCH-036,PRD-066,2025-09-07,36.14,1.1365,2.8,G3_junior,7.6,88.6,48.122,3.423,1.091,0.079,0.085,1,MISSING_PART,train
RUN-001180,WO-000590,P03,L06,MCH-034,PRD-066,2025-09-07,39.67,0.9785,11.2,G1_senior,7.6,88.6,42.389,2.931,0.981,0.0711,0.0375,0,SURFACE_DENT,train
RUN-001181,WO-000591,P03,L06,MCH-036,PRD-066,2025-09-07,26.25,0.9673,2.0,G3_junior,7.6,88.6,48.122,3.423,0.855,0.1164,0.055,1,SURFACE_DENT,train
RUN-001182,WO-000591,P03,L06,MCH-031,PRD-066,2025-09-07,29.18,1.1492,6.5,G2_mid,7.6,88.6,55.174,4.994,0.953,0.0453,0.075,1,CONTAMINATION,train
RUN-001207,WO-000604,P03,L05,MCH-025,PRD-054,2025-09-08,24.09,1.162,0.7,G3_junior,6.3,71.4,56.21,3.514,0.87,0.0525,0.1125,1,SCRATCH,train
RUN-001208,WO-000604,P03,L05,MCH-028,PRD-054,2025-09-08,17.59,0.9702,6.5,G2_mid,6.3,71.4,53.57,3.538,0.775,0.1148,0.08,1,DIMENSION,train
RUN-001209,WO-000605,P03,L05,MCH-027,PRD-077,2025-09-08,8.51,0.9882,4.6,G2_mid,1.7,96.1,50.257,3.35,1.029,0.0012,0.0125,0,MISSING_PART,train
RUN-001210,WO-000605,P03,L05,MCH-025,PRD-077,2025-09-08,8.06,1.0468,7.0,G2_mid,1.7,96.1,56.21,3.514,1.075,0,0.0,0,NONE,train
RUN-001211,WO-000606,P03,L05,MCH-027,PRD-054,2025-09-08,31.87,0.9769,0.7,G3_junior,6.3,71.4,50.257,3.35,0.683,0.1075,0.14,1,SCRATCH,train
RUN-001212,WO-000606,P03,L05,MCH-029,PRD-054,2025-09-08,29.66,0.8661,2.9,G3_junior,6.3,71.4,52.005,6.671,1.045,0.1008,0.1,1,SCRATCH,train
RUN-001213,WO-000607,P03,L06,MCH-034,PRD-073,2025-09-08,25.48,0.8647,1.6,G3_junior,3.4,87.4,51.602,2.931,0.769,0.0111,0.0125,0,SURFACE_DENT,train
RUN-001214,WO-000607,P03,L06,MCH-031,PRD-073,2025-09-08,28.3,1.1253,1.0,G3_junior,3.4,87.4,64.916,6.058,0.836,0.0609,0.0375,0,SCRATCH,train
RUN-001215,WO-000608,P03,L06,MCH-032,PRD-073,2025-09-08,33.49,0.8767,8.9,G1_senior,3.4,87.4,52.557,2.958,0.841,0,0.02,0,DIMENSION,train
RUN-001216,WO-000608,P03,L06,MCH-031,PRD-073,2025-09-08,28.55,0.9433,2.3,G3_junior,3.4,87.4,64.916,6.058,0.833,0.0241,0.024,0,SCRATCH,train
RUN-001217,WO-000609,P03,L06,MCH-031,PRD-054,2025-09-08,32.47,0.886,0.2,G3_junior,6.3,71.4,64.916,6.058,0.673,0.1255,0.1,1,DIMENSION,train
RUN-001218,WO-000609,P03,L06,MCH-035,PRD-054,2025-09-08,28.99,0.981,14.6,G1_senior,6.3,71.4,53.702,3.066,0.793,0.0692,0.07,1,SURFACE_DENT,train
RUN-001243,WO-000622,P03,L05,MCH-026,PRD-045,2025-09-09,13.16,1.1686,2.6,G3_junior,2.5,97.0,53.966,3.248,0.805,0,0.016,0,CONTAMINATION,train
RUN-001244,WO-000622,P03,L05,MCH-025,PRD-045,2025-09-09,18.4,1.1704,3.1,G2_mid,2.5,97.0,54.42,3.361,0.74,0,0.01,0,CONTAMINATION,train
RUN-001245,WO-000623,P03,L05,MCH-028,PRD-045,2025-09-09,9.34,1.0917,7.1,G2_mid,2.5,97.0,55.555,4.025,1.061,0,0.015,0,MISSING_PART,train
RUN-001246,WO-000623,P03,L05,MCH-025,PRD-045,2025-09-09,15.71,1.0856,0.6,G3_junior,2.5,97.0,54.42,3.361,0.643,0,0.0,0,NONE,train
RUN-001247,WO-000624,P03,L05,MCH-028,PRD-045,2025-09-09,25.05,1.0218,1.2,G3_junior,2.5,97.0,55.555,4.025,0.917,0.0235,0.04,1,SCRATCH,train
RUN-001248,WO-000624,P03,L05,MCH-025,PRD-045,2025-09-09,27.74,0.9484,1.7,G3_junior,2.5,97.0,54.42,3.361,0.727,0.0819,0.024,0,SOLDER_VOID,train
RUN-001249,WO-000625,P03,L06,MCH-035,PRD-066,2025-09-09,22.19,0.8532,0.2,G3_junior,7.6,88.6,55.689,3.406,0.707,0.0663,0.08,1,CONTAMINATION,train
RUN-001250,WO-000625,P03,L06,MCH-032,PRD-066,2025-09-09,21.2,1.0615,7.6,G2_mid,7.6,88.6,54.819,3.448,0.631,0.0037,0.048,0,DIMENSION,train
RUN-001251,WO-000626,P03,L06,MCH-035,PRD-066,2025-09-09,20.94,1.0032,8.2,G1_senior,7.6,88.6,55.689,3.406,0.809,0.0793,0.075,1,SCRATCH,train
RUN-001252,WO-000626,P03,L06,MCH-034,PRD-066,2025-09-09,27.42,1.1724,1.0,G3_junior,7.6,88.6,49.738,2.912,0.636,0.1242,0.1,1,SOLDER_VOID,train
RUN-001253,WO-000627,P03,L06,MCH-036,PRD-024,2025-09-09,22.37,1.0261,0.2,G3_junior,7.6,85.8,55.924,3.489,0.798,0.1005,0.1,1,MISSING_PART,train
RUN-001254,WO-000627,P03,L06,MCH-034,PRD-024,2025-09-09,22.48,0.8559,2.6,G3_junior,7.6,85.8,49.738,2.912,0.724,0.0593,0.07,1,SCRATCH,train
RUN-001279,WO-000640,P03,L05,MCH-025,PRD-064,2025-09-10,20.73,1.1566,0.2,G3_junior,4.9,89.9,51.92,3.52,0.685,0.0204,0.035,0,SURFACE_DENT,train
RUN-001280,WO-000640,P03,L05,MCH-029,PRD-064,2025-09-10,16.23,1.1664,1.0,G3_junior,4.9,89.9,50.886,3.07,1.071,0.0622,0.035,0,SOLDER_VOID,train
RUN-001281,WO-000641,P03,L05,MCH-029,PRD-064,2025-09-10,24.53,1.2017,0.6,G3_junior,4.9,89.9,50.886,3.07,1.048,0.0521,0.04,0,SCRATCH,train
RUN-001282,WO-000641,P03,L05,MCH-026,PRD-064,2025-09-10,18.88,1.2245,0.5,G3_junior,4.9,89.9,53.907,3.635,0.656,0.0182,0.04,0,CONTAMINATION,train
RUN-001283,WO-000642,P03,L05,MCH-027,PRD-064,2025-09-10,21.62,1.0769,0.2,G3_junior,4.9,89.9,49.413,3.28,1.091,0.0534,0.05,0,CONTAMINATION,train
RUN-001284,WO-000642,P03,L05,MCH-028,PRD-064,2025-09-10,20.03,0.891,2.0,G3_junior,4.9,89.9,52.187,3.628,0.649,0.0284,0.0375,0,SCRATCH,train
RUN-001285,WO-000643,P03,L06,MCH-033,PRD-061,2025-09-10,28.09,1.1644,2.1,G3_junior,4.8,76.8,55.225,3.174,0.974,0.0483,0.0625,1,CONTAMINATION,train
RUN-001286,WO-000643,P03,L06,MCH-034,PRD-061,2025-09-10,24.77,1.2222,2.8,G3_junior,4.8,76.8,48.461,2.403,0.919,0.0548,0.06,1,SOLDER_VOID,train
RUN-001287,WO-000644,P03,L06,MCH-031,PRD-061,2025-09-10,21.21,1.051,7.0,G2_mid,4.8,76.8,68.169,7.26,0.709,0.0497,0.064,1,CONTAMINATION,train
RUN-001288,WO-000644,P03,L06,MCH-036,PRD-061,2025-09-10,21.85,1.0859,3.3,G2_mid,4.8,76.8,53.957,3.565,0.725,0.0615,0.06,1,DIMENSION,train
RUN-001289,WO-000645,P03,L06,MCH-031,PRD-061,2025-09-10,11.29,0.848,2.8,G3_junior,4.8,76.8,68.169,7.26,0.783,0.0137,0.0625,1,NONE,train
RUN-001290,WO-000645,P03,L06,MCH-032,PRD-061,2025-09-10,16.42,1.0467,7.6,G2_mid,4.8,76.8,54.17,2.866,0.828,0.0501,0.05,0,SOLDER_VOID,train
RUN-001315,WO-000658,P03,L05,MCH-029,PRD-045,2025-09-11,15.65,1.1568,1.0,G3_junior,2.5,97.0,50.811,3.38,1.073,0,0.0,0,NONE,train
RUN-001316,WO-000658,P03,L05,MCH-030,PRD-045,2025-09-11,12.63,0.8274,0.7,G3_junior,2.5,97.0,54.668,3.508,0.965,0.0401,0.016,0,SURFACE_DENT,train
RUN-001317,WO-000659,P03,L05,MCH-027,PRD-045,2025-09-11,23.82,1.1136,3.1,G2_mid,2.5,97.0,50.118,2.927,0.915,0.0022,0.0,0,NONE,train
RUN-001318,WO-000659,P03,L05,MCH-030,PRD-045,2025-09-11,23.47,0.8567,2.6,G3_junior,2.5,97.0,54.668,3.508,0.851,0.0032,0.02,0,SURFACE_DENT,train
RUN-001319,WO-000660,P03,L05,MCH-029,PRD-045,2025-09-11,19.33,1.1407,1.4,G3_junior,2.5,97.0,50.811,3.38,0.835,0.0153,0.016,0,SCRATCH,train
RUN-001320,WO-000660,P03,L05,MCH-027,PRD-045,2025-09-11,21.13,1.2005,2.8,G3_junior,2.5,97.0,50.118,2.927,1.055,0.0124,0.0125,0,MISSING_PART,train
RUN-001321,WO-000661,P03,L06,MCH-034,PRD-035,2025-09-11,36.18,0.9779,4.6,G2_mid,4.3,84.7,47.634,2.573,0.991,0.0553,0.056,1,MISSING_PART,train
RUN-001322,WO-000661,P03,L06,MCH-036,PRD-035,2025-09-11,32.05,0.8659,0.2,G3_junior,4.3,84.7,52.161,3.862,0.698,0.0885,0.0625,1,SOLDER_VOID,train
RUN-001323,WO-000662,P03,L06,MCH-036,PRD-035,2025-09-11,29.4,1.1121,3.4,G2_mid,4.3,84.7,52.161,3.862,0.707,0.024,0.02,0,SOLDER_VOID,train
RUN-001324,WO-000662,P03,L06,MCH-031,PRD-035,2025-09-11,34.62,1.1205,3.1,G2_mid,4.3,84.7,69.625,7.696,0.881,0.044,0.04,0,DIMENSION,train
RUN-001325,WO-000663,P03,L06,MCH-034,PRD-035,2025-09-11,32.22,0.9174,2.3,G3_junior,4.3,84.7,47.634,2.573,0.801,0.0515,0.03,0,SOLDER_VOID,train
RUN-001326,WO-000663,P03,L06,MCH-035,PRD-035,2025-09-11,33.24,0.9032,2.1,G3_junior,4.3,84.7,51.349,3.236,0.784,0.0447,0.06,1,DIMENSION,train
RUN-001351,WO-000676,P03,L05,MCH-030,PRD-022,2025-09-12,33.7,1.0897,0.2,G3_junior,4.3,85.8,54.499,3.466,0.835,0,0.04,0,SURFACE_DENT,train
RUN-001352,WO-000676,P03,L05,MCH-029,PRD-022,2025-09-12,29.41,0.9212,0.2,G3_junior,4.3,85.8,50.248,2.781,1.05,0.0674,0.06,1,SOLDER_VOID,train
RUN-001353,WO-000677,P03,L05,MCH-026,PRD-022,2025-09-12,30.03,1.0282,7.6,G2_mid,4.3,85.8,56.677,3.174,0.771,0.0172,0.03,0,SOLDER_VOID,train
RUN-001354,WO-000677,P03,L05,MCH-028,PRD-022,2025-09-12,31.55,0.9776,0.2,G3_junior,4.3,85.8,53.651,6.732,1.075,0.0144,0.0375,0,SURFACE_DENT,train
RUN-001355,WO-000678,P03,L05,MCH-027,PRD-007,2025-09-12,30.31,1.1481,0.2,G3_junior,3.9,88.0,49.182,3.0,1.013,0,0.0,0,NONE,train
RUN-001356,WO-000678,P03,L05,MCH-028,PRD-007,2025-09-12,33.24,0.8246,12.8,G1_senior,3.9,88.0,53.651,6.732,0.7,0.0002,0.008,0,NONE,train
RUN-001357,WO-000679,P03,L06,MCH-034,PRD-059,2025-09-12,17.34,1.0257,7.6,G2_mid,5.9,88.6,47.865,6.285,0.667,0,0.04,0,SOLDER_VOID,train
RUN-001358,WO-000679,P03,L06,MCH-036,PRD-059,2025-09-12,12.79,1.1507,1.7,G3_junior,5.9,88.6,51.529,3.335,0.748,0.0141,0.03,0,DIMENSION,train
RUN-001359,WO-000680,P03,L06,MCH-035,PRD-059,2025-09-12,17.89,1.089,0.2,G3_junior,5.9,88.6,52.111,3.408,0.954,0.0584,0.05,0,CONTAMINATION,train
RUN-001360,WO-000680,P03,L06,MCH-034,PRD-059,2025-09-12,14.72,0.9435,7.0,G2_mid,5.9,88.6,47.865,6.285,0.759,0.025,0.025,0,CONTAMINATION,train
RUN-001361,WO-000681,P03,L06,MCH-033,PRD-059,2025-09-12,15.43,1.167,2.9,G3_junior,5.9,88.6,50.803,3.46,0.994,0.0889,0.07,1,SURFACE_DENT,train
RUN-001362,WO-000681,P03,L06,MCH-036,PRD-059,2025-09-12,20.84,0.8673,7.2,G2_mid,5.9,88.6,51.529,3.335,0.913,0.0121,0.02,0,SURFACE_DENT,train
RUN-001379,WO-000690,P03,L05,MCH-029,PRD-007,2025-09-13,14.15,1.0582,1.3,G3_junior,3.9,88.0,45.154,3.124,1.051,0,0.015,0,SURFACE_DENT,train
RUN-001380,WO-000690,P03,L05,MCH-030,PRD-007,2025-09-13,17.26,1.1116,5.8,G2_mid,3.9,88.0,48.864,2.647,0.841,0.0199,0.02,0,SOLDER_VOID,train
RUN-001381,WO-000691,P03,L05,MCH-025,PRD-052,2025-09-13,33.12,0.845,4.7,G2_mid,7.2,82.7,50.132,3.179,0.77,0.0761,0.055,1,SURFACE_DENT,train
RUN-001382,WO-000691,P03,L05,MCH-030,PRD-052,2025-09-13,30.77,0.8744,7.6,G2_mid,7.2,82.7,48.864,2.647,0.655,0.0581,0.06,1,CONTAMINATION,train
RUN-001383,WO-000692,P03,L06,MCH-034,PRD-003,2025-09-13,25.29,1.0372,1.4,G3_junior,4.8,95.9,44.17,2.925,0.939,0.0357,0.025,0,CONTAMINATION,train
RUN-001384,WO-000692,P03,L06,MCH-033,PRD-003,2025-09-13,24.0,1.101,2.0,G3_junior,4.8,95.9,48.708,3.617,0.774,0.0766,0.045,0,SOLDER_VOID,train
RUN-001393,WO-000697,P03,L05,MCH-027,PRD-064,2025-09-14,41.57,0.8953,0.2,G3_junior,4.9,89.9,48.0,2.85,1.018,0.0688,0.02,0,SOLDER_VOID,train
RUN-001394,WO-000697,P03,L05,MCH-028,PRD-064,2025-09-14,35.68,1.053,5.7,G2_mid,4.9,89.9,51.766,3.36,0.931,0.0195,0.0,0,NONE,train
RUN-001395,WO-000698,P03,L06,MCH-033,PRD-015,2025-09-14,31.31,0.9331,7.1,G2_mid,8.8,92.1,50.791,3.197,0.753,0.0555,0.06,1,SURFACE_DENT,train
RUN-001396,WO-000698,P03,L06,MCH-032,PRD-015,2025-09-14,36.74,1.0191,0.6,G3_junior,8.8,92.1,48.538,3.311,1.018,0.0782,0.088,1,DIMENSION,train
RUN-001421,WO-000711,P03,L05,MCH-028,PRD-031,2025-09-15,24.48,1.0107,0.4,G3_junior,7.0,95.9,53.969,2.879,1.048,0.0303,0.02,0,SURFACE_DENT,train
RUN-001422,WO-000711,P03,L05,MCH-025,PRD-031,2025-09-15,27.84,1.211,11.8,G1_senior,7.0,95.9,51.871,3.283,0.723,0,0.032,0,MISSING_PART,train
RUN-001423,WO-000712,P03,L05,MCH-029,PRD-070,2025-09-15,28.4,1.075,1.0,G3_junior,3.9,87.4,52.242,3.226,1.075,0.0402,0.016,0,SOLDER_VOID,train
RUN-001424,WO-000712,P03,L05,MCH-026,PRD-070,2025-09-15,32.74,1.1495,4.8,G2_mid,3.9,87.4,58.06,10.013,0.725,0.0211,0.0125,0,MISSING_PART,train
RUN-001425,WO-000713,P03,L05,MCH-027,PRD-031,2025-09-15,21.76,1.0124,8.9,G1_senior,7.0,95.9,51.389,3.165,0.834,0.0544,0.03,0,DIMENSION,train
RUN-001426,WO-000713,P03,L05,MCH-028,PRD-031,2025-09-15,23.35,0.9242,2.9,G3_junior,7.0,95.9,53.969,2.879,1.094,0.0621,0.075,1,SOLDER_VOID,train
RUN-001427,WO-000714,P03,L06,MCH-032,PRD-067,2025-09-15,19.82,0.9169,7.2,G2_mid,4.5,71.0,52.708,3.315,1.063,0.0795,0.06,1,SOLDER_VOID,train
RUN-001428,WO-000714,P03,L06,MCH-033,PRD-067,2025-09-15,26.27,1.0585,7.2,G2_mid,4.5,71.0,56.455,3.592,0.707,0.0419,0.06,1,CONTAMINATION,train
RUN-001429,WO-000715,P03,L06,MCH-036,PRD-054,2025-09-15,19.42,0.8347,4.6,G2_mid,6.3,71.4,56.333,3.259,0.89,0.0993,0.1,1,SCRATCH,train
RUN-001430,WO-000715,P03,L06,MCH-035,PRD-054,2025-09-15,20.32,1.1083,2.0,G3_junior,6.3,71.4,54.423,3.603,0.635,0.0673,0.12,1,SURFACE_DENT,train
RUN-001431,WO-000716,P03,L06,MCH-032,PRD-067,2025-09-15,24.82,0.8478,0.5,G3_junior,4.5,71.0,52.708,3.315,0.645,0.0817,0.1,1,SURFACE_DENT,train
RUN-001432,WO-000716,P03,L06,MCH-036,PRD-067,2025-09-15,20.08,0.9615,1.6,G3_junior,4.5,71.0,56.333,3.259,0.624,0.1092,0.06,1,CONTAMINATION,train
RUN-001457,WO-000729,P03,L05,MCH-030,PRD-049,2025-09-16,31.39,1.1299,2.8,G3_junior,10,82.7,58.774,4.174,0.647,0.1243,0.128,1,SURFACE_DENT,train
RUN-001458,WO-000729,P03,L05,MCH-025,PRD-049,2025-09-16,32.59,0.9161,0.7,G3_junior,10,82.7,52.786,3.115,0.659,0.148,0.14,1,SCRATCH,train
RUN-001459,WO-000730,P03,L05,MCH-026,PRD-078,2025-09-16,30.07,1.0786,4.6,G2_mid,4.6,84.7,59.896,4.6,1.063,0,0.025,0,CONTAMINATION,train
RUN-001460,WO-000730,P03,L05,MCH-030,PRD-078,2025-09-16,24.33,1.0516,0.8,G3_junior,4.6,84.7,58.774,4.174,0.654,0.0232,0.04,0,MISSING_PART,train
RUN-001461,WO-000731,P03,L05,MCH-029,PRD-049,2025-09-16,27.75,0.8419,9.4,G1_senior,10,82.7,56.107,3.589,0.956,0.1287,0.1,1,CONTAMINATION,train
RUN-001462,WO-000731,P03,L05,MCH-026,PRD-049,2025-09-16,28.65,0.8843,2.8,G3_junior,10,82.7,59.896,4.6,1.056,0.1224,0.12,1,SCRATCH,train
RUN-001463,WO-000732,P03,L06,MCH-035,PRD-073,2025-09-16,13.15,1.178,0.5,G3_junior,3.4,87.4,49.789,2.938,0.877,0.055,0.024,0,SOLDER_VOID,train
RUN-001464,WO-000732,P03,L06,MCH-032,PRD-073,2025-09-16,16.21,0.9413,1.6,G3_junior,3.4,87.4,52.214,3.287,0.633,0.0864,0.05,0,SOLDER_VOID,train
RUN-001465,WO-000733,P03,L06,MCH-034,PRD-045,2025-09-16,21.0,0.8707,0,G0_unknown,2.5,97.0,52.225,2.885,1.073,0.0194,0.02,0,MISSING_PART,train
RUN-001466,WO-000733,P03,L06,MCH-032,PRD-045,2025-09-16,19.03,0.8685,12.8,G1_senior,2.5,97.0,52.214,3.287,0.764,0.0157,0.0,0,NONE,train
RUN-001467,WO-000734,P03,L06,MCH-036,PRD-045,2025-09-16,20.29,1.0786,1.0,G3_junior,2.5,97.0,51.571,3.541,1.089,0.0227,0.01,0,NONE,train
RUN-001468,WO-000734,P03,L06,MCH-031,PRD-045,2025-09-16,13.72,0.8453,2.0,G3_junior,2.5,97.0,54.77,3.127,0.675,0.0118,0.01,0,NONE,train
RUN-001493,WO-000747,P03,L05,MCH-027,PRD-062,2025-09-17,24.03,0.8371,0.2,G3_junior,6.8,71.4,50.039,2.96,1.066,0.1372,0.11,1,DIMENSION,train
RUN-001494,WO-000747,P03,L05,MCH-025,PRD-062,2025-09-17,28.01,1.0103,4.6,G2_mid,6.8,71.4,54.74,3.817,0.787,0.1364,0.12,1,CONTAMINATION,train
RUN-001495,WO-000748,P03,L05,MCH-025,PRD-062,2025-09-17,20.81,0.9402,0.2,G3_junior,6.8,71.4,54.74,3.817,0.733,0.1209,0.128,1,MISSING_PART,train
RUN-001496,WO-000748,P03,L05,MCH-026,PRD-062,2025-09-17,16.27,0.9536,0.4,G3_junior,6.8,71.4,61.188,5.036,0.68,0.0957,0.12,1,SURFACE_DENT,train
RUN-001497,WO-000749,P03,L05,MCH-025,PRD-062,2025-09-17,45.07,0.8412,7.6,G2_mid,6.8,71.4,54.74,3.817,0.63,0.0741,0.09,1,SOLDER_VOID,train
RUN-001498,WO-000749,P03,L05,MCH-026,PRD-062,2025-09-17,41.23,1.0082,12.8,G1_senior,6.8,71.4,61.188,5.036,0.839,0.0641,0.08,1,SURFACE_DENT,train
RUN-001499,WO-000750,P03,L06,MCH-036,PRD-035,2025-09-17,36.14,1.1154,2.1,G3_junior,4.3,84.7,59.403,2.928,0.745,0.04,0.04,0,NONE,train
RUN-001500,WO-000750,P03,L06,MCH-031,PRD-035,2025-09-17,31.4,1.0696,2.0,G3_junior,4.3,84.7,54.6,3.669,0.874,0.0564,0.0375,0,SOLDER_VOID,train
RUN-001501,WO-000751,P03,L06,MCH-036,PRD-035,2025-09-17,32.16,1.1217,1.7,G3_junior,4.3,84.7,59.403,2.928,0.875,0.0182,0.03,0,SCRATCH,train
RUN-001502,WO-000751,P03,L06,MCH-033,PRD-035,2025-09-17,25.75,0.9072,2.3,G3_junior,4.3,84.7,54.691,3.382,0.648,0.0329,0.02,0,SOLDER_VOID,train
RUN-001503,WO-000752,P03,L06,MCH-033,PRD-038,2025-09-17,20.41,0.9515,7.0,G2_mid,3.2,85.8,54.691,3.382,0.636,0.0659,0.02,0,DIMENSION,train
RUN-001504,WO-000752,P03,L06,MCH-036,PRD-038,2025-09-17,20.53,1.0012,0,G0_unknown,3.2,85.8,59.403,2.928,0.991,0.0494,0.015,0,SOLDER_VOID,train
RUN-001529,WO-000765,P03,L05,MCH-026,PRD-063,2025-09-18,25.25,0.9859,0.6,G3_junior,5.7,84.5,60.839,5.482,0.643,0.0575,0.0625,1,DIMENSION,train
RUN-001530,WO-000765,P03,L05,MCH-025,PRD-063,2025-09-18,27.08,0.8239,0,G0_unknown,5.7,84.5,53.701,3.418,0.99,0.0666,0.0875,1,SCRATCH,train
RUN-001531,WO-000766,P03,L05,MCH-029,PRD-002,2025-09-18,35.82,1.1446,2.1,G3_junior,5.3,88.0,52.136,3.112,0.97,0.0594,0.056,1,SOLDER_VOID,train
RUN-001532,WO-000766,P03,L05,MCH-028,PRD-002,2025-09-18,33.13,1.1828,5.8,G2_mid,5.3,88.0,55.875,3.554,0.822,0.0429,0.04,0,NONE,train
RUN-001533,WO-000767,P03,L05,MCH-025,PRD-033,2025-09-18,28.99,1.1155,1.0,G3_junior,4.7,88.0,53.701,3.418,0.699,0.0587,0.04,0,DIMENSION,train
RUN-001534,WO-000767,P03,L05,MCH-027,PRD-033,2025-09-18,28.23,1.1028,2.3,G3_junior,4.7,88.0,51.438,3.317,0.684,0,0.02,0,DIMENSION,train
RUN-001535,WO-000768,P03,L06,MCH-031,PRD-006,2025-09-18,29.6,0.9252,2.8,G3_junior,7.3,92.1,53.782,3.845,0.86,0.0849,0.0625,1,DIMENSION,train
RUN-001536,WO-000768,P03,L06,MCH-035,PRD-006,2025-09-18,28.02,1.0641,0,G0_unknown,7.3,92.1,52.554,3.288,0.814,0.0589,0.06,1,SOLDER_VOID,train
RUN-001537,WO-000769,P03,L06,MCH-035,PRD-006,2025-09-18,29.86,0.9366,15.7,G1_senior,7.3,92.1,52.554,3.288,0.706,0.0688,0.04,0,DIMENSION,train
RUN-001538,WO-000769,P03,L06,MCH-034,PRD-006,2025-09-18,28.86,0.8275,1.0,G3_junior,7.3,92.1,50.585,2.531,0.65,0.0545,0.075,1,MISSING_PART,train
RUN-001539,WO-000770,P03,L06,MCH-035,PRD-024,2025-09-18,29.07,1.0775,3.3,G2_mid,7.6,85.8,52.554,3.288,0.783,0.0739,0.08,1,SURFACE_DENT,train
RUN-001540,WO-000770,P03,L06,MCH-036,PRD-024,2025-09-18,28.06,0.9469,0.5,G3_junior,7.6,85.8,53.879,3.412,0.833,0.1036,0.0875,1,NONE,train
RUN-001565,WO-000783,P03,L05,MCH-027,PRD-052,2025-09-19,34.5,1.1638,6.1,G2_mid,7.2,82.7,53.39,2.829,0.895,0.1064,0.1,1,SOLDER_VOID,train
RUN-001566,WO-000783,P03,L05,MCH-029,PRD-052,2025-09-19,39.83,0.8458,8.2,G1_senior,7.2,82.7,51.506,3.806,1.042,0.0156,0.075,1,DIMENSION,train
RUN-001567,WO-000784,P03,L05,MCH-026,PRD-054,2025-09-19,19.89,1.0298,0.2,G3_junior,6.3,71.4,66.469,6.227,0.624,0.1069,0.12,1,DIMENSION,train
RUN-001568,WO-000784,P03,L05,MCH-027,PRD-054,2025-09-19,22.01,1.0413,1.0,G3_junior,6.3,71.4,53.39,2.829,0.862,0.088,0.11,1,SCRATCH,train
RUN-001569,WO-000785,P03,L05,MCH-029,PRD-054,2025-09-19,35.1,1.0074,3.3,G2_mid,6.3,71.4,51.506,3.806,1.09,0.0989,0.08,1,SCRATCH,train
RUN-001570,WO-000785,P03,L05,MCH-028,PRD-054,2025-09-19,35.77,1.0942,7.0,G2_mid,6.3,71.4,55.745,3.352,0.636,0.0548,0.09,1,CONTAMINATION,train
RUN-001571,WO-000786,P03,L06,MCH-031,PRD-003,2025-09-19,23.26,1.1016,1.0,G3_junior,4.8,95.9,53.967,3.633,0.914,0.0125,0.02,0,SURFACE_DENT,train
RUN-001572,WO-000786,P03,L06,MCH-033,PRD-003,2025-09-19,23.26,0.8699,3.3,G2_mid,4.8,95.9,51.558,3.464,0.891,0.0069,0.02,0,MISSING_PART,train
RUN-001573,WO-000787,P03,L06,MCH-034,PRD-059,2025-09-19,28.96,0.9324,0,G0_unknown,5.9,88.6,53.393,2.773,0.98,0.113,0.055,1,SCRATCH,train
RUN-001574,WO-000787,P03,L06,MCH-033,PRD-059,2025-09-19,36.07,1.1002,0.4,G3_junior,5.9,88.6,51.558,3.464,1.078,0.0854,0.05,0,SOLDER_VOID,train
RUN-001575,WO-000788,P03,L06,MCH-036,PRD-059,2025-09-19,33.71,1.03,0.7,G3_junior,5.9,88.6,55.637,3.965,0.884,0.0754,0.055,1,SURFACE_DENT,train
RUN-001576,WO-000788,P03,L06,MCH-032,PRD-059,2025-09-19,29.95,1.155,1.2,G3_junior,5.9,88.6,52.945,3.26,0.72,0.0478,0.0375,0,DIMENSION,train
RUN-001595,WO-000798,P03,L05,MCH-025,PRD-049,2025-09-20,22.68,1.1316,12.8,G1_senior,10,82.7,49.147,3.038,1.076,0.1362,0.1125,1,NONE,train
RUN-001596,WO-000798,P03,L05,MCH-026,PRD-049,2025-09-20,25.95,0.8472,3.1,G2_mid,10,82.7,67.189,7.156,1.097,0.1048,0.1375,1,SOLDER_VOID,train
RUN-001597,WO-000799,P03,L05,MCH-027,PRD-022,2025-09-20,14.72,1.0564,3.0,G3_junior,4.3,85.8,47.663,3.157,0.658,0.0315,0.03,0,SCRATCH,train
RUN-001598,WO-000799,P03,L05,MCH-030,PRD-022,2025-09-20,16.95,1.1769,4.8,G2_mid,4.3,85.8,58.252,19.241,0.742,0.0353,0.0125,0,DIMENSION,train
RUN-001599,WO-000800,P03,L06,MCH-032,PRD-074,2025-09-20,17.62,0.8425,6.1,G2_mid,6.4,95.9,52.209,3.245,0.68,0.0452,0.04,0,DIMENSION,train
RUN-001600,WO-000800,P03,L06,MCH-031,PRD-074,2025-09-20,13.48,0.8456,2.9,G3_junior,6.4,95.9,53.333,9.461,1.076,0.0786,0.0375,0,SOLDER_VOID,train
RUN-001601,WO-000801,P03,L06,MCH-035,PRD-038,2025-09-20,21.15,1.1681,0.2,G3_junior,3.2,85.8,50.345,3.278,0.759,0.0332,0.035,0,SOLDER_VOID,train
RUN-001602,WO-000801,P03,L06,MCH-033,PRD-038,2025-09-20,21.25,1.1252,7.0,G2_mid,3.2,85.8,48.617,3.438,0.824,0.0052,0.0,0,NONE,train
RUN-001603,WO-000802,P03,L06,MCH-034,PRD-064,2025-09-20,22.17,1.105,14.6,G1_senior,4.9,89.9,46.171,2.689,0.739,0.0061,0.03,0,SCRATCH,train
RUN-001604,WO-000802,P03,L06,MCH-036,PRD-064,2025-09-20,21.71,1.0476,0.2,G3_junior,4.9,89.9,46.693,3.207,0.831,0.0481,0.035,0,SOLDER_VOID,train
RUN-001619,WO-000810,P03,L05,MCH-027,PRD-078,2025-09-21,31.5,0.8722,3.3,G2_mid,4.6,84.7,50.079,3.035,0.99,0.0192,0.02,0,DIMENSION,train
RUN-001620,WO-000810,P03,L05,MCH-029,PRD-078,2025-09-21,24.88,1.1253,2.2,G3_junior,4.6,84.7,48.745,2.649,1.061,0.04,0.0375,0,DIMENSION,train
RUN-001621,WO-000811,P03,L05,MCH-026,PRD-078,2025-09-21,26.85,1.0688,2.7,G3_junior,4.6,84.7,70.017,7.509,0.816,0.0117,0.04,0,DIMENSION,train
RUN-001622,WO-000811,P03,L05,MCH-029,PRD-078,2025-09-21,22.38,0.8559,3.1,G2_mid,4.6,84.7,48.745,2.649,0.976,0,0.02,0,NONE,train
RUN-001623,WO-000812,P03,L06,MCH-034,PRD-078,2025-09-21,26.27,1.0352,0,G0_unknown,4.6,84.7,45.613,2.946,0.706,0.0595,0.05,0,SURFACE_DENT,train
RUN-001624,WO-000812,P03,L06,MCH-032,PRD-078,2025-09-21,21.38,1.0025,2.8,G3_junior,4.6,84.7,48.644,2.854,0.778,0.0256,0.045,0,SOLDER_VOID,train
RUN-001625,WO-000813,P03,L06,MCH-036,PRD-054,2025-09-21,26.39,1.0091,2.1,G3_junior,6.3,71.4,46.396,8.929,1.009,0.128,0.112,1,SURFACE_DENT,train
RUN-001626,WO-000813,P03,L06,MCH-034,PRD-054,2025-09-21,31.28,0.8281,5.8,G2_mid,6.3,71.4,45.613,2.946,0.733,0.0774,0.0875,1,DIMENSION,train
RUN-001651,WO-000826,P03,L05,MCH-030,PRD-002,2025-09-22,25.47,0.9823,2.8,G3_junior,5.3,88.0,68.584,7.505,0.838,0.0084,0.04,1,SCRATCH,train
RUN-001652,WO-000826,P03,L05,MCH-027,PRD-002,2025-09-22,22.77,1.0241,11.2,G1_senior,5.3,88.0,52.536,2.811,1.006,0.0147,0.016,0,SURFACE_DENT,train
RUN-001653,WO-000827,P03,L05,MCH-029,PRD-080,2025-09-22,23.02,1.0094,0.6,G3_junior,5.2,84.5,52.575,2.918,0.721,0.0713,0.075,1,MISSING_PART,train
RUN-001654,WO-000827,P03,L05,MCH-027,PRD-080,2025-09-22,26.12,1.1196,11.8,G1_senior,5.2,84.5,52.536,2.811,0.856,0.0196,0.045,0,NONE,train
RUN-001655,WO-000828,P03,L05,MCH-028,PRD-075,2025-09-22,34.3,1.1503,2.6,G3_junior,6.8,96.3,53.066,3.528,0.819,0.0005,0.025,0,SURFACE_DENT,train
RUN-001656,WO-000828,P03,L05,MCH-027,PRD-075,2025-09-22,37.95,1.0384,1.7,G3_junior,6.8,96.3,52.536,2.811,0.731,0.0561,0.04,0,SOLDER_VOID,train
RUN-001657,WO-000829,P03,L06,MCH-033,PRD-045,2025-09-22,22.51,1.0603,0.6,G3_junior,2.5,97.0,57.333,3.643,0.881,0.0459,0.0125,0,SOLDER_VOID,train
RUN-001658,WO-000829,P03,L06,MCH-035,PRD-045,2025-09-22,21.34,0.8877,0.5,G3_junior,2.5,97.0,51.507,3.131,0.834,0.0416,0.01,0,MISSING_PART,train
RUN-001659,WO-000830,P03,L06,MCH-031,PRD-010,2025-09-22,34.81,0.8414,11.2,G1_senior,6.9,97.0,54.78,3.673,0.78,0.0396,0.03,0,SOLDER_VOID,train
RUN-001660,WO-000830,P03,L06,MCH-036,PRD-010,2025-09-22,36.73,0.8867,2.9,G3_junior,6.9,97.0,56.212,3.466,0.627,0.0587,0.04,0,SCRATCH,train
RUN-001661,WO-000831,P03,L06,MCH-036,PRD-045,2025-09-22,22.9,1.0542,2.9,G3_junior,2.5,97.0,56.212,3.466,0.894,0.0294,0.0125,0,SURFACE_DENT,train
RUN-001662,WO-000831,P03,L06,MCH-034,PRD-045,2025-09-22,28.23,0.9869,11.8,G1_senior,2.5,97.0,51.377,2.425,0.733,0,0.01,0,SCRATCH,train
RUN-001687,WO-000844,P03,L05,MCH-029,PRD-033,2025-09-23,22.48,1.0724,1.7,G3_junior,4.7,88.0,50.952,5.784,0.872,0.0281,0.05,0,CONTAMINATION,train
RUN-001688,WO-000844,P03,L05,MCH-030,PRD-033,2025-09-23,25.44,1.0328,2.3,G3_junior,4.7,88.0,68.806,8.136,0.712,0.0084,0.025,0,SCRATCH,train
RUN-001689,WO-000845,P03,L05,MCH-030,PRD-033,2025-09-23,23.82,1.1366,11.5,G1_senior,4.7,88.0,68.806,8.136,0.849,0.0348,0.01,0,SOLDER_VOID,train
RUN-001690,WO-000845,P03,L05,MCH-025,PRD-033,2025-09-23,18.37,0.8532,11.2,G1_senior,4.7,88.0,56.54,3.895,1.029,0.006,0.0,0,NONE,train
RUN-001691,WO-000846,P03,L05,MCH-029,PRD-033,2025-09-23,26.22,1.0803,9.4,G1_senior,4.7,88.0,50.952,5.784,0.99,0,0.03,0,DIMENSION,train
RUN-001692,WO-000846,P03,L05,MCH-030,PRD-033,2025-09-23,24.4,1.1654,9.4,G1_senior,4.7,88.0,68.806,8.136,0.65,0.0146,0.0125,0,CONTAMINATION,train
RUN-001693,WO-000847,P03,L06,MCH-032,PRD-024,2025-09-23,25.38,1.0312,4.6,G2_mid,7.6,85.8,55.948,3.105,0.705,0.0807,0.075,1,SOLDER_VOID,train
RUN-001694,WO-000847,P03,L06,MCH-031,PRD-024,2025-09-23,30.87,0.9427,0.2,G3_junior,7.6,85.8,56.342,3.412,1.026,0.0778,0.075,1,SURFACE_DENT,train
RUN-001695,WO-000848,P03,L06,MCH-036,PRD-024,2025-09-23,24.25,1.1137,2.8,G3_junior,7.6,85.8,52.496,3.282,0.762,0.1087,0.08,1,SOLDER_VOID,train
RUN-001696,WO-000848,P03,L06,MCH-032,PRD-024,2025-09-23,23.4,0.9688,3.4,G2_mid,7.6,85.8,55.948,3.105,0.692,0.0977,0.0875,1,SOLDER_VOID,train
RUN-001697,WO-000849,P03,L06,MCH-035,PRD-024,2025-09-23,36.72,1.0017,2.3,G3_junior,7.6,85.8,51.827,3.222,0.743,0.0548,0.095,1,SOLDER_VOID,train
RUN-001698,WO-000849,P03,L06,MCH-031,PRD-024,2025-09-23,35.87,1.2022,3.4,G2_mid,7.6,85.8,56.342,3.412,0.992,0.1209,0.125,1,SOLDER_VOID,train
RUN-001723,WO-000862,P03,L05,MCH-030,PRD-068,2025-09-24,16.19,1.1068,1.0,G3_junior,2.3,71.0,50.521,2.9,1.002,0.0453,0.05,0,DIMENSION,train
RUN-001724,WO-000862,P03,L05,MCH-026,PRD-068,2025-09-24,18.99,0.9043,2.3,G3_junior,2.3,71.0,54.338,6.177,1.002,0.058,0.04,0,SOLDER_VOID,train
RUN-001725,WO-000863,P03,L05,MCH-028,PRD-080,2025-09-24,27.34,1.085,9.4,G1_senior,5.2,84.5,54.219,3.534,0.943,0.0229,0.04,0,DIMENSION,train
RUN-001726,WO-000863,P03,L05,MCH-030,PRD-080,2025-09-24,31.08,0.9437,0.5,G3_junior,5.2,84.5,50.521,2.9,0.938,0.0182,0.05,0,SURFACE_DENT,train
RUN-001727,WO-000864,P03,L05,MCH-028,PRD-068,2025-09-24,23.44,1.0343,2.3,G3_junior,2.3,71.0,54.219,3.534,0.875,0.0338,0.04,0,SCRATCH,train
RUN-001728,WO-000864,P03,L05,MCH-025,PRD-068,2025-09-24,24.45,0.9498,2.7,G3_junior,2.3,71.0,56.124,3.525,0.644,0,0.035,0,SOLDER_VOID,train
RUN-001729,WO-000865,P03,L06,MCH-033,PRD-034,2025-09-24,24.98,0.8974,6.5,G2_mid,2.6,96.1,53.431,3.411,1.076,0.0111,0.01,0,CONTAMINATION,train
RUN-001730,WO-000865,P03,L06,MCH-031,PRD-034,2025-09-24,29.77,1.1776,1.3,G3_junior,2.6,96.1,52.956,3.493,0.998,0,0.0125,0,CONTAMINATION,train
RUN-001731,WO-000866,P03,L06,MCH-031,PRD-022,2025-09-24,26.87,0.9026,2.8,G3_junior,4.3,85.8,52.956,3.493,1.073,0.0512,0.025,0,SOLDER_VOID,train
RUN-001732,WO-000866,P03,L06,MCH-033,PRD-022,2025-09-24,24.44,1.0853,8.2,G1_senior,4.3,85.8,53.431,3.411,1.099,0.0123,0.03,0,SOLDER_VOID,train
RUN-001733,WO-000867,P03,L06,MCH-031,PRD-034,2025-09-24,28.22,0.8807,1.3,G3_junior,2.6,96.1,52.956,3.493,0.973,0.0145,0.008,0,CONTAMINATION,train
RUN-001734,WO-000867,P03,L06,MCH-033,PRD-034,2025-09-24,27.71,1.1012,8.2,G1_senior,2.6,96.1,53.431,3.411,0.792,0.0043,0.0,0,NONE,train
RUN-001759,WO-000880,P03,L05,MCH-029,PRD-013,2025-09-25,19.66,1.0142,3.3,G2_mid,4.9,95.9,51.479,3.598,0.947,0.0516,0.04,0,SCRATCH,train
RUN-001760,WO-000880,P03,L05,MCH-028,PRD-013,2025-09-25,20.3,1.1178,0.6,G3_junior,4.9,95.9,54.59,3.44,0.628,0.0351,0.04,0,SOLDER_VOID,train
RUN-001761,WO-000881,P03,L05,MCH-028,PRD-075,2025-09-25,39.44,1.0088,7.6,G2_mid,6.8,96.3,54.59,3.44,0.912,0.0028,0.03,0,SURFACE_DENT,train
RUN-001762,WO-000881,P03,L05,MCH-027,PRD-075,2025-09-25,37.97,0.9616,1.7,G3_junior,6.8,96.3,51.253,2.86,0.812,0.0405,0.056,1,SCRATCH,train
RUN-001763,WO-000882,P03,L05,MCH-026,PRD-013,2025-09-25,8.44,0.9526,2.7,G3_junior,4.9,95.9,54.72,3.337,0.699,0.0421,0.04,0,MISSING_PART,train
RUN-001764,WO-000882,P03,L05,MCH-025,PRD-013,2025-09-25,11.88,1.1131,1.2,G3_junior,4.9,95.9,52.99,2.864,0.669,0.0376,0.025,0,SURFACE_DENT,train
RUN-001765,WO-000883,P03,L06,MCH-031,PRD-061,2025-09-25,33.37,1.0286,8.9,G1_senior,4.8,76.8,53.49,3.213,0.632,0.06,0.07,1,SURFACE_DENT,train
RUN-001766,WO-000883,P03,L06,MCH-032,PRD-061,2025-09-25,33.13,1.1272,8.2,G1_senior,4.8,76.8,50.669,2.515,0.62,0.0458,0.045,0,SOLDER_VOID,train
RUN-001767,WO-000884,P03,L06,MCH-036,PRD-061,2025-09-25,23.17,0.9398,0.6,G3_junior,4.8,76.8,55.232,3.835,0.702,0.0947,0.088,1,DIMENSION,train
RUN-001768,WO-000884,P03,L06,MCH-033,PRD-061,2025-09-25,20.23,0.9738,2.2,G3_junior,4.8,76.8,54.798,3.575,1.028,0.0915,0.06,1,SOLDER_VOID,train
RUN-001769,WO-000885,P03,L06,MCH-032,PRD-061,2025-09-25,22.11,0.8753,0.6,G3_junior,4.8,76.8,50.669,2.515,0.782,0.1132,0.06,1,SURFACE_DENT,train
RUN-001770,WO-000885,P03,L06,MCH-033,PRD-061,2025-09-25,19.24,0.9657,9.4,G1_senior,4.8,76.8,54.798,3.575,0.746,0.0064,0.04,0,NONE,train
RUN-001795,WO-000898,P03,L05,MCH-030,PRD-043,2025-09-26,26.51,1.0186,3.0,G3_junior,4.2,84.5,51.942,2.977,1.099,0.0301,0.05,0,SCRATCH,train
RUN-001796,WO-000898,P03,L05,MCH-029,PRD-043,2025-09-26,25.71,1.1355,1.8,G3_junior,4.2,84.5,55.763,2.994,0.971,0.0269,0.04,0,CONTAMINATION,train
RUN-001797,WO-000899,P03,L05,MCH-028,PRD-043,2025-09-26,32.26,1.1434,4.8,G2_mid,4.2,84.5,55.849,3.838,0.906,0.0228,0.04,0,CONTAMINATION,train
RUN-001798,WO-000899,P03,L05,MCH-029,PRD-043,2025-09-26,32.98,0.9466,4.8,G2_mid,4.2,84.5,55.763,2.994,1.082,0.0296,0.05,0,DIMENSION,train
RUN-001799,WO-000900,P03,L05,MCH-029,PRD-043,2025-09-26,20.55,1.1198,1.2,G3_junior,4.2,84.5,55.763,2.994,0.876,0.0096,0.05,1,SOLDER_VOID,train
RUN-001800,WO-000900,P03,L05,MCH-030,PRD-043,2025-09-26,25.07,0.887,0.2,G3_junior,4.2,84.5,51.942,2.977,0.892,0.0463,0.05,0,SOLDER_VOID,train
RUN-001801,WO-000901,P03,L06,MCH-033,PRD-004,2025-09-26,15.87,0.9141,4.7,G2_mid,3.9,95.9,52.694,3.081,0.883,0.0033,0.005,0,SCRATCH,train
RUN-001802,WO-000901,P03,L06,MCH-032,PRD-004,2025-09-26,16.06,0.8438,14.6,G1_senior,3.9,95.9,54.97,3.144,0.788,0,0.0,0,NONE,train
RUN-001803,WO-000902,P03,L06,MCH-033,PRD-004,2025-09-26,30.88,0.8595,1.4,G3_junior,3.9,95.9,52.694,3.081,0.974,0.059,0.0375,0,CONTAMINATION,train
RUN-001804,WO-000902,P03,L06,MCH-034,PRD-004,2025-09-26,33.24,0.8559,11.2,G1_senior,3.9,95.9,50.762,3.512,0.651,0,0.01,0,CONTAMINATION,train
RUN-001805,WO-000903,P03,L06,MCH-033,PRD-004,2025-09-26,32.02,0.9742,7.2,G2_mid,3.9,95.9,52.694,3.081,0.88,0,0.0,0,NONE,train
RUN-001806,WO-000903,P03,L06,MCH-031,PRD-004,2025-09-26,27.01,0.9904,0.6,G3_junior,3.9,95.9,56.326,4.128,0.893,0,0.005,0,MISSING_PART,train
RUN-001823,WO-000912,P03,L05,MCH-029,PRD-010,2025-09-27,21.01,1.1064,1.3,G3_junior,6.9,97.0,47.574,2.96,1.02,0.0426,0.0375,1,DIMENSION,train
RUN-001824,WO-000912,P03,L05,MCH-026,PRD-010,2025-09-27,23.35,1.1586,2.9,G3_junior,6.9,97.0,52.399,3.228,0.931,0.0146,0.04,0,DIMENSION,train
RUN-001825,WO-000913,P03,L05,MCH-029,PRD-010,2025-09-27,17.16,1.1409,2.2,G3_junior,6.9,97.0,47.574,2.96,0.875,0.0382,0.06,1,DIMENSION,train
RUN-001826,WO-000913,P03,L05,MCH-027,PRD-010,2025-09-27,19.6,0.9005,2.9,G3_junior,6.9,97.0,48.822,2.993,0.679,0.0344,0.02,0,NONE,train
RUN-001827,WO-000914,P03,L05,MCH-029,PRD-006,2025-09-27,25.6,0.9266,10.6,G1_senior,7.3,92.1,47.574,2.96,0.94,0.0166,0.0375,0,NONE,train
RUN-001828,WO-000914,P03,L05,MCH-028,PRD-006,2025-09-27,27.6,1.1618,0.2,G3_junior,7.3,92.1,49.855,3.486,0.97,0.0824,0.04,0,DIMENSION,train
RUN-001829,WO-000915,P03,L06,MCH-036,PRD-004,2025-09-27,20.5,0.9532,0.2,G3_junior,3.9,95.9,55.044,4.294,0.832,0.0283,0.04,0,CONTAMINATION,train
RUN-001830,WO-000915,P03,L06,MCH-032,PRD-004,2025-09-27,23.26,0.8991,4.6,G2_mid,3.9,95.9,51.775,3.208,0.884,0.0502,0.02,0,SCRATCH,train
RUN-001845,WO-000923,P03,L05,MCH-030,PRD-073,2025-09-28,25.46,0.9107,3.4,G2_mid,3.4,87.4,49.302,3.283,0.888,0.0733,0.032,0,SOLDER_VOID,train
RUN-001846,WO-000923,P03,L05,MCH-029,PRD-073,2025-09-28,21.0,1.1093,2.3,G3_junior,3.4,87.4,49.295,3.135,0.865,0.0056,0.03,0,SOLDER_VOID,train
RUN-001847,WO-000924,P03,L06,MCH-035,PRD-064,2025-09-28,9.4,1.1649,0.6,G3_junior,4.9,89.9,47.368,2.943,1.093,0.0303,0.0375,0,CONTAMINATION,train
RUN-001848,WO-000924,P03,L06,MCH-034,PRD-064,2025-09-28,13.1,0.8437,9.4,G1_senior,4.9,89.9,45.195,2.926,1.036,0.0303,0.04,0,SCRATCH,train
RUN-001849,WO-000925,P03,L06,MCH-032,PRD-024,2025-09-28,39.63,0.952,8.2,G1_senior,7.6,85.8,49.526,3.146,0.748,0.072,0.0375,0,SOLDER_VOID,train
RUN-001850,WO-000925,P03,L06,MCH-033,PRD-024,2025-09-28,41.64,0.8214,11.2,G1_senior,7.6,85.8,50.482,3.465,0.825,0.0457,0.04,0,SOLDER_VOID,train
RUN-001875,WO-000938,P03,L05,MCH-030,PRD-033,2025-09-29,17.18,0.9065,7.0,G2_mid,4.7,88.0,54.034,3.494,0.811,0.047,0.035,0,SURFACE_DENT,train
RUN-001876,WO-000938,P03,L05,MCH-029,PRD-033,2025-09-29,11.39,0.9736,0,G0_unknown,4.7,88.0,52.241,3.134,0.967,0.0417,0.04,0,SURFACE_DENT,train
RUN-001877,WO-000939,P03,L05,MCH-028,PRD-033,2025-09-29,25.92,0.9442,10.6,G1_senior,4.7,88.0,55.222,3.62,1.018,0.0233,0.0,0,NONE,train
RUN-001878,WO-000939,P03,L05,MCH-029,PRD-033,2025-09-29,25.69,1.14,1.8,G3_junior,4.7,88.0,52.241,3.134,1.054,0.0411,0.06,1,CONTAMINATION,train
RUN-001879,WO-000940,P03,L05,MCH-026,PRD-071,2025-09-29,16.53,1.1204,8.2,G1_senior,6.2,84.7,55.989,3.428,0.706,0.0633,0.0375,0,MISSING_PART,train
RUN-001880,WO-000940,P03,L05,MCH-025,PRD-071,2025-09-29,20.05,0.8847,6.5,G2_mid,6.2,84.7,55.172,3.442,0.674,0.035,0.0375,0,SCRATCH,train
RUN-001881,WO-000941,P03,L06,MCH-032,PRD-009,2025-09-29,21.93,1.0278,1.4,G3_junior,5.0,76.8,54.283,3.321,1.042,0.0822,0.08,1,DIMENSION,train
RUN-001882,WO-000941,P03,L06,MCH-031,PRD-009,2025-09-29,22.08,0.8772,1.8,G3_junior,5.0,76.8,55.202,3.522,0.986,0.0803,0.0625,1,SURFACE_DENT,train
RUN-001883,WO-000942,P03,L06,MCH-031,PRD-006,2025-09-29,24.78,1.0748,7.6,G2_mid,7.3,92.1,55.202,3.522,0.88,0.0893,0.0625,1,SURFACE_DENT,train
RUN-001884,WO-000942,P03,L06,MCH-035,PRD-006,2025-09-29,19.33,0.9038,12.8,G1_senior,7.3,92.1,51.701,2.995,0.71,0,0.016,0,NONE,train
RUN-001885,WO-000943,P03,L06,MCH-032,PRD-034,2025-09-29,25.89,0.9866,7.1,G2_mid,2.6,96.1,54.283,3.321,0.954,0.0803,0.02,0,SCRATCH,train
RUN-001886,WO-000943,P03,L06,MCH-033,PRD-034,2025-09-29,25.23,0.9666,1.6,G3_junior,2.6,96.1,55.468,3.259,0.968,0.0026,0.016,0,DIMENSION,train
RUN-001911,WO-000956,P03,L05,MCH-030,PRD-033,2025-09-30,14.44,1.0778,7.6,G2_mid,4.7,88.0,52.257,2.963,1.099,0.0404,0.0375,0,SOLDER_VOID,train
RUN-001912,WO-000956,P03,L05,MCH-028,PRD-033,2025-09-30,11.04,0.8634,0.2,G3_junior,4.7,88.0,52.081,3.534,0.732,0.004,0.02,0,MISSING_PART,train
RUN-001913,WO-000957,P03,L05,MCH-028,PRD-033,2025-09-30,22.94,1.0945,1.0,G3_junior,4.7,88.0,52.081,3.534,0.837,0.053,0.05,0,SCRATCH,train
RUN-001914,WO-000957,P03,L05,MCH-025,PRD-033,2025-09-30,22.01,0.8365,15.7,G1_senior,4.7,88.0,54.768,3.312,0.65,0.023,0.02,0,SCRATCH,train
RUN-001915,WO-000958,P03,L05,MCH-029,PRD-033,2025-09-30,23.87,1.0534,11.8,G1_senior,4.7,88.0,52.594,3.471,0.993,0.036,0.01,0,SCRATCH,train
RUN-001916,WO-000958,P03,L05,MCH-026,PRD-033,2025-09-30,25.24,1.0064,7.1,G2_mid,4.7,88.0,51.472,3.488,0.622,0.077,0.03,0,SOLDER_VOID,train
RUN-001917,WO-000959,P03,L06,MCH-034,PRD-069,2025-09-30,38.9,1.0342,18,G1_senior,10,88.6,49.969,2.898,0.657,0.0963,0.0625,1,MISSING_PART,train
RUN-001918,WO-000959,P03,L06,MCH-031,PRD-069,2025-09-30,34.63,1.1322,0.7,G3_junior,10,88.6,55.081,3.465,0.802,0.0998,0.105,1,SCRATCH,train
RUN-001919,WO-000960,P03,L06,MCH-035,PRD-066,2025-09-30,21.83,1.0495,7.2,G2_mid,7.6,88.6,55.181,3.743,0.944,0.0683,0.048,0,CONTAMINATION,train
RUN-001920,WO-000960,P03,L06,MCH-036,PRD-066,2025-09-30,23.03,1.1788,2.9,G3_junior,7.6,88.6,64.779,6.171,0.663,0.1139,0.0875,1,SCRATCH,train
RUN-001921,WO-000961,P03,L06,MCH-032,PRD-016,2025-09-30,24.06,1.148,12.8,G1_senior,4.3,85.8,52.153,3.411,0.96,0.0546,0.04,0,SURFACE_DENT,train
RUN-001922,WO-000961,P03,L06,MCH-034,PRD-016,2025-09-30,23.16,0.911,3.1,G2_mid,4.3,85.8,49.969,2.898,1.085,0.0451,0.0625,1,DIMENSION,train
RUN-001947,WO-000974,P03,L05,MCH-027,PRD-062,2025-10-01,21.83,1.1351,1.4,G3_junior,6.8,71.4,50.024,8.178,0.644,0.1103,0.11,1,CONTAMINATION,train
RUN-001948,WO-000974,P03,L05,MCH-029,PRD-062,2025-10-01,27.67,1.1309,11.2,G1_senior,6.8,71.4,51.982,3.037,0.802,0.1423,0.1,1,SOLDER_VOID,train
RUN-001949,WO-000975,P03,L05,MCH-027,PRD-064,2025-10-01,23.57,0.9614,1.7,G3_junior,4.9,89.9,50.024,8.178,0.835,0.0591,0.04,0,SOLDER_VOID,train
RUN-001950,WO-000975,P03,L05,MCH-028,PRD-064,2025-10-01,28.81,0.8824,1.6,G3_junior,4.9,89.9,54.147,4.167,0.931,0.0367,0.06,1,SURFACE_DENT,train
RUN-001951,WO-000976,P03,L05,MCH-026,PRD-064,2025-10-01,22.39,1.1714,0.2,G3_junior,4.9,89.9,53.69,3.404,1.009,0.0235,0.04,0,DIMENSION,train
RUN-001952,WO-000976,P03,L05,MCH-027,PRD-064,2025-10-01,22.03,1.1014,0.2,G3_junior,4.9,89.9,50.024,8.178,0.947,0.0707,0.0375,0,CONTAMINATION,train
RUN-001953,WO-000977,P03,L06,MCH-033,PRD-045,2025-10-01,24.66,1.0686,0.2,G3_junior,2.5,97.0,54.572,3.708,0.638,0.0142,0.016,0,SOLDER_VOID,train
RUN-001954,WO-000977,P03,L06,MCH-035,PRD-045,2025-10-01,21.12,1.0481,1.2,G3_junior,2.5,97.0,50.907,3.421,1.076,0.0268,0.025,0,SOLDER_VOID,train
RUN-001955,WO-000978,P03,L06,MCH-032,PRD-045,2025-10-01,20.68,1.0249,3.3,G2_mid,2.5,97.0,53.019,3.382,1.094,0.0283,0.03,0,SURFACE_DENT,train
RUN-001956,WO-000978,P03,L06,MCH-035,PRD-045,2025-10-01,26.66,0.9576,10.6,G1_senior,2.5,97.0,50.907,3.421,0.912,0.0161,0.02,0,SOLDER_VOID,train
RUN-001957,WO-000979,P03,L06,MCH-033,PRD-045,2025-10-01,20.57,1.0463,2.3,G3_junior,2.5,97.0,54.572,3.708,0.879,0.0494,0.025,0,SCRATCH,train
RUN-001958,WO-000979,P03,L06,MCH-035,PRD-045,2025-10-01,22.14,1.014,18,G1_senior,2.5,97.0,50.907,3.421,0.914,0,0.016,0,NONE,train
RUN-001983,WO-000992,P03,L05,MCH-028,PRD-044,2025-10-02,17.54,0.8888,2.9,G3_junior,4.1,88.0,56.639,4.008,0.766,0.0284,0.024,0,DIMENSION,train
RUN-001984,WO-000992,P03,L05,MCH-025,PRD-044,2025-10-02,16.3,1.0377,0,G0_unknown,4.1,88.0,57.619,3.701,0.827,0.0008,0.05,0,CONTAMINATION,train
RUN-001985,WO-000993,P03,L05,MCH-026,PRD-007,2025-10-02,18.61,0.8256,11.2,G1_senior,3.9,88.0,58.293,3.388,1.067,0.0627,0.02,0,DIMENSION,train
RUN-001986,WO-000993,P03,L05,MCH-029,PRD-007,2025-10-02,16.44,0.9641,2.8,G3_junior,3.9,88.0,53.156,3.171,0.821,0.0218,0.0,0,NONE,train
RUN-001987,WO-000994,P03,L05,MCH-028,PRD-009,2025-10-02,22.16,1.0999,2.8,G3_junior,5.0,76.8,56.639,4.008,0.741,0.0516,0.07,1,CONTAMINATION,train
RUN-001988,WO-000994,P03,L05,MCH-029,PRD-009,2025-10-02,23.13,1.0757,11.8,G1_senior,5.0,76.8,53.156,3.171,0.673,0.033,0.05,0,SCRATCH,train
RUN-001989,WO-000995,P03,L06,MCH-036,PRD-051,2025-10-02,28.89,0.8703,11.5,G1_senior,6.9,96.1,67.747,7.315,1.09,0.0358,0.03,0,SOLDER_VOID,train
RUN-001990,WO-000995,P03,L06,MCH-034,PRD-051,2025-10-02,31.29,0.8774,1.4,G3_junior,6.9,96.1,51.594,2.641,1.041,0.0496,0.05,0,CONTAMINATION,train
RUN-001991,WO-000996,P03,L06,MCH-033,PRD-022,2025-10-02,29.08,1.0372,0.8,G3_junior,4.3,85.8,56.111,3.201,0.783,0.0093,0.05,0,CONTAMINATION,train
RUN-001992,WO-000996,P03,L06,MCH-034,PRD-022,2025-10-02,31.14,0.9442,11.5,G1_senior,4.3,85.8,51.594,2.641,1.085,0.0544,0.016,0,MISSING_PART,train
RUN-001993,WO-000997,P03,L06,MCH-033,PRD-051,2025-10-02,19.44,1.0602,8.2,G1_senior,6.9,96.1,56.111,3.201,0.678,0.0721,0.04,0,SOLDER_VOID,train
RUN-001994,WO-000997,P03,L06,MCH-034,PRD-051,2025-10-02,16.14,1.0982,2.3,G3_junior,6.9,96.1,51.594,2.641,1.018,0.0546,0.0375,0,SURFACE_DENT,train
RUN-002019,WO-001010,P03,L05,MCH-030,PRD-045,2025-10-03,26.35,1.0922,7.2,G2_mid,2.5,97.0,51.955,3.349,0.851,0.0481,0.01,0,MISSING_PART,train
RUN-002020,WO-001010,P03,L05,MCH-027,PRD-045,2025-10-03,22.54,1.1031,3.3,G2_mid,2.5,97.0,52.897,3.05,0.753,0.023,0.0,0,NONE,train
RUN-002021,WO-001011,P03,L05,MCH-028,PRD-045,2025-10-03,14.72,0.8781,2.9,G3_junior,2.5,97.0,56.217,3.319,0.795,0,0.0,0,NONE,train
RUN-002022,WO-001011,P03,L05,MCH-027,PRD-045,2025-10-03,8.42,0.9187,11.8,G1_senior,2.5,97.0,52.897,3.05,0.633,0,0.0,0,NONE,train
RUN-002023,WO-001012,P03,L05,MCH-029,PRD-075,2025-10-03,25.91,0.9025,2.0,G3_junior,6.8,96.3,52.389,2.948,0.955,0.1036,0.065,1,SCRATCH,train
RUN-002024,WO-001012,P03,L05,MCH-030,PRD-075,2025-10-03,25.5,1.0616,2.3,G3_junior,6.8,96.3,51.955,3.349,0.749,0.0295,0.032,0,CONTAMINATION,train
RUN-002025,WO-001013,P03,L06,MCH-033,PRD-014,2025-10-03,25.71,1.1241,0.5,G3_junior,5.0,85.8,55.994,3.2,0.951,0.1546,0.08,1,CONTAMINATION,train
RUN-002026,WO-001013,P03,L06,MCH-036,PRD-014,2025-10-03,25.06,0.9856,3.2,G2_mid,5.0,85.8,72.384,17.093,0.806,0.032,0.025,0,CONTAMINATION,train
RUN-002027,WO-001014,P03,L06,MCH-031,PRD-004,2025-10-03,25.81,1.1303,0.2,G3_junior,3.9,95.9,54.092,3.439,0.847,0.0607,0.025,0,SURFACE_DENT,train
RUN-002028,WO-001014,P03,L06,MCH-036,PRD-004,2025-10-03,25.21,0.9093,4.8,G2_mid,3.9,95.9,72.384,17.093,0.877,0,0.0,0,NONE,train
RUN-002029,WO-001015,P03,L06,MCH-034,PRD-014,2025-10-03,27.08,0.9897,0.2,G3_junior,5.0,85.8,51.038,2.706,1.068,0.0489,0.04,0,DIMENSION,train
RUN-002030,WO-001015,P03,L06,MCH-033,PRD-014,2025-10-03,19.9,1.035,0.2,G3_junior,5.0,85.8,55.994,3.2,0.757,0.0328,0.048,0,DIMENSION,train
RUN-002037,WO-001019,P03,L05,MCH-028,PRD-013,2025-10-04,17.08,0.8382,1.0,G3_junior,4.9,95.9,50.851,3.448,0.688,0.0641,0.056,1,SOLDER_VOID,train
RUN-002038,WO-001019,P03,L05,MCH-026,PRD-013,2025-10-04,12.12,1.1137,2.1,G3_junior,4.9,95.9,49.816,3.732,0.992,0.0107,0.024,0,SURFACE_DENT,train
RUN-002039,WO-001020,P03,L05,MCH-029,PRD-007,2025-10-04,29.45,0.8889,1.0,G3_junior,3.9,88.0,48.926,3.26,0.847,0.0412,0.06,1,CONTAMINATION,train
RUN-002040,WO-001020,P03,L05,MCH-027,PRD-007,2025-10-04,28.19,0.8511,3.0,G3_junior,3.9,88.0,46.225,2.734,0.658,0.0334,0.04,0,CONTAMINATION,train
RUN-002041,WO-001021,P03,L05,MCH-029,PRD-054,2025-10-04,35.63,1.0702,6.1,G2_mid,6.3,71.4,48.926,3.26,1.007,0.111,0.1,1,SURFACE_DENT,train
RUN-002042,WO-001021,P03,L05,MCH-027,PRD-054,2025-10-04,36.72,1.1785,0,G0_unknown,6.3,71.4,46.225,2.734,0.823,0.1184,0.12,1,MISSING_PART,train
RUN-002061,WO-001031,P03,L05,MCH-029,PRD-002,2025-10-05,25.42,0.9851,2.3,G3_junior,5.3,88.0,47.831,3.213,0.697,0.0726,0.07,1,NONE,train
RUN-002062,WO-001031,P03,L05,MCH-025,PRD-002,2025-10-05,32.0,1.1531,1.2,G3_junior,5.3,88.0,51.867,3.656,0.85,0.0576,0.056,1,SOLDER_VOID,train
RUN-002063,WO-001032,P03,L05,MCH-025,PRD-002,2025-10-05,19.78,0.9284,0,G0_unknown,5.3,88.0,51.867,3.656,0.989,0.0282,0.02,0,SOLDER_VOID,train
RUN-002064,WO-001032,P03,L05,MCH-028,PRD-002,2025-10-05,24.48,0.8653,11.5,G1_senior,5.3,88.0,48.374,3.189,0.807,0.0263,0.024,0,MISSING_PART,train
RUN-002065,WO-001033,P03,L06,MCH-031,PRD-010,2025-10-05,32.41,1.1172,1.0,G3_junior,6.9,97.0,51.282,3.554,0.827,0.0178,0.032,0,DIMENSION,train
RUN-002066,WO-001033,P03,L06,MCH-035,PRD-010,2025-10-05,35.0,1.0611,2.3,G3_junior,6.9,97.0,48.853,2.952,1.034,0.0195,0.03,0,SOLDER_VOID,train
RUN-002067,WO-001034,P03,L06,MCH-035,PRD-010,2025-10-05,28.1,0.8631,2.0,G3_junior,6.9,97.0,48.853,2.952,1.085,0.1139,0.04,0,CONTAMINATION,train
RUN-002068,WO-001034,P03,L06,MCH-034,PRD-010,2025-10-05,34.02,0.9054,5.8,G2_mid,6.9,97.0,45.097,2.766,0.787,0.0,0.025,0,SURFACE_DENT,train
RUN-002093,WO-001047,P03,L05,MCH-029,PRD-056,2025-10-06,24.48,0.976,0.2,G3_junior,4.3,97.0,52.479,3.156,0.636,0.0193,0.0375,0,SOLDER_VOID,train
RUN-002094,WO-001047,P03,L05,MCH-025,PRD-056,2025-10-06,22.06,0.9413,3.4,G2_mid,4.3,97.0,54.835,3.425,0.947,0.0601,0.04,0,SURFACE_DENT,train
RUN-002095,WO-001048,P03,L05,MCH-028,PRD-056,2025-10-06,35.75,0.9244,0.6,G3_junior,4.3,97.0,53.645,3.753,0.822,0,0.008,0,DIMENSION,train
RUN-002096,WO-001048,P03,L05,MCH-025,PRD-056,2025-10-06,32.9,0.9993,15.7,G1_senior,4.3,97.0,54.835,3.425,0.97,0,0.0,0,NONE,train
RUN-002097,WO-001049,P03,L05,MCH-028,PRD-056,2025-10-06,17.02,0.9293,0.2,G3_junior,4.3,97.0,53.645,3.753,0.783,0,0.02,0,SOLDER_VOID,train
RUN-002098,WO-001049,P03,L05,MCH-027,PRD-056,2025-10-06,13.62,0.8353,11.8,G1_senior,4.3,97.0,50.709,3.239,0.996,0,0.0,0,NONE,train
RUN-002099,WO-001050,P03,L06,MCH-033,PRD-078,2025-10-06,33.76,1.1425,1.4,G3_junior,4.6,84.7,56.329,3.753,0.995,0,0.03,0,DIMENSION,train
RUN-002100,WO-001050,P03,L06,MCH-035,PRD-078,2025-10-06,33.45,0.9574,0.2,G3_junior,4.6,84.7,52.104,3.276,0.717,0.0678,0.04,0,SCRATCH,train
RUN-002101,WO-001051,P03,L06,MCH-036,PRD-078,2025-10-06,23.97,1.0508,12.8,G1_senior,4.6,84.7,55.965,3.347,0.661,0.0355,0.016,0,SURFACE_DENT,train
RUN-002102,WO-001051,P03,L06,MCH-033,PRD-078,2025-10-06,28.55,1.0893,0.2,G3_junior,4.6,84.7,56.329,3.753,0.682,0.0852,0.0375,0,SCRATCH,train
RUN-002103,WO-001052,P03,L06,MCH-034,PRD-078,2025-10-06,22.49,0.8616,14.6,G1_senior,4.6,84.7,50.755,2.764,0.657,0.0161,0.024,0,DIMENSION,train
RUN-002104,WO-001052,P03,L06,MCH-036,PRD-078,2025-10-06,27.78,1.154,2.3,G3_junior,4.6,84.7,55.965,3.347,0.834,0.0815,0.072,1,SURFACE_DENT,train
RUN-002129,WO-001065,P03,L05,MCH-027,PRD-010,2025-10-07,17.89,1.1064,0.7,G3_junior,6.9,97.0,51.819,3.319,0.979,0.0256,0.04,0,MISSING_PART,train
RUN-002130,WO-001065,P03,L05,MCH-029,PRD-010,2025-10-07,19.85,0.9961,2.0,G3_junior,6.9,97.0,51.57,3.152,0.983,0.0566,0.048,0,MISSING_PART,train
RUN-002131,WO-001066,P03,L05,MCH-027,PRD-031,2025-10-07,33.43,1.0289,0.2,G3_junior,7.0,95.9,51.819,3.319,0.795,0.0505,0.04,0,SOLDER_VOID,train
RUN-002132,WO-001066,P03,L05,MCH-026,PRD-031,2025-10-07,30.02,0.8871,1.7,G3_junior,7.0,95.9,54.706,3.448,0.626,0.0447,0.05,0,MISSING_PART,train
RUN-002133,WO-001067,P03,L05,MCH-025,PRD-015,2025-10-07,28.98,1.0669,7.2,G2_mid,8.8,92.1,53.464,3.142,0.761,0.0912,0.08,1,CONTAMINATION,train
RUN-002134,WO-001067,P03,L05,MCH-026,PRD-015,2025-10-07,22.88,1.0176,1.0,G3_junior,8.8,92.1,54.706,3.448,0.699,0.0972,0.0875,1,SOLDER_VOID,train
RUN-002135,WO-001068,P03,L06,MCH-032,PRD-034,2025-10-07,20.31,1.0282,2.9,G3_junior,2.6,96.1,52.226,3.518,0.831,0.0397,0.0,0,NONE,train
RUN-002136,WO-001068,P03,L06,MCH-031,PRD-034,2025-10-07,16.18,1.0286,1.0,G3_junior,2.6,96.1,55.272,3.605,1.069,0,0.0,0,NONE,train
RUN-002137,WO-001069,P03,L06,MCH-034,PRD-034,2025-10-07,20.43,1.1699,7.0,G2_mid,2.6,96.1,50.662,2.739,0.778,0,0.0,0,NONE,train
RUN-002138,WO-001069,P03,L06,MCH-032,PRD-034,2025-10-07,24.52,1.0859,0.2,G3_junior,2.6,96.1,52.226,3.518,0.834,0.0059,0.04,0,DIMENSION,train
RUN-002139,WO-001070,P03,L06,MCH-033,PRD-061,2025-10-07,22.76,1.03,3.4,G2_mid,4.8,76.8,54.221,3.392,1.08,0.0622,0.04,0,MISSING_PART,train
RUN-002140,WO-001070,P03,L06,MCH-032,PRD-061,2025-10-07,27.01,1.1447,1.2,G3_junior,4.8,76.8,52.226,3.518,1.025,0.0878,0.0875,1,MISSING_PART,train
RUN-002165,WO-001083,P03,L05,MCH-025,PRD-006,2025-10-08,29.77,0.9223,2.3,G3_junior,7.3,92.1,52.36,3.848,0.783,0.0489,0.05,0,NONE,train
RUN-002166,WO-001083,P03,L05,MCH-027,PRD-006,2025-10-08,33.88,0.8432,7.6,G2_mid,7.3,92.1,52.286,3.177,0.849,0.0701,0.05,0,SURFACE_DENT,train
RUN-002167,WO-001084,P03,L05,MCH-028,PRD-006,2025-10-08,11.21,0.9907,7.2,G2_mid,7.3,92.1,53.655,3.082,0.791,0.0691,0.05,0,CONTAMINATION,train
RUN-002168,WO-001084,P03,L05,MCH-027,PRD-006,2025-10-08,18.54,1.1996,1.7,G3_junior,7.3,92.1,52.286,3.177,0.769,0.0636,0.08,1,MISSING_PART,train
RUN-002169,WO-001085,P03,L05,MCH-028,PRD-006,2025-10-08,31.91,1.1005,6.1,G2_mid,7.3,92.1,53.655,3.082,0.955,0.0709,0.0625,1,SURFACE_DENT,train
RUN-002170,WO-001085,P03,L05,MCH-027,PRD-006,2025-10-08,26.68,0.9843,0.7,G3_junior,7.3,92.1,52.286,3.177,0.807,0.0909,0.06,1,SCRATCH,train
RUN-002171,WO-001086,P03,L06,MCH-034,PRD-038,2025-10-08,25.1,0.9521,6.5,G2_mid,3.2,85.8,49.011,2.896,0.945,0.053,0.024,0,DIMENSION,train
RUN-002172,WO-001086,P03,L06,MCH-036,PRD-038,2025-10-08,26.84,0.8699,5.8,G2_mid,3.2,85.8,57.444,3.377,0.972,0,0.0125,0,SURFACE_DENT,train
RUN-002173,WO-001087,P03,L06,MCH-034,PRD-070,2025-10-08,24.09,0.9339,1.0,G3_junior,3.9,87.4,49.011,2.896,0.743,0.0317,0.02,0,SOLDER_VOID,train
RUN-002174,WO-001087,P03,L06,MCH-032,PRD-070,2025-10-08,23.7,1.0918,11.2,G1_senior,3.9,87.4,55.767,11.511,0.748,0,0.016,0,MISSING_PART,train
RUN-002175,WO-001088,P03,L06,MCH-036,PRD-009,2025-10-08,27.41,1.0946,12.8,G1_senior,5.0,76.8,57.444,3.377,1.007,0.0725,0.05,0,SURFACE_DENT,train
RUN-002176,WO-001088,P03,L06,MCH-032,PRD-009,2025-10-08,27.87,1.1457,2.3,G3_junior,5.0,76.8,55.767,11.511,0.661,0.1088,0.08,1,SOLDER_VOID,train
RUN-002201,WO-001101,P03,L05,MCH-030,PRD-010,2025-10-09,12.28,1.1232,9.4,G1_senior,6.9,97.0,53.395,3.257,0.863,0.059,0.03,0,SOLDER_VOID,train
RUN-002202,WO-001101,P03,L05,MCH-028,PRD-010,2025-10-09,13.43,1.0384,1.7,G3_junior,6.9,97.0,51.615,4.015,0.78,0.0416,0.05,0,DIMENSION,train
RUN-002203,WO-001102,P03,L05,MCH-030,PRD-010,2025-10-09,28.78,0.8749,0.8,G3_junior,6.9,97.0,53.395,3.257,1.054,0.0785,0.06,1,DIMENSION,train
RUN-002204,WO-001102,P03,L05,MCH-029,PRD-010,2025-10-09,26.26,0.864,11.5,G1_senior,6.9,97.0,52.023,3.126,0.932,0.0041,0.024,0,DIMENSION,train
RUN-002205,WO-001103,P03,L05,MCH-030,PRD-013,2025-10-09,26.35,1.09,0.2,G3_junior,4.9,95.9,53.395,3.257,0.812,0.031,0.04,0,SOLDER_VOID,train
RUN-002206,WO-001103,P03,L05,MCH-026,PRD-013,2025-10-09,25.9,0.845,0.2,G3_junior,4.9,95.9,52.678,3.417,0.95,0.0308,0.025,0,DIMENSION,train
RUN-002207,WO-001104,P03,L06,MCH-031,PRD-006,2025-10-09,20.26,1.0078,1.6,G3_junior,7.3,92.1,53.444,3.722,0.929,0.1028,0.07,1,SCRATCH,train
RUN-002208,WO-001104,P03,L06,MCH-035,PRD-006,2025-10-09,23.43,0.8574,3.3,G2_mid,7.3,92.1,51.89,3.314,0.895,0.0692,0.075,1,SCRATCH,train
RUN-002209,WO-001105,P03,L06,MCH-033,PRD-058,2025-10-09,43.14,0.8734,2.3,G3_junior,8.8,71.4,56.257,3.232,1.013,0.1258,0.135,1,SOLDER_VOID,train
RUN-002210,WO-001105,P03,L06,MCH-034,PRD-058,2025-10-09,39.93,1.024,0.7,G3_junior,8.8,71.4,51.88,3.118,1.092,0.1248,0.125,1,SURFACE_DENT,train
RUN-002211,WO-001106,P03,L06,MCH-033,PRD-034,2025-10-09,33.43,1.1556,1.2,G3_junior,2.6,96.1,56.257,3.232,1.084,0.0216,0.0,0,NONE,train
RUN-002212,WO-001106,P03,L06,MCH-031,PRD-034,2025-10-09,29.32,0.9852,0.2,G3_junior,2.6,96.1,53.444,3.722,0.767,0,0.0125,0,MISSING_PART,train
RUN-002237,WO-001119,P03,L05,MCH-027,PRD-029,2025-10-10,37.22,0.9551,15.7,G1_senior,6.6,87.0,52.888,2.711,0.647,0.039,0.025,0,SOLDER_VOID,train
RUN-002238,WO-001119,P03,L05,MCH-028,PRD-029,2025-10-10,39.02,0.8898,0.6,G3_junior,6.6,87.0,54.396,2.917,0.632,0.0833,0.0875,1,SOLDER_VOID,train
RUN-002239,WO-001120,P03,L05,MCH-028,PRD-029,2025-10-10,26.62,0.9544,11.8,G1_senior,6.6,87.0,54.396,2.917,0.775,0,0.008,0,SOLDER_VOID,train
RUN-002240,WO-001120,P03,L05,MCH-030,PRD-029,2025-10-10,22.85,0.8986,7.1,G2_mid,6.6,87.0,51.081,3.594,0.749,0.0267,0.025,0,CONTAMINATION,train
RUN-002241,WO-001121,P03,L05,MCH-029,PRD-029,2025-10-10,31.47,0.9041,7.6,G2_mid,6.6,87.0,52.373,3.44,0.628,0.0598,0.05,0,SOLDER_VOID,train
RUN-002242,WO-001121,P03,L05,MCH-026,PRD-029,2025-10-10,29.99,0.8789,3.4,G2_mid,6.6,87.0,57.562,6.718,1.044,0.0645,0.04,0,DIMENSION,train
RUN-002243,WO-001122,P03,L06,MCH-033,PRD-061,2025-10-10,22.68,1.051,2.7,G3_junior,4.8,76.8,54.442,3.571,1.029,0.0729,0.06,1,SURFACE_DENT,train
RUN-002244,WO-001122,P03,L06,MCH-036,PRD-061,2025-10-10,25.97,0.8612,2.3,G3_junior,4.8,76.8,54.637,3.735,1.088,0.0157,0.06,1,SURFACE_DENT,train
RUN-002245,WO-001123,P03,L06,MCH-032,PRD-003,2025-10-10,19.49,0.8662,2.2,G3_junior,4.8,95.9,54.155,3.05,0.955,0.0416,0.035,0,MISSING_PART,train
RUN-002246,WO-001123,P03,L06,MCH-036,PRD-003,2025-10-10,18.36,1.1414,0.4,G3_junior,4.8,95.9,54.637,3.735,0.783,0.0936,0.03,0,DIMENSION,train
RUN-002247,WO-001124,P03,L06,MCH-036,PRD-059,2025-10-10,45.65,0.9555,3.1,G2_mid,5.9,88.6,54.637,3.735,1.022,0.0138,0.025,0,SURFACE_DENT,train
RUN-002248,WO-001124,P03,L06,MCH-032,PRD-059,2025-10-10,46.95,0.8913,7.6,G2_mid,5.9,88.6,54.155,3.05,0.753,0.0752,0.05,0,SURFACE_DENT,train
RUN-002259,WO-001130,P03,L05,MCH-025,PRD-015,2025-10-11,27.1,1.0904,0.2,G3_junior,8.8,92.1,47.393,3.448,0.857,0.0876,0.08,1,DIMENSION,train
RUN-002260,WO-001130,P03,L05,MCH-028,PRD-015,2025-10-11,29.89,1.1088,7.6,G2_mid,8.8,92.1,50.213,3.336,0.858,0.091,0.075,1,SOLDER_VOID,train
RUN-002261,WO-001131,P03,L05,MCH-025,PRD-009,2025-10-11,32.84,0.9329,8.2,G1_senior,5.0,76.8,47.393,3.448,1.063,0.0683,0.04,0,SURFACE_DENT,train
RUN-002262,WO-001131,P03,L05,MCH-027,PRD-009,2025-10-11,30.88,1.0082,6.1,G2_mid,5.0,76.8,46.791,3.075,0.793,0.0589,0.06,1,DIMENSION,train
RUN-002263,WO-001132,P03,L06,MCH-031,PRD-013,2025-10-11,20.51,1.0102,2.8,G3_junior,4.9,95.9,51.325,3.755,0.914,0.0055,0.02,0,CONTAMINATION,train
RUN-002264,WO-001132,P03,L06,MCH-033,PRD-013,2025-10-11,16.57,1.1632,1.4,G3_junior,4.9,95.9,47.837,3.517,0.734,0.0433,0.035,0,SURFACE_DENT,train
RUN-002265,WO-001133,P03,L06,MCH-036,PRD-066,2025-10-11,33.88,1.0599,2.1,G3_junior,7.6,88.6,54.055,6.158,0.884,0.0414,0.06,1,MISSING_PART,train
RUN-002266,WO-001133,P03,L06,MCH-032,PRD-066,2025-10-11,34.55,0.8388,1.3,G3_junior,7.6,88.6,48.47,2.993,0.709,0.0861,0.08,1,DIMENSION,train
RUN-002279,WO-001140,P03,L05,MCH-026,PRD-015,2025-10-12,27.12,0.9353,1.2,G3_junior,8.8,92.1,51.539,3.641,1.02,0.1058,0.1,1,CONTAMINATION,train
RUN-002280,WO-001140,P03,L05,MCH-025,PRD-015,2025-10-12,25.38,1.0544,2.8,G3_junior,8.8,92.1,52.116,3.47,0.819,0.0415,0.06,1,MISSING_PART,train
RUN-002281,WO-001141,P03,L05,MCH-025,PRD-006,2025-10-12,36.24,0.8931,14.6,G1_senior,7.3,92.1,52.116,3.47,0.857,0.0336,0.024,0,SOLDER_VOID,train
RUN-002282,WO-001141,P03,L05,MCH-027,PRD-006,2025-10-12,35.78,1.0399,0.7,G3_junior,7.3,92.1,46.647,3.269,1.047,0.0699,0.05,0,SURFACE_DENT,train
RUN-002283,WO-001142,P03,L06,MCH-032,PRD-071,2025-10-12,34.51,1.0802,6.5,G2_mid,6.2,84.7,47.186,2.683,0.812,0.0265,0.04,0,CONTAMINATION,train
RUN-002284,WO-001142,P03,L06,MCH-034,PRD-071,2025-10-12,30.41,0.9057,0.7,G3_junior,6.2,84.7,44.254,2.823,0.838,0.0753,0.08,1,SURFACE_DENT,train
RUN-002285,WO-001143,P03,L06,MCH-033,PRD-022,2025-10-12,19.67,0.9744,0.7,G3_junior,4.3,85.8,48.768,3.691,0.678,0,0.035,0,DIMENSION,train
RUN-002286,WO-001143,P03,L06,MCH-031,PRD-022,2025-10-12,20.76,0.8378,2.3,G3_junior,4.3,85.8,51.102,3.044,0.812,0.0762,0.025,0,MISSING_PART,train
RUN-002311,WO-001156,P03,L05,MCH-029,PRD-077,2025-10-13,25.24,0.9264,0.4,G3_junior,1.7,96.1,55.541,2.927,0.631,0.0887,0.0125,0,SCRATCH,train
RUN-002312,WO-001156,P03,L05,MCH-026,PRD-077,2025-10-13,21.73,0.8609,15.7,G1_senior,1.7,96.1,54.904,3.827,0.998,0.0292,0.01,0,MISSING_PART,train
RUN-002313,WO-001157,P03,L05,MCH-026,PRD-077,2025-10-13,14.84,0.9882,1.0,G3_junior,1.7,96.1,54.904,3.827,1.068,0.0731,0.01,0,DIMENSION,train
RUN-002314,WO-001157,P03,L05,MCH-028,PRD-077,2025-10-13,12.38,0.8323,0.5,G3_junior,1.7,96.1,54.362,3.374,0.967,0.0323,0.02,0,MISSING_PART,train
RUN-002315,WO-001158,P03,L05,MCH-029,PRD-077,2025-10-13,6.59,0.9495,0.7,G3_junior,1.7,96.1,55.541,2.927,0.674,0,0.0,0,NONE,train
RUN-002316,WO-001158,P03,L05,MCH-030,PRD-077,2025-10-13,10.18,0.8705,1.4,G3_junior,1.7,96.1,61.845,5.301,0.861,0.0642,0.02,0,NONE,train
RUN-002317,WO-001159,P03,L06,MCH-031,PRD-069,2025-10-13,45.34,0.9721,1.0,G3_junior,10,88.6,56.205,3.451,0.919,0.0718,0.12,1,MISSING_PART,train
RUN-002318,WO-001159,P03,L06,MCH-032,PRD-069,2025-10-13,39.06,1.0812,1.3,G3_junior,10,88.6,52.31,3.017,0.727,0.077,0.1125,1,DIMENSION,train
RUN-002319,WO-001160,P03,L06,MCH-031,PRD-078,2025-10-13,20.05,0.9361,0.2,G3_junior,4.6,84.7,56.205,3.451,0.773,0.0681,0.04,0,SOLDER_VOID,train
RUN-002320,WO-001160,P03,L06,MCH-035,PRD-078,2025-10-13,18.16,1.2236,12.8,G1_senior,4.6,84.7,52.681,3.041,0.952,0.0346,0.01,0,SCRATCH,train
RUN-002321,WO-001161,P03,L06,MCH-034,PRD-034,2025-10-13,12.54,1.0716,2.0,G3_junior,2.6,96.1,48.41,2.454,1.072,0.0194,0.032,0,DIMENSION,train
RUN-002322,WO-001161,P03,L06,MCH-031,PRD-034,2025-10-13,13.43,0.937,0.2,G3_junior,2.6,96.1,56.205,3.451,0.684,0,0.0,0,NONE,train
RUN-002347,WO-001174,P03,L05,MCH-029,PRD-010,2025-10-14,17.67,0.8936,5.8,G2_mid,6.9,97.0,53.158,3.013,0.66,0.0457,0.04,0,DIMENSION,train
RUN-002348,WO-001174,P03,L05,MCH-028,PRD-010,2025-10-14,18.02,1.1241,2.3,G3_junior,6.9,97.0,51.686,3.933,1.032,0.061,0.048,0,MISSING_PART,train
RUN-002349,WO-001175,P03,L05,MCH-027,PRD-015,2025-10-14,14.74,1.0853,0.8,G3_junior,8.8,92.1,52.164,2.597,0.795,0.0838,0.1,1,NONE,train
RUN-002350,WO-001175,P03,L05,MCH-026,PRD-015,2025-10-14,15.15,1.1522,7.0,G2_mid,8.8,92.1,54.02,3.22,1.06,0.0655,0.0875,1,SURFACE_DENT,train
RUN-002351,WO-001176,P03,L05,MCH-028,PRD-007,2025-10-14,23.08,1.1249,0,G0_unknown,3.9,88.0,51.686,3.933,0.843,0,0.005,0,SURFACE_DENT,train
RUN-002352,WO-001176,P03,L05,MCH-025,PRD-007,2025-10-14,25.83,1.0662,0.7,G3_junior,3.9,88.0,55.904,3.384,0.872,0.0271,0.04,0,NONE,train
RUN-002353,WO-001177,P03,L06,MCH-036,PRD-004,2025-10-14,27.66,0.9796,2.8,G3_junior,3.9,95.9,51.221,3.022,0.788,0.0236,0.025,0,SCRATCH,train
RUN-002354,WO-001177,P03,L06,MCH-034,PRD-004,2025-10-14,24.48,1.1291,5.8,G2_mid,3.9,95.9,54.073,2.792,0.963,0.0136,0.008,0,SCRATCH,train
RUN-002355,WO-001178,P03,L06,MCH-036,PRD-004,2025-10-14,17.51,1.1033,1.4,G3_junior,3.9,95.9,51.221,3.022,0.651,0.0495,0.02,0,SCRATCH,train
RUN-002356,WO-001178,P03,L06,MCH-035,PRD-004,2025-10-14,21.36,0.8246,6.5,G2_mid,3.9,95.9,49.201,3.17,0.828,0.0258,0.0,0,NONE,train
RUN-002357,WO-001179,P03,L06,MCH-036,PRD-004,2025-10-14,16.92,1.1255,0.2,G3_junior,3.9,95.9,51.221,3.022,0.843,0.0161,0.008,0,CONTAMINATION,train
RUN-002358,WO-001179,P03,L06,MCH-034,PRD-004,2025-10-14,13.0,1.2174,4.6,G2_mid,3.9,95.9,54.073,2.792,0.723,0.0063,0.02,0,MISSING_PART,train
RUN-002383,WO-001192,P03,L05,MCH-025,PRD-056,2025-10-15,25.0,0.8905,8.2,G1_senior,4.3,97.0,53.124,2.832,0.727,0.0032,0.035,0,DIMENSION,train
RUN-002384,WO-001192,P03,L05,MCH-026,PRD-056,2025-10-15,23.79,0.9187,11.2,G1_senior,4.3,97.0,54.437,3.423,0.686,0,0.02,0,NONE,train
RUN-002385,WO-001193,P03,L05,MCH-028,PRD-056,2025-10-15,17.33,0.858,2.3,G3_junior,4.3,97.0,52.542,3.21,0.721,0.0079,0.02,0,SCRATCH,train
RUN-002386,WO-001193,P03,L05,MCH-030,PRD-056,2025-10-15,20.28,1.1187,3.4,G2_mid,4.3,97.0,62.449,6.188,0.86,0,0.008,0,CONTAMINATION,train
RUN-002387,WO-001194,P03,L05,MCH-030,PRD-056,2025-10-15,22.17,0.8205,2.0,G3_junior,4.3,97.0,62.449,6.188,1.077,0,0.01,0,NONE,train
RUN-002388,WO-001194,P03,L05,MCH-025,PRD-056,2025-10-15,25.07,1.0954,2.8,G3_junior,4.3,97.0,53.124,2.832,1.009,0,0.0,0,NONE,train
RUN-002389,WO-001195,P03,L06,MCH-031,PRD-010,2025-10-15,50.85,0.869,2.8,G3_junior,6.9,97.0,54.851,3.375,0.668,0.0513,0.02,0,DIMENSION,train
RUN-002390,WO-001195,P03,L06,MCH-034,PRD-010,2025-10-15,45.97,0.9872,1.7,G3_junior,6.9,97.0,48.781,2.782,1.048,0.0692,0.064,1,DIMENSION,train
RUN-002391,WO-001196,P03,L06,MCH-034,PRD-010,2025-10-15,25.02,1.134,15.7,G1_senior,6.9,97.0,48.781,2.782,0.774,0.0152,0.016,0,DIMENSION,train
RUN-002392,WO-001196,P03,L06,MCH-031,PRD-010,2025-10-15,23.25,1.1044,3.2,G2_mid,6.9,97.0,54.851,3.375,0.711,0.0261,0.02,0,DIMENSION,train
RUN-002393,WO-001197,P03,L06,MCH-031,PRD-056,2025-10-15,31.53,1.0028,1.2,G3_junior,4.3,97.0,54.851,3.375,0.68,0,0.01,0,CONTAMINATION,train
RUN-002394,WO-001197,P03,L06,MCH-036,PRD-056,2025-10-15,32.14,0.9993,4.7,G2_mid,4.3,97.0,51.102,3.828,0.689,0.0778,0.0,0,NONE,train
RUN-002419,WO-001210,P03,L05,MCH-028,PRD-025,2025-10-16,25.12,1.1564,6.1,G2_mid,3.5,87.0,53.713,3.225,0.949,0.0892,0.04,0,MISSING_PART,train
RUN-002420,WO-001210,P03,L05,MCH-026,PRD-025,2025-10-16,25.74,1.1285,1.0,G3_junior,3.5,87.0,51.384,11.053,0.919,0.0247,0.025,0,SURFACE_DENT,train
RUN-002421,WO-001211,P03,L05,MCH-030,PRD-033,2025-10-16,25.4,1.0827,1.0,G3_junior,4.7,88.0,68.633,6.783,0.748,0.0545,0.0375,0,SURFACE_DENT,train
RUN-002422,WO-001211,P03,L05,MCH-026,PRD-033,2025-10-16,21.39,1.1512,1.7,G3_junior,4.7,88.0,51.384,11.053,0.723,0.0504,0.04,0,SCRATCH,train
RUN-002423,WO-001212,P03,L05,MCH-028,PRD-054,2025-10-16,34.5,0.8364,2.3,G3_junior,6.3,71.4,53.713,3.225,0.736,0.0483,0.09,1,SOLDER_VOID,train
RUN-002424,WO-001212,P03,L05,MCH-026,PRD-054,2025-10-16,36.01,0.9835,6.5,G2_mid,6.3,71.4,51.384,11.053,0.739,0.0809,0.0875,1,DIMENSION,train
RUN-002425,WO-001213,P03,L06,MCH-033,PRD-062,2025-10-16,31.63,1.0103,2.3,G3_junior,6.8,71.4,56.098,5.056,1.022,0.1206,0.1125,1,SURFACE_DENT,train
RUN-002426,WO-001213,P03,L06,MCH-031,PRD-062,2025-10-16,33.13,1.0216,6.1,G2_mid,6.8,71.4,57.631,3.436,1.023,0.0925,0.0875,1,NONE,train
RUN-002427,WO-001214,P03,L06,MCH-033,PRD-037,2025-10-16,32.45,0.8527,1.7,G3_junior,4.2,88.0,56.098,5.056,0.789,0.029,0.055,1,DIMENSION,train
RUN-002428,WO-001214,P03,L06,MCH-031,PRD-037,2025-10-16,33.03,0.9098,0,G0_unknown,4.2,88.0,57.631,3.436,0.873,0.0438,0.04,0,SOLDER_VOID,train
RUN-002429,WO-001215,P03,L06,MCH-034,PRD-037,2025-10-16,30.87,1.0754,2.3,G3_junior,4.2,88.0,48.606,3.304,0.8,0.0787,0.05,0,NONE,train
RUN-002430,WO-001215,P03,L06,MCH-033,PRD-037,2025-10-16,29.5,0.8949,2.9,G3_junior,4.2,88.0,56.098,5.056,1.028,0.0551,0.025,0,SURFACE_DENT,train
RUN-002455,WO-001228,P03,L05,MCH-027,PRD-062,2025-10-17,32.78,0.8536,2.8,G3_junior,6.8,71.4,53.114,6.898,0.917,0.1443,0.11,1,CONTAMINATION,train
RUN-002456,WO-001228,P03,L05,MCH-030,PRD-062,2025-10-17,34.59,1.1227,4.7,G2_mid,6.8,71.4,69.317,7.214,0.649,0.0919,0.112,1,NONE,train
RUN-002457,WO-001229,P03,L05,MCH-026,PRD-062,2025-10-17,32.84,1.099,1.0,G3_junior,6.8,71.4,55.119,3.261,0.857,0.1495,0.14,1,SURFACE_DENT,train
RUN-002458,WO-001229,P03,L05,MCH-025,PRD-062,2025-10-17,29.61,0.9619,8.2,G1_senior,6.8,71.4,49.775,3.122,0.976,0.1222,0.08,1,DIMENSION,train
RUN-002459,WO-001230,P03,L05,MCH-025,PRD-055,2025-10-17,20.26,1.1755,1.2,G3_junior,4.8,87.4,49.775,3.122,0.978,0.0635,0.048,0,SCRATCH,train
RUN-002460,WO-001230,P03,L05,MCH-028,PRD-055,2025-10-17,21.67,0.8632,2.3,G3_junior,4.8,87.4,54.195,3.241,0.877,0.0309,0.04,0,SURFACE_DENT,train
RUN-002461,WO-001231,P03,L06,MCH-034,PRD-014,2025-10-17,24.32,0.9211,0.7,G3_junior,5.0,85.8,51.52,2.678,0.863,0.0426,0.045,0,CONTAMINATION,train
RUN-002462,WO-001231,P03,L06,MCH-033,PRD-014,2025-10-17,23.03,1.0631,5.8,G2_mid,5.0,85.8,60.352,5.05,1.053,0.0318,0.025,0,SCRATCH,train
RUN-002463,WO-001232,P03,L06,MCH-033,PRD-014,2025-10-17,24.15,0.9719,0.2,G3_junior,5.0,85.8,60.352,5.05,0.851,0.0312,0.05,0,SOLDER_VOID,train
RUN-002464,WO-001232,P03,L06,MCH-032,PRD-014,2025-10-17,22.4,1.1674,0.2,G3_junior,5.0,85.8,51.472,3.015,0.664,0.0302,0.045,0,CONTAMINATION,train
RUN-002465,WO-001233,P03,L06,MCH-035,PRD-014,2025-10-17,41.07,1.1543,1.3,G3_junior,5.0,85.8,50.941,3.202,0.93,0.0652,0.04,0,DIMENSION,train
RUN-002466,WO-001233,P03,L06,MCH-031,PRD-014,2025-10-17,34.16,1.1571,2.9,G3_junior,5.0,85.8,56.295,3.496,0.832,0.0597,0.045,0,SURFACE_DENT,train
RUN-002481,WO-001241,P03,L05,MCH-025,PRD-073,2025-10-18,22.11,0.8493,0.2,G3_junior,3.4,87.4,52.77,3.391,0.855,0.0452,0.016,0,SURFACE_DENT,train
RUN-002482,WO-001241,P03,L05,MCH-030,PRD-073,2025-10-18,16.22,1.148,1.8,G3_junior,3.4,87.4,67.854,7.615,0.738,0.0262,0.0375,0,DIMENSION,train
RUN-002483,WO-001242,P03,L05,MCH-025,PRD-073,2025-10-18,21.13,0.9353,3.3,G2_mid,3.4,87.4,52.77,3.391,0.876,0,0.04,0,DIMENSION,train
RUN-002484,WO-001242,P03,L05,MCH-028,PRD-073,2025-10-18,21.92,1.0533,7.2,G2_mid,3.4,87.4,49.236,3.442,0.72,0,0.016,0,MISSING_PART,train
RUN-002485,WO-001243,P03,L05,MCH-029,PRD-073,2025-10-18,15.76,1.0447,0.2,G3_junior,3.4,87.4,46.501,2.842,0.97,0.0349,0.04,0,SURFACE_DENT,train
RUN-002486,WO-001243,P03,L05,MCH-027,PRD-073,2025-10-18,18.2,0.842,0,G0_unknown,3.4,87.4,47.321,3.284,0.879,0.0015,0.02,0,CONTAMINATION,train
RUN-002487,WO-001244,P03,L06,MCH-032,PRD-035,2025-10-18,28.08,0.8432,0.2,G3_junior,4.3,84.7,49.764,2.998,0.941,0.0914,0.048,0,SCRATCH,train
RUN-002488,WO-001244,P03,L06,MCH-035,PRD-035,2025-10-18,25.53,1.0277,3.2,G2_mid,4.3,84.7,44.955,3.068,0.725,0.015,0.048,0,DIMENSION,train
RUN-002489,WO-001245,P03,L06,MCH-032,PRD-035,2025-10-18,3.93,0.8936,3.1,G2_mid,4.3,84.7,49.764,2.998,0.732,0.0353,0.035,0,SURFACE_DENT,train
RUN-002490,WO-001245,P03,L06,MCH-031,PRD-035,2025-10-18,6.47,0.9293,7.6,G2_mid,4.3,84.7,49.866,3.796,1.075,0.0189,0.02,0,MISSING_PART,train
RUN-002507,WO-001254,P03,L05,MCH-030,PRD-052,2025-10-19,25.0,0.9197,2.2,G3_junior,7.2,82.7,48.135,3.059,0.686,0.129,0.08,1,DIMENSION,train
RUN-002508,WO-001254,P03,L05,MCH-026,PRD-052,2025-10-19,25.38,1.0811,11.8,G1_senior,7.2,82.7,48.687,3.247,0.811,0.0618,0.056,1,SURFACE_DENT,train
RUN-002509,WO-001255,P03,L05,MCH-026,PRD-021,2025-10-19,24.93,1.0828,3.0,G3_junior,3.0,95.9,48.687,3.247,0.914,0,0.02,0,SURFACE_DENT,train
RUN-002510,WO-001255,P03,L05,MCH-029,PRD-021,2025-10-19,31.07,0.8668,1.0,G3_junior,3.0,95.9,48.993,2.758,0.824,0.0074,0.0,0,NONE,train
RUN-002511,WO-001256,P03,L05,MCH-027,PRD-020,2025-10-19,32.09,0.9229,0.2,G3_junior,7.8,84.7,48.41,3.146,0.753,0.1505,0.1,1,SURFACE_DENT,train
RUN-002512,WO-001256,P03,L05,MCH-029,PRD-020,2025-10-19,33.13,1.0193,7.6,G2_mid,7.8,84.7,48.993,2.758,1.087,0.1038,0.08,1,SOLDER_VOID,train
RUN-002513,WO-001257,P03,L06,MCH-035,PRD-073,2025-10-19,9.17,0.98,11.5,G1_senior,3.4,87.4,47.773,3.09,0.761,0.0149,0.0,0,NONE,train
RUN-002514,WO-001257,P03,L06,MCH-032,PRD-073,2025-10-19,11.95,1.2267,11.5,G1_senior,3.4,87.4,49.078,3.178,0.725,0.0792,0.06,1,DIMENSION,train
RUN-002539,WO-001270,P03,L05,MCH-030,PRD-010,2025-10-20,32.55,0.9783,6.5,G2_mid,6.9,97.0,54.245,3.342,0.913,0,0.0125,0,SURFACE_DENT,train
RUN-002540,WO-001270,P03,L05,MCH-028,PRD-010,2025-10-20,29.43,0.8729,0,G0_unknown,6.9,97.0,53.825,3.523,0.746,0.0473,0.0625,1,SCRATCH,train
RUN-002541,WO-001271,P03,L05,MCH-029,PRD-050,2025-10-20,23.11,1.0425,1.0,G3_junior,5.5,88.6,50.517,3.562,0.653,0.0759,0.05,0,SCRATCH,train
RUN-002542,WO-001271,P03,L05,MCH-026,PRD-050,2025-10-20,17.97,0.9695,4.8,G2_mid,5.5,88.6,55.827,3.609,0.771,0.0177,0.03,0,MISSING_PART,train
RUN-002543,WO-001272,P03,L05,MCH-027,PRD-010,2025-10-20,24.94,1.1163,0,G0_unknown,6.9,97.0,51.442,3.392,0.67,0.0439,0.05,0,DIMENSION,train
RUN-002544,WO-001272,P03,L05,MCH-029,PRD-010,2025-10-20,27.75,1.1202,0.2,G3_junior,6.9,97.0,50.517,3.562,0.965,0.043,0.03,0,SCRATCH,train
RUN-002545,WO-001273,P03,L06,MCH-035,PRD-058,2025-10-20,26.68,0.9071,3.0,G3_junior,8.8,71.4,53.184,3.364,0.754,0.173,0.14,1,MISSING_PART,train
RUN-002546,WO-001273,P03,L06,MCH-036,PRD-058,2025-10-20,25.31,1.1098,10.6,G1_senior,8.8,71.4,57.063,3.058,1.091,0.1422,0.14,1,SOLDER_VOID,train
RUN-002547,WO-001274,P03,L06,MCH-036,PRD-058,2025-10-20,33.38,0.984,1.0,G3_junior,8.8,71.4,57.063,3.058,0.626,0.1182,0.12,1,NONE,train
RUN-002548,WO-001274,P03,L06,MCH-031,PRD-058,2025-10-20,35.62,1.1314,3.3,G2_mid,8.8,71.4,53.96,3.16,0.704,0.0844,0.1125,1,CONTAMINATION,train
RUN-002549,WO-001275,P03,L06,MCH-033,PRD-058,2025-10-20,27.51,1.1458,0.5,G3_junior,8.8,71.4,70.303,14.754,0.85,0.1675,0.175,1,SCRATCH,train
RUN-002550,WO-001275,P03,L06,MCH-031,PRD-058,2025-10-20,24.52,1.0753,15.7,G1_senior,8.8,71.4,53.96,3.16,0.931,0.0785,0.095,1,SOLDER_VOID,train
RUN-002575,WO-001288,P03,L05,MCH-026,PRD-021,2025-10-21,26.13,1.1431,3.3,G2_mid,3.0,95.9,53.245,3.267,0.892,0,0.025,0,DIMENSION,train
RUN-002576,WO-001288,P03,L05,MCH-030,PRD-021,2025-10-21,20.19,1.0875,0.6,G3_junior,3.0,95.9,55.487,3.219,1.074,0.0297,0.005,0,MISSING_PART,train
RUN-002577,WO-001289,P03,L05,MCH-029,PRD-021,2025-10-21,22.15,0.8741,0.2,G3_junior,3.0,95.9,53.721,3.286,0.767,0.0348,0.025,0,SOLDER_VOID,train
RUN-002578,WO-001289,P03,L05,MCH-026,PRD-021,2025-10-21,19.78,1.1677,2.7,G3_junior,3.0,95.9,53.245,3.267,0.783,0.0446,0.02,0,MISSING_PART,train
RUN-002579,WO-001290,P03,L05,MCH-025,PRD-021,2025-10-21,27.66,1.0013,9.4,G1_senior,3.0,95.9,54.486,3.301,0.96,0,0.0,0,NONE,train
RUN-002580,WO-001290,P03,L05,MCH-027,PRD-021,2025-10-21,29.67,0.9682,3.3,G2_mid,3.0,95.9,54.074,2.794,0.703,0,0.0,0,NONE,train
RUN-002581,WO-001291,P03,L06,MCH-033,PRD-034,2025-10-21,25.63,1.0554,1.4,G3_junior,2.6,96.1,70.738,7.796,0.828,0.0587,0.025,0,CONTAMINATION,train
RUN-002582,WO-001291,P03,L06,MCH-032,PRD-034,2025-10-21,27.8,1.1652,4.8,G2_mid,2.6,96.1,55.293,3.373,0.836,0.0292,0.0,0,NONE,train
RUN-002583,WO-001292,P03,L06,MCH-035,PRD-067,2025-10-21,20.1,0.8818,5.8,G2_mid,4.5,71.0,52.334,3.302,1.058,0.06,0.06,1,DIMENSION,train
RUN-002584,WO-001292,P03,L06,MCH-032,PRD-067,2025-10-21,19.58,1.1616,0,G0_unknown,4.5,71.0,55.293,3.373,0.691,0.164,0.0875,1,SURFACE_DENT,train
RUN-002585,WO-001293,P03,L06,MCH-035,PRD-034,2025-10-21,19.91,0.9747,2.3,G3_junior,2.6,96.1,52.334,3.302,0.65,0,0.0,0,NONE,train
RUN-002586,WO-001293,P03,L06,MCH-036,PRD-034,2025-10-21,14.1,1.0893,12.8,G1_senior,2.6,96.1,54.23,3.105,0.797,0.0615,0.03,0,SCRATCH,train
RUN-002611,WO-001306,P03,L05,MCH-030,PRD-009,2025-10-22,34.09,1.0418,2.2,G3_junior,5.0,76.8,53.801,2.924,1.022,0.0396,0.072,1,SCRATCH,train
RUN-002612,WO-001306,P03,L05,MCH-028,PRD-009,2025-10-22,29.9,0.9984,2.8,G3_junior,5.0,76.8,53.703,2.934,0.872,0.0548,0.075,1,SURFACE_DENT,train
RUN-002613,WO-001307,P03,L05,MCH-030,PRD-009,2025-10-22,20.34,1.0225,11.5,G1_senior,5.0,76.8,53.801,2.924,0.899,0.0757,0.05,0,DIMENSION,train
RUN-002614,WO-001307,P03,L05,MCH-026,PRD-009,2025-10-22,20.26,0.9239,4.6,G2_mid,5.0,76.8,55.392,3.724,1.043,0.0382,0.0625,1,SCRATCH,train
RUN-002615,WO-001308,P03,L05,MCH-028,PRD-009,2025-10-22,21.16,1.0336,3.2,G2_mid,5.0,76.8,53.703,2.934,0.864,0.1115,0.06,1,SURFACE_DENT,train
RUN-002616,WO-001308,P03,L05,MCH-027,PRD-009,2025-10-22,22.16,0.8211,0.5,G3_junior,5.0,76.8,52.511,3.158,0.816,0.0774,0.07,1,DIMENSION,train
RUN-002617,WO-001309,P03,L06,MCH-035,PRD-054,2025-10-22,33.64,0.9,8.9,G1_senior,6.3,71.4,51.494,2.836,0.676,0.0458,0.08,1,MISSING_PART,train
RUN-002618,WO-001309,P03,L06,MCH-031,PRD-054,2025-10-22,34.97,1.0942,18,G1_senior,6.3,71.4,55.691,3.373,1.023,0.0496,0.0625,1,NONE,train
RUN-002619,WO-001310,P03,L06,MCH-036,PRD-051,2025-10-22,35.61,0.9563,2.8,G3_junior,6.9,96.1,51.692,3.021,0.777,0.0009,0.048,0,NONE,train
RUN-002620,WO-001310,P03,L06,MCH-035,PRD-051,2025-10-22,29.45,0.8416,1.0,G3_junior,6.9,96.1,51.494,2.836,0.73,0.0381,0.032,0,SCRATCH,train
RUN-002621,WO-001311,P03,L06,MCH-035,PRD-054,2025-10-22,33.52,0.8917,14.6,G1_senior,6.3,71.4,51.494,2.836,1.027,0.0149,0.05,0,SOLDER_VOID,train
RUN-002622,WO-001311,P03,L06,MCH-033,PRD-054,2025-10-22,33.68,1.1752,2.3,G3_junior,6.3,71.4,72.623,8.043,0.959,0.0755,0.095,1,SCRATCH,train
RUN-002647,WO-001324,P03,L05,MCH-029,PRD-006,2025-10-23,27.05,1.1753,11.2,G1_senior,7.3,92.1,50.147,3.291,0.71,0.067,0.04,0,DIMENSION,train
RUN-002648,WO-001324,P03,L05,MCH-026,PRD-006,2025-10-23,31.6,0.8767,1.3,G3_junior,7.3,92.1,52.539,3.201,0.74,0.0744,0.09,1,DIMENSION,train
RUN-002649,WO-001325,P03,L05,MCH-030,PRD-006,2025-10-23,45.2,1.1354,14.6,G1_senior,7.3,92.1,54.148,3.434,0.92,0.06,0.056,1,CONTAMINATION,train
RUN-002650,WO-001325,P03,L05,MCH-028,PRD-006,2025-10-23,43.83,1.01,0.2,G3_junior,7.3,92.1,52.147,3.265,0.963,0.0498,0.04,0,DIMENSION,train
RUN-002651,WO-001326,P03,L05,MCH-027,PRD-008,2025-10-23,12.87,1.0284,2.0,G3_junior,3.4,84.5,50.939,3.15,0.881,0.0572,0.04,0,MISSING_PART,train
RUN-002652,WO-001326,P03,L05,MCH-025,PRD-008,2025-10-23,13.52,0.8217,2.0,G3_junior,3.4,84.5,55.693,3.711,0.754,0.0026,0.0,0,NONE,train
RUN-002653,WO-001327,P03,L06,MCH-036,PRD-064,2025-10-23,11.3,0.9704,11.8,G1_senior,4.9,89.9,55.798,3.379,0.937,0.0523,0.0,0,NONE,train
RUN-002654,WO-001327,P03,L06,MCH-031,PRD-064,2025-10-23,15.86,0.8603,0.6,G3_junior,4.9,89.9,55.881,3.591,1.014,0.0152,0.04,0,MISSING_PART,train
RUN-002655,WO-001328,P03,L06,MCH-032,PRD-038,2025-10-23,25.74,0.8663,8.9,G1_senior,3.2,85.8,53.798,3.02,1.095,0.0063,0.0,0,NONE,train
RUN-002656,WO-001328,P03,L06,MCH-036,PRD-038,2025-10-23,27.35,0.8368,6.1,G2_mid,3.2,85.8,55.798,3.379,1.044,0.0018,0.0125,0,MISSING_PART,train
RUN-002657,WO-001329,P03,L06,MCH-036,PRD-064,2025-10-23,23.02,1.0671,3.3,G2_mid,4.9,89.9,55.798,3.379,1.082,0.0242,0.04,0,SURFACE_DENT,train
RUN-002658,WO-001329,P03,L06,MCH-031,PRD-064,2025-10-23,22.36,1.1454,0.4,G3_junior,4.9,89.9,55.881,3.591,0.896,0.0377,0.05,0,MISSING_PART,train
RUN-002683,WO-001342,P03,L05,MCH-030,PRD-064,2025-10-24,18.43,1.052,2.9,G3_junior,4.9,89.9,52.02,3.144,0.669,0.0265,0.03,0,SOLDER_VOID,train
RUN-002684,WO-001342,P03,L05,MCH-025,PRD-064,2025-10-24,20.99,0.8672,7.2,G2_mid,4.9,89.9,55.555,3.455,0.912,0.0318,0.024,0,NONE,train
RUN-002685,WO-001343,P03,L05,MCH-025,PRD-073,2025-10-24,21.57,1.026,1.0,G3_junior,3.4,87.4,55.555,3.455,0.661,0.0497,0.032,0,SURFACE_DENT,train
RUN-002686,WO-001343,P03,L05,MCH-030,PRD-073,2025-10-24,26.77,1.1413,3.0,G3_junior,3.4,87.4,52.02,3.144,0.831,0.0389,0.035,0,CONTAMINATION,train
RUN-002687,WO-001344,P03,L05,MCH-030,PRD-073,2025-10-24,30.23,0.9933,1.4,G3_junior,3.4,87.4,52.02,3.144,0.761,0.0117,0.02,0,SCRATCH,train
RUN-002688,WO-001344,P03,L05,MCH-028,PRD-073,2025-10-24,32.33,0.8347,11.2,G1_senior,3.4,87.4,52.561,3.37,0.727,0.0249,0.0125,0,SOLDER_VOID,train
RUN-002689,WO-001345,P03,L06,MCH-036,PRD-073,2025-10-24,32.88,1.0407,0.2,G3_junior,3.4,87.4,54.975,3.107,1.053,0,0.02,0,DIMENSION,train
RUN-002690,WO-001345,P03,L06,MCH-034,PRD-073,2025-10-24,35.6,0.9927,14.6,G1_senior,3.4,87.4,51.302,5.75,1.003,0,0.0,0,NONE,train
RUN-002691,WO-001346,P03,L06,MCH-031,PRD-073,2025-10-24,16.82,0.9993,2.3,G3_junior,3.4,87.4,53.622,3.367,0.683,0.059,0.03,0,SURFACE_DENT,train
RUN-002692,WO-001346,P03,L06,MCH-032,PRD-073,2025-10-24,12.6,0.8993,2.9,G3_junior,3.4,87.4,53.191,3.639,0.854,0.004,0.0,0,NONE,train
RUN-002693,WO-001347,P03,L06,MCH-036,PRD-078,2025-10-24,25.89,0.9615,2.0,G3_junior,4.6,84.7,54.975,3.107,1.057,0.0571,0.05,0,SURFACE_DENT,train
RUN-002694,WO-001347,P03,L06,MCH-032,PRD-078,2025-10-24,22.49,0.9713,8.9,G1_senior,4.6,84.7,53.191,3.639,0.919,0.0303,0.02,0,SOLDER_VOID,train
RUN-002705,WO-001353,P03,L05,MCH-025,PRD-077,2025-10-25,12.74,0.9355,1.3,G3_junior,1.7,96.1,53.26,3.521,0.674,0,0.01,0,DIMENSION,train
RUN-002706,WO-001353,P03,L05,MCH-028,PRD-077,2025-10-25,14.22,1.1141,2.8,G3_junior,1.7,96.1,49.557,3.098,0.833,0,0.005,0,DIMENSION,train
RUN-002707,WO-001354,P03,L05,MCH-029,PRD-025,2025-10-25,21.61,1.1198,0.2,G3_junior,3.5,87.0,47.673,2.925,1.038,0.0549,0.055,1,SCRATCH,train
RUN-002708,WO-001354,P03,L05,MCH-026,PRD-025,2025-10-25,23.36,1.0751,0.2,G3_junior,3.5,87.0,50.526,3.217,0.779,0.0169,0.0375,0,SURFACE_DENT,train
RUN-002709,WO-001355,P03,L06,MCH-032,PRD-078,2025-10-25,31.19,0.9099,3.0,G3_junior,4.6,84.7,50.057,3.571,0.868,0,0.06,1,SOLDER_VOID,train
RUN-002710,WO-001355,P03,L06,MCH-031,PRD-078,2025-10-25,27.48,0.8403,3.0,G3_junior,4.6,84.7,53.871,3.738,0.73,0.0321,0.04,0,MISSING_PART,train
RUN-002711,WO-001356,P03,L06,MCH-032,PRD-006,2025-10-25,27.07,1.1368,2.7,G3_junior,7.3,92.1,50.057,3.571,1.003,0.097,0.06,1,SCRATCH,train
RUN-002712,WO-001356,P03,L06,MCH-031,PRD-006,2025-10-25,26.2,1.1361,14.6,G1_senior,7.3,92.1,53.871,3.738,0.9,0.0139,0.02,0,SCRATCH,train
RUN-002713,WO-001357,P03,L06,MCH-035,PRD-006,2025-10-25,38.38,1.0007,3.0,G3_junior,7.3,92.1,47.722,3.142,1.088,0.0528,0.04,0,DIMENSION,train
RUN-002714,WO-001357,P03,L06,MCH-036,PRD-006,2025-10-25,38.95,1.0784,4.6,G2_mid,7.3,92.1,47.759,2.804,0.829,0.0334,0.064,1,MISSING_PART,train
RUN-002725,WO-001363,P03,L05,MCH-026,PRD-054,2025-10-26,28.89,1.2099,11.8,G1_senior,6.3,71.4,50.174,3.25,0.77,0.1197,0.125,1,CONTAMINATION,train
RUN-002726,WO-001363,P03,L05,MCH-028,PRD-054,2025-10-26,26.24,0.9364,2.2,G3_junior,6.3,71.4,50.693,3.49,0.986,0.1238,0.12,1,SCRATCH,train
RUN-002727,WO-001364,P03,L05,MCH-025,PRD-054,2025-10-26,24.38,1.1099,6.5,G2_mid,6.3,71.4,47.159,2.804,0.936,0.0981,0.09,1,SURFACE_DENT,train
RUN-002728,WO-001364,P03,L05,MCH-028,PRD-054,2025-10-26,25.05,0.9157,18,G1_senior,6.3,71.4,50.693,3.49,0.707,0.0567,0.04,0,SURFACE_DENT,train
RUN-002729,WO-001365,P03,L06,MCH-036,PRD-056,2025-10-26,13.59,1.1724,6.1,G2_mid,4.3,97.0,49.202,3.251,1.045,0,0.025,0,MISSING_PART,train
RUN-002730,WO-001365,P03,L06,MCH-031,PRD-056,2025-10-26,18.73,0.9668,1.3,G3_junior,4.3,97.0,48.548,3.606,0.828,0,0.0,0,NONE,train
RUN-002755,WO-001378,P03,L05,MCH-025,PRD-022,2025-10-27,18.46,1.1731,2.8,G3_junior,4.3,85.8,54.665,3.372,0.728,0.0457,0.06,1,SOLDER_VOID,train
RUN-002756,WO-001378,P03,L05,MCH-030,PRD-022,2025-10-27,14.85,1.0865,0.4,G3_junior,4.3,85.8,54.508,3.467,0.738,0,0.04,0,SOLDER_VOID,train
RUN-002757,WO-001379,P03,L05,MCH-025,PRD-022,2025-10-27,9.56,0.9724,4.7,G2_mid,4.3,85.8,54.665,3.372,0.72,0.0207,0.032,0,CONTAMINATION,train
RUN-002758,WO-001379,P03,L05,MCH-027,PRD-022,2025-10-27,14.69,0.9955,1.2,G3_junior,4.3,85.8,50.647,2.857,1.026,0.0653,0.04,0,DIMENSION,train
RUN-002759,WO-001380,P03,L05,MCH-026,PRD-021,2025-10-27,18.58,1.0093,11.2,G1_senior,3.0,95.9,54.02,3.491,0.907,0,0.005,0,SCRATCH,train
RUN-002760,WO-001380,P03,L05,MCH-029,PRD-021,2025-10-27,15.6,0.992,11.2,G1_senior,3.0,95.9,53.56,3.093,0.803,0.0549,0.025,0,SURFACE_DENT,train
RUN-002761,WO-001381,P03,L06,MCH-036,PRD-048,2025-10-27,24.09,0.9153,1.7,G3_junior,4.6,96.1,54.537,3.343,0.816,0,0.02,0,SOLDER_VOID,train
RUN-002762,WO-001381,P03,L06,MCH-035,PRD-048,2025-10-27,28.32,1.1717,1.2,G3_junior,4.6,96.1,51.753,5.408,0.76,0.063,0.05,0,SOLDER_VOID,train
RUN-002763,WO-001382,P03,L06,MCH-033,PRD-048,2025-10-27,22.77,1.0983,0.4,G3_junior,4.6,96.1,54.161,3.417,0.95,0,0.02,0,SOLDER_VOID,train
RUN-002764,WO-001382,P03,L06,MCH-032,PRD-048,2025-10-27,21.33,0.8881,7.1,G2_mid,4.6,96.1,49.471,5.546,0.77,0.0313,0.0,0,NONE,train
RUN-002765,WO-001383,P03,L06,MCH-032,PRD-056,2025-10-27,14.54,1.2049,1.7,G3_junior,4.3,97.0,49.471,5.546,0.652,0.043,0.04,0,SURFACE_DENT,train
RUN-002766,WO-001383,P03,L06,MCH-034,PRD-056,2025-10-27,16.23,1.1399,1.2,G3_junior,4.3,97.0,49.689,3.044,0.68,0.0206,0.02,0,DIMENSION,train
RUN-002791,WO-001396,P03,L05,MCH-028,PRD-043,2025-10-28,28.13,1.0787,1.0,G3_junior,4.2,84.5,55.239,3.081,0.754,0.0167,0.0375,0,MISSING_PART,train
RUN-002792,WO-001396,P03,L05,MCH-029,PRD-043,2025-10-28,24.76,1.1749,2.8,G3_junior,4.2,84.5,51.345,3.318,0.623,0.0205,0.04,0,DIMENSION,train
RUN-002793,WO-001397,P03,L05,MCH-029,PRD-050,2025-10-28,14.96,1.0276,7.1,G2_mid,5.5,88.6,51.345,3.318,0.788,0.0035,0.04,1,SOLDER_VOID,train
RUN-002794,WO-001397,P03,L05,MCH-028,PRD-050,2025-10-28,19.67,0.9823,3.2,G2_mid,5.5,88.6,55.239,3.081,0.705,0.017,0.03,0,MISSING_PART,train
RUN-002795,WO-001398,P03,L05,MCH-025,PRD-043,2025-10-28,8.93,1.0945,0.8,G3_junior,4.2,84.5,53.74,3.083,1.093,0.052,0.06,1,SURFACE_DENT,train
RUN-002796,WO-001398,P03,L05,MCH-029,PRD-043,2025-10-28,9.6,1.0568,2.0,G3_junior,4.2,84.5,51.345,3.318,0.955,0.0132,0.05,0,SOLDER_VOID,train
RUN-002797,WO-001399,P03,L06,MCH-034,PRD-024,2025-10-28,29.31,0.8559,5.8,G2_mid,7.6,85.8,50.738,2.819,0.739,0.0326,0.056,1,SOLDER_VOID,train
RUN-002798,WO-001399,P03,L06,MCH-036,PRD-024,2025-10-28,27.71,1.0312,1.0,G3_junior,7.6,85.8,54.28,3.38,0.796,0.0552,0.08,1,MISSING_PART,train
RUN-002799,WO-001400,P03,L06,MCH-032,PRD-022,2025-10-28,24.55,1.1212,3.3,G2_mid,4.3,85.8,53.224,3.615,0.659,0.0056,0.02,0,SCRATCH,train
RUN-002800,WO-001400,P03,L06,MCH-036,PRD-022,2025-10-28,25.44,1.0391,11.5,G1_senior,4.3,85.8,54.28,3.38,0.955,0.0536,0.04,0,MISSING_PART,train
RUN-002801,WO-001401,P03,L06,MCH-031,PRD-024,2025-10-28,36.73,0.8273,1.4,G3_junior,7.6,85.8,59.26,3.308,1.033,0.0645,0.08,1,DIMENSION,train
RUN-002802,WO-001401,P03,L06,MCH-036,PRD-024,2025-10-28,34.46,0.8913,0.2,G3_junior,7.6,85.8,54.28,3.38,0.888,0.048,0.08,1,DIMENSION,train
RUN-002827,WO-001414,P03,L05,MCH-027,PRD-056,2025-10-29,26.27,1.0353,7.1,G2_mid,4.3,97.0,49.688,2.804,1.063,0,0.008,0,SURFACE_DENT,train
RUN-002828,WO-001414,P03,L05,MCH-028,PRD-056,2025-10-29,21.48,0.8749,3.3,G2_mid,4.3,97.0,53.219,3.363,1.079,0.0026,0.02,0,DIMENSION,train
RUN-002829,WO-001415,P03,L05,MCH-029,PRD-071,2025-10-29,39.83,0.8275,2.8,G3_junior,6.2,84.7,50.922,3.248,0.827,0.0685,0.0625,1,SURFACE_DENT,train
RUN-002830,WO-001415,P03,L05,MCH-028,PRD-071,2025-10-29,33.57,1.0933,0,G0_unknown,6.2,84.7,53.219,3.363,0.86,0.0273,0.06,1,SCRATCH,train
RUN-002831,WO-001416,P03,L05,MCH-026,PRD-056,2025-10-29,18.3,1.2106,3.1,G2_mid,4.3,97.0,50.398,3.261,1.04,0.0804,0.04,0,SCRATCH,train
RUN-002832,WO-001416,P03,L05,MCH-027,PRD-056,2025-10-29,16.09,0.889,0,G0_unknown,4.3,97.0,49.688,2.804,0.701,0.0359,0.032,0,SOLDER_VOID,train
RUN-002833,WO-001417,P03,L06,MCH-033,PRD-024,2025-10-29,42.77,0.989,0.7,G3_junior,7.6,85.8,57.342,3.41,1.046,0.1106,0.09,1,SURFACE_DENT,train
RUN-002834,WO-001417,P03,L06,MCH-036,PRD-024,2025-10-29,44.58,1.1398,2.8,G3_junior,7.6,85.8,55.393,2.843,0.932,0.1464,0.105,1,SOLDER_VOID,train
RUN-002835,WO-001418,P03,L06,MCH-036,PRD-017,2025-10-29,28.96,1.103,0.2,G3_junior,4.3,96.3,55.393,2.843,0.789,0.056,0.02,0,NONE,train
RUN-002836,WO-001418,P03,L06,MCH-034,PRD-017,2025-10-29,28.13,0.9557,2.2,G3_junior,4.3,96.3,48.656,2.713,0.885,0.0141,0.0375,0,SURFACE_DENT,train
RUN-002837,WO-001419,P03,L06,MCH-036,PRD-035,2025-10-29,29.76,1.0724,2.7,G3_junior,4.3,84.7,55.393,2.843,0.692,0.054,0.04,0,SOLDER_VOID,train
RUN-002838,WO-001419,P03,L06,MCH-031,PRD-035,2025-10-29,29.38,0.9021,0.2,G3_junior,4.3,84.7,54.617,3.713,0.671,0.0471,0.04,0,CONTAMINATION,train
RUN-002863,WO-001432,P03,L05,MCH-025,PRD-063,2025-10-30,26.19,0.8501,2.0,G3_junior,5.7,84.5,55.165,3.535,0.957,0.0979,0.07,1,CONTAMINATION,train
RUN-002864,WO-001432,P03,L05,MCH-028,PRD-063,2025-10-30,27.18,1.0205,2.8,G3_junior,5.7,84.5,55.532,3.087,0.686,0.0345,0.04,0,SURFACE_DENT,train
RUN-002865,WO-001433,P03,L05,MCH-025,PRD-033,2025-10-30,13.75,0.8884,0.7,G3_junior,4.7,88.0,55.165,3.535,0.811,0.0734,0.04,0,SURFACE_DENT,train
RUN-002866,WO-001433,P03,L05,MCH-030,PRD-033,2025-10-30,17.19,1.1987,1.0,G3_junior,4.7,88.0,53.389,3.331,1.076,0.048,0.02,0,NONE,train
RUN-002867,WO-001434,P03,L05,MCH-025,PRD-063,2025-10-30,24.15,0.838,2.8,G3_junior,5.7,84.5,55.165,3.535,0.657,0.1034,0.07,1,CONTAMINATION,train
RUN-002868,WO-001434,P03,L05,MCH-030,PRD-063,2025-10-30,30.0,0.9505,0.2,G3_junior,5.7,84.5,53.389,3.331,0.872,0.1141,0.1,1,MISSING_PART,train
RUN-002869,WO-001435,P03,L06,MCH-031,PRD-045,2025-10-30,25.41,1.2211,0.2,G3_junior,2.5,97.0,54.323,3.237,1.003,0,0.0,0,NONE,train
RUN-002870,WO-001435,P03,L06,MCH-036,PRD-045,2025-10-30,31.94,0.9659,11.2,G1_senior,2.5,97.0,51.783,3.483,0.898,0,0.0125,0,SOLDER_VOID,train
RUN-002871,WO-001436,P03,L06,MCH-032,PRD-017,2025-10-30,14.08,1.0682,2.3,G3_junior,4.3,96.3,54.614,3.801,0.683,0,0.025,0,SOLDER_VOID,train
RUN-002872,WO-001436,P03,L06,MCH-036,PRD-017,2025-10-30,18.38,0.8477,2.3,G3_junior,4.3,96.3,51.783,3.483,0.893,0.0313,0.03,0,CONTAMINATION,train
RUN-002873,WO-001437,P03,L06,MCH-033,PRD-017,2025-10-30,20.16,1.023,2.7,G3_junior,4.3,96.3,54.955,3.597,0.733,0.0448,0.0125,0,SCRATCH,train
RUN-002874,WO-001437,P03,L06,MCH-032,PRD-017,2025-10-30,24.33,1.0352,2.6,G3_junior,4.3,96.3,54.614,3.801,0.986,0.0076,0.0,0,NONE,train
RUN-002899,WO-001450,P03,L05,MCH-026,PRD-062,2025-10-31,37.76,1.0918,7.2,G2_mid,6.8,71.4,57.333,3.245,1.065,0.1149,0.12,1,MISSING_PART,train
RUN-002900,WO-001450,P03,L05,MCH-025,PRD-062,2025-10-31,32.64,1.0433,2.8,G3_junior,6.8,71.4,53.613,3.491,0.85,0.1091,0.1125,1,CONTAMINATION,train
RUN-002901,WO-001451,P03,L05,MCH-025,PRD-062,2025-10-31,28.96,0.8948,1.7,G3_junior,6.8,71.4,53.613,3.491,0.955,0.0861,0.11,1,DIMENSION,train
RUN-002902,WO-001451,P03,L05,MCH-030,PRD-062,2025-10-31,32.83,0.9,3.2,G2_mid,6.8,71.4,51.542,3.032,1.056,0.117,0.12,1,CONTAMINATION,train
RUN-002903,WO-001452,P03,L05,MCH-030,PRD-062,2025-10-31,26.21,0.8876,2.9,G3_junior,6.8,71.4,51.542,3.032,0.948,0.1183,0.1,1,DIMENSION,train
RUN-002904,WO-001452,P03,L05,MCH-029,PRD-062,2025-10-31,28.57,1.0309,18,G1_senior,6.8,71.4,48.711,2.973,0.655,0.0421,0.06,1,SOLDER_VOID,train
RUN-002905,WO-001453,P03,L06,MCH-031,PRD-045,2025-10-31,27.97,1.0952,2.3,G3_junior,2.5,97.0,51.519,3.434,1.088,0.0265,0.0,0,NONE,train
RUN-002906,WO-001453,P03,L06,MCH-034,PRD-045,2025-10-31,27.09,1.017,0.2,G3_junior,2.5,97.0,52.762,2.973,0.924,0.0206,0.04,0,SOLDER_VOID,train
RUN-002907,WO-001454,P03,L06,MCH-032,PRD-045,2025-10-31,21.31,0.8585,0.7,G3_junior,2.5,97.0,53.166,3.063,0.941,0.0264,0.005,0,CONTAMINATION,train
RUN-002908,WO-001454,P03,L06,MCH-034,PRD-045,2025-10-31,24.98,1.0013,1.2,G3_junior,2.5,97.0,52.762,2.973,0.733,0.0206,0.02,0,MISSING_PART,train
RUN-002909,WO-001455,P03,L06,MCH-034,PRD-045,2025-10-31,29.39,1.0009,2.0,G3_junior,2.5,97.0,52.762,2.973,0.881,0,0.005,0,DIMENSION,train
RUN-002910,WO-001455,P03,L06,MCH-033,PRD-045,2025-10-31,30.32,1.0358,8.9,G1_senior,2.5,97.0,56.228,3.618,0.64,0,0.02,0,SCRATCH,train
RUN-002923,WO-001462,P03,L05,MCH-027,PRD-064,2025-11-01,35.16,0.8495,9.4,G1_senior,4.9,89.9,49.859,3.325,0.656,0,0.04,0,SOLDER_VOID,train
RUN-002924,WO-001462,P03,L05,MCH-026,PRD-064,2025-11-01,31.49,1.0787,0.2,G3_junior,4.9,89.9,53.968,2.969,1.042,0.0913,0.064,1,DIMENSION,train
RUN-002965,WO-001483,P03,L05,MCH-027,PRD-078,2025-11-03,23.86,1.0557,1.0,G3_junior,4.6,84.7,49.651,2.815,0.878,0.0699,0.05,0,SOLDER_VOID,train
RUN-002966,WO-001483,P03,L05,MCH-025,PRD-078,2025-11-03,26.28,0.9165,0.2,G3_junior,4.6,84.7,53.221,3.461,0.756,0.0377,0.03,1,SURFACE_DENT,train
RUN-002967,WO-001484,P03,L05,MCH-025,PRD-025,2025-11-03,18.02,1.1756,2.8,G3_junior,3.5,87.0,53.221,3.461,0.78,0.0666,0.024,0,SURFACE_DENT,train
RUN-002968,WO-001484,P03,L05,MCH-030,PRD-025,2025-11-03,21.4,1.0115,0.2,G3_junior,3.5,87.0,52.593,3.284,0.774,0.0369,0.05,0,DIMENSION,train
RUN-002969,WO-001485,P03,L05,MCH-025,PRD-078,2025-11-03,23.5,0.8264,6.1,G2_mid,4.6,84.7,53.221,3.461,0.984,0.0951,0.032,0,SOLDER_VOID,train
RUN-002970,WO-001485,P03,L05,MCH-026,PRD-078,2025-11-03,29.65,1.0278,6.5,G2_mid,4.6,84.7,52.137,3.505,0.698,0.0818,0.04,0,SCRATCH,train
RUN-002971,WO-001486,P03,L06,MCH-032,PRD-056,2025-11-03,33.58,1.0622,3.3,G2_mid,4.3,97.0,53.153,3.286,0.932,0.0482,0.0375,0,DIMENSION,train
RUN-002972,WO-001486,P03,L06,MCH-034,PRD-056,2025-11-03,35.35,1.0014,0,G0_unknown,4.3,97.0,50.135,2.718,0.803,0.0677,0.032,0,SURFACE_DENT,train
RUN-002973,WO-001487,P03,L06,MCH-035,PRD-056,2025-11-03,27.63,1.0827,1.0,G3_junior,4.3,97.0,53.234,3.339,1.037,0.0284,0.016,0,SCRATCH,train
RUN-002974,WO-001487,P03,L06,MCH-034,PRD-056,2025-11-03,30.74,1.0671,8.2,G1_senior,4.3,97.0,50.135,2.718,1.01,0,0.005,0,SCRATCH,train
RUN-002975,WO-001488,P03,L06,MCH-032,PRD-056,2025-11-03,34.13,1.1781,4.6,G2_mid,4.3,97.0,53.153,3.286,0.714,0.0054,0.024,0,DIMENSION,train
RUN-002976,WO-001488,P03,L06,MCH-033,PRD-056,2025-11-03,33.29,1.0763,1.0,G3_junior,4.3,97.0,54.248,3.556,0.775,0.0294,0.0125,0,DIMENSION,train
RUN-003001,WO-001501,P03,L05,MCH-026,PRD-039,2025-11-04,23.95,0.8998,2.6,G3_junior,5.6,96.1,54.611,3.305,1.06,0.0436,0.05,0,SURFACE_DENT,train
RUN-003002,WO-001501,P03,L05,MCH-027,PRD-039,2025-11-04,17.84,1.0641,7.6,G2_mid,5.6,96.1,52.418,3.314,0.817,0,0.01,0,SOLDER_VOID,train
RUN-003003,WO-001502,P03,L05,MCH-028,PRD-039,2025-11-04,26.6,1.1627,2.0,G3_junior,5.6,96.1,55.651,3.539,0.627,0.0444,0.035,0,CONTAMINATION,train
RUN-003004,WO-001502,P03,L05,MCH-029,PRD-039,2025-11-04,21.32,1.1166,2.0,G3_junior,5.6,96.1,53.146,3.682,0.908,0.0424,0.035,0,CONTAMINATION,train
RUN-003005,WO-001503,P03,L05,MCH-028,PRD-040,2025-11-04,28.84,0.859,2.1,G3_junior,8.4,82.7,55.651,3.539,0.929,0.0666,0.1,1,MISSING_PART,train
RUN-003006,WO-001503,P03,L05,MCH-029,PRD-040,2025-11-04,35.14,0.8751,1.3,G3_junior,8.4,82.7,53.146,3.682,1.014,0.1343,0.13,1,CONTAMINATION,train
RUN-003007,WO-001504,P03,L06,MCH-031,PRD-045,2025-11-04,17.59,0.9318,2.6,G3_junior,2.5,97.0,55.185,3.532,0.698,0.0179,0.02,0,DIMENSION,train
RUN-003008,WO-001504,P03,L06,MCH-034,PRD-045,2025-11-04,20.77,1.1267,3.4,G2_mid,2.5,97.0,47.734,2.747,0.764,0.0259,0.02,0,SOLDER_VOID,train
RUN-003009,WO-001505,P03,L06,MCH-035,PRD-045,2025-11-04,30.85,0.8379,0,G0_unknown,2.5,97.0,53.273,3.27,0.898,0.029,0.025,0,SURFACE_DENT,train
RUN-003010,WO-001505,P03,L06,MCH-036,PRD-045,2025-11-04,25.42,0.8388,1.4,G3_junior,2.5,97.0,53.697,3.527,1.042,0,0.005,0,SURFACE_DENT,train
RUN-003011,WO-001506,P03,L06,MCH-031,PRD-004,2025-11-04,22.09,0.967,0.7,G3_junior,3.9,95.9,55.185,3.532,0.969,0.0109,0.0,0,NONE,train
RUN-003012,WO-001506,P03,L06,MCH-033,PRD-004,2025-11-04,19.13,0.979,1.0,G3_junior,3.9,95.9,57.677,3.593,0.92,0.0396,0.06,1,SURFACE_DENT,train
RUN-003037,WO-001519,P03,L05,MCH-028,PRD-062,2025-11-05,27.74,0.9155,2.7,G3_junior,6.8,71.4,55.217,3.24,1.043,0.0751,0.1,1,MISSING_PART,train
RUN-003038,WO-001519,P03,L05,MCH-027,PRD-062,2025-11-05,27.44,0.8216,0.7,G3_junior,6.8,71.4,50.148,3.077,0.864,0.117,0.12,1,CONTAMINATION,train
RUN-003039,WO-001520,P03,L05,MCH-027,PRD-062,2025-11-05,28.2,1.0773,0.2,G3_junior,6.8,71.4,50.148,3.077,1.038,0.1534,0.13,1,CONTAMINATION,train
RUN-003040,WO-001520,P03,L05,MCH-028,PRD-062,2025-11-05,27.15,0.8814,1.2,G3_junior,6.8,71.4,55.217,3.24,0.726,0.1545,0.1125,1,DIMENSION,train
RUN-003041,WO-001521,P03,L05,MCH-027,PRD-062,2025-11-05,26.82,1.0608,11.2,G1_senior,6.8,71.4,50.148,3.077,0.764,0.0974,0.088,1,CONTAMINATION,train
RUN-003042,WO-001521,P03,L05,MCH-030,PRD-062,2025-11-05,34.02,1.0062,18,G1_senior,6.8,71.4,55.915,10.411,0.686,0.0864,0.08,1,SURFACE_DENT,train
RUN-003043,WO-001522,P03,L06,MCH-034,PRD-024,2025-11-05,33.11,0.8618,0,G0_unknown,7.6,85.8,50.665,3.028,0.774,0.1088,0.08,1,SCRATCH,train
RUN-003044,WO-001522,P03,L06,MCH-031,PRD-024,2025-11-05,30.48,0.9149,1.2,G3_junior,7.6,85.8,56.843,3.462,0.69,0.1086,0.0875,1,MISSING_PART,train
RUN-003045,WO-001523,P03,L06,MCH-031,PRD-024,2025-11-05,41.05,1.075,3.3,G2_mid,7.6,85.8,56.843,3.462,0.799,0.0733,0.08,1,CONTAMINATION,train
RUN-003046,WO-001523,P03,L06,MCH-034,PRD-024,2025-11-05,41.27,0.8863,0.8,G3_junior,7.6,85.8,50.665,3.028,0.975,0.0713,0.075,1,SCRATCH,train
RUN-003047,WO-001524,P03,L06,MCH-035,PRD-024,2025-11-05,11.01,1.064,3.1,G2_mid,7.6,85.8,54.042,2.932,0.622,0.0792,0.0875,1,SURFACE_DENT,train
RUN-003048,WO-001524,P03,L06,MCH-034,PRD-024,2025-11-05,11.18,1.1003,4.7,G2_mid,7.6,85.8,50.665,3.028,0.726,0.0556,0.06,1,SCRATCH,train
RUN-003073,WO-001537,P03,L05,MCH-028,PRD-012,2025-11-06,18.91,0.9335,8.9,G1_senior,2.1,92.1,53.22,3.084,1.039,0.0107,0.0,0,NONE,train
RUN-003074,WO-001537,P03,L05,MCH-025,PRD-012,2025-11-06,14.39,1.0305,1.0,G3_junior,2.1,92.1,54.217,3.726,0.932,0,0.02,0,SURFACE_DENT,train
RUN-003075,WO-001538,P03,L05,MCH-028,PRD-080,2025-11-06,29.26,1.0598,1.0,G3_junior,5.2,84.5,53.22,3.084,1.088,0.108,0.06,1,MISSING_PART,train
RUN-003076,WO-001538,P03,L05,MCH-025,PRD-080,2025-11-06,25.58,0.99,2.8,G3_junior,5.2,84.5,54.217,3.726,0.966,0,0.024,0,SOLDER_VOID,train
RUN-003077,WO-001539,P03,L05,MCH-026,PRD-063,2025-11-06,21.33,1.0339,1.3,G3_junior,5.7,84.5,52.163,3.611,0.887,0.0515,0.04,0,DIMENSION,train
RUN-003078,WO-001539,P03,L05,MCH-025,PRD-063,2025-11-06,20.91,0.9491,2.3,G3_junior,5.7,84.5,54.217,3.726,0.659,0.0829,0.072,1,CONTAMINATION,train
RUN-003079,WO-001540,P03,L06,MCH-031,PRD-064,2025-11-06,24.4,1.0769,2.9,G3_junior,4.9,89.9,55.894,3.57,0.815,0.0264,0.015,0,SCRATCH,train
RUN-003080,WO-001540,P03,L06,MCH-033,PRD-064,2025-11-06,24.0,1.1292,2.2,G3_junior,4.9,89.9,55.601,3.694,0.801,0.0444,0.04,0,NONE,train
RUN-003081,WO-001541,P03,L06,MCH-034,PRD-064,2025-11-06,21.55,1.1061,0.5,G3_junior,4.9,89.9,52.285,2.899,0.755,0,0.024,0,MISSING_PART,train
RUN-003082,WO-001541,P03,L06,MCH-031,PRD-064,2025-11-06,22.59,0.9387,3.2,G2_mid,4.9,89.9,55.894,3.57,1.081,0.015,0.02,0,MISSING_PART,train
RUN-003083,WO-001542,P03,L06,MCH-034,PRD-040,2025-11-06,34.1,1.1464,0.6,G3_junior,8.4,82.7,52.285,2.899,0.803,0.1452,0.144,1,DIMENSION,train
RUN-003084,WO-001542,P03,L06,MCH-035,PRD-040,2025-11-06,33.13,1.0828,0.6,G3_junior,8.4,82.7,50.905,3.634,1.046,0.1409,0.112,1,SOLDER_VOID,train
RUN-003109,WO-001555,P03,L05,MCH-027,PRD-007,2025-11-07,13.08,0.9237,7.0,G2_mid,3.9,88.0,52.77,7.061,0.679,0,0.0,0,NONE,train
RUN-003110,WO-001555,P03,L05,MCH-026,PRD-007,2025-11-07,18.17,1.0221,2.8,G3_junior,3.9,88.0,54.239,3.261,1.077,0.0371,0.03,0,MISSING_PART,train
RUN-003111,WO-001556,P03,L05,MCH-029,PRD-013,2025-11-07,17.4,1.13,3.3,G2_mid,4.9,95.9,52.605,3.327,0.621,0.0137,0.03,0,SURFACE_DENT,train
RUN-003112,WO-001556,P03,L05,MCH-027,PRD-013,2025-11-07,13.68,0.8355,0.2,G3_junior,4.9,95.9,52.77,7.061,1.024,0.0164,0.02,0,CONTAMINATION,train
RUN-003113,WO-001557,P03,L05,MCH-026,PRD-007,2025-11-07,20.63,0.9383,2.8,G3_junior,3.9,88.0,54.239,3.261,0.957,0.0845,0.032,0,NONE,train
RUN-003114,WO-001557,P03,L05,MCH-025,PRD-007,2025-11-07,23.2,0.9203,1.4,G3_junior,3.9,88.0,53.987,3.245,0.982,0.0579,0.032,0,SOLDER_VOID,train
RUN-003115,WO-001558,P03,L06,MCH-035,PRD-003,2025-11-07,32.19,1.1534,1.6,G3_junior,4.8,95.9,52.941,2.675,0.731,0.042,0.0375,0,SOLDER_VOID,train
RUN-003116,WO-001558,P03,L06,MCH-034,PRD-003,2025-11-07,31.91,0.8428,0.6,G3_junior,4.8,95.9,50.974,2.625,0.767,0.0194,0.024,0,MISSING_PART,train
RUN-003117,WO-001559,P03,L06,MCH-034,PRD-003,2025-11-07,17.45,0.9912,6.1,G2_mid,4.8,95.9,50.974,2.625,0.792,0,0.008,0,SOLDER_VOID,train
RUN-003118,WO-001559,P03,L06,MCH-031,PRD-003,2025-11-07,17.73,1.1515,0.7,G3_junior,4.8,95.9,54.587,3.328,0.878,0.0388,0.02,0,SURFACE_DENT,train
RUN-003119,WO-001560,P03,L06,MCH-034,PRD-003,2025-11-07,25.79,1.0619,10.6,G1_senior,4.8,95.9,50.974,2.625,0.882,0,0.0,0,NONE,train
RUN-003120,WO-001560,P03,L06,MCH-033,PRD-003,2025-11-07,32.86,0.8573,1.8,G3_junior,4.8,95.9,55.354,3.498,0.72,0.0613,0.04,0,CONTAMINATION,train
RUN-003129,WO-001565,P03,L05,MCH-025,PRD-052,2025-11-08,30.67,1.0326,10.6,G1_senior,7.2,82.7,46.782,2.824,0.78,0.0543,0.07,1,SURFACE_DENT,train
RUN-003130,WO-001565,P03,L05,MCH-026,PRD-052,2025-11-08,24.79,0.845,7.0,G2_mid,7.2,82.7,52.309,3.096,0.956,0.1052,0.088,1,DIMENSION,train
RUN-003131,WO-001566,P03,L06,MCH-034,PRD-054,2025-11-08,23.07,0.9033,1.2,G3_junior,6.3,71.4,48.188,2.778,0.957,0.1155,0.088,1,SOLDER_VOID,train
RUN-003132,WO-001566,P03,L06,MCH-036,PRD-054,2025-11-08,22.67,0.981,0.2,G3_junior,6.3,71.4,51.864,2.988,0.802,0.1136,0.1,1,SCRATCH,train
RUN-003133,WO-001567,P03,L06,MCH-035,PRD-054,2025-11-08,24.0,1.1182,7.6,G2_mid,6.3,71.4,50.718,3.326,0.886,0.1166,0.1,1,SURFACE_DENT,train
RUN-003134,WO-001567,P03,L06,MCH-033,PRD-054,2025-11-08,19.76,0.9901,1.2,G3_junior,6.3,71.4,50.85,3.143,0.978,0.1325,0.1,1,CONTAMINATION,train
RUN-003143,WO-001572,P03,L05,MCH-027,PRD-022,2025-11-09,22.63,1.0609,1.2,G3_junior,4.3,85.8,45.644,3.023,1.035,0.0889,0.04,0,SCRATCH,train
RUN-003144,WO-001572,P03,L05,MCH-030,PRD-022,2025-11-09,23.52,0.8878,0.2,G3_junior,4.3,85.8,49.259,3.094,0.937,0.031,0.032,0,CONTAMINATION,train
RUN-003145,WO-001573,P03,L05,MCH-028,PRD-022,2025-11-09,29.21,0.9904,11.2,G1_senior,4.3,85.8,51.996,2.913,1.097,0.0473,0.024,0,SCRATCH,train
RUN-003146,WO-001573,P03,L05,MCH-027,PRD-022,2025-11-09,27.92,0.9647,1.4,G3_junior,4.3,85.8,45.644,3.023,0.655,0.0615,0.0375,0,SCRATCH,train
RUN-003147,WO-001574,P03,L06,MCH-033,PRD-014,2025-11-09,29.32,0.8272,2.3,G3_junior,5.0,85.8,49.104,2.793,0.753,0.098,0.055,1,SCRATCH,train
RUN-003148,WO-001574,P03,L06,MCH-031,PRD-014,2025-11-09,23.96,1.1557,1.0,G3_junior,5.0,85.8,49.197,3.051,0.862,0.0708,0.06,1,SCRATCH,train
RUN-003149,WO-001575,P03,L06,MCH-035,PRD-012,2025-11-09,32.38,1.0965,18,G1_senior,2.1,92.1,51.355,3.361,0.975,0.0307,0.0,0,NONE,train
RUN-003150,WO-001575,P03,L06,MCH-034,PRD-012,2025-11-09,33.4,0.9215,11.2,G1_senior,2.1,92.1,46.237,2.46,1.039,0.0385,0.04,0,SURFACE_DENT,train
RUN-003175,WO-001588,P03,L05,MCH-027,PRD-025,2025-11-10,24.05,1.0404,0.5,G3_junior,3.5,87.0,51.634,2.928,1.007,0.0112,0.02,0,DIMENSION,train
RUN-003176,WO-001588,P03,L05,MCH-025,PRD-025,2025-11-10,28.52,0.8571,1.7,G3_junior,3.5,87.0,54.492,3.221,0.679,0.0345,0.0375,0,MISSING_PART,train
RUN-003177,WO-001589,P03,L05,MCH-028,PRD-055,2025-11-10,17.21,1.0875,15.7,G1_senior,4.8,87.4,58.291,3.848,0.869,0,0.035,0,SURFACE_DENT,train
RUN-003178,WO-001589,P03,L05,MCH-027,PRD-055,2025-11-10,10.1,1.0626,7.1,G2_mid,4.8,87.4,51.634,2.928,0.814,0.0062,0.0,0,NONE,train
RUN-003179,WO-001590,P03,L05,MCH-027,PRD-044,2025-11-10,32.38,1.2108,1.3,G3_junior,4.1,88.0,51.634,2.928,1.005,0.0478,0.048,0,NONE,train
RUN-003180,WO-001590,P03,L05,MCH-030,PRD-044,2025-11-10,31.62,1.091,6.5,G2_mid,4.1,88.0,51.586,7.594,0.943,0.0189,0.02,0,SCRATCH,train
RUN-003181,WO-001591,P03,L06,MCH-034,PRD-048,2025-11-10,23.99,1.1223,2.0,G3_junior,4.6,96.1,49.86,2.755,0.821,0,0.02,0,SURFACE_DENT,train
RUN-003182,WO-001591,P03,L06,MCH-036,PRD-048,2025-11-10,23.01,0.969,1.0,G3_junior,4.6,96.1,52.669,3.542,0.697,0,0.02,0,DIMENSION,train
RUN-003183,WO-001592,P03,L06,MCH-031,PRD-070,2025-11-10,15.85,0.888,0.7,G3_junior,3.9,87.4,56.468,3.57,0.886,0.032,0.048,0,CONTAMINATION,train
RUN-003184,WO-001592,P03,L06,MCH-034,PRD-070,2025-11-10,20.68,1.1103,1.2,G3_junior,3.9,87.4,49.86,2.755,1.02,0.0339,0.056,1,SCRATCH,train
RUN-003185,WO-001593,P03,L06,MCH-032,PRD-070,2025-11-10,37.61,1.0218,3.3,G2_mid,3.9,87.4,53.348,3.259,0.836,0.0142,0.032,0,DIMENSION,train
RUN-003186,WO-001593,P03,L06,MCH-035,PRD-070,2025-11-10,37.71,1.0655,15.7,G1_senior,3.9,87.4,54.2,3.59,1.016,0,0.0,0,NONE,train
RUN-003211,WO-001606,P03,L05,MCH-029,PRD-007,2025-11-11,22.25,1.0486,2.3,G3_junior,3.9,88.0,57.947,4.509,0.787,0.0092,0.02,0,SCRATCH,train
RUN-003212,WO-001606,P03,L05,MCH-028,PRD-007,2025-11-11,23.44,1.0223,2.7,G3_junior,3.9,88.0,57.563,5.149,0.778,0.023,0.025,0,DIMENSION,train
RUN-003213,WO-001607,P03,L05,MCH-029,PRD-007,2025-11-11,14.86,0.8394,0.7,G3_junior,3.9,88.0,57.947,4.509,0.76,0.0872,0.048,0,MISSING_PART,train
RUN-003214,WO-001607,P03,L05,MCH-027,PRD-007,2025-11-11,13.24,0.8469,2.8,G3_junior,3.9,88.0,51.632,3.008,0.749,0,0.01,0,SURFACE_DENT,train
RUN-003215,WO-001608,P03,L05,MCH-026,PRD-050,2025-11-11,22.77,0.8746,10.6,G1_senior,5.5,88.6,55.042,3.473,0.933,0.0002,0.01,0,SOLDER_VOID,train
RUN-003216,WO-001608,P03,L05,MCH-025,PRD-050,2025-11-11,26.27,0.9242,2.0,G3_junior,5.5,88.6,53.239,3.413,0.71,0.0447,0.05,0,MISSING_PART,train
RUN-003217,WO-001609,P03,L06,MCH-033,PRD-066,2025-11-11,26.99,1.0678,4.6,G2_mid,7.6,88.6,54.722,3.716,0.861,0.0718,0.064,1,NONE,train
RUN-003218,WO-001609,P03,L06,MCH-031,PRD-066,2025-11-11,25.91,1.1548,4.8,G2_mid,7.6,88.6,54.803,4.307,1.085,0.0486,0.056,1,MISSING_PART,train
RUN-003219,WO-001610,P03,L06,MCH-035,PRD-066,2025-11-11,30.1,0.8404,1.0,G3_junior,7.6,88.6,47.623,2.543,0.876,0.0642,0.072,1,SCRATCH,train
RUN-003220,WO-001610,P03,L06,MCH-034,PRD-066,2025-11-11,30.79,1.1516,2.9,G3_junior,7.6,88.6,52.661,2.925,0.66,0.0928,0.08,1,MISSING_PART,train
RUN-003221,WO-001611,P03,L06,MCH-031,PRD-015,2025-11-11,27.11,1.1199,0.8,G3_junior,8.8,92.1,54.803,4.307,0.713,0.1024,0.1,1,CONTAMINATION,train
RUN-003222,WO-001611,P03,L06,MCH-034,PRD-015,2025-11-11,31.89,0.9257,3.3,G2_mid,8.8,92.1,52.661,2.925,0.709,0.0561,0.08,1,MISSING_PART,train
RUN-003247,WO-001624,P03,L05,MCH-026,PRD-043,2025-11-12,22.24,0.9612,1.2,G3_junior,4.2,84.5,55.975,3.304,1.0,0.0858,0.03,0,CONTAMINATION,train
RUN-003248,WO-001624,P03,L05,MCH-030,PRD-043,2025-11-12,18.84,0.9589,3.4,G2_mid,4.2,84.5,52.732,3.303,1.098,0.0284,0.015,0,NONE,train
RUN-003249,WO-001625,P03,L05,MCH-030,PRD-025,2025-11-12,16.96,0.847,11.5,G1_senior,3.5,87.0,52.732,3.303,1.097,0.0205,0.04,0,SOLDER_VOID,train
RUN-003250,WO-001625,P03,L05,MCH-026,PRD-025,2025-11-12,11.14,0.9509,1.0,G3_junior,3.5,87.0,55.975,3.304,0.799,0.0058,0.04,0,CONTAMINATION,train
RUN-003251,WO-001626,P03,L05,MCH-028,PRD-043,2025-11-12,22.92,1.1181,0.4,G3_junior,4.2,84.5,59.296,5.516,0.991,0.0615,0.04,0,SOLDER_VOID,train
RUN-003252,WO-001626,P03,L05,MCH-029,PRD-043,2025-11-12,27.04,1.1547,1.7,G3_junior,4.2,84.5,56.408,4.739,0.637,0.0176,0.05,0,SURFACE_DENT,train
RUN-003253,WO-001627,P03,L06,MCH-034,PRD-058,2025-11-12,37.52,0.8285,7.6,G2_mid,8.8,71.4,55.933,3.227,0.923,0.1335,0.15,1,SOLDER_VOID,train
RUN-003254,WO-001627,P03,L06,MCH-036,PRD-058,2025-11-12,39.23,0.8782,7.6,G2_mid,8.8,71.4,56.598,4.764,0.671,0.1551,0.13,1,SURFACE_DENT,train
RUN-003255,WO-001628,P03,L06,MCH-034,PRD-058,2025-11-12,28.41,0.9976,9.4,G1_senior,8.8,71.4,55.933,3.227,0.936,0.0314,0.11,1,SCRATCH,train
RUN-003256,WO-001628,P03,L06,MCH-031,PRD-058,2025-11-12,30.22,1.0032,0.4,G3_junior,8.8,71.4,54.004,3.303,1.035,0.1213,0.16,1,SOLDER_VOID,train
RUN-003257,WO-001629,P03,L06,MCH-034,PRD-058,2025-11-12,33.97,0.9583,0.4,G3_junior,8.8,71.4,55.933,3.227,1.036,0.1751,0.16,1,SOLDER_VOID,train
RUN-003258,WO-001629,P03,L06,MCH-035,PRD-058,2025-11-12,34.96,1.0176,1.0,G3_junior,8.8,71.4,52.278,2.992,0.797,0.122,0.14,1,SURFACE_DENT,train
RUN-003283,WO-001642,P03,L05,MCH-027,PRD-075,2025-11-13,38.08,1.0981,0.2,G3_junior,6.8,96.3,51.09,3.336,0.739,0.0526,0.055,1,SOLDER_VOID,train
RUN-003284,WO-001642,P03,L05,MCH-029,PRD-075,2025-11-13,36.46,0.9484,1.8,G3_junior,6.8,96.3,63.285,5.738,0.754,0,0.03,0,CONTAMINATION,train
RUN-003285,WO-001643,P03,L05,MCH-026,PRD-075,2025-11-13,28.59,0.9308,4.7,G2_mid,6.8,96.3,51.778,3.41,0.737,0.0634,0.04,0,SOLDER_VOID,train
RUN-003286,WO-001643,P03,L05,MCH-029,PRD-075,2025-11-13,27.12,1.1792,1.7,G3_junior,6.8,96.3,63.285,5.738,0.635,0.0643,0.04,0,SURFACE_DENT,train
RUN-003287,WO-001644,P03,L05,MCH-027,PRD-025,2025-11-13,18.55,0.872,0.6,G3_junior,3.5,87.0,51.09,3.336,1.094,0.0309,0.04,0,MISSING_PART,train
RUN-003288,WO-001644,P03,L05,MCH-025,PRD-025,2025-11-13,21.85,0.871,2.2,G3_junior,3.5,87.0,52.083,3.664,0.919,0.0267,0.02,0,SURFACE_DENT,train
RUN-003289,WO-001645,P03,L06,MCH-034,PRD-074,2025-11-13,16.35,1.1353,2.8,G3_junior,6.4,95.9,54.423,4.014,1.066,0.0532,0.06,1,DIMENSION,train
RUN-003290,WO-001645,P03,L06,MCH-035,PRD-074,2025-11-13,19.2,0.921,5.8,G2_mid,6.4,95.9,53.2,3.139,0.683,0.0502,0.04,0,SURFACE_DENT,train
RUN-003291,WO-001646,P03,L06,MCH-036,PRD-059,2025-11-13,27.48,0.8759,7.1,G2_mid,5.9,88.6,59.572,4.631,0.665,0.0149,0.025,0,DIMENSION,train
RUN-003292,WO-001646,P03,L06,MCH-035,PRD-059,2025-11-13,22.52,0.8656,0.6,G3_junior,5.9,88.6,53.2,3.139,0.727,0.0808,0.075,1,SURFACE_DENT,train
RUN-003293,WO-001647,P03,L06,MCH-032,PRD-059,2025-11-13,27.2,0.9264,1.7,G3_junior,5.9,88.6,51.975,3.16,0.866,0.0415,0.048,0,SCRATCH,train
RUN-003294,WO-001647,P03,L06,MCH-036,PRD-059,2025-11-13,27.15,1.0317,0.4,G3_junior,5.9,88.6,59.572,4.631,1.053,0.1181,0.075,1,DIMENSION,train
RUN-003319,WO-001660,P03,L05,MCH-027,PRD-045,2025-11-14,12.39,0.9576,1.3,G3_junior,2.5,97.0,50.954,3.224,0.782,0,0.024,0,MISSING_PART,train
RUN-003320,WO-001660,P03,L05,MCH-029,PRD-045,2025-11-14,11.9,1.1796,2.9,G3_junior,2.5,97.0,63.705,20.551,0.747,0.0229,0.01,0,SOLDER_VOID,train
RUN-003321,WO-001661,P03,L05,MCH-025,PRD-045,2025-11-14,19.16,0.9677,10.6,G1_senior,2.5,97.0,53.434,3.713,0.942,0.0797,0.02,0,DIMENSION,train
RUN-003322,WO-001661,P03,L05,MCH-029,PRD-045,2025-11-14,20.35,1.1765,0.8,G3_junior,2.5,97.0,63.705,20.551,0.967,0,0.0,0,NONE,train
RUN-003323,WO-001662,P03,L05,MCH-028,PRD-045,2025-11-14,14.04,1.1228,3.0,G3_junior,2.5,97.0,69.762,6.514,1.088,0.0105,0.02,0,SURFACE_DENT,train
RUN-003324,WO-001662,P03,L05,MCH-029,PRD-045,2025-11-14,17.29,1.2058,0.2,G3_junior,2.5,97.0,63.705,20.551,1.1,0.0253,0.008,0,DIMENSION,train
RUN-003325,WO-001663,P03,L06,MCH-032,PRD-062,2025-11-14,31.23,1.0175,1.2,G3_junior,6.8,71.4,49.818,2.983,0.663,0.1555,0.12,1,SCRATCH,train
RUN-003326,WO-001663,P03,L06,MCH-031,PRD-062,2025-11-14,31.24,1.1371,2.7,G3_junior,6.8,71.4,54.58,3.255,0.678,0.1188,0.13,1,CONTAMINATION,train
RUN-003327,WO-001664,P03,L06,MCH-035,PRD-054,2025-11-14,39.53,1.0273,3.4,G2_mid,6.3,71.4,54.095,3.302,1.088,0.1202,0.1,1,CONTAMINATION,train
RUN-003328,WO-001664,P03,L06,MCH-032,PRD-054,2025-11-14,39.45,0.8669,0.2,G3_junior,6.3,71.4,49.818,2.983,0.783,0.1065,0.104,1,DIMENSION,train
RUN-003329,WO-001665,P03,L06,MCH-033,PRD-054,2025-11-14,31.81,0.9636,0.6,G3_junior,6.3,71.4,53.893,3.228,0.916,0.1213,0.1,1,SCRATCH,train
RUN-003330,WO-001665,P03,L06,MCH-032,PRD-054,2025-11-14,26.51,1.0868,1.0,G3_junior,6.3,71.4,49.818,2.983,0.622,0.0898,0.08,1,CONTAMINATION,train
RUN-003349,WO-001675,P03,L05,MCH-028,PRD-015,2025-11-15,32.55,1.039,8.9,G1_senior,8.8,92.1,63.09,6.812,0.955,0.0449,0.07,1,SOLDER_VOID,train
RUN-003350,WO-001675,P03,L05,MCH-025,PRD-015,2025-11-15,24.83,0.8596,1.4,G3_junior,8.8,92.1,49.077,3.338,0.683,0.096,0.105,1,DIMENSION,train
RUN-003351,WO-001676,P03,L06,MCH-034,PRD-048,2025-11-15,20.15,0.8627,2.8,G3_junior,4.6,96.1,55.808,14.246,0.79,0.0574,0.032,0,SOLDER_VOID,train
RUN-003352,WO-001676,P03,L06,MCH-035,PRD-048,2025-11-15,22.06,1.0865,1.4,G3_junior,4.6,96.1,48.799,3.247,1.056,0,0.0,0,NONE,train
RUN-003363,WO-001682,P03,L06,MCH-033,PRD-062,2025-11-16,29.82,0.833,1.2,G3_junior,6.8,71.4,49.047,3.167,0.77,0.1338,0.1125,1,SOLDER_VOID,train
RUN-003364,WO-001682,P03,L06,MCH-032,PRD-062,2025-11-16,25.68,0.9402,4.7,G2_mid,6.8,71.4,49.082,3.276,0.904,0.1274,0.09,1,MISSING_PART,train
RUN-003365,WO-001683,P03,L06,MCH-033,PRD-062,2025-11-16,37.7,1.0052,2.8,G3_junior,6.8,71.4,49.047,3.167,1.058,0.0728,0.1,1,DIMENSION,train
RUN-003366,WO-001683,P03,L06,MCH-034,PRD-062,2025-11-16,34.43,1.0784,1.7,G3_junior,6.8,71.4,56.072,19.051,0.716,0.085,0.12,1,NONE,train
RUN-003391,WO-001696,P03,L05,MCH-027,PRD-015,2025-11-17,37.35,1.0007,3.3,G2_mid,8.8,92.1,50.778,2.785,0.957,0.0508,0.06,1,DIMENSION,train
RUN-003392,WO-001696,P03,L05,MCH-030,PRD-015,2025-11-17,34.95,0.9485,2.8,G3_junior,8.8,92.1,53.398,2.971,0.993,0.0324,0.06,1,SURFACE_DENT,train
RUN-003393,WO-001697,P03,L05,MCH-028,PRD-033,2025-11-17,21.65,1.1772,1.2,G3_junior,4.7,88.0,73.615,8.127,0.778,0.0308,0.048,0,MISSING_PART,train
RUN-003394,WO-001697,P03,L05,MCH-030,PRD-033,2025-11-17,19.16,0.8346,1.7,G3_junior,4.7,88.0,53.398,2.971,0.64,0.0682,0.04,0,NONE,train
RUN-003395,WO-001698,P03,L05,MCH-027,PRD-012,2025-11-17,25.48,0.9951,1.4,G3_junior,2.1,92.1,50.778,2.785,0.984,0.0351,0.0125,0,DIMENSION,train
RUN-003396,WO-001698,P03,L05,MCH-030,PRD-012,2025-11-17,24.51,0.9668,11.5,G1_senior,2.1,92.1,53.398,2.971,0.729,0.0111,0.01,0,CONTAMINATION,train
RUN-003397,WO-001699,P03,L06,MCH-031,PRD-048,2025-11-17,20.56,0.9351,1.6,G3_junior,4.6,96.1,52.696,3.665,1.058,0.0409,0.035,0,CONTAMINATION,train
RUN-003398,WO-001699,P03,L06,MCH-032,PRD-048,2025-11-17,23.05,0.8796,3.2,G2_mid,4.6,96.1,51.283,5.654,0.684,0.0152,0.04,0,SURFACE_DENT,train
RUN-003399,WO-001700,P03,L06,MCH-031,PRD-048,2025-11-17,28.14,0.9826,7.6,G2_mid,4.6,96.1,52.696,3.665,0.63,0.0012,0.01,0,SCRATCH,train
RUN-003400,WO-001700,P03,L06,MCH-032,PRD-048,2025-11-17,30.7,1.1214,2.7,G3_junior,4.6,96.1,51.283,5.654,0.908,0.036,0.02,0,SURFACE_DENT,train
RUN-003401,WO-001701,P03,L06,MCH-036,PRD-048,2025-11-17,22.64,1.0804,0.5,G3_junior,4.6,96.1,70.071,6.953,0.973,0.0025,0.0,0,NONE,train
RUN-003402,WO-001701,P03,L06,MCH-035,PRD-048,2025-11-17,27.65,1.0607,1.0,G3_junior,4.6,96.1,53.638,3.438,0.939,0.0156,0.01,0,SOLDER_VOID,train
RUN-003427,WO-001714,P03,L05,MCH-025,PRD-080,2025-11-18,31.93,1.0657,6.1,G2_mid,5.2,84.5,55.556,3.825,1.03,0.0192,0.05,0,SOLDER_VOID,train
RUN-003428,WO-001714,P03,L05,MCH-029,PRD-080,2025-11-18,30.67,0.8915,18,G1_senior,5.2,84.5,51.16,2.986,0.722,0.0187,0.02,0,DIMENSION,train
RUN-003429,WO-001715,P03,L05,MCH-028,PRD-080,2025-11-18,20.67,0.8229,0.2,G3_junior,5.2,84.5,51.551,3.427,0.624,0.0549,0.05,0,SOLDER_VOID,train
RUN-003430,WO-001715,P03,L05,MCH-030,PRD-080,2025-11-18,24.53,1.0622,0,G0_unknown,5.2,84.5,54.567,3.427,0.977,0.0528,0.05,0,CONTAMINATION,train
RUN-003431,WO-001716,P03,L05,MCH-029,PRD-063,2025-11-18,24.22,0.9102,4.8,G2_mid,5.7,84.5,51.16,2.986,0.751,0.01,0.0375,0,SURFACE_DENT,train
RUN-003432,WO-001716,P03,L05,MCH-025,PRD-063,2025-11-18,22.55,1.1938,11.5,G1_senior,5.7,84.5,55.556,3.825,0.724,0.0519,0.04,0,DIMENSION,train
RUN-003433,WO-001717,P03,L06,MCH-033,PRD-056,2025-11-18,32.76,0.93,0.2,G3_junior,4.3,97.0,51.839,3.389,0.911,0.0049,0.024,0,CONTAMINATION,train
RUN-003434,WO-001717,P03,L06,MCH-036,PRD-056,2025-11-18,29.3,1.0742,11.2,G1_senior,4.3,97.0,65.326,7.486,1.033,0,0.01,0,SOLDER_VOID,train
RUN-003435,WO-001718,P03,L06,MCH-035,PRD-022,2025-11-18,23.85,1.1058,0.2,G3_junior,4.3,85.8,52.405,3.534,0.937,0,0.04,0,NONE,train
RUN-003436,WO-001718,P03,L06,MCH-036,PRD-022,2025-11-18,19.42,0.8647,11.5,G1_senior,4.3,85.8,65.326,7.486,1.033,0.0553,0.02,0,SOLDER_VOID,train
RUN-003437,WO-001719,P03,L06,MCH-033,PRD-059,2025-11-18,30.22,0.9255,11.2,G1_senior,5.9,88.6,51.839,3.389,0.742,0,0.02,0,MISSING_PART,train
RUN-003438,WO-001719,P03,L06,MCH-036,PRD-059,2025-11-18,29.63,1.0967,8.9,G1_senior,5.9,88.6,65.326,7.486,0.88,0.0161,0.04,0,SOLDER_VOID,train
RUN-003463,WO-001732,P03,L05,MCH-025,PRD-068,2025-11-19,11.58,1.1483,11.2,G1_senior,2.3,71.0,58.313,3.973,0.629,0.0129,0.02,0,SOLDER_VOID,train
RUN-003464,WO-001732,P03,L05,MCH-027,PRD-068,2025-11-19,11.42,1.1647,0.7,G3_junior,2.3,71.0,51.72,2.844,0.825,0.0524,0.075,1,DIMENSION,train
RUN-003465,WO-001733,P03,L05,MCH-026,PRD-068,2025-11-19,20.45,0.986,5.8,G2_mid,2.3,71.0,56.8,3.263,0.743,0.0467,0.04,0,SCRATCH,train
RUN-003466,WO-001733,P03,L05,MCH-027,PRD-068,2025-11-19,22.36,0.9826,2.8,G3_junior,2.3,71.0,51.72,2.844,0.876,0.0543,0.05,0,SURFACE_DENT,train
RUN-003467,WO-001734,P03,L05,MCH-025,PRD-068,2025-11-19,18.31,1.1488,2.8,G3_junior,2.3,71.0,58.313,3.973,0.751,0.0413,0.04,0,SCRATCH,train
RUN-003468,WO-001734,P03,L05,MCH-028,PRD-068,2025-11-19,17.64,1.1,1.2,G3_junior,2.3,71.0,55.367,3.348,0.719,0.0853,0.048,0,SURFACE_DENT,train
RUN-003469,WO-001735,P03,L06,MCH-031,PRD-035,2025-11-19,31.68,1.0017,3.3,G2_mid,4.3,84.7,57.309,3.597,0.736,0.0517,0.04,0,SCRATCH,train
RUN-003470,WO-001735,P03,L06,MCH-035,PRD-035,2025-11-19,34.67,1.0125,0.6,G3_junior,4.3,84.7,52.635,3.497,1.056,0.0599,0.064,1,SCRATCH,train
RUN-003471,WO-001736,P03,L06,MCH-035,PRD-035,2025-11-19,20.25,1.1539,11.2,G1_senior,4.3,84.7,52.635,3.497,0.976,0.0175,0.04,0,SOLDER_VOID,train
RUN-003472,WO-001736,P03,L06,MCH-033,PRD-035,2025-11-19,22.34,0.9293,6.5,G2_mid,4.3,84.7,52.003,3.276,0.798,0.0368,0.02,0,MISSING_PART,train
RUN-003473,WO-001737,P03,L06,MCH-033,PRD-004,2025-11-19,20.84,0.9267,0.6,G3_junior,3.9,95.9,52.003,3.276,0.792,0.0617,0.03,0,MISSING_PART,train
RUN-003474,WO-001737,P03,L06,MCH-035,PRD-004,2025-11-19,22.96,1.0432,15.7,G1_senior,3.9,95.9,52.635,3.497,0.994,0,0.0,0,NONE,train
RUN-003499,WO-001750,P03,L05,MCH-026,PRD-008,2025-11-20,25.37,0.9423,9.4,G1_senior,3.4,84.5,54.814,3.401,0.865,0.0224,0.02,0,SOLDER_VOID,train
RUN-003500,WO-001750,P03,L05,MCH-027,PRD-008,2025-11-20,26.98,0.8634,7.1,G2_mid,3.4,84.5,51.819,3.405,0.897,0,0.0125,0,SOLDER_VOID,train
RUN-003501,WO-001751,P03,L05,MCH-027,PRD-012,2025-11-20,25.86,0.9891,2.7,G3_junior,2.1,92.1,51.819,3.405,0.9,0,0.02,0,SOLDER_VOID,train
RUN-003502,WO-001751,P03,L05,MCH-029,PRD-012,2025-11-20,22.86,1.1052,14.6,G1_senior,2.1,92.1,51.588,3.006,0.839,0.0316,0.0,0,NONE,train
RUN-003503,WO-001752,P03,L05,MCH-028,PRD-008,2025-11-20,13.1,0.9986,2.0,G3_junior,3.4,84.5,55.928,3.305,0.728,0.0266,0.03,0,DIMENSION,train
RUN-003504,WO-001752,P03,L05,MCH-026,PRD-008,2025-11-20,18.7,0.9182,6.1,G2_mid,3.4,84.5,54.814,3.401,0.849,0.0337,0.02,0,SURFACE_DENT,train
RUN-003505,WO-001753,P03,L06,MCH-031,PRD-013,2025-11-20,24.74,1.1801,0.6,G3_junior,4.9,95.9,57.991,3.769,0.638,0.0377,0.05,0,SOLDER_VOID,train
RUN-003506,WO-001753,P03,L06,MCH-036,PRD-013,2025-11-20,27.0,0.9546,1.7,G3_junior,4.9,95.9,54.074,3.603,0.644,0.0456,0.005,0,NONE,train
RUN-003507,WO-001754,P03,L06,MCH-033,PRD-006,2025-11-20,27.15,0.8717,2.2,G3_junior,7.3,92.1,53.415,3.037,1.013,0.0718,0.04,0,SOLDER_VOID,train
RUN-003508,WO-001754,P03,L06,MCH-034,PRD-006,2025-11-20,27.97,1.0029,15.7,G1_senior,7.3,92.1,50.905,3.05,1.057,0.0587,0.04,0,SURFACE_DENT,train
RUN-003509,WO-001755,P03,L06,MCH-034,PRD-013,2025-11-20,33.11,0.9391,1.0,G3_junior,4.9,95.9,50.905,3.05,0.659,0.0259,0.0375,0,SURFACE_DENT,train
RUN-003510,WO-001755,P03,L06,MCH-031,PRD-013,2025-11-20,31.26,1.023,2.3,G3_junior,4.9,95.9,57.991,3.769,0.807,0.0443,0.02,0,CONTAMINATION,train
RUN-003535,WO-001768,P03,L05,MCH-029,PRD-077,2025-11-21,8.68,1.1105,1.0,G3_junior,1.7,96.1,54.222,3.077,0.824,0,0.02,0,SURFACE_DENT,train
RUN-003536,WO-001768,P03,L05,MCH-028,PRD-077,2025-11-21,8.73,1.0732,2.1,G3_junior,1.7,96.1,55.085,3.357,0.971,0.0088,0.0125,0,DIMENSION,train
RUN-003537,WO-001769,P03,L05,MCH-030,PRD-077,2025-11-21,17.71,0.8405,0.2,G3_junior,1.7,96.1,53.175,2.886,0.923,0.0155,0.0,0,NONE,train
RUN-003538,WO-001769,P03,L05,MCH-027,PRD-077,2025-11-21,21.11,1.1309,1.7,G3_junior,1.7,96.1,52.429,3.108,0.84,0.0233,0.02,0,SOLDER_VOID,train
RUN-003539,WO-001770,P03,L05,MCH-026,PRD-064,2025-11-21,29.22,0.9538,0.7,G3_junior,4.9,89.9,51.976,3.295,1.063,0.0576,0.032,0,CONTAMINATION,train
RUN-003540,WO-001770,P03,L05,MCH-027,PRD-064,2025-11-21,28.42,1.1779,11.2,G1_senior,4.9,89.9,52.429,3.108,0.648,0.0262,0.02,0,SOLDER_VOID,train
RUN-003541,WO-001771,P03,L06,MCH-031,PRD-061,2025-11-21,27.81,0.9708,2.9,G3_junior,4.8,76.8,53.412,3.136,0.827,0.0649,0.056,1,SURFACE_DENT,train
RUN-003542,WO-001771,P03,L06,MCH-032,PRD-061,2025-11-21,26.59,1.1504,2.9,G3_junior,4.8,76.8,50.736,8.33,1.071,0.0491,0.08,1,NONE,train
RUN-003543,WO-001772,P03,L06,MCH-036,PRD-061,2025-11-21,13.61,1.0027,7.6,G2_mid,4.8,76.8,51.371,3.383,0.763,0.0235,0.05,0,SCRATCH,train
RUN-003544,WO-001772,P03,L06,MCH-033,PRD-061,2025-11-21,20.92,0.9727,2.6,G3_junior,4.8,76.8,54.424,3.245,0.778,0.1393,0.07,1,DIMENSION,train
RUN-003545,WO-001773,P03,L06,MCH-034,PRD-061,2025-11-21,16.3,0.8804,6.5,G2_mid,4.8,76.8,51.383,5.095,0.932,0.0802,0.05,0,SURFACE_DENT,train
RUN-003546,WO-001773,P03,L06,MCH-036,PRD-061,2025-11-21,12.33,1.0229,2.3,G3_junior,4.8,76.8,51.371,3.383,0.623,0.0953,0.075,1,SOLDER_VOID,train
RUN-003567,WO-001784,P03,L05,MCH-027,PRD-031,2025-11-22,34.04,0.981,3.3,G2_mid,7.0,95.9,49.57,2.891,0.935,0.0536,0.05,0,MISSING_PART,train
RUN-003568,WO-001784,P03,L05,MCH-025,PRD-031,2025-11-22,36.18,1.1105,0.2,G3_junior,7.0,95.9,46.673,2.983,1.022,0.0894,0.0625,1,DIMENSION,train
RUN-003569,WO-001785,P03,L06,MCH-036,PRD-070,2025-11-22,24.38,0.9888,0,G0_unknown,3.9,87.4,49.903,3.615,0.894,0.0367,0.024,0,NONE,train
RUN-003570,WO-001785,P03,L06,MCH-032,PRD-070,2025-11-22,18.21,0.8583,3.3,G2_mid,3.9,87.4,47.353,3.001,0.63,0.0236,0.03,0,SURFACE_DENT,train
RUN-003575,WO-001788,P03,L06,MCH-035,PRD-078,2025-11-23,26.55,1.0025,2.2,G3_junior,4.6,84.7,50.072,3.578,0.854,0.0476,0.045,0,CONTAMINATION,train
RUN-003576,WO-001788,P03,L06,MCH-031,PRD-078,2025-11-23,26.13,0.9861,2.2,G3_junior,4.6,84.7,50.322,3.549,0.671,0.0716,0.04,0,MISSING_PART,train
RUN-003577,WO-001789,P03,L06,MCH-031,PRD-051,2025-11-23,24.01,0.8301,0.2,G3_junior,6.9,96.1,50.322,3.549,0.829,0.0454,0.07,1,SOLDER_VOID,train
RUN-003578,WO-001789,P03,L06,MCH-033,PRD-051,2025-11-23,27.93,0.9778,4.6,G2_mid,6.9,96.1,48.804,3.135,0.685,0.0544,0.03,0,DIMENSION,train
RUN-003603,WO-001802,P03,L05,MCH-026,PRD-020,2025-11-24,26.8,1.0848,11.2,G1_senior,7.8,84.7,54.559,4.047,0.795,0.0339,0.055,1,NONE,train
RUN-003604,WO-001802,P03,L05,MCH-030,PRD-020,2025-11-24,26.27,0.869,11.5,G1_senior,7.8,84.7,53.012,3.741,0.629,0.0867,0.08,1,SCRATCH,train
RUN-003605,WO-001803,P03,L05,MCH-030,PRD-020,2025-11-24,34.36,0.8796,1.0,G3_junior,7.8,84.7,53.012,3.741,1.091,0.094,0.075,1,NONE,train
RUN-003606,WO-001803,P03,L05,MCH-027,PRD-020,2025-11-24,32.43,0.9894,2.0,G3_junior,7.8,84.7,50.195,7.447,1.01,0.1116,0.1,1,SOLDER_VOID,train
RUN-003607,WO-001804,P03,L05,MCH-025,PRD-020,2025-11-24,29.46,1.1734,11.2,G1_senior,7.8,84.7,54.101,4.177,0.815,0.0747,0.06,1,MISSING_PART,train
RUN-003608,WO-001804,P03,L05,MCH-026,PRD-020,2025-11-24,29.55,0.9605,8.2,G1_senior,7.8,84.7,54.559,4.047,1.049,0.0867,0.075,1,DIMENSION,train
RUN-003609,WO-001805,P03,L06,MCH-033,PRD-012,2025-11-24,28.28,1.1569,6.5,G2_mid,2.1,92.1,55.503,3.347,1.069,0.0034,0.008,0,MISSING_PART,train
RUN-003610,WO-001805,P03,L06,MCH-032,PRD-012,2025-11-24,29.07,1.1575,0.7,G3_junior,2.1,92.1,53.183,3.143,0.693,0.0055,0.015,0,SCRATCH,train
RUN-003611,WO-001806,P03,L06,MCH-033,PRD-012,2025-11-24,23.62,0.9875,6.1,G2_mid,2.1,92.1,55.503,3.347,0.991,0.0057,0.016,0,SCRATCH,train
RUN-003612,WO-001806,P03,L06,MCH-034,PRD-012,2025-11-24,23.27,1.0649,0.7,G3_junior,2.1,92.1,51.304,3.534,0.737,0.0433,0.0125,0,SCRATCH,train
RUN-003613,WO-001807,P03,L06,MCH-034,PRD-012,2025-11-24,34.13,1.1738,5.8,G2_mid,2.1,92.1,51.304,3.534,0.95,0.0068,0.02,0,CONTAMINATION,train
RUN-003614,WO-001807,P03,L06,MCH-033,PRD-012,2025-11-24,32.22,0.8828,6.5,G2_mid,2.1,92.1,55.503,3.347,0.656,0.015,0.016,0,MISSING_PART,train
RUN-003639,WO-001820,P03,L05,MCH-029,PRD-079,2025-11-25,14.82,1.1184,2.2,G3_junior,3.3,71.4,50.634,3.15,1.034,0.0624,0.0625,1,DIMENSION,train
RUN-003640,WO-001820,P03,L05,MCH-030,PRD-079,2025-11-25,18.01,0.992,3.3,G2_mid,3.3,71.4,50.447,3.63,0.732,0.0438,0.065,1,SCRATCH,train
RUN-003641,WO-001821,P03,L05,MCH-030,PRD-022,2025-11-25,18.6,0.8455,0.6,G3_junior,4.3,85.8,50.447,3.63,0.813,0.0027,0.06,1,SURFACE_DENT,train
RUN-003642,WO-001821,P03,L05,MCH-029,PRD-022,2025-11-25,18.84,0.916,3.2,G2_mid,4.3,85.8,50.634,3.15,0.777,0.0512,0.025,0,CONTAMINATION,train
RUN-003643,WO-001822,P03,L05,MCH-027,PRD-022,2025-11-25,26.1,0.95,0.7,G3_junior,4.3,85.8,52.875,3.403,0.918,0.0623,0.04,0,SOLDER_VOID,train
RUN-003644,WO-001822,P03,L05,MCH-028,PRD-022,2025-11-25,24.21,1.0128,2.0,G3_junior,4.3,85.8,52.577,3.395,0.801,0.0751,0.02,0,MISSING_PART,train
RUN-003645,WO-001823,P03,L06,MCH-031,PRD-054,2025-11-25,34.96,0.8512,11.8,G1_senior,6.3,71.4,53.335,8.685,0.776,0.0888,0.08,1,CONTAMINATION,train
RUN-003646,WO-001823,P03,L06,MCH-034,PRD-054,2025-11-25,28.4,1.1281,0.6,G3_junior,6.3,71.4,52.291,4.106,0.961,0.0895,0.1,1,CONTAMINATION,train
RUN-003647,WO-001824,P03,L06,MCH-035,PRD-024,2025-11-25,30.73,0.9553,0.7,G3_junior,7.6,85.8,52.45,3.451,0.928,0.1184,0.1,1,SOLDER_VOID,train
RUN-003648,WO-001824,P03,L06,MCH-031,PRD-024,2025-11-25,27.81,1.096,2.8,G3_junior,7.6,85.8,53.335,8.685,0.699,0.1531,0.1,1,SCRATCH,train
RUN-003649,WO-001825,P03,L06,MCH-034,PRD-024,2025-11-25,21.71,0.9183,0.4,G3_junior,7.6,85.8,52.291,4.106,1.04,0.0996,0.08,1,SURFACE_DENT,train
RUN-003650,WO-001825,P03,L06,MCH-031,PRD-024,2025-11-25,21.87,1.1424,0.6,G3_junior,7.6,85.8,53.335,8.685,0.954,0.1261,0.0875,1,CONTAMINATION,train
RUN-003675,WO-001838,P03,L05,MCH-030,PRD-033,2025-11-26,16.6,1.0264,6.1,G2_mid,4.7,88.0,54.981,3.144,0.644,0.0458,0.0375,0,DIMENSION,train
RUN-003676,WO-001838,P03,L05,MCH-027,PRD-033,2025-11-26,17.35,1.2247,2.8,G3_junior,4.7,88.0,52.318,3.114,1.09,0.1018,0.0625,1,DIMENSION,train
RUN-003677,WO-001839,P03,L05,MCH-029,PRD-071,2025-11-26,29.6,1.0903,0.2,G3_junior,6.2,84.7,51.124,3.017,0.99,0.0541,0.08,1,SOLDER_VOID,train
RUN-003678,WO-001839,P03,L05,MCH-026,PRD-071,2025-11-26,35.88,1.0371,7.0,G2_mid,6.2,84.7,52.081,3.957,0.914,0.0879,0.06,1,SURFACE_DENT,train
RUN-003679,WO-001840,P03,L05,MCH-025,PRD-071,2025-11-26,17.3,1.1605,7.1,G2_mid,6.2,84.7,56.949,3.459,0.943,0.0285,0.05,0,DIMENSION,train
RUN-003680,WO-001840,P03,L05,MCH-030,PRD-071,2025-11-26,22.47,0.9298,7.2,G2_mid,6.2,84.7,54.981,3.144,0.754,0.0438,0.05,0,SCRATCH,train
RUN-003681,WO-001841,P03,L06,MCH-035,PRD-051,2025-11-26,23.1,1.1642,0.8,G3_junior,6.9,96.1,55.057,3.129,0.798,0.0828,0.06,1,SURFACE_DENT,train
RUN-003682,WO-001841,P03,L06,MCH-034,PRD-051,2025-11-26,24.85,1.0201,0.2,G3_junior,6.9,96.1,55.981,4.926,0.856,0.0439,0.04,0,SOLDER_VOID,train
RUN-003683,WO-001842,P03,L06,MCH-036,PRD-009,2025-11-26,21.67,1.0188,1.4,G3_junior,5.0,76.8,51.503,3.075,0.969,0.089,0.055,1,DIMENSION,train
RUN-003684,WO-001842,P03,L06,MCH-031,PRD-009,2025-11-26,23.97,0.9345,11.2,G1_senior,5.0,76.8,56.96,3.779,1.013,0,0.032,0,SOLDER_VOID,train
RUN-003685,WO-001843,P03,L06,MCH-032,PRD-051,2025-11-26,38.11,1.0767,7.6,G2_mid,6.9,96.1,57.875,4.221,0.982,0.0276,0.032,0,DIMENSION,train
RUN-003686,WO-001843,P03,L06,MCH-035,PRD-051,2025-11-26,36.77,0.8566,1.2,G3_junior,6.9,96.1,55.057,3.129,0.724,0.0396,0.04,0,MISSING_PART,train
RUN-003711,WO-001856,P03,L05,MCH-025,PRD-068,2025-11-27,34.31,1.0251,8.9,G1_senior,2.3,71.0,53.562,3.167,0.737,0.0249,0.035,0,SOLDER_VOID,train
RUN-003712,WO-001856,P03,L05,MCH-029,PRD-068,2025-11-27,35.73,0.8324,1.0,G3_junior,2.3,71.0,54.889,3.399,1.08,0,0.02,0,SCRATCH,train
RUN-003713,WO-001857,P03,L05,MCH-027,PRD-068,2025-11-27,20.61,0.8874,0.6,G3_junior,2.3,71.0,53.432,3.602,0.884,0.049,0.04,0,CONTAMINATION,train
RUN-003714,WO-001857,P03,L05,MCH-026,PRD-068,2025-11-27,20.06,1.0623,7.1,G2_mid,2.3,71.0,54.384,3.25,1.029,0.0055,0.02,1,DIMENSION,train
RUN-003715,WO-001858,P03,L05,MCH-027,PRD-070,2025-11-27,30.87,0.9071,2.8,G3_junior,3.9,87.4,53.432,3.602,0.666,0.0515,0.045,0,SURFACE_DENT,train
RUN-003716,WO-001858,P03,L05,MCH-029,PRD-070,2025-11-27,27.2,0.8931,4.6,G2_mid,3.9,87.4,54.889,3.399,0.704,0.0143,0.024,0,CONTAMINATION,train
RUN-003717,WO-001859,P03,L06,MCH-033,PRD-013,2025-11-27,20.52,0.9194,2.3,G3_junior,4.9,95.9,55.099,3.331,0.865,0,0.01,0,SOLDER_VOID,train
RUN-003718,WO-001859,P03,L06,MCH-035,PRD-013,2025-11-27,17.6,1.1239,1.3,G3_junior,4.9,95.9,52.724,3.249,0.702,0.0141,0.032,0,SOLDER_VOID,train
RUN-003719,WO-001860,P03,L06,MCH-032,PRD-013,2025-11-27,32.44,0.9364,1.2,G3_junior,4.9,95.9,57.726,13.839,1.05,0.0451,0.02,0,MISSING_PART,train
RUN-003720,WO-001860,P03,L06,MCH-031,PRD-013,2025-11-27,29.41,0.9546,7.6,G2_mid,4.9,95.9,53.96,3.54,0.695,0.0252,0.015,0,SURFACE_DENT,train
RUN-003721,WO-001861,P03,L06,MCH-035,PRD-059,2025-11-27,29.61,0.9872,8.9,G1_senior,5.9,88.6,52.724,3.249,0.625,0.0305,0.04,0,CONTAMINATION,train
RUN-003722,WO-001861,P03,L06,MCH-034,PRD-059,2025-11-27,29.13,1.0394,8.9,G1_senior,5.9,88.6,59.635,5.133,1.083,0.0102,0.024,0,DIMENSION,train
RUN-003747,WO-001874,P03,L05,MCH-026,PRD-044,2025-11-28,8.47,0.8561,2.8,G3_junior,4.1,88.0,50.897,3.6,0.745,0.0207,0.0375,0,SOLDER_VOID,train
RUN-003748,WO-001874,P03,L05,MCH-025,PRD-044,2025-11-28,13.62,1.1148,1.8,G3_junior,4.1,88.0,54.918,2.969,0.721,0.0463,0.0125,0,SOLDER_VOID,train
RUN-003749,WO-001875,P03,L05,MCH-029,PRD-044,2025-11-28,7.14,0.8753,0,G0_unknown,4.1,88.0,52.364,2.975,0.863,0.0177,0.04,0,CONTAMINATION,train
RUN-003750,WO-001875,P03,L05,MCH-028,PRD-044,2025-11-28,9.37,0.8251,3.3,G2_mid,4.1,88.0,53.384,3.739,0.942,0.0793,0.03,0,SOLDER_VOID,train
RUN-003751,WO-001876,P03,L05,MCH-028,PRD-044,2025-11-28,21.82,1.1395,1.0,G3_junior,4.1,88.0,53.384,3.739,0.829,0.016,0.024,0,DIMENSION,train
RUN-003752,WO-001876,P03,L05,MCH-029,PRD-044,2025-11-28,19.27,0.9534,2.8,G3_junior,4.1,88.0,52.364,2.975,0.97,0.0019,0.016,0,SOLDER_VOID,train
RUN-003753,WO-001877,P03,L06,MCH-032,PRD-034,2025-11-28,17.98,1.0678,1.0,G3_junior,2.6,96.1,61.071,5.519,0.703,0.0181,0.02,0,SOLDER_VOID,train
RUN-003754,WO-001877,P03,L06,MCH-035,PRD-034,2025-11-28,15.81,1.1757,2.8,G3_junior,2.6,96.1,53.28,3.016,1.015,0,0.0,0,NONE,train
RUN-003755,WO-001878,P03,L06,MCH-033,PRD-034,2025-11-28,20.32,1.1146,0.4,G3_junior,2.6,96.1,55.299,3.356,0.641,0,0.015,0,SOLDER_VOID,train
RUN-003756,WO-001878,P03,L06,MCH-032,PRD-034,2025-11-28,15.52,1.1356,0.6,G3_junior,2.6,96.1,61.071,5.519,0.754,0,0.025,0,SOLDER_VOID,train
RUN-003757,WO-001879,P03,L06,MCH-033,PRD-034,2025-11-28,25.52,1.1327,2.0,G3_junior,2.6,96.1,55.299,3.356,0.657,0.0016,0.0125,0,SCRATCH,train
RUN-003758,WO-001879,P03,L06,MCH-031,PRD-034,2025-11-28,30.31,0.9718,6.1,G2_mid,2.6,96.1,56.36,3.734,0.739,0.0148,0.0,0,NONE,train
RUN-003775,WO-001888,P03,L05,MCH-030,PRD-070,2025-11-29,19.95,0.9658,7.1,G2_mid,3.9,87.4,51.651,3.311,0.92,0.0421,0.03,0,SOLDER_VOID,train
RUN-003776,WO-001888,P03,L05,MCH-026,PRD-070,2025-11-29,17.85,1.0129,2.8,G3_junior,3.9,87.4,53.138,3.293,0.811,0.0045,0.0125,0,SCRATCH,train
RUN-003777,WO-001889,P03,L05,MCH-028,PRD-070,2025-11-29,20.24,0.8891,1.2,G3_junior,3.9,87.4,50.754,3.264,0.98,0.019,0.024,0,CONTAMINATION,train
RUN-003778,WO-001889,P03,L05,MCH-029,PRD-070,2025-11-29,23.55,0.9546,1.7,G3_junior,3.9,87.4,45.655,2.576,1.006,0.0161,0.0375,0,NONE,train
RUN-003779,WO-001890,P03,L05,MCH-025,PRD-007,2025-11-29,25.08,1.1029,4.6,G2_mid,3.9,88.0,50.104,3.152,0.635,0,0.04,0,SURFACE_DENT,train
RUN-003780,WO-001890,P03,L05,MCH-028,PRD-007,2025-11-29,27.57,1.1393,3.3,G2_mid,3.9,88.0,50.754,3.264,0.735,0,0.0,0,NONE,train
RUN-003781,WO-001891,P03,L06,MCH-032,PRD-014,2025-11-29,27.62,1.2243,1.0,G3_junior,5.0,85.8,59.704,6.104,0.863,0.0602,0.075,1,SCRATCH,train
RUN-003782,WO-001891,P03,L06,MCH-031,PRD-014,2025-11-29,30.29,1.1893,0.2,G3_junior,5.0,85.8,47.797,3.497,0.673,0.0603,0.0625,1,NONE,train
RUN-003783,WO-001892,P03,L06,MCH-034,PRD-078,2025-11-29,23.65,0.9083,15.7,G1_senior,4.6,84.7,59.676,6.56,1.023,0,0.016,0,MISSING_PART,train
RUN-003784,WO-001892,P03,L06,MCH-031,PRD-078,2025-11-29,21.99,0.9206,1.6,G3_junior,4.6,84.7,47.797,3.497,1.092,0.0698,0.05,0,SOLDER_VOID,train
RUN-003795,WO-001898,P03,L05,MCH-030,PRD-022,2025-11-30,19.42,1.0327,1.0,G3_junior,4.3,85.8,51.333,3.119,0.99,0.0391,0.04,0,SOLDER_VOID,train
RUN-003796,WO-001898,P03,L05,MCH-025,PRD-022,2025-11-30,25.12,1.0833,2.9,G3_junior,4.3,85.8,49.952,3.192,0.847,0.0258,0.04,0,SURFACE_DENT,train
RUN-003797,WO-001899,P03,L05,MCH-025,PRD-075,2025-11-30,26.71,0.9019,2.9,G3_junior,6.8,96.3,49.952,3.192,0.938,0.0624,0.056,1,SURFACE_DENT,train
RUN-003798,WO-001899,P03,L05,MCH-027,PRD-075,2025-11-30,31.03,1.0006,11.2,G1_senior,6.8,96.3,48.778,4.946,0.812,0,0.0,0,NONE,train
RUN-003799,WO-001900,P03,L06,MCH-034,PRD-066,2025-11-30,26.53,0.8683,1.2,G3_junior,7.6,88.6,60.435,16.692,0.818,0.0731,0.08,1,MISSING_PART,train
RUN-003800,WO-001900,P03,L06,MCH-032,PRD-066,2025-11-30,26.76,1.0583,2.7,G3_junior,7.6,88.6,62.197,6.511,1.066,0.1146,0.07,1,DIMENSION,train
RUN-003801,WO-001901,P03,L06,MCH-036,PRD-066,2025-11-30,31.1,1.1229,7.6,G2_mid,7.6,88.6,50.304,3.052,1.008,0.0256,0.06,1,SOLDER_VOID,train
RUN-003802,WO-001901,P03,L06,MCH-035,PRD-066,2025-11-30,32.8,0.9992,2.7,G3_junior,7.6,88.6,48.832,2.914,0.652,0.0298,0.05,0,SOLDER_VOID,train
RUN-003803,WO-001902,P03,L06,MCH-031,PRD-066,2025-11-30,26.28,1.1644,2.3,G3_junior,7.6,88.6,53.515,3.262,0.917,0.0653,0.085,1,SURFACE_DENT,train
RUN-003804,WO-001902,P03,L06,MCH-035,PRD-066,2025-11-30,28.22,1.0686,8.2,G1_senior,7.6,88.6,48.832,2.914,0.772,0.0227,0.065,1,CONTAMINATION,train
RUN-003829,WO-001915,P03,L05,MCH-030,PRD-050,2025-12-01,17.14,1.1409,3.3,G2_mid,5.5,88.6,52.982,3.359,0.899,0.0848,0.048,0,SOLDER_VOID,train
RUN-003830,WO-001915,P03,L05,MCH-028,PRD-050,2025-12-01,18.37,0.8746,1.4,G3_junior,5.5,88.6,58.722,4.137,0.777,0.0341,0.03,0,NONE,train
RUN-003831,WO-001916,P03,L05,MCH-028,PRD-012,2025-12-01,19.23,0.9084,0.2,G3_junior,2.1,92.1,58.722,4.137,0.621,0,0.008,0,DIMENSION,train
RUN-003832,WO-001916,P03,L05,MCH-030,PRD-012,2025-12-01,23.13,0.8311,3.3,G2_mid,2.1,92.1,52.982,3.359,1.012,0.0053,0.04,0,DIMENSION,train
RUN-003833,WO-001917,P03,L05,MCH-025,PRD-012,2025-12-01,16.62,0.9341,2.9,G3_junior,2.1,92.1,55.273,3.53,0.869,0.0261,0.02,0,MISSING_PART,train
RUN-003834,WO-001917,P03,L05,MCH-029,PRD-012,2025-12-01,15.27,1.0518,2.2,G3_junior,2.1,92.1,48.872,3.436,0.902,0.0331,0.02,0,SOLDER_VOID,train
RUN-003835,WO-001918,P03,L06,MCH-031,PRD-062,2025-12-01,24.14,1.0804,0.8,G3_junior,6.8,71.4,52.876,3.475,0.878,0.1042,0.13,1,SURFACE_DENT,train
RUN-003836,WO-001918,P03,L06,MCH-035,PRD-062,2025-12-01,24.47,1.0196,0.8,G3_junior,6.8,71.4,54.697,3.423,1.067,0.1396,0.096,1,SCRATCH,train
RUN-003837,WO-001919,P03,L06,MCH-035,PRD-064,2025-12-01,13.75,1.0224,1.0,G3_junior,4.9,89.9,54.697,3.423,0.774,0.0377,0.0375,0,SOLDER_VOID,train
RUN-003838,WO-001919,P03,L06,MCH-036,PRD-064,2025-12-01,9.02,0.9318,6.1,G2_mid,4.9,89.9,55.118,4.026,0.62,0.0131,0.025,0,SCRATCH,train
RUN-003839,WO-001920,P03,L06,MCH-033,PRD-071,2025-12-01,32.6,1.0812,1.0,G3_junior,6.2,84.7,54.046,3.497,0.905,0.1047,0.072,1,CONTAMINATION,train
RUN-003840,WO-001920,P03,L06,MCH-036,PRD-071,2025-12-01,34.01,1.1284,2.8,G3_junior,6.2,84.7,55.118,4.026,1.082,0.0614,0.05,0,SURFACE_DENT,train
RUN-003865,WO-001933,P03,L05,MCH-030,PRD-022,2025-12-02,32.01,0.9679,1.7,G3_junior,4.3,85.8,53.301,3.182,0.897,0.0001,0.02,0,SOLDER_VOID,train
RUN-003866,WO-001933,P03,L05,MCH-029,PRD-022,2025-12-02,26.2,1.1788,1.7,G3_junior,4.3,85.8,54.199,3.118,0.707,0.052,0.0625,1,DIMENSION,train
RUN-003867,WO-001934,P03,L05,MCH-025,PRD-008,2025-12-02,25.67,0.8411,2.6,G3_junior,3.4,84.5,53.809,4.02,0.921,0.0756,0.05,0,SCRATCH,train
RUN-003868,WO-001934,P03,L05,MCH-026,PRD-008,2025-12-02,25.62,1.1754,2.8,G3_junior,3.4,84.5,52.482,3.826,0.819,0.047,0.0375,0,MISSING_PART,train
RUN-003869,WO-001935,P03,L05,MCH-028,PRD-020,2025-12-02,31.86,1.0491,9.4,G1_senior,7.8,84.7,60.554,4.846,1.077,0.0867,0.075,1,MISSING_PART,train
RUN-003870,WO-001935,P03,L05,MCH-025,PRD-020,2025-12-02,27.37,1.0992,1.7,G3_junior,7.8,84.7,53.809,4.02,0.644,0.0942,0.08,1,DIMENSION,train
RUN-003871,WO-001936,P03,L06,MCH-035,PRD-038,2025-12-02,24.52,1.1031,0.2,G3_junior,3.2,85.8,51.637,3.214,0.756,0.0048,0.0125,0,SOLDER_VOID,train
RUN-003872,WO-001936,P03,L06,MCH-034,PRD-038,2025-12-02,24.38,0.8736,0.2,G3_junior,3.2,85.8,51.267,5.168,0.681,0.0332,0.04,0,MISSING_PART,train
RUN-003873,WO-001937,P03,L06,MCH-036,PRD-073,2025-12-02,17.94,1.0113,0.5,G3_junior,3.4,87.4,55.407,2.816,1.009,0,0.0,0,NONE,train
RUN-003874,WO-001937,P03,L06,MCH-035,PRD-073,2025-12-02,23.45,1.18,9.4,G1_senior,3.4,87.4,51.637,3.214,0.892,0,0.02,0,CONTAMINATION,train
RUN-003875,WO-001938,P03,L06,MCH-036,PRD-073,2025-12-02,34.93,0.9207,2.3,G3_junior,3.4,87.4,55.407,2.816,0.98,0.034,0.0125,0,SURFACE_DENT,train
RUN-003876,WO-001938,P03,L06,MCH-035,PRD-073,2025-12-02,33.04,0.8673,0.2,G3_junior,3.4,87.4,51.637,3.214,1.054,0.0342,0.02,0,DIMENSION,train
RUN-003901,WO-001951,P03,L05,MCH-027,PRD-039,2025-12-03,20.69,1.0641,15.7,G1_senior,5.6,96.1,51.322,3.223,1.004,0,0.0,0,NONE,train
RUN-003902,WO-001951,P03,L05,MCH-028,PRD-039,2025-12-03,21.51,0.8587,15.7,G1_senior,5.6,96.1,60.346,5.549,0.924,0.0192,0.016,0,DIMENSION,train
RUN-003903,WO-001952,P03,L05,MCH-030,PRD-039,2025-12-03,23.56,0.9217,7.0,G2_mid,5.6,96.1,52.608,3.593,0.913,0,0.024,0,SURFACE_DENT,train
RUN-003904,WO-001952,P03,L05,MCH-029,PRD-039,2025-12-03,21.57,1.04,1.0,G3_junior,5.6,96.1,51.827,3.694,0.805,0,0.032,0,SURFACE_DENT,train
RUN-003905,WO-001953,P03,L05,MCH-028,PRD-068,2025-12-03,26.25,1.1256,15.7,G1_senior,2.3,71.0,60.346,5.549,0.797,0.0125,0.0125,0,SURFACE_DENT,train
RUN-003906,WO-001953,P03,L05,MCH-029,PRD-068,2025-12-03,25.1,1.0913,15.7,G1_senior,2.3,71.0,51.827,3.694,0.679,0.0305,0.025,0,CONTAMINATION,train
RUN-003907,WO-001954,P03,L06,MCH-032,PRD-071,2025-12-03,32.46,0.8907,0.5,G3_junior,6.2,84.7,50.764,3.385,0.669,0.0432,0.04,0,DIMENSION,train
RUN-003908,WO-001954,P03,L06,MCH-035,PRD-071,2025-12-03,29.05,0.996,11.8,G1_senior,6.2,84.7,52.499,2.708,0.922,0.0432,0.04,0,SCRATCH,train
RUN-003909,WO-001955,P03,L06,MCH-034,PRD-071,2025-12-03,23.14,0.8937,3.3,G2_mid,6.2,84.7,52.691,3.132,0.742,0.0679,0.08,1,CONTAMINATION,train
RUN-003910,WO-001955,P03,L06,MCH-035,PRD-071,2025-12-03,21.12,1.0582,2.9,G3_junior,6.2,84.7,52.499,2.708,0.805,0.0475,0.05,0,SOLDER_VOID,train
RUN-003911,WO-001956,P03,L06,MCH-033,PRD-037,2025-12-03,31.69,0.8469,6.1,G2_mid,4.2,88.0,53.851,3.494,0.923,0.0222,0.0,0,NONE,train
RUN-003912,WO-001956,P03,L06,MCH-031,PRD-037,2025-12-03,31.76,0.9937,2.0,G3_junior,4.2,88.0,53.201,3.654,0.804,0.0537,0.0375,0,SCRATCH,train
RUN-003937,WO-001969,P03,L05,MCH-026,PRD-029,2025-12-04,36.21,0.9408,3.1,G2_mid,6.6,87.0,53.323,3.426,0.878,0.0292,0.04,0,SCRATCH,train
RUN-003938,WO-001969,P03,L05,MCH-028,PRD-029,2025-12-04,36.28,1.1218,0.2,G3_junior,6.6,87.0,63.629,6.061,1.007,0.0802,0.07,1,SOLDER_VOID,train
RUN-003939,WO-001970,P03,L05,MCH-025,PRD-029,2025-12-04,27.52,1.0646,0.6,G3_junior,6.6,87.0,55.839,3.101,1.069,0.0934,0.08,1,SCRATCH,train
RUN-003940,WO-001970,P03,L05,MCH-030,PRD-029,2025-12-04,29.17,1.1673,1.6,G3_junior,6.6,87.0,54.085,3.048,0.716,0.1344,0.1,1,SCRATCH,train
RUN-003941,WO-001971,P03,L05,MCH-027,PRD-029,2025-12-04,27.04,1.1612,18,G1_senior,6.6,87.0,51.064,2.939,0.855,0,0.03,0,SURFACE_DENT,train
RUN-003942,WO-001971,P03,L05,MCH-028,PRD-029,2025-12-04,33.1,1.1034,2.9,G3_junior,6.6,87.0,63.629,6.061,0.868,0.0518,0.04,0,NONE,train
RUN-003943,WO-001972,P03,L06,MCH-036,PRD-058,2025-12-04,19.92,1.1466,4.7,G2_mid,8.8,71.4,53.937,3.138,0.932,0.0814,0.135,1,CONTAMINATION,train
RUN-003944,WO-001972,P03,L06,MCH-035,PRD-058,2025-12-04,21.61,0.859,3.1,G2_mid,8.8,71.4,53.148,3.027,0.977,0.1074,0.14,1,SURFACE_DENT,train
RUN-003945,WO-001973,P03,L06,MCH-031,PRD-058,2025-12-04,27.6,1.1538,0.4,G3_junior,8.8,71.4,54.371,3.527,0.913,0.1276,0.13,1,DIMENSION,train
RUN-003946,WO-001973,P03,L06,MCH-035,PRD-058,2025-12-04,32.5,1.1122,7.1,G2_mid,8.8,71.4,53.148,3.027,1.039,0.1544,0.13,1,SURFACE_DENT,train
RUN-003947,WO-001974,P03,L06,MCH-032,PRD-058,2025-12-04,25.88,0.9046,12.8,G1_senior,8.8,71.4,52.844,2.882,0.79,0.1493,0.105,1,DIMENSION,train
RUN-003948,WO-001974,P03,L06,MCH-034,PRD-058,2025-12-04,21.69,0.9215,2.3,G3_junior,8.8,71.4,50.184,2.807,0.853,0.1242,0.15,1,SURFACE_DENT,train
RUN-003973,WO-001987,P03,L05,MCH-029,PRD-071,2025-12-05,13.28,0.9388,3.2,G2_mid,6.2,84.7,55.76,3.364,0.971,0.0656,0.0625,1,SURFACE_DENT,train
RUN-003974,WO-001987,P03,L05,MCH-028,PRD-071,2025-12-05,14.9,1.1043,2.9,G3_junior,6.2,84.7,63.568,6.746,0.803,0.0589,0.056,1,CONTAMINATION,train
RUN-003975,WO-001988,P03,L05,MCH-029,PRD-071,2025-12-05,28.0,0.9749,11.2,G1_senior,6.2,84.7,55.76,3.364,0.624,0.0231,0.025,0,DIMENSION,train
RUN-003976,WO-001988,P03,L05,MCH-027,PRD-071,2025-12-05,30.66,1.1635,2.1,G3_junior,6.2,84.7,49.89,3.285,0.919,0.1243,0.08,1,SCRATCH,train
RUN-003977,WO-001989,P03,L05,MCH-029,PRD-079,2025-12-05,21.4,1.0348,1.8,G3_junior,3.3,71.4,55.76,3.364,0.655,0.0651,0.075,1,MISSING_PART,train
RUN-003978,WO-001989,P03,L05,MCH-028,PRD-079,2025-12-05,28.2,1.0653,0.8,G3_junior,3.3,71.4,63.568,6.746,0.936,0,0.04,0,SCRATCH,train
RUN-003979,WO-001990,P03,L06,MCH-031,PRD-066,2025-12-05,24.06,1.0184,5.7,G2_mid,7.6,88.6,56.979,3.619,0.744,0.0666,0.075,1,DIMENSION,train
RUN-003980,WO-001990,P03,L06,MCH-035,PRD-066,2025-12-05,27.46,1.1125,0.2,G3_junior,7.6,88.6,52.019,3.267,0.971,0.0912,0.0875,1,SURFACE_DENT,train
RUN-003981,WO-001991,P03,L06,MCH-032,PRD-069,2025-12-05,23.38,1.133,12.8,G1_senior,10,88.6,54.945,2.963,0.761,0.0632,0.0875,1,DIMENSION,train
RUN-003982,WO-001991,P03,L06,MCH-036,PRD-069,2025-12-05,28.39,1.1584,2.7,G3_junior,10,88.6,54.796,3.461,1.08,0.1372,0.1375,1,SURFACE_DENT,train
RUN-003983,WO-001992,P03,L06,MCH-034,PRD-003,2025-12-05,19.75,0.822,2.8,G3_junior,4.8,95.9,50.071,2.563,1.015,0.0198,0.02,0,CONTAMINATION,train
RUN-003984,WO-001992,P03,L06,MCH-035,PRD-003,2025-12-05,18.09,1.1521,3.2,G2_mid,4.8,95.9,52.019,3.267,0.64,0.059,0.03,0,SURFACE_DENT,train
RUN-003997,WO-001999,P03,L05,MCH-029,PRD-079,2025-12-06,28.29,1.0216,7.6,G2_mid,3.3,71.4,49.778,3.282,0.888,0,0.04,0,MISSING_PART,train
RUN-003998,WO-001999,P03,L05,MCH-027,PRD-079,2025-12-06,33.52,1.1757,2.6,G3_junior,3.3,71.4,49.305,2.956,0.945,0.0075,0.056,1,DIMENSION,train
RUN-003999,WO-002000,P03,L06,MCH-031,PRD-061,2025-12-06,33.04,0.9703,2.8,G3_junior,4.8,76.8,49.759,2.838,0.711,0.0888,0.056,1,DIMENSION,train
RUN-004000,WO-002000,P03,L06,MCH-033,PRD-061,2025-12-06,34.35,1.1107,2.9,G3_junior,4.8,76.8,49.879,3.309,0.878,0.0725,0.065,1,SCRATCH,train
RUN-004001,WO-002001,P03,L06,MCH-031,PRD-061,2025-12-06,26.41,0.8998,0.2,G3_junior,4.8,76.8,49.759,2.838,0.758,0.0615,0.07,1,SCRATCH,train
RUN-004002,WO-002001,P03,L06,MCH-033,PRD-061,2025-12-06,22.46,1.1647,3.4,G2_mid,4.8,76.8,49.879,3.309,1.046,0.0906,0.0625,1,CONTAMINATION,train
RUN-004017,WO-002009,P03,L05,MCH-027,PRD-010,2025-12-07,23.47,0.9113,0.8,G3_junior,6.9,97.0,48.117,2.724,0.775,0.0518,0.05,0,DIMENSION,train
RUN-004018,WO-002009,P03,L05,MCH-028,PRD-010,2025-12-07,24.88,0.9645,4.6,G2_mid,6.9,97.0,67.139,16.878,0.938,0.0528,0.05,0,DIMENSION,train
RUN-004019,WO-002010,P03,L06,MCH-031,PRD-038,2025-12-07,25.45,0.8687,0,G0_unknown,3.2,85.8,52.966,3.731,0.829,0.0212,0.03,0,SOLDER_VOID,train
RUN-004020,WO-002010,P03,L06,MCH-032,PRD-038,2025-12-07,22.8,0.8282,14.6,G1_senior,3.2,85.8,49.653,3.468,0.8,0.0593,0.02,0,SOLDER_VOID,train
RUN-004021,WO-002011,P03,L06,MCH-036,PRD-071,2025-12-07,26.28,0.9559,1.2,G3_junior,6.2,84.7,50.098,3.139,1.075,0.0757,0.0625,1,SCRATCH,train
RUN-004022,WO-002011,P03,L06,MCH-035,PRD-071,2025-12-07,25.92,0.9629,0.2,G3_junior,6.2,84.7,48.367,3.134,0.769,0.0748,0.07,1,DIMENSION,train
RUN-004023,WO-002012,P03,L06,MCH-036,PRD-004,2025-12-07,14.2,0.9694,2.9,G3_junior,3.9,95.9,50.098,3.139,0.783,0.0332,0.0125,0,CONTAMINATION,train
RUN-004024,WO-002012,P03,L06,MCH-034,PRD-004,2025-12-07,16.26,1.0781,9.4,G1_senior,3.9,95.9,45.375,2.723,1.039,0,0.0,0,NONE,train
RUN-004049,WO-002025,P03,L05,MCH-025,PRD-079,2025-12-08,20.59,0.9023,0.2,G3_junior,3.3,71.4,51.171,3.302,0.645,0.0912,0.06,1,SOLDER_VOID,train
RUN-004050,WO-002025,P03,L05,MCH-029,PRD-079,2025-12-08,14.68,0.9822,3.3,G2_mid,3.3,71.4,53.385,3.215,0.942,0.0994,0.06,1,SOLDER_VOID,train
RUN-004051,WO-002026,P03,L05,MCH-029,PRD-079,2025-12-08,22.4,1.0752,2.8,G3_junior,3.3,71.4,53.385,3.215,0.962,0.0656,0.064,1,SCRATCH,train
RUN-004052,WO-002026,P03,L05,MCH-027,PRD-079,2025-12-08,24.89,0.8295,11.2,G1_senior,3.3,71.4,51.645,2.676,0.649,0.0149,0.032,0,DIMENSION,train
RUN-004053,WO-002027,P03,L05,MCH-027,PRD-079,2025-12-08,30.39,0.8337,3.3,G2_mid,3.3,71.4,51.645,2.676,0.721,0.0505,0.04,0,MISSING_PART,train
RUN-004054,WO-002027,P03,L05,MCH-026,PRD-079,2025-12-08,24.04,1.1212,7.2,G2_mid,3.3,71.4,55.688,3.473,0.644,0.0507,0.045,0,SURFACE_DENT,train
RUN-004055,WO-002028,P03,L06,MCH-033,PRD-073,2025-12-08,28.08,0.96,18,G1_senior,3.4,87.4,55.386,3.505,0.939,0.0201,0.024,0,SOLDER_VOID,train
RUN-004056,WO-002028,P03,L06,MCH-031,PRD-073,2025-12-08,27.11,1.0107,2.8,G3_junior,3.4,87.4,53.067,3.437,0.913,0,0.0125,0,SURFACE_DENT,train
RUN-004057,WO-002029,P03,L06,MCH-036,PRD-073,2025-12-08,16.7,1.0733,1.4,G3_junior,3.4,87.4,54.848,3.58,0.871,0.0179,0.05,0,CONTAMINATION,train
RUN-004058,WO-002029,P03,L06,MCH-033,PRD-073,2025-12-08,21.31,1.064,0,G0_unknown,3.4,87.4,55.386,3.505,0.842,0.0376,0.03,0,SURFACE_DENT,train
RUN-004059,WO-002030,P03,L06,MCH-036,PRD-073,2025-12-08,21.58,1.1587,0.7,G3_junior,3.4,87.4,54.848,3.58,0.959,0.0293,0.04,0,SCRATCH,train
RUN-004060,WO-002030,P03,L06,MCH-032,PRD-073,2025-12-08,18.98,0.9567,6.5,G2_mid,3.4,87.4,51.559,3.092,0.935,0.0248,0.015,0,MISSING_PART,train
RUN-004085,WO-002043,P03,L05,MCH-027,PRD-020,2025-12-09,25.86,0.9566,2.6,G3_junior,7.8,84.7,53.269,2.964,0.729,0.0809,0.072,1,SCRATCH,train
RUN-004086,WO-002043,P03,L05,MCH-029,PRD-020,2025-12-09,25.88,1.1455,1.2,G3_junior,7.8,84.7,53.085,3.437,0.806,0.1346,0.11,1,MISSING_PART,train
RUN-004087,WO-002044,P03,L05,MCH-026,PRD-020,2025-12-09,30.13,1.0617,0.2,G3_junior,7.8,84.7,58.574,3.746,0.794,0.0465,0.1,1,SOLDER_VOID,train
RUN-004088,WO-002044,P03,L05,MCH-029,PRD-020,2025-12-09,25.33,0.8786,12.8,G1_senior,7.8,84.7,53.085,3.437,1.013,0.0838,0.06,1,MISSING_PART,train
RUN-004089,WO-002045,P03,L05,MCH-027,PRD-020,2025-12-09,26.24,1.0096,0.2,G3_junior,7.8,84.7,53.269,2.964,0.84,0.0873,0.088,1,SCRATCH,train
RUN-004090,WO-002045,P03,L05,MCH-026,PRD-020,2025-12-09,27.43,0.9085,7.0,G2_mid,7.8,84.7,58.574,3.746,1.1,0.0627,0.07,1,SOLDER_VOID,train
RUN-004091,WO-002046,P03,L06,MCH-035,PRD-043,2025-12-09,16.53,0.8425,3.0,G3_junior,4.2,84.5,52.951,4.138,1.044,0.0387,0.03,0,NONE,train
RUN-004092,WO-002046,P03,L06,MCH-033,PRD-043,2025-12-09,14.56,0.8442,2.0,G3_junior,4.2,84.5,54.041,4.08,0.856,0.0345,0.04,0,DIMENSION,train
RUN-004093,WO-002047,P03,L06,MCH-032,PRD-013,2025-12-09,9.46,0.8653,0.2,G3_junior,4.9,95.9,53.315,2.899,0.97,0,0.03,0,SCRATCH,train
RUN-004094,WO-002047,P03,L06,MCH-033,PRD-013,2025-12-09,16.49,0.9289,1.7,G3_junior,4.9,95.9,54.041,4.08,0.719,0.0114,0.025,0,SURFACE_DENT,train
RUN-004095,WO-002048,P03,L06,MCH-036,PRD-034,2025-12-09,20.37,0.9203,2.1,G3_junior,2.6,96.1,53.109,3.306,0.749,0.0194,0.02,0,SCRATCH,train
RUN-004096,WO-002048,P03,L06,MCH-035,PRD-034,2025-12-09,23.99,1.2162,6.1,G2_mid,2.6,96.1,52.951,4.138,0.999,0.0188,0.0125,0,SOLDER_VOID,train
RUN-004121,WO-002061,P03,L05,MCH-027,PRD-043,2025-12-10,29.78,0.919,12.8,G1_senior,4.2,84.5,51.918,3.25,0.983,0.0249,0.024,0,SCRATCH,train
RUN-004122,WO-002061,P03,L05,MCH-030,PRD-043,2025-12-10,26.72,0.9826,3.4,G2_mid,4.2,84.5,64.918,6.231,0.791,0,0.008,0,NONE,train
RUN-004123,WO-002062,P03,L05,MCH-026,PRD-043,2025-12-10,25.28,1.0889,5.7,G2_mid,4.2,84.5,56.158,11.432,1.055,0.0633,0.04,0,SCRATCH,train
RUN-004124,WO-002062,P03,L05,MCH-027,PRD-043,2025-12-10,25.24,0.8763,10.6,G1_senior,4.2,84.5,51.918,3.25,0.709,0.0038,0.0,0,NONE,train
RUN-004125,WO-002063,P03,L05,MCH-030,PRD-043,2025-12-10,37.28,0.8729,11.2,G1_senior,4.2,84.5,64.918,6.231,0.718,0.0033,0.02,0,DIMENSION,train
RUN-004126,WO-002063,P03,L05,MCH-026,PRD-043,2025-12-10,34.99,1.1361,10.6,G1_senior,4.2,84.5,56.158,11.432,0.842,0.0474,0.05,0,SURFACE_DENT,train
RUN-004127,WO-002064,P03,L06,MCH-036,PRD-069,2025-12-10,32.92,1.0255,15.7,G1_senior,10,88.6,54.152,3.276,1.068,0.0969,0.088,1,MISSING_PART,train
RUN-004128,WO-002064,P03,L06,MCH-033,PRD-069,2025-12-10,32.8,1.0111,2.8,G3_junior,10,88.6,59.01,3.574,1.065,0.1664,0.125,1,MISSING_PART,train
RUN-004129,WO-002065,P03,L06,MCH-032,PRD-069,2025-12-10,19.75,1.1393,0.2,G3_junior,10,88.6,51.255,2.896,0.876,0.1242,0.12,1,DIMENSION,train
RUN-004130,WO-002065,P03,L06,MCH-036,PRD-069,2025-12-10,20.4,0.9268,5.7,G2_mid,10,88.6,54.152,3.276,0.916,0.1484,0.12,1,SCRATCH,train
RUN-004131,WO-002066,P03,L06,MCH-033,PRD-069,2025-12-10,37.27,0.9825,0.8,G3_junior,10,88.6,59.01,3.574,1.023,0.1403,0.13,1,CONTAMINATION,train
RUN-004132,WO-002066,P03,L06,MCH-031,PRD-069,2025-12-10,31.07,0.9594,0.2,G3_junior,10,88.6,56.586,3.733,0.708,0.0658,0.08,1,CONTAMINATION,train
RUN-004157,WO-002079,P03,L05,MCH-025,PRD-033,2025-12-11,35.71,0.9192,2.2,G3_junior,4.7,88.0,54.592,3.314,0.737,0.0171,0.035,0,SURFACE_DENT,train
RUN-004158,WO-002079,P03,L05,MCH-030,PRD-033,2025-12-11,30.68,1.0137,11.8,G1_senior,4.7,88.0,65.648,7.101,1.062,0,0.0125,0,SOLDER_VOID,train
RUN-004159,WO-002080,P03,L05,MCH-025,PRD-052,2025-12-11,29.92,0.8895,1.2,G3_junior,7.2,82.7,54.592,3.314,1.03,0.0676,0.08,1,MISSING_PART,train
RUN-004160,WO-002080,P03,L05,MCH-029,PRD-052,2025-12-11,23.57,0.9372,1.7,G3_junior,7.2,82.7,54.383,2.947,0.857,0.0965,0.096,1,SURFACE_DENT,train
RUN-004161,WO-002081,P03,L05,MCH-026,PRD-052,2025-12-11,26.39,0.8275,3.3,G2_mid,7.2,82.7,52.755,3.711,0.918,0.1096,0.128,1,SCRATCH,train
RUN-004162,WO-002081,P03,L05,MCH-025,PRD-052,2025-12-11,20.9,1.0779,4.8,G2_mid,7.2,82.7,54.592,3.314,0.723,0.0911,0.0875,1,SURFACE_DENT,train
RUN-004163,WO-002082,P03,L06,MCH-034,PRD-006,2025-12-11,22.75,1.0178,3.3,G2_mid,7.3,92.1,53.488,3.297,1.037,0.0345,0.048,0,DIMENSION,train
RUN-004164,WO-002082,P03,L06,MCH-031,PRD-006,2025-12-11,15.56,0.9366,0.8,G3_junior,7.3,92.1,58.379,3.305,1.026,0.0353,0.0625,1,DIMENSION,train
RUN-004165,WO-002083,P03,L06,MCH-032,PRD-061,2025-12-11,35.1,1.0742,2.0,G3_junior,4.8,76.8,54.052,3.218,0.812,0.0337,0.06,1,CONTAMINATION,train
RUN-004166,WO-002083,P03,L06,MCH-035,PRD-061,2025-12-11,28.63,0.9897,0.2,G3_junior,4.8,76.8,51.824,2.885,0.685,0.048,0.06,1,SURFACE_DENT,train
RUN-004167,WO-002084,P03,L06,MCH-032,PRD-013,2025-12-11,27.37,0.9052,2.8,G3_junior,4.9,95.9,54.052,3.218,1.022,0.0929,0.04,0,MISSING_PART,train
RUN-004168,WO-002084,P03,L06,MCH-033,PRD-013,2025-12-11,22.19,0.9079,2.9,G3_junior,4.9,95.9,55.925,3.333,0.837,0.0369,0.02,0,SOLDER_VOID,train
RUN-004193,WO-002097,P03,L05,MCH-027,PRD-055,2025-12-12,19.82,1.092,4.8,G2_mid,4.8,87.4,50.037,2.969,1.052,0.0431,0.025,0,SURFACE_DENT,train
RUN-004194,WO-002097,P03,L05,MCH-028,PRD-055,2025-12-12,21.83,1.0955,4.6,G2_mid,4.8,87.4,55.37,3.519,0.728,0.0316,0.02,0,NONE,train
RUN-004195,WO-002098,P03,L05,MCH-025,PRD-055,2025-12-12,30.32,1.1799,1.0,G3_junior,4.8,87.4,53.626,3.277,0.799,0.0744,0.055,1,SOLDER_VOID,train
RUN-004196,WO-002098,P03,L05,MCH-029,PRD-055,2025-12-12,30.86,1.1044,0.2,G3_junior,4.8,87.4,51.333,2.91,0.729,0.0197,0.032,0,MISSING_PART,train
RUN-004197,WO-002099,P03,L05,MCH-030,PRD-055,2025-12-12,15.3,1.0004,7.6,G2_mid,4.8,87.4,69.438,7.331,0.87,0.0672,0.0375,0,MISSING_PART,train
RUN-004198,WO-002099,P03,L05,MCH-028,PRD-055,2025-12-12,13.15,0.9498,3.4,G2_mid,4.8,87.4,55.37,3.519,1.098,0.0022,0.0375,0,MISSING_PART,train
RUN-004199,WO-002100,P03,L06,MCH-033,PRD-006,2025-12-12,35.13,0.9922,0.8,G3_junior,7.3,92.1,53.002,3.685,0.904,0.0535,0.045,0,SOLDER_VOID,train
RUN-004200,WO-002100,P03,L06,MCH-031,PRD-006,2025-12-12,34.8,1.1404,11.2,G1_senior,7.3,92.1,56.367,3.618,0.781,0.0331,0.02,0,DIMENSION,train
RUN-004201,WO-002101,P03,L06,MCH-035,PRD-006,2025-12-12,20.64,0.8888,2.0,G3_junior,7.3,92.1,51.178,3.376,0.823,0.0657,0.06,1,MISSING_PART,train
RUN-004202,WO-002101,P03,L06,MCH-034,PRD-006,2025-12-12,17.89,0.9002,5.8,G2_mid,7.3,92.1,49.254,2.593,0.622,0.0896,0.048,0,CONTAMINATION,train
RUN-004203,WO-002102,P03,L06,MCH-031,PRD-006,2025-12-12,38.66,0.9694,8.2,G1_senior,7.3,92.1,56.367,3.618,1.085,0.0485,0.02,0,DIMENSION,train
RUN-004204,WO-002102,P03,L06,MCH-035,PRD-006,2025-12-12,32.95,1.1768,1.3,G3_junior,7.3,92.1,51.178,3.376,0.806,0.095,0.072,1,CONTAMINATION,train
RUN-004219,WO-002110,P03,L05,MCH-025,PRD-063,2025-12-13,27.92,0.8876,1.2,G3_junior,5.7,84.5,49.987,3.119,0.832,0.069,0.064,1,MISSING_PART,train
RUN-004220,WO-002110,P03,L05,MCH-026,PRD-063,2025-12-13,26.85,0.9774,0.2,G3_junior,5.7,84.5,51.125,4.217,0.841,0.0275,0.04,0,DIMENSION,train
RUN-004221,WO-002111,P03,L05,MCH-026,PRD-002,2025-12-13,27.8,1.0163,0.2,G3_junior,5.3,88.0,51.125,4.217,0.636,0.0546,0.06,1,CONTAMINATION,train
RUN-004222,WO-002111,P03,L05,MCH-025,PRD-002,2025-12-13,23.28,0.9454,0.2,G3_junior,5.3,88.0,49.987,3.119,1.095,0.0132,0.05,0,MISSING_PART,train
RUN-004223,WO-002112,P03,L06,MCH-032,PRD-051,2025-12-13,26.99,0.9978,3.3,G2_mid,6.9,96.1,46.381,2.944,0.782,0.0552,0.05,0,SURFACE_DENT,train
RUN-004224,WO-002112,P03,L06,MCH-036,PRD-051,2025-12-13,31.22,1.0351,0,G0_unknown,6.9,96.1,50.889,3.272,0.964,0.0582,0.0625,1,DIMENSION,train
RUN-004233,WO-002117,P03,L05,MCH-028,PRD-010,2025-12-14,38.0,0.9261,3.3,G2_mid,6.9,97.0,49.759,3.624,0.875,0.0597,0.05,0,DIMENSION,train
RUN-004234,WO-002117,P03,L05,MCH-026,PRD-010,2025-12-14,36.64,1.1074,0.2,G3_junior,6.9,97.0,47.207,3.531,0.755,0.0272,0.0375,0,CONTAMINATION,train
RUN-004235,WO-002118,P03,L05,MCH-025,PRD-010,2025-12-14,22.52,1.1163,6.5,G2_mid,6.9,97.0,48.393,3.137,0.738,0.0195,0.03,1,DIMENSION,train
RUN-004236,WO-002118,P03,L05,MCH-026,PRD-010,2025-12-14,27.92,0.866,6.1,G2_mid,6.9,97.0,47.207,3.531,0.72,0.0234,0.04,0,MISSING_PART,train
RUN-004261,WO-002131,P03,L05,MCH-029,PRD-070,2025-12-15,18.25,1.0448,2.2,G3_junior,3.9,87.4,50.54,2.911,1.098,0.0827,0.04,0,CONTAMINATION,train
RUN-004262,WO-002131,P03,L05,MCH-030,PRD-070,2025-12-15,17.64,0.995,11.8,G1_senior,3.9,87.4,51.162,3.329,1.007,0.0406,0.02,0,SURFACE_DENT,train
RUN-004263,WO-002132,P03,L05,MCH-025,PRD-070,2025-12-15,24.98,1.0028,0.6,G3_junior,3.9,87.4,51.607,3.643,0.778,0.0089,0.02,0,CONTAMINATION,train
RUN-004264,WO-002132,P03,L05,MCH-027,PRD-070,2025-12-15,31.63,1.0907,0.6,G3_junior,3.9,87.4,56.359,4.396,1.055,0.039,0.025,0,MISSING_PART,train
RUN-004265,WO-002133,P03,L05,MCH-028,PRD-070,2025-12-15,33.09,1.1792,2.1,G3_junior,3.9,87.4,53.706,3.305,0.818,0.001,0.025,0,DIMENSION,train
RUN-004266,WO-002133,P03,L05,MCH-025,PRD-070,2025-12-15,32.37,1.0381,1.3,G3_junior,3.9,87.4,51.607,3.643,0.772,0.0577,0.048,0,SOLDER_VOID,train
RUN-004267,WO-002134,P03,L06,MCH-034,PRD-048,2025-12-15,15.59,1.1021,2.2,G3_junior,4.6,96.1,48.22,2.776,0.641,0.0498,0.025,0,SCRATCH,train
RUN-004268,WO-002134,P03,L06,MCH-032,PRD-048,2025-12-15,12.55,1.0052,1.7,G3_junior,4.6,96.1,53.239,3.355,1.026,0.0369,0.04,0,SOLDER_VOID,train
RUN-004269,WO-002135,P03,L06,MCH-036,PRD-069,2025-12-15,33.11,1.0191,2.8,G3_junior,10,88.6,55.425,3.667,0.914,0.1286,0.12,1,CONTAMINATION,train
RUN-004270,WO-002135,P03,L06,MCH-033,PRD-069,2025-12-15,31.68,1.0605,6.5,G2_mid,10,88.6,54.888,3.969,1.025,0.1566,0.136,1,SCRATCH,train
RUN-004271,WO-002136,P03,L06,MCH-033,PRD-069,2025-12-15,35.24,0.8917,1.8,G3_junior,10,88.6,54.888,3.969,0.95,0.1556,0.12,1,SCRATCH,train
RUN-004272,WO-002136,P03,L06,MCH-034,PRD-069,2025-12-15,35.1,0.9252,0,G0_unknown,10,88.6,48.22,2.776,1.089,0.1208,0.1375,1,MISSING_PART,train
RUN-004297,WO-002149,P03,L05,MCH-025,PRD-063,2025-12-16,23.61,0.9851,0.6,G3_junior,5.7,84.5,57.906,3.159,0.984,0.0799,0.088,1,MISSING_PART,train
RUN-004298,WO-002149,P03,L05,MCH-028,PRD-063,2025-12-16,18.27,1.0382,7.2,G2_mid,5.7,84.5,54.475,3.205,0.956,0.0458,0.04,0,SOLDER_VOID,train
RUN-004299,WO-002150,P03,L05,MCH-029,PRD-063,2025-12-16,27.77,1.07,2.8,G3_junior,5.7,84.5,53.339,3.503,1.001,0.0298,0.05,0,DIMENSION,train
RUN-004300,WO-002150,P03,L05,MCH-026,PRD-063,2025-12-16,26.5,0.8536,3.1,G2_mid,5.7,84.5,54.402,3.346,0.799,0.023,0.05,0,SOLDER_VOID,train
RUN-004301,WO-002151,P03,L05,MCH-026,PRD-020,2025-12-16,25.56,0.9287,0.2,G3_junior,7.8,84.7,54.402,3.346,0.711,0.1024,0.088,1,MISSING_PART,train
RUN-004302,WO-002151,P03,L05,MCH-025,PRD-020,2025-12-16,25.06,1.0973,1.7,G3_junior,7.8,84.7,57.906,3.159,0.867,0.094,0.09,1,SURFACE_DENT,train
RUN-004303,WO-002152,P03,L06,MCH-034,PRD-034,2025-12-16,10.22,1.0134,1.0,G3_junior,2.6,96.1,49.936,2.473,1.002,0.0035,0.0,0,NONE,train
RUN-004304,WO-002152,P03,L06,MCH-035,PRD-034,2025-12-16,15.75,1.1045,1.0,G3_junior,2.6,96.1,53.172,3.12,0.748,0.0113,0.015,0,CONTAMINATION,train
RUN-004305,WO-002153,P03,L06,MCH-033,PRD-034,2025-12-16,21.91,1.1265,0.2,G3_junior,2.6,96.1,52.629,3.764,0.91,0.014,0.02,0,SCRATCH,train
RUN-004306,WO-002153,P03,L06,MCH-036,PRD-034,2025-12-16,25.53,0.9026,1.7,G3_junior,2.6,96.1,55.991,3.422,0.822,0.0373,0.04,0,MISSING_PART,train
RUN-004307,WO-002154,P03,L06,MCH-032,PRD-034,2025-12-16,13.95,1.1504,4.7,G2_mid,2.6,96.1,52.099,3.388,0.67,0,0.02,0,DIMENSION,train
RUN-004308,WO-002154,P03,L06,MCH-033,PRD-034,2025-12-16,14.42,1.1599,7.6,G2_mid,2.6,96.1,52.629,3.764,0.955,0.0233,0.025,0,CONTAMINATION,train
RUN-004333,WO-002167,P03,L05,MCH-025,PRD-033,2025-12-17,23.7,1.1522,10.6,G1_senior,4.7,88.0,56.154,3.383,0.698,0.026,0.04,0,SCRATCH,train
RUN-004334,WO-002167,P03,L05,MCH-029,PRD-033,2025-12-17,25.41,0.8233,1.0,G3_junior,4.7,88.0,53.577,3.068,0.809,0.0816,0.03,0,SURFACE_DENT,train
RUN-004335,WO-002168,P03,L05,MCH-029,PRD-033,2025-12-17,21.51,1.1263,2.3,G3_junior,4.7,88.0,53.577,3.068,1.03,0.0553,0.0375,0,DIMENSION,train
RUN-004336,WO-002168,P03,L05,MCH-030,PRD-033,2025-12-17,24.89,0.8375,2.3,G3_junior,4.7,88.0,53.127,3.115,0.787,0.0337,0.024,0,SCRATCH,train
RUN-004337,WO-002169,P03,L05,MCH-026,PRD-006,2025-12-17,32.46,1.0955,1.6,G3_junior,7.3,92.1,52.805,3.869,1.053,0.0451,0.0625,1,DIMENSION,train
RUN-004338,WO-002169,P03,L05,MCH-027,PRD-006,2025-12-17,32.96,0.9473,0.6,G3_junior,7.3,92.1,62.857,5.716,1.09,0.0803,0.07,1,SOLDER_VOID,train
RUN-004339,WO-002170,P03,L06,MCH-034,PRD-006,2025-12-17,25.33,1.0264,0.4,G3_junior,7.3,92.1,48.565,2.818,0.812,0.0872,0.064,1,SOLDER_VOID,train
RUN-004340,WO-002170,P03,L06,MCH-033,PRD-006,2025-12-17,29.67,0.9758,0.4,G3_junior,7.3,92.1,53.652,3.219,0.707,0.0732,0.06,1,CONTAMINATION,train
RUN-004341,WO-002171,P03,L06,MCH-031,PRD-006,2025-12-17,32.78,1.087,0.6,G3_junior,7.3,92.1,56.036,3.626,0.934,0.0684,0.08,1,SURFACE_DENT,train
RUN-004342,WO-002171,P03,L06,MCH-035,PRD-006,2025-12-17,27.61,1.0257,2.9,G3_junior,7.3,92.1,52.726,3.049,0.928,0.0796,0.05,0,SCRATCH,train
RUN-004343,WO-002172,P03,L06,MCH-031,PRD-006,2025-12-17,32.45,0.8204,1.0,G3_junior,7.3,92.1,56.036,3.626,0.813,0.0287,0.05,0,SURFACE_DENT,train
RUN-004344,WO-002172,P03,L06,MCH-033,PRD-006,2025-12-17,33.0,0.8503,4.8,G2_mid,7.3,92.1,53.652,3.219,0.697,0.029,0.05,0,DIMENSION,train
RUN-004369,WO-002185,P03,L05,MCH-025,PRD-019,2025-12-18,29.83,0.9385,2.0,G3_junior,7.2,71.7,52.953,3.093,1.045,0.0752,0.12,1,SOLDER_VOID,train
RUN-004370,WO-002185,P03,L05,MCH-029,PRD-019,2025-12-18,32.73,1.1066,3.3,G2_mid,7.2,71.7,50.641,3.319,0.839,0.0734,0.11,1,SURFACE_DENT,train
RUN-004371,WO-002186,P03,L05,MCH-030,PRD-019,2025-12-18,31.49,0.8908,0.2,G3_junior,7.2,71.7,53.064,3.1,0.802,0.109,0.09,1,NONE,train
RUN-004372,WO-002186,P03,L05,MCH-028,PRD-019,2025-12-18,24.44,0.9087,0.2,G3_junior,7.2,71.7,53.602,3.258,0.736,0.1157,0.1125,1,SOLDER_VOID,train
RUN-004373,WO-002187,P03,L05,MCH-030,PRD-019,2025-12-18,32.04,0.8795,0.5,G3_junior,7.2,71.7,53.064,3.1,0.928,0.1497,0.125,1,DIMENSION,train
RUN-004374,WO-002187,P03,L05,MCH-025,PRD-019,2025-12-18,27.51,0.959,0.2,G3_junior,7.2,71.7,52.953,3.093,0.938,0.1361,0.1375,1,SCRATCH,train
RUN-004375,WO-002188,P03,L06,MCH-034,PRD-034,2025-12-18,12.03,1.0506,7.6,G2_mid,2.6,96.1,49.116,3.13,0.943,0.0005,0.0,0,NONE,train
RUN-004376,WO-002188,P03,L06,MCH-033,PRD-034,2025-12-18,12.0,0.8716,0.2,G3_junior,2.6,96.1,53.571,3.72,0.794,0.0451,0.0,0,NONE,train
RUN-004377,WO-002189,P03,L06,MCH-031,PRD-034,2025-12-18,27.3,1.0621,3.1,G2_mid,2.6,96.1,56.848,3.398,0.969,0.0321,0.03,0,SURFACE_DENT,train
RUN-004378,WO-002189,P03,L06,MCH-032,PRD-034,2025-12-18,32.16,1.0711,1.2,G3_junior,2.6,96.1,50.522,3.658,1.034,0.0261,0.016,0,DIMENSION,train
RUN-004379,WO-002190,P03,L06,MCH-036,PRD-070,2025-12-18,23.24,0.9496,7.6,G2_mid,3.9,87.4,51.747,3.049,0.645,0.0104,0.032,0,DIMENSION,train
RUN-004380,WO-002190,P03,L06,MCH-033,PRD-070,2025-12-18,25.04,1.0347,2.8,G3_junior,3.9,87.4,53.571,3.72,0.702,0.0054,0.04,0,SCRATCH,train
RUN-004405,WO-002203,P03,L05,MCH-028,PRD-031,2025-12-19,25.78,0.8739,0.2,G3_junior,7.0,95.9,52.107,3.89,0.972,0,0.016,0,SURFACE_DENT,train
RUN-004406,WO-002203,P03,L05,MCH-025,PRD-031,2025-12-19,25.48,1.0132,14.6,G1_senior,7.0,95.9,53.615,3.1,0.663,0,0.0,0,NONE,train
RUN-004407,WO-002204,P03,L05,MCH-027,PRD-073,2025-12-19,24.16,0.9107,2.3,G3_junior,3.4,87.4,66.245,6.554,0.945,0,0.032,0,DIMENSION,train
RUN-004408,WO-002204,P03,L05,MCH-030,PRD-073,2025-12-19,25.5,0.87,2.3,G3_junior,3.4,87.4,52.476,2.998,1.007,0.028,0.01,0,SOLDER_VOID,train
RUN-004409,WO-002205,P03,L05,MCH-026,PRD-031,2025-12-19,32.74,0.8458,1.7,G3_junior,7.0,95.9,54.192,3.566,1.095,0.0905,0.064,1,SURFACE_DENT,train
RUN-004410,WO-002205,P03,L05,MCH-027,PRD-031,2025-12-19,34.04,0.8722,2.9,G3_junior,7.0,95.9,66.245,6.554,0.961,0.0566,0.04,0,SURFACE_DENT,train
RUN-004411,WO-002206,P03,L06,MCH-035,PRD-014,2025-12-19,22.98,0.8896,0.7,G3_junior,5.0,85.8,52.433,3.082,0.723,0.0768,0.04,0,SOLDER_VOID,train
RUN-004412,WO-002206,P03,L06,MCH-034,PRD-014,2025-12-19,25.7,0.9705,2.7,G3_junior,5.0,85.8,50.171,5.137,0.877,0.0281,0.02,0,SURFACE_DENT,train
RUN-004413,WO-002207,P03,L06,MCH-036,PRD-004,2025-12-19,16.32,0.9417,2.8,G3_junior,3.9,95.9,54.923,3.509,1.096,0.0211,0.025,0,NONE,train
RUN-004414,WO-002207,P03,L06,MCH-031,PRD-004,2025-12-19,16.94,1.1742,2.8,G3_junior,3.9,95.9,55.598,3.087,0.892,0.0472,0.0,0,NONE,train
RUN-004415,WO-002208,P03,L06,MCH-032,PRD-062,2025-12-19,23.49,0.9031,2.3,G3_junior,6.8,71.4,50.909,3.316,0.956,0.1153,0.11,1,SOLDER_VOID,train
RUN-004416,WO-002208,P03,L06,MCH-034,PRD-062,2025-12-19,25.27,1.1392,2.3,G3_junior,6.8,71.4,50.171,5.137,0.7,0.1197,0.105,1,SCRATCH,train
RUN-004435,WO-002218,P03,L05,MCH-026,PRD-044,2025-12-20,29.49,1.1556,1.6,G3_junior,4.1,88.0,50.216,3.006,1.016,0.0376,0.035,0,SURFACE_DENT,train
RUN-004436,WO-002218,P03,L05,MCH-025,PRD-044,2025-12-20,29.02,1.1516,0,G0_unknown,4.1,88.0,52.228,3.293,0.714,0.0303,0.024,0,SCRATCH,train
RUN-004437,WO-002219,P03,L05,MCH-025,PRD-039,2025-12-20,37.69,1.0586,2.8,G3_junior,5.6,96.1,52.228,3.293,0.904,0.0266,0.024,0,SOLDER_VOID,train
RUN-004438,WO-002219,P03,L05,MCH-026,PRD-039,2025-12-20,40.47,0.8368,2.9,G3_junior,5.6,96.1,50.216,3.006,0.808,0.0778,0.02,0,SURFACE_DENT,train
RUN-004455,WO-002228,P03,L05,MCH-028,PRD-056,2025-12-21,24.78,1.0905,3.3,G2_mid,4.3,97.0,49.326,3.826,0.714,0.0335,0.008,0,SCRATCH,train
RUN-004456,WO-002228,P03,L05,MCH-029,PRD-056,2025-12-21,17.49,0.9336,0,G0_unknown,4.3,97.0,50.188,3.084,0.933,0.0426,0.0,0,NONE,train
RUN-004457,WO-002229,P03,L05,MCH-028,PRD-056,2025-12-21,21.74,0.9993,7.1,G2_mid,4.3,97.0,49.326,3.826,0.833,0.0729,0.025,0,SOLDER_VOID,train
RUN-004458,WO-002229,P03,L05,MCH-025,PRD-056,2025-12-21,20.83,0.8862,0.6,G3_junior,4.3,97.0,48.369,9.632,0.687,0.0323,0.03,0,SCRATCH,train
RUN-004459,WO-002230,P03,L05,MCH-027,PRD-056,2025-12-21,32.48,1.0516,1.0,G3_junior,4.3,97.0,69.685,7.794,0.972,0.0522,0.01,0,CONTAMINATION,train
RUN-004460,WO-002230,P03,L05,MCH-026,PRD-056,2025-12-21,32.54,1.1739,2.9,G3_junior,4.3,97.0,54.048,3.186,0.95,0.059,0.025,0,SOLDER_VOID,train
RUN-004461,WO-002231,P03,L06,MCH-034,PRD-012,2025-12-21,14.32,1.0082,1.7,G3_junior,2.1,92.1,45.617,2.768,0.954,0,0.0,0,NONE,train
RUN-004462,WO-002231,P03,L06,MCH-036,PRD-012,2025-12-21,11.36,1.0828,2.8,G3_junior,2.1,92.1,49.743,3.545,0.839,0.0155,0.032,0,SCRATCH,train
RUN-004487,WO-002244,P03,L05,MCH-028,PRD-071,2025-12-22,31.5,1.0843,0,G0_unknown,6.2,84.7,54.332,3.198,0.958,0.071,0.072,1,DIMENSION,train
RUN-004488,WO-002244,P03,L05,MCH-025,PRD-071,2025-12-22,27.99,0.8586,3.2,G2_mid,6.2,84.7,52.531,3.932,0.77,0.0253,0.064,1,DIMENSION,train
RUN-004489,WO-002245,P03,L05,MCH-025,PRD-039,2025-12-22,14.51,1.0482,0,G0_unknown,5.6,96.1,52.531,3.932,0.723,0.0092,0.025,0,MISSING_PART,train
RUN-004490,WO-002245,P03,L05,MCH-028,PRD-039,2025-12-22,13.13,0.925,5.7,G2_mid,5.6,96.1,54.332,3.198,0.719,0.0024,0.032,0,SOLDER_VOID,train
RUN-004491,WO-002246,P03,L05,MCH-026,PRD-025,2025-12-22,35.65,0.8782,0.6,G3_junior,3.5,87.0,51.649,3.082,1.056,0.0934,0.04,0,SOLDER_VOID,train
RUN-004492,WO-002246,P03,L05,MCH-027,PRD-025,2025-12-22,34.23,0.8369,11.8,G1_senior,3.5,87.0,49.627,2.94,0.957,0,0.02,0,SOLDER_VOID,train
RUN-004493,WO-002247,P03,L06,MCH-035,PRD-071,2025-12-22,26.37,0.9348,0.2,G3_junior,6.2,84.7,52.703,2.978,0.993,0.0058,0.04,0,MISSING_PART,train
RUN-004494,WO-002247,P03,L06,MCH-036,PRD-071,2025-12-22,25.48,0.8726,1.7,G3_junior,6.2,84.7,57.062,3.174,0.829,0.0409,0.065,1,SURFACE_DENT,train
RUN-004495,WO-002248,P03,L06,MCH-034,PRD-071,2025-12-22,32.77,1.005,1.3,G3_junior,6.2,84.7,46.471,2.662,0.926,0.0632,0.07,1,SCRATCH,train
RUN-004496,WO-002248,P03,L06,MCH-035,PRD-071,2025-12-22,32.72,1.016,5.8,G2_mid,6.2,84.7,52.703,2.978,0.972,0.031,0.06,1,SCRATCH,train
RUN-004497,WO-002249,P03,L06,MCH-033,PRD-073,2025-12-22,30.2,1.006,1.4,G3_junior,3.4,87.4,54.407,3.493,0.894,0.0555,0.04,0,MISSING_PART,train
RUN-004498,WO-002249,P03,L06,MCH-032,PRD-073,2025-12-22,32.0,0.932,0.2,G3_junior,3.4,87.4,54.859,3.066,0.646,0.0455,0.04,0,SURFACE_DENT,train
RUN-004523,WO-002262,P03,L05,MCH-030,PRD-022,2025-12-23,27.03,1.0256,4.7,G2_mid,4.3,85.8,52.528,2.974,0.689,0.0671,0.04,0,NONE,train
RUN-004524,WO-002262,P03,L05,MCH-026,PRD-022,2025-12-23,25.83,0.8756,0.2,G3_junior,4.3,85.8,52.166,3.474,0.896,0.0154,0.035,0,SURFACE_DENT,train
RUN-004525,WO-002263,P03,L05,MCH-025,PRD-022,2025-12-23,26.12,0.9186,6.1,G2_mid,4.3,85.8,54.376,2.953,0.881,0.0162,0.04,0,CONTAMINATION,train
RUN-004526,WO-002263,P03,L05,MCH-028,PRD-022,2025-12-23,26.54,1.1583,18,G1_senior,4.3,85.8,54.205,3.387,0.805,0.0702,0.04,0,SURFACE_DENT,train
RUN-004527,WO-002264,P03,L05,MCH-030,PRD-022,2025-12-23,16.59,1.0096,11.8,G1_senior,4.3,85.8,52.528,2.974,0.999,0,0.008,0,SURFACE_DENT,train
RUN-004528,WO-002264,P03,L05,MCH-029,PRD-022,2025-12-23,10.64,0.8718,0.4,G3_junior,4.3,85.8,50.547,3.542,0.784,0.0401,0.0375,0,SOLDER_VOID,train
RUN-004529,WO-002265,P03,L06,MCH-035,PRD-059,2025-12-23,21.6,1.0582,7.2,G2_mid,5.9,88.6,50.843,2.932,0.625,0,0.024,0,DIMENSION,train
RUN-004530,WO-002265,P03,L06,MCH-034,PRD-059,2025-12-23,21.41,0.9683,11.8,G1_senior,5.9,88.6,49.634,3.002,0.636,0.0622,0.0375,0,MISSING_PART,train
RUN-004531,WO-002266,P03,L06,MCH-032,PRD-024,2025-12-23,31.64,1.0362,5.8,G2_mid,7.6,85.8,49.582,3.139,1.051,0.0548,0.09,1,MISSING_PART,train
RUN-004532,WO-002266,P03,L06,MCH-034,PRD-024,2025-12-23,27.05,0.8703,1.0,G3_junior,7.6,85.8,49.634,3.002,0.957,0.0474,0.08,1,DIMENSION,train
RUN-004533,WO-002267,P03,L06,MCH-033,PRD-048,2025-12-23,19.25,1.0579,1.2,G3_junior,4.6,96.1,57.237,3.513,0.855,0.0272,0.02,0,SOLDER_VOID,train
RUN-004534,WO-002267,P03,L06,MCH-035,PRD-048,2025-12-23,23.36,0.9003,12.8,G1_senior,4.6,96.1,50.843,2.932,0.742,0.0425,0.02,0,SOLDER_VOID,train
RUN-004559,WO-002280,P03,L05,MCH-027,PRD-063,2025-12-24,21.9,1.029,0.2,G3_junior,5.7,84.5,53.801,3.076,0.644,0.0614,0.064,1,DIMENSION,train
RUN-004560,WO-002280,P03,L05,MCH-029,PRD-063,2025-12-24,23.75,0.9293,4.8,G2_mid,5.7,84.5,52.562,3.021,1.046,0.0698,0.055,1,DIMENSION,train
RUN-004561,WO-002281,P03,L05,MCH-026,PRD-063,2025-12-24,27.77,1.181,2.8,G3_junior,5.7,84.5,55.602,3.415,1.036,0.0489,0.06,1,SOLDER_VOID,train
RUN-004562,WO-002281,P03,L05,MCH-028,PRD-063,2025-12-24,21.97,1.1902,11.5,G1_senior,5.7,84.5,53.071,3.698,0.935,0.0681,0.05,0,SOLDER_VOID,train
RUN-004563,WO-002282,P03,L05,MCH-026,PRD-052,2025-12-24,24.73,0.8935,4.6,G2_mid,7.2,82.7,55.602,3.415,1.068,0.073,0.085,1,SURFACE_DENT,train
RUN-004564,WO-002282,P03,L05,MCH-028,PRD-052,2025-12-24,26.92,1.0874,2.8,G3_junior,7.2,82.7,53.071,3.698,0.797,0.0833,0.085,1,SOLDER_VOID,train
RUN-004565,WO-002283,P03,L06,MCH-031,PRD-022,2025-12-24,29.34,0.9385,3.4,G2_mid,4.3,85.8,52.841,3.404,0.833,0,0.016,0,DIMENSION,train
RUN-004566,WO-002283,P03,L06,MCH-035,PRD-022,2025-12-24,27.23,0.8359,2.7,G3_junior,4.3,85.8,53.677,2.975,0.953,0,0.04,0,DIMENSION,train
RUN-004567,WO-002284,P03,L06,MCH-034,PRD-022,2025-12-24,34.36,0.8583,2.8,G3_junior,4.3,85.8,50.735,2.761,1.013,0.0011,0.016,0,SOLDER_VOID,train
RUN-004568,WO-002284,P03,L06,MCH-033,PRD-022,2025-12-24,30.3,0.8833,1.2,G3_junior,4.3,85.8,52.613,3.186,0.889,0.0301,0.03,0,DIMENSION,train
RUN-004569,WO-002285,P03,L06,MCH-035,PRD-022,2025-12-24,30.13,0.9359,3.3,G2_mid,4.3,85.8,53.677,2.975,1.037,0.0755,0.05,0,SURFACE_DENT,train
RUN-004570,WO-002285,P03,L06,MCH-032,PRD-022,2025-12-24,30.11,1.0462,0.2,G3_junior,4.3,85.8,52.541,3.129,1.038,0,0.02,0,CONTAMINATION,train
RUN-004595,WO-002298,P03,L05,MCH-028,PRD-040,2025-12-25,30.09,1.177,2.0,G3_junior,8.4,82.7,56.755,3.239,1.035,0.1304,0.13,1,MISSING_PART,train
RUN-004596,WO-002298,P03,L05,MCH-027,PRD-040,2025-12-25,24.0,1.1134,2.3,G3_junior,8.4,82.7,51.851,3.177,0.89,0.1406,0.1125,1,SOLDER_VOID,train
RUN-004597,WO-002299,P03,L05,MCH-030,PRD-021,2025-12-25,26.46,0.9417,1.4,G3_junior,3.0,95.9,53.074,3.38,1.053,0.0555,0.02,0,NONE,train
RUN-004598,WO-002299,P03,L05,MCH-026,PRD-021,2025-12-25,31.59,1.0424,8.2,G1_senior,3.0,95.9,55.109,3.321,0.882,0.0222,0.02,0,SURFACE_DENT,train
RUN-004599,WO-002300,P03,L05,MCH-030,PRD-021,2025-12-25,21.57,1.1736,0,G0_unknown,3.0,95.9,53.074,3.38,0.894,0.0567,0.025,0,SOLDER_VOID,train
RUN-004600,WO-002300,P03,L05,MCH-025,PRD-021,2025-12-25,15.56,0.9848,0.8,G3_junior,3.0,95.9,52.799,3.132,0.816,0,0.0,0,NONE,train
RUN-004601,WO-002301,P03,L06,MCH-033,PRD-040,2025-12-25,16.63,0.8506,7.2,G2_mid,8.4,82.7,54.107,3.693,0.927,0.0895,0.09,1,NONE,train
RUN-004602,WO-002301,P03,L06,MCH-035,PRD-040,2025-12-25,19.21,1.0414,0.2,G3_junior,8.4,82.7,53.822,3.062,0.848,0.0704,0.0875,1,CONTAMINATION,train
RUN-004603,WO-002302,P03,L06,MCH-034,PRD-040,2025-12-25,35.69,0.8215,6.1,G2_mid,8.4,82.7,49.245,3.267,1.082,0.077,0.0875,1,SCRATCH,train
RUN-004604,WO-002302,P03,L06,MCH-031,PRD-040,2025-12-25,32.33,0.954,8.2,G1_senior,8.4,82.7,56.528,3.869,0.998,0.0928,0.09,1,MISSING_PART,train
RUN-004605,WO-002303,P03,L06,MCH-031,PRD-040,2025-12-25,37.85,1.0299,2.3,G3_junior,8.4,82.7,56.528,3.869,1.013,0.1136,0.095,1,CONTAMINATION,train
RUN-004606,WO-002303,P03,L06,MCH-034,PRD-040,2025-12-25,35.48,0.9954,6.5,G2_mid,8.4,82.7,49.245,3.267,0.761,0.119,0.09,1,CONTAMINATION,train
RUN-004631,WO-002316,P03,L05,MCH-026,PRD-070,2025-12-26,18.51,0.8757,1.7,G3_junior,3.9,87.4,54.875,3.487,0.739,0.0226,0.03,0,MISSING_PART,train
RUN-004632,WO-002316,P03,L05,MCH-025,PRD-070,2025-12-26,18.77,0.9815,1.6,G3_junior,3.9,87.4,55.488,3.215,0.7,0.0238,0.02,0,SOLDER_VOID,train
RUN-004633,WO-002317,P03,L05,MCH-025,PRD-070,2025-12-26,29.4,0.8701,4.7,G2_mid,3.9,87.4,55.488,3.215,0.695,0.0468,0.02,0,SCRATCH,train
RUN-004634,WO-002317,P03,L05,MCH-030,PRD-070,2025-12-26,27.79,0.9563,2.6,G3_junior,3.9,87.4,58.776,3.193,0.868,0.0554,0.02,0,MISSING_PART,train
RUN-004635,WO-002318,P03,L05,MCH-025,PRD-070,2025-12-26,14.54,0.9059,6.1,G2_mid,3.9,87.4,55.488,3.215,0.999,0.0631,0.02,0,SOLDER_VOID,train
RUN-004636,WO-002318,P03,L05,MCH-030,PRD-070,2025-12-26,17.24,0.8583,1.3,G3_junior,3.9,87.4,58.776,3.193,0.842,0.0446,0.04,0,DIMENSION,train
RUN-004637,WO-002319,P03,L06,MCH-036,PRD-048,2025-12-26,26.53,0.8443,0.2,G3_junior,4.6,96.1,54.854,3.406,0.773,0.0356,0.03,0,DIMENSION,train
RUN-004638,WO-002319,P03,L06,MCH-034,PRD-048,2025-12-26,25.95,1.1199,2.0,G3_junior,4.6,96.1,49.213,3.015,0.898,0.0069,0.02,0,SCRATCH,train
RUN-004639,WO-002320,P03,L06,MCH-033,PRD-043,2025-12-26,22.24,0.9679,3.2,G2_mid,4.2,84.5,53.866,3.296,0.633,0.0239,0.04,0,NONE,train
RUN-004640,WO-002320,P03,L06,MCH-035,PRD-043,2025-12-26,24.73,1.0276,7.2,G2_mid,4.2,84.5,55.139,3.156,0.909,0.0327,0.025,0,DIMENSION,train
RUN-004641,WO-002321,P03,L06,MCH-035,PRD-056,2025-12-26,24.04,0.9929,3.4,G2_mid,4.3,97.0,55.139,3.156,0.948,0,0.0,0,NONE,train
RUN-004642,WO-002321,P03,L06,MCH-032,PRD-056,2025-12-26,26.45,0.8905,0.2,G3_junior,4.3,97.0,52.524,3.034,0.896,0,0.03,0,DIMENSION,train
RUN-004659,WO-002330,P03,L06,MCH-033,PRD-034,2025-12-27,25.85,0.9728,11.2,G1_senior,2.6,96.1,49.762,3.216,1.025,0.0045,0.0,0,NONE,train
RUN-004660,WO-002330,P03,L06,MCH-032,PRD-034,2025-12-27,25.7,0.9165,0.2,G3_junior,2.6,96.1,49.576,2.931,0.98,0,0.0125,0,SURFACE_DENT,train
RUN-004661,WO-002331,P03,L06,MCH-034,PRD-017,2025-12-27,24.99,0.8369,4.8,G2_mid,4.3,96.3,44.75,3.208,0.783,0.0126,0.024,0,CONTAMINATION,train
RUN-004662,WO-002331,P03,L06,MCH-036,PRD-017,2025-12-27,20.74,1.1595,11.2,G1_senior,4.3,96.3,50.52,3.325,0.989,0.0288,0.0125,0,SCRATCH,train
RUN-004663,WO-002332,P03,L06,MCH-032,PRD-067,2025-12-27,37.37,1.0674,3.3,G2_mid,4.5,71.0,49.576,2.931,0.935,0.1152,0.1125,1,SOLDER_VOID,train
RUN-004664,WO-002332,P03,L06,MCH-031,PRD-067,2025-12-27,37.03,1.0412,7.1,G2_mid,4.5,71.0,51.518,3.526,1.066,0.0705,0.112,1,DIMENSION,train
RUN-004677,WO-002339,P03,L05,MCH-030,PRD-078,2025-12-28,17.28,0.9115,11.2,G1_senior,4.6,84.7,47.572,3.46,0.674,0,0.0125,0,SCRATCH,train
RUN-004678,WO-002339,P03,L05,MCH-029,PRD-078,2025-12-28,14.82,0.9435,2.3,G3_junior,4.6,84.7,46.37,3.185,0.762,0.0113,0.0375,0,SURFACE_DENT,train
RUN-004679,WO-002340,P03,L05,MCH-029,PRD-006,2025-12-28,20.09,0.9572,0,G0_unknown,7.3,92.1,46.37,3.185,1.008,0.0636,0.072,1,CONTAMINATION,train
RUN-004680,WO-002340,P03,L05,MCH-026,PRD-006,2025-12-28,20.79,0.9615,1.2,G3_junior,7.3,92.1,48.548,3.508,0.815,0.0578,0.04,0,DIMENSION,train
RUN-004681,WO-002341,P03,L05,MCH-025,PRD-043,2025-12-28,24.81,1.0371,7.2,G2_mid,4.2,84.5,49.792,3.101,0.657,0.0247,0.016,0,CONTAMINATION,train
RUN-004682,WO-002341,P03,L05,MCH-027,PRD-043,2025-12-28,26.62,1.1367,9.4,G1_senior,4.2,84.5,46.637,2.897,0.84,0,0.0,0,NONE,train
RUN-004683,WO-002342,P03,L06,MCH-031,PRD-017,2025-12-28,20.79,1.0294,4.7,G2_mid,4.3,96.3,52.466,3.517,0.797,0,0.0,0,NONE,train
RUN-004684,WO-002342,P03,L06,MCH-034,PRD-017,2025-12-28,21.52,0.986,1.7,G3_junior,4.3,96.3,43.891,2.971,1.016,0.055,0.05,0,MISSING_PART,train
RUN-004709,WO-002355,P03,L05,MCH-028,PRD-055,2025-12-29,27.49,0.9414,0.2,G3_junior,4.8,87.4,54.082,3.3,0.696,0.0411,0.04,0,SCRATCH,train
RUN-004710,WO-002355,P03,L05,MCH-027,PRD-055,2025-12-29,32.8,0.8663,0,G0_unknown,4.8,87.4,53.699,2.952,0.717,0.0601,0.048,0,SOLDER_VOID,train
RUN-004711,WO-002356,P03,L05,MCH-030,PRD-006,2025-12-29,18.71,1.1133,18,G1_senior,7.3,92.1,53.118,3.306,1.017,0.0008,0.016,0,DIMENSION,train
RUN-004712,WO-002356,P03,L05,MCH-027,PRD-006,2025-12-29,17.76,0.9914,2.3,G3_junior,7.3,92.1,53.699,2.952,1.093,0,0.064,1,SCRATCH,train
RUN-004713,WO-002357,P03,L05,MCH-027,PRD-006,2025-12-29,27.07,1.2081,0.2,G3_junior,7.3,92.1,53.699,2.952,0.937,0.0576,0.06,1,DIMENSION,train
RUN-004714,WO-002357,P03,L05,MCH-026,PRD-006,2025-12-29,25.27,0.9651,2.6,G3_junior,7.3,92.1,55.651,3.252,0.99,0.0188,0.055,1,SURFACE_DENT,train
RUN-004715,WO-002358,P03,L06,MCH-036,PRD-078,2025-12-29,17.58,1.077,1.6,G3_junior,4.6,84.7,52.914,3.736,0.794,0.0663,0.04,0,CONTAMINATION,train
RUN-004716,WO-002358,P03,L06,MCH-033,PRD-078,2025-12-29,19.79,1.0016,1.6,G3_junior,4.6,84.7,54.806,3.089,0.89,0.0464,0.04,0,CONTAMINATION,train
RUN-004717,WO-002359,P03,L06,MCH-034,PRD-078,2025-12-29,20.08,1.1048,1.4,G3_junior,4.6,84.7,51.424,3.026,0.703,0.0276,0.032,0,DIMENSION,train
RUN-004718,WO-002359,P03,L06,MCH-035,PRD-078,2025-12-29,20.63,0.8919,0,G0_unknown,4.6,84.7,55.803,3.671,0.935,0.023,0.008,0,MISSING_PART,train
RUN-004719,WO-002360,P03,L06,MCH-033,PRD-078,2025-12-29,20.62,1.0794,1.7,G3_junior,4.6,84.7,54.806,3.089,0.972,0.0496,0.0375,0,SCRATCH,train
RUN-004720,WO-002360,P03,L06,MCH-032,PRD-078,2025-12-29,27.93,1.059,2.8,G3_junior,4.6,84.7,55.423,3.695,0.653,0.031,0.024,0,SURFACE_DENT,train
RUN-004745,WO-002373,P03,L05,MCH-027,PRD-044,2025-12-30,26.12,0.9758,11.5,G1_senior,4.1,88.0,49.38,3.252,1.015,0.0293,0.024,0,MISSING_PART,train
RUN-004746,WO-002373,P03,L05,MCH-025,PRD-044,2025-12-30,26.93,0.8803,3.0,G3_junior,4.1,88.0,54.403,3.588,1.031,0.0648,0.04,0,DIMENSION,train
RUN-004747,WO-002374,P03,L05,MCH-028,PRD-075,2025-12-30,17.84,1.1138,8.9,G1_senior,6.8,96.3,54.364,3.505,1.002,0.0365,0.0375,0,SURFACE_DENT,train
RUN-004748,WO-002374,P03,L05,MCH-025,PRD-075,2025-12-30,12.98,1.1453,8.2,G1_senior,6.8,96.3,54.403,3.588,1.086,0,0.0,0,NONE,train
RUN-004749,WO-002375,P03,L05,MCH-025,PRD-064,2025-12-30,28.14,0.9578,3.4,G2_mid,4.9,89.9,54.403,3.588,0.769,0,0.01,0,SOLDER_VOID,train
RUN-004750,WO-002375,P03,L05,MCH-026,PRD-064,2025-12-30,22.93,0.8289,14.6,G1_senior,4.9,89.9,54.68,3.313,0.773,0.008,0.0,0,NONE,train
RUN-004751,WO-002376,P03,L06,MCH-033,PRD-043,2025-12-30,29.84,0.8487,11.8,G1_senior,4.2,84.5,51.956,3.16,0.819,0.0457,0.015,0,SCRATCH,train
RUN-004752,WO-002376,P03,L06,MCH-035,PRD-043,2025-12-30,24.9,0.8988,0.6,G3_junior,4.2,84.5,52.169,3.002,0.794,0.0306,0.016,0,SOLDER_VOID,train
RUN-004753,WO-002377,P03,L06,MCH-035,PRD-043,2025-12-30,28.96,0.9972,7.6,G2_mid,4.2,84.5,52.169,3.002,0.813,0.0341,0.02,0,SURFACE_DENT,train
RUN-004754,WO-002377,P03,L06,MCH-034,PRD-043,2025-12-30,26.73,1.0332,3.1,G2_mid,4.2,84.5,49.57,3.063,0.925,0.0546,0.03,0,MISSING_PART,train
RUN-004755,WO-002378,P03,L06,MCH-035,PRD-043,2025-12-30,12.86,1.0804,1.2,G3_junior,4.2,84.5,52.169,3.002,0.73,0,0.0,0,NONE,train
RUN-004756,WO-002378,P03,L06,MCH-034,PRD-043,2025-12-30,13.5,0.9848,2.8,G3_junior,4.2,84.5,49.57,3.063,0.723,0.0588,0.03,0,DIMENSION,train
RUN-004781,WO-002391,P03,L05,MCH-025,PRD-052,2025-12-31,30.32,0.9984,1.2,G3_junior,7.2,82.7,52.564,3.196,0.968,0.1429,0.1125,1,MISSING_PART,train
RUN-004782,WO-002391,P03,L05,MCH-029,PRD-052,2025-12-31,30.51,1.0954,14.6,G1_senior,7.2,82.7,51.222,3.297,0.884,0.0486,0.04,0,MISSING_PART,train
RUN-004783,WO-002392,P03,L05,MCH-029,PRD-062,2025-12-31,38.6,1.1876,2.8,G3_junior,6.8,71.4,51.222,3.297,0.752,0.0958,0.1,1,MISSING_PART,train
RUN-004784,WO-002392,P03,L05,MCH-026,PRD-062,2025-12-31,33.46,1.067,15.7,G1_senior,6.8,71.4,55.108,3.379,0.756,0.0973,0.088,1,SOLDER_VOID,train
RUN-004785,WO-002393,P03,L05,MCH-028,PRD-052,2025-12-31,39.82,0.8792,6.1,G2_mid,7.2,82.7,51.746,3.249,0.928,0.0475,0.06,1,MISSING_PART,train
RUN-004786,WO-002393,P03,L05,MCH-027,PRD-052,2025-12-31,44.51,0.9173,2.3,G3_junior,7.2,82.7,54.611,3.118,0.849,0.0354,0.06,1,DIMENSION,train
RUN-004787,WO-002394,P03,L06,MCH-031,PRD-080,2025-12-31,16.8,1.0411,0,G0_unknown,5.2,84.5,56.079,3.41,0.743,0.0273,0.04,0,SOLDER_VOID,train
RUN-004788,WO-002394,P03,L06,MCH-035,PRD-080,2025-12-31,17.49,1.0434,2.0,G3_junior,5.2,84.5,52.774,3.842,0.913,0.0378,0.035,0,SURFACE_DENT,train
RUN-004789,WO-002395,P03,L06,MCH-031,PRD-042,2025-12-31,15.03,0.935,1.3,G3_junior,1.4,89.9,56.079,3.41,0.989,0,0.0125,0,NONE,train
RUN-004790,WO-002395,P03,L06,MCH-032,PRD-042,2025-12-31,13.88,1.0108,8.9,G1_senior,1.4,89.9,52.39,4.27,0.7,0.0166,0.0,0,NONE,train
RUN-004791,WO-002396,P03,L06,MCH-032,PRD-035,2025-12-31,15.68,0.8851,1.7,G3_junior,4.3,84.7,52.39,4.27,1.033,0.0388,0.045,0,DIMENSION,train
RUN-004792,WO-002396,P03,L06,MCH-035,PRD-035,2025-12-31,13.6,1.0374,3.4,G2_mid,4.3,84.7,52.774,3.842,0.663,0.0242,0.03,0,SURFACE_DENT,train
RUN-004817,WO-002409,P03,L05,MCH-026,PRD-049,2026-01-01,30.19,0.977,7.6,G2_mid,10,82.7,56.006,3.173,0.709,0.0884,0.12,1,SCRATCH,train
RUN-004818,WO-002409,P03,L05,MCH-030,PRD-049,2026-01-01,30.57,0.9956,0.2,G3_junior,10,82.7,54.037,3.308,0.833,0.1299,0.14,1,NONE,train
RUN-004819,WO-002410,P03,L05,MCH-030,PRD-049,2026-01-01,48.18,0.8525,2.8,G3_junior,10,82.7,54.037,3.308,0.732,0.1172,0.1375,1,SURFACE_DENT,train
RUN-004820,WO-002410,P03,L05,MCH-027,PRD-049,2026-01-01,45.8,0.8684,2.9,G3_junior,10,82.7,49.875,3.528,1.073,0.1021,0.1125,1,SOLDER_VOID,train
RUN-004821,WO-002411,P03,L05,MCH-026,PRD-025,2026-01-01,22.87,0.9341,2.6,G3_junior,3.5,87.0,56.006,3.173,0.981,0.0107,0.02,0,SCRATCH,train
RUN-004822,WO-002411,P03,L05,MCH-028,PRD-025,2026-01-01,22.97,1.1516,1.2,G3_junior,3.5,87.0,54.534,3.478,0.803,0,0.025,0,CONTAMINATION,train
RUN-004823,WO-002412,P03,L06,MCH-032,PRD-048,2026-01-01,16.61,1.104,1.3,G3_junior,4.6,96.1,54.336,3.413,0.652,0.0804,0.045,0,SOLDER_VOID,train
RUN-004824,WO-002412,P03,L06,MCH-033,PRD-048,2026-01-01,18.32,0.9887,2.8,G3_junior,4.6,96.1,52.142,7.827,1.069,0.0051,0.0,0,NONE,train
RUN-004825,WO-002413,P03,L06,MCH-034,PRD-048,2026-01-01,27.96,0.9224,4.6,G2_mid,4.6,96.1,51.657,2.652,0.643,0.0412,0.03,0,SURFACE_DENT,train
RUN-004826,WO-002413,P03,L06,MCH-031,PRD-048,2026-01-01,25.32,1.0306,0.2,G3_junior,4.6,96.1,55.434,3.249,1.017,0.0347,0.0,0,NONE,train
RUN-004827,WO-002414,P03,L06,MCH-033,PRD-016,2026-01-01,26.12,0.981,7.0,G2_mid,4.3,85.8,52.142,7.827,1.079,0.0269,0.025,0,SCRATCH,train
RUN-004828,WO-002414,P03,L06,MCH-035,PRD-016,2026-01-01,27.3,0.852,0.2,G3_junior,4.3,85.8,54.614,3.281,0.641,0.0263,0.0375,0,SOLDER_VOID,train
RUN-004853,WO-002427,P03,L05,MCH-030,PRD-068,2026-01-02,22.59,0.87,4.6,G2_mid,2.3,71.0,51.668,3.187,0.936,0.0777,0.0375,0,MISSING_PART,train
RUN-004854,WO-002427,P03,L05,MCH-026,PRD-068,2026-01-02,23.12,0.9754,2.8,G3_junior,2.3,71.0,54.08,3.665,0.98,0.05,0.05,0,SURFACE_DENT,train
RUN-004855,WO-002428,P03,L05,MCH-026,PRD-068,2026-01-02,19.35,0.9111,0.6,G3_junior,2.3,71.0,54.08,3.665,0.832,0.0395,0.056,1,SCRATCH,train
RUN-004856,WO-002428,P03,L05,MCH-029,PRD-068,2026-01-02,23.2,1.1483,15.7,G1_senior,2.3,71.0,49.651,2.913,0.74,0.0034,0.025,0,NONE,train
RUN-004857,WO-002429,P03,L05,MCH-026,PRD-056,2026-01-02,34.87,0.8424,2.2,G3_junior,4.3,97.0,54.08,3.665,0.683,0,0.0,0,NONE,train
RUN-004858,WO-002429,P03,L05,MCH-029,PRD-056,2026-01-02,30.46,1.0671,0,G0_unknown,4.3,97.0,49.651,2.913,0.97,0,0.0125,0,MISSING_PART,train
RUN-004859,WO-002430,P03,L06,MCH-033,PRD-058,2026-01-02,38.21,0.8982,2.6,G3_junior,8.8,71.4,56.076,3.793,0.842,0.0814,0.135,1,MISSING_PART,train
RUN-004860,WO-002430,P03,L06,MCH-035,PRD-058,2026-01-02,39.88,0.9054,2.7,G3_junior,8.8,71.4,51.228,3.22,0.687,0.1385,0.125,1,MISSING_PART,train
RUN-004861,WO-002431,P03,L06,MCH-031,PRD-058,2026-01-02,40.26,1.1579,3.2,G2_mid,8.8,71.4,52.911,3.511,0.723,0.1198,0.15,1,DIMENSION,train
RUN-004862,WO-002431,P03,L06,MCH-036,PRD-058,2026-01-02,34.8,1.0088,2.8,G3_junior,8.8,71.4,55.609,3.363,0.851,0.1481,0.14,1,SCRATCH,train
RUN-004863,WO-002432,P03,L06,MCH-034,PRD-012,2026-01-02,16.46,0.8736,0.8,G3_junior,2.1,92.1,48.419,3.073,0.757,0.03,0.0125,0,NONE,train
RUN-004864,WO-002432,P03,L06,MCH-033,PRD-012,2026-01-02,17.73,0.8676,0,G0_unknown,2.1,92.1,56.076,3.793,0.94,0.084,0.04,0,MISSING_PART,train
RUN-004873,WO-002437,P03,L05,MCH-025,PRD-054,2026-01-03,25.59,0.9992,10.6,G1_senior,6.3,71.4,51.352,3.01,1.035,0.0987,0.09,1,CONTAMINATION,train
RUN-004874,WO-002437,P03,L05,MCH-026,PRD-054,2026-01-03,22.78,1.1331,4.6,G2_mid,6.3,71.4,49.539,3.419,0.923,0.0938,0.12,1,SURFACE_DENT,train
RUN-004875,WO-002438,P03,L05,MCH-027,PRD-050,2026-01-03,18.53,0.8853,1.8,G3_junior,5.5,88.6,48.867,2.797,0.706,0.0842,0.06,1,SURFACE_DENT,train
RUN-004876,WO-002438,P03,L05,MCH-025,PRD-050,2026-01-03,14.94,1.0517,4.6,G2_mid,5.5,88.6,51.352,3.01,0.626,0,0.024,0,SCRATCH,train
RUN-004877,WO-002439,P03,L06,MCH-034,PRD-048,2026-01-03,33.0,1.0155,15.7,G1_senior,4.6,96.1,46.98,2.998,1.068,0.0477,0.01,0,DIMENSION,train
RUN-004878,WO-002439,P03,L06,MCH-032,PRD-048,2026-01-03,26.55,1.0169,0.2,G3_junior,4.6,96.1,45.99,2.877,1.076,0.0527,0.0125,0,CONTAMINATION,train
RUN-004879,WO-002440,P03,L06,MCH-031,PRD-048,2026-01-03,34.63,1.1604,1.2,G3_junior,4.6,96.1,49.381,3.639,0.834,0.0119,0.016,0,SOLDER_VOID,train
RUN-004880,WO-002440,P03,L06,MCH-034,PRD-048,2026-01-03,38.86,0.9708,14.6,G1_senior,4.6,96.1,46.98,2.998,1.09,0.0174,0.025,0,SOLDER_VOID,train
RUN-004881,WO-002441,P03,L06,MCH-035,PRD-048,2026-01-03,24.85,1.0174,8.9,G1_senior,4.6,96.1,45.616,2.891,1.033,0.0418,0.016,0,SURFACE_DENT,train
RUN-004882,WO-002441,P03,L06,MCH-036,PRD-048,2026-01-03,23.6,1.15,2.1,G3_junior,4.6,96.1,48.846,2.692,0.933,0,0.016,0,SOLDER_VOID,train
RUN-004893,WO-002447,P03,L05,MCH-026,PRD-008,2026-01-04,12.98,1.0846,0.4,G3_junior,3.4,84.5,49.144,3.374,1.035,0.0522,0.05,0,SOLDER_VOID,train
RUN-004894,WO-002447,P03,L05,MCH-030,PRD-008,2026-01-04,13.88,0.9726,0.2,G3_junior,3.4,84.5,48.811,3.763,0.987,0.0172,0.03,0,DIMENSION,train
RUN-004895,WO-002448,P03,L05,MCH-025,PRD-019,2026-01-04,18.8,1.0986,1.4,G3_junior,7.2,71.7,48.002,3.115,0.636,0.112,0.12,1,DIMENSION,train
RUN-004896,WO-002448,P03,L05,MCH-026,PRD-019,2026-01-04,22.99,1.0582,0.8,G3_junior,7.2,71.7,49.144,3.374,1.001,0.1664,0.12,1,CONTAMINATION,train
RUN-004897,WO-002449,P03,L06,MCH-033,PRD-010,2026-01-04,22.89,1.1192,1.2,G3_junior,6.9,97.0,48.419,3.043,0.717,0.0914,0.05,0,SURFACE_DENT,train
RUN-004898,WO-002449,P03,L06,MCH-032,PRD-010,2026-01-04,18.25,1.0286,7.6,G2_mid,6.9,97.0,48.818,3.16,0.639,0.0419,0.0375,0,SCRATCH,train
RUN-004923,WO-002462,P03,L05,MCH-028,PRD-031,2026-01-05,24.2,1.042,0.2,G3_junior,7.0,95.9,51.907,3.251,0.977,0.0928,0.056,1,SURFACE_DENT,train
RUN-004924,WO-002462,P03,L05,MCH-029,PRD-031,2026-01-05,29.79,1.0651,2.8,G3_junior,7.0,95.9,52.225,2.901,0.687,0.0785,0.04,0,DIMENSION,train
RUN-004925,WO-002463,P03,L05,MCH-027,PRD-031,2026-01-05,29.45,1.155,2.8,G3_junior,7.0,95.9,48.268,3.468,0.667,0.0546,0.04,0,SOLDER_VOID,train
RUN-004926,WO-002463,P03,L05,MCH-028,PRD-031,2026-01-05,31.57,0.9563,12.8,G1_senior,7.0,95.9,51.907,3.251,0.772,0.0,0.035,0,DIMENSION,train
RUN-004927,WO-002464,P03,L05,MCH-025,PRD-031,2026-01-05,23.78,0.9596,0.4,G3_junior,7.0,95.9,54.376,3.253,0.987,0.0786,0.064,1,CONTAMINATION,train
RUN-004928,WO-002464,P03,L05,MCH-027,PRD-031,2026-01-05,21.7,1.0313,15.7,G1_senior,7.0,95.9,48.268,3.468,0.87,0.0285,0.0,0,NONE,train
RUN-004929,WO-002465,P03,L06,MCH-033,PRD-040,2026-01-05,30.77,1.0559,3.2,G2_mid,8.4,82.7,57.281,3.425,0.782,0.1405,0.105,1,DIMENSION,train
RUN-004930,WO-002465,P03,L06,MCH-035,PRD-040,2026-01-05,28.85,1.0598,1.6,G3_junior,8.4,82.7,50.429,3.031,1.066,0.072,0.088,1,SCRATCH,train
RUN-004931,WO-002466,P03,L06,MCH-031,PRD-038,2026-01-05,20.23,1.0816,3.1,G2_mid,3.2,85.8,56.626,3.445,0.621,0.061,0.02,0,DIMENSION,train
RUN-004932,WO-002466,P03,L06,MCH-036,PRD-038,2026-01-05,21.1,1.1521,1.7,G3_junior,3.2,85.8,54.198,3.226,0.673,0.0036,0.025,0,SURFACE_DENT,train
RUN-004933,WO-002467,P03,L06,MCH-032,PRD-038,2026-01-05,17.11,0.981,11.5,G1_senior,3.2,85.8,53.107,3.451,0.94,0.0087,0.0,0,NONE,train
RUN-004934,WO-002467,P03,L06,MCH-031,PRD-038,2026-01-05,13.72,1.0939,5.7,G2_mid,3.2,85.8,56.626,3.445,0.902,0.0078,0.045,0,NONE,train
RUN-004959,WO-002480,P03,L05,MCH-027,PRD-009,2026-01-06,26.8,0.9357,8.9,G1_senior,5.0,76.8,52.211,3.097,0.891,0.0898,0.048,0,SCRATCH,train
RUN-004960,WO-002480,P03,L05,MCH-029,PRD-009,2026-01-06,29.56,1.0634,2.9,G3_junior,5.0,76.8,53.308,3.161,0.975,0.0572,0.072,1,SOLDER_VOID,train
RUN-004961,WO-002481,P03,L05,MCH-029,PRD-009,2026-01-06,10.54,1.1326,1.7,G3_junior,5.0,76.8,53.308,3.161,0.696,0.0728,0.0625,1,SOLDER_VOID,train
RUN-004962,WO-002481,P03,L05,MCH-030,PRD-009,2026-01-06,14.17,0.8678,14.6,G1_senior,5.0,76.8,52.34,3.319,0.908,0.0082,0.024,0,SOLDER_VOID,train
RUN-004963,WO-002482,P03,L05,MCH-030,PRD-009,2026-01-06,23.27,1.0782,2.8,G3_junior,5.0,76.8,52.34,3.319,1.013,0.0138,0.05,0,MISSING_PART,train
RUN-004964,WO-002482,P03,L05,MCH-025,PRD-009,2026-01-06,22.69,1.1081,7.0,G2_mid,5.0,76.8,54.708,9.785,0.948,0.0113,0.04,0,DIMENSION,train
RUN-004965,WO-002483,P03,L06,MCH-031,PRD-058,2026-01-06,20.27,0.9615,14.6,G1_senior,8.8,71.4,55.382,3.481,0.926,0.1321,0.12,1,CONTAMINATION,train
RUN-004966,WO-002483,P03,L06,MCH-032,PRD-058,2026-01-06,22.04,0.8221,0,G0_unknown,8.8,71.4,53.857,3.429,0.687,0.1085,0.136,1,DIMENSION,train
RUN-004967,WO-002484,P03,L06,MCH-033,PRD-058,2026-01-06,29.42,0.8734,7.0,G2_mid,8.8,71.4,53.563,3.202,1.054,0.14,0.13,1,SURFACE_DENT,train
RUN-004968,WO-002484,P03,L06,MCH-032,PRD-058,2026-01-06,22.48,1.0489,4.6,G2_mid,8.8,71.4,53.857,3.429,0.859,0.1104,0.1125,1,SCRATCH,train
RUN-004969,WO-002485,P03,L06,MCH-035,PRD-058,2026-01-06,34.11,0.9191,1.2,G3_junior,8.8,71.4,51.324,2.717,0.949,0.0917,0.13,1,DIMENSION,train
RUN-004970,WO-002485,P03,L06,MCH-036,PRD-058,2026-01-06,33.45,0.851,2.6,G3_junior,8.8,71.4,54.536,3.086,0.667,0.1642,0.136,1,SURFACE_DENT,train
RUN-004995,WO-002498,P03,L05,MCH-025,PRD-009,2026-01-07,28.37,1.1379,5.8,G2_mid,5.0,76.8,54.118,3.43,0.802,0.0866,0.064,1,CONTAMINATION,train
RUN-004996,WO-002498,P03,L05,MCH-029,PRD-009,2026-01-07,24.45,1.1404,2.9,G3_junior,5.0,76.8,51.111,3.277,0.916,0.1096,0.0625,1,MISSING_PART,train
RUN-004997,WO-002499,P03,L05,MCH-025,PRD-009,2026-01-07,24.27,1.2133,4.7,G2_mid,5.0,76.8,54.118,3.43,1.053,0.0541,0.075,1,SURFACE_DENT,train
RUN-004998,WO-002499,P03,L05,MCH-026,PRD-009,2026-01-07,22.53,1.194,3.1,G2_mid,5.0,76.8,52.455,3.368,0.916,0.0741,0.06,1,SOLDER_VOID,train
RUN-004999,WO-002500,P03,L05,MCH-027,PRD-050,2026-01-07,33.85,0.988,2.2,G3_junior,5.5,88.6,52.878,2.89,0.743,0.0267,0.048,0,MISSING_PART,train
RUN-005000,WO-002500,P03,L05,MCH-028,PRD-050,2026-01-07,32.43,0.8534,1.7,G3_junior,5.5,88.6,53.605,3.389,0.784,0.0245,0.04,0,SOLDER_VOID,train
RUN-005001,WO-002501,P03,L06,MCH-032,PRD-051,2026-01-07,31.23,0.9405,2.9,G3_junior,6.9,96.1,55.517,8.968,0.901,0.1004,0.04,0,CONTAMINATION,train
RUN-005002,WO-002501,P03,L06,MCH-035,PRD-051,2026-01-07,33.58,1.1233,1.3,G3_junior,6.9,96.1,55.013,3.636,0.875,0.0066,0.025,0,CONTAMINATION,train
RUN-005003,WO-002502,P03,L06,MCH-035,PRD-051,2026-01-07,27.53,1.1197,0,G0_unknown,6.9,96.1,55.013,3.636,1.016,0.0573,0.04,0,MISSING_PART,train
RUN-005004,WO-002502,P03,L06,MCH-032,PRD-051,2026-01-07,28.52,1.167,2.1,G3_junior,6.9,96.1,55.517,8.968,0.967,0.0455,0.06,1,DIMENSION,train
RUN-005005,WO-002503,P03,L06,MCH-036,PRD-051,2026-01-07,34.12,1.0215,10.6,G1_senior,6.9,96.1,53.012,3.286,0.874,0.0072,0.03,0,CONTAMINATION,train
RUN-005006,WO-002503,P03,L06,MCH-035,PRD-051,2026-01-07,30.13,1.1778,11.2,G1_senior,6.9,96.1,55.013,3.636,0.756,0.0625,0.035,0,SCRATCH,train
RUN-005031,WO-002516,P03,L05,MCH-027,PRD-020,2026-01-08,33.38,1.0443,8.2,G1_senior,7.8,84.7,51.253,3.093,0.832,0.0682,0.072,1,SOLDER_VOID,train
RUN-005032,WO-002516,P03,L05,MCH-028,PRD-020,2026-01-08,35.48,0.8545,11.2,G1_senior,7.8,84.7,53.077,3.742,0.921,0.0938,0.07,1,SCRATCH,train
RUN-005033,WO-002517,P03,L05,MCH-028,PRD-020,2026-01-08,17.55,1.1551,6.1,G2_mid,7.8,84.7,53.077,3.742,0.674,0.1516,0.11,1,SCRATCH,train
RUN-005034,WO-002517,P03,L05,MCH-029,PRD-020,2026-01-08,21.67,1.0915,2.3,G3_junior,7.8,84.7,54.109,2.938,1.094,0.1205,0.07,1,SOLDER_VOID,train
RUN-005035,WO-002518,P03,L05,MCH-029,PRD-020,2026-01-08,31.99,1.0848,4.8,G2_mid,7.8,84.7,54.109,2.938,0.852,0.1079,0.06,1,SCRATCH,train
RUN-005036,WO-002518,P03,L05,MCH-025,PRD-020,2026-01-08,33.7,1.1609,11.2,G1_senior,7.8,84.7,54.592,3.444,0.976,0.0805,0.085,1,SOLDER_VOID,train
RUN-005037,WO-002519,P03,L06,MCH-032,PRD-073,2026-01-08,20.3,1.066,0.2,G3_junior,3.4,87.4,52.547,3.541,0.803,0.0279,0.04,0,SURFACE_DENT,train
RUN-005038,WO-002519,P03,L06,MCH-036,PRD-073,2026-01-08,25.87,1.0767,1.0,G3_junior,3.4,87.4,52.505,3.077,1.063,0.0797,0.05,0,DIMENSION,train
RUN-005039,WO-002520,P03,L06,MCH-034,PRD-038,2026-01-08,33.36,1.0828,3.3,G2_mid,3.2,85.8,50.612,3.284,0.798,0.0617,0.04,0,SOLDER_VOID,train
RUN-005040,WO-002520,P03,L06,MCH-033,PRD-038,2026-01-08,31.8,1.1129,2.2,G3_junior,3.2,85.8,55.37,3.532,0.978,0.0415,0.0625,1,SOLDER_VOID,train
RUN-005041,WO-002521,P03,L06,MCH-034,PRD-038,2026-01-08,15.11,0.9742,0.8,G3_junior,3.2,85.8,50.612,3.284,0.66,0.0234,0.016,0,DIMENSION,train
RUN-005042,WO-002521,P03,L06,MCH-032,PRD-038,2026-01-08,15.56,0.9613,1.4,G3_junior,3.2,85.8,52.547,3.541,1.008,0.0098,0.0375,0,MISSING_PART,train
RUN-005067,WO-002534,P03,L05,MCH-025,PRD-010,2026-01-09,21.89,1.1547,1.4,G3_junior,6.9,97.0,53.661,3.735,0.721,0.0666,0.04,0,MISSING_PART,train
RUN-005068,WO-002534,P03,L05,MCH-028,PRD-010,2026-01-09,25.05,1.0749,4.8,G2_mid,6.9,97.0,52.163,3.445,0.675,0,0.04,0,SOLDER_VOID,train
RUN-005069,WO-002535,P03,L05,MCH-026,PRD-008,2026-01-09,21.55,1.1461,1.0,G3_junior,3.4,84.5,53.855,3.288,0.704,0.0894,0.04,0,NONE,train
RUN-005070,WO-002535,P03,L05,MCH-030,PRD-008,2026-01-09,21.0,1.0217,5.7,G2_mid,3.4,84.5,53.115,3.579,0.903,0.0331,0.032,0,DIMENSION,train
RUN-005071,WO-002536,P03,L05,MCH-026,PRD-063,2026-01-09,19.19,1.075,1.4,G3_junior,5.7,84.5,53.855,3.288,0.784,0.0777,0.08,1,MISSING_PART,train
RUN-005072,WO-002536,P03,L05,MCH-029,PRD-063,2026-01-09,16.32,1.1223,2.3,G3_junior,5.7,84.5,52.706,3.084,1.054,0.0556,0.06,1,SURFACE_DENT,train
RUN-005073,WO-002537,P03,L06,MCH-032,PRD-006,2026-01-09,24.48,1.1575,3.0,G3_junior,7.3,92.1,54.474,8.985,0.942,0.073,0.075,1,NONE,train
RUN-005074,WO-002537,P03,L06,MCH-035,PRD-006,2026-01-09,28.93,0.8838,5.7,G2_mid,7.3,92.1,52.454,2.902,0.723,0.0515,0.05,0,SURFACE_DENT,train
RUN-005075,WO-002538,P03,L06,MCH-034,PRD-006,2026-01-09,21.15,1.1269,0.2,G3_junior,7.3,92.1,50.157,2.922,0.698,0.0361,0.065,1,CONTAMINATION,train
RUN-005076,WO-002538,P03,L06,MCH-033,PRD-006,2026-01-09,21.26,0.8781,0.2,G3_junior,7.3,92.1,52.827,3.977,0.758,0.0704,0.06,1,NONE,train
RUN-005077,WO-002539,P03,L06,MCH-033,PRD-006,2026-01-09,21.65,0.8268,0.2,G3_junior,7.3,92.1,52.827,3.977,0.745,0.0139,0.05,0,DIMENSION,train
RUN-005078,WO-002539,P03,L06,MCH-034,PRD-006,2026-01-09,18.38,1.1304,1.4,G3_junior,7.3,92.1,50.157,2.922,0.938,0.102,0.08,1,SURFACE_DENT,train
RUN-005091,WO-002546,P03,L05,MCH-029,PRD-075,2026-01-10,40.58,1.0792,11.2,G1_senior,6.8,96.3,48.653,2.814,0.725,0.0029,0.03,0,SOLDER_VOID,train
RUN-005092,WO-002546,P03,L05,MCH-026,PRD-075,2026-01-10,36.66,1.1698,6.1,G2_mid,6.8,96.3,49.286,3.64,0.668,0.0359,0.048,0,CONTAMINATION,train
RUN-005093,WO-002547,P03,L05,MCH-027,PRD-006,2026-01-10,40.59,1.0314,3.3,G2_mid,7.3,92.1,47.656,3.312,0.802,0.0729,0.07,1,SCRATCH,train
RUN-005094,WO-002547,P03,L05,MCH-026,PRD-006,2026-01-10,40.55,0.8446,9.4,G1_senior,7.3,92.1,49.286,3.64,0.83,0.0537,0.04,0,CONTAMINATION,train
RUN-005095,WO-002548,P03,L06,MCH-035,PRD-051,2026-01-10,23.11,0.9319,2.8,G3_junior,6.9,96.1,46.536,2.9,0.737,0.0043,0.05,0,DIMENSION,train
RUN-005096,WO-002548,P03,L06,MCH-034,PRD-051,2026-01-10,23.62,1.1025,2.3,G3_junior,6.9,96.1,44.85,2.529,0.684,0.0166,0.0375,0,DIMENSION,train
RUN-005117,WO-002559,P03,L05,MCH-028,PRD-064,2026-01-11,29.09,1.1382,1.2,G3_junior,4.9,89.9,49.792,7.185,1.04,0.0996,0.045,0,MISSING_PART,train
RUN-005118,WO-002559,P03,L05,MCH-029,PRD-064,2026-01-11,27.88,0.9563,3.1,G2_mid,4.9,89.9,47.549,2.704,0.73,0.0481,0.025,0,DIMENSION,train
RUN-005119,WO-002560,P03,L06,MCH-031,PRD-003,2026-01-11,38.38,1.1256,1.8,G3_junior,4.8,95.9,53.206,3.653,0.741,0.0264,0.032,0,MISSING_PART,train
RUN-005120,WO-002560,P03,L06,MCH-036,PRD-003,2026-01-11,38.3,0.8567,1.8,G3_junior,4.8,95.9,48.566,3.372,1.068,0.0183,0.0,0,NONE,train
RUN-005121,WO-002561,P03,L06,MCH-036,PRD-003,2026-01-11,31.21,0.892,1.4,G3_junior,4.8,95.9,48.566,3.372,1.007,0.0133,0.03,0,SURFACE_DENT,train
RUN-005122,WO-002561,P03,L06,MCH-032,PRD-003,2026-01-11,29.22,1.0676,2.1,G3_junior,4.8,95.9,48.787,3.277,0.946,0.0061,0.032,0,SURFACE_DENT,train
RUN-005147,WO-002574,P03,L05,MCH-029,PRD-022,2026-01-12,27.37,1.1391,1.4,G3_junior,4.3,85.8,52.793,3.704,1.065,0.0161,0.032,0,SOLDER_VOID,train
RUN-005148,WO-002574,P03,L05,MCH-028,PRD-022,2026-01-12,23.87,0.9519,0,G0_unknown,4.3,85.8,51.895,3.877,0.629,0,0.04,0,SURFACE_DENT,train
RUN-005149,WO-002575,P03,L05,MCH-030,PRD-019,2026-01-12,28.2,0.9093,0.5,G3_junior,7.2,71.7,52.806,3.118,0.905,0.1474,0.1375,1,SCRATCH,train
RUN-005150,WO-002575,P03,L05,MCH-028,PRD-019,2026-01-12,30.34,1.0113,11.8,G1_senior,7.2,71.7,51.895,3.877,0.956,0.136,0.096,1,SCRATCH,train
RUN-005151,WO-002576,P03,L05,MCH-030,PRD-022,2026-01-12,27.08,0.9083,3.0,G3_junior,4.3,85.8,52.806,3.118,0.649,0.0054,0.04,0,MISSING_PART,train
RUN-005152,WO-002576,P03,L05,MCH-027,PRD-022,2026-01-12,25.85,0.8417,4.6,G2_mid,4.3,85.8,50.617,2.971,0.86,0.0044,0.02,0,CONTAMINATION,train
RUN-005153,WO-002577,P03,L06,MCH-031,PRD-073,2026-01-12,16.43,1.144,3.3,G2_mid,3.4,87.4,55.716,3.851,0.744,0.0257,0.015,0,CONTAMINATION,train
RUN-005154,WO-002577,P03,L06,MCH-032,PRD-073,2026-01-12,16.04,0.9713,7.2,G2_mid,3.4,87.4,51.648,4.355,0.69,0.063,0.04,0,SOLDER_VOID,train
RUN-005155,WO-002578,P03,L06,MCH-032,PRD-073,2026-01-12,24.04,1.1627,1.8,G3_junior,3.4,87.4,51.648,4.355,0.818,0.0301,0.01,0,SCRATCH,train
RUN-005156,WO-002578,P03,L06,MCH-031,PRD-073,2026-01-12,27.68,0.8987,0.2,G3_junior,3.4,87.4,55.716,3.851,0.985,0.0449,0.024,0,MISSING_PART,train
RUN-005157,WO-002579,P03,L06,MCH-034,PRD-073,2026-01-12,25.31,0.9633,0.2,G3_junior,3.4,87.4,51.719,3.24,1.085,0.0654,0.04,0,CONTAMINATION,train
RUN-005158,WO-002579,P03,L06,MCH-035,PRD-073,2026-01-12,25.04,1.0913,3.4,G2_mid,3.4,87.4,54.509,2.953,0.792,0.029,0.02,0,NONE,train
RUN-005183,WO-002592,P03,L05,MCH-028,PRD-054,2026-01-13,20.21,1.0165,0.7,G3_junior,6.3,71.4,54.091,3.78,0.948,0.1569,0.128,1,SURFACE_DENT,train
RUN-005184,WO-002592,P03,L05,MCH-030,PRD-054,2026-01-13,16.19,0.8826,0.2,G3_junior,6.3,71.4,53.254,3.37,0.989,0.1039,0.104,1,DIMENSION,train
RUN-005185,WO-002593,P03,L05,MCH-026,PRD-054,2026-01-13,38.02,1.0174,2.8,G3_junior,6.3,71.4,52.231,3.619,0.891,0.1156,0.1,1,SURFACE_DENT,train
RUN-005186,WO-002593,P03,L05,MCH-028,PRD-054,2026-01-13,39.39,0.9785,1.7,G3_junior,6.3,71.4,54.091,3.78,0.651,0.0726,0.085,1,SURFACE_DENT,train
RUN-005187,WO-002594,P03,L05,MCH-029,PRD-021,2026-01-13,23.39,1.116,4.6,G2_mid,3.0,95.9,49.422,2.874,0.993,0.0389,0.03,0,SURFACE_DENT,train
RUN-005188,WO-002594,P03,L05,MCH-025,PRD-021,2026-01-13,22.49,1.055,10.6,G1_senior,3.0,95.9,52.926,3.784,0.75,0.0141,0.0125,0,SCRATCH,train
RUN-005189,WO-002595,P03,L06,MCH-031,PRD-056,2026-01-13,18.5,0.9731,0.2,G3_junior,4.3,97.0,55.259,3.536,0.703,0.0369,0.02,1,SOLDER_VOID,train
RUN-005190,WO-002595,P03,L06,MCH-035,PRD-056,2026-01-13,17.61,1.0792,2.7,G3_junior,4.3,97.0,52.031,3.147,0.933,0.0335,0.032,0,DIMENSION,train
RUN-005191,WO-002596,P03,L06,MCH-035,PRD-056,2026-01-13,26.89,0.9979,0.2,G3_junior,4.3,97.0,52.031,3.147,1.074,0.0282,0.02,0,DIMENSION,train
RUN-005192,WO-002596,P03,L06,MCH-033,PRD-056,2026-01-13,27.79,1.017,0.2,G3_junior,4.3,97.0,55.89,3.299,0.878,0.0411,0.0375,0,SURFACE_DENT,train
RUN-005193,WO-002597,P03,L06,MCH-034,PRD-070,2026-01-13,24.38,0.8712,0.2,G3_junior,3.9,87.4,49.964,3.081,0.849,0.0762,0.03,0,SOLDER_VOID,train
RUN-005194,WO-002597,P03,L06,MCH-033,PRD-070,2026-01-13,23.56,0.9462,0.2,G3_junior,3.9,87.4,55.89,3.299,1.028,0.01,0.048,0,MISSING_PART,train
RUN-005219,WO-002610,P03,L05,MCH-029,PRD-019,2026-01-14,21.21,1.1118,7.6,G2_mid,7.2,71.7,51.915,3.351,0.622,0.1198,0.1,1,SURFACE_DENT,train
RUN-005220,WO-002610,P03,L05,MCH-025,PRD-019,2026-01-14,15.04,1.0212,0.2,G3_junior,7.2,71.7,53.294,3.859,0.671,0.101,0.12,1,CONTAMINATION,train
RUN-005221,WO-002611,P03,L05,MCH-026,PRD-019,2026-01-14,23.26,1.0026,2.3,G3_junior,7.2,71.7,52.785,3.1,0.9,0.1412,0.12,1,CONTAMINATION,train
RUN-005222,WO-002611,P03,L05,MCH-027,PRD-019,2026-01-14,22.4,0.8802,5.8,G2_mid,7.2,71.7,53.766,3.109,0.835,0.1002,0.11,1,DIMENSION,train
RUN-005223,WO-002612,P03,L05,MCH-028,PRD-019,2026-01-14,33.72,0.955,2.8,G3_junior,7.2,71.7,55.357,3.471,0.673,0.1636,0.12,1,SURFACE_DENT,train
RUN-005224,WO-002612,P03,L05,MCH-026,PRD-019,2026-01-14,38.78,1.1032,3.2,G2_mid,7.2,71.7,52.785,3.1,0.897,0.1068,0.135,1,MISSING_PART,train
RUN-005225,WO-002613,P03,L06,MCH-031,PRD-048,2026-01-14,26.37,1.0306,2.8,G3_junior,4.6,96.1,56.478,3.674,0.694,0,0.03,0,MISSING_PART,train
RUN-005226,WO-002613,P03,L06,MCH-032,PRD-048,2026-01-14,23.69,1.0376,2.3,G3_junior,4.6,96.1,54.038,3.582,0.843,0.0537,0.0125,0,SURFACE_DENT,train
RUN-005227,WO-002614,P03,L06,MCH-033,PRD-048,2026-01-14,31.54,0.8537,9.4,G1_senior,4.6,96.1,54.959,3.237,1.009,0,0.02,0,SOLDER_VOID,train
RUN-005228,WO-002614,P03,L06,MCH-034,PRD-048,2026-01-14,24.74,0.9939,1.0,G3_junior,4.6,96.1,49.264,2.636,0.959,0.0107,0.008,0,MISSING_PART,train
RUN-005229,WO-002615,P03,L06,MCH-036,PRD-073,2026-01-14,16.26,0.848,3.3,G2_mid,3.4,87.4,53.02,3.196,0.947,0.029,0.03,0,CONTAMINATION,train
RUN-005230,WO-002615,P03,L06,MCH-032,PRD-073,2026-01-14,15.84,1.0513,4.6,G2_mid,3.4,87.4,54.038,3.582,0.726,0.0421,0.016,0,SCRATCH,train
RUN-005255,WO-002628,P03,L05,MCH-030,PRD-044,2026-01-15,24.45,0.9359,0,G0_unknown,4.1,88.0,52.349,3.011,0.836,0.0638,0.024,0,SOLDER_VOID,train
RUN-005256,WO-002628,P03,L05,MCH-027,PRD-044,2026-01-15,27.38,0.9004,8.2,G1_senior,4.1,88.0,50.424,3.346,0.721,0.0232,0.04,0,SOLDER_VOID,train
RUN-005257,WO-002629,P03,L05,MCH-026,PRD-044,2026-01-15,19.7,1.0466,1.2,G3_junior,4.1,88.0,51.781,3.062,1.051,0.0814,0.06,1,MISSING_PART,train
RUN-005258,WO-002629,P03,L05,MCH-028,PRD-044,2026-01-15,23.43,1.0534,0.2,G3_junior,4.1,88.0,53.228,3.707,0.71,0.024,0.03,0,CONTAMINATION,train
RUN-005259,WO-002630,P03,L05,MCH-026,PRD-044,2026-01-15,24.77,1.1265,3.3,G2_mid,4.1,88.0,51.781,3.062,0.738,0.0115,0.02,0,SCRATCH,train
RUN-005260,WO-002630,P03,L05,MCH-028,PRD-044,2026-01-15,28.23,0.9121,2.8,G3_junior,4.1,88.0,53.228,3.707,1.058,0.0801,0.04,0,SURFACE_DENT,train
RUN-005261,WO-002631,P03,L06,MCH-033,PRD-080,2026-01-15,18.22,1.1783,6.5,G2_mid,5.2,84.5,56.371,3.575,0.801,0.0397,0.0625,1,DIMENSION,train
RUN-005262,WO-002631,P03,L06,MCH-032,PRD-080,2026-01-15,25.03,1.0985,2.0,G3_junior,5.2,84.5,50.071,3.341,0.735,0.0948,0.08,1,SCRATCH,train
RUN-005263,WO-002632,P03,L06,MCH-032,PRD-080,2026-01-15,19.81,1.1349,4.6,G2_mid,5.2,84.5,50.071,3.341,1.059,0.0802,0.065,1,CONTAMINATION,train
RUN-005264,WO-002632,P03,L06,MCH-034,PRD-080,2026-01-15,17.2,1.0762,5.7,G2_mid,5.2,84.5,49.391,2.874,0.89,0.0298,0.045,0,SURFACE_DENT,train
RUN-005265,WO-002633,P03,L06,MCH-035,PRD-080,2026-01-15,26.97,0.9302,1.2,G3_junior,5.2,84.5,55.005,4.737,0.862,0.0398,0.0375,0,SOLDER_VOID,train
RUN-005266,WO-002633,P03,L06,MCH-032,PRD-080,2026-01-15,22.75,1.0129,1.2,G3_junior,5.2,84.5,50.071,3.341,0.937,0.0527,0.04,0,DIMENSION,train
RUN-005291,WO-002646,P03,L05,MCH-028,PRD-063,2026-01-16,24.88,1.087,0.4,G3_junior,5.7,84.5,55.126,3.628,0.71,0.0675,0.075,1,NONE,train
RUN-005292,WO-002646,P03,L05,MCH-030,PRD-063,2026-01-16,22.55,1.0566,1.7,G3_junior,5.7,84.5,49.737,3.202,0.91,0.0141,0.06,1,DIMENSION,train
RUN-005293,WO-002647,P03,L05,MCH-027,PRD-077,2026-01-16,31.44,1.035,0.7,G3_junior,1.7,96.1,48.975,2.608,1.084,0.02,0.008,0,MISSING_PART,train
RUN-005294,WO-002647,P03,L05,MCH-030,PRD-077,2026-01-16,27.11,1.0877,2.8,G3_junior,1.7,96.1,49.737,3.202,0.949,0.0285,0.0,0,NONE,train
RUN-005295,WO-002648,P03,L05,MCH-028,PRD-077,2026-01-16,12.18,1.0636,0.2,G3_junior,1.7,96.1,55.126,3.628,0.926,0.0042,0.03,0,DIMENSION,train
RUN-005296,WO-002648,P03,L05,MCH-027,PRD-077,2026-01-16,11.37,1.0332,11.2,G1_senior,1.7,96.1,48.975,2.608,0.914,0.0358,0.005,0,SURFACE_DENT,train
RUN-005297,WO-002649,P03,L06,MCH-034,PRD-040,2026-01-16,33.91,1.164,1.7,G3_junior,8.4,82.7,49.452,3.373,0.624,0.1564,0.14,1,SCRATCH,train
RUN-005298,WO-002649,P03,L06,MCH-036,PRD-040,2026-01-16,31.09,0.8544,0.2,G3_junior,8.4,82.7,52.006,3.209,0.762,0.0404,0.07,1,SURFACE_DENT,train
RUN-005299,WO-002650,P03,L06,MCH-034,PRD-040,2026-01-16,29.14,0.8605,5.7,G2_mid,8.4,82.7,49.452,3.373,0.711,0.0888,0.1125,1,SURFACE_DENT,train
RUN-005300,WO-002650,P03,L06,MCH-033,PRD-040,2026-01-16,29.18,1.1793,2.0,G3_junior,8.4,82.7,52.854,6.822,0.761,0.0993,0.11,1,SOLDER_VOID,train
RUN-005301,WO-002651,P03,L06,MCH-031,PRD-040,2026-01-16,18.75,1.0774,0.2,G3_junior,8.4,82.7,56.42,3.247,0.625,0.1,0.1125,1,SCRATCH,train
RUN-005302,WO-002651,P03,L06,MCH-032,PRD-040,2026-01-16,20.61,0.8981,7.1,G2_mid,8.4,82.7,54.938,3.224,0.889,0.084,0.1,1,SURFACE_DENT,train
RUN-005319,WO-002660,P03,L06,MCH-031,PRD-051,2026-01-17,35.13,1.028,8.2,G1_senior,6.9,96.1,50.212,3.571,1.094,0.0501,0.04,0,CONTAMINATION,train
RUN-005320,WO-002660,P03,L06,MCH-034,PRD-051,2026-01-17,38.23,0.8409,2.0,G3_junior,6.9,96.1,46.204,2.816,0.67,0.0647,0.0375,0,SCRATCH,train
RUN-005321,WO-002661,P03,L06,MCH-035,PRD-048,2026-01-17,16.78,1.0254,5.8,G2_mid,4.6,96.1,49.912,2.954,0.798,0.0279,0.025,0,MISSING_PART,train
RUN-005322,WO-002661,P03,L06,MCH-031,PRD-048,2026-01-17,18.75,1.0343,18,G1_senior,4.6,96.1,50.212,3.571,0.716,0,0.0,0,NONE,train
RUN-005333,WO-002667,P03,L05,MCH-025,PRD-033,2026-01-18,18.46,0.8483,1.7,G3_junior,4.7,88.0,48.655,3.006,0.933,0,0.0125,0,CONTAMINATION,train
RUN-005334,WO-002667,P03,L05,MCH-028,PRD-033,2026-01-18,20.01,1.1684,7.2,G2_mid,4.7,88.0,49.225,3.226,1.084,0.0556,0.032,0,SURFACE_DENT,train
RUN-005335,WO-002668,P03,L06,MCH-031,PRD-058,2026-01-18,43.17,1.1322,0.7,G3_junior,8.8,71.4,51.215,3.13,1.016,0.0878,0.12,1,SOLDER_VOID,train
RUN-005336,WO-002668,P03,L06,MCH-035,PRD-058,2026-01-18,40.43,1.0401,2.9,G3_junior,8.8,71.4,51.314,3.082,0.973,0.1328,0.125,1,MISSING_PART,train
RUN-005361,WO-002681,P03,L05,MCH-027,PRD-063,2026-01-19,32.0,1.1216,7.0,G2_mid,5.7,84.5,51.2,3.285,0.84,0,0.055,1,SOLDER_VOID,train
RUN-005362,WO-002681,P03,L05,MCH-026,PRD-063,2026-01-19,35.92,0.9724,0.2,G3_junior,5.7,84.5,54.689,3.347,0.974,0.0203,0.05,0,SURFACE_DENT,train
RUN-005363,WO-002682,P03,L05,MCH-025,PRD-063,2026-01-19,30.78,1.0382,7.0,G2_mid,5.7,84.5,54.851,3.03,0.688,0.0531,0.04,0,SURFACE_DENT,train
RUN-005364,WO-002682,P03,L05,MCH-026,PRD-063,2026-01-19,28.14,0.9236,1.4,G3_junior,5.7,84.5,54.689,3.347,0.673,0.0446,0.048,0,SURFACE_DENT,train
RUN-005365,WO-002683,P03,L05,MCH-025,PRD-063,2026-01-19,27.45,1.0198,7.6,G2_mid,5.7,84.5,54.851,3.03,0.98,0.0254,0.025,0,CONTAMINATION,train
RUN-005366,WO-002683,P03,L05,MCH-026,PRD-063,2026-01-19,28.16,0.9661,2.8,G3_junior,5.7,84.5,54.689,3.347,1.08,0.1084,0.075,1,SCRATCH,train
RUN-005367,WO-002684,P03,L06,MCH-035,PRD-013,2026-01-19,30.72,1.0481,4.6,G2_mid,4.9,95.9,49.978,4.472,0.803,0.0256,0.0,0,NONE,train
RUN-005368,WO-002684,P03,L06,MCH-036,PRD-013,2026-01-19,32.87,0.8246,3.0,G3_junior,4.9,95.9,56.047,3.486,1.063,0.0456,0.02,0,SOLDER_VOID,train
RUN-005369,WO-002685,P03,L06,MCH-032,PRD-013,2026-01-19,33.12,1.023,11.8,G1_senior,4.9,95.9,51.371,2.863,0.652,0.0411,0.02,0,CONTAMINATION,train
RUN-005370,WO-002685,P03,L06,MCH-035,PRD-013,2026-01-19,31.11,1.1104,11.8,G1_senior,4.9,95.9,49.978,4.472,0.813,0.0342,0.016,0,CONTAMINATION,train
RUN-005371,WO-002686,P03,L06,MCH-036,PRD-013,2026-01-19,28.83,0.8389,1.7,G3_junior,4.9,95.9,56.047,3.486,0.775,0.0199,0.02,0,DIMENSION,train
RUN-005372,WO-002686,P03,L06,MCH-032,PRD-013,2026-01-19,26.29,0.9242,3.2,G2_mid,4.9,95.9,51.371,2.863,0.912,0.0156,0.01,0,SCRATCH,train
RUN-005397,WO-002699,P03,L05,MCH-026,PRD-075,2026-01-20,21.24,0.8528,0.2,G3_junior,6.8,96.3,54.419,3.839,0.833,0.0527,0.06,1,SCRATCH,train
RUN-005398,WO-002699,P03,L05,MCH-029,PRD-075,2026-01-20,18.43,0.9252,0.8,G3_junior,6.8,96.3,50.008,3.013,0.809,0,0.04,0,SOLDER_VOID,train
RUN-005399,WO-002700,P03,L05,MCH-028,PRD-075,2026-01-20,20.49,0.8302,0.8,G3_junior,6.8,96.3,53.325,3.276,0.904,0.0003,0.025,0,MISSING_PART,train
RUN-005400,WO-002700,P03,L05,MCH-029,PRD-075,2026-01-20,22.48,0.8799,7.0,G2_mid,6.8,96.3,50.008,3.013,0.789,0.0283,0.025,0,DIMENSION,train
RUN-005401,WO-002701,P03,L05,MCH-025,PRD-080,2026-01-20,32.0,0.9707,3.0,G3_junior,5.2,84.5,53.99,3.412,0.716,0.0588,0.048,0,MISSING_PART,train
RUN-005402,WO-002701,P03,L05,MCH-028,PRD-080,2026-01-20,28.98,0.834,0.2,G3_junior,5.2,84.5,53.325,3.276,0.798,0.0194,0.05,0,NONE,train
RUN-005403,WO-002702,P03,L06,MCH-032,PRD-004,2026-01-20,20.67,0.8607,3.3,G2_mid,3.9,95.9,53.06,3.134,0.968,0,0.0,0,NONE,train
RUN-005404,WO-002702,P03,L06,MCH-031,PRD-004,2026-01-20,15.82,1.0739,1.0,G3_junior,3.9,95.9,56.633,3.692,0.676,0.0399,0.024,0,SOLDER_VOID,train
RUN-005405,WO-002703,P03,L06,MCH-036,PRD-042,2026-01-20,16.03,0.8759,1.2,G3_junior,1.4,89.9,52.835,2.943,0.992,0.0228,0.025,0,DIMENSION,train
RUN-005406,WO-002703,P03,L06,MCH-032,PRD-042,2026-01-20,12.04,0.8438,2.6,G3_junior,1.4,89.9,53.06,3.134,1.099,0,0.0,0,NONE,train
RUN-005407,WO-002704,P03,L06,MCH-031,PRD-042,2026-01-20,20.82,0.9281,0.2,G3_junior,1.4,89.9,56.633,3.692,0.628,0.0084,0.01,0,SURFACE_DENT,train
RUN-005408,WO-002704,P03,L06,MCH-033,PRD-042,2026-01-20,17.93,1.1512,0.2,G3_junior,1.4,89.9,54.776,3.369,0.994,0.0092,0.0,0,NONE,train
RUN-005433,WO-002717,P03,L05,MCH-030,PRD-063,2026-01-21,23.79,1.1881,11.8,G1_senior,5.7,84.5,50.384,3.034,0.891,0.0039,0.025,0,SCRATCH,train
RUN-005434,WO-002717,P03,L05,MCH-026,PRD-063,2026-01-21,21.59,1.2235,15.7,G1_senior,5.7,84.5,55.139,3.47,0.916,0.0587,0.03,0,MISSING_PART,train
RUN-005435,WO-002718,P03,L05,MCH-025,PRD-063,2026-01-21,16.86,1.1231,3.4,G2_mid,5.7,84.5,55.94,3.157,0.744,0.0697,0.048,0,SCRATCH,train
RUN-005436,WO-002718,P03,L05,MCH-027,PRD-063,2026-01-21,11.26,1.0488,1.7,G3_junior,5.7,84.5,51.135,3.135,0.844,0.063,0.035,0,DIMENSION,train
RUN-005437,WO-002719,P03,L05,MCH-029,PRD-056,2026-01-21,22.04,0.9788,11.8,G1_senior,4.3,97.0,51.367,2.691,0.783,0.0087,0.01,0,MISSING_PART,train
RUN-005438,WO-002719,P03,L05,MCH-027,PRD-056,2026-01-21,21.7,1.0869,11.8,G1_senior,4.3,97.0,51.135,3.135,0.905,0,0.0,0,NONE,train
RUN-005439,WO-002720,P03,L06,MCH-035,PRD-040,2026-01-21,41.43,1.046,2.8,G3_junior,8.4,82.7,54.123,3.229,0.872,0.0728,0.09,1,MISSING_PART,train
RUN-005440,WO-002720,P03,L06,MCH-033,PRD-040,2026-01-21,38.2,1.1287,7.2,G2_mid,8.4,82.7,51.849,3.759,0.63,0.15,0.12,1,SOLDER_VOID,train
RUN-005441,WO-002721,P03,L06,MCH-036,PRD-040,2026-01-21,29.05,1.1785,6.5,G2_mid,8.4,82.7,51.587,3.022,1.096,0.1185,0.1,1,SCRATCH,train
RUN-005442,WO-002721,P03,L06,MCH-035,PRD-040,2026-01-21,31.97,1.1709,6.5,G2_mid,8.4,82.7,54.123,3.229,0.629,0.1028,0.1,1,SURFACE_DENT,train
RUN-005443,WO-002722,P03,L06,MCH-032,PRD-040,2026-01-21,32.8,0.9065,1.8,G3_junior,8.4,82.7,55.519,2.895,0.772,0.1502,0.11,1,SURFACE_DENT,train
RUN-005444,WO-002722,P03,L06,MCH-034,PRD-040,2026-01-21,32.85,1.1908,7.0,G2_mid,8.4,82.7,50.537,3.151,1.017,0.1081,0.1,1,CONTAMINATION,train
RUN-005469,WO-002735,P03,L05,MCH-029,PRD-044,2026-01-22,27.88,1.1018,2.8,G3_junior,4.1,88.0,53.723,3.369,0.969,0.0193,0.04,0,CONTAMINATION,train
RUN-005470,WO-002735,P03,L05,MCH-028,PRD-044,2026-01-22,25.36,1.0901,1.0,G3_junior,4.1,88.0,54.001,3.346,0.841,0.0367,0.04,0,DIMENSION,train
RUN-005471,WO-002736,P03,L05,MCH-027,PRD-068,2026-01-22,26.42,0.9816,1.0,G3_junior,2.3,71.0,50.942,3.254,0.867,0.0464,0.025,0,MISSING_PART,train
RUN-005472,WO-002736,P03,L05,MCH-025,PRD-068,2026-01-22,26.38,1.0222,11.2,G1_senior,2.3,71.0,49.982,3.151,1.039,0.0045,0.0125,0,SOLDER_VOID,train
RUN-005473,WO-002737,P03,L05,MCH-025,PRD-078,2026-01-22,20.45,1.1319,10.6,G1_senior,4.6,84.7,49.982,3.151,1.07,0,0.0125,0,DIMENSION,train
RUN-005474,WO-002737,P03,L05,MCH-029,PRD-078,2026-01-22,21.4,1.1572,1.4,G3_junior,4.6,84.7,53.723,3.369,0.985,0.09,0.064,1,SCRATCH,train
RUN-005475,WO-002738,P03,L06,MCH-032,PRD-012,2026-01-22,14.86,0.9597,3.0,G3_junior,2.1,92.1,54.599,3.307,0.98,0,0.01,0,SOLDER_VOID,train
RUN-005476,WO-002738,P03,L06,MCH-034,PRD-012,2026-01-22,14.17,0.9243,2.8,G3_junior,2.1,92.1,50.693,3.212,0.818,0,0.01,0,SCRATCH,train
RUN-005477,WO-002739,P03,L06,MCH-033,PRD-054,2026-01-22,26.06,0.8223,11.2,G1_senior,6.3,71.4,53.181,12.342,0.802,0.0583,0.06,1,SURFACE_DENT,train
RUN-005478,WO-002739,P03,L06,MCH-034,PRD-054,2026-01-22,25.92,0.8909,0.2,G3_junior,6.3,71.4,50.693,3.212,0.947,0.137,0.12,1,SOLDER_VOID,train
RUN-005479,WO-002740,P03,L06,MCH-031,PRD-012,2026-01-22,18.04,1.0109,2.3,G3_junior,2.1,92.1,56.396,3.679,0.658,0.0107,0.032,0,CONTAMINATION,train
RUN-005480,WO-002740,P03,L06,MCH-032,PRD-012,2026-01-22,18.64,1.151,8.2,G1_senior,2.1,92.1,54.599,3.307,0.869,0,0.01,0,SCRATCH,train
RUN-005505,WO-002753,P03,L05,MCH-030,PRD-040,2026-01-23,36.09,0.908,7.2,G2_mid,8.4,82.7,52.344,3.25,0.664,0.084,0.0875,1,CONTAMINATION,train
RUN-005506,WO-002753,P03,L05,MCH-028,PRD-040,2026-01-23,37.64,0.99,15.7,G1_senior,8.4,82.7,55.117,3.421,0.93,0.0516,0.075,1,SURFACE_DENT,train
RUN-005507,WO-002754,P03,L05,MCH-029,PRD-077,2026-01-23,27.94,0.9614,3.3,G2_mid,1.7,96.1,53.527,2.736,0.967,0.0064,0.02,0,CONTAMINATION,train
RUN-005508,WO-002754,P03,L05,MCH-028,PRD-077,2026-01-23,22.16,1.175,2.8,G3_junior,1.7,96.1,55.117,3.421,1.09,0.0254,0.02,0,SURFACE_DENT,train
RUN-005509,WO-002755,P03,L05,MCH-027,PRD-009,2026-01-23,22.03,0.8657,1.0,G3_junior,5.0,76.8,51.209,3.291,0.775,0.114,0.085,1,SURFACE_DENT,train
RUN-005510,WO-002755,P03,L05,MCH-029,PRD-009,2026-01-23,25.42,0.8269,2.8,G3_junior,5.0,76.8,53.527,2.736,1.079,0.0281,0.075,1,SURFACE_DENT,train
RUN-005511,WO-002756,P03,L06,MCH-033,PRD-056,2026-01-23,16.85,0.9534,0.2,G3_junior,4.3,97.0,55.482,3.188,0.798,0.0043,0.015,0,DIMENSION,train
RUN-005512,WO-002756,P03,L06,MCH-031,PRD-056,2026-01-23,19.51,1.1371,0.7,G3_junior,4.3,97.0,56.006,4.081,0.973,0.0015,0.0,0,NONE,train
RUN-005513,WO-002757,P03,L06,MCH-036,PRD-056,2026-01-23,29.07,0.8304,7.6,G2_mid,4.3,97.0,55.62,3.257,0.991,0,0.0125,0,SOLDER_VOID,train
RUN-005514,WO-002757,P03,L06,MCH-033,PRD-056,2026-01-23,27.39,0.8671,7.6,G2_mid,4.3,97.0,55.482,3.188,0.841,0.018,0.01,0,MISSING_PART,train
RUN-005515,WO-002758,P03,L06,MCH-035,PRD-064,2026-01-23,28.07,0.8535,0.6,G3_junior,4.9,89.9,53.366,3.134,0.679,0,0.025,0,NONE,train
RUN-005516,WO-002758,P03,L06,MCH-034,PRD-064,2026-01-23,32.84,0.978,3.2,G2_mid,4.9,89.9,49.865,2.903,0.882,0.0783,0.025,0,SOLDER_VOID,train
RUN-005533,WO-002767,P03,L05,MCH-027,PRD-007,2026-01-24,18.73,1.1255,0.2,G3_junior,3.9,88.0,47.273,3.386,0.73,0.0704,0.04,0,MISSING_PART,train
RUN-005534,WO-002767,P03,L05,MCH-030,PRD-007,2026-01-24,18.79,1.0239,4.7,G2_mid,3.9,88.0,51.729,2.87,1.059,0.0259,0.02,0,SOLDER_VOID,train
RUN-005535,WO-002768,P03,L06,MCH-033,PRD-069,2026-01-24,32.66,0.9984,18,G1_senior,10,88.6,49.373,3.551,1.093,0.0655,0.085,1,SURFACE_DENT,train
RUN-005536,WO-002768,P03,L06,MCH-031,PRD-069,2026-01-24,31.32,0.9713,11.2,G1_senior,10,88.6,54.025,3.239,0.809,0.0888,0.075,1,SOLDER_VOID,train
RUN-005537,WO-002769,P03,L06,MCH-035,PRD-004,2026-01-24,12.33,0.9453,2.8,G3_junior,3.9,95.9,51.687,3.178,0.888,0.0077,0.01,0,SURFACE_DENT,train
RUN-005538,WO-002769,P03,L06,MCH-036,PRD-004,2026-01-24,12.28,0.9604,14.6,G1_senior,3.9,95.9,49.591,3.572,1.099,0.0287,0.0,0,NONE,train
RUN-005547,WO-002774,P03,L05,MCH-026,PRD-021,2026-01-25,23.33,1.0258,3.4,G2_mid,3.0,95.9,52.81,7.389,0.889,0.0151,0.02,0,MISSING_PART,train
RUN-005548,WO-002774,P03,L05,MCH-027,PRD-021,2026-01-25,30.04,1.1107,0.2,G3_junior,3.0,95.9,48.165,2.741,1.053,0,0.0,0,NONE,train
RUN-005549,WO-002775,P03,L06,MCH-034,PRD-017,2026-01-25,19.81,0.9553,3.0,G3_junior,4.3,96.3,45.798,2.684,1.058,0,0.0,0,NONE,train
RUN-005550,WO-002775,P03,L06,MCH-032,PRD-017,2026-01-25,23.54,0.8789,1.8,G3_junior,4.3,96.3,48.48,3.019,0.975,0.0212,0.03,0,SOLDER_VOID,train
RUN-005551,WO-002776,P03,L06,MCH-036,PRD-017,2026-01-25,19.04,1.0348,0.2,G3_junior,4.3,96.3,48.773,3.585,0.646,0.0312,0.008,0,NONE,train
RUN-005552,WO-002776,P03,L06,MCH-031,PRD-017,2026-01-25,21.38,1.1749,1.8,G3_junior,4.3,96.3,53.849,3.473,0.879,0.0365,0.032,0,NONE,train
RUN-005577,WO-002789,P03,L05,MCH-027,PRD-013,2026-01-26,30.86,1.0785,0,G0_unknown,4.9,95.9,51.377,2.731,0.648,0.0508,0.0375,0,SURFACE_DENT,train
RUN-005578,WO-002789,P03,L05,MCH-026,PRD-013,2026-01-26,29.08,1.0887,3.4,G2_mid,4.9,95.9,56.978,3.352,0.683,0.0348,0.025,0,SCRATCH,train
RUN-005579,WO-002790,P03,L05,MCH-027,PRD-013,2026-01-26,34.09,1.0785,2.9,G3_junior,4.9,95.9,51.377,2.731,0.887,0.0539,0.04,0,SCRATCH,train
RUN-005580,WO-002790,P03,L05,MCH-025,PRD-013,2026-01-26,33.24,0.824,2.8,G3_junior,4.9,95.9,63.468,5.987,0.662,0,0.025,0,DIMENSION,train
RUN-005581,WO-002791,P03,L05,MCH-030,PRD-006,2026-01-26,26.59,0.9843,1.2,G3_junior,7.3,92.1,54.215,3.193,0.961,0.1107,0.088,1,DIMENSION,train
RUN-005582,WO-002791,P03,L05,MCH-029,PRD-006,2026-01-26,28.89,0.8225,3.4,G2_mid,7.3,92.1,54.372,2.935,0.816,0.1449,0.075,1,MISSING_PART,train
RUN-005583,WO-002792,P03,L06,MCH-034,PRD-064,2026-01-26,30.13,1.1869,7.6,G2_mid,4.9,89.9,49.353,2.741,1.061,0.0208,0.02,0,DIMENSION,train
RUN-005584,WO-002792,P03,L06,MCH-035,PRD-064,2026-01-26,31.15,1.0166,0,G0_unknown,4.9,89.9,52.129,3.118,0.832,0.0718,0.05,0,NONE,train
RUN-005585,WO-002793,P03,L06,MCH-035,PRD-064,2026-01-26,17.07,0.8647,0.2,G3_junior,4.9,89.9,52.129,3.118,0.988,0.0601,0.0625,1,SOLDER_VOID,train
RUN-005586,WO-002793,P03,L06,MCH-034,PRD-064,2026-01-26,20.54,0.939,0.2,G3_junior,4.9,89.9,49.353,2.741,0.822,0.0754,0.04,0,MISSING_PART,train
RUN-005587,WO-002794,P03,L06,MCH-036,PRD-064,2026-01-26,20.26,0.8838,7.0,G2_mid,4.9,89.9,54.244,3.285,0.645,0.0258,0.02,0,SCRATCH,train
RUN-005588,WO-002794,P03,L06,MCH-033,PRD-064,2026-01-26,22.47,1.1656,7.0,G2_mid,4.9,89.9,54.331,3.121,0.759,0.0242,0.04,0,CONTAMINATION,train
RUN-005613,WO-002807,P03,L05,MCH-026,PRD-044,2026-01-27,9.98,0.9785,3.3,G2_mid,4.1,88.0,52.308,3.412,0.894,0,0.0,0,NONE,train
RUN-005614,WO-002807,P03,L05,MCH-027,PRD-044,2026-01-27,10.29,1.0543,2.9,G3_junior,4.1,88.0,51.855,2.734,0.773,0.0306,0.055,1,SCRATCH,train
RUN-005615,WO-002808,P03,L05,MCH-025,PRD-029,2026-01-27,25.19,0.9252,5.7,G2_mid,6.6,87.0,66.505,15.555,0.698,0.0577,0.064,1,SOLDER_VOID,train
RUN-005616,WO-002808,P03,L05,MCH-026,PRD-029,2026-01-27,19.25,1.0286,0,G0_unknown,6.6,87.0,52.308,3.412,0.821,0.0478,0.08,1,SURFACE_DENT,train
RUN-005617,WO-002809,P03,L05,MCH-029,PRD-002,2026-01-27,20.36,0.8327,2.3,G3_junior,5.3,88.0,51.572,2.915,1.078,0.0618,0.04,0,SCRATCH,train
RUN-005618,WO-002809,P03,L05,MCH-030,PRD-002,2026-01-27,20.71,1.1602,1.4,G3_junior,5.3,88.0,53.389,3.651,0.925,0.0363,0.04,0,MISSING_PART,train
RUN-005619,WO-002810,P03,L06,MCH-034,PRD-056,2026-01-27,23.51,0.9505,3.2,G2_mid,4.3,97.0,47.952,2.706,0.943,0.006,0.02,0,SURFACE_DENT,train
RUN-005620,WO-002810,P03,L06,MCH-036,PRD-056,2026-01-27,29.16,0.9689,2.9,G3_junior,4.3,97.0,53.523,3.607,0.632,0.0163,0.035,0,NONE,train
RUN-005621,WO-002811,P03,L06,MCH-032,PRD-067,2026-01-27,26.47,1.1427,9.4,G1_senior,4.5,71.0,52.715,2.972,0.867,0.0343,0.06,1,SOLDER_VOID,train
RUN-005622,WO-002811,P03,L06,MCH-034,PRD-067,2026-01-27,30.3,0.8963,1.6,G3_junior,4.5,71.0,47.952,2.706,0.677,0.1386,0.104,1,MISSING_PART,train
RUN-005623,WO-002812,P03,L06,MCH-032,PRD-067,2026-01-27,16.0,0.913,0.2,G3_junior,4.5,71.0,52.715,2.972,1.077,0.083,0.08,1,DIMENSION,train
RUN-005624,WO-002812,P03,L06,MCH-036,PRD-067,2026-01-27,17.51,1.1037,0.5,G3_junior,4.5,71.0,53.523,3.607,0.872,0.1129,0.08,1,CONTAMINATION,train
RUN-005649,WO-002825,P03,L05,MCH-026,PRD-078,2026-01-28,23.96,0.8288,2.3,G3_junior,4.6,84.7,53.657,3.595,0.992,0.0759,0.0375,0,MISSING_PART,train
RUN-005650,WO-002825,P03,L05,MCH-030,PRD-078,2026-01-28,27.0,0.86,1.3,G3_junior,4.6,84.7,54.732,3.021,0.934,0.0126,0.04,0,CONTAMINATION,train
RUN-005651,WO-002826,P03,L05,MCH-028,PRD-078,2026-01-28,22.22,0.9361,18,G1_senior,4.6,84.7,54.694,3.844,1.061,0.0107,0.04,0,NONE,train
RUN-005652,WO-002826,P03,L05,MCH-027,PRD-078,2026-01-28,20.8,1.0917,2.8,G3_junior,4.6,84.7,53.972,2.999,0.882,0.0169,0.048,0,SOLDER_VOID,train
RUN-005653,WO-002827,P03,L05,MCH-028,PRD-070,2026-01-28,25.14,0.8684,4.7,G2_mid,3.9,87.4,54.694,3.844,0.754,0.004,0.02,0,DIMENSION,train
RUN-005654,WO-002827,P03,L05,MCH-026,PRD-070,2026-01-28,19.12,0.9882,14.6,G1_senior,3.9,87.4,53.657,3.595,0.73,0.031,0.01,0,DIMENSION,train
RUN-005655,WO-002828,P03,L06,MCH-036,PRD-067,2026-01-28,27.43,1.1823,11.5,G1_senior,4.5,71.0,54.665,3.414,1.1,0.0267,0.06,1,DIMENSION,train
RUN-005656,WO-002828,P03,L06,MCH-035,PRD-067,2026-01-28,24.26,0.9543,0.8,G3_junior,4.5,71.0,51.114,3.305,0.785,0.1099,0.1,1,SCRATCH,train
RUN-005657,WO-002829,P03,L06,MCH-035,PRD-067,2026-01-28,23.81,0.9359,1.3,G3_junior,4.5,71.0,51.114,3.305,0.654,0.0912,0.08,1,CONTAMINATION,train
RUN-005658,WO-002829,P03,L06,MCH-032,PRD-067,2026-01-28,24.42,1.0312,1.4,G3_junior,4.5,71.0,53.176,3.201,0.906,0.1552,0.075,1,MISSING_PART,train
RUN-005659,WO-002830,P03,L06,MCH-032,PRD-067,2026-01-28,16.84,0.888,3.1,G2_mid,4.5,71.0,53.176,3.201,0.76,0.0611,0.08,1,SCRATCH,train
RUN-005660,WO-002830,P03,L06,MCH-033,PRD-067,2026-01-28,14.62,1.1633,0.2,G3_junior,4.5,71.0,55.381,3.894,0.699,0.0832,0.08,1,SURFACE_DENT,train
RUN-005685,WO-002843,P03,L05,MCH-029,PRD-078,2026-01-29,16.42,1.0385,3.3,G2_mid,4.6,84.7,52.935,3.141,0.638,0.0793,0.06,1,SCRATCH,train
RUN-005686,WO-002843,P03,L05,MCH-026,PRD-078,2026-01-29,21.31,1.0057,0.2,G3_junior,4.6,84.7,56.086,10.909,0.923,0.022,0.02,0,MISSING_PART,train
RUN-005687,WO-002844,P03,L05,MCH-029,PRD-078,2026-01-29,24.56,0.9296,5.8,G2_mid,4.6,84.7,52.935,3.141,0.682,0.068,0.0,0,NONE,train
RUN-005688,WO-002844,P03,L05,MCH-026,PRD-078,2026-01-29,24.46,0.9722,0.7,G3_junior,4.6,84.7,56.086,10.909,0.641,0.0232,0.02,0,CONTAMINATION,train
RUN-005689,WO-002845,P03,L05,MCH-025,PRD-078,2026-01-29,36.77,1.2195,4.7,G2_mid,4.6,84.7,70.271,7.535,0.882,0,0.01,0,SURFACE_DENT,train
RUN-005690,WO-002845,P03,L05,MCH-030,PRD-078,2026-01-29,33.91,1.1761,1.2,G3_junior,4.6,84.7,55.002,2.985,0.757,0.0733,0.0625,1,DIMENSION,train
RUN-005691,WO-002846,P03,L06,MCH-036,PRD-004,2026-01-29,33.03,0.845,8.2,G1_senior,3.9,95.9,56.899,3.178,0.723,0.0353,0.015,0,DIMENSION,train
RUN-005692,WO-002846,P03,L06,MCH-033,PRD-004,2026-01-29,32.35,0.973,2.0,G3_junior,3.9,95.9,55.184,3.132,1.08,0.0466,0.005,0,SURFACE_DENT,train
RUN-005693,WO-002847,P03,L06,MCH-032,PRD-070,2026-01-29,17.19,1.159,14.6,G1_senior,3.9,87.4,51.776,3.849,0.835,0.0138,0.025,0,DIMENSION,train
RUN-005694,WO-002847,P03,L06,MCH-031,PRD-070,2026-01-29,16.06,1.1646,1.7,G3_junior,3.9,87.4,52.379,3.325,0.961,0.0506,0.015,0,MISSING_PART,train
RUN-005695,WO-002848,P03,L06,MCH-036,PRD-078,2026-01-29,29.38,0.9484,1.0,G3_junior,4.6,84.7,56.899,3.178,0.722,0.0195,0.056,1,CONTAMINATION,train
RUN-005696,WO-002848,P03,L06,MCH-031,PRD-078,2026-01-29,26.5,1.1261,0,G0_unknown,4.6,84.7,52.379,3.325,0.818,0.0506,0.07,1,CONTAMINATION,train
RUN-005721,WO-002861,P03,L05,MCH-029,PRD-033,2026-01-30,36.91,1.116,2.9,G3_junior,4.7,88.0,54.123,3.286,0.934,0.0501,0.04,0,SCRATCH,train
RUN-005722,WO-002861,P03,L05,MCH-026,PRD-033,2026-01-30,36.22,1.1674,11.2,G1_senior,4.7,88.0,53.502,3.552,0.768,0.0091,0.008,0,CONTAMINATION,train
RUN-005723,WO-002862,P03,L05,MCH-025,PRD-033,2026-01-30,26.1,0.9388,9.4,G1_senior,4.7,88.0,73.899,8.019,1.0,0.012,0.02,0,SCRATCH,train
RUN-005724,WO-002862,P03,L05,MCH-028,PRD-033,2026-01-30,24.58,0.8223,0,G0_unknown,4.7,88.0,51.24,3.633,0.785,0.0512,0.008,0,DIMENSION,train
RUN-005725,WO-002863,P03,L05,MCH-029,PRD-055,2026-01-30,27.05,0.9374,14.6,G1_senior,4.8,87.4,54.123,3.286,1.097,0.0131,0.02,0,SOLDER_VOID,train
RUN-005726,WO-002863,P03,L05,MCH-026,PRD-055,2026-01-30,30.79,1.1084,1.2,G3_junior,4.8,87.4,53.502,3.552,0.944,0.0541,0.045,0,CONTAMINATION,train
RUN-005727,WO-002864,P03,L06,MCH-034,PRD-061,2026-01-30,32.77,1.1293,7.2,G2_mid,4.8,76.8,50.426,2.946,1.032,0.0535,0.048,0,SURFACE_DENT,train
RUN-005728,WO-002864,P03,L06,MCH-032,PRD-061,2026-01-30,35.58,0.878,11.8,G1_senior,4.8,76.8,53.209,3.041,0.978,0.056,0.04,0,SURFACE_DENT,train
RUN-005729,WO-002865,P03,L06,MCH-032,PRD-059,2026-01-30,26.63,1.1156,3.2,G2_mid,5.9,88.6,53.209,3.041,0.692,0.0952,0.05,0,SCRATCH,train
RUN-005730,WO-002865,P03,L06,MCH-034,PRD-059,2026-01-30,29.41,0.9563,1.0,G3_junior,5.9,88.6,50.426,2.946,1.095,0.091,0.055,1,SURFACE_DENT,train
RUN-005731,WO-002866,P03,L06,MCH-035,PRD-013,2026-01-30,38.6,0.9824,6.1,G2_mid,4.9,95.9,52.333,3.803,0.695,0,0.02,0,NONE,train
RUN-005732,WO-002866,P03,L06,MCH-031,PRD-013,2026-01-30,39.49,1.0664,5.8,G2_mid,4.9,95.9,56.283,3.215,0.919,0.0198,0.02,0,DIMENSION,train
RUN-005751,WO-002876,P03,L05,MCH-030,PRD-064,2026-01-31,19.28,0.9553,0.6,G3_junior,4.9,89.9,50.855,3.248,0.977,0,0.02,0,SURFACE_DENT,train
RUN-005752,WO-002876,P03,L05,MCH-026,PRD-064,2026-01-31,20.45,1.0783,1.0,G3_junior,4.9,89.9,47.296,2.903,1.025,0.0338,0.0375,0,SURFACE_DENT,train
RUN-005753,WO-002877,P03,L05,MCH-029,PRD-064,2026-01-31,28.52,1.0339,2.8,G3_junior,4.9,89.9,48.056,2.705,0.631,0.0316,0.025,0,SCRATCH,train
RUN-005754,WO-002877,P03,L05,MCH-030,PRD-064,2026-01-31,22.93,1.1555,1.0,G3_junior,4.9,89.9,50.855,3.248,0.644,0.0089,0.04,0,SCRATCH,train
RUN-005755,WO-002878,P03,L06,MCH-031,PRD-064,2026-01-31,26.15,1.0029,1.4,G3_junior,4.9,89.9,49.907,3.668,0.692,0.0403,0.04,0,SCRATCH,train
RUN-005756,WO-002878,P03,L06,MCH-034,PRD-064,2026-01-31,21.67,0.8842,11.2,G1_senior,4.9,89.9,45.825,2.795,1.06,0.0259,0.035,0,SOLDER_VOID,train
RUN-005757,WO-002879,P03,L06,MCH-031,PRD-017,2026-01-31,34.89,0.8717,2.9,G3_junior,4.3,96.3,49.907,3.668,0.96,0.0089,0.01,0,DIMENSION,train
RUN-005758,WO-002879,P03,L06,MCH-033,PRD-017,2026-01-31,36.51,0.9535,3.2,G2_mid,4.3,96.3,49.539,2.804,0.827,0.0469,0.0375,1,DIMENSION,train
RUN-005775,WO-002888,P03,L05,MCH-028,PRD-010,2026-02-01,18.46,1.1182,1.2,G3_junior,6.9,97.0,51.232,3.109,0.713,0.071,0.02,0,CONTAMINATION,train
RUN-005776,WO-002888,P03,L05,MCH-030,PRD-010,2026-02-01,20.5,0.8591,14.6,G1_senior,6.9,97.0,50.046,3.276,0.906,0.0628,0.02,0,SCRATCH,train
RUN-005777,WO-002889,P03,L06,MCH-032,PRD-037,2026-02-01,19.78,1.1519,0,G0_unknown,4.2,88.0,49.283,3.614,0.714,0.039,0.048,0,MISSING_PART,train
RUN-005778,WO-002889,P03,L06,MCH-035,PRD-037,2026-02-01,22.63,0.8361,2.3,G3_junior,4.2,88.0,51.718,3.637,1.069,0.0163,0.04,0,SCRATCH,train
RUN-005779,WO-002890,P03,L06,MCH-033,PRD-012,2026-02-01,23.56,0.9193,0.7,G3_junior,2.1,92.1,51.098,3.666,0.682,0.0534,0.02,0,CONTAMINATION,train
RUN-005780,WO-002890,P03,L06,MCH-036,PRD-012,2026-02-01,22.72,0.945,1.2,G3_junior,2.1,92.1,51.495,3.104,0.869,0,0.0,0,NONE,train
RUN-005805,WO-002903,P03,L05,MCH-028,PRD-007,2026-02-02,36.1,0.9769,18,G1_senior,3.9,88.0,55.069,3.296,0.776,0.0255,0.015,0,MISSING_PART,train
RUN-005806,WO-002903,P03,L05,MCH-027,PRD-007,2026-02-02,35.38,0.89,2.3,G3_junior,3.9,88.0,54.438,3.471,0.811,0.0575,0.032,0,SCRATCH,train
RUN-005807,WO-002904,P03,L05,MCH-026,PRD-007,2026-02-02,25.7,1.0787,7.0,G2_mid,3.9,88.0,55.68,3.244,0.817,0.0095,0.01,0,DIMENSION,train
RUN-005808,WO-002904,P03,L05,MCH-028,PRD-007,2026-02-02,21.08,0.8759,4.6,G2_mid,3.9,88.0,55.069,3.296,1.065,0.0407,0.032,0,SURFACE_DENT,train
RUN-005809,WO-002905,P03,L05,MCH-030,PRD-007,2026-02-02,21.76,1.0675,0,G0_unknown,3.9,88.0,54.234,3.416,0.913,0.0073,0.024,0,MISSING_PART,train
RUN-005810,WO-002905,P03,L05,MCH-027,PRD-007,2026-02-02,24.06,0.9692,4.7,G2_mid,3.9,88.0,54.438,3.471,0.85,0.0646,0.03,0,MISSING_PART,train
RUN-005811,WO-002906,P03,L06,MCH-033,PRD-003,2026-02-02,27.71,1.1705,2.8,G3_junior,4.8,95.9,54.463,3.063,0.82,0.018,0.032,0,NONE,train
RUN-005812,WO-002906,P03,L06,MCH-036,PRD-003,2026-02-02,25.79,0.9463,11.2,G1_senior,4.8,95.9,53.981,3.506,0.656,0.0162,0.02,0,SOLDER_VOID,train
RUN-005813,WO-002907,P03,L06,MCH-035,PRD-003,2026-02-02,20.0,1.036,3.1,G2_mid,4.8,95.9,52.465,2.884,1.012,0.0527,0.025,0,SOLDER_VOID,train
RUN-005814,WO-002907,P03,L06,MCH-031,PRD-003,2026-02-02,23.59,0.9729,4.7,G2_mid,4.8,95.9,53.765,7.745,0.69,0.0077,0.02,0,SOLDER_VOID,train
RUN-005815,WO-002908,P03,L06,MCH-036,PRD-003,2026-02-02,23.37,1.0423,11.8,G1_senior,4.8,95.9,53.981,3.506,1.0,0.004,0.032,0,SOLDER_VOID,train
RUN-005816,WO-002908,P03,L06,MCH-035,PRD-003,2026-02-02,31.07,0.9527,1.0,G3_junior,4.8,95.9,52.465,2.884,0.653,0,0.04,0,SURFACE_DENT,train
RUN-005841,WO-002921,P03,L05,MCH-028,PRD-071,2026-02-03,25.61,0.993,2.0,G3_junior,6.2,84.7,54.41,3.086,0.793,0.1122,0.08,1,SURFACE_DENT,train
RUN-005842,WO-002921,P03,L05,MCH-030,PRD-071,2026-02-03,31.37,1.0171,2.9,G3_junior,6.2,84.7,51.463,3.525,1.076,0.0305,0.07,1,SURFACE_DENT,train
RUN-005843,WO-002922,P03,L05,MCH-030,PRD-007,2026-02-03,20.97,1.1404,5.7,G2_mid,3.9,88.0,51.463,3.525,0.983,0,0.0,0,NONE,train
RUN-005844,WO-002922,P03,L05,MCH-025,PRD-007,2026-02-03,26.4,1.0346,1.8,G3_junior,3.9,88.0,53.101,3.918,0.694,0.0335,0.032,0,SOLDER_VOID,train
RUN-005845,WO-002923,P03,L05,MCH-029,PRD-029,2026-02-03,30.65,0.9354,2.3,G3_junior,6.6,87.0,52.274,3.163,1.082,0.0893,0.08,1,SURFACE_DENT,train
RUN-005846,WO-002923,P03,L05,MCH-025,PRD-029,2026-02-03,33.11,1.1014,1.4,G3_junior,6.6,87.0,53.101,3.918,0.673,0.059,0.064,1,SCRATCH,train
RUN-005847,WO-002924,P03,L06,MCH-033,PRD-017,2026-02-03,26.83,0.9205,11.2,G1_senior,4.3,96.3,53.378,3.174,0.943,0.0782,0.032,0,SCRATCH,train
RUN-005848,WO-002924,P03,L06,MCH-031,PRD-017,2026-02-03,25.74,1.0533,4.6,G2_mid,4.3,96.3,53.246,3.392,0.802,0,0.02,0,SCRATCH,train
RUN-005849,WO-002925,P03,L06,MCH-036,PRD-017,2026-02-03,24.95,1.0149,2.8,G3_junior,4.3,96.3,53.182,3.251,0.759,0,0.02,0,SURFACE_DENT,train
RUN-005850,WO-002925,P03,L06,MCH-031,PRD-017,2026-02-03,25.89,1.1197,11.2,G1_senior,4.3,96.3,53.246,3.392,1.011,0.0351,0.02,0,SOLDER_VOID,train
RUN-005851,WO-002926,P03,L06,MCH-032,PRD-022,2026-02-03,30.87,0.9,7.6,G2_mid,4.3,85.8,52.2,3.644,0.815,0.0306,0.0125,0,SCRATCH,train
RUN-005852,WO-002926,P03,L06,MCH-031,PRD-022,2026-02-03,36.11,1.1718,4.7,G2_mid,4.3,85.8,53.246,3.392,1.011,0.0308,0.025,0,DIMENSION,train
RUN-005877,WO-002939,P03,L05,MCH-030,PRD-049,2026-02-04,33.26,0.9567,2.8,G3_junior,10,82.7,54.365,3.613,0.876,0.1029,0.12,1,CONTAMINATION,train
RUN-005878,WO-002939,P03,L05,MCH-028,PRD-049,2026-02-04,32.25,0.8419,2.3,G3_junior,10,82.7,57.244,3.511,0.819,0.0949,0.1,1,NONE,train
RUN-005879,WO-002940,P03,L05,MCH-026,PRD-049,2026-02-04,26.01,1.0106,4.8,G2_mid,10,82.7,55.394,3.145,0.883,0.1466,0.12,1,SURFACE_DENT,train
RUN-005880,WO-002940,P03,L05,MCH-025,PRD-049,2026-02-04,27.5,1.0221,11.5,G1_senior,10,82.7,51.814,3.329,0.846,0.1468,0.1,1,MISSING_PART,train
RUN-005881,WO-002941,P03,L05,MCH-030,PRD-039,2026-02-04,26.93,1.0131,0.7,G3_junior,5.6,96.1,54.365,3.613,0.674,0.0727,0.025,0,SCRATCH,train
RUN-005882,WO-002941,P03,L05,MCH-027,PRD-039,2026-02-04,29.21,1.1331,1.2,G3_junior,5.6,96.1,47.174,2.757,0.87,0.0397,0.04,0,SOLDER_VOID,train
RUN-005883,WO-002942,P03,L06,MCH-035,PRD-038,2026-02-04,20.21,1.1086,1.3,G3_junior,3.2,85.8,54.615,4.207,0.71,0.009,0.03,0,CONTAMINATION,train
RUN-005884,WO-002942,P03,L06,MCH-036,PRD-038,2026-02-04,24.75,0.8472,5.8,G2_mid,3.2,85.8,54.576,3.223,0.882,0.0513,0.02,0,SCRATCH,train
RUN-005885,WO-002943,P03,L06,MCH-035,PRD-038,2026-02-04,13.27,1.0153,8.2,G1_senior,3.2,85.8,54.615,4.207,0.948,0.0483,0.024,0,SURFACE_DENT,train
RUN-005886,WO-002943,P03,L06,MCH-032,PRD-038,2026-02-04,12.3,1.1166,1.0,G3_junior,3.2,85.8,53.309,3.36,0.743,0.0262,0.01,0,SOLDER_VOID,train
RUN-005887,WO-002944,P03,L06,MCH-034,PRD-038,2026-02-04,19.32,0.9521,5.7,G2_mid,3.2,85.8,50.916,3.031,0.774,0.0218,0.01,0,SOLDER_VOID,train
RUN-005888,WO-002944,P03,L06,MCH-032,PRD-038,2026-02-04,21.29,1.0877,0.2,G3_junior,3.2,85.8,53.309,3.36,0.972,0.0368,0.02,0,SOLDER_VOID,train
RUN-005913,WO-002957,P03,L05,MCH-030,PRD-079,2026-02-05,32.13,1.0249,2.8,G3_junior,3.3,71.4,50.506,2.903,0.743,0.0692,0.06,1,SCRATCH,train
RUN-005914,WO-002957,P03,L05,MCH-026,PRD-079,2026-02-05,30.85,1.1301,0.2,G3_junior,3.3,71.4,56.895,3.442,0.754,0.0933,0.075,1,CONTAMINATION,train
RUN-005915,WO-002958,P03,L05,MCH-027,PRD-079,2026-02-05,25.37,1.1813,0.2,G3_junior,3.3,71.4,50.083,2.969,0.95,0.0577,0.075,1,CONTAMINATION,train
RUN-005916,WO-002958,P03,L05,MCH-030,PRD-079,2026-02-05,28.3,1.0559,3.1,G2_mid,3.3,71.4,50.506,2.903,0.8,0.0789,0.06,1,SURFACE_DENT,train
RUN-005917,WO-002959,P03,L05,MCH-030,PRD-079,2026-02-05,24.35,0.9784,0.2,G3_junior,3.3,71.4,50.506,2.903,0.843,0.0934,0.05,0,SCRATCH,train
RUN-005918,WO-002959,P03,L05,MCH-026,PRD-079,2026-02-05,28.44,0.9939,0.2,G3_junior,3.3,71.4,56.895,3.442,0.926,0.0515,0.055,1,SCRATCH,train
RUN-005919,WO-002960,P03,L06,MCH-035,PRD-048,2026-02-05,28.05,1.0809,3.2,G2_mid,4.6,96.1,55.389,3.53,0.885,0.0217,0.025,0,DIMENSION,train
RUN-005920,WO-002960,P03,L06,MCH-032,PRD-048,2026-02-05,27.34,1.1091,7.2,G2_mid,4.6,96.1,54.138,3.636,0.866,0.0078,0.01,0,CONTAMINATION,train
RUN-005921,WO-002961,P03,L06,MCH-032,PRD-078,2026-02-05,26.94,1.0778,0.2,G3_junior,4.6,84.7,54.138,3.636,0.852,0.0083,0.02,0,SCRATCH,train
RUN-005922,WO-002961,P03,L06,MCH-031,PRD-078,2026-02-05,32.63,0.8731,12.8,G1_senior,4.6,84.7,54.276,3.199,1.005,0,0.01,0,DIMENSION,train
RUN-005923,WO-002962,P03,L06,MCH-033,PRD-059,2026-02-05,25.1,0.8313,0.8,G3_junior,5.9,88.6,53.846,3.978,0.737,0.0693,0.06,1,DIMENSION,train
RUN-005924,WO-002962,P03,L06,MCH-035,PRD-059,2026-02-05,21.31,0.9015,2.0,G3_junior,5.9,88.6,55.389,3.53,1.005,0.0941,0.08,1,SOLDER_VOID,train
RUN-005949,WO-002975,P03,L05,MCH-030,PRD-015,2026-02-06,39.79,0.8779,7.2,G2_mid,8.8,92.1,51.06,3.218,1.07,0.1114,0.07,1,DIMENSION,train
RUN-005950,WO-002975,P03,L05,MCH-027,PRD-015,2026-02-06,38.47,0.9015,0.6,G3_junior,8.8,92.1,51.779,3.646,0.74,0.1125,0.09,1,SCRATCH,train
RUN-005951,WO-002976,P03,L05,MCH-026,PRD-015,2026-02-06,37.16,1.1184,0.7,G3_junior,8.8,92.1,55.268,3.767,0.959,0.0439,0.08,1,CONTAMINATION,train
RUN-005952,WO-002976,P03,L05,MCH-027,PRD-015,2026-02-06,38.67,0.9809,0,G0_unknown,8.8,92.1,51.779,3.646,0.656,0.0841,0.0875,1,SOLDER_VOID,train
RUN-005953,WO-002977,P03,L05,MCH-026,PRD-015,2026-02-06,30.28,1.1507,0.7,G3_junior,8.8,92.1,55.268,3.767,0.967,0.0716,0.0875,1,CONTAMINATION,train
RUN-005954,WO-002977,P03,L05,MCH-030,PRD-015,2026-02-06,33.19,1.1772,2.8,G3_junior,8.8,92.1,51.06,3.218,1.066,0.0532,0.0875,1,SURFACE_DENT,train
RUN-005955,WO-002978,P03,L06,MCH-034,PRD-067,2026-02-06,29.43,1.1349,1.0,G3_junior,4.5,71.0,50.648,8.074,1.053,0.0848,0.08,1,SURFACE_DENT,train
RUN-005956,WO-002978,P03,L06,MCH-036,PRD-067,2026-02-06,31.67,1.0028,0.2,G3_junior,4.5,71.0,55.735,3.314,1.099,0.1356,0.08,1,SURFACE_DENT,train
RUN-005957,WO-002979,P03,L06,MCH-031,PRD-067,2026-02-06,30.11,1.1377,3.4,G2_mid,4.5,71.0,55.162,3.718,1.093,0.086,0.0875,1,MISSING_PART,train
RUN-005958,WO-002979,P03,L06,MCH-036,PRD-067,2026-02-06,26.03,1.0708,0.2,G3_junior,4.5,71.0,55.735,3.314,0.824,0.1126,0.095,1,MISSING_PART,train
RUN-005959,WO-002980,P03,L06,MCH-033,PRD-015,2026-02-06,35.19,1.1265,9.4,G1_senior,8.8,92.1,53.873,2.959,0.676,0.0957,0.06,1,DIMENSION,train
RUN-005960,WO-002980,P03,L06,MCH-031,PRD-015,2026-02-06,35.16,1.175,11.8,G1_senior,8.8,92.1,55.162,3.718,0.845,0.0223,0.06,1,SOLDER_VOID,train
RUN-005975,WO-002988,P03,L05,MCH-026,PRD-075,2026-02-07,29.65,0.8616,1.3,G3_junior,6.8,96.3,52.796,3.926,0.925,0.0019,0.025,0,SCRATCH,train
RUN-005976,WO-002988,P03,L05,MCH-029,PRD-075,2026-02-07,30.75,1.1164,6.5,G2_mid,6.8,96.3,45.203,2.511,1.019,0.0431,0.04,0,DIMENSION,train
RUN-005977,WO-002989,P03,L05,MCH-025,PRD-050,2026-02-07,28.25,0.9462,8.9,G1_senior,5.5,88.6,47.525,3.245,0.773,0.0312,0.025,0,DIMENSION,train
RUN-005978,WO-002989,P03,L05,MCH-026,PRD-050,2026-02-07,27.85,0.8888,8.2,G1_senior,5.5,88.6,52.796,3.926,0.673,0.0834,0.024,0,DIMENSION,train
RUN-005979,WO-002990,P03,L05,MCH-025,PRD-079,2026-02-07,23.7,1.0554,11.8,G1_senior,3.3,71.4,47.525,3.245,0.974,0.0052,0.05,0,SOLDER_VOID,train
RUN-005980,WO-002990,P03,L05,MCH-028,PRD-079,2026-02-07,25.57,0.8553,0.6,G3_junior,3.3,71.4,52.078,2.995,0.682,0.0683,0.072,1,NONE,train
RUN-005981,WO-002991,P03,L06,MCH-031,PRD-074,2026-02-07,33.79,1.1704,1.4,G3_junior,6.4,95.9,49.78,3.341,0.995,0.0903,0.06,1,SCRATCH,train
RUN-005982,WO-002991,P03,L06,MCH-032,PRD-074,2026-02-07,34.1,1.0336,11.5,G1_senior,6.4,95.9,47.555,3.172,1.024,0.0142,0.024,0,SOLDER_VOID,train
RUN-005993,WO-002997,P03,L05,MCH-025,PRD-064,2026-02-08,20.36,1.1007,4.7,G2_mid,4.9,89.9,50.304,3.533,0.654,0.0234,0.03,1,CONTAMINATION,train
RUN-005994,WO-002997,P03,L05,MCH-026,PRD-064,2026-02-08,17.83,1.1404,7.6,G2_mid,4.9,89.9,48.805,3.499,0.651,0,0.02,0,MISSING_PART,train
RUN-005995,WO-002998,P03,L05,MCH-030,PRD-064,2026-02-08,20.29,0.8455,0.7,G3_junior,4.9,89.9,49.498,3.047,0.809,0.0211,0.03,0,DIMENSION,train
RUN-005996,WO-002998,P03,L05,MCH-027,PRD-064,2026-02-08,23.42,1.0599,14.6,G1_senior,4.9,89.9,47.613,3.367,0.836,0.0082,0.015,0,DIMENSION,train
RUN-005997,WO-002999,P03,L06,MCH-031,PRD-070,2026-02-08,30.59,1.0465,0.7,G3_junior,3.9,87.4,51.56,4.766,0.851,0.0483,0.02,0,CONTAMINATION,train
RUN-005998,WO-002999,P03,L06,MCH-034,PRD-070,2026-02-08,29.97,0.9378,2.7,G3_junior,3.9,87.4,45.941,2.786,0.697,0.007,0.015,0,SOLDER_VOID,train
RUN-005999,WO-003000,P03,L06,MCH-031,PRD-070,2026-02-08,20.66,0.9272,18,G1_senior,3.9,87.4,51.56,4.766,0.798,0.0389,0.0,0,NONE,train
RUN-006000,WO-003000,P03,L06,MCH-035,PRD-070,2026-02-08,22.36,0.9082,2.9,G3_junior,3.9,87.4,53.649,20.688,0.792,0,0.02,0,DIMENSION,train
RUN-006001,WO-003001,P03,L06,MCH-035,PRD-017,2026-02-08,25.17,0.8839,5.8,G2_mid,4.3,96.3,53.649,20.688,0.799,0.0789,0.05,0,SURFACE_DENT,train
RUN-006002,WO-003001,P03,L06,MCH-034,PRD-017,2026-02-08,27.91,1.1008,8.9,G1_senior,4.3,96.3,45.941,2.786,0.947,0.0526,0.04,0,MISSING_PART,train
RUN-006027,WO-003014,P03,L05,MCH-029,PRD-050,2026-02-09,28.0,0.898,0.2,G3_junior,5.5,88.6,55.081,3.381,0.712,0.0781,0.065,1,SCRATCH,train
RUN-006028,WO-003014,P03,L05,MCH-027,PRD-050,2026-02-09,26.27,0.83,1.0,G3_junior,5.5,88.6,52.739,3.054,0.675,0.0451,0.06,1,SCRATCH,train
RUN-006029,WO-003015,P03,L05,MCH-029,PRD-079,2026-02-09,22.1,0.8506,14.6,G1_senior,3.3,71.4,55.081,3.381,0.773,0.0086,0.032,0,SCRATCH,train
RUN-006030,WO-003015,P03,L05,MCH-026,PRD-079,2026-02-09,26.83,1.1071,0.2,G3_junior,3.3,71.4,55.333,7.684,0.686,0.058,0.06,1,SOLDER_VOID,train
RUN-006031,WO-003016,P03,L05,MCH-028,PRD-079,2026-02-09,22.86,0.8774,11.2,G1_senior,3.3,71.4,55.824,3.291,0.738,0.062,0.0375,0,SURFACE_DENT,train
RUN-006032,WO-003016,P03,L05,MCH-029,PRD-079,2026-02-09,20.76,0.9817,1.4,G3_junior,3.3,71.4,55.081,3.381,1.014,0.0353,0.05,0,DIMENSION,train
RUN-006033,WO-003017,P03,L06,MCH-032,PRD-056,2026-02-09,20.28,1.1032,12.8,G1_senior,4.3,97.0,55.019,3.134,0.648,0.0166,0.02,0,DIMENSION,train
RUN-006034,WO-003017,P03,L06,MCH-035,PRD-056,2026-02-09,20.48,0.8311,14.6,G1_senior,4.3,97.0,61.983,6.136,0.623,0,0.0,0,NONE,train
RUN-006035,WO-003018,P03,L06,MCH-034,PRD-071,2026-02-09,14.65,1.003,0.7,G3_junior,6.2,84.7,47.671,3.214,0.734,0.0478,0.06,1,CONTAMINATION,train
RUN-006036,WO-003018,P03,L06,MCH-031,PRD-071,2026-02-09,15.8,0.9208,0.7,G3_junior,6.2,84.7,53.561,3.852,0.668,0.0667,0.06,1,DIMENSION,train
RUN-006037,WO-003019,P03,L06,MCH-034,PRD-078,2026-02-09,22.13,0.9926,2.3,G3_junior,4.6,84.7,47.671,3.214,0.731,0.0144,0.04,0,SURFACE_DENT,train
RUN-006038,WO-003019,P03,L06,MCH-031,PRD-078,2026-02-09,25.85,1.1613,11.2,G1_senior,4.6,84.7,53.561,3.852,0.872,0.024,0.025,0,SOLDER_VOID,train
RUN-006063,WO-003032,P03,L05,MCH-029,PRD-064,2026-02-10,26.28,1.0401,2.1,G3_junior,4.9,89.9,50.0,3.015,0.811,0.0282,0.03,0,SURFACE_DENT,train
RUN-006064,WO-003032,P03,L05,MCH-027,PRD-064,2026-02-10,21.69,1.0873,2.8,G3_junior,4.9,89.9,50.084,3.125,0.698,0.0196,0.025,0,DIMENSION,train
RUN-006065,WO-003033,P03,L05,MCH-025,PRD-064,2026-02-10,20.53,1.0451,4.8,G2_mid,4.9,89.9,55.058,3.162,0.68,0.0717,0.0625,1,SCRATCH,train
RUN-006066,WO-003033,P03,L05,MCH-027,PRD-064,2026-02-10,15.78,0.9412,2.0,G3_junior,4.9,89.9,50.084,3.125,1.049,0.0704,0.055,1,NONE,train
RUN-006067,WO-003034,P03,L05,MCH-025,PRD-050,2026-02-10,20.64,0.8612,0.2,G3_junior,5.5,88.6,55.058,3.162,1.016,0.0744,0.06,1,SOLDER_VOID,train
RUN-006068,WO-003034,P03,L05,MCH-029,PRD-050,2026-02-10,16.09,1.0772,2.0,G3_junior,5.5,88.6,50.0,3.015,0.935,0.0479,0.04,0,SOLDER_VOID,train
RUN-006069,WO-003035,P03,L06,MCH-033,PRD-009,2026-02-10,33.1,0.8833,2.3,G3_junior,5.0,76.8,53.916,3.386,1.056,0.1022,0.04,0,SURFACE_DENT,train
RUN-006070,WO-003035,P03,L06,MCH-035,PRD-009,2026-02-10,32.21,1.0524,2.3,G3_junior,5.0,76.8,67.177,23.408,1.019,0.1035,0.08,1,SCRATCH,train
RUN-006071,WO-003036,P03,L06,MCH-033,PRD-024,2026-02-10,44.35,0.9983,1.0,G3_junior,7.6,85.8,53.916,3.386,1.08,0.0273,0.0625,1,SCRATCH,train
RUN-006072,WO-003036,P03,L06,MCH-031,PRD-024,2026-02-10,47.12,1.1314,2.0,G3_junior,7.6,85.8,52.266,3.431,0.848,0.1185,0.075,1,CONTAMINATION,train
RUN-006073,WO-003037,P03,L06,MCH-031,PRD-064,2026-02-10,23.79,0.847,6.5,G2_mid,4.9,89.9,52.266,3.431,0.964,0.0173,0.02,0,SURFACE_DENT,train
RUN-006074,WO-003037,P03,L06,MCH-033,PRD-064,2026-02-10,27.4,1.0588,2.3,G3_junior,4.9,89.9,53.916,3.386,0.723,0.0571,0.04,0,NONE,train
RUN-006099,WO-003050,P03,L05,MCH-026,PRD-055,2026-02-11,25.42,0.9836,0.2,G3_junior,4.8,87.4,53.463,3.284,0.709,0.0206,0.032,0,SOLDER_VOID,train
RUN-006100,WO-003050,P03,L05,MCH-029,PRD-055,2026-02-11,23.98,1.0835,0.2,G3_junior,4.8,87.4,50.139,2.954,0.802,0.0637,0.0625,1,SOLDER_VOID,train
RUN-006101,WO-003051,P03,L05,MCH-026,PRD-073,2026-02-11,21.16,1.0767,2.3,G3_junior,3.4,87.4,53.463,3.284,1.049,0.0585,0.024,0,SCRATCH,train
RUN-006102,WO-003051,P03,L05,MCH-025,PRD-073,2026-02-11,23.38,0.9047,7.6,G2_mid,3.4,87.4,52.469,3.292,1.016,0.0244,0.01,0,SOLDER_VOID,train
RUN-006103,WO-003052,P03,L05,MCH-025,PRD-015,2026-02-11,30.23,0.925,2.0,G3_junior,8.8,92.1,52.469,3.292,0.975,0.0867,0.1,1,MISSING_PART,train
RUN-006104,WO-003052,P03,L05,MCH-027,PRD-015,2026-02-11,30.54,0.8515,6.5,G2_mid,8.8,92.1,54.184,2.944,0.749,0.0979,0.088,1,SURFACE_DENT,train
RUN-006105,WO-003053,P03,L06,MCH-034,PRD-073,2026-02-11,22.93,0.9073,1.0,G3_junior,3.4,87.4,46.638,3.087,0.733,0.0164,0.035,0,SOLDER_VOID,train
RUN-006106,WO-003053,P03,L06,MCH-032,PRD-073,2026-02-11,24.1,0.914,9.4,G1_senior,3.4,87.4,52.361,3.064,0.735,0.0537,0.025,0,CONTAMINATION,train
RUN-006107,WO-003054,P03,L06,MCH-036,PRD-035,2026-02-11,26.71,0.9225,4.6,G2_mid,4.3,84.7,60.229,17.273,0.841,0.033,0.05,0,DIMENSION,train
RUN-006108,WO-003054,P03,L06,MCH-032,PRD-035,2026-02-11,29.15,1.1737,4.6,G2_mid,4.3,84.7,52.361,3.064,0.962,0.0529,0.05,0,DIMENSION,train
RUN-006109,WO-003055,P03,L06,MCH-036,PRD-080,2026-02-11,36.74,0.9842,11.2,G1_senior,5.2,84.5,60.229,17.273,0.686,0.0362,0.06,1,DIMENSION,train
RUN-006110,WO-003055,P03,L06,MCH-035,PRD-080,2026-02-11,35.51,0.9496,0.7,G3_junior,5.2,84.5,68.197,7.278,0.986,0.0739,0.07,1,MISSING_PART,train
RUN-006135,WO-003068,P03,L05,MCH-027,PRD-052,2026-02-12,16.83,1.0016,4.6,G2_mid,7.2,82.7,50.329,3.344,0.734,0.0702,0.06,1,SURFACE_DENT,train
RUN-006136,WO-003068,P03,L05,MCH-026,PRD-052,2026-02-12,20.86,0.9189,2.8,G3_junior,7.2,82.7,54.367,3.632,0.829,0.0957,0.08,1,SOLDER_VOID,train
RUN-006137,WO-003069,P03,L05,MCH-029,PRD-052,2026-02-12,20.77,1.1351,1.4,G3_junior,7.2,82.7,52.164,2.901,0.902,0.0539,0.085,1,NONE,train
RUN-006138,WO-003069,P03,L05,MCH-028,PRD-052,2026-02-12,23.52,1.1677,11.5,G1_senior,7.2,82.7,55.331,3.429,1.076,0.0562,0.08,1,SOLDER_VOID,train
RUN-006139,WO-003070,P03,L05,MCH-030,PRD-052,2026-02-12,27.86,1.0024,11.2,G1_senior,7.2,82.7,53.343,3.468,1.02,0.0688,0.0625,1,SCRATCH,train
RUN-006140,WO-003070,P03,L05,MCH-026,PRD-052,2026-02-12,28.18,0.8577,11.2,G1_senior,7.2,82.7,54.367,3.632,0.998,0.0446,0.04,0,SOLDER_VOID,train
RUN-006141,WO-003071,P03,L06,MCH-032,PRD-051,2026-02-12,26.75,1.0387,1.0,G3_junior,6.9,96.1,51.632,3.295,0.863,0.1008,0.04,0,MISSING_PART,train
RUN-006142,WO-003071,P03,L06,MCH-031,PRD-051,2026-02-12,31.2,1.053,2.9,G3_junior,6.9,96.1,52.045,3.426,0.632,0.0862,0.05,0,SCRATCH,train
RUN-006143,WO-003072,P03,L06,MCH-036,PRD-051,2026-02-12,19.59,1.1584,1.6,G3_junior,6.9,96.1,63.884,6.647,0.791,0.0379,0.04,0,SCRATCH,train
RUN-006144,WO-003072,P03,L06,MCH-035,PRD-051,2026-02-12,23.27,0.9434,3.3,G2_mid,6.9,96.1,71.553,8.243,0.976,0.0616,0.05,0,CONTAMINATION,train
RUN-006145,WO-003073,P03,L06,MCH-035,PRD-051,2026-02-12,27.16,1.0229,3.0,G3_junior,6.9,96.1,71.553,8.243,0.963,0.0366,0.048,0,SCRATCH,train
RUN-006146,WO-003073,P03,L06,MCH-033,PRD-051,2026-02-12,26.25,1.1534,1.8,G3_junior,6.9,96.1,54.134,3.354,0.881,0.0041,0.04,0,SOLDER_VOID,train
RUN-006171,WO-003086,P03,L05,MCH-030,PRD-054,2026-02-13,28.02,1.1628,0.2,G3_junior,6.3,71.4,53.768,3.589,0.648,0.1043,0.115,1,DIMENSION,train
RUN-006172,WO-003086,P03,L05,MCH-025,PRD-054,2026-02-13,25.08,1.1223,3.3,G2_mid,6.3,71.4,53.861,3.132,0.998,0.1102,0.1125,1,DIMENSION,train
RUN-006173,WO-003087,P03,L05,MCH-029,PRD-054,2026-02-13,27.58,1.1174,1.7,G3_junior,6.3,71.4,52.858,3.074,0.66,0.1031,0.1,1,CONTAMINATION,train
RUN-006174,WO-003087,P03,L05,MCH-025,PRD-054,2026-02-13,25.2,1.0058,1.7,G3_junior,6.3,71.4,53.861,3.132,0.837,0.1243,0.12,1,MISSING_PART,train
RUN-006175,WO-003088,P03,L05,MCH-027,PRD-054,2026-02-13,33.05,1.1405,0.5,G3_junior,6.3,71.4,51.46,3.35,0.888,0.1216,0.128,1,NONE,train
RUN-006176,WO-003088,P03,L05,MCH-028,PRD-054,2026-02-13,26.15,0.9471,2.9,G3_junior,6.3,71.4,54.926,3.557,0.891,0.1374,0.1,1,SCRATCH,train
RUN-006177,WO-003089,P03,L06,MCH-033,PRD-071,2026-02-13,31.28,0.9438,1.0,G3_junior,6.2,84.7,53.371,2.99,0.812,0.0869,0.06,1,SURFACE_DENT,train
RUN-006178,WO-003089,P03,L06,MCH-036,PRD-071,2026-02-13,31.12,1.1755,1.0,G3_junior,6.2,84.7,65.581,6.885,0.694,0.0807,0.08,1,CONTAMINATION,train
RUN-006179,WO-003090,P03,L06,MCH-033,PRD-054,2026-02-13,36.37,0.8438,0.6,G3_junior,6.3,71.4,53.371,2.99,0.749,0.1438,0.12,1,DIMENSION,train
RUN-006180,WO-003090,P03,L06,MCH-031,PRD-054,2026-02-13,33.35,1.1405,0.4,G3_junior,6.3,71.4,54.935,3.494,1.077,0.13,0.12,1,DIMENSION,train
RUN-006181,WO-003091,P03,L06,MCH-031,PRD-061,2026-02-13,19.86,0.9185,0.2,G3_junior,4.8,76.8,54.935,3.494,0.659,0.1049,0.06,1,SOLDER_VOID,train
RUN-006182,WO-003091,P03,L06,MCH-034,PRD-061,2026-02-13,17.54,0.9303,7.0,G2_mid,4.8,76.8,48.466,3.126,0.837,0.033,0.04,0,MISSING_PART,train
RUN-006199,WO-003100,P03,L05,MCH-027,PRD-044,2026-02-14,20.77,0.8215,0.7,G3_junior,4.1,88.0,49.178,2.877,0.715,0,0.025,0,SCRATCH,train
RUN-006200,WO-003100,P03,L05,MCH-028,PRD-044,2026-02-14,22.12,0.9009,2.6,G3_junior,4.1,88.0,48.366,5.002,0.644,0.0443,0.03,0,NONE,train
RUN-006201,WO-003101,P03,L06,MCH-036,PRD-071,2026-02-14,21.64,1.1715,18,G1_senior,6.2,84.7,65.197,7.161,0.798,0.035,0.015,0,CONTAMINATION,train
RUN-006202,WO-003101,P03,L06,MCH-034,PRD-071,2026-02-14,21.93,1.0281,1.4,G3_junior,6.2,84.7,46.305,2.476,0.82,0.0733,0.06,1,SOLDER_VOID,train
RUN-006203,WO-003102,P03,L06,MCH-032,PRD-071,2026-02-14,17.79,1.1033,7.2,G2_mid,6.2,84.7,46.026,3.411,1.045,0.0593,0.055,1,DIMENSION,train
RUN-006204,WO-003102,P03,L06,MCH-034,PRD-071,2026-02-14,14.67,1.1244,0.6,G3_junior,6.2,84.7,46.305,2.476,0.837,0.0721,0.07,1,SCRATCH,train
RUN-006223,WO-003112,P03,L05,MCH-026,PRD-079,2026-02-15,21.22,0.9544,3.1,G2_mid,3.3,71.4,52.672,3.64,0.991,0.0652,0.0625,1,SURFACE_DENT,train
RUN-006224,WO-003112,P03,L05,MCH-028,PRD-079,2026-02-15,16.22,0.9685,0.2,G3_junior,3.3,71.4,50.49,3.107,0.972,0.0793,0.06,1,DIMENSION,train
RUN-006225,WO-003113,P03,L05,MCH-029,PRD-056,2026-02-15,27.66,0.9449,1.8,G3_junior,4.3,97.0,47.505,3.052,0.689,0.0523,0.04,0,SOLDER_VOID,train
RUN-006226,WO-003113,P03,L05,MCH-028,PRD-056,2026-02-15,22.05,0.9689,10.6,G1_senior,4.3,97.0,50.49,3.107,0.996,0.0286,0.02,0,NONE,train
RUN-006227,WO-003114,P03,L06,MCH-034,PRD-038,2026-02-15,17.14,1.2117,1.0,G3_junior,3.2,85.8,44.182,2.863,1.063,0.0647,0.04,0,SOLDER_VOID,train
RUN-006228,WO-003114,P03,L06,MCH-033,PRD-038,2026-02-15,21.65,0.9834,3.3,G2_mid,3.2,85.8,49.532,3.15,0.624,0.0022,0.0,0,NONE,train
RUN-006253,WO-003127,P03,L05,MCH-025,PRD-019,2026-02-16,19.7,0.8266,3.4,G2_mid,7.2,71.7,55.153,3.676,1.083,0.0571,0.12,1,SOLDER_VOID,train
RUN-006254,WO-003127,P03,L05,MCH-027,PRD-019,2026-02-16,17.91,1.1595,3.4,G2_mid,7.2,71.7,50.884,3.213,0.829,0.0928,0.096,1,SURFACE_DENT,train
RUN-006255,WO-003128,P03,L05,MCH-030,PRD-019,2026-02-16,27.14,1.0218,3.3,G2_mid,7.2,71.7,50.423,3.274,0.795,0.1393,0.11,1,DIMENSION,train
RUN-006256,WO-003128,P03,L05,MCH-027,PRD-019,2026-02-16,24.82,1.0496,0.4,G3_junior,7.2,71.7,50.884,3.213,0.65,0.0926,0.1125,1,SURFACE_DENT,train
RUN-006257,WO-003129,P03,L05,MCH-025,PRD-008,2026-02-16,30.29,0.8903,1.6,G3_junior,3.4,84.5,55.153,3.676,1.021,0.0521,0.02,0,SOLDER_VOID,train
RUN-006258,WO-003129,P03,L05,MCH-029,PRD-008,2026-02-16,30.87,0.9697,11.8,G1_senior,3.4,84.5,50.785,2.531,0.789,0.0719,0.01,0,SOLDER_VOID,train
RUN-006259,WO-003130,P03,L06,MCH-033,PRD-051,2026-02-16,31.62,1.1391,5.8,G2_mid,6.9,96.1,51.631,3.472,0.849,0.0069,0.04,0,SURFACE_DENT,train
RUN-006260,WO-003130,P03,L06,MCH-035,PRD-051,2026-02-16,36.17,0.9269,2.8,G3_junior,6.9,96.1,52.245,3.09,0.781,0.0682,0.0375,0,DIMENSION,train
RUN-006261,WO-003131,P03,L06,MCH-031,PRD-051,2026-02-16,26.3,0.8452,1.0,G3_junior,6.9,96.1,55.829,3.393,1.004,0.0329,0.04,0,DIMENSION,train
RUN-006262,WO-003131,P03,L06,MCH-033,PRD-051,2026-02-16,22.79,1.0401,6.1,G2_mid,6.9,96.1,51.631,3.472,0.684,0.0897,0.048,0,SURFACE_DENT,train
RUN-006263,WO-003132,P03,L06,MCH-036,PRD-051,2026-02-16,19.89,0.8459,2.1,G3_junior,6.9,96.1,53.775,3.156,0.647,0.0669,0.05,0,CONTAMINATION,train
RUN-006264,WO-003132,P03,L06,MCH-035,PRD-051,2026-02-16,21.98,1.0258,6.5,G2_mid,6.9,96.1,52.245,3.09,0.885,0.0467,0.0375,0,CONTAMINATION,train
RUN-006289,WO-003145,P03,L05,MCH-029,PRD-040,2026-02-17,36.18,1.0444,4.6,G2_mid,8.4,82.7,50.205,3.26,0.77,0.0909,0.1,1,CONTAMINATION,train
RUN-006290,WO-003145,P03,L05,MCH-026,PRD-040,2026-02-17,34.82,1.095,0.2,G3_junior,8.4,82.7,53.298,3.19,0.908,0.0842,0.1,1,CONTAMINATION,train
RUN-006291,WO-003146,P03,L05,MCH-025,PRD-068,2026-02-17,26.31,0.8454,0.8,G3_junior,2.3,71.0,52.441,3.186,0.911,0.0344,0.04,0,SCRATCH,train
RUN-006292,WO-003146,P03,L05,MCH-028,PRD-068,2026-02-17,25.42,0.9333,0.2,G3_junior,2.3,71.0,52.783,2.95,0.72,0.059,0.05,0,MISSING_PART,train
RUN-006293,WO-003147,P03,L05,MCH-026,PRD-007,2026-02-17,25.46,1.0526,18,G1_senior,3.9,88.0,53.298,3.19,0.961,0.0827,0.024,0,DIMENSION,train
RUN-006294,WO-003147,P03,L05,MCH-028,PRD-007,2026-02-17,24.94,1.176,2.8,G3_junior,3.9,88.0,52.783,2.95,0.623,0.0431,0.02,0,MISSING_PART,train
RUN-006295,WO-003148,P03,L06,MCH-033,PRD-009,2026-02-17,20.98,0.9865,2.3,G3_junior,5.0,76.8,53.363,3.957,0.813,0,0.056,1,MISSING_PART,train
RUN-006296,WO-003148,P03,L06,MCH-031,PRD-009,2026-02-17,21.63,1.0242,6.1,G2_mid,5.0,76.8,55.68,3.759,1.022,0.1375,0.06,1,SCRATCH,train
RUN-006297,WO-003149,P03,L06,MCH-033,PRD-009,2026-02-17,22.09,0.9018,2.2,G3_junior,5.0,76.8,53.363,3.957,0.664,0.0817,0.07,1,SURFACE_DENT,train
RUN-006298,WO-003149,P03,L06,MCH-034,PRD-009,2026-02-17,16.99,0.8797,1.6,G3_junior,5.0,76.8,48.887,2.817,0.834,0.0292,0.04,0,NONE,train
RUN-006299,WO-003150,P03,L06,MCH-031,PRD-009,2026-02-17,24.85,1.1736,11.5,G1_senior,5.0,76.8,55.68,3.759,1.053,0.0195,0.056,1,SOLDER_VOID,train
RUN-006300,WO-003150,P03,L06,MCH-033,PRD-009,2026-02-17,24.33,0.8232,0,G0_unknown,5.0,76.8,53.363,3.957,0.697,0.07,0.08,1,MISSING_PART,train
RUN-006325,WO-003163,P03,L05,MCH-029,PRD-056,2026-02-18,31.57,0.9498,3.0,G3_junior,4.3,97.0,50.39,3.384,0.795,0.0207,0.01,0,DIMENSION,train
RUN-006326,WO-003163,P03,L05,MCH-027,PRD-056,2026-02-18,34.23,0.8481,4.6,G2_mid,4.3,97.0,53.816,3.527,1.005,0.0163,0.015,0,SURFACE_DENT,train
RUN-006327,WO-003164,P03,L05,MCH-030,PRD-056,2026-02-18,22.81,0.9159,0.7,G3_junior,4.3,97.0,50.654,3.141,0.793,0.0116,0.0,0,NONE,train
RUN-006328,WO-003164,P03,L05,MCH-028,PRD-056,2026-02-18,23.19,0.8686,6.5,G2_mid,4.3,97.0,56.412,3.508,0.63,0.0177,0.015,0,SCRATCH,train
RUN-006329,WO-003165,P03,L05,MCH-026,PRD-056,2026-02-18,30.58,0.87,7.2,G2_mid,4.3,97.0,56.211,3.611,0.995,0.0412,0.0125,0,SURFACE_DENT,train
RUN-006330,WO-003165,P03,L05,MCH-025,PRD-056,2026-02-18,29.22,1.1272,2.2,G3_junior,4.3,97.0,52.331,9.698,0.621,0,0.025,0,SURFACE_DENT,train
RUN-006331,WO-003166,P03,L06,MCH-036,PRD-042,2026-02-18,23.4,0.9512,11.8,G1_senior,1.4,89.9,53.516,3.334,0.881,0.0524,0.02,0,SOLDER_VOID,train
RUN-006332,WO-003166,P03,L06,MCH-034,PRD-042,2026-02-18,28.34,1.0424,0,G0_unknown,1.4,89.9,55.011,3.238,0.98,0,0.0,0,NONE,train
RUN-006333,WO-003167,P03,L06,MCH-031,PRD-064,2026-02-18,26.25,1.1032,1.4,G3_junior,4.9,89.9,55.477,3.332,1.026,0.0534,0.0375,0,MISSING_PART,train
RUN-006334,WO-003167,P03,L06,MCH-033,PRD-064,2026-02-18,22.02,0.8968,18,G1_senior,4.9,89.9,52.529,3.415,0.674,0.0216,0.0,0,NONE,train
RUN-006335,WO-003168,P03,L06,MCH-032,PRD-004,2026-02-18,23.7,1.1616,0.2,G3_junior,3.9,95.9,53.531,3.177,0.63,0,0.015,0,DIMENSION,train
RUN-006336,WO-003168,P03,L06,MCH-034,PRD-004,2026-02-18,20.3,0.9502,1.4,G3_junior,3.9,95.9,55.011,3.238,1.079,0.0273,0.02,0,SOLDER_VOID,train
RUN-006361,WO-003181,P03,L05,MCH-027,PRD-078,2026-02-19,13.66,1.05,3.0,G3_junior,4.6,84.7,51.432,2.897,1.09,0.0704,0.05,0,DIMENSION,train
RUN-006362,WO-003181,P03,L05,MCH-025,PRD-078,2026-02-19,16.29,1.1294,1.8,G3_junior,4.6,84.7,51.672,3.831,1.061,0.0361,0.05,0,SURFACE_DENT,train
RUN-006363,WO-003182,P03,L05,MCH-030,PRD-078,2026-02-19,30.13,0.828,1.0,G3_junior,4.6,84.7,52.986,3.154,0.77,0.0424,0.0375,0,DIMENSION,train
RUN-006364,WO-003182,P03,L05,MCH-027,PRD-078,2026-02-19,31.45,1.0393,8.2,G1_senior,4.6,84.7,51.432,2.897,0.838,0.0223,0.04,0,SOLDER_VOID,train
RUN-006365,WO-003183,P03,L05,MCH-026,PRD-078,2026-02-19,30.38,0.9885,8.2,G1_senior,4.6,84.7,52.341,3.659,0.852,0.0134,0.03,0,SURFACE_DENT,train
RUN-006366,WO-003183,P03,L05,MCH-025,PRD-078,2026-02-19,26.22,0.8264,6.1,G2_mid,4.6,84.7,51.672,3.831,0.641,0.053,0.04,0,SOLDER_VOID,train
RUN-006367,WO-003184,P03,L06,MCH-031,PRD-015,2026-02-19,32.72,1.1787,14.6,G1_senior,8.8,92.1,56.756,3.63,0.67,0.0281,0.04,0,CONTAMINATION,train
RUN-006368,WO-003184,P03,L06,MCH-033,PRD-015,2026-02-19,33.71,1.1029,2.6,G3_junior,8.8,92.1,53.343,3.169,1.033,0.0984,0.075,1,SCRATCH,train
RUN-006369,WO-003185,P03,L06,MCH-033,PRD-015,2026-02-19,33.51,1.0529,0.6,G3_junior,8.8,92.1,53.343,3.169,0.682,0.073,0.08,1,CONTAMINATION,train
RUN-006370,WO-003185,P03,L06,MCH-036,PRD-015,2026-02-19,32.18,1.0647,15.7,G1_senior,8.8,92.1,53.242,3.29,1.016,0.0723,0.048,0,DIMENSION,train
RUN-006371,WO-003186,P03,L06,MCH-035,PRD-015,2026-02-19,37.36,0.9397,2.0,G3_junior,8.8,92.1,52.578,2.943,0.736,0.1087,0.1125,1,MISSING_PART,train
RUN-006372,WO-003186,P03,L06,MCH-033,PRD-015,2026-02-19,39.22,1.0154,7.0,G2_mid,8.8,92.1,53.343,3.169,0.876,0.0533,0.0375,0,MISSING_PART,train
RUN-006397,WO-003199,P03,L05,MCH-030,PRD-049,2026-02-20,38.84,1.0548,0.2,G3_junior,10,82.7,52.605,3.252,0.853,0.1497,0.14,1,NONE,train
RUN-006398,WO-003199,P03,L05,MCH-027,PRD-049,2026-02-20,35.7,0.8304,4.7,G2_mid,10,82.7,51.392,3.17,1.047,0.1326,0.1125,1,SCRATCH,train
RUN-006399,WO-003200,P03,L05,MCH-027,PRD-045,2026-02-20,11.71,1.0179,2.9,G3_junior,2.5,97.0,51.392,3.17,0.711,0,0.02,0,MISSING_PART,train
RUN-006400,WO-003200,P03,L05,MCH-028,PRD-045,2026-02-20,10.8,0.9048,0.4,G3_junior,2.5,97.0,52.876,3.648,0.657,0.0422,0.025,0,SCRATCH,train
RUN-006401,WO-003201,P03,L05,MCH-030,PRD-049,2026-02-20,30.38,1.106,1.7,G3_junior,10,82.7,52.605,3.252,0.667,0.1258,0.15,1,CONTAMINATION,train
RUN-006402,WO-003201,P03,L05,MCH-028,PRD-049,2026-02-20,33.24,1.1078,2.8,G3_junior,10,82.7,52.876,3.648,1.098,0.1204,0.13,1,MISSING_PART,train
RUN-006403,WO-003202,P03,L06,MCH-033,PRD-013,2026-02-20,28.69,0.8307,1.7,G3_junior,4.9,95.9,52.205,4.131,0.983,0.0355,0.02,0,SCRATCH,train
RUN-006404,WO-003202,P03,L06,MCH-036,PRD-013,2026-02-20,31.33,1.0535,7.6,G2_mid,4.9,95.9,54.766,3.779,0.985,0.0175,0.025,0,SOLDER_VOID,train
RUN-006405,WO-003203,P03,L06,MCH-032,PRD-045,2026-02-20,17.0,0.8681,5.7,G2_mid,2.5,97.0,52.542,3.237,0.861,0.0006,0.02,0,CONTAMINATION,train
RUN-006406,WO-003203,P03,L06,MCH-034,PRD-045,2026-02-20,16.99,0.8209,3.0,G3_junior,2.5,97.0,51.96,3.236,0.801,0,0.015,0,CONTAMINATION,train
RUN-006407,WO-003204,P03,L06,MCH-033,PRD-013,2026-02-20,25.0,0.9973,3.0,G3_junior,4.9,95.9,52.205,4.131,0.825,0,0.02,0,MISSING_PART,train
RUN-006408,WO-003204,P03,L06,MCH-032,PRD-013,2026-02-20,28.46,1.1219,7.0,G2_mid,4.9,95.9,52.542,3.237,0.699,0,0.02,0,SURFACE_DENT,train
RUN-006419,WO-003210,P03,L05,MCH-027,PRD-015,2026-02-21,37.88,1.0081,2.8,G3_junior,8.8,92.1,48.89,2.829,1.006,0.0952,0.08,1,DIMENSION,train
RUN-006420,WO-003210,P03,L05,MCH-025,PRD-015,2026-02-21,39.73,1.0074,14.6,G1_senior,8.8,92.1,52.765,3.717,0.711,0.0301,0.04,0,SOLDER_VOID,train
RUN-006421,WO-003211,P03,L05,MCH-027,PRD-015,2026-02-21,28.33,1.0353,6.1,G2_mid,8.8,92.1,48.89,2.829,0.928,0.0323,0.064,1,DIMENSION,train
RUN-006422,WO-003211,P03,L05,MCH-029,PRD-015,2026-02-21,26.46,1.1404,2.0,G3_junior,8.8,92.1,47.724,2.913,0.84,0.0751,0.075,1,DIMENSION,train
RUN-006423,WO-003212,P03,L06,MCH-033,PRD-080,2026-02-21,20.58,0.9718,0.7,G3_junior,5.2,84.5,47.714,2.994,0.962,0.0773,0.064,1,SCRATCH,train
RUN-006424,WO-003212,P03,L06,MCH-035,PRD-080,2026-02-21,22.52,1.163,1.0,G3_junior,5.2,84.5,49.75,3.186,0.74,0.0652,0.08,1,SOLDER_VOID,train
RUN-006437,WO-003219,P03,L05,MCH-025,PRD-039,2026-02-22,27.71,1.1051,0.8,G3_junior,5.6,96.1,53.451,4.334,0.795,0.0459,0.035,0,MISSING_PART,train
RUN-006438,WO-003219,P03,L05,MCH-026,PRD-039,2026-02-22,26.34,0.9852,1.4,G3_junior,5.6,96.1,52.687,3.342,0.848,0,0.03,0,DIMENSION,train
RUN-006439,WO-003220,P03,L06,MCH-033,PRD-013,2026-02-22,20.33,1.0345,2.8,G3_junior,4.9,95.9,48.947,2.881,1.011,0.015,0.056,1,DIMENSION,train
RUN-006440,WO-003220,P03,L06,MCH-032,PRD-013,2026-02-22,16.91,1.1124,0.6,G3_junior,4.9,95.9,48.58,3.137,0.936,0.0349,0.04,0,DIMENSION,train
RUN-006465,WO-003233,P03,L05,MCH-028,PRD-021,2026-02-23,22.52,1.0033,3.2,G2_mid,3.0,95.9,55.049,3.514,0.736,0,0.0125,0,DIMENSION,train
RUN-006466,WO-003233,P03,L05,MCH-025,PRD-021,2026-02-23,24.17,1.0119,7.2,G2_mid,3.0,95.9,62.865,13.388,0.713,0.0036,0.02,0,MISSING_PART,train
RUN-006467,WO-003234,P03,L05,MCH-028,PRD-040,2026-02-23,41.91,0.8398,11.5,G1_senior,8.4,82.7,55.049,3.514,1.017,0.0923,0.075,1,SURFACE_DENT,train
RUN-006468,WO-003234,P03,L05,MCH-029,PRD-040,2026-02-23,39.85,1.1594,2.8,G3_junior,8.4,82.7,56.233,2.983,0.836,0.1413,0.11,1,CONTAMINATION,train
RUN-006469,WO-003235,P03,L05,MCH-025,PRD-009,2026-02-23,19.87,0.9419,1.4,G3_junior,5.0,76.8,62.865,13.388,0.705,0.0481,0.065,1,NONE,train
RUN-006470,WO-003235,P03,L05,MCH-028,PRD-009,2026-02-23,20.88,0.9054,11.5,G1_senior,5.0,76.8,55.049,3.514,0.97,0.0473,0.04,0,SOLDER_VOID,train
RUN-006471,WO-003236,P03,L06,MCH-032,PRD-013,2026-02-23,17.06,1.1679,11.5,G1_senior,4.9,95.9,55.465,3.528,1.079,0.0288,0.01,0,SURFACE_DENT,train
RUN-006472,WO-003236,P03,L06,MCH-034,PRD-013,2026-02-23,16.01,0.8883,1.8,G3_junior,4.9,95.9,48.595,2.75,0.748,0,0.02,0,MISSING_PART,train
RUN-006473,WO-003237,P03,L06,MCH-035,PRD-080,2026-02-23,31.03,1.0147,0.2,G3_junior,5.2,84.5,51.112,3.238,0.935,0.0867,0.056,1,DIMENSION,train
RUN-006474,WO-003237,P03,L06,MCH-036,PRD-080,2026-02-23,32.09,1.132,7.0,G2_mid,5.2,84.5,55.623,3.34,0.621,0.0013,0.04,0,CONTAMINATION,train
RUN-006475,WO-003238,P03,L06,MCH-031,PRD-013,2026-02-23,38.43,1.1523,7.2,G2_mid,4.9,95.9,54.759,3.721,0.922,0.0181,0.0375,0,SCRATCH,train
RUN-006476,WO-003238,P03,L06,MCH-032,PRD-013,2026-02-23,40.55,0.9479,0.6,G3_junior,4.9,95.9,55.465,3.528,0.73,0,0.015,0,DIMENSION,train
RUN-006501,WO-003251,P03,L05,MCH-030,PRD-021,2026-02-24,26.04,0.8403,11.2,G1_senior,3.0,95.9,58.095,3.465,0.834,0.0072,0.0,0,NONE,train
RUN-006502,WO-003251,P03,L05,MCH-027,PRD-021,2026-02-24,21.82,0.9973,2.8,G3_junior,3.0,95.9,50.648,3.041,0.801,0.0212,0.008,0,SCRATCH,train
RUN-006503,WO-003252,P03,L05,MCH-026,PRD-015,2026-02-24,28.96,0.9118,1.7,G3_junior,8.8,92.1,54.221,3.301,0.758,0.0791,0.09,1,MISSING_PART,train
RUN-006504,WO-003252,P03,L05,MCH-029,PRD-015,2026-02-24,26.27,1.1713,9.4,G1_senior,8.8,92.1,54.687,2.897,0.627,0.0438,0.06,1,SCRATCH,train
RUN-006505,WO-003253,P03,L05,MCH-030,PRD-079,2026-02-24,33.45,0.9737,0.2,G3_junior,3.3,71.4,58.095,3.465,0.684,0.0795,0.06,1,SURFACE_DENT,train
RUN-006506,WO-003253,P03,L05,MCH-025,PRD-079,2026-02-24,34.77,1.1179,0.2,G3_junior,3.3,71.4,62.908,10.014,1.029,0.0544,0.08,1,DIMENSION,train
RUN-006507,WO-003254,P03,L06,MCH-036,PRD-010,2026-02-24,29.13,1.0857,4.6,G2_mid,6.9,97.0,52.919,3.702,0.673,0,0.05,0,SCRATCH,train
RUN-006508,WO-003254,P03,L06,MCH-035,PRD-010,2026-02-24,28.43,1.1143,0.2,G3_junior,6.9,97.0,55.358,3.094,0.986,0.042,0.0625,1,MISSING_PART,train
RUN-006509,WO-003255,P03,L06,MCH-035,PRD-010,2026-02-24,24.07,1.1172,0.6,G3_junior,6.9,97.0,55.358,3.094,0.763,0.0535,0.06,1,SURFACE_DENT,train
RUN-006510,WO-003255,P03,L06,MCH-036,PRD-010,2026-02-24,25.09,0.8847,0.6,G3_junior,6.9,97.0,52.919,3.702,0.776,0.0663,0.03,0,NONE,train
RUN-006511,WO-003256,P03,L06,MCH-031,PRD-010,2026-02-24,37.17,0.8325,3.2,G2_mid,6.9,97.0,56.071,3.828,0.779,0.0197,0.045,0,SOLDER_VOID,train
RUN-006512,WO-003256,P03,L06,MCH-036,PRD-010,2026-02-24,37.36,1.0483,0.4,G3_junior,6.9,97.0,52.919,3.702,0.668,0.0583,0.07,1,DIMENSION,train
RUN-006537,WO-003269,P03,L05,MCH-029,PRD-008,2026-02-25,21.11,1.1617,4.8,G2_mid,3.4,84.5,52.196,2.875,0.883,0.062,0.0375,0,SOLDER_VOID,train
RUN-006538,WO-003269,P03,L05,MCH-028,PRD-008,2026-02-25,19.93,1.1489,0.2,G3_junior,3.4,84.5,55.512,3.466,0.787,0.061,0.035,0,MISSING_PART,train
RUN-006539,WO-003270,P03,L05,MCH-027,PRD-008,2026-02-25,23.06,0.9116,3.4,G2_mid,3.4,84.5,51.932,2.802,0.7,0.0086,0.035,0,MISSING_PART,train
RUN-006540,WO-003270,P03,L05,MCH-030,PRD-008,2026-02-25,23.73,0.9678,12.8,G1_senior,3.4,84.5,50.995,3.145,0.915,0.0309,0.03,0,SOLDER_VOID,train
RUN-006541,WO-003271,P03,L05,MCH-025,PRD-008,2026-02-25,18.51,1.06,15.7,G1_senior,3.4,84.5,66.422,6.47,1.013,0.0054,0.02,0,DIMENSION,train
RUN-006542,WO-003271,P03,L05,MCH-027,PRD-008,2026-02-25,24.48,1.1466,7.1,G2_mid,3.4,84.5,51.932,2.802,1.07,0.0182,0.025,0,DIMENSION,train
RUN-006543,WO-003272,P03,L06,MCH-035,PRD-066,2026-02-25,34.05,0.9034,0.6,G3_junior,7.6,88.6,55.793,3.355,0.867,0.0695,0.07,1,SOLDER_VOID,train
RUN-006544,WO-003272,P03,L06,MCH-032,PRD-066,2026-02-25,35.04,1.0559,0.6,G3_junior,7.6,88.6,53.727,3.156,0.796,0.0708,0.0625,1,MISSING_PART,train
RUN-006545,WO-003273,P03,L06,MCH-033,PRD-017,2026-02-25,24.61,1.0958,2.9,G3_junior,4.3,96.3,51.785,2.969,1.093,0.0234,0.0125,0,SOLDER_VOID,train
RUN-006546,WO-003273,P03,L06,MCH-032,PRD-017,2026-02-25,23.96,0.9236,0,G0_unknown,4.3,96.3,53.727,3.156,0.681,0,0.01,0,SCRATCH,train
RUN-006547,WO-003274,P03,L06,MCH-032,PRD-066,2026-02-25,13.09,0.9753,0.2,G3_junior,7.6,88.6,53.727,3.156,1.081,0.0827,0.08,1,DIMENSION,train
RUN-006548,WO-003274,P03,L06,MCH-033,PRD-066,2026-02-25,13.9,1.1285,0.2,G3_junior,7.6,88.6,51.785,2.969,0.943,0.0977,0.08,1,SOLDER_VOID,train
RUN-006573,WO-003287,P03,L05,MCH-028,PRD-033,2026-02-26,26.09,0.8967,3.4,G2_mid,4.7,88.0,50.999,3.204,1.011,0,0.02,0,CONTAMINATION,train
RUN-006574,WO-003287,P03,L05,MCH-029,PRD-033,2026-02-26,27.77,0.9021,0.2,G3_junior,4.7,88.0,52.578,2.786,0.978,0.0034,0.04,0,MISSING_PART,train
RUN-006575,WO-003288,P03,L05,MCH-027,PRD-033,2026-02-26,25.78,0.9124,4.8,G2_mid,4.7,88.0,48.31,2.698,0.649,0.043,0.032,0,SURFACE_DENT,train
RUN-006576,WO-003288,P03,L05,MCH-030,PRD-033,2026-02-26,29.15,0.8806,3.0,G3_junior,4.7,88.0,51.056,3.255,0.702,0.0331,0.04,0,SURFACE_DENT,train
RUN-006577,WO-003289,P03,L05,MCH-030,PRD-039,2026-02-26,25.23,0.8373,0.7,G3_junior,5.6,96.1,51.056,3.255,0.938,0.0797,0.0375,0,SCRATCH,train
RUN-006578,WO-003289,P03,L05,MCH-026,PRD-039,2026-02-26,22.82,0.8779,8.2,G1_senior,5.6,96.1,52.292,3.399,0.835,0.0433,0.025,0,DIMENSION,train
RUN-006579,WO-003290,P03,L06,MCH-035,PRD-048,2026-02-26,19.32,0.9374,2.3,G3_junior,4.6,96.1,55.382,3.546,1.088,0,0.02,0,NONE,train
RUN-006580,WO-003290,P03,L06,MCH-036,PRD-048,2026-02-26,21.39,0.969,2.1,G3_junior,4.6,96.1,51.119,2.834,0.819,0.028,0.0375,0,SCRATCH,train
RUN-006581,WO-003291,P03,L06,MCH-036,PRD-024,2026-02-26,30.69,0.8804,2.3,G3_junior,7.6,85.8,51.119,2.834,0.865,0.0458,0.06,1,CONTAMINATION,train
RUN-006582,WO-003291,P03,L06,MCH-034,PRD-024,2026-02-26,28.68,1.0354,1.0,G3_junior,7.6,85.8,52.906,2.829,0.98,0.1132,0.1,1,DIMENSION,train
RUN-006583,WO-003292,P03,L06,MCH-031,PRD-024,2026-02-26,33.96,0.9149,0.6,G3_junior,7.6,85.8,55.565,5.313,0.669,0.117,0.1,1,MISSING_PART,train
RUN-006584,WO-003292,P03,L06,MCH-034,PRD-024,2026-02-26,38.94,1.0581,1.7,G3_junior,7.6,85.8,52.906,2.829,0.866,0.0505,0.1125,1,CONTAMINATION,train
RUN-006609,WO-003305,P03,L05,MCH-028,PRD-013,2026-02-27,34.06,0.9039,1.0,G3_junior,4.9,95.9,52.689,3.332,1.057,0.0302,0.04,0,SCRATCH,train
RUN-006610,WO-003305,P03,L05,MCH-025,PRD-013,2026-02-27,30.56,0.9844,5.8,G2_mid,4.9,95.9,69.049,7.397,0.656,0.0223,0.03,0,SOLDER_VOID,train
RUN-006611,WO-003306,P03,L05,MCH-029,PRD-013,2026-02-27,20.18,0.8991,3.3,G2_mid,4.9,95.9,54.163,3.945,0.674,0,0.02,0,CONTAMINATION,train
RUN-006612,WO-003306,P03,L05,MCH-028,PRD-013,2026-02-27,24.58,0.8355,0.6,G3_junior,4.9,95.9,52.689,3.332,0.898,0.0485,0.02,0,SOLDER_VOID,train
RUN-006613,WO-003307,P03,L05,MCH-029,PRD-013,2026-02-27,24.06,1.042,0,G0_unknown,4.9,95.9,54.163,3.945,0.86,0.0163,0.016,0,SURFACE_DENT,train
RUN-006614,WO-003307,P03,L05,MCH-030,PRD-013,2026-02-27,23.96,1.0481,1.2,G3_junior,4.9,95.9,53.129,3.228,0.631,0.0351,0.0125,0,CONTAMINATION,train
RUN-006615,WO-003308,P03,L06,MCH-033,PRD-067,2026-02-27,24.95,0.8211,1.0,G3_junior,4.5,71.0,59.479,4.945,0.626,0.0655,0.072,1,SCRATCH,train
RUN-006616,WO-003308,P03,L06,MCH-035,PRD-067,2026-02-27,25.26,1.0708,11.8,G1_senior,4.5,71.0,51.998,3.26,1.097,0.042,0.048,0,MISSING_PART,train
RUN-006617,WO-003309,P03,L06,MCH-031,PRD-067,2026-02-27,18.44,1.0585,1.0,G3_junior,4.5,71.0,53.635,3.565,1.003,0.1508,0.09,1,DIMENSION,train
RUN-006618,WO-003309,P03,L06,MCH-033,PRD-067,2026-02-27,18.08,1.1405,0.2,G3_junior,4.5,71.0,59.479,4.945,0.709,0.0542,0.08,1,DIMENSION,train
RUN-006619,WO-003310,P03,L06,MCH-031,PRD-078,2026-02-27,18.99,1.1261,1.0,G3_junior,4.6,84.7,53.635,3.565,0.924,0.0393,0.04,0,SCRATCH,train
RUN-006620,WO-003310,P03,L06,MCH-033,PRD-078,2026-02-27,21.65,0.8739,0,G0_unknown,4.6,84.7,59.479,4.945,0.781,0.0617,0.04,0,SURFACE_DENT,train
RUN-006631,WO-003316,P03,L05,MCH-026,PRD-022,2026-02-28,23.86,0.9013,2.8,G3_junior,4.3,85.8,49.806,3.231,0.857,0.0667,0.02,0,NONE,train
RUN-006632,WO-003316,P03,L05,MCH-027,PRD-022,2026-02-28,20.28,0.8282,6.5,G2_mid,4.3,85.8,48.436,3.329,0.701,0.0014,0.0375,0,SOLDER_VOID,train
RUN-006633,WO-003317,P03,L06,MCH-034,PRD-024,2026-02-28,32.67,0.9528,0.2,G3_junior,7.6,85.8,43.018,2.72,0.633,0.0894,0.09,1,SURFACE_DENT,train
RUN-006634,WO-003317,P03,L06,MCH-032,PRD-024,2026-02-28,35.89,1.0733,4.6,G2_mid,7.6,85.8,48.612,2.94,0.878,0.0815,0.0875,1,SCRATCH,train
RUN-006649,WO-003325,P03,L05,MCH-025,PRD-021,2026-03-01,25.23,0.9768,1.7,G3_junior,3.0,95.9,50.857,3.236,0.687,0.027,0.0,0,NONE,train
RUN-006650,WO-003325,P03,L05,MCH-029,PRD-021,2026-03-01,23.21,1.0537,0.6,G3_junior,3.0,95.9,45.599,2.661,0.813,0.0063,0.03,0,NONE,train
RUN-006651,WO-003326,P03,L05,MCH-029,PRD-012,2026-03-01,22.67,0.8845,1.2,G3_junior,2.1,92.1,45.599,2.661,0.995,0.0517,0.0375,0,SURFACE_DENT,train
RUN-006652,WO-003326,P03,L05,MCH-025,PRD-012,2026-03-01,14.88,1.0845,7.6,G2_mid,2.1,92.1,50.857,3.236,0.94,0.0081,0.015,0,SOLDER_VOID,train
RUN-006653,WO-003327,P03,L06,MCH-033,PRD-037,2026-03-01,33.34,0.9063,8.2,G1_senior,4.2,88.0,59.993,17.861,1.024,0.0003,0.0,0,NONE,train
RUN-006654,WO-003327,P03,L06,MCH-036,PRD-037,2026-03-01,28.27,1.1199,8.2,G1_senior,4.2,88.0,53.021,2.971,0.91,0,0.02,0,NONE,train
RUN-006655,WO-003328,P03,L06,MCH-033,PRD-037,2026-03-01,25.03,1.0937,4.7,G2_mid,4.2,88.0,59.993,17.861,0.878,0.0295,0.015,0,SOLDER_VOID,train
RUN-006656,WO-003328,P03,L06,MCH-036,PRD-037,2026-03-01,19.02,0.8464,1.7,G3_junior,4.2,88.0,53.021,2.971,0.822,0.018,0.02,0,NONE,train
RUN-006657,WO-003329,P03,L06,MCH-033,PRD-037,2026-03-01,34.11,1.1159,6.1,G2_mid,4.2,88.0,59.993,17.861,0.861,0.0323,0.03,0,DIMENSION,train
RUN-006658,WO-003329,P03,L06,MCH-031,PRD-037,2026-03-01,32.47,0.9709,0.7,G3_junior,4.2,88.0,51.215,3.076,0.656,0.0437,0.04,0,SOLDER_VOID,train
RUN-006683,WO-003342,P03,L05,MCH-027,PRD-071,2026-03-02,22.74,0.8395,0,G0_unknown,6.2,84.7,53.909,3.174,0.695,0.0253,0.07,1,SOLDER_VOID,train
RUN-006684,WO-003342,P03,L05,MCH-025,PRD-071,2026-03-02,26.54,0.8225,0.2,G3_junior,6.2,84.7,51.86,3.233,0.915,0.092,0.08,1,SOLDER_VOID,train
RUN-006685,WO-003343,P03,L05,MCH-026,PRD-009,2026-03-02,22.81,1.0344,5.8,G2_mid,5.0,76.8,55.421,3.374,0.915,0.0654,0.07,1,SCRATCH,train
RUN-006686,WO-003343,P03,L05,MCH-029,PRD-009,2026-03-02,18.73,0.9406,6.5,G2_mid,5.0,76.8,52.597,9.253,0.705,0.0813,0.064,1,SURFACE_DENT,train
RUN-006687,WO-003344,P03,L05,MCH-025,PRD-009,2026-03-02,27.8,1.1539,2.3,G3_junior,5.0,76.8,51.86,3.233,0.889,0.0604,0.08,1,SURFACE_DENT,train
RUN-006688,WO-003344,P03,L05,MCH-030,PRD-009,2026-03-02,30.04,1.0577,1.0,G3_junior,5.0,76.8,52.975,2.714,1.061,0.0967,0.0875,1,DIMENSION,train
RUN-006689,WO-003345,P03,L06,MCH-036,PRD-067,2026-03-02,26.35,0.9593,1.6,G3_junior,4.5,71.0,55.967,3.649,0.841,0.1309,0.0625,1,SURFACE_DENT,train
RUN-006690,WO-003345,P03,L06,MCH-031,PRD-067,2026-03-02,23.42,1.0039,0.4,G3_junior,4.5,71.0,55.162,3.378,0.653,0.1365,0.088,1,SOLDER_VOID,train
RUN-006691,WO-003346,P03,L06,MCH-034,PRD-037,2026-03-02,29.23,1.0931,7.2,G2_mid,4.2,88.0,48.078,2.884,0.837,0,0.02,0,SOLDER_VOID,train
RUN-006692,WO-003346,P03,L06,MCH-033,PRD-037,2026-03-02,23.96,1.1445,1.6,G3_junior,4.2,88.0,67.579,6.8,1.012,0.0036,0.04,0,DIMENSION,train
RUN-006693,WO-003347,P03,L06,MCH-035,PRD-043,2026-03-02,26.82,0.9359,2.7,G3_junior,4.2,84.5,51.805,3.127,0.71,0.0801,0.04,0,MISSING_PART,train
RUN-006694,WO-003347,P03,L06,MCH-034,PRD-043,2026-03-02,25.9,1.0382,3.4,G2_mid,4.2,84.5,48.078,2.884,0.915,0.0086,0.025,0,SCRATCH,train
RUN-006719,WO-003360,P03,L05,MCH-028,PRD-079,2026-03-03,15.44,0.9624,2.9,G3_junior,3.3,71.4,57.348,4.233,0.965,0.0917,0.07,1,SCRATCH,train
RUN-006720,WO-003360,P03,L05,MCH-029,PRD-079,2026-03-03,13.7,0.945,2.8,G3_junior,3.3,71.4,53.954,3.339,0.747,0.0757,0.05,0,CONTAMINATION,train
RUN-006721,WO-003361,P03,L05,MCH-026,PRD-033,2026-03-03,7.19,0.8522,1.0,G3_junior,4.7,88.0,54.811,3.081,0.872,0.0918,0.025,0,MISSING_PART,train
RUN-006722,WO-003361,P03,L05,MCH-029,PRD-033,2026-03-03,7.36,0.8365,1.3,G3_junior,4.7,88.0,53.954,3.339,0.865,0.0148,0.03,0,SURFACE_DENT,train
RUN-006723,WO-003362,P03,L05,MCH-029,PRD-054,2026-03-03,26.55,1.0041,14.6,G1_senior,6.3,71.4,53.954,3.339,0.699,0.0334,0.0625,1,SURFACE_DENT,train
RUN-006724,WO-003362,P03,L05,MCH-026,PRD-054,2026-03-03,32.51,0.8975,2.7,G3_junior,6.3,71.4,54.811,3.081,0.806,0.1078,0.12,1,SCRATCH,train
RUN-006725,WO-003363,P03,L06,MCH-036,PRD-045,2026-03-03,13.8,1.0882,2.0,G3_junior,2.5,97.0,52.708,3.184,0.772,0.0272,0.0125,0,CONTAMINATION,train
RUN-006726,WO-003363,P03,L06,MCH-034,PRD-045,2026-03-03,18.41,1.1044,2.3,G3_junior,2.5,97.0,51.096,3.011,0.935,0.0624,0.02,0,SOLDER_VOID,train
RUN-006727,WO-003364,P03,L06,MCH-035,PRD-045,2026-03-03,16.55,0.8475,14.6,G1_senior,2.5,97.0,55.102,2.845,0.785,0,0.0,0,NONE,train
RUN-006728,WO-003364,P03,L06,MCH-032,PRD-045,2026-03-03,13.35,1.1127,0.7,G3_junior,2.5,97.0,51.724,3.346,0.692,0.049,0.03,0,MISSING_PART,train
RUN-006729,WO-003365,P03,L06,MCH-034,PRD-045,2026-03-03,17.67,1.0109,0,G0_unknown,2.5,97.0,51.096,3.011,0.91,0.0766,0.025,0,CONTAMINATION,train
RUN-006730,WO-003365,P03,L06,MCH-031,PRD-045,2026-03-03,17.31,0.9314,3.3,G2_mid,2.5,97.0,54.084,3.805,1.067,0.0154,0.016,1,SURFACE_DENT,train
RUN-006755,WO-003378,P03,L05,MCH-027,PRD-063,2026-03-04,36.58,1.0573,1.4,G3_junior,5.7,84.5,52.69,3.519,1.06,0.049,0.04,0,DIMENSION,train
RUN-006756,WO-003378,P03,L05,MCH-030,PRD-063,2026-03-04,34.52,1.0205,3.0,G3_junior,5.7,84.5,52.141,3.441,0.807,0.0628,0.05,0,CONTAMINATION,train
RUN-006757,WO-003379,P03,L05,MCH-025,PRD-063,2026-03-04,19.88,1.0219,11.8,G1_senior,5.7,84.5,52.676,3.04,0.631,0.0505,0.04,0,SCRATCH,train
RUN-006758,WO-003379,P03,L05,MCH-030,PRD-063,2026-03-04,17.78,0.8685,3.2,G2_mid,5.7,84.5,52.141,3.441,0.938,0.0362,0.0375,0,DIMENSION,train
RUN-006759,WO-003380,P03,L05,MCH-029,PRD-063,2026-03-04,15.87,1.0955,12.8,G1_senior,5.7,84.5,54.967,3.352,0.64,0.0378,0.02,0,SOLDER_VOID,train
RUN-006760,WO-003380,P03,L05,MCH-030,PRD-063,2026-03-04,18.71,0.9936,0.2,G3_junior,5.7,84.5,52.141,3.441,0.741,0.0597,0.06,1,SCRATCH,train
RUN-006761,WO-003381,P03,L06,MCH-033,PRD-022,2026-03-04,21.35,1.0596,0.2,G3_junior,4.3,85.8,69.813,7.71,0.722,0.0347,0.05,0,NONE,train
RUN-006762,WO-003381,P03,L06,MCH-036,PRD-022,2026-03-04,21.65,1.0968,2.8,G3_junior,4.3,85.8,54.145,8.833,1.048,0.0328,0.0375,0,SOLDER_VOID,train
RUN-006763,WO-003382,P03,L06,MCH-034,PRD-022,2026-03-04,20.84,1.1782,14.6,G1_senior,4.3,85.8,51.715,3.019,0.728,0.0226,0.03,0,SOLDER_VOID,train
RUN-006764,WO-003382,P03,L06,MCH-036,PRD-022,2026-03-04,26.0,1.0917,2.6,G3_junior,4.3,85.8,54.145,8.833,0.627,0.0211,0.04,0,DIMENSION,train
RUN-006765,WO-003383,P03,L06,MCH-033,PRD-022,2026-03-04,16.67,1.1096,11.5,G1_senior,4.3,85.8,69.813,7.71,0.708,0.0206,0.024,0,MISSING_PART,train
RUN-006766,WO-003383,P03,L06,MCH-031,PRD-022,2026-03-04,15.16,0.9917,0.2,G3_junior,4.3,85.8,51.873,3.465,0.724,0.0133,0.02,0,DIMENSION,train
RUN-006791,WO-003396,P03,L05,MCH-028,PRD-010,2026-03-05,13.04,0.9961,7.6,G2_mid,6.9,97.0,63.939,5.301,0.878,0.0566,0.0375,0,CONTAMINATION,train
RUN-006792,WO-003396,P03,L05,MCH-027,PRD-010,2026-03-05,13.28,0.8995,2.3,G3_junior,6.9,97.0,51.809,3.044,1.094,0.0679,0.04,0,SOLDER_VOID,train
RUN-006793,WO-003397,P03,L05,MCH-027,PRD-010,2026-03-05,28.75,0.8296,0.2,G3_junior,6.9,97.0,51.809,3.044,0.913,0.0738,0.05,0,SCRATCH,train
RUN-006794,WO-003397,P03,L05,MCH-028,PRD-010,2026-03-05,33.87,1.0128,0.2,G3_junior,6.9,97.0,63.939,5.301,0.88,0.0378,0.0375,0,DIMENSION,train
RUN-006795,WO-003398,P03,L05,MCH-026,PRD-010,2026-03-05,33.03,0.934,0.2,G3_junior,6.9,97.0,51.194,3.291,0.998,0.0122,0.0375,0,SCRATCH,train
RUN-006796,WO-003398,P03,L05,MCH-025,PRD-010,2026-03-05,34.76,1.0571,11.5,G1_senior,6.9,97.0,54.863,3.49,0.776,0.0105,0.032,0,MISSING_PART,train
RUN-006797,WO-003399,P03,L06,MCH-034,PRD-080,2026-03-05,32.56,1.1267,7.2,G2_mid,5.2,84.5,50.162,2.556,0.716,0.0613,0.05,0,SURFACE_DENT,train
RUN-006798,WO-003399,P03,L06,MCH-036,PRD-080,2026-03-05,33.66,0.8692,0.5,G3_junior,5.2,84.5,53.117,3.4,0.67,0.0905,0.04,0,SCRATCH,train
RUN-006799,WO-003400,P03,L06,MCH-032,PRD-070,2026-03-05,19.21,0.9894,18,G1_senior,3.9,87.4,53.398,3.275,0.83,0.0225,0.01,0,NONE,train
RUN-006800,WO-003400,P03,L06,MCH-035,PRD-070,2026-03-05,21.29,1.0454,6.5,G2_mid,3.9,87.4,51.206,3.059,0.661,0.0471,0.025,0,DIMENSION,train
RUN-006801,WO-003401,P03,L06,MCH-033,PRD-035,2026-03-05,22.39,0.893,1.3,G3_junior,4.3,84.7,68.864,8.417,0.873,0.0651,0.05,0,SOLDER_VOID,train
RUN-006802,WO-003401,P03,L06,MCH-031,PRD-035,2026-03-05,26.27,1.1834,1.3,G3_junior,4.3,84.7,53.292,3.649,0.735,0.0302,0.048,0,SOLDER_VOID,train
RUN-006827,WO-003414,P03,L05,MCH-027,PRD-008,2026-03-06,28.28,1.1395,10.6,G1_senior,3.4,84.5,50.468,3.164,0.628,0.0184,0.0125,0,CONTAMINATION,train
RUN-006828,WO-003414,P03,L05,MCH-025,PRD-008,2026-03-06,21.15,1.1697,0.2,G3_junior,3.4,84.5,54.955,3.402,0.725,0.035,0.0375,0,SCRATCH,train
RUN-006829,WO-003415,P03,L05,MCH-029,PRD-013,2026-03-06,33.34,0.8517,0.2,G3_junior,4.9,95.9,48.792,3.077,0.832,0.0033,0.02,0,SURFACE_DENT,train
RUN-006830,WO-003415,P03,L05,MCH-030,PRD-013,2026-03-06,33.5,1.0542,4.6,G2_mid,4.9,95.9,50.755,2.829,0.907,0.0688,0.032,0,DIMENSION,train
RUN-006831,WO-003416,P03,L05,MCH-025,PRD-063,2026-03-06,14.14,0.9194,0.2,G3_junior,5.7,84.5,54.955,3.402,0.658,0,0.0375,0,SOLDER_VOID,train
RUN-006832,WO-003416,P03,L05,MCH-027,PRD-063,2026-03-06,15.12,0.8359,1.2,G3_junior,5.7,84.5,50.468,3.164,0.934,0.1097,0.07,1,SOLDER_VOID,train
RUN-006833,WO-003417,P03,L06,MCH-032,PRD-062,2026-03-06,24.76,0.9784,2.8,G3_junior,6.8,71.4,53.623,3.31,0.967,0.1099,0.1,1,DIMENSION,train
RUN-006834,WO-003417,P03,L06,MCH-034,PRD-062,2026-03-06,27.98,1.0216,0.2,G3_junior,6.8,71.4,49.947,3.096,0.752,0.1613,0.11,1,SOLDER_VOID,train
RUN-006835,WO-003418,P03,L06,MCH-036,PRD-062,2026-03-06,30.08,1.0412,2.8,G3_junior,6.8,71.4,55.165,3.116,0.883,0.1375,0.125,1,NONE,train
RUN-006836,WO-003418,P03,L06,MCH-034,PRD-062,2026-03-06,28.5,1.0175,3.1,G2_mid,6.8,71.4,49.947,3.096,1.039,0.1091,0.1,1,SURFACE_DENT,train
RUN-006837,WO-003419,P03,L06,MCH-035,PRD-062,2026-03-06,37.31,0.9247,0,G0_unknown,6.8,71.4,52.139,3.214,0.681,0.1099,0.12,1,SURFACE_DENT,train
RUN-006838,WO-003419,P03,L06,MCH-033,PRD-062,2026-03-06,34.46,0.9237,2.0,G3_junior,6.8,71.4,51.775,2.848,0.688,0.1178,0.125,1,SOLDER_VOID,train
RUN-006853,WO-003427,P03,L05,MCH-027,PRD-043,2026-03-07,18.42,1.1721,0.7,G3_junior,4.2,84.5,49.983,2.85,0.736,0.0603,0.055,1,SOLDER_VOID,train
RUN-006854,WO-003427,P03,L05,MCH-028,PRD-043,2026-03-07,20.95,1.0146,1.0,G3_junior,4.2,84.5,59.336,6.014,0.811,0.0128,0.0125,0,SCRATCH,train
RUN-006855,WO-003428,P03,L05,MCH-025,PRD-080,2026-03-07,19.73,0.8499,7.6,G2_mid,5.2,84.5,49.948,3.098,0.631,0.0403,0.05,0,NONE,train
RUN-006856,WO-003428,P03,L05,MCH-029,PRD-080,2026-03-07,16.93,0.9402,2.7,G3_junior,5.2,84.5,47.464,2.639,0.685,0.0695,0.05,0,CONTAMINATION,train
RUN-006869,WO-003435,P03,L05,MCH-030,PRD-063,2026-03-08,24.2,1.1867,2.3,G3_junior,5.7,84.5,46.953,2.937,0.938,0.071,0.056,1,SOLDER_VOID,train
RUN-006870,WO-003435,P03,L05,MCH-025,PRD-063,2026-03-08,19.28,1.0106,2.8,G3_junior,5.7,84.5,50.715,3.65,0.766,0.0385,0.05,0,SURFACE_DENT,train
RUN-006871,WO-003436,P03,L05,MCH-026,PRD-063,2026-03-08,18.44,1.0255,7.2,G2_mid,5.7,84.5,50.721,3.614,1.016,0.0594,0.05,0,SCRATCH,train
RUN-006872,WO-003436,P03,L05,MCH-027,PRD-063,2026-03-08,19.99,1.0106,0.6,G3_junior,5.7,84.5,50.107,3.339,0.701,0.0528,0.06,1,MISSING_PART,train
RUN-006873,WO-003437,P03,L05,MCH-030,PRD-063,2026-03-08,25.82,1.0276,12.8,G1_senior,5.7,84.5,46.953,2.937,0.941,0.0147,0.024,0,SURFACE_DENT,train
RUN-006874,WO-003437,P03,L05,MCH-026,PRD-063,2026-03-08,24.27,1.0226,3.4,G2_mid,5.7,84.5,50.721,3.614,1.045,0.0498,0.04,0,SOLDER_VOID,train
RUN-006875,WO-003438,P03,L06,MCH-036,PRD-067,2026-03-08,32.48,1.0758,2.3,G3_junior,4.5,71.0,51.307,3.477,0.72,0.0977,0.085,1,SOLDER_VOID,train
RUN-006876,WO-003438,P03,L06,MCH-031,PRD-067,2026-03-08,30.56,1.0206,6.1,G2_mid,4.5,71.0,51.624,3.642,0.822,0.0934,0.08,1,SURFACE_DENT,train
RUN-006877,WO-003439,P03,L06,MCH-035,PRD-067,2026-03-08,29.23,0.9493,0.2,G3_junior,4.5,71.0,48.981,2.832,0.701,0.0876,0.09,1,MISSING_PART,train
RUN-006878,WO-003439,P03,L06,MCH-034,PRD-067,2026-03-08,26.46,1.0479,11.8,G1_senior,4.5,71.0,46.978,3.008,0.937,0.0956,0.072,1,SURFACE_DENT,train
RUN-006903,WO-003452,P03,L05,MCH-030,PRD-062,2026-03-09,28.66,1.0938,2.1,G3_junior,6.8,71.4,54.393,2.999,0.625,0.1115,0.12,1,SCRATCH,train
RUN-006904,WO-003452,P03,L05,MCH-026,PRD-062,2026-03-09,33.69,1.0041,6.5,G2_mid,6.8,71.4,55.391,3.358,0.728,0.1294,0.1,1,SCRATCH,train
RUN-006905,WO-003453,P03,L05,MCH-027,PRD-062,2026-03-09,39.63,1.1835,3.3,G2_mid,6.8,71.4,47.889,3.276,0.828,0.0778,0.104,1,CONTAMINATION,train
RUN-006906,WO-003453,P03,L05,MCH-028,PRD-062,2026-03-09,34.52,1.1247,3.3,G2_mid,6.8,71.4,71.609,17.831,0.957,0.1434,0.12,1,DIMENSION,train
RUN-006907,WO-003454,P03,L05,MCH-025,PRD-062,2026-03-09,20.08,1.1784,7.2,G2_mid,6.8,71.4,52.226,3.103,0.855,0.0953,0.125,1,SCRATCH,train
RUN-006908,WO-003454,P03,L05,MCH-030,PRD-062,2026-03-09,18.9,1.0258,1.6,G3_junior,6.8,71.4,54.393,2.999,0.649,0.1301,0.1125,1,CONTAMINATION,train
RUN-006909,WO-003455,P03,L06,MCH-035,PRD-064,2026-03-09,17.31,0.9235,1.6,G3_junior,4.9,89.9,52.173,2.947,0.884,0.0746,0.04,0,SCRATCH,train
RUN-006910,WO-003455,P03,L06,MCH-033,PRD-064,2026-03-09,20.32,1.1007,1.7,G3_junior,4.9,89.9,54.265,5.864,0.678,0,0.02,0,DIMENSION,train
RUN-006911,WO-003456,P03,L06,MCH-035,PRD-064,2026-03-09,36.76,1.0195,0.2,G3_junior,4.9,89.9,52.173,2.947,0.894,0.0547,0.06,1,MISSING_PART,train
RUN-006912,WO-003456,P03,L06,MCH-032,PRD-064,2026-03-09,35.4,1.0646,2.0,G3_junior,4.9,89.9,52.481,3.174,0.994,0.0416,0.02,0,SOLDER_VOID,train
RUN-006913,WO-003457,P03,L06,MCH-033,PRD-064,2026-03-09,22.26,0.965,2.3,G3_junior,4.9,89.9,54.265,5.864,0.662,0.0509,0.04,0,DIMENSION,train
RUN-006914,WO-003457,P03,L06,MCH-035,PRD-064,2026-03-09,18.01,1.0141,18,G1_senior,4.9,89.9,52.173,2.947,0.925,0.0217,0.0,0,NONE,train
RUN-006939,WO-003470,P03,L05,MCH-029,PRD-075,2026-03-10,20.77,0.9138,2.0,G3_junior,6.8,96.3,52.32,2.722,0.775,0.0302,0.04,0,SCRATCH,train
RUN-006940,WO-003470,P03,L05,MCH-030,PRD-075,2026-03-10,23.1,1.1591,6.5,G2_mid,6.8,96.3,52.841,3.26,1.038,0.0147,0.04,0,SURFACE_DENT,train
RUN-006941,WO-003471,P03,L05,MCH-029,PRD-075,2026-03-10,33.22,1.0428,9.4,G1_senior,6.8,96.3,52.32,2.722,1.013,0.0629,0.005,0,MISSING_PART,train
RUN-006942,WO-003471,P03,L05,MCH-028,PRD-075,2026-03-10,37.74,1.2038,3.2,G2_mid,6.8,96.3,71.176,8.168,0.923,0.0629,0.06,1,CONTAMINATION,train
RUN-006943,WO-003472,P03,L05,MCH-028,PRD-068,2026-03-10,27.31,1.1715,12.8,G1_senior,2.3,71.0,71.176,8.168,0.756,0.0028,0.04,0,CONTAMINATION,train
RUN-006944,WO-003472,P03,L05,MCH-030,PRD-068,2026-03-10,26.42,1.0952,2.8,G3_junior,2.3,71.0,52.841,3.26,0.715,0,0.04,0,DIMENSION,train
RUN-006945,WO-003473,P03,L06,MCH-035,PRD-035,2026-03-10,23.14,1.0221,2.1,G3_junior,4.3,84.7,51.292,3.162,1.088,0.0549,0.0375,0,MISSING_PART,train
RUN-006946,WO-003473,P03,L06,MCH-031,PRD-035,2026-03-10,24.04,1.0702,2.3,G3_junior,4.3,84.7,52.773,3.96,0.789,0.0337,0.045,1,DIMENSION,train
RUN-006947,WO-003474,P03,L06,MCH-034,PRD-015,2026-03-10,32.12,1.1757,0.2,G3_junior,8.8,92.1,51.36,2.724,0.692,0.1292,0.096,1,MISSING_PART,train
RUN-006948,WO-003474,P03,L06,MCH-032,PRD-015,2026-03-10,29.22,1.1522,0.7,G3_junior,8.8,92.1,54.199,3.486,1.029,0.0923,0.1,1,SURFACE_DENT,train
RUN-006949,WO-003475,P03,L06,MCH-033,PRD-074,2026-03-10,24.04,0.9995,3.2,G2_mid,6.4,95.9,53.509,3.608,0.756,0.0224,0.024,0,SOLDER_VOID,train
RUN-006950,WO-003475,P03,L06,MCH-036,PRD-074,2026-03-10,25.17,1.1311,0,G0_unknown,6.4,95.9,53.842,3.271,1.017,0.0219,0.056,1,DIMENSION,train
RUN-006975,WO-003488,P03,L05,MCH-026,PRD-079,2026-03-11,19.94,0.9183,0.2,G3_junior,3.3,71.4,53.498,3.37,0.867,0.13,0.064,1,DIMENSION,train
RUN-006976,WO-003488,P03,L05,MCH-029,PRD-079,2026-03-11,15.04,1.1259,2.3,G3_junior,3.3,71.4,52.126,3.063,0.961,0.0863,0.055,1,NONE,train
RUN-006977,WO-003489,P03,L05,MCH-028,PRD-020,2026-03-11,30.75,1.053,0.5,G3_junior,7.8,84.7,54.301,3.501,0.707,0.0688,0.1,1,DIMENSION,train
RUN-006978,WO-003489,P03,L05,MCH-026,PRD-020,2026-03-11,24.26,0.8449,3.3,G2_mid,7.8,84.7,53.498,3.37,0.997,0.1018,0.0875,1,SURFACE_DENT,train
RUN-006979,WO-003490,P03,L05,MCH-029,PRD-008,2026-03-11,24.03,0.8936,0.2,G3_junior,3.4,84.5,52.126,3.063,0.681,0.0472,0.032,0,DIMENSION,train
RUN-006980,WO-003490,P03,L05,MCH-026,PRD-008,2026-03-11,22.32,0.9187,10.6,G1_senior,3.4,84.5,53.498,3.37,0.623,0.0391,0.04,0,SCRATCH,train
RUN-006981,WO-003491,P03,L06,MCH-031,PRD-045,2026-03-11,20.52,1.1621,1.0,G3_junior,2.5,97.0,54.355,3.801,0.826,0.058,0.0125,0,SURFACE_DENT,train
RUN-006982,WO-003491,P03,L06,MCH-036,PRD-045,2026-03-11,18.64,0.9441,4.6,G2_mid,2.5,97.0,58.686,3.475,0.711,0.0028,0.0,0,NONE,train
RUN-006983,WO-003492,P03,L06,MCH-035,PRD-045,2026-03-11,8.53,1.0349,0,G0_unknown,2.5,97.0,51.57,3.049,0.901,0.0031,0.02,0,SOLDER_VOID,train
RUN-006984,WO-003492,P03,L06,MCH-034,PRD-045,2026-03-11,14.46,0.8633,5.7,G2_mid,2.5,97.0,49.122,3.201,1.045,0,0.0125,0,MISSING_PART,train
RUN-006985,WO-003493,P03,L06,MCH-034,PRD-045,2026-03-11,20.03,1.1787,2.9,G3_junior,2.5,97.0,49.122,3.201,0.627,0.0079,0.04,0,SURFACE_DENT,train
RUN-006986,WO-003493,P03,L06,MCH-036,PRD-045,2026-03-11,23.22,1.1302,6.5,G2_mid,2.5,97.0,58.686,3.475,0.815,0.0062,0.005,0,SURFACE_DENT,train
RUN-007011,WO-003506,P03,L05,MCH-025,PRD-012,2026-03-12,16.09,1.1613,15.7,G1_senior,2.1,92.1,53.118,3.101,0.713,0.0198,0.02,0,CONTAMINATION,train
RUN-007012,WO-003506,P03,L05,MCH-028,PRD-012,2026-03-12,23.33,1.1695,3.2,G2_mid,2.1,92.1,50.449,3.312,1.094,0,0.008,0,SURFACE_DENT,train
RUN-007013,WO-003507,P03,L05,MCH-027,PRD-012,2026-03-12,17.7,1.1635,3.2,G2_mid,2.1,92.1,49.328,2.958,0.69,0.0456,0.025,0,DIMENSION,train
RUN-007014,WO-003507,P03,L05,MCH-030,PRD-012,2026-03-12,15.1,1.1324,1.6,G3_junior,2.1,92.1,54.288,3.054,0.784,0.0646,0.03,0,SURFACE_DENT,train
RUN-007015,WO-003508,P03,L05,MCH-030,PRD-002,2026-03-12,17.81,1.0843,3.1,G2_mid,5.3,88.0,54.288,3.054,0.853,0,0.03,0,SURFACE_DENT,train
RUN-007016,WO-003508,P03,L05,MCH-027,PRD-002,2026-03-12,18.45,1.2225,0.2,G3_junior,5.3,88.0,49.328,2.958,0.811,0.035,0.075,1,SOLDER_VOID,train
RUN-007017,WO-003509,P03,L06,MCH-036,PRD-056,2026-03-12,22.99,1.1562,0,G0_unknown,4.3,97.0,57.656,3.225,0.982,0.0423,0.03,0,SCRATCH,train
RUN-007018,WO-003509,P03,L06,MCH-032,PRD-056,2026-03-12,20.36,0.9534,18,G1_senior,4.3,97.0,53.316,2.893,0.966,0,0.025,0,SURFACE_DENT,train
RUN-007019,WO-003510,P03,L06,MCH-033,PRD-056,2026-03-12,13.45,1.1781,1.8,G3_junior,4.3,97.0,55.453,3.935,0.737,0.0675,0.04,0,SURFACE_DENT,train
RUN-007020,WO-003510,P03,L06,MCH-032,PRD-056,2026-03-12,14.33,0.8799,4.6,G2_mid,4.3,97.0,53.316,2.893,0.961,0.029,0.01,0,DIMENSION,train
RUN-007021,WO-003511,P03,L06,MCH-035,PRD-056,2026-03-12,24.05,1.159,0.2,G3_junior,4.3,97.0,51.988,3.275,0.833,0.0444,0.035,0,DIMENSION,train
RUN-007022,WO-003511,P03,L06,MCH-036,PRD-056,2026-03-12,23.45,1.0799,0.2,G3_junior,4.3,97.0,57.656,3.225,0.998,0.0552,0.0125,0,SOLDER_VOID,train
RUN-007047,WO-003524,P03,L05,MCH-028,PRD-070,2026-03-13,12.41,0.9776,2.8,G3_junior,3.9,87.4,54.784,3.6,0.827,0.0187,0.01,0,MISSING_PART,train
RUN-007048,WO-003524,P03,L05,MCH-029,PRD-070,2026-03-13,9.98,1.0666,2.0,G3_junior,3.9,87.4,52.972,3.019,1.065,0,0.025,0,SCRATCH,train
RUN-007049,WO-003525,P03,L05,MCH-030,PRD-029,2026-03-13,35.0,1.1054,4.7,G2_mid,6.6,87.0,53.635,3.01,0.876,0.0183,0.05,0,DIMENSION,train
RUN-007050,WO-003525,P03,L05,MCH-026,PRD-029,2026-03-13,35.64,1.1741,0.2,G3_junior,6.6,87.0,52.976,3.398,0.869,0.0677,0.05,0,DIMENSION,train
RUN-007051,WO-003526,P03,L05,MCH-025,PRD-029,2026-03-13,28.27,0.8544,2.8,G3_junior,6.6,87.0,50.123,3.156,0.965,0.0699,0.05,0,CONTAMINATION,train
RUN-007052,WO-003526,P03,L05,MCH-030,PRD-029,2026-03-13,24.81,1.0993,9.4,G1_senior,6.6,87.0,53.635,3.01,1.076,0.0289,0.02,0,SCRATCH,train
RUN-007053,WO-003527,P03,L06,MCH-033,PRD-064,2026-03-13,25.38,1.0808,0.2,G3_junior,4.9,89.9,54.026,3.673,0.73,0.0289,0.04,0,SOLDER_VOID,train
RUN-007054,WO-003527,P03,L06,MCH-036,PRD-064,2026-03-13,25.66,1.0069,7.1,G2_mid,4.9,89.9,55.269,3.324,0.796,0.0437,0.03,0,SOLDER_VOID,train
RUN-007055,WO-003528,P03,L06,MCH-035,PRD-064,2026-03-13,28.36,0.9451,2.0,G3_junior,4.9,89.9,51.227,3.005,0.831,0.0455,0.05,0,SOLDER_VOID,train
RUN-007056,WO-003528,P03,L06,MCH-034,PRD-064,2026-03-13,25.67,0.9571,8.2,G1_senior,4.9,89.9,50.376,3.411,1.091,0.0653,0.03,0,SCRATCH,train
RUN-007057,WO-003529,P03,L06,MCH-033,PRD-042,2026-03-13,15.61,0.8951,2.3,G3_junior,1.4,89.9,54.026,3.673,0.735,0.0456,0.008,0,SCRATCH,train
RUN-007058,WO-003529,P03,L06,MCH-036,PRD-042,2026-03-13,14.7,0.9246,7.6,G2_mid,1.4,89.9,55.269,3.324,1.038,0.0543,0.02,0,SURFACE_DENT,train
RUN-007071,WO-003536,P03,L05,MCH-029,PRD-043,2026-03-14,28.21,1.108,2.3,G3_junior,4.2,84.5,47.2,2.892,0.659,0.0585,0.025,0,SCRATCH,train
RUN-007072,WO-003536,P03,L05,MCH-025,PRD-043,2026-03-14,22.27,1.099,0.7,G3_junior,4.2,84.5,47.744,3.351,0.716,0,0.016,0,SCRATCH,train
RUN-007073,WO-003537,P03,L05,MCH-025,PRD-043,2026-03-14,27.41,0.8493,2.8,G3_junior,4.2,84.5,47.744,3.351,0.639,0.0273,0.02,0,SCRATCH,train
RUN-007074,WO-003537,P03,L05,MCH-026,PRD-043,2026-03-14,27.01,1.0804,0.2,G3_junior,4.2,84.5,49.663,3.074,0.713,0.0505,0.0375,1,SCRATCH,train
RUN-007075,WO-003538,P03,L05,MCH-030,PRD-062,2026-03-14,31.48,0.8619,0.2,G3_junior,6.8,71.4,49.985,3.063,0.755,0.0479,0.1,1,SCRATCH,train
RUN-007076,WO-003538,P03,L05,MCH-029,PRD-062,2026-03-14,29.92,1.0701,7.6,G2_mid,6.8,71.4,47.2,2.892,0.936,0.1026,0.12,1,DIMENSION,train
RUN-007077,WO-003539,P03,L06,MCH-033,PRD-045,2026-03-14,15.64,1.1354,7.1,G2_mid,2.5,97.0,49.509,3.157,0.768,0,0.0,0,NONE,train
RUN-007078,WO-003539,P03,L06,MCH-036,PRD-045,2026-03-14,20.04,0.945,2.2,G3_junior,2.5,97.0,48.901,8.501,0.815,0.0465,0.02,0,SCRATCH,train
RUN-007079,WO-003540,P03,L06,MCH-035,PRD-045,2026-03-14,33.85,1.0066,2.1,G3_junior,2.5,97.0,48.079,2.793,0.942,0.0254,0.0,0,NONE,train
RUN-007080,WO-003540,P03,L06,MCH-036,PRD-045,2026-03-14,35.69,1.1114,5.8,G2_mid,2.5,97.0,48.901,8.501,1.044,0.0387,0.005,0,SURFACE_DENT,train
RUN-007081,WO-003541,P03,L06,MCH-033,PRD-045,2026-03-14,21.41,1.0061,1.0,G3_junior,2.5,97.0,49.509,3.157,0.678,0.0652,0.008,0,CONTAMINATION,train
RUN-007082,WO-003541,P03,L06,MCH-032,PRD-045,2026-03-14,19.69,1.1249,3.3,G2_mid,2.5,97.0,48.31,3.227,0.722,0.049,0.0125,0,DIMENSION,train
RUN-007091,WO-003546,P03,L05,MCH-026,PRD-040,2026-03-15,35.56,0.99,7.0,G2_mid,8.4,82.7,50.335,3.505,0.631,0.091,0.088,1,DIMENSION,train
RUN-007092,WO-003546,P03,L05,MCH-028,PRD-040,2026-03-15,37.08,0.9724,0.8,G3_junior,8.4,82.7,50.269,3.425,0.908,0.0656,0.1,1,CONTAMINATION,train
RUN-007093,WO-003547,P03,L05,MCH-030,PRD-040,2026-03-15,23.98,1.0782,1.0,G3_junior,8.4,82.7,48.459,2.706,0.887,0.1152,0.096,1,NONE,train
RUN-007094,WO-003547,P03,L05,MCH-025,PRD-040,2026-03-15,23.92,1.1594,11.2,G1_senior,8.4,82.7,50.426,3.152,0.853,0.0558,0.1,1,SCRATCH,train
RUN-007095,WO-003548,P03,L05,MCH-027,PRD-040,2026-03-15,36.04,0.9249,2.1,G3_junior,8.4,82.7,46.842,3.236,0.806,0.1702,0.1,1,CONTAMINATION,train
RUN-007096,WO-003548,P03,L05,MCH-030,PRD-040,2026-03-15,34.58,1.1724,2.9,G3_junior,8.4,82.7,48.459,2.706,1.065,0.0856,0.11,1,DIMENSION,train
RUN-007097,WO-003549,P03,L06,MCH-034,PRD-043,2026-03-15,18.9,0.9865,2.3,G3_junior,4.2,84.5,43.512,2.741,0.623,0.069,0.032,0,NONE,train
RUN-007098,WO-003549,P03,L06,MCH-033,PRD-043,2026-03-15,21.91,0.8712,1.4,G3_junior,4.2,84.5,48.457,3.586,0.744,0.0092,0.03,0,DIMENSION,train
RUN-007099,WO-003550,P03,L06,MCH-033,PRD-078,2026-03-15,13.22,1.0541,3.0,G3_junior,4.6,84.7,48.457,3.586,0.962,0.1417,0.04,0,SOLDER_VOID,train
RUN-007100,WO-003550,P03,L06,MCH-035,PRD-078,2026-03-15,20.62,0.887,0.2,G3_junior,4.6,84.7,48.907,5.124,0.777,0.0609,0.0625,1,MISSING_PART,train
RUN-007125,WO-003563,P03,L05,MCH-029,PRD-063,2026-03-16,19.46,1.1068,4.6,G2_mid,5.7,84.5,53.43,3.131,0.954,0.0769,0.06,1,SURFACE_DENT,train
RUN-007126,WO-003563,P03,L05,MCH-027,PRD-063,2026-03-16,17.94,0.9024,3.0,G3_junior,5.7,84.5,51.878,6.39,0.866,0.0769,0.0625,1,MISSING_PART,train
RUN-007127,WO-003564,P03,L05,MCH-026,PRD-063,2026-03-16,17.34,0.8727,1.0,G3_junior,5.7,84.5,54.9,3.348,0.993,0.0544,0.075,1,DIMENSION,train
RUN-007128,WO-003564,P03,L05,MCH-028,PRD-063,2026-03-16,20.92,0.9116,2.0,G3_junior,5.7,84.5,52.957,3.423,0.782,0.056,0.06,1,SOLDER_VOID,train
RUN-007129,WO-003565,P03,L05,MCH-027,PRD-063,2026-03-16,18.31,0.9286,1.7,G3_junior,5.7,84.5,51.878,6.39,0.72,0.0692,0.0625,1,SOLDER_VOID,train
RUN-007130,WO-003565,P03,L05,MCH-029,PRD-063,2026-03-16,19.15,1.2192,0.6,G3_junior,5.7,84.5,53.43,3.131,0.756,0.0631,0.05,0,DIMENSION,train
RUN-007131,WO-003566,P03,L06,MCH-031,PRD-078,2026-03-16,12.09,0.9738,2.7,G3_junior,4.6,84.7,55.006,3.77,0.756,0.0269,0.05,0,SCRATCH,train
RUN-007132,WO-003566,P03,L06,MCH-032,PRD-078,2026-03-16,13.34,0.887,1.2,G3_junior,4.6,84.7,54.663,3.594,0.875,0.0133,0.05,0,NONE,train
RUN-007133,WO-003567,P03,L06,MCH-033,PRD-006,2026-03-16,34.38,0.8589,1.6,G3_junior,7.3,92.1,53.054,3.269,0.77,0.0422,0.056,1,DIMENSION,train
RUN-007134,WO-003567,P03,L06,MCH-034,PRD-006,2026-03-16,37.25,1.1404,0.6,G3_junior,7.3,92.1,49.979,2.94,1.074,0.0631,0.06,1,MISSING_PART,train
RUN-007135,WO-003568,P03,L06,MCH-036,PRD-048,2026-03-16,26.42,0.913,2.3,G3_junior,4.6,96.1,53.294,3.227,0.628,0.0277,0.02,0,DIMENSION,train
RUN-007136,WO-003568,P03,L06,MCH-032,PRD-048,2026-03-16,29.86,1.0611,6.5,G2_mid,4.6,96.1,54.663,3.594,0.804,0.0333,0.02,0,SURFACE_DENT,train
RUN-007161,WO-003581,P03,L05,MCH-026,PRD-073,2026-03-17,12.63,1.1553,4.7,G2_mid,3.4,87.4,52.273,3.912,0.741,0,0.01,0,MISSING_PART,train
RUN-007162,WO-003581,P03,L05,MCH-027,PRD-073,2026-03-17,12.91,0.9127,14.6,G1_senior,3.4,87.4,50.983,2.814,0.854,0.0007,0.016,0,SCRATCH,train
RUN-007163,WO-003582,P03,L05,MCH-025,PRD-073,2026-03-17,29.8,1.088,8.2,G1_senior,3.4,87.4,53.364,3.132,1.063,0,0.0,0,NONE,train
RUN-007164,WO-003582,P03,L05,MCH-030,PRD-073,2026-03-17,25.72,1.1493,6.5,G2_mid,3.4,87.4,54.482,3.272,1.001,0.0234,0.02,0,SCRATCH,train
RUN-007165,WO-003583,P03,L05,MCH-027,PRD-040,2026-03-17,25.99,0.9471,0.2,G3_junior,8.4,82.7,50.983,2.814,0.784,0.0636,0.1,1,MISSING_PART,train
RUN-007166,WO-003583,P03,L05,MCH-028,PRD-040,2026-03-17,25.23,1.1211,1.4,G3_junior,8.4,82.7,55.027,3.461,0.658,0.0824,0.1,1,CONTAMINATION,train
RUN-007167,WO-003584,P03,L06,MCH-035,PRD-054,2026-03-17,31.0,0.9562,15.7,G1_senior,6.3,71.4,52.43,3.297,0.922,0.0504,0.064,1,SCRATCH,train
RUN-007168,WO-003584,P03,L06,MCH-034,PRD-054,2026-03-17,28.8,0.9025,0.6,G3_junior,6.3,71.4,51.164,3.263,1.011,0.1572,0.125,1,SOLDER_VOID,train
RUN-007169,WO-003585,P03,L06,MCH-032,PRD-037,2026-03-17,20.09,1.0057,3.2,G2_mid,4.2,88.0,53.219,7.833,1.031,0.0018,0.0,0,NONE,train
RUN-007170,WO-003585,P03,L06,MCH-034,PRD-037,2026-03-17,22.44,0.9366,1.7,G3_junior,4.2,88.0,51.164,3.263,1.072,0.062,0.05,0,MISSING_PART,train
RUN-007171,WO-003586,P03,L06,MCH-034,PRD-012,2026-03-17,19.01,0.8986,2.8,G3_junior,2.1,92.1,51.164,3.263,0.865,0.0259,0.032,0,SURFACE_DENT,train
RUN-007172,WO-003586,P03,L06,MCH-033,PRD-012,2026-03-17,19.4,0.9297,2.8,G3_junior,2.1,92.1,54.309,3.612,1.005,0,0.0,0,NONE,train
RUN-007197,WO-003599,P03,L05,MCH-026,PRD-020,2026-03-18,35.45,1.1108,18,G1_senior,7.8,84.7,47.522,3.411,0.775,0.043,0.03,0,SOLDER_VOID,train
RUN-007198,WO-003599,P03,L05,MCH-028,PRD-020,2026-03-18,35.82,1.1156,2.0,G3_junior,7.8,84.7,52.38,3.283,0.86,0.1267,0.115,1,DIMENSION,train
RUN-007199,WO-003600,P03,L05,MCH-026,PRD-080,2026-03-18,33.71,1.1179,0.6,G3_junior,5.2,84.5,47.522,3.411,0.78,0.0543,0.04,0,SURFACE_DENT,train
RUN-007200,WO-003600,P03,L05,MCH-027,PRD-080,2026-03-18,29.0,1.1455,2.9,G3_junior,5.2,84.5,52.235,2.841,1.007,0.039,0.0625,1,SCRATCH,train
RUN-007201,WO-003601,P03,L05,MCH-025,PRD-020,2026-03-18,29.01,1.0029,3.2,G2_mid,7.8,84.7,52.722,3.507,0.823,0.0741,0.085,1,SURFACE_DENT,train
RUN-007202,WO-003601,P03,L05,MCH-027,PRD-020,2026-03-18,28.87,0.869,7.1,G2_mid,7.8,84.7,52.235,2.841,0.898,0.0658,0.064,1,DIMENSION,train
RUN-007203,WO-003602,P03,L06,MCH-035,PRD-006,2026-03-18,16.5,1.1005,7.0,G2_mid,7.3,92.1,53.424,3.198,1.082,0.0114,0.04,0,MISSING_PART,train
RUN-007204,WO-003602,P03,L06,MCH-032,PRD-006,2026-03-18,22.54,0.9123,11.2,G1_senior,7.3,92.1,51.942,9.806,0.825,0.0852,0.06,1,SOLDER_VOID,train
RUN-007205,WO-003603,P03,L06,MCH-033,PRD-006,2026-03-18,29.46,0.9964,5.8,G2_mid,7.3,92.1,54.297,3.132,0.678,0.0333,0.032,0,CONTAMINATION,train
RUN-007206,WO-003603,P03,L06,MCH-034,PRD-006,2026-03-18,33.1,0.9344,1.0,G3_junior,7.3,92.1,52.527,2.636,0.665,0.075,0.06,1,NONE,train
RUN-007207,WO-003604,P03,L06,MCH-034,PRD-006,2026-03-18,39.13,0.9886,1.0,G3_junior,7.3,92.1,52.527,2.636,0.643,0.0564,0.08,1,SOLDER_VOID,train
RUN-007208,WO-003604,P03,L06,MCH-033,PRD-006,2026-03-18,33.49,1.0613,0.5,G3_junior,7.3,92.1,54.297,3.132,1.066,0.0358,0.06,1,SURFACE_DENT,train
RUN-007233,WO-003617,P03,L05,MCH-025,PRD-007,2026-03-19,9.58,1.072,0.2,G3_junior,3.9,88.0,54.532,3.31,0.798,0.0366,0.04,0,SCRATCH,train
RUN-007234,WO-003617,P03,L05,MCH-028,PRD-007,2026-03-19,9.19,1.0989,7.6,G2_mid,3.9,88.0,52.902,3.364,0.771,0.0502,0.04,0,DIMENSION,train
RUN-007235,WO-003618,P03,L05,MCH-027,PRD-039,2026-03-19,29.15,1.1188,0.8,G3_junior,5.6,96.1,51.042,2.795,0.933,0.017,0.02,0,SOLDER_VOID,train
RUN-007236,WO-003618,P03,L05,MCH-026,PRD-039,2026-03-19,30.92,0.9222,4.8,G2_mid,5.6,96.1,58.017,3.531,0.671,0.0546,0.0375,0,SOLDER_VOID,train
RUN-007237,WO-003619,P03,L05,MCH-030,PRD-008,2026-03-19,28.14,0.9135,2.8,G3_junior,3.4,84.5,51.234,3.111,0.69,0,0.0,0,NONE,train
RUN-007238,WO-003619,P03,L05,MCH-029,PRD-008,2026-03-19,31.65,0.9806,1.7,G3_junior,3.4,84.5,52.724,3.381,0.659,0.0202,0.03,0,SOLDER_VOID,train
RUN-007239,WO-003620,P03,L06,MCH-036,PRD-035,2026-03-19,30.09,1.1092,2.0,G3_junior,4.3,84.7,52.752,3.211,1.046,0.0142,0.015,0,MISSING_PART,train
RUN-007240,WO-003620,P03,L06,MCH-034,PRD-035,2026-03-19,24.41,0.9847,2.1,G3_junior,4.3,84.7,47.946,2.67,0.731,0.0601,0.05,0,SURFACE_DENT,train
RUN-007241,WO-003621,P03,L06,MCH-034,PRD-054,2026-03-19,28.74,1.114,0.4,G3_junior,6.3,71.4,47.946,2.67,0.681,0.1698,0.125,1,SOLDER_VOID,train
RUN-007242,WO-003621,P03,L06,MCH-035,PRD-054,2026-03-19,25.97,1.1207,3.2,G2_mid,6.3,71.4,54.421,3.151,0.941,0.1294,0.12,1,CONTAMINATION,train
RUN-007243,WO-003622,P03,L06,MCH-036,PRD-035,2026-03-19,25.31,0.8732,11.2,G1_senior,4.3,84.7,52.752,3.211,0.669,0.0246,0.035,0,DIMENSION,train
RUN-007244,WO-003622,P03,L06,MCH-033,PRD-035,2026-03-19,24.69,1.1432,2.8,G3_junior,4.3,84.7,54.848,3.553,0.88,0.0154,0.05,0,MISSING_PART,train
RUN-007269,WO-003635,P03,L05,MCH-026,PRD-071,2026-03-20,15.96,0.9218,7.6,G2_mid,6.2,84.7,56.266,3.414,0.639,0.0355,0.05,0,SOLDER_VOID,train
RUN-007270,WO-003635,P03,L05,MCH-025,PRD-071,2026-03-20,18.03,0.8616,2.7,G3_junior,6.2,84.7,55.549,3.442,0.977,0.0209,0.075,1,SCRATCH,train
RUN-007271,WO-003636,P03,L05,MCH-027,PRD-071,2026-03-20,31.05,0.8666,11.2,G1_senior,6.2,84.7,52.845,2.771,0.942,0.0112,0.035,0,DIMENSION,train
RUN-007272,WO-003636,P03,L05,MCH-030,PRD-071,2026-03-20,38.55,1.0512,0.2,G3_junior,6.2,84.7,51.284,3.333,0.666,0.0356,0.064,1,SOLDER_VOID,train
RUN-007273,WO-003637,P03,L05,MCH-026,PRD-071,2026-03-20,30.49,0.8786,3.3,G2_mid,6.2,84.7,56.266,3.414,0.72,0.0291,0.065,1,CONTAMINATION,train
RUN-007274,WO-003637,P03,L05,MCH-030,PRD-071,2026-03-20,32.65,1.1625,2.8,G3_junior,6.2,84.7,51.284,3.333,0.859,0.1025,0.08,1,DIMENSION,train
RUN-007275,WO-003638,P03,L06,MCH-036,PRD-045,2026-03-20,23.83,0.8834,1.2,G3_junior,2.5,97.0,51.438,3.119,0.712,0.0286,0.005,0,MISSING_PART,train
RUN-007276,WO-003638,P03,L06,MCH-031,PRD-045,2026-03-20,21.95,0.8943,0.2,G3_junior,2.5,97.0,54.929,3.397,0.681,0.045,0.02,0,SOLDER_VOID,train
RUN-007277,WO-003639,P03,L06,MCH-031,PRD-045,2026-03-20,19.35,1.0415,0,G0_unknown,2.5,97.0,54.929,3.397,0.768,0.0392,0.02,0,SOLDER_VOID,train
RUN-007278,WO-003639,P03,L06,MCH-035,PRD-045,2026-03-20,23.41,0.8847,4.7,G2_mid,2.5,97.0,50.518,2.917,1.015,0.0409,0.04,0,DIMENSION,train
RUN-007279,WO-003640,P03,L06,MCH-036,PRD-080,2026-03-20,34.92,0.9261,1.4,G3_junior,5.2,84.5,51.438,3.119,1.097,0.0371,0.048,0,CONTAMINATION,train
RUN-007280,WO-003640,P03,L06,MCH-031,PRD-080,2026-03-20,30.74,0.9912,2.3,G3_junior,5.2,84.5,54.929,3.397,1.01,0.0497,0.056,1,SURFACE_DENT,train
RUN-007295,WO-003648,P03,L05,MCH-030,PRD-064,2026-03-21,23.61,0.8423,2.2,G3_junior,4.9,89.9,49.869,3.236,0.989,0.0823,0.04,0,DIMENSION,train
RUN-007296,WO-003648,P03,L05,MCH-026,PRD-064,2026-03-21,29.13,1.14,0.6,G3_junior,4.9,89.9,53.314,3.096,0.888,0.0175,0.025,0,DIMENSION,train
RUN-007297,WO-003649,P03,L05,MCH-025,PRD-064,2026-03-21,35.23,1.1458,1.7,G3_junior,4.9,89.9,49.009,3.086,0.991,0.0876,0.045,0,SURFACE_DENT,train
RUN-007298,WO-003649,P03,L05,MCH-030,PRD-064,2026-03-21,34.27,0.9888,1.2,G3_junior,4.9,89.9,49.869,3.236,0.98,0.0922,0.048,0,SURFACE_DENT,train
RUN-007299,WO-003650,P03,L06,MCH-034,PRD-069,2026-03-21,33.66,1.1887,0.6,G3_junior,10,88.6,47.513,3.275,0.736,0.0607,0.125,1,SCRATCH,train
RUN-007300,WO-003650,P03,L06,MCH-032,PRD-069,2026-03-21,31.16,1.1306,1.0,G3_junior,10,88.6,48.307,2.991,1.064,0.0838,0.1125,1,SOLDER_VOID,train
RUN-007323,WO-003662,P03,L05,MCH-025,PRD-009,2026-03-22,17.11,1.0565,5.7,G2_mid,5.0,76.8,47.404,3.482,1.083,0.0606,0.0625,1,MISSING_PART,train
RUN-007324,WO-003662,P03,L05,MCH-026,PRD-009,2026-03-22,23.03,0.885,10.6,G1_senior,5.0,76.8,53.658,3.621,0.862,0.0456,0.04,0,SURFACE_DENT,train
RUN-007325,WO-003663,P03,L06,MCH-035,PRD-024,2026-03-22,13.96,0.8425,2.8,G3_junior,7.6,85.8,49.354,3.623,0.639,0.046,0.075,1,SURFACE_DENT,train
RUN-007326,WO-003663,P03,L06,MCH-032,PRD-024,2026-03-22,14.35,0.9385,0.2,G3_junior,7.6,85.8,48.951,3.514,0.821,0.0844,0.08,1,SOLDER_VOID,train
RUN-007327,WO-003664,P03,L06,MCH-035,PRD-061,2026-03-22,26.68,1.0918,11.5,G1_senior,4.8,76.8,49.354,3.623,1.038,0.0691,0.06,1,SOLDER_VOID,train
RUN-007328,WO-003664,P03,L06,MCH-033,PRD-061,2026-03-22,22.47,0.8796,4.8,G2_mid,4.8,76.8,49.917,3.287,0.836,0.0953,0.06,1,SOLDER_VOID,train
RUN-007353,WO-003677,P03,L05,MCH-029,PRD-019,2026-03-23,37.98,1.1516,2.0,G3_junior,7.2,71.7,53.948,2.885,0.969,0.1187,0.12,1,SOLDER_VOID,train
RUN-007354,WO-003677,P03,L05,MCH-030,PRD-019,2026-03-23,40.86,1.1271,11.2,G1_senior,7.2,71.7,53.225,3.736,0.855,0.0977,0.1,1,SOLDER_VOID,train
RUN-007355,WO-003678,P03,L05,MCH-027,PRD-019,2026-03-23,22.14,0.8531,2.8,G3_junior,7.2,71.7,52.632,3.496,0.813,0.0853,0.112,1,CONTAMINATION,train
RUN-007356,WO-003678,P03,L05,MCH-026,PRD-019,2026-03-23,23.09,0.8286,7.2,G2_mid,7.2,71.7,50.051,3.401,0.689,0.1252,0.1,1,MISSING_PART,train
RUN-007357,WO-003679,P03,L05,MCH-030,PRD-019,2026-03-23,40.71,1.096,7.6,G2_mid,7.2,71.7,53.225,3.736,1.023,0.1091,0.125,1,DIMENSION,train
RUN-007358,WO-003679,P03,L05,MCH-027,PRD-019,2026-03-23,40.32,0.9643,0.2,G3_junior,7.2,71.7,52.632,3.496,0.856,0.1634,0.13,1,SCRATCH,train
RUN-007359,WO-003680,P03,L06,MCH-032,PRD-040,2026-03-23,27.57,1.1586,1.4,G3_junior,8.4,82.7,53.022,2.992,0.638,0.0845,0.11,1,DIMENSION,train
RUN-007360,WO-003680,P03,L06,MCH-036,PRD-040,2026-03-23,30.0,0.8851,0.2,G3_junior,8.4,82.7,50.653,3.516,0.729,0.074,0.096,1,SCRATCH,train
RUN-007361,WO-003681,P03,L06,MCH-031,PRD-040,2026-03-23,26.34,0.9241,5.7,G2_mid,8.4,82.7,54.913,4.064,1.011,0.0506,0.08,1,NONE,train
RUN-007362,WO-003681,P03,L06,MCH-032,PRD-040,2026-03-23,22.89,1.1877,2.8,G3_junior,8.4,82.7,53.022,2.992,0.932,0.065,0.0875,1,MISSING_PART,train
RUN-007363,WO-003682,P03,L06,MCH-036,PRD-040,2026-03-23,32.19,1.0253,0.2,G3_junior,8.4,82.7,50.653,3.516,1.055,0.105,0.1,1,CONTAMINATION,train
RUN-007364,WO-003682,P03,L06,MCH-033,PRD-040,2026-03-23,37.09,0.8613,2.0,G3_junior,8.4,82.7,53.044,3.516,0.829,0.0891,0.11,1,SURFACE_DENT,train
RUN-007389,WO-003695,P03,L05,MCH-026,PRD-044,2026-03-24,15.27,1.0215,11.2,G1_senior,4.1,88.0,53.035,3.654,1.007,0.0398,0.016,0,CONTAMINATION,train
RUN-007390,WO-003695,P03,L05,MCH-027,PRD-044,2026-03-24,16.78,1.0534,8.9,G1_senior,4.1,88.0,48.741,3.013,0.867,0.0235,0.025,0,CONTAMINATION,train
RUN-007391,WO-003696,P03,L05,MCH-025,PRD-044,2026-03-24,24.71,0.8946,6.5,G2_mid,4.1,88.0,53.406,3.396,1.08,0.051,0.02,0,SURFACE_DENT,train
RUN-007392,WO-003696,P03,L05,MCH-029,PRD-044,2026-03-24,25.65,1.0695,1.0,G3_junior,4.1,88.0,52.188,3.065,0.948,0.0382,0.02,0,SURFACE_DENT,train
RUN-007393,WO-003697,P03,L05,MCH-028,PRD-044,2026-03-24,16.42,1.0946,3.3,G2_mid,4.1,88.0,54.672,4.338,0.709,0,0.02,0,MISSING_PART,train
RUN-007394,WO-003697,P03,L05,MCH-027,PRD-044,2026-03-24,17.68,1.009,10.6,G1_senior,4.1,88.0,48.741,3.013,1.077,0,0.0,0,NONE,train
RUN-007395,WO-003698,P03,L06,MCH-034,PRD-034,2026-03-24,19.88,0.8649,11.8,G1_senior,2.6,96.1,47.891,2.586,0.819,0,0.01,0,SOLDER_VOID,train
RUN-007396,WO-003698,P03,L06,MCH-032,PRD-034,2026-03-24,19.95,0.9294,0.6,G3_junior,2.6,96.1,54.576,3.365,0.694,0.0402,0.02,0,SOLDER_VOID,train
RUN-007397,WO-003699,P03,L06,MCH-032,PRD-012,2026-03-24,22.03,0.8463,0,G0_unknown,2.1,92.1,54.576,3.365,0.941,0.0404,0.01,0,NONE,train
RUN-007398,WO-003699,P03,L06,MCH-034,PRD-012,2026-03-24,19.27,0.9439,0.5,G3_junior,2.1,92.1,47.891,2.586,0.663,0.0178,0.0,0,NONE,train
RUN-007399,WO-003700,P03,L06,MCH-034,PRD-012,2026-03-24,22.1,1.0599,2.8,G3_junior,2.1,92.1,47.891,2.586,0.785,0.0476,0.02,0,CONTAMINATION,train
RUN-007400,WO-003700,P03,L06,MCH-035,PRD-012,2026-03-24,20.27,1.1646,6.1,G2_mid,2.1,92.1,51.37,3.337,0.902,0.0444,0.03,0,SOLDER_VOID,train
RUN-007425,WO-003713,P03,L05,MCH-025,PRD-010,2026-03-25,28.28,0.9951,3.0,G3_junior,6.9,97.0,55.432,3.137,0.804,0.0666,0.02,0,SCRATCH,train
RUN-007426,WO-003713,P03,L05,MCH-029,PRD-010,2026-03-25,26.8,1.1488,0.2,G3_junior,6.9,97.0,53.978,3.969,1.091,0.0722,0.06,1,SURFACE_DENT,train
RUN-007427,WO-003714,P03,L05,MCH-029,PRD-010,2026-03-25,35.66,1.1113,7.6,G2_mid,6.9,97.0,53.978,3.969,0.782,0.0414,0.04,0,SCRATCH,train
RUN-007428,WO-003714,P03,L05,MCH-030,PRD-010,2026-03-25,42.65,1.1094,3.1,G2_mid,6.9,97.0,53.336,3.46,0.95,0.0729,0.04,0,DIMENSION,train
RUN-007429,WO-003715,P03,L05,MCH-030,PRD-010,2026-03-25,37.55,1.0256,0.7,G3_junior,6.9,97.0,53.336,3.46,0.654,0.0585,0.025,0,CONTAMINATION,train
RUN-007430,WO-003715,P03,L05,MCH-029,PRD-010,2026-03-25,34.92,0.8818,2.6,G3_junior,6.9,97.0,53.978,3.969,0.775,0.0723,0.07,1,DIMENSION,train
RUN-007431,WO-003716,P03,L06,MCH-033,PRD-013,2026-03-25,28.64,0.8666,7.2,G2_mid,4.9,95.9,54.01,3.402,0.98,0.0223,0.02,0,SOLDER_VOID,train
RUN-007432,WO-003716,P03,L06,MCH-034,PRD-013,2026-03-25,25.9,0.8294,2.9,G3_junior,4.9,95.9,50.781,3.015,0.711,0.0013,0.01,0,CONTAMINATION,train
RUN-007433,WO-003717,P03,L06,MCH-036,PRD-004,2026-03-25,22.96,1.1562,12.8,G1_senior,3.9,95.9,52.889,3.292,0.744,0.0154,0.0,0,NONE,train
RUN-007434,WO-003717,P03,L06,MCH-034,PRD-004,2026-03-25,19.18,1.1802,2.6,G3_junior,3.9,95.9,50.781,3.015,0.877,0,0.02,0,SCRATCH,train
RUN-007435,WO-003718,P03,L06,MCH-033,PRD-058,2026-03-25,30.57,0.9079,3.1,G2_mid,8.8,71.4,54.01,3.402,0.884,0.1631,0.155,1,MISSING_PART,train
RUN-007436,WO-003718,P03,L06,MCH-035,PRD-058,2026-03-25,34.79,1.0,14.6,G1_senior,8.8,71.4,52.931,3.135,0.67,0.0686,0.104,1,CONTAMINATION,train
RUN-007461,WO-003731,P03,L05,MCH-026,PRD-045,2026-03-26,20.54,1.0363,2.8,G3_junior,2.5,97.0,60.383,10.56,0.995,0,0.01,0,SURFACE_DENT,validation
RUN-007462,WO-003731,P03,L05,MCH-030,PRD-045,2026-03-26,21.43,0.8536,0.2,G3_junior,2.5,97.0,53.899,3.439,0.661,0,0.016,0,SOLDER_VOID,validation
RUN-007463,WO-003732,P03,L05,MCH-025,PRD-033,2026-03-26,39.7,0.8796,1.2,G3_junior,4.7,88.0,53.764,3.091,1.058,0,0.032,0,SOLDER_VOID,validation
RUN-007464,WO-003732,P03,L05,MCH-030,PRD-033,2026-03-26,38.32,1.1263,12.8,G1_senior,4.7,88.0,53.899,3.439,0.857,0.0054,0.01,0,SURFACE_DENT,validation
RUN-007465,WO-003733,P03,L05,MCH-025,PRD-050,2026-03-26,29.89,0.8867,8.9,G1_senior,5.5,88.6,53.764,3.091,0.931,0.0308,0.04,0,SOLDER_VOID,validation
RUN-007466,WO-003733,P03,L05,MCH-029,PRD-050,2026-03-26,31.55,1.0793,0,G0_unknown,5.5,88.6,52.14,5.926,0.831,0.0436,0.04,0,SURFACE_DENT,validation
RUN-007467,WO-003734,P03,L06,MCH-034,PRD-042,2026-03-26,23.91,1.0901,5.8,G2_mid,1.4,89.9,50.067,2.566,1.045,0.0455,0.032,0,SURFACE_DENT,validation
RUN-007468,WO-003734,P03,L06,MCH-031,PRD-042,2026-03-26,18.42,1.1547,8.9,G1_senior,1.4,89.9,54.001,3.301,0.846,0,0.0,0,NONE,validation
RUN-007469,WO-003735,P03,L06,MCH-031,PRD-042,2026-03-26,19.8,0.9512,2.0,G3_junior,1.4,89.9,54.001,3.301,1.075,0,0.0,0,NONE,validation
RUN-007470,WO-003735,P03,L06,MCH-033,PRD-042,2026-03-26,19.64,0.9079,2.9,G3_junior,1.4,89.9,55.263,3.861,0.678,0.015,0.02,0,MISSING_PART,validation
RUN-007471,WO-003736,P03,L06,MCH-031,PRD-042,2026-03-26,16.37,0.9433,1.0,G3_junior,1.4,89.9,54.001,3.301,0.716,0.0311,0.02,0,CONTAMINATION,validation
RUN-007472,WO-003736,P03,L06,MCH-035,PRD-042,2026-03-26,21.09,0.9704,4.6,G2_mid,1.4,89.9,51.431,3.481,1.05,0.0057,0.008,0,MISSING_PART,validation
RUN-007497,WO-003749,P03,L05,MCH-028,PRD-062,2026-03-27,36.01,1.1093,2.8,G3_junior,6.8,71.4,53.267,3.182,0.853,0.1156,0.1125,1,SURFACE_DENT,validation
RUN-007498,WO-003749,P03,L05,MCH-025,PRD-062,2026-03-27,30.64,1.1722,3.4,G2_mid,6.8,71.4,52.434,3.248,0.823,0.122,0.112,1,DIMENSION,validation
RUN-007499,WO-003750,P03,L05,MCH-026,PRD-009,2026-03-27,15.39,1.0495,1.7,G3_junior,5.0,76.8,56.71,4.456,1.088,0.0903,0.064,1,SOLDER_VOID,validation
RUN-007500,WO-003750,P03,L05,MCH-025,PRD-009,2026-03-27,18.64,1.0929,7.2,G2_mid,5.0,76.8,52.434,3.248,0.91,0.0491,0.05,0,SURFACE_DENT,validation
RUN-007501,WO-003751,P03,L05,MCH-029,PRD-062,2026-03-27,22.45,1.1206,1.7,G3_junior,6.8,71.4,50.851,3.261,0.812,0.1461,0.1,1,SOLDER_VOID,validation
RUN-007502,WO-003751,P03,L05,MCH-026,PRD-062,2026-03-27,18.06,1.067,7.1,G2_mid,6.8,71.4,56.71,4.456,1.026,0.0556,0.0875,1,DIMENSION,validation
RUN-007503,WO-003752,P03,L06,MCH-034,PRD-067,2026-03-27,27.25,0.937,2.2,G3_junior,4.5,71.0,51.021,2.716,0.638,0.0848,0.088,1,SURFACE_DENT,validation
RUN-007504,WO-003752,P03,L06,MCH-032,PRD-067,2026-03-27,30.49,1.1182,1.7,G3_junior,4.5,71.0,51.725,3.236,0.927,0.1287,0.11,1,MISSING_PART,validation
RUN-007505,WO-003753,P03,L06,MCH-031,PRD-016,2026-03-27,36.46,1.124,1.0,G3_junior,4.3,85.8,53.873,3.234,0.967,0.0437,0.025,0,DIMENSION,validation
RUN-007506,WO-003753,P03,L06,MCH-032,PRD-016,2026-03-27,32.47,1.096,5.8,G2_mid,4.3,85.8,51.725,3.236,0.905,0.0086,0.02,0,SOLDER_VOID,validation
RUN-007507,WO-003754,P03,L06,MCH-033,PRD-067,2026-03-27,13.81,1.0981,7.6,G2_mid,4.5,71.0,55.427,3.416,0.909,0.0342,0.0875,1,SURFACE_DENT,validation
RUN-007508,WO-003754,P03,L06,MCH-035,PRD-067,2026-03-27,18.85,0.8367,1.2,G3_junior,4.5,71.0,55.752,3.06,0.992,0.1761,0.1,1,SOLDER_VOID,validation
RUN-007523,WO-003762,P03,L05,MCH-026,PRD-080,2026-03-28,36.06,0.9783,2.9,G3_junior,5.2,84.5,58.861,5.177,1.092,0.0103,0.035,0,SURFACE_DENT,validation
RUN-007524,WO-003762,P03,L05,MCH-030,PRD-080,2026-03-28,41.5,0.9032,6.5,G2_mid,5.2,84.5,47.97,3.061,0.882,0.0211,0.04,0,MISSING_PART,validation
RUN-007525,WO-003763,P03,L05,MCH-025,PRD-021,2026-03-28,27.69,0.8502,8.2,G1_senior,3.0,95.9,46.958,3.55,0.741,0.0141,0.02,0,SURFACE_DENT,validation
RUN-007526,WO-003763,P03,L05,MCH-028,PRD-021,2026-03-28,27.37,1.0948,8.9,G1_senior,3.0,95.9,49.191,3.053,1.009,0.0289,0.005,0,SOLDER_VOID,validation
RUN-007527,WO-003764,P03,L05,MCH-027,PRD-080,2026-03-28,30.93,1.0774,2.3,G3_junior,5.2,84.5,50.544,2.958,0.961,0.0424,0.05,0,MISSING_PART,validation
RUN-007528,WO-003764,P03,L05,MCH-025,PRD-080,2026-03-28,30.88,1.0457,7.6,G2_mid,5.2,84.5,46.958,3.55,0.843,0.0491,0.06,1,DIMENSION,validation
RUN-007529,WO-003765,P03,L06,MCH-031,PRD-006,2026-03-28,22.59,0.8275,11.5,G1_senior,7.3,92.1,47.544,3.252,1.083,0,0.04,1,SOLDER_VOID,validation
RUN-007530,WO-003765,P03,L06,MCH-035,PRD-006,2026-03-28,19.59,0.9016,1.0,G3_junior,7.3,92.1,49.662,2.981,0.663,0.0424,0.065,1,DIMENSION,validation
RUN-007543,WO-003772,P03,L05,MCH-028,PRD-070,2026-03-29,33.01,1.028,0.2,G3_junior,3.9,87.4,51.249,3.14,0.721,0.0386,0.04,0,MISSING_PART,validation
RUN-007544,WO-003772,P03,L05,MCH-029,PRD-070,2026-03-29,25.65,1.0347,1.0,G3_junior,3.9,87.4,46.949,3.158,0.858,0,0.025,0,MISSING_PART,validation
RUN-007545,WO-003773,P03,L05,MCH-028,PRD-070,2026-03-29,35.28,0.8981,0.2,G3_junior,3.9,87.4,51.249,3.14,0.819,0,0.024,0,DIMENSION,validation
RUN-007546,WO-003773,P03,L05,MCH-027,PRD-070,2026-03-29,38.0,1.005,7.6,G2_mid,3.9,87.4,49.777,3.133,0.907,0.0341,0.02,0,SURFACE_DENT,validation
RUN-007547,WO-003774,P03,L05,MCH-026,PRD-070,2026-03-29,20.11,1.1641,1.0,G3_junior,3.9,87.4,57.675,5.677,0.738,0.0668,0.0375,0,MISSING_PART,validation
RUN-007548,WO-003774,P03,L05,MCH-025,PRD-070,2026-03-29,22.87,1.1327,0.6,G3_junior,3.9,87.4,49.212,3.072,0.963,0.0759,0.04,0,MISSING_PART,validation
RUN-007573,WO-003787,P03,L05,MCH-027,PRD-010,2026-03-30,35.29,0.8266,2.3,G3_junior,6.9,97.0,50.875,2.802,0.754,0.0074,0.03,0,SCRATCH,validation
RUN-007574,WO-003787,P03,L05,MCH-025,PRD-010,2026-03-30,29.13,0.9291,18,G1_senior,6.9,97.0,54.258,3.218,0.82,0.0421,0.025,0,NONE,validation
RUN-007575,WO-003788,P03,L05,MCH-027,PRD-010,2026-03-30,27.2,0.998,0.7,G3_junior,6.9,97.0,50.875,2.802,0.739,0.0277,0.035,0,SCRATCH,validation
RUN-007576,WO-003788,P03,L05,MCH-030,PRD-010,2026-03-30,27.0,1.1517,7.6,G2_mid,6.9,97.0,52.185,3.466,0.659,0.0368,0.0375,0,SCRATCH,validation
RUN-007577,WO-003789,P03,L05,MCH-027,PRD-073,2026-03-30,10.84,0.9653,5.7,G2_mid,3.4,87.4,50.875,2.802,0.991,0.0144,0.02,0,MISSING_PART,validation
RUN-007578,WO-003789,P03,L05,MCH-030,PRD-073,2026-03-30,9.82,1.048,2.0,G3_junior,3.4,87.4,52.185,3.466,0.742,0.0128,0.0125,0,NONE,validation
RUN-007579,WO-003790,P03,L06,MCH-033,PRD-074,2026-03-30,35.13,0.9117,15.7,G1_senior,6.4,95.9,56.155,3.387,0.893,0.0097,0.0,0,NONE,validation
RUN-007580,WO-003790,P03,L06,MCH-036,PRD-074,2026-03-30,32.38,1.0821,0.4,G3_junior,6.4,95.9,55.309,3.058,0.881,0.0122,0.0375,0,SCRATCH,validation
RUN-007581,WO-003791,P03,L06,MCH-034,PRD-073,2026-03-30,22.75,0.996,2.1,G3_junior,3.4,87.4,48.543,3.046,0.972,0.0517,0.04,0,SCRATCH,validation
RUN-007582,WO-003791,P03,L06,MCH-033,PRD-073,2026-03-30,17.45,0.8927,0.7,G3_junior,3.4,87.4,56.155,3.387,0.658,0.0217,0.04,0,MISSING_PART,validation
RUN-007583,WO-003792,P03,L06,MCH-035,PRD-074,2026-03-30,32.87,0.953,2.2,G3_junior,6.4,95.9,52.466,3.148,0.993,0,0.0375,0,SCRATCH,validation
RUN-007584,WO-003792,P03,L06,MCH-034,PRD-074,2026-03-30,29.68,1.1513,1.0,G3_junior,6.4,95.9,48.543,3.046,0.897,0.068,0.055,1,SURFACE_DENT,validation
RUN-007609,WO-003805,P03,L05,MCH-030,PRD-013,2026-03-31,25.03,1.0704,0.7,G3_junior,4.9,95.9,49.378,2.973,1.076,0.047,0.032,0,CONTAMINATION,validation
RUN-007610,WO-003805,P03,L05,MCH-026,PRD-013,2026-03-31,24.43,0.8341,0.7,G3_junior,4.9,95.9,66.514,6.854,0.684,0.0957,0.048,0,SURFACE_DENT,validation
RUN-007611,WO-003806,P03,L05,MCH-029,PRD-009,2026-03-31,35.8,0.8944,2.0,G3_junior,5.0,76.8,51.749,2.899,0.712,0.0244,0.06,1,SURFACE_DENT,validation
RUN-007612,WO-003806,P03,L05,MCH-025,PRD-009,2026-03-31,33.16,1.0418,1.3,G3_junior,5.0,76.8,52.388,3.083,1.016,0.0619,0.07,1,SURFACE_DENT,validation
RUN-007613,WO-003807,P03,L05,MCH-030,PRD-013,2026-03-31,28.02,0.9533,3.3,G2_mid,4.9,95.9,49.378,2.973,0.713,0.0206,0.03,0,SOLDER_VOID,validation
RUN-007614,WO-003807,P03,L05,MCH-027,PRD-013,2026-03-31,28.75,0.9926,3.0,G3_junior,4.9,95.9,51.666,2.776,0.691,0,0.02,0,CONTAMINATION,validation
RUN-007615,WO-003808,P03,L06,MCH-031,PRD-043,2026-03-31,17.52,0.847,2.8,G3_junior,4.2,84.5,57.167,3.605,0.899,0.0225,0.05,0,SCRATCH,validation
RUN-007616,WO-003808,P03,L06,MCH-034,PRD-043,2026-03-31,20.16,1.0799,18,G1_senior,4.2,84.5,51.465,2.905,0.781,0.0337,0.03,0,MISSING_PART,validation
RUN-007617,WO-003809,P03,L06,MCH-036,PRD-004,2026-03-31,21.47,1.1616,7.1,G2_mid,3.9,95.9,52.356,2.799,0.955,0,0.015,0,NONE,validation
RUN-007618,WO-003809,P03,L06,MCH-032,PRD-004,2026-03-31,23.57,0.833,1.0,G3_junior,3.9,95.9,52.973,3.492,0.696,0,0.025,0,DIMENSION,validation
RUN-007619,WO-003810,P03,L06,MCH-033,PRD-004,2026-03-31,26.62,0.8631,2.8,G3_junior,3.9,95.9,56.756,3.183,0.753,0,0.0,0,NONE,validation
RUN-007620,WO-003810,P03,L06,MCH-036,PRD-004,2026-03-31,22.97,1.2,8.9,G1_senior,3.9,95.9,52.356,2.799,0.877,0,0.02,0,DIMENSION,validation
RUN-007645,WO-003823,P03,L05,MCH-030,PRD-021,2026-04-01,12.38,0.9967,7.6,G2_mid,3.0,95.9,52.226,3.203,0.856,0.0767,0.03,0,CONTAMINATION,validation
RUN-007646,WO-003823,P03,L05,MCH-029,PRD-021,2026-04-01,14.11,0.8854,4.7,G2_mid,3.0,95.9,54.855,3.315,1.088,0,0.02,0,SOLDER_VOID,validation
RUN-007647,WO-003824,P03,L05,MCH-025,PRD-054,2026-04-01,34.01,1.0322,0.2,G3_junior,6.3,71.4,51.343,3.272,1.057,0.1299,0.11,1,SURFACE_DENT,validation
RUN-007648,WO-003824,P03,L05,MCH-029,PRD-054,2026-04-01,34.13,1.1579,1.6,G3_junior,6.3,71.4,54.855,3.315,1.047,0.1712,0.12,1,SOLDER_VOID,validation
RUN-007649,WO-003825,P03,L05,MCH-028,PRD-015,2026-04-01,38.78,0.9463,0,G0_unknown,8.8,92.1,61.634,12.458,0.946,0.0771,0.08,1,SOLDER_VOID,validation
RUN-007650,WO-003825,P03,L05,MCH-025,PRD-015,2026-04-01,37.79,1.064,0.8,G3_junior,8.8,92.1,51.343,3.272,0.953,0.0633,0.104,1,SOLDER_VOID,validation
RUN-007651,WO-003826,P03,L06,MCH-033,PRD-017,2026-04-01,15.37,0.8915,0.2,G3_junior,4.3,96.3,53.115,3.669,0.658,0.0529,0.04,0,MISSING_PART,validation
RUN-007652,WO-003826,P03,L06,MCH-031,PRD-017,2026-04-01,13.87,1.0786,1.2,G3_junior,4.3,96.3,58.244,3.247,0.834,0.012,0.0,0,NONE,validation
RUN-007653,WO-003827,P03,L06,MCH-036,PRD-004,2026-04-01,28.35,1.0486,4.6,G2_mid,3.9,95.9,54.559,3.275,0.967,0,0.0,0,NONE,validation
RUN-007654,WO-003827,P03,L06,MCH-035,PRD-004,2026-04-01,30.93,1.0865,10.6,G1_senior,3.9,95.9,52.181,2.786,0.742,0,0.025,0,SOLDER_VOID,validation
RUN-007655,WO-003828,P03,L06,MCH-034,PRD-017,2026-04-01,34.17,1.0831,1.8,G3_junior,4.3,96.3,49.342,2.957,1.006,0.0264,0.02,0,SOLDER_VOID,validation
RUN-007656,WO-003828,P03,L06,MCH-031,PRD-017,2026-04-01,41.13,0.9381,7.0,G2_mid,4.3,96.3,58.244,3.247,0.952,0.0241,0.016,0,SCRATCH,validation
RUN-007681,WO-003841,P03,L05,MCH-028,PRD-079,2026-04-02,16.4,0.9112,1.2,G3_junior,3.3,71.4,63.953,5.867,0.91,0,0.04,0,SURFACE_DENT,validation
RUN-007682,WO-003841,P03,L05,MCH-029,PRD-079,2026-04-02,12.51,0.9906,2.6,G3_junior,3.3,71.4,56.056,2.942,0.759,0.0221,0.06,1,SOLDER_VOID,validation
RUN-007683,WO-003842,P03,L05,MCH-027,PRD-079,2026-04-02,27.87,0.9657,7.2,G2_mid,3.3,71.4,52.144,3.096,0.76,0.0417,0.05,0,DIMENSION,validation
RUN-007684,WO-003842,P03,L05,MCH-028,PRD-079,2026-04-02,30.84,1.0132,1.7,G3_junior,3.3,71.4,63.953,5.867,1.013,0.0464,0.06,1,SCRATCH,validation
RUN-007685,WO-003843,P03,L05,MCH-028,PRD-079,2026-04-02,25.25,0.9483,11.2,G1_senior,3.3,71.4,63.953,5.867,0.676,0,0.025,0,SOLDER_VOID,validation
RUN-007686,WO-003843,P03,L05,MCH-029,PRD-079,2026-04-02,30.77,1.1113,4.8,G2_mid,3.3,71.4,56.056,2.942,0.631,0.0943,0.08,1,DIMENSION,validation
RUN-007687,WO-003844,P03,L06,MCH-033,PRD-015,2026-04-02,35.62,0.9787,2.1,G3_junior,8.8,92.1,56.018,3.32,0.908,0.0686,0.085,1,SOLDER_VOID,validation
RUN-007688,WO-003844,P03,L06,MCH-036,PRD-015,2026-04-02,33.83,0.9757,1.0,G3_junior,8.8,92.1,53.555,3.488,0.745,0.0521,0.08,1,SOLDER_VOID,validation
RUN-007689,WO-003845,P03,L06,MCH-031,PRD-034,2026-04-02,23.8,0.8568,0.2,G3_junior,2.6,96.1,57.302,4.039,0.664,0.029,0.02,0,DIMENSION,validation
RUN-007690,WO-003845,P03,L06,MCH-033,PRD-034,2026-04-02,28.77,1.0768,1.8,G3_junior,2.6,96.1,56.018,3.32,0.629,0.0329,0.02,0,DIMENSION,validation
RUN-007691,WO-003846,P03,L06,MCH-033,PRD-037,2026-04-02,26.72,1.1228,11.2,G1_senior,4.2,88.0,56.018,3.32,0.949,0.0083,0.02,0,MISSING_PART,validation
RUN-007692,WO-003846,P03,L06,MCH-035,PRD-037,2026-04-02,29.28,1.1445,0,G0_unknown,4.2,88.0,53.949,3.191,0.707,0.0591,0.05,0,DIMENSION,validation
RUN-007717,WO-003859,P03,L05,MCH-027,PRD-077,2026-04-03,29.4,0.9664,4.7,G2_mid,1.7,96.1,51.257,3.239,0.663,0.0169,0.0,0,NONE,validation
RUN-007718,WO-003859,P03,L05,MCH-030,PRD-077,2026-04-03,33.35,1.0341,3.1,G2_mid,1.7,96.1,55.185,3.731,1.094,0.0013,0.008,0,SOLDER_VOID,validation
RUN-007719,WO-003860,P03,L05,MCH-029,PRD-006,2026-04-03,19.26,1.1119,2.8,G3_junior,7.3,92.1,53.284,2.907,0.653,0.0349,0.06,1,SURFACE_DENT,validation
RUN-007720,WO-003860,P03,L05,MCH-027,PRD-006,2026-04-03,18.66,1.0855,1.0,G3_junior,7.3,92.1,51.257,3.239,1.042,0,0.032,0,SURFACE_DENT,validation
RUN-007721,WO-003861,P03,L05,MCH-028,PRD-006,2026-04-03,28.78,1.154,4.8,G2_mid,7.3,92.1,66.085,24.886,0.906,0.0995,0.06,1,MISSING_PART,validation
RUN-007722,WO-003861,P03,L05,MCH-029,PRD-006,2026-04-03,32.49,0.9237,10.6,G1_senior,7.3,92.1,53.284,2.907,0.682,0.0102,0.04,0,SOLDER_VOID,validation
RUN-007723,WO-003862,P03,L06,MCH-033,PRD-061,2026-04-03,20.56,1.156,3.4,G2_mid,4.8,76.8,57.591,3.334,0.821,0.0663,0.085,1,CONTAMINATION,validation
RUN-007724,WO-003862,P03,L06,MCH-032,PRD-061,2026-04-03,21.17,1.017,0,G0_unknown,4.8,76.8,50.758,2.923,0.907,0.0953,0.0875,1,DIMENSION,validation
RUN-007725,WO-003863,P03,L06,MCH-035,PRD-061,2026-04-03,22.28,1.1404,11.8,G1_senior,4.8,76.8,51.467,3.376,0.708,0.0517,0.06,1,SCRATCH,validation
RUN-007726,WO-003863,P03,L06,MCH-034,PRD-061,2026-04-03,24.54,1.0975,11.8,G1_senior,4.8,76.8,49.811,2.812,0.942,0,0.032,0,DIMENSION,validation
RUN-007727,WO-003864,P03,L06,MCH-033,PRD-061,2026-04-03,24.09,0.8539,0.7,G3_junior,4.8,76.8,57.591,3.334,1.041,0.0354,0.0625,1,MISSING_PART,validation
RUN-007728,WO-003864,P03,L06,MCH-034,PRD-061,2026-04-03,18.94,1.0764,1.2,G3_junior,4.8,76.8,49.811,2.812,0.629,0.0251,0.075,1,SCRATCH,validation
RUN-007737,WO-003869,P03,L05,MCH-030,PRD-025,2026-04-04,36.74,0.871,18,G1_senior,3.5,87.0,49.494,3.036,0.977,0.0274,0.0,0,NONE,validation
RUN-007738,WO-003869,P03,L05,MCH-025,PRD-025,2026-04-04,36.32,1.1843,8.9,G1_senior,3.5,87.0,51.55,3.183,0.973,0,0.025,0,SURFACE_DENT,validation
RUN-007739,WO-003870,P03,L06,MCH-035,PRD-067,2026-04-04,21.59,1.078,2.3,G3_junior,4.5,71.0,51.69,3.537,0.632,0.0306,0.075,1,DIMENSION,validation
RUN-007740,WO-003870,P03,L06,MCH-032,PRD-067,2026-04-04,25.09,0.8835,7.6,G2_mid,4.5,71.0,46.711,3.344,0.692,0.0862,0.08,1,MISSING_PART,validation
RUN-007741,WO-003871,P03,L06,MCH-032,PRD-010,2026-04-04,21.32,1.1872,0.2,G3_junior,6.9,97.0,46.711,3.344,0.822,0.0746,0.05,0,MISSING_PART,validation
RUN-007742,WO-003871,P03,L06,MCH-036,PRD-010,2026-04-04,23.5,0.9783,3.3,G2_mid,6.9,97.0,47.673,3.369,0.873,0.0332,0.04,0,CONTAMINATION,validation
RUN-007759,WO-003880,P03,L05,MCH-029,PRD-043,2026-04-05,20.86,1.1271,11.2,G1_senior,4.2,84.5,47.337,2.972,0.815,0.0344,0.032,0,CONTAMINATION,validation
RUN-007760,WO-003880,P03,L05,MCH-028,PRD-043,2026-04-05,19.77,1.1429,11.5,G1_senior,4.2,84.5,70.658,16.288,0.98,0.0048,0.025,0,MISSING_PART,validation
RUN-007761,WO-003881,P03,L06,MCH-034,PRD-010,2026-04-05,28.77,1.1084,2.3,G3_junior,6.9,97.0,47.391,2.987,0.654,0.0153,0.035,0,CONTAMINATION,validation
RUN-007762,WO-003881,P03,L06,MCH-036,PRD-010,2026-04-05,31.0,0.9931,1.0,G3_junior,6.9,97.0,47.542,3.046,1.042,0.0086,0.04,0,SURFACE_DENT,validation
RUN-007763,WO-003882,P03,L06,MCH-032,PRD-042,2026-04-05,16.37,1.1315,2.0,G3_junior,1.4,89.9,49.128,3.354,0.735,0.0188,0.02,0,MISSING_PART,validation
RUN-007764,WO-003882,P03,L06,MCH-033,PRD-042,2026-04-05,15.48,1.135,11.5,G1_senior,1.4,89.9,49.217,3.146,0.66,0.0214,0.0,0,NONE,validation
RUN-007765,WO-003883,P03,L06,MCH-036,PRD-015,2026-04-05,35.1,0.8816,11.8,G1_senior,8.8,92.1,47.542,3.046,0.861,0.07,0.048,0,CONTAMINATION,validation
RUN-007766,WO-003883,P03,L06,MCH-033,PRD-015,2026-04-05,33.92,0.9426,7.2,G2_mid,8.8,92.1,49.217,3.146,0.759,0.0957,0.0875,1,CONTAMINATION,validation
RUN-007791,WO-003896,P03,L05,MCH-028,PRD-049,2026-04-06,23.37,1.0521,0.2,G3_junior,10,82.7,71.604,21.359,1.005,0.1432,0.14,1,DIMENSION,validation
RUN-007792,WO-003896,P03,L05,MCH-030,PRD-049,2026-04-06,24.85,0.8375,2.6,G3_junior,10,82.7,50.965,3.283,1.045,0.1148,0.12,1,MISSING_PART,validation
RUN-007793,WO-003897,P03,L05,MCH-028,PRD-049,2026-04-06,36.13,1.0141,1.4,G3_junior,10,82.7,71.604,21.359,0.857,0.1898,0.14,1,SOLDER_VOID,validation
RUN-007794,WO-003897,P03,L05,MCH-026,PRD-049,2026-04-06,35.03,1.1767,4.6,G2_mid,10,82.7,54.64,3.352,0.825,0.1624,0.155,1,DIMENSION,validation
RUN-007795,WO-003898,P03,L05,MCH-025,PRD-049,2026-04-06,39.51,1.083,3.4,G2_mid,10,82.7,55.316,3.259,1.082,0.161,0.125,1,DIMENSION,validation
RUN-007796,WO-003898,P03,L05,MCH-030,PRD-049,2026-04-06,35.92,1.0362,0.2,G3_junior,10,82.7,50.965,3.283,0.893,0.1164,0.128,1,MISSING_PART,validation
RUN-007797,WO-003899,P03,L06,MCH-036,PRD-073,2026-04-06,15.07,1.09,3.4,G2_mid,3.4,87.4,54.276,3.635,0.771,0.0204,0.024,0,SCRATCH,validation
RUN-007798,WO-003899,P03,L06,MCH-034,PRD-073,2026-04-06,14.5,0.9193,14.6,G1_senior,3.4,87.4,50.643,2.832,0.772,0.0078,0.016,0,SURFACE_DENT,validation
RUN-007799,WO-003900,P03,L06,MCH-033,PRD-054,2026-04-06,26.54,1.0579,7.6,G2_mid,6.3,71.4,54.846,3.145,0.939,0.0923,0.06,1,SOLDER_VOID,validation
RUN-007800,WO-003900,P03,L06,MCH-032,PRD-054,2026-04-06,27.18,0.9264,1.7,G3_junior,6.3,71.4,55.831,2.922,0.621,0.0852,0.11,1,SCRATCH,validation
RUN-007801,WO-003901,P03,L06,MCH-035,PRD-073,2026-04-06,19.95,1.122,3.3,G2_mid,3.4,87.4,50.738,3.917,1.026,0,0.015,0,NONE,validation
RUN-007802,WO-003901,P03,L06,MCH-036,PRD-073,2026-04-06,17.25,1.1587,11.2,G1_senior,3.4,87.4,54.276,3.635,0.971,0,0.03,0,MISSING_PART,validation
RUN-007827,WO-003914,P03,L05,MCH-027,PRD-052,2026-04-07,22.24,0.8235,0.2,G3_junior,7.2,82.7,51.906,3.039,1.012,0.0956,0.08,1,SCRATCH,validation
RUN-007828,WO-003914,P03,L05,MCH-025,PRD-052,2026-04-07,22.31,0.8919,2.7,G3_junior,7.2,82.7,56.309,3.506,0.621,0.1115,0.0875,1,SOLDER_VOID,validation
RUN-007829,WO-003915,P03,L05,MCH-026,PRD-052,2026-04-07,28.49,1.1431,3.3,G2_mid,7.2,82.7,53.988,3.58,0.974,0.0651,0.08,1,DIMENSION,validation
RUN-007830,WO-003915,P03,L05,MCH-030,PRD-052,2026-04-07,30.02,0.9348,2.8,G3_junior,7.2,82.7,53.469,3.138,0.817,0.0764,0.075,1,SURFACE_DENT,validation
RUN-007831,WO-003916,P03,L05,MCH-029,PRD-079,2026-04-07,16.35,1.1428,2.1,G3_junior,3.3,71.4,53.136,2.99,1.014,0.0851,0.032,0,DIMENSION,validation
RUN-007832,WO-003916,P03,L05,MCH-025,PRD-079,2026-04-07,15.66,1.0254,11.2,G1_senior,3.3,71.4,56.309,3.506,0.879,0.0085,0.025,0,DIMENSION,validation
RUN-007833,WO-003917,P03,L06,MCH-031,PRD-066,2026-04-07,27.53,1.0575,1.0,G3_junior,7.6,88.6,60.424,4.59,0.739,0.0991,0.08,1,SCRATCH,validation
RUN-007834,WO-003917,P03,L06,MCH-034,PRD-066,2026-04-07,31.49,0.9968,1.6,G3_junior,7.6,88.6,52.247,2.703,1.042,0.1214,0.075,1,SURFACE_DENT,validation
RUN-007835,WO-003918,P03,L06,MCH-031,PRD-066,2026-04-07,33.85,0.8348,0.6,G3_junior,7.6,88.6,60.424,4.59,0.775,0.0765,0.08,1,SURFACE_DENT,validation
RUN-007836,WO-003918,P03,L06,MCH-034,PRD-066,2026-04-07,39.77,1.067,2.9,G3_junior,7.6,88.6,52.247,2.703,0.794,0.1027,0.075,1,DIMENSION,validation
RUN-007837,WO-003919,P03,L06,MCH-034,PRD-066,2026-04-07,18.76,1.1764,1.4,G3_junior,7.6,88.6,52.247,2.703,0.746,0.0599,0.075,1,SCRATCH,validation
RUN-007838,WO-003919,P03,L06,MCH-031,PRD-066,2026-04-07,19.94,1.0104,0.7,G3_junior,7.6,88.6,60.424,4.59,0.906,0.1111,0.08,1,MISSING_PART,validation
RUN-007863,WO-003932,P03,L05,MCH-030,PRD-039,2026-04-08,22.63,1.063,0.4,G3_junior,5.6,96.1,51.232,3.0,0.998,0.0407,0.03,0,SCRATCH,validation
RUN-007864,WO-003932,P03,L05,MCH-028,PRD-039,2026-04-08,21.91,0.8719,0.4,G3_junior,5.6,96.1,52.876,3.291,0.999,0.031,0.03,0,SCRATCH,validation
RUN-007865,WO-003933,P03,L05,MCH-026,PRD-007,2026-04-08,31.88,1.0377,7.6,G2_mid,3.9,88.0,53.978,3.725,0.72,0.0049,0.0125,0,SCRATCH,validation
RUN-007866,WO-003933,P03,L05,MCH-027,PRD-007,2026-04-08,25.0,0.9777,7.6,G2_mid,3.9,88.0,49.653,2.824,0.75,0.0549,0.04,0,SCRATCH,validation
RUN-007867,WO-003934,P03,L05,MCH-028,PRD-039,2026-04-08,33.51,1.075,8.2,G1_senior,5.6,96.1,52.876,3.291,0.873,0.0546,0.04,0,DIMENSION,validation
RUN-007868,WO-003934,P03,L05,MCH-026,PRD-039,2026-04-08,32.73,1.132,2.9,G3_junior,5.6,96.1,53.978,3.725,0.7,0.0393,0.02,0,SOLDER_VOID,validation
RUN-007869,WO-003935,P03,L06,MCH-031,PRD-013,2026-04-08,35.49,1.1334,18,G1_senior,4.9,95.9,61.206,5.492,0.915,0.0562,0.03,0,MISSING_PART,validation
RUN-007870,WO-003935,P03,L06,MCH-035,PRD-013,2026-04-08,32.69,0.824,2.9,G3_junior,4.9,95.9,51.575,3.162,0.643,0,0.016,0,SCRATCH,validation
RUN-007871,WO-003936,P03,L06,MCH-031,PRD-054,2026-04-08,28.21,1.0347,0.6,G3_junior,6.3,71.4,61.206,5.492,1.059,0.1271,0.1,1,DIMENSION,validation
RUN-007872,WO-003936,P03,L06,MCH-036,PRD-054,2026-04-08,28.02,0.9331,11.8,G1_senior,6.3,71.4,53.626,3.094,0.902,0.037,0.05,0,CONTAMINATION,validation
RUN-007873,WO-003937,P03,L06,MCH-031,PRD-013,2026-04-08,19.89,1.0284,2.9,G3_junior,4.9,95.9,61.206,5.492,0.853,0.044,0.016,0,SCRATCH,validation
RUN-007874,WO-003937,P03,L06,MCH-033,PRD-013,2026-04-08,18.25,0.8659,0.2,G3_junior,4.9,95.9,54.195,3.551,0.986,0,0.0,0,NONE,validation
RUN-007899,WO-003950,P03,L05,MCH-029,PRD-039,2026-04-09,12.07,0.9337,1.4,G3_junior,5.6,96.1,53.934,3.117,0.727,0.0272,0.025,0,SCRATCH,validation
RUN-007900,WO-003950,P03,L05,MCH-025,PRD-039,2026-04-09,11.92,0.8587,2.3,G3_junior,5.6,96.1,54.348,3.199,0.739,0.0296,0.04,0,SURFACE_DENT,validation
RUN-007901,WO-003951,P03,L05,MCH-026,PRD-039,2026-04-09,17.77,0.9294,15.7,G1_senior,5.6,96.1,52.555,3.377,0.939,0.0016,0.01,0,SURFACE_DENT,validation
RUN-007902,WO-003951,P03,L05,MCH-025,PRD-039,2026-04-09,16.79,0.8861,1.0,G3_junior,5.6,96.1,54.348,3.199,0.851,0.0798,0.04,0,CONTAMINATION,validation
RUN-007903,WO-003952,P03,L05,MCH-026,PRD-039,2026-04-09,17.47,0.9118,1.7,G3_junior,5.6,96.1,52.555,3.377,0.903,0.0157,0.02,0,DIMENSION,validation
RUN-007904,WO-003952,P03,L05,MCH-027,PRD-039,2026-04-09,13.48,0.8899,1.2,G3_junior,5.6,96.1,52.606,2.971,0.873,0.0199,0.025,0,SCRATCH,validation
RUN-007905,WO-003953,P03,L06,MCH-032,PRD-062,2026-04-09,24.31,1.1464,0.4,G3_junior,6.8,71.4,52.755,2.918,0.842,0.1273,0.112,1,SURFACE_DENT,validation
RUN-007906,WO-003953,P03,L06,MCH-033,PRD-062,2026-04-09,20.63,0.8794,1.6,G3_junior,6.8,71.4,55.218,3.38,0.991,0.1743,0.1375,1,SURFACE_DENT,validation
RUN-007907,WO-003954,P03,L06,MCH-033,PRD-062,2026-04-09,13.49,1.0361,7.0,G2_mid,6.8,71.4,55.218,3.38,0.891,0.1393,0.1,1,DIMENSION,validation
RUN-007908,WO-003954,P03,L06,MCH-034,PRD-062,2026-04-09,16.76,1.0598,7.0,G2_mid,6.8,71.4,49.937,2.375,0.775,0.109,0.1,1,MISSING_PART,validation
RUN-007909,WO-003955,P03,L06,MCH-033,PRD-062,2026-04-09,19.82,1.0227,0.2,G3_junior,6.8,71.4,55.218,3.38,0.856,0.0994,0.1,1,DIMENSION,validation
RUN-007910,WO-003955,P03,L06,MCH-036,PRD-062,2026-04-09,13.16,1.1866,0,G0_unknown,6.8,71.4,53.245,3.632,1.099,0.1414,0.13,1,CONTAMINATION,validation
RUN-007935,WO-003968,P03,L05,MCH-030,PRD-054,2026-04-10,33.68,0.9744,8.2,G1_senior,6.3,71.4,51.275,3.021,1.049,0.0516,0.08,1,NONE,validation
RUN-007936,WO-003968,P03,L05,MCH-025,PRD-054,2026-04-10,38.89,1.138,6.1,G2_mid,6.3,71.4,55.143,3.365,0.683,0.0653,0.096,1,CONTAMINATION,validation
RUN-007937,WO-003969,P03,L05,MCH-028,PRD-068,2026-04-10,25.48,0.9261,5.8,G2_mid,2.3,71.0,53.393,9.035,1.046,0.0766,0.05,0,MISSING_PART,validation
RUN-007938,WO-003969,P03,L05,MCH-026,PRD-068,2026-04-10,23.37,0.8986,6.5,G2_mid,2.3,71.0,56.437,3.209,0.958,0.053,0.0375,0,SURFACE_DENT,validation
RUN-007939,WO-003970,P03,L05,MCH-029,PRD-054,2026-04-10,22.16,1.1405,3.2,G2_mid,6.3,71.4,54.086,3.165,0.862,0.0763,0.11,1,DIMENSION,validation
RUN-007940,WO-003970,P03,L05,MCH-028,PRD-054,2026-04-10,18.52,1.095,1.7,G3_junior,6.3,71.4,53.393,9.035,0.962,0.131,0.1,1,MISSING_PART,validation
RUN-007941,WO-003971,P03,L06,MCH-036,PRD-070,2026-04-10,24.35,0.9961,5.8,G2_mid,3.9,87.4,52.318,3.256,1.022,0.0228,0.0,0,NONE,validation
RUN-007942,WO-003971,P03,L06,MCH-032,PRD-070,2026-04-10,20.43,1.0582,1.3,G3_junior,3.9,87.4,52.702,3.015,0.902,0.0987,0.04,0,CONTAMINATION,validation
RUN-007943,WO-003972,P03,L06,MCH-031,PRD-070,2026-04-10,26.97,1.0409,9.4,G1_senior,3.9,87.4,69.37,6.559,1.063,0.034,0.02,0,DIMENSION,validation
RUN-007944,WO-003972,P03,L06,MCH-032,PRD-070,2026-04-10,21.59,1.1909,0.6,G3_junior,3.9,87.4,52.702,3.015,1.022,0.0447,0.02,0,SCRATCH,validation
RUN-007945,WO-003973,P03,L06,MCH-035,PRD-006,2026-04-10,24.51,0.8503,12.8,G1_senior,7.3,92.1,50.546,3.314,0.743,0.0249,0.024,0,SOLDER_VOID,validation
RUN-007946,WO-003973,P03,L06,MCH-032,PRD-006,2026-04-10,23.41,1.005,7.6,G2_mid,7.3,92.1,52.702,3.015,0.826,0.0747,0.048,0,DIMENSION,validation
RUN-007963,WO-003982,P03,L06,MCH-032,PRD-016,2026-04-11,19.71,0.884,2.0,G3_junior,4.3,85.8,51.464,6.091,0.828,0.0277,0.04,0,MISSING_PART,validation
RUN-007964,WO-003982,P03,L06,MCH-035,PRD-016,2026-04-11,20.51,1.16,2.8,G3_junior,4.3,85.8,47.334,3.005,0.995,0.0895,0.03,0,SOLDER_VOID,validation
RUN-007965,WO-003983,P03,L06,MCH-035,PRD-016,2026-04-11,14.12,1.159,7.6,G2_mid,4.3,85.8,47.334,3.005,1.074,0.0302,0.0375,0,SURFACE_DENT,validation
RUN-007966,WO-003983,P03,L06,MCH-033,PRD-016,2026-04-11,16.33,1.051,3.4,G2_mid,4.3,85.8,49.103,3.341,0.939,0.0279,0.008,0,SCRATCH,validation
RUN-007979,WO-003990,P03,L05,MCH-028,PRD-025,2026-04-12,23.99,0.9192,0.4,G3_junior,3.5,87.0,48.888,3.783,0.748,0.0152,0.03,0,DIMENSION,validation
RUN-007980,WO-003990,P03,L05,MCH-027,PRD-025,2026-04-12,23.71,0.9321,1.6,G3_junior,3.5,87.0,47.917,2.883,0.625,0,0.0,0,NONE,validation
RUN-007981,WO-003991,P03,L06,MCH-035,PRD-080,2026-04-12,26.86,1.0106,0.2,G3_junior,5.2,84.5,48.498,3.026,0.793,0.0466,0.072,1,SOLDER_VOID,validation
RUN-007982,WO-003991,P03,L06,MCH-033,PRD-080,2026-04-12,26.64,1.1202,0.2,G3_junior,5.2,84.5,47.017,2.94,1.057,0.0668,0.06,1,SOLDER_VOID,validation
RUN-007983,WO-003992,P03,L06,MCH-033,PRD-080,2026-04-12,25.2,1.0915,0.2,G3_junior,5.2,84.5,47.017,2.94,0.833,0.0371,0.05,0,SOLDER_VOID,validation
RUN-007984,WO-003992,P03,L06,MCH-031,PRD-080,2026-04-12,27.12,0.8393,2.6,G3_junior,5.2,84.5,68.248,19.777,1.0,0.0215,0.04,0,DIMENSION,validation
RUN-008009,WO-004005,P03,L05,MCH-025,PRD-033,2026-04-13,28.93,1.0299,2.6,G3_junior,4.7,88.0,57.577,4.218,0.855,0.05,0.05,0,MISSING_PART,validation
RUN-008010,WO-004005,P03,L05,MCH-030,PRD-033,2026-04-13,34.99,0.9276,2.6,G3_junior,4.7,88.0,54.055,3.272,0.875,0.0302,0.0375,0,SCRATCH,validation
RUN-008011,WO-004006,P03,L05,MCH-029,PRD-020,2026-04-13,30.88,0.8545,0.2,G3_junior,7.8,84.7,50.144,3.228,1.1,0.0387,0.0875,1,SCRATCH,validation
RUN-008012,WO-004006,P03,L05,MCH-028,PRD-020,2026-04-13,35.83,1.0703,1.2,G3_junior,7.8,84.7,55.797,3.686,0.946,0.0967,0.08,1,SURFACE_DENT,validation
RUN-008013,WO-004007,P03,L05,MCH-026,PRD-063,2026-04-13,23.35,1.1563,14.6,G1_senior,5.7,84.5,54.025,3.361,0.939,0.0757,0.024,0,CONTAMINATION,validation
RUN-008014,WO-004007,P03,L05,MCH-028,PRD-063,2026-04-13,27.92,1.0198,2.8,G3_junior,5.7,84.5,55.797,3.686,0.857,0.0863,0.06,1,DIMENSION,validation
RUN-008015,WO-004008,P03,L06,MCH-033,PRD-035,2026-04-13,23.73,1.0396,7.0,G2_mid,4.3,84.7,54.266,3.142,0.702,0.0096,0.032,0,SURFACE_DENT,validation
RUN-008016,WO-004008,P03,L06,MCH-034,PRD-035,2026-04-13,18.32,1.0617,1.4,G3_junior,4.3,84.7,47.441,2.878,0.765,0.0268,0.05,0,DIMENSION,validation
RUN-008017,WO-004009,P03,L06,MCH-035,PRD-064,2026-04-13,27.32,0.9239,2.1,G3_junior,4.9,89.9,54.029,3.031,0.62,0.0236,0.025,0,DIMENSION,validation
RUN-008018,WO-004009,P03,L06,MCH-031,PRD-064,2026-04-13,23.52,1.0707,6.5,G2_mid,4.9,89.9,72.873,8.414,0.818,0.0263,0.032,0,SOLDER_VOID,validation
RUN-008019,WO-004010,P03,L06,MCH-034,PRD-064,2026-04-13,25.26,1.0108,1.6,G3_junior,4.9,89.9,47.441,2.878,0.89,0.0157,0.04,0,MISSING_PART,validation
RUN-008020,WO-004010,P03,L06,MCH-036,PRD-064,2026-04-13,29.76,1.1115,2.2,G3_junior,4.9,89.9,53.932,3.318,0.773,0.0442,0.035,0,SOLDER_VOID,validation
RUN-008045,WO-004023,P03,L05,MCH-025,PRD-033,2026-04-14,36.0,1.0054,2.9,G3_junior,4.7,88.0,58.706,4.457,0.789,0,0.0,0,NONE,validation
RUN-008046,WO-004023,P03,L05,MCH-028,PRD-033,2026-04-14,33.13,0.9633,3.3,G2_mid,4.7,88.0,52.307,3.497,0.684,0.0463,0.032,0,SOLDER_VOID,validation
RUN-008047,WO-004024,P03,L05,MCH-027,PRD-071,2026-04-14,31.95,1.0461,7.1,G2_mid,6.2,84.7,50.636,2.56,0.984,0.0373,0.04,0,MISSING_PART,validation
RUN-008048,WO-004024,P03,L05,MCH-025,PRD-071,2026-04-14,31.23,0.8516,1.0,G3_junior,6.2,84.7,58.706,4.457,1.069,0.1002,0.08,1,MISSING_PART,validation
RUN-008049,WO-004025,P03,L05,MCH-029,PRD-033,2026-04-14,23.9,1.1581,1.0,G3_junior,4.7,88.0,52.904,2.844,0.944,0.067,0.04,0,SURFACE_DENT,validation
RUN-008050,WO-004025,P03,L05,MCH-025,PRD-033,2026-04-14,24.9,1.0411,2.8,G3_junior,4.7,88.0,58.706,4.457,0.977,0.0178,0.02,0,DIMENSION,validation
RUN-008051,WO-004026,P03,L06,MCH-032,PRD-064,2026-04-14,24.17,1.1072,2.3,G3_junior,4.9,89.9,51.158,3.087,0.936,0.0824,0.06,1,CONTAMINATION,validation
RUN-008052,WO-004026,P03,L06,MCH-031,PRD-064,2026-04-14,21.95,1.1786,2.7,G3_junior,4.9,89.9,58.134,3.652,0.956,0.029,0.02,0,CONTAMINATION,validation
RUN-008053,WO-004027,P03,L06,MCH-034,PRD-064,2026-04-14,19.64,0.8333,8.2,G1_senior,4.9,89.9,50.233,3.339,1.037,0.0028,0.008,0,SCRATCH,validation
RUN-008054,WO-004027,P03,L06,MCH-032,PRD-064,2026-04-14,23.62,0.9495,2.9,G3_junior,4.9,89.9,51.158,3.087,0.832,0.0442,0.02,0,SURFACE_DENT,validation
RUN-008055,WO-004028,P03,L06,MCH-036,PRD-064,2026-04-14,31.16,0.978,0.2,G3_junior,4.9,89.9,53.149,3.317,0.67,0.0513,0.016,0,SCRATCH,validation
RUN-008056,WO-004028,P03,L06,MCH-035,PRD-064,2026-04-14,28.35,1.0632,4.6,G2_mid,4.9,89.9,52.895,2.828,0.83,0.0213,0.04,0,SOLDER_VOID,validation
RUN-008081,WO-004041,P03,L05,MCH-026,PRD-054,2026-04-15,37.75,1.076,0.6,G3_junior,6.3,71.4,54.758,3.423,1.052,0.1181,0.1125,1,MISSING_PART,validation
RUN-008082,WO-004041,P03,L05,MCH-025,PRD-054,2026-04-15,30.85,1.0455,2.9,G3_junior,6.3,71.4,63.545,4.921,0.67,0.0817,0.085,1,MISSING_PART,validation
RUN-008083,WO-004042,P03,L05,MCH-027,PRD-054,2026-04-15,33.6,0.8488,0.5,G3_junior,6.3,71.4,52.554,2.981,1.086,0.0641,0.096,1,SOLDER_VOID,validation
RUN-008084,WO-004042,P03,L05,MCH-029,PRD-054,2026-04-15,34.17,1.0769,1.7,G3_junior,6.3,71.4,52.777,3.163,0.752,0.0691,0.1,1,DIMENSION,validation
RUN-008085,WO-004043,P03,L05,MCH-026,PRD-054,2026-04-15,30.88,1.0107,1.8,G3_junior,6.3,71.4,54.758,3.423,0.959,0.0975,0.1,1,SOLDER_VOID,validation
RUN-008086,WO-004043,P03,L05,MCH-025,PRD-054,2026-04-15,30.55,0.8331,1.0,G3_junior,6.3,71.4,63.545,4.921,1.045,0.0779,0.11,1,CONTAMINATION,validation
RUN-008087,WO-004044,P03,L06,MCH-035,PRD-080,2026-04-15,29.6,0.9314,7.6,G2_mid,5.2,84.5,52.701,2.918,0.834,0.0454,0.04,0,SURFACE_DENT,validation
RUN-008088,WO-004044,P03,L06,MCH-033,PRD-080,2026-04-15,25.0,0.9202,0.2,G3_junior,5.2,84.5,53.592,3.081,0.806,0.0485,0.055,1,SCRATCH,validation
RUN-008089,WO-004045,P03,L06,MCH-033,PRD-056,2026-04-15,24.5,0.9562,2.8,G3_junior,4.3,97.0,53.592,3.081,0.734,0,0.032,0,MISSING_PART,validation
RUN-008090,WO-004045,P03,L06,MCH-035,PRD-056,2026-04-15,18.59,0.935,1.0,G3_junior,4.3,97.0,52.701,2.918,0.819,0.042,0.0,0,NONE,validation
RUN-008091,WO-004046,P03,L06,MCH-032,PRD-080,2026-04-15,18.78,0.9713,15.7,G1_senior,5.2,84.5,52.465,2.974,0.902,0.0042,0.0125,0,DIMENSION,validation
RUN-008092,WO-004046,P03,L06,MCH-031,PRD-080,2026-04-15,15.67,0.9425,11.8,G1_senior,5.2,84.5,54.814,3.672,0.62,0.0179,0.04,0,MISSING_PART,validation
RUN-008117,WO-004059,P03,L05,MCH-030,PRD-055,2026-04-16,21.38,1.1475,2.9,G3_junior,4.8,87.4,51.701,3.097,1.039,0.0268,0.032,0,CONTAMINATION,validation
RUN-008118,WO-004059,P03,L05,MCH-027,PRD-055,2026-04-16,24.38,1.0307,1.6,G3_junior,4.8,87.4,51.904,2.903,0.86,0.0308,0.056,1,SURFACE_DENT,validation
RUN-008119,WO-004060,P03,L05,MCH-025,PRD-013,2026-04-16,30.78,1.0393,11.8,G1_senior,4.9,95.9,63.176,5.849,0.73,0.0703,0.025,0,SURFACE_DENT,validation
RUN-008120,WO-004060,P03,L05,MCH-029,PRD-013,2026-04-16,28.32,0.8754,0.5,G3_junior,4.9,95.9,52.547,5.62,0.745,0.023,0.025,0,DIMENSION,validation
RUN-008121,WO-004061,P03,L05,MCH-029,PRD-055,2026-04-16,24.11,1.1404,7.0,G2_mid,4.8,87.4,52.547,5.62,0.926,0.0141,0.02,0,SCRATCH,validation
RUN-008122,WO-004061,P03,L05,MCH-027,PRD-055,2026-04-16,30.39,0.8992,4.8,G2_mid,4.8,87.4,51.904,2.903,0.734,0,0.032,0,SCRATCH,validation
RUN-008123,WO-004062,P03,L06,MCH-033,PRD-013,2026-04-16,25.2,0.9973,6.1,G2_mid,4.9,95.9,58.109,3.632,0.746,0,0.0,0,NONE,validation
RUN-008124,WO-004062,P03,L06,MCH-035,PRD-013,2026-04-16,26.06,1.0041,6.5,G2_mid,4.9,95.9,54.158,2.998,0.648,0.0319,0.025,0,SOLDER_VOID,validation
RUN-008125,WO-004063,P03,L06,MCH-034,PRD-010,2026-04-16,26.45,0.8798,7.1,G2_mid,6.9,97.0,49.742,2.752,1.064,0.0159,0.02,0,SOLDER_VOID,validation
RUN-008126,WO-004063,P03,L06,MCH-032,PRD-010,2026-04-16,30.06,0.9419,1.6,G3_junior,6.9,97.0,49.126,3.168,0.902,0.0162,0.02,0,SCRATCH,validation
RUN-008127,WO-004064,P03,L06,MCH-035,PRD-013,2026-04-16,17.31,0.8328,5.7,G2_mid,4.9,95.9,54.158,2.998,0.646,0.0411,0.025,0,SCRATCH,validation
RUN-008128,WO-004064,P03,L06,MCH-031,PRD-013,2026-04-16,22.3,1.1334,0.2,G3_junior,4.9,95.9,57.492,3.383,0.849,0,0.008,0,SOLDER_VOID,validation
RUN-008153,WO-004077,P03,L05,MCH-028,PRD-008,2026-04-17,24.27,1.07,2.9,G3_junior,3.4,84.5,55.067,3.171,0.844,0.0421,0.025,0,SCRATCH,validation
RUN-008154,WO-004077,P03,L05,MCH-026,PRD-008,2026-04-17,21.89,1.1286,3.3,G2_mid,3.4,84.5,54.671,3.245,0.891,0.043,0.03,0,SCRATCH,validation
RUN-008155,WO-004078,P03,L05,MCH-028,PRD-002,2026-04-17,30.32,0.961,3.1,G2_mid,5.3,88.0,55.067,3.171,0.836,0,0.03,0,NONE,validation
RUN-008156,WO-004078,P03,L05,MCH-030,PRD-002,2026-04-17,30.5,0.8738,4.7,G2_mid,5.3,88.0,50.376,3.011,0.723,0.0193,0.03,0,MISSING_PART,validation
RUN-008157,WO-004079,P03,L05,MCH-029,PRD-008,2026-04-17,21.26,1.0024,2.9,G3_junior,3.4,84.5,50.772,3.119,1.068,0.04,0.025,0,SCRATCH,validation
RUN-008158,WO-004079,P03,L05,MCH-025,PRD-008,2026-04-17,18.44,0.8213,2.2,G3_junior,3.4,84.5,63.208,6.089,0.758,0.0204,0.045,0,SURFACE_DENT,validation
RUN-008159,WO-004080,P03,L06,MCH-032,PRD-074,2026-04-17,19.89,1.0878,1.2,G3_junior,6.4,95.9,53.765,3.226,0.835,0.0474,0.0375,0,CONTAMINATION,validation
RUN-008160,WO-004080,P03,L06,MCH-033,PRD-074,2026-04-17,21.42,0.826,0.2,G3_junior,6.4,95.9,56.344,3.273,0.989,0.0116,0.03,0,DIMENSION,validation
RUN-008161,WO-004081,P03,L06,MCH-033,PRD-058,2026-04-17,29.72,0.9527,0.6,G3_junior,8.8,71.4,56.344,3.273,1.062,0.1697,0.1375,1,DIMENSION,validation
RUN-008162,WO-004081,P03,L06,MCH-036,PRD-058,2026-04-17,28.32,0.9087,2.9,G3_junior,8.8,71.4,51.424,3.822,0.763,0.1258,0.12,1,SCRATCH,validation
RUN-008163,WO-004082,P03,L06,MCH-031,PRD-058,2026-04-17,35.6,0.9151,8.2,G1_senior,8.8,71.4,57.68,3.378,0.884,0.0959,0.12,1,SURFACE_DENT,validation
RUN-008164,WO-004082,P03,L06,MCH-035,PRD-058,2026-04-17,33.16,1.1018,0,G0_unknown,8.8,71.4,51.312,3.504,0.94,0.1132,0.1375,1,SOLDER_VOID,validation
RUN-008181,WO-004091,P03,L05,MCH-026,PRD-077,2026-04-18,19.0,0.9795,0.4,G3_junior,1.7,96.1,55.047,5.545,0.798,0.007,0.025,0,CONTAMINATION,validation
RUN-008182,WO-004091,P03,L05,MCH-027,PRD-077,2026-04-18,19.73,0.9764,0.5,G3_junior,1.7,96.1,50.174,2.936,0.745,0.0191,0.0,0,NONE,validation
RUN-008183,WO-004092,P03,L06,MCH-035,PRD-054,2026-04-18,22.96,1.1545,11.2,G1_senior,6.3,71.4,47.925,2.696,1.042,0.1379,0.096,1,SCRATCH,validation
RUN-008184,WO-004092,P03,L06,MCH-032,PRD-054,2026-04-18,21.61,0.862,8.2,G1_senior,6.3,71.4,48.776,3.219,0.754,0.1028,0.1125,1,SCRATCH,validation
RUN-008185,WO-004093,P03,L06,MCH-031,PRD-054,2026-04-18,23.27,0.8661,1.7,G3_junior,6.3,71.4,50.774,3.408,1.003,0.0838,0.096,1,SCRATCH,validation
RUN-008186,WO-004093,P03,L06,MCH-034,PRD-054,2026-04-18,23.75,1.0446,7.6,G2_mid,6.3,71.4,45.864,2.762,0.925,0.0875,0.104,1,SURFACE_DENT,validation
RUN-008187,WO-004094,P03,L06,MCH-035,PRD-054,2026-04-18,30.39,0.9413,1.0,G3_junior,6.3,71.4,47.925,2.696,0.756,0.0951,0.105,1,MISSING_PART,validation
RUN-008188,WO-004094,P03,L06,MCH-033,PRD-054,2026-04-18,24.97,0.9909,0.5,G3_junior,6.3,71.4,50.682,3.412,0.642,0.101,0.1125,1,SOLDER_VOID,validation
RUN-008203,WO-004102,P03,L05,MCH-027,PRD-071,2026-04-19,31.45,1.007,0.6,G3_junior,6.2,84.7,50.317,2.785,1.056,0.0617,0.06,1,SCRATCH,validation
RUN-008204,WO-004102,P03,L05,MCH-025,PRD-071,2026-04-19,34.56,1.0381,3.3,G2_mid,6.2,84.7,68.105,7.416,0.809,0.0923,0.06,1,MISSING_PART,validation
RUN-008205,WO-004103,P03,L05,MCH-030,PRD-071,2026-04-19,22.35,1.0682,7.2,G2_mid,6.2,84.7,50.496,4.528,1.086,0,0.025,0,SOLDER_VOID,validation
RUN-008206,WO-004103,P03,L05,MCH-025,PRD-071,2026-04-19,22.85,1.1384,1.0,G3_junior,6.2,84.7,68.105,7.416,0.854,0.0805,0.075,1,SCRATCH,validation
RUN-008231,WO-004116,P03,L05,MCH-029,PRD-021,2026-04-20,22.02,0.8754,2.3,G3_junior,3.0,95.9,52.414,3.613,0.978,0.0266,0.0,0,NONE,validation
RUN-008232,WO-004116,P03,L05,MCH-027,PRD-021,2026-04-20,18.36,1.0782,1.3,G3_junior,3.0,95.9,52.867,3.272,1.009,0.0393,0.02,0,CONTAMINATION,validation
RUN-008233,WO-004117,P03,L05,MCH-027,PRD-077,2026-04-20,16.21,0.9755,0.2,G3_junior,1.7,96.1,52.867,3.272,1.006,0.0045,0.025,0,CONTAMINATION,validation
RUN-008234,WO-004117,P03,L05,MCH-025,PRD-077,2026-04-20,10.2,1.0659,0.2,G3_junior,1.7,96.1,76.314,8.468,0.626,0,0.015,0,SOLDER_VOID,validation
RUN-008235,WO-004118,P03,L05,MCH-026,PRD-077,2026-04-20,20.29,0.8836,1.0,G3_junior,1.7,96.1,52.576,3.53,0.99,0.0414,0.045,0,SURFACE_DENT,validation
RUN-008236,WO-004118,P03,L05,MCH-028,PRD-077,2026-04-20,24.75,1.0814,11.2,G1_senior,1.7,96.1,54.964,3.245,1.089,0,0.0,0,NONE,validation
RUN-008237,WO-004119,P03,L06,MCH-034,PRD-045,2026-04-20,28.01,0.9712,15.7,G1_senior,2.5,97.0,51.895,2.867,0.979,0.0486,0.0,0,NONE,validation
RUN-008238,WO-004119,P03,L06,MCH-031,PRD-045,2026-04-20,27.7,0.8248,15.7,G1_senior,2.5,97.0,52.018,3.872,0.813,0,0.0,0,NONE,validation
RUN-008239,WO-004120,P03,L06,MCH-033,PRD-024,2026-04-20,32.53,1.1685,0.4,G3_junior,7.6,85.8,54.753,3.418,0.842,0.0636,0.08,1,SOLDER_VOID,validation
RUN-008240,WO-004120,P03,L06,MCH-036,PRD-024,2026-04-20,27.64,0.8416,7.2,G2_mid,7.6,85.8,49.77,3.016,0.641,0.0673,0.07,1,SURFACE_DENT,validation
RUN-008241,WO-004121,P03,L06,MCH-034,PRD-006,2026-04-20,28.46,1.1497,0.2,G3_junior,7.3,92.1,51.895,2.867,1.065,0.1025,0.08,1,CONTAMINATION,validation
RUN-008242,WO-004121,P03,L06,MCH-032,PRD-006,2026-04-20,31.07,1.0428,7.6,G2_mid,7.3,92.1,51.579,3.338,0.929,0.0164,0.056,1,CONTAMINATION,validation
RUN-008267,WO-004134,P03,L05,MCH-026,PRD-054,2026-04-21,23.25,0.9471,1.0,G3_junior,6.3,71.4,52.946,3.245,0.719,0.1214,0.115,1,SCRATCH,validation
RUN-008268,WO-004134,P03,L05,MCH-030,PRD-054,2026-04-21,21.06,1.0413,2.8,G3_junior,6.3,71.4,52.663,2.9,0.872,0.0814,0.09,1,SOLDER_VOID,validation
RUN-008269,WO-004135,P03,L05,MCH-028,PRD-068,2026-04-21,19.81,1.0667,2.1,G3_junior,2.3,71.0,55.086,3.343,0.712,0.0002,0.06,1,SOLDER_VOID,validation
RUN-008270,WO-004135,P03,L05,MCH-027,PRD-068,2026-04-21,15.98,1.0367,2.1,G3_junior,2.3,71.0,51.027,2.871,0.869,0.0726,0.055,1,SURFACE_DENT,validation
RUN-008271,WO-004136,P03,L05,MCH-027,PRD-050,2026-04-21,24.06,1.1445,18,G1_senior,5.5,88.6,51.027,2.871,0.862,0.0093,0.01,0,DIMENSION,validation
RUN-008272,WO-004136,P03,L05,MCH-030,PRD-050,2026-04-21,30.51,0.8931,2.9,G3_junior,5.5,88.6,52.663,2.9,0.698,0.0437,0.05,0,SURFACE_DENT,validation
RUN-008273,WO-004137,P03,L06,MCH-033,PRD-064,2026-04-21,26.27,1.0826,0.2,G3_junior,4.9,89.9,52.25,6.186,0.919,0.0189,0.04,0,MISSING_PART,validation
RUN-008274,WO-004137,P03,L06,MCH-036,PRD-064,2026-04-21,28.12,1.1545,3.3,G2_mid,4.9,89.9,51.422,2.963,1.031,0.0044,0.0375,0,MISSING_PART,validation
RUN-008275,WO-004138,P03,L06,MCH-034,PRD-042,2026-04-21,18.22,0.901,2.0,G3_junior,1.4,89.9,50.414,2.7,0.858,0.0054,0.02,0,CONTAMINATION,validation
RUN-008276,WO-004138,P03,L06,MCH-036,PRD-042,2026-04-21,17.67,0.9108,8.9,G1_senior,1.4,89.9,51.422,2.963,0.783,0.0584,0.02,0,DIMENSION,validation
RUN-008277,WO-004139,P03,L06,MCH-031,PRD-066,2026-04-21,35.26,1.1165,7.6,G2_mid,7.6,88.6,57.06,7.546,0.806,0.1029,0.072,1,MISSING_PART,validation
RUN-008278,WO-004139,P03,L06,MCH-033,PRD-066,2026-04-21,33.61,0.9864,1.2,G3_junior,7.6,88.6,52.25,6.186,1.025,0.1022,0.08,1,DIMENSION,validation
RUN-008303,WO-004152,P03,L05,MCH-028,PRD-080,2026-04-22,28.4,0.9455,7.2,G2_mid,5.2,84.5,54.275,3.735,0.694,0.0689,0.055,1,SCRATCH,validation
RUN-008304,WO-004152,P03,L05,MCH-030,PRD-080,2026-04-22,31.95,1.0082,0.6,G3_junior,5.2,84.5,54.581,4.83,1.009,0.0758,0.06,1,SURFACE_DENT,validation
RUN-008305,WO-004153,P03,L05,MCH-027,PRD-080,2026-04-22,26.34,1.0587,2.9,G3_junior,5.2,84.5,52.103,3.044,0.843,0.0549,0.0625,1,SOLDER_VOID,validation
RUN-008306,WO-004153,P03,L05,MCH-026,PRD-080,2026-04-22,29.03,0.8311,2.3,G3_junior,5.2,84.5,51.436,3.526,1.026,0.0518,0.05,0,NONE,validation
RUN-008307,WO-004154,P03,L05,MCH-026,PRD-054,2026-04-22,29.51,1.1339,4.6,G2_mid,6.3,71.4,51.436,3.526,0.986,0.106,0.125,1,SURFACE_DENT,validation
RUN-008308,WO-004154,P03,L05,MCH-025,PRD-054,2026-04-22,29.9,1.0438,3.3,G2_mid,6.3,71.4,52.584,3.176,1.003,0.1234,0.12,1,SOLDER_VOID,validation
RUN-008309,WO-004155,P03,L06,MCH-031,PRD-045,2026-04-22,24.24,1.0026,1.4,G3_junior,2.5,97.0,54.49,7.806,1.058,0.0201,0.024,0,DIMENSION,validation
RUN-008310,WO-004155,P03,L06,MCH-036,PRD-045,2026-04-22,20.19,0.9336,1.3,G3_junior,2.5,97.0,53.202,3.05,0.64,0,0.02,0,MISSING_PART,validation
RUN-008311,WO-004156,P03,L06,MCH-034,PRD-066,2026-04-22,28.73,1.0862,2.9,G3_junior,7.6,88.6,52.615,3.039,1.039,0.1079,0.09,1,SURFACE_DENT,validation
RUN-008312,WO-004156,P03,L06,MCH-033,PRD-066,2026-04-22,31.92,0.9529,1.7,G3_junior,7.6,88.6,55.225,3.488,0.9,0.0661,0.08,1,NONE,validation
RUN-008313,WO-004157,P03,L06,MCH-031,PRD-045,2026-04-22,28.86,1.0109,2.0,G3_junior,2.5,97.0,54.49,7.806,0.765,0.0153,0.02,0,DIMENSION,validation
RUN-008314,WO-004157,P03,L06,MCH-036,PRD-045,2026-04-22,25.97,1.1743,2.8,G3_junior,2.5,97.0,53.202,3.05,0.761,0,0.0125,0,DIMENSION,validation
RUN-008339,WO-004170,P03,L05,MCH-025,PRD-078,2026-04-23,34.37,1.2228,3.0,G3_junior,4.6,84.7,52.138,3.875,1.055,0.0519,0.056,1,SURFACE_DENT,validation
RUN-008340,WO-004170,P03,L05,MCH-028,PRD-078,2026-04-23,32.43,0.9631,11.5,G1_senior,4.6,84.7,55.454,4.318,1.038,0.0431,0.02,0,SOLDER_VOID,validation
RUN-008341,WO-004171,P03,L05,MCH-025,PRD-078,2026-04-23,19.29,0.9378,1.7,G3_junior,4.6,84.7,52.138,3.875,0.735,0.0262,0.04,0,SURFACE_DENT,validation
RUN-008342,WO-004171,P03,L05,MCH-030,PRD-078,2026-04-23,19.04,1.0901,1.0,G3_junior,4.6,84.7,52.78,3.146,0.78,0.0408,0.0375,0,MISSING_PART,validation
RUN-008343,WO-004172,P03,L05,MCH-029,PRD-078,2026-04-23,13.3,1.1704,2.9,G3_junior,4.6,84.7,52.312,2.858,0.732,0.0371,0.04,0,SOLDER_VOID,validation
RUN-008344,WO-004172,P03,L05,MCH-030,PRD-078,2026-04-23,18.11,1.1491,6.5,G2_mid,4.6,84.7,52.78,3.146,0.999,0.0287,0.05,0,SOLDER_VOID,validation
RUN-008345,WO-004173,P03,L06,MCH-033,PRD-066,2026-04-23,24.17,1.1708,1.7,G3_junior,7.6,88.6,55.845,3.778,0.768,0.0571,0.088,1,SOLDER_VOID,validation
RUN-008346,WO-004173,P03,L06,MCH-031,PRD-066,2026-04-23,25.68,0.9194,2.8,G3_junior,7.6,88.6,53.96,4.227,0.99,0.0715,0.08,1,DIMENSION,validation
RUN-008347,WO-004174,P03,L06,MCH-036,PRD-066,2026-04-23,34.69,0.9832,1.0,G3_junior,7.6,88.6,56.456,7.858,1.045,0.1049,0.08,1,SCRATCH,validation
RUN-008348,WO-004174,P03,L06,MCH-035,PRD-066,2026-04-23,32.77,1.1277,3.2,G2_mid,7.6,88.6,60.61,5.991,1.082,0.0732,0.07,1,SURFACE_DENT,validation
RUN-008349,WO-004175,P03,L06,MCH-033,PRD-066,2026-04-23,33.46,0.9872,7.0,G2_mid,7.6,88.6,55.845,3.778,0.632,0.026,0.05,0,CONTAMINATION,validation
RUN-008350,WO-004175,P03,L06,MCH-031,PRD-066,2026-04-23,34.63,1.1437,4.6,G2_mid,7.6,88.6,53.96,4.227,0.939,0.0589,0.08,1,SCRATCH,validation
RUN-008375,WO-004188,P03,L05,MCH-028,PRD-073,2026-04-24,22.27,0.8527,7.0,G2_mid,3.4,87.4,55.221,4.062,0.676,0,0.005,0,DIMENSION,validation
RUN-008376,WO-004188,P03,L05,MCH-027,PRD-073,2026-04-24,20.99,1.1173,5.7,G2_mid,3.4,87.4,52.549,3.248,0.865,0.0212,0.04,0,DIMENSION,validation
RUN-008377,WO-004189,P03,L05,MCH-028,PRD-050,2026-04-24,31.51,1.097,7.0,G2_mid,5.5,88.6,55.221,4.062,1.071,0.0215,0.025,0,CONTAMINATION,validation
RUN-008378,WO-004189,P03,L05,MCH-030,PRD-050,2026-04-24,30.89,0.8626,4.8,G2_mid,5.5,88.6,54.296,3.304,1.054,0.0223,0.02,0,SURFACE_DENT,validation
RUN-008379,WO-004190,P03,L05,MCH-027,PRD-050,2026-04-24,29.85,1.1232,3.3,G2_mid,5.5,88.6,52.549,3.248,1.074,0.0722,0.06,1,SCRATCH,validation
RUN-008380,WO-004190,P03,L05,MCH-029,PRD-050,2026-04-24,32.06,1.068,9.4,G1_senior,5.5,88.6,52.632,3.205,0.876,0.0435,0.04,0,MISSING_PART,validation
RUN-008381,WO-004191,P03,L06,MCH-036,PRD-066,2026-04-24,28.29,0.9481,2.3,G3_junior,7.6,88.6,52.694,3.128,0.824,0.0338,0.07,1,SOLDER_VOID,validation
RUN-008382,WO-004191,P03,L06,MCH-033,PRD-066,2026-04-24,27.21,1.0263,2.1,G3_junior,7.6,88.6,55.091,3.899,0.733,0.1295,0.088,1,NONE,validation
RUN-008383,WO-004192,P03,L06,MCH-031,PRD-066,2026-04-24,26.34,1.0894,2.3,G3_junior,7.6,88.6,56.006,3.467,0.768,0.1477,0.11,1,CONTAMINATION,validation
RUN-008384,WO-004192,P03,L06,MCH-036,PRD-066,2026-04-24,24.87,1.1772,1.2,G3_junior,7.6,88.6,52.694,3.128,0.663,0.0695,0.08,1,CONTAMINATION,validation
RUN-008385,WO-004193,P03,L06,MCH-034,PRD-066,2026-04-24,32.55,1.1269,1.0,G3_junior,7.6,88.6,51.151,3.067,0.89,0.1236,0.096,1,SOLDER_VOID,validation
RUN-008386,WO-004193,P03,L06,MCH-032,PRD-066,2026-04-24,34.63,0.9457,0.7,G3_junior,7.6,88.6,53.179,3.381,0.711,0.1051,0.08,1,DIMENSION,validation
RUN-008399,WO-004200,P03,L05,MCH-028,PRD-052,2026-04-25,23.23,1.1789,3.3,G2_mid,7.2,82.7,49.58,3.363,0.73,0.1351,0.12,1,SURFACE_DENT,validation
RUN-008400,WO-004200,P03,L05,MCH-030,PRD-052,2026-04-25,27.67,1.0715,11.8,G1_senior,7.2,82.7,48.619,3.409,0.89,0.05,0.072,1,SURFACE_DENT,validation
RUN-008401,WO-004201,P03,L05,MCH-025,PRD-052,2026-04-25,27.75,1.0175,3.3,G2_mid,7.2,82.7,50.775,3.116,0.885,0.0691,0.08,1,SCRATCH,validation
RUN-008402,WO-004201,P03,L05,MCH-027,PRD-052,2026-04-25,22.66,1.0644,0.6,G3_junior,7.2,82.7,46.001,2.787,0.968,0.151,0.1,1,SOLDER_VOID,validation
RUN-008403,WO-004202,P03,L06,MCH-034,PRD-022,2026-04-25,17.26,0.9128,14.6,G1_senior,4.3,85.8,44.068,2.925,0.744,0.0268,0.015,0,DIMENSION,validation
RUN-008404,WO-004202,P03,L06,MCH-033,PRD-022,2026-04-25,18.75,1.0135,1.2,G3_junior,4.3,85.8,52.296,3.573,0.802,0,0.024,0,NONE,validation
RUN-008405,WO-004203,P03,L06,MCH-035,PRD-035,2026-04-25,16.78,0.9525,2.0,G3_junior,4.3,84.7,60.325,6.499,0.84,0.033,0.025,0,MISSING_PART,validation
RUN-008406,WO-004203,P03,L06,MCH-033,PRD-035,2026-04-25,22.45,1.1019,1.8,G3_junior,4.3,84.7,52.296,3.573,0.894,0.0244,0.02,0,SCRATCH,validation
RUN-008417,WO-004209,P03,L05,MCH-028,PRD-007,2026-04-26,18.31,0.937,1.0,G3_junior,3.9,88.0,53.861,3.698,0.874,0.0495,0.055,1,SURFACE_DENT,validation
RUN-008418,WO-004209,P03,L05,MCH-025,PRD-007,2026-04-26,21.39,1.1592,7.2,G2_mid,3.9,88.0,52.742,3.681,1.034,0.0511,0.035,0,CONTAMINATION,validation
RUN-008419,WO-004210,P03,L05,MCH-028,PRD-008,2026-04-26,18.27,0.9754,0.7,G3_junior,3.4,84.5,53.861,3.698,1.039,0,0.04,0,SURFACE_DENT,validation
RUN-008420,WO-004210,P03,L05,MCH-027,PRD-008,2026-04-26,17.88,1.044,8.2,G1_senior,3.4,84.5,45.895,2.762,0.869,0.0667,0.01,0,DIMENSION,validation
RUN-008421,WO-004211,P03,L06,MCH-036,PRD-074,2026-04-26,33.18,0.8286,2.8,G3_junior,6.4,95.9,49.546,3.049,0.942,0.0616,0.05,0,SOLDER_VOID,validation
RUN-008422,WO-004211,P03,L06,MCH-031,PRD-074,2026-04-26,33.58,0.9809,0,G0_unknown,6.4,95.9,52.792,3.457,1.001,0.0401,0.035,0,SURFACE_DENT,validation
RUN-008447,WO-004224,P03,L05,MCH-028,PRD-063,2026-04-27,28.32,0.9116,2.2,G3_junior,5.7,84.5,53.296,3.174,1.038,0.0809,0.06,1,SOLDER_VOID,validation
RUN-008448,WO-004224,P03,L05,MCH-030,PRD-063,2026-04-27,23.22,1.1139,1.6,G3_junior,5.7,84.5,53.796,2.981,0.807,0.0725,0.035,0,SOLDER_VOID,validation
RUN-008449,WO-004225,P03,L05,MCH-025,PRD-063,2026-04-27,36.68,1.1365,0.7,G3_junior,5.7,84.5,52.673,3.193,0.922,0.0751,0.08,1,SCRATCH,validation
RUN-008450,WO-004225,P03,L05,MCH-030,PRD-063,2026-04-27,34.99,0.8557,5.8,G2_mid,5.7,84.5,53.796,2.981,0.99,0.0352,0.05,0,SOLDER_VOID,validation
RUN-008451,WO-004226,P03,L05,MCH-029,PRD-021,2026-04-27,29.05,0.9715,0.2,G3_junior,3.0,95.9,53.636,3.305,0.841,0.0062,0.0,0,NONE,validation
RUN-008452,WO-004226,P03,L05,MCH-027,PRD-021,2026-04-27,30.41,1.1803,7.6,G2_mid,3.0,95.9,54.503,3.071,0.793,0.0313,0.0125,0,SCRATCH,validation
RUN-008453,WO-004227,P03,L06,MCH-031,PRD-006,2026-04-27,47.42,0.861,2.8,G3_junior,7.3,92.1,53.475,3.931,0.74,0.056,0.08,1,SCRATCH,validation
RUN-008454,WO-004227,P03,L06,MCH-034,PRD-006,2026-04-27,45.49,1.0912,5.7,G2_mid,7.3,92.1,53.454,2.907,0.977,0.0074,0.06,1,DIMENSION,validation
RUN-008455,WO-004228,P03,L06,MCH-032,PRD-017,2026-04-27,22.74,0.9955,0.6,G3_junior,4.3,96.3,53.916,3.725,0.782,0.0391,0.02,0,SCRATCH,validation
RUN-008456,WO-004228,P03,L06,MCH-035,PRD-017,2026-04-27,20.38,1.1631,1.6,G3_junior,4.3,96.3,72.643,8.417,0.883,0.0304,0.03,0,SOLDER_VOID,validation
RUN-008457,WO-004229,P03,L06,MCH-035,PRD-006,2026-04-27,37.95,0.9551,0.2,G3_junior,7.3,92.1,72.643,8.417,0.796,0.1014,0.06,1,SURFACE_DENT,validation
RUN-008458,WO-004229,P03,L06,MCH-033,PRD-006,2026-04-27,35.21,1.0884,1.4,G3_junior,7.3,92.1,53.533,2.918,1.08,0.0578,0.04,0,MISSING_PART,validation
RUN-008483,WO-004242,P03,L05,MCH-025,PRD-075,2026-04-28,18.91,0.9855,3.2,G2_mid,6.8,96.3,53.75,3.08,0.93,0.0449,0.056,1,CONTAMINATION,validation
RUN-008484,WO-004242,P03,L05,MCH-028,PRD-075,2026-04-28,25.41,1.1698,0.6,G3_junior,6.8,96.3,53.716,3.215,1.072,0.0446,0.05,0,SOLDER_VOID,validation
RUN-008485,WO-004243,P03,L05,MCH-030,PRD-062,2026-04-28,33.28,0.8247,3.3,G2_mid,6.8,71.4,52.255,3.115,0.752,0.1769,0.12,1,SCRATCH,validation
RUN-008486,WO-004243,P03,L05,MCH-028,PRD-062,2026-04-28,29.76,1.0959,7.2,G2_mid,6.8,71.4,53.716,3.215,0.706,0.118,0.12,1,SURFACE_DENT,validation
RUN-008487,WO-004244,P03,L05,MCH-028,PRD-043,2026-04-28,18.37,0.9443,1.6,G3_junior,4.2,84.5,53.716,3.215,0.818,0.0124,0.04,0,SCRATCH,validation
RUN-008488,WO-004244,P03,L05,MCH-027,PRD-043,2026-04-28,18.96,0.9033,2.2,G3_junior,4.2,84.5,50.34,3.522,0.71,0.0958,0.0625,1,DIMENSION,validation
RUN-008489,WO-004245,P03,L06,MCH-034,PRD-010,2026-04-28,15.66,0.9251,1.4,G3_junior,6.9,97.0,50.676,2.89,0.658,0.056,0.04,0,SURFACE_DENT,validation
RUN-008490,WO-004245,P03,L06,MCH-035,PRD-010,2026-04-28,12.4,1.1369,6.5,G2_mid,6.9,97.0,53.933,3.302,0.903,0.034,0.04,0,SOLDER_VOID,validation
RUN-008491,WO-004246,P03,L06,MCH-034,PRD-010,2026-04-28,19.51,0.8217,1.0,G3_junior,6.9,97.0,50.676,2.89,1.06,0.007,0.0375,0,SCRATCH,validation
RUN-008492,WO-004246,P03,L06,MCH-036,PRD-010,2026-04-28,20.82,0.8601,2.1,G3_junior,6.9,97.0,51.611,3.349,0.885,0.0186,0.03,0,DIMENSION,validation
RUN-008493,WO-004247,P03,L06,MCH-036,PRD-078,2026-04-28,20.37,1.1499,1.3,G3_junior,4.6,84.7,51.611,3.349,0.933,0.0317,0.04,0,SOLDER_VOID,validation
RUN-008494,WO-004247,P03,L06,MCH-033,PRD-078,2026-04-28,14.2,1.0254,1.0,G3_junior,4.6,84.7,59.15,3.72,0.667,0.0559,0.04,0,DIMENSION,validation
RUN-008519,WO-004260,P03,L05,MCH-027,PRD-029,2026-04-29,18.3,0.8782,3.4,G2_mid,6.6,87.0,51.712,2.787,0.729,0.0433,0.06,1,SCRATCH,validation
RUN-008520,WO-004260,P03,L05,MCH-028,PRD-029,2026-04-29,22.4,0.8918,1.2,G3_junior,6.6,87.0,54.558,3.446,0.753,0.0544,0.075,1,SURFACE_DENT,validation
RUN-008521,WO-004261,P03,L05,MCH-029,PRD-025,2026-04-29,32.82,0.8917,7.6,G2_mid,3.5,87.0,50.584,3.227,1.08,0.0298,0.02,0,CONTAMINATION,validation
RUN-008522,WO-004261,P03,L05,MCH-026,PRD-025,2026-04-29,26.72,0.8908,3.1,G2_mid,3.5,87.0,55.841,3.203,0.761,0.0288,0.0,0,NONE,validation
RUN-008523,WO-004262,P03,L05,MCH-028,PRD-025,2026-04-29,16.5,0.9331,0.2,G3_junior,3.5,87.0,54.558,3.446,1.094,0.024,0.02,0,SCRATCH,validation
RUN-008524,WO-004262,P03,L05,MCH-027,PRD-025,2026-04-29,17.68,1.1756,11.5,G1_senior,3.5,87.0,51.712,2.787,0.952,0.0054,0.016,0,MISSING_PART,validation
RUN-008525,WO-004263,P03,L06,MCH-032,PRD-058,2026-04-29,31.72,1.1434,0.2,G3_junior,8.8,71.4,51.134,3.133,0.674,0.1399,0.145,1,DIMENSION,validation
RUN-008526,WO-004263,P03,L06,MCH-035,PRD-058,2026-04-29,35.45,1.1851,11.2,G1_senior,8.8,71.4,52.049,3.651,0.835,0.1667,0.16,1,MISSING_PART,validation
RUN-008527,WO-004264,P03,L06,MCH-033,PRD-058,2026-04-29,31.23,0.9671,0.4,G3_junior,8.8,71.4,55.02,3.21,0.736,0.127,0.12,1,MISSING_PART,validation
RUN-008528,WO-004264,P03,L06,MCH-035,PRD-058,2026-04-29,26.19,1.1034,3.3,G2_mid,8.8,71.4,52.049,3.651,0.829,0.1425,0.144,1,SURFACE_DENT,validation
RUN-008529,WO-004265,P03,L06,MCH-036,PRD-034,2026-04-29,20.39,0.9809,0.6,G3_junior,2.6,96.1,52.21,3.331,0.954,0.0333,0.01,0,SCRATCH,validation
RUN-008530,WO-004265,P03,L06,MCH-034,PRD-034,2026-04-29,19.38,1.169,1.0,G3_junior,2.6,96.1,51.233,2.595,0.635,0,0.0,0,NONE,validation
RUN-008555,WO-004278,P03,L05,MCH-027,PRD-033,2026-04-30,21.89,0.8522,0.2,G3_junior,4.7,88.0,51.792,3.12,0.912,0.0304,0.032,0,SURFACE_DENT,validation
RUN-008556,WO-004278,P03,L05,MCH-030,PRD-033,2026-04-30,23.41,0.8311,2.6,G3_junior,4.7,88.0,51.061,3.62,0.941,0.0656,0.03,0,CONTAMINATION,validation
RUN-008557,WO-004279,P03,L05,MCH-028,PRD-033,2026-04-30,19.45,0.9139,0.8,G3_junior,4.7,88.0,56.972,3.368,1.073,0,0.03,0,MISSING_PART,validation
RUN-008558,WO-004279,P03,L05,MCH-025,PRD-033,2026-04-30,19.55,0.8223,7.0,G2_mid,4.7,88.0,52.209,3.085,1.063,0.0062,0.02,0,SOLDER_VOID,validation
RUN-008559,WO-004280,P03,L05,MCH-027,PRD-071,2026-04-30,36.75,1.1143,0.7,G3_junior,6.2,84.7,51.792,3.12,0.666,0.0813,0.06,1,MISSING_PART,validation
RUN-008560,WO-004280,P03,L05,MCH-028,PRD-071,2026-04-30,34.75,1.1414,3.4,G2_mid,6.2,84.7,56.972,3.368,0.873,0.0738,0.065,1,SCRATCH,validation
RUN-008561,WO-004281,P03,L06,MCH-033,PRD-006,2026-04-30,31.82,0.8204,0.8,G3_junior,7.3,92.1,55.924,3.286,0.926,0,0.06,1,SOLDER_VOID,validation
RUN-008562,WO-004281,P03,L06,MCH-034,PRD-006,2026-04-30,33.57,1.0392,4.6,G2_mid,7.3,92.1,51.037,3.029,0.703,0.1025,0.05,0,SURFACE_DENT,validation
RUN-008563,WO-004282,P03,L06,MCH-034,PRD-054,2026-04-30,30.61,1.0802,0.7,G3_junior,6.3,71.4,51.037,3.029,0.712,0.0597,0.1,1,MISSING_PART,validation
RUN-008564,WO-004282,P03,L06,MCH-035,PRD-054,2026-04-30,28.5,0.9256,18,G1_senior,6.3,71.4,51.318,3.375,0.695,0.0421,0.065,1,NONE,validation
RUN-008565,WO-004283,P03,L06,MCH-033,PRD-035,2026-04-30,34.44,0.9553,0.2,G3_junior,4.3,84.7,55.924,3.286,0.915,0.043,0.05,0,DIMENSION,validation
RUN-008566,WO-004283,P03,L06,MCH-034,PRD-035,2026-04-30,31.8,0.9728,3.1,G2_mid,4.3,84.7,51.037,3.029,1.023,0.0557,0.0375,0,SURFACE_DENT,validation
RUN-008591,WO-004296,P03,L05,MCH-025,PRD-080,2026-05-01,25.93,0.9543,3.2,G2_mid,5.2,84.5,52.99,3.085,0.691,0,0.03,0,SURFACE_DENT,validation
RUN-008592,WO-004296,P03,L05,MCH-026,PRD-080,2026-05-01,23.28,1.0422,7.2,G2_mid,5.2,84.5,56.286,3.412,0.805,0.0113,0.035,0,SOLDER_VOID,validation
RUN-008593,WO-004297,P03,L05,MCH-029,PRD-054,2026-05-01,16.92,1.0504,0.6,G3_junior,6.3,71.4,52.607,3.362,0.834,0.0919,0.12,1,DIMENSION,validation
RUN-008594,WO-004297,P03,L05,MCH-025,PRD-054,2026-05-01,23.87,0.9198,1.6,G3_junior,6.3,71.4,52.99,3.085,1.083,0.1041,0.096,1,SOLDER_VOID,validation
RUN-008595,WO-004298,P03,L05,MCH-027,PRD-080,2026-05-01,40.22,0.9044,11.2,G1_senior,5.2,84.5,53.236,9.249,0.817,0,0.01,0,SURFACE_DENT,validation
RUN-008596,WO-004298,P03,L05,MCH-030,PRD-080,2026-05-01,41.41,0.9279,8.9,G1_senior,5.2,84.5,55.351,3.112,1.036,0.0164,0.02,0,DIMENSION,validation
RUN-008597,WO-004299,P03,L06,MCH-036,PRD-017,2026-05-01,23.95,0.9738,1.6,G3_junior,4.3,96.3,51.669,3.155,1.091,0.0518,0.02,0,DIMENSION,validation
RUN-008598,WO-004299,P03,L06,MCH-033,PRD-017,2026-05-01,26.9,1.0185,11.8,G1_senior,4.3,96.3,53.842,3.212,0.663,0.0264,0.005,0,DIMENSION,validation
RUN-008599,WO-004300,P03,L06,MCH-031,PRD-061,2026-05-01,29.46,0.8296,2.3,G3_junior,4.8,76.8,55.249,3.407,1.027,0.0792,0.06,1,CONTAMINATION,validation
RUN-008600,WO-004300,P03,L06,MCH-034,PRD-061,2026-05-01,27.67,0.9306,6.5,G2_mid,4.8,76.8,51.081,2.742,0.83,0.0978,0.07,1,CONTAMINATION,validation
RUN-008601,WO-004301,P03,L06,MCH-034,PRD-017,2026-05-01,15.34,1.019,2.9,G3_junior,4.3,96.3,51.081,2.742,0.918,0.0832,0.03,0,DIMENSION,validation
RUN-008602,WO-004301,P03,L06,MCH-032,PRD-017,2026-05-01,13.54,1.0434,0.2,G3_junior,4.3,96.3,53.099,3.277,0.896,0.0215,0.03,0,MISSING_PART,validation
RUN-008627,WO-004314,P03,L06,MCH-032,PRD-014,2026-05-03,24.7,1.0953,18,G1_senior,5.0,85.8,46.882,3.388,1.036,0.0139,0.04,0,NONE,validation
RUN-008628,WO-004314,P03,L06,MCH-034,PRD-014,2026-05-03,23.72,0.8532,2.1,G3_junior,5.0,85.8,42.555,2.264,0.854,0.0515,0.05,0,SCRATCH,validation
RUN-008629,WO-004315,P03,L06,MCH-033,PRD-014,2026-05-03,27.45,0.9986,5.7,G2_mid,5.0,85.8,49.848,2.972,0.68,0.0804,0.05,0,DIMENSION,validation
RUN-008630,WO-004315,P03,L06,MCH-031,PRD-014,2026-05-03,25.77,0.9095,4.8,G2_mid,5.0,85.8,50.543,3.286,0.672,0.0247,0.025,0,SCRATCH,validation
RUN-008655,WO-004328,P03,L05,MCH-026,PRD-071,2026-05-04,30.22,0.9458,0.2,G3_junior,6.2,84.7,55.167,3.28,0.974,0.06,0.04,0,SOLDER_VOID,validation
RUN-008656,WO-004328,P03,L05,MCH-027,PRD-071,2026-05-04,24.5,1.0732,15.7,G1_senior,6.2,84.7,52.447,3.278,1.036,0.059,0.03,0,SURFACE_DENT,validation
RUN-008657,WO-004329,P03,L05,MCH-027,PRD-071,2026-05-04,24.34,1.0632,1.7,G3_junior,6.2,84.7,52.447,3.278,0.933,0.0653,0.075,1,SCRATCH,validation
RUN-008658,WO-004329,P03,L05,MCH-028,PRD-071,2026-05-04,27.67,0.9799,2.7,G3_junior,6.2,84.7,52.878,3.597,0.822,0.0427,0.05,0,MISSING_PART,validation
RUN-008659,WO-004330,P03,L05,MCH-027,PRD-071,2026-05-04,16.48,1.0772,2.8,G3_junior,6.2,84.7,52.447,3.278,0.86,0.0708,0.05,0,SOLDER_VOID,validation
RUN-008660,WO-004330,P03,L05,MCH-030,PRD-071,2026-05-04,18.63,1.0732,0.2,G3_junior,6.2,84.7,52.413,3.351,0.709,0.0329,0.04,0,SCRATCH,validation
RUN-008661,WO-004331,P03,L06,MCH-034,PRD-016,2026-05-04,29.43,1.11,1.7,G3_junior,4.3,85.8,50.247,2.794,0.944,0.0189,0.055,1,SOLDER_VOID,validation
RUN-008662,WO-004331,P03,L06,MCH-033,PRD-016,2026-05-04,22.38,0.908,0.2,G3_junior,4.3,85.8,54.687,2.992,0.893,0.0761,0.048,0,DIMENSION,validation
RUN-008663,WO-004332,P03,L06,MCH-033,PRD-016,2026-05-04,21.9,1.016,10.6,G1_senior,4.3,85.8,54.687,2.992,1.053,0,0.04,0,DIMENSION,validation
RUN-008664,WO-004332,P03,L06,MCH-034,PRD-016,2026-05-04,18.06,1.032,4.8,G2_mid,4.3,85.8,50.247,2.794,0.859,0.0266,0.03,0,DIMENSION,validation
RUN-008665,WO-004333,P03,L06,MCH-032,PRD-016,2026-05-04,23.37,1.191,6.5,G2_mid,4.3,85.8,50.916,3.452,1.052,0.0104,0.025,0,DIMENSION,validation
RUN-008666,WO-004333,P03,L06,MCH-034,PRD-016,2026-05-04,24.95,0.967,6.1,G2_mid,4.3,85.8,50.247,2.794,0.633,0.0289,0.02,0,CONTAMINATION,validation
RUN-008691,WO-004346,P03,L05,MCH-025,PRD-029,2026-05-05,22.81,0.9571,3.0,G3_junior,6.6,87.0,56.714,3.537,0.997,0.0467,0.075,1,SCRATCH,validation
RUN-008692,WO-004346,P03,L05,MCH-027,PRD-029,2026-05-05,21.78,1.1517,0.2,G3_junior,6.6,87.0,51.035,3.142,0.674,0.1125,0.08,1,DIMENSION,validation
RUN-008693,WO-004347,P03,L05,MCH-029,PRD-013,2026-05-05,28.21,1.1334,8.9,G1_senior,4.9,95.9,48.536,3.035,0.656,0,0.02,0,DIMENSION,validation
RUN-008694,WO-004347,P03,L05,MCH-027,PRD-013,2026-05-05,35.23,0.912,1.4,G3_junior,4.9,95.9,51.035,3.142,0.767,0.0472,0.03,0,CONTAMINATION,validation
RUN-008695,WO-004348,P03,L05,MCH-028,PRD-029,2026-05-05,39.06,0.9395,1.0,G3_junior,6.6,87.0,54.804,3.591,0.942,0.0434,0.055,1,MISSING_PART,validation
RUN-008696,WO-004348,P03,L05,MCH-030,PRD-029,2026-05-05,35.31,1.1925,6.1,G2_mid,6.6,87.0,53.662,3.089,0.663,0.0607,0.088,1,SCRATCH,validation
RUN-008697,WO-004349,P03,L06,MCH-031,PRD-067,2026-05-05,5.5,1.1226,0.2,G3_junior,4.5,71.0,53.166,3.404,1.066,0.0502,0.08,1,MISSING_PART,validation
RUN-008698,WO-004349,P03,L06,MCH-032,PRD-067,2026-05-05,10.53,1.092,12.8,G1_senior,4.5,71.0,52.665,3.037,0.838,0.0745,0.06,1,DIMENSION,validation
RUN-008699,WO-004350,P03,L06,MCH-034,PRD-066,2026-05-05,22.0,1.0535,7.0,G2_mid,7.6,88.6,49.337,2.597,1.062,0.0546,0.04,0,SURFACE_DENT,validation
RUN-008700,WO-004350,P03,L06,MCH-036,PRD-066,2026-05-05,22.53,0.8859,11.2,G1_senior,7.6,88.6,55.288,3.198,1.044,0.0204,0.048,0,SCRATCH,validation
RUN-008701,WO-004351,P03,L06,MCH-034,PRD-067,2026-05-05,28.54,1.1382,2.3,G3_junior,4.5,71.0,49.337,2.597,1.041,0.0478,0.075,1,MISSING_PART,validation
RUN-008702,WO-004351,P03,L06,MCH-033,PRD-067,2026-05-05,30.56,1.1332,8.2,G1_senior,4.5,71.0,53.624,3.753,0.961,0.0852,0.0875,1,SCRATCH,validation
RUN-008727,WO-004364,P03,L05,MCH-025,PRD-013,2026-05-06,14.0,0.9553,3.3,G2_mid,4.9,95.9,54.125,2.927,0.668,0,0.0,0,NONE,validation
RUN-008728,WO-004364,P03,L05,MCH-030,PRD-013,2026-05-06,19.21,0.8341,10.6,G1_senior,4.9,95.9,53.501,3.154,0.819,0.0028,0.0,0,NONE,validation
RUN-008729,WO-004365,P03,L05,MCH-028,PRD-013,2026-05-06,21.25,0.9892,2.8,G3_junior,4.9,95.9,54.091,3.496,0.868,0.0102,0.0,0,NONE,validation
RUN-008730,WO-004365,P03,L05,MCH-029,PRD-013,2026-05-06,20.81,1.0853,8.2,G1_senior,4.9,95.9,47.522,2.689,1.058,0,0.02,0,MISSING_PART,validation
RUN-008731,WO-004366,P03,L05,MCH-027,PRD-029,2026-05-06,26.31,0.8259,12.8,G1_senior,6.6,87.0,49.301,3.228,1.079,0.0344,0.04,0,NONE,validation
RUN-008732,WO-004366,P03,L05,MCH-028,PRD-029,2026-05-06,20.1,1.0925,7.6,G2_mid,6.6,87.0,54.091,3.496,0.657,0.1055,0.048,0,SOLDER_VOID,validation
RUN-008733,WO-004367,P03,L06,MCH-036,PRD-013,2026-05-06,22.68,1.0609,1.0,G3_junior,4.9,95.9,55.047,3.419,0.933,0.0298,0.024,0,SURFACE_DENT,validation
RUN-008734,WO-004367,P03,L06,MCH-032,PRD-013,2026-05-06,26.34,1.0278,2.8,G3_junior,4.9,95.9,53.018,5.318,1.073,0.0223,0.03,0,DIMENSION,validation
RUN-008735,WO-004368,P03,L06,MCH-034,PRD-066,2026-05-06,14.77,1.0559,8.9,G1_senior,7.6,88.6,49.026,2.538,1.044,0.0358,0.04,0,DIMENSION,validation
RUN-008736,WO-004368,P03,L06,MCH-033,PRD-066,2026-05-06,17.63,0.9138,6.1,G2_mid,7.6,88.6,56.38,3.573,0.647,0.0653,0.05,0,CONTAMINATION,validation
RUN-008737,WO-004369,P03,L06,MCH-033,PRD-013,2026-05-06,31.67,0.8876,1.0,G3_junior,4.9,95.9,56.38,3.573,0.649,0.0611,0.0375,0,MISSING_PART,validation
RUN-008738,WO-004369,P03,L06,MCH-036,PRD-013,2026-05-06,28.67,0.8991,2.0,G3_junior,4.9,95.9,55.047,3.419,0.792,0,0.008,0,SCRATCH,validation
RUN-008763,WO-004382,P03,L05,MCH-030,PRD-056,2026-05-07,26.17,0.9385,12.8,G1_senior,4.3,97.0,53.669,3.117,0.636,0.0441,0.0125,0,NONE,validation
RUN-008764,WO-004382,P03,L05,MCH-028,PRD-056,2026-05-07,25.99,1.0799,12.8,G1_senior,4.3,97.0,54.093,3.486,0.944,0.0111,0.015,0,SCRATCH,validation
RUN-008765,WO-004383,P03,L05,MCH-028,PRD-056,2026-05-07,28.56,0.9901,1.7,G3_junior,4.3,97.0,54.093,3.486,0.836,0.0371,0.015,0,DIMENSION,validation
RUN-008766,WO-004383,P03,L05,MCH-030,PRD-056,2026-05-07,26.46,0.8912,0.4,G3_junior,4.3,97.0,53.669,3.117,0.701,0,0.02,0,SOLDER_VOID,validation
RUN-008767,WO-004384,P03,L05,MCH-027,PRD-056,2026-05-07,34.1,0.9583,2.8,G3_junior,4.3,97.0,51.243,7.503,0.623,0,0.0,0,NONE,validation
RUN-008768,WO-004384,P03,L05,MCH-025,PRD-056,2026-05-07,34.73,0.9244,2.3,G3_junior,4.3,97.0,52.087,3.434,0.934,0.0361,0.02,0,MISSING_PART,validation
RUN-008769,WO-004385,P03,L06,MCH-033,PRD-004,2026-05-07,28.98,0.9237,2.3,G3_junior,3.9,95.9,55.351,3.812,0.789,0.0223,0.03,0,MISSING_PART,validation
RUN-008770,WO-004385,P03,L06,MCH-031,PRD-004,2026-05-07,31.53,1.1093,2.3,G3_junior,3.9,95.9,57.893,3.724,1.029,0,0.02,0,SURFACE_DENT,validation
RUN-008771,WO-004386,P03,L06,MCH-036,PRD-004,2026-05-07,23.96,1.0228,14.6,G1_senior,3.9,95.9,52.841,6.303,0.69,0.0201,0.0,0,NONE,validation
RUN-008772,WO-004386,P03,L06,MCH-032,PRD-004,2026-05-07,27.26,1.1742,7.6,G2_mid,3.9,95.9,54.124,3.578,0.674,0.0341,0.032,0,CONTAMINATION,validation
RUN-008773,WO-004387,P03,L06,MCH-033,PRD-004,2026-05-07,29.34,1.1021,5.7,G2_mid,3.9,95.9,55.351,3.812,1.06,0,0.04,0,CONTAMINATION,validation
RUN-008774,WO-004387,P03,L06,MCH-032,PRD-004,2026-05-07,23.92,0.9976,2.0,G3_junior,3.9,95.9,54.124,3.578,0.819,0.0574,0.04,0,SURFACE_DENT,validation
RUN-008799,WO-004400,P03,L05,MCH-028,PRD-045,2026-05-08,18.19,1.0939,18,G1_senior,2.5,97.0,54.304,3.132,0.76,0,0.005,0,NONE,validation
RUN-008800,WO-004400,P03,L05,MCH-027,PRD-045,2026-05-08,16.0,1.0415,2.0,G3_junior,2.5,97.0,50.855,2.904,0.935,0.0241,0.0,0,NONE,validation
RUN-008801,WO-004401,P03,L05,MCH-030,PRD-063,2026-05-08,33.47,1.0679,1.4,G3_junior,5.7,84.5,52.325,3.282,0.876,0.051,0.065,1,SCRATCH,validation
RUN-008802,WO-004401,P03,L05,MCH-028,PRD-063,2026-05-08,28.79,1.0354,3.3,G2_mid,5.7,84.5,54.304,3.132,0.966,0.0714,0.08,1,CONTAMINATION,validation
RUN-008803,WO-004402,P03,L05,MCH-027,PRD-029,2026-05-08,19.11,1.1048,0,G0_unknown,6.6,87.0,50.855,2.904,1.081,0.0926,0.0875,1,SOLDER_VOID,validation
RUN-008804,WO-004402,P03,L05,MCH-028,PRD-029,2026-05-08,14.57,1.0687,7.6,G2_mid,6.6,87.0,54.304,3.132,0.869,0.0425,0.04,0,CONTAMINATION,validation
RUN-008805,WO-004403,P03,L06,MCH-035,PRD-073,2026-05-08,17.86,1.016,7.6,G2_mid,3.4,87.4,51.963,2.895,1.024,0,0.02,0,DIMENSION,validation
RUN-008806,WO-004403,P03,L06,MCH-036,PRD-073,2026-05-08,22.59,1.1327,2.3,G3_junior,3.4,87.4,53.744,3.264,0.873,0.0378,0.04,0,SCRATCH,validation
RUN-008807,WO-004404,P03,L06,MCH-031,PRD-024,2026-05-08,28.24,0.904,2.3,G3_junior,7.6,85.8,52.368,3.67,0.785,0.0996,0.1,1,DIMENSION,validation
RUN-008808,WO-004404,P03,L06,MCH-035,PRD-024,2026-05-08,24.13,0.9924,1.3,G3_junior,7.6,85.8,51.963,2.895,0.74,0.1009,0.1,1,DIMENSION,validation
RUN-008809,WO-004405,P03,L06,MCH-033,PRD-073,2026-05-08,17.0,1.084,0.2,G3_junior,3.4,87.4,54.003,3.688,0.982,0.0505,0.03,0,DIMENSION,validation
RUN-008810,WO-004405,P03,L06,MCH-034,PRD-073,2026-05-08,17.32,0.9,4.6,G2_mid,3.4,87.4,47.544,2.586,1.092,0.0571,0.015,0,SCRATCH,validation
RUN-008821,WO-004411,P03,L05,MCH-026,PRD-015,2026-05-09,27.14,0.8985,0.2,G3_junior,8.8,92.1,50.621,3.113,0.709,0.0999,0.09,1,SOLDER_VOID,validation
RUN-008822,WO-004411,P03,L05,MCH-025,PRD-015,2026-05-09,27.06,1.1529,12.8,G1_senior,8.8,92.1,52.93,3.696,0.741,0.0102,0.05,0,DIMENSION,validation
RUN-008823,WO-004412,P03,L05,MCH-027,PRD-008,2026-05-09,20.05,1.0359,4.7,G2_mid,3.4,84.5,48.587,3.125,1.006,0,0.032,0,CONTAMINATION,validation
RUN-008824,WO-004412,P03,L05,MCH-026,PRD-008,2026-05-09,22.12,1.0936,0.2,G3_junior,3.4,84.5,50.621,3.113,0.874,0.0165,0.02,0,MISSING_PART,validation
RUN-008825,WO-004413,P03,L06,MCH-031,PRD-062,2026-05-09,30.02,1.0443,4.8,G2_mid,6.8,71.4,50.81,3.459,0.695,0.0928,0.1,1,MISSING_PART,validation
RUN-008826,WO-004413,P03,L06,MCH-034,PRD-062,2026-05-09,28.21,0.8691,0.8,G3_junior,6.8,71.4,49.28,2.479,0.741,0.0855,0.1,1,SCRATCH,validation
RUN-008827,WO-004414,P03,L06,MCH-035,PRD-010,2026-05-09,36.55,1.1419,2.2,G3_junior,6.9,97.0,49.262,3.282,1.013,0,0.0125,0,SURFACE_DENT,validation
RUN-008828,WO-004414,P03,L06,MCH-031,PRD-010,2026-05-09,33.98,0.8532,15.7,G1_senior,6.9,97.0,50.81,3.459,0.831,0,0.03,0,MISSING_PART,validation
RUN-008841,WO-004421,P03,L05,MCH-030,PRD-071,2026-05-10,32.6,0.9408,2.1,G3_junior,6.2,84.7,47.799,3.244,0.741,0.064,0.06,1,SCRATCH,validation
RUN-008842,WO-004421,P03,L05,MCH-026,PRD-071,2026-05-10,28.56,0.9077,1.4,G3_junior,6.2,84.7,53.583,3.274,0.893,0.0344,0.064,1,SCRATCH,validation
RUN-008843,WO-004422,P03,L06,MCH-033,PRD-012,2026-05-10,21.92,1.0768,3.3,G2_mid,2.1,92.1,48.082,2.842,0.622,0.0262,0.02,0,SCRATCH,validation
RUN-008844,WO-004422,P03,L06,MCH-032,PRD-012,2026-05-10,16.93,0.9248,3.2,G2_mid,2.1,92.1,49.769,3.478,0.804,0.0044,0.008,0,SURFACE_DENT,validation
RUN-008869,WO-004435,P03,L05,MCH-027,PRD-052,2026-05-11,30.61,0.9285,1.4,G3_junior,7.2,82.7,51.066,2.826,0.643,0.0915,0.07,1,MISSING_PART,validation
RUN-008870,WO-004435,P03,L05,MCH-028,PRD-052,2026-05-11,29.61,1.0684,2.8,G3_junior,7.2,82.7,56.746,3.158,0.892,0.0606,0.06,1,MISSING_PART,validation
RUN-008871,WO-004436,P03,L05,MCH-027,PRD-033,2026-05-11,27.24,1.0788,7.6,G2_mid,4.7,88.0,51.066,2.826,0.939,0.0501,0.0375,0,SOLDER_VOID,validation
RUN-008872,WO-004436,P03,L05,MCH-029,PRD-033,2026-05-11,28.33,1.1791,4.7,G2_mid,4.7,88.0,54.628,2.955,0.8,0.02,0.04,0,DIMENSION,validation
RUN-008873,WO-004437,P03,L05,MCH-025,PRD-079,2026-05-11,23.79,1.1325,5.7,G2_mid,3.3,71.4,51.283,3.635,0.991,0.0564,0.05,0,MISSING_PART,validation
RUN-008874,WO-004437,P03,L05,MCH-028,PRD-079,2026-05-11,24.74,0.8225,1.8,G3_junior,3.3,71.4,56.746,3.158,0.729,0.0623,0.08,1,CONTAMINATION,validation
RUN-008875,WO-004438,P03,L06,MCH-035,PRD-059,2026-05-11,18.91,0.8955,0.6,G3_junior,5.9,88.6,54.767,8.214,0.759,0.0979,0.064,1,CONTAMINATION,validation
RUN-008876,WO-004438,P03,L06,MCH-033,PRD-059,2026-05-11,13.46,0.9966,2.9,G3_junior,5.9,88.6,53.507,3.374,0.891,0.0354,0.0625,1,SOLDER_VOID,validation
RUN-008877,WO-004439,P03,L06,MCH-031,PRD-014,2026-05-11,18.4,1.0933,1.8,G3_junior,5.0,85.8,57.835,3.727,0.878,0.037,0.065,1,CONTAMINATION,validation
RUN-008878,WO-004439,P03,L06,MCH-032,PRD-014,2026-05-11,17.01,0.9369,5.7,G2_mid,5.0,85.8,52.103,10.732,0.687,0.0796,0.04,0,DIMENSION,validation
RUN-008879,WO-004440,P03,L06,MCH-031,PRD-038,2026-05-11,16.03,0.9423,2.8,G3_junior,3.2,85.8,57.835,3.727,0.914,0.0046,0.02,0,CONTAMINATION,validation
RUN-008880,WO-004440,P03,L06,MCH-032,PRD-038,2026-05-11,11.71,0.9411,6.5,G2_mid,3.2,85.8,52.103,10.732,0.783,0.0306,0.05,0,CONTAMINATION,validation
RUN-008905,WO-004453,P03,L05,MCH-027,PRD-029,2026-05-12,40.57,1.2218,1.0,G3_junior,6.6,87.0,52.372,2.976,0.874,0.0837,0.08,1,CONTAMINATION,validation
RUN-008906,WO-004453,P03,L05,MCH-028,PRD-029,2026-05-12,40.19,1.1054,2.8,G3_junior,6.6,87.0,52.291,3.278,1.044,0.0984,0.056,1,MISSING_PART,validation
RUN-008907,WO-004454,P03,L05,MCH-028,PRD-062,2026-05-12,25.7,0.8351,1.7,G3_junior,6.8,71.4,52.291,3.278,0.846,0.0943,0.1125,1,MISSING_PART,validation
RUN-008908,WO-004454,P03,L05,MCH-025,PRD-062,2026-05-12,25.78,0.8804,3.1,G2_mid,6.8,71.4,51.972,3.285,0.78,0.1276,0.12,1,SCRATCH,validation
RUN-008909,WO-004455,P03,L05,MCH-026,PRD-062,2026-05-12,25.46,0.8278,2.0,G3_junior,6.8,71.4,55.865,3.662,0.714,0.137,0.11,1,SOLDER_VOID,validation
RUN-008910,WO-004455,P03,L05,MCH-028,PRD-062,2026-05-12,29.66,1.0309,2.1,G3_junior,6.8,71.4,52.291,3.278,0.853,0.1281,0.12,1,SURFACE_DENT,validation
RUN-008911,WO-004456,P03,L06,MCH-032,PRD-034,2026-05-12,28.59,0.9809,1.2,G3_junior,2.6,96.1,52.381,3.165,0.88,0.0005,0.0,0,NONE,validation
RUN-008912,WO-004456,P03,L06,MCH-033,PRD-034,2026-05-12,24.01,0.8329,0.2,G3_junior,2.6,96.1,54.786,6.63,0.836,0.1113,0.02,0,SOLDER_VOID,validation
RUN-008913,WO-004457,P03,L06,MCH-036,PRD-034,2026-05-12,22.52,1.1446,2.6,G3_junior,2.6,96.1,53.418,3.172,0.759,0.0472,0.024,1,SOLDER_VOID,validation
RUN-008914,WO-004457,P03,L06,MCH-035,PRD-034,2026-05-12,21.6,0.9905,7.6,G2_mid,2.6,96.1,57.323,4.153,0.943,0.0002,0.0,0,NONE,validation
RUN-008915,WO-004458,P03,L06,MCH-034,PRD-022,2026-05-12,26.86,0.9968,1.8,G3_junior,4.3,85.8,48.425,2.895,0.897,0.0864,0.05,0,CONTAMINATION,validation
RUN-008916,WO-004458,P03,L06,MCH-031,PRD-022,2026-05-12,23.11,1.1301,11.5,G1_senior,4.3,85.8,54.747,3.313,1.097,0.0222,0.02,0,SOLDER_VOID,validation
RUN-008941,WO-004471,P03,L05,MCH-030,PRD-077,2026-05-13,17.73,1.1995,0.7,G3_junior,1.7,96.1,51.319,3.558,1.017,0.0417,0.016,0,MISSING_PART,validation
RUN-008942,WO-004471,P03,L05,MCH-028,PRD-077,2026-05-13,24.17,0.985,2.8,G3_junior,1.7,96.1,54.573,3.47,0.932,0,0.0,0,NONE,validation
RUN-008943,WO-004472,P03,L05,MCH-027,PRD-077,2026-05-13,14.4,0.9495,4.6,G2_mid,1.7,96.1,53.699,2.973,0.968,0.0624,0.0125,0,SURFACE_DENT,validation
RUN-008944,WO-004472,P03,L05,MCH-025,PRD-077,2026-05-13,8.1,1.1314,0.8,G3_junior,1.7,96.1,54.903,3.858,0.829,0,0.01,0,SCRATCH,validation
RUN-008945,WO-004473,P03,L05,MCH-026,PRD-077,2026-05-13,9.38,1.0723,4.6,G2_mid,1.7,96.1,53.832,3.433,0.741,0.0109,0.0,0,NONE,validation
RUN-008946,WO-004473,P03,L05,MCH-030,PRD-077,2026-05-13,11.89,0.9986,1.4,G3_junior,1.7,96.1,51.319,3.558,0.859,0,0.0,0,NONE,validation
RUN-008947,WO-004474,P03,L06,MCH-033,PRD-034,2026-05-13,25.66,0.8907,5.8,G2_mid,2.6,96.1,52.257,3.498,0.7,0.0309,0.02,0,SURFACE_DENT,validation
RUN-008948,WO-004474,P03,L06,MCH-035,PRD-034,2026-05-13,27.68,1.0401,1.0,G3_junior,2.6,96.1,58.637,5.142,0.836,0.0318,0.008,0,SURFACE_DENT,validation
RUN-008949,WO-004475,P03,L06,MCH-035,PRD-073,2026-05-13,31.2,1.1,0.5,G3_junior,3.4,87.4,58.637,5.142,0.657,0.0461,0.032,0,SOLDER_VOID,validation
RUN-008950,WO-004475,P03,L06,MCH-036,PRD-073,2026-05-13,31.9,0.9407,1.7,G3_junior,3.4,87.4,53.049,3.269,0.792,0.0412,0.05,0,SURFACE_DENT,validation
RUN-008951,WO-004476,P03,L06,MCH-035,PRD-073,2026-05-13,16.56,1.166,3.0,G3_junior,3.4,87.4,58.637,5.142,0.864,0,0.01,0,DIMENSION,validation
RUN-008952,WO-004476,P03,L06,MCH-036,PRD-073,2026-05-13,15.29,1.0687,11.2,G1_senior,3.4,87.4,53.049,3.269,0.977,0.001,0.0,0,NONE,validation
RUN-008977,WO-004489,P03,L05,MCH-030,PRD-022,2026-05-14,15.64,0.9385,11.5,G1_senior,4.3,85.8,53.79,3.385,0.727,0,0.0,0,NONE,validation
RUN-008978,WO-004489,P03,L05,MCH-026,PRD-022,2026-05-14,15.38,1.125,0.2,G3_junior,4.3,85.8,61.051,3.51,0.701,0.037,0.03,0,DIMENSION,validation
RUN-008979,WO-004490,P03,L05,MCH-028,PRD-054,2026-05-14,21.91,1.1521,2.9,G3_junior,6.3,71.4,55.718,3.418,0.862,0.1017,0.1,1,MISSING_PART,validation
RUN-008980,WO-004490,P03,L05,MCH-025,PRD-054,2026-05-14,25.51,1.1562,11.8,G1_senior,6.3,71.4,52.769,3.069,1.071,0.0517,0.075,1,SURFACE_DENT,validation
RUN-008981,WO-004491,P03,L05,MCH-028,PRD-056,2026-05-14,42.98,1.2014,4.6,G2_mid,4.3,97.0,55.718,3.418,0.743,0.0266,0.02,0,SURFACE_DENT,validation
RUN-008982,WO-004491,P03,L05,MCH-025,PRD-056,2026-05-14,38.43,0.853,4.8,G2_mid,4.3,97.0,52.769,3.069,0.636,0.041,0.008,0,CONTAMINATION,validation
RUN-008983,WO-004492,P03,L06,MCH-032,PRD-059,2026-05-14,21.62,1.042,1.2,G3_junior,5.9,88.6,50.817,4.129,0.722,0.0386,0.04,0,SOLDER_VOID,validation
RUN-008984,WO-004492,P03,L06,MCH-033,PRD-059,2026-05-14,22.49,1.018,2.6,G3_junior,5.9,88.6,54.972,3.577,0.669,0.0195,0.04,0,SCRATCH,validation
RUN-008985,WO-004493,P03,L06,MCH-032,PRD-059,2026-05-14,25.7,0.8947,2.3,G3_junior,5.9,88.6,50.817,4.129,0.945,0.077,0.05,0,SOLDER_VOID,validation
RUN-008986,WO-004493,P03,L06,MCH-035,PRD-059,2026-05-14,20.53,0.8767,18,G1_senior,5.9,88.6,59.808,10.84,1.027,0.033,0.03,0,SCRATCH,validation
RUN-008987,WO-004494,P03,L06,MCH-032,PRD-059,2026-05-14,23.33,0.9837,2.8,G3_junior,5.9,88.6,50.817,4.129,0.691,0.0631,0.06,1,SOLDER_VOID,validation
RUN-008988,WO-004494,P03,L06,MCH-035,PRD-059,2026-05-14,18.21,1.0959,2.3,G3_junior,5.9,88.6,59.808,10.84,0.649,0.0227,0.04,0,DIMENSION,validation
RUN-009013,WO-004507,P03,L05,MCH-026,PRD-002,2026-05-15,22.02,0.9766,1.3,G3_junior,5.3,88.0,54.228,3.626,0.798,0.0493,0.06,1,CONTAMINATION,validation
RUN-009014,WO-004507,P03,L05,MCH-027,PRD-002,2026-05-15,17.95,1.1347,2.9,G3_junior,5.3,88.0,51.683,2.819,0.774,0.0164,0.05,0,SURFACE_DENT,validation
RUN-009015,WO-004508,P03,L05,MCH-029,PRD-008,2026-05-15,21.54,1.0567,0.2,G3_junior,3.4,84.5,50.084,2.909,0.749,0.0034,0.0375,0,CONTAMINATION,validation
RUN-009016,WO-004508,P03,L05,MCH-026,PRD-008,2026-05-15,26.37,1.1423,3.3,G2_mid,3.4,84.5,54.228,3.626,0.936,0.0382,0.04,0,DIMENSION,validation
RUN-009017,WO-004509,P03,L05,MCH-025,PRD-002,2026-05-15,33.97,1.1644,0.4,G3_junior,5.3,88.0,54.922,11.264,0.841,0.0461,0.06,1,DIMENSION,validation
RUN-009018,WO-004509,P03,L05,MCH-027,PRD-002,2026-05-15,33.86,1.0645,1.0,G3_junior,5.3,88.0,51.683,2.819,1.066,0.1373,0.06,1,MISSING_PART,validation
RUN-009019,WO-004510,P03,L06,MCH-033,PRD-061,2026-05-15,24.04,1.0535,10.6,G1_senior,4.8,76.8,53.902,3.798,0.621,0,0.04,0,DIMENSION,validation
RUN-009020,WO-004510,P03,L06,MCH-034,PRD-061,2026-05-15,25.9,0.8653,0.2,G3_junior,4.8,76.8,49.074,3.138,0.75,0.0877,0.06,1,SURFACE_DENT,validation
RUN-009021,WO-004511,P03,L06,MCH-033,PRD-051,2026-05-15,18.54,1.0609,1.0,G3_junior,6.9,96.1,53.902,3.798,0.845,0.069,0.06,1,NONE,validation
RUN-009022,WO-004511,P03,L06,MCH-036,PRD-051,2026-05-15,23.03,1.1735,1.3,G3_junior,6.9,96.1,54.144,3.267,1.082,0.0722,0.055,1,SCRATCH,validation
RUN-009023,WO-004512,P03,L06,MCH-036,PRD-051,2026-05-15,33.39,0.9018,0.2,G3_junior,6.9,96.1,54.144,3.267,0.776,0.0343,0.0375,0,CONTAMINATION,validation
RUN-009024,WO-004512,P03,L06,MCH-031,PRD-051,2026-05-15,29.8,0.9642,3.3,G2_mid,6.9,96.1,57.02,4.221,0.892,0.0271,0.03,0,SCRATCH,validation
RUN-009041,WO-004521,P03,L05,MCH-030,PRD-008,2026-05-16,27.01,0.8908,1.4,G3_junior,3.4,84.5,50.708,3.316,0.807,0.0312,0.055,1,DIMENSION,validation
RUN-009042,WO-004521,P03,L05,MCH-025,PRD-008,2026-05-16,26.67,0.8823,2.8,G3_junior,3.4,84.5,47.022,3.557,1.068,0.0176,0.03,0,NONE,validation
RUN-009043,WO-004522,P03,L05,MCH-029,PRD-008,2026-05-16,24.56,1.1035,1.4,G3_junior,3.4,84.5,47.48,3.383,1.035,0.026,0.0125,0,SURFACE_DENT,validation
RUN-009044,WO-004522,P03,L05,MCH-027,PRD-008,2026-05-16,29.73,1.0255,7.0,G2_mid,3.4,84.5,45.143,2.851,0.895,0,0.02,0,NONE,validation
RUN-009045,WO-004523,P03,L05,MCH-025,PRD-045,2026-05-16,28.92,1.1346,11.5,G1_senior,2.5,97.0,47.022,3.557,0.708,0,0.0125,0,DIMENSION,validation
RUN-009046,WO-004523,P03,L05,MCH-030,PRD-045,2026-05-16,29.85,0.9882,3.0,G3_junior,2.5,97.0,50.708,3.316,1.009,0,0.02,0,SOLDER_VOID,validation
RUN-009047,WO-004524,P03,L06,MCH-032,PRD-012,2026-05-16,10.66,0.9613,0.2,G3_junior,2.1,92.1,49.157,3.458,0.753,0.0234,0.0,0,NONE,validation
RUN-009048,WO-004524,P03,L06,MCH-034,PRD-012,2026-05-16,10.86,0.9978,0.2,G3_junior,2.1,92.1,46.196,2.865,0.856,0.019,0.02,0,MISSING_PART,validation
RUN-009059,WO-004530,P03,L05,MCH-027,PRD-068,2026-05-17,24.73,1.0193,1.0,G3_junior,2.3,71.0,47.911,2.912,0.689,0.0328,0.04,0,SURFACE_DENT,validation
RUN-009060,WO-004530,P03,L05,MCH-030,PRD-068,2026-05-17,25.13,1.1169,0.2,G3_junior,2.3,71.0,50.723,3.687,0.987,0,0.04,0,NONE,validation
RUN-009061,WO-004531,P03,L05,MCH-028,PRD-068,2026-05-17,22.29,0.8531,4.7,G2_mid,2.3,71.0,49.158,3.168,0.89,0.0452,0.04,0,CONTAMINATION,validation
RUN-009062,WO-004531,P03,L05,MCH-030,PRD-068,2026-05-17,19.27,0.957,0.7,G3_junior,2.3,71.0,50.723,3.687,0.778,0.0246,0.05,0,DIMENSION,validation
RUN-009087,WO-004544,P03,L05,MCH-030,PRD-052,2026-05-18,20.1,1.1431,0.7,G3_junior,7.2,82.7,51.962,3.115,0.877,0.0689,0.095,1,SURFACE_DENT,validation
RUN-009088,WO-004544,P03,L05,MCH-026,PRD-052,2026-05-18,18.3,0.9062,2.3,G3_junior,7.2,82.7,55.851,3.662,0.732,0.0822,0.08,1,SOLDER_VOID,validation
RUN-009089,WO-004545,P03,L05,MCH-028,PRD-052,2026-05-18,20.53,0.9618,2.0,G3_junior,7.2,82.7,55.198,3.217,0.734,0.0479,0.09,1,SOLDER_VOID,validation
RUN-009090,WO-004545,P03,L05,MCH-030,PRD-052,2026-05-18,22.83,1.1296,1.4,G3_junior,7.2,82.7,51.962,3.115,0.907,0.1393,0.1,1,SOLDER_VOID,validation
RUN-009091,WO-004546,P03,L05,MCH-029,PRD-052,2026-05-18,28.36,0.9054,3.3,G2_mid,7.2,82.7,53.581,3.263,1.034,0.082,0.1,1,SCRATCH,validation
RUN-009092,WO-004546,P03,L05,MCH-028,PRD-052,2026-05-18,33.68,0.9714,0.2,G3_junior,7.2,82.7,55.198,3.217,0.846,0.1038,0.095,1,SOLDER_VOID,validation
RUN-009093,WO-004547,P03,L06,MCH-034,PRD-016,2026-05-18,24.41,0.937,0.2,G3_junior,4.3,85.8,51.303,2.85,1.012,0.0116,0.04,0,MISSING_PART,validation
RUN-009094,WO-004547,P03,L06,MCH-035,PRD-016,2026-05-18,28.32,0.946,5.7,G2_mid,4.3,85.8,75.27,18.241,0.999,0.0165,0.035,0,MISSING_PART,validation
RUN-009095,WO-004548,P03,L06,MCH-035,PRD-016,2026-05-18,30.74,1.081,11.8,G1_senior,4.3,85.8,75.27,18.241,0.913,0.0409,0.025,0,DIMENSION,validation
RUN-009096,WO-004548,P03,L06,MCH-036,PRD-016,2026-05-18,29.35,0.908,11.8,G1_senior,4.3,85.8,51.01,3.178,0.632,0.0417,0.02,0,CONTAMINATION,validation
RUN-009097,WO-004549,P03,L06,MCH-034,PRD-016,2026-05-18,28.79,0.838,3.3,G2_mid,4.3,85.8,51.303,2.85,0.88,0.0492,0.045,0,DIMENSION,validation
RUN-009098,WO-004549,P03,L06,MCH-031,PRD-016,2026-05-18,30.18,1.105,0.6,G3_junior,4.3,85.8,64.969,5.571,1.009,0.0334,0.04,0,MISSING_PART,validation
RUN-009123,WO-004562,P03,L05,MCH-025,PRD-079,2026-05-19,26.41,1.0305,8.9,G1_senior,3.3,71.4,55.134,3.154,0.672,0.0181,0.04,0,SCRATCH,validation
RUN-009124,WO-004562,P03,L05,MCH-030,PRD-079,2026-05-19,22.87,1.1348,2.9,G3_junior,3.3,71.4,54.136,3.801,0.929,0.0406,0.04,0,CONTAMINATION,validation
RUN-009125,WO-004563,P03,L05,MCH-028,PRD-007,2026-05-19,27.64,0.8753,0.2,G3_junior,3.9,88.0,53.281,3.291,0.839,0.043,0.0375,0,NONE,validation
RUN-009126,WO-004563,P03,L05,MCH-026,PRD-007,2026-05-19,28.91,1.1789,0.2,G3_junior,3.9,88.0,53.917,3.586,0.984,0.0533,0.05,0,CONTAMINATION,validation
RUN-009127,WO-004564,P03,L05,MCH-026,PRD-006,2026-05-19,30.2,0.8696,2.6,G3_junior,7.3,92.1,53.917,3.586,0.958,0.0652,0.07,1,DIMENSION,validation
RUN-009128,WO-004564,P03,L05,MCH-027,PRD-006,2026-05-19,31.9,0.8817,1.7,G3_junior,7.3,92.1,50.847,2.955,0.811,0.0226,0.055,1,SOLDER_VOID,validation
RUN-009129,WO-004565,P03,L06,MCH-031,PRD-071,2026-05-19,21.25,0.9418,2.2,G3_junior,6.2,84.7,70.533,6.478,0.729,0.083,0.0625,1,CONTAMINATION,validation
RUN-009130,WO-004565,P03,L06,MCH-032,PRD-071,2026-05-19,20.06,1.1093,15.7,G1_senior,6.2,84.7,53.156,3.162,0.957,0.0788,0.0375,0,SOLDER_VOID,validation
RUN-009131,WO-004566,P03,L06,MCH-032,PRD-014,2026-05-19,30.61,1.0041,2.8,G3_junior,5.0,85.8,53.156,3.162,1.053,0.0195,0.04,0,SOLDER_VOID,validation
RUN-009132,WO-004566,P03,L06,MCH-031,PRD-014,2026-05-19,32.47,1.0439,2.3,G3_junior,5.0,85.8,70.533,6.478,0.654,0.0693,0.05,0,SCRATCH,validation
RUN-009133,WO-004567,P03,L06,MCH-033,PRD-024,2026-05-19,34.75,1.1803,3.3,G2_mid,7.6,85.8,56.706,3.744,0.643,0.0821,0.09,1,MISSING_PART,validation
RUN-009134,WO-004567,P03,L06,MCH-035,PRD-024,2026-05-19,33.08,0.9773,1.0,G3_junior,7.6,85.8,51.007,2.778,0.767,0.0689,0.1,1,SCRATCH,validation
RUN-009159,WO-004580,P03,L05,MCH-030,PRD-055,2026-05-20,19.41,1.1604,2.3,G3_junior,4.8,87.4,53.619,3.564,1.088,0.0716,0.05,0,SCRATCH,test
RUN-009160,WO-004580,P03,L05,MCH-028,PRD-055,2026-05-20,21.97,0.9058,8.2,G1_senior,4.8,87.4,54.793,3.69,0.811,0,0.0375,0,SCRATCH,test
RUN-009161,WO-004581,P03,L05,MCH-028,PRD-055,2026-05-20,26.27,1.1764,0.7,G3_junior,4.8,87.4,54.793,3.69,1.087,0.0213,0.04,0,SCRATCH,test
RUN-009162,WO-004581,P03,L05,MCH-026,PRD-055,2026-05-20,24.66,0.9356,0.7,G3_junior,4.8,87.4,50.242,3.272,0.976,0.0174,0.04,0,MISSING_PART,test
RUN-009163,WO-004582,P03,L05,MCH-027,PRD-021,2026-05-20,26.86,0.9085,1.4,G3_junior,3.0,95.9,52.634,3.338,0.882,0.0378,0.025,0,SURFACE_DENT,test
RUN-009164,WO-004582,P03,L05,MCH-028,PRD-021,2026-05-20,25.69,0.8396,0.8,G3_junior,3.0,95.9,54.793,3.69,1.069,0.0364,0.03,0,SOLDER_VOID,test
RUN-009165,WO-004583,P03,L06,MCH-036,PRD-067,2026-05-20,22.09,1.1171,11.5,G1_senior,4.5,71.0,53.948,3.215,0.684,0.077,0.06,1,DIMENSION,test
RUN-009166,WO-004583,P03,L06,MCH-033,PRD-067,2026-05-20,18.81,0.8651,4.8,G2_mid,4.5,71.0,51.784,3.529,0.889,0.0751,0.08,1,MISSING_PART,test
RUN-009167,WO-004584,P03,L06,MCH-036,PRD-067,2026-05-20,27.8,1.2124,1.0,G3_junior,4.5,71.0,53.948,3.215,0.987,0.0906,0.1,1,CONTAMINATION,test
RUN-009168,WO-004584,P03,L06,MCH-033,PRD-067,2026-05-20,23.61,0.9565,0.6,G3_junior,4.5,71.0,51.784,3.529,1.096,0.0881,0.08,1,SOLDER_VOID,test
RUN-009169,WO-004585,P03,L06,MCH-036,PRD-061,2026-05-20,21.37,1.1342,2.2,G3_junior,4.8,76.8,53.948,3.215,0.904,0.116,0.08,1,SURFACE_DENT,test
RUN-009170,WO-004585,P03,L06,MCH-032,PRD-061,2026-05-20,14.78,0.9136,0.4,G3_junior,4.8,76.8,52.97,3.19,0.802,0.0949,0.0875,1,DIMENSION,test
RUN-009195,WO-004598,P03,L05,MCH-029,PRD-056,2026-05-21,30.76,1.0594,3.1,G2_mid,4.3,97.0,52.792,3.122,0.692,0.0291,0.02,0,SOLDER_VOID,test
RUN-009196,WO-004598,P03,L05,MCH-026,PRD-056,2026-05-21,33.61,1.1774,0.7,G3_junior,4.3,97.0,54.801,3.16,1.07,0,0.03,0,DIMENSION,test
RUN-009197,WO-004599,P03,L05,MCH-027,PRD-062,2026-05-21,30.56,0.9753,1.0,G3_junior,6.8,71.4,51.532,3.091,0.796,0.1253,0.125,1,SCRATCH,test
RUN-009198,WO-004599,P03,L05,MCH-029,PRD-062,2026-05-21,27.44,1.1134,7.1,G2_mid,6.8,71.4,52.792,3.122,0.775,0.1294,0.12,1,MISSING_PART,test
RUN-009199,WO-004600,P03,L05,MCH-029,PRD-077,2026-05-21,18.17,1.1255,3.3,G2_mid,1.7,96.1,52.792,3.122,0.804,0,0.01,0,SOLDER_VOID,test
RUN-009200,WO-004600,P03,L05,MCH-028,PRD-077,2026-05-21,23.04,1.0123,2.8,G3_junior,1.7,96.1,52.982,3.436,0.816,0.0358,0.02,0,MISSING_PART,test
RUN-009201,WO-004601,P03,L06,MCH-033,PRD-043,2026-05-21,18.68,0.9719,1.4,G3_junior,4.2,84.5,53.035,3.484,1.098,0.0517,0.048,0,SCRATCH,test
RUN-009202,WO-004601,P03,L06,MCH-032,PRD-043,2026-05-21,18.37,1.1749,0.8,G3_junior,4.2,84.5,50.529,2.98,0.937,0.0682,0.05,0,NONE,test
RUN-009203,WO-004602,P03,L06,MCH-032,PRD-043,2026-05-21,20.59,0.9893,1.4,G3_junior,4.2,84.5,50.529,2.98,0.926,0.0614,0.04,0,MISSING_PART,test
RUN-009204,WO-004602,P03,L06,MCH-035,PRD-043,2026-05-21,18.4,1.1772,5.7,G2_mid,4.2,84.5,51.893,3.149,0.75,0.0709,0.072,1,SOLDER_VOID,test
RUN-009205,WO-004603,P03,L06,MCH-031,PRD-043,2026-05-21,17.47,0.8228,4.6,G2_mid,4.2,84.5,69.154,7.551,0.621,0.0266,0.02,0,SURFACE_DENT,test
RUN-009206,WO-004603,P03,L06,MCH-036,PRD-043,2026-05-21,21.01,0.9573,0,G0_unknown,4.2,84.5,52.244,3.293,0.891,0.0476,0.04,0,SURFACE_DENT,test
RUN-009231,WO-004616,P03,L05,MCH-029,PRD-022,2026-05-22,13.16,1.1353,2.0,G3_junior,4.3,85.8,53.561,3.194,0.71,0.0987,0.05,0,SCRATCH,test
RUN-009232,WO-004616,P03,L05,MCH-025,PRD-022,2026-05-22,15.72,0.8763,11.2,G1_senior,4.3,85.8,54.101,3.71,0.641,0.02,0.03,0,MISSING_PART,test
RUN-009233,WO-004617,P03,L05,MCH-025,PRD-022,2026-05-22,30.81,1.1641,2.7,G3_junior,4.3,85.8,54.101,3.71,0.763,0.0777,0.04,0,DIMENSION,test
RUN-009234,WO-004617,P03,L05,MCH-029,PRD-022,2026-05-22,25.37,0.9622,0.7,G3_junior,4.3,85.8,53.561,3.194,0.825,0,0.03,0,MISSING_PART,test
RUN-009235,WO-004618,P03,L05,MCH-030,PRD-022,2026-05-22,25.45,1.1019,0.2,G3_junior,4.3,85.8,52.852,3.638,1.019,0.0727,0.05,0,SCRATCH,test
RUN-009236,WO-004618,P03,L05,MCH-026,PRD-022,2026-05-22,30.9,0.9013,7.2,G2_mid,4.3,85.8,54.396,3.854,1.025,0.0419,0.032,0,CONTAMINATION,test
RUN-009237,WO-004619,P03,L06,MCH-033,PRD-064,2026-05-22,20.06,1.0325,7.6,G2_mid,4.9,89.9,53.636,3.243,0.985,0.0068,0.02,0,SURFACE_DENT,test
RUN-009238,WO-004619,P03,L06,MCH-035,PRD-064,2026-05-22,23.22,1.0725,14.6,G1_senior,4.9,89.9,53.184,3.583,0.971,0.0297,0.016,0,SOLDER_VOID,test
RUN-009239,WO-004620,P03,L06,MCH-034,PRD-064,2026-05-22,29.31,1.0769,1.7,G3_junior,4.9,89.9,54.653,2.783,1.064,0.0122,0.048,0,SOLDER_VOID,test
RUN-009240,WO-004620,P03,L06,MCH-036,PRD-064,2026-05-22,30.03,0.8939,7.2,G2_mid,4.9,89.9,56.566,3.705,0.645,0.0398,0.04,0,MISSING_PART,test
RUN-009241,WO-004621,P03,L06,MCH-031,PRD-064,2026-05-22,30.66,1.1029,3.1,G2_mid,4.9,89.9,73.412,8.226,0.735,0.0184,0.06,1,SCRATCH,test
RUN-009242,WO-004621,P03,L06,MCH-033,PRD-064,2026-05-22,32.37,1.0512,1.7,G3_junior,4.9,89.9,53.636,3.243,1.044,0.0337,0.04,0,SURFACE_DENT,test
RUN-009257,WO-004629,P03,L05,MCH-029,PRD-080,2026-05-23,21.64,1.0205,1.0,G3_junior,5.2,84.5,47.362,3.028,0.729,0.0349,0.04,0,SOLDER_VOID,test
RUN-009258,WO-004629,P03,L05,MCH-028,PRD-080,2026-05-23,19.64,0.8997,1.0,G3_junior,5.2,84.5,52.518,3.859,0.954,0.0365,0.04,0,CONTAMINATION,test
RUN-009259,WO-004630,P03,L06,MCH-034,PRD-024,2026-05-23,28.21,1.1281,0.6,G3_junior,7.6,85.8,44.936,2.521,0.705,0.029,0.08,1,SCRATCH,test
RUN-009260,WO-004630,P03,L06,MCH-033,PRD-024,2026-05-23,27.85,0.8821,0,G0_unknown,7.6,85.8,49.809,3.241,0.63,0.0665,0.08,1,SOLDER_VOID,test
RUN-009261,WO-004631,P03,L06,MCH-035,PRD-056,2026-05-23,22.43,1.0269,7.6,G2_mid,4.3,97.0,49.91,3.213,0.98,0,0.0,0,NONE,test
RUN-009262,WO-004631,P03,L06,MCH-032,PRD-056,2026-05-23,24.47,0.9873,2.6,G3_junior,4.3,97.0,52.358,3.075,0.693,0.023,0.0125,0,SOLDER_VOID,test
RUN-009279,WO-004640,P03,L06,MCH-035,PRD-015,2026-05-24,27.59,0.8904,3.1,G2_mid,8.8,92.1,49.109,3.169,0.73,0.1114,0.1,1,SOLDER_VOID,test
RUN-009280,WO-004640,P03,L06,MCH-033,PRD-015,2026-05-24,28.18,1.1478,7.6,G2_mid,8.8,92.1,50.286,3.534,1.016,0.032,0.055,1,SOLDER_VOID,test
RUN-009305,WO-004653,P03,L05,MCH-026,PRD-077,2026-05-25,13.66,1.1545,11.2,G1_senior,1.7,96.1,54.025,3.23,0.841,0,0.01,0,CONTAMINATION,test
RUN-009306,WO-004653,P03,L05,MCH-028,PRD-077,2026-05-25,14.38,0.9027,5.7,G2_mid,1.7,96.1,53.843,3.284,0.737,0.0225,0.02,0,SOLDER_VOID,test
RUN-009307,WO-004654,P03,L05,MCH-026,PRD-075,2026-05-25,22.82,0.8245,1.2,G3_junior,6.8,96.3,54.025,3.23,0.705,0.0731,0.04,0,CONTAMINATION,test
RUN-009308,WO-004654,P03,L05,MCH-028,PRD-075,2026-05-25,23.37,1.156,14.6,G1_senior,6.8,96.3,53.843,3.284,0.891,0.0061,0.0125,0,SCRATCH,test
RUN-009309,WO-004655,P03,L05,MCH-027,PRD-075,2026-05-25,17.02,1.1484,11.8,G1_senior,6.8,96.3,50.068,3.172,0.632,0.0217,0.01,0,SURFACE_DENT,test
RUN-009310,WO-004655,P03,L05,MCH-028,PRD-075,2026-05-25,17.41,1.1535,1.0,G3_junior,6.8,96.3,53.843,3.284,1.08,0.0291,0.035,0,SOLDER_VOID,test
RUN-009311,WO-004656,P03,L06,MCH-032,PRD-022,2026-05-25,23.93,1.0641,1.0,G3_junior,4.3,85.8,52.703,3.28,0.979,0.0637,0.04,0,MISSING_PART,test
RUN-009312,WO-004656,P03,L06,MCH-031,PRD-022,2026-05-25,27.36,1.1628,1.0,G3_junior,4.3,85.8,57.88,11.768,1.068,0.0707,0.04,0,SURFACE_DENT,test
RUN-009313,WO-004657,P03,L06,MCH-036,PRD-022,2026-05-25,39.03,0.9154,12.8,G1_senior,4.3,85.8,55.26,3.383,0.662,0.0124,0.0,0,NONE,test
RUN-009314,WO-004657,P03,L06,MCH-033,PRD-022,2026-05-25,40.1,1.1506,14.6,G1_senior,4.3,85.8,52.459,3.324,0.982,0.0034,0.035,0,MISSING_PART,test
RUN-009315,WO-004658,P03,L06,MCH-035,PRD-058,2026-05-25,30.02,0.9872,2.3,G3_junior,8.8,71.4,50.368,2.969,0.897,0.1077,0.12,1,SURFACE_DENT,test
RUN-009316,WO-004658,P03,L06,MCH-033,PRD-058,2026-05-25,27.88,0.9279,7.6,G2_mid,8.8,71.4,52.459,3.324,0.914,0.112,0.13,1,SURFACE_DENT,test
RUN-009341,WO-004671,P03,L05,MCH-026,PRD-006,2026-05-26,34.55,1.1262,5.7,G2_mid,7.3,92.1,55.826,3.332,1.085,0,0.07,1,DIMENSION,test
RUN-009342,WO-004671,P03,L05,MCH-030,PRD-006,2026-05-26,34.58,1.0235,4.8,G2_mid,7.3,92.1,53.126,3.197,1.021,0.036,0.048,0,MISSING_PART,test
RUN-009343,WO-004672,P03,L05,MCH-025,PRD-006,2026-05-26,29.87,0.9045,0.2,G3_junior,7.3,92.1,54.918,3.55,0.7,0.0752,0.06,1,SCRATCH,test
RUN-009344,WO-004672,P03,L05,MCH-026,PRD-006,2026-05-26,34.17,1.0855,2.8,G3_junior,7.3,92.1,55.826,3.332,1.017,0.0343,0.0625,1,SURFACE_DENT,test
RUN-009345,WO-004673,P03,L05,MCH-025,PRD-006,2026-05-26,31.96,1.0948,1.0,G3_junior,7.3,92.1,54.918,3.55,0.759,0.1153,0.0625,1,SCRATCH,test
RUN-009346,WO-004673,P03,L05,MCH-026,PRD-006,2026-05-26,35.7,1.072,1.0,G3_junior,7.3,92.1,55.826,3.332,0.91,0.1027,0.0875,1,SOLDER_VOID,test
RUN-009347,WO-004674,P03,L06,MCH-035,PRD-058,2026-05-26,24.38,0.996,7.0,G2_mid,8.8,71.4,54.343,3.251,1.014,0.1364,0.13,1,CONTAMINATION,test
RUN-009348,WO-004674,P03,L06,MCH-031,PRD-058,2026-05-26,30.81,1.0609,4.8,G2_mid,8.8,71.4,55.897,3.721,0.907,0.1098,0.1125,1,NONE,test
RUN-009349,WO-004675,P03,L06,MCH-034,PRD-071,2026-05-26,24.11,0.8275,0.2,G3_junior,6.2,84.7,48.498,2.955,0.835,0.0708,0.07,1,SURFACE_DENT,test
RUN-009350,WO-004675,P03,L06,MCH-031,PRD-071,2026-05-26,23.78,1.0602,3.1,G2_mid,6.2,84.7,55.897,3.721,0.759,0.0614,0.0625,1,SOLDER_VOID,test
RUN-009351,WO-004676,P03,L06,MCH-032,PRD-058,2026-05-26,28.87,1.0929,0.2,G3_junior,8.8,71.4,53.743,3.146,0.757,0.1069,0.14,1,SCRATCH,test
RUN-009352,WO-004676,P03,L06,MCH-031,PRD-058,2026-05-26,31.13,0.9792,3.3,G2_mid,8.8,71.4,55.897,3.721,0.859,0.1401,0.144,1,SCRATCH,test
RUN-009377,WO-004689,P03,L05,MCH-025,PRD-062,2026-05-27,33.04,1.0206,0.8,G3_junior,6.8,71.4,52.76,3.182,1.079,0.1537,0.125,1,MISSING_PART,test
RUN-009378,WO-004689,P03,L05,MCH-027,PRD-062,2026-05-27,32.9,1.1082,1.0,G3_junior,6.8,71.4,52.742,3.169,0.696,0.1107,0.1,1,SOLDER_VOID,test
RUN-009379,WO-004690,P03,L05,MCH-026,PRD-062,2026-05-27,20.14,1.1639,8.2,G1_senior,6.8,71.4,58.156,12.274,0.8,0.088,0.11,1,MISSING_PART,test
RUN-009380,WO-004690,P03,L05,MCH-027,PRD-062,2026-05-27,24.83,0.8773,1.3,G3_junior,6.8,71.4,52.742,3.169,0.789,0.189,0.12,1,SOLDER_VOID,test
RUN-009381,WO-004691,P03,L05,MCH-028,PRD-062,2026-05-27,30.69,0.8825,7.1,G2_mid,6.8,71.4,51.366,3.284,0.906,0.096,0.096,1,CONTAMINATION,test
RUN-009382,WO-004691,P03,L05,MCH-029,PRD-062,2026-05-27,32.89,1.0206,0,G0_unknown,6.8,71.4,53.386,2.864,1.032,0.1109,0.128,1,CONTAMINATION,test
RUN-009383,WO-004692,P03,L06,MCH-031,PRD-064,2026-05-27,17.5,1.1288,18,G1_senior,4.9,89.9,56.463,3.546,0.702,0.0174,0.025,0,SOLDER_VOID,test
RUN-009384,WO-004692,P03,L06,MCH-035,PRD-064,2026-05-27,17.71,0.8676,1.4,G3_junior,4.9,89.9,51.635,3.025,0.922,0,0.025,0,SCRATCH,test
RUN-009385,WO-004693,P03,L06,MCH-031,PRD-042,2026-05-27,14.48,0.9798,14.6,G1_senior,1.4,89.9,56.463,3.546,0.889,0.005,0.02,0,CONTAMINATION,test
RUN-009386,WO-004693,P03,L06,MCH-033,PRD-042,2026-05-27,11.94,1.0616,0.7,G3_junior,1.4,89.9,54.219,3.878,0.685,0.006,0.0,0,NONE,test
RUN-009387,WO-004694,P03,L06,MCH-031,PRD-042,2026-05-27,11.82,0.9571,2.6,G3_junior,1.4,89.9,56.463,3.546,0.768,0.0104,0.0,0,NONE,test
RUN-009388,WO-004694,P03,L06,MCH-033,PRD-042,2026-05-27,16.21,1.0468,7.6,G2_mid,1.4,89.9,54.219,3.878,0.898,0.037,0.0125,0,DIMENSION,test
RUN-009413,WO-004707,P03,L05,MCH-029,PRD-045,2026-05-28,11.15,1.0048,2.8,G3_junior,2.5,97.0,52.136,3.097,0.958,0.0453,0.0,0,NONE,test
RUN-009414,WO-004707,P03,L05,MCH-026,PRD-045,2026-05-28,7.97,1.1713,1.3,G3_junior,2.5,97.0,52.567,3.319,0.651,0.0259,0.025,0,SCRATCH,test
RUN-009415,WO-004708,P03,L05,MCH-029,PRD-080,2026-05-28,26.52,0.9314,3.4,G2_mid,5.2,84.5,52.136,3.097,0.785,0.0192,0.02,0,CONTAMINATION,test
RUN-009416,WO-004708,P03,L05,MCH-025,PRD-080,2026-05-28,26.18,0.9419,0.2,G3_junior,5.2,84.5,53.852,3.467,0.997,0.0224,0.04,0,SOLDER_VOID,test
RUN-009417,WO-004709,P03,L05,MCH-028,PRD-045,2026-05-28,31.13,0.837,3.3,G2_mid,2.5,97.0,53.396,3.498,0.931,0.0512,0.03,0,MISSING_PART,test
RUN-009418,WO-004709,P03,L05,MCH-027,PRD-045,2026-05-28,37.73,0.9559,9.4,G1_senior,2.5,97.0,52.319,2.961,0.708,0.027,0.0,0,NONE,test
RUN-009419,WO-004710,P03,L06,MCH-036,PRD-054,2026-05-28,32.12,0.8479,2.3,G3_junior,6.3,71.4,53.736,3.455,0.984,0.121,0.12,1,CONTAMINATION,test
RUN-009420,WO-004710,P03,L06,MCH-031,PRD-054,2026-05-28,28.3,0.914,0,G0_unknown,6.3,71.4,54.109,3.389,0.966,0.0969,0.13,1,DIMENSION,test
RUN-009421,WO-004711,P03,L06,MCH-032,PRD-045,2026-05-28,10.99,1.1319,3.2,G2_mid,2.5,97.0,55.879,2.935,0.836,0,0.0,0,NONE,test
RUN-009422,WO-004711,P03,L06,MCH-033,PRD-045,2026-05-28,16.07,1.0542,7.2,G2_mid,2.5,97.0,54.904,3.122,1.019,0.0171,0.015,0,SURFACE_DENT,test
RUN-009423,WO-004712,P03,L06,MCH-031,PRD-045,2026-05-28,22.33,1.0655,3.1,G2_mid,2.5,97.0,54.109,3.389,0.951,0.0123,0.02,0,DIMENSION,test
RUN-009424,WO-004712,P03,L06,MCH-035,PRD-045,2026-05-28,25.43,0.9777,0.2,G3_junior,2.5,97.0,53.439,2.912,0.669,0,0.01,0,SOLDER_VOID,test
RUN-009449,WO-004725,P03,L05,MCH-028,PRD-009,2026-05-29,28.7,1.0483,2.2,G3_junior,5.0,76.8,53.725,3.687,0.651,0.0754,0.08,1,CONTAMINATION,test
RUN-009450,WO-004725,P03,L05,MCH-030,PRD-009,2026-05-29,26.64,1.0937,3.3,G2_mid,5.0,76.8,52.018,2.657,0.721,0.0861,0.065,1,DIMENSION,test
RUN-009451,WO-004726,P03,L05,MCH-029,PRD-009,2026-05-29,23.89,0.9652,1.8,G3_junior,5.0,76.8,49.336,2.955,0.862,0.0378,0.06,1,SURFACE_DENT,test
RUN-009452,WO-004726,P03,L05,MCH-026,PRD-009,2026-05-29,30.01,0.9705,2.8,G3_junior,5.0,76.8,53.106,3.264,0.689,0.0554,0.065,1,SOLDER_VOID,test
RUN-009453,WO-004727,P03,L05,MCH-027,PRD-009,2026-05-29,21.28,0.885,0.2,G3_junior,5.0,76.8,51.65,3.125,1.009,0.0814,0.0875,1,MISSING_PART,test
RUN-009454,WO-004727,P03,L05,MCH-026,PRD-009,2026-05-29,20.88,0.9836,3.2,G2_mid,5.0,76.8,53.106,3.264,1.078,0.1098,0.072,1,SOLDER_VOID,test
RUN-009455,WO-004728,P03,L06,MCH-032,PRD-006,2026-05-29,24.9,0.8767,0.5,G3_junior,7.3,92.1,54.177,3.01,0.678,0.107,0.072,1,CONTAMINATION,test
RUN-009456,WO-004728,P03,L06,MCH-035,PRD-006,2026-05-29,24.97,1.1875,3.2,G2_mid,7.3,92.1,54.16,3.231,0.978,0.1128,0.06,1,DIMENSION,test
RUN-009457,WO-004729,P03,L06,MCH-032,PRD-006,2026-05-29,29.4,0.9045,1.7,G3_junior,7.3,92.1,54.177,3.01,0.687,0.0832,0.07,1,DIMENSION,test
RUN-009458,WO-004729,P03,L06,MCH-033,PRD-006,2026-05-29,26.11,0.9551,7.1,G2_mid,7.3,92.1,49.22,3.117,0.686,0.0573,0.055,1,CONTAMINATION,test
RUN-009459,WO-004730,P03,L06,MCH-032,PRD-064,2026-05-29,33.41,1.1184,0.2,G3_junior,4.9,89.9,54.177,3.01,0.908,0.0488,0.04,0,DIMENSION,test
RUN-009460,WO-004730,P03,L06,MCH-035,PRD-064,2026-05-29,30.09,0.8571,12.8,G1_senior,4.9,89.9,54.16,3.231,0.908,0,0.0,0,NONE,test
RUN-009473,WO-004737,P03,L05,MCH-029,PRD-049,2026-05-30,32.3,1.0459,8.9,G1_senior,10,82.7,48.182,3.008,0.821,0.1401,0.12,1,SCRATCH,test
RUN-009474,WO-004737,P03,L05,MCH-027,PRD-049,2026-05-30,37.2,1.0857,2.1,G3_junior,10,82.7,45.753,3.114,0.886,0.1323,0.12,1,SURFACE_DENT,test
RUN-009475,WO-004738,P03,L05,MCH-030,PRD-049,2026-05-30,33.88,0.8295,2.9,G3_junior,10,82.7,51.251,3.008,0.946,0.1207,0.12,1,DIMENSION,test
RUN-009476,WO-004738,P03,L05,MCH-026,PRD-049,2026-05-30,31.4,0.8719,2.2,G3_junior,10,82.7,51.721,7.333,0.764,0.1005,0.1,1,SOLDER_VOID,test
RUN-009477,WO-004739,P03,L06,MCH-035,PRD-073,2026-05-30,29.3,0.9913,2.6,G3_junior,3.4,87.4,48.304,2.941,1.043,0.0764,0.025,0,SCRATCH,test
RUN-009478,WO-004739,P03,L06,MCH-033,PRD-073,2026-05-30,31.94,0.856,1.7,G3_junior,3.4,87.4,50.095,3.227,1.091,0.0138,0.0125,0,SCRATCH,test
RUN-009479,WO-004740,P03,L06,MCH-034,PRD-024,2026-05-30,26.13,0.9806,0.8,G3_junior,7.6,85.8,48.703,2.648,0.781,0.1106,0.085,1,CONTAMINATION,test
RUN-009480,WO-004740,P03,L06,MCH-036,PRD-024,2026-05-30,24.67,0.8997,7.0,G2_mid,7.6,85.8,50.897,3.162,0.781,0.09,0.08,1,MISSING_PART,test
RUN-009493,WO-004747,P03,L05,MCH-029,PRD-052,2026-05-31,31.81,0.9754,11.2,G1_senior,7.2,82.7,48.611,2.965,0.779,0.11,0.07,1,CONTAMINATION,test
RUN-009494,WO-004747,P03,L05,MCH-030,PRD-052,2026-05-31,29.4,0.9587,5.8,G2_mid,7.2,82.7,50.427,3.01,0.95,0.0553,0.0625,1,SOLDER_VOID,test
RUN-009495,WO-004748,P03,L06,MCH-033,PRD-016,2026-05-31,30.79,1.114,5.8,G2_mid,4.3,85.8,51.768,4.134,1.093,0.0141,0.025,0,SURFACE_DENT,test
RUN-009496,WO-004748,P03,L06,MCH-036,PRD-016,2026-05-31,23.59,1.026,6.1,G2_mid,4.3,85.8,50.719,2.939,1.081,0.0138,0.015,0,MISSING_PART,test
RUN-009497,WO-004749,P03,L06,MCH-035,PRD-078,2026-05-31,26.94,1.1777,6.5,G2_mid,4.6,84.7,50.167,3.087,0.696,0.0654,0.05,0,SURFACE_DENT,test
RUN-009498,WO-004749,P03,L06,MCH-032,PRD-078,2026-05-31,27.8,0.9975,2.3,G3_junior,4.6,84.7,53.132,3.526,0.807,0.0437,0.06,1,SCRATCH,test
RUN-009523,WO-004762,P03,L05,MCH-028,PRD-049,2026-06-01,30.53,1.1643,3.3,G2_mid,10,82.7,55.138,4.101,0.765,0.1043,0.12,1,SOLDER_VOID,test
RUN-009524,WO-004762,P03,L05,MCH-026,PRD-049,2026-06-01,30.12,0.8304,5.7,G2_mid,10,82.7,56.456,3.295,0.903,0.1311,0.12,1,SOLDER_VOID,test
RUN-009525,WO-004763,P03,L05,MCH-026,PRD-062,2026-06-01,33.29,0.9124,2.3,G3_junior,6.8,71.4,56.456,3.295,0.957,0.0837,0.112,1,SOLDER_VOID,test
RUN-009526,WO-004763,P03,L05,MCH-028,PRD-062,2026-06-01,29.64,0.967,18,G1_senior,6.8,71.4,55.138,4.101,0.717,0.1076,0.075,1,SURFACE_DENT,test
RUN-009527,WO-004764,P03,L05,MCH-026,PRD-031,2026-06-01,27.3,0.953,8.9,G1_senior,7.0,95.9,56.456,3.295,0.86,0.0406,0.04,0,NONE,test
RUN-009528,WO-004764,P03,L05,MCH-027,PRD-031,2026-06-01,28.12,0.8772,1.0,G3_junior,7.0,95.9,49.908,3.486,1.015,0.0713,0.08,1,SURFACE_DENT,test
RUN-009529,WO-004765,P03,L06,MCH-035,PRD-040,2026-06-01,29.25,0.9318,2.0,G3_junior,8.4,82.7,51.1,3.004,0.962,0.1415,0.1,1,SOLDER_VOID,test
RUN-009530,WO-004765,P03,L06,MCH-032,PRD-040,2026-06-01,32.21,1.1893,11.2,G1_senior,8.4,82.7,55.506,8.126,0.929,0.0572,0.08,1,MISSING_PART,test
RUN-009531,WO-004766,P03,L06,MCH-033,PRD-040,2026-06-01,25.13,0.8307,15.7,G1_senior,8.4,82.7,51.916,4.174,0.638,0.0988,0.0875,1,SCRATCH,test
RUN-009532,WO-004766,P03,L06,MCH-034,PRD-040,2026-06-01,24.12,1.0284,1.7,G3_junior,8.4,82.7,50.64,2.943,0.916,0.1296,0.1,1,MISSING_PART,test
RUN-009533,WO-004767,P03,L06,MCH-033,PRD-040,2026-06-01,22.96,0.8943,2.8,G3_junior,8.4,82.7,51.916,4.174,0.744,0.0746,0.1125,1,SURFACE_DENT,test
RUN-009534,WO-004767,P03,L06,MCH-031,PRD-040,2026-06-01,28.97,1.0429,8.9,G1_senior,8.4,82.7,53.441,3.536,1.065,0.0533,0.0875,1,SOLDER_VOID,test
RUN-009559,WO-004780,P03,L05,MCH-025,PRD-064,2026-06-02,22.29,1.1436,0.6,G3_junior,4.9,89.9,52.219,3.317,0.87,0.0173,0.03,0,CONTAMINATION,test
RUN-009560,WO-004780,P03,L05,MCH-030,PRD-064,2026-06-02,21.26,0.8921,1.6,G3_junior,4.9,89.9,51.877,3.175,0.812,0.0577,0.05,0,SOLDER_VOID,test
RUN-009561,WO-004781,P03,L05,MCH-028,PRD-062,2026-06-02,30.63,0.8639,7.0,G2_mid,6.8,71.4,56.285,3.872,0.784,0.1019,0.0875,1,CONTAMINATION,test
RUN-009562,WO-004781,P03,L05,MCH-030,PRD-062,2026-06-02,30.86,0.9495,11.5,G1_senior,6.8,71.4,51.877,3.175,1.056,0.0724,0.08,1,SCRATCH,test
RUN-009563,WO-004782,P03,L05,MCH-030,PRD-064,2026-06-02,24.87,0.8892,0.2,G3_junior,4.9,89.9,51.877,3.175,0.646,0.0228,0.04,0,SURFACE_DENT,test
RUN-009564,WO-004782,P03,L05,MCH-028,PRD-064,2026-06-02,21.32,0.8845,1.7,G3_junior,4.9,89.9,56.285,3.872,1.075,0.0438,0.04,1,DIMENSION,test
RUN-009565,WO-004783,P03,L06,MCH-031,PRD-059,2026-06-02,23.06,1.0539,0.7,G3_junior,5.9,88.6,51.658,3.299,0.974,0.0667,0.04,0,SCRATCH,test
RUN-009566,WO-004783,P03,L06,MCH-033,PRD-059,2026-06-02,18.81,0.9221,1.0,G3_junior,5.9,88.6,53.784,3.271,0.906,0.0427,0.04,0,SURFACE_DENT,test
RUN-009567,WO-004784,P03,L06,MCH-036,PRD-059,2026-06-02,30.9,0.8622,2.0,G3_junior,5.9,88.6,53.317,3.216,1.032,0.0953,0.075,1,SOLDER_VOID,test
RUN-009568,WO-004784,P03,L06,MCH-033,PRD-059,2026-06-02,34.27,0.8998,2.0,G3_junior,5.9,88.6,53.784,3.271,1.071,0.0194,0.04,0,SURFACE_DENT,test
RUN-009569,WO-004785,P03,L06,MCH-035,PRD-059,2026-06-02,28.71,1.1413,0.7,G3_junior,5.9,88.6,51.268,3.277,0.79,0.086,0.06,1,SCRATCH,test
RUN-009570,WO-004785,P03,L06,MCH-033,PRD-059,2026-06-02,26.79,1.1661,2.7,G3_junior,5.9,88.6,53.784,3.271,1.073,0.0744,0.04,0,CONTAMINATION,test
RUN-009595,WO-004798,P03,L05,MCH-025,PRD-049,2026-06-03,24.61,0.9081,7.0,G2_mid,10,82.7,53.268,3.421,0.964,0.0813,0.14,1,DIMENSION,test
RUN-009596,WO-004798,P03,L05,MCH-029,PRD-049,2026-06-03,26.13,0.9002,10.6,G1_senior,10,82.7,51.933,3.438,0.648,0.1762,0.13,1,SCRATCH,test
RUN-009597,WO-004799,P03,L05,MCH-025,PRD-031,2026-06-03,19.65,0.8656,1.2,G3_junior,7.0,95.9,53.268,3.421,0.905,0.0857,0.04,0,DIMENSION,test
RUN-009598,WO-004799,P03,L05,MCH-028,PRD-031,2026-06-03,17.39,0.8326,3.1,G2_mid,7.0,95.9,54.242,3.482,0.639,0.026,0.055,1,SURFACE_DENT,test
RUN-009599,WO-004800,P03,L05,MCH-028,PRD-049,2026-06-03,25.73,0.9991,1.8,G3_junior,10,82.7,54.242,3.482,0.994,0.1161,0.136,1,CONTAMINATION,test
RUN-009600,WO-004800,P03,L05,MCH-026,PRD-049,2026-06-03,29.15,1.0292,3.3,G2_mid,10,82.7,55.067,3.363,0.75,0.1597,0.144,1,SOLDER_VOID,test
RUN-009601,WO-004801,P03,L06,MCH-033,PRD-035,2026-06-03,26.19,1.0481,10.6,G1_senior,4.3,84.7,54.637,3.776,0.845,0.0176,0.03,0,SCRATCH,test
RUN-009602,WO-004801,P03,L06,MCH-034,PRD-035,2026-06-03,28.29,0.9191,11.5,G1_senior,4.3,84.7,48.682,3.157,1.028,0.0382,0.03,0,SCRATCH,test
RUN-009603,WO-004802,P03,L06,MCH-032,PRD-035,2026-06-03,32.72,0.9106,4.8,G2_mid,4.3,84.7,53.485,9.025,0.909,0.0373,0.02,0,SURFACE_DENT,test
RUN-009604,WO-004802,P03,L06,MCH-031,PRD-035,2026-06-03,29.1,1.0119,5.7,G2_mid,4.3,84.7,52.952,3.775,0.893,0.0218,0.025,0,MISSING_PART,test
RUN-009605,WO-004803,P03,L06,MCH-032,PRD-035,2026-06-03,16.65,0.8568,10.6,G1_senior,4.3,84.7,53.485,9.025,1.064,0.0687,0.045,0,SURFACE_DENT,test
RUN-009606,WO-004803,P03,L06,MCH-033,PRD-035,2026-06-03,19.8,1.0566,4.8,G2_mid,4.3,84.7,54.637,3.776,1.018,0.0518,0.04,0,SCRATCH,test
RUN-009631,WO-004816,P03,L05,MCH-029,PRD-009,2026-06-04,19.38,1.1195,1.0,G3_junior,5.0,76.8,52.151,3.327,0.904,0.0738,0.06,1,MISSING_PART,test
RUN-009632,WO-004816,P03,L05,MCH-027,PRD-009,2026-06-04,18.98,1.158,0.7,G3_junior,5.0,76.8,49.404,3.008,0.674,0.0953,0.07,1,SCRATCH,test
RUN-009633,WO-004817,P03,L05,MCH-027,PRD-021,2026-06-04,19.69,1.0643,2.8,G3_junior,3.0,95.9,49.404,3.008,0.936,0.0466,0.0125,0,NONE,test
RUN-009634,WO-004817,P03,L05,MCH-028,PRD-021,2026-06-04,20.63,0.9795,3.3,G2_mid,3.0,95.9,55.678,3.46,1.053,0,0.0,0,NONE,test
RUN-009635,WO-004818,P03,L05,MCH-030,PRD-009,2026-06-04,25.98,0.8289,7.0,G2_mid,5.0,76.8,53.438,3.216,0.947,0.1067,0.065,1,CONTAMINATION,test
RUN-009636,WO-004818,P03,L05,MCH-026,PRD-009,2026-06-04,27.42,1.1801,0.2,G3_junior,5.0,76.8,54.646,3.621,0.997,0.0561,0.08,1,SCRATCH,test
RUN-009637,WO-004819,P03,L06,MCH-033,PRD-012,2026-06-04,34.04,1.1433,0.2,G3_junior,2.1,92.1,52.692,3.062,0.702,0.0155,0.0,0,NONE,test
RUN-009638,WO-004819,P03,L06,MCH-034,PRD-012,2026-06-04,33.2,0.8589,11.2,G1_senior,2.1,92.1,48.537,2.745,0.789,0.0582,0.0,0,NONE,test
RUN-009639,WO-004820,P03,L06,MCH-032,PRD-012,2026-06-04,21.32,1.0349,1.2,G3_junior,2.1,92.1,54.929,2.818,0.937,0.0043,0.03,0,SOLDER_VOID,test
RUN-009640,WO-004820,P03,L06,MCH-034,PRD-012,2026-06-04,18.35,0.8812,0.2,G3_junior,2.1,92.1,48.537,2.745,0.988,0.0011,0.025,0,SURFACE_DENT,test
RUN-009641,WO-004821,P03,L06,MCH-034,PRD-017,2026-06-04,19.72,1.0316,1.0,G3_junior,4.3,96.3,48.537,2.745,0.693,0.0134,0.032,0,SCRATCH,test
RUN-009642,WO-004821,P03,L06,MCH-032,PRD-017,2026-06-04,18.64,0.8653,1.4,G3_junior,4.3,96.3,54.929,2.818,0.938,0.0477,0.04,0,SCRATCH,test
RUN-009667,WO-004834,P03,L05,MCH-029,PRD-015,2026-06-05,16.11,1.0875,14.6,G1_senior,8.8,92.1,52.14,3.2,0.746,0.1047,0.0625,1,CONTAMINATION,test
RUN-009668,WO-004834,P03,L05,MCH-030,PRD-015,2026-06-05,19.12,0.8287,2.8,G3_junior,8.8,92.1,53.467,3.134,0.799,0.1036,0.1,1,DIMENSION,test
RUN-009669,WO-004835,P03,L05,MCH-028,PRD-045,2026-06-05,28.12,0.8558,8.2,G1_senior,2.5,97.0,55.304,3.568,0.791,0.0078,0.01,0,SCRATCH,test
RUN-009670,WO-004835,P03,L05,MCH-025,PRD-045,2026-06-05,27.69,1.145,6.1,G2_mid,2.5,97.0,58.404,3.59,0.918,0.0114,0.016,0,SOLDER_VOID,test
RUN-009671,WO-004836,P03,L05,MCH-030,PRD-007,2026-06-05,13.37,1.0136,2.8,G3_junior,3.9,88.0,53.467,3.134,0.906,0.0469,0.04,0,CONTAMINATION,test
RUN-009672,WO-004836,P03,L05,MCH-029,PRD-007,2026-06-05,14.78,0.8485,2.3,G3_junior,3.9,88.0,52.14,3.2,0.693,0,0.04,0,SCRATCH,test
RUN-009673,WO-004837,P03,L06,MCH-036,PRD-070,2026-06-05,30.7,1.1652,7.6,G2_mid,3.9,87.4,53.591,3.341,1.035,0.0199,0.01,0,SOLDER_VOID,test
RUN-009674,WO-004837,P03,L06,MCH-032,PRD-070,2026-06-05,28.53,0.8555,2.3,G3_junior,3.9,87.4,52.955,3.162,0.738,0.0258,0.025,0,SCRATCH,test
RUN-009675,WO-004838,P03,L06,MCH-032,PRD-070,2026-06-05,17.44,1.1041,2.9,G3_junior,3.9,87.4,52.955,3.162,0.711,0.0232,0.056,1,DIMENSION,test
RUN-009676,WO-004838,P03,L06,MCH-031,PRD-070,2026-06-05,22.0,1.14,2.1,G3_junior,3.9,87.4,54.64,3.407,0.643,0,0.0125,0,NONE,test
RUN-009677,WO-004839,P03,L06,MCH-033,PRD-070,2026-06-05,17.08,1.1596,0.2,G3_junior,3.9,87.4,55.534,3.483,0.899,0.0299,0.04,0,DIMENSION,test
RUN-009678,WO-004839,P03,L06,MCH-035,PRD-070,2026-06-05,15.97,1.1624,0.2,G3_junior,3.9,87.4,53.621,3.506,0.866,0.0215,0.025,0,SURFACE_DENT,test
RUN-009701,WO-004851,P03,L05,MCH-026,PRD-045,2026-06-06,13.69,0.9965,2.7,G3_junior,2.5,97.0,49.567,3.279,0.903,0,0.02,0,SURFACE_DENT,test
RUN-009702,WO-004851,P03,L05,MCH-028,PRD-045,2026-06-06,8.29,0.9633,2.7,G3_junior,2.5,97.0,51.074,3.162,0.74,0.031,0.0,0,NONE,test
RUN-009703,WO-004852,P03,L06,MCH-033,PRD-035,2026-06-06,18.77,0.8563,2.8,G3_junior,4.3,84.7,52.024,3.437,0.849,0.0883,0.0375,0,SURFACE_DENT,test
RUN-009704,WO-004852,P03,L06,MCH-031,PRD-035,2026-06-06,24.12,1.1681,1.7,G3_junior,4.3,84.7,53.998,3.541,0.986,0.0039,0.045,0,SOLDER_VOID,test
RUN-009705,WO-004853,P03,L06,MCH-031,PRD-035,2026-06-06,12.64,1.1681,0.4,G3_junior,4.3,84.7,53.998,3.541,1.02,0.0504,0.0375,0,MISSING_PART,test
RUN-009706,WO-004853,P03,L06,MCH-032,PRD-035,2026-06-06,11.33,1.1098,0.6,G3_junior,4.3,84.7,43.24,3.528,0.925,0.0598,0.05,0,SOLDER_VOID,test
RUN-009707,WO-004854,P03,L06,MCH-035,PRD-016,2026-06-06,18.68,0.976,5.8,G2_mid,4.3,85.8,47.351,2.982,0.934,0,0.008,0,DIMENSION,test
RUN-009708,WO-004854,P03,L06,MCH-033,PRD-016,2026-06-06,24.6,1.114,2.8,G3_junior,4.3,85.8,52.024,3.437,0.999,0.0126,0.04,0,MISSING_PART,test
RUN-009721,WO-004861,P03,L05,MCH-025,PRD-075,2026-06-07,31.58,1.1792,11.8,G1_senior,6.8,96.3,53.134,5.126,0.77,0.0126,0.032,0,NONE,test
RUN-009722,WO-004861,P03,L05,MCH-027,PRD-075,2026-06-07,30.95,1.1333,1.6,G3_junior,6.8,96.3,46.47,2.808,1.043,0.0358,0.06,1,MISSING_PART,test
RUN-009723,WO-004862,P03,L06,MCH-034,PRD-017,2026-06-07,35.4,0.9092,11.5,G1_senior,4.3,96.3,46.321,3.119,1.076,0.02,0.0,0,NONE,test
RUN-009724,WO-004862,P03,L06,MCH-033,PRD-017,2026-06-07,29.17,0.9146,4.6,G2_mid,4.3,96.3,50.434,3.452,1.01,0.0144,0.01,0,CONTAMINATION,test
RUN-009725,WO-004863,P03,L06,MCH-032,PRD-017,2026-06-07,24.53,0.9146,11.2,G1_senior,4.3,96.3,46.625,2.934,1.009,0,0.0,0,NONE,test
RUN-009726,WO-004863,P03,L06,MCH-033,PRD-017,2026-06-07,21.5,1.0303,1.3,G3_junior,4.3,96.3,50.434,3.452,0.734,0.0088,0.008,0,SCRATCH,test
RUN-009751,WO-004876,P03,L05,MCH-028,PRD-043,2026-06-08,12.63,0.9859,1.0,G3_junior,4.2,84.5,53.734,3.644,1.098,0.0871,0.04,0,SOLDER_VOID,test
RUN-009752,WO-004876,P03,L05,MCH-027,PRD-043,2026-06-08,10.61,1.0647,0.8,G3_junior,4.2,84.5,51.267,2.776,0.764,0.0009,0.0375,0,SURFACE_DENT,test
RUN-009753,WO-004877,P03,L05,MCH-027,PRD-043,2026-06-08,20.41,1.0051,7.6,G2_mid,4.2,84.5,51.267,2.776,1.068,0.0461,0.05,0,CONTAMINATION,test
RUN-009754,WO-004877,P03,L05,MCH-028,PRD-043,2026-06-08,18.1,0.973,0,G0_unknown,4.2,84.5,53.734,3.644,0.878,0.0453,0.04,0,DIMENSION,test
RUN-009755,WO-004878,P03,L05,MCH-027,PRD-052,2026-06-08,24.44,1.0231,2.3,G3_junior,7.2,82.7,51.267,2.776,0.961,0.0956,0.08,1,SCRATCH,test
RUN-009756,WO-004878,P03,L05,MCH-025,PRD-052,2026-06-08,23.3,1.1033,2.8,G3_junior,7.2,82.7,61.043,5.909,0.727,0.0883,0.08,1,CONTAMINATION,test
RUN-009757,WO-004879,P03,L06,MCH-031,PRD-017,2026-06-08,27.55,0.9254,11.2,G1_senior,4.3,96.3,54.02,3.455,0.924,0.0003,0.024,0,SCRATCH,test
RUN-009758,WO-004879,P03,L06,MCH-032,PRD-017,2026-06-08,27.25,0.878,2.9,G3_junior,4.3,96.3,53.191,3.18,0.701,0,0.0,0,NONE,test
RUN-009759,WO-004880,P03,L06,MCH-031,PRD-017,2026-06-08,40.95,1.0474,1.0,G3_junior,4.3,96.3,54.02,3.455,0.702,0.0705,0.02,0,SURFACE_DENT,test
RUN-009760,WO-004880,P03,L06,MCH-034,PRD-017,2026-06-08,42.44,1.1717,0.2,G3_junior,4.3,96.3,50.496,2.51,0.708,0.0101,0.024,0,SURFACE_DENT,test
RUN-009761,WO-004881,P03,L06,MCH-035,PRD-017,2026-06-08,22.5,1.0565,18,G1_senior,4.3,96.3,55.624,3.268,0.655,0.0047,0.0,0,NONE,test
RUN-009762,WO-004881,P03,L06,MCH-033,PRD-017,2026-06-08,26.41,1.1491,2.3,G3_junior,4.3,96.3,55.715,2.922,0.942,0,0.024,0,SURFACE_DENT,test
RUN-009787,WO-004894,P03,L05,MCH-029,PRD-075,2026-06-09,31.41,1.0126,2.3,G3_junior,6.8,96.3,52.833,3.078,0.804,0.052,0.06,1,MISSING_PART,test
RUN-009788,WO-004894,P03,L05,MCH-025,PRD-075,2026-06-09,31.62,0.8673,8.9,G1_senior,6.8,96.3,68.159,6.049,1.1,0.0313,0.025,0,DIMENSION,test
RUN-009789,WO-004895,P03,L05,MCH-026,PRD-075,2026-06-09,44.07,0.8472,0.4,G3_junior,6.8,96.3,53.417,3.126,0.653,0.0813,0.05,0,SURFACE_DENT,test
RUN-009790,WO-004895,P03,L05,MCH-028,PRD-075,2026-06-09,39.65,0.8748,0.4,G3_junior,6.8,96.3,53.928,3.803,0.624,0.024,0.02,0,MISSING_PART,test
RUN-009791,WO-004896,P03,L05,MCH-027,PRD-021,2026-06-09,4.59,1.1657,0.2,G3_junior,3.0,95.9,50.409,3.007,0.94,0.0399,0.024,0,SURFACE_DENT,test
RUN-009792,WO-004896,P03,L05,MCH-026,PRD-021,2026-06-09,11.32,0.9423,0.5,G3_junior,3.0,95.9,53.417,3.126,0.908,0.0216,0.016,0,SURFACE_DENT,test
RUN-009793,WO-004897,P03,L06,MCH-036,PRD-014,2026-06-09,21.16,1.1241,0.4,G3_junior,5.0,85.8,53.571,3.301,0.841,0.0952,0.056,1,SURFACE_DENT,test
RUN-009794,WO-004897,P03,L06,MCH-031,PRD-014,2026-06-09,21.5,1.1111,0,G0_unknown,5.0,85.8,56.047,3.62,0.772,0.0394,0.065,1,SURFACE_DENT,test
RUN-009795,WO-004898,P03,L06,MCH-034,PRD-014,2026-06-09,12.64,1.1262,1.2,G3_junior,5.0,85.8,52.748,2.571,0.889,0.0177,0.04,0,SOLDER_VOID,test
RUN-009796,WO-004898,P03,L06,MCH-033,PRD-014,2026-06-09,14.55,1.0117,12.8,G1_senior,5.0,85.8,56.626,3.832,0.79,0.0338,0.0375,0,SOLDER_VOID,test
RUN-009797,WO-004899,P03,L06,MCH-032,PRD-014,2026-06-09,20.71,1.1235,2.6,G3_junior,5.0,85.8,55.063,2.94,0.709,0.0351,0.04,0,CONTAMINATION,test
RUN-009798,WO-004899,P03,L06,MCH-034,PRD-014,2026-06-09,17.76,1.1262,4.7,G2_mid,5.0,85.8,52.748,2.571,0.843,0.0366,0.04,0,SCRATCH,test
RUN-009823,WO-004912,P03,L05,MCH-029,PRD-033,2026-06-10,14.52,0.8659,3.0,G3_junior,4.7,88.0,53.548,9.113,0.664,0.0167,0.025,0,CONTAMINATION,test
RUN-009824,WO-004912,P03,L05,MCH-025,PRD-033,2026-06-10,19.46,0.8781,1.0,G3_junior,4.7,88.0,74.188,14.413,0.662,0.0313,0.04,0,CONTAMINATION,test
RUN-009825,WO-004913,P03,L05,MCH-029,PRD-006,2026-06-10,32.86,1.1041,2.0,G3_junior,7.3,92.1,53.548,9.113,1.075,0.0784,0.06,1,SURFACE_DENT,test
RUN-009826,WO-004913,P03,L05,MCH-027,PRD-006,2026-06-10,36.72,1.1119,1.0,G3_junior,7.3,92.1,52.966,2.982,0.853,0.0385,0.07,1,SOLDER_VOID,test
RUN-009827,WO-004914,P03,L05,MCH-029,PRD-033,2026-06-10,36.26,0.8962,2.8,G3_junior,4.7,88.0,53.548,9.113,1.014,0.0488,0.04,0,CONTAMINATION,test
RUN-009828,WO-004914,P03,L05,MCH-026,PRD-033,2026-06-10,31.67,0.9711,0.6,G3_junior,4.7,88.0,53.679,4.294,0.885,0.0216,0.035,0,CONTAMINATION,test
RUN-009829,WO-004915,P03,L06,MCH-031,PRD-040,2026-06-10,29.8,1.1594,3.3,G2_mid,8.4,82.7,53.273,3.44,0.734,0.0978,0.104,1,MISSING_PART,test
RUN-009830,WO-004915,P03,L06,MCH-034,PRD-040,2026-06-10,29.21,0.9969,11.5,G1_senior,8.4,82.7,48.833,2.55,0.88,0.0874,0.07,1,DIMENSION,test
RUN-009831,WO-004916,P03,L06,MCH-033,PRD-040,2026-06-10,21.28,0.9602,0.7,G3_junior,8.4,82.7,53.458,3.581,0.798,0.0791,0.1125,1,SURFACE_DENT,test
RUN-009832,WO-004916,P03,L06,MCH-034,PRD-040,2026-06-10,25.22,0.823,11.2,G1_senior,8.4,82.7,48.833,2.55,0.763,0.0689,0.096,1,CONTAMINATION,test
RUN-009833,WO-004917,P03,L06,MCH-033,PRD-040,2026-06-10,30.65,0.9464,0.4,G3_junior,8.4,82.7,53.458,3.581,0.728,0.0876,0.1,1,CONTAMINATION,test
RUN-009834,WO-004917,P03,L06,MCH-032,PRD-040,2026-06-10,32.12,0.849,0.6,G3_junior,8.4,82.7,49.909,3.41,0.998,0.1424,0.12,1,SURFACE_DENT,test
RUN-009859,WO-004930,P03,L05,MCH-028,PRD-015,2026-06-11,31.28,0.9096,2.8,G3_junior,8.8,92.1,54.87,4.1,1.069,0.0812,0.1,1,MISSING_PART,test
RUN-009860,WO-004930,P03,L05,MCH-025,PRD-015,2026-06-11,34.52,1.0809,1.0,G3_junior,8.8,92.1,71.427,7.837,1.096,0.0699,0.075,1,SURFACE_DENT,test
RUN-009861,WO-004931,P03,L05,MCH-028,PRD-044,2026-06-11,32.38,0.9314,1.8,G3_junior,4.1,88.0,54.87,4.1,0.95,0,0.016,0,CONTAMINATION,test
RUN-009862,WO-004931,P03,L05,MCH-027,PRD-044,2026-06-11,28.87,0.9166,0.2,G3_junior,4.1,88.0,52.159,3.263,0.627,0.0442,0.04,0,SCRATCH,test
RUN-009863,WO-004932,P03,L05,MCH-025,PRD-029,2026-06-11,34.2,1.1524,11.5,G1_senior,6.6,87.0,71.427,7.837,0.96,0.1162,0.05,0,CONTAMINATION,test
RUN-009864,WO-004932,P03,L05,MCH-026,PRD-029,2026-06-11,28.68,0.9109,1.0,G3_junior,6.6,87.0,55.127,3.41,0.759,0.0889,0.064,1,SOLDER_VOID,test
RUN-009865,WO-004933,P03,L06,MCH-035,PRD-070,2026-06-11,20.62,0.9653,0.5,G3_junior,3.9,87.4,53.741,3.057,1.015,0.0497,0.035,0,SOLDER_VOID,test
RUN-009866,WO-004933,P03,L06,MCH-032,PRD-070,2026-06-11,18.32,0.9524,0.6,G3_junior,3.9,87.4,52.614,3.332,0.879,0.0422,0.04,0,CONTAMINATION,test
RUN-009867,WO-004934,P03,L06,MCH-034,PRD-070,2026-06-11,13.84,0.9563,2.8,G3_junior,3.9,87.4,52.329,2.669,0.717,0,0.03,0,SOLDER_VOID,test
RUN-009868,WO-004934,P03,L06,MCH-032,PRD-070,2026-06-11,12.09,1.0873,11.5,G1_senior,3.9,87.4,52.614,3.332,1.083,0.04,0.03,0,SOLDER_VOID,test
RUN-009869,WO-004935,P03,L06,MCH-036,PRD-070,2026-06-11,10.75,1.1389,2.2,G3_junior,3.9,87.4,53.991,3.159,0.903,0.0554,0.06,1,MISSING_PART,test
RUN-009870,WO-004935,P03,L06,MCH-035,PRD-070,2026-06-11,15.5,1.1674,0.2,G3_junior,3.9,87.4,53.741,3.057,1.007,0.0052,0.025,0,DIMENSION,test
RUN-009895,WO-004948,P03,L05,MCH-029,PRD-052,2026-06-12,20.93,0.8855,1.8,G3_junior,7.2,82.7,51.907,3.132,0.67,0.045,0.088,1,SCRATCH,test
RUN-009896,WO-004948,P03,L05,MCH-030,PRD-052,2026-06-12,24.61,0.8617,4.6,G2_mid,7.2,82.7,51.018,3.276,1.01,0.0325,0.06,1,CONTAMINATION,test
RUN-009897,WO-004949,P03,L05,MCH-029,PRD-052,2026-06-12,24.15,1.0572,0.2,G3_junior,7.2,82.7,51.907,3.132,1.075,0.1091,0.08,1,MISSING_PART,test
RUN-009898,WO-004949,P03,L05,MCH-027,PRD-052,2026-06-12,27.95,0.9865,0.2,G3_junior,7.2,82.7,52.587,3.221,0.947,0.1099,0.1,1,MISSING_PART,test
RUN-009899,WO-004950,P03,L05,MCH-025,PRD-031,2026-06-12,22.16,0.9159,0.2,G3_junior,7.0,95.9,71.125,8.267,0.781,0.0223,0.04,0,SURFACE_DENT,test
RUN-009900,WO-004950,P03,L05,MCH-029,PRD-031,2026-06-12,28.29,1.1739,0,G0_unknown,7.0,95.9,51.907,3.132,0.931,0.0079,0.056,1,DIMENSION,test
RUN-009901,WO-004951,P03,L06,MCH-035,PRD-042,2026-06-12,19.03,0.8438,0.6,G3_junior,1.4,89.9,52.656,3.06,0.692,0,0.025,0,DIMENSION,test
RUN-009902,WO-004951,P03,L06,MCH-031,PRD-042,2026-06-12,23.46,1.0207,0.4,G3_junior,1.4,89.9,53.549,2.986,1.035,0.0245,0.0125,0,SCRATCH,test
RUN-009903,WO-004952,P03,L06,MCH-034,PRD-012,2026-06-12,20.53,1.0398,2.2,G3_junior,2.1,92.1,49.055,2.83,1.029,0.0692,0.025,0,SOLDER_VOID,test
RUN-009904,WO-004952,P03,L06,MCH-035,PRD-012,2026-06-12,20.39,0.9946,7.1,G2_mid,2.1,92.1,52.656,3.06,0.861,0.0106,0.0125,0,CONTAMINATION,test
RUN-009905,WO-004953,P03,L06,MCH-035,PRD-012,2026-06-12,20.97,0.9188,7.6,G2_mid,2.1,92.1,52.656,3.06,0.837,0.0195,0.008,0,CONTAMINATION,test
RUN-009906,WO-004953,P03,L06,MCH-031,PRD-012,2026-06-12,22.81,1.1422,2.3,G3_junior,2.1,92.1,53.549,2.986,1.017,0.0106,0.032,0,NONE,test
RUN-009919,WO-004960,P03,L05,MCH-026,PRD-040,2026-06-13,37.3,0.9487,7.2,G2_mid,8.4,82.7,49.096,2.96,0.817,0.093,0.085,1,SURFACE_DENT,test
RUN-009920,WO-004960,P03,L05,MCH-030,PRD-040,2026-06-13,33.34,1.1655,7.2,G2_mid,8.4,82.7,48.412,3.44,1.055,0.0738,0.08,1,NONE,test
RUN-009929,WO-004965,P03,L05,MCH-028,PRD-010,2026-06-14,21.16,1.0847,7.6,G2_mid,6.9,97.0,49.675,2.962,0.964,0.0212,0.016,0,SOLDER_VOID,test
RUN-009930,WO-004965,P03,L05,MCH-027,PRD-010,2026-06-14,18.18,1.1754,1.2,G3_junior,6.9,97.0,45.362,2.895,0.819,0.0086,0.055,1,NONE,test
RUN-009955,WO-004978,P03,L05,MCH-028,PRD-021,2026-06-15,18.21,1.1153,11.5,G1_senior,3.0,95.9,53.635,3.191,0.977,0.0152,0.02,0,MISSING_PART,test
RUN-009956,WO-004978,P03,L05,MCH-025,PRD-021,2026-06-15,21.07,0.9728,0.2,G3_junior,3.0,95.9,53.369,3.037,0.736,0.0056,0.04,0,CONTAMINATION,test
RUN-009957,WO-004979,P03,L05,MCH-027,PRD-078,2026-06-15,24.43,1.104,0.2,G3_junior,4.6,84.7,51.019,3.116,0.698,0.0896,0.055,1,DIMENSION,test
RUN-009958,WO-004979,P03,L05,MCH-026,PRD-078,2026-06-15,23.72,0.9279,4.6,G2_mid,4.6,84.7,54.019,3.361,0.705,0,0.04,0,DIMENSION,test
RUN-009959,WO-004980,P03,L05,MCH-030,PRD-078,2026-06-15,24.71,1.1532,1.7,G3_junior,4.6,84.7,58.411,3.823,0.696,0.0432,0.04,0,SURFACE_DENT,test
RUN-009960,WO-004980,P03,L05,MCH-025,PRD-078,2026-06-15,29.57,1.1138,3.1,G2_mid,4.6,84.7,53.369,3.037,0.694,0.0555,0.0375,0,CONTAMINATION,test
RUN-009961,WO-004981,P03,L06,MCH-035,PRD-070,2026-06-15,25.25,1.1209,1.4,G3_junior,3.9,87.4,51.643,2.962,1.099,0.0914,0.055,1,SOLDER_VOID,test
RUN-009962,WO-004981,P03,L06,MCH-033,PRD-070,2026-06-15,25.54,1.1713,10.6,G1_senior,3.9,87.4,53.696,8.263,0.752,0.0316,0.025,0,DIMENSION,test
RUN-009963,WO-004982,P03,L06,MCH-033,PRD-037,2026-06-15,14.35,1.1479,5.8,G2_mid,4.2,88.0,53.696,8.263,0.873,0.0379,0.025,0,SCRATCH,test
RUN-009964,WO-004982,P03,L06,MCH-035,PRD-037,2026-06-15,14.21,0.9789,11.2,G1_senior,4.2,88.0,51.643,2.962,0.856,0,0.0125,0,SOLDER_VOID,test
RUN-009965,WO-004983,P03,L06,MCH-034,PRD-070,2026-06-15,23.63,0.8287,2.7,G3_junior,3.9,87.4,50.06,3.227,0.793,0.0392,0.025,0,DIMENSION,test
RUN-009966,WO-004983,P03,L06,MCH-035,PRD-070,2026-06-15,25.42,0.9351,0.2,G3_junior,3.9,87.4,51.643,2.962,0.757,0.0266,0.04,0,DIMENSION,test
RUN-009991,WO-004996,P03,L05,MCH-025,PRD-039,2026-06-16,33.92,1.0487,1.7,G3_junior,5.6,96.1,54.903,3.22,0.703,0.0171,0.04,0,SOLDER_VOID,test
RUN-009992,WO-004996,P03,L05,MCH-030,PRD-039,2026-06-16,34.08,1.0635,3.1,G2_mid,5.6,96.1,56.158,4.301,0.797,0.0412,0.0375,0,MISSING_PART,test
RUN-009993,WO-004997,P03,L05,MCH-029,PRD-049,2026-06-16,36.24,0.8648,0.2,G3_junior,10,82.7,52.267,3.4,1.012,0.0991,0.12,1,DIMENSION,test
RUN-009994,WO-004997,P03,L05,MCH-027,PRD-049,2026-06-16,31.85,1.0866,0.2,G3_junior,10,82.7,49.566,2.714,0.677,0.1359,0.1375,1,SCRATCH,test
RUN-009995,WO-004998,P03,L05,MCH-030,PRD-079,2026-06-16,28.84,0.9126,0.7,G3_junior,3.3,71.4,56.158,4.301,0.899,0.0814,0.08,1,MISSING_PART,test
RUN-009996,WO-004998,P03,L05,MCH-028,PRD-079,2026-06-16,31.03,0.9831,0,G0_unknown,3.3,71.4,54.469,3.649,0.802,0.04,0.05,0,DIMENSION,test
RUN-009997,WO-004999,P03,L06,MCH-033,PRD-067,2026-06-16,10.93,0.9794,4.7,G2_mid,4.5,71.0,53.855,3.184,0.835,0.0922,0.07,1,SOLDER_VOID,test
RUN-009998,WO-004999,P03,L06,MCH-036,PRD-067,2026-06-16,9.89,0.9097,2.6,G3_junior,4.5,71.0,53.469,3.185,0.843,0.1093,0.09,1,SOLDER_VOID,test
RUN-009999,WO-005000,P03,L06,MCH-033,PRD-067,2026-06-16,18.4,0.9794,11.2,G1_senior,4.5,71.0,53.855,3.184,0.714,0.0221,0.05,0,MISSING_PART,test
RUN-010000,WO-005000,P03,L06,MCH-034,PRD-067,2026-06-16,18.16,1.1081,2.0,G3_junior,4.5,71.0,51.688,3.068,0.963,0.0658,0.0875,1,DIMENSION,test
RUN-010001,WO-005001,P03,L06,MCH-031,PRD-073,2026-06-16,18.88,1.1773,0.5,G3_junior,3.4,87.4,56.728,3.147,0.726,0.075,0.03,0,DIMENSION,test
RUN-010002,WO-005001,P03,L06,MCH-034,PRD-073,2026-06-16,18.54,1.028,0.5,G3_junior,3.4,87.4,51.688,3.068,0.862,0.0299,0.025,0,SOLDER_VOID,test
RUN-010027,WO-005014,P03,L05,MCH-029,PRD-045,2026-06-17,24.88,1.1529,2.6,G3_junior,2.5,97.0,53.215,3.046,0.831,0.0649,0.025,0,CONTAMINATION,test
RUN-010028,WO-005014,P03,L05,MCH-030,PRD-045,2026-06-17,22.13,0.9559,2.6,G3_junior,2.5,97.0,59.288,4.964,0.651,0.0415,0.03,0,DIMENSION,test
RUN-010029,WO-005015,P03,L05,MCH-026,PRD-029,2026-06-17,31.11,1.0082,1.0,G3_junior,6.6,87.0,53.698,3.579,1.009,0.0665,0.075,1,SCRATCH,test
RUN-010030,WO-005015,P03,L05,MCH-025,PRD-029,2026-06-17,27.24,0.9333,2.0,G3_junior,6.6,87.0,53.076,3.313,0.934,0.0925,0.08,1,SOLDER_VOID,test
RUN-010031,WO-005016,P03,L05,MCH-029,PRD-009,2026-06-17,17.77,1.142,1.0,G3_junior,5.0,76.8,53.215,3.046,0.946,0.0555,0.05,0,DIMENSION,test
RUN-010032,WO-005016,P03,L05,MCH-025,PRD-009,2026-06-17,20.3,0.8518,4.8,G2_mid,5.0,76.8,53.076,3.313,1.09,0.0322,0.05,0,MISSING_PART,test
RUN-010033,WO-005017,P03,L06,MCH-031,PRD-067,2026-06-17,24.03,1.0792,2.0,G3_junior,4.5,71.0,55.292,4.065,1.012,0.0724,0.088,1,SCRATCH,test
RUN-010034,WO-005017,P03,L06,MCH-036,PRD-067,2026-06-17,27.1,1.0736,11.2,G1_senior,4.5,71.0,55.217,3.762,0.971,0.0633,0.04,0,SURFACE_DENT,test
RUN-010035,WO-005018,P03,L06,MCH-031,PRD-038,2026-06-17,25.89,0.9883,0.2,G3_junior,3.2,85.8,55.292,4.065,0.942,0.0726,0.05,0,SOLDER_VOID,test
RUN-010036,WO-005018,P03,L06,MCH-036,PRD-038,2026-06-17,25.64,1.1031,14.6,G1_senior,3.2,85.8,55.217,3.762,0.659,0.0231,0.0125,0,NONE,test
RUN-010037,WO-005019,P03,L06,MCH-034,PRD-051,2026-06-17,35.32,1.1297,2.3,G3_junior,6.9,96.1,52.315,2.81,0.828,0.0515,0.035,0,SOLDER_VOID,test
RUN-010038,WO-005019,P03,L06,MCH-033,PRD-051,2026-06-17,32.45,1.0459,1.0,G3_junior,6.9,96.1,53.84,3.374,0.687,0.0026,0.06,1,CONTAMINATION,test
RUN-010063,WO-005032,P03,L05,MCH-029,PRD-040,2026-06-18,23.43,0.895,0,G0_unknown,8.4,82.7,54.766,3.313,0.784,0.1176,0.1375,1,SOLDER_VOID,test
RUN-010064,WO-005032,P03,L05,MCH-026,PRD-040,2026-06-18,25.82,0.8766,0.8,G3_junior,8.4,82.7,54.727,3.563,0.965,0.0834,0.1,1,CONTAMINATION,test
RUN-010065,WO-005033,P03,L05,MCH-025,PRD-040,2026-06-18,22.87,1.0421,2.9,G3_junior,8.4,82.7,53.653,11.214,0.968,0.0815,0.104,1,SOLDER_VOID,test
RUN-010066,WO-005033,P03,L05,MCH-026,PRD-040,2026-06-18,24.36,0.9747,0,G0_unknown,8.4,82.7,54.727,3.563,0.781,0.1206,0.1125,1,MISSING_PART,test
RUN-010067,WO-005034,P03,L05,MCH-029,PRD-040,2026-06-18,38.7,0.9985,7.2,G2_mid,8.4,82.7,54.766,3.313,0.969,0.0741,0.105,1,CONTAMINATION,test
RUN-010068,WO-005034,P03,L05,MCH-030,PRD-040,2026-06-18,38.95,1.0705,0.2,G3_junior,8.4,82.7,68.909,6.029,0.969,0.1673,0.1375,1,MISSING_PART,test
RUN-010069,WO-005035,P03,L06,MCH-033,PRD-006,2026-06-18,26.32,0.9515,1.8,G3_junior,7.3,92.1,53.747,3.087,0.911,0.0761,0.0875,1,SOLDER_VOID,test
RUN-010070,WO-005035,P03,L06,MCH-035,PRD-006,2026-06-18,24.25,0.9294,0,G0_unknown,7.3,92.1,51.26,2.869,0.994,0.092,0.07,1,SCRATCH,test
RUN-010071,WO-005036,P03,L06,MCH-031,PRD-042,2026-06-18,28.34,1.0389,0.6,G3_junior,1.4,89.9,53.334,3.263,0.837,0.037,0.035,0,CONTAMINATION,test
RUN-010072,WO-005036,P03,L06,MCH-033,PRD-042,2026-06-18,28.51,1.1616,3.2,G2_mid,1.4,89.9,53.747,3.087,0.867,0.0001,0.02,0,DIMENSION,test
RUN-010073,WO-005037,P03,L06,MCH-035,PRD-006,2026-06-18,26.1,1.0157,0.8,G3_junior,7.3,92.1,51.26,2.869,1.047,0.0417,0.05,0,SOLDER_VOID,test
RUN-010074,WO-005037,P03,L06,MCH-031,PRD-006,2026-06-18,25.4,1.1368,5.7,G2_mid,7.3,92.1,53.334,3.263,0.736,0.0338,0.0375,0,CONTAMINATION,test
RUN-010099,WO-005050,P03,L05,MCH-027,PRD-049,2026-06-19,40.62,0.9585,3.2,G2_mid,10,82.7,51.885,2.831,0.97,0.1378,0.14,1,SURFACE_DENT,test
RUN-010100,WO-005050,P03,L05,MCH-029,PRD-049,2026-06-19,38.98,1.1935,2.9,G3_junior,10,82.7,52.173,3.064,0.662,0.0963,0.125,1,MISSING_PART,test
RUN-010101,WO-005051,P03,L05,MCH-029,PRD-079,2026-06-19,21.79,0.8971,3.2,G2_mid,3.3,71.4,52.173,3.064,0.894,0.0464,0.06,1,DIMENSION,test
RUN-010102,WO-005051,P03,L05,MCH-025,PRD-079,2026-06-19,19.99,0.9117,0.6,G3_junior,3.3,71.4,53.181,3.413,0.967,0.0679,0.075,1,CONTAMINATION,test
RUN-010103,WO-005052,P03,L05,MCH-027,PRD-019,2026-06-19,32.65,0.914,7.1,G2_mid,7.2,71.7,51.885,2.831,0.891,0.1391,0.112,1,SURFACE_DENT,test
RUN-010104,WO-005052,P03,L05,MCH-025,PRD-019,2026-06-19,31.28,0.9424,2.2,G3_junior,7.2,71.7,53.181,3.413,1.041,0.0838,0.12,1,SOLDER_VOID,test
RUN-010105,WO-005053,P03,L06,MCH-035,PRD-035,2026-06-19,14.57,0.9168,3.0,G3_junior,4.3,84.7,51.316,3.149,0.97,0.0178,0.06,1,SURFACE_DENT,test
RUN-010106,WO-005053,P03,L06,MCH-036,PRD-035,2026-06-19,14.74,1.0996,11.2,G1_senior,4.3,84.7,54.782,2.952,1.007,0,0.02,0,DIMENSION,test
RUN-010107,WO-005054,P03,L06,MCH-035,PRD-022,2026-06-19,31.9,0.9308,3.4,G2_mid,4.3,85.8,51.316,3.149,0.824,0.0515,0.04,0,SURFACE_DENT,test
RUN-010108,WO-005054,P03,L06,MCH-034,PRD-022,2026-06-19,29.49,0.9795,0.2,G3_junior,4.3,85.8,51.226,2.786,0.839,0.0197,0.03,0,MISSING_PART,test
RUN-010109,WO-005055,P03,L06,MCH-035,PRD-022,2026-06-19,28.98,1.0673,1.4,G3_junior,4.3,85.8,51.316,3.149,0.819,0.0745,0.05,0,MISSING_PART,test
RUN-010110,WO-005055,P03,L06,MCH-036,PRD-022,2026-06-19,26.73,0.8558,0.8,G3_junior,4.3,85.8,54.782,2.952,0.822,0.0638,0.05,0,SOLDER_VOID,test
RUN-010129,WO-005065,P03,L05,MCH-029,PRD-044,2026-06-20,19.49,0.9709,2.8,G3_junior,4.1,88.0,49.093,3.577,0.88,0.0217,0.0375,0,SURFACE_DENT,test
RUN-010130,WO-005065,P03,L05,MCH-026,PRD-044,2026-06-20,19.84,1.0283,1.6,G3_junior,4.1,88.0,51.104,3.243,0.906,0,0.0125,0,CONTAMINATION,test
RUN-010131,WO-005066,P03,L05,MCH-030,PRD-044,2026-06-20,18.05,0.8839,7.2,G2_mid,4.1,88.0,65.014,24.515,0.965,0.0296,0.02,0,DIMENSION,test
RUN-010132,WO-005066,P03,L05,MCH-029,PRD-044,2026-06-20,23.99,1.0354,1.7,G3_junior,4.1,88.0,49.093,3.577,0.784,0.0535,0.05,0,SOLDER_VOID,test
RUN-010133,WO-005067,P03,L06,MCH-032,PRD-067,2026-06-20,25.09,1.0312,2.8,G3_junior,4.5,71.0,49.166,3.159,1.03,0.1308,0.09,1,NONE,test
RUN-010134,WO-005067,P03,L06,MCH-035,PRD-067,2026-06-20,21.47,1.0502,0.2,G3_junior,4.5,71.0,48.724,2.954,0.776,0.1199,0.085,1,SCRATCH,test
RUN-010143,WO-005072,P03,L05,MCH-029,PRD-012,2026-06-21,13.44,0.9766,1.2,G3_junior,2.1,92.1,48.025,5.5,0.699,0.0199,0.005,0,DIMENSION,test
RUN-010144,WO-005072,P03,L05,MCH-025,PRD-012,2026-06-21,8.36,1.0665,7.6,G2_mid,2.1,92.1,50.092,3.479,0.65,0.0031,0.0,0,NONE,test
RUN-010169,WO-005085,P03,L05,MCH-027,PRD-050,2026-06-22,24.46,1.1728,1.7,G3_junior,5.5,88.6,51.117,3.213,0.673,0.0071,0.055,1,SOLDER_VOID,test
RUN-010170,WO-005085,P03,L05,MCH-028,PRD-050,2026-06-22,22.87,1.1119,1.0,G3_junior,5.5,88.6,53.707,3.522,1.027,0.0525,0.05,0,CONTAMINATION,test
RUN-010171,WO-005086,P03,L05,MCH-027,PRD-050,2026-06-22,23.25,1.063,9.4,G1_senior,5.5,88.6,51.117,3.213,0.661,0.0176,0.024,0,DIMENSION,test
RUN-010172,WO-005086,P03,L05,MCH-030,PRD-050,2026-06-22,23.54,0.8463,0.6,G3_junior,5.5,88.6,69.68,28.154,0.904,0.0182,0.04,0,SOLDER_VOID,test
RUN-010173,WO-005087,P03,L05,MCH-029,PRD-064,2026-06-22,24.98,0.8665,11.2,G1_senior,4.9,89.9,55.36,10.782,0.859,0.0286,0.04,0,SCRATCH,test
RUN-010174,WO-005087,P03,L05,MCH-030,PRD-064,2026-06-22,27.89,0.8827,0,G0_unknown,4.9,89.9,69.68,28.154,0.84,0.0331,0.024,0,DIMENSION,test
RUN-010175,WO-005088,P03,L06,MCH-035,PRD-038,2026-06-22,16.99,1.1436,3.3,G2_mid,3.2,85.8,55.609,3.405,0.656,0,0.032,0,MISSING_PART,test
RUN-010176,WO-005088,P03,L06,MCH-034,PRD-038,2026-06-22,14.83,1.1362,3.0,G3_junior,3.2,85.8,51.095,3.156,0.724,0.0355,0.035,0,MISSING_PART,test
RUN-010177,WO-005089,P03,L06,MCH-035,PRD-038,2026-06-22,17.98,1.1031,0.6,G3_junior,3.2,85.8,55.609,3.405,0.927,0.0283,0.04,0,DIMENSION,test
RUN-010178,WO-005089,P03,L06,MCH-033,PRD-038,2026-06-22,18.84,1.0301,9.4,G1_senior,3.2,85.8,54.54,3.007,1.02,0,0.0,0,NONE,test
RUN-010179,WO-005090,P03,L06,MCH-034,PRD-051,2026-06-22,26.25,0.9154,0.2,G3_junior,6.9,96.1,51.095,3.156,0.981,0.0594,0.05,0,DIMENSION,test
RUN-010180,WO-005090,P03,L06,MCH-033,PRD-051,2026-06-22,26.03,1.0961,1.6,G3_junior,6.9,96.1,54.54,3.007,0.815,0.0427,0.04,0,SOLDER_VOID,test
RUN-010205,WO-005103,P03,L05,MCH-030,PRD-025,2026-06-23,25.75,0.9528,0.2,G3_junior,3.5,87.0,52.833,3.708,1.076,0.0188,0.04,0,SOLDER_VOID,test
RUN-010206,WO-005103,P03,L05,MCH-029,PRD-025,2026-06-23,20.27,1.0549,0.2,G3_junior,3.5,87.0,53.035,3.127,0.625,0,0.02,0,SCRATCH,test
RUN-010207,WO-005104,P03,L05,MCH-028,PRD-025,2026-06-23,25.04,0.9918,2.8,G3_junior,3.5,87.0,52.125,3.2,1.041,0.0314,0.03,0,SURFACE_DENT,test
RUN-010208,WO-005104,P03,L05,MCH-030,PRD-025,2026-06-23,26.52,0.986,2.9,G3_junior,3.5,87.0,52.833,3.708,1.032,0.0423,0.025,0,CONTAMINATION,test
RUN-010209,WO-005105,P03,L05,MCH-025,PRD-025,2026-06-23,25.86,1.1097,14.6,G1_senior,3.5,87.0,54.128,3.522,0.68,0.009,0.0,0,NONE,test
RUN-010210,WO-005105,P03,L05,MCH-027,PRD-025,2026-06-23,25.07,0.9249,0.7,G3_junior,3.5,87.0,49.054,2.913,0.759,0.0136,0.02,0,SOLDER_VOID,test
RUN-010211,WO-005106,P03,L06,MCH-031,PRD-009,2026-06-23,19.12,1.0422,3.4,G2_mid,5.0,76.8,53.287,3.588,0.785,0.09,0.06,1,CONTAMINATION,test
RUN-010212,WO-005106,P03,L06,MCH-036,PRD-009,2026-06-23,15.74,1.009,3.1,G2_mid,5.0,76.8,51.885,3.806,0.715,0.0382,0.0625,1,SOLDER_VOID,test
RUN-010213,WO-005107,P03,L06,MCH-033,PRD-009,2026-06-23,28.43,1.106,1.6,G3_junior,5.0,76.8,55.852,3.278,0.839,0.0742,0.05,0,CONTAMINATION,test
RUN-010214,WO-005107,P03,L06,MCH-031,PRD-009,2026-06-23,33.68,0.9775,0.4,G3_junior,5.0,76.8,53.287,3.588,0.998,0.1278,0.072,1,SOLDER_VOID,test
RUN-010215,WO-005108,P03,L06,MCH-035,PRD-009,2026-06-23,18.97,1.0188,8.2,G1_senior,5.0,76.8,52.184,3.135,0.874,0.0666,0.025,0,SCRATCH,test
RUN-010216,WO-005108,P03,L06,MCH-031,PRD-009,2026-06-23,19.76,1.0012,8.9,G1_senior,5.0,76.8,53.287,3.588,0.768,0.0817,0.05,0,SCRATCH,test
RUN-010241,WO-005121,P03,L05,MCH-028,PRD-020,2026-06-24,37.96,0.8651,2.3,G3_junior,7.8,84.7,51.812,3.321,0.984,0.0829,0.104,1,SCRATCH,test
RUN-010242,WO-005121,P03,L05,MCH-030,PRD-020,2026-06-24,34.91,1.1012,2.3,G3_junior,7.8,84.7,53.577,8.159,0.866,0.1241,0.08,1,CONTAMINATION,test
RUN-010243,WO-005122,P03,L05,MCH-029,PRD-020,2026-06-24,23.03,1.0771,0.7,G3_junior,7.8,84.7,50.969,3.708,0.872,0.1073,0.08,1,MISSING_PART,test
RUN-010244,WO-005122,P03,L05,MCH-027,PRD-020,2026-06-24,22.95,1.1985,2.0,G3_junior,7.8,84.7,47.612,2.93,0.754,0.04,0.072,1,SCRATCH,test
RUN-010245,WO-005123,P03,L05,MCH-028,PRD-050,2026-06-24,24.23,0.8229,11.8,G1_senior,5.5,88.6,51.812,3.321,0.706,0,0.008,0,DIMENSION,test
RUN-010246,WO-005123,P03,L05,MCH-026,PRD-050,2026-06-24,18.93,0.8817,0,G0_unknown,5.5,88.6,55.083,3.54,0.952,0.0798,0.06,1,DIMENSION,test
RUN-010247,WO-005124,P03,L06,MCH-033,PRD-009,2026-06-24,29.55,0.9337,2.9,G3_junior,5.0,76.8,51.202,2.972,0.684,0.0476,0.056,1,SCRATCH,test
RUN-010248,WO-005124,P03,L06,MCH-034,PRD-009,2026-06-24,32.07,0.8498,1.3,G3_junior,5.0,76.8,52.328,3.056,0.899,0.0813,0.0875,1,CONTAMINATION,test
RUN-010249,WO-005125,P03,L06,MCH-036,PRD-074,2026-06-24,42.89,1.0176,0.2,G3_junior,6.4,95.9,53.069,11.056,0.772,0.0309,0.05,0,MISSING_PART,test
RUN-010250,WO-005125,P03,L06,MCH-034,PRD-074,2026-06-24,43.25,1.1451,7.6,G2_mid,6.4,95.9,52.328,3.056,0.84,0.0682,0.032,0,SOLDER_VOID,test
RUN-010251,WO-005126,P03,L06,MCH-031,PRD-074,2026-06-24,26.06,0.8234,1.0,G3_junior,6.4,95.9,52.827,3.881,0.979,0.0302,0.04,0,SURFACE_DENT,test
RUN-010252,WO-005126,P03,L06,MCH-036,PRD-074,2026-06-24,32.17,0.9876,0,G0_unknown,6.4,95.9,53.069,11.056,0.707,0,0.04,0,SCRATCH,test
RUN-010277,WO-005139,P03,L05,MCH-030,PRD-033,2026-06-25,30.78,0.8928,2.8,G3_junior,4.7,88.0,54.07,3.506,0.847,0.0183,0.03,0,DIMENSION,test
RUN-010278,WO-005139,P03,L05,MCH-025,PRD-033,2026-06-25,27.63,1.0059,15.7,G1_senior,4.7,88.0,53.054,3.187,0.719,0.0353,0.04,0,MISSING_PART,test
RUN-010279,WO-005140,P03,L05,MCH-028,PRD-040,2026-06-25,31.25,0.977,9.4,G1_senior,8.4,82.7,54.241,5.76,0.664,0.1064,0.08,1,CONTAMINATION,test
RUN-010280,WO-005140,P03,L05,MCH-030,PRD-040,2026-06-25,28.55,1.1801,11.8,G1_senior,8.4,82.7,54.07,3.506,0.662,0.1169,0.09,1,SOLDER_VOID,test
RUN-010281,WO-005141,P03,L05,MCH-028,PRD-033,2026-06-25,23.36,1.1214,10.6,G1_senior,4.7,88.0,54.241,5.76,0.778,0.0042,0.0,0,NONE,test
RUN-010282,WO-005141,P03,L05,MCH-027,PRD-033,2026-06-25,25.49,0.8615,3.3,G2_mid,4.7,88.0,53.509,3.015,0.793,0.0348,0.04,0,CONTAMINATION,test
RUN-010283,WO-005142,P03,L06,MCH-036,PRD-006,2026-06-25,31.35,1.0171,2.0,G3_junior,7.3,92.1,53.619,3.169,0.805,0.0955,0.0625,1,CONTAMINATION,test
RUN-010284,WO-005142,P03,L06,MCH-035,PRD-006,2026-06-25,30.44,1.0549,1.8,G3_junior,7.3,92.1,51.568,3.104,0.99,0.0664,0.05,0,NONE,test
RUN-010285,WO-005143,P03,L06,MCH-036,PRD-069,2026-06-25,29.68,1.0271,1.6,G3_junior,10,88.6,53.619,3.169,0.943,0.12,0.12,1,SOLDER_VOID,test
RUN-010286,WO-005143,P03,L06,MCH-035,PRD-069,2026-06-25,30.03,1.2118,2.9,G3_junior,10,88.6,51.568,3.104,0.802,0.1198,0.1,1,SURFACE_DENT,test
RUN-010287,WO-005144,P03,L06,MCH-031,PRD-069,2026-06-25,31.59,1.0717,0.5,G3_junior,10,88.6,53.084,3.755,0.828,0.1409,0.12,1,CONTAMINATION,test
RUN-010288,WO-005144,P03,L06,MCH-036,PRD-069,2026-06-25,33.11,0.9666,11.8,G1_senior,10,88.6,53.619,3.169,0.813,0.082,0.0875,1,MISSING_PART,test
RUN-010313,WO-005157,P03,L05,MCH-028,PRD-055,2026-06-26,17.81,1.0986,1.4,G3_junior,4.8,87.4,53.551,3.34,0.692,0.0115,0.04,0,NONE,test
RUN-010314,WO-005157,P03,L05,MCH-030,PRD-055,2026-06-26,19.89,0.9591,6.5,G2_mid,4.8,87.4,55.005,3.371,0.749,0,0.032,0,NONE,test
RUN-010315,WO-005158,P03,L05,MCH-030,PRD-002,2026-06-26,17.13,0.9745,2.3,G3_junior,5.3,88.0,55.005,3.371,0.864,0.0538,0.05,0,DIMENSION,test
RUN-010316,WO-005158,P03,L05,MCH-025,PRD-002,2026-06-26,21.32,1.2048,2.1,G3_junior,5.3,88.0,52.131,3.406,1.089,0.0004,0.05,0,DIMENSION,test
RUN-010317,WO-005159,P03,L05,MCH-030,PRD-055,2026-06-26,34.24,0.8654,1.0,G3_junior,4.8,87.4,55.005,3.371,0.818,0.021,0.02,0,SCRATCH,test
RUN-010318,WO-005159,P03,L05,MCH-025,PRD-055,2026-06-26,27.48,1.2026,8.9,G1_senior,4.8,87.4,52.131,3.406,0.803,0.0429,0.04,0,DIMENSION,test
RUN-010319,WO-005160,P03,L06,MCH-031,PRD-042,2026-06-26,13.44,1.0034,2.8,G3_junior,1.4,89.9,54.952,3.333,0.91,0,0.01,0,NONE,test
RUN-010320,WO-005160,P03,L06,MCH-033,PRD-042,2026-06-26,17.5,1.0059,9.4,G1_senior,1.4,89.9,53.229,3.409,0.825,0.0427,0.03,0,DIMENSION,test
RUN-010321,WO-005161,P03,L06,MCH-032,PRD-059,2026-06-26,40.47,1.0762,2.2,G3_junior,5.9,88.6,54.991,3.109,0.852,0.0748,0.04,0,SOLDER_VOID,test
RUN-010322,WO-005161,P03,L06,MCH-031,PRD-059,2026-06-26,37.16,0.9966,0.6,G3_junior,5.9,88.6,54.952,3.333,0.622,0.056,0.06,1,SCRATCH,test
RUN-010323,WO-005162,P03,L06,MCH-033,PRD-059,2026-06-26,29.53,1.1087,0.2,G3_junior,5.9,88.6,53.229,3.409,0.746,0.0101,0.032,0,SCRATCH,test
RUN-010324,WO-005162,P03,L06,MCH-036,PRD-059,2026-06-26,30.96,1.0548,1.7,G3_junior,5.9,88.6,51.325,3.865,0.912,0.1034,0.072,1,NONE,test
RUN-010343,WO-005172,P03,L05,MCH-028,PRD-064,2026-06-27,26.21,1.0671,11.2,G1_senior,4.9,89.9,53.064,3.393,0.975,0.0212,0.045,0,SCRATCH,test
RUN-010344,WO-005172,P03,L05,MCH-027,PRD-064,2026-06-27,27.2,1.1516,2.3,G3_junior,4.9,89.9,47.824,2.989,0.725,0.0609,0.048,0,NONE,test
RUN-010345,WO-005173,P03,L05,MCH-027,PRD-025,2026-06-27,30.14,1.076,3.4,G2_mid,3.5,87.0,47.824,2.989,0.949,0.0338,0.032,0,CONTAMINATION,test
RUN-010346,WO-005173,P03,L05,MCH-030,PRD-025,2026-06-27,26.31,1.1545,7.6,G2_mid,3.5,87.0,49.145,5.973,0.937,0.0085,0.02,0,DIMENSION,test
RUN-010347,WO-005174,P03,L06,MCH-035,PRD-038,2026-06-27,23.38,0.9123,0,G0_unknown,3.2,85.8,48.332,2.717,0.627,0.022,0.025,0,SOLDER_VOID,test
RUN-010348,WO-005174,P03,L06,MCH-034,PRD-038,2026-06-27,31.04,1.127,2.2,G3_junior,3.2,85.8,45.177,2.492,0.862,0,0.03,0,DIMENSION,test
RUN-010349,WO-005175,P03,L06,MCH-033,PRD-038,2026-06-27,20.63,1.0699,0.2,G3_junior,3.2,85.8,50.867,2.914,0.936,0.0593,0.03,0,DIMENSION,test
RUN-010350,WO-005175,P03,L06,MCH-036,PRD-038,2026-06-27,26.19,1.0699,2.8,G3_junior,3.2,85.8,49.478,3.937,0.684,0.0322,0.032,0,SCRATCH,test
RUN-010365,WO-005183,P03,L05,MCH-030,PRD-020,2026-06-28,33.14,0.868,11.8,G1_senior,7.8,84.7,45.951,3.366,0.969,0.0567,0.04,0,CONTAMINATION,test
RUN-010366,WO-005183,P03,L05,MCH-028,PRD-020,2026-06-28,37.3,1.0125,0.6,G3_junior,7.8,84.7,48.543,3.58,1.078,0.1544,0.112,1,MISSING_PART,test
RUN-010367,WO-005184,P03,L05,MCH-030,PRD-007,2026-06-28,17.63,1.068,0.4,G3_junior,3.9,88.0,45.951,3.366,1.02,0.0551,0.02,0,DIMENSION,test
RUN-010368,WO-005184,P03,L05,MCH-027,PRD-007,2026-06-28,15.38,1.0579,2.9,G3_junior,3.9,88.0,50.36,2.979,0.964,0.0276,0.025,0,MISSING_PART,test
RUN-010369,WO-005185,P03,L06,MCH-034,PRD-006,2026-06-28,36.41,1.2081,0,G0_unknown,7.3,92.1,46.103,2.844,0.721,0.0787,0.09,1,SCRATCH,test
RUN-010370,WO-005185,P03,L06,MCH-031,PRD-006,2026-06-28,36.87,0.8717,4.7,G2_mid,7.3,92.1,50.605,3.214,0.835,0.039,0.045,0,CONTAMINATION,test
RUN-010371,WO-005186,P03,L06,MCH-031,PRD-006,2026-06-28,32.26,0.9857,2.8,G3_junior,7.3,92.1,50.605,3.214,0.865,0.0404,0.06,1,MISSING_PART,test
RUN-010372,WO-005186,P03,L06,MCH-036,PRD-006,2026-06-28,29.48,0.9537,4.8,G2_mid,7.3,92.1,50.962,3.399,0.712,0.0453,0.06,1,CONTAMINATION,test
RUN-010373,WO-005187,P03,L06,MCH-033,PRD-010,2026-06-28,21.97,0.9685,2.3,G3_junior,6.9,97.0,47.195,3.367,0.803,0.0297,0.025,0,SCRATCH,test
RUN-010374,WO-005187,P03,L06,MCH-031,PRD-010,2026-06-28,26.63,0.931,11.2,G1_senior,6.9,97.0,50.605,3.214,0.739,0,0.024,0,DIMENSION,test
RUN-010399,WO-005200,P03,L05,MCH-029,PRD-040,2026-06-29,27.63,0.918,2.3,G3_junior,8.4,82.7,53.298,3.675,0.679,0.0772,0.1,1,MISSING_PART,test
RUN-010400,WO-005200,P03,L05,MCH-028,PRD-040,2026-06-29,29.44,1.1142,8.2,G1_senior,8.4,82.7,57.53,3.717,0.65,0.1396,0.1,1,CONTAMINATION,test
RUN-010401,WO-005201,P03,L05,MCH-028,PRD-006,2026-06-29,34.09,0.8909,12.8,G1_senior,7.3,92.1,57.53,3.717,0.974,0.0209,0.055,1,SOLDER_VOID,test
RUN-010402,WO-005201,P03,L05,MCH-029,PRD-006,2026-06-29,34.82,1.072,0.2,G3_junior,7.3,92.1,53.298,3.675,1.023,0.0708,0.056,1,CONTAMINATION,test
RUN-010403,WO-005202,P03,L05,MCH-029,PRD-040,2026-06-29,18.95,0.8828,1.0,G3_junior,8.4,82.7,53.298,3.675,0.74,0.1113,0.104,1,SOLDER_VOID,test
RUN-010404,WO-005202,P03,L05,MCH-027,PRD-040,2026-06-29,20.07,0.9372,7.0,G2_mid,8.4,82.7,51.883,3.214,0.987,0.0924,0.1,1,CONTAMINATION,test
RUN-010405,WO-005203,P03,L06,MCH-034,PRD-006,2026-06-29,43.34,1.1426,1.3,G3_junior,7.3,92.1,48.736,3.212,1.048,0.0974,0.085,1,CONTAMINATION,test
RUN-010406,WO-005203,P03,L06,MCH-032,PRD-006,2026-06-29,42.87,0.923,1.3,G3_junior,7.3,92.1,48.919,5.821,1.013,0,0.04,0,DIMENSION,test
RUN-010407,WO-005204,P03,L06,MCH-033,PRD-080,2026-06-29,22.8,0.9466,1.0,G3_junior,5.2,84.5,52.431,3.27,0.905,0.1094,0.072,1,NONE,test
RUN-010408,WO-005204,P03,L06,MCH-031,PRD-080,2026-06-29,20.0,1.1419,1.3,G3_junior,5.2,84.5,57.204,3.758,0.856,0.0426,0.05,0,MISSING_PART,test
RUN-010409,WO-005205,P03,L06,MCH-033,PRD-066,2026-06-29,23.43,0.8228,3.1,G2_mid,7.6,88.6,52.431,3.27,0.828,0.0597,0.0625,1,SURFACE_DENT,test
RUN-010410,WO-005205,P03,L06,MCH-036,PRD-066,2026-06-29,20.65,0.913,3.4,G2_mid,7.6,88.6,53.309,2.725,0.919,0.061,0.056,1,SOLDER_VOID,test
RUN-010435,WO-005218,P03,L05,MCH-025,PRD-044,2026-06-30,27.81,1.1704,1.3,G3_junior,4.1,88.0,51.518,3.818,0.929,0.0397,0.05,0,NONE,test
RUN-010436,WO-005218,P03,L05,MCH-030,PRD-044,2026-06-30,27.85,0.861,2.1,G3_junior,4.1,88.0,51.389,3.535,0.965,0.0368,0.0375,0,CONTAMINATION,test
RUN-010437,WO-005219,P03,L05,MCH-025,PRD-044,2026-06-30,26.14,1.0713,0.2,G3_junior,4.1,88.0,51.518,3.818,0.97,0.0221,0.025,0,SCRATCH,test
RUN-010438,WO-005219,P03,L05,MCH-029,PRD-044,2026-06-30,24.11,1.1265,0.2,G3_junior,4.1,88.0,48.017,3.462,1.081,0.0196,0.032,0,CONTAMINATION,test
RUN-010439,WO-005220,P03,L05,MCH-030,PRD-044,2026-06-30,33.42,1.1538,0.2,G3_junior,4.1,88.0,51.389,3.535,0.936,0.0725,0.04,0,SURFACE_DENT,test
RUN-010440,WO-005220,P03,L05,MCH-028,PRD-044,2026-06-30,29.14,1.0408,5.7,G2_mid,4.1,88.0,54.676,8.308,1.089,0.0004,0.025,0,SCRATCH,test
RUN-010441,WO-005221,P03,L06,MCH-033,PRD-012,2026-06-30,19.7,1.0174,0.2,G3_junior,2.1,92.1,54.789,3.433,1.073,0.0494,0.03,0,SURFACE_DENT,test
RUN-010442,WO-005221,P03,L06,MCH-031,PRD-012,2026-06-30,15.02,0.848,0.7,G3_junior,2.1,92.1,58.249,3.789,0.749,0.0021,0.0,0,NONE,test
RUN-010443,WO-005222,P03,L06,MCH-036,PRD-015,2026-06-30,24.17,0.8721,1.2,G3_junior,8.8,92.1,57.482,3.446,0.646,0.0882,0.1,1,SCRATCH,test
RUN-010444,WO-005222,P03,L06,MCH-034,PRD-015,2026-06-30,19.97,0.8934,4.7,G2_mid,8.8,92.1,50.916,2.698,1.09,0.0857,0.06,1,SCRATCH,test
RUN-010445,WO-005223,P03,L06,MCH-031,PRD-015,2026-06-30,27.51,1.1632,1.3,G3_junior,8.8,92.1,58.249,3.789,0.752,0.1032,0.096,1,SOLDER_VOID,test
RUN-010446,WO-005223,P03,L06,MCH-036,PRD-015,2026-06-30,28.47,1.0419,1.0,G3_junior,8.8,92.1,57.482,3.446,1.083,0.0735,0.072,1,DIMENSION,test
RUN-010471,WO-005236,P03,L05,MCH-026,PRD-020,2026-07-01,21.48,0.8902,4.6,G2_mid,7.8,84.7,56.875,2.955,0.983,0.0895,0.1,1,DIMENSION,test
RUN-010472,WO-005236,P03,L05,MCH-030,PRD-020,2026-07-01,27.84,0.9778,3.3,G2_mid,7.8,84.7,52.691,2.851,1.018,0.0447,0.08,1,SOLDER_VOID,test
RUN-010473,WO-005237,P03,L05,MCH-030,PRD-015,2026-07-01,34.94,0.8904,14.6,G1_senior,8.8,92.1,52.691,2.851,0.684,0.0292,0.048,0,SURFACE_DENT,test
RUN-010474,WO-005237,P03,L05,MCH-026,PRD-015,2026-07-01,33.98,0.9493,1.7,G3_junior,8.8,92.1,56.875,2.955,0.64,0.088,0.075,1,SOLDER_VOID,test
RUN-010475,WO-005238,P03,L05,MCH-025,PRD-020,2026-07-01,29.36,0.895,2.2,G3_junior,7.8,84.7,54.587,3.932,1.041,0.1211,0.1125,1,CONTAMINATION,test
RUN-010476,WO-005238,P03,L05,MCH-027,PRD-020,2026-07-01,26.52,0.8642,0.6,G3_junior,7.8,84.7,52.431,3.031,0.966,0.1412,0.1,1,MISSING_PART,test
RUN-010477,WO-005239,P03,L06,MCH-035,PRD-064,2026-07-01,16.49,0.8571,0.8,G3_junior,4.9,89.9,53.335,3.6,0.746,0.0371,0.0375,0,CONTAMINATION,test
RUN-010478,WO-005239,P03,L06,MCH-036,PRD-064,2026-07-01,19.54,0.9953,10.6,G1_senior,4.9,89.9,49.785,3.187,0.954,0,0.005,0,SOLDER_VOID,test
RUN-010479,WO-005240,P03,L06,MCH-031,PRD-042,2026-07-01,18.0,0.9611,2.3,G3_junior,1.4,89.9,55.941,4.204,0.646,0.0462,0.0,0,NONE,test
RUN-010480,WO-005240,P03,L06,MCH-035,PRD-042,2026-07-01,12.99,1.0764,7.6,G2_mid,1.4,89.9,53.335,3.6,0.828,0.0486,0.03,0,SOLDER_VOID,test
RUN-010481,WO-005241,P03,L06,MCH-031,PRD-064,2026-07-01,32.86,1.0592,2.8,G3_junior,4.9,89.9,55.941,4.204,0.812,0.0585,0.03,0,SOLDER_VOID,test
RUN-010482,WO-005241,P03,L06,MCH-034,PRD-064,2026-07-01,33.03,0.9397,7.6,G2_mid,4.9,89.9,48.228,2.577,0.876,0,0.02,0,CONTAMINATION,test
RUN-010507,WO-005254,P03,L05,MCH-028,PRD-006,2026-07-02,19.82,1.0413,0,G0_unknown,7.3,92.1,54.664,3.651,1.088,0.0695,0.048,0,NONE,test
RUN-010508,WO-005254,P03,L05,MCH-026,PRD-006,2026-07-02,16.65,1.1504,4.8,G2_mid,7.3,92.1,55.355,3.314,0.865,0.0406,0.06,1,CONTAMINATION,test
RUN-010509,WO-005255,P03,L05,MCH-025,PRD-033,2026-07-02,10.74,1.164,5.7,G2_mid,4.7,88.0,51.7,5.017,0.895,0.0439,0.05,0,SOLDER_VOID,test
RUN-010510,WO-005255,P03,L05,MCH-026,PRD-033,2026-07-02,8.59,0.8654,4.8,G2_mid,4.7,88.0,55.355,3.314,1.074,0.0381,0.04,0,MISSING_PART,test
RUN-010511,WO-005256,P03,L05,MCH-026,PRD-006,2026-07-02,34.52,1.0563,0.4,G3_junior,7.3,92.1,55.355,3.314,1.015,0.1068,0.09,1,DIMENSION,test
RUN-010512,WO-005256,P03,L05,MCH-028,PRD-006,2026-07-02,34.13,1.0962,0.4,G3_junior,7.3,92.1,54.664,3.651,0.846,0.1306,0.072,1,DIMENSION,test
RUN-010513,WO-005257,P03,L06,MCH-033,PRD-064,2026-07-02,23.14,0.9304,4.6,G2_mid,4.9,89.9,51.918,3.366,0.988,0.057,0.035,0,CONTAMINATION,test
RUN-010514,WO-005257,P03,L06,MCH-032,PRD-064,2026-07-02,23.39,1.179,3.3,G2_mid,4.9,89.9,55.281,3.512,0.967,0.0405,0.05,0,SURFACE_DENT,test
RUN-010515,WO-005258,P03,L06,MCH-036,PRD-035,2026-07-02,21.74,0.9796,7.1,G2_mid,4.3,84.7,54.354,3.777,0.877,0.0728,0.02,0,MISSING_PART,test
RUN-010516,WO-005258,P03,L06,MCH-034,PRD-035,2026-07-02,17.3,0.9202,0.5,G3_junior,4.3,84.7,51.174,3.296,0.723,0.0454,0.04,0,SOLDER_VOID,test
RUN-010517,WO-005259,P03,L06,MCH-036,PRD-064,2026-07-02,24.14,1.1628,0,G0_unknown,4.9,89.9,54.354,3.777,0.665,0.0351,0.05,0,SOLDER_VOID,test
RUN-010518,WO-005259,P03,L06,MCH-033,PRD-064,2026-07-02,19.99,0.9968,2.1,G3_junior,4.9,89.9,51.918,3.366,0.668,0.0352,0.0125,0,CONTAMINATION,test
RUN-010543,WO-005272,P03,L05,MCH-030,PRD-015,2026-07-03,18.01,1.1978,2.3,G3_junior,8.8,92.1,55.436,3.128,0.794,0.0758,0.0875,1,SOLDER_VOID,test
RUN-010544,WO-005272,P03,L05,MCH-028,PRD-015,2026-07-03,21.28,1.0978,18,G1_senior,8.8,92.1,53.146,7.276,0.783,0.0255,0.04,0,CONTAMINATION,test
RUN-010545,WO-005273,P03,L05,MCH-026,PRD-064,2026-07-03,24.64,1.0942,10.6,G1_senior,4.9,89.9,53.677,3.627,0.898,0.0091,0.0,0,NONE,test
RUN-010546,WO-005273,P03,L05,MCH-027,PRD-064,2026-07-03,25.34,1.1227,0.2,G3_junior,4.9,89.9,51.224,3.015,0.991,0.0163,0.04,0,SURFACE_DENT,test
RUN-010547,WO-005274,P03,L05,MCH-027,PRD-015,2026-07-03,36.06,0.8875,3.0,G3_junior,8.8,92.1,51.224,3.015,1.014,0.0593,0.07,1,CONTAMINATION,test
RUN-010548,WO-005274,P03,L05,MCH-028,PRD-015,2026-07-03,35.19,0.8926,3.3,G2_mid,8.8,92.1,53.146,7.276,1.033,0.0959,0.09,1,SOLDER_VOID,test
RUN-010549,WO-005275,P03,L06,MCH-033,PRD-061,2026-07-03,20.99,1.2055,11.2,G1_senior,4.8,76.8,55.677,3.367,0.715,0.0504,0.02,0,SCRATCH,test
RUN-010550,WO-005275,P03,L06,MCH-031,PRD-061,2026-07-03,20.24,1.1434,4.6,G2_mid,4.8,76.8,57.112,3.51,0.974,0.0883,0.064,1,SURFACE_DENT,test
RUN-010551,WO-005276,P03,L06,MCH-036,PRD-061,2026-07-03,23.65,0.943,5.8,G2_mid,4.8,76.8,52.558,6.26,0.686,0.0617,0.06,1,SURFACE_DENT,test
RUN-010552,WO-005276,P03,L06,MCH-034,PRD-061,2026-07-03,23.56,0.9285,11.2,G1_senior,4.8,76.8,48.078,2.719,0.974,0,0.05,0,CONTAMINATION,test
RUN-010553,WO-005277,P03,L06,MCH-032,PRD-061,2026-07-03,22.59,0.9312,3.0,G3_junior,4.8,76.8,49.538,2.877,1.089,0.0819,0.09,1,DIMENSION,test
RUN-010554,WO-005277,P03,L06,MCH-033,PRD-061,2026-07-03,16.01,1.0386,0,G0_unknown,4.8,76.8,55.677,3.367,0.907,0.0445,0.055,1,SCRATCH,test
RUN-010571,WO-005286,P03,L05,MCH-025,PRD-033,2026-07-04,23.89,1.0817,0.6,G3_junior,4.7,88.0,51.937,3.553,1.047,0.0144,0.035,0,SCRATCH,test
RUN-010572,WO-005286,P03,L05,MCH-030,PRD-033,2026-07-04,20.13,0.9613,2.8,G3_junior,4.7,88.0,47.696,3.727,1.024,0.0606,0.06,1,SURFACE_DENT,test
RUN-010573,WO-005287,P03,L06,MCH-031,PRD-069,2026-07-04,30.17,0.8328,8.2,G1_senior,10,88.6,52.311,3.773,1.078,0.1408,0.11,1,SCRATCH,test
RUN-010574,WO-005287,P03,L06,MCH-034,PRD-069,2026-07-04,31.71,0.9061,2.3,G3_junior,10,88.6,48.44,2.543,0.674,0.0666,0.11,1,DIMENSION,test
RUN-010589,WO-005295,P03,L05,MCH-026,PRD-006,2026-07-05,18.62,1.1597,4.8,G2_mid,7.3,92.1,50.418,3.289,0.799,0.0026,0.048,0,SOLDER_VOID,test
RUN-010590,WO-005295,P03,L05,MCH-030,PRD-006,2026-07-05,23.23,0.9751,1.8,G3_junior,7.3,92.1,50.315,3.055,0.865,0.0089,0.0375,0,CONTAMINATION,test
RUN-010591,WO-005296,P03,L06,MCH-035,PRD-009,2026-07-05,17.54,0.8842,0,G0_unknown,5.0,76.8,47.712,3.543,0.774,0.0881,0.09,1,SURFACE_DENT,test
RUN-010592,WO-005296,P03,L06,MCH-031,PRD-009,2026-07-05,16.56,0.9251,0.7,G3_junior,5.0,76.8,51.572,3.095,0.774,0.0677,0.0625,1,NONE,test
RUN-010593,WO-005297,P03,L06,MCH-036,PRD-054,2026-07-05,24.08,1.1314,4.8,G2_mid,6.3,71.4,47.884,3.625,1.051,0.1004,0.105,1,SOLDER_VOID,test
RUN-010594,WO-005297,P03,L06,MCH-035,PRD-054,2026-07-05,28.23,0.8579,0.2,G3_junior,6.3,71.4,47.712,3.543,0.805,0.1387,0.115,1,SCRATCH,test
RUN-010619,WO-005310,P03,L05,MCH-029,PRD-007,2026-07-06,17.53,1.1148,0.2,G3_junior,3.9,88.0,56.213,4.822,0.848,0.0009,0.04,0,SOLDER_VOID,test
RUN-010620,WO-005310,P03,L05,MCH-026,PRD-007,2026-07-06,13.29,1.1159,3.3,G2_mid,3.9,88.0,52.143,3.395,1.054,0.041,0.02,0,SCRATCH,test
RUN-010621,WO-005311,P03,L05,MCH-026,PRD-071,2026-07-06,36.44,1.1314,2.1,G3_junior,6.2,84.7,52.143,3.395,0.876,0.0416,0.07,1,SCRATCH,test
RUN-010622,WO-005311,P03,L05,MCH-027,PRD-071,2026-07-06,36.18,1.0301,8.2,G1_senior,6.2,84.7,52.544,3.403,0.997,0.078,0.05,0,SCRATCH,test
RUN-010623,WO-005312,P03,L05,MCH-028,PRD-071,2026-07-06,33.33,0.9147,1.2,G3_junior,6.2,84.7,53.255,3.531,0.715,0,0.07,1,DIMENSION,test
RUN-010624,WO-005312,P03,L05,MCH-030,PRD-071,2026-07-06,29.76,1.1505,3.4,G2_mid,6.2,84.7,55.766,3.25,0.819,0.0441,0.056,1,DIMENSION,test
RUN-010625,WO-005313,P03,L06,MCH-034,PRD-017,2026-07-06,34.79,0.9526,0.7,G3_junior,4.3,96.3,51.525,2.758,0.901,0.0474,0.0125,0,SURFACE_DENT,test
RUN-010626,WO-005313,P03,L06,MCH-035,PRD-017,2026-07-06,34.32,1.089,2.3,G3_junior,4.3,96.3,59.006,4.42,0.867,0.0226,0.0125,0,MISSING_PART,test
RUN-010627,WO-005314,P03,L06,MCH-035,PRD-017,2026-07-06,23.9,1.0086,0.2,G3_junior,4.3,96.3,59.006,4.42,1.071,0,0.0125,0,SOLDER_VOID,test
RUN-010628,WO-005314,P03,L06,MCH-034,PRD-017,2026-07-06,18.97,0.9404,11.5,G1_senior,4.3,96.3,51.525,2.758,0.752,0.0037,0.025,0,CONTAMINATION,test
RUN-010629,WO-005315,P03,L06,MCH-033,PRD-017,2026-07-06,30.0,1.009,2.8,G3_junior,4.3,96.3,54.534,3.498,0.948,0.0254,0.008,0,DIMENSION,test
RUN-010630,WO-005315,P03,L06,MCH-031,PRD-017,2026-07-06,29.8,0.9824,7.0,G2_mid,4.3,96.3,55.92,3.36,1.024,0,0.0,0,NONE,test
RUN-010655,WO-005328,P03,L05,MCH-030,PRD-031,2026-07-07,23.6,1.0082,0.2,G3_junior,7.0,95.9,52.606,3.785,1.093,0.0861,0.07,1,SCRATCH,test
RUN-010656,WO-005328,P03,L05,MCH-026,PRD-031,2026-07-07,20.75,1.1014,1.8,G3_junior,7.0,95.9,55.725,3.415,1.049,0.0314,0.0375,0,SURFACE_DENT,test
RUN-010657,WO-005329,P03,L05,MCH-027,PRD-031,2026-07-07,31.17,1.1261,1.0,G3_junior,7.0,95.9,51.882,2.946,0.81,0.0446,0.0625,1,MISSING_PART,test
RUN-010658,WO-005329,P03,L05,MCH-028,PRD-031,2026-07-07,36.76,0.9596,11.2,G1_senior,7.0,95.9,57.737,3.167,0.635,0.0346,0.025,0,SOLDER_VOID,test
RUN-010659,WO-005330,P03,L05,MCH-025,PRD-031,2026-07-07,28.55,1.1731,3.3,G2_mid,7.0,95.9,53.433,3.166,0.7,0.017,0.05,0,DIMENSION,test
RUN-010660,WO-005330,P03,L05,MCH-027,PRD-031,2026-07-07,30.75,0.9571,15.7,G1_senior,7.0,95.9,51.882,2.946,1.008,0.0068,0.0375,0,MISSING_PART,test
RUN-010661,WO-005331,P03,L06,MCH-034,PRD-024,2026-07-07,15.17,0.8703,1.0,G3_junior,7.6,85.8,51.883,2.87,0.98,0.0854,0.08,1,SOLDER_VOID,test
RUN-010662,WO-005331,P03,L06,MCH-036,PRD-024,2026-07-07,20.21,1.0741,1.0,G3_junior,7.6,85.8,53.697,2.925,0.981,0.1069,0.095,1,DIMENSION,test
RUN-010663,WO-005332,P03,L06,MCH-036,PRD-024,2026-07-07,15.91,0.9949,5.8,G2_mid,7.6,85.8,53.697,2.925,1.067,0.1129,0.1,1,CONTAMINATION,test
RUN-010664,WO-005332,P03,L06,MCH-032,PRD-024,2026-07-07,16.8,0.8745,6.5,G2_mid,7.6,85.8,53.367,3.359,0.94,0.0307,0.065,1,SCRATCH,test
RUN-010665,WO-005333,P03,L06,MCH-032,PRD-024,2026-07-07,31.54,0.9562,7.6,G2_mid,7.6,85.8,53.367,3.359,0.675,0.0513,0.064,1,SURFACE_DENT,test
RUN-010666,WO-005333,P03,L06,MCH-033,PRD-024,2026-07-07,25.22,1.0666,0.7,G3_junior,7.6,85.8,52.126,3.115,0.8,0.0905,0.1,1,SURFACE_DENT,test
RUN-010691,WO-005346,P03,L05,MCH-026,PRD-029,2026-07-08,29.14,0.8592,1.4,G3_junior,6.6,87.0,53.199,3.543,0.814,0.0843,0.055,1,CONTAMINATION,test
RUN-010692,WO-005346,P03,L05,MCH-027,PRD-029,2026-07-08,29.48,0.9476,3.0,G3_junior,6.6,87.0,51.373,3.276,1.063,0.0846,0.06,1,SCRATCH,test
RUN-010693,WO-005347,P03,L05,MCH-026,PRD-029,2026-07-08,25.8,1.0558,11.5,G1_senior,6.6,87.0,53.199,3.543,0.905,0.0454,0.05,0,CONTAMINATION,test
RUN-010694,WO-005347,P03,L05,MCH-025,PRD-029,2026-07-08,23.38,1.0082,1.8,G3_junior,6.6,87.0,52.109,3.072,0.943,0.0462,0.056,1,SCRATCH,test
RUN-010695,WO-005348,P03,L05,MCH-027,PRD-022,2026-07-08,24.24,0.9917,11.2,G1_senior,4.3,85.8,51.373,3.276,0.828,0.0773,0.025,0,SCRATCH,test
RUN-010696,WO-005348,P03,L05,MCH-026,PRD-022,2026-07-08,26.5,0.9635,5.7,G2_mid,4.3,85.8,53.199,3.543,0.74,0.0419,0.04,0,NONE,test
RUN-010697,WO-005349,P03,L06,MCH-034,PRD-059,2026-07-08,32.31,0.9769,9.4,G1_senior,5.9,88.6,48.272,2.574,0.976,0,0.04,0,SURFACE_DENT,test
RUN-010698,WO-005349,P03,L06,MCH-033,PRD-059,2026-07-08,32.79,0.9829,2.2,G3_junior,5.9,88.6,55.895,4.133,0.981,0.0382,0.035,0,DIMENSION,test
RUN-010699,WO-005350,P03,L06,MCH-031,PRD-056,2026-07-08,31.64,1.1244,1.7,G3_junior,4.3,97.0,54.918,10.077,1.094,0,0.02,0,SOLDER_VOID,test
RUN-010700,WO-005350,P03,L06,MCH-035,PRD-056,2026-07-08,36.52,1.1774,12.8,G1_senior,4.3,97.0,66.021,5.916,0.638,0.0144,0.0125,0,SOLDER_VOID,test
RUN-010701,WO-005351,P03,L06,MCH-033,PRD-024,2026-07-08,24.47,0.8812,2.8,G3_junior,7.6,85.8,55.895,4.133,0.781,0.0539,0.08,1,DIMENSION,test
RUN-010702,WO-005351,P03,L06,MCH-035,PRD-024,2026-07-08,25.3,0.9031,1.0,G3_junior,7.6,85.8,66.021,5.916,0.998,0.054,0.104,1,SCRATCH,test
RUN-010727,WO-005364,P03,L05,MCH-026,PRD-068,2026-07-09,19.06,1.1188,7.1,G2_mid,2.3,71.0,53.239,3.679,0.832,0.0653,0.05,0,SURFACE_DENT,test
RUN-010728,WO-005364,P03,L05,MCH-030,PRD-068,2026-07-09,17.78,1.0324,2.8,G3_junior,2.3,71.0,54.612,3.097,0.844,0.0365,0.045,0,DIMENSION,test
RUN-010729,WO-005365,P03,L05,MCH-026,PRD-009,2026-07-09,26.09,0.8318,7.6,G2_mid,5.0,76.8,53.239,3.679,0.686,0.0028,0.05,0,SCRATCH,test
RUN-010730,WO-005365,P03,L05,MCH-025,PRD-009,2026-07-09,25.54,1.1003,1.7,G3_junior,5.0,76.8,53.172,3.476,0.681,0.045,0.06,1,DIMENSION,test
RUN-010731,WO-005366,P03,L05,MCH-030,PRD-009,2026-07-09,28.55,0.9836,12.8,G1_senior,5.0,76.8,54.612,3.097,0.861,0,0.024,0,DIMENSION,test
RUN-010732,WO-005366,P03,L05,MCH-027,PRD-009,2026-07-09,22.02,1.0287,0,G0_unknown,5.0,76.8,56.058,3.359,0.957,0.1179,0.075,1,SCRATCH,test
RUN-010733,WO-005367,P03,L06,MCH-032,PRD-073,2026-07-09,23.26,1.0073,3.3,G2_mid,3.4,87.4,57.763,2.923,1.088,0.0175,0.02,0,CONTAMINATION,test
RUN-010734,WO-005367,P03,L06,MCH-031,PRD-073,2026-07-09,22.7,0.9813,1.8,G3_junior,3.4,87.4,54.783,3.778,0.999,0.0212,0.016,0,SCRATCH,test
RUN-010735,WO-005368,P03,L06,MCH-036,PRD-015,2026-07-09,22.8,1.0809,2.0,G3_junior,8.8,92.1,58.034,3.642,0.747,0.1145,0.096,1,CONTAMINATION,test
RUN-010736,WO-005368,P03,L06,MCH-035,PRD-015,2026-07-09,20.69,1.014,2.9,G3_junior,8.8,92.1,62.64,18.638,0.996,0.0833,0.1,1,MISSING_PART,test
RUN-010737,WO-005369,P03,L06,MCH-036,PRD-073,2026-07-09,37.27,0.9287,1.6,G3_junior,3.4,87.4,58.034,3.642,0.921,0.0226,0.016,0,DIMENSION,test
RUN-010738,WO-005369,P03,L06,MCH-031,PRD-073,2026-07-09,31.38,1.0333,0.6,G3_junior,3.4,87.4,54.783,3.778,0.838,0.0268,0.025,0,CONTAMINATION,test
RUN-010763,WO-005382,P03,L05,MCH-026,PRD-015,2026-07-10,24.44,1.0735,9.4,G1_senior,8.8,92.1,52.851,3.313,0.928,0.0285,0.05,0,CONTAMINATION,test
RUN-010764,WO-005382,P03,L05,MCH-029,PRD-015,2026-07-10,23.16,1.0735,1.0,G3_junior,8.8,92.1,64.692,6.53,1.06,0.078,0.06,1,SURFACE_DENT,test
RUN-010765,WO-005383,P03,L05,MCH-025,PRD-015,2026-07-10,36.84,0.9757,2.3,G3_junior,8.8,92.1,52.678,3.046,0.929,0.0927,0.0625,1,SCRATCH,test
RUN-010766,WO-005383,P03,L05,MCH-028,PRD-015,2026-07-10,38.18,1.0632,2.3,G3_junior,8.8,92.1,53.673,3.078,0.989,0.0625,0.09,1,MISSING_PART,test
RUN-010767,WO-005384,P03,L05,MCH-028,PRD-079,2026-07-10,12.01,1.085,7.0,G2_mid,3.3,71.4,53.673,3.078,0.83,0.0843,0.05,0,SURFACE_DENT,test
RUN-010768,WO-005384,P03,L05,MCH-026,PRD-079,2026-07-10,11.93,0.9192,0.2,G3_junior,3.3,71.4,52.851,3.313,0.635,0.0603,0.032,0,DIMENSION,test
RUN-010769,WO-005385,P03,L06,MCH-036,PRD-056,2026-07-10,5.91,1.1265,0.5,G3_junior,4.3,97.0,52.848,4.029,0.656,0.0394,0.02,0,SURFACE_DENT,test
RUN-010770,WO-005385,P03,L06,MCH-034,PRD-056,2026-07-10,10.25,1.0735,9.4,G1_senior,4.3,97.0,55.272,3.42,0.988,0.0549,0.02,0,CONTAMINATION,test
RUN-010771,WO-005386,P03,L06,MCH-034,PRD-056,2026-07-10,15.66,1.1562,6.5,G2_mid,4.3,97.0,55.272,3.42,0.719,0.0179,0.024,0,DIMENSION,test
RUN-010772,WO-005386,P03,L06,MCH-036,PRD-056,2026-07-10,16.12,0.8799,2.3,G3_junior,4.3,97.0,52.848,4.029,0.891,0.0656,0.025,0,SCRATCH,test
RUN-010773,WO-005387,P03,L06,MCH-034,PRD-056,2026-07-10,20.17,0.9675,2.8,G3_junior,4.3,97.0,55.272,3.42,0.861,0.0246,0.04,0,MISSING_PART,test
RUN-010774,WO-005387,P03,L06,MCH-035,PRD-056,2026-07-10,15.2,0.8919,1.0,G3_junior,4.3,97.0,65.967,6.893,1.068,0.0149,0.0,0,NONE,test
RUN-010783,WO-005392,P03,L05,MCH-029,PRD-080,2026-07-11,30.1,0.8669,2.3,G3_junior,5.2,84.5,62.23,7.328,0.736,0.0431,0.045,0,SCRATCH,test
RUN-010784,WO-005392,P03,L05,MCH-027,PRD-080,2026-07-11,31.43,1.1126,2.8,G3_junior,5.2,84.5,45.397,3.028,1.054,0.0227,0.04,0,SCRATCH,test
RUN-010785,WO-005393,P03,L05,MCH-029,PRD-080,2026-07-11,31.37,0.871,3.0,G3_junior,5.2,84.5,62.23,7.328,0.784,0.0424,0.032,0,DIMENSION,test
RUN-010786,WO-005393,P03,L05,MCH-026,PRD-080,2026-07-11,27.37,1.1044,1.4,G3_junior,5.2,84.5,49.947,3.298,0.981,0.0412,0.045,0,SURFACE_DENT,test
RUN-010787,WO-005394,P03,L06,MCH-035,PRD-037,2026-07-11,23.5,0.924,10.6,G1_senior,4.2,88.0,62.03,7.218,0.777,0.035,0.02,0,SURFACE_DENT,test
RUN-010788,WO-005394,P03,L06,MCH-033,PRD-037,2026-07-11,22.22,0.9846,10.6,G1_senior,4.2,88.0,55.475,5.943,0.733,0,0.015,0,DIMENSION,test
RUN-010789,WO-005395,P03,L06,MCH-031,PRD-070,2026-07-11,24.63,0.8488,1.4,G3_junior,3.9,87.4,52.793,3.735,0.934,0,0.02,0,SCRATCH,test
RUN-010790,WO-005395,P03,L06,MCH-033,PRD-070,2026-07-11,22.66,1.1333,0,G0_unknown,3.9,87.4,55.475,5.943,0.869,0.0336,0.035,0,DIMENSION,test
RUN-010805,WO-005403,P03,L05,MCH-028,PRD-033,2026-07-12,26.59,1.0024,14.6,G1_senior,4.7,88.0,52.163,3.455,0.674,0.0354,0.016,0,MISSING_PART,test
RUN-010806,WO-005403,P03,L05,MCH-025,PRD-033,2026-07-12,33.17,1.1464,1.7,G3_junior,4.7,88.0,51.262,3.336,0.886,0.0382,0.05,0,CONTAMINATION,test
RUN-010807,WO-005404,P03,L06,MCH-031,PRD-015,2026-07-12,28.48,1.1221,0.7,G3_junior,8.8,92.1,53.518,3.417,1.006,0.0729,0.088,1,SOLDER_VOID,test
RUN-010808,WO-005404,P03,L06,MCH-033,PRD-015,2026-07-12,26.87,0.8272,2.9,G3_junior,8.8,92.1,59.282,17.649,0.712,0.0115,0.06,1,SCRATCH,test
RUN-010833,WO-005417,P03,L05,MCH-025,PRD-013,2026-07-13,25.14,0.8761,18,G1_senior,4.9,95.9,53.484,3.353,0.757,0.0127,0.02,0,SURFACE_DENT,test
RUN-010834,WO-005417,P03,L05,MCH-026,PRD-013,2026-07-13,24.59,1.1137,8.2,G1_senior,4.9,95.9,54.607,3.37,0.756,0.0196,0.0,0,NONE,test
RUN-010835,WO-005418,P03,L05,MCH-030,PRD-064,2026-07-13,25.06,0.8564,4.7,G2_mid,4.9,89.9,53.249,3.411,0.809,0,0.016,0,SOLDER_VOID,test
RUN-010836,WO-005418,P03,L05,MCH-027,PRD-064,2026-07-13,26.81,1.1768,0.2,G3_junior,4.9,89.9,52.712,2.952,1.012,0.0331,0.06,1,SURFACE_DENT,test
RUN-010837,WO-005419,P03,L05,MCH-027,PRD-022,2026-07-13,15.94,1.1603,2.2,G3_junior,4.3,85.8,52.712,2.952,1.064,0.0342,0.04,0,NONE,test
RUN-010838,WO-005419,P03,L05,MCH-028,PRD-022,2026-07-13,18.73,1.1731,15.7,G1_senior,4.3,85.8,55.635,3.483,0.745,0.0219,0.025,0,CONTAMINATION,test
RUN-010839,WO-005420,P03,L06,MCH-033,PRD-043,2026-07-13,18.03,1.1462,7.6,G2_mid,4.2,84.5,71.438,21.403,0.879,0.012,0.04,0,CONTAMINATION,test
RUN-010840,WO-005420,P03,L06,MCH-034,PRD-043,2026-07-13,23.27,1.1642,7.6,G2_mid,4.2,84.5,60.1,5.17,0.875,0.0507,0.025,0,DIMENSION,test
RUN-010841,WO-005421,P03,L06,MCH-033,PRD-043,2026-07-13,18.49,0.8352,2.7,G3_junior,4.2,84.5,71.438,21.403,0.704,0.048,0.056,1,CONTAMINATION,test
RUN-010842,WO-005421,P03,L06,MCH-032,PRD-043,2026-07-13,19.19,1.1074,0.2,G3_junior,4.2,84.5,53.955,3.766,1.078,0.0903,0.07,1,MISSING_PART,test
RUN-010843,WO-005422,P03,L06,MCH-033,PRD-045,2026-07-13,19.49,0.8357,0,G0_unknown,2.5,97.0,71.438,21.403,0.847,0.0008,0.015,0,SURFACE_DENT,test
RUN-010844,WO-005422,P03,L06,MCH-031,PRD-045,2026-07-13,20.33,1.1254,0.8,G3_junior,2.5,97.0,54.077,3.568,1.004,0.0704,0.02,0,SOLDER_VOID,test
RUN-010869,WO-005435,P03,L05,MCH-025,PRD-073,2026-07-14,20.52,0.9327,1.2,G3_junior,3.4,87.4,56.076,3.239,0.839,0.0182,0.03,0,NONE,test
RUN-010870,WO-005435,P03,L05,MCH-027,PRD-073,2026-07-14,19.55,1.052,1.2,G3_junior,3.4,87.4,50.359,3.473,0.714,0.0558,0.025,0,CONTAMINATION,test
RUN-010871,WO-005436,P03,L05,MCH-029,PRD-073,2026-07-14,14.58,0.938,7.1,G2_mid,3.4,87.4,52.379,3.08,1.031,0.0304,0.02,0,SURFACE_DENT,test
RUN-010872,WO-005436,P03,L05,MCH-027,PRD-073,2026-07-14,8.36,1.0267,11.8,G1_senior,3.4,87.4,50.359,3.473,0.861,0.0094,0.04,0,CONTAMINATION,test
RUN-010873,WO-005437,P03,L05,MCH-030,PRD-073,2026-07-14,14.79,1.162,2.8,G3_junior,3.4,87.4,51.644,3.54,0.911,0.0779,0.04,0,SOLDER_VOID,test
RUN-010874,WO-005437,P03,L05,MCH-025,PRD-073,2026-07-14,13.02,1.096,3.0,G3_junior,3.4,87.4,56.076,3.239,0.648,0.0184,0.05,0,DIMENSION,test
RUN-010875,WO-005438,P03,L06,MCH-033,PRD-062,2026-07-14,16.16,0.9381,0.2,G3_junior,6.8,71.4,70.306,7.888,0.883,0.1173,0.12,1,NONE,test
RUN-010876,WO-005438,P03,L06,MCH-036,PRD-062,2026-07-14,10.96,1.2258,0.8,G3_junior,6.8,71.4,53.198,3.286,1.08,0.0859,0.115,1,CONTAMINATION,test
RUN-010877,WO-005439,P03,L06,MCH-035,PRD-009,2026-07-14,26.99,1.0876,0.2,G3_junior,5.0,76.8,52.539,3.14,0.757,0.0468,0.065,1,SURFACE_DENT,test
RUN-010878,WO-005439,P03,L06,MCH-031,PRD-009,2026-07-14,24.37,0.8911,10.6,G1_senior,5.0,76.8,51.995,3.103,0.712,0.0123,0.02,0,SURFACE_DENT,test
RUN-010879,WO-005440,P03,L06,MCH-031,PRD-009,2026-07-14,24.82,0.8903,3.3,G2_mid,5.0,76.8,51.995,3.103,1.015,0.0697,0.04,0,SURFACE_DENT,test
RUN-010880,WO-005440,P03,L06,MCH-033,PRD-009,2026-07-14,23.08,0.8612,1.4,G3_junior,5.0,76.8,70.306,7.888,0.81,0.0511,0.08,1,CONTAMINATION,test
RUN-010905,WO-005453,P03,L05,MCH-025,PRD-071,2026-07-15,24.37,0.8245,0.2,G3_junior,6.2,84.7,52.159,3.424,0.775,0.0665,0.072,1,SCRATCH,test
RUN-010906,WO-005453,P03,L05,MCH-027,PRD-071,2026-07-15,23.11,1.0542,3.0,G3_junior,6.2,84.7,51.643,3.189,1.073,0.0212,0.045,0,DIMENSION,test
RUN-010907,WO-005454,P03,L05,MCH-030,PRD-013,2026-07-15,30.47,1.1117,4.7,G2_mid,4.9,95.9,52.707,3.204,1.01,0.0415,0.055,1,SURFACE_DENT,test
RUN-010908,WO-005454,P03,L05,MCH-028,PRD-013,2026-07-15,28.9,1.0846,2.6,G3_junior,4.9,95.9,55.685,3.197,0.775,0.0585,0.0375,0,NONE,test
RUN-010909,WO-005455,P03,L05,MCH-027,PRD-043,2026-07-15,19.77,0.9708,7.0,G2_mid,4.2,84.5,51.643,3.189,0.959,0.054,0.02,0,SCRATCH,test
RUN-010910,WO-005455,P03,L05,MCH-030,PRD-043,2026-07-15,21.5,1.0276,3.0,G3_junior,4.2,84.5,52.707,3.204,0.924,0.0226,0.0,0,NONE,test
RUN-010911,WO-005456,P03,L06,MCH-036,PRD-035,2026-07-15,20.88,0.8783,11.2,G1_senior,4.3,84.7,55.1,3.122,0.787,0.0307,0.045,0,CONTAMINATION,test
RUN-010912,WO-005456,P03,L06,MCH-035,PRD-035,2026-07-15,16.95,1.1296,11.2,G1_senior,4.3,84.7,54.328,2.975,0.756,0.0955,0.04,0,SURFACE_DENT,test
RUN-010913,WO-005457,P03,L06,MCH-032,PRD-013,2026-07-15,22.32,1.1286,0.7,G3_junior,4.9,95.9,51.339,3.547,0.829,0.078,0.04,0,SOLDER_VOID,test
RUN-010914,WO-005457,P03,L06,MCH-034,PRD-013,2026-07-15,25.05,0.9025,2.9,G3_junior,4.9,95.9,61.812,6.66,1.028,0.0207,0.03,0,SCRATCH,test
RUN-010915,WO-005458,P03,L06,MCH-033,PRD-056,2026-07-15,26.32,1.1604,3.1,G2_mid,4.3,97.0,73.235,19.717,1.098,0,0.0,0,NONE,test
RUN-010916,WO-005458,P03,L06,MCH-036,PRD-056,2026-07-15,22.45,1.0035,0.2,G3_junior,4.3,97.0,55.1,3.122,0.625,0.0365,0.025,0,SCRATCH,test
RUN-010941,WO-005471,P03,L05,MCH-026,PRD-049,2026-07-16,26.91,1.0565,2.3,G3_junior,10,82.7,54.277,3.56,0.869,0.158,0.136,1,SURFACE_DENT,test
RUN-010942,WO-005471,P03,L05,MCH-029,PRD-049,2026-07-16,30.79,1.0883,2.3,G3_junior,10,82.7,50.346,2.711,0.894,0.1153,0.125,1,MISSING_PART,test
RUN-010943,WO-005472,P03,L05,MCH-029,PRD-010,2026-07-16,33.77,1.1626,5.7,G2_mid,6.9,97.0,50.346,2.711,0.711,0.0434,0.05,0,DIMENSION,test
RUN-010944,WO-005472,P03,L05,MCH-028,PRD-010,2026-07-16,32.62,1.1773,1.8,G3_junior,6.9,97.0,53.419,3.423,1.049,0.0395,0.072,1,SOLDER_VOID,test
RUN-010945,WO-005473,P03,L05,MCH-025,PRD-063,2026-07-16,19.98,0.9187,0.5,G3_junior,5.7,84.5,55.649,3.096,0.792,0.0506,0.064,1,CONTAMINATION,test
RUN-010946,WO-005473,P03,L05,MCH-030,PRD-063,2026-07-16,21.87,1.128,1.6,G3_junior,5.7,84.5,52.097,3.902,1.094,0.0313,0.06,1,SOLDER_VOID,test
RUN-010947,WO-005474,P03,L06,MCH-032,PRD-016,2026-07-16,26.13,1.08,1.0,G3_junior,4.3,85.8,54.178,3.273,0.624,0.0336,0.04,0,SOLDER_VOID,test
RUN-010948,WO-005474,P03,L06,MCH-035,PRD-016,2026-07-16,24.7,1.182,1.4,G3_junior,4.3,85.8,49.137,3.067,0.881,0.0548,0.05,0,MISSING_PART,test
RUN-010949,WO-005475,P03,L06,MCH-033,PRD-016,2026-07-16,22.57,0.955,2.8,G3_junior,4.3,85.8,55.647,3.368,0.78,0.0263,0.025,0,DIMENSION,test
RUN-010950,WO-005475,P03,L06,MCH-036,PRD-016,2026-07-16,21.84,1.069,2.3,G3_junior,4.3,85.8,53.719,3.364,0.992,0.0562,0.03,0,SCRATCH,test
RUN-010951,WO-005476,P03,L06,MCH-035,PRD-016,2026-07-16,24.1,0.974,2.8,G3_junior,4.3,85.8,49.137,3.067,0.668,0.0014,0.025,0,DIMENSION,test
RUN-010952,WO-005476,P03,L06,MCH-036,PRD-016,2026-07-16,22.17,0.847,0.2,G3_junior,4.3,85.8,53.719,3.364,1.004,0.0296,0.0375,0,CONTAMINATION,test
RUN-010977,WO-005489,P03,L05,MCH-030,PRD-039,2026-07-17,16.69,1.0843,0.2,G3_junior,5.6,96.1,52.032,3.212,1.032,0.048,0.045,0,SCRATCH,test
RUN-010978,WO-005489,P03,L05,MCH-029,PRD-039,2026-07-17,16.02,1.1763,4.8,G2_mid,5.6,96.1,53.071,2.855,0.749,0.0272,0.03,0,SCRATCH,test
RUN-010979,WO-005490,P03,L05,MCH-026,PRD-039,2026-07-17,27.14,0.8499,7.6,G2_mid,5.6,96.1,54.732,3.43,1.005,0.0149,0.024,0,DIMENSION,test
RUN-010980,WO-005490,P03,L05,MCH-030,PRD-039,2026-07-17,27.61,0.8932,1.2,G3_junior,5.6,96.1,52.032,3.212,0.827,0.0214,0.0125,0,SOLDER_VOID,test
RUN-010981,WO-005491,P03,L05,MCH-025,PRD-039,2026-07-17,21.63,0.994,4.6,G2_mid,5.6,96.1,52.171,11.422,0.944,0,0.025,0,DIMENSION,test
RUN-010982,WO-005491,P03,L05,MCH-026,PRD-039,2026-07-17,17.94,1.0975,0.2,G3_junior,5.6,96.1,54.732,3.43,0.811,0.0119,0.02,0,SOLDER_VOID,test
RUN-010983,WO-005492,P03,L06,MCH-031,PRD-061,2026-07-17,13.57,0.8869,2.3,G3_junior,4.8,76.8,55.118,3.454,0.637,0.0544,0.056,1,SURFACE_DENT,test
RUN-010984,WO-005492,P03,L06,MCH-036,PRD-061,2026-07-17,17.47,1.0008,11.2,G1_senior,4.8,76.8,53.464,3.366,1.05,0.0708,0.032,0,SCRATCH,test
RUN-010985,WO-005493,P03,L06,MCH-035,PRD-043,2026-07-17,19.18,0.8436,1.0,G3_junior,4.2,84.5,50.977,3.112,0.683,0.0578,0.0375,0,SOLDER_VOID,test
RUN-010986,WO-005493,P03,L06,MCH-036,PRD-043,2026-07-17,23.71,1.0737,2.3,G3_junior,4.2,84.5,53.464,3.366,0.833,0.063,0.04,0,NONE,test
RUN-010987,WO-005494,P03,L06,MCH-032,PRD-016,2026-07-17,33.87,1.145,0.2,G3_junior,4.3,85.8,56.095,3.499,0.849,0.0178,0.04,0,SURFACE_DENT,test
RUN-010988,WO-005494,P03,L06,MCH-036,PRD-016,2026-07-17,34.35,1.044,4.7,G2_mid,4.3,85.8,53.464,3.366,0.816,0,0.03,0,DIMENSION,test
RUN-010999,WO-005500,P03,L05,MCH-029,PRD-044,2026-07-18,31.06,0.9327,2.3,G3_junior,4.1,88.0,50.461,3.248,0.902,0.0777,0.05,0,MISSING_PART,test
RUN-011000,WO-005500,P03,L05,MCH-027,PRD-044,2026-07-18,29.41,1.0121,2.3,G3_junior,4.1,88.0,48.583,2.545,0.752,0.0648,0.04,0,SCRATCH,test
RUN-011013,WO-005507,P03,L05,MCH-030,PRD-070,2026-07-19,23.71,0.846,2.3,G3_junior,3.9,87.4,49.132,3.195,0.877,0.0711,0.035,0,SCRATCH,test
RUN-011014,WO-005507,P03,L05,MCH-028,PRD-070,2026-07-19,26.65,1.1361,8.9,G1_senior,3.9,87.4,50.086,3.385,0.921,0.0444,0.02,0,SOLDER_VOID,test
RUN-011015,WO-005508,P03,L06,MCH-033,PRD-034,2026-07-19,30.15,0.9661,1.0,G3_junior,2.6,96.1,49.824,3.3,0.671,0,0.0,0,NONE,test
RUN-011016,WO-005508,P03,L06,MCH-034,PRD-034,2026-07-19,29.32,1.1379,2.2,G3_junior,2.6,96.1,43.726,2.511,0.934,0,0.0,0,NONE,test
RUN-011041,WO-005521,P03,L05,MCH-027,PRD-039,2026-07-20,27.47,1.2262,2.2,G3_junior,5.6,96.1,54.769,3.309,0.74,0.0347,0.035,0,SOLDER_VOID,test
RUN-011042,WO-005521,P03,L05,MCH-026,PRD-039,2026-07-20,30.64,0.9819,3.3,G2_mid,5.6,96.1,51.766,3.751,0.971,0.0474,0.032,0,SURFACE_DENT,test
RUN-011043,WO-005522,P03,L05,MCH-025,PRD-039,2026-07-20,24.73,1.0668,2.3,G3_junior,5.6,96.1,54.893,3.421,0.933,0.0652,0.035,0,SCRATCH,test
RUN-011044,WO-005522,P03,L05,MCH-027,PRD-039,2026-07-20,19.87,0.8751,2.3,G3_junior,5.6,96.1,54.769,3.309,0.974,0.0352,0.025,0,MISSING_PART,test
RUN-011045,WO-005523,P03,L05,MCH-028,PRD-006,2026-07-20,18.53,1.0143,2.9,G3_junior,7.3,92.1,52.935,3.696,0.853,0.0349,0.07,1,MISSING_PART,test
RUN-011046,WO-005523,P03,L05,MCH-027,PRD-006,2026-07-20,17.96,0.9793,2.0,G3_junior,7.3,92.1,54.769,3.309,0.811,0.0421,0.072,1,CONTAMINATION,test
RUN-011047,WO-005524,P03,L06,MCH-032,PRD-017,2026-07-20,35.74,1.1229,4.8,G2_mid,4.3,96.3,54.531,3.197,1.011,0,0.0125,0,SURFACE_DENT,test
RUN-011048,WO-005524,P03,L06,MCH-033,PRD-017,2026-07-20,31.97,1.1292,2.8,G3_junior,4.3,96.3,55.105,3.27,0.692,0,0.02,0,SOLDER_VOID,test
RUN-011049,WO-005525,P03,L06,MCH-032,PRD-017,2026-07-20,16.34,0.9394,0.6,G3_junior,4.3,96.3,54.531,3.197,0.833,0.0278,0.025,0,DIMENSION,test
RUN-011050,WO-005525,P03,L06,MCH-036,PRD-017,2026-07-20,16.97,0.8848,2.8,G3_junior,4.3,96.3,57.69,3.164,0.825,0.0492,0.025,0,DIMENSION,test
RUN-011051,WO-005526,P03,L06,MCH-036,PRD-069,2026-07-20,38.61,1.0366,0.2,G3_junior,10,88.6,57.69,3.164,0.67,0.1156,0.13,1,DIMENSION,test
RUN-011052,WO-005526,P03,L06,MCH-035,PRD-069,2026-07-20,33.68,0.8543,0.8,G3_junior,10,88.6,51.371,3.027,0.778,0.0774,0.1125,1,SOLDER_VOID,test
RUN-011077,WO-005539,P03,L05,MCH-029,PRD-054,2026-07-21,15.9,1.1579,2.3,G3_junior,6.3,71.4,51.518,3.024,1.08,0.1016,0.1,1,DIMENSION,test
RUN-011078,WO-005539,P03,L05,MCH-030,PRD-054,2026-07-21,20.9,1.0355,0,G0_unknown,6.3,71.4,49.247,3.102,0.896,0.1205,0.1,1,SURFACE_DENT,test
RUN-011079,WO-005540,P03,L05,MCH-026,PRD-019,2026-07-21,20.53,0.8597,0.7,G3_junior,7.2,71.7,54.373,3.14,0.835,0.1204,0.128,1,SCRATCH,test
RUN-011080,WO-005540,P03,L05,MCH-029,PRD-019,2026-07-21,20.88,1.1714,2.1,G3_junior,7.2,71.7,51.518,3.024,0.698,0.1305,0.128,1,MISSING_PART,test
RUN-011081,WO-005541,P03,L05,MCH-029,PRD-019,2026-07-21,39.06,1.0212,2.9,G3_junior,7.2,71.7,51.518,3.024,1.002,0.13,0.1125,1,SCRATCH,test
RUN-011082,WO-005541,P03,L05,MCH-025,PRD-019,2026-07-21,37.89,0.863,0.6,G3_junior,7.2,71.7,54.391,3.265,0.707,0.1137,0.12,1,CONTAMINATION,test
RUN-011083,WO-005542,P03,L06,MCH-034,PRD-022,2026-07-21,26.76,1.1365,1.6,G3_junior,4.3,85.8,48.345,3.006,0.853,0.0349,0.05,0,DIMENSION,test
RUN-011084,WO-005542,P03,L06,MCH-036,PRD-022,2026-07-21,22.28,1.1045,0.6,G3_junior,4.3,85.8,52.831,3.136,0.808,0,0.0375,0,MISSING_PART,test
RUN-011085,WO-005543,P03,L06,MCH-032,PRD-022,2026-07-21,22.72,1.1147,0.2,G3_junior,4.3,85.8,53.75,3.213,0.855,0.0368,0.025,0,SURFACE_DENT,test
RUN-011086,WO-005543,P03,L06,MCH-034,PRD-022,2026-07-21,27.48,1.0378,11.8,G1_senior,4.3,85.8,48.345,3.006,0.748,0.0457,0.056,1,MISSING_PART,test
RUN-011087,WO-005544,P03,L06,MCH-034,PRD-022,2026-07-21,34.57,0.925,5.7,G2_mid,4.3,85.8,48.345,3.006,0.828,0.0071,0.032,0,DIMENSION,test
RUN-011088,WO-005544,P03,L06,MCH-032,PRD-022,2026-07-21,34.36,1.009,0.2,G3_junior,4.3,85.8,53.75,3.213,1.046,0.0072,0.025,0,DIMENSION,test
RUN-011113,WO-005557,P03,L05,MCH-029,PRD-052,2026-07-22,28.83,1.0008,2.3,G3_junior,7.2,82.7,52.292,3.238,1.076,0.0797,0.0875,1,MISSING_PART,test
RUN-011114,WO-005557,P03,L05,MCH-028,PRD-052,2026-07-22,32.47,0.9364,2.3,G3_junior,7.2,82.7,57.045,3.769,0.95,0.0474,0.08,1,CONTAMINATION,test
RUN-011115,WO-005558,P03,L05,MCH-029,PRD-052,2026-07-22,30.22,1.1359,8.9,G1_senior,7.2,82.7,52.292,3.238,0.645,0.0099,0.05,0,SOLDER_VOID,test
RUN-011116,WO-005558,P03,L05,MCH-027,PRD-052,2026-07-22,35.25,0.9237,18,G1_senior,7.2,82.7,52.761,2.927,0.724,0.0382,0.04,0,DIMENSION,test
RUN-011117,WO-005559,P03,L05,MCH-029,PRD-043,2026-07-22,23.29,0.8988,5.8,G2_mid,4.2,84.5,52.292,3.238,0.853,0.0607,0.04,0,NONE,test
RUN-011118,WO-005559,P03,L05,MCH-025,PRD-043,2026-07-22,28.66,0.8841,0,G0_unknown,4.2,84.5,53.804,3.517,0.678,0.0154,0.04,0,NONE,test
RUN-011119,WO-005560,P03,L06,MCH-032,PRD-016,2026-07-22,22.75,1.053,3.2,G2_mid,4.3,85.8,53.577,3.105,0.938,0.084,0.048,0,SURFACE_DENT,test
RUN-011120,WO-005560,P03,L06,MCH-031,PRD-016,2026-07-22,26.55,0.82,2.9,G3_junior,4.3,85.8,52.607,3.359,0.719,0.0048,0.032,0,DIMENSION,test
RUN-011121,WO-005561,P03,L06,MCH-036,PRD-016,2026-07-22,15.14,1.026,0.2,G3_junior,4.3,85.8,53.706,3.667,0.855,0,0.03,0,SOLDER_VOID,test
RUN-011122,WO-005561,P03,L06,MCH-032,PRD-016,2026-07-22,13.98,0.94,0.2,G3_junior,4.3,85.8,53.577,3.105,0.998,0.0451,0.04,0,CONTAMINATION,test
RUN-011123,WO-005562,P03,L06,MCH-036,PRD-016,2026-07-22,25.8,1.206,5.8,G2_mid,4.3,85.8,53.706,3.667,0.998,0.0331,0.03,0,SOLDER_VOID,test
RUN-011124,WO-005562,P03,L06,MCH-031,PRD-016,2026-07-22,20.79,1.02,1.4,G3_junior,4.3,85.8,52.607,3.359,0.639,0,0.02,0,NONE,test
RUN-011149,WO-005575,P03,L05,MCH-025,PRD-033,2026-07-23,22.69,0.8439,11.8,G1_senior,4.7,88.0,54.969,3.412,0.863,0.0115,0.015,0,NONE,test
RUN-011150,WO-005575,P03,L05,MCH-027,PRD-033,2026-07-23,29.03,0.9559,0.6,G3_junior,4.7,88.0,50.733,2.921,0.653,0.082,0.05,0,SOLDER_VOID,test
RUN-011151,WO-005576,P03,L05,MCH-025,PRD-033,2026-07-23,26.13,0.9628,11.5,G1_senior,4.7,88.0,54.969,3.412,1.087,0.011,0.04,0,NONE,test
RUN-011152,WO-005576,P03,L05,MCH-030,PRD-033,2026-07-23,28.84,0.9369,0.2,G3_junior,4.7,88.0,55.241,3.626,0.966,0.0583,0.024,1,CONTAMINATION,test
RUN-011153,WO-005577,P03,L05,MCH-028,PRD-033,2026-07-23,18.69,1.1233,11.5,G1_senior,4.7,88.0,55.009,3.476,0.677,0.012,0.025,0,MISSING_PART,test
RUN-011154,WO-005577,P03,L05,MCH-029,PRD-033,2026-07-23,13.83,0.978,0.2,G3_junior,4.7,88.0,54.5,3.849,1.008,0.0242,0.025,0,SOLDER_VOID,test
RUN-011155,WO-005578,P03,L06,MCH-034,PRD-004,2026-07-23,30.22,0.9459,4.8,G2_mid,3.9,95.9,47.665,3.289,0.637,0.0444,0.02,0,CONTAMINATION,test
RUN-011156,WO-005578,P03,L06,MCH-035,PRD-004,2026-07-23,26.98,1.0126,10.6,G1_senior,3.9,95.9,54.563,3.305,0.926,0,0.01,0,SURFACE_DENT,test
RUN-011157,WO-005579,P03,L06,MCH-031,PRD-045,2026-07-23,12.24,1.0315,1.4,G3_junior,2.5,97.0,60.062,3.626,0.94,0.0131,0.01,0,SOLDER_VOID,test
RUN-011158,WO-005579,P03,L06,MCH-036,PRD-045,2026-07-23,11.18,0.8659,1.4,G3_junior,2.5,97.0,52.454,9.952,0.886,0.0294,0.005,0,SCRATCH,test
RUN-011159,WO-005580,P03,L06,MCH-036,PRD-045,2026-07-23,19.84,1.0398,7.1,G2_mid,2.5,97.0,52.454,9.952,0.946,0.0035,0.0,0,NONE,test
RUN-011160,WO-005580,P03,L06,MCH-031,PRD-045,2026-07-23,22.96,1.0087,1.0,G3_junior,2.5,97.0,60.062,3.626,0.683,0.0202,0.02,0,DIMENSION,test
RUN-011185,WO-005593,P03,L05,MCH-025,PRD-064,2026-07-24,27.27,1.1371,1.2,G3_junior,4.9,89.9,51.88,3.121,0.834,0.0623,0.04,0,DIMENSION,test
RUN-011186,WO-005593,P03,L05,MCH-029,PRD-064,2026-07-24,32.27,1.1249,7.6,G2_mid,4.9,89.9,51.955,3.246,1.029,0.047,0.0375,0,SURFACE_DENT,test
RUN-011187,WO-005594,P03,L05,MCH-026,PRD-002,2026-07-24,25.88,0.9575,4.7,G2_mid,5.3,88.0,55.773,3.506,0.634,0.0698,0.0625,1,DIMENSION,test
RUN-011188,WO-005594,P03,L05,MCH-030,PRD-002,2026-07-24,28.56,1.1169,0.2,G3_junior,5.3,88.0,51.464,3.126,0.961,0.0541,0.045,0,CONTAMINATION,test
RUN-011189,WO-005595,P03,L05,MCH-029,PRD-073,2026-07-24,21.2,0.834,11.8,G1_senior,3.4,87.4,51.955,3.246,1.052,0.0424,0.04,0,SURFACE_DENT,test
RUN-011190,WO-005595,P03,L05,MCH-027,PRD-073,2026-07-24,24.65,1.1727,0,G0_unknown,3.4,87.4,53.128,3.607,0.785,0.053,0.02,0,CONTAMINATION,test
RUN-011191,WO-005596,P03,L06,MCH-033,PRD-051,2026-07-24,30.83,1.0789,2.0,G3_junior,6.9,96.1,55.655,3.6,0.718,0.0379,0.04,0,SCRATCH,test
RUN-011192,WO-005596,P03,L06,MCH-032,PRD-051,2026-07-24,29.13,0.947,2.0,G3_junior,6.9,96.1,54.362,3.38,1.064,0.0068,0.035,0,NONE,test
RUN-011193,WO-005597,P03,L06,MCH-032,PRD-051,2026-07-24,30.59,0.8523,0.6,G3_junior,6.9,96.1,54.362,3.38,0.694,0.0422,0.03,0,MISSING_PART,test
RUN-011194,WO-005597,P03,L06,MCH-033,PRD-051,2026-07-24,28.52,0.9004,1.7,G3_junior,6.9,96.1,55.655,3.6,1.048,0.0934,0.04,0,MISSING_PART,test
RUN-011195,WO-005598,P03,L06,MCH-035,PRD-051,2026-07-24,35.19,0.8853,7.1,G2_mid,6.9,96.1,52.142,6.101,0.743,0,0.025,0,SCRATCH,test
RUN-011196,WO-005598,P03,L06,MCH-036,PRD-051,2026-07-24,39.79,0.9728,2.2,G3_junior,6.9,96.1,51.314,2.968,0.64,0.0279,0.04,0,CONTAMINATION,test
RUN-011207,WO-005604,P03,L05,MCH-025,PRD-022,2026-07-25,15.62,1.1628,0.6,G3_junior,4.3,85.8,52.167,3.474,0.921,0.0385,0.04,0,SURFACE_DENT,test
RUN-011208,WO-005604,P03,L05,MCH-030,PRD-022,2026-07-25,14.62,1.0865,2.9,G3_junior,4.3,85.8,50.933,3.013,0.654,0.0567,0.032,0,SURFACE_DENT,test
RUN-011209,WO-005605,P03,L06,MCH-032,PRD-035,2026-07-25,16.61,0.8704,0.2,G3_junior,4.3,84.7,48.367,2.862,0.795,0.0536,0.045,0,SCRATCH,test
RUN-011210,WO-005605,P03,L06,MCH-035,PRD-035,2026-07-25,21.16,1.0357,3.0,G3_junior,4.3,84.7,47.521,2.996,0.776,0.0117,0.0375,0,DIMENSION,test
RUN-011211,WO-005606,P03,L06,MCH-035,PRD-035,2026-07-25,16.13,1.034,2.3,G3_junior,4.3,84.7,47.521,2.996,0.779,0.0406,0.03,0,CONTAMINATION,test
RUN-011212,WO-005606,P03,L06,MCH-033,PRD-035,2026-07-25,19.02,0.9468,1.0,G3_junior,4.3,84.7,51.727,3.173,0.851,0.0673,0.045,0,MISSING_PART,test
RUN-011213,WO-005607,P03,L06,MCH-031,PRD-035,2026-07-25,20.54,0.9066,7.6,G2_mid,4.3,84.7,49.548,3.452,0.796,0.0139,0.05,0,MISSING_PART,test
RUN-011214,WO-005607,P03,L06,MCH-033,PRD-035,2026-07-25,23.92,1.0192,12.8,G1_senior,4.3,84.7,51.727,3.173,1.096,0,0.0,0,NONE,test
RUN-011225,WO-005613,P03,L05,MCH-029,PRD-064,2026-07-26,30.15,1.1029,12.8,G1_senior,4.9,89.9,48.674,2.899,0.88,0.031,0.02,0,SURFACE_DENT,test
RUN-011226,WO-005613,P03,L05,MCH-028,PRD-064,2026-07-26,24.38,1.0974,7.6,G2_mid,4.9,89.9,49.555,3.598,0.904,0.0308,0.008,0,NONE,test
RUN-011227,WO-005614,P03,L06,MCH-031,PRD-037,2026-07-26,35.06,0.8538,0.8,G3_junior,4.2,88.0,50.842,3.527,0.654,0.0181,0.02,0,SURFACE_DENT,test
RUN-011228,WO-005614,P03,L06,MCH-034,PRD-037,2026-07-26,32.55,0.8469,2.8,G3_junior,4.2,88.0,46.437,3.339,0.776,0.0257,0.025,0,NONE,test
RUN-011229,WO-005615,P03,L06,MCH-032,PRD-010,2026-07-26,28.29,1.1133,4.8,G2_mid,6.9,97.0,50.034,3.002,0.991,0.0666,0.04,0,SURFACE_DENT,test
RUN-011230,WO-005615,P03,L06,MCH-031,PRD-010,2026-07-26,27.15,1.1734,7.0,G2_mid,6.9,97.0,50.842,3.527,1.003,0.0326,0.04,0,NONE,test
RUN-011255,WO-005628,P03,L05,MCH-030,PRD-073,2026-07-27,20.86,1.028,1.0,G3_junior,3.4,87.4,54.746,2.922,0.641,0.0024,0.03,0,SCRATCH,test
RUN-011256,WO-005628,P03,L05,MCH-027,PRD-073,2026-07-27,21.87,0.962,11.2,G1_senior,3.4,87.4,52.888,3.244,0.771,0,0.0,0,NONE,test
RUN-011257,WO-005629,P03,L05,MCH-026,PRD-029,2026-07-27,30.05,1.119,0.2,G3_junior,6.6,87.0,54.579,3.066,0.671,0.0951,0.06,1,MISSING_PART,test
RUN-011258,WO-005629,P03,L05,MCH-025,PRD-029,2026-07-27,31.13,1.0374,7.2,G2_mid,6.6,87.0,56.129,3.713,0.948,0.1008,0.05,0,MISSING_PART,test
RUN-011259,WO-005630,P03,L05,MCH-028,PRD-073,2026-07-27,24.68,1.1373,2.7,G3_junior,3.4,87.4,55.062,3.23,0.653,0.0479,0.03,1,MISSING_PART,test
RUN-011260,WO-005630,P03,L05,MCH-026,PRD-073,2026-07-27,17.8,0.928,0,G0_unknown,3.4,87.4,54.579,3.066,0.91,0.0262,0.025,0,SCRATCH,test
RUN-011261,WO-005631,P03,L06,MCH-031,PRD-066,2026-07-27,24.68,0.9992,0.2,G3_junior,7.6,88.6,56.138,3.484,0.94,0.1014,0.09,1,SOLDER_VOID,test
RUN-011262,WO-005631,P03,L06,MCH-035,PRD-066,2026-07-27,21.05,1.1309,0.2,G3_junior,7.6,88.6,51.777,3.331,0.642,0.0717,0.0875,1,SOLDER_VOID,test
RUN-011263,WO-005632,P03,L06,MCH-032,PRD-071,2026-07-27,17.91,1.1033,1.0,G3_junior,6.2,84.7,52.21,3.197,0.697,0.0131,0.0625,1,SCRATCH,test
RUN-011264,WO-005632,P03,L06,MCH-036,PRD-071,2026-07-27,17.8,0.9198,0.2,G3_junior,6.2,84.7,56.257,3.799,0.648,0.0309,0.055,1,SOLDER_VOID,test
RUN-011265,WO-005633,P03,L06,MCH-035,PRD-071,2026-07-27,27.82,1.1033,1.7,G3_junior,6.2,84.7,51.777,3.331,0.943,0.0086,0.064,1,SURFACE_DENT,test
RUN-011266,WO-005633,P03,L06,MCH-033,PRD-071,2026-07-27,30.81,1.006,2.7,G3_junior,6.2,84.7,57.577,3.043,0.642,0.0708,0.05,0,SCRATCH,test
RUN-011291,WO-005646,P03,L05,MCH-026,PRD-025,2026-07-28,27.23,0.9447,2.7,G3_junior,3.5,87.0,56.272,3.092,1.083,0.0453,0.032,0,SURFACE_DENT,test
RUN-011292,WO-005646,P03,L05,MCH-030,PRD-025,2026-07-28,29.22,1.0833,0.7,G3_junior,3.5,87.0,49.851,3.229,0.889,0.0463,0.04,0,MISSING_PART,test
RUN-011293,WO-005647,P03,L05,MCH-026,PRD-025,2026-07-28,33.7,0.8782,2.2,G3_junior,3.5,87.0,56.272,3.092,0.809,0.0485,0.0125,0,SURFACE_DENT,test
RUN-011294,WO-005647,P03,L05,MCH-030,PRD-025,2026-07-28,36.59,1.1718,1.6,G3_junior,3.5,87.0,49.851,3.229,0.746,0.039,0.04,0,CONTAMINATION,test
RUN-011295,WO-005648,P03,L05,MCH-027,PRD-025,2026-07-28,15.07,1.0808,10.6,G1_senior,3.5,87.0,50.021,3.198,0.933,0.0735,0.05,0,CONTAMINATION,test
RUN-011296,WO-005648,P03,L05,MCH-028,PRD-025,2026-07-28,12.67,0.937,0.2,G3_junior,3.5,87.0,53.957,3.399,0.801,0,0.025,0,DIMENSION,test
RUN-011297,WO-005649,P03,L06,MCH-032,PRD-048,2026-07-28,21.78,0.8716,0.8,G3_junior,4.6,96.1,54.2,3.092,0.764,0.0268,0.02,0,MISSING_PART,test
RUN-011298,WO-005649,P03,L06,MCH-034,PRD-048,2026-07-28,18.55,1.1717,4.6,G2_mid,4.6,96.1,48.892,3.402,1.067,0.0602,0.02,0,CONTAMINATION,test
RUN-011299,WO-005650,P03,L06,MCH-035,PRD-048,2026-07-28,21.49,0.9182,1.2,G3_junior,4.6,96.1,49.794,3.065,0.951,0.0417,0.05,0,SURFACE_DENT,test
RUN-011300,WO-005650,P03,L06,MCH-032,PRD-048,2026-07-28,22.12,1.0974,1.2,G3_junior,4.6,96.1,54.2,3.092,0.9,0.0161,0.02,0,SOLDER_VOID,test
RUN-011301,WO-005651,P03,L06,MCH-036,PRD-048,2026-07-28,21.62,0.9205,7.6,G2_mid,4.6,96.1,57.714,3.398,0.741,0.0175,0.02,0,CONTAMINATION,test
RUN-011302,WO-005651,P03,L06,MCH-032,PRD-048,2026-07-28,25.39,0.8895,3.4,G2_mid,4.6,96.1,54.2,3.092,0.981,0.0822,0.03,0,MISSING_PART,test
RUN-011327,WO-005664,P03,L05,MCH-026,PRD-079,2026-07-29,22.23,1.1249,3.1,G2_mid,3.3,71.4,54.739,3.565,0.974,0.0661,0.08,1,MISSING_PART,test
RUN-011328,WO-005664,P03,L05,MCH-030,PRD-079,2026-07-29,20.83,0.9699,12.8,G1_senior,3.3,71.4,49.994,3.207,0.744,0.0385,0.02,0,CONTAMINATION,test
RUN-011329,WO-005665,P03,L05,MCH-027,PRD-079,2026-07-29,22.82,0.8788,7.1,G2_mid,3.3,71.4,53.773,2.828,1.007,0.0489,0.05,0,CONTAMINATION,test
RUN-011330,WO-005665,P03,L05,MCH-025,PRD-079,2026-07-29,23.09,1.1174,1.7,G3_junior,3.3,71.4,53.008,3.609,0.999,0.063,0.056,1,CONTAMINATION,test
RUN-011331,WO-005666,P03,L05,MCH-026,PRD-079,2026-07-29,11.98,1.1484,1.0,G3_junior,3.3,71.4,54.739,3.565,0.815,0.0717,0.075,1,NONE,test
RUN-011332,WO-005666,P03,L05,MCH-027,PRD-079,2026-07-29,12.22,0.8995,2.3,G3_junior,3.3,71.4,53.773,2.828,0.726,0.0297,0.048,0,SOLDER_VOID,test
RUN-011333,WO-005667,P03,L06,MCH-035,PRD-013,2026-07-29,36.81,1.0244,6.1,G2_mid,4.9,95.9,51.978,2.872,1.007,0.0495,0.02,0,SCRATCH,test
RUN-011334,WO-005667,P03,L06,MCH-034,PRD-013,2026-07-29,31.93,1.0007,2.9,G3_junior,4.9,95.9,50.961,2.997,0.918,0.0234,0.025,0,SOLDER_VOID,test
RUN-011335,WO-005668,P03,L06,MCH-035,PRD-013,2026-07-29,33.27,1.0223,2.8,G3_junior,4.9,95.9,51.978,2.872,1.072,0,0.0,0,NONE,test
RUN-011336,WO-005668,P03,L06,MCH-031,PRD-013,2026-07-29,32.33,0.8253,1.7,G3_junior,4.9,95.9,55.074,3.538,0.675,0,0.02,0,SOLDER_VOID,test
RUN-011337,WO-005669,P03,L06,MCH-032,PRD-013,2026-07-29,33.05,1.0643,11.5,G1_senior,4.9,95.9,52.906,3.521,0.785,0.031,0.025,0,SOLDER_VOID,test
RUN-011338,WO-005669,P03,L06,MCH-031,PRD-013,2026-07-29,30.64,1.1097,0.2,G3_junior,4.9,95.9,55.074,3.538,0.702,0.0399,0.05,0,SURFACE_DENT,test
RUN-011363,WO-005682,P03,L05,MCH-030,PRD-078,2026-07-30,25.36,0.8714,2.1,G3_junior,4.6,84.7,52.309,3.245,0.623,0.077,0.045,0,MISSING_PART,test
RUN-011364,WO-005682,P03,L05,MCH-028,PRD-078,2026-07-30,24.76,1.0344,5.8,G2_mid,4.6,84.7,53.228,3.34,0.908,0.0116,0.04,0,SOLDER_VOID,test
RUN-011365,WO-005683,P03,L05,MCH-025,PRD-078,2026-07-30,19.07,1.1785,11.2,G1_senior,4.6,84.7,54.131,3.265,1.025,0.0487,0.02,0,SCRATCH,test
RUN-011366,WO-005683,P03,L05,MCH-029,PRD-078,2026-07-30,23.0,0.9419,11.5,G1_senior,4.6,84.7,49.912,2.935,0.789,0,0.024,0,SOLDER_VOID,test
RUN-011367,WO-005684,P03,L05,MCH-029,PRD-078,2026-07-30,30.45,1.2031,7.2,G2_mid,4.6,84.7,49.912,2.935,0.913,0.039,0.04,0,MISSING_PART,test
RUN-011368,WO-005684,P03,L05,MCH-026,PRD-078,2026-07-30,28.02,0.9795,7.2,G2_mid,4.6,84.7,56.457,3.503,0.841,0.064,0.04,0,SURFACE_DENT,test
RUN-011369,WO-005685,P03,L06,MCH-033,PRD-071,2026-07-30,25.58,0.993,12.8,G1_senior,6.2,84.7,55.981,3.25,0.734,0.0055,0.03,0,SCRATCH,test
RUN-011370,WO-005685,P03,L06,MCH-034,PRD-071,2026-07-30,28.08,1.0411,2.7,G3_junior,6.2,84.7,50.151,3.184,1.082,0.0808,0.085,1,CONTAMINATION,test
RUN-011371,WO-005686,P03,L06,MCH-031,PRD-071,2026-07-30,28.59,1.013,0,G0_unknown,6.2,84.7,55.932,3.364,0.853,0.0769,0.07,1,MISSING_PART,test
RUN-011372,WO-005686,P03,L06,MCH-035,PRD-071,2026-07-30,22.55,1.0572,3.1,G2_mid,6.2,84.7,52.967,2.835,0.89,0.0741,0.06,1,SURFACE_DENT,test
RUN-011373,WO-005687,P03,L06,MCH-034,PRD-071,2026-07-30,36.98,0.8977,9.4,G1_senior,6.2,84.7,50.151,3.184,0.623,0.0567,0.04,0,SURFACE_DENT,test
RUN-011374,WO-005687,P03,L06,MCH-031,PRD-071,2026-07-30,35.91,0.9278,3.3,G2_mid,6.2,84.7,55.932,3.364,0.943,0.1014,0.0625,1,SCRATCH,test
RUN-011399,WO-005700,P03,L05,MCH-028,PRD-020,2026-07-31,29.11,0.9037,5.8,G2_mid,7.8,84.7,54.835,3.469,0.692,0.0773,0.096,1,SURFACE_DENT,test
RUN-011400,WO-005700,P03,L05,MCH-030,PRD-020,2026-07-31,31.78,1.0578,1.0,G3_junior,7.8,84.7,51.972,3.671,0.667,0.1057,0.1,1,SOLDER_VOID,test
RUN-011401,WO-005701,P03,L05,MCH-025,PRD-020,2026-07-31,47.08,0.9518,2.9,G3_junior,7.8,84.7,51.849,3.335,0.698,0.0896,0.075,1,SURFACE_DENT,test
RUN-011402,WO-005701,P03,L05,MCH-028,PRD-020,2026-07-31,41.71,1.0954,2.9,G3_junior,7.8,84.7,54.835,3.469,1.013,0.0745,0.1,1,DIMENSION,test
RUN-011403,WO-005702,P03,L05,MCH-029,PRD-063,2026-07-31,24.52,1.1273,0.2,G3_junior,5.7,84.5,50.452,3.298,1.033,0.0914,0.064,1,CONTAMINATION,test
RUN-011404,WO-005702,P03,L05,MCH-027,PRD-063,2026-07-31,17.85,0.9929,2.3,G3_junior,5.7,84.5,51.34,2.911,0.887,0.1109,0.072,1,DIMENSION,test
RUN-011405,WO-005703,P03,L06,MCH-034,PRD-010,2026-07-31,34.69,1.0828,5.7,G2_mid,6.9,97.0,50.069,2.929,0.979,0,0.02,0,CONTAMINATION,test
RUN-011406,WO-005703,P03,L06,MCH-032,PRD-010,2026-07-31,34.47,0.8453,4.6,G2_mid,6.9,97.0,50.744,3.61,1.067,0.0186,0.04,0,SURFACE_DENT,test
RUN-011407,WO-005704,P03,L06,MCH-036,PRD-035,2026-07-31,18.08,1.1262,1.0,G3_junior,4.3,84.7,54.836,3.561,1.092,0.067,0.05,0,DIMENSION,test
RUN-011408,WO-005704,P03,L06,MCH-032,PRD-035,2026-07-31,19.44,0.9281,11.2,G1_senior,4.3,84.7,50.744,3.61,0.773,0,0.0,0,NONE,test
RUN-011409,WO-005705,P03,L06,MCH-034,PRD-010,2026-07-31,18.6,0.864,0.7,G3_junior,6.9,97.0,50.069,2.929,0.869,0.0843,0.056,1,SOLDER_VOID,test
RUN-011410,WO-005705,P03,L06,MCH-033,PRD-010,2026-07-31,16.65,1.0936,7.6,G2_mid,6.9,97.0,55.037,3.095,0.837,0.0087,0.05,0,DIMENSION,test
