tx_id,block_timestamp,material_lot_id,supplier_id,product_id,plant_id,event_type,quantity,quality_certificate_id,previous_hash,transaction_hash,smart_contract_id
TX-0000001,2026-06-24 18:37:00,LOT-SUP-010-20260624-038,SUP-010,PRD-028,P02,shipment_handover,1561,,GENESIS,410f1148d2783bdf,SC-011
TX-0000002,2026-05-17 11:54:00,LOT-SUP-010-20260517-042,SUP-010,PRD-010,P01,line_release,8980,QCERT-00039,410f1148d2783bdf,d3355c7304d1a867,SC-010
TX-0000003,2025-11-15 00:57:00,LOT-SUP-013-20251115-018,SUP-013,PRD-062,P03,shipment_handover,10333,,d3355c7304d1a867,8e6174bd62006b58,SC-002
TX-0000004,2026-01-21 06:21:00,LOT-SUP-012-20260121-021,SUP-012,PRD-015,P02,shipment_handover,17240,,8e6174bd62006b58,5e85ab8553fed0e9,SC-001
TX-0000005,2026-02-01 06:30:00,LOT-SUP-007-20260201-039,SUP-007,PRD-055,P01,finished_goods,22160,,5e85ab8553fed0e9,cbd08678e7a98c40,SC-004
TX-0000006,2026-05-11 22:28:00,LOT-SUP-016-20260511-020,SUP-016,PRD-043,P03,material_received,13789,,cbd08678e7a98c40,b0c71c5263afddcd,SC-008
TX-0000007,2025-12-28 06:37:00,LOT-SUP-016-20251228-024,SUP-016,PRD-043,P03,material_received,20146,,b0c71c5263afddcd,6d76c4da64501e25,SC-012
TX-0000008,2026-01-27 21:38:00,LOT-SUP-005-20260127-054,SUP-005,PRD-005,P01,material_received,4019,,6d76c4da64501e25,d64d106b8f8a9622,SC-003
TX-0000009,2026-06-30 01:42:00,LOT-SUP-009-20260630-006,SUP-009,PRD-048,P02,finished_goods,3638,,d64d106b8f8a9622,e79665845dafb37d,SC-002
TX-0000010,2026-07-05 12:25:00,LOT-SUP-007-20260705-005,SUP-007,PRD-073,P01,shipment_handover,16332,,e79665845dafb37d,8c8aceabe6feefa7,SC-003
TX-0000011,2026-03-08 05:04:00,LOT-SUP-015-20260308-041,SUP-015,PRD-003,P03,material_received,9704,,8c8aceabe6feefa7,f351ed1611aa8ee9,SC-006
TX-0000012,2026-02-23 07:19:00,LOT-SUP-004-20260223-057,SUP-004,PRD-066,P01,line_release,3533,QCERT-00881,f351ed1611aa8ee9,0981d385cccba47e,SC-001
TX-0000013,2026-07-24 23:13:00,LOT-SUP-016-20260724-011,SUP-016,PRD-080,P02,line_release,12159,QCERT-00781,0981d385cccba47e,7c9fb70ede6db750,SC-006
TX-0000014,2026-04-01 09:55:00,LOT-SUP-005-20260401-028,SUP-005,PRD-038,P02,line_release,17889,QCERT-00760,7c9fb70ede6db750,cc85ee1e1d06b97f,SC-006
TX-0000015,2026-02-24 02:48:00,LOT-SUP-003-20260224-001,SUP-003,PRD-035,P02,shipment_handover,9174,,cc85ee1e1d06b97f,82426521da70e58d,SC-003
TX-0000016,2025-11-24 12:22:00,LOT-SUP-010-20251124-013,SUP-010,PRD-028,P01,line_release,17833,QCERT-00680,82426521da70e58d,04256469e7059428,SC-004
TX-0000017,2026-05-02 11:06:00,LOT-SUP-012-20260502-018,SUP-012,PRD-006,P01,finished_goods,5464,,04256469e7059428,e07c27e7864df132,SC-009
TX-0000018,2026-07-13 04:27:00,LOT-SUP-005-20260713-024,SUP-005,PRD-016,P01,material_received,1456,,e07c27e7864df132,c24d15973fdeab28,SC-004
TX-0000019,2025-09-28 13:43:00,LOT-SUP-010-20250928-043,SUP-010,PRD-056,P03,material_received,4024,,c24d15973fdeab28,b383867664d6fc2e,SC-002
TX-0000020,2025-12-18 04:54:00,LOT-SUP-005-20251218-028,SUP-005,PRD-023,P03,material_received,15424,,b383867664d6fc2e,9f7cedffd17d06b7,SC-009
TX-0000021,2025-12-09 04:34:00,LOT-SUP-010-20251209-039,SUP-010,PRD-028,P01,quality_certificate,3794,QCERT-00269,9f7cedffd17d06b7,1557025811a5438d,SC-004
TX-0000022,2025-11-12 09:48:00,LOT-SUP-003-20251112-038,SUP-003,PRD-035,P03,shipment_handover,11197,,1557025811a5438d,843fa911d827478c,SC-006
TX-0000023,2026-07-29 06:14:00,LOT-SUP-013-20260729-044,SUP-013,PRD-058,P02,line_release,3119,QCERT-00466,843fa911d827478c,7f97dfdac4103510,SC-011
TX-0000024,2026-01-25 01:39:00,LOT-SUP-005-20260125-056,SUP-005,PRD-014,P01,line_release,23810,QCERT-00727,7f97dfdac4103510,858757aac530d28e,SC-011
TX-0000025,2026-01-20 21:19:00,LOT-SUP-016-20260120-050,SUP-016,PRD-080,P03,material_received,14765,,858757aac530d28e,28b7d4d4baad2918,SC-007
TX-0000026,2026-07-26 09:29:00,LOT-SUP-009-20260726-049,SUP-009,PRD-018,P01,shipment_handover,12657,,28b7d4d4baad2918,17557474823fcd51,SC-001
TX-0000027,2026-02-21 07:45:00,LOT-SUP-008-20260221-054,SUP-008,PRD-044,P01,line_release,5536,QCERT-00249,17557474823fcd51,056788b9950e7fa5,SC-012
TX-0000028,2026-03-27 15:13:00,LOT-SUP-010-20260327-026,SUP-010,PRD-028,P01,line_release,24770,QCERT-00525,056788b9950e7fa5,6641880fa283dc9b,SC-006
TX-0000029,2025-10-15 22:13:00,LOT-SUP-003-20251015-046,SUP-003,PRD-035,P03,material_received,2125,,6641880fa283dc9b,c199cae4c855aeda,SC-001
TX-0000030,2025-08-01 21:38:00,LOT-SUP-015-20250801-055,SUP-015,PRD-004,P01,material_received,6854,,c199cae4c855aeda,1531b86704fe2929,SC-003
TX-0000031,2026-04-16 19:48:00,LOT-SUP-010-20260416-009,SUP-010,PRD-076,P02,material_received,20750,,1531b86704fe2929,43f95ee94ffb8414,SC-007
TX-0000032,2025-09-21 11:59:00,LOT-SUP-006-20250921-011,SUP-006,PRD-065,P02,line_release,7628,QCERT-00715,43f95ee94ffb8414,d21890380e91ee3b,SC-007
TX-0000033,2025-08-24 15:26:00,LOT-SUP-009-20250824-040,SUP-009,PRD-051,P01,finished_goods,20044,,d21890380e91ee3b,5ff2b4182008fe8f,SC-012
TX-0000034,2026-03-03 09:23:00,LOT-SUP-004-20260303-048,SUP-004,PRD-057,P01,quality_certificate,9803,QCERT-00725,5ff2b4182008fe8f,5dccbf74f3d05e57,SC-001
TX-0000035,2026-03-11 22:51:00,LOT-SUP-010-20260311-042,SUP-010,PRD-076,P03,material_received,16414,,5dccbf74f3d05e57,bf1b7c9cc8bc6bd1,SC-009
TX-0000036,2025-08-02 12:56:00,LOT-SUP-011-20250802-060,SUP-011,PRD-075,P03,material_received,22031,,bf1b7c9cc8bc6bd1,991ffa03c8d7a424,SC-004
TX-0000037,2026-02-13 05:40:00,LOT-SUP-003-20260213-023,SUP-003,PRD-071,P02,finished_goods,17044,,991ffa03c8d7a424,6af901cf835d496f,SC-006
TX-0000038,2026-02-05 22:25:00,LOT-SUP-002-20260205-044,SUP-002,PRD-027,P03,shipment_handover,15327,,6af901cf835d496f,4dea9fed4124bea1,SC-007
TX-0000039,2025-11-25 21:17:00,LOT-SUP-008-20251125-011,SUP-008,PRD-026,P03,material_received,3675,,4dea9fed4124bea1,39d871e975971967,SC-008
TX-0000040,2025-09-09 01:47:00,LOT-SUP-008-20250909-033,SUP-008,PRD-044,P03,quality_certificate,20048,QCERT-00744,39d871e975971967,456a060f684f1a46,SC-007
TX-0000041,2026-04-14 15:19:00,LOT-SUP-002-20260414-050,SUP-002,PRD-027,P01,material_received,8463,,456a060f684f1a46,1da799961f0f3a94,SC-003
TX-0000042,2025-10-10 22:53:00,LOT-SUP-001-20251010-033,SUP-001,PRD-067,P02,quality_certificate,18803,QCERT-00532,1da799961f0f3a94,01d1b99043f3e2d6,SC-011
TX-0000043,2025-12-08 07:28:00,LOT-SUP-015-20251208-060,SUP-015,PRD-021,P03,quality_certificate,23561,QCERT-00036,01d1b99043f3e2d6,4a774c23b51813d9,SC-011
TX-0000044,2025-10-02 20:07:00,LOT-SUP-016-20251002-045,SUP-016,PRD-008,P03,material_received,16229,,4a774c23b51813d9,07873389b48aaeaf,SC-001
TX-0000045,2026-04-15 18:24:00,LOT-SUP-012-20260415-010,SUP-012,PRD-012,P02,shipment_handover,7646,,07873389b48aaeaf,dafbcd9b09116859,SC-001
TX-0000046,2025-10-23 20:24:00,LOT-SUP-013-20251023-052,SUP-013,PRD-058,P01,material_received,17318,,dafbcd9b09116859,8180fc969fc76688,SC-004
TX-0000047,2025-11-19 10:18:00,LOT-SUP-009-20251119-007,SUP-009,PRD-018,P01,finished_goods,18426,,8180fc969fc76688,df98908a51bcf730,SC-005
TX-0000048,2026-02-25 13:37:00,LOT-SUP-001-20260225-033,SUP-001,PRD-046,P03,shipment_handover,7121,,df98908a51bcf730,6c064b71522317d6,SC-001
TX-0000049,2025-10-09 21:01:00,LOT-SUP-001-20251009-051,SUP-001,PRD-068,P02,material_received,7182,,6c064b71522317d6,9eb79c43521ca273,SC-010
TX-0000050,2026-01-29 05:49:00,LOT-SUP-004-20260129-020,SUP-004,PRD-069,P03,quality_certificate,9445,QCERT-00099,9eb79c43521ca273,f8e47784c60609ab,SC-011
TX-0000051,2026-07-29 12:39:00,LOT-SUP-003-20260729-029,SUP-003,PRD-072,P01,line_release,1759,QCERT-00674,f8e47784c60609ab,9c75189b53e61106,SC-001
TX-0000052,2025-12-14 20:10:00,LOT-SUP-003-20251214-007,SUP-003,PRD-072,P03,line_release,9038,QCERT-00599,9c75189b53e61106,aae2fa8ed544e165,SC-010
TX-0000053,2026-05-17 09:43:00,LOT-SUP-009-20260517-024,SUP-009,PRD-051,P03,material_received,14336,,aae2fa8ed544e165,9223289e74fa0824,SC-009
TX-0000054,2025-09-30 12:59:00,LOT-SUP-010-20250930-025,SUP-010,PRD-010,P01,material_received,10154,,9223289e74fa0824,d5800a8edaa15b35,SC-005
TX-0000055,2025-10-19 21:39:00,LOT-SUP-015-20251019-053,SUP-015,PRD-004,P03,finished_goods,20715,,d5800a8edaa15b35,c1b61b849a1b536d,SC-010
TX-0000056,2026-04-04 05:20:00,LOT-SUP-012-20260404-056,SUP-012,PRD-012,P01,quality_certificate,13714,QCERT-00086,c1b61b849a1b536d,dc2b3ded9dba0244,SC-010
TX-0000057,2026-05-29 14:14:00,LOT-SUP-007-20260529-021,SUP-007,PRD-055,P01,finished_goods,23008,,dc2b3ded9dba0244,bdce5cc45cf5ab67,SC-011
TX-0000058,2026-06-02 08:30:00,LOT-SUP-008-20260602-055,SUP-008,PRD-002,P03,finished_goods,15315,,bdce5cc45cf5ab67,ea5bd247ab76815f,SC-005
TX-0000059,2026-02-21 07:51:00,LOT-SUP-004-20260221-031,SUP-004,PRD-057,P01,line_release,7568,QCERT-00594,ea5bd247ab76815f,e9f7725aecc41d87,SC-002
TX-0000060,2026-02-13 11:35:00,LOT-SUP-010-20260213-011,SUP-010,PRD-028,P03,shipment_handover,21904,,e9f7725aecc41d87,caf24c9c44b05937,SC-005
TX-0000061,2025-09-30 00:26:00,LOT-SUP-003-20250930-054,SUP-003,PRD-071,P03,line_release,19290,QCERT-00717,caf24c9c44b05937,5e78d43228fff215,SC-002
TX-0000062,2025-12-10 05:17:00,LOT-SUP-016-20251210-016,SUP-016,PRD-063,P03,quality_certificate,3152,QCERT-00722,5e78d43228fff215,55e094bc002bdc6b,SC-003
TX-0000063,2025-11-11 18:27:00,LOT-SUP-003-20251111-043,SUP-003,PRD-078,P02,shipment_handover,13986,,55e094bc002bdc6b,ea5e7cf421018945,SC-011
TX-0000064,2026-05-01 06:09:00,LOT-SUP-006-20260501-041,SUP-006,PRD-040,P01,line_release,24579,QCERT-00501,ea5e7cf421018945,83027c634ef62c5e,SC-001
TX-0000065,2026-04-30 08:46:00,LOT-SUP-003-20260430-058,SUP-003,PRD-020,P02,finished_goods,22181,,83027c634ef62c5e,4981484b31898bae,SC-005
TX-0000066,2026-03-05 00:13:00,LOT-SUP-006-20260305-018,SUP-006,PRD-040,P03,material_received,21903,,4981484b31898bae,6055315bd3652a7e,SC-008
TX-0000067,2026-01-05 14:18:00,LOT-SUP-007-20260105-057,SUP-007,PRD-073,P01,material_received,11771,,6055315bd3652a7e,f4ba4c87537e9504,SC-002
TX-0000068,2025-10-14 07:21:00,LOT-SUP-014-20251014-035,SUP-014,PRD-029,P02,line_release,24064,QCERT-00586,f4ba4c87537e9504,36e24ad2879eb4d0,SC-009
TX-0000069,2026-01-10 18:29:00,LOT-SUP-017-20260110-036,SUP-017,PRD-061,P03,material_received,4287,,36e24ad2879eb4d0,d1eb34a7f2691484,SC-004
TX-0000070,2026-01-10 12:38:00,LOT-SUP-002-20260110-020,SUP-002,PRD-027,P01,finished_goods,1369,,d1eb34a7f2691484,ff47f064deb5d6ed,SC-006
TX-0000071,2025-09-02 02:27:00,LOT-SUP-005-20250902-014,SUP-005,PRD-014,P02,line_release,8041,QCERT-00546,ff47f064deb5d6ed,7f85e08350276da0,SC-002
TX-0000072,2025-09-20 06:17:00,LOT-SUP-016-20250920-012,SUP-016,PRD-063,P01,finished_goods,3976,,7f85e08350276da0,44be1ac87106294b,SC-012
TX-0000073,2025-12-23 09:32:00,LOT-SUP-011-20251223-018,SUP-011,PRD-075,P02,material_received,6206,,44be1ac87106294b,18d417226871a9b7,SC-008
TX-0000074,2025-11-30 03:56:00,LOT-SUP-012-20251130-036,SUP-012,PRD-015,P01,finished_goods,10935,,18d417226871a9b7,b3dfdce6c857f1b5,SC-010
TX-0000075,2026-02-27 10:40:00,LOT-SUP-015-20260227-023,SUP-015,PRD-074,P03,finished_goods,6698,,b3dfdce6c857f1b5,543a884acbaf4362,SC-009
TX-0000076,2025-10-09 09:21:00,LOT-SUP-010-20251009-040,SUP-010,PRD-010,P03,quality_certificate,15634,QCERT-00896,543a884acbaf4362,18054d3585b71123,SC-002
TX-0000077,2026-07-29 23:29:00,LOT-SUP-017-20260729-059,SUP-017,PRD-009,P02,finished_goods,8331,,18054d3585b71123,b0e77e8f46b8e5ba,SC-005
TX-0000078,2025-11-25 05:47:00,LOT-SUP-005-20251125-023,SUP-005,PRD-041,P03,material_received,1203,,b0e77e8f46b8e5ba,1343c5df35245acd,SC-004
TX-0000079,2026-04-09 01:05:00,LOT-SUP-010-20260409-008,SUP-010,PRD-045,P03,quality_certificate,24172,QCERT-00573,1343c5df35245acd,1407bef138b25518,SC-008
TX-0000080,2026-03-17 16:01:00,LOT-SUP-002-20260317-022,SUP-002,PRD-001,P02,quality_certificate,2434,QCERT-00565,1407bef138b25518,4d80467a1f88b551,SC-008
TX-0000081,2026-07-10 03:35:00,LOT-SUP-008-20260710-022,SUP-008,PRD-026,P03,shipment_handover,24443,,4d80467a1f88b551,1ccf4325afb8fb39,SC-009
TX-0000082,2026-06-30 23:16:00,LOT-SUP-015-20260630-017,SUP-015,PRD-013,P02,quality_certificate,13788,QCERT-00834,1ccf4325afb8fb39,e8368a11d41a7642,SC-006
TX-0000083,2025-08-26 22:17:00,LOT-SUP-015-20250826-007,SUP-015,PRD-031,P03,quality_certificate,22057,QCERT-00299,e8368a11d41a7642,4e7b80194a64c864,SC-003
TX-0000084,2025-11-04 10:03:00,LOT-SUP-010-20251104-055,SUP-010,PRD-076,P03,material_received,5721,,4e7b80194a64c864,5d0f8c2faaa8ed53,SC-001
TX-0000085,2026-05-09 00:32:00,LOT-SUP-016-20260509-010,SUP-016,PRD-080,P02,finished_goods,24019,,5d0f8c2faaa8ed53,653aeb72abfde0ea,SC-005
TX-0000086,2025-11-09 00:37:00,LOT-SUP-003-20251109-055,SUP-003,PRD-078,P03,material_received,20220,,653aeb72abfde0ea,732ecfc24936fd60,SC-003
TX-0000087,2025-12-01 16:29:00,LOT-SUP-005-20251201-011,SUP-005,PRD-005,P02,line_release,19107,QCERT-00243,732ecfc24936fd60,28f02359be3ace52,SC-001
TX-0000088,2025-09-25 03:25:00,LOT-SUP-001-20250925-015,SUP-001,PRD-046,P01,quality_certificate,22472,QCERT-00889,28f02359be3ace52,043efe31cf6cb302,SC-003
TX-0000089,2025-08-17 20:37:00,LOT-SUP-006-20250817-002,SUP-006,PRD-065,P02,material_received,10255,,043efe31cf6cb302,ef4ec7386309bc7d,SC-006
TX-0000090,2026-06-02 17:27:00,LOT-SUP-014-20260602-037,SUP-014,PRD-025,P01,shipment_handover,9956,,ef4ec7386309bc7d,69948a215f1bee14,SC-009
TX-0000091,2026-02-14 08:27:00,LOT-SUP-015-20260214-052,SUP-015,PRD-047,P03,shipment_handover,7215,,69948a215f1bee14,54ec10314cc1911f,SC-002
TX-0000092,2025-10-19 04:51:00,LOT-SUP-015-20251019-059,SUP-015,PRD-031,P03,finished_goods,3966,,54ec10314cc1911f,b21d52ebf0486480,SC-008
TX-0000093,2026-06-22 12:51:00,LOT-SUP-001-20260622-052,SUP-001,PRD-068,P02,quality_certificate,17107,QCERT-00083,b21d52ebf0486480,6e1698b708a543be,SC-011
TX-0000094,2026-02-25 07:00:00,LOT-SUP-005-20260225-002,SUP-005,PRD-023,P01,quality_certificate,23901,QCERT-00454,6e1698b708a543be,deaf4c8811288f00,SC-004
TX-0000095,2026-05-25 05:02:00,LOT-SUP-015-20260525-039,SUP-015,PRD-047,P03,quality_certificate,5301,QCERT-00233,deaf4c8811288f00,9a8d8f6818eeeb97,SC-008
TX-0000096,2025-09-28 21:58:00,LOT-SUP-014-20250928-018,SUP-014,PRD-029,P01,shipment_handover,953,,9a8d8f6818eeeb97,70c87577e0bbd718,SC-006
TX-0000097,2025-11-13 18:11:00,LOT-SUP-001-20251113-056,SUP-001,PRD-011,P02,line_release,11197,QCERT-00594,70c87577e0bbd718,0ccefd352091e2a7,SC-001
TX-0000098,2026-02-21 21:11:00,LOT-SUP-002-20260221-011,SUP-002,PRD-042,P01,material_received,21145,,0ccefd352091e2a7,0bd6e85797e01e21,SC-005
TX-0000099,2026-01-14 22:10:00,LOT-SUP-009-20260114-046,SUP-009,PRD-018,P02,shipment_handover,16217,,0bd6e85797e01e21,193db78c59a66993,SC-009
TX-0000100,2025-11-19 07:18:00,LOT-SUP-002-20251119-043,SUP-002,PRD-001,P01,shipment_handover,1340,,193db78c59a66993,9de355aabd9609b0,SC-012
TX-0000101,2025-09-09 12:06:00,LOT-SUP-001-20250909-011,SUP-001,PRD-067,P01,quality_certificate,20993,QCERT-00791,9de355aabd9609b0,145537ae6d5c8595,SC-003
TX-0000102,2026-04-19 03:17:00,LOT-SUP-017-20260419-004,SUP-017,PRD-030,P02,line_release,12885,QCERT-00033,145537ae6d5c8595,e375c8f7c9b60bd0,SC-007
TX-0000103,2026-01-01 08:29:00,LOT-SUP-008-20260101-059,SUP-008,PRD-007,P02,shipment_handover,24727,,e375c8f7c9b60bd0,e8c482689ab95df5,SC-007
TX-0000104,2026-03-29 13:34:00,LOT-SUP-005-20260329-005,SUP-005,PRD-023,P01,material_received,22554,,e8c482689ab95df5,c4f0d80379d25623,SC-006
TX-0000105,2026-03-08 03:48:00,LOT-SUP-002-20260308-048,SUP-002,PRD-064,P03,line_release,23939,QCERT-00875,c4f0d80379d25623,4b99f06b64eb0c35,SC-006
TX-0000106,2025-08-22 11:32:00,LOT-SUP-009-20250822-020,SUP-009,PRD-032,P02,shipment_handover,4890,,4b99f06b64eb0c35,40ad9b24d2aa5dbb,SC-001
TX-0000107,2026-05-21 09:35:00,LOT-SUP-007-20260521-054,SUP-007,PRD-055,P01,quality_certificate,1306,QCERT-00828,40ad9b24d2aa5dbb,d7ca374472af7dcd,SC-011
TX-0000108,2025-10-05 07:29:00,LOT-SUP-008-20251005-017,SUP-008,PRD-044,P01,material_received,18702,,d7ca374472af7dcd,5e7125cbaaa7efa9,SC-008
TX-0000109,2026-01-23 20:48:00,LOT-SUP-002-20260123-008,SUP-002,PRD-042,P02,finished_goods,573,,5e7125cbaaa7efa9,4c4044d12e4582b2,SC-012
TX-0000110,2025-10-02 03:06:00,LOT-SUP-013-20251002-026,SUP-013,PRD-079,P02,line_release,7939,QCERT-00658,4c4044d12e4582b2,977d25c74560eaf5,SC-003
TX-0000111,2026-07-12 06:38:00,LOT-SUP-010-20260712-030,SUP-010,PRD-076,P01,quality_certificate,5451,QCERT-00298,977d25c74560eaf5,51c95d9b037ce24e,SC-011
TX-0000112,2026-06-04 20:02:00,LOT-SUP-010-20260604-023,SUP-010,PRD-028,P01,finished_goods,5461,,51c95d9b037ce24e,dbdd5b54b4fe077c,SC-004
TX-0000113,2025-10-05 16:38:00,LOT-SUP-004-20251005-014,SUP-004,PRD-069,P02,quality_certificate,19496,QCERT-00574,dbdd5b54b4fe077c,fb574db7e9c16f27,SC-009
TX-0000114,2026-03-10 16:59:00,LOT-SUP-015-20260310-007,SUP-015,PRD-021,P01,material_received,12869,,fb574db7e9c16f27,93c57cd7e2a21117,SC-008
TX-0000115,2026-04-10 21:28:00,LOT-SUP-014-20260410-011,SUP-014,PRD-029,P02,quality_certificate,11964,QCERT-00052,93c57cd7e2a21117,dfc5f87c3e2da672,SC-005
TX-0000116,2026-02-07 10:02:00,LOT-SUP-013-20260207-030,SUP-013,PRD-058,P03,material_received,688,,dfc5f87c3e2da672,e4dc842664bd3a19,SC-005
TX-0000117,2025-12-02 02:11:00,LOT-SUP-010-20251202-015,SUP-010,PRD-010,P02,shipment_handover,2927,,e4dc842664bd3a19,89fc3163413bc331,SC-010
TX-0000118,2025-08-27 01:36:00,LOT-SUP-011-20250827-042,SUP-011,PRD-017,P03,line_release,12684,QCERT-00030,89fc3163413bc331,1330e390bee2d049,SC-011
TX-0000119,2025-10-21 08:36:00,LOT-SUP-015-20251021-021,SUP-015,PRD-047,P01,finished_goods,21106,,1330e390bee2d049,e8cf7391507e9c26,SC-010
TX-0000120,2025-09-02 14:19:00,LOT-SUP-003-20250902-028,SUP-003,PRD-071,P01,finished_goods,1265,,e8cf7391507e9c26,2124513e64f5c8be,SC-010
TX-0000121,2026-03-14 12:09:00,LOT-SUP-008-20260314-060,SUP-008,PRD-044,P03,line_release,15634,QCERT-00025,2124513e64f5c8be,8bfe65105e3d846d,SC-009
TX-0000122,2026-01-15 19:46:00,LOT-SUP-005-20260115-043,SUP-005,PRD-023,P01,shipment_handover,8565,,8bfe65105e3d846d,3f7cc79f470d4969,SC-009
TX-0000123,2026-04-01 08:14:00,LOT-SUP-003-20260401-026,SUP-003,PRD-060,P03,finished_goods,14468,,3f7cc79f470d4969,5d7e14abf6581d86,SC-004
TX-0000124,2026-03-07 20:07:00,LOT-SUP-006-20260307-054,SUP-006,PRD-049,P03,quality_certificate,13413,QCERT-00166,5d7e14abf6581d86,fa796c27dfa0d947,SC-002
TX-0000125,2026-01-28 08:10:00,LOT-SUP-007-20260128-046,SUP-007,PRD-070,P02,quality_certificate,16218,QCERT-00469,fa796c27dfa0d947,12881ce90012e0c9,SC-009
TX-0000126,2025-10-08 11:21:00,LOT-SUP-009-20251008-016,SUP-009,PRD-018,P01,material_received,12554,,12881ce90012e0c9,307e6b14c94b7e31,SC-007
TX-0000127,2026-04-12 06:52:00,LOT-SUP-009-20260412-009,SUP-009,PRD-032,P02,shipment_handover,9277,,307e6b14c94b7e31,d7bc8d07bf9e4055,SC-002
TX-0000128,2025-11-25 08:22:00,LOT-SUP-012-20251125-029,SUP-012,PRD-006,P03,finished_goods,20363,,d7bc8d07bf9e4055,58d0c0b86b212ab9,SC-012
TX-0000129,2025-08-07 14:04:00,LOT-SUP-013-20250807-044,SUP-013,PRD-054,P02,finished_goods,4274,,58d0c0b86b212ab9,cf6655c8c9997831,SC-005
TX-0000130,2026-01-19 23:06:00,LOT-SUP-003-20260119-037,SUP-003,PRD-035,P02,finished_goods,18848,,cf6655c8c9997831,fac252e38c1d0c28,SC-006
TX-0000131,2025-12-12 23:46:00,LOT-SUP-009-20251212-012,SUP-009,PRD-048,P03,quality_certificate,20661,QCERT-00055,fac252e38c1d0c28,c478ea0feed5a0cf,SC-005
TX-0000132,2025-09-21 04:34:00,LOT-SUP-013-20250921-041,SUP-013,PRD-058,P01,material_received,1123,,c478ea0feed5a0cf,d9e0cc5d23c526e8,SC-003
TX-0000133,2026-02-06 02:15:00,LOT-SUP-003-20260206-050,SUP-003,PRD-072,P02,line_release,6491,QCERT-00619,d9e0cc5d23c526e8,7eacec0bb31db133,SC-001
TX-0000134,2025-11-02 11:35:00,LOT-SUP-003-20251102-011,SUP-003,PRD-020,P02,material_received,5202,,7eacec0bb31db133,6dc1fa004f9f5789,SC-011
TX-0000135,2026-06-05 16:44:00,LOT-SUP-016-20260605-028,SUP-016,PRD-008,P01,material_received,998,,6dc1fa004f9f5789,835ede12482edf7d,SC-002
TX-0000136,2026-04-26 09:41:00,LOT-SUP-009-20260426-021,SUP-009,PRD-051,P02,line_release,4649,QCERT-00608,835ede12482edf7d,b72bffe0fad43e40,SC-012
TX-0000137,2026-07-22 21:01:00,LOT-SUP-011-20260722-036,SUP-011,PRD-017,P01,material_received,19474,,b72bffe0fad43e40,bba9ae3880da8fb3,SC-012
TX-0000138,2026-06-13 12:02:00,LOT-SUP-006-20260613-005,SUP-006,PRD-049,P01,finished_goods,8860,,bba9ae3880da8fb3,c842eb70ab7b7993,SC-007
TX-0000139,2026-01-10 15:49:00,LOT-SUP-013-20260110-041,SUP-013,PRD-062,P01,material_received,11193,,c842eb70ab7b7993,4a41396402cb9215,SC-003
TX-0000140,2026-02-08 17:22:00,LOT-SUP-007-20260208-025,SUP-007,PRD-055,P02,material_received,15173,,4a41396402cb9215,d27cee59d6d0a1cd,SC-004
TX-0000141,2026-07-02 11:26:00,LOT-SUP-004-20260702-052,SUP-004,PRD-057,P02,quality_certificate,21237,QCERT-00636,d27cee59d6d0a1cd,d352327304702f3a,SC-011
TX-0000142,2025-11-08 03:54:00,LOT-SUP-018-20251108-010,SUP-018,PRD-019,P03,quality_certificate,4260,QCERT-00393,d352327304702f3a,cbf35fb847ecb7f7,SC-004
TX-0000143,2025-10-11 11:38:00,LOT-SUP-012-20251011-024,SUP-012,PRD-012,P02,line_release,20199,QCERT-00835,cbf35fb847ecb7f7,596b68913b0b2481,SC-005
TX-0000144,2025-12-28 20:50:00,LOT-SUP-017-20251228-032,SUP-017,PRD-030,P02,material_received,13678,,596b68913b0b2481,a245875f23c1da64,SC-008
TX-0000145,2025-10-01 01:16:00,LOT-SUP-009-20251001-016,SUP-009,PRD-032,P01,shipment_handover,17845,,a245875f23c1da64,f71fca867cdb76c8,SC-004
TX-0000146,2025-12-13 19:12:00,LOT-SUP-006-20251213-009,SUP-006,PRD-065,P02,material_received,24081,,f71fca867cdb76c8,33fdf7af7e255db0,SC-006
TX-0000147,2026-04-10 13:28:00,LOT-SUP-017-20260410-046,SUP-017,PRD-061,P01,material_received,22279,,33fdf7af7e255db0,413513a1f49eca9b,SC-003
TX-0000148,2026-07-16 22:22:00,LOT-SUP-005-20260716-056,SUP-005,PRD-038,P03,line_release,1234,QCERT-00556,413513a1f49eca9b,3500c019f7843c23,SC-009
TX-0000149,2026-05-29 01:05:00,LOT-SUP-005-20260529-050,SUP-005,PRD-016,P01,line_release,23586,QCERT-00545,3500c019f7843c23,b8075e2cdce4bae2,SC-012
TX-0000150,2026-06-02 09:25:00,LOT-SUP-006-20260602-007,SUP-006,PRD-049,P03,line_release,886,QCERT-00064,b8075e2cdce4bae2,5bb9f30705389306,SC-008
TX-0000151,2025-09-19 21:13:00,LOT-SUP-001-20250919-045,SUP-001,PRD-046,P03,line_release,4936,QCERT-00255,5bb9f30705389306,c9e531dcef2967fd,SC-008
TX-0000152,2026-03-06 00:07:00,LOT-SUP-006-20260306-054,SUP-006,PRD-040,P02,line_release,14591,QCERT-00682,c9e531dcef2967fd,12bfa325203af4d2,SC-012
TX-0000153,2026-03-07 16:02:00,LOT-SUP-013-20260307-006,SUP-013,PRD-079,P03,line_release,11762,QCERT-00310,12bfa325203af4d2,c38cbb22d5790e1f,SC-006
TX-0000154,2026-02-01 13:54:00,LOT-SUP-002-20260201-032,SUP-002,PRD-042,P02,material_received,1106,,c38cbb22d5790e1f,0eee7159a564fd95,SC-012
TX-0000155,2026-02-06 04:12:00,LOT-SUP-003-20260206-051,SUP-003,PRD-078,P03,quality_certificate,14189,QCERT-00106,0eee7159a564fd95,1b440b38b6781d92,SC-006
TX-0000156,2026-07-06 05:43:00,LOT-SUP-003-20260706-058,SUP-003,PRD-020,P03,finished_goods,2611,,1b440b38b6781d92,532a287084d3610e,SC-007
TX-0000157,2025-10-05 06:00:00,LOT-SUP-008-20251005-058,SUP-008,PRD-002,P01,material_received,20908,,532a287084d3610e,57989dc804a83682,SC-008
TX-0000158,2026-04-17 13:02:00,LOT-SUP-005-20260417-037,SUP-005,PRD-024,P02,shipment_handover,10335,,57989dc804a83682,611721cb207adf30,SC-004
TX-0000159,2025-10-09 10:32:00,LOT-SUP-003-20251009-039,SUP-003,PRD-035,P02,material_received,5438,,611721cb207adf30,58689a8369ee2175,SC-012
TX-0000160,2026-01-05 21:52:00,LOT-SUP-015-20260105-052,SUP-015,PRD-004,P03,shipment_handover,23656,,58689a8369ee2175,37b7f54304210956,SC-001
TX-0000161,2026-03-30 05:25:00,LOT-SUP-003-20260330-003,SUP-003,PRD-035,P01,material_received,751,,37b7f54304210956,e9c4fd4b64ee7d12,SC-001
TX-0000162,2026-03-24 15:16:00,LOT-SUP-005-20260324-042,SUP-005,PRD-022,P02,finished_goods,10440,,e9c4fd4b64ee7d12,d40809d15cbd4212,SC-011
TX-0000163,2026-01-03 18:14:00,LOT-SUP-012-20260103-025,SUP-012,PRD-006,P02,material_received,2468,,d40809d15cbd4212,2d467a549c09bf80,SC-004
TX-0000164,2026-02-03 19:50:00,LOT-SUP-010-20260203-013,SUP-010,PRD-045,P02,finished_goods,21476,,2d467a549c09bf80,8fbb504a702932c5,SC-002
TX-0000165,2025-09-17 14:12:00,LOT-SUP-015-20250917-025,SUP-015,PRD-021,P02,quality_certificate,543,QCERT-00488,8fbb504a702932c5,47f6ba6f1d29bfda,SC-006
TX-0000166,2025-09-02 13:27:00,LOT-SUP-003-20250902-037,SUP-003,PRD-072,P02,shipment_handover,10808,,47f6ba6f1d29bfda,a7d6e7d9e29fdb8e,SC-010
TX-0000167,2026-06-18 13:49:00,LOT-SUP-006-20260618-024,SUP-006,PRD-040,P01,shipment_handover,1032,,a7d6e7d9e29fdb8e,56fb26a607380bde,SC-002
TX-0000168,2026-04-06 00:52:00,LOT-SUP-011-20260406-020,SUP-011,PRD-017,P02,line_release,930,QCERT-00852,56fb26a607380bde,7d44031b9eceae27,SC-008
TX-0000169,2026-06-30 21:21:00,LOT-SUP-006-20260630-032,SUP-006,PRD-065,P01,line_release,18984,QCERT-00797,7d44031b9eceae27,e46a298faa55ae24,SC-009
TX-0000170,2026-05-28 05:48:00,LOT-SUP-016-20260528-010,SUP-016,PRD-063,P01,line_release,6133,QCERT-00576,e46a298faa55ae24,f4c465224ada9937,SC-010
TX-0000171,2025-09-14 09:20:00,LOT-SUP-010-20250914-021,SUP-010,PRD-076,P01,shipment_handover,7694,,f4c465224ada9937,d88bdd487cd8a6c2,SC-012
TX-0000172,2025-09-02 12:18:00,LOT-SUP-010-20250902-049,SUP-010,PRD-076,P03,quality_certificate,16314,QCERT-00643,d88bdd487cd8a6c2,8b3c93c31696c132,SC-008
TX-0000173,2026-02-10 07:58:00,LOT-SUP-007-20260210-036,SUP-007,PRD-070,P03,line_release,9008,QCERT-00004,8b3c93c31696c132,606f90756039f71a,SC-003
TX-0000174,2025-12-07 19:36:00,LOT-SUP-007-20251207-025,SUP-007,PRD-073,P03,line_release,6743,QCERT-00156,606f90756039f71a,ae523743a24e554a,SC-004
TX-0000175,2025-08-30 07:07:00,LOT-SUP-003-20250830-055,SUP-003,PRD-072,P02,quality_certificate,5247,QCERT-00817,ae523743a24e554a,c6a5757764c8261c,SC-010
TX-0000176,2026-02-09 06:18:00,LOT-SUP-004-20260209-033,SUP-004,PRD-066,P03,shipment_handover,15129,,c6a5757764c8261c,fb83643f2c7fc1ac,SC-012
TX-0000177,2026-04-17 17:39:00,LOT-SUP-013-20260417-007,SUP-013,PRD-058,P03,line_release,6635,QCERT-00881,fb83643f2c7fc1ac,fb774baff2eb74dd,SC-005
TX-0000178,2026-01-28 05:09:00,LOT-SUP-002-20260128-058,SUP-002,PRD-001,P03,finished_goods,8291,,fb774baff2eb74dd,27e4647d0e85068b,SC-009
TX-0000179,2026-06-26 12:00:00,LOT-SUP-008-20260626-030,SUP-008,PRD-026,P01,shipment_handover,15893,,27e4647d0e85068b,8ee6ef801dbce763,SC-001
TX-0000180,2025-10-11 19:13:00,LOT-SUP-011-20251011-019,SUP-011,PRD-075,P01,quality_certificate,2896,QCERT-00528,8ee6ef801dbce763,dd7b1cb3c9f95d94,SC-010
TX-0000181,2025-10-15 08:38:00,LOT-SUP-005-20251015-021,SUP-005,PRD-016,P01,quality_certificate,24143,QCERT-00130,dd7b1cb3c9f95d94,2add7cb528517fc9,SC-006
TX-0000182,2026-06-28 22:32:00,LOT-SUP-014-20260628-014,SUP-014,PRD-036,P01,line_release,7054,QCERT-00416,2add7cb528517fc9,d3af7bed0e006e73,SC-002
TX-0000183,2025-10-09 12:43:00,LOT-SUP-013-20251009-009,SUP-013,PRD-054,P02,shipment_handover,8488,,d3af7bed0e006e73,15bb73766c94bff5,SC-011
TX-0000184,2025-12-15 03:13:00,LOT-SUP-004-20251215-012,SUP-004,PRD-050,P02,shipment_handover,12886,,15bb73766c94bff5,fb08f5987145b0b8,SC-007
TX-0000185,2025-12-04 08:17:00,LOT-SUP-009-20251204-026,SUP-009,PRD-039,P01,material_received,7289,,fb08f5987145b0b8,0b145ec8f7fb3e43,SC-006
TX-0000186,2026-05-28 21:45:00,LOT-SUP-015-20260528-044,SUP-015,PRD-003,P03,finished_goods,6270,,0b145ec8f7fb3e43,b938da3dfbd04b9c,SC-008
TX-0000187,2026-07-13 13:23:00,LOT-SUP-005-20260713-025,SUP-005,PRD-005,P02,shipment_handover,14791,,b938da3dfbd04b9c,deaef5bfec9f5181,SC-003
TX-0000188,2026-07-23 23:27:00,LOT-SUP-005-20260723-013,SUP-005,PRD-016,P03,line_release,22822,QCERT-00603,deaef5bfec9f5181,a9414d36583aca77,SC-004
TX-0000189,2025-12-22 06:02:00,LOT-SUP-008-20251222-041,SUP-008,PRD-033,P02,finished_goods,2131,,a9414d36583aca77,b29d3f99c77daad7,SC-012
TX-0000190,2025-12-27 03:54:00,LOT-SUP-005-20251227-030,SUP-005,PRD-016,P01,material_received,18038,,b29d3f99c77daad7,80badb6f35c4dc1e,SC-009
TX-0000191,2025-11-10 14:00:00,LOT-SUP-004-20251110-028,SUP-004,PRD-069,P03,material_received,1354,,80badb6f35c4dc1e,0f4d7a706baf40c6,SC-008
TX-0000192,2025-11-27 16:24:00,LOT-SUP-001-20251127-034,SUP-001,PRD-046,P01,shipment_handover,11599,,0f4d7a706baf40c6,063bb487611f44c8,SC-006
TX-0000193,2026-02-05 06:30:00,LOT-SUP-004-20260205-041,SUP-004,PRD-066,P03,finished_goods,17903,,063bb487611f44c8,1aa26ee67773ce98,SC-010
TX-0000194,2025-09-10 12:06:00,LOT-SUP-010-20250910-023,SUP-010,PRD-056,P01,material_received,14346,,1aa26ee67773ce98,6e80295de27056cf,SC-006
TX-0000195,2026-01-09 01:28:00,LOT-SUP-006-20260109-041,SUP-006,PRD-052,P02,line_release,19362,QCERT-00198,6e80295de27056cf,fd175f8b01595e85,SC-003
TX-0000196,2026-03-11 12:50:00,LOT-SUP-015-20260311-026,SUP-015,PRD-003,P01,material_received,13926,,fd175f8b01595e85,c9defded113b3c59,SC-009
TX-0000197,2026-02-02 05:47:00,LOT-SUP-008-20260202-005,SUP-008,PRD-007,P02,finished_goods,8619,,c9defded113b3c59,2dd71baaa272b983,SC-007
TX-0000198,2026-01-23 17:00:00,LOT-SUP-006-20260123-029,SUP-006,PRD-065,P01,material_received,19669,,2dd71baaa272b983,dc8ea03a19aea442,SC-009
TX-0000199,2026-07-20 19:12:00,LOT-SUP-005-20260720-038,SUP-005,PRD-038,P02,line_release,4762,QCERT-00884,dc8ea03a19aea442,bb2942a91ce3ff14,SC-004
TX-0000200,2025-11-20 04:53:00,LOT-SUP-016-20251120-049,SUP-016,PRD-080,P02,material_received,7772,,bb2942a91ce3ff14,d1ddf5230eb46a00,SC-007
TX-0000201,2025-09-21 22:45:00,LOT-SUP-008-20250921-016,SUP-008,PRD-007,P03,line_release,16910,QCERT-00835,d1ddf5230eb46a00,2ffe0082f4e13bff,SC-012
TX-0000202,2026-02-19 09:40:00,LOT-SUP-009-20260219-040,SUP-009,PRD-077,P03,line_release,20636,QCERT-00883,2ffe0082f4e13bff,cfd44a85ef387218,SC-003
TX-0000203,2025-08-23 04:08:00,LOT-SUP-007-20250823-034,SUP-007,PRD-073,P01,material_received,4590,,cfd44a85ef387218,72a6ab7f9afa9846,SC-003
TX-0000204,2026-07-10 10:04:00,LOT-SUP-008-20260710-018,SUP-008,PRD-037,P01,material_received,16824,,72a6ab7f9afa9846,d42cca0592ab60e6,SC-005
TX-0000205,2025-12-15 08:06:00,LOT-SUP-010-20251215-007,SUP-010,PRD-045,P01,material_received,4948,,d42cca0592ab60e6,4f8e244ea54ca9af,SC-005
TX-0000206,2026-02-28 14:28:00,LOT-SUP-016-20260228-039,SUP-016,PRD-008,P03,material_received,2683,,4f8e244ea54ca9af,93ff9e4ba96ad50e,SC-003
TX-0000207,2026-07-31 15:10:00,LOT-SUP-017-20260731-016,SUP-017,PRD-061,P02,shipment_handover,23782,,93ff9e4ba96ad50e,af64d6d9aa90fda5,SC-005
TX-0000208,2026-01-03 22:19:00,LOT-SUP-013-20260103-052,SUP-013,PRD-079,P02,shipment_handover,17384,,af64d6d9aa90fda5,e9a21ad4276c381d,SC-006
TX-0000209,2025-10-24 15:01:00,LOT-SUP-007-20251024-041,SUP-007,PRD-073,P03,line_release,6968,QCERT-00464,e9a21ad4276c381d,e81331cc0dad7053,SC-012
TX-0000210,2026-04-25 04:48:00,LOT-SUP-004-20260425-021,SUP-004,PRD-050,P03,material_received,13863,,e81331cc0dad7053,cd945c15e5f2590f,SC-005
TX-0000211,2026-07-22 20:59:00,LOT-SUP-016-20260722-032,SUP-016,PRD-043,P02,finished_goods,16810,,cd945c15e5f2590f,234431bc25300992,SC-001
TX-0000212,2026-06-23 02:33:00,LOT-SUP-011-20260623-043,SUP-011,PRD-017,P03,shipment_handover,15031,,234431bc25300992,8a12dd7508834b44,SC-009
TX-0000213,2026-07-04 08:31:00,LOT-SUP-012-20260704-005,SUP-012,PRD-015,P03,material_received,8364,,8a12dd7508834b44,b6bb7a0969200ac2,SC-012
TX-0000214,2026-03-04 22:25:00,LOT-SUP-005-20260304-016,SUP-005,PRD-023,P01,material_received,20962,,b6bb7a0969200ac2,5c9af3b10617b482,SC-002
TX-0000215,2026-05-03 15:38:00,LOT-SUP-016-20260503-032,SUP-016,PRD-063,P01,material_received,20846,,5c9af3b10617b482,27b8da3fecff0497,SC-008
TX-0000216,2026-05-20 06:43:00,LOT-SUP-005-20260520-001,SUP-005,PRD-014,P03,finished_goods,23190,,27b8da3fecff0497,a937b2b79f0afb05,SC-012
TX-0000217,2026-03-20 02:37:00,LOT-SUP-010-20260320-011,SUP-010,PRD-028,P03,material_received,17627,,a937b2b79f0afb05,3879bc84725177d7,SC-011
TX-0000218,2025-08-01 09:40:00,LOT-SUP-016-20250801-026,SUP-016,PRD-008,P01,material_received,11904,,3879bc84725177d7,847a9e76d5bfc8c3,SC-011
TX-0000219,2026-02-25 17:45:00,LOT-SUP-001-20260225-002,SUP-001,PRD-046,P02,material_received,1570,,847a9e76d5bfc8c3,8ce9d6a65cfdc7f9,SC-010
TX-0000220,2026-07-29 21:11:00,LOT-SUP-015-20260729-060,SUP-015,PRD-004,P01,line_release,17053,QCERT-00742,8ce9d6a65cfdc7f9,e36a2325f8bf4025,SC-011
TX-0000221,2026-07-12 08:59:00,LOT-SUP-010-20260712-040,SUP-010,PRD-076,P01,material_received,18344,,e36a2325f8bf4025,c5ce676d2f929455,SC-004
TX-0000222,2025-09-13 21:59:00,LOT-SUP-003-20250913-060,SUP-003,PRD-071,P03,material_received,4098,,c5ce676d2f929455,f7c92030b57f6bce,SC-010
TX-0000223,2026-07-26 17:19:00,LOT-SUP-005-20260726-006,SUP-005,PRD-016,P01,shipment_handover,8275,,f7c92030b57f6bce,55d0bf0104f6beb5,SC-007
TX-0000224,2026-04-17 00:49:00,LOT-SUP-015-20260417-015,SUP-015,PRD-003,P01,material_received,7852,,55d0bf0104f6beb5,bef9444b5a648695,SC-006
TX-0000225,2026-07-03 12:20:00,LOT-SUP-002-20260703-020,SUP-002,PRD-064,P01,material_received,11949,,bef9444b5a648695,23aa76a40ca5ae02,SC-002
TX-0000226,2026-05-13 05:47:00,LOT-SUP-005-20260513-027,SUP-005,PRD-005,P03,line_release,11233,QCERT-00512,23aa76a40ca5ae02,e6e10f6fa80701b4,SC-005
TX-0000227,2026-03-31 08:35:00,LOT-SUP-015-20260331-012,SUP-015,PRD-074,P03,line_release,24002,QCERT-00892,e6e10f6fa80701b4,6f4a1fcc8c7c775f,SC-012
TX-0000228,2025-08-19 08:26:00,LOT-SUP-011-20250819-056,SUP-011,PRD-017,P01,quality_certificate,4719,QCERT-00248,6f4a1fcc8c7c775f,4aed6ced07bcb55a,SC-003
TX-0000229,2026-03-09 08:16:00,LOT-SUP-005-20260309-032,SUP-005,PRD-041,P02,material_received,18525,,4aed6ced07bcb55a,ae38cc2453181026,SC-003
TX-0000230,2026-03-06 19:21:00,LOT-SUP-014-20260306-027,SUP-014,PRD-029,P03,material_received,4463,,ae38cc2453181026,210dcf49e9cd9fa6,SC-009
TX-0000231,2026-03-23 10:30:00,LOT-SUP-009-20260323-060,SUP-009,PRD-051,P01,line_release,8187,QCERT-00526,210dcf49e9cd9fa6,803fc7b6c17d7146,SC-003
TX-0000232,2026-01-08 11:50:00,LOT-SUP-012-20260108-059,SUP-012,PRD-006,P03,material_received,3428,,803fc7b6c17d7146,73619307a2db7e6c,SC-006
TX-0000233,2025-09-12 03:54:00,LOT-SUP-009-20250912-054,SUP-009,PRD-018,P01,shipment_handover,17874,,73619307a2db7e6c,fe5ba5189c2f8df2,SC-006
TX-0000234,2025-09-20 01:13:00,LOT-SUP-005-20250920-058,SUP-005,PRD-023,P03,line_release,11633,QCERT-00430,fe5ba5189c2f8df2,a2746850c1b6cd33,SC-009
TX-0000235,2025-10-13 04:43:00,LOT-SUP-009-20251013-047,SUP-009,PRD-039,P03,finished_goods,2783,,a2746850c1b6cd33,e074b56a97274174,SC-008
TX-0000236,2026-04-29 23:01:00,LOT-SUP-014-20260429-051,SUP-014,PRD-036,P03,finished_goods,22795,,e074b56a97274174,fe6d0258927e8fb0,SC-011
TX-0000237,2026-05-09 02:35:00,LOT-SUP-008-20260509-056,SUP-008,PRD-033,P01,line_release,4397,QCERT-00862,fe6d0258927e8fb0,7e38eff9f6d31887,SC-004
TX-0000238,2025-11-07 22:21:00,LOT-SUP-002-20251107-018,SUP-002,PRD-001,P03,line_release,17258,QCERT-00694,7e38eff9f6d31887,10a7a764f619b18f,SC-007
TX-0000239,2025-10-16 20:42:00,LOT-SUP-003-20251016-013,SUP-003,PRD-078,P01,material_received,20283,,10a7a764f619b18f,fd6dc1c73ab02db4,SC-004
TX-0000240,2025-12-06 20:58:00,LOT-SUP-005-20251206-052,SUP-005,PRD-038,P03,shipment_handover,3840,,fd6dc1c73ab02db4,f6504b740b562bc0,SC-006
TX-0000241,2026-03-24 19:12:00,LOT-SUP-003-20260324-001,SUP-003,PRD-078,P01,line_release,3166,QCERT-00650,f6504b740b562bc0,a8862318d0dfe9df,SC-005
TX-0000242,2026-04-07 23:06:00,LOT-SUP-005-20260407-043,SUP-005,PRD-038,P01,line_release,16561,QCERT-00191,a8862318d0dfe9df,4999db07791f10b6,SC-007
TX-0000243,2026-05-27 03:17:00,LOT-SUP-008-20260527-035,SUP-008,PRD-037,P03,material_received,5175,,4999db07791f10b6,11ff09ad9abc8921,SC-008
TX-0000244,2026-07-21 14:09:00,LOT-SUP-013-20260721-042,SUP-013,PRD-058,P02,material_received,5676,,11ff09ad9abc8921,188284421fde5cf3,SC-004
TX-0000245,2025-10-29 11:00:00,LOT-SUP-007-20251029-055,SUP-007,PRD-055,P01,shipment_handover,18542,,188284421fde5cf3,36d9bda24d6316e3,SC-009
TX-0000246,2026-07-04 04:05:00,LOT-SUP-013-20260704-003,SUP-013,PRD-079,P03,quality_certificate,4356,QCERT-00419,36d9bda24d6316e3,14779baa9e1e5b79,SC-005
TX-0000247,2026-05-16 20:28:00,LOT-SUP-015-20260516-049,SUP-015,PRD-031,P02,material_received,21025,,14779baa9e1e5b79,605c31a3e17511f1,SC-012
TX-0000248,2025-08-22 12:49:00,LOT-SUP-003-20250822-059,SUP-003,PRD-071,P01,material_received,8942,,605c31a3e17511f1,51a44ebf27743270,SC-010
TX-0000249,2026-06-18 20:20:00,LOT-SUP-012-20260618-053,SUP-012,PRD-015,P01,finished_goods,6425,,51a44ebf27743270,eee17ac6c66fe240,SC-002
TX-0000250,2026-05-18 05:53:00,LOT-SUP-003-20260518-009,SUP-003,PRD-078,P03,shipment_handover,16546,,eee17ac6c66fe240,a7cfa01e115f01fd,SC-010
TX-0000251,2025-08-22 04:07:00,LOT-SUP-017-20250822-026,SUP-017,PRD-030,P01,line_release,22077,QCERT-00619,a7cfa01e115f01fd,299d31f6cdb54614,SC-010
TX-0000252,2026-03-31 02:58:00,LOT-SUP-009-20260331-041,SUP-009,PRD-018,P03,line_release,22988,QCERT-00606,299d31f6cdb54614,2cf6c80f4cf33a3e,SC-005
TX-0000253,2026-01-08 02:24:00,LOT-SUP-002-20260108-027,SUP-002,PRD-064,P03,material_received,9004,,2cf6c80f4cf33a3e,f550b3673a9aa99d,SC-012
TX-0000254,2026-01-18 09:29:00,LOT-SUP-004-20260118-048,SUP-004,PRD-066,P03,shipment_handover,24408,,f550b3673a9aa99d,547144915a788274,SC-007
TX-0000255,2026-05-21 03:41:00,LOT-SUP-006-20260521-059,SUP-006,PRD-052,P02,shipment_handover,16451,,547144915a788274,442798caab8c4641,SC-007
TX-0000256,2025-12-21 10:26:00,LOT-SUP-004-20251221-058,SUP-004,PRD-069,P03,material_received,13860,,442798caab8c4641,3df3a84820c30c80,SC-008
TX-0000257,2025-09-30 18:50:00,LOT-SUP-006-20250930-002,SUP-006,PRD-052,P03,material_received,18643,,3df3a84820c30c80,85ff9871ae76ac6d,SC-006
TX-0000258,2026-03-14 01:09:00,LOT-SUP-016-20260314-041,SUP-016,PRD-008,P01,line_release,21947,QCERT-00042,85ff9871ae76ac6d,b0ce5cfce060044d,SC-004
TX-0000259,2025-10-08 13:22:00,LOT-SUP-005-20251008-044,SUP-005,PRD-014,P02,quality_certificate,8803,QCERT-00323,b0ce5cfce060044d,934f1db39ba0cf35,SC-004
TX-0000260,2026-03-20 01:30:00,LOT-SUP-003-20260320-045,SUP-003,PRD-035,P01,finished_goods,7725,,934f1db39ba0cf35,42abc4ea03e49f37,SC-010
TX-0000261,2025-10-04 19:16:00,LOT-SUP-005-20251004-025,SUP-005,PRD-038,P02,material_received,10571,,42abc4ea03e49f37,67da8042ead0a59d,SC-001
TX-0000262,2025-10-11 09:58:00,LOT-SUP-013-20251011-037,SUP-013,PRD-058,P02,line_release,21257,QCERT-00657,67da8042ead0a59d,ff25558bddab43b9,SC-005
TX-0000263,2025-09-15 15:27:00,LOT-SUP-005-20250915-056,SUP-005,PRD-014,P03,material_received,870,,ff25558bddab43b9,04c51925f8bc8375,SC-010
TX-0000264,2026-04-17 14:16:00,LOT-SUP-007-20260417-035,SUP-007,PRD-073,P02,material_received,17073,,04c51925f8bc8375,1452bf82dfc03a30,SC-006
TX-0000265,2026-07-11 01:17:00,LOT-SUP-006-20260711-037,SUP-006,PRD-049,P03,finished_goods,19040,,1452bf82dfc03a30,fb047370a2d54402,SC-007
TX-0000266,2025-09-19 13:12:00,LOT-SUP-016-20250919-022,SUP-016,PRD-080,P01,quality_certificate,10509,QCERT-00631,fb047370a2d54402,d399f9288c1edab1,SC-009
TX-0000267,2025-11-20 13:29:00,LOT-SUP-014-20251120-013,SUP-014,PRD-036,P03,material_received,3492,,d399f9288c1edab1,c71cb2689c3f2edc,SC-008
TX-0000268,2026-06-05 05:56:00,LOT-SUP-007-20260605-027,SUP-007,PRD-070,P03,finished_goods,2302,,c71cb2689c3f2edc,c98cc829bf66761c,SC-006
TX-0000269,2025-08-06 13:59:00,LOT-SUP-005-20250806-055,SUP-005,PRD-041,P01,line_release,9066,QCERT-00353,c98cc829bf66761c,8b7d274b13d6d44c,SC-011
TX-0000270,2025-09-26 07:08:00,LOT-SUP-004-20250926-009,SUP-004,PRD-069,P02,material_received,13750,,8b7d274b13d6d44c,d55b2614897aec8a,SC-003
TX-0000271,2026-04-02 05:56:00,LOT-SUP-005-20260402-006,SUP-005,PRD-022,P02,finished_goods,12947,,d55b2614897aec8a,357714e44a5e5cca,SC-002
TX-0000272,2025-09-11 06:32:00,LOT-SUP-004-20250911-022,SUP-004,PRD-069,P03,quality_certificate,23839,QCERT-00165,357714e44a5e5cca,446ccced4e68bda9,SC-010
TX-0000273,2026-03-04 06:15:00,LOT-SUP-004-20260304-040,SUP-004,PRD-057,P01,material_received,20329,,446ccced4e68bda9,84cc37e66a3c16dd,SC-009
TX-0000274,2026-06-08 19:33:00,LOT-SUP-010-20260608-048,SUP-010,PRD-076,P01,shipment_handover,24934,,84cc37e66a3c16dd,f2111efb566f678a,SC-010
TX-0000275,2026-06-21 03:07:00,LOT-SUP-016-20260621-057,SUP-016,PRD-063,P01,line_release,2204,QCERT-00888,f2111efb566f678a,ed0e97cd0afba274,SC-001
TX-0000276,2026-03-27 21:34:00,LOT-SUP-004-20260327-031,SUP-004,PRD-069,P02,material_received,1602,,ed0e97cd0afba274,04fc8b180f998b25,SC-012
TX-0000277,2025-12-03 02:19:00,LOT-SUP-004-20251203-013,SUP-004,PRD-059,P02,quality_certificate,24226,QCERT-00116,04fc8b180f998b25,c4adbefb43c6624f,SC-003
TX-0000278,2025-10-07 16:57:00,LOT-SUP-006-20251007-029,SUP-006,PRD-052,P03,line_release,4570,QCERT-00444,c4adbefb43c6624f,1f2bf334c79018ec,SC-009
TX-0000279,2026-06-19 01:59:00,LOT-SUP-015-20260619-046,SUP-015,PRD-013,P01,quality_certificate,7618,QCERT-00673,1f2bf334c79018ec,7738c967520bda41,SC-009
TX-0000280,2026-01-18 13:16:00,LOT-SUP-014-20260118-038,SUP-014,PRD-029,P03,shipment_handover,3728,,7738c967520bda41,62236d31e2c2094b,SC-004
TX-0000281,2026-01-30 11:26:00,LOT-SUP-009-20260130-046,SUP-009,PRD-034,P02,line_release,14624,QCERT-00130,62236d31e2c2094b,4644d6fd8aa34b71,SC-008
TX-0000282,2026-04-02 05:55:00,LOT-SUP-007-20260402-054,SUP-007,PRD-073,P03,material_received,20764,,4644d6fd8aa34b71,b9ea476b49d4682b,SC-007
TX-0000283,2026-01-17 10:13:00,LOT-SUP-009-20260117-023,SUP-009,PRD-051,P03,material_received,9805,,b9ea476b49d4682b,b3fc9754e2c7151a,SC-008
TX-0000284,2026-04-04 13:54:00,LOT-SUP-005-20260404-049,SUP-005,PRD-024,P03,material_received,16850,,b3fc9754e2c7151a,e8a61883f9977925,SC-002
TX-0000285,2026-01-27 15:57:00,LOT-SUP-009-20260127-028,SUP-009,PRD-034,P03,line_release,23350,QCERT-00298,e8a61883f9977925,4be938add9645230,SC-011
TX-0000286,2025-12-12 12:09:00,LOT-SUP-014-20251212-034,SUP-014,PRD-029,P02,shipment_handover,19784,,4be938add9645230,b6f609556b874c7a,SC-005
TX-0000287,2025-08-03 03:27:00,LOT-SUP-002-20250803-021,SUP-002,PRD-064,P02,shipment_handover,16374,,b6f609556b874c7a,af60934918565d0e,SC-008
TX-0000288,2025-09-30 05:40:00,LOT-SUP-017-20250930-056,SUP-017,PRD-061,P02,finished_goods,23083,,af60934918565d0e,bced80abd5d2358d,SC-007
TX-0000289,2025-10-07 02:57:00,LOT-SUP-015-20251007-028,SUP-015,PRD-074,P01,finished_goods,918,,bced80abd5d2358d,5125bc5f38a4d2b8,SC-012
TX-0000290,2025-10-16 07:39:00,LOT-SUP-007-20251016-025,SUP-007,PRD-073,P01,line_release,21901,QCERT-00006,5125bc5f38a4d2b8,11cba20871e78b24,SC-003
TX-0000291,2025-10-13 12:23:00,LOT-SUP-008-20251013-034,SUP-008,PRD-002,P02,material_received,8335,,11cba20871e78b24,3093eb86cbd0297e,SC-008
TX-0000292,2025-08-19 06:34:00,LOT-SUP-014-20250819-022,SUP-014,PRD-036,P02,material_received,12489,,3093eb86cbd0297e,d3796053d2ba2710,SC-004
TX-0000293,2026-05-06 15:43:00,LOT-SUP-004-20260506-060,SUP-004,PRD-059,P03,material_received,12197,,d3796053d2ba2710,01657a38b83ca05d,SC-007
TX-0000294,2025-09-12 05:06:00,LOT-SUP-004-20250912-009,SUP-004,PRD-059,P03,quality_certificate,10287,QCERT-00115,01657a38b83ca05d,6c1e07bcc86adf6a,SC-008
TX-0000295,2026-02-11 17:02:00,LOT-SUP-004-20260211-026,SUP-004,PRD-069,P01,finished_goods,20544,,6c1e07bcc86adf6a,56871a90015b5023,SC-007
TX-0000296,2026-02-04 07:38:00,LOT-SUP-005-20260204-043,SUP-005,PRD-041,P03,quality_certificate,6829,QCERT-00127,56871a90015b5023,e8c4f60091c5a004,SC-003
TX-0000297,2025-09-06 20:08:00,LOT-SUP-003-20250906-033,SUP-003,PRD-060,P01,material_received,10821,,e8c4f60091c5a004,e5f67a7fd6d79386,SC-002
TX-0000298,2026-01-23 21:55:00,LOT-SUP-006-20260123-060,SUP-006,PRD-049,P01,material_received,11662,,e5f67a7fd6d79386,a51f6f9736216688,SC-011
TX-0000299,2025-10-31 17:05:00,LOT-SUP-015-20251031-059,SUP-015,PRD-047,P03,material_received,15532,,a51f6f9736216688,0e3ba2986151856f,SC-010
TX-0000300,2026-05-16 09:07:00,LOT-SUP-003-20260516-050,SUP-003,PRD-060,P03,quality_certificate,21541,QCERT-00007,0e3ba2986151856f,43d6f676147c95d9,SC-003
TX-0000301,2025-09-07 12:57:00,LOT-SUP-008-20250907-046,SUP-008,PRD-044,P03,shipment_handover,552,,43d6f676147c95d9,9fa954487782570b,SC-006
TX-0000302,2025-08-16 10:27:00,LOT-SUP-008-20250816-024,SUP-008,PRD-002,P03,finished_goods,7611,,9fa954487782570b,9217317357ee003a,SC-001
TX-0000303,2026-05-26 08:49:00,LOT-SUP-006-20260526-020,SUP-006,PRD-065,P03,quality_certificate,23057,QCERT-00621,9217317357ee003a,7b7b0bb8fd97ef72,SC-012
TX-0000304,2026-02-15 06:38:00,LOT-SUP-011-20260215-018,SUP-011,PRD-017,P02,line_release,6246,QCERT-00312,7b7b0bb8fd97ef72,36257aed03554a33,SC-010
TX-0000305,2026-03-14 06:38:00,LOT-SUP-008-20260314-025,SUP-008,PRD-053,P02,finished_goods,7811,,36257aed03554a33,e3008dd7e9220908,SC-002
TX-0000306,2026-03-22 02:25:00,LOT-SUP-008-20260322-040,SUP-008,PRD-044,P02,material_received,21539,,e3008dd7e9220908,4e99c4567dca0aa9,SC-010
TX-0000307,2026-05-20 09:45:00,LOT-SUP-008-20260520-009,SUP-008,PRD-037,P01,quality_certificate,11288,QCERT-00558,4e99c4567dca0aa9,8fd01422ea84254b,SC-012
TX-0000308,2025-10-09 00:37:00,LOT-SUP-013-20251009-037,SUP-013,PRD-058,P02,material_received,5366,,8fd01422ea84254b,40eeb14acb823320,SC-007
TX-0000309,2026-01-08 13:18:00,LOT-SUP-002-20260108-016,SUP-002,PRD-064,P01,material_received,11208,,40eeb14acb823320,9353fe7d2231f823,SC-008
TX-0000310,2026-02-06 14:56:00,LOT-SUP-014-20260206-035,SUP-014,PRD-025,P03,line_release,524,QCERT-00331,9353fe7d2231f823,1db3caa17f48ec47,SC-005
TX-0000311,2025-10-05 18:10:00,LOT-SUP-007-20251005-031,SUP-007,PRD-055,P01,quality_certificate,10498,QCERT-00155,1db3caa17f48ec47,d58d3abd98164a78,SC-007
TX-0000312,2025-10-15 17:57:00,LOT-SUP-008-20251015-043,SUP-008,PRD-002,P02,finished_goods,22769,,d58d3abd98164a78,0e2191283ebe9938,SC-008
TX-0000313,2025-11-11 21:51:00,LOT-SUP-005-20251111-017,SUP-005,PRD-016,P03,quality_certificate,3218,QCERT-00171,0e2191283ebe9938,c5e79983c6e528f3,SC-009
TX-0000314,2025-12-01 09:18:00,LOT-SUP-004-20251201-043,SUP-004,PRD-066,P02,shipment_handover,17542,,c5e79983c6e528f3,4f069a7cd3fc77d4,SC-011
TX-0000315,2026-07-06 12:15:00,LOT-SUP-009-20260706-006,SUP-009,PRD-039,P01,quality_certificate,4170,QCERT-00191,4f069a7cd3fc77d4,aafa705e37c686b1,SC-006
TX-0000316,2025-10-01 01:58:00,LOT-SUP-004-20251001-018,SUP-004,PRD-050,P03,line_release,11184,QCERT-00048,aafa705e37c686b1,63bedd2cb89ce193,SC-009
TX-0000317,2026-01-01 04:08:00,LOT-SUP-015-20260101-013,SUP-015,PRD-031,P02,finished_goods,17056,,63bedd2cb89ce193,b79acd783b25b9eb,SC-006
TX-0000318,2026-03-18 18:00:00,LOT-SUP-011-20260318-033,SUP-011,PRD-075,P02,material_received,19833,,b79acd783b25b9eb,6fee35cb02797958,SC-011
TX-0000319,2026-02-23 09:30:00,LOT-SUP-003-20260223-033,SUP-003,PRD-072,P02,material_received,8415,,6fee35cb02797958,e213b5352b465f5d,SC-001
TX-0000320,2025-10-06 13:19:00,LOT-SUP-003-20251006-011,SUP-003,PRD-035,P03,finished_goods,12647,,e213b5352b465f5d,86093ffad92fcfc2,SC-011
TX-0000321,2026-03-08 15:56:00,LOT-SUP-009-20260308-042,SUP-009,PRD-039,P01,material_received,24939,,86093ffad92fcfc2,3700bcaa59bf320f,SC-004
TX-0000322,2026-01-13 02:54:00,LOT-SUP-004-20260113-001,SUP-004,PRD-057,P01,shipment_handover,7456,,3700bcaa59bf320f,4241ad173066d4bc,SC-009
TX-0000323,2026-06-01 21:10:00,LOT-SUP-008-20260601-038,SUP-008,PRD-037,P03,quality_certificate,7322,QCERT-00665,4241ad173066d4bc,8e1c21c2328a5c79,SC-011
TX-0000324,2025-11-17 09:54:00,LOT-SUP-010-20251117-030,SUP-010,PRD-076,P02,finished_goods,14815,,8e1c21c2328a5c79,2a2596bc2502abc8,SC-007
TX-0000325,2025-10-10 20:23:00,LOT-SUP-010-20251010-036,SUP-010,PRD-056,P01,material_received,3412,,2a2596bc2502abc8,ea78c91d3c3a00a3,SC-009
TX-0000326,2025-10-16 14:15:00,LOT-SUP-015-20251016-018,SUP-015,PRD-013,P01,material_received,24835,,ea78c91d3c3a00a3,8456d419f9540d41,SC-003
TX-0000327,2025-10-25 06:35:00,LOT-SUP-004-20251025-040,SUP-004,PRD-069,P01,line_release,11417,QCERT-00083,8456d419f9540d41,12ad05da05699eea,SC-001
TX-0000328,2026-01-13 23:22:00,LOT-SUP-003-20260113-041,SUP-003,PRD-060,P02,line_release,18644,QCERT-00173,12ad05da05699eea,383357bb00ae2b92,SC-012
TX-0000329,2025-11-06 06:32:00,LOT-SUP-009-20251106-055,SUP-009,PRD-034,P03,finished_goods,8239,,383357bb00ae2b92,494031a8d36ba679,SC-001
TX-0000330,2026-07-20 05:27:00,LOT-SUP-008-20260720-039,SUP-008,PRD-033,P02,finished_goods,18505,,494031a8d36ba679,1d1ad489398b6767,SC-004
TX-0000331,2025-08-30 19:02:00,LOT-SUP-006-20250830-033,SUP-006,PRD-040,P02,line_release,16726,QCERT-00171,1d1ad489398b6767,28be9c0a8f0a30e9,SC-005
TX-0000332,2025-08-01 02:32:00,LOT-SUP-016-20250801-029,SUP-016,PRD-008,P01,quality_certificate,21383,QCERT-00256,28be9c0a8f0a30e9,83ac375711ba3022,SC-001
TX-0000333,2026-05-22 16:23:00,LOT-SUP-010-20260522-040,SUP-010,PRD-045,P01,material_received,9530,,83ac375711ba3022,ee644446ea9d2154,SC-009
TX-0000334,2026-02-11 10:55:00,LOT-SUP-010-20260211-037,SUP-010,PRD-010,P02,material_received,9062,,ee644446ea9d2154,6bf239fcdab2e0ed,SC-009
TX-0000335,2025-08-29 21:47:00,LOT-SUP-013-20250829-017,SUP-013,PRD-079,P01,line_release,5186,QCERT-00546,6bf239fcdab2e0ed,adb2d76f7791b393,SC-002
TX-0000336,2025-08-06 21:03:00,LOT-SUP-009-20250806-054,SUP-009,PRD-077,P01,shipment_handover,21040,,adb2d76f7791b393,929712f1ab5f6488,SC-011
TX-0000337,2025-12-30 23:17:00,LOT-SUP-009-20251230-049,SUP-009,PRD-034,P02,line_release,15018,QCERT-00896,929712f1ab5f6488,70f72b60d141ff29,SC-002
TX-0000338,2026-07-14 07:19:00,LOT-SUP-013-20260714-054,SUP-013,PRD-054,P02,line_release,9592,QCERT-00516,70f72b60d141ff29,301de89eb0e32ae7,SC-009
TX-0000339,2026-05-22 18:21:00,LOT-SUP-014-20260522-012,SUP-014,PRD-029,P02,shipment_handover,9720,,301de89eb0e32ae7,cd3dd759a0e6cdce,SC-003
TX-0000340,2026-07-13 01:33:00,LOT-SUP-016-20260713-041,SUP-016,PRD-043,P01,material_received,1076,,cd3dd759a0e6cdce,8839f27ebfbf60c5,SC-011
TX-0000341,2025-09-10 15:17:00,LOT-SUP-004-20250910-042,SUP-004,PRD-066,P01,material_received,6397,,8839f27ebfbf60c5,176e381b9be086d4,SC-005
TX-0000342,2026-02-21 21:50:00,LOT-SUP-016-20260221-060,SUP-016,PRD-063,P02,material_received,22630,,176e381b9be086d4,d43b55aa736bc142,SC-007
TX-0000343,2026-02-22 13:27:00,LOT-SUP-007-20260222-052,SUP-007,PRD-070,P02,quality_certificate,9553,QCERT-00094,d43b55aa736bc142,d82b9507c6b879ec,SC-009
TX-0000344,2025-12-09 14:13:00,LOT-SUP-007-20251209-019,SUP-007,PRD-070,P01,quality_certificate,3185,QCERT-00720,d82b9507c6b879ec,660dea1fe414295a,SC-004
TX-0000345,2026-06-08 04:30:00,LOT-SUP-009-20260608-009,SUP-009,PRD-034,P01,line_release,11143,QCERT-00857,660dea1fe414295a,a51b6e374b995f37,SC-001
TX-0000346,2026-01-02 07:15:00,LOT-SUP-008-20260102-028,SUP-008,PRD-033,P03,quality_certificate,10847,QCERT-00159,a51b6e374b995f37,f0b5bcd92a43ebe1,SC-002
TX-0000347,2025-11-16 11:22:00,LOT-SUP-004-20251116-053,SUP-004,PRD-066,P03,finished_goods,819,,f0b5bcd92a43ebe1,80b0690cff68a02b,SC-011
TX-0000348,2026-02-03 21:20:00,LOT-SUP-010-20260203-048,SUP-010,PRD-076,P02,material_received,4277,,80b0690cff68a02b,f27ca45d24c8340c,SC-004
TX-0000349,2026-01-05 11:01:00,LOT-SUP-001-20260105-015,SUP-001,PRD-011,P03,line_release,5532,QCERT-00244,f27ca45d24c8340c,4ca88f39625ee7fb,SC-010
TX-0000350,2025-09-02 14:29:00,LOT-SUP-002-20250902-025,SUP-002,PRD-064,P02,finished_goods,8139,,4ca88f39625ee7fb,85ea3d8316a2d133,SC-006
TX-0000351,2026-01-27 09:31:00,LOT-SUP-005-20260127-041,SUP-005,PRD-005,P01,finished_goods,10069,,85ea3d8316a2d133,ce991c61c1feb89f,SC-007
TX-0000352,2026-01-29 01:33:00,LOT-SUP-010-20260129-030,SUP-010,PRD-076,P03,line_release,6467,QCERT-00097,ce991c61c1feb89f,201bcce5dfbd001e,SC-007
TX-0000353,2026-04-28 21:44:00,LOT-SUP-014-20260428-030,SUP-014,PRD-029,P01,material_received,7059,,201bcce5dfbd001e,c48c24f8eef2742b,SC-004
TX-0000354,2025-12-13 02:16:00,LOT-SUP-009-20251213-006,SUP-009,PRD-048,P01,finished_goods,3750,,c48c24f8eef2742b,d764c432c1847598,SC-011
TX-0000355,2025-10-01 05:52:00,LOT-SUP-006-20251001-022,SUP-006,PRD-065,P01,quality_certificate,2025,QCERT-00852,d764c432c1847598,0619fccdc79297d9,SC-005
TX-0000356,2026-01-14 06:18:00,LOT-SUP-002-20260114-058,SUP-002,PRD-001,P02,shipment_handover,8906,,0619fccdc79297d9,cd46b7245f067496,SC-007
TX-0000357,2025-10-28 14:15:00,LOT-SUP-001-20251028-051,SUP-001,PRD-011,P02,material_received,14916,,cd46b7245f067496,d8c067aa3b0e1bfd,SC-005
TX-0000358,2026-03-21 03:47:00,LOT-SUP-003-20260321-031,SUP-003,PRD-035,P03,line_release,11071,QCERT-00692,d8c067aa3b0e1bfd,1feab60a1edf872d,SC-002
TX-0000359,2026-05-24 19:40:00,LOT-SUP-005-20260524-010,SUP-005,PRD-023,P01,shipment_handover,14928,,1feab60a1edf872d,6daad900a4da13c3,SC-007
TX-0000360,2026-03-27 14:12:00,LOT-SUP-005-20260327-031,SUP-005,PRD-005,P02,material_received,23265,,6daad900a4da13c3,d9e78765833d2706,SC-006
TX-0000361,2026-03-24 19:19:00,LOT-SUP-009-20260324-019,SUP-009,PRD-034,P03,finished_goods,8754,,d9e78765833d2706,404ac4c580edbcdc,SC-009
TX-0000362,2026-02-05 03:56:00,LOT-SUP-016-20260205-034,SUP-016,PRD-008,P03,finished_goods,2707,,404ac4c580edbcdc,8a53564e898316ed,SC-008
TX-0000363,2026-06-26 03:43:00,LOT-SUP-016-20260626-032,SUP-016,PRD-063,P02,material_received,16162,,8a53564e898316ed,a8f514d17d12780a,SC-012
TX-0000364,2026-07-16 13:49:00,LOT-SUP-017-20260716-036,SUP-017,PRD-030,P03,quality_certificate,11698,QCERT-00568,a8f514d17d12780a,f7999b7cf9d317e5,SC-009
TX-0000365,2026-06-28 21:33:00,LOT-SUP-008-20260628-024,SUP-008,PRD-053,P03,material_received,7589,,f7999b7cf9d317e5,24eb313d3a12a704,SC-006
TX-0000366,2025-08-02 08:49:00,LOT-SUP-006-20250802-044,SUP-006,PRD-052,P02,finished_goods,24676,,24eb313d3a12a704,c9de4b883a1ad3d7,SC-011
TX-0000367,2025-08-30 08:00:00,LOT-SUP-009-20250830-054,SUP-009,PRD-039,P03,finished_goods,10815,,c9de4b883a1ad3d7,c20a5805da3ef9bf,SC-008
TX-0000368,2025-08-15 00:03:00,LOT-SUP-003-20250815-058,SUP-003,PRD-078,P02,line_release,2258,QCERT-00243,c20a5805da3ef9bf,9c8f886b76f56fb2,SC-007
TX-0000369,2025-09-29 11:31:00,LOT-SUP-003-20250929-010,SUP-003,PRD-072,P02,line_release,4372,QCERT-00414,9c8f886b76f56fb2,4279717555bdedae,SC-007
TX-0000370,2026-05-27 07:01:00,LOT-SUP-007-20260527-034,SUP-007,PRD-055,P01,shipment_handover,12371,,4279717555bdedae,5c3816c928a6901e,SC-007
TX-0000371,2025-10-13 06:54:00,LOT-SUP-015-20251013-028,SUP-015,PRD-031,P01,material_received,9233,,5c3816c928a6901e,d42644ed3303a032,SC-002
TX-0000372,2025-12-15 03:52:00,LOT-SUP-004-20251215-047,SUP-004,PRD-066,P01,shipment_handover,5028,,d42644ed3303a032,bb63da47ad3f2765,SC-005
TX-0000373,2026-04-15 20:43:00,LOT-SUP-003-20260415-032,SUP-003,PRD-060,P02,material_received,19312,,bb63da47ad3f2765,620f2044a1d5f67f,SC-001
TX-0000374,2026-02-23 04:22:00,LOT-SUP-009-20260223-059,SUP-009,PRD-048,P02,finished_goods,16531,,620f2044a1d5f67f,d0a30fe89194cdce,SC-010
TX-0000375,2025-11-16 11:45:00,LOT-SUP-002-20251116-018,SUP-002,PRD-027,P01,quality_certificate,20472,QCERT-00354,d0a30fe89194cdce,861c6e54ae263ac7,SC-004
TX-0000376,2025-10-08 17:04:00,LOT-SUP-011-20251008-031,SUP-011,PRD-017,P03,line_release,14866,QCERT-00222,861c6e54ae263ac7,e865d002bbc95032,SC-002
TX-0000377,2026-03-09 12:18:00,LOT-SUP-013-20260309-009,SUP-013,PRD-054,P02,material_received,14824,,e865d002bbc95032,27d765139621b078,SC-010
TX-0000378,2026-04-19 10:56:00,LOT-SUP-010-20260419-020,SUP-010,PRD-010,P02,quality_certificate,16619,QCERT-00055,27d765139621b078,d4afdb8601b97cbe,SC-008
TX-0000379,2025-12-30 19:37:00,LOT-SUP-014-20251230-057,SUP-014,PRD-029,P01,material_received,10799,,d4afdb8601b97cbe,bf091688c30e4b8f,SC-012
TX-0000380,2026-04-09 20:04:00,LOT-SUP-004-20260409-037,SUP-004,PRD-066,P02,finished_goods,5233,,bf091688c30e4b8f,4b4addb47ecdd48b,SC-011
TX-0000381,2026-07-30 13:08:00,LOT-SUP-001-20260730-033,SUP-001,PRD-068,P01,finished_goods,9972,,4b4addb47ecdd48b,cab1d7b79decc0f1,SC-003
TX-0000382,2026-01-20 16:33:00,LOT-SUP-009-20260120-034,SUP-009,PRD-018,P03,quality_certificate,1495,QCERT-00749,cab1d7b79decc0f1,d0ca934759ea65e4,SC-009
TX-0000383,2026-05-11 22:09:00,LOT-SUP-004-20260511-042,SUP-004,PRD-066,P02,material_received,2810,,d0ca934759ea65e4,8477a63f5e181891,SC-010
TX-0000384,2025-09-23 11:28:00,LOT-SUP-008-20250923-040,SUP-008,PRD-053,P02,material_received,8178,,8477a63f5e181891,e0d858a1a5f40b96,SC-006
TX-0000385,2025-09-30 06:23:00,LOT-SUP-007-20250930-045,SUP-007,PRD-055,P02,quality_certificate,14443,QCERT-00722,e0d858a1a5f40b96,352421a22f666ef1,SC-010
TX-0000386,2026-04-25 08:27:00,LOT-SUP-015-20260425-048,SUP-015,PRD-047,P03,finished_goods,11596,,352421a22f666ef1,3a71f6441a75d440,SC-006
TX-0000387,2026-01-18 21:01:00,LOT-SUP-016-20260118-045,SUP-016,PRD-080,P01,quality_certificate,19756,QCERT-00294,3a71f6441a75d440,f43fc1950c4bda7b,SC-003
TX-0000388,2025-11-02 15:18:00,LOT-SUP-009-20251102-041,SUP-009,PRD-048,P02,shipment_handover,3649,,f43fc1950c4bda7b,78c140ebef77dd1b,SC-008
TX-0000389,2026-03-18 19:30:00,LOT-SUP-006-20260318-044,SUP-006,PRD-040,P03,finished_goods,818,,78c140ebef77dd1b,e19acba0e20ce0e9,SC-003
TX-0000390,2025-08-13 03:01:00,LOT-SUP-015-20250813-009,SUP-015,PRD-013,P02,material_received,3923,,e19acba0e20ce0e9,21748e4a2de25f1e,SC-012
TX-0000391,2025-09-20 10:02:00,LOT-SUP-003-20250920-003,SUP-003,PRD-060,P03,material_received,10834,,21748e4a2de25f1e,53eb2293a190a282,SC-002
TX-0000392,2025-08-20 06:55:00,LOT-SUP-013-20250820-039,SUP-013,PRD-079,P01,finished_goods,22089,,53eb2293a190a282,d756644585021d09,SC-006
TX-0000393,2025-08-20 10:23:00,LOT-SUP-008-20250820-029,SUP-008,PRD-033,P02,material_received,15173,,d756644585021d09,e3fa677b73030a02,SC-002
TX-0000394,2026-02-23 13:22:00,LOT-SUP-002-20260223-021,SUP-002,PRD-042,P03,material_received,24547,,e3fa677b73030a02,373b241fb4d7a427,SC-003
TX-0000395,2026-01-30 03:00:00,LOT-SUP-004-20260130-050,SUP-004,PRD-059,P02,material_received,16742,,373b241fb4d7a427,892714484074da80,SC-001
TX-0000396,2025-08-27 04:15:00,LOT-SUP-009-20250827-030,SUP-009,PRD-034,P01,line_release,5238,QCERT-00680,892714484074da80,aab07eefb3b31f3d,SC-009
TX-0000397,2026-06-06 19:23:00,LOT-SUP-001-20260606-054,SUP-001,PRD-068,P03,line_release,18691,QCERT-00229,aab07eefb3b31f3d,31f9027884964464,SC-005
TX-0000398,2026-07-14 09:21:00,LOT-SUP-007-20260714-059,SUP-007,PRD-073,P03,material_received,6801,,31f9027884964464,f55f07ed6d5fd5c6,SC-004
TX-0000399,2025-09-08 07:31:00,LOT-SUP-009-20250908-009,SUP-009,PRD-018,P03,finished_goods,20244,,f55f07ed6d5fd5c6,0504d8658e4d0d12,SC-006
TX-0000400,2026-01-16 22:02:00,LOT-SUP-016-20260116-026,SUP-016,PRD-080,P03,line_release,4155,QCERT-00368,0504d8658e4d0d12,ec3d549489eed0e8,SC-010
TX-0000401,2025-09-13 10:10:00,LOT-SUP-003-20250913-060,SUP-003,PRD-035,P01,finished_goods,23711,,ec3d549489eed0e8,dce13164bfe1d58a,SC-006
TX-0000402,2026-01-09 10:23:00,LOT-SUP-011-20260109-019,SUP-011,PRD-075,P03,material_received,13301,,dce13164bfe1d58a,e7af81a9bdcde649,SC-003
TX-0000403,2026-04-19 11:58:00,LOT-SUP-014-20260419-022,SUP-014,PRD-025,P01,shipment_handover,23887,,e7af81a9bdcde649,d560d70c284d732c,SC-001
TX-0000404,2026-03-30 15:43:00,LOT-SUP-003-20260330-026,SUP-003,PRD-035,P03,finished_goods,544,,d560d70c284d732c,b5fb52ec9a4351d9,SC-001
TX-0000405,2025-08-02 07:32:00,LOT-SUP-011-20250802-047,SUP-011,PRD-075,P02,finished_goods,19283,,b5fb52ec9a4351d9,ef38d782ccd6f345,SC-003
TX-0000406,2026-07-07 00:40:00,LOT-SUP-005-20260707-044,SUP-005,PRD-023,P03,finished_goods,3404,,ef38d782ccd6f345,234d0bc1b0c839c9,SC-003
TX-0000407,2025-10-05 11:05:00,LOT-SUP-017-20251005-029,SUP-017,PRD-030,P02,quality_certificate,18917,QCERT-00249,234d0bc1b0c839c9,7d4a299a8ca71ee6,SC-004
TX-0000408,2026-07-22 17:43:00,LOT-SUP-010-20260722-040,SUP-010,PRD-010,P01,material_received,16665,,7d4a299a8ca71ee6,8f221b02fe2fb386,SC-008
TX-0000409,2025-08-01 07:00:00,LOT-SUP-002-20250801-056,SUP-002,PRD-027,P03,finished_goods,22499,,8f221b02fe2fb386,56de0e03224187d4,SC-002
TX-0000410,2025-11-27 21:18:00,LOT-SUP-013-20251127-005,SUP-013,PRD-079,P01,line_release,7641,QCERT-00084,56de0e03224187d4,99afd1e0825fe7b0,SC-005
TX-0000411,2026-07-07 11:15:00,LOT-SUP-005-20260707-007,SUP-005,PRD-038,P03,material_received,7133,,99afd1e0825fe7b0,5eb7fc189069692a,SC-002
TX-0000412,2026-05-06 00:02:00,LOT-SUP-015-20260506-044,SUP-015,PRD-021,P01,line_release,8373,QCERT-00093,5eb7fc189069692a,683d974ac49169ea,SC-005
TX-0000413,2025-09-07 00:36:00,LOT-SUP-011-20250907-036,SUP-011,PRD-075,P03,material_received,842,,683d974ac49169ea,2cca888c9a92d093,SC-012
TX-0000414,2026-07-12 15:51:00,LOT-SUP-009-20260712-056,SUP-009,PRD-039,P02,material_received,7921,,2cca888c9a92d093,ac00ef6a2e35dd2d,SC-006
TX-0000415,2026-01-16 14:19:00,LOT-SUP-009-20260116-016,SUP-009,PRD-018,P01,material_received,23319,,ac00ef6a2e35dd2d,326ede255a77cd83,SC-007
TX-0000416,2026-03-25 22:09:00,LOT-SUP-013-20260325-058,SUP-013,PRD-062,P01,material_received,8404,,326ede255a77cd83,ac1581477f15af41,SC-010
TX-0000417,2025-09-08 15:25:00,LOT-SUP-002-20250908-047,SUP-002,PRD-064,P01,material_received,19116,,ac1581477f15af41,06a7b1d46cf94e87,SC-002
TX-0000418,2025-09-13 01:27:00,LOT-SUP-010-20250913-018,SUP-010,PRD-045,P01,quality_certificate,4953,QCERT-00167,06a7b1d46cf94e87,6c6411659ac51c57,SC-012
TX-0000419,2025-11-25 03:53:00,LOT-SUP-003-20251125-018,SUP-003,PRD-060,P02,line_release,20852,QCERT-00852,6c6411659ac51c57,2d138d785597da67,SC-011
TX-0000420,2026-05-12 21:45:00,LOT-SUP-005-20260512-016,SUP-005,PRD-024,P01,line_release,9043,QCERT-00809,2d138d785597da67,37487f011f5eaf30,SC-001
TX-0000421,2026-02-19 15:18:00,LOT-SUP-002-20260219-058,SUP-002,PRD-064,P03,finished_goods,12895,,37487f011f5eaf30,9d6b20440eba4b31,SC-010
TX-0000422,2026-03-03 09:05:00,LOT-SUP-005-20260303-016,SUP-005,PRD-023,P03,quality_certificate,8216,QCERT-00476,9d6b20440eba4b31,851c225c92347bc5,SC-010
TX-0000423,2026-05-05 13:24:00,LOT-SUP-013-20260505-047,SUP-013,PRD-079,P02,line_release,21334,QCERT-00787,851c225c92347bc5,2fc2b67f731901a9,SC-011
TX-0000424,2025-09-26 08:12:00,LOT-SUP-004-20250926-041,SUP-004,PRD-069,P01,shipment_handover,22941,,2fc2b67f731901a9,9c4f5bd21643dd2b,SC-011
TX-0000425,2025-10-13 13:40:00,LOT-SUP-003-20251013-023,SUP-003,PRD-072,P01,shipment_handover,15109,,9c4f5bd21643dd2b,b13cb52bc50934fe,SC-005
TX-0000426,2026-01-31 17:04:00,LOT-SUP-003-20260131-040,SUP-003,PRD-020,P01,material_received,4787,,b13cb52bc50934fe,b44fa1e51beb183a,SC-005
TX-0000427,2025-08-27 02:30:00,LOT-SUP-003-20250827-023,SUP-003,PRD-072,P01,finished_goods,7127,,b44fa1e51beb183a,78a298e3e08cfccf,SC-009
TX-0000428,2025-08-05 01:13:00,LOT-SUP-010-20250805-006,SUP-010,PRD-056,P03,quality_certificate,22745,QCERT-00745,78a298e3e08cfccf,f9c77634e8a55af5,SC-003
TX-0000429,2025-08-28 02:18:00,LOT-SUP-015-20250828-048,SUP-015,PRD-047,P01,quality_certificate,3515,QCERT-00609,f9c77634e8a55af5,075870fd050756e7,SC-008
TX-0000430,2026-02-12 01:22:00,LOT-SUP-013-20260212-026,SUP-013,PRD-054,P02,quality_certificate,14387,QCERT-00292,075870fd050756e7,58dc0d7570c3539e,SC-005
TX-0000431,2026-05-22 00:17:00,LOT-SUP-002-20260522-023,SUP-002,PRD-042,P01,material_received,4001,,58dc0d7570c3539e,37532e4a752984e8,SC-010
TX-0000432,2026-01-07 17:34:00,LOT-SUP-008-20260107-053,SUP-008,PRD-026,P01,shipment_handover,4080,,37532e4a752984e8,eefa2458e26e4b18,SC-002
TX-0000433,2026-07-04 22:48:00,LOT-SUP-005-20260704-010,SUP-005,PRD-022,P01,shipment_handover,11963,,eefa2458e26e4b18,fcca1557d40df642,SC-007
TX-0000434,2026-07-19 15:50:00,LOT-SUP-017-20260719-009,SUP-017,PRD-061,P03,material_received,11828,,fcca1557d40df642,a04e63b0be36e6a7,SC-012
TX-0000435,2026-07-10 14:07:00,LOT-SUP-005-20260710-043,SUP-005,PRD-038,P03,finished_goods,19413,,a04e63b0be36e6a7,bec6f8e6f3acdffd,SC-011
TX-0000436,2025-11-10 21:07:00,LOT-SUP-014-20251110-018,SUP-014,PRD-036,P01,finished_goods,16727,,bec6f8e6f3acdffd,0462a1f9abb5edc3,SC-002
TX-0000437,2026-04-13 15:42:00,LOT-SUP-003-20260413-019,SUP-003,PRD-060,P03,line_release,7638,QCERT-00198,0462a1f9abb5edc3,a1494baaf286d452,SC-004
TX-0000438,2025-12-16 02:18:00,LOT-SUP-009-20251216-027,SUP-009,PRD-051,P01,line_release,4629,QCERT-00638,a1494baaf286d452,c3dd99c21fd49b04,SC-001
TX-0000439,2026-05-23 16:34:00,LOT-SUP-015-20260523-042,SUP-015,PRD-047,P01,material_received,17178,,c3dd99c21fd49b04,b5d3c8cab467bd98,SC-001
TX-0000440,2026-01-22 00:59:00,LOT-SUP-009-20260122-014,SUP-009,PRD-051,P02,material_received,5110,,b5d3c8cab467bd98,0adf4b574a318455,SC-006
TX-0000441,2026-07-19 13:00:00,LOT-SUP-009-20260719-054,SUP-009,PRD-032,P03,quality_certificate,2892,QCERT-00595,0adf4b574a318455,e4df5dd916116566,SC-011
TX-0000442,2025-12-10 08:41:00,LOT-SUP-008-20251210-057,SUP-008,PRD-053,P01,material_received,15710,,e4df5dd916116566,2c88c4fa5c4b8923,SC-004
TX-0000443,2025-12-14 08:41:00,LOT-SUP-007-20251214-048,SUP-007,PRD-055,P03,shipment_handover,9661,,2c88c4fa5c4b8923,40a6e96cd17f680d,SC-005
TX-0000444,2025-11-10 03:12:00,LOT-SUP-001-20251110-036,SUP-001,PRD-067,P02,material_received,12264,,40a6e96cd17f680d,c9fbc775ac3aed0d,SC-003
TX-0000445,2026-05-06 13:03:00,LOT-SUP-005-20260506-042,SUP-005,PRD-016,P02,line_release,4485,QCERT-00481,c9fbc775ac3aed0d,321c7dc6ae2cf543,SC-011
TX-0000446,2025-12-10 01:38:00,LOT-SUP-017-20251210-047,SUP-017,PRD-030,P03,line_release,8617,QCERT-00271,321c7dc6ae2cf543,805d54f59763e9e2,SC-009
TX-0000447,2026-07-06 14:16:00,LOT-SUP-005-20260706-004,SUP-005,PRD-016,P01,shipment_handover,21532,,805d54f59763e9e2,b0c52fb9453e1b69,SC-002
TX-0000448,2026-06-09 13:35:00,LOT-SUP-001-20260609-038,SUP-001,PRD-046,P01,material_received,862,,b0c52fb9453e1b69,536b3b6ad6481947,SC-003
TX-0000449,2026-04-13 02:30:00,LOT-SUP-011-20260413-041,SUP-011,PRD-017,P03,line_release,5096,QCERT-00425,536b3b6ad6481947,8d044427ee59f40c,SC-006
TX-0000450,2026-05-26 01:02:00,LOT-SUP-015-20260526-058,SUP-015,PRD-013,P02,finished_goods,5935,,8d044427ee59f40c,d532cdfbd0faf852,SC-009
TX-0000451,2025-12-31 04:46:00,LOT-SUP-009-20251231-051,SUP-009,PRD-034,P01,finished_goods,9839,,d532cdfbd0faf852,017e6e62da290b91,SC-011
TX-0000452,2025-12-27 19:55:00,LOT-SUP-008-20251227-050,SUP-008,PRD-044,P01,finished_goods,17089,,017e6e62da290b91,a08b89e40ef84e05,SC-001
TX-0000453,2026-02-27 20:37:00,LOT-SUP-002-20260227-052,SUP-002,PRD-064,P02,line_release,10230,QCERT-00888,a08b89e40ef84e05,2ef2b7416534fcf2,SC-006
TX-0000454,2025-10-29 00:46:00,LOT-SUP-015-20251029-030,SUP-015,PRD-074,P01,material_received,2074,,2ef2b7416534fcf2,0e68fcc85cb55061,SC-004
TX-0000455,2026-04-21 04:47:00,LOT-SUP-011-20260421-025,SUP-011,PRD-075,P02,shipment_handover,24607,,0e68fcc85cb55061,c1a49aebe2d76f68,SC-011
TX-0000456,2025-09-23 22:42:00,LOT-SUP-005-20250923-012,SUP-005,PRD-014,P03,shipment_handover,8565,,c1a49aebe2d76f68,23ba1e2d1282233a,SC-001
TX-0000457,2025-11-27 02:00:00,LOT-SUP-005-20251127-028,SUP-005,PRD-041,P02,finished_goods,4626,,23ba1e2d1282233a,a31b91962ad3457d,SC-002
TX-0000458,2025-10-25 06:34:00,LOT-SUP-007-20251025-005,SUP-007,PRD-070,P03,material_received,7885,,a31b91962ad3457d,62e2ba0543e195b1,SC-012
TX-0000459,2026-06-20 12:47:00,LOT-SUP-005-20260620-054,SUP-005,PRD-022,P03,line_release,20761,QCERT-00608,62e2ba0543e195b1,8deb661570787b06,SC-001
TX-0000460,2026-05-17 18:05:00,LOT-SUP-005-20260517-013,SUP-005,PRD-022,P01,material_received,4992,,8deb661570787b06,416a43a2df44d53e,SC-004
TX-0000461,2026-05-22 22:21:00,LOT-SUP-001-20260522-029,SUP-001,PRD-011,P02,finished_goods,14200,,416a43a2df44d53e,ce09a226ed354c76,SC-005
TX-0000462,2026-01-27 13:33:00,LOT-SUP-013-20260127-034,SUP-013,PRD-054,P03,material_received,18546,,ce09a226ed354c76,bf5450f413d806c6,SC-011
TX-0000463,2026-06-29 12:57:00,LOT-SUP-004-20260629-031,SUP-004,PRD-069,P02,line_release,9424,QCERT-00780,bf5450f413d806c6,069a7c30efed16dd,SC-005
TX-0000464,2025-08-19 14:36:00,LOT-SUP-007-20250819-042,SUP-007,PRD-073,P01,shipment_handover,15198,,069a7c30efed16dd,d9582ea856520788,SC-007
TX-0000465,2025-09-11 03:48:00,LOT-SUP-006-20250911-031,SUP-006,PRD-052,P02,line_release,18371,QCERT-00869,d9582ea856520788,b63cca5c1faddc97,SC-011
TX-0000466,2025-10-05 03:44:00,LOT-SUP-001-20251005-035,SUP-001,PRD-067,P01,material_received,4494,,b63cca5c1faddc97,798a031381a0bcff,SC-002
TX-0000467,2025-08-20 07:24:00,LOT-SUP-005-20250820-034,SUP-005,PRD-014,P03,quality_certificate,20166,QCERT-00869,798a031381a0bcff,ebde675f7c85de98,SC-006
TX-0000468,2025-08-27 05:08:00,LOT-SUP-015-20250827-049,SUP-015,PRD-074,P02,line_release,6202,QCERT-00183,ebde675f7c85de98,236e3db266f3b9e1,SC-009
TX-0000469,2026-06-13 15:51:00,LOT-SUP-014-20260613-013,SUP-014,PRD-036,P03,shipment_handover,16070,,236e3db266f3b9e1,3aa6b8cd84319ecf,SC-003
TX-0000470,2025-08-21 12:30:00,LOT-SUP-002-20250821-047,SUP-002,PRD-027,P01,material_received,3007,,3aa6b8cd84319ecf,3189b14ac84092c6,SC-005
TX-0000471,2026-07-17 21:52:00,LOT-SUP-013-20260717-041,SUP-013,PRD-058,P03,finished_goods,14035,,3189b14ac84092c6,6510649961a8f64d,SC-003
TX-0000472,2025-12-28 15:33:00,LOT-SUP-009-20251228-018,SUP-009,PRD-051,P02,line_release,22234,QCERT-00332,6510649961a8f64d,11fc86ff9d3bfd4e,SC-010
TX-0000473,2026-03-17 23:19:00,LOT-SUP-005-20260317-002,SUP-005,PRD-038,P02,shipment_handover,14163,,11fc86ff9d3bfd4e,196f4aed64675b95,SC-002
TX-0000474,2025-12-20 12:38:00,LOT-SUP-005-20251220-035,SUP-005,PRD-041,P01,finished_goods,11650,,196f4aed64675b95,f44953d8b65c3575,SC-006
TX-0000475,2025-09-30 04:31:00,LOT-SUP-002-20250930-022,SUP-002,PRD-064,P01,finished_goods,23713,,f44953d8b65c3575,259b6f1d53c9d1fb,SC-003
TX-0000476,2026-07-22 23:37:00,LOT-SUP-008-20260722-020,SUP-008,PRD-002,P03,line_release,7002,QCERT-00530,259b6f1d53c9d1fb,1c7004c6f927f62f,SC-011
TX-0000477,2026-05-24 13:54:00,LOT-SUP-013-20260524-014,SUP-013,PRD-079,P01,material_received,5965,,1c7004c6f927f62f,7f81bb9411b79d40,SC-011
TX-0000478,2025-08-26 14:43:00,LOT-SUP-009-20250826-040,SUP-009,PRD-032,P02,quality_certificate,24773,QCERT-00415,7f81bb9411b79d40,82e47bb5dd19f859,SC-011
TX-0000479,2026-04-01 20:33:00,LOT-SUP-001-20260401-045,SUP-001,PRD-046,P01,quality_certificate,21105,QCERT-00030,82e47bb5dd19f859,0dc0562856c81a57,SC-008
TX-0000480,2026-03-28 18:05:00,LOT-SUP-009-20260328-038,SUP-009,PRD-051,P02,material_received,13388,,0dc0562856c81a57,6dee669fff053e23,SC-001
TX-0000481,2026-07-02 23:16:00,LOT-SUP-013-20260702-025,SUP-013,PRD-062,P01,material_received,15311,,6dee669fff053e23,b509d5d30ec5e554,SC-002
TX-0000482,2025-12-08 08:38:00,LOT-SUP-014-20251208-035,SUP-014,PRD-029,P02,finished_goods,10199,,b509d5d30ec5e554,a03efc3edf328efb,SC-012
TX-0000483,2026-02-27 14:28:00,LOT-SUP-010-20260227-031,SUP-010,PRD-056,P03,quality_certificate,6445,QCERT-00714,a03efc3edf328efb,908b401a33a31acb,SC-004
TX-0000484,2025-12-18 12:08:00,LOT-SUP-002-20251218-051,SUP-002,PRD-042,P02,finished_goods,11011,,908b401a33a31acb,972cce876632045c,SC-002
TX-0000485,2026-04-19 19:42:00,LOT-SUP-007-20260419-056,SUP-007,PRD-070,P02,line_release,16927,QCERT-00290,972cce876632045c,483e32e412973778,SC-004
TX-0000486,2025-10-22 11:18:00,LOT-SUP-002-20251022-023,SUP-002,PRD-001,P01,material_received,9866,,483e32e412973778,299c644768dba3be,SC-001
TX-0000487,2025-11-06 00:24:00,LOT-SUP-003-20251106-032,SUP-003,PRD-078,P03,quality_certificate,16527,QCERT-00576,299c644768dba3be,0c7faa1c01ef50c6,SC-010
TX-0000488,2026-02-07 23:52:00,LOT-SUP-009-20260207-030,SUP-009,PRD-051,P02,material_received,20283,,0c7faa1c01ef50c6,baf643cc54b3b91d,SC-005
TX-0000489,2026-07-17 23:38:00,LOT-SUP-018-20260717-051,SUP-018,PRD-019,P01,material_received,14437,,baf643cc54b3b91d,94cda5bd0fb23220,SC-011
TX-0000490,2026-02-28 06:38:00,LOT-SUP-008-20260228-001,SUP-008,PRD-007,P01,material_received,18987,,94cda5bd0fb23220,a6861cb5bb3e2d55,SC-001
TX-0000491,2026-04-20 06:30:00,LOT-SUP-004-20260420-029,SUP-004,PRD-059,P01,line_release,14985,QCERT-00162,a6861cb5bb3e2d55,d0b6fc791f171aa4,SC-001
TX-0000492,2025-11-15 12:36:00,LOT-SUP-011-20251115-049,SUP-011,PRD-075,P01,line_release,2904,QCERT-00558,d0b6fc791f171aa4,eaa1656413ea910b,SC-010
TX-0000493,2026-07-26 05:30:00,LOT-SUP-009-20260726-022,SUP-009,PRD-077,P01,shipment_handover,22266,,eaa1656413ea910b,49894da81cfb4763,SC-008
TX-0000494,2026-04-13 03:30:00,LOT-SUP-005-20260413-020,SUP-005,PRD-038,P01,quality_certificate,5633,QCERT-00136,49894da81cfb4763,4431408a974d922f,SC-002
TX-0000495,2026-06-12 01:41:00,LOT-SUP-014-20260612-060,SUP-014,PRD-029,P01,finished_goods,22948,,4431408a974d922f,15df858bccc1af68,SC-007
TX-0000496,2026-04-18 11:51:00,LOT-SUP-010-20260418-013,SUP-010,PRD-076,P01,line_release,4138,QCERT-00759,15df858bccc1af68,c1515e0ec539acd9,SC-006
TX-0000497,2026-02-25 03:11:00,LOT-SUP-007-20260225-005,SUP-007,PRD-055,P02,material_received,17419,,c1515e0ec539acd9,ba47c4c345d16472,SC-011
TX-0000498,2026-02-13 16:36:00,LOT-SUP-006-20260213-026,SUP-006,PRD-040,P01,quality_certificate,8055,QCERT-00863,ba47c4c345d16472,f5cd8c2410ae46a7,SC-004
TX-0000499,2026-03-22 23:08:00,LOT-SUP-005-20260322-016,SUP-005,PRD-022,P03,line_release,16327,QCERT-00465,f5cd8c2410ae46a7,81631e63a1808949,SC-012
TX-0000500,2026-05-07 01:03:00,LOT-SUP-015-20260507-012,SUP-015,PRD-013,P01,line_release,21548,QCERT-00500,81631e63a1808949,31ebac22b4c7affc,SC-008
TX-0000501,2026-03-12 17:48:00,LOT-SUP-010-20260312-037,SUP-010,PRD-056,P03,quality_certificate,23708,QCERT-00626,31ebac22b4c7affc,bce2645e93b24308,SC-002
TX-0000502,2025-08-25 13:33:00,LOT-SUP-006-20250825-032,SUP-006,PRD-052,P02,material_received,11811,,bce2645e93b24308,49dea009b67a6b02,SC-002
TX-0000503,2026-07-19 16:03:00,LOT-SUP-011-20260719-016,SUP-011,PRD-017,P01,finished_goods,11329,,49dea009b67a6b02,cc747e538a7d2f70,SC-004
TX-0000504,2025-12-02 04:18:00,LOT-SUP-016-20251202-042,SUP-016,PRD-008,P02,quality_certificate,10783,QCERT-00545,cc747e538a7d2f70,328567c05fc7cbc4,SC-003
TX-0000505,2025-12-26 17:02:00,LOT-SUP-003-20251226-005,SUP-003,PRD-060,P01,quality_certificate,10985,QCERT-00874,328567c05fc7cbc4,0b3faffcbd1f50b5,SC-008
TX-0000506,2026-03-07 07:12:00,LOT-SUP-003-20260307-010,SUP-003,PRD-071,P03,shipment_handover,19120,,0b3faffcbd1f50b5,5c0ba3c9f7f52650,SC-003
TX-0000507,2026-05-02 15:55:00,LOT-SUP-004-20260502-031,SUP-004,PRD-059,P01,line_release,18635,QCERT-00400,5c0ba3c9f7f52650,ff5d87a15f353a14,SC-004
TX-0000508,2026-04-12 23:44:00,LOT-SUP-011-20260412-002,SUP-011,PRD-075,P02,shipment_handover,6220,,ff5d87a15f353a14,3ce633060e428a9f,SC-002
TX-0000509,2026-03-04 17:26:00,LOT-SUP-004-20260304-028,SUP-004,PRD-050,P02,material_received,14743,,3ce633060e428a9f,d0f2c7e19e598c47,SC-012
TX-0000510,2026-03-07 04:09:00,LOT-SUP-015-20260307-030,SUP-015,PRD-003,P02,line_release,7469,QCERT-00334,d0f2c7e19e598c47,d348b6e457ac6dfc,SC-005
TX-0000511,2025-12-21 01:17:00,LOT-SUP-006-20251221-023,SUP-006,PRD-049,P01,line_release,23721,QCERT-00053,d348b6e457ac6dfc,657ba383319860a3,SC-008
TX-0000512,2026-04-24 23:10:00,LOT-SUP-001-20260424-034,SUP-001,PRD-011,P01,finished_goods,933,,657ba383319860a3,5f27d380dfb8155a,SC-012
TX-0000513,2026-03-08 13:38:00,LOT-SUP-013-20260308-016,SUP-013,PRD-062,P01,material_received,20948,,5f27d380dfb8155a,b4078b1f39a0703f,SC-011
TX-0000514,2026-07-11 04:20:00,LOT-SUP-012-20260711-019,SUP-012,PRD-012,P01,quality_certificate,5053,QCERT-00307,b4078b1f39a0703f,f26a8f19e5d83a91,SC-011
TX-0000515,2025-11-08 15:44:00,LOT-SUP-006-20251108-021,SUP-006,PRD-065,P03,quality_certificate,7925,QCERT-00413,f26a8f19e5d83a91,27ea93deff33afad,SC-007
TX-0000516,2026-06-05 00:02:00,LOT-SUP-002-20260605-039,SUP-002,PRD-027,P03,material_received,2661,,27ea93deff33afad,d3045dd816140ad8,SC-006
TX-0000517,2025-08-12 13:13:00,LOT-SUP-006-20250812-041,SUP-006,PRD-052,P01,line_release,12194,QCERT-00674,d3045dd816140ad8,5f9c2cde4fd9d42c,SC-002
TX-0000518,2026-07-19 11:11:00,LOT-SUP-016-20260719-052,SUP-016,PRD-043,P03,quality_certificate,23041,QCERT-00092,5f9c2cde4fd9d42c,d7e69ecb1ec2d20d,SC-006
TX-0000519,2026-01-02 16:55:00,LOT-SUP-010-20260102-034,SUP-010,PRD-056,P01,line_release,9420,QCERT-00756,d7e69ecb1ec2d20d,cb66e52bfeee93ca,SC-003
TX-0000520,2026-02-06 02:31:00,LOT-SUP-011-20260206-023,SUP-011,PRD-017,P02,shipment_handover,19001,,cb66e52bfeee93ca,9d5e04934402b25c,SC-005
TX-0000521,2025-12-10 02:42:00,LOT-SUP-010-20251210-047,SUP-010,PRD-056,P03,material_received,18149,,9d5e04934402b25c,b74dcad949a8a174,SC-008
TX-0000522,2025-10-15 12:30:00,LOT-SUP-015-20251015-005,SUP-015,PRD-021,P02,material_received,14196,,b74dcad949a8a174,9e19b450d44828d8,SC-001
TX-0000523,2026-04-04 03:43:00,LOT-SUP-014-20260404-003,SUP-014,PRD-025,P02,quality_certificate,19521,QCERT-00890,9e19b450d44828d8,daf9cf8fdee048a0,SC-012
TX-0000524,2025-12-02 11:34:00,LOT-SUP-009-20251202-012,SUP-009,PRD-039,P03,finished_goods,1314,,daf9cf8fdee048a0,85d7d4b1cd7b2b41,SC-008
TX-0000525,2026-06-14 22:24:00,LOT-SUP-004-20260614-008,SUP-004,PRD-069,P03,material_received,13062,,85d7d4b1cd7b2b41,167c0b23dfe64a75,SC-005
TX-0000526,2026-03-25 09:32:00,LOT-SUP-006-20260325-020,SUP-006,PRD-052,P02,finished_goods,3234,,167c0b23dfe64a75,e9590b078d8e320f,SC-005
TX-0000527,2025-11-07 18:40:00,LOT-SUP-009-20251107-030,SUP-009,PRD-032,P03,material_received,8132,,e9590b078d8e320f,9cd1f5ea14e03ca3,SC-006
TX-0000528,2026-05-23 06:01:00,LOT-SUP-018-20260523-015,SUP-018,PRD-019,P03,material_received,9031,,9cd1f5ea14e03ca3,67868355806a18c7,SC-008
TX-0000529,2026-03-29 14:36:00,LOT-SUP-005-20260329-049,SUP-005,PRD-041,P02,material_received,15265,,67868355806a18c7,c038903d1feed3ae,SC-008
TX-0000530,2026-03-16 09:41:00,LOT-SUP-008-20260316-028,SUP-008,PRD-026,P02,quality_certificate,21412,QCERT-00271,c038903d1feed3ae,baa89e54012f6274,SC-007
TX-0000531,2026-05-05 07:28:00,LOT-SUP-014-20260505-004,SUP-014,PRD-025,P03,finished_goods,1058,,baa89e54012f6274,aea39283d25ab4ea,SC-011
TX-0000532,2026-06-09 16:30:00,LOT-SUP-007-20260609-051,SUP-007,PRD-070,P02,line_release,16094,QCERT-00262,aea39283d25ab4ea,bb2b5ab1a6e3f3e1,SC-008
TX-0000533,2026-05-21 08:26:00,LOT-SUP-010-20260521-039,SUP-010,PRD-010,P01,line_release,2832,QCERT-00473,bb2b5ab1a6e3f3e1,32cea3f536c8a28f,SC-011
TX-0000534,2026-01-27 08:44:00,LOT-SUP-008-20260127-046,SUP-008,PRD-007,P03,quality_certificate,10186,QCERT-00519,32cea3f536c8a28f,4eb89158119965b4,SC-002
TX-0000535,2026-07-07 03:21:00,LOT-SUP-015-20260707-003,SUP-015,PRD-003,P03,shipment_handover,18080,,4eb89158119965b4,816eb1d1548cc478,SC-001
TX-0000536,2026-02-24 20:22:00,LOT-SUP-011-20260224-058,SUP-011,PRD-017,P02,line_release,599,QCERT-00480,816eb1d1548cc478,91416d2dae1e52f1,SC-007
TX-0000537,2025-08-14 10:00:00,LOT-SUP-013-20250814-033,SUP-013,PRD-062,P02,shipment_handover,12870,,91416d2dae1e52f1,2fcdd3e697d87f45,SC-006
TX-0000538,2025-10-31 17:31:00,LOT-SUP-012-20251031-039,SUP-012,PRD-006,P03,quality_certificate,10094,QCERT-00889,2fcdd3e697d87f45,2514d9b64ddba173,SC-012
TX-0000539,2026-07-05 22:06:00,LOT-SUP-005-20260705-039,SUP-005,PRD-022,P03,finished_goods,11821,,2514d9b64ddba173,f88eed7eb8875933,SC-001
TX-0000540,2026-07-25 04:19:00,LOT-SUP-017-20260725-049,SUP-017,PRD-009,P01,material_received,14404,,f88eed7eb8875933,0c3cef593356a7db,SC-001
TX-0000541,2026-01-23 01:31:00,LOT-SUP-006-20260123-038,SUP-006,PRD-040,P03,quality_certificate,20924,QCERT-00411,0c3cef593356a7db,6acd1b27e4c10773,SC-009
TX-0000542,2026-05-02 03:44:00,LOT-SUP-005-20260502-058,SUP-005,PRD-041,P02,finished_goods,16099,,6acd1b27e4c10773,216b745ced7c355b,SC-007
TX-0000543,2025-12-16 14:28:00,LOT-SUP-013-20251216-055,SUP-013,PRD-062,P01,line_release,8282,QCERT-00543,216b745ced7c355b,f5d18a040d64936c,SC-001
TX-0000544,2026-07-30 21:13:00,LOT-SUP-012-20260730-044,SUP-012,PRD-012,P01,material_received,19156,,f5d18a040d64936c,9bde417a178ff37a,SC-003
TX-0000545,2025-12-21 04:51:00,LOT-SUP-017-20251221-012,SUP-017,PRD-030,P01,material_received,18321,,9bde417a178ff37a,e7c6504e8becfe00,SC-011
TX-0000546,2026-04-13 16:01:00,LOT-SUP-005-20260413-038,SUP-005,PRD-014,P03,finished_goods,11819,,e7c6504e8becfe00,a37412827f42a0a8,SC-010
TX-0000547,2026-05-20 04:01:00,LOT-SUP-012-20260520-038,SUP-012,PRD-012,P01,finished_goods,17967,,a37412827f42a0a8,1ba0c810fbd0da39,SC-010
TX-0000548,2026-01-17 16:23:00,LOT-SUP-006-20260117-060,SUP-006,PRD-065,P03,shipment_handover,8450,,1ba0c810fbd0da39,5f3faee322a47f2c,SC-011
TX-0000549,2025-09-26 15:46:00,LOT-SUP-009-20250926-023,SUP-009,PRD-018,P01,material_received,20408,,5f3faee322a47f2c,bf10ff796a2472af,SC-007
TX-0000550,2025-12-21 00:24:00,LOT-SUP-007-20251221-047,SUP-007,PRD-073,P02,line_release,23973,QCERT-00071,bf10ff796a2472af,d8decd353998ab47,SC-007
TX-0000551,2025-09-29 05:08:00,LOT-SUP-007-20250929-034,SUP-007,PRD-073,P03,line_release,10807,QCERT-00021,d8decd353998ab47,639e055088848b73,SC-005
TX-0000552,2025-12-17 18:43:00,LOT-SUP-009-20251217-018,SUP-009,PRD-048,P01,line_release,10432,QCERT-00658,639e055088848b73,84ca0b4089c8f6a1,SC-011
TX-0000553,2025-10-30 00:04:00,LOT-SUP-006-20251030-045,SUP-006,PRD-040,P02,material_received,16781,,84ca0b4089c8f6a1,2ebe565977620a34,SC-002
TX-0000554,2025-11-21 17:12:00,LOT-SUP-017-20251121-021,SUP-017,PRD-009,P01,material_received,24628,,2ebe565977620a34,0d7b2776dc839352,SC-001
TX-0000555,2025-10-15 22:25:00,LOT-SUP-005-20251015-009,SUP-005,PRD-023,P02,line_release,20518,QCERT-00779,0d7b2776dc839352,5abc83fa1a3bb9e9,SC-002
TX-0000556,2026-05-21 06:33:00,LOT-SUP-002-20260521-047,SUP-002,PRD-001,P03,finished_goods,11350,,5abc83fa1a3bb9e9,60961983b132f288,SC-003
TX-0000557,2026-04-06 20:31:00,LOT-SUP-008-20260406-033,SUP-008,PRD-033,P01,quality_certificate,18302,QCERT-00667,60961983b132f288,95ae80ac4ac5b6e4,SC-006
TX-0000558,2026-02-23 02:09:00,LOT-SUP-010-20260223-048,SUP-010,PRD-010,P02,line_release,11923,QCERT-00085,95ae80ac4ac5b6e4,172b4bfae0ed9995,SC-010
TX-0000559,2025-08-08 05:51:00,LOT-SUP-017-20250808-004,SUP-017,PRD-030,P01,line_release,8191,QCERT-00345,172b4bfae0ed9995,ee7a2775f38cf69e,SC-005
TX-0000560,2026-04-16 12:04:00,LOT-SUP-008-20260416-055,SUP-008,PRD-026,P03,line_release,6334,QCERT-00135,ee7a2775f38cf69e,477aca805c413238,SC-005
TX-0000561,2025-08-22 05:56:00,LOT-SUP-003-20250822-023,SUP-003,PRD-072,P02,line_release,19081,QCERT-00065,477aca805c413238,847257ca41683c6d,SC-004
TX-0000562,2026-05-09 05:53:00,LOT-SUP-009-20260509-013,SUP-009,PRD-048,P03,material_received,14422,,847257ca41683c6d,9d6acad64545268d,SC-007
TX-0000563,2026-04-05 03:51:00,LOT-SUP-011-20260405-055,SUP-011,PRD-075,P01,line_release,16126,QCERT-00571,9d6acad64545268d,3925a47f9d829f2d,SC-001
TX-0000564,2026-05-04 02:07:00,LOT-SUP-006-20260504-005,SUP-006,PRD-052,P01,material_received,10302,,3925a47f9d829f2d,8c40c284fdc14049,SC-001
TX-0000565,2026-03-15 23:26:00,LOT-SUP-002-20260315-007,SUP-002,PRD-001,P03,line_release,19564,QCERT-00556,8c40c284fdc14049,9bcb7ceec8435ffe,SC-007
TX-0000566,2025-12-18 04:45:00,LOT-SUP-008-20251218-018,SUP-008,PRD-026,P02,shipment_handover,22814,,9bcb7ceec8435ffe,984d606dccc09958,SC-004
TX-0000567,2026-07-03 21:37:00,LOT-SUP-016-20260703-035,SUP-016,PRD-063,P01,finished_goods,6000,,984d606dccc09958,3a786c80fe564de5,SC-006
TX-0000568,2026-07-02 14:23:00,LOT-SUP-015-20260702-008,SUP-015,PRD-004,P03,material_received,11086,,3a786c80fe564de5,f9e9da807815bf59,SC-004
TX-0000569,2025-11-21 03:08:00,LOT-SUP-014-20251121-021,SUP-014,PRD-025,P01,finished_goods,1962,,f9e9da807815bf59,b43bd9e12c2c7d62,SC-012
TX-0000570,2026-03-01 08:20:00,LOT-SUP-005-20260301-030,SUP-005,PRD-024,P01,shipment_handover,1231,,b43bd9e12c2c7d62,62c25b944aae1fd9,SC-012
TX-0000571,2026-05-29 08:44:00,LOT-SUP-001-20260529-002,SUP-001,PRD-067,P01,quality_certificate,4222,QCERT-00765,62c25b944aae1fd9,f10bb373d534846d,SC-005
TX-0000572,2025-10-04 06:43:00,LOT-SUP-004-20251004-042,SUP-004,PRD-059,P02,quality_certificate,9263,QCERT-00498,f10bb373d534846d,c4d60760c5a1e726,SC-009
TX-0000573,2025-12-08 17:15:00,LOT-SUP-001-20251208-046,SUP-001,PRD-046,P02,finished_goods,5888,,c4d60760c5a1e726,e1b0f505b1313a26,SC-003
TX-0000574,2026-07-29 23:24:00,LOT-SUP-017-20260729-034,SUP-017,PRD-030,P02,line_release,4374,QCERT-00052,e1b0f505b1313a26,e0cbd98260de7cf1,SC-010
TX-0000575,2025-12-28 07:00:00,LOT-SUP-004-20251228-053,SUP-004,PRD-069,P02,material_received,19111,,e0cbd98260de7cf1,68b5e30b1426af82,SC-007
TX-0000576,2026-05-16 17:28:00,LOT-SUP-015-20260516-014,SUP-015,PRD-013,P02,quality_certificate,12679,QCERT-00294,68b5e30b1426af82,40e435c7b1773112,SC-004
TX-0000577,2026-02-17 13:33:00,LOT-SUP-009-20260217-054,SUP-009,PRD-039,P01,material_received,4688,,40e435c7b1773112,5682980bde69baad,SC-002
TX-0000578,2025-09-30 08:38:00,LOT-SUP-017-20250930-056,SUP-017,PRD-030,P01,quality_certificate,6909,QCERT-00046,5682980bde69baad,49dc548bd229127d,SC-002
TX-0000579,2026-04-06 10:31:00,LOT-SUP-002-20260406-028,SUP-002,PRD-001,P03,material_received,9247,,49dc548bd229127d,fb730f304c1d6426,SC-010
TX-0000580,2026-05-22 17:10:00,LOT-SUP-015-20260522-020,SUP-015,PRD-003,P03,material_received,17339,,fb730f304c1d6426,9fb9bfa6efa27ab5,SC-001
TX-0000581,2026-01-29 19:55:00,LOT-SUP-012-20260129-009,SUP-012,PRD-012,P01,material_received,1905,,9fb9bfa6efa27ab5,ae27835c93f57f9d,SC-011
TX-0000582,2025-10-10 12:51:00,LOT-SUP-013-20251010-003,SUP-013,PRD-079,P03,material_received,23259,,ae27835c93f57f9d,268c620c3d39f01d,SC-010
TX-0000583,2026-05-23 23:25:00,LOT-SUP-016-20260523-023,SUP-016,PRD-080,P03,line_release,22687,QCERT-00821,268c620c3d39f01d,38a9e80e12251f90,SC-005
TX-0000584,2026-06-26 13:54:00,LOT-SUP-005-20260626-023,SUP-005,PRD-016,P01,line_release,17759,QCERT-00306,38a9e80e12251f90,03ea7a61983c937a,SC-011
TX-0000585,2025-11-23 00:43:00,LOT-SUP-002-20251123-058,SUP-002,PRD-042,P03,finished_goods,21772,,03ea7a61983c937a,6621e5e3c4b8d250,SC-009
TX-0000586,2026-06-28 09:34:00,LOT-SUP-008-20260628-037,SUP-008,PRD-044,P03,shipment_handover,22154,,6621e5e3c4b8d250,59e62f29925b6975,SC-007
TX-0000587,2026-01-12 10:06:00,LOT-SUP-010-20260112-038,SUP-010,PRD-045,P01,material_received,8429,,59e62f29925b6975,923243bcc9755db9,SC-007
TX-0000588,2026-05-18 04:08:00,LOT-SUP-009-20260518-037,SUP-009,PRD-077,P01,shipment_handover,4880,,923243bcc9755db9,7624d644748b3dcc,SC-001
TX-0000589,2025-08-23 19:07:00,LOT-SUP-005-20250823-018,SUP-005,PRD-023,P02,line_release,20179,QCERT-00057,7624d644748b3dcc,e38fa3598aaa6590,SC-003
TX-0000590,2025-12-30 23:08:00,LOT-SUP-005-20251230-028,SUP-005,PRD-038,P01,finished_goods,16551,,e38fa3598aaa6590,a137c95e7e8dc70f,SC-009
TX-0000591,2025-12-12 05:31:00,LOT-SUP-006-20251212-015,SUP-006,PRD-065,P01,material_received,9930,,a137c95e7e8dc70f,741394eb1b97dbc2,SC-002
TX-0000592,2026-05-19 22:23:00,LOT-SUP-013-20260519-040,SUP-013,PRD-079,P01,line_release,7027,QCERT-00584,741394eb1b97dbc2,4e6781f484bc4d56,SC-008
TX-0000593,2026-05-12 09:02:00,LOT-SUP-008-20260512-056,SUP-008,PRD-007,P02,shipment_handover,21245,,4e6781f484bc4d56,f1194e6ebca187f1,SC-011
TX-0000594,2026-03-24 02:56:00,LOT-SUP-010-20260324-024,SUP-010,PRD-045,P01,line_release,1105,QCERT-00365,f1194e6ebca187f1,003c5e0f41b77284,SC-005
TX-0000595,2026-07-15 18:24:00,LOT-SUP-001-20260715-045,SUP-001,PRD-046,P02,line_release,22630,QCERT-00685,003c5e0f41b77284,1da42eb05199694e,SC-011
TX-0000596,2026-06-11 19:51:00,LOT-SUP-001-20260611-037,SUP-001,PRD-067,P02,line_release,17043,QCERT-00394,1da42eb05199694e,d7488eade720b45a,SC-002
TX-0000597,2026-03-29 07:02:00,LOT-SUP-017-20260329-025,SUP-017,PRD-009,P02,line_release,1523,QCERT-00234,d7488eade720b45a,00611a0c698c5dca,SC-001
TX-0000598,2025-11-02 04:25:00,LOT-SUP-013-20251102-018,SUP-013,PRD-062,P02,finished_goods,22768,,00611a0c698c5dca,d626bab848a246a0,SC-010
TX-0000599,2026-03-04 04:52:00,LOT-SUP-001-20260304-028,SUP-001,PRD-068,P02,line_release,18548,QCERT-00745,d626bab848a246a0,065f737be7c39b66,SC-005
TX-0000600,2025-08-10 06:42:00,LOT-SUP-005-20250810-040,SUP-005,PRD-038,P01,line_release,14819,QCERT-00763,065f737be7c39b66,fafcb92ec88cee6b,SC-007
TX-0000601,2025-08-17 16:20:00,LOT-SUP-007-20250817-043,SUP-007,PRD-070,P01,material_received,21822,,fafcb92ec88cee6b,8ce1c00718542120,SC-003
TX-0000602,2025-08-19 02:38:00,LOT-SUP-004-20250819-034,SUP-004,PRD-059,P03,material_received,23584,,8ce1c00718542120,e51de3dfd4e43d9b,SC-005
TX-0000603,2025-10-27 07:22:00,LOT-SUP-009-20251027-035,SUP-009,PRD-048,P02,line_release,3426,QCERT-00733,e51de3dfd4e43d9b,090bccd69f314919,SC-010
TX-0000604,2026-06-11 15:57:00,LOT-SUP-006-20260611-005,SUP-006,PRD-065,P01,line_release,16281,QCERT-00714,090bccd69f314919,f044bbda04df4855,SC-003
TX-0000605,2025-12-29 02:39:00,LOT-SUP-015-20251229-001,SUP-015,PRD-013,P03,quality_certificate,10449,QCERT-00621,f044bbda04df4855,aeaf31e37ae3d1d8,SC-008
TX-0000606,2026-05-28 04:40:00,LOT-SUP-012-20260528-035,SUP-012,PRD-012,P03,finished_goods,2174,,aeaf31e37ae3d1d8,9f23688eda3f370c,SC-003
TX-0000607,2026-01-02 10:26:00,LOT-SUP-006-20260102-006,SUP-006,PRD-049,P03,finished_goods,22115,,9f23688eda3f370c,8317ab6337cc668f,SC-003
TX-0000608,2025-08-22 07:38:00,LOT-SUP-006-20250822-005,SUP-006,PRD-040,P01,shipment_handover,20529,,8317ab6337cc668f,5fe87fdc13aa1257,SC-006
TX-0000609,2025-11-22 07:08:00,LOT-SUP-001-20251122-010,SUP-001,PRD-011,P03,material_received,7827,,5fe87fdc13aa1257,0cbf6690c388bead,SC-012
TX-0000610,2026-05-23 07:34:00,LOT-SUP-016-20260523-055,SUP-016,PRD-043,P02,material_received,14088,,0cbf6690c388bead,ceee60a6745ff626,SC-011
TX-0000611,2025-08-25 14:37:00,LOT-SUP-002-20250825-022,SUP-002,PRD-042,P02,shipment_handover,11431,,ceee60a6745ff626,bc1807fc7619cdd6,SC-009
TX-0000612,2026-04-21 18:11:00,LOT-SUP-003-20260421-006,SUP-003,PRD-072,P03,material_received,23285,,bc1807fc7619cdd6,0a71d33bb6e8b707,SC-008
TX-0000613,2026-04-14 23:30:00,LOT-SUP-014-20260414-052,SUP-014,PRD-029,P03,finished_goods,22225,,0a71d33bb6e8b707,3ea3f43f08af74ca,SC-011
TX-0000614,2025-11-01 20:16:00,LOT-SUP-005-20251101-006,SUP-005,PRD-038,P03,material_received,17496,,3ea3f43f08af74ca,bab6a5c5df1dc48f,SC-011
TX-0000615,2025-08-16 01:49:00,LOT-SUP-015-20250816-042,SUP-015,PRD-031,P01,material_received,16096,,bab6a5c5df1dc48f,9ba5e80a9d4b45d8,SC-010
TX-0000616,2026-02-21 12:20:00,LOT-SUP-015-20260221-032,SUP-015,PRD-003,P01,line_release,6174,QCERT-00275,9ba5e80a9d4b45d8,b11c8fe8e76e44a4,SC-008
TX-0000617,2026-03-01 15:41:00,LOT-SUP-002-20260301-049,SUP-002,PRD-027,P03,line_release,16443,QCERT-00101,b11c8fe8e76e44a4,267a50892b8c9fbf,SC-004
TX-0000618,2025-12-15 10:48:00,LOT-SUP-007-20251215-057,SUP-007,PRD-055,P03,quality_certificate,15492,QCERT-00568,267a50892b8c9fbf,247729e26418b4a7,SC-010
TX-0000619,2025-08-11 05:31:00,LOT-SUP-009-20250811-017,SUP-009,PRD-032,P02,quality_certificate,20067,QCERT-00574,247729e26418b4a7,808cb3481a98c9b7,SC-005
TX-0000620,2026-01-15 18:47:00,LOT-SUP-006-20260115-032,SUP-006,PRD-049,P02,finished_goods,11541,,808cb3481a98c9b7,bb491da8cd201eb5,SC-002
TX-0000621,2025-12-31 09:01:00,LOT-SUP-016-20251231-025,SUP-016,PRD-043,P03,shipment_handover,23999,,bb491da8cd201eb5,c18ffb0e0334a1ca,SC-008
TX-0000622,2025-10-13 02:07:00,LOT-SUP-014-20251013-010,SUP-014,PRD-025,P02,line_release,14466,QCERT-00274,c18ffb0e0334a1ca,ba3c0de4ff243112,SC-003
TX-0000623,2025-10-11 18:14:00,LOT-SUP-008-20251011-045,SUP-008,PRD-037,P01,quality_certificate,21879,QCERT-00249,ba3c0de4ff243112,20bdb492c1eee6f5,SC-003
TX-0000624,2026-06-11 10:42:00,LOT-SUP-016-20260611-033,SUP-016,PRD-043,P03,quality_certificate,4715,QCERT-00070,20bdb492c1eee6f5,dd968ac690f28903,SC-001
TX-0000625,2026-01-29 15:32:00,LOT-SUP-015-20260129-007,SUP-015,PRD-013,P01,shipment_handover,1616,,dd968ac690f28903,1fcbd3ee87a410b3,SC-005
TX-0000626,2025-09-14 14:55:00,LOT-SUP-009-20250914-017,SUP-009,PRD-039,P02,shipment_handover,7462,,1fcbd3ee87a410b3,83a8cc0cc0133a9d,SC-003
TX-0000627,2026-06-24 03:31:00,LOT-SUP-008-20260624-059,SUP-008,PRD-007,P03,finished_goods,6602,,83a8cc0cc0133a9d,26eab27ee51b7f4f,SC-008
TX-0000628,2025-12-22 06:40:00,LOT-SUP-005-20251222-058,SUP-005,PRD-005,P01,finished_goods,21894,,26eab27ee51b7f4f,b3eb57d984a56a19,SC-001
TX-0000629,2025-11-11 07:35:00,LOT-SUP-002-20251111-045,SUP-002,PRD-042,P03,material_received,21178,,b3eb57d984a56a19,7f02a927d0f822ca,SC-001
TX-0000630,2026-05-10 01:20:00,LOT-SUP-001-20260510-012,SUP-001,PRD-068,P02,quality_certificate,15864,QCERT-00193,7f02a927d0f822ca,504e09402d2cdbe5,SC-007
TX-0000631,2025-08-29 17:14:00,LOT-SUP-005-20250829-029,SUP-005,PRD-016,P03,line_release,23984,QCERT-00813,504e09402d2cdbe5,92051292e541287f,SC-001
TX-0000632,2026-01-22 07:39:00,LOT-SUP-015-20260122-021,SUP-015,PRD-047,P01,finished_goods,24351,,92051292e541287f,373bb6a14f78bcfc,SC-002
TX-0000633,2026-03-19 02:46:00,LOT-SUP-015-20260319-056,SUP-015,PRD-004,P02,material_received,20919,,373bb6a14f78bcfc,a0daff5a8f2fd6a5,SC-003
TX-0000634,2025-11-12 15:23:00,LOT-SUP-008-20251112-054,SUP-008,PRD-033,P02,line_release,9376,QCERT-00711,a0daff5a8f2fd6a5,1047c10cd75eb8f6,SC-007
TX-0000635,2026-07-24 12:53:00,LOT-SUP-006-20260724-048,SUP-006,PRD-052,P02,quality_certificate,5337,QCERT-00088,1047c10cd75eb8f6,e9245833293aa857,SC-010
TX-0000636,2026-07-02 08:02:00,LOT-SUP-008-20260702-018,SUP-008,PRD-053,P02,finished_goods,3506,,e9245833293aa857,5e83855e7e5a56ab,SC-007
TX-0000637,2025-09-01 23:01:00,LOT-SUP-008-20250901-047,SUP-008,PRD-002,P03,quality_certificate,21683,QCERT-00635,5e83855e7e5a56ab,92ce10905aaa5132,SC-012
TX-0000638,2025-12-11 16:50:00,LOT-SUP-011-20251211-011,SUP-011,PRD-017,P01,finished_goods,19947,,92ce10905aaa5132,3fe221ae07d2b075,SC-002
TX-0000639,2025-11-04 15:05:00,LOT-SUP-005-20251104-043,SUP-005,PRD-038,P02,material_received,6443,,3fe221ae07d2b075,e4a9a8aa6f3efcf0,SC-001
TX-0000640,2026-05-01 18:43:00,LOT-SUP-010-20260501-054,SUP-010,PRD-028,P03,material_received,17285,,e4a9a8aa6f3efcf0,a8030900aea79cc1,SC-009
TX-0000641,2025-10-10 14:57:00,LOT-SUP-015-20251010-020,SUP-015,PRD-003,P02,quality_certificate,21829,QCERT-00013,a8030900aea79cc1,91152e6db6fcca73,SC-002
TX-0000642,2025-08-20 13:40:00,LOT-SUP-002-20250820-042,SUP-002,PRD-027,P02,material_received,10152,,91152e6db6fcca73,07c54f17e0d171cc,SC-011
TX-0000643,2026-01-30 23:10:00,LOT-SUP-005-20260130-012,SUP-005,PRD-038,P03,line_release,2715,QCERT-00292,07c54f17e0d171cc,1f43f451ff83e5b8,SC-012
TX-0000644,2025-12-18 22:23:00,LOT-SUP-005-20251218-007,SUP-005,PRD-038,P02,material_received,9022,,1f43f451ff83e5b8,72bce6b0dae91675,SC-004
TX-0000645,2025-08-11 19:03:00,LOT-SUP-006-20250811-021,SUP-006,PRD-040,P01,material_received,2548,,72bce6b0dae91675,4415449af0d39dee,SC-011
TX-0000646,2026-02-09 20:54:00,LOT-SUP-003-20260209-001,SUP-003,PRD-020,P01,material_received,24171,,4415449af0d39dee,08c9f9591fda8009,SC-001
TX-0000647,2026-01-28 04:01:00,LOT-SUP-003-20260128-033,SUP-003,PRD-072,P02,line_release,22154,QCERT-00383,08c9f9591fda8009,7bcb8a0165a57065,SC-004
TX-0000648,2026-01-03 13:21:00,LOT-SUP-015-20260103-028,SUP-015,PRD-047,P02,shipment_handover,1500,,7bcb8a0165a57065,18122e233fcffc82,SC-007
TX-0000649,2026-02-04 12:14:00,LOT-SUP-009-20260204-056,SUP-009,PRD-048,P02,line_release,20458,QCERT-00833,18122e233fcffc82,dd37b5c6b41400f1,SC-011
TX-0000650,2026-03-26 15:57:00,LOT-SUP-009-20260326-038,SUP-009,PRD-032,P02,quality_certificate,19762,QCERT-00544,dd37b5c6b41400f1,0530b74ddd398233,SC-008
TX-0000651,2026-03-23 05:09:00,LOT-SUP-006-20260323-045,SUP-006,PRD-052,P02,shipment_handover,18976,,0530b74ddd398233,7b1ec88d9085b805,SC-006
TX-0000652,2026-05-16 04:17:00,LOT-SUP-006-20260516-039,SUP-006,PRD-065,P02,finished_goods,4775,,7b1ec88d9085b805,b78cc944be13bcca,SC-004
TX-0000653,2025-09-29 00:15:00,LOT-SUP-002-20250929-035,SUP-002,PRD-064,P03,material_received,19004,,b78cc944be13bcca,8bf3913bfa5df6f3,SC-004
TX-0000654,2026-02-27 02:39:00,LOT-SUP-013-20260227-021,SUP-013,PRD-062,P01,material_received,7453,,8bf3913bfa5df6f3,52941813b5b4ade1,SC-006
TX-0000655,2025-11-05 22:14:00,LOT-SUP-009-20251105-020,SUP-009,PRD-051,P01,shipment_handover,11246,,52941813b5b4ade1,622988042b4fb52e,SC-008
TX-0000656,2025-08-26 15:53:00,LOT-SUP-013-20250826-033,SUP-013,PRD-058,P03,material_received,22387,,622988042b4fb52e,642d638f96af6cec,SC-009
TX-0000657,2026-01-07 07:40:00,LOT-SUP-011-20260107-032,SUP-011,PRD-075,P02,finished_goods,14398,,642d638f96af6cec,4324cf27c09d60b6,SC-001
TX-0000658,2026-06-10 18:07:00,LOT-SUP-015-20260610-037,SUP-015,PRD-013,P03,material_received,6609,,4324cf27c09d60b6,582d3a1ca09a34d2,SC-002
TX-0000659,2026-07-01 11:19:00,LOT-SUP-001-20260701-045,SUP-001,PRD-067,P03,quality_certificate,17931,QCERT-00044,582d3a1ca09a34d2,5a0e6ad8a9ba9880,SC-006
TX-0000660,2025-12-12 05:50:00,LOT-SUP-015-20251212-011,SUP-015,PRD-003,P02,material_received,9341,,5a0e6ad8a9ba9880,7377a84d9653fdf9,SC-003
TX-0000661,2025-12-08 23:05:00,LOT-SUP-012-20251208-002,SUP-012,PRD-015,P03,material_received,3923,,7377a84d9653fdf9,9e39dbd14723c3ab,SC-003
TX-0000662,2026-05-05 15:24:00,LOT-SUP-015-20260505-055,SUP-015,PRD-074,P03,finished_goods,17809,,9e39dbd14723c3ab,7d76b051731968f4,SC-008
TX-0000663,2026-02-15 08:40:00,LOT-SUP-005-20260215-056,SUP-005,PRD-005,P03,shipment_handover,19830,,7d76b051731968f4,9994fc085d260bce,SC-001
TX-0000664,2026-05-21 19:03:00,LOT-SUP-004-20260521-036,SUP-004,PRD-066,P03,material_received,15977,,9994fc085d260bce,343dc36fcaa665f2,SC-009
TX-0000665,2025-10-15 11:34:00,LOT-SUP-017-20251015-049,SUP-017,PRD-009,P01,line_release,2661,QCERT-00329,343dc36fcaa665f2,4277eda48e91aee8,SC-007
TX-0000666,2025-08-31 08:29:00,LOT-SUP-016-20250831-051,SUP-016,PRD-080,P03,material_received,10132,,4277eda48e91aee8,814148884daccfc6,SC-005
TX-0000667,2025-11-25 01:58:00,LOT-SUP-001-20251125-010,SUP-001,PRD-068,P03,line_release,14548,QCERT-00543,814148884daccfc6,7cb032a52cfa8834,SC-011
TX-0000668,2025-11-08 05:09:00,LOT-SUP-006-20251108-005,SUP-006,PRD-065,P01,quality_certificate,5654,QCERT-00885,7cb032a52cfa8834,9165f5688ff12a5e,SC-006
TX-0000669,2026-05-17 18:34:00,LOT-SUP-007-20260517-004,SUP-007,PRD-055,P01,finished_goods,15147,,9165f5688ff12a5e,88c9dda8fb615891,SC-003
TX-0000670,2025-11-28 00:11:00,LOT-SUP-003-20251128-034,SUP-003,PRD-035,P01,finished_goods,21763,,88c9dda8fb615891,3c652e31d2c5dfc1,SC-004
TX-0000671,2026-05-18 20:33:00,LOT-SUP-001-20260518-020,SUP-001,PRD-067,P03,finished_goods,9781,,3c652e31d2c5dfc1,93f34f578ac12395,SC-001
TX-0000672,2026-01-03 23:16:00,LOT-SUP-001-20260103-060,SUP-001,PRD-068,P01,quality_certificate,4518,QCERT-00499,93f34f578ac12395,31405ac998b94810,SC-005
TX-0000673,2025-12-15 10:11:00,LOT-SUP-011-20251215-052,SUP-011,PRD-017,P01,quality_certificate,20769,QCERT-00230,31405ac998b94810,6d9ba5baa2167d3b,SC-005
TX-0000674,2026-05-27 08:36:00,LOT-SUP-014-20260527-034,SUP-014,PRD-036,P02,line_release,21697,QCERT-00367,6d9ba5baa2167d3b,4b0e13224090adc3,SC-011
TX-0000675,2026-05-05 18:26:00,LOT-SUP-016-20260505-013,SUP-016,PRD-063,P01,shipment_handover,1882,,4b0e13224090adc3,8b2bc1ae0d94645f,SC-012
TX-0000676,2025-11-23 16:46:00,LOT-SUP-008-20251123-059,SUP-008,PRD-037,P03,line_release,20105,QCERT-00595,8b2bc1ae0d94645f,8a3dda8c5cb8bf54,SC-005
TX-0000677,2025-12-05 11:06:00,LOT-SUP-005-20251205-045,SUP-005,PRD-014,P03,material_received,15956,,8a3dda8c5cb8bf54,2dcfbe36f1e1250f,SC-007
TX-0000678,2026-04-06 23:27:00,LOT-SUP-005-20260406-025,SUP-005,PRD-038,P02,line_release,2984,QCERT-00425,2dcfbe36f1e1250f,6dd833aece304395,SC-001
TX-0000679,2025-12-23 12:06:00,LOT-SUP-003-20251223-060,SUP-003,PRD-035,P01,material_received,15022,,6dd833aece304395,8e1f07fc9aba9fed,SC-004
TX-0000680,2025-11-09 18:08:00,LOT-SUP-005-20251109-001,SUP-005,PRD-022,P02,material_received,19804,,8e1f07fc9aba9fed,965bd4651d909443,SC-011
TX-0000681,2025-09-13 20:42:00,LOT-SUP-005-20250913-005,SUP-005,PRD-023,P03,line_release,10854,QCERT-00479,965bd4651d909443,b380b4a86bd61008,SC-003
TX-0000682,2026-04-25 03:24:00,LOT-SUP-002-20260425-047,SUP-002,PRD-001,P02,shipment_handover,839,,b380b4a86bd61008,bd9521176749d68b,SC-006
TX-0000683,2025-09-04 09:38:00,LOT-SUP-001-20250904-024,SUP-001,PRD-011,P03,line_release,3159,QCERT-00393,bd9521176749d68b,96be063d4a9e79a0,SC-003
TX-0000684,2025-10-05 01:40:00,LOT-SUP-001-20251005-052,SUP-001,PRD-068,P01,line_release,16864,QCERT-00084,96be063d4a9e79a0,6371b9499d613346,SC-011
TX-0000685,2026-04-20 15:28:00,LOT-SUP-012-20260420-058,SUP-012,PRD-015,P03,material_received,6356,,6371b9499d613346,f7d5702f8c4c6dbf,SC-009
TX-0000686,2026-05-15 23:54:00,LOT-SUP-007-20260515-027,SUP-007,PRD-055,P02,material_received,3618,,f7d5702f8c4c6dbf,ca9d5980656549a0,SC-009
TX-0000687,2026-03-29 02:23:00,LOT-SUP-018-20260329-001,SUP-018,PRD-019,P02,shipment_handover,19161,,ca9d5980656549a0,5d781619a9d9fb85,SC-003
TX-0000688,2026-01-03 15:13:00,LOT-SUP-006-20260103-026,SUP-006,PRD-049,P01,material_received,1167,,5d781619a9d9fb85,6b5af91e6c7e5a1e,SC-001
TX-0000689,2025-08-04 06:42:00,LOT-SUP-002-20250804-025,SUP-002,PRD-001,P01,shipment_handover,15861,,6b5af91e6c7e5a1e,622b44f3554bbc29,SC-012
TX-0000690,2026-03-26 14:05:00,LOT-SUP-010-20260326-028,SUP-010,PRD-076,P01,material_received,4113,,622b44f3554bbc29,644f8ca70f65274a,SC-011
TX-0000691,2025-12-31 12:21:00,LOT-SUP-015-20251231-053,SUP-015,PRD-031,P03,quality_certificate,23838,QCERT-00195,644f8ca70f65274a,0e3c658afd47bd6b,SC-002
TX-0000692,2026-02-05 01:59:00,LOT-SUP-008-20260205-011,SUP-008,PRD-002,P01,material_received,20572,,0e3c658afd47bd6b,f47c54a783c3c6e0,SC-003
TX-0000693,2026-01-10 01:30:00,LOT-SUP-012-20260110-017,SUP-012,PRD-006,P03,shipment_handover,8768,,f47c54a783c3c6e0,2977a358b91b0f86,SC-003
TX-0000694,2026-07-24 12:59:00,LOT-SUP-003-20260724-057,SUP-003,PRD-035,P01,finished_goods,933,,2977a358b91b0f86,48d0b82056c9baac,SC-005
TX-0000695,2026-05-16 13:23:00,LOT-SUP-002-20260516-020,SUP-002,PRD-064,P03,line_release,22049,QCERT-00499,48d0b82056c9baac,69860b0f1f0472a2,SC-012
TX-0000696,2026-05-21 21:16:00,LOT-SUP-011-20260521-008,SUP-011,PRD-017,P03,material_received,19094,,69860b0f1f0472a2,b9c56ac57c6973fc,SC-008
TX-0000697,2026-01-09 19:42:00,LOT-SUP-015-20260109-014,SUP-015,PRD-074,P03,line_release,6200,QCERT-00370,b9c56ac57c6973fc,69ad345be7777268,SC-004
TX-0000698,2025-09-23 23:07:00,LOT-SUP-002-20250923-035,SUP-002,PRD-042,P01,material_received,6328,,69ad345be7777268,97d2bca27fb8fcad,SC-004
TX-0000699,2025-09-06 01:15:00,LOT-SUP-012-20250906-003,SUP-012,PRD-012,P02,finished_goods,5677,,97d2bca27fb8fcad,9ceebbf47261a7ba,SC-004
TX-0000700,2025-09-18 13:56:00,LOT-SUP-014-20250918-021,SUP-014,PRD-036,P02,line_release,19582,QCERT-00817,9ceebbf47261a7ba,b7ab71e232df9176,SC-012
TX-0000701,2026-05-21 02:38:00,LOT-SUP-008-20260521-041,SUP-008,PRD-033,P02,material_received,14360,,b7ab71e232df9176,6957c05f4ec49bf9,SC-007
TX-0000702,2026-02-22 18:26:00,LOT-SUP-002-20260222-039,SUP-002,PRD-001,P01,line_release,22035,QCERT-00216,6957c05f4ec49bf9,2502717d031a81c0,SC-010
TX-0000703,2026-03-23 09:04:00,LOT-SUP-016-20260323-025,SUP-016,PRD-043,P02,shipment_handover,22536,,2502717d031a81c0,8dc04a6655b8e434,SC-006
TX-0000704,2025-10-09 02:30:00,LOT-SUP-001-20251009-042,SUP-001,PRD-046,P03,finished_goods,5807,,8dc04a6655b8e434,da352ec9803a104c,SC-008
TX-0000705,2026-03-07 02:37:00,LOT-SUP-015-20260307-028,SUP-015,PRD-021,P02,line_release,22811,QCERT-00709,da352ec9803a104c,6f270a47b533e5e2,SC-007
TX-0000706,2025-11-25 19:09:00,LOT-SUP-008-20251125-041,SUP-008,PRD-037,P01,line_release,15026,QCERT-00030,6f270a47b533e5e2,a6fe53fa3ed52bb0,SC-008
TX-0000707,2026-02-27 00:32:00,LOT-SUP-001-20260227-028,SUP-001,PRD-067,P03,material_received,13409,,a6fe53fa3ed52bb0,a2f2d8a7759c9809,SC-007
TX-0000708,2026-03-05 14:16:00,LOT-SUP-010-20260305-030,SUP-010,PRD-010,P02,quality_certificate,21671,QCERT-00522,a2f2d8a7759c9809,c0cb6e07bde1fd0e,SC-010
TX-0000709,2026-02-10 12:03:00,LOT-SUP-014-20260210-049,SUP-014,PRD-025,P03,line_release,12638,QCERT-00797,c0cb6e07bde1fd0e,7efa897ca633af12,SC-009
TX-0000710,2025-10-09 12:25:00,LOT-SUP-005-20251009-055,SUP-005,PRD-016,P02,finished_goods,4638,,7efa897ca633af12,222dbba392ef4127,SC-004
TX-0000711,2025-09-13 23:35:00,LOT-SUP-004-20250913-018,SUP-004,PRD-057,P01,material_received,15238,,222dbba392ef4127,073565f15d4949b0,SC-005
TX-0000712,2026-07-24 22:30:00,LOT-SUP-011-20260724-014,SUP-011,PRD-017,P03,line_release,18717,QCERT-00069,073565f15d4949b0,ff86410371e4e820,SC-003
TX-0000713,2026-05-03 12:06:00,LOT-SUP-003-20260503-054,SUP-003,PRD-035,P02,material_received,14696,,ff86410371e4e820,b54e6f78d116f51f,SC-005
TX-0000714,2025-10-09 04:33:00,LOT-SUP-005-20251009-045,SUP-005,PRD-016,P01,material_received,2798,,b54e6f78d116f51f,bdda96949e470861,SC-004
TX-0000715,2026-04-05 03:19:00,LOT-SUP-013-20260405-058,SUP-013,PRD-058,P03,line_release,7999,QCERT-00365,bdda96949e470861,5b5aaee23215b51c,SC-004
TX-0000716,2026-02-02 07:33:00,LOT-SUP-017-20260202-004,SUP-017,PRD-030,P03,quality_certificate,2687,QCERT-00244,5b5aaee23215b51c,cea0c4e89019fbe3,SC-010
TX-0000717,2026-07-28 13:01:00,LOT-SUP-017-20260728-014,SUP-017,PRD-009,P01,shipment_handover,12163,,cea0c4e89019fbe3,ab6ad70d5c833372,SC-008
TX-0000718,2026-07-04 12:27:00,LOT-SUP-011-20260704-054,SUP-011,PRD-017,P03,quality_certificate,10083,QCERT-00519,ab6ad70d5c833372,bad382abe5baac14,SC-012
TX-0000719,2026-01-01 06:03:00,LOT-SUP-005-20260101-023,SUP-005,PRD-041,P02,shipment_handover,21277,,bad382abe5baac14,f58b8cf9f139c82d,SC-008
TX-0000720,2026-04-13 07:24:00,LOT-SUP-008-20260413-021,SUP-008,PRD-033,P03,line_release,11646,QCERT-00602,f58b8cf9f139c82d,0e8d20830144a3f6,SC-001
TX-0000721,2025-12-26 04:52:00,LOT-SUP-003-20251226-035,SUP-003,PRD-072,P03,shipment_handover,9548,,0e8d20830144a3f6,e920cca86f361bd8,SC-006
TX-0000722,2026-02-05 20:23:00,LOT-SUP-005-20260205-046,SUP-005,PRD-005,P02,shipment_handover,23443,,e920cca86f361bd8,423bab5690ce1220,SC-012
TX-0000723,2025-08-26 08:40:00,LOT-SUP-006-20250826-004,SUP-006,PRD-052,P02,finished_goods,14108,,423bab5690ce1220,9033fa73f9fd8e0d,SC-009
TX-0000724,2026-02-12 21:00:00,LOT-SUP-015-20260212-023,SUP-015,PRD-003,P02,line_release,24706,QCERT-00796,9033fa73f9fd8e0d,891778a8070c13f6,SC-006
TX-0000725,2026-06-20 12:04:00,LOT-SUP-001-20260620-039,SUP-001,PRD-067,P01,material_received,13992,,891778a8070c13f6,806e187e550d750d,SC-007
TX-0000726,2026-05-03 22:41:00,LOT-SUP-015-20260503-013,SUP-015,PRD-021,P01,quality_certificate,10047,QCERT-00098,806e187e550d750d,fcf39d6ff8eb6bb5,SC-011
TX-0000727,2026-04-06 15:13:00,LOT-SUP-008-20260406-029,SUP-008,PRD-033,P02,shipment_handover,1124,,fcf39d6ff8eb6bb5,e1cb2f1ff855fc2e,SC-005
TX-0000728,2026-07-24 02:33:00,LOT-SUP-015-20260724-044,SUP-015,PRD-013,P02,shipment_handover,4883,,e1cb2f1ff855fc2e,12b6879617254fdd,SC-005
TX-0000729,2026-03-27 10:47:00,LOT-SUP-004-20260327-011,SUP-004,PRD-069,P03,shipment_handover,4547,,12b6879617254fdd,a2e20b6b2985339a,SC-007
TX-0000730,2025-10-10 14:20:00,LOT-SUP-009-20251010-043,SUP-009,PRD-048,P03,material_received,22587,,a2e20b6b2985339a,d3a25f6e76f4f510,SC-002
TX-0000731,2025-08-16 20:10:00,LOT-SUP-013-20250816-055,SUP-013,PRD-058,P01,line_release,23931,QCERT-00673,d3a25f6e76f4f510,cac32eebc2d0eb89,SC-005
TX-0000732,2025-10-13 06:33:00,LOT-SUP-001-20251013-027,SUP-001,PRD-068,P03,finished_goods,19163,,cac32eebc2d0eb89,13ad3e1098c2ed19,SC-010
TX-0000733,2025-11-09 22:34:00,LOT-SUP-006-20251109-060,SUP-006,PRD-052,P01,material_received,1711,,13ad3e1098c2ed19,7dc4356d2ddbdc7c,SC-005
TX-0000734,2025-12-03 01:40:00,LOT-SUP-013-20251203-027,SUP-013,PRD-058,P01,shipment_handover,6454,,7dc4356d2ddbdc7c,7b243c72491b9663,SC-005
TX-0000735,2026-06-19 10:40:00,LOT-SUP-010-20260619-040,SUP-010,PRD-045,P02,line_release,2108,QCERT-00194,7b243c72491b9663,bc45dd1c4e701954,SC-006
TX-0000736,2025-12-03 10:24:00,LOT-SUP-015-20251203-029,SUP-015,PRD-021,P03,line_release,12915,QCERT-00157,bc45dd1c4e701954,8626beaf3cf03f53,SC-012
TX-0000737,2026-02-08 20:39:00,LOT-SUP-007-20260208-020,SUP-007,PRD-070,P03,shipment_handover,7436,,8626beaf3cf03f53,0bbb6707e7ea5366,SC-009
TX-0000738,2025-11-10 11:55:00,LOT-SUP-003-20251110-049,SUP-003,PRD-071,P02,quality_certificate,24459,QCERT-00251,0bbb6707e7ea5366,f3d14dfa9feb48ee,SC-007
TX-0000739,2026-05-22 18:23:00,LOT-SUP-013-20260522-015,SUP-013,PRD-079,P02,material_received,10937,,f3d14dfa9feb48ee,5989896704ed119c,SC-009
TX-0000740,2025-08-15 14:25:00,LOT-SUP-012-20250815-012,SUP-012,PRD-012,P01,quality_certificate,18878,QCERT-00091,5989896704ed119c,88c5776d8f337f34,SC-012
TX-0000741,2026-01-18 00:54:00,LOT-SUP-013-20260118-023,SUP-013,PRD-079,P01,material_received,15755,,88c5776d8f337f34,e3c451dd2d52cdfa,SC-002
TX-0000742,2026-01-30 09:34:00,LOT-SUP-012-20260130-015,SUP-012,PRD-006,P03,quality_certificate,2927,QCERT-00780,e3c451dd2d52cdfa,5c7fdc5c3a531afa,SC-005
TX-0000743,2025-08-16 05:16:00,LOT-SUP-013-20250816-021,SUP-013,PRD-058,P02,material_received,8299,,5c7fdc5c3a531afa,c6680d181a95ee89,SC-009
TX-0000744,2026-07-17 22:41:00,LOT-SUP-001-20260717-022,SUP-001,PRD-068,P01,shipment_handover,13941,,c6680d181a95ee89,e40361733f3a479e,SC-005
TX-0000745,2025-08-30 15:41:00,LOT-SUP-005-20250830-034,SUP-005,PRD-005,P02,shipment_handover,5971,,e40361733f3a479e,1c1067039a1fb4dc,SC-005
TX-0000746,2025-11-09 17:44:00,LOT-SUP-008-20251109-024,SUP-008,PRD-053,P02,material_received,13193,,1c1067039a1fb4dc,64359fb0aa7a6dd6,SC-002
TX-0000747,2026-06-17 17:56:00,LOT-SUP-011-20260617-032,SUP-011,PRD-017,P01,quality_certificate,12739,QCERT-00727,64359fb0aa7a6dd6,79aafbd0e6bed207,SC-010
TX-0000748,2026-03-06 05:05:00,LOT-SUP-015-20260306-016,SUP-015,PRD-031,P03,quality_certificate,24510,QCERT-00529,79aafbd0e6bed207,e0ef561a650f94c9,SC-001
TX-0000749,2025-12-25 02:24:00,LOT-SUP-015-20251225-020,SUP-015,PRD-003,P01,shipment_handover,16394,,e0ef561a650f94c9,7d323f57ceebeef2,SC-006
TX-0000750,2025-11-06 00:34:00,LOT-SUP-010-20251106-025,SUP-010,PRD-010,P03,quality_certificate,17100,QCERT-00693,7d323f57ceebeef2,be204a04d20655a1,SC-001
TX-0000751,2026-02-21 17:05:00,LOT-SUP-009-20260221-050,SUP-009,PRD-051,P02,line_release,7993,QCERT-00514,be204a04d20655a1,13011fc8ef07f18b,SC-009
TX-0000752,2026-04-25 02:59:00,LOT-SUP-007-20260425-033,SUP-007,PRD-055,P03,material_received,11829,,13011fc8ef07f18b,e3a178862177696e,SC-009
TX-0000753,2026-04-15 19:58:00,LOT-SUP-007-20260415-052,SUP-007,PRD-055,P03,finished_goods,13516,,e3a178862177696e,f3d59732128d1a5b,SC-007
TX-0000754,2025-10-24 18:52:00,LOT-SUP-003-20251024-007,SUP-003,PRD-071,P03,line_release,10030,QCERT-00479,f3d59732128d1a5b,ec012588fa82acf1,SC-001
TX-0000755,2026-02-25 06:11:00,LOT-SUP-003-20260225-033,SUP-003,PRD-071,P03,shipment_handover,20803,,ec012588fa82acf1,4bc951188d282d48,SC-002
TX-0000756,2026-03-12 17:51:00,LOT-SUP-005-20260312-013,SUP-005,PRD-023,P01,finished_goods,15729,,4bc951188d282d48,b2a9be4d983c1dd5,SC-003
TX-0000757,2026-04-07 16:15:00,LOT-SUP-010-20260407-050,SUP-010,PRD-076,P02,shipment_handover,17691,,b2a9be4d983c1dd5,cacc26b452baf801,SC-008
TX-0000758,2026-01-05 08:52:00,LOT-SUP-005-20260105-053,SUP-005,PRD-005,P02,line_release,19167,QCERT-00080,cacc26b452baf801,91ce75206a2e4975,SC-007
TX-0000759,2026-04-10 19:42:00,LOT-SUP-009-20260410-055,SUP-009,PRD-077,P03,quality_certificate,18341,QCERT-00900,91ce75206a2e4975,c5859b9f2f175c0f,SC-007
TX-0000760,2025-08-09 20:40:00,LOT-SUP-002-20250809-048,SUP-002,PRD-001,P02,shipment_handover,3710,,c5859b9f2f175c0f,57bb70615551b56d,SC-004
TX-0000761,2026-07-18 01:51:00,LOT-SUP-015-20260718-004,SUP-015,PRD-003,P01,material_received,14698,,57bb70615551b56d,349ae792724e2f69,SC-006
TX-0000762,2026-03-14 15:31:00,LOT-SUP-010-20260314-030,SUP-010,PRD-076,P03,line_release,4616,QCERT-00637,349ae792724e2f69,caaeccc1429b1203,SC-012
TX-0000763,2026-01-04 19:25:00,LOT-SUP-009-20260104-042,SUP-009,PRD-048,P02,finished_goods,15627,,caaeccc1429b1203,fe2455a24d32ced9,SC-004
TX-0000764,2026-02-26 11:09:00,LOT-SUP-003-20260226-022,SUP-003,PRD-020,P01,material_received,23205,,fe2455a24d32ced9,5a5cfea857d1d9b4,SC-010
TX-0000765,2026-07-31 14:23:00,LOT-SUP-004-20260731-045,SUP-004,PRD-050,P03,line_release,12905,QCERT-00483,5a5cfea857d1d9b4,f76f1bef0e17a74f,SC-003
TX-0000766,2026-03-22 19:58:00,LOT-SUP-005-20260322-053,SUP-005,PRD-038,P03,shipment_handover,21026,,f76f1bef0e17a74f,12aab19b7a7c3f0b,SC-005
TX-0000767,2025-11-13 01:35:00,LOT-SUP-016-20251113-054,SUP-016,PRD-043,P02,finished_goods,20214,,12aab19b7a7c3f0b,d9fdc60b303f1c7d,SC-009
TX-0000768,2025-10-08 23:46:00,LOT-SUP-005-20251008-011,SUP-005,PRD-016,P03,finished_goods,6252,,d9fdc60b303f1c7d,d416f9a8690d4939,SC-005
TX-0000769,2026-01-08 06:50:00,LOT-SUP-008-20260108-049,SUP-008,PRD-026,P02,finished_goods,23079,,d416f9a8690d4939,599854a80b6d0bf6,SC-012
TX-0000770,2026-03-27 09:14:00,LOT-SUP-015-20260327-001,SUP-015,PRD-021,P01,shipment_handover,13567,,599854a80b6d0bf6,94d2ae0b17f98e61,SC-002
TX-0000771,2026-02-06 22:39:00,LOT-SUP-007-20260206-053,SUP-007,PRD-070,P03,finished_goods,15684,,94d2ae0b17f98e61,94878422f7afe7b5,SC-004
TX-0000772,2026-03-14 07:08:00,LOT-SUP-015-20260314-055,SUP-015,PRD-013,P01,finished_goods,5745,,94878422f7afe7b5,6d77edefaf0a27cc,SC-008
TX-0000773,2025-09-26 19:42:00,LOT-SUP-001-20250926-030,SUP-001,PRD-011,P01,finished_goods,3443,,6d77edefaf0a27cc,bf4c50326cb8f90f,SC-006
TX-0000774,2025-11-18 12:26:00,LOT-SUP-005-20251118-050,SUP-005,PRD-023,P01,quality_certificate,7604,QCERT-00294,bf4c50326cb8f90f,6ac0b91fcc74e8db,SC-002
TX-0000775,2025-10-29 10:40:00,LOT-SUP-002-20251029-008,SUP-002,PRD-027,P03,material_received,17215,,6ac0b91fcc74e8db,d886eb0ab438ec34,SC-011
TX-0000776,2026-01-04 13:52:00,LOT-SUP-009-20260104-059,SUP-009,PRD-039,P01,line_release,2272,QCERT-00332,d886eb0ab438ec34,12df29301fd4cfd5,SC-001
TX-0000777,2026-01-10 12:52:00,LOT-SUP-005-20260110-054,SUP-005,PRD-005,P02,material_received,19704,,12df29301fd4cfd5,fcd27d75f8dd2fc3,SC-011
TX-0000778,2026-04-09 04:02:00,LOT-SUP-015-20260409-024,SUP-015,PRD-004,P03,line_release,10210,QCERT-00332,fcd27d75f8dd2fc3,b9b0c234be8d8152,SC-004
TX-0000779,2026-06-05 23:10:00,LOT-SUP-004-20260605-022,SUP-004,PRD-069,P02,finished_goods,14993,,b9b0c234be8d8152,b4d6f32e1acc74cb,SC-009
TX-0000780,2026-04-08 07:07:00,LOT-SUP-015-20260408-008,SUP-015,PRD-047,P02,line_release,2557,QCERT-00482,b4d6f32e1acc74cb,952722ad40aeee1d,SC-011
TX-0000781,2025-10-21 15:57:00,LOT-SUP-004-20251021-014,SUP-004,PRD-059,P02,finished_goods,8764,,952722ad40aeee1d,5f62a094dd46d3f4,SC-006
TX-0000782,2026-01-17 23:05:00,LOT-SUP-010-20260117-050,SUP-010,PRD-056,P03,line_release,9165,QCERT-00154,5f62a094dd46d3f4,bae09f2483770db7,SC-001
TX-0000783,2026-01-27 20:02:00,LOT-SUP-004-20260127-044,SUP-004,PRD-059,P02,line_release,9138,QCERT-00727,bae09f2483770db7,d252157b057827b8,SC-006
TX-0000784,2026-06-13 06:59:00,LOT-SUP-015-20260613-053,SUP-015,PRD-074,P01,quality_certificate,18393,QCERT-00449,d252157b057827b8,e91b22657c22adf7,SC-010
TX-0000785,2026-05-01 08:43:00,LOT-SUP-006-20260501-043,SUP-006,PRD-049,P02,material_received,11028,,e91b22657c22adf7,a4af941c2dd47c5f,SC-010
TX-0000786,2026-04-29 18:09:00,LOT-SUP-009-20260429-010,SUP-009,PRD-034,P01,shipment_handover,24713,,a4af941c2dd47c5f,d0830259cb7de753,SC-004
TX-0000787,2025-09-18 12:56:00,LOT-SUP-010-20250918-027,SUP-010,PRD-056,P03,material_received,5078,,d0830259cb7de753,66eca568d3fbe4bb,SC-004
TX-0000788,2026-01-27 06:00:00,LOT-SUP-005-20260127-039,SUP-005,PRD-022,P03,material_received,12897,,66eca568d3fbe4bb,422e2e7ed90ff7a2,SC-003
TX-0000789,2025-08-11 21:23:00,LOT-SUP-007-20250811-030,SUP-007,PRD-073,P01,finished_goods,12259,,422e2e7ed90ff7a2,353071154af9d3f4,SC-001
TX-0000790,2026-04-01 01:14:00,LOT-SUP-016-20260401-038,SUP-016,PRD-043,P02,line_release,19414,QCERT-00493,353071154af9d3f4,cad802e51ccaad0e,SC-004
TX-0000791,2026-03-18 01:18:00,LOT-SUP-011-20260318-031,SUP-011,PRD-075,P03,material_received,9573,,cad802e51ccaad0e,a8d8d54389dcfe17,SC-012
TX-0000792,2026-01-27 03:02:00,LOT-SUP-008-20260127-009,SUP-008,PRD-037,P03,material_received,11469,,a8d8d54389dcfe17,5d28df5b4838dfff,SC-010
TX-0000793,2026-04-15 15:51:00,LOT-SUP-015-20260415-018,SUP-015,PRD-074,P02,finished_goods,2933,,5d28df5b4838dfff,fb8b2e01cf13bb11,SC-003
TX-0000794,2025-09-23 03:22:00,LOT-SUP-009-20250923-051,SUP-009,PRD-051,P02,material_received,2875,,fb8b2e01cf13bb11,70645208681f267f,SC-011
TX-0000795,2026-03-14 12:00:00,LOT-SUP-008-20260314-026,SUP-008,PRD-007,P02,shipment_handover,13320,,70645208681f267f,e69cc7fdba040201,SC-007
TX-0000796,2025-11-26 03:07:00,LOT-SUP-002-20251126-003,SUP-002,PRD-042,P01,material_received,17032,,e69cc7fdba040201,9ef161e195d61987,SC-004
TX-0000797,2025-12-10 12:00:00,LOT-SUP-004-20251210-049,SUP-004,PRD-050,P01,line_release,7442,QCERT-00773,9ef161e195d61987,de2db544b3bfb805,SC-002
TX-0000798,2026-07-29 00:48:00,LOT-SUP-017-20260729-054,SUP-017,PRD-030,P02,material_received,2871,,de2db544b3bfb805,fafbb121ffaf7a12,SC-007
TX-0000799,2025-09-19 20:08:00,LOT-SUP-005-20250919-004,SUP-005,PRD-023,P01,material_received,18265,,fafbb121ffaf7a12,dd60d1d938e03f26,SC-005
TX-0000800,2025-09-06 17:45:00,LOT-SUP-002-20250906-058,SUP-002,PRD-064,P01,line_release,18855,QCERT-00626,dd60d1d938e03f26,91c98acde690bf29,SC-010
TX-0000801,2025-09-08 10:47:00,LOT-SUP-012-20250908-060,SUP-012,PRD-006,P03,finished_goods,887,,91c98acde690bf29,21f0a9be83a6b9a8,SC-011
TX-0000802,2025-12-07 09:56:00,LOT-SUP-017-20251207-052,SUP-017,PRD-061,P03,finished_goods,14552,,21f0a9be83a6b9a8,747c03592a471740,SC-006
TX-0000803,2025-12-23 03:47:00,LOT-SUP-008-20251223-051,SUP-008,PRD-002,P03,quality_certificate,21528,QCERT-00053,747c03592a471740,f08d7f15ea179889,SC-010
TX-0000804,2026-04-11 23:04:00,LOT-SUP-005-20260411-060,SUP-005,PRD-041,P01,finished_goods,9362,,f08d7f15ea179889,247cd2398cbaa794,SC-005
TX-0000805,2026-06-29 06:22:00,LOT-SUP-015-20260629-043,SUP-015,PRD-013,P01,quality_certificate,4140,QCERT-00570,247cd2398cbaa794,a009ebd78a7d4836,SC-005
TX-0000806,2026-02-19 17:17:00,LOT-SUP-006-20260219-055,SUP-006,PRD-040,P02,line_release,8764,QCERT-00287,a009ebd78a7d4836,aae9d75be91732ee,SC-011
TX-0000807,2025-11-12 03:02:00,LOT-SUP-005-20251112-053,SUP-005,PRD-022,P03,material_received,8286,,aae9d75be91732ee,17fad83f0d9bdcb5,SC-011
TX-0000808,2026-04-19 11:19:00,LOT-SUP-013-20260419-060,SUP-013,PRD-058,P01,finished_goods,18102,,17fad83f0d9bdcb5,6d956f3cd322d684,SC-008
TX-0000809,2025-11-21 19:23:00,LOT-SUP-010-20251121-003,SUP-010,PRD-010,P01,shipment_handover,9049,,6d956f3cd322d684,26543407e8cfad7a,SC-007
TX-0000810,2026-06-27 23:04:00,LOT-SUP-001-20260627-007,SUP-001,PRD-068,P01,line_release,839,QCERT-00603,26543407e8cfad7a,391fba3adc7b0d3a,SC-002
TX-0000811,2026-02-02 15:46:00,LOT-SUP-009-20260202-015,SUP-009,PRD-032,P02,shipment_handover,4905,,391fba3adc7b0d3a,7a2c70eba7c965fc,SC-007
TX-0000812,2026-01-19 00:55:00,LOT-SUP-005-20260119-005,SUP-005,PRD-016,P03,quality_certificate,20326,QCERT-00468,7a2c70eba7c965fc,94764ae45b7c8ee4,SC-009
TX-0000813,2026-05-20 09:54:00,LOT-SUP-016-20260520-043,SUP-016,PRD-008,P02,material_received,13685,,94764ae45b7c8ee4,66ee1220eed7dba1,SC-012
TX-0000814,2026-01-17 01:35:00,LOT-SUP-005-20260117-003,SUP-005,PRD-016,P02,finished_goods,19864,,66ee1220eed7dba1,53747691a2561f49,SC-004
TX-0000815,2025-10-01 15:22:00,LOT-SUP-016-20251001-051,SUP-016,PRD-080,P03,material_received,2104,,53747691a2561f49,8a4da6fe3db192dd,SC-003
TX-0000816,2025-08-02 17:39:00,LOT-SUP-002-20250802-034,SUP-002,PRD-064,P01,material_received,7044,,8a4da6fe3db192dd,f085064c9cf606dc,SC-002
TX-0000817,2025-10-18 17:51:00,LOT-SUP-008-20251018-057,SUP-008,PRD-044,P01,material_received,15844,,f085064c9cf606dc,a37c476353b12b37,SC-012
TX-0000818,2026-06-15 04:57:00,LOT-SUP-015-20260615-056,SUP-015,PRD-021,P01,line_release,2738,QCERT-00446,a37c476353b12b37,e9f9f4e9c389be5f,SC-010
TX-0000819,2026-06-09 14:06:00,LOT-SUP-012-20260609-003,SUP-012,PRD-006,P02,finished_goods,8924,,e9f9f4e9c389be5f,1719437f33658d13,SC-002
TX-0000820,2026-01-22 10:07:00,LOT-SUP-006-20260122-014,SUP-006,PRD-052,P01,quality_certificate,24135,QCERT-00351,1719437f33658d13,92826db4f0b84ed6,SC-011
TX-0000821,2026-05-18 03:15:00,LOT-SUP-014-20260518-008,SUP-014,PRD-036,P02,line_release,9897,QCERT-00685,92826db4f0b84ed6,7ff31c1e21ce42d9,SC-007
TX-0000822,2025-08-03 20:04:00,LOT-SUP-005-20250803-031,SUP-005,PRD-038,P02,material_received,14440,,7ff31c1e21ce42d9,ab8410293619afab,SC-010
TX-0000823,2026-03-16 04:48:00,LOT-SUP-004-20260316-015,SUP-004,PRD-059,P01,finished_goods,17757,,ab8410293619afab,a14aff0887884fe3,SC-004
TX-0000824,2026-01-29 20:36:00,LOT-SUP-006-20260129-039,SUP-006,PRD-052,P02,finished_goods,23175,,a14aff0887884fe3,0d2f97ec2f853bf9,SC-012
TX-0000825,2025-10-05 15:49:00,LOT-SUP-003-20251005-052,SUP-003,PRD-078,P01,finished_goods,2485,,0d2f97ec2f853bf9,06c8b9350d6c61d5,SC-008
TX-0000826,2026-05-18 19:58:00,LOT-SUP-003-20260518-045,SUP-003,PRD-072,P01,material_received,16995,,06c8b9350d6c61d5,e78cd6319a1013e3,SC-003
TX-0000827,2025-10-18 20:35:00,LOT-SUP-003-20251018-023,SUP-003,PRD-060,P03,finished_goods,18958,,e78cd6319a1013e3,872f1e80b34a5c4d,SC-007
TX-0000828,2025-11-10 09:41:00,LOT-SUP-009-20251110-038,SUP-009,PRD-048,P01,material_received,12528,,872f1e80b34a5c4d,a9699d9ea40c7b6d,SC-008
TX-0000829,2025-08-30 09:57:00,LOT-SUP-003-20250830-055,SUP-003,PRD-071,P03,material_received,2248,,a9699d9ea40c7b6d,9a0b6f4d92f869e6,SC-007
TX-0000830,2025-10-17 00:34:00,LOT-SUP-004-20251017-060,SUP-004,PRD-057,P03,quality_certificate,15617,QCERT-00267,9a0b6f4d92f869e6,02793167ad66e30c,SC-009
TX-0000831,2025-08-17 04:33:00,LOT-SUP-017-20250817-013,SUP-017,PRD-061,P03,material_received,14309,,02793167ad66e30c,e9157fdf8279498d,SC-008
TX-0000832,2025-08-01 13:00:00,LOT-SUP-005-20250801-036,SUP-005,PRD-041,P01,material_received,15248,,e9157fdf8279498d,388082e67a9a2a37,SC-007
TX-0000833,2026-04-07 21:34:00,LOT-SUP-004-20260407-034,SUP-004,PRD-059,P02,material_received,11864,,388082e67a9a2a37,a2bdb4c01a390293,SC-007
TX-0000834,2025-10-23 08:30:00,LOT-SUP-014-20251023-030,SUP-014,PRD-036,P02,quality_certificate,11125,QCERT-00304,a2bdb4c01a390293,59d351f7cc844e7d,SC-002
TX-0000835,2025-10-21 18:39:00,LOT-SUP-015-20251021-010,SUP-015,PRD-031,P01,shipment_handover,12187,,59d351f7cc844e7d,efcc46dee6fb7d69,SC-007
TX-0000836,2026-05-27 21:14:00,LOT-SUP-004-20260527-042,SUP-004,PRD-057,P03,finished_goods,24089,,efcc46dee6fb7d69,0f65b99f91b48c19,SC-001
TX-0000837,2025-12-05 16:38:00,LOT-SUP-006-20251205-033,SUP-006,PRD-052,P03,finished_goods,11720,,0f65b99f91b48c19,ad9ccc1593fb629f,SC-004
TX-0000838,2026-07-10 20:30:00,LOT-SUP-008-20260710-044,SUP-008,PRD-007,P01,quality_certificate,7635,QCERT-00521,ad9ccc1593fb629f,22178415e63d6bae,SC-012
TX-0000839,2026-04-08 10:45:00,LOT-SUP-002-20260408-008,SUP-002,PRD-064,P02,finished_goods,16924,,22178415e63d6bae,66d1ec5e233bb09a,SC-006
TX-0000840,2025-10-28 12:31:00,LOT-SUP-015-20251028-054,SUP-015,PRD-004,P02,finished_goods,16510,,66d1ec5e233bb09a,bc4559f9f030e635,SC-010
TX-0000841,2026-06-02 04:33:00,LOT-SUP-015-20260602-050,SUP-015,PRD-021,P03,material_received,4384,,bc4559f9f030e635,c54689d590cc94d3,SC-001
TX-0000842,2025-08-31 11:54:00,LOT-SUP-004-20250831-046,SUP-004,PRD-050,P02,line_release,14201,QCERT-00530,c54689d590cc94d3,4edf7358303088ab,SC-006
TX-0000843,2026-02-24 07:59:00,LOT-SUP-008-20260224-030,SUP-008,PRD-053,P01,line_release,16489,QCERT-00426,4edf7358303088ab,92cc750b6d863e91,SC-009
TX-0000844,2026-02-16 08:45:00,LOT-SUP-009-20260216-050,SUP-009,PRD-032,P03,line_release,11712,QCERT-00609,92cc750b6d863e91,3d68b0f7ea3f6525,SC-008
TX-0000845,2026-01-04 00:31:00,LOT-SUP-004-20260104-022,SUP-004,PRD-069,P02,quality_certificate,24662,QCERT-00763,3d68b0f7ea3f6525,42ad285f621e969f,SC-005
TX-0000846,2026-07-16 08:24:00,LOT-SUP-008-20260716-009,SUP-008,PRD-026,P02,finished_goods,18855,,42ad285f621e969f,a2fa6a160b92e18b,SC-003
TX-0000847,2025-11-19 02:45:00,LOT-SUP-005-20251119-020,SUP-005,PRD-016,P01,material_received,8620,,a2fa6a160b92e18b,aeda415244e48e7b,SC-001
TX-0000848,2026-07-11 09:56:00,LOT-SUP-014-20260711-020,SUP-014,PRD-025,P03,quality_certificate,9673,QCERT-00538,aeda415244e48e7b,86d53718698eea0d,SC-002
TX-0000849,2026-01-23 05:56:00,LOT-SUP-015-20260123-017,SUP-015,PRD-047,P03,quality_certificate,13637,QCERT-00301,86d53718698eea0d,f9253b6bf155b541,SC-005
TX-0000850,2025-10-20 03:42:00,LOT-SUP-005-20251020-058,SUP-005,PRD-022,P01,material_received,6376,,f9253b6bf155b541,c110965fc5fd0d60,SC-011
TX-0000851,2025-12-04 09:53:00,LOT-SUP-008-20251204-043,SUP-008,PRD-007,P03,finished_goods,15702,,c110965fc5fd0d60,e12df70a5e1b251d,SC-012
TX-0000852,2025-12-31 13:05:00,LOT-SUP-005-20251231-041,SUP-005,PRD-038,P02,material_received,6189,,e12df70a5e1b251d,0d804fb1ef6836e5,SC-006
TX-0000853,2025-11-01 22:58:00,LOT-SUP-015-20251101-015,SUP-015,PRD-074,P03,finished_goods,13404,,0d804fb1ef6836e5,81e4d4fa22d88c19,SC-010
TX-0000854,2026-04-15 08:17:00,LOT-SUP-003-20260415-049,SUP-003,PRD-020,P03,material_received,5571,,81e4d4fa22d88c19,2032d45d7ca4bea6,SC-008
TX-0000855,2025-10-10 22:18:00,LOT-SUP-010-20251010-030,SUP-010,PRD-045,P02,line_release,12415,QCERT-00594,2032d45d7ca4bea6,515678ccf4d6c64d,SC-005
TX-0000856,2025-09-25 07:17:00,LOT-SUP-002-20250925-021,SUP-002,PRD-001,P03,line_release,19333,QCERT-00502,515678ccf4d6c64d,3819f66ce90e4048,SC-002
TX-0000857,2025-09-30 09:20:00,LOT-SUP-010-20250930-017,SUP-010,PRD-028,P01,line_release,20475,QCERT-00217,3819f66ce90e4048,01686893041d02a3,SC-002
TX-0000858,2026-01-12 10:17:00,LOT-SUP-016-20260112-029,SUP-016,PRD-008,P03,quality_certificate,16850,QCERT-00664,01686893041d02a3,81d3391f9f54155b,SC-004
TX-0000859,2026-03-19 13:47:00,LOT-SUP-005-20260319-001,SUP-005,PRD-016,P01,finished_goods,7655,,81d3391f9f54155b,0122558fa55f18b1,SC-011
TX-0000860,2025-09-28 09:21:00,LOT-SUP-017-20250928-053,SUP-017,PRD-009,P01,quality_certificate,14956,QCERT-00244,0122558fa55f18b1,726cdccd406374fa,SC-010
TX-0000861,2026-05-08 00:34:00,LOT-SUP-006-20260508-023,SUP-006,PRD-049,P02,line_release,21325,QCERT-00200,726cdccd406374fa,c8f41d01ba1491ca,SC-009
TX-0000862,2026-05-27 01:03:00,LOT-SUP-010-20260527-058,SUP-010,PRD-010,P02,material_received,13775,,c8f41d01ba1491ca,3bd694b0ac059ab6,SC-006
TX-0000863,2026-07-07 15:22:00,LOT-SUP-016-20260707-012,SUP-016,PRD-080,P03,line_release,2225,QCERT-00884,3bd694b0ac059ab6,9da2a8974680e98e,SC-004
TX-0000864,2025-10-21 18:22:00,LOT-SUP-010-20251021-024,SUP-010,PRD-076,P02,quality_certificate,20945,QCERT-00772,9da2a8974680e98e,2f17fd76756604a4,SC-011
TX-0000865,2026-06-27 17:38:00,LOT-SUP-002-20260627-029,SUP-002,PRD-027,P03,material_received,6227,,2f17fd76756604a4,63392472829bd472,SC-001
TX-0000866,2026-01-10 21:45:00,LOT-SUP-014-20260110-029,SUP-014,PRD-025,P02,quality_certificate,8393,QCERT-00419,63392472829bd472,a2f94c8ae875d4cf,SC-008
TX-0000867,2026-04-13 02:45:00,LOT-SUP-009-20260413-037,SUP-009,PRD-077,P03,quality_certificate,2717,QCERT-00150,a2f94c8ae875d4cf,c8674be0944d6fa2,SC-009
TX-0000868,2026-07-28 22:51:00,LOT-SUP-004-20260728-023,SUP-004,PRD-050,P02,finished_goods,4424,,c8674be0944d6fa2,3c3a465bbb2edb75,SC-012
TX-0000869,2026-04-24 21:24:00,LOT-SUP-003-20260424-008,SUP-003,PRD-072,P03,line_release,7680,QCERT-00765,3c3a465bbb2edb75,ff4c50e954282322,SC-005
TX-0000870,2025-09-07 19:24:00,LOT-SUP-013-20250907-044,SUP-013,PRD-062,P02,line_release,24721,QCERT-00722,ff4c50e954282322,82f665154fe79f7a,SC-007
TX-0000871,2026-01-24 21:20:00,LOT-SUP-011-20260124-041,SUP-011,PRD-017,P02,line_release,2774,QCERT-00054,82f665154fe79f7a,5f3c4b99c2a2fa2a,SC-005
TX-0000872,2026-01-10 23:57:00,LOT-SUP-009-20260110-053,SUP-009,PRD-077,P03,material_received,13450,,5f3c4b99c2a2fa2a,52378475290ad931,SC-012
TX-0000873,2026-01-24 10:46:00,LOT-SUP-009-20260124-031,SUP-009,PRD-039,P03,material_received,23712,,52378475290ad931,b2c15c011154ce6b,SC-012
TX-0000874,2026-04-12 05:11:00,LOT-SUP-002-20260412-039,SUP-002,PRD-027,P02,line_release,6501,QCERT-00031,b2c15c011154ce6b,b4abdb52dbf1fcd2,SC-003
TX-0000875,2026-01-11 05:08:00,LOT-SUP-015-20260111-057,SUP-015,PRD-047,P01,finished_goods,15351,,b4abdb52dbf1fcd2,1907a456f40cce8a,SC-005
TX-0000876,2026-04-20 08:03:00,LOT-SUP-008-20260420-057,SUP-008,PRD-033,P01,line_release,6869,QCERT-00185,1907a456f40cce8a,ac52d66df28ff529,SC-012
TX-0000877,2026-06-09 06:37:00,LOT-SUP-009-20260609-056,SUP-009,PRD-051,P03,line_release,1457,QCERT-00537,ac52d66df28ff529,a60e73df9667aee9,SC-004
TX-0000878,2026-02-24 21:13:00,LOT-SUP-017-20260224-022,SUP-017,PRD-009,P01,shipment_handover,18503,,a60e73df9667aee9,e4aedca61d03c781,SC-008
TX-0000879,2025-11-14 19:40:00,LOT-SUP-008-20251114-002,SUP-008,PRD-044,P02,quality_certificate,8832,QCERT-00170,e4aedca61d03c781,0844719a41c7629f,SC-010
TX-0000880,2026-05-04 21:02:00,LOT-SUP-017-20260504-001,SUP-017,PRD-009,P01,material_received,18228,,0844719a41c7629f,6480b4bd3567bdf8,SC-005
TX-0000881,2025-10-13 04:54:00,LOT-SUP-017-20251013-021,SUP-017,PRD-061,P02,shipment_handover,13332,,6480b4bd3567bdf8,446c02e5bc2592de,SC-007
TX-0000882,2026-06-09 20:16:00,LOT-SUP-011-20260609-054,SUP-011,PRD-075,P02,material_received,22390,,446c02e5bc2592de,befbf04eb2ead0eb,SC-005
TX-0000883,2026-06-30 09:04:00,LOT-SUP-014-20260630-027,SUP-014,PRD-025,P01,finished_goods,22737,,befbf04eb2ead0eb,28b0da21881dc706,SC-010
TX-0000884,2025-09-20 06:14:00,LOT-SUP-009-20250920-005,SUP-009,PRD-034,P02,line_release,6322,QCERT-00097,28b0da21881dc706,790260a280246188,SC-003
TX-0000885,2026-07-31 14:07:00,LOT-SUP-003-20260731-012,SUP-003,PRD-078,P01,quality_certificate,4730,QCERT-00473,790260a280246188,0b2e75257f30277b,SC-010
TX-0000886,2026-07-09 11:48:00,LOT-SUP-001-20260709-054,SUP-001,PRD-068,P03,finished_goods,1934,,0b2e75257f30277b,992697d8415bf711,SC-010
TX-0000887,2026-01-21 02:22:00,LOT-SUP-015-20260121-015,SUP-015,PRD-021,P01,shipment_handover,22671,,992697d8415bf711,457765a43803977e,SC-009
TX-0000888,2025-11-13 18:09:00,LOT-SUP-002-20251113-046,SUP-002,PRD-027,P03,material_received,10937,,457765a43803977e,152347d370a099f7,SC-001
TX-0000889,2026-03-27 22:37:00,LOT-SUP-010-20260327-057,SUP-010,PRD-010,P03,material_received,5896,,152347d370a099f7,67da0e34117c0d22,SC-003
TX-0000890,2026-02-12 11:25:00,LOT-SUP-004-20260212-009,SUP-004,PRD-066,P01,finished_goods,3704,,67da0e34117c0d22,01014691c929cc93,SC-009
TX-0000891,2026-05-20 18:32:00,LOT-SUP-013-20260520-033,SUP-013,PRD-062,P03,finished_goods,7436,,01014691c929cc93,0e86720b52cd657e,SC-011
TX-0000892,2025-12-31 01:25:00,LOT-SUP-006-20251231-017,SUP-006,PRD-052,P03,line_release,9413,QCERT-00323,0e86720b52cd657e,c67246c617aa1425,SC-005
TX-0000893,2026-02-03 03:57:00,LOT-SUP-007-20260203-035,SUP-007,PRD-073,P02,material_received,19878,,c67246c617aa1425,77c427186d4f8965,SC-004
TX-0000894,2025-10-26 19:22:00,LOT-SUP-015-20251026-034,SUP-015,PRD-047,P01,shipment_handover,9656,,77c427186d4f8965,051a9b825bc90e44,SC-003
TX-0000895,2025-12-16 23:55:00,LOT-SUP-011-20251216-025,SUP-011,PRD-017,P01,finished_goods,23015,,051a9b825bc90e44,5afe5532dbb97d86,SC-001
TX-0000896,2026-04-15 02:38:00,LOT-SUP-004-20260415-053,SUP-004,PRD-066,P03,shipment_handover,20691,,5afe5532dbb97d86,4080d8f29213abd9,SC-008
TX-0000897,2025-10-05 12:23:00,LOT-SUP-012-20251005-047,SUP-012,PRD-015,P03,finished_goods,554,,4080d8f29213abd9,79f8f1c2acc6a601,SC-002
TX-0000898,2025-09-15 23:28:00,LOT-SUP-015-20250915-026,SUP-015,PRD-021,P01,finished_goods,7124,,79f8f1c2acc6a601,b33ec945fa53353f,SC-012
TX-0000899,2026-01-14 10:30:00,LOT-SUP-004-20260114-019,SUP-004,PRD-066,P01,shipment_handover,12526,,b33ec945fa53353f,7c266a820f15b751,SC-007
TX-0000900,2026-03-15 23:21:00,LOT-SUP-008-20260315-022,SUP-008,PRD-053,P01,shipment_handover,17561,,7c266a820f15b751,0075b235502358a7,SC-011
TX-0000901,2025-12-16 02:30:00,LOT-SUP-015-20251216-015,SUP-015,PRD-004,P01,material_received,14381,,0075b235502358a7,232fa35f884e01d0,SC-001
TX-0000902,2025-10-03 10:29:00,LOT-SUP-001-20251003-013,SUP-001,PRD-011,P03,line_release,13416,QCERT-00083,232fa35f884e01d0,28a4a744dc12c9ff,SC-002
TX-0000903,2025-11-12 17:05:00,LOT-SUP-007-20251112-033,SUP-007,PRD-055,P03,material_received,19419,,28a4a744dc12c9ff,643361ab14ff3111,SC-004
TX-0000904,2025-12-11 21:35:00,LOT-SUP-006-20251211-041,SUP-006,PRD-049,P03,line_release,15412,QCERT-00483,643361ab14ff3111,d9dc6655c3c36c79,SC-011
TX-0000905,2025-08-24 13:48:00,LOT-SUP-007-20250824-022,SUP-007,PRD-055,P01,shipment_handover,8837,,d9dc6655c3c36c79,84f64c9084b5cdb9,SC-008
TX-0000906,2025-08-19 01:21:00,LOT-SUP-011-20250819-034,SUP-011,PRD-017,P03,quality_certificate,20634,QCERT-00407,84f64c9084b5cdb9,df5f805aa06ad985,SC-011
TX-0000907,2026-04-22 09:18:00,LOT-SUP-008-20260422-044,SUP-008,PRD-044,P01,line_release,10890,QCERT-00334,df5f805aa06ad985,7220b68d3481167f,SC-007
TX-0000908,2026-06-06 17:37:00,LOT-SUP-001-20260606-046,SUP-001,PRD-067,P01,material_received,15177,,7220b68d3481167f,7ec9515eda0232df,SC-004
TX-0000909,2026-01-29 06:32:00,LOT-SUP-008-20260129-002,SUP-008,PRD-033,P02,material_received,3908,,7ec9515eda0232df,feb731795664d5c4,SC-010
TX-0000910,2025-09-09 05:24:00,LOT-SUP-005-20250909-044,SUP-005,PRD-038,P01,line_release,966,QCERT-00024,feb731795664d5c4,8e172fbcdaaa96bd,SC-010
TX-0000911,2025-08-18 18:05:00,LOT-SUP-008-20250818-055,SUP-008,PRD-044,P01,material_received,11587,,8e172fbcdaaa96bd,f91d58844b2187d0,SC-008
TX-0000912,2026-03-11 00:19:00,LOT-SUP-001-20260311-016,SUP-001,PRD-068,P02,quality_certificate,24243,QCERT-00870,f91d58844b2187d0,49f2106ba94dad8a,SC-005
TX-0000913,2026-01-04 07:19:00,LOT-SUP-004-20260104-040,SUP-004,PRD-050,P02,line_release,12265,QCERT-00797,49f2106ba94dad8a,b58fb1d0ee10d7c7,SC-012
TX-0000914,2026-07-15 07:32:00,LOT-SUP-017-20260715-033,SUP-017,PRD-030,P02,quality_certificate,16699,QCERT-00334,b58fb1d0ee10d7c7,e4a9dfdb9b6e3c3a,SC-004
TX-0000915,2025-08-26 09:51:00,LOT-SUP-017-20250826-032,SUP-017,PRD-009,P03,material_received,3764,,e4a9dfdb9b6e3c3a,6a4dafcbe3e20d93,SC-011
TX-0000916,2026-02-07 11:58:00,LOT-SUP-017-20260207-056,SUP-017,PRD-030,P02,line_release,22513,QCERT-00427,6a4dafcbe3e20d93,afb19e76a36a3665,SC-001
TX-0000917,2025-12-29 22:23:00,LOT-SUP-008-20251229-009,SUP-008,PRD-053,P03,material_received,15414,,afb19e76a36a3665,b7681cd6571234f2,SC-011
TX-0000918,2026-02-03 03:59:00,LOT-SUP-006-20260203-024,SUP-006,PRD-040,P01,material_received,532,,b7681cd6571234f2,6e6f39ec64af4cdc,SC-003
TX-0000919,2026-07-19 05:31:00,LOT-SUP-004-20260719-002,SUP-004,PRD-069,P01,line_release,24788,QCERT-00238,6e6f39ec64af4cdc,e5a8f856a84208ae,SC-004
TX-0000920,2025-10-12 17:02:00,LOT-SUP-003-20251012-056,SUP-003,PRD-078,P01,quality_certificate,14121,QCERT-00011,e5a8f856a84208ae,b39e9843d2936b38,SC-010
TX-0000921,2025-08-29 16:18:00,LOT-SUP-009-20250829-021,SUP-009,PRD-077,P01,shipment_handover,9646,,b39e9843d2936b38,d8cb4c169746f6e3,SC-005
TX-0000922,2025-11-29 07:56:00,LOT-SUP-002-20251129-005,SUP-002,PRD-027,P01,finished_goods,11625,,d8cb4c169746f6e3,4fe880c88b8001ac,SC-011
TX-0000923,2026-02-18 13:07:00,LOT-SUP-004-20260218-058,SUP-004,PRD-050,P01,line_release,15422,QCERT-00438,4fe880c88b8001ac,1c6a1c19fcce16bd,SC-001
TX-0000924,2026-02-12 23:33:00,LOT-SUP-006-20260212-053,SUP-006,PRD-052,P01,material_received,12859,,1c6a1c19fcce16bd,d90b99342f21415c,SC-008
TX-0000925,2026-03-31 13:29:00,LOT-SUP-008-20260331-004,SUP-008,PRD-002,P02,quality_certificate,18407,QCERT-00073,d90b99342f21415c,179d20239afd7f6a,SC-008
TX-0000926,2026-07-19 07:35:00,LOT-SUP-005-20260719-025,SUP-005,PRD-023,P02,material_received,13745,,179d20239afd7f6a,f535066f89dba1fa,SC-008
TX-0000927,2025-08-13 14:52:00,LOT-SUP-015-20250813-026,SUP-015,PRD-021,P02,finished_goods,16499,,f535066f89dba1fa,311e74740b033165,SC-011
TX-0000928,2025-10-02 03:41:00,LOT-SUP-008-20251002-008,SUP-008,PRD-026,P02,shipment_handover,5464,,311e74740b033165,19e70545fd2e422e,SC-005
TX-0000929,2026-01-15 06:15:00,LOT-SUP-002-20260115-033,SUP-002,PRD-042,P01,material_received,18603,,19e70545fd2e422e,84bde75fc9a3992a,SC-012
TX-0000930,2026-06-27 18:18:00,LOT-SUP-003-20260627-050,SUP-003,PRD-020,P03,shipment_handover,8583,,84bde75fc9a3992a,13b1cb0f4ed375ba,SC-010
TX-0000931,2026-01-24 11:46:00,LOT-SUP-016-20260124-055,SUP-016,PRD-080,P01,line_release,11881,QCERT-00160,13b1cb0f4ed375ba,c693ca0530ee0aee,SC-001
TX-0000932,2026-04-16 12:42:00,LOT-SUP-016-20260416-053,SUP-016,PRD-063,P01,line_release,10621,QCERT-00667,c693ca0530ee0aee,cf7105929f277f61,SC-006
TX-0000933,2026-03-14 13:03:00,LOT-SUP-014-20260314-008,SUP-014,PRD-036,P01,quality_certificate,5674,QCERT-00848,cf7105929f277f61,7a0ffd79c353bb90,SC-009
TX-0000934,2025-08-15 22:48:00,LOT-SUP-014-20250815-013,SUP-014,PRD-036,P02,material_received,16653,,7a0ffd79c353bb90,10cce14461a231b2,SC-012
TX-0000935,2026-05-29 00:30:00,LOT-SUP-016-20260529-001,SUP-016,PRD-080,P01,line_release,18170,QCERT-00239,10cce14461a231b2,38f9e32a24f93566,SC-001
TX-0000936,2026-03-14 16:14:00,LOT-SUP-003-20260314-023,SUP-003,PRD-020,P03,material_received,11065,,38f9e32a24f93566,0b53f2dc3866a8fb,SC-001
TX-0000937,2026-02-08 03:12:00,LOT-SUP-005-20260208-001,SUP-005,PRD-023,P02,quality_certificate,21848,QCERT-00015,0b53f2dc3866a8fb,2c6ac2c433d43cb6,SC-009
TX-0000938,2026-05-21 00:03:00,LOT-SUP-004-20260521-001,SUP-004,PRD-069,P03,line_release,5746,QCERT-00679,2c6ac2c433d43cb6,e6c8db7c8bcca5dc,SC-008
TX-0000939,2026-04-21 02:00:00,LOT-SUP-004-20260421-059,SUP-004,PRD-069,P03,finished_goods,24588,,e6c8db7c8bcca5dc,dead71e02a468305,SC-012
TX-0000940,2026-07-24 11:20:00,LOT-SUP-013-20260724-050,SUP-013,PRD-079,P01,finished_goods,6472,,dead71e02a468305,5689fb413851188b,SC-001
TX-0000941,2026-04-11 03:01:00,LOT-SUP-014-20260411-033,SUP-014,PRD-036,P01,finished_goods,19828,,5689fb413851188b,ba805805a5f7268d,SC-003
TX-0000942,2025-12-16 03:51:00,LOT-SUP-009-20251216-001,SUP-009,PRD-018,P01,quality_certificate,3064,QCERT-00044,ba805805a5f7268d,cede84555f3c977c,SC-002
TX-0000943,2026-07-02 20:56:00,LOT-SUP-009-20260702-005,SUP-009,PRD-051,P01,quality_certificate,24993,QCERT-00804,cede84555f3c977c,9bd111fd6d41e08a,SC-008
TX-0000944,2025-09-14 01:39:00,LOT-SUP-016-20250914-014,SUP-016,PRD-080,P03,shipment_handover,22064,,9bd111fd6d41e08a,88be352ab5885475,SC-005
TX-0000945,2025-12-07 08:10:00,LOT-SUP-004-20251207-053,SUP-004,PRD-050,P03,material_received,5837,,88be352ab5885475,2efe8884c07bf73d,SC-006
TX-0000946,2026-01-19 01:03:00,LOT-SUP-017-20260119-007,SUP-017,PRD-061,P01,quality_certificate,14759,QCERT-00383,2efe8884c07bf73d,b19a0cce36fbce17,SC-001
TX-0000947,2025-08-02 19:07:00,LOT-SUP-005-20250802-012,SUP-005,PRD-016,P01,line_release,21129,QCERT-00779,b19a0cce36fbce17,dc7201e4ae922e02,SC-009
TX-0000948,2025-08-16 22:07:00,LOT-SUP-002-20250816-029,SUP-002,PRD-027,P01,line_release,8796,QCERT-00446,dc7201e4ae922e02,4b9dc3db1e07a3d1,SC-004
TX-0000949,2026-06-10 00:52:00,LOT-SUP-005-20260610-019,SUP-005,PRD-038,P03,quality_certificate,8460,QCERT-00760,4b9dc3db1e07a3d1,8d8cf0d752c497fe,SC-002
TX-0000950,2026-04-24 10:51:00,LOT-SUP-009-20260424-027,SUP-009,PRD-032,P02,quality_certificate,15724,QCERT-00192,8d8cf0d752c497fe,6dc633e116cce550,SC-002
TX-0000951,2026-05-15 23:39:00,LOT-SUP-010-20260515-050,SUP-010,PRD-076,P03,shipment_handover,7065,,6dc633e116cce550,d724e915e28534a3,SC-002
TX-0000952,2025-09-15 00:41:00,LOT-SUP-013-20250915-004,SUP-013,PRD-054,P03,line_release,5730,QCERT-00491,d724e915e28534a3,f1658180998906f3,SC-010
TX-0000953,2026-07-03 08:42:00,LOT-SUP-018-20260703-020,SUP-018,PRD-019,P03,quality_certificate,14099,QCERT-00803,f1658180998906f3,5801dab1a585ff3e,SC-012
TX-0000954,2026-04-01 19:12:00,LOT-SUP-003-20260401-024,SUP-003,PRD-020,P03,material_received,6480,,5801dab1a585ff3e,2595f9c408dbe1ce,SC-004
TX-0000955,2026-03-14 20:29:00,LOT-SUP-003-20260314-034,SUP-003,PRD-078,P03,material_received,16906,,2595f9c408dbe1ce,a8ce6452f0b0e14a,SC-004
TX-0000956,2026-07-03 02:32:00,LOT-SUP-005-20260703-006,SUP-005,PRD-024,P01,line_release,11439,QCERT-00511,a8ce6452f0b0e14a,df192f0de252526a,SC-011
TX-0000957,2026-05-05 06:13:00,LOT-SUP-016-20260505-047,SUP-016,PRD-080,P03,line_release,24882,QCERT-00600,df192f0de252526a,020e8692d0644c63,SC-003
TX-0000958,2025-11-05 08:31:00,LOT-SUP-006-20251105-050,SUP-006,PRD-049,P03,line_release,18596,QCERT-00119,020e8692d0644c63,306132b008db8bdc,SC-009
TX-0000959,2025-12-16 23:10:00,LOT-SUP-015-20251216-032,SUP-015,PRD-074,P02,quality_certificate,18801,QCERT-00022,306132b008db8bdc,279646f0f5a422c0,SC-012
TX-0000960,2026-04-16 06:27:00,LOT-SUP-004-20260416-054,SUP-004,PRD-057,P02,line_release,3254,QCERT-00502,279646f0f5a422c0,576d520f9a2c2cbb,SC-003
TX-0000961,2026-04-10 03:30:00,LOT-SUP-015-20260410-051,SUP-015,PRD-074,P03,material_received,18220,,576d520f9a2c2cbb,002760e389c8eb7e,SC-001
TX-0000962,2026-05-11 09:49:00,LOT-SUP-001-20260511-023,SUP-001,PRD-011,P03,line_release,17552,QCERT-00666,002760e389c8eb7e,2ef22bd22f3591ed,SC-001
TX-0000963,2026-05-26 06:36:00,LOT-SUP-009-20260526-050,SUP-009,PRD-077,P03,shipment_handover,20204,,2ef22bd22f3591ed,683e2ba20bcdddaa,SC-003
TX-0000964,2025-09-29 12:04:00,LOT-SUP-003-20250929-029,SUP-003,PRD-035,P02,finished_goods,19106,,683e2ba20bcdddaa,a8a7f8a172004be4,SC-010
TX-0000965,2026-01-27 06:06:00,LOT-SUP-013-20260127-051,SUP-013,PRD-058,P03,shipment_handover,17971,,a8a7f8a172004be4,f5509a15d7790f5f,SC-012
TX-0000966,2025-11-07 17:50:00,LOT-SUP-001-20251107-003,SUP-001,PRD-067,P02,finished_goods,22963,,f5509a15d7790f5f,1572cbb9eef49183,SC-005
TX-0000967,2025-11-11 06:07:00,LOT-SUP-004-20251111-055,SUP-004,PRD-069,P03,shipment_handover,7600,,1572cbb9eef49183,1b4f55fa10ce6032,SC-001
TX-0000968,2026-01-20 21:12:00,LOT-SUP-008-20260120-055,SUP-008,PRD-033,P03,finished_goods,16507,,1b4f55fa10ce6032,4bdfe5afe146049b,SC-010
TX-0000969,2026-03-15 01:24:00,LOT-SUP-007-20260315-051,SUP-007,PRD-055,P03,finished_goods,18061,,4bdfe5afe146049b,b0389ce6c6e1ffbf,SC-012
TX-0000970,2026-02-01 13:53:00,LOT-SUP-016-20260201-021,SUP-016,PRD-080,P02,quality_certificate,3225,QCERT-00578,b0389ce6c6e1ffbf,665471b14903bbed,SC-004
TX-0000971,2026-03-26 10:46:00,LOT-SUP-002-20260326-015,SUP-002,PRD-042,P01,shipment_handover,11833,,665471b14903bbed,8e43115ce3f9380d,SC-005
TX-0000972,2025-12-23 09:25:00,LOT-SUP-016-20251223-034,SUP-016,PRD-080,P01,finished_goods,24882,,8e43115ce3f9380d,66f88e8659ffa0ed,SC-012
TX-0000973,2025-10-23 05:19:00,LOT-SUP-016-20251023-039,SUP-016,PRD-043,P01,shipment_handover,7334,,66f88e8659ffa0ed,5de2444e1555cdab,SC-004
TX-0000974,2025-11-21 15:49:00,LOT-SUP-008-20251121-059,SUP-008,PRD-033,P02,line_release,1089,QCERT-00691,5de2444e1555cdab,931cb0ce44cec59f,SC-001
TX-0000975,2025-10-17 03:41:00,LOT-SUP-002-20251017-021,SUP-002,PRD-042,P01,material_received,19851,,931cb0ce44cec59f,aedf4dd47f062067,SC-002
TX-0000976,2026-04-04 00:52:00,LOT-SUP-013-20260404-025,SUP-013,PRD-054,P01,line_release,24149,QCERT-00158,aedf4dd47f062067,e87c531cdf6d1765,SC-011
TX-0000977,2026-05-22 20:49:00,LOT-SUP-008-20260522-033,SUP-008,PRD-033,P03,finished_goods,14535,,e87c531cdf6d1765,53fde78fd4bfe6a6,SC-010
TX-0000978,2025-12-30 20:38:00,LOT-SUP-015-20251230-009,SUP-015,PRD-004,P03,quality_certificate,23962,QCERT-00309,53fde78fd4bfe6a6,1767977ea4028308,SC-010
TX-0000979,2025-11-19 22:10:00,LOT-SUP-004-20251119-059,SUP-004,PRD-059,P02,finished_goods,22209,,1767977ea4028308,3d1d57de627655fd,SC-006
TX-0000980,2026-02-25 06:04:00,LOT-SUP-010-20260225-050,SUP-010,PRD-076,P03,material_received,11492,,3d1d57de627655fd,accee4404592304f,SC-009
TX-0000981,2025-11-05 20:03:00,LOT-SUP-001-20251105-024,SUP-001,PRD-046,P01,material_received,17625,,accee4404592304f,f814e8d847f0aaad,SC-003
TX-0000982,2025-10-03 14:35:00,LOT-SUP-004-20251003-027,SUP-004,PRD-057,P02,quality_certificate,13452,QCERT-00006,f814e8d847f0aaad,0463d22348259aaa,SC-011
TX-0000983,2026-03-30 06:20:00,LOT-SUP-004-20260330-024,SUP-004,PRD-069,P02,material_received,8399,,0463d22348259aaa,a6b57b1b92e51a3a,SC-010
TX-0000984,2025-09-12 17:48:00,LOT-SUP-002-20250912-043,SUP-002,PRD-027,P02,shipment_handover,9948,,a6b57b1b92e51a3a,9e8829fa7df22e80,SC-003
TX-0000985,2026-01-24 06:47:00,LOT-SUP-009-20260124-042,SUP-009,PRD-034,P03,finished_goods,19586,,9e8829fa7df22e80,4d44e8991c31ab4d,SC-007
TX-0000986,2026-02-16 05:48:00,LOT-SUP-008-20260216-052,SUP-008,PRD-007,P01,material_received,20985,,4d44e8991c31ab4d,5576d4271ffea678,SC-009
TX-0000987,2026-02-02 13:33:00,LOT-SUP-002-20260202-026,SUP-002,PRD-064,P01,finished_goods,6591,,5576d4271ffea678,c1d40a0e120e2899,SC-005
TX-0000988,2025-09-20 07:45:00,LOT-SUP-015-20250920-045,SUP-015,PRD-047,P02,quality_certificate,9852,QCERT-00499,c1d40a0e120e2899,eae12c3171fa81d8,SC-006
TX-0000989,2026-07-03 07:29:00,LOT-SUP-008-20260703-036,SUP-008,PRD-037,P01,shipment_handover,1747,,eae12c3171fa81d8,97f130b7f48356e8,SC-007
TX-0000990,2025-11-22 05:18:00,LOT-SUP-005-20251122-030,SUP-005,PRD-024,P02,quality_certificate,18877,QCERT-00061,97f130b7f48356e8,ba491dd12aa60128,SC-011
TX-0000991,2026-02-21 02:21:00,LOT-SUP-015-20260221-003,SUP-015,PRD-004,P03,finished_goods,16556,,ba491dd12aa60128,f09d671ab384d2b3,SC-006
TX-0000992,2026-05-06 18:20:00,LOT-SUP-010-20260506-060,SUP-010,PRD-028,P03,material_received,12135,,f09d671ab384d2b3,56b801d6b763f25a,SC-008
TX-0000993,2025-10-17 23:20:00,LOT-SUP-014-20251017-038,SUP-014,PRD-025,P03,finished_goods,21861,,56b801d6b763f25a,0ddca2f0cd85b6c4,SC-002
TX-0000994,2025-12-27 05:25:00,LOT-SUP-003-20251227-055,SUP-003,PRD-020,P01,line_release,15309,QCERT-00280,0ddca2f0cd85b6c4,16edb29139aa6c2d,SC-011
TX-0000995,2026-04-12 14:46:00,LOT-SUP-003-20260412-033,SUP-003,PRD-060,P03,shipment_handover,14939,,16edb29139aa6c2d,52f5a16b11f54699,SC-010
TX-0000996,2025-11-11 19:05:00,LOT-SUP-015-20251111-018,SUP-015,PRD-074,P01,quality_certificate,18653,QCERT-00549,52f5a16b11f54699,a027f642384b4f2e,SC-004
TX-0000997,2026-03-02 04:06:00,LOT-SUP-005-20260302-014,SUP-005,PRD-005,P03,finished_goods,16380,,a027f642384b4f2e,8eb9f440aebcfc80,SC-001
TX-0000998,2026-03-16 18:17:00,LOT-SUP-002-20260316-015,SUP-002,PRD-064,P02,material_received,21452,,8eb9f440aebcfc80,5db70fe65efa4221,SC-010
TX-0000999,2025-09-21 03:23:00,LOT-SUP-001-20250921-048,SUP-001,PRD-011,P03,shipment_handover,670,,5db70fe65efa4221,750ac175db4a4fd7,SC-010
TX-0001000,2026-04-06 19:01:00,LOT-SUP-004-20260406-051,SUP-004,PRD-050,P02,quality_certificate,10618,QCERT-00191,750ac175db4a4fd7,5374a2979eb4d55f,SC-001
TX-0001001,2025-10-08 21:07:00,LOT-SUP-012-20251008-005,SUP-012,PRD-012,P02,finished_goods,22333,,5374a2979eb4d55f,2b785227d943258d,SC-001
TX-0001002,2026-07-02 17:01:00,LOT-SUP-009-20260702-017,SUP-009,PRD-039,P01,material_received,19090,,2b785227d943258d,30f91f9dbffdb491,SC-003
TX-0001003,2026-05-28 14:28:00,LOT-SUP-016-20260528-022,SUP-016,PRD-008,P02,material_received,12304,,30f91f9dbffdb491,f8bd2e85422c1c74,SC-004
TX-0001004,2025-10-14 15:39:00,LOT-SUP-013-20251014-039,SUP-013,PRD-054,P01,material_received,17678,,f8bd2e85422c1c74,53da83af9af11f00,SC-008
TX-0001005,2026-06-27 02:44:00,LOT-SUP-008-20260627-005,SUP-008,PRD-044,P02,line_release,18720,QCERT-00093,53da83af9af11f00,f494a1b43e76909e,SC-011
TX-0001006,2026-04-16 19:33:00,LOT-SUP-007-20260416-003,SUP-007,PRD-073,P03,material_received,14031,,f494a1b43e76909e,299d41cf93b95255,SC-010
TX-0001007,2025-11-26 10:57:00,LOT-SUP-013-20251126-033,SUP-013,PRD-058,P01,material_received,18396,,299d41cf93b95255,d48a397b0e8d0eb3,SC-007
TX-0001008,2025-10-12 06:23:00,LOT-SUP-015-20251012-033,SUP-015,PRD-004,P01,finished_goods,731,,d48a397b0e8d0eb3,e90900f9a58d6c63,SC-003
TX-0001009,2025-09-29 04:22:00,LOT-SUP-002-20250929-007,SUP-002,PRD-027,P01,line_release,22266,QCERT-00098,e90900f9a58d6c63,435a0f5739636241,SC-008
TX-0001010,2026-07-18 02:11:00,LOT-SUP-007-20260718-004,SUP-007,PRD-055,P03,shipment_handover,2461,,435a0f5739636241,5d0a041f5c2b2041,SC-006
TX-0001011,2025-11-24 06:36:00,LOT-SUP-011-20251124-024,SUP-011,PRD-017,P03,line_release,19217,QCERT-00296,5d0a041f5c2b2041,0975e9e25a544639,SC-008
TX-0001012,2025-12-31 23:58:00,LOT-SUP-002-20251231-020,SUP-002,PRD-001,P01,finished_goods,11535,,0975e9e25a544639,2f876c51a5836cfe,SC-009
TX-0001013,2025-10-29 00:00:00,LOT-SUP-008-20251029-054,SUP-008,PRD-037,P01,material_received,21838,,2f876c51a5836cfe,c587caa9886f2fbb,SC-011
TX-0001014,2025-09-20 15:07:00,LOT-SUP-015-20250920-026,SUP-015,PRD-031,P02,finished_goods,19023,,c587caa9886f2fbb,2bbee85d16a1ab3a,SC-007
TX-0001015,2026-01-09 10:25:00,LOT-SUP-008-20260109-037,SUP-008,PRD-053,P02,material_received,5822,,2bbee85d16a1ab3a,cf6ebb497e472e1f,SC-002
TX-0001016,2026-02-06 01:40:00,LOT-SUP-015-20260206-015,SUP-015,PRD-021,P02,material_received,597,,cf6ebb497e472e1f,01425d18cfa583af,SC-012
TX-0001017,2026-02-03 07:29:00,LOT-SUP-006-20260203-026,SUP-006,PRD-049,P02,shipment_handover,7154,,01425d18cfa583af,e3b99c28eb72a61c,SC-011
TX-0001018,2026-02-08 00:01:00,LOT-SUP-003-20260208-022,SUP-003,PRD-078,P03,quality_certificate,6121,QCERT-00686,e3b99c28eb72a61c,6e42ea276db5480f,SC-010
TX-0001019,2025-11-26 03:33:00,LOT-SUP-004-20251126-033,SUP-004,PRD-069,P03,shipment_handover,7919,,6e42ea276db5480f,e180b2c024a1fdc7,SC-002
TX-0001020,2026-04-12 06:20:00,LOT-SUP-004-20260412-019,SUP-004,PRD-057,P03,shipment_handover,14300,,e180b2c024a1fdc7,7c4a4567a3ce7acb,SC-001
TX-0001021,2025-12-17 13:01:00,LOT-SUP-005-20251217-009,SUP-005,PRD-041,P01,material_received,19086,,7c4a4567a3ce7acb,b208d0ece1217752,SC-003
TX-0001022,2026-07-11 07:54:00,LOT-SUP-007-20260711-044,SUP-007,PRD-070,P01,finished_goods,18314,,b208d0ece1217752,38ebb8e356d6c0c5,SC-011
TX-0001023,2026-03-16 19:35:00,LOT-SUP-011-20260316-035,SUP-011,PRD-075,P03,material_received,3192,,38ebb8e356d6c0c5,f64ca306280feda6,SC-001
TX-0001024,2026-06-22 09:42:00,LOT-SUP-008-20260622-030,SUP-008,PRD-002,P03,line_release,17592,QCERT-00849,f64ca306280feda6,bcac107c28a837f3,SC-001
TX-0001025,2026-04-05 18:12:00,LOT-SUP-014-20260405-045,SUP-014,PRD-036,P01,quality_certificate,18696,QCERT-00385,bcac107c28a837f3,b3ad5a86803ed51b,SC-004
TX-0001026,2026-01-18 08:17:00,LOT-SUP-005-20260118-056,SUP-005,PRD-014,P03,material_received,18313,,b3ad5a86803ed51b,40aa4847e16d2f0b,SC-002
TX-0001027,2025-08-18 16:00:00,LOT-SUP-015-20250818-043,SUP-015,PRD-047,P02,finished_goods,2765,,40aa4847e16d2f0b,ea604c73ecef4277,SC-008
TX-0001028,2026-06-09 03:12:00,LOT-SUP-009-20260609-026,SUP-009,PRD-051,P01,quality_certificate,23726,QCERT-00783,ea604c73ecef4277,3ee2c4176b63a45e,SC-009
TX-0001029,2025-11-04 01:21:00,LOT-SUP-011-20251104-035,SUP-011,PRD-075,P01,shipment_handover,20866,,3ee2c4176b63a45e,863f02c1caecc6f0,SC-003
TX-0001030,2025-11-24 10:56:00,LOT-SUP-008-20251124-014,SUP-008,PRD-007,P02,finished_goods,14094,,863f02c1caecc6f0,46cc2c355beef03c,SC-001
TX-0001031,2025-12-31 15:12:00,LOT-SUP-015-20251231-016,SUP-015,PRD-021,P03,finished_goods,16021,,46cc2c355beef03c,beeb4b23e7707fb1,SC-012
TX-0001032,2026-07-30 06:46:00,LOT-SUP-010-20260730-040,SUP-010,PRD-045,P01,material_received,15111,,beeb4b23e7707fb1,7080f5a4956c5aaf,SC-006
TX-0001033,2025-10-19 22:23:00,LOT-SUP-008-20251019-003,SUP-008,PRD-044,P01,quality_certificate,16051,QCERT-00744,7080f5a4956c5aaf,3f819ecbe8eb36b7,SC-007
TX-0001034,2026-02-14 10:38:00,LOT-SUP-006-20260214-049,SUP-006,PRD-040,P02,quality_certificate,1858,QCERT-00353,3f819ecbe8eb36b7,926a781182ddfb8a,SC-006
TX-0001035,2026-05-18 18:47:00,LOT-SUP-007-20260518-020,SUP-007,PRD-055,P02,finished_goods,12337,,926a781182ddfb8a,fd84a02a1e0dab93,SC-004
TX-0001036,2026-06-21 13:21:00,LOT-SUP-010-20260621-053,SUP-010,PRD-028,P02,finished_goods,16351,,fd84a02a1e0dab93,921739fb46cfa438,SC-010
TX-0001037,2026-07-04 14:52:00,LOT-SUP-005-20260704-002,SUP-005,PRD-023,P01,quality_certificate,3987,QCERT-00369,921739fb46cfa438,e755223a3d3bf70e,SC-004
TX-0001038,2025-10-12 11:08:00,LOT-SUP-013-20251012-039,SUP-013,PRD-079,P02,shipment_handover,9077,,e755223a3d3bf70e,de659fdfb9d8adcc,SC-008
TX-0001039,2026-07-03 10:42:00,LOT-SUP-003-20260703-026,SUP-003,PRD-035,P01,shipment_handover,7956,,de659fdfb9d8adcc,4fe0ad25ad06a04d,SC-007
TX-0001040,2025-12-30 05:22:00,LOT-SUP-016-20251230-033,SUP-016,PRD-080,P01,finished_goods,8787,,4fe0ad25ad06a04d,df52088280ce46bb,SC-008
TX-0001041,2026-03-16 15:28:00,LOT-SUP-005-20260316-038,SUP-005,PRD-014,P02,material_received,9656,,df52088280ce46bb,d0f98d28d4fadd20,SC-005
TX-0001042,2025-09-14 04:32:00,LOT-SUP-007-20250914-029,SUP-007,PRD-073,P03,shipment_handover,15355,,d0f98d28d4fadd20,163075305e580a83,SC-006
TX-0001043,2026-01-08 17:57:00,LOT-SUP-015-20260108-001,SUP-015,PRD-074,P02,line_release,10542,QCERT-00813,163075305e580a83,e0368418384dd787,SC-010
TX-0001044,2026-06-25 03:15:00,LOT-SUP-008-20260625-020,SUP-008,PRD-044,P01,line_release,23512,QCERT-00740,e0368418384dd787,34e2c9f9288898ce,SC-008
TX-0001045,2025-11-22 01:44:00,LOT-SUP-015-20251122-034,SUP-015,PRD-003,P03,line_release,23841,QCERT-00729,34e2c9f9288898ce,95f4a8694e2e0882,SC-006
TX-0001046,2025-09-17 13:19:00,LOT-SUP-015-20250917-017,SUP-015,PRD-003,P01,material_received,9643,,95f4a8694e2e0882,10813b674d6e0744,SC-006
TX-0001047,2025-12-13 13:29:00,LOT-SUP-004-20251213-046,SUP-004,PRD-059,P02,finished_goods,12037,,10813b674d6e0744,2b2df10256a359e4,SC-005
TX-0001048,2026-07-01 10:19:00,LOT-SUP-005-20260701-020,SUP-005,PRD-016,P02,material_received,9973,,2b2df10256a359e4,7240e6b67daaf502,SC-012
TX-0001049,2025-08-24 08:30:00,LOT-SUP-002-20250824-027,SUP-002,PRD-064,P03,line_release,14764,QCERT-00837,7240e6b67daaf502,17489c5ed445841d,SC-003
TX-0001050,2026-04-10 00:06:00,LOT-SUP-004-20260410-023,SUP-004,PRD-057,P02,finished_goods,7430,,17489c5ed445841d,dd3b23af5bdc0b0d,SC-008
TX-0001051,2026-05-27 11:22:00,LOT-SUP-014-20260527-025,SUP-014,PRD-025,P02,finished_goods,6078,,dd3b23af5bdc0b0d,bb68cd02e2b869ee,SC-001
TX-0001052,2026-03-09 17:50:00,LOT-SUP-012-20260309-060,SUP-012,PRD-006,P02,shipment_handover,10509,,bb68cd02e2b869ee,8789925aa57877bb,SC-004
TX-0001053,2026-01-22 06:18:00,LOT-SUP-010-20260122-016,SUP-010,PRD-076,P02,finished_goods,14830,,8789925aa57877bb,96a53e224b6782e6,SC-001
TX-0001054,2025-12-28 16:20:00,LOT-SUP-001-20251228-030,SUP-001,PRD-046,P02,quality_certificate,23449,QCERT-00591,96a53e224b6782e6,5db28b1cdc4294ad,SC-006
TX-0001055,2025-12-17 20:37:00,LOT-SUP-015-20251217-048,SUP-015,PRD-031,P03,shipment_handover,11268,,5db28b1cdc4294ad,44d5de5ae5c60088,SC-002
TX-0001056,2026-05-01 08:01:00,LOT-SUP-015-20260501-022,SUP-015,PRD-004,P01,line_release,22150,QCERT-00699,44d5de5ae5c60088,3a281263e36eb1cf,SC-008
TX-0001057,2026-01-11 14:38:00,LOT-SUP-002-20260111-051,SUP-002,PRD-001,P01,quality_certificate,14036,QCERT-00385,3a281263e36eb1cf,20ab145c234c27eb,SC-005
TX-0001058,2026-02-27 18:09:00,LOT-SUP-014-20260227-052,SUP-014,PRD-036,P01,quality_certificate,6047,QCERT-00640,20ab145c234c27eb,d493839f184a0ffd,SC-003
TX-0001059,2026-07-26 07:08:00,LOT-SUP-005-20260726-030,SUP-005,PRD-023,P03,finished_goods,5330,,d493839f184a0ffd,341fd9cdb1f0a0d8,SC-011
TX-0001060,2025-11-04 21:31:00,LOT-SUP-008-20251104-050,SUP-008,PRD-026,P02,line_release,4351,QCERT-00613,341fd9cdb1f0a0d8,6190cd5566ee9927,SC-011
TX-0001061,2025-09-24 00:43:00,LOT-SUP-008-20250924-041,SUP-008,PRD-026,P03,line_release,1267,QCERT-00738,6190cd5566ee9927,43811cb71e68f3e2,SC-003
TX-0001062,2025-10-24 03:50:00,LOT-SUP-011-20251024-033,SUP-011,PRD-075,P03,finished_goods,10768,,43811cb71e68f3e2,4a8212f211255d1b,SC-011
TX-0001063,2026-01-30 08:35:00,LOT-SUP-002-20260130-001,SUP-002,PRD-042,P02,finished_goods,1630,,4a8212f211255d1b,3f5a7ba383b56d41,SC-011
TX-0001064,2026-05-15 17:00:00,LOT-SUP-005-20260515-004,SUP-005,PRD-022,P01,shipment_handover,12446,,3f5a7ba383b56d41,f2db331ce4bb6c24,SC-005
TX-0001065,2026-06-15 00:34:00,LOT-SUP-012-20260615-050,SUP-012,PRD-006,P01,shipment_handover,14429,,f2db331ce4bb6c24,688136cd98a671c0,SC-008
TX-0001066,2025-09-02 07:32:00,LOT-SUP-016-20250902-016,SUP-016,PRD-063,P03,quality_certificate,17032,QCERT-00788,688136cd98a671c0,2042bf4544be1a45,SC-007
TX-0001067,2025-12-04 19:44:00,LOT-SUP-015-20251204-039,SUP-015,PRD-021,P03,material_received,4560,,2042bf4544be1a45,ea754808ce935062,SC-009
TX-0001068,2026-06-08 01:37:00,LOT-SUP-005-20260608-037,SUP-005,PRD-016,P03,line_release,15254,QCERT-00494,ea754808ce935062,a4aafe8daf88eac5,SC-001
TX-0001069,2025-11-26 01:24:00,LOT-SUP-012-20251126-057,SUP-012,PRD-006,P02,line_release,20505,QCERT-00110,a4aafe8daf88eac5,b9760bd433339358,SC-001
TX-0001070,2026-02-08 07:10:00,LOT-SUP-001-20260208-049,SUP-001,PRD-067,P02,material_received,10020,,b9760bd433339358,d0d91ad9cdecd166,SC-006
TX-0001071,2026-07-22 14:04:00,LOT-SUP-005-20260722-022,SUP-005,PRD-024,P03,material_received,1486,,d0d91ad9cdecd166,b383800adf7b0d8a,SC-011
TX-0001072,2025-11-20 23:22:00,LOT-SUP-005-20251120-050,SUP-005,PRD-024,P01,line_release,23256,QCERT-00178,b383800adf7b0d8a,e1cbb2c51543ea3d,SC-010
TX-0001073,2025-10-02 11:32:00,LOT-SUP-005-20251002-008,SUP-005,PRD-023,P01,finished_goods,2072,,e1cbb2c51543ea3d,7c3a2ed81a21c0b4,SC-001
TX-0001074,2026-03-05 00:04:00,LOT-SUP-001-20260305-030,SUP-001,PRD-067,P02,line_release,16681,QCERT-00213,7c3a2ed81a21c0b4,56dbebe575b2cb7f,SC-007
TX-0001075,2026-04-01 23:42:00,LOT-SUP-011-20260401-034,SUP-011,PRD-075,P03,line_release,8345,QCERT-00895,56dbebe575b2cb7f,0a0a3c34f057a865,SC-002
TX-0001076,2026-06-04 02:05:00,LOT-SUP-008-20260604-019,SUP-008,PRD-044,P03,finished_goods,14390,,0a0a3c34f057a865,d931c164cf618fd7,SC-012
TX-0001077,2026-02-12 07:22:00,LOT-SUP-013-20260212-023,SUP-013,PRD-058,P03,shipment_handover,11934,,d931c164cf618fd7,cc13e37f9e72f457,SC-011
TX-0001078,2025-08-16 06:29:00,LOT-SUP-010-20250816-011,SUP-010,PRD-028,P02,shipment_handover,4295,,cc13e37f9e72f457,f90aa83056d496eb,SC-005
TX-0001079,2026-07-19 15:27:00,LOT-SUP-014-20260719-032,SUP-014,PRD-025,P01,line_release,15974,QCERT-00269,f90aa83056d496eb,1d2d60b68258c211,SC-002
TX-0001080,2025-11-11 22:56:00,LOT-SUP-006-20251111-048,SUP-006,PRD-040,P02,line_release,22087,QCERT-00876,1d2d60b68258c211,7e916e119d1b6ff8,SC-005
TX-0001081,2026-03-25 17:25:00,LOT-SUP-006-20260325-031,SUP-006,PRD-040,P03,shipment_handover,8334,,7e916e119d1b6ff8,1397e533de0be13d,SC-005
TX-0001082,2026-03-24 00:26:00,LOT-SUP-008-20260324-036,SUP-008,PRD-026,P01,line_release,22420,QCERT-00563,1397e533de0be13d,ebb7f74ef64ede6e,SC-007
TX-0001083,2025-09-13 10:59:00,LOT-SUP-009-20250913-018,SUP-009,PRD-039,P02,finished_goods,13924,,ebb7f74ef64ede6e,4f93ff41dca61d52,SC-004
TX-0001084,2025-08-17 14:16:00,LOT-SUP-012-20250817-034,SUP-012,PRD-006,P01,line_release,954,QCERT-00295,4f93ff41dca61d52,7eb8b933225d4f8c,SC-012
TX-0001085,2025-09-03 20:40:00,LOT-SUP-002-20250903-003,SUP-002,PRD-064,P01,material_received,5077,,7eb8b933225d4f8c,7994807a3e573eb9,SC-011
TX-0001086,2025-10-03 22:36:00,LOT-SUP-015-20251003-031,SUP-015,PRD-021,P03,line_release,18181,QCERT-00758,7994807a3e573eb9,300a22a52971f173,SC-003
TX-0001087,2025-08-03 06:25:00,LOT-SUP-002-20250803-057,SUP-002,PRD-001,P02,finished_goods,17239,,300a22a52971f173,b9c357e5536461d8,SC-007
TX-0001088,2026-02-24 13:19:00,LOT-SUP-008-20260224-007,SUP-008,PRD-053,P01,line_release,8643,QCERT-00023,b9c357e5536461d8,654f9fff9db7aedc,SC-001
TX-0001089,2026-06-17 08:56:00,LOT-SUP-004-20260617-059,SUP-004,PRD-066,P01,finished_goods,4487,,654f9fff9db7aedc,9dc534aa0a534b5d,SC-004
TX-0001090,2025-12-15 05:44:00,LOT-SUP-013-20251215-054,SUP-013,PRD-054,P03,quality_certificate,2360,QCERT-00706,9dc534aa0a534b5d,6fde0d22b78aae83,SC-004
TX-0001091,2025-11-30 19:35:00,LOT-SUP-004-20251130-050,SUP-004,PRD-050,P01,quality_certificate,14530,QCERT-00256,6fde0d22b78aae83,397debdb37d12c23,SC-004
TX-0001092,2026-02-01 17:35:00,LOT-SUP-015-20260201-023,SUP-015,PRD-021,P03,shipment_handover,17805,,397debdb37d12c23,e20b1288a36dd3fc,SC-011
TX-0001093,2025-08-08 16:57:00,LOT-SUP-006-20250808-048,SUP-006,PRD-049,P02,quality_certificate,22681,QCERT-00410,e20b1288a36dd3fc,01f5eba7e9a4564b,SC-001
TX-0001094,2026-06-03 08:37:00,LOT-SUP-003-20260603-024,SUP-003,PRD-020,P03,shipment_handover,22157,,01f5eba7e9a4564b,70c788efc29bf790,SC-005
TX-0001095,2026-01-24 12:45:00,LOT-SUP-002-20260124-003,SUP-002,PRD-027,P01,line_release,5621,QCERT-00694,70c788efc29bf790,915b02eb7efd82d1,SC-008
TX-0001096,2025-09-07 06:49:00,LOT-SUP-006-20250907-029,SUP-006,PRD-049,P01,material_received,4245,,915b02eb7efd82d1,8c2905d9025fe57a,SC-008
TX-0001097,2026-04-13 07:52:00,LOT-SUP-016-20260413-039,SUP-016,PRD-063,P03,material_received,659,,8c2905d9025fe57a,c4ba4b866b597a7b,SC-002
TX-0001098,2025-10-09 18:47:00,LOT-SUP-009-20251009-041,SUP-009,PRD-018,P02,material_received,2423,,c4ba4b866b597a7b,b36275a6bfcfcf9b,SC-011
TX-0001099,2026-03-11 16:52:00,LOT-SUP-010-20260311-003,SUP-010,PRD-010,P03,line_release,14671,QCERT-00580,b36275a6bfcfcf9b,1d2c750e00ffa270,SC-006
TX-0001100,2025-08-15 21:50:00,LOT-SUP-008-20250815-053,SUP-008,PRD-037,P01,shipment_handover,21271,,1d2c750e00ffa270,962d2eabbf46c368,SC-005
TX-0001101,2026-06-07 08:27:00,LOT-SUP-008-20260607-044,SUP-008,PRD-007,P03,line_release,15885,QCERT-00214,962d2eabbf46c368,3e9ab473d13fdc61,SC-008
TX-0001102,2025-11-01 01:02:00,LOT-SUP-016-20251101-040,SUP-016,PRD-043,P03,material_received,13314,,3e9ab473d13fdc61,0a0cda2bd716b939,SC-002
TX-0001103,2026-04-11 04:58:00,LOT-SUP-006-20260411-035,SUP-006,PRD-040,P01,line_release,12124,QCERT-00044,0a0cda2bd716b939,a3118ae82d4a6d76,SC-012
TX-0001104,2025-10-22 10:51:00,LOT-SUP-009-20251022-030,SUP-009,PRD-032,P02,material_received,2948,,a3118ae82d4a6d76,af6780142a3d006d,SC-011
TX-0001105,2026-05-29 08:17:00,LOT-SUP-016-20260529-011,SUP-016,PRD-008,P03,material_received,955,,af6780142a3d006d,990055fe59df851d,SC-011
TX-0001106,2025-12-19 01:19:00,LOT-SUP-015-20251219-031,SUP-015,PRD-003,P01,material_received,9582,,990055fe59df851d,4cabb8935923b23d,SC-011
TX-0001107,2026-05-25 13:07:00,LOT-SUP-017-20260525-024,SUP-017,PRD-030,P02,line_release,6669,QCERT-00883,4cabb8935923b23d,3f49b735caef4787,SC-010
TX-0001108,2025-09-16 02:04:00,LOT-SUP-003-20250916-038,SUP-003,PRD-072,P01,finished_goods,21726,,3f49b735caef4787,36ddc4413469d5ef,SC-001
TX-0001109,2026-07-04 02:16:00,LOT-SUP-005-20260704-059,SUP-005,PRD-024,P02,quality_certificate,11874,QCERT-00513,36ddc4413469d5ef,cbbd32829074a881,SC-012
TX-0001110,2026-05-09 07:46:00,LOT-SUP-003-20260509-023,SUP-003,PRD-072,P02,material_received,980,,cbbd32829074a881,985e01aeec5105dc,SC-009
TX-0001111,2026-04-22 08:56:00,LOT-SUP-003-20260422-042,SUP-003,PRD-035,P03,line_release,8305,QCERT-00072,985e01aeec5105dc,22af3108197db454,SC-001
TX-0001112,2025-10-19 23:21:00,LOT-SUP-015-20251019-059,SUP-015,PRD-003,P01,shipment_handover,15611,,22af3108197db454,9fb04d1ac08e1e02,SC-005
TX-0001113,2026-06-30 12:34:00,LOT-SUP-013-20260630-029,SUP-013,PRD-054,P03,quality_certificate,13286,QCERT-00686,9fb04d1ac08e1e02,210403c39a009fad,SC-012
TX-0001114,2025-09-11 05:04:00,LOT-SUP-012-20250911-052,SUP-012,PRD-012,P02,material_received,15063,,210403c39a009fad,fca903e62c6fe5c1,SC-002
TX-0001115,2026-07-31 22:06:00,LOT-SUP-010-20260731-008,SUP-010,PRD-010,P03,shipment_handover,8656,,fca903e62c6fe5c1,af601b6ebe05af05,SC-003
TX-0001116,2026-04-23 05:30:00,LOT-SUP-010-20260423-032,SUP-010,PRD-056,P03,quality_certificate,11968,QCERT-00576,af601b6ebe05af05,196ae074e050dbaa,SC-006
TX-0001117,2026-05-06 01:05:00,LOT-SUP-008-20260506-004,SUP-008,PRD-002,P02,finished_goods,9500,,196ae074e050dbaa,8023ffea1371f18f,SC-005
TX-0001118,2026-04-05 12:03:00,LOT-SUP-011-20260405-016,SUP-011,PRD-017,P03,finished_goods,9256,,8023ffea1371f18f,b3549ae3ab5c97a6,SC-006
TX-0001119,2026-02-24 08:37:00,LOT-SUP-005-20260224-051,SUP-005,PRD-005,P02,shipment_handover,1533,,b3549ae3ab5c97a6,8825a865cf5f8b87,SC-012
TX-0001120,2025-10-30 04:13:00,LOT-SUP-015-20251030-011,SUP-015,PRD-074,P03,line_release,8802,QCERT-00107,8825a865cf5f8b87,fd3db751cc08a3a7,SC-007
TX-0001121,2025-11-24 12:43:00,LOT-SUP-014-20251124-059,SUP-014,PRD-025,P02,line_release,3407,QCERT-00368,fd3db751cc08a3a7,4a7f6a7f5a29ae51,SC-001
TX-0001122,2025-10-10 04:04:00,LOT-SUP-015-20251010-011,SUP-015,PRD-004,P01,material_received,21524,,4a7f6a7f5a29ae51,92bec43a47eecaaf,SC-007
TX-0001123,2025-11-24 06:46:00,LOT-SUP-016-20251124-048,SUP-016,PRD-008,P03,line_release,12999,QCERT-00713,92bec43a47eecaaf,dd8fbf0f26c161a6,SC-010
TX-0001124,2025-11-18 00:23:00,LOT-SUP-012-20251118-026,SUP-012,PRD-006,P02,finished_goods,12714,,dd8fbf0f26c161a6,70e06a95fc3d3a5c,SC-010
TX-0001125,2025-08-17 08:52:00,LOT-SUP-009-20250817-029,SUP-009,PRD-034,P03,finished_goods,4559,,70e06a95fc3d3a5c,f3d2172af58c970b,SC-009
TX-0001126,2026-04-19 14:00:00,LOT-SUP-006-20260419-039,SUP-006,PRD-040,P01,material_received,23928,,f3d2172af58c970b,b2898a983d645de2,SC-004
TX-0001127,2026-04-17 07:25:00,LOT-SUP-009-20260417-046,SUP-009,PRD-051,P02,material_received,4218,,b2898a983d645de2,519b1b684e5727b3,SC-001
TX-0001128,2026-04-01 15:37:00,LOT-SUP-008-20260401-016,SUP-008,PRD-033,P01,line_release,21801,QCERT-00732,519b1b684e5727b3,fcf3257461e87a1b,SC-003
TX-0001129,2026-04-09 21:02:00,LOT-SUP-009-20260409-055,SUP-009,PRD-051,P03,material_received,3527,,fcf3257461e87a1b,236d0de7294f6761,SC-002
TX-0001130,2026-04-20 11:59:00,LOT-SUP-015-20260420-021,SUP-015,PRD-021,P02,line_release,2571,QCERT-00389,236d0de7294f6761,1c1b3e85dc492d05,SC-004
TX-0001131,2026-06-20 07:35:00,LOT-SUP-006-20260620-013,SUP-006,PRD-049,P03,material_received,11181,,1c1b3e85dc492d05,2ee7b2762868727e,SC-011
TX-0001132,2025-12-08 04:10:00,LOT-SUP-003-20251208-013,SUP-003,PRD-072,P02,finished_goods,12607,,2ee7b2762868727e,4648a840edfc13bd,SC-006
TX-0001133,2026-02-27 14:19:00,LOT-SUP-008-20260227-059,SUP-008,PRD-037,P02,shipment_handover,9131,,4648a840edfc13bd,ea74d7e20bef6280,SC-002
TX-0001134,2025-09-02 23:07:00,LOT-SUP-010-20250902-037,SUP-010,PRD-028,P02,line_release,16035,QCERT-00066,ea74d7e20bef6280,0d000bd18f720657,SC-004
TX-0001135,2026-04-29 21:56:00,LOT-SUP-015-20260429-050,SUP-015,PRD-021,P03,line_release,2163,QCERT-00082,0d000bd18f720657,9dc79e169d07f4df,SC-009
TX-0001136,2026-03-21 08:07:00,LOT-SUP-003-20260321-053,SUP-003,PRD-060,P02,material_received,5101,,9dc79e169d07f4df,8a2b0da2c03a6ed7,SC-006
TX-0001137,2025-12-05 08:07:00,LOT-SUP-016-20251205-014,SUP-016,PRD-043,P02,quality_certificate,11366,QCERT-00030,8a2b0da2c03a6ed7,5b9d1168c8983ff8,SC-004
TX-0001138,2025-10-20 19:54:00,LOT-SUP-014-20251020-060,SUP-014,PRD-025,P01,finished_goods,15809,,5b9d1168c8983ff8,1d7ae8740496aabd,SC-003
TX-0001139,2026-04-07 04:08:00,LOT-SUP-009-20260407-058,SUP-009,PRD-018,P02,line_release,15610,QCERT-00217,1d7ae8740496aabd,07d1c89c41d9219a,SC-012
TX-0001140,2026-06-15 18:47:00,LOT-SUP-001-20260615-047,SUP-001,PRD-011,P03,shipment_handover,21329,,07d1c89c41d9219a,f533542afa763a05,SC-009
TX-0001141,2026-01-18 15:26:00,LOT-SUP-007-20260118-031,SUP-007,PRD-055,P01,quality_certificate,6350,QCERT-00408,f533542afa763a05,dd9939283b514bed,SC-011
TX-0001142,2025-09-23 07:50:00,LOT-SUP-008-20250923-028,SUP-008,PRD-044,P03,material_received,18655,,dd9939283b514bed,bba2b15090f411ab,SC-005
TX-0001143,2026-05-07 17:39:00,LOT-SUP-007-20260507-012,SUP-007,PRD-073,P02,material_received,4466,,bba2b15090f411ab,22f0a20045957f46,SC-007
TX-0001144,2026-05-05 23:04:00,LOT-SUP-016-20260505-024,SUP-016,PRD-080,P03,line_release,12196,QCERT-00188,22f0a20045957f46,9fe487528dd3d242,SC-003
TX-0001145,2026-05-31 13:49:00,LOT-SUP-005-20260531-011,SUP-005,PRD-022,P01,finished_goods,9788,,9fe487528dd3d242,2ccd5d78ba93684b,SC-004
TX-0001146,2026-02-15 05:01:00,LOT-SUP-008-20260215-008,SUP-008,PRD-002,P01,line_release,6004,QCERT-00717,2ccd5d78ba93684b,bf8c4652875cd736,SC-008
TX-0001147,2025-12-13 17:08:00,LOT-SUP-003-20251213-009,SUP-003,PRD-035,P01,line_release,23411,QCERT-00346,bf8c4652875cd736,5de6c8b669edf17e,SC-004
TX-0001148,2025-12-15 04:57:00,LOT-SUP-003-20251215-019,SUP-003,PRD-078,P02,shipment_handover,23847,,5de6c8b669edf17e,0fc949a903fa4d89,SC-006
TX-0001149,2026-04-16 12:20:00,LOT-SUP-009-20260416-011,SUP-009,PRD-034,P01,finished_goods,7367,,0fc949a903fa4d89,762f0ffdc2f759ef,SC-001
TX-0001150,2025-12-18 03:20:00,LOT-SUP-005-20251218-021,SUP-005,PRD-022,P03,finished_goods,6046,,762f0ffdc2f759ef,055bd58b063a4cab,SC-001
TX-0001151,2025-08-03 09:01:00,LOT-SUP-004-20250803-030,SUP-004,PRD-066,P01,line_release,2948,QCERT-00082,055bd58b063a4cab,0241422f843f377f,SC-007
TX-0001152,2025-11-30 05:11:00,LOT-SUP-004-20251130-011,SUP-004,PRD-050,P02,quality_certificate,7461,QCERT-00206,0241422f843f377f,ee03c40d0789da45,SC-010
TX-0001153,2025-11-26 02:37:00,LOT-SUP-010-20251126-046,SUP-010,PRD-076,P03,shipment_handover,21548,,ee03c40d0789da45,e6bfe89bf56597ad,SC-004
TX-0001154,2026-06-30 13:42:00,LOT-SUP-014-20260630-050,SUP-014,PRD-036,P01,material_received,2747,,e6bfe89bf56597ad,42345ea165f6a3e0,SC-001
TX-0001155,2026-01-12 13:41:00,LOT-SUP-005-20260112-029,SUP-005,PRD-024,P01,line_release,2690,QCERT-00083,42345ea165f6a3e0,233b48dc2c5c0727,SC-002
TX-0001156,2025-08-15 18:01:00,LOT-SUP-008-20250815-014,SUP-008,PRD-026,P03,line_release,12329,QCERT-00114,233b48dc2c5c0727,95a4d617f1f65ad7,SC-001
TX-0001157,2026-03-12 05:25:00,LOT-SUP-006-20260312-047,SUP-006,PRD-040,P01,quality_certificate,12231,QCERT-00171,95a4d617f1f65ad7,c958ef9056d1f276,SC-002
TX-0001158,2025-09-26 10:34:00,LOT-SUP-015-20250926-015,SUP-015,PRD-021,P02,material_received,18970,,c958ef9056d1f276,167b21b7991208c4,SC-008
TX-0001159,2025-09-30 08:45:00,LOT-SUP-013-20250930-049,SUP-013,PRD-058,P03,line_release,9116,QCERT-00695,167b21b7991208c4,a680cb8382ce70cf,SC-002
TX-0001160,2025-08-12 23:01:00,LOT-SUP-003-20250812-013,SUP-003,PRD-035,P02,quality_certificate,20257,QCERT-00858,a680cb8382ce70cf,efd46643cd8e488b,SC-008
TX-0001161,2026-05-01 22:34:00,LOT-SUP-012-20260501-047,SUP-012,PRD-015,P01,finished_goods,838,,efd46643cd8e488b,f55507e93c4e5777,SC-005
TX-0001162,2025-10-31 11:18:00,LOT-SUP-008-20251031-036,SUP-008,PRD-007,P03,material_received,19685,,f55507e93c4e5777,afa90c3363faee81,SC-002
TX-0001163,2025-11-26 22:05:00,LOT-SUP-005-20251126-049,SUP-005,PRD-024,P01,material_received,7145,,afa90c3363faee81,df415ebb33dedff8,SC-006
TX-0001164,2026-07-04 05:08:00,LOT-SUP-006-20260704-028,SUP-006,PRD-049,P01,material_received,4038,,df415ebb33dedff8,b55cfb45357c629e,SC-011
TX-0001165,2026-06-17 23:52:00,LOT-SUP-009-20260617-051,SUP-009,PRD-077,P01,material_received,10338,,b55cfb45357c629e,06255a8af553b735,SC-007
TX-0001166,2026-03-25 02:24:00,LOT-SUP-015-20260325-050,SUP-015,PRD-021,P02,quality_certificate,22373,QCERT-00459,06255a8af553b735,85d172a44467bf17,SC-006
TX-0001167,2026-04-06 23:05:00,LOT-SUP-014-20260406-013,SUP-014,PRD-029,P01,line_release,3242,QCERT-00285,85d172a44467bf17,dc4db7299e49ce91,SC-010
TX-0001168,2026-06-06 21:53:00,LOT-SUP-001-20260606-022,SUP-001,PRD-011,P02,line_release,19413,QCERT-00620,dc4db7299e49ce91,79cb7526b82a88b0,SC-005
TX-0001169,2026-06-25 22:03:00,LOT-SUP-010-20260625-059,SUP-010,PRD-076,P02,material_received,22657,,79cb7526b82a88b0,9009e4c3a00a8401,SC-001
TX-0001170,2025-11-30 12:47:00,LOT-SUP-014-20251130-032,SUP-014,PRD-029,P01,material_received,11007,,9009e4c3a00a8401,1733300e8aa6c899,SC-005
TX-0001171,2025-12-11 03:36:00,LOT-SUP-011-20251211-055,SUP-011,PRD-075,P01,material_received,22366,,1733300e8aa6c899,05eca9d57e41acd3,SC-001
TX-0001172,2026-04-24 15:06:00,LOT-SUP-012-20260424-032,SUP-012,PRD-012,P01,material_received,17200,,05eca9d57e41acd3,8718af2b8a43273f,SC-011
TX-0001173,2026-07-27 12:14:00,LOT-SUP-008-20260727-050,SUP-008,PRD-037,P02,finished_goods,10972,,8718af2b8a43273f,25ff46343d6b8f16,SC-006
TX-0001174,2025-11-30 10:54:00,LOT-SUP-005-20251130-022,SUP-005,PRD-041,P01,material_received,11240,,25ff46343d6b8f16,89c87e6c8a0afd7f,SC-008
TX-0001175,2025-09-19 04:23:00,LOT-SUP-015-20250919-059,SUP-015,PRD-013,P03,finished_goods,11951,,89c87e6c8a0afd7f,25255768fb811f76,SC-007
TX-0001176,2025-12-14 15:03:00,LOT-SUP-015-20251214-033,SUP-015,PRD-004,P03,material_received,17707,,25255768fb811f76,e66a8a53528c9360,SC-009
TX-0001177,2026-06-12 05:42:00,LOT-SUP-003-20260612-010,SUP-003,PRD-035,P02,quality_certificate,1304,QCERT-00172,e66a8a53528c9360,385f21a3aff0f1aa,SC-008
TX-0001178,2026-03-20 22:34:00,LOT-SUP-006-20260320-006,SUP-006,PRD-052,P02,quality_certificate,10436,QCERT-00555,385f21a3aff0f1aa,d295682825438186,SC-008
TX-0001179,2026-01-29 20:55:00,LOT-SUP-005-20260129-029,SUP-005,PRD-016,P03,material_received,20063,,d295682825438186,abc9ab9892366e38,SC-012
TX-0001180,2026-03-28 19:52:00,LOT-SUP-003-20260328-027,SUP-003,PRD-071,P02,material_received,23753,,abc9ab9892366e38,7b98e0d92986ab9b,SC-004
TX-0001181,2026-04-28 05:34:00,LOT-SUP-004-20260428-027,SUP-004,PRD-066,P03,line_release,12892,QCERT-00295,7b98e0d92986ab9b,a4acaea71d67c6ae,SC-009
TX-0001182,2026-02-16 04:46:00,LOT-SUP-017-20260216-059,SUP-017,PRD-061,P01,finished_goods,3902,,a4acaea71d67c6ae,3657f0102d4f3bf9,SC-004
TX-0001183,2025-11-16 03:35:00,LOT-SUP-016-20251116-016,SUP-016,PRD-080,P01,line_release,7632,QCERT-00036,3657f0102d4f3bf9,e4c5e13682e25d0c,SC-004
TX-0001184,2026-04-13 12:47:00,LOT-SUP-014-20260413-017,SUP-014,PRD-025,P02,line_release,23285,QCERT-00180,e4c5e13682e25d0c,a56a2b2dce7c9a92,SC-007
TX-0001185,2025-10-02 07:45:00,LOT-SUP-004-20251002-021,SUP-004,PRD-069,P03,line_release,19155,QCERT-00036,a56a2b2dce7c9a92,65c339c10753b4a1,SC-012
TX-0001186,2026-06-06 13:21:00,LOT-SUP-007-20260606-003,SUP-007,PRD-055,P03,line_release,893,QCERT-00494,65c339c10753b4a1,10ea19653dc14d7a,SC-011
TX-0001187,2025-10-18 23:17:00,LOT-SUP-003-20251018-043,SUP-003,PRD-020,P03,line_release,9234,QCERT-00534,10ea19653dc14d7a,98f60ae8d9094957,SC-010
TX-0001188,2025-12-01 03:43:00,LOT-SUP-008-20251201-011,SUP-008,PRD-007,P03,finished_goods,18659,,98f60ae8d9094957,b026178d6f83095d,SC-007
TX-0001189,2026-02-03 15:31:00,LOT-SUP-010-20260203-013,SUP-010,PRD-028,P02,shipment_handover,22004,,b026178d6f83095d,ab9b0f6f2e390dd9,SC-003
TX-0001190,2025-12-16 07:51:00,LOT-SUP-016-20251216-039,SUP-016,PRD-080,P02,finished_goods,10617,,ab9b0f6f2e390dd9,e5ec9294aeaaf51f,SC-010
TX-0001191,2026-05-03 07:54:00,LOT-SUP-007-20260503-011,SUP-007,PRD-055,P03,line_release,14895,QCERT-00003,e5ec9294aeaaf51f,6184fd9b78dc1cba,SC-008
TX-0001192,2026-06-12 21:28:00,LOT-SUP-009-20260612-056,SUP-009,PRD-048,P01,quality_certificate,7682,QCERT-00263,6184fd9b78dc1cba,1af343624b25dc8b,SC-007
TX-0001193,2025-12-02 11:54:00,LOT-SUP-015-20251202-011,SUP-015,PRD-003,P03,finished_goods,24439,,1af343624b25dc8b,8e8e54aaf2832104,SC-001
TX-0001194,2026-03-07 05:55:00,LOT-SUP-002-20260307-034,SUP-002,PRD-027,P01,line_release,14306,QCERT-00063,8e8e54aaf2832104,b50b58891720519f,SC-003
TX-0001195,2026-02-17 08:01:00,LOT-SUP-009-20260217-012,SUP-009,PRD-051,P03,shipment_handover,19383,,b50b58891720519f,6fa104b520e27def,SC-007
TX-0001196,2026-07-30 16:49:00,LOT-SUP-015-20260730-026,SUP-015,PRD-013,P03,finished_goods,21980,,6fa104b520e27def,a2e5e095be1eee7d,SC-005
TX-0001197,2025-08-28 13:03:00,LOT-SUP-017-20250828-058,SUP-017,PRD-061,P03,finished_goods,14256,,a2e5e095be1eee7d,6c0a7cde5122a978,SC-002
TX-0001198,2026-06-09 02:06:00,LOT-SUP-002-20260609-026,SUP-002,PRD-042,P01,finished_goods,9527,,6c0a7cde5122a978,dbeede741e6cf72e,SC-003
TX-0001199,2025-10-16 13:04:00,LOT-SUP-017-20251016-047,SUP-017,PRD-009,P02,material_received,16767,,dbeede741e6cf72e,2b3107f9edc43866,SC-007
TX-0001200,2025-08-01 07:49:00,LOT-SUP-004-20250801-042,SUP-004,PRD-059,P02,material_received,4752,,2b3107f9edc43866,2d58bdb2f48785e4,SC-002
TX-0001201,2026-01-09 01:40:00,LOT-SUP-013-20260109-060,SUP-013,PRD-058,P03,material_received,14095,,2d58bdb2f48785e4,7e051d1b37dcd5ef,SC-004
TX-0001202,2026-07-04 12:58:00,LOT-SUP-008-20260704-007,SUP-008,PRD-053,P02,line_release,1142,QCERT-00192,7e051d1b37dcd5ef,aeb6c03ab9bb9949,SC-008
TX-0001203,2026-01-04 00:31:00,LOT-SUP-017-20260104-020,SUP-017,PRD-030,P01,quality_certificate,11161,QCERT-00578,aeb6c03ab9bb9949,43b8917999ae018e,SC-006
TX-0001204,2026-07-19 02:29:00,LOT-SUP-008-20260719-055,SUP-008,PRD-053,P01,quality_certificate,15762,QCERT-00061,43b8917999ae018e,439b4852907dad54,SC-007
TX-0001205,2025-10-10 13:18:00,LOT-SUP-015-20251010-001,SUP-015,PRD-004,P01,material_received,5067,,439b4852907dad54,8bf7d2bcc388ae92,SC-001
TX-0001206,2025-10-12 18:15:00,LOT-SUP-008-20251012-047,SUP-008,PRD-044,P02,line_release,5787,QCERT-00249,8bf7d2bcc388ae92,1fd22d2cf4bf8f43,SC-003
TX-0001207,2026-03-08 20:43:00,LOT-SUP-006-20260308-047,SUP-006,PRD-040,P02,shipment_handover,23861,,1fd22d2cf4bf8f43,83bce208439c2472,SC-002
TX-0001208,2026-03-23 12:55:00,LOT-SUP-002-20260323-031,SUP-002,PRD-042,P03,shipment_handover,24660,,83bce208439c2472,89c25303f3a6d9af,SC-011
TX-0001209,2025-08-25 08:52:00,LOT-SUP-001-20250825-040,SUP-001,PRD-068,P01,finished_goods,21509,,89c25303f3a6d9af,274f4603e95f055f,SC-005
TX-0001210,2026-03-18 07:42:00,LOT-SUP-003-20260318-023,SUP-003,PRD-071,P01,material_received,6570,,274f4603e95f055f,790dd3eaa48b4c5e,SC-010
TX-0001211,2025-10-26 03:59:00,LOT-SUP-015-20251026-023,SUP-015,PRD-074,P02,line_release,4719,QCERT-00558,790dd3eaa48b4c5e,2d086cb336cefb2d,SC-005
TX-0001212,2026-04-17 21:10:00,LOT-SUP-008-20260417-045,SUP-008,PRD-026,P01,material_received,24332,,2d086cb336cefb2d,8ad9bbca79125dec,SC-006
TX-0001213,2026-03-18 04:37:00,LOT-SUP-013-20260318-035,SUP-013,PRD-079,P01,line_release,13773,QCERT-00812,8ad9bbca79125dec,60c7cda666f2e5cf,SC-012
TX-0001214,2025-12-16 23:48:00,LOT-SUP-012-20251216-050,SUP-012,PRD-006,P03,line_release,7733,QCERT-00346,60c7cda666f2e5cf,a85c32c958a48e34,SC-001
TX-0001215,2026-02-11 00:28:00,LOT-SUP-008-20260211-029,SUP-008,PRD-053,P03,finished_goods,21251,,a85c32c958a48e34,dcfa36f9368a37c7,SC-007
TX-0001216,2026-05-16 08:21:00,LOT-SUP-009-20260516-009,SUP-009,PRD-034,P03,line_release,9022,QCERT-00629,dcfa36f9368a37c7,e367d352f7add0e2,SC-007
TX-0001217,2026-05-08 13:44:00,LOT-SUP-016-20260508-045,SUP-016,PRD-043,P02,shipment_handover,22900,,e367d352f7add0e2,e7c6794f0640229f,SC-005
TX-0001218,2025-08-29 01:53:00,LOT-SUP-005-20250829-014,SUP-005,PRD-023,P02,line_release,21510,QCERT-00674,e7c6794f0640229f,f109f10585588c7b,SC-007
TX-0001219,2026-04-13 07:26:00,LOT-SUP-002-20260413-005,SUP-002,PRD-027,P02,line_release,14625,QCERT-00123,f109f10585588c7b,c19b2f2390afc4b4,SC-007
TX-0001220,2025-09-23 05:58:00,LOT-SUP-001-20250923-027,SUP-001,PRD-046,P02,shipment_handover,7486,,c19b2f2390afc4b4,68350f6a4cc80456,SC-001
TX-0001221,2026-02-16 06:44:00,LOT-SUP-014-20260216-011,SUP-014,PRD-029,P02,shipment_handover,5428,,68350f6a4cc80456,1fb4e0e1562d014c,SC-012
TX-0001222,2026-06-16 14:44:00,LOT-SUP-005-20260616-042,SUP-005,PRD-038,P01,shipment_handover,9992,,1fb4e0e1562d014c,83d35205434029c3,SC-006
TX-0001223,2026-01-02 13:28:00,LOT-SUP-015-20260102-045,SUP-015,PRD-021,P02,shipment_handover,16209,,83d35205434029c3,4a66d555b63af477,SC-011
TX-0001224,2026-06-09 19:47:00,LOT-SUP-016-20260609-016,SUP-016,PRD-008,P03,material_received,9901,,4a66d555b63af477,9704dac9de3d50eb,SC-005
TX-0001225,2025-11-22 16:42:00,LOT-SUP-001-20251122-058,SUP-001,PRD-068,P03,shipment_handover,17779,,9704dac9de3d50eb,1b739a305a422945,SC-010
TX-0001226,2026-03-04 14:42:00,LOT-SUP-005-20260304-034,SUP-005,PRD-041,P01,quality_certificate,23790,QCERT-00868,1b739a305a422945,0132966789360371,SC-005
TX-0001227,2025-10-17 10:04:00,LOT-SUP-001-20251017-059,SUP-001,PRD-068,P02,line_release,14443,QCERT-00597,0132966789360371,bd392570106f2fcc,SC-002
TX-0001228,2026-05-07 08:21:00,LOT-SUP-003-20260507-015,SUP-003,PRD-060,P02,material_received,22611,,bd392570106f2fcc,9b137d6d3fa7bc3e,SC-005
TX-0001229,2025-08-18 02:06:00,LOT-SUP-002-20250818-060,SUP-002,PRD-001,P02,finished_goods,19294,,9b137d6d3fa7bc3e,6e9f0e6f1b163ce5,SC-004
TX-0001230,2026-07-17 07:42:00,LOT-SUP-006-20260717-001,SUP-006,PRD-040,P01,finished_goods,5507,,6e9f0e6f1b163ce5,6ef960393906f4c1,SC-011
TX-0001231,2026-06-18 19:13:00,LOT-SUP-014-20260618-002,SUP-014,PRD-036,P01,material_received,19335,,6ef960393906f4c1,c5703572549c44a9,SC-003
TX-0001232,2025-08-10 10:25:00,LOT-SUP-007-20250810-017,SUP-007,PRD-070,P01,material_received,16297,,c5703572549c44a9,51b7be5b39d42374,SC-002
TX-0001233,2025-09-13 13:08:00,LOT-SUP-018-20250913-004,SUP-018,PRD-019,P03,line_release,1812,QCERT-00301,51b7be5b39d42374,975d39c6a01a47dd,SC-008
TX-0001234,2026-03-12 23:23:00,LOT-SUP-018-20260312-028,SUP-018,PRD-019,P01,line_release,19193,QCERT-00506,975d39c6a01a47dd,14d18d37cd4fd83a,SC-002
TX-0001235,2025-10-19 22:22:00,LOT-SUP-002-20251019-013,SUP-002,PRD-001,P01,shipment_handover,12686,,14d18d37cd4fd83a,8ddd1ed1baa15554,SC-001
TX-0001236,2025-08-11 11:02:00,LOT-SUP-014-20250811-023,SUP-014,PRD-029,P01,shipment_handover,12194,,8ddd1ed1baa15554,d02d0717a6d042f7,SC-009
TX-0001237,2026-02-18 04:04:00,LOT-SUP-010-20260218-009,SUP-010,PRD-056,P03,line_release,10818,QCERT-00140,d02d0717a6d042f7,e65943d896a36fbe,SC-012
TX-0001238,2026-02-17 05:15:00,LOT-SUP-010-20260217-046,SUP-010,PRD-010,P03,finished_goods,11550,,e65943d896a36fbe,58df2650eaaf8898,SC-003
TX-0001239,2026-07-15 23:30:00,LOT-SUP-008-20260715-024,SUP-008,PRD-044,P02,material_received,6037,,58df2650eaaf8898,8e9adcd3d654df92,SC-005
TX-0001240,2025-12-11 14:25:00,LOT-SUP-012-20251211-048,SUP-012,PRD-015,P03,line_release,20695,QCERT-00900,8e9adcd3d654df92,e557e810c8ecca7a,SC-009
TX-0001241,2025-12-26 02:11:00,LOT-SUP-009-20251226-060,SUP-009,PRD-032,P01,material_received,710,,e557e810c8ecca7a,8abac0480c9944f7,SC-006
TX-0001242,2026-06-19 01:13:00,LOT-SUP-005-20260619-039,SUP-005,PRD-041,P03,line_release,19207,QCERT-00558,8abac0480c9944f7,709dd7cb4685a64f,SC-011
TX-0001243,2025-08-08 08:12:00,LOT-SUP-009-20250808-005,SUP-009,PRD-034,P03,material_received,16199,,709dd7cb4685a64f,8c206fd17d8edf30,SC-002
TX-0001244,2025-10-09 06:16:00,LOT-SUP-016-20251009-010,SUP-016,PRD-080,P02,quality_certificate,6004,QCERT-00719,8c206fd17d8edf30,63a16b414fa9bc2b,SC-006
TX-0001245,2025-09-03 05:10:00,LOT-SUP-015-20250903-004,SUP-015,PRD-021,P03,quality_certificate,23172,QCERT-00030,63a16b414fa9bc2b,259c85ce63120ec8,SC-003
TX-0001246,2026-02-21 00:01:00,LOT-SUP-009-20260221-052,SUP-009,PRD-051,P01,material_received,14120,,259c85ce63120ec8,6a2fbc3a85a311fc,SC-009
TX-0001247,2026-02-08 05:05:00,LOT-SUP-008-20260208-033,SUP-008,PRD-007,P02,finished_goods,2969,,6a2fbc3a85a311fc,4bc363bd25cfb5f6,SC-004
TX-0001248,2026-04-28 17:50:00,LOT-SUP-004-20260428-031,SUP-004,PRD-050,P01,quality_certificate,1732,QCERT-00466,4bc363bd25cfb5f6,1a45af4b745451de,SC-009
TX-0001249,2026-03-29 11:48:00,LOT-SUP-001-20260329-022,SUP-001,PRD-068,P03,line_release,21276,QCERT-00456,1a45af4b745451de,a3efb09322336176,SC-007
TX-0001250,2025-10-09 12:49:00,LOT-SUP-005-20251009-006,SUP-005,PRD-038,P02,material_received,2307,,a3efb09322336176,556c7d5305daa0f3,SC-007
TX-0001251,2026-02-11 17:07:00,LOT-SUP-009-20260211-033,SUP-009,PRD-018,P03,line_release,18201,QCERT-00748,556c7d5305daa0f3,762055acbe833dfe,SC-007
TX-0001252,2025-10-25 05:24:00,LOT-SUP-004-20251025-009,SUP-004,PRD-057,P03,material_received,15769,,762055acbe833dfe,a2de0246206e730d,SC-002
TX-0001253,2026-02-07 03:18:00,LOT-SUP-015-20260207-050,SUP-015,PRD-047,P03,shipment_handover,14340,,a2de0246206e730d,b09f6c168ea68c0e,SC-005
TX-0001254,2025-10-27 19:20:00,LOT-SUP-015-20251027-008,SUP-015,PRD-031,P03,quality_certificate,24638,QCERT-00080,b09f6c168ea68c0e,97aeea578b591955,SC-004
TX-0001255,2025-10-22 10:55:00,LOT-SUP-002-20251022-021,SUP-002,PRD-042,P02,line_release,10493,QCERT-00022,97aeea578b591955,c2b3c6f29eaa5128,SC-005
TX-0001256,2026-03-12 16:32:00,LOT-SUP-012-20260312-044,SUP-012,PRD-006,P01,quality_certificate,11736,QCERT-00702,c2b3c6f29eaa5128,df1b1fe63dfb68fe,SC-006
TX-0001257,2026-03-25 22:18:00,LOT-SUP-005-20260325-024,SUP-005,PRD-014,P02,quality_certificate,9111,QCERT-00507,df1b1fe63dfb68fe,2b4ffc84936e2c6d,SC-003
TX-0001258,2026-01-24 01:35:00,LOT-SUP-006-20260124-033,SUP-006,PRD-052,P03,finished_goods,14408,,2b4ffc84936e2c6d,12dc3a97f4ae7237,SC-002
TX-0001259,2026-04-23 21:30:00,LOT-SUP-003-20260423-018,SUP-003,PRD-060,P03,quality_certificate,1141,QCERT-00733,12dc3a97f4ae7237,80eb4cee8bc8fdb3,SC-012
TX-0001260,2026-06-04 11:45:00,LOT-SUP-004-20260604-025,SUP-004,PRD-066,P02,finished_goods,21654,,80eb4cee8bc8fdb3,cc6fbbdf17990820,SC-003
TX-0001261,2025-08-20 08:28:00,LOT-SUP-009-20250820-008,SUP-009,PRD-032,P02,line_release,22596,QCERT-00423,cc6fbbdf17990820,1f975284339cccab,SC-010
TX-0001262,2026-03-17 20:50:00,LOT-SUP-006-20260317-035,SUP-006,PRD-052,P01,material_received,6868,,1f975284339cccab,89296dbd57a6f213,SC-010
TX-0001263,2026-06-05 16:19:00,LOT-SUP-015-20260605-013,SUP-015,PRD-013,P01,material_received,19339,,89296dbd57a6f213,9f9bf7c64bccf676,SC-006
TX-0001264,2026-05-21 21:56:00,LOT-SUP-009-20260521-015,SUP-009,PRD-077,P03,material_received,7777,,9f9bf7c64bccf676,4d875ef1764b397f,SC-004
TX-0001265,2025-08-10 11:05:00,LOT-SUP-017-20250810-044,SUP-017,PRD-061,P02,finished_goods,16660,,4d875ef1764b397f,55cd3ee460938496,SC-011
TX-0001266,2026-05-04 02:01:00,LOT-SUP-008-20260504-022,SUP-008,PRD-053,P03,material_received,23577,,55cd3ee460938496,ffd68ad97251435e,SC-008
TX-0001267,2025-12-11 04:05:00,LOT-SUP-001-20251211-056,SUP-001,PRD-067,P01,shipment_handover,5602,,ffd68ad97251435e,6eccaa4d1db93a55,SC-009
TX-0001268,2025-08-22 16:27:00,LOT-SUP-003-20250822-016,SUP-003,PRD-020,P03,material_received,4391,,6eccaa4d1db93a55,1ea122726b82084e,SC-001
TX-0001269,2025-11-21 07:58:00,LOT-SUP-003-20251121-003,SUP-003,PRD-072,P01,line_release,21193,QCERT-00045,1ea122726b82084e,d940fcb23e93d7a7,SC-011
TX-0001270,2026-05-22 04:59:00,LOT-SUP-006-20260522-045,SUP-006,PRD-052,P02,finished_goods,22613,,d940fcb23e93d7a7,7dc89326c7456654,SC-012
TX-0001271,2026-01-28 16:32:00,LOT-SUP-008-20260128-030,SUP-008,PRD-026,P01,line_release,20104,QCERT-00629,7dc89326c7456654,c95c689dde3244ff,SC-007
TX-0001272,2025-10-25 03:01:00,LOT-SUP-009-20251025-053,SUP-009,PRD-051,P03,quality_certificate,7283,QCERT-00386,c95c689dde3244ff,779516456862a88e,SC-002
TX-0001273,2025-11-05 13:13:00,LOT-SUP-005-20251105-055,SUP-005,PRD-024,P02,finished_goods,12376,,779516456862a88e,b0ca3e890dd06ac6,SC-002
TX-0001274,2025-10-31 09:36:00,LOT-SUP-014-20251031-029,SUP-014,PRD-036,P01,shipment_handover,3291,,b0ca3e890dd06ac6,67b697791f20188c,SC-001
TX-0001275,2025-08-26 18:18:00,LOT-SUP-002-20250826-052,SUP-002,PRD-042,P01,quality_certificate,22765,QCERT-00875,67b697791f20188c,946ffaba2bee7007,SC-002
TX-0001276,2026-02-28 05:39:00,LOT-SUP-008-20260228-022,SUP-008,PRD-026,P02,material_received,17581,,946ffaba2bee7007,9e3fa1bac936deb5,SC-010
TX-0001277,2025-11-03 17:55:00,LOT-SUP-012-20251103-023,SUP-012,PRD-012,P01,finished_goods,8166,,9e3fa1bac936deb5,dd6ec383ca80831c,SC-001
TX-0001278,2026-03-13 14:13:00,LOT-SUP-017-20260313-027,SUP-017,PRD-061,P01,line_release,21207,QCERT-00787,dd6ec383ca80831c,0c15dc44c7627f1c,SC-006
TX-0001279,2025-10-14 14:41:00,LOT-SUP-008-20251014-019,SUP-008,PRD-002,P03,line_release,3861,QCERT-00378,0c15dc44c7627f1c,2bbba2ad4bd49d0f,SC-003
TX-0001280,2026-02-24 16:49:00,LOT-SUP-005-20260224-048,SUP-005,PRD-041,P03,line_release,9923,QCERT-00324,2bbba2ad4bd49d0f,6847ac52517e623f,SC-001
TX-0001281,2025-08-08 12:25:00,LOT-SUP-013-20250808-031,SUP-013,PRD-058,P01,line_release,1666,QCERT-00429,6847ac52517e623f,6595d63e4a4e19be,SC-009
TX-0001282,2026-06-19 23:18:00,LOT-SUP-001-20260619-028,SUP-001,PRD-067,P01,line_release,24863,QCERT-00736,6595d63e4a4e19be,09805d9fc72e09ef,SC-009
TX-0001283,2025-11-04 13:26:00,LOT-SUP-003-20251104-032,SUP-003,PRD-071,P01,finished_goods,8799,,09805d9fc72e09ef,127ce8d8b3e115de,SC-008
TX-0001284,2026-07-27 21:45:00,LOT-SUP-003-20260727-047,SUP-003,PRD-071,P02,line_release,15777,QCERT-00874,127ce8d8b3e115de,7463cdd0d85f908b,SC-001
TX-0001285,2026-07-16 00:29:00,LOT-SUP-003-20260716-034,SUP-003,PRD-060,P02,quality_certificate,4066,QCERT-00440,7463cdd0d85f908b,0c12d2f6c02c1f86,SC-012
TX-0001286,2026-05-08 14:01:00,LOT-SUP-013-20260508-039,SUP-013,PRD-062,P01,line_release,9238,QCERT-00323,0c12d2f6c02c1f86,46f02b21706e3ef8,SC-011
TX-0001287,2025-11-25 04:30:00,LOT-SUP-017-20251125-011,SUP-017,PRD-009,P01,line_release,7022,QCERT-00508,46f02b21706e3ef8,26db599bfa87422a,SC-005
TX-0001288,2025-09-15 21:18:00,LOT-SUP-002-20250915-045,SUP-002,PRD-042,P02,finished_goods,10108,,26db599bfa87422a,7c83a5d82db38059,SC-010
TX-0001289,2026-02-28 14:59:00,LOT-SUP-001-20260228-056,SUP-001,PRD-011,P01,quality_certificate,7861,QCERT-00255,7c83a5d82db38059,8b6878b7e15c50cc,SC-006
TX-0001290,2026-03-01 14:53:00,LOT-SUP-009-20260301-030,SUP-009,PRD-039,P01,shipment_handover,10840,,8b6878b7e15c50cc,47c63156b656afdf,SC-010
TX-0001291,2025-10-11 16:41:00,LOT-SUP-015-20251011-017,SUP-015,PRD-074,P01,finished_goods,8554,,47c63156b656afdf,2f501c6289afe302,SC-012
TX-0001292,2025-08-22 00:21:00,LOT-SUP-013-20250822-036,SUP-013,PRD-058,P01,quality_certificate,20420,QCERT-00754,2f501c6289afe302,a6685b49b57dfe99,SC-009
TX-0001293,2026-05-04 19:15:00,LOT-SUP-004-20260504-044,SUP-004,PRD-066,P03,quality_certificate,22956,QCERT-00418,a6685b49b57dfe99,211707a27528762a,SC-007
TX-0001294,2026-04-23 02:59:00,LOT-SUP-016-20260423-045,SUP-016,PRD-043,P03,material_received,11618,,211707a27528762a,f3fe4a51bd303693,SC-009
TX-0001295,2025-08-22 03:58:00,LOT-SUP-006-20250822-054,SUP-006,PRD-040,P01,line_release,13471,QCERT-00293,f3fe4a51bd303693,54e4ab6461de1c02,SC-002
TX-0001296,2025-09-01 07:03:00,LOT-SUP-017-20250901-041,SUP-017,PRD-030,P03,material_received,5125,,54e4ab6461de1c02,b6cf6adc5382c32b,SC-003
TX-0001297,2025-08-17 15:14:00,LOT-SUP-015-20250817-045,SUP-015,PRD-004,P01,quality_certificate,24905,QCERT-00272,b6cf6adc5382c32b,cbfdcd7ef27d2dc1,SC-007
TX-0001298,2026-05-25 07:37:00,LOT-SUP-006-20260525-021,SUP-006,PRD-040,P02,finished_goods,6832,,cbfdcd7ef27d2dc1,d1168d21b2d74ca5,SC-005
TX-0001299,2026-04-16 18:02:00,LOT-SUP-006-20260416-035,SUP-006,PRD-052,P03,material_received,20364,,d1168d21b2d74ca5,84dee16504d371e5,SC-010
TX-0001300,2025-09-05 14:18:00,LOT-SUP-013-20250905-012,SUP-013,PRD-062,P03,finished_goods,6006,,84dee16504d371e5,3084e569174d8591,SC-011
TX-0001301,2026-06-02 09:19:00,LOT-SUP-010-20260602-033,SUP-010,PRD-028,P03,quality_certificate,3281,QCERT-00816,3084e569174d8591,9ab1979ffabb3161,SC-004
TX-0001302,2026-07-19 14:12:00,LOT-SUP-017-20260719-004,SUP-017,PRD-009,P01,quality_certificate,24409,QCERT-00106,9ab1979ffabb3161,29dcb0a98d3eb4f7,SC-012
TX-0001303,2026-04-21 14:06:00,LOT-SUP-003-20260421-026,SUP-003,PRD-072,P01,shipment_handover,19749,,29dcb0a98d3eb4f7,28c5a27a949cdb29,SC-002
TX-0001304,2026-01-12 07:06:00,LOT-SUP-007-20260112-060,SUP-007,PRD-073,P02,line_release,14133,QCERT-00832,28c5a27a949cdb29,cf561fd85a8cf2d3,SC-007
TX-0001305,2026-04-13 20:19:00,LOT-SUP-013-20260413-045,SUP-013,PRD-058,P03,quality_certificate,8458,QCERT-00074,cf561fd85a8cf2d3,6040b3a5b772df3b,SC-005
TX-0001306,2025-09-09 21:40:00,LOT-SUP-003-20250909-055,SUP-003,PRD-072,P03,finished_goods,8849,,6040b3a5b772df3b,619975e561bf7969,SC-012
TX-0001307,2025-12-03 21:45:00,LOT-SUP-008-20251203-029,SUP-008,PRD-002,P01,finished_goods,23163,,619975e561bf7969,75f3541c8d5ffa3d,SC-005
TX-0001308,2026-07-20 07:44:00,LOT-SUP-009-20260720-035,SUP-009,PRD-077,P01,material_received,11221,,75f3541c8d5ffa3d,e428c9a859a9e29a,SC-003
TX-0001309,2026-06-30 10:40:00,LOT-SUP-004-20260630-036,SUP-004,PRD-057,P03,material_received,22920,,e428c9a859a9e29a,476a8d77ba2298d7,SC-002
TX-0001310,2026-07-14 00:27:00,LOT-SUP-017-20260714-018,SUP-017,PRD-030,P01,finished_goods,20657,,476a8d77ba2298d7,dc7d5bf0ac29b062,SC-004
TX-0001311,2026-02-09 04:40:00,LOT-SUP-011-20260209-036,SUP-011,PRD-017,P02,quality_certificate,21090,QCERT-00040,dc7d5bf0ac29b062,a8d4796b835adb1f,SC-005
TX-0001312,2026-06-06 08:35:00,LOT-SUP-016-20260606-044,SUP-016,PRD-063,P03,line_release,18116,QCERT-00810,a8d4796b835adb1f,835c0d495b69b095,SC-007
TX-0001313,2026-05-14 20:09:00,LOT-SUP-003-20260514-025,SUP-003,PRD-035,P03,finished_goods,9540,,835c0d495b69b095,55c5c392d3469ce9,SC-006
TX-0001314,2026-03-09 13:16:00,LOT-SUP-003-20260309-040,SUP-003,PRD-072,P01,material_received,13480,,55c5c392d3469ce9,e46bfd09d7a672af,SC-008
TX-0001315,2026-03-16 15:30:00,LOT-SUP-004-20260316-022,SUP-004,PRD-066,P01,material_received,15231,,e46bfd09d7a672af,be71c8568ab9dd7d,SC-002
TX-0001316,2026-02-01 16:55:00,LOT-SUP-015-20260201-018,SUP-015,PRD-021,P02,material_received,6999,,be71c8568ab9dd7d,6ac2badef47f4b56,SC-009
TX-0001317,2026-02-02 03:25:00,LOT-SUP-009-20260202-058,SUP-009,PRD-039,P01,material_received,2664,,6ac2badef47f4b56,f6433d778c5c86b1,SC-011
TX-0001318,2026-05-16 03:57:00,LOT-SUP-015-20260516-056,SUP-015,PRD-013,P02,line_release,20253,QCERT-00630,f6433d778c5c86b1,4ca8c63df26f6c6c,SC-008
TX-0001319,2026-07-22 02:04:00,LOT-SUP-009-20260722-001,SUP-009,PRD-039,P03,quality_certificate,14705,QCERT-00773,4ca8c63df26f6c6c,10639bd624744676,SC-001
TX-0001320,2025-09-04 11:18:00,LOT-SUP-006-20250904-057,SUP-006,PRD-040,P02,material_received,10931,,10639bd624744676,e74405589909a1a1,SC-011
TX-0001321,2026-07-27 04:09:00,LOT-SUP-010-20260727-009,SUP-010,PRD-056,P01,shipment_handover,5696,,e74405589909a1a1,44d2abf2fccf1a81,SC-003
TX-0001322,2026-03-10 20:14:00,LOT-SUP-008-20260310-028,SUP-008,PRD-044,P03,line_release,14825,QCERT-00886,44d2abf2fccf1a81,02a3873675e43dbd,SC-004
TX-0001323,2026-01-14 05:45:00,LOT-SUP-010-20260114-003,SUP-010,PRD-045,P03,material_received,10308,,02a3873675e43dbd,56f20379421d70fe,SC-004
TX-0001324,2025-08-01 12:20:00,LOT-SUP-006-20250801-004,SUP-006,PRD-040,P03,material_received,9341,,56f20379421d70fe,29ed4566cf070209,SC-011
TX-0001325,2026-05-29 05:24:00,LOT-SUP-010-20260529-034,SUP-010,PRD-010,P03,line_release,4912,QCERT-00157,29ed4566cf070209,8a7c4c4faa17dd93,SC-009
TX-0001326,2025-10-12 08:52:00,LOT-SUP-014-20251012-004,SUP-014,PRD-025,P01,finished_goods,20289,,8a7c4c4faa17dd93,a43245f26b523b14,SC-001
TX-0001327,2025-11-30 13:29:00,LOT-SUP-010-20251130-045,SUP-010,PRD-045,P01,material_received,18350,,a43245f26b523b14,135687cc737ef6d7,SC-007
TX-0001328,2025-08-18 10:50:00,LOT-SUP-004-20250818-057,SUP-004,PRD-066,P01,shipment_handover,9085,,135687cc737ef6d7,36fa69b1a6d997eb,SC-011
TX-0001329,2025-12-12 23:32:00,LOT-SUP-010-20251212-016,SUP-010,PRD-028,P03,quality_certificate,18296,QCERT-00669,36fa69b1a6d997eb,317ae2c5cc0580d9,SC-012
TX-0001330,2025-11-03 15:26:00,LOT-SUP-004-20251103-032,SUP-004,PRD-066,P02,line_release,9941,QCERT-00023,317ae2c5cc0580d9,673f5e7f9659b012,SC-009
TX-0001331,2026-01-26 02:18:00,LOT-SUP-015-20260126-045,SUP-015,PRD-013,P02,finished_goods,22042,,673f5e7f9659b012,bab180643c24d6a8,SC-004
TX-0001332,2025-08-26 15:54:00,LOT-SUP-008-20250826-055,SUP-008,PRD-037,P01,material_received,24184,,bab180643c24d6a8,303736ca80c676df,SC-001
TX-0001333,2026-06-24 10:50:00,LOT-SUP-009-20260624-042,SUP-009,PRD-048,P02,line_release,14454,QCERT-00554,303736ca80c676df,30d7eb3185dafc34,SC-003
TX-0001334,2026-03-12 02:07:00,LOT-SUP-013-20260312-011,SUP-013,PRD-058,P01,line_release,11111,QCERT-00053,30d7eb3185dafc34,d717b289291aad08,SC-003
TX-0001335,2025-08-04 15:56:00,LOT-SUP-002-20250804-024,SUP-002,PRD-027,P02,line_release,24507,QCERT-00215,d717b289291aad08,9c501e67ffc51747,SC-007
TX-0001336,2026-03-28 02:18:00,LOT-SUP-015-20260328-053,SUP-015,PRD-074,P01,material_received,11082,,9c501e67ffc51747,b8f989c72fffdb4a,SC-008
TX-0001337,2025-12-25 03:14:00,LOT-SUP-001-20251225-007,SUP-001,PRD-046,P03,material_received,12767,,b8f989c72fffdb4a,b95be9de3e5b0282,SC-004
TX-0001338,2026-06-17 18:14:00,LOT-SUP-002-20260617-019,SUP-002,PRD-001,P01,shipment_handover,23160,,b95be9de3e5b0282,3f13c4cc1ac9df51,SC-003
TX-0001339,2025-11-26 17:50:00,LOT-SUP-001-20251126-048,SUP-001,PRD-011,P01,quality_certificate,13991,QCERT-00706,3f13c4cc1ac9df51,eff21bb6e33ee11f,SC-012
TX-0001340,2025-08-08 03:30:00,LOT-SUP-004-20250808-060,SUP-004,PRD-059,P01,material_received,6735,,eff21bb6e33ee11f,402fa53f91e112e2,SC-008
TX-0001341,2026-07-14 07:07:00,LOT-SUP-001-20260714-037,SUP-001,PRD-046,P01,shipment_handover,21787,,402fa53f91e112e2,cf61572351cad58a,SC-010
TX-0001342,2026-04-05 00:09:00,LOT-SUP-004-20260405-025,SUP-004,PRD-069,P03,shipment_handover,19971,,cf61572351cad58a,686aaf9d6acb54c0,SC-011
TX-0001343,2026-07-29 04:47:00,LOT-SUP-006-20260729-006,SUP-006,PRD-052,P02,material_received,5033,,686aaf9d6acb54c0,db36dc80736117bb,SC-008
TX-0001344,2025-10-09 07:46:00,LOT-SUP-001-20251009-035,SUP-001,PRD-067,P03,line_release,20969,QCERT-00046,db36dc80736117bb,23031374419117e3,SC-007
TX-0001345,2026-02-05 03:49:00,LOT-SUP-011-20260205-041,SUP-011,PRD-017,P02,material_received,4700,,23031374419117e3,cb56761ebda42c11,SC-004
TX-0001346,2025-12-14 06:12:00,LOT-SUP-005-20251214-052,SUP-005,PRD-023,P03,material_received,22445,,cb56761ebda42c11,290f482c0a03bb4d,SC-011
TX-0001347,2026-06-14 01:06:00,LOT-SUP-016-20260614-008,SUP-016,PRD-063,P03,finished_goods,17281,,290f482c0a03bb4d,40130722274ba711,SC-011
TX-0001348,2026-03-08 22:47:00,LOT-SUP-008-20260308-041,SUP-008,PRD-007,P01,material_received,4908,,40130722274ba711,76295d18b1a47596,SC-006
TX-0001349,2026-07-06 14:19:00,LOT-SUP-003-20260706-017,SUP-003,PRD-060,P03,finished_goods,24312,,76295d18b1a47596,17b013b3e5bb0aa2,SC-009
TX-0001350,2026-03-09 05:00:00,LOT-SUP-017-20260309-033,SUP-017,PRD-009,P02,material_received,5978,,17b013b3e5bb0aa2,0bb4b555b25f79e1,SC-003
TX-0001351,2025-12-23 08:51:00,LOT-SUP-006-20251223-032,SUP-006,PRD-040,P01,line_release,13842,QCERT-00870,0bb4b555b25f79e1,424f00e7232f10c0,SC-007
TX-0001352,2025-11-23 22:32:00,LOT-SUP-002-20251123-056,SUP-002,PRD-027,P01,line_release,7537,QCERT-00556,424f00e7232f10c0,0a16cfb8d02921d9,SC-010
TX-0001353,2026-01-15 22:25:00,LOT-SUP-010-20260115-039,SUP-010,PRD-028,P03,finished_goods,8480,,0a16cfb8d02921d9,0e51d7b07d8925f0,SC-005
TX-0001354,2026-02-18 09:04:00,LOT-SUP-017-20260218-033,SUP-017,PRD-030,P01,material_received,24394,,0e51d7b07d8925f0,dad3432204beaa17,SC-003
TX-0001355,2026-05-01 18:12:00,LOT-SUP-007-20260501-028,SUP-007,PRD-070,P01,material_received,15479,,dad3432204beaa17,f62fdfc475cea143,SC-006
TX-0001356,2026-04-14 14:25:00,LOT-SUP-004-20260414-016,SUP-004,PRD-066,P01,material_received,10926,,f62fdfc475cea143,5380e183b4fe017f,SC-005
TX-0001357,2025-08-02 18:44:00,LOT-SUP-001-20250802-046,SUP-001,PRD-067,P03,shipment_handover,20041,,5380e183b4fe017f,79d38af32074c126,SC-006
TX-0001358,2025-12-27 12:33:00,LOT-SUP-008-20251227-050,SUP-008,PRD-026,P01,quality_certificate,19923,QCERT-00052,79d38af32074c126,07837a8df38d9ba6,SC-006
TX-0001359,2025-12-04 06:36:00,LOT-SUP-003-20251204-012,SUP-003,PRD-071,P02,material_received,24914,,07837a8df38d9ba6,404e53fb4d6e375d,SC-009
TX-0001360,2025-12-20 17:12:00,LOT-SUP-004-20251220-024,SUP-004,PRD-066,P03,material_received,23776,,404e53fb4d6e375d,c5995e8ffe6fbbe5,SC-007
TX-0001361,2025-09-18 18:17:00,LOT-SUP-009-20250918-048,SUP-009,PRD-032,P03,line_release,22165,QCERT-00037,c5995e8ffe6fbbe5,de0e9080bc0956de,SC-002
TX-0001362,2025-11-26 11:18:00,LOT-SUP-005-20251126-020,SUP-005,PRD-016,P01,shipment_handover,1911,,de0e9080bc0956de,bd817fd795fe5f85,SC-005
TX-0001363,2026-01-06 15:35:00,LOT-SUP-006-20260106-060,SUP-006,PRD-040,P01,material_received,3765,,bd817fd795fe5f85,dc10d50bf9b4f265,SC-007
TX-0001364,2026-04-28 11:24:00,LOT-SUP-010-20260428-006,SUP-010,PRD-045,P01,quality_certificate,13796,QCERT-00807,dc10d50bf9b4f265,0995d873ae69ef70,SC-004
TX-0001365,2026-02-03 18:29:00,LOT-SUP-009-20260203-047,SUP-009,PRD-039,P02,material_received,14293,,0995d873ae69ef70,09ce02646f1ae230,SC-011
TX-0001366,2026-03-30 20:52:00,LOT-SUP-011-20260330-053,SUP-011,PRD-075,P01,finished_goods,3610,,09ce02646f1ae230,a08d57fd0e52a3ea,SC-001
TX-0001367,2025-12-21 05:37:00,LOT-SUP-012-20251221-039,SUP-012,PRD-012,P01,finished_goods,8096,,a08d57fd0e52a3ea,8e43c610ce78426e,SC-001
TX-0001368,2025-12-23 05:43:00,LOT-SUP-004-20251223-020,SUP-004,PRD-059,P02,finished_goods,19178,,8e43c610ce78426e,bf5b20883ce764e0,SC-007
TX-0001369,2026-06-10 09:12:00,LOT-SUP-016-20260610-023,SUP-016,PRD-063,P01,finished_goods,20683,,bf5b20883ce764e0,05d32efd6f13a578,SC-008
TX-0001370,2026-04-08 20:34:00,LOT-SUP-010-20260408-039,SUP-010,PRD-010,P02,shipment_handover,12723,,05d32efd6f13a578,e6d222325444f02a,SC-007
TX-0001371,2026-04-29 09:42:00,LOT-SUP-003-20260429-005,SUP-003,PRD-078,P01,material_received,8419,,e6d222325444f02a,2f473b2be11a7011,SC-012
TX-0001372,2025-10-02 23:49:00,LOT-SUP-008-20251002-021,SUP-008,PRD-026,P03,shipment_handover,1641,,2f473b2be11a7011,f38e3e0a0efc02fc,SC-005
TX-0001373,2026-01-26 22:45:00,LOT-SUP-010-20260126-006,SUP-010,PRD-056,P01,finished_goods,9978,,f38e3e0a0efc02fc,b962cffc1010de14,SC-003
TX-0001374,2026-01-27 13:40:00,LOT-SUP-003-20260127-017,SUP-003,PRD-035,P01,material_received,13573,,b962cffc1010de14,dedc198358ba0975,SC-010
TX-0001375,2026-01-02 18:27:00,LOT-SUP-014-20260102-010,SUP-014,PRD-029,P03,material_received,16236,,dedc198358ba0975,c8c3cfc1753d823e,SC-005
TX-0001376,2026-01-05 19:03:00,LOT-SUP-012-20260105-015,SUP-012,PRD-012,P02,finished_goods,1342,,c8c3cfc1753d823e,0d02c86138f0ea4c,SC-002
TX-0001377,2026-05-02 03:46:00,LOT-SUP-014-20260502-057,SUP-014,PRD-036,P01,finished_goods,17363,,0d02c86138f0ea4c,1ecccd2bca3776a8,SC-006
TX-0001378,2025-09-27 12:00:00,LOT-SUP-015-20250927-028,SUP-015,PRD-004,P01,material_received,1314,,1ecccd2bca3776a8,5e103698503368cc,SC-010
TX-0001379,2025-08-27 20:39:00,LOT-SUP-005-20250827-047,SUP-005,PRD-041,P01,line_release,7965,QCERT-00356,5e103698503368cc,a0326f0858319c2f,SC-006
TX-0001380,2026-01-01 05:10:00,LOT-SUP-014-20260101-020,SUP-014,PRD-036,P03,line_release,17948,QCERT-00331,a0326f0858319c2f,9e8419c728b8c431,SC-009
TX-0001381,2026-07-18 17:59:00,LOT-SUP-001-20260718-023,SUP-001,PRD-046,P03,finished_goods,22760,,9e8419c728b8c431,1a1ea6938b31e315,SC-007
TX-0001382,2026-02-16 18:23:00,LOT-SUP-009-20260216-035,SUP-009,PRD-051,P01,line_release,5834,QCERT-00453,1a1ea6938b31e315,f9bcd31dc13def89,SC-008
TX-0001383,2025-10-29 03:16:00,LOT-SUP-015-20251029-004,SUP-015,PRD-004,P01,material_received,5687,,f9bcd31dc13def89,adfd4f4128140a23,SC-006
TX-0001384,2025-09-16 20:44:00,LOT-SUP-003-20250916-035,SUP-003,PRD-020,P03,finished_goods,13829,,adfd4f4128140a23,547d39b2b8561f46,SC-004
TX-0001385,2026-06-03 05:04:00,LOT-SUP-015-20260603-033,SUP-015,PRD-031,P03,quality_certificate,23121,QCERT-00592,547d39b2b8561f46,a41c8452d05f2aac,SC-007
TX-0001386,2026-06-22 17:41:00,LOT-SUP-013-20260622-053,SUP-013,PRD-058,P03,shipment_handover,18460,,a41c8452d05f2aac,9a994322ef3751d6,SC-005
TX-0001387,2026-05-11 11:44:00,LOT-SUP-005-20260511-045,SUP-005,PRD-023,P01,quality_certificate,12694,QCERT-00096,9a994322ef3751d6,82848eabc5bbdc77,SC-003
TX-0001388,2025-09-18 18:29:00,LOT-SUP-013-20250918-054,SUP-013,PRD-079,P01,material_received,5619,,82848eabc5bbdc77,c190b1c15c643469,SC-005
TX-0001389,2025-11-17 21:32:00,LOT-SUP-014-20251117-027,SUP-014,PRD-036,P03,finished_goods,11759,,c190b1c15c643469,e105ef60a718fdea,SC-009
TX-0001390,2025-12-06 01:21:00,LOT-SUP-015-20251206-015,SUP-015,PRD-021,P03,line_release,12503,QCERT-00829,e105ef60a718fdea,01c8148aca77ba24,SC-007
TX-0001391,2026-06-23 12:15:00,LOT-SUP-004-20260623-033,SUP-004,PRD-050,P02,shipment_handover,15494,,01c8148aca77ba24,ed8e789219a4fcfb,SC-012
TX-0001392,2026-05-14 07:54:00,LOT-SUP-009-20260514-034,SUP-009,PRD-034,P02,line_release,14579,QCERT-00731,ed8e789219a4fcfb,644fab8033fbc8e9,SC-002
TX-0001393,2025-10-07 04:41:00,LOT-SUP-003-20251007-028,SUP-003,PRD-060,P03,material_received,14189,,644fab8033fbc8e9,24ace90b6fb8d15d,SC-007
TX-0001394,2025-11-23 00:34:00,LOT-SUP-016-20251123-020,SUP-016,PRD-008,P02,finished_goods,18080,,24ace90b6fb8d15d,9ecce8463b0d16b3,SC-003
TX-0001395,2025-09-04 00:54:00,LOT-SUP-008-20250904-045,SUP-008,PRD-002,P02,finished_goods,21092,,9ecce8463b0d16b3,84af91661ac7cf4c,SC-012
TX-0001396,2026-01-31 19:03:00,LOT-SUP-003-20260131-056,SUP-003,PRD-060,P01,line_release,24543,QCERT-00190,84af91661ac7cf4c,62ca9fbbb9a4afbc,SC-010
TX-0001397,2026-07-19 13:08:00,LOT-SUP-002-20260719-051,SUP-002,PRD-027,P01,finished_goods,22871,,62ca9fbbb9a4afbc,f1f4fe9fbb8442a3,SC-003
TX-0001398,2026-02-21 17:09:00,LOT-SUP-005-20260221-014,SUP-005,PRD-022,P02,shipment_handover,22057,,f1f4fe9fbb8442a3,5c4b7b53286fb159,SC-010
TX-0001399,2026-02-01 12:58:00,LOT-SUP-004-20260201-017,SUP-004,PRD-066,P01,quality_certificate,21193,QCERT-00152,5c4b7b53286fb159,f2f1a5e7e187b860,SC-001
TX-0001400,2026-01-06 14:20:00,LOT-SUP-003-20260106-010,SUP-003,PRD-078,P03,material_received,12797,,f2f1a5e7e187b860,77a1c6ea51025b98,SC-011
TX-0001401,2025-11-27 18:41:00,LOT-SUP-015-20251127-042,SUP-015,PRD-013,P02,shipment_handover,17652,,77a1c6ea51025b98,5c979773ee3a35c6,SC-011
TX-0001402,2026-03-24 10:30:00,LOT-SUP-003-20260324-019,SUP-003,PRD-060,P03,quality_certificate,6774,QCERT-00525,5c979773ee3a35c6,df2b6c878ff4c720,SC-006
TX-0001403,2026-05-13 16:16:00,LOT-SUP-009-20260513-051,SUP-009,PRD-077,P03,line_release,9226,QCERT-00820,df2b6c878ff4c720,112423ae324c339f,SC-010
TX-0001404,2025-09-24 00:58:00,LOT-SUP-016-20250924-055,SUP-016,PRD-043,P01,line_release,18466,QCERT-00796,112423ae324c339f,efbc28f0a8f13de0,SC-011
TX-0001405,2026-01-19 12:57:00,LOT-SUP-001-20260119-013,SUP-001,PRD-068,P01,line_release,20046,QCERT-00103,efbc28f0a8f13de0,3cf879fa8a4503c4,SC-009
TX-0001406,2026-06-02 09:31:00,LOT-SUP-015-20260602-045,SUP-015,PRD-013,P01,line_release,11536,QCERT-00648,3cf879fa8a4503c4,4512ef251fcb641f,SC-001
TX-0001407,2025-08-20 05:19:00,LOT-SUP-013-20250820-016,SUP-013,PRD-079,P01,line_release,3264,QCERT-00368,4512ef251fcb641f,6e82938377bac533,SC-006
TX-0001408,2026-03-14 05:07:00,LOT-SUP-013-20260314-003,SUP-013,PRD-058,P02,material_received,21012,,6e82938377bac533,3c180529580517fc,SC-008
TX-0001409,2025-10-03 01:15:00,LOT-SUP-015-20251003-003,SUP-015,PRD-047,P03,material_received,21371,,3c180529580517fc,8d62cf959a464eb5,SC-006
TX-0001410,2026-04-06 08:59:00,LOT-SUP-002-20260406-056,SUP-002,PRD-027,P01,material_received,20831,,8d62cf959a464eb5,2e5a8c5eb57b49c8,SC-010
TX-0001411,2026-02-06 03:41:00,LOT-SUP-001-20260206-034,SUP-001,PRD-068,P02,material_received,18674,,2e5a8c5eb57b49c8,a9cb8939006c706b,SC-002
TX-0001412,2025-08-25 05:17:00,LOT-SUP-013-20250825-051,SUP-013,PRD-058,P01,material_received,636,,a9cb8939006c706b,2529038638961589,SC-007
TX-0001413,2026-01-05 05:27:00,LOT-SUP-010-20260105-001,SUP-010,PRD-010,P02,line_release,8002,QCERT-00060,2529038638961589,e9c592eb2315cb61,SC-010
TX-0001414,2026-06-19 23:31:00,LOT-SUP-016-20260619-037,SUP-016,PRD-063,P02,shipment_handover,15628,,e9c592eb2315cb61,db419d089a34e34b,SC-002
TX-0001415,2026-03-29 17:53:00,LOT-SUP-001-20260329-001,SUP-001,PRD-067,P01,shipment_handover,9053,,db419d089a34e34b,52bce9895fde27eb,SC-001
TX-0001416,2026-02-01 08:04:00,LOT-SUP-013-20260201-001,SUP-013,PRD-079,P02,quality_certificate,24562,QCERT-00052,52bce9895fde27eb,0bd7d14fe69b038e,SC-009
TX-0001417,2025-11-12 23:22:00,LOT-SUP-013-20251112-031,SUP-013,PRD-079,P03,shipment_handover,22647,,0bd7d14fe69b038e,2878e26d3f234ae2,SC-010
TX-0001418,2025-10-01 16:29:00,LOT-SUP-004-20251001-014,SUP-004,PRD-059,P03,line_release,18782,QCERT-00533,2878e26d3f234ae2,2ec87b38870e88c9,SC-007
TX-0001419,2026-03-26 02:35:00,LOT-SUP-006-20260326-044,SUP-006,PRD-040,P02,line_release,20406,QCERT-00063,2ec87b38870e88c9,74a2cfd16afdc0c3,SC-012
TX-0001420,2025-09-25 02:13:00,LOT-SUP-002-20250925-054,SUP-002,PRD-027,P03,finished_goods,2519,,74a2cfd16afdc0c3,448670782a435437,SC-008
TX-0001421,2026-01-06 06:44:00,LOT-SUP-008-20260106-006,SUP-008,PRD-026,P01,material_received,806,,448670782a435437,7070197c66eea30a,SC-011
TX-0001422,2026-06-01 21:48:00,LOT-SUP-012-20260601-033,SUP-012,PRD-015,P03,material_received,13702,,7070197c66eea30a,a3fb1c976a956948,SC-011
TX-0001423,2026-02-16 10:15:00,LOT-SUP-011-20260216-026,SUP-011,PRD-017,P01,material_received,14882,,a3fb1c976a956948,d2307796fc01a547,SC-011
TX-0001424,2026-07-08 12:19:00,LOT-SUP-005-20260708-058,SUP-005,PRD-023,P02,line_release,9237,QCERT-00587,d2307796fc01a547,2471acd45600610a,SC-002
TX-0001425,2026-04-10 01:00:00,LOT-SUP-015-20260410-048,SUP-015,PRD-031,P02,finished_goods,18852,,2471acd45600610a,a870e2ea4be88f8e,SC-012
TX-0001426,2026-02-14 20:01:00,LOT-SUP-015-20260214-032,SUP-015,PRD-003,P03,finished_goods,21957,,a870e2ea4be88f8e,610d483e757313a0,SC-001
TX-0001427,2026-02-01 16:31:00,LOT-SUP-006-20260201-030,SUP-006,PRD-065,P01,line_release,8080,QCERT-00097,610d483e757313a0,765ca575c7de6ca6,SC-003
TX-0001428,2025-10-12 03:34:00,LOT-SUP-005-20251012-037,SUP-005,PRD-016,P02,line_release,4499,QCERT-00607,765ca575c7de6ca6,971aed2e54968822,SC-011
TX-0001429,2026-04-22 00:13:00,LOT-SUP-005-20260422-024,SUP-005,PRD-024,P03,material_received,22588,,971aed2e54968822,21ba6f955a856871,SC-009
TX-0001430,2025-11-21 18:55:00,LOT-SUP-004-20251121-059,SUP-004,PRD-050,P02,quality_certificate,18514,QCERT-00378,21ba6f955a856871,8b36e33f1ced4153,SC-007
TX-0001431,2026-06-14 03:00:00,LOT-SUP-006-20260614-038,SUP-006,PRD-040,P02,material_received,4029,,8b36e33f1ced4153,4934816234e12f1a,SC-011
TX-0001432,2025-11-21 19:22:00,LOT-SUP-015-20251121-007,SUP-015,PRD-013,P02,finished_goods,17272,,4934816234e12f1a,15f18f2b17a19dc2,SC-008
TX-0001433,2026-05-09 12:26:00,LOT-SUP-004-20260509-024,SUP-004,PRD-050,P01,material_received,6177,,15f18f2b17a19dc2,c92b1141248ccf69,SC-009
TX-0001434,2026-05-18 11:31:00,LOT-SUP-008-20260518-060,SUP-008,PRD-002,P02,material_received,12217,,c92b1141248ccf69,189150cdf5b2ee5a,SC-012
TX-0001435,2025-09-23 05:51:00,LOT-SUP-016-20250923-049,SUP-016,PRD-008,P01,shipment_handover,3069,,189150cdf5b2ee5a,5617ee7e0df64e09,SC-006
TX-0001436,2026-05-15 22:25:00,LOT-SUP-015-20260515-007,SUP-015,PRD-074,P01,line_release,7149,QCERT-00251,5617ee7e0df64e09,8e1e5a9d866da742,SC-009
TX-0001437,2026-02-03 11:31:00,LOT-SUP-010-20260203-006,SUP-010,PRD-045,P03,quality_certificate,10712,QCERT-00588,8e1e5a9d866da742,9b160da192ae721f,SC-009
TX-0001438,2025-10-04 06:51:00,LOT-SUP-001-20251004-026,SUP-001,PRD-046,P03,quality_certificate,17963,QCERT-00349,9b160da192ae721f,4c2f6005e07ddb79,SC-009
TX-0001439,2025-09-26 07:53:00,LOT-SUP-016-20250926-031,SUP-016,PRD-080,P02,material_received,14706,,4c2f6005e07ddb79,7a938f6fddd5a159,SC-009
TX-0001440,2026-04-12 17:52:00,LOT-SUP-006-20260412-002,SUP-006,PRD-065,P01,shipment_handover,3329,,7a938f6fddd5a159,3dc9ee3a0aace83f,SC-001
TX-0001441,2026-07-26 11:07:00,LOT-SUP-002-20260726-029,SUP-002,PRD-027,P03,shipment_handover,20970,,3dc9ee3a0aace83f,36e018a973f58623,SC-004
TX-0001442,2025-12-14 15:27:00,LOT-SUP-001-20251214-025,SUP-001,PRD-067,P03,material_received,21266,,36e018a973f58623,6d3992a094eacbc0,SC-004
TX-0001443,2026-02-02 20:48:00,LOT-SUP-005-20260202-053,SUP-005,PRD-038,P01,finished_goods,5260,,6d3992a094eacbc0,2659cc85ace08bd9,SC-005
TX-0001444,2025-12-01 10:40:00,LOT-SUP-005-20251201-020,SUP-005,PRD-038,P02,material_received,23104,,2659cc85ace08bd9,34c0711eb06924ea,SC-007
TX-0001445,2026-01-02 09:51:00,LOT-SUP-014-20260102-054,SUP-014,PRD-036,P02,line_release,1299,QCERT-00295,34c0711eb06924ea,61182afc2ebe2f72,SC-009
TX-0001446,2026-02-19 14:50:00,LOT-SUP-011-20260219-048,SUP-011,PRD-075,P03,material_received,3681,,61182afc2ebe2f72,95af0d51142991c3,SC-003
TX-0001447,2026-03-29 07:16:00,LOT-SUP-010-20260329-008,SUP-010,PRD-010,P02,line_release,21427,QCERT-00075,95af0d51142991c3,f3618659638a98a0,SC-010
TX-0001448,2026-01-31 05:03:00,LOT-SUP-012-20260131-002,SUP-012,PRD-006,P01,quality_certificate,24011,QCERT-00865,f3618659638a98a0,6203a947a82f2751,SC-003
TX-0001449,2026-06-27 12:14:00,LOT-SUP-006-20260627-010,SUP-006,PRD-065,P01,shipment_handover,17378,,6203a947a82f2751,fd774c9aad57fc38,SC-005
TX-0001450,2026-01-27 17:57:00,LOT-SUP-008-20260127-027,SUP-008,PRD-002,P01,shipment_handover,11213,,fd774c9aad57fc38,6aaa084208f18e1a,SC-006
TX-0001451,2026-07-23 04:58:00,LOT-SUP-011-20260723-058,SUP-011,PRD-075,P01,material_received,10364,,6aaa084208f18e1a,9574fef54d57879d,SC-009
TX-0001452,2026-05-13 14:30:00,LOT-SUP-010-20260513-006,SUP-010,PRD-045,P01,shipment_handover,10434,,9574fef54d57879d,e4f28943cd5bf68a,SC-007
TX-0001453,2026-06-27 20:36:00,LOT-SUP-010-20260627-021,SUP-010,PRD-010,P03,finished_goods,14181,,e4f28943cd5bf68a,11c1edf495f7a5c6,SC-012
TX-0001454,2025-10-14 20:07:00,LOT-SUP-006-20251014-030,SUP-006,PRD-040,P02,material_received,21038,,11c1edf495f7a5c6,fa32719bd1ba5d2c,SC-008
TX-0001455,2026-01-30 00:19:00,LOT-SUP-007-20260130-008,SUP-007,PRD-073,P01,shipment_handover,22770,,fa32719bd1ba5d2c,05b58cc40d4fd166,SC-005
TX-0001456,2026-03-08 04:24:00,LOT-SUP-008-20260308-042,SUP-008,PRD-037,P01,material_received,2977,,05b58cc40d4fd166,eec6f94040e0b0fe,SC-010
TX-0001457,2026-04-29 15:38:00,LOT-SUP-015-20260429-010,SUP-015,PRD-047,P01,line_release,18838,QCERT-00307,eec6f94040e0b0fe,5d08d93a40702568,SC-006
TX-0001458,2025-12-03 03:48:00,LOT-SUP-009-20251203-059,SUP-009,PRD-051,P01,material_received,24204,,5d08d93a40702568,ff74e6ba1fd368d4,SC-004
TX-0001459,2026-07-17 11:45:00,LOT-SUP-011-20260717-042,SUP-011,PRD-017,P02,quality_certificate,9614,QCERT-00224,ff74e6ba1fd368d4,f9f54d01a5dbd284,SC-003
TX-0001460,2026-03-13 19:42:00,LOT-SUP-008-20260313-013,SUP-008,PRD-044,P01,line_release,7156,QCERT-00872,f9f54d01a5dbd284,b3ca160d0a704530,SC-004
TX-0001461,2026-03-16 13:53:00,LOT-SUP-015-20260316-014,SUP-015,PRD-004,P01,material_received,23999,,b3ca160d0a704530,d514a059a6faab65,SC-004
TX-0001462,2025-08-25 23:19:00,LOT-SUP-008-20250825-051,SUP-008,PRD-007,P02,material_received,1007,,d514a059a6faab65,2bf7189a235cc417,SC-002
TX-0001463,2026-07-09 19:54:00,LOT-SUP-005-20260709-053,SUP-005,PRD-023,P02,quality_certificate,13840,QCERT-00806,2bf7189a235cc417,087a21e7d31f3823,SC-002
TX-0001464,2026-02-18 08:47:00,LOT-SUP-003-20260218-037,SUP-003,PRD-072,P01,line_release,22413,QCERT-00531,087a21e7d31f3823,2489080ae934f8c8,SC-011
TX-0001465,2026-05-18 17:21:00,LOT-SUP-005-20260518-013,SUP-005,PRD-022,P01,quality_certificate,614,QCERT-00471,2489080ae934f8c8,ee49872e79e9c1db,SC-007
TX-0001466,2025-11-27 14:06:00,LOT-SUP-012-20251127-040,SUP-012,PRD-012,P03,quality_certificate,3058,QCERT-00221,ee49872e79e9c1db,bf440934f07930b2,SC-007
TX-0001467,2026-07-30 07:10:00,LOT-SUP-018-20260730-036,SUP-018,PRD-019,P03,finished_goods,16024,,bf440934f07930b2,8ff9da5675a66810,SC-002
TX-0001468,2025-08-30 21:53:00,LOT-SUP-001-20250830-030,SUP-001,PRD-067,P02,material_received,10975,,8ff9da5675a66810,b48d5b797d729658,SC-003
TX-0001469,2025-10-11 22:27:00,LOT-SUP-008-20251011-060,SUP-008,PRD-026,P01,quality_certificate,21010,QCERT-00247,b48d5b797d729658,5947f1e19e701dd3,SC-001
TX-0001470,2026-04-07 00:10:00,LOT-SUP-004-20260407-018,SUP-004,PRD-066,P01,line_release,6265,QCERT-00853,5947f1e19e701dd3,2496bf57c6edd440,SC-005
TX-0001471,2025-09-15 06:08:00,LOT-SUP-010-20250915-013,SUP-010,PRD-076,P01,line_release,21253,QCERT-00791,2496bf57c6edd440,fd85f4df302bc277,SC-011
TX-0001472,2025-08-21 13:46:00,LOT-SUP-017-20250821-020,SUP-017,PRD-061,P03,material_received,16924,,fd85f4df302bc277,d34970c3bbc8769e,SC-001
TX-0001473,2026-02-07 06:54:00,LOT-SUP-015-20260207-059,SUP-015,PRD-047,P03,shipment_handover,14067,,d34970c3bbc8769e,987ed9cc8a447d51,SC-003
TX-0001474,2026-01-20 05:03:00,LOT-SUP-010-20260120-005,SUP-010,PRD-076,P02,material_received,4291,,987ed9cc8a447d51,5091c3e9a3ca6a51,SC-010
TX-0001475,2025-11-09 17:12:00,LOT-SUP-013-20251109-047,SUP-013,PRD-054,P02,line_release,14374,QCERT-00809,5091c3e9a3ca6a51,24d15a2c586cdadd,SC-002
TX-0001476,2026-07-14 14:16:00,LOT-SUP-003-20260714-018,SUP-003,PRD-078,P02,line_release,2842,QCERT-00310,24d15a2c586cdadd,32ce34a93acf8d00,SC-010
TX-0001477,2026-02-07 17:09:00,LOT-SUP-003-20260207-048,SUP-003,PRD-060,P03,material_received,11179,,32ce34a93acf8d00,0ef912c4b1de6c4d,SC-005
TX-0001478,2026-06-08 02:46:00,LOT-SUP-015-20260608-032,SUP-015,PRD-003,P03,finished_goods,9972,,0ef912c4b1de6c4d,5cb93479c14ef807,SC-010
TX-0001479,2026-07-29 11:41:00,LOT-SUP-015-20260729-031,SUP-015,PRD-074,P02,shipment_handover,19518,,5cb93479c14ef807,606f482691fb9b78,SC-008
TX-0001480,2026-07-08 08:30:00,LOT-SUP-006-20260708-018,SUP-006,PRD-049,P03,line_release,15488,QCERT-00649,606f482691fb9b78,58be084657b46b66,SC-011
TX-0001481,2025-12-15 18:39:00,LOT-SUP-015-20251215-060,SUP-015,PRD-003,P02,material_received,20961,,58be084657b46b66,db70eb2aa2d3d9b9,SC-003
TX-0001482,2026-04-07 11:44:00,LOT-SUP-015-20260407-029,SUP-015,PRD-047,P02,shipment_handover,14021,,db70eb2aa2d3d9b9,ca534c6bcc0a79f7,SC-009
TX-0001483,2025-10-14 10:07:00,LOT-SUP-009-20251014-031,SUP-009,PRD-034,P01,quality_certificate,12129,QCERT-00528,ca534c6bcc0a79f7,3c87b386afb6de6d,SC-010
TX-0001484,2025-09-29 08:41:00,LOT-SUP-001-20250929-053,SUP-001,PRD-067,P02,quality_certificate,6077,QCERT-00452,3c87b386afb6de6d,376df14881bea6de,SC-012
TX-0001485,2025-08-28 18:15:00,LOT-SUP-010-20250828-036,SUP-010,PRD-010,P02,shipment_handover,9357,,376df14881bea6de,c8161e8a07c96613,SC-011
TX-0001486,2026-04-21 00:51:00,LOT-SUP-017-20260421-046,SUP-017,PRD-030,P02,line_release,3477,QCERT-00414,c8161e8a07c96613,aef5a4a60c339e07,SC-005
TX-0001487,2026-07-06 03:57:00,LOT-SUP-002-20260706-005,SUP-002,PRD-001,P01,shipment_handover,1446,,aef5a4a60c339e07,c2539bf17f083dcd,SC-001
TX-0001488,2026-05-08 02:16:00,LOT-SUP-013-20260508-046,SUP-013,PRD-054,P01,line_release,19279,QCERT-00855,c2539bf17f083dcd,1689883ab888a86a,SC-007
TX-0001489,2026-07-26 18:17:00,LOT-SUP-008-20260726-020,SUP-008,PRD-026,P03,finished_goods,4616,,1689883ab888a86a,3e22c06107259bb1,SC-012
TX-0001490,2026-04-06 19:36:00,LOT-SUP-015-20260406-029,SUP-015,PRD-031,P01,shipment_handover,17181,,3e22c06107259bb1,691cd0f6c24df4e2,SC-010
TX-0001491,2026-04-23 13:27:00,LOT-SUP-010-20260423-034,SUP-010,PRD-028,P03,shipment_handover,13306,,691cd0f6c24df4e2,30c0a467eac9616f,SC-003
TX-0001492,2025-11-25 07:35:00,LOT-SUP-012-20251125-058,SUP-012,PRD-015,P01,shipment_handover,5535,,30c0a467eac9616f,c89df1d3d9e3117c,SC-001
TX-0001493,2026-03-14 12:34:00,LOT-SUP-015-20260314-050,SUP-015,PRD-004,P01,shipment_handover,3743,,c89df1d3d9e3117c,99ea4d0e4871068b,SC-009
TX-0001494,2026-03-25 09:47:00,LOT-SUP-015-20260325-028,SUP-015,PRD-004,P03,finished_goods,12040,,99ea4d0e4871068b,b4c89ca9de8462c4,SC-012
TX-0001495,2026-06-20 07:24:00,LOT-SUP-003-20260620-055,SUP-003,PRD-071,P02,material_received,5268,,b4c89ca9de8462c4,93f0e5bbf53a445c,SC-010
TX-0001496,2026-07-04 14:12:00,LOT-SUP-014-20260704-051,SUP-014,PRD-025,P03,material_received,11685,,93f0e5bbf53a445c,6881143208e386be,SC-006
TX-0001497,2026-05-28 04:10:00,LOT-SUP-015-20260528-026,SUP-015,PRD-003,P02,finished_goods,20409,,6881143208e386be,0e14be4d47c4e9d4,SC-011
TX-0001498,2025-12-24 21:54:00,LOT-SUP-004-20251224-006,SUP-004,PRD-057,P03,finished_goods,14062,,0e14be4d47c4e9d4,cf013436ce23cb70,SC-004
TX-0001499,2026-01-16 16:44:00,LOT-SUP-005-20260116-041,SUP-005,PRD-024,P01,material_received,20138,,cf013436ce23cb70,875ad311c682e618,SC-010
TX-0001500,2026-05-31 21:38:00,LOT-SUP-002-20260531-042,SUP-002,PRD-001,P02,finished_goods,4640,,875ad311c682e618,9614a8fc67ed4c95,SC-002
TX-0001501,2026-05-17 23:43:00,LOT-SUP-013-20260517-010,SUP-013,PRD-079,P01,shipment_handover,14667,,9614a8fc67ed4c95,9ce6041074888477,SC-002
TX-0001502,2025-11-09 21:11:00,LOT-SUP-015-20251109-057,SUP-015,PRD-031,P03,material_received,3079,,9ce6041074888477,03ef76df830cd94f,SC-001
TX-0001503,2025-08-06 16:27:00,LOT-SUP-010-20250806-002,SUP-010,PRD-028,P03,material_received,7530,,03ef76df830cd94f,b8ff193953eb33d2,SC-001
TX-0001504,2025-10-20 04:29:00,LOT-SUP-016-20251020-007,SUP-016,PRD-063,P03,quality_certificate,6942,QCERT-00294,b8ff193953eb33d2,dbe90e5ea96b04cd,SC-005
TX-0001505,2025-10-10 17:37:00,LOT-SUP-008-20251010-051,SUP-008,PRD-033,P01,line_release,2567,QCERT-00201,dbe90e5ea96b04cd,5ef99229acbe2cf1,SC-007
TX-0001506,2025-11-14 11:03:00,LOT-SUP-010-20251114-003,SUP-010,PRD-056,P02,finished_goods,11922,,5ef99229acbe2cf1,fe3fb00363b9697f,SC-011
TX-0001507,2025-11-29 07:36:00,LOT-SUP-010-20251129-048,SUP-010,PRD-056,P03,quality_certificate,1392,QCERT-00703,fe3fb00363b9697f,01d2aac5b20411c5,SC-006
TX-0001508,2026-05-23 10:54:00,LOT-SUP-007-20260523-048,SUP-007,PRD-073,P01,line_release,4940,QCERT-00837,01d2aac5b20411c5,c4d411b569c5597e,SC-008
TX-0001509,2025-10-12 04:16:00,LOT-SUP-008-20251012-018,SUP-008,PRD-053,P03,material_received,24777,,c4d411b569c5597e,d258e499d92ab35f,SC-009
TX-0001510,2026-01-19 16:54:00,LOT-SUP-017-20260119-053,SUP-017,PRD-009,P01,line_release,24049,QCERT-00283,d258e499d92ab35f,eb59b6fe31f87d84,SC-003
TX-0001511,2025-11-30 02:29:00,LOT-SUP-005-20251130-053,SUP-005,PRD-014,P03,line_release,17306,QCERT-00586,eb59b6fe31f87d84,36402431d17e321c,SC-004
TX-0001512,2026-03-15 14:51:00,LOT-SUP-003-20260315-060,SUP-003,PRD-072,P01,finished_goods,24109,,36402431d17e321c,0e1a2a9b504a4dff,SC-006
TX-0001513,2025-11-12 09:31:00,LOT-SUP-009-20251112-043,SUP-009,PRD-077,P02,material_received,17278,,0e1a2a9b504a4dff,d04aeee2203e7bff,SC-006
TX-0001514,2025-11-20 10:51:00,LOT-SUP-014-20251120-014,SUP-014,PRD-036,P02,shipment_handover,1086,,d04aeee2203e7bff,1d9cb496ae363925,SC-011
TX-0001515,2025-10-13 16:58:00,LOT-SUP-013-20251013-020,SUP-013,PRD-058,P02,finished_goods,8609,,1d9cb496ae363925,99e9873eae9de099,SC-005
TX-0001516,2025-10-28 05:02:00,LOT-SUP-003-20251028-056,SUP-003,PRD-020,P03,quality_certificate,20217,QCERT-00125,99e9873eae9de099,78a8062321e7d542,SC-004
TX-0001517,2026-01-22 01:05:00,LOT-SUP-001-20260122-040,SUP-001,PRD-046,P01,finished_goods,20931,,78a8062321e7d542,28bdec4ae74909a8,SC-009
TX-0001518,2026-04-09 09:37:00,LOT-SUP-012-20260409-031,SUP-012,PRD-015,P01,shipment_handover,21223,,28bdec4ae74909a8,93ec86ed615575e5,SC-001
TX-0001519,2025-09-11 09:56:00,LOT-SUP-005-20250911-033,SUP-005,PRD-014,P02,finished_goods,13993,,93ec86ed615575e5,36a36513c2e0ef16,SC-008
TX-0001520,2026-05-09 21:56:00,LOT-SUP-003-20260509-036,SUP-003,PRD-071,P03,material_received,23336,,36a36513c2e0ef16,49becb1be71ff3d2,SC-010
TX-0001521,2026-04-22 19:30:00,LOT-SUP-008-20260422-039,SUP-008,PRD-044,P02,finished_goods,17931,,49becb1be71ff3d2,50d0db2f99b26f8b,SC-011
TX-0001522,2026-03-17 06:41:00,LOT-SUP-010-20260317-029,SUP-010,PRD-010,P03,finished_goods,9178,,50d0db2f99b26f8b,1be1c3385be6d319,SC-011
TX-0001523,2026-01-10 10:33:00,LOT-SUP-015-20260110-048,SUP-015,PRD-003,P02,line_release,13534,QCERT-00754,1be1c3385be6d319,d2bac0c9ff85e176,SC-005
TX-0001524,2026-05-02 08:31:00,LOT-SUP-011-20260502-027,SUP-011,PRD-075,P02,material_received,17816,,d2bac0c9ff85e176,a1b911513cb703bc,SC-001
TX-0001525,2025-12-26 08:13:00,LOT-SUP-014-20251226-001,SUP-014,PRD-025,P01,material_received,21629,,a1b911513cb703bc,85ba2507098298d5,SC-010
TX-0001526,2025-09-20 11:08:00,LOT-SUP-009-20250920-026,SUP-009,PRD-034,P01,line_release,6624,QCERT-00291,85ba2507098298d5,c772fa0e55ff45d4,SC-006
TX-0001527,2025-12-06 18:30:00,LOT-SUP-004-20251206-032,SUP-004,PRD-069,P01,material_received,12419,,c772fa0e55ff45d4,5f5e467057abaf95,SC-011
TX-0001528,2025-10-31 14:27:00,LOT-SUP-009-20251031-025,SUP-009,PRD-032,P02,shipment_handover,15495,,5f5e467057abaf95,b9df84d7cced0070,SC-012
TX-0001529,2026-03-04 23:21:00,LOT-SUP-005-20260304-007,SUP-005,PRD-024,P01,quality_certificate,16242,QCERT-00425,b9df84d7cced0070,0bf53ec56a696bcc,SC-008
TX-0001530,2025-12-10 14:42:00,LOT-SUP-012-20251210-059,SUP-012,PRD-015,P03,shipment_handover,18603,,0bf53ec56a696bcc,8683968417fdbad6,SC-010
TX-0001531,2026-07-10 02:10:00,LOT-SUP-008-20260710-034,SUP-008,PRD-044,P03,shipment_handover,21676,,8683968417fdbad6,66c18cf3927434ad,SC-010
TX-0001532,2026-03-20 11:01:00,LOT-SUP-011-20260320-048,SUP-011,PRD-017,P03,line_release,22187,QCERT-00119,66c18cf3927434ad,9c61595f64a4b089,SC-006
TX-0001533,2025-11-07 16:44:00,LOT-SUP-008-20251107-050,SUP-008,PRD-033,P03,shipment_handover,2387,,9c61595f64a4b089,ed6b1a4f63551ba5,SC-008
TX-0001534,2025-09-20 03:11:00,LOT-SUP-009-20250920-056,SUP-009,PRD-034,P03,shipment_handover,12182,,ed6b1a4f63551ba5,8cef0e54d322d221,SC-005
TX-0001535,2026-04-07 05:40:00,LOT-SUP-005-20260407-044,SUP-005,PRD-022,P02,shipment_handover,1091,,8cef0e54d322d221,78dd51985ab33a46,SC-004
TX-0001536,2026-01-31 01:29:00,LOT-SUP-008-20260131-029,SUP-008,PRD-044,P02,material_received,7109,,78dd51985ab33a46,38947ea1daef52ce,SC-001
TX-0001537,2026-02-17 13:39:00,LOT-SUP-004-20260217-049,SUP-004,PRD-050,P03,quality_certificate,23950,QCERT-00606,38947ea1daef52ce,98882fb6ef5d45cb,SC-007
TX-0001538,2026-03-06 06:08:00,LOT-SUP-005-20260306-056,SUP-005,PRD-022,P03,material_received,18152,,98882fb6ef5d45cb,8fabe040a8fe3aa0,SC-002
TX-0001539,2026-05-18 11:47:00,LOT-SUP-005-20260518-054,SUP-005,PRD-024,P01,finished_goods,14016,,8fabe040a8fe3aa0,b45a2429a4eb74c9,SC-007
TX-0001540,2026-05-15 07:38:00,LOT-SUP-002-20260515-009,SUP-002,PRD-042,P02,shipment_handover,6899,,b45a2429a4eb74c9,a2f6dd140d1978c5,SC-008
TX-0001541,2026-03-15 02:11:00,LOT-SUP-016-20260315-032,SUP-016,PRD-008,P02,shipment_handover,15898,,a2f6dd140d1978c5,1bbc512170f716ac,SC-007
TX-0001542,2026-06-12 09:34:00,LOT-SUP-004-20260612-059,SUP-004,PRD-069,P01,line_release,10752,QCERT-00637,1bbc512170f716ac,9b09c88ed2b561ce,SC-009
TX-0001543,2025-09-17 13:54:00,LOT-SUP-015-20250917-018,SUP-015,PRD-074,P03,quality_certificate,9454,QCERT-00319,9b09c88ed2b561ce,15a8fdfd356f8313,SC-001
TX-0001544,2026-01-21 20:12:00,LOT-SUP-011-20260121-015,SUP-011,PRD-017,P01,quality_certificate,3492,QCERT-00670,15a8fdfd356f8313,6048e9a99bc8bc5b,SC-001
TX-0001545,2026-05-13 03:11:00,LOT-SUP-008-20260513-052,SUP-008,PRD-002,P02,finished_goods,19740,,6048e9a99bc8bc5b,50cd658efa19e3fe,SC-010
TX-0001546,2026-04-22 06:23:00,LOT-SUP-010-20260422-049,SUP-010,PRD-028,P02,material_received,18840,,50cd658efa19e3fe,36fa71ad5e60f457,SC-012
TX-0001547,2026-05-07 17:18:00,LOT-SUP-001-20260507-042,SUP-001,PRD-068,P03,quality_certificate,8463,QCERT-00515,36fa71ad5e60f457,8aca3f1283896944,SC-010
TX-0001548,2026-06-03 21:32:00,LOT-SUP-005-20260603-009,SUP-005,PRD-014,P02,finished_goods,16527,,8aca3f1283896944,401eea5863c5ce88,SC-010
TX-0001549,2026-03-11 19:26:00,LOT-SUP-016-20260311-056,SUP-016,PRD-063,P01,material_received,15257,,401eea5863c5ce88,2a4749053a8aee82,SC-010
TX-0001550,2026-01-14 01:16:00,LOT-SUP-015-20260114-016,SUP-015,PRD-074,P03,material_received,18325,,2a4749053a8aee82,d428ad43d8a88df2,SC-003
TX-0001551,2025-11-03 07:36:00,LOT-SUP-015-20251103-043,SUP-015,PRD-021,P02,quality_certificate,17777,QCERT-00245,d428ad43d8a88df2,032affe043daa933,SC-007
TX-0001552,2026-06-27 06:20:00,LOT-SUP-006-20260627-038,SUP-006,PRD-052,P01,line_release,12563,QCERT-00819,032affe043daa933,42b6d92afee3488e,SC-001
TX-0001553,2025-10-21 04:36:00,LOT-SUP-005-20251021-031,SUP-005,PRD-024,P03,quality_certificate,22716,QCERT-00883,42b6d92afee3488e,a05fc22edd688903,SC-004
TX-0001554,2025-08-22 13:42:00,LOT-SUP-008-20250822-040,SUP-008,PRD-007,P01,quality_certificate,18269,QCERT-00082,a05fc22edd688903,8379ccc366df1519,SC-001
TX-0001555,2026-07-07 23:20:00,LOT-SUP-008-20260707-013,SUP-008,PRD-044,P03,line_release,20552,QCERT-00336,8379ccc366df1519,6250b370cf5db5de,SC-009
TX-0001556,2025-11-10 07:07:00,LOT-SUP-016-20251110-030,SUP-016,PRD-063,P01,line_release,7862,QCERT-00315,6250b370cf5db5de,c61b0a2cb0c4d850,SC-006
TX-0001557,2026-04-14 15:43:00,LOT-SUP-004-20260414-003,SUP-004,PRD-066,P01,quality_certificate,12273,QCERT-00809,c61b0a2cb0c4d850,2fd3d77497c5628f,SC-003
TX-0001558,2026-06-22 20:50:00,LOT-SUP-011-20260622-056,SUP-011,PRD-017,P02,material_received,17210,,2fd3d77497c5628f,f821467da18b9b22,SC-002
TX-0001559,2026-07-31 00:16:00,LOT-SUP-010-20260731-026,SUP-010,PRD-045,P03,finished_goods,16816,,f821467da18b9b22,6f07aed291384a4b,SC-004
TX-0001560,2026-07-21 23:32:00,LOT-SUP-015-20260721-029,SUP-015,PRD-003,P02,quality_certificate,8401,QCERT-00398,6f07aed291384a4b,1ba2ca67e0393504,SC-002
TX-0001561,2026-07-14 05:18:00,LOT-SUP-007-20260714-020,SUP-007,PRD-073,P01,shipment_handover,21915,,1ba2ca67e0393504,72344b2625d06e6a,SC-001
TX-0001562,2025-08-07 11:03:00,LOT-SUP-006-20250807-021,SUP-006,PRD-065,P03,finished_goods,13181,,72344b2625d06e6a,a2d509a6ef5bdf70,SC-010
TX-0001563,2026-05-08 08:41:00,LOT-SUP-012-20260508-018,SUP-012,PRD-006,P02,shipment_handover,16774,,a2d509a6ef5bdf70,92fa865485a25b26,SC-007
TX-0001564,2026-02-18 13:30:00,LOT-SUP-005-20260218-060,SUP-005,PRD-016,P03,quality_certificate,24558,QCERT-00870,92fa865485a25b26,70f259904f378b3d,SC-008
TX-0001565,2025-12-18 07:53:00,LOT-SUP-016-20251218-041,SUP-016,PRD-043,P02,shipment_handover,19548,,70f259904f378b3d,0a3a367ce795bdf8,SC-009
TX-0001566,2026-06-08 05:17:00,LOT-SUP-015-20260608-057,SUP-015,PRD-004,P02,finished_goods,18480,,0a3a367ce795bdf8,bb2a6dd02cef6447,SC-003
TX-0001567,2025-10-07 01:39:00,LOT-SUP-002-20251007-043,SUP-002,PRD-027,P02,line_release,9197,QCERT-00369,bb2a6dd02cef6447,3f923c6d2bdc2b89,SC-001
TX-0001568,2026-03-21 20:42:00,LOT-SUP-007-20260321-059,SUP-007,PRD-073,P03,finished_goods,3653,,3f923c6d2bdc2b89,094a9fac97b3313f,SC-010
TX-0001569,2026-04-02 12:50:00,LOT-SUP-003-20260402-037,SUP-003,PRD-020,P01,line_release,12276,QCERT-00317,094a9fac97b3313f,4e90dcd700c133a9,SC-001
TX-0001570,2026-05-08 00:29:00,LOT-SUP-004-20260508-010,SUP-004,PRD-057,P02,material_received,9037,,4e90dcd700c133a9,f5d046b1040423b0,SC-012
TX-0001571,2026-04-24 18:43:00,LOT-SUP-015-20260424-025,SUP-015,PRD-031,P01,line_release,22347,QCERT-00780,f5d046b1040423b0,3ae47d93ff4e4fbb,SC-008
TX-0001572,2026-04-29 03:10:00,LOT-SUP-009-20260429-046,SUP-009,PRD-018,P02,quality_certificate,12111,QCERT-00169,3ae47d93ff4e4fbb,1b4c57b70e4413ce,SC-007
TX-0001573,2025-08-16 04:00:00,LOT-SUP-009-20250816-046,SUP-009,PRD-051,P01,line_release,23652,QCERT-00845,1b4c57b70e4413ce,172f1008b6a4c289,SC-010
TX-0001574,2026-04-11 02:57:00,LOT-SUP-011-20260411-041,SUP-011,PRD-017,P01,finished_goods,12499,,172f1008b6a4c289,5b84e269c86cce97,SC-007
TX-0001575,2025-08-19 19:23:00,LOT-SUP-007-20250819-052,SUP-007,PRD-073,P01,quality_certificate,18320,QCERT-00136,5b84e269c86cce97,211ef7728580a0e0,SC-004
TX-0001576,2025-08-05 13:49:00,LOT-SUP-009-20250805-018,SUP-009,PRD-018,P01,quality_certificate,17933,QCERT-00773,211ef7728580a0e0,18e0711dd4b4304b,SC-002
TX-0001577,2026-03-17 17:27:00,LOT-SUP-009-20260317-056,SUP-009,PRD-051,P03,quality_certificate,20418,QCERT-00416,18e0711dd4b4304b,116be9baf4bafee7,SC-002
TX-0001578,2025-11-17 19:02:00,LOT-SUP-008-20251117-028,SUP-008,PRD-037,P03,line_release,21261,QCERT-00898,116be9baf4bafee7,5504dc30674312f5,SC-011
TX-0001579,2025-09-18 06:22:00,LOT-SUP-012-20250918-007,SUP-012,PRD-012,P02,material_received,5594,,5504dc30674312f5,5d7f3037ecbc9d8d,SC-005
TX-0001580,2025-12-22 21:59:00,LOT-SUP-009-20251222-060,SUP-009,PRD-018,P03,line_release,19824,QCERT-00112,5d7f3037ecbc9d8d,5b8aed0a2c0e207f,SC-006
TX-0001581,2025-10-18 17:44:00,LOT-SUP-008-20251018-004,SUP-008,PRD-053,P01,quality_certificate,16410,QCERT-00411,5b8aed0a2c0e207f,844b047ccbc5fbaf,SC-012
TX-0001582,2025-11-23 07:19:00,LOT-SUP-005-20251123-006,SUP-005,PRD-041,P03,material_received,7878,,844b047ccbc5fbaf,b0ff5e26d2e63d08,SC-010
TX-0001583,2026-06-10 08:00:00,LOT-SUP-008-20260610-040,SUP-008,PRD-026,P01,material_received,5043,,b0ff5e26d2e63d08,5460ef6bd02fe814,SC-006
TX-0001584,2026-07-02 13:44:00,LOT-SUP-005-20260702-034,SUP-005,PRD-005,P01,line_release,19011,QCERT-00899,5460ef6bd02fe814,7f707ce642aae814,SC-008
TX-0001585,2025-10-29 00:26:00,LOT-SUP-003-20251029-054,SUP-003,PRD-020,P02,line_release,20840,QCERT-00376,7f707ce642aae814,170e17c2a2fcb79a,SC-010
TX-0001586,2026-07-18 06:33:00,LOT-SUP-003-20260718-045,SUP-003,PRD-020,P02,material_received,3468,,170e17c2a2fcb79a,2989fb2561f18f8f,SC-008
TX-0001587,2025-09-19 12:01:00,LOT-SUP-003-20250919-036,SUP-003,PRD-060,P01,quality_certificate,20925,QCERT-00200,2989fb2561f18f8f,57cf7a1538a80a26,SC-001
TX-0001588,2025-08-30 00:16:00,LOT-SUP-008-20250830-057,SUP-008,PRD-053,P01,shipment_handover,19091,,57cf7a1538a80a26,918f01ba8a119bb7,SC-005
TX-0001589,2025-09-25 21:23:00,LOT-SUP-001-20250925-012,SUP-001,PRD-011,P03,line_release,21006,QCERT-00028,918f01ba8a119bb7,9afcc9abaa314730,SC-004
TX-0001590,2026-01-16 14:14:00,LOT-SUP-003-20260116-045,SUP-003,PRD-072,P01,line_release,23075,QCERT-00632,9afcc9abaa314730,294bd77203f48b30,SC-001
TX-0001591,2026-02-22 09:21:00,LOT-SUP-005-20260222-032,SUP-005,PRD-014,P03,quality_certificate,23535,QCERT-00681,294bd77203f48b30,1275e22adb60605d,SC-011
TX-0001592,2026-03-15 13:31:00,LOT-SUP-005-20260315-021,SUP-005,PRD-038,P02,finished_goods,22643,,1275e22adb60605d,9c7c8ac6645a9865,SC-003
TX-0001593,2026-04-27 11:19:00,LOT-SUP-004-20260427-030,SUP-004,PRD-057,P03,line_release,13571,QCERT-00137,9c7c8ac6645a9865,1cf20fa7c93ecaf6,SC-010
TX-0001594,2025-12-22 07:34:00,LOT-SUP-017-20251222-012,SUP-017,PRD-030,P01,material_received,7017,,1cf20fa7c93ecaf6,01445852e35b1f4e,SC-006
TX-0001595,2025-08-30 09:20:00,LOT-SUP-002-20250830-044,SUP-002,PRD-001,P01,line_release,1147,QCERT-00525,01445852e35b1f4e,b750f7740a31e12b,SC-002
TX-0001596,2025-09-13 16:54:00,LOT-SUP-009-20250913-049,SUP-009,PRD-051,P02,shipment_handover,17943,,b750f7740a31e12b,913d009a0169f966,SC-008
TX-0001597,2026-01-31 07:10:00,LOT-SUP-010-20260131-040,SUP-010,PRD-045,P02,finished_goods,4488,,913d009a0169f966,c3365f79308b89d1,SC-002
TX-0001598,2025-10-12 23:20:00,LOT-SUP-002-20251012-046,SUP-002,PRD-042,P02,shipment_handover,18724,,c3365f79308b89d1,29753b9fbe714664,SC-012
TX-0001599,2026-04-30 00:47:00,LOT-SUP-013-20260430-039,SUP-013,PRD-054,P03,finished_goods,12873,,29753b9fbe714664,a749010df8e39c81,SC-012
TX-0001600,2025-09-24 17:28:00,LOT-SUP-003-20250924-005,SUP-003,PRD-020,P02,material_received,18458,,a749010df8e39c81,13cee53cfad823a1,SC-011
TX-0001601,2026-06-10 18:14:00,LOT-SUP-016-20260610-056,SUP-016,PRD-008,P01,line_release,11676,QCERT-00760,13cee53cfad823a1,cf3c070f813c80e9,SC-001
TX-0001602,2026-02-23 20:07:00,LOT-SUP-007-20260223-044,SUP-007,PRD-055,P01,material_received,12926,,cf3c070f813c80e9,12559fdd318e2efd,SC-010
TX-0001603,2026-01-15 21:38:00,LOT-SUP-017-20260115-023,SUP-017,PRD-030,P03,quality_certificate,24542,QCERT-00543,12559fdd318e2efd,8d8fa77881d297f0,SC-002
TX-0001604,2026-03-28 18:22:00,LOT-SUP-005-20260328-005,SUP-005,PRD-023,P03,material_received,9888,,8d8fa77881d297f0,a69c4690aa627a7e,SC-007
TX-0001605,2026-05-05 10:52:00,LOT-SUP-013-20260505-021,SUP-013,PRD-058,P01,material_received,9329,,a69c4690aa627a7e,a4a9ff21f3ee9b76,SC-010
TX-0001606,2026-05-06 21:24:00,LOT-SUP-016-20260506-020,SUP-016,PRD-043,P01,line_release,8541,QCERT-00135,a4a9ff21f3ee9b76,9577101617f9c667,SC-011
TX-0001607,2026-04-26 21:43:00,LOT-SUP-013-20260426-058,SUP-013,PRD-062,P01,quality_certificate,16746,QCERT-00233,9577101617f9c667,748768544d5314c7,SC-010
TX-0001608,2026-01-30 04:00:00,LOT-SUP-010-20260130-019,SUP-010,PRD-045,P03,line_release,14565,QCERT-00763,748768544d5314c7,95db0e24d4e00d09,SC-002
TX-0001609,2025-09-24 20:29:00,LOT-SUP-009-20250924-024,SUP-009,PRD-039,P01,material_received,3940,,95db0e24d4e00d09,1cc896603a6dd2c4,SC-011
TX-0001610,2026-05-02 02:11:00,LOT-SUP-016-20260502-026,SUP-016,PRD-043,P03,material_received,15267,,1cc896603a6dd2c4,be43cc006f03e26a,SC-001
TX-0001611,2026-05-13 01:37:00,LOT-SUP-009-20260513-021,SUP-009,PRD-039,P01,material_received,13261,,be43cc006f03e26a,1a899a64f9a814bd,SC-012
TX-0001612,2025-09-14 15:33:00,LOT-SUP-007-20250914-055,SUP-007,PRD-070,P02,shipment_handover,13977,,1a899a64f9a814bd,a6ea38e89514e704,SC-008
TX-0001613,2026-01-27 11:22:00,LOT-SUP-004-20260127-028,SUP-004,PRD-059,P03,finished_goods,1739,,a6ea38e89514e704,a5f165d171c5ca9f,SC-003
TX-0001614,2025-10-30 16:39:00,LOT-SUP-008-20251030-017,SUP-008,PRD-007,P03,line_release,5358,QCERT-00669,a5f165d171c5ca9f,a069bdea39053276,SC-005
TX-0001615,2026-07-15 08:57:00,LOT-SUP-015-20260715-011,SUP-015,PRD-031,P03,line_release,20528,QCERT-00749,a069bdea39053276,ec548b5809fc718f,SC-003
TX-0001616,2026-01-04 10:28:00,LOT-SUP-001-20260104-006,SUP-001,PRD-068,P02,line_release,9790,QCERT-00182,ec548b5809fc718f,78e11c8e04e92214,SC-006
TX-0001617,2026-03-23 13:26:00,LOT-SUP-010-20260323-025,SUP-010,PRD-056,P01,finished_goods,3873,,78e11c8e04e92214,e7cec04c300d3aa4,SC-009
TX-0001618,2026-01-25 13:30:00,LOT-SUP-005-20260125-003,SUP-005,PRD-016,P01,material_received,5721,,e7cec04c300d3aa4,a520ec549479c725,SC-006
TX-0001619,2026-04-14 16:21:00,LOT-SUP-017-20260414-003,SUP-017,PRD-061,P03,material_received,10882,,a520ec549479c725,d50712c686bbd335,SC-006
TX-0001620,2026-05-10 16:47:00,LOT-SUP-010-20260510-045,SUP-010,PRD-045,P02,material_received,22233,,d50712c686bbd335,e0280c765453e77e,SC-003
TX-0001621,2026-03-26 17:46:00,LOT-SUP-010-20260326-053,SUP-010,PRD-028,P02,quality_certificate,14577,QCERT-00304,e0280c765453e77e,6cc350cec00fd251,SC-004
TX-0001622,2025-12-26 06:41:00,LOT-SUP-013-20251226-040,SUP-013,PRD-058,P02,finished_goods,16412,,6cc350cec00fd251,c7120ad0e627f135,SC-005
TX-0001623,2026-02-01 01:23:00,LOT-SUP-001-20260201-023,SUP-001,PRD-046,P02,material_received,4425,,c7120ad0e627f135,45d2ae8b205c488f,SC-001
TX-0001624,2025-10-18 08:01:00,LOT-SUP-014-20251018-006,SUP-014,PRD-029,P01,material_received,10988,,45d2ae8b205c488f,67db812d62025946,SC-011
TX-0001625,2025-12-23 10:43:00,LOT-SUP-008-20251223-002,SUP-008,PRD-026,P03,line_release,10378,QCERT-00423,67db812d62025946,5c62b3d10b6600a5,SC-001
TX-0001626,2026-02-17 09:19:00,LOT-SUP-006-20260217-058,SUP-006,PRD-040,P03,line_release,15815,QCERT-00497,5c62b3d10b6600a5,60be00217bde2b11,SC-001
TX-0001627,2025-12-03 19:44:00,LOT-SUP-014-20251203-008,SUP-014,PRD-025,P02,shipment_handover,7435,,60be00217bde2b11,a7c8a331e002db40,SC-009
TX-0001628,2025-09-25 12:05:00,LOT-SUP-005-20250925-024,SUP-005,PRD-022,P01,line_release,10389,QCERT-00667,a7c8a331e002db40,6c6006bd9f3521e7,SC-010
TX-0001629,2025-10-12 02:45:00,LOT-SUP-005-20251012-011,SUP-005,PRD-024,P03,material_received,9124,,6c6006bd9f3521e7,15bb7aebef2124ee,SC-011
TX-0001630,2025-08-01 10:34:00,LOT-SUP-001-20250801-029,SUP-001,PRD-067,P02,line_release,6042,QCERT-00579,15bb7aebef2124ee,2046bff9fc676df6,SC-012
TX-0001631,2026-07-13 03:32:00,LOT-SUP-005-20260713-017,SUP-005,PRD-024,P01,material_received,6816,,2046bff9fc676df6,fcda2c962c44960f,SC-005
TX-0001632,2026-03-30 09:43:00,LOT-SUP-005-20260330-027,SUP-005,PRD-014,P02,shipment_handover,5320,,fcda2c962c44960f,a7cb470854c54100,SC-001
TX-0001633,2025-12-02 17:42:00,LOT-SUP-015-20251202-042,SUP-015,PRD-074,P03,material_received,15236,,a7cb470854c54100,4d25813c2e01cb12,SC-008
TX-0001634,2025-10-24 23:41:00,LOT-SUP-015-20251024-022,SUP-015,PRD-031,P01,material_received,21893,,4d25813c2e01cb12,d63f11d5074c303c,SC-007
TX-0001635,2025-11-26 18:13:00,LOT-SUP-009-20251126-052,SUP-009,PRD-034,P03,line_release,9403,QCERT-00132,d63f11d5074c303c,2df14e03913d05da,SC-011
TX-0001636,2026-05-05 13:16:00,LOT-SUP-009-20260505-029,SUP-009,PRD-077,P03,shipment_handover,8869,,2df14e03913d05da,19b92ea26a8f8799,SC-011
TX-0001637,2025-09-22 03:00:00,LOT-SUP-017-20250922-030,SUP-017,PRD-061,P01,shipment_handover,5561,,19b92ea26a8f8799,5598211364f9026c,SC-009
TX-0001638,2026-07-27 15:00:00,LOT-SUP-004-20260727-033,SUP-004,PRD-069,P01,line_release,23276,QCERT-00791,5598211364f9026c,a8e87985d889e5ba,SC-001
TX-0001639,2026-01-28 19:59:00,LOT-SUP-015-20260128-036,SUP-015,PRD-004,P03,quality_certificate,22453,QCERT-00692,a8e87985d889e5ba,28f2b1234f676e15,SC-001
TX-0001640,2026-05-20 22:21:00,LOT-SUP-009-20260520-003,SUP-009,PRD-039,P01,material_received,4511,,28f2b1234f676e15,4d1b20c8192eab23,SC-010
TX-0001641,2025-10-31 19:11:00,LOT-SUP-007-20251031-006,SUP-007,PRD-055,P01,finished_goods,7777,,4d1b20c8192eab23,66fc3a4abc0907f0,SC-008
TX-0001642,2025-12-26 10:00:00,LOT-SUP-012-20251226-051,SUP-012,PRD-006,P01,line_release,13643,QCERT-00760,66fc3a4abc0907f0,f6702885a2db03eb,SC-005
TX-0001643,2026-07-19 09:29:00,LOT-SUP-005-20260719-056,SUP-005,PRD-014,P02,line_release,2636,QCERT-00496,f6702885a2db03eb,9befa70f22b35acb,SC-009
TX-0001644,2025-08-30 15:16:00,LOT-SUP-001-20250830-025,SUP-001,PRD-046,P03,line_release,2419,QCERT-00899,9befa70f22b35acb,b9137b3c580b548c,SC-005
TX-0001645,2025-10-09 14:35:00,LOT-SUP-016-20251009-040,SUP-016,PRD-043,P03,line_release,3911,QCERT-00140,b9137b3c580b548c,d2d04d555c6bd326,SC-002
TX-0001646,2026-04-15 08:38:00,LOT-SUP-004-20260415-034,SUP-004,PRD-050,P02,material_received,14862,,d2d04d555c6bd326,da28d929619725a7,SC-002
TX-0001647,2026-01-06 07:37:00,LOT-SUP-008-20260106-044,SUP-008,PRD-044,P03,finished_goods,15935,,da28d929619725a7,43f8e14f514f4d54,SC-001
TX-0001648,2025-10-21 05:58:00,LOT-SUP-004-20251021-034,SUP-004,PRD-050,P03,material_received,17748,,43f8e14f514f4d54,b423526c1da2caef,SC-006
TX-0001649,2026-05-20 07:06:00,LOT-SUP-007-20260520-032,SUP-007,PRD-070,P01,finished_goods,15353,,b423526c1da2caef,0cd33bd7a1e3e4a8,SC-006
TX-0001650,2026-06-25 16:18:00,LOT-SUP-009-20260625-053,SUP-009,PRD-051,P02,material_received,588,,0cd33bd7a1e3e4a8,40dd8753442b1872,SC-008
TX-0001651,2025-11-03 16:51:00,LOT-SUP-003-20251103-015,SUP-003,PRD-078,P01,shipment_handover,17012,,40dd8753442b1872,9422e7b2a8987886,SC-002
TX-0001652,2026-07-30 03:24:00,LOT-SUP-013-20260730-051,SUP-013,PRD-054,P01,shipment_handover,591,,9422e7b2a8987886,7393851c8da7e30d,SC-003
TX-0001653,2026-02-03 10:21:00,LOT-SUP-002-20260203-049,SUP-002,PRD-027,P03,material_received,22613,,7393851c8da7e30d,253c645f8cf452a7,SC-008
TX-0001654,2026-04-12 10:32:00,LOT-SUP-001-20260412-024,SUP-001,PRD-046,P02,shipment_handover,20957,,253c645f8cf452a7,d8a11c403d2a6dd2,SC-007
TX-0001655,2025-11-18 16:40:00,LOT-SUP-015-20251118-032,SUP-015,PRD-003,P03,material_received,24637,,d8a11c403d2a6dd2,894324f7899422dc,SC-008
TX-0001656,2025-12-06 16:33:00,LOT-SUP-004-20251206-007,SUP-004,PRD-059,P02,shipment_handover,5017,,894324f7899422dc,323b63b5d2338ae9,SC-002
TX-0001657,2025-08-12 17:37:00,LOT-SUP-015-20250812-037,SUP-015,PRD-013,P03,shipment_handover,24730,,323b63b5d2338ae9,f76ed8016d37ad44,SC-011
TX-0001658,2025-12-09 22:01:00,LOT-SUP-016-20251209-060,SUP-016,PRD-063,P01,finished_goods,10711,,f76ed8016d37ad44,e9fcef0032e7340d,SC-008
TX-0001659,2026-05-03 03:34:00,LOT-SUP-012-20260503-011,SUP-012,PRD-006,P02,quality_certificate,14059,QCERT-00378,e9fcef0032e7340d,ff3befdcb3f23404,SC-009
TX-0001660,2025-08-02 01:54:00,LOT-SUP-011-20250802-022,SUP-011,PRD-075,P02,material_received,10945,,ff3befdcb3f23404,2ab0fb107934abfb,SC-003
TX-0001661,2026-05-10 17:32:00,LOT-SUP-006-20260510-010,SUP-006,PRD-040,P01,finished_goods,14456,,2ab0fb107934abfb,2271d7884d0dd157,SC-002
TX-0001662,2026-07-14 23:36:00,LOT-SUP-010-20260714-057,SUP-010,PRD-076,P01,quality_certificate,6778,QCERT-00722,2271d7884d0dd157,4ef9c2d4151da1b6,SC-010
TX-0001663,2026-06-10 21:26:00,LOT-SUP-003-20260610-010,SUP-003,PRD-071,P02,line_release,2246,QCERT-00682,4ef9c2d4151da1b6,6dd7b37a9bdca0cf,SC-003
TX-0001664,2026-01-02 13:27:00,LOT-SUP-006-20260102-010,SUP-006,PRD-040,P01,finished_goods,13729,,6dd7b37a9bdca0cf,27d75167421d1091,SC-010
TX-0001665,2026-06-21 11:37:00,LOT-SUP-003-20260621-036,SUP-003,PRD-020,P03,finished_goods,16898,,27d75167421d1091,714ea359fb7ba3ad,SC-002
TX-0001666,2026-06-21 13:50:00,LOT-SUP-009-20260621-026,SUP-009,PRD-034,P02,shipment_handover,8632,,714ea359fb7ba3ad,ab3df3e2d5d906be,SC-003
TX-0001667,2026-06-07 14:58:00,LOT-SUP-008-20260607-056,SUP-008,PRD-002,P03,material_received,10394,,ab3df3e2d5d906be,89562ced6f6d227c,SC-009
TX-0001668,2026-02-22 23:04:00,LOT-SUP-003-20260222-006,SUP-003,PRD-078,P02,material_received,23255,,89562ced6f6d227c,93d11bf7f53e4e0c,SC-004
TX-0001669,2025-11-28 21:21:00,LOT-SUP-014-20251128-004,SUP-014,PRD-029,P02,material_received,19410,,93d11bf7f53e4e0c,6ef96fe3e9e5a834,SC-005
TX-0001670,2026-06-13 19:22:00,LOT-SUP-010-20260613-021,SUP-010,PRD-028,P03,quality_certificate,24939,QCERT-00436,6ef96fe3e9e5a834,e6954aadd680307d,SC-008
TX-0001671,2026-03-17 19:51:00,LOT-SUP-005-20260317-060,SUP-005,PRD-041,P01,finished_goods,18834,,e6954aadd680307d,0c6b2dcb76263971,SC-009
TX-0001672,2026-07-24 02:10:00,LOT-SUP-015-20260724-032,SUP-015,PRD-013,P02,material_received,5914,,0c6b2dcb76263971,4da952e30da65ca4,SC-008
TX-0001673,2026-06-13 02:40:00,LOT-SUP-009-20260613-011,SUP-009,PRD-018,P03,material_received,18597,,4da952e30da65ca4,4c7971e24ef00792,SC-010
TX-0001674,2026-07-29 10:41:00,LOT-SUP-015-20260729-029,SUP-015,PRD-047,P03,quality_certificate,4190,QCERT-00026,4c7971e24ef00792,2f8c02bf640efd59,SC-002
TX-0001675,2026-04-11 15:42:00,LOT-SUP-014-20260411-013,SUP-014,PRD-025,P02,line_release,16550,QCERT-00458,2f8c02bf640efd59,7977d0c1000d560b,SC-009
TX-0001676,2025-08-27 00:07:00,LOT-SUP-009-20250827-039,SUP-009,PRD-032,P01,quality_certificate,8480,QCERT-00818,7977d0c1000d560b,99206ab43d0db06c,SC-007
TX-0001677,2026-03-03 16:43:00,LOT-SUP-012-20260303-051,SUP-012,PRD-015,P02,quality_certificate,15042,QCERT-00441,99206ab43d0db06c,c553543a20876a00,SC-007
TX-0001678,2026-06-11 06:00:00,LOT-SUP-009-20260611-034,SUP-009,PRD-018,P03,line_release,20392,QCERT-00001,c553543a20876a00,2ca7180dfc8b7e4d,SC-007
TX-0001679,2025-08-06 21:46:00,LOT-SUP-001-20250806-012,SUP-001,PRD-068,P03,material_received,18197,,2ca7180dfc8b7e4d,99d7d512b7441ad4,SC-002
TX-0001680,2025-09-17 15:22:00,LOT-SUP-009-20250917-041,SUP-009,PRD-034,P02,material_received,10716,,99d7d512b7441ad4,b33eff5f566b5d39,SC-011
TX-0001681,2025-10-30 08:01:00,LOT-SUP-003-20251030-043,SUP-003,PRD-071,P01,line_release,13892,QCERT-00440,b33eff5f566b5d39,bcbb0f532cec7f7d,SC-011
TX-0001682,2026-06-18 14:40:00,LOT-SUP-013-20260618-051,SUP-013,PRD-079,P01,finished_goods,21786,,bcbb0f532cec7f7d,d37a2667bd05ce1e,SC-001
TX-0001683,2025-08-30 15:47:00,LOT-SUP-016-20250830-036,SUP-016,PRD-063,P01,material_received,14783,,d37a2667bd05ce1e,d0f971d4997de5ed,SC-008
TX-0001684,2025-09-23 16:53:00,LOT-SUP-015-20250923-034,SUP-015,PRD-021,P03,quality_certificate,21502,QCERT-00349,d0f971d4997de5ed,e443df61a4963b05,SC-008
TX-0001685,2025-12-19 10:59:00,LOT-SUP-008-20251219-048,SUP-008,PRD-044,P02,finished_goods,24795,,e443df61a4963b05,f02670df60557d55,SC-012
TX-0001686,2026-02-03 16:56:00,LOT-SUP-005-20260203-034,SUP-005,PRD-014,P01,line_release,19952,QCERT-00892,f02670df60557d55,a792a94e879cfc7d,SC-006
TX-0001687,2026-06-07 13:40:00,LOT-SUP-008-20260607-004,SUP-008,PRD-037,P02,material_received,7412,,a792a94e879cfc7d,63755a981ccf6d6e,SC-008
TX-0001688,2026-04-15 02:21:00,LOT-SUP-016-20260415-028,SUP-016,PRD-080,P03,quality_certificate,22317,QCERT-00784,63755a981ccf6d6e,a6e6d69dd1891ee2,SC-011
TX-0001689,2025-11-07 12:04:00,LOT-SUP-010-20251107-019,SUP-010,PRD-010,P03,line_release,21714,QCERT-00512,a6e6d69dd1891ee2,47b171ee502bbd44,SC-001
TX-0001690,2025-12-22 16:45:00,LOT-SUP-009-20251222-049,SUP-009,PRD-034,P01,line_release,15267,QCERT-00607,47b171ee502bbd44,ba0e8e721e317ed2,SC-004
TX-0001691,2025-10-26 11:34:00,LOT-SUP-004-20251026-056,SUP-004,PRD-059,P02,shipment_handover,10035,,ba0e8e721e317ed2,5ac3bae42229eb6a,SC-005
TX-0001692,2025-09-02 22:02:00,LOT-SUP-008-20250902-022,SUP-008,PRD-026,P03,material_received,7374,,5ac3bae42229eb6a,565c9f401a69109f,SC-002
TX-0001693,2025-11-08 07:20:00,LOT-SUP-004-20251108-006,SUP-004,PRD-057,P03,shipment_handover,23933,,565c9f401a69109f,a269e2242193c843,SC-001
TX-0001694,2026-03-25 19:21:00,LOT-SUP-005-20260325-011,SUP-005,PRD-014,P02,finished_goods,3517,,a269e2242193c843,3260e00b1b178b1c,SC-007
TX-0001695,2025-10-09 10:42:00,LOT-SUP-008-20251009-054,SUP-008,PRD-026,P02,line_release,24548,QCERT-00125,3260e00b1b178b1c,8c24066e940fad4a,SC-003
TX-0001696,2026-01-19 12:14:00,LOT-SUP-013-20260119-011,SUP-013,PRD-054,P01,material_received,12823,,8c24066e940fad4a,3f8fe23a5222fcb5,SC-007
TX-0001697,2026-06-26 09:05:00,LOT-SUP-001-20260626-019,SUP-001,PRD-046,P01,finished_goods,18909,,3f8fe23a5222fcb5,59bf00f65b4ce208,SC-012
TX-0001698,2025-08-03 21:20:00,LOT-SUP-003-20250803-031,SUP-003,PRD-060,P01,material_received,10077,,59bf00f65b4ce208,5e220db2ad737c12,SC-012
TX-0001699,2026-01-12 20:58:00,LOT-SUP-009-20260112-033,SUP-009,PRD-077,P03,finished_goods,8870,,5e220db2ad737c12,0387eb53aca8bd7e,SC-004
TX-0001700,2026-04-01 08:15:00,LOT-SUP-013-20260401-011,SUP-013,PRD-054,P03,material_received,13342,,0387eb53aca8bd7e,1b1af2360e586c5d,SC-003
TX-0001701,2026-06-11 20:36:00,LOT-SUP-003-20260611-030,SUP-003,PRD-035,P02,material_received,2812,,1b1af2360e586c5d,a32bc83ef90530c1,SC-012
TX-0001702,2026-03-01 03:12:00,LOT-SUP-006-20260301-041,SUP-006,PRD-049,P03,shipment_handover,3252,,a32bc83ef90530c1,cdfedfe1d0a9e4e0,SC-003
TX-0001703,2026-02-08 15:03:00,LOT-SUP-012-20260208-053,SUP-012,PRD-012,P03,material_received,19145,,cdfedfe1d0a9e4e0,62e2ede77dd5353b,SC-010
TX-0001704,2025-11-24 02:49:00,LOT-SUP-004-20251124-002,SUP-004,PRD-069,P02,quality_certificate,593,QCERT-00811,62e2ede77dd5353b,e1055e285d2f4281,SC-004
TX-0001705,2025-10-07 12:55:00,LOT-SUP-005-20251007-044,SUP-005,PRD-038,P01,line_release,8714,QCERT-00308,e1055e285d2f4281,8f45a8daf8bb47e4,SC-009
TX-0001706,2026-02-09 20:34:00,LOT-SUP-005-20260209-060,SUP-005,PRD-038,P03,line_release,6565,QCERT-00170,8f45a8daf8bb47e4,05be667a646f31ad,SC-004
TX-0001707,2026-03-12 21:26:00,LOT-SUP-015-20260312-007,SUP-015,PRD-013,P02,quality_certificate,10882,QCERT-00401,05be667a646f31ad,15c37b5731b08a56,SC-001
TX-0001708,2025-11-20 17:51:00,LOT-SUP-009-20251120-034,SUP-009,PRD-048,P03,line_release,16125,QCERT-00737,15c37b5731b08a56,43c10089afda2a53,SC-011
TX-0001709,2026-02-13 01:23:00,LOT-SUP-009-20260213-007,SUP-009,PRD-034,P03,quality_certificate,8509,QCERT-00734,43c10089afda2a53,48d289679d570932,SC-002
TX-0001710,2026-02-28 03:50:00,LOT-SUP-014-20260228-020,SUP-014,PRD-036,P03,material_received,12746,,48d289679d570932,75416167f2174369,SC-006
TX-0001711,2026-04-07 10:02:00,LOT-SUP-009-20260407-045,SUP-009,PRD-018,P01,line_release,19703,QCERT-00835,75416167f2174369,3bef395d25d7574b,SC-010
TX-0001712,2025-08-08 10:41:00,LOT-SUP-015-20250808-037,SUP-015,PRD-013,P03,finished_goods,1093,,3bef395d25d7574b,75f364b16f24478e,SC-004
TX-0001713,2025-08-04 08:54:00,LOT-SUP-012-20250804-054,SUP-012,PRD-006,P01,line_release,23407,QCERT-00383,75f364b16f24478e,556a89bf9e8f4c04,SC-005
TX-0001714,2026-01-20 19:09:00,LOT-SUP-008-20260120-036,SUP-008,PRD-026,P01,line_release,5346,QCERT-00637,556a89bf9e8f4c04,13fb44d6d1b07eda,SC-010
TX-0001715,2025-10-06 20:12:00,LOT-SUP-002-20251006-005,SUP-002,PRD-001,P03,finished_goods,3226,,13fb44d6d1b07eda,810038c3380f3428,SC-003
TX-0001716,2025-11-22 11:35:00,LOT-SUP-015-20251122-031,SUP-015,PRD-047,P02,line_release,16091,QCERT-00489,810038c3380f3428,42c02de787da8d36,SC-012
TX-0001717,2025-08-27 02:15:00,LOT-SUP-005-20250827-050,SUP-005,PRD-023,P02,quality_certificate,1393,QCERT-00253,42c02de787da8d36,d166b802ec1ba6d4,SC-005
TX-0001718,2025-09-06 09:08:00,LOT-SUP-009-20250906-038,SUP-009,PRD-051,P03,shipment_handover,21657,,d166b802ec1ba6d4,680afc1e329bb5c9,SC-006
TX-0001719,2025-09-27 13:52:00,LOT-SUP-008-20250927-009,SUP-008,PRD-026,P01,quality_certificate,13437,QCERT-00348,680afc1e329bb5c9,e124d6e8a564d4d7,SC-011
TX-0001720,2026-03-30 11:42:00,LOT-SUP-016-20260330-054,SUP-016,PRD-043,P01,shipment_handover,18789,,e124d6e8a564d4d7,d97e6915792f3022,SC-011
TX-0001721,2025-10-04 05:15:00,LOT-SUP-008-20251004-052,SUP-008,PRD-002,P01,material_received,6616,,d97e6915792f3022,5ab0c48675903cad,SC-001
TX-0001722,2026-03-13 14:54:00,LOT-SUP-002-20260313-025,SUP-002,PRD-042,P02,finished_goods,5760,,5ab0c48675903cad,47b7c2b6fd758685,SC-009
TX-0001723,2026-07-25 01:13:00,LOT-SUP-006-20260725-056,SUP-006,PRD-040,P02,material_received,5318,,47b7c2b6fd758685,c5108e10866221ee,SC-005
TX-0001724,2026-02-22 01:12:00,LOT-SUP-017-20260222-027,SUP-017,PRD-009,P02,material_received,20946,,c5108e10866221ee,09b36987c9f4c1c3,SC-005
TX-0001725,2025-12-10 00:06:00,LOT-SUP-005-20251210-043,SUP-005,PRD-023,P01,material_received,19679,,09b36987c9f4c1c3,4b5a6c756bd2b400,SC-008
TX-0001726,2026-02-21 22:08:00,LOT-SUP-009-20260221-033,SUP-009,PRD-048,P01,material_received,4544,,4b5a6c756bd2b400,e6e52e1a2fa6fbdb,SC-004
TX-0001727,2026-02-10 17:09:00,LOT-SUP-012-20260210-058,SUP-012,PRD-015,P01,line_release,5557,QCERT-00260,e6e52e1a2fa6fbdb,9fc0c2f8ab6a80ad,SC-006
TX-0001728,2026-06-13 06:54:00,LOT-SUP-001-20260613-036,SUP-001,PRD-046,P01,finished_goods,14885,,9fc0c2f8ab6a80ad,e53b8d555c20e9ca,SC-010
TX-0001729,2026-07-01 18:00:00,LOT-SUP-001-20260701-030,SUP-001,PRD-011,P02,finished_goods,21432,,e53b8d555c20e9ca,f50f2246610712d5,SC-004
TX-0001730,2025-12-22 07:17:00,LOT-SUP-003-20251222-054,SUP-003,PRD-072,P03,line_release,1646,QCERT-00887,f50f2246610712d5,043395ee9aba20cf,SC-009
TX-0001731,2025-11-17 20:51:00,LOT-SUP-004-20251117-035,SUP-004,PRD-069,P01,material_received,627,,043395ee9aba20cf,8bef3fe5d7c5f779,SC-012
TX-0001732,2026-03-28 20:05:00,LOT-SUP-014-20260328-038,SUP-014,PRD-025,P03,shipment_handover,17280,,8bef3fe5d7c5f779,bae33d6b5dd8c993,SC-008
TX-0001733,2026-07-03 16:06:00,LOT-SUP-016-20260703-044,SUP-016,PRD-063,P02,quality_certificate,19676,QCERT-00175,bae33d6b5dd8c993,d941dc5a2c6955cf,SC-012
TX-0001734,2026-06-13 10:55:00,LOT-SUP-005-20260613-037,SUP-005,PRD-022,P01,material_received,14902,,d941dc5a2c6955cf,1028484c783ab8df,SC-003
TX-0001735,2026-04-04 04:45:00,LOT-SUP-009-20260404-048,SUP-009,PRD-048,P02,material_received,21838,,1028484c783ab8df,db1c0bfeca47f9b8,SC-008
TX-0001736,2026-05-09 03:41:00,LOT-SUP-005-20260509-045,SUP-005,PRD-041,P02,material_received,19518,,db1c0bfeca47f9b8,3585cfd9e02243c2,SC-011
TX-0001737,2026-01-16 13:50:00,LOT-SUP-004-20260116-041,SUP-004,PRD-050,P02,material_received,20114,,3585cfd9e02243c2,820d6d47c24ea7d3,SC-006
TX-0001738,2025-09-19 03:40:00,LOT-SUP-010-20250919-003,SUP-010,PRD-010,P02,line_release,18103,QCERT-00804,820d6d47c24ea7d3,2a7b3d4c95f8b231,SC-011
TX-0001739,2025-12-18 06:51:00,LOT-SUP-010-20251218-019,SUP-010,PRD-056,P02,finished_goods,23587,,2a7b3d4c95f8b231,e09f74fb48500d9c,SC-010
TX-0001740,2026-05-24 10:57:00,LOT-SUP-002-20260524-030,SUP-002,PRD-064,P01,line_release,16526,QCERT-00789,e09f74fb48500d9c,d3c4492bb7fc4ebf,SC-006
TX-0001741,2026-01-21 16:04:00,LOT-SUP-008-20260121-018,SUP-008,PRD-026,P01,material_received,23052,,d3c4492bb7fc4ebf,5c6044740aef2de4,SC-003
TX-0001742,2025-08-31 23:15:00,LOT-SUP-014-20250831-048,SUP-014,PRD-036,P01,finished_goods,14618,,5c6044740aef2de4,4d8803974d503dd0,SC-009
TX-0001743,2025-12-09 21:02:00,LOT-SUP-003-20251209-054,SUP-003,PRD-072,P01,line_release,9844,QCERT-00460,4d8803974d503dd0,0e71adc81c85b382,SC-006
TX-0001744,2026-03-02 01:29:00,LOT-SUP-005-20260302-004,SUP-005,PRD-014,P02,line_release,1399,QCERT-00127,0e71adc81c85b382,77e1d3558f9333ef,SC-011
TX-0001745,2025-09-17 10:42:00,LOT-SUP-002-20250917-037,SUP-002,PRD-064,P02,quality_certificate,10607,QCERT-00503,77e1d3558f9333ef,3d823561687226a4,SC-002
TX-0001746,2025-11-13 10:22:00,LOT-SUP-010-20251113-026,SUP-010,PRD-010,P03,finished_goods,6647,,3d823561687226a4,28a0cf1f8eeb11a6,SC-001
TX-0001747,2025-11-12 21:59:00,LOT-SUP-002-20251112-051,SUP-002,PRD-027,P01,material_received,23130,,28a0cf1f8eeb11a6,2e48ad283c47335a,SC-009
TX-0001748,2026-05-30 00:04:00,LOT-SUP-003-20260530-037,SUP-003,PRD-020,P02,finished_goods,3865,,2e48ad283c47335a,b4f82ac3ee79fcdd,SC-009
TX-0001749,2026-07-03 00:32:00,LOT-SUP-012-20260703-014,SUP-012,PRD-015,P02,shipment_handover,13479,,b4f82ac3ee79fcdd,fd775aff706a2687,SC-009
TX-0001750,2026-01-05 06:49:00,LOT-SUP-003-20260105-033,SUP-003,PRD-072,P01,material_received,21760,,fd775aff706a2687,e44fd2c001ca8244,SC-011
TX-0001751,2025-11-02 19:56:00,LOT-SUP-009-20251102-058,SUP-009,PRD-018,P01,material_received,5165,,e44fd2c001ca8244,425d8d019f28fc15,SC-007
TX-0001752,2026-06-04 15:57:00,LOT-SUP-015-20260604-055,SUP-015,PRD-031,P03,shipment_handover,9650,,425d8d019f28fc15,daf3ca5573737ab5,SC-010
TX-0001753,2025-11-10 01:02:00,LOT-SUP-010-20251110-060,SUP-010,PRD-028,P03,line_release,21298,QCERT-00192,daf3ca5573737ab5,e2c22abfdac60633,SC-011
TX-0001754,2026-03-04 10:38:00,LOT-SUP-002-20260304-033,SUP-002,PRD-064,P03,finished_goods,13241,,e2c22abfdac60633,dfe70115a3498cf0,SC-012
TX-0001755,2026-06-28 22:59:00,LOT-SUP-013-20260628-004,SUP-013,PRD-058,P02,quality_certificate,5045,QCERT-00065,dfe70115a3498cf0,c95bbcf9332d846f,SC-011
TX-0001756,2025-08-20 12:01:00,LOT-SUP-018-20250820-011,SUP-018,PRD-019,P02,material_received,741,,c95bbcf9332d846f,1a9906a33be69a32,SC-010
TX-0001757,2026-03-30 17:34:00,LOT-SUP-009-20260330-010,SUP-009,PRD-039,P03,line_release,14897,QCERT-00137,1a9906a33be69a32,b07fb7e6a637cf89,SC-008
TX-0001758,2026-07-20 15:29:00,LOT-SUP-014-20260720-042,SUP-014,PRD-029,P02,quality_certificate,1571,QCERT-00378,b07fb7e6a637cf89,ae65a808a9632899,SC-001
TX-0001759,2026-03-27 00:45:00,LOT-SUP-013-20260327-060,SUP-013,PRD-062,P02,finished_goods,15441,,ae65a808a9632899,c1b7988acf4d771a,SC-010
TX-0001760,2025-10-24 04:58:00,LOT-SUP-015-20251024-028,SUP-015,PRD-074,P02,shipment_handover,16842,,c1b7988acf4d771a,2fe5b48b324c9b70,SC-012
TX-0001761,2026-06-16 20:49:00,LOT-SUP-013-20260616-038,SUP-013,PRD-062,P01,quality_certificate,15440,QCERT-00336,2fe5b48b324c9b70,92cba846b08b46b3,SC-011
TX-0001762,2026-05-11 13:40:00,LOT-SUP-013-20260511-060,SUP-013,PRD-079,P02,material_received,14690,,92cba846b08b46b3,f95510e78edd8dad,SC-012
TX-0001763,2025-08-13 03:07:00,LOT-SUP-013-20250813-016,SUP-013,PRD-062,P01,line_release,23608,QCERT-00840,f95510e78edd8dad,ab16849ee8847abf,SC-011
TX-0001764,2026-02-16 02:42:00,LOT-SUP-007-20260216-006,SUP-007,PRD-070,P01,material_received,23954,,ab16849ee8847abf,0663814a8c2e66c6,SC-001
TX-0001765,2026-04-25 06:39:00,LOT-SUP-004-20260425-001,SUP-004,PRD-050,P02,quality_certificate,18375,QCERT-00161,0663814a8c2e66c6,6451b5d1805dae73,SC-001
TX-0001766,2026-03-29 14:09:00,LOT-SUP-004-20260329-045,SUP-004,PRD-066,P03,shipment_handover,21229,,6451b5d1805dae73,a815f8919110a272,SC-001
TX-0001767,2026-03-29 08:15:00,LOT-SUP-001-20260329-037,SUP-001,PRD-046,P02,finished_goods,19668,,a815f8919110a272,0e57459408118eed,SC-012
TX-0001768,2026-06-05 18:13:00,LOT-SUP-005-20260605-056,SUP-005,PRD-024,P02,finished_goods,11358,,0e57459408118eed,d46024ce98e40115,SC-012
TX-0001769,2026-06-29 11:36:00,LOT-SUP-015-20260629-027,SUP-015,PRD-074,P03,line_release,5324,QCERT-00844,d46024ce98e40115,e2fc0ac94d999880,SC-002
TX-0001770,2026-06-13 12:45:00,LOT-SUP-014-20260613-018,SUP-014,PRD-036,P02,quality_certificate,17423,QCERT-00850,e2fc0ac94d999880,4723e1a90147b9ce,SC-006
TX-0001771,2025-11-26 21:49:00,LOT-SUP-016-20251126-020,SUP-016,PRD-043,P03,line_release,9121,QCERT-00488,4723e1a90147b9ce,f5b437b76e773194,SC-009
TX-0001772,2026-07-15 17:23:00,LOT-SUP-001-20260715-054,SUP-001,PRD-068,P02,line_release,17017,QCERT-00050,f5b437b76e773194,8f847fd0f914ca81,SC-010
TX-0001773,2025-08-03 02:37:00,LOT-SUP-003-20250803-041,SUP-003,PRD-035,P03,line_release,3773,QCERT-00837,8f847fd0f914ca81,af30e387be5ff060,SC-008
TX-0001774,2026-02-12 13:37:00,LOT-SUP-009-20260212-023,SUP-009,PRD-048,P01,shipment_handover,19179,,af30e387be5ff060,52be29d87c3a4a23,SC-003
TX-0001775,2026-02-09 19:49:00,LOT-SUP-014-20260209-044,SUP-014,PRD-029,P03,line_release,14125,QCERT-00516,52be29d87c3a4a23,a09bbe2e96a5d9b7,SC-007
TX-0001776,2026-01-07 20:38:00,LOT-SUP-015-20260107-001,SUP-015,PRD-004,P01,material_received,7179,,a09bbe2e96a5d9b7,2d00d43b33272d8e,SC-009
TX-0001777,2026-05-08 06:55:00,LOT-SUP-001-20260508-030,SUP-001,PRD-011,P01,material_received,20180,,2d00d43b33272d8e,197b5e62461c3753,SC-001
TX-0001778,2026-06-04 18:12:00,LOT-SUP-004-20260604-019,SUP-004,PRD-050,P03,material_received,21810,,197b5e62461c3753,86d287383a301693,SC-001
TX-0001779,2026-01-31 08:02:00,LOT-SUP-006-20260131-046,SUP-006,PRD-065,P01,material_received,9934,,86d287383a301693,68513394afd849c4,SC-010
TX-0001780,2026-05-16 01:33:00,LOT-SUP-017-20260516-052,SUP-017,PRD-030,P03,line_release,19491,QCERT-00210,68513394afd849c4,4d761cac0f1c6d81,SC-001
TX-0001781,2025-11-01 02:21:00,LOT-SUP-015-20251101-052,SUP-015,PRD-074,P02,material_received,16897,,4d761cac0f1c6d81,7e55a4daab99f8f6,SC-012
TX-0001782,2026-06-10 00:13:00,LOT-SUP-009-20260610-030,SUP-009,PRD-034,P03,line_release,16915,QCERT-00723,7e55a4daab99f8f6,b24bbb86be952649,SC-011
TX-0001783,2025-10-02 16:27:00,LOT-SUP-015-20251002-052,SUP-015,PRD-074,P03,quality_certificate,13452,QCERT-00228,b24bbb86be952649,28a5762f8ad46fd0,SC-004
TX-0001784,2026-02-21 17:51:00,LOT-SUP-008-20260221-017,SUP-008,PRD-007,P01,line_release,14325,QCERT-00218,28a5762f8ad46fd0,2ec26c74bbfdec98,SC-003
TX-0001785,2025-12-27 09:09:00,LOT-SUP-012-20251227-009,SUP-012,PRD-015,P03,finished_goods,11952,,2ec26c74bbfdec98,edf628d2378c564e,SC-006
TX-0001786,2026-07-05 02:06:00,LOT-SUP-005-20260705-044,SUP-005,PRD-014,P03,finished_goods,7623,,edf628d2378c564e,988472ede9b5ea9e,SC-012
TX-0001787,2025-11-06 03:04:00,LOT-SUP-001-20251106-048,SUP-001,PRD-011,P02,material_received,16502,,988472ede9b5ea9e,f42a06341b5e4c8d,SC-004
TX-0001788,2026-05-12 06:22:00,LOT-SUP-009-20260512-005,SUP-009,PRD-077,P03,line_release,15177,QCERT-00216,f42a06341b5e4c8d,51e58997c3ad3dfa,SC-001
TX-0001789,2025-12-23 07:45:00,LOT-SUP-009-20251223-020,SUP-009,PRD-032,P03,line_release,2764,QCERT-00774,51e58997c3ad3dfa,24b7ebe6f5fff00c,SC-001
TX-0001790,2026-06-09 21:13:00,LOT-SUP-016-20260609-029,SUP-016,PRD-008,P03,finished_goods,5508,,24b7ebe6f5fff00c,ffdf8d94b5c9c4ea,SC-005
TX-0001791,2025-08-26 20:44:00,LOT-SUP-016-20250826-006,SUP-016,PRD-008,P01,quality_certificate,19080,QCERT-00313,ffdf8d94b5c9c4ea,db37af3dc042572b,SC-011
TX-0001792,2026-07-21 02:55:00,LOT-SUP-013-20260721-058,SUP-013,PRD-054,P02,material_received,4475,,db37af3dc042572b,7c00732529516d7a,SC-009
TX-0001793,2026-04-29 10:24:00,LOT-SUP-001-20260429-011,SUP-001,PRD-046,P02,shipment_handover,1841,,7c00732529516d7a,62f35655b9ca5024,SC-004
TX-0001794,2025-12-07 14:33:00,LOT-SUP-016-20251207-012,SUP-016,PRD-043,P01,shipment_handover,14724,,62f35655b9ca5024,c6f3abe1371f8225,SC-010
TX-0001795,2025-09-12 05:35:00,LOT-SUP-015-20250912-019,SUP-015,PRD-003,P03,finished_goods,10439,,c6f3abe1371f8225,b8447a11fd1ff675,SC-009
TX-0001796,2025-12-14 02:36:00,LOT-SUP-002-20251214-025,SUP-002,PRD-042,P03,finished_goods,3288,,b8447a11fd1ff675,fbca53d1c7902b62,SC-006
TX-0001797,2026-01-05 10:16:00,LOT-SUP-013-20260105-003,SUP-013,PRD-054,P02,line_release,12957,QCERT-00636,fbca53d1c7902b62,c384426282901d07,SC-002
TX-0001798,2026-04-30 13:16:00,LOT-SUP-015-20260430-033,SUP-015,PRD-031,P03,shipment_handover,12422,,c384426282901d07,6ea22951746d2b39,SC-005
TX-0001799,2025-11-05 09:50:00,LOT-SUP-004-20251105-002,SUP-004,PRD-069,P01,material_received,23340,,6ea22951746d2b39,dcdeaba81571dfeb,SC-011
TX-0001800,2025-10-24 05:28:00,LOT-SUP-005-20251024-020,SUP-005,PRD-024,P02,quality_certificate,24169,QCERT-00303,dcdeaba81571dfeb,1d9ace591cb65810,SC-003
TX-0001801,2025-10-17 16:27:00,LOT-SUP-013-20251017-035,SUP-013,PRD-079,P03,material_received,10042,,1d9ace591cb65810,f1bef82d2d8dd086,SC-010
TX-0001802,2026-07-02 09:19:00,LOT-SUP-005-20260702-038,SUP-005,PRD-024,P03,line_release,21446,QCERT-00517,f1bef82d2d8dd086,d51e549a14c29373,SC-008
TX-0001803,2026-01-17 11:10:00,LOT-SUP-009-20260117-010,SUP-009,PRD-051,P03,shipment_handover,14518,,d51e549a14c29373,47ba08ca9338475e,SC-003
TX-0001804,2026-04-21 21:20:00,LOT-SUP-016-20260421-026,SUP-016,PRD-063,P01,finished_goods,8291,,47ba08ca9338475e,01ec8afdabd38129,SC-011
TX-0001805,2026-01-20 23:50:00,LOT-SUP-008-20260120-051,SUP-008,PRD-037,P03,line_release,4016,QCERT-00770,01ec8afdabd38129,db77fbb2cefa4125,SC-004
TX-0001806,2025-09-06 13:28:00,LOT-SUP-010-20250906-009,SUP-010,PRD-028,P01,quality_certificate,3905,QCERT-00525,db77fbb2cefa4125,6ccdc91ded2d9063,SC-007
TX-0001807,2026-01-30 06:12:00,LOT-SUP-014-20260130-018,SUP-014,PRD-025,P03,line_release,2915,QCERT-00023,6ccdc91ded2d9063,cebf8a2f3a3148f1,SC-002
TX-0001808,2026-06-25 03:59:00,LOT-SUP-017-20260625-021,SUP-017,PRD-061,P02,line_release,10353,QCERT-00739,cebf8a2f3a3148f1,9165f656595119b3,SC-003
TX-0001809,2026-04-03 12:09:00,LOT-SUP-009-20260403-005,SUP-009,PRD-051,P02,line_release,4453,QCERT-00764,9165f656595119b3,37a79ce26c091cbc,SC-001
TX-0001810,2025-11-06 04:22:00,LOT-SUP-004-20251106-010,SUP-004,PRD-066,P01,quality_certificate,1260,QCERT-00476,37a79ce26c091cbc,1344234484b721ab,SC-007
TX-0001811,2025-08-21 18:41:00,LOT-SUP-015-20250821-026,SUP-015,PRD-013,P03,material_received,3391,,1344234484b721ab,a80b02ddbfb861dc,SC-009
TX-0001812,2026-04-01 05:01:00,LOT-SUP-005-20260401-034,SUP-005,PRD-038,P02,line_release,15489,QCERT-00109,a80b02ddbfb861dc,31a2df452c87b9dc,SC-006
TX-0001813,2025-12-23 22:48:00,LOT-SUP-010-20251223-052,SUP-010,PRD-028,P01,quality_certificate,11701,QCERT-00164,31a2df452c87b9dc,5454c355be1ea2d1,SC-001
TX-0001814,2026-03-08 22:02:00,LOT-SUP-005-20260308-027,SUP-005,PRD-023,P03,quality_certificate,15539,QCERT-00711,5454c355be1ea2d1,d7e18ce3a7a213f1,SC-007
TX-0001815,2026-02-28 22:01:00,LOT-SUP-004-20260228-038,SUP-004,PRD-059,P01,material_received,5175,,d7e18ce3a7a213f1,d012e41abc569be0,SC-001
TX-0001816,2026-05-15 08:34:00,LOT-SUP-018-20260515-035,SUP-018,PRD-019,P03,material_received,1913,,d012e41abc569be0,1b53d60a8848f0d9,SC-001
TX-0001817,2026-03-07 15:03:00,LOT-SUP-005-20260307-031,SUP-005,PRD-005,P01,material_received,6929,,1b53d60a8848f0d9,a19961f80dcb7000,SC-005
TX-0001818,2026-04-25 22:36:00,LOT-SUP-016-20260425-031,SUP-016,PRD-063,P02,material_received,11721,,a19961f80dcb7000,876bb02c66f79b66,SC-005
TX-0001819,2025-10-10 17:57:00,LOT-SUP-001-20251010-039,SUP-001,PRD-067,P02,shipment_handover,14247,,876bb02c66f79b66,bcb61fe315cdca0d,SC-012
TX-0001820,2025-12-23 14:33:00,LOT-SUP-012-20251223-034,SUP-012,PRD-012,P03,quality_certificate,2674,QCERT-00239,bcb61fe315cdca0d,c8bb9bc51e9487f6,SC-004
TX-0001821,2026-06-05 03:46:00,LOT-SUP-003-20260605-054,SUP-003,PRD-020,P01,line_release,8937,QCERT-00040,c8bb9bc51e9487f6,78b3122d35fca82a,SC-005
TX-0001822,2026-07-29 12:07:00,LOT-SUP-002-20260729-019,SUP-002,PRD-064,P03,line_release,15343,QCERT-00187,78b3122d35fca82a,52d6f8841353e3fd,SC-007
TX-0001823,2025-11-12 16:53:00,LOT-SUP-009-20251112-003,SUP-009,PRD-039,P01,finished_goods,24430,,52d6f8841353e3fd,dbdbbd8c9fe1016f,SC-006
TX-0001824,2025-12-08 06:18:00,LOT-SUP-017-20251208-019,SUP-017,PRD-061,P01,line_release,19023,QCERT-00027,dbdbbd8c9fe1016f,2f22bf6f5d629bd1,SC-012
TX-0001825,2025-10-28 16:28:00,LOT-SUP-009-20251028-029,SUP-009,PRD-034,P01,quality_certificate,24484,QCERT-00268,2f22bf6f5d629bd1,c7bc74728ba1ead1,SC-010
TX-0001826,2025-11-08 19:04:00,LOT-SUP-001-20251108-001,SUP-001,PRD-068,P02,shipment_handover,23388,,c7bc74728ba1ead1,5cf48c6c04204a0d,SC-007
TX-0001827,2026-06-10 20:29:00,LOT-SUP-009-20260610-045,SUP-009,PRD-051,P02,quality_certificate,12209,QCERT-00225,5cf48c6c04204a0d,2234b11742a6f91d,SC-005
TX-0001828,2026-07-14 00:21:00,LOT-SUP-016-20260714-040,SUP-016,PRD-008,P03,finished_goods,22744,,2234b11742a6f91d,01c9cf2ae4190561,SC-003
TX-0001829,2026-03-23 16:57:00,LOT-SUP-015-20260323-037,SUP-015,PRD-021,P01,finished_goods,13676,,01c9cf2ae4190561,611c60cb8d4bcbf5,SC-011
TX-0001830,2025-09-20 17:47:00,LOT-SUP-003-20250920-055,SUP-003,PRD-020,P01,finished_goods,8940,,611c60cb8d4bcbf5,855e8eda7af76de6,SC-005
TX-0001831,2026-01-20 09:56:00,LOT-SUP-008-20260120-028,SUP-008,PRD-033,P02,quality_certificate,6484,QCERT-00484,855e8eda7af76de6,a66cdf8af4ddd9e5,SC-001
TX-0001832,2026-05-10 02:59:00,LOT-SUP-005-20260510-037,SUP-005,PRD-022,P03,line_release,23597,QCERT-00191,a66cdf8af4ddd9e5,b3e1d3a13faaa5f5,SC-004
TX-0001833,2025-10-31 15:10:00,LOT-SUP-009-20251031-027,SUP-009,PRD-018,P03,material_received,7074,,b3e1d3a13faaa5f5,1ce83d0e933beaeb,SC-008
TX-0001834,2026-04-04 21:16:00,LOT-SUP-015-20260404-031,SUP-015,PRD-013,P02,finished_goods,14942,,1ce83d0e933beaeb,6f8abb9c36a937ab,SC-003
TX-0001835,2026-07-28 20:29:00,LOT-SUP-006-20260728-059,SUP-006,PRD-040,P01,line_release,13290,QCERT-00051,6f8abb9c36a937ab,a9f088a4fdf841ef,SC-007
TX-0001836,2025-08-11 04:58:00,LOT-SUP-015-20250811-003,SUP-015,PRD-074,P02,material_received,2013,,a9f088a4fdf841ef,e1e77488b90b40c3,SC-008
TX-0001837,2026-01-08 11:12:00,LOT-SUP-009-20260108-038,SUP-009,PRD-051,P03,finished_goods,1258,,e1e77488b90b40c3,8fbce2744e65f4ee,SC-004
TX-0001838,2025-11-14 14:02:00,LOT-SUP-012-20251114-002,SUP-012,PRD-015,P02,line_release,10489,QCERT-00650,8fbce2744e65f4ee,885c584e4649b4eb,SC-008
TX-0001839,2026-04-15 05:38:00,LOT-SUP-004-20260415-001,SUP-004,PRD-057,P01,line_release,6756,QCERT-00026,885c584e4649b4eb,7b476da01663f3c7,SC-011
TX-0001840,2025-08-02 19:12:00,LOT-SUP-003-20250802-042,SUP-003,PRD-071,P03,material_received,10722,,7b476da01663f3c7,abebb84ac3880524,SC-006
TX-0001841,2026-04-03 10:16:00,LOT-SUP-003-20260403-005,SUP-003,PRD-071,P01,quality_certificate,10679,QCERT-00497,abebb84ac3880524,dd21991779959e26,SC-010
TX-0001842,2025-08-21 13:06:00,LOT-SUP-007-20250821-038,SUP-007,PRD-070,P03,material_received,3076,,dd21991779959e26,a6760e9d2533f41d,SC-001
TX-0001843,2026-05-08 09:17:00,LOT-SUP-004-20260508-059,SUP-004,PRD-050,P01,material_received,6810,,a6760e9d2533f41d,fee75bcd19a7c900,SC-001
TX-0001844,2025-09-02 01:57:00,LOT-SUP-008-20250902-036,SUP-008,PRD-026,P01,shipment_handover,1362,,fee75bcd19a7c900,168f6c85629161ff,SC-001
TX-0001845,2026-05-16 21:55:00,LOT-SUP-012-20260516-029,SUP-012,PRD-006,P02,shipment_handover,17272,,168f6c85629161ff,21c682253991aae4,SC-009
TX-0001846,2026-01-12 08:10:00,LOT-SUP-005-20260112-003,SUP-005,PRD-023,P03,quality_certificate,18170,QCERT-00373,21c682253991aae4,157cd539ce460706,SC-001
TX-0001847,2026-04-17 16:43:00,LOT-SUP-013-20260417-039,SUP-013,PRD-079,P03,material_received,7591,,157cd539ce460706,3f063d7bbfd16fcf,SC-009
TX-0001848,2026-04-13 08:03:00,LOT-SUP-015-20260413-054,SUP-015,PRD-074,P02,material_received,18396,,3f063d7bbfd16fcf,7255aa618eeb028d,SC-005
TX-0001849,2025-09-27 05:49:00,LOT-SUP-007-20250927-052,SUP-007,PRD-070,P01,material_received,20937,,7255aa618eeb028d,7846df5bb235fc37,SC-006
TX-0001850,2025-09-26 21:13:00,LOT-SUP-004-20250926-014,SUP-004,PRD-069,P03,material_received,12012,,7846df5bb235fc37,bc7c6e088a55404f,SC-007
TX-0001851,2026-02-05 00:12:00,LOT-SUP-014-20260205-023,SUP-014,PRD-029,P01,quality_certificate,18122,QCERT-00138,bc7c6e088a55404f,50052f29e5421c49,SC-002
TX-0001852,2026-03-03 19:08:00,LOT-SUP-010-20260303-001,SUP-010,PRD-056,P03,finished_goods,7153,,50052f29e5421c49,700aecf1ca0a5388,SC-001
TX-0001853,2025-10-23 17:34:00,LOT-SUP-004-20251023-019,SUP-004,PRD-069,P01,shipment_handover,21793,,700aecf1ca0a5388,2a280ecbab3d55b7,SC-005
TX-0001854,2025-09-17 16:18:00,LOT-SUP-015-20250917-057,SUP-015,PRD-013,P03,material_received,19567,,2a280ecbab3d55b7,cf9061bf77e94b98,SC-009
TX-0001855,2026-05-08 16:58:00,LOT-SUP-008-20260508-017,SUP-008,PRD-026,P02,material_received,13662,,cf9061bf77e94b98,5c8df4dacfc75d75,SC-012
TX-0001856,2025-11-15 07:15:00,LOT-SUP-018-20251115-018,SUP-018,PRD-019,P02,line_release,20975,QCERT-00847,5c8df4dacfc75d75,7a14e99f99395471,SC-008
TX-0001857,2025-08-17 19:51:00,LOT-SUP-001-20250817-016,SUP-001,PRD-046,P01,material_received,11147,,7a14e99f99395471,7ed9f2a1b0ca5f5b,SC-007
TX-0001858,2025-09-25 11:16:00,LOT-SUP-010-20250925-054,SUP-010,PRD-010,P03,quality_certificate,8195,QCERT-00589,7ed9f2a1b0ca5f5b,6eb6ed7dd582077e,SC-010
TX-0001859,2025-08-01 07:19:00,LOT-SUP-016-20250801-002,SUP-016,PRD-063,P03,finished_goods,19022,,6eb6ed7dd582077e,b5e69e49032c11c3,SC-001
TX-0001860,2026-07-19 00:24:00,LOT-SUP-016-20260719-011,SUP-016,PRD-063,P01,quality_certificate,8634,QCERT-00582,b5e69e49032c11c3,d24090f0963d9aad,SC-008
TX-0001861,2026-05-01 07:06:00,LOT-SUP-004-20260501-048,SUP-004,PRD-069,P02,material_received,11589,,d24090f0963d9aad,6c5e61c2b263ec2a,SC-006
TX-0001862,2026-07-14 12:00:00,LOT-SUP-016-20260714-044,SUP-016,PRD-080,P02,quality_certificate,15610,QCERT-00129,6c5e61c2b263ec2a,45ae33920b61b93e,SC-004
TX-0001863,2025-10-14 19:28:00,LOT-SUP-012-20251014-027,SUP-012,PRD-006,P01,material_received,20441,,45ae33920b61b93e,282ec1a12937ac5c,SC-004
TX-0001864,2025-12-07 07:23:00,LOT-SUP-007-20251207-050,SUP-007,PRD-070,P01,finished_goods,6815,,282ec1a12937ac5c,d0ef61cb3a465664,SC-011
TX-0001865,2026-02-15 13:43:00,LOT-SUP-007-20260215-025,SUP-007,PRD-070,P01,finished_goods,24275,,d0ef61cb3a465664,5b76495d804d6151,SC-010
TX-0001866,2026-03-01 07:27:00,LOT-SUP-012-20260301-032,SUP-012,PRD-012,P03,finished_goods,10258,,5b76495d804d6151,ce01eb44f7a0be6e,SC-006
TX-0001867,2025-11-06 02:28:00,LOT-SUP-004-20251106-036,SUP-004,PRD-057,P01,quality_certificate,957,QCERT-00184,ce01eb44f7a0be6e,0e43c6d2cf56fc73,SC-003
TX-0001868,2025-08-23 15:48:00,LOT-SUP-013-20250823-006,SUP-013,PRD-062,P03,material_received,18618,,0e43c6d2cf56fc73,df312093dc1362cd,SC-007
TX-0001869,2025-11-22 10:38:00,LOT-SUP-017-20251122-005,SUP-017,PRD-030,P01,quality_certificate,16348,QCERT-00337,df312093dc1362cd,77c21287fd45b8e0,SC-007
TX-0001870,2026-02-15 10:34:00,LOT-SUP-003-20260215-027,SUP-003,PRD-060,P01,material_received,3936,,77c21287fd45b8e0,6a372a85b5ce783e,SC-007
TX-0001871,2025-09-16 17:49:00,LOT-SUP-009-20250916-046,SUP-009,PRD-039,P02,material_received,11546,,6a372a85b5ce783e,b27e9e6a33ac44b7,SC-004
TX-0001872,2026-01-29 18:01:00,LOT-SUP-015-20260129-059,SUP-015,PRD-013,P02,quality_certificate,4665,QCERT-00124,b27e9e6a33ac44b7,6afd0784fdd85b40,SC-003
TX-0001873,2025-09-16 03:57:00,LOT-SUP-008-20250916-006,SUP-008,PRD-037,P03,quality_certificate,16024,QCERT-00611,6afd0784fdd85b40,cedc9d572004e46f,SC-005
TX-0001874,2025-12-02 04:59:00,LOT-SUP-013-20251202-019,SUP-013,PRD-079,P02,quality_certificate,5204,QCERT-00231,cedc9d572004e46f,b2db92b88eb107c2,SC-007
TX-0001875,2026-04-11 13:06:00,LOT-SUP-015-20260411-040,SUP-015,PRD-013,P02,quality_certificate,24614,QCERT-00601,b2db92b88eb107c2,baa4de4e97b74a1c,SC-003
TX-0001876,2025-12-14 23:10:00,LOT-SUP-007-20251214-055,SUP-007,PRD-070,P03,shipment_handover,11027,,baa4de4e97b74a1c,1cfc4e65b305f901,SC-008
TX-0001877,2026-03-01 04:45:00,LOT-SUP-003-20260301-012,SUP-003,PRD-078,P03,finished_goods,15006,,1cfc4e65b305f901,6a3ad29d7cbbdb9b,SC-004
TX-0001878,2025-08-15 19:55:00,LOT-SUP-006-20250815-032,SUP-006,PRD-065,P03,finished_goods,2467,,6a3ad29d7cbbdb9b,ac0805489dc24d0a,SC-011
TX-0001879,2025-12-11 07:07:00,LOT-SUP-007-20251211-021,SUP-007,PRD-055,P01,material_received,21110,,ac0805489dc24d0a,6e31a161ef7b3124,SC-008
TX-0001880,2026-01-10 17:26:00,LOT-SUP-009-20260110-009,SUP-009,PRD-018,P01,line_release,18576,QCERT-00058,6e31a161ef7b3124,b10b2354de1e9292,SC-007
TX-0001881,2026-07-09 14:55:00,LOT-SUP-015-20260709-025,SUP-015,PRD-047,P03,quality_certificate,15267,QCERT-00763,b10b2354de1e9292,725fe70d9c7e064f,SC-004
TX-0001882,2025-08-04 12:53:00,LOT-SUP-009-20250804-023,SUP-009,PRD-039,P02,line_release,19882,QCERT-00081,725fe70d9c7e064f,4508ec7a90b7f717,SC-012
TX-0001883,2026-04-20 22:10:00,LOT-SUP-002-20260420-023,SUP-002,PRD-001,P01,line_release,8657,QCERT-00088,4508ec7a90b7f717,0c234c4eb724dae7,SC-011
TX-0001884,2026-02-21 06:23:00,LOT-SUP-003-20260221-018,SUP-003,PRD-060,P01,line_release,17366,QCERT-00774,0c234c4eb724dae7,9a9fd68ec97701a5,SC-001
TX-0001885,2025-11-30 18:55:00,LOT-SUP-016-20251130-011,SUP-016,PRD-008,P03,quality_certificate,18928,QCERT-00295,9a9fd68ec97701a5,e17b6da981571a50,SC-005
TX-0001886,2026-05-02 23:07:00,LOT-SUP-001-20260502-001,SUP-001,PRD-046,P01,material_received,18883,,e17b6da981571a50,4311a935fd602187,SC-004
TX-0001887,2025-08-11 21:26:00,LOT-SUP-001-20250811-026,SUP-001,PRD-011,P01,finished_goods,17982,,4311a935fd602187,48bb90d3fdfc3171,SC-008
TX-0001888,2025-09-07 01:36:00,LOT-SUP-014-20250907-009,SUP-014,PRD-036,P01,shipment_handover,17969,,48bb90d3fdfc3171,763ce2422784c567,SC-010
TX-0001889,2026-06-30 12:58:00,LOT-SUP-012-20260630-010,SUP-012,PRD-012,P01,quality_certificate,15736,QCERT-00459,763ce2422784c567,63e8154693f52844,SC-010
TX-0001890,2026-04-18 05:19:00,LOT-SUP-016-20260418-016,SUP-016,PRD-080,P02,shipment_handover,810,,63e8154693f52844,465af4a0090cc604,SC-010
TX-0001891,2025-08-20 17:31:00,LOT-SUP-012-20250820-053,SUP-012,PRD-012,P03,shipment_handover,9360,,465af4a0090cc604,53c599182cd06be8,SC-008
TX-0001892,2026-02-22 04:42:00,LOT-SUP-018-20260222-040,SUP-018,PRD-019,P03,quality_certificate,24714,QCERT-00881,53c599182cd06be8,d0432fb616e54953,SC-005
TX-0001893,2025-10-20 15:51:00,LOT-SUP-016-20251020-030,SUP-016,PRD-043,P01,line_release,11785,QCERT-00652,d0432fb616e54953,9ff414fc32298f25,SC-007
TX-0001894,2026-06-12 23:51:00,LOT-SUP-002-20260612-059,SUP-002,PRD-064,P01,material_received,17825,,9ff414fc32298f25,edacb7aae11aa459,SC-010
TX-0001895,2025-12-25 03:07:00,LOT-SUP-005-20251225-002,SUP-005,PRD-038,P02,material_received,19098,,edacb7aae11aa459,b987ec634caa8368,SC-010
TX-0001896,2025-09-05 07:32:00,LOT-SUP-008-20250905-057,SUP-008,PRD-037,P02,material_received,4027,,b987ec634caa8368,d320ddff225c91b4,SC-007
TX-0001897,2026-01-29 19:44:00,LOT-SUP-003-20260129-047,SUP-003,PRD-072,P02,finished_goods,5581,,d320ddff225c91b4,382b7983b7f5de07,SC-004
TX-0001898,2026-06-18 16:46:00,LOT-SUP-013-20260618-007,SUP-013,PRD-079,P03,material_received,7884,,382b7983b7f5de07,653d405dd89153dc,SC-011
TX-0001899,2026-01-06 20:08:00,LOT-SUP-009-20260106-059,SUP-009,PRD-039,P01,material_received,14106,,653d405dd89153dc,63b720973b375c0f,SC-007
TX-0001900,2026-04-15 08:42:00,LOT-SUP-011-20260415-015,SUP-011,PRD-017,P03,line_release,16278,QCERT-00257,63b720973b375c0f,9f0b9cddae7b0079,SC-005
TX-0001901,2026-01-31 20:54:00,LOT-SUP-006-20260131-052,SUP-006,PRD-065,P01,finished_goods,20483,,9f0b9cddae7b0079,62532d88158f330f,SC-002
TX-0001902,2026-07-09 07:24:00,LOT-SUP-003-20260709-033,SUP-003,PRD-035,P03,line_release,6119,QCERT-00500,62532d88158f330f,0487018d11683a88,SC-007
TX-0001903,2025-08-20 08:30:00,LOT-SUP-009-20250820-051,SUP-009,PRD-077,P02,material_received,15538,,0487018d11683a88,54bbfadfdcf54fcf,SC-006
TX-0001904,2025-08-14 16:21:00,LOT-SUP-013-20250814-032,SUP-013,PRD-054,P01,material_received,562,,54bbfadfdcf54fcf,2ee1115193a3e1f1,SC-007
TX-0001905,2025-10-25 03:56:00,LOT-SUP-002-20251025-038,SUP-002,PRD-042,P02,finished_goods,3138,,2ee1115193a3e1f1,be4b949fbf24b3c7,SC-003
TX-0001906,2026-04-27 07:19:00,LOT-SUP-013-20260427-028,SUP-013,PRD-058,P02,finished_goods,24415,,be4b949fbf24b3c7,d3647baff2a9f19b,SC-007
TX-0001907,2025-08-15 06:10:00,LOT-SUP-010-20250815-019,SUP-010,PRD-010,P01,shipment_handover,24568,,d3647baff2a9f19b,c0e78cc6ed7a9771,SC-005
TX-0001908,2026-02-21 11:11:00,LOT-SUP-007-20260221-049,SUP-007,PRD-055,P03,shipment_handover,22243,,c0e78cc6ed7a9771,ae8a610224fb0cef,SC-009
TX-0001909,2026-04-27 04:52:00,LOT-SUP-006-20260427-013,SUP-006,PRD-040,P02,material_received,5771,,ae8a610224fb0cef,449c6dbc0c63e08a,SC-006
TX-0001910,2026-05-07 19:33:00,LOT-SUP-005-20260507-010,SUP-005,PRD-022,P03,finished_goods,7314,,449c6dbc0c63e08a,6c6d44ab3dbb1726,SC-008
TX-0001911,2025-12-18 20:26:00,LOT-SUP-010-20251218-019,SUP-010,PRD-010,P01,material_received,9709,,6c6d44ab3dbb1726,e688a6b5178157cf,SC-010
TX-0001912,2025-08-31 14:50:00,LOT-SUP-010-20250831-056,SUP-010,PRD-010,P02,line_release,20769,QCERT-00485,e688a6b5178157cf,613d8d2e9acd7d57,SC-008
TX-0001913,2025-12-18 09:31:00,LOT-SUP-004-20251218-023,SUP-004,PRD-050,P01,material_received,8638,,613d8d2e9acd7d57,4dfb78a28cf09d4f,SC-001
TX-0001914,2025-09-06 10:31:00,LOT-SUP-008-20250906-017,SUP-008,PRD-002,P03,quality_certificate,2581,QCERT-00818,4dfb78a28cf09d4f,d1e89350bbaa59c2,SC-003
TX-0001915,2026-02-13 14:55:00,LOT-SUP-004-20260213-051,SUP-004,PRD-059,P02,quality_certificate,16705,QCERT-00316,d1e89350bbaa59c2,0f0c1125740ada27,SC-003
TX-0001916,2025-10-17 17:50:00,LOT-SUP-010-20251017-055,SUP-010,PRD-010,P03,line_release,20334,QCERT-00469,0f0c1125740ada27,909bfe92fb3d2dae,SC-007
TX-0001917,2026-04-24 16:00:00,LOT-SUP-009-20260424-045,SUP-009,PRD-032,P02,material_received,17532,,909bfe92fb3d2dae,7aa9bdf2e0c8fd93,SC-011
TX-0001918,2026-03-21 00:13:00,LOT-SUP-015-20260321-005,SUP-015,PRD-074,P01,quality_certificate,6305,QCERT-00202,7aa9bdf2e0c8fd93,4c4d16f8df7b8baf,SC-011
TX-0001919,2026-04-16 21:17:00,LOT-SUP-004-20260416-044,SUP-004,PRD-066,P01,quality_certificate,9393,QCERT-00169,4c4d16f8df7b8baf,ca2dec74e9e81dc0,SC-010
TX-0001920,2026-07-30 06:43:00,LOT-SUP-005-20260730-037,SUP-005,PRD-005,P03,material_received,24535,,ca2dec74e9e81dc0,ac9a4131c9e879ab,SC-001
TX-0001921,2026-01-16 20:05:00,LOT-SUP-010-20260116-041,SUP-010,PRD-045,P02,line_release,13999,QCERT-00327,ac9a4131c9e879ab,8ee5f04da5691551,SC-008
TX-0001922,2026-04-28 18:59:00,LOT-SUP-017-20260428-005,SUP-017,PRD-030,P02,line_release,18136,QCERT-00519,8ee5f04da5691551,ddc98619988c536a,SC-007
TX-0001923,2025-11-11 02:29:00,LOT-SUP-009-20251111-059,SUP-009,PRD-048,P02,finished_goods,16433,,ddc98619988c536a,81a51030e15f6819,SC-011
TX-0001924,2026-04-06 19:40:00,LOT-SUP-009-20260406-036,SUP-009,PRD-051,P03,shipment_handover,12359,,81a51030e15f6819,d4f0d8e1b20b768d,SC-011
TX-0001925,2026-02-26 01:29:00,LOT-SUP-012-20260226-012,SUP-012,PRD-012,P02,shipment_handover,9395,,d4f0d8e1b20b768d,9bd69fbf021ffa85,SC-004
TX-0001926,2026-04-19 22:46:00,LOT-SUP-002-20260419-034,SUP-002,PRD-042,P01,line_release,22976,QCERT-00287,9bd69fbf021ffa85,6fc9e2ec90bd8b94,SC-005
TX-0001927,2025-11-07 00:08:00,LOT-SUP-003-20251107-036,SUP-003,PRD-071,P03,line_release,24253,QCERT-00815,6fc9e2ec90bd8b94,f37328ea7256bcb6,SC-010
TX-0001928,2025-09-12 19:26:00,LOT-SUP-015-20250912-018,SUP-015,PRD-004,P03,shipment_handover,20262,,f37328ea7256bcb6,f8a4c3c348be9918,SC-006
TX-0001929,2025-11-24 10:55:00,LOT-SUP-001-20251124-056,SUP-001,PRD-011,P01,quality_certificate,8091,QCERT-00666,f8a4c3c348be9918,a5f50f518f77c6f1,SC-010
TX-0001930,2025-10-07 23:44:00,LOT-SUP-001-20251007-013,SUP-001,PRD-068,P03,line_release,17074,QCERT-00890,a5f50f518f77c6f1,80365b439968184f,SC-007
TX-0001931,2025-09-19 05:33:00,LOT-SUP-006-20250919-025,SUP-006,PRD-052,P02,finished_goods,6727,,80365b439968184f,138bf31eaae63136,SC-003
TX-0001932,2025-12-23 21:12:00,LOT-SUP-015-20251223-009,SUP-015,PRD-013,P03,quality_certificate,2297,QCERT-00486,138bf31eaae63136,9cd2541a8edb47dd,SC-012
TX-0001933,2025-11-18 05:30:00,LOT-SUP-012-20251118-058,SUP-012,PRD-012,P03,material_received,7001,,9cd2541a8edb47dd,7920755e50933bc4,SC-007
TX-0001934,2026-04-20 03:34:00,LOT-SUP-005-20260420-050,SUP-005,PRD-022,P02,finished_goods,15741,,7920755e50933bc4,146c1ef66d82ee70,SC-004
TX-0001935,2025-09-13 06:41:00,LOT-SUP-008-20250913-007,SUP-008,PRD-053,P01,material_received,15818,,146c1ef66d82ee70,404a9d06721cdf47,SC-005
TX-0001936,2025-12-09 01:34:00,LOT-SUP-009-20251209-006,SUP-009,PRD-034,P01,material_received,13383,,404a9d06721cdf47,8f2b5b9dc86f96f7,SC-007
TX-0001937,2025-10-22 15:05:00,LOT-SUP-009-20251022-023,SUP-009,PRD-077,P02,finished_goods,3565,,8f2b5b9dc86f96f7,8cbea6b2f715ed22,SC-006
TX-0001938,2026-02-15 10:40:00,LOT-SUP-013-20260215-015,SUP-013,PRD-058,P01,material_received,5165,,8cbea6b2f715ed22,a2479596577aa639,SC-004
TX-0001939,2025-09-17 16:16:00,LOT-SUP-015-20250917-011,SUP-015,PRD-074,P02,finished_goods,14265,,a2479596577aa639,c84f53152c99afeb,SC-007
TX-0001940,2025-08-03 03:28:00,LOT-SUP-012-20250803-048,SUP-012,PRD-012,P03,shipment_handover,2651,,c84f53152c99afeb,0d1a3e31d1265cee,SC-007
TX-0001941,2025-12-12 20:53:00,LOT-SUP-015-20251212-009,SUP-015,PRD-013,P01,shipment_handover,8359,,0d1a3e31d1265cee,fa8277f86c202568,SC-012
TX-0001942,2026-04-10 02:46:00,LOT-SUP-009-20260410-056,SUP-009,PRD-034,P03,shipment_handover,14841,,fa8277f86c202568,c91020965c99f735,SC-012
TX-0001943,2025-08-20 12:00:00,LOT-SUP-001-20250820-049,SUP-001,PRD-067,P03,material_received,3630,,c91020965c99f735,bc4d6786af367eac,SC-006
TX-0001944,2025-08-07 15:46:00,LOT-SUP-008-20250807-021,SUP-008,PRD-026,P02,shipment_handover,19599,,bc4d6786af367eac,c0ea0a8031dcfe78,SC-012
TX-0001945,2026-02-21 06:50:00,LOT-SUP-009-20260221-030,SUP-009,PRD-034,P03,shipment_handover,12316,,c0ea0a8031dcfe78,dc701531ffe16331,SC-005
TX-0001946,2026-01-03 06:54:00,LOT-SUP-009-20260103-001,SUP-009,PRD-048,P03,material_received,2470,,dc701531ffe16331,38732997fd6749b3,SC-012
TX-0001947,2025-11-02 07:34:00,LOT-SUP-014-20251102-019,SUP-014,PRD-029,P01,material_received,22461,,38732997fd6749b3,b43ac7155f8e6b4d,SC-008
TX-0001948,2026-02-08 08:13:00,LOT-SUP-004-20260208-058,SUP-004,PRD-050,P01,finished_goods,5283,,b43ac7155f8e6b4d,8f9a505b0c93b3e7,SC-005
TX-0001949,2025-11-25 15:38:00,LOT-SUP-005-20251125-010,SUP-005,PRD-005,P02,shipment_handover,17121,,8f9a505b0c93b3e7,4d17364da65b589c,SC-011
TX-0001950,2025-08-13 07:23:00,LOT-SUP-011-20250813-053,SUP-011,PRD-017,P01,shipment_handover,22454,,4d17364da65b589c,f8b052b94bd5d654,SC-007
TX-0001951,2025-10-20 10:47:00,LOT-SUP-005-20251020-011,SUP-005,PRD-016,P02,material_received,10831,,f8b052b94bd5d654,1b330f587c371a6d,SC-009
TX-0001952,2025-11-02 11:51:00,LOT-SUP-005-20251102-041,SUP-005,PRD-023,P01,shipment_handover,828,,1b330f587c371a6d,3bf3cbcadfd3a364,SC-002
TX-0001953,2026-04-10 13:15:00,LOT-SUP-013-20260410-002,SUP-013,PRD-062,P01,line_release,19513,QCERT-00141,3bf3cbcadfd3a364,45e3b0c3f8d83d46,SC-012
TX-0001954,2026-06-12 22:23:00,LOT-SUP-009-20260612-010,SUP-009,PRD-077,P02,shipment_handover,20801,,45e3b0c3f8d83d46,6ff5452411a384e0,SC-012
TX-0001955,2026-07-03 03:26:00,LOT-SUP-005-20260703-055,SUP-005,PRD-005,P02,material_received,1021,,6ff5452411a384e0,1642ca2f2770a549,SC-004
TX-0001956,2025-09-28 06:17:00,LOT-SUP-004-20250928-016,SUP-004,PRD-066,P02,quality_certificate,2416,QCERT-00861,1642ca2f2770a549,cded2d1e9abe9f8c,SC-004
TX-0001957,2025-12-21 21:17:00,LOT-SUP-014-20251221-046,SUP-014,PRD-036,P01,line_release,15431,QCERT-00763,cded2d1e9abe9f8c,f2fb0bfdaae85aa6,SC-009
TX-0001958,2025-12-06 13:43:00,LOT-SUP-009-20251206-007,SUP-009,PRD-077,P03,line_release,11446,QCERT-00624,f2fb0bfdaae85aa6,83aeb1f3fa3364fc,SC-003
TX-0001959,2026-04-27 17:41:00,LOT-SUP-015-20260427-029,SUP-015,PRD-074,P03,line_release,1643,QCERT-00837,83aeb1f3fa3364fc,a8f34e710c2a7084,SC-011
TX-0001960,2025-08-08 07:47:00,LOT-SUP-001-20250808-005,SUP-001,PRD-068,P01,material_received,7513,,a8f34e710c2a7084,d64f2da39f3e3bf6,SC-010
TX-0001961,2026-05-26 08:12:00,LOT-SUP-005-20260526-039,SUP-005,PRD-038,P03,line_release,21823,QCERT-00365,d64f2da39f3e3bf6,a0523fdec7a1f6ed,SC-007
TX-0001962,2026-06-25 15:06:00,LOT-SUP-016-20260625-038,SUP-016,PRD-008,P02,quality_certificate,17530,QCERT-00564,a0523fdec7a1f6ed,9cc573b700161f84,SC-011
TX-0001963,2025-11-01 00:43:00,LOT-SUP-012-20251101-005,SUP-012,PRD-006,P01,quality_certificate,3171,QCERT-00245,9cc573b700161f84,85b771776e624120,SC-009
TX-0001964,2026-02-27 23:35:00,LOT-SUP-006-20260227-030,SUP-006,PRD-065,P02,material_received,5741,,85b771776e624120,4d852f268b9de035,SC-001
TX-0001965,2025-11-30 11:26:00,LOT-SUP-004-20251130-049,SUP-004,PRD-050,P02,line_release,21057,QCERT-00247,4d852f268b9de035,8fd0944d7e5798b1,SC-008
TX-0001966,2025-11-22 10:08:00,LOT-SUP-014-20251122-031,SUP-014,PRD-029,P03,material_received,6734,,8fd0944d7e5798b1,2b9e8cf753d3f355,SC-004
TX-0001967,2025-10-28 03:15:00,LOT-SUP-015-20251028-032,SUP-015,PRD-013,P01,material_received,18868,,2b9e8cf753d3f355,8b70482f2b8f17f2,SC-005
TX-0001968,2025-08-01 19:17:00,LOT-SUP-011-20250801-022,SUP-011,PRD-075,P01,material_received,13264,,8b70482f2b8f17f2,d33450d413153f3d,SC-009
TX-0001969,2026-06-16 06:25:00,LOT-SUP-008-20260616-056,SUP-008,PRD-002,P02,quality_certificate,14767,QCERT-00117,d33450d413153f3d,c3d5b1df4f5eb34e,SC-008
TX-0001970,2026-05-14 15:12:00,LOT-SUP-005-20260514-034,SUP-005,PRD-014,P01,finished_goods,17128,,c3d5b1df4f5eb34e,4e049aa4a4162984,SC-002
TX-0001971,2025-09-27 09:29:00,LOT-SUP-001-20250927-058,SUP-001,PRD-046,P01,line_release,8681,QCERT-00360,4e049aa4a4162984,b953f22f0bf8c89b,SC-005
TX-0001972,2026-04-14 17:54:00,LOT-SUP-003-20260414-031,SUP-003,PRD-078,P01,quality_certificate,19797,QCERT-00577,b953f22f0bf8c89b,a41fd5b77432c6b0,SC-001
TX-0001973,2025-10-05 04:44:00,LOT-SUP-005-20251005-019,SUP-005,PRD-023,P03,material_received,22133,,a41fd5b77432c6b0,56bec4f824656f67,SC-008
TX-0001974,2025-08-02 00:21:00,LOT-SUP-009-20250802-030,SUP-009,PRD-034,P03,material_received,18469,,56bec4f824656f67,67805f4d04e13759,SC-002
TX-0001975,2026-07-22 18:49:00,LOT-SUP-002-20260722-038,SUP-002,PRD-027,P02,material_received,11483,,67805f4d04e13759,2a5e86d85a0655f3,SC-003
TX-0001976,2026-04-07 03:52:00,LOT-SUP-017-20260407-038,SUP-017,PRD-061,P03,quality_certificate,17428,QCERT-00894,2a5e86d85a0655f3,38012d4107a3f87b,SC-004
TX-0001977,2025-09-03 07:11:00,LOT-SUP-005-20250903-029,SUP-005,PRD-016,P03,material_received,9300,,38012d4107a3f87b,5b83fa2894153a6f,SC-007
TX-0001978,2026-03-10 15:29:00,LOT-SUP-004-20260310-003,SUP-004,PRD-057,P02,finished_goods,24404,,5b83fa2894153a6f,8cc88408d0dadd9e,SC-001
TX-0001979,2026-02-19 01:16:00,LOT-SUP-002-20260219-045,SUP-002,PRD-027,P03,finished_goods,10871,,8cc88408d0dadd9e,85dd9223738c8eff,SC-001
TX-0001980,2025-09-28 19:57:00,LOT-SUP-003-20250928-050,SUP-003,PRD-072,P03,material_received,3353,,85dd9223738c8eff,d98bbce304214b06,SC-010
TX-0001981,2025-12-30 22:55:00,LOT-SUP-004-20251230-019,SUP-004,PRD-066,P01,line_release,951,QCERT-00062,d98bbce304214b06,eebdb052b3791dee,SC-010
TX-0001982,2026-04-08 04:16:00,LOT-SUP-008-20260408-009,SUP-008,PRD-002,P02,line_release,16026,QCERT-00582,eebdb052b3791dee,54b7213745a75962,SC-003
TX-0001983,2025-08-25 01:50:00,LOT-SUP-006-20250825-037,SUP-006,PRD-040,P01,shipment_handover,18090,,54b7213745a75962,33e6cc6eadc8d837,SC-002
TX-0001984,2025-08-07 00:15:00,LOT-SUP-009-20250807-029,SUP-009,PRD-034,P01,finished_goods,14604,,33e6cc6eadc8d837,e6a36ce2b1105ff8,SC-005
TX-0001985,2026-04-27 23:11:00,LOT-SUP-014-20260427-026,SUP-014,PRD-025,P02,material_received,21456,,e6a36ce2b1105ff8,c460e4631ec493ae,SC-005
TX-0001986,2025-11-02 14:01:00,LOT-SUP-013-20251102-030,SUP-013,PRD-079,P03,shipment_handover,9575,,c460e4631ec493ae,2a1a8952a1012568,SC-007
TX-0001987,2026-01-31 14:41:00,LOT-SUP-013-20260131-052,SUP-013,PRD-058,P01,quality_certificate,16342,QCERT-00868,2a1a8952a1012568,df159cdda2463b45,SC-006
TX-0001988,2025-09-13 18:23:00,LOT-SUP-001-20250913-049,SUP-001,PRD-011,P01,line_release,2678,QCERT-00869,df159cdda2463b45,adcb371d4b32d705,SC-005
TX-0001989,2026-01-26 03:03:00,LOT-SUP-017-20260126-038,SUP-017,PRD-030,P01,finished_goods,21212,,adcb371d4b32d705,bd99caec4a5a0ab8,SC-002
TX-0001990,2025-10-26 20:39:00,LOT-SUP-007-20251026-005,SUP-007,PRD-073,P03,material_received,7378,,bd99caec4a5a0ab8,254779f2c5fcc961,SC-006
TX-0001991,2025-08-24 04:32:00,LOT-SUP-003-20250824-055,SUP-003,PRD-072,P03,material_received,15343,,254779f2c5fcc961,cf9ba6140ab4001e,SC-006
TX-0001992,2025-11-23 13:22:00,LOT-SUP-009-20251123-033,SUP-009,PRD-034,P03,finished_goods,4995,,cf9ba6140ab4001e,4df6be4977668758,SC-001
TX-0001993,2026-03-26 04:59:00,LOT-SUP-004-20260326-036,SUP-004,PRD-057,P02,shipment_handover,17524,,4df6be4977668758,b4527d6893374a21,SC-007
TX-0001994,2026-01-30 21:56:00,LOT-SUP-002-20260130-012,SUP-002,PRD-027,P01,line_release,18106,QCERT-00048,b4527d6893374a21,0aaadcd1720efe0a,SC-012
TX-0001995,2025-11-03 20:32:00,LOT-SUP-008-20251103-017,SUP-008,PRD-033,P03,material_received,22348,,0aaadcd1720efe0a,da3482544cfe419b,SC-010
TX-0001996,2025-10-22 07:45:00,LOT-SUP-008-20251022-008,SUP-008,PRD-037,P02,line_release,3895,QCERT-00714,da3482544cfe419b,daf24775f0e6808e,SC-011
TX-0001997,2025-12-03 06:53:00,LOT-SUP-009-20251203-016,SUP-009,PRD-034,P03,material_received,9271,,daf24775f0e6808e,937246a241a27809,SC-007
TX-0001998,2025-08-19 17:10:00,LOT-SUP-005-20250819-032,SUP-005,PRD-016,P03,material_received,20970,,937246a241a27809,9d4db8aeaba50a47,SC-005
TX-0001999,2026-05-07 12:10:00,LOT-SUP-008-20260507-024,SUP-008,PRD-044,P03,quality_certificate,20220,QCERT-00808,9d4db8aeaba50a47,ab3c09909531adcc,SC-005
TX-0002000,2026-02-14 17:56:00,LOT-SUP-006-20260214-030,SUP-006,PRD-052,P01,line_release,11738,QCERT-00453,ab3c09909531adcc,87d83d7183cdbbe8,SC-007
TX-0002001,2026-04-15 10:06:00,LOT-SUP-011-20260415-008,SUP-011,PRD-017,P02,shipment_handover,12607,,87d83d7183cdbbe8,061602c8ec979732,SC-008
TX-0002002,2026-01-22 16:34:00,LOT-SUP-013-20260122-040,SUP-013,PRD-062,P02,line_release,17158,QCERT-00899,061602c8ec979732,023f6fdd780c6de0,SC-003
TX-0002003,2025-12-23 12:27:00,LOT-SUP-004-20251223-035,SUP-004,PRD-069,P02,line_release,1677,QCERT-00701,023f6fdd780c6de0,98dcc286b25bbb4a,SC-007
TX-0002004,2026-04-09 18:20:00,LOT-SUP-016-20260409-041,SUP-016,PRD-080,P03,quality_certificate,6146,QCERT-00412,98dcc286b25bbb4a,3a296a844e5f2f7d,SC-001
TX-0002005,2026-01-06 03:16:00,LOT-SUP-002-20260106-042,SUP-002,PRD-064,P01,material_received,24245,,3a296a844e5f2f7d,80b03603d1b1b975,SC-007
TX-0002006,2026-03-26 07:09:00,LOT-SUP-009-20260326-022,SUP-009,PRD-039,P02,finished_goods,20462,,80b03603d1b1b975,a8818e71ddee04e8,SC-001
TX-0002007,2026-03-12 09:51:00,LOT-SUP-001-20260312-055,SUP-001,PRD-067,P03,material_received,22145,,a8818e71ddee04e8,fd51ad6ba55d8e4a,SC-004
TX-0002008,2026-07-08 23:20:00,LOT-SUP-017-20260708-040,SUP-017,PRD-061,P01,finished_goods,21949,,fd51ad6ba55d8e4a,9efe721fe0001ba0,SC-010
TX-0002009,2025-08-19 15:34:00,LOT-SUP-015-20250819-051,SUP-015,PRD-031,P01,finished_goods,3329,,9efe721fe0001ba0,0ccc01572213cb65,SC-007
TX-0002010,2026-04-06 11:04:00,LOT-SUP-003-20260406-004,SUP-003,PRD-078,P02,quality_certificate,13611,QCERT-00720,0ccc01572213cb65,ddfc99127d92d96d,SC-004
TX-0002011,2026-07-26 09:26:00,LOT-SUP-008-20260726-053,SUP-008,PRD-026,P02,quality_certificate,4604,QCERT-00062,ddfc99127d92d96d,35b3c9f765392583,SC-010
TX-0002012,2026-07-21 11:56:00,LOT-SUP-004-20260721-056,SUP-004,PRD-069,P01,shipment_handover,8845,,35b3c9f765392583,8e87f32b0aa4614f,SC-004
TX-0002013,2026-02-19 12:16:00,LOT-SUP-001-20260219-045,SUP-001,PRD-011,P02,material_received,22653,,8e87f32b0aa4614f,fc68bc8e111ec5ab,SC-010
TX-0002014,2025-12-15 12:04:00,LOT-SUP-003-20251215-023,SUP-003,PRD-071,P03,line_release,11548,QCERT-00553,fc68bc8e111ec5ab,63aedd24a24b06a6,SC-003
TX-0002015,2025-09-28 12:39:00,LOT-SUP-005-20250928-014,SUP-005,PRD-038,P01,material_received,21153,,63aedd24a24b06a6,18caf64910d71661,SC-004
TX-0002016,2026-04-06 13:48:00,LOT-SUP-004-20260406-039,SUP-004,PRD-057,P02,line_release,1230,QCERT-00194,18caf64910d71661,8d125f02064d661d,SC-012
TX-0002017,2026-02-12 19:58:00,LOT-SUP-015-20260212-025,SUP-015,PRD-004,P01,finished_goods,4911,,8d125f02064d661d,dd64cb261e54616f,SC-004
TX-0002018,2026-06-25 12:07:00,LOT-SUP-003-20260625-060,SUP-003,PRD-078,P01,line_release,20794,QCERT-00807,dd64cb261e54616f,b5ae0d419ae37dc3,SC-005
TX-0002019,2025-12-06 22:08:00,LOT-SUP-003-20251206-013,SUP-003,PRD-071,P02,material_received,22085,,b5ae0d419ae37dc3,6821d40a49f3b03d,SC-010
TX-0002020,2025-09-13 08:05:00,LOT-SUP-005-20250913-054,SUP-005,PRD-038,P03,material_received,24543,,6821d40a49f3b03d,a89db8fd04ad165b,SC-005
TX-0002021,2025-12-03 09:25:00,LOT-SUP-002-20251203-039,SUP-002,PRD-001,P02,shipment_handover,21086,,a89db8fd04ad165b,ab4830c14171bdfb,SC-011
TX-0002022,2026-02-18 23:40:00,LOT-SUP-014-20260218-022,SUP-014,PRD-036,P02,material_received,18143,,ab4830c14171bdfb,e9fbf2404a5c255e,SC-007
TX-0002023,2026-05-14 18:30:00,LOT-SUP-002-20260514-003,SUP-002,PRD-064,P03,shipment_handover,18585,,e9fbf2404a5c255e,1e429e684574b6f0,SC-007
TX-0002024,2026-05-31 02:36:00,LOT-SUP-005-20260531-030,SUP-005,PRD-005,P01,material_received,16003,,1e429e684574b6f0,040b1fd68cb2de9f,SC-012
TX-0002025,2025-09-17 10:17:00,LOT-SUP-015-20250917-054,SUP-015,PRD-074,P02,quality_certificate,4171,QCERT-00749,040b1fd68cb2de9f,7297bf7da2e2ffd1,SC-001
TX-0002026,2026-01-23 08:03:00,LOT-SUP-016-20260123-053,SUP-016,PRD-043,P01,finished_goods,1670,,7297bf7da2e2ffd1,4bf098db8ed6d971,SC-001
TX-0002027,2025-08-30 15:40:00,LOT-SUP-010-20250830-037,SUP-010,PRD-045,P03,line_release,19626,QCERT-00365,4bf098db8ed6d971,3cf1c724f75271be,SC-005
TX-0002028,2026-03-11 15:09:00,LOT-SUP-005-20260311-055,SUP-005,PRD-024,P01,finished_goods,9055,,3cf1c724f75271be,e7fad48b78b61d1a,SC-003
TX-0002029,2025-09-24 19:34:00,LOT-SUP-005-20250924-003,SUP-005,PRD-038,P02,material_received,24606,,e7fad48b78b61d1a,6ba1f6633d6fe568,SC-006
TX-0002030,2026-07-22 07:43:00,LOT-SUP-012-20260722-040,SUP-012,PRD-006,P03,line_release,11896,QCERT-00425,6ba1f6633d6fe568,b8707406868e64ca,SC-001
TX-0002031,2025-10-31 00:19:00,LOT-SUP-002-20251031-046,SUP-002,PRD-064,P03,shipment_handover,3015,,b8707406868e64ca,237a1d1b0edab43f,SC-005
TX-0002032,2026-04-04 09:24:00,LOT-SUP-009-20260404-026,SUP-009,PRD-077,P01,shipment_handover,18886,,237a1d1b0edab43f,b6adcf5450e92d2c,SC-003
TX-0002033,2026-03-29 02:38:00,LOT-SUP-005-20260329-048,SUP-005,PRD-023,P02,finished_goods,23698,,b6adcf5450e92d2c,6bceb8d65cdb5a9f,SC-006
TX-0002034,2026-07-14 18:15:00,LOT-SUP-016-20260714-038,SUP-016,PRD-080,P03,material_received,8563,,6bceb8d65cdb5a9f,45090ff78dad6dac,SC-006
TX-0002035,2026-04-05 22:37:00,LOT-SUP-009-20260405-022,SUP-009,PRD-051,P03,line_release,10741,QCERT-00701,45090ff78dad6dac,0e8e582eb005209f,SC-007
TX-0002036,2026-06-20 01:27:00,LOT-SUP-012-20260620-060,SUP-012,PRD-015,P01,line_release,22162,QCERT-00420,0e8e582eb005209f,9dddf91388cf16e6,SC-010
TX-0002037,2026-02-03 01:57:00,LOT-SUP-003-20260203-022,SUP-003,PRD-078,P03,finished_goods,24488,,9dddf91388cf16e6,83a8a9ccee0e8af5,SC-011
TX-0002038,2025-09-05 10:58:00,LOT-SUP-010-20250905-033,SUP-010,PRD-010,P01,shipment_handover,17639,,83a8a9ccee0e8af5,55d9521559e7ed6a,SC-007
TX-0002039,2026-05-09 15:41:00,LOT-SUP-007-20260509-059,SUP-007,PRD-055,P01,shipment_handover,22126,,55d9521559e7ed6a,6745d64fa5987af4,SC-004
TX-0002040,2026-05-04 05:19:00,LOT-SUP-009-20260504-055,SUP-009,PRD-051,P03,material_received,4072,,6745d64fa5987af4,d04a3add14868061,SC-003
TX-0002041,2025-12-12 02:21:00,LOT-SUP-010-20251212-030,SUP-010,PRD-028,P02,finished_goods,16604,,d04a3add14868061,b0c3eb192d37cf9b,SC-002
TX-0002042,2025-12-06 17:27:00,LOT-SUP-009-20251206-028,SUP-009,PRD-039,P01,material_received,24604,,b0c3eb192d37cf9b,28fd1fd861b59b3d,SC-001
TX-0002043,2025-10-05 14:56:00,LOT-SUP-005-20251005-035,SUP-005,PRD-016,P01,line_release,24434,QCERT-00619,28fd1fd861b59b3d,9dd70bb2b9ae3634,SC-007
TX-0002044,2026-07-10 10:26:00,LOT-SUP-008-20260710-035,SUP-008,PRD-037,P01,quality_certificate,11509,QCERT-00301,9dd70bb2b9ae3634,1f120590c75eccde,SC-007
TX-0002045,2026-06-21 23:46:00,LOT-SUP-011-20260621-007,SUP-011,PRD-017,P03,shipment_handover,18829,,1f120590c75eccde,3db1735055168ed1,SC-010
TX-0002046,2026-07-02 18:47:00,LOT-SUP-009-20260702-047,SUP-009,PRD-077,P03,quality_certificate,20553,QCERT-00723,3db1735055168ed1,042d4e572ff55c30,SC-009
TX-0002047,2026-03-26 06:25:00,LOT-SUP-009-20260326-016,SUP-009,PRD-051,P03,material_received,7288,,042d4e572ff55c30,1f8c6a22b779cbe4,SC-010
TX-0002048,2025-08-27 06:11:00,LOT-SUP-015-20250827-003,SUP-015,PRD-047,P03,shipment_handover,21954,,1f8c6a22b779cbe4,f3d005b927f60928,SC-012
TX-0002049,2026-03-01 23:08:00,LOT-SUP-015-20260301-037,SUP-015,PRD-004,P03,material_received,9264,,f3d005b927f60928,21db10b687bdec09,SC-009
TX-0002050,2025-12-05 05:56:00,LOT-SUP-015-20251205-025,SUP-015,PRD-004,P02,finished_goods,8789,,21db10b687bdec09,0b3943a735cf78bf,SC-012
TX-0002051,2025-09-15 14:26:00,LOT-SUP-004-20250915-038,SUP-004,PRD-050,P01,shipment_handover,22205,,0b3943a735cf78bf,5267571fed29d0b4,SC-007
TX-0002052,2025-10-20 13:27:00,LOT-SUP-009-20251020-007,SUP-009,PRD-039,P03,finished_goods,581,,5267571fed29d0b4,3060befea1c7675d,SC-011
TX-0002053,2026-01-05 10:44:00,LOT-SUP-003-20260105-039,SUP-003,PRD-020,P01,line_release,13370,QCERT-00031,3060befea1c7675d,384715db72d4b3d0,SC-012
TX-0002054,2025-12-24 19:27:00,LOT-SUP-015-20251224-007,SUP-015,PRD-074,P02,shipment_handover,4469,,384715db72d4b3d0,8081158957a21f05,SC-003
TX-0002055,2026-04-04 11:53:00,LOT-SUP-007-20260404-035,SUP-007,PRD-073,P02,line_release,16239,QCERT-00205,8081158957a21f05,cd8c4a278f2b66b3,SC-001
TX-0002056,2026-07-17 07:39:00,LOT-SUP-018-20260717-058,SUP-018,PRD-019,P02,line_release,18478,QCERT-00100,cd8c4a278f2b66b3,6a00c34656b526c1,SC-004
TX-0002057,2026-07-22 10:24:00,LOT-SUP-010-20260722-033,SUP-010,PRD-028,P02,material_received,15560,,6a00c34656b526c1,30b6819f54798d0e,SC-006
TX-0002058,2025-11-27 12:56:00,LOT-SUP-013-20251127-006,SUP-013,PRD-058,P02,finished_goods,12714,,30b6819f54798d0e,2891483d2a7382f1,SC-006
TX-0002059,2025-10-02 00:22:00,LOT-SUP-003-20251002-056,SUP-003,PRD-035,P01,quality_certificate,7347,QCERT-00263,2891483d2a7382f1,ee12f8042739a914,SC-011
TX-0002060,2025-08-17 09:45:00,LOT-SUP-010-20250817-028,SUP-010,PRD-010,P03,material_received,21493,,ee12f8042739a914,85b4bb5804c2aa3b,SC-007
TX-0002061,2026-04-05 18:29:00,LOT-SUP-015-20260405-058,SUP-015,PRD-021,P02,line_release,15115,QCERT-00694,85b4bb5804c2aa3b,952396f0180b563e,SC-010
TX-0002062,2025-09-18 09:59:00,LOT-SUP-008-20250918-029,SUP-008,PRD-044,P03,line_release,21222,QCERT-00842,952396f0180b563e,006a8fad52c88457,SC-012
TX-0002063,2025-10-11 14:38:00,LOT-SUP-008-20251011-034,SUP-008,PRD-033,P02,material_received,14950,,006a8fad52c88457,d9db72f94c187496,SC-011
TX-0002064,2026-07-13 04:40:00,LOT-SUP-001-20260713-004,SUP-001,PRD-046,P01,line_release,14992,QCERT-00183,d9db72f94c187496,f1f4bfc791812da4,SC-008
TX-0002065,2025-10-23 19:44:00,LOT-SUP-007-20251023-060,SUP-007,PRD-073,P01,finished_goods,8449,,f1f4bfc791812da4,d069cf6b331aa5a4,SC-009
TX-0002066,2026-04-12 13:43:00,LOT-SUP-008-20260412-050,SUP-008,PRD-044,P03,material_received,2225,,d069cf6b331aa5a4,daa04e422112d275,SC-007
TX-0002067,2026-03-22 01:34:00,LOT-SUP-016-20260322-018,SUP-016,PRD-063,P03,finished_goods,10677,,daa04e422112d275,4db284f2fb01d45c,SC-002
TX-0002068,2026-02-09 00:20:00,LOT-SUP-006-20260209-022,SUP-006,PRD-049,P01,material_received,7433,,4db284f2fb01d45c,8029f390684b5756,SC-005
TX-0002069,2026-06-01 16:02:00,LOT-SUP-009-20260601-056,SUP-009,PRD-034,P01,finished_goods,2740,,8029f390684b5756,c364ebff6e663689,SC-011
TX-0002070,2026-03-07 02:24:00,LOT-SUP-009-20260307-036,SUP-009,PRD-018,P02,material_received,7602,,c364ebff6e663689,66986c24917c2464,SC-010
TX-0002071,2025-10-26 01:54:00,LOT-SUP-015-20251026-035,SUP-015,PRD-003,P02,finished_goods,11449,,66986c24917c2464,caa1fbf2db55a2e7,SC-010
TX-0002072,2025-12-10 06:45:00,LOT-SUP-008-20251210-020,SUP-008,PRD-026,P01,finished_goods,3561,,caa1fbf2db55a2e7,55088dc8dca2686d,SC-008
TX-0002073,2025-09-02 12:33:00,LOT-SUP-014-20250902-014,SUP-014,PRD-036,P03,quality_certificate,2537,QCERT-00181,55088dc8dca2686d,d3590077dc517004,SC-002
TX-0002074,2025-10-13 07:33:00,LOT-SUP-009-20251013-012,SUP-009,PRD-039,P02,quality_certificate,7738,QCERT-00170,d3590077dc517004,224cbefb399ba03f,SC-003
TX-0002075,2026-04-06 18:15:00,LOT-SUP-015-20260406-038,SUP-015,PRD-074,P01,material_received,12643,,224cbefb399ba03f,9d45cc9a3886669c,SC-012
TX-0002076,2026-04-01 16:33:00,LOT-SUP-004-20260401-053,SUP-004,PRD-059,P03,finished_goods,8912,,9d45cc9a3886669c,f2c192a9ae590bc2,SC-004
TX-0002077,2026-07-18 18:50:00,LOT-SUP-005-20260718-038,SUP-005,PRD-023,P01,quality_certificate,18694,QCERT-00469,f2c192a9ae590bc2,d7a0b6ae1dce2dcd,SC-009
TX-0002078,2026-01-13 00:00:00,LOT-SUP-006-20260113-034,SUP-006,PRD-052,P03,line_release,21728,QCERT-00263,d7a0b6ae1dce2dcd,4d4f6107537d05ac,SC-009
TX-0002079,2026-01-30 15:06:00,LOT-SUP-005-20260130-056,SUP-005,PRD-041,P02,shipment_handover,18675,,4d4f6107537d05ac,ace3666d4af66bb2,SC-007
TX-0002080,2026-02-11 01:10:00,LOT-SUP-004-20260211-024,SUP-004,PRD-050,P02,quality_certificate,17022,QCERT-00434,ace3666d4af66bb2,b2fbaedc2cda84c2,SC-006
TX-0002081,2026-01-18 18:30:00,LOT-SUP-001-20260118-050,SUP-001,PRD-067,P03,line_release,15309,QCERT-00888,b2fbaedc2cda84c2,75ff3ee7b666b40c,SC-005
TX-0002082,2025-09-12 18:01:00,LOT-SUP-004-20250912-040,SUP-004,PRD-059,P02,line_release,19832,QCERT-00528,75ff3ee7b666b40c,38f18ed960996008,SC-011
TX-0002083,2025-12-16 18:45:00,LOT-SUP-003-20251216-012,SUP-003,PRD-060,P03,material_received,5369,,38f18ed960996008,97d573301e1152aa,SC-009
TX-0002084,2026-04-04 23:17:00,LOT-SUP-015-20260404-036,SUP-015,PRD-013,P02,finished_goods,8595,,97d573301e1152aa,4f6b0b14d7f02a28,SC-011
TX-0002085,2025-10-01 23:50:00,LOT-SUP-007-20251001-016,SUP-007,PRD-073,P01,shipment_handover,2533,,4f6b0b14d7f02a28,dea1f0c1a597122c,SC-003
TX-0002086,2026-07-02 05:31:00,LOT-SUP-018-20260702-017,SUP-018,PRD-019,P01,line_release,7202,QCERT-00706,dea1f0c1a597122c,ced326711b3fa411,SC-007
TX-0002087,2026-04-06 09:30:00,LOT-SUP-010-20260406-057,SUP-010,PRD-028,P03,quality_certificate,6070,QCERT-00738,ced326711b3fa411,9807164dcae2c30f,SC-001
TX-0002088,2026-01-19 03:58:00,LOT-SUP-008-20260119-036,SUP-008,PRD-033,P03,material_received,19539,,9807164dcae2c30f,9742dc40ab1b222d,SC-004
TX-0002089,2025-10-06 17:09:00,LOT-SUP-012-20251006-030,SUP-012,PRD-012,P01,line_release,12953,QCERT-00451,9742dc40ab1b222d,ade5ed9577c92936,SC-007
TX-0002090,2026-01-16 03:55:00,LOT-SUP-005-20260116-029,SUP-005,PRD-014,P01,shipment_handover,14202,,ade5ed9577c92936,f7f87fa5e4ed0780,SC-010
TX-0002091,2026-05-14 11:10:00,LOT-SUP-003-20260514-040,SUP-003,PRD-072,P02,material_received,19417,,f7f87fa5e4ed0780,fc17918fb4d13a92,SC-006
TX-0002092,2025-08-01 16:44:00,LOT-SUP-010-20250801-012,SUP-010,PRD-010,P02,material_received,19886,,fc17918fb4d13a92,3f643feda676715c,SC-007
TX-0002093,2026-05-06 07:28:00,LOT-SUP-001-20260506-003,SUP-001,PRD-046,P01,material_received,9405,,3f643feda676715c,9cfae2ce5b265316,SC-003
TX-0002094,2026-06-07 22:40:00,LOT-SUP-013-20260607-060,SUP-013,PRD-058,P03,material_received,15263,,9cfae2ce5b265316,d9dc595bac9c98cf,SC-004
TX-0002095,2026-03-18 03:26:00,LOT-SUP-016-20260318-004,SUP-016,PRD-008,P01,material_received,21064,,d9dc595bac9c98cf,e079c32a2202f5fa,SC-011
TX-0002096,2026-07-23 13:56:00,LOT-SUP-018-20260723-044,SUP-018,PRD-019,P03,material_received,3404,,e079c32a2202f5fa,610d1d63705e336c,SC-011
TX-0002097,2026-03-14 10:47:00,LOT-SUP-003-20260314-033,SUP-003,PRD-078,P02,finished_goods,6787,,610d1d63705e336c,eaa172a41ad36a7e,SC-010
TX-0002098,2026-02-09 11:58:00,LOT-SUP-005-20260209-042,SUP-005,PRD-041,P01,quality_certificate,16804,QCERT-00005,eaa172a41ad36a7e,0fff91a0b0b02858,SC-004
TX-0002099,2026-02-08 22:20:00,LOT-SUP-008-20260208-021,SUP-008,PRD-007,P03,material_received,13654,,0fff91a0b0b02858,98a5212f4e5734b2,SC-006
TX-0002100,2025-09-11 01:40:00,LOT-SUP-003-20250911-028,SUP-003,PRD-071,P03,finished_goods,2108,,98a5212f4e5734b2,f8497dc6f495498c,SC-010
TX-0002101,2026-01-11 15:44:00,LOT-SUP-015-20260111-029,SUP-015,PRD-074,P03,finished_goods,13902,,f8497dc6f495498c,92263d7962a31b8f,SC-004
TX-0002102,2025-08-30 00:39:00,LOT-SUP-005-20250830-055,SUP-005,PRD-014,P03,material_received,22628,,92263d7962a31b8f,ee79280a19d0fb4e,SC-002
TX-0002103,2025-12-28 00:12:00,LOT-SUP-017-20251228-045,SUP-017,PRD-061,P03,quality_certificate,8636,QCERT-00738,ee79280a19d0fb4e,17fb311290f2d8d3,SC-006
TX-0002104,2026-05-31 03:15:00,LOT-SUP-012-20260531-009,SUP-012,PRD-006,P03,line_release,10720,QCERT-00745,17fb311290f2d8d3,1d364859f58f1d4d,SC-011
TX-0002105,2026-05-23 13:02:00,LOT-SUP-008-20260523-005,SUP-008,PRD-044,P02,shipment_handover,12323,,1d364859f58f1d4d,a6dddcacd72ac70a,SC-004
TX-0002106,2026-06-07 07:42:00,LOT-SUP-016-20260607-030,SUP-016,PRD-043,P03,quality_certificate,20354,QCERT-00004,a6dddcacd72ac70a,7282b565c6c185b0,SC-005
TX-0002107,2026-02-02 10:46:00,LOT-SUP-009-20260202-038,SUP-009,PRD-032,P02,finished_goods,13243,,7282b565c6c185b0,6bfb0db4c3607fbf,SC-007
TX-0002108,2026-07-10 08:10:00,LOT-SUP-006-20260710-016,SUP-006,PRD-049,P02,line_release,7378,QCERT-00646,6bfb0db4c3607fbf,1a6bec343ffc553f,SC-002
TX-0002109,2026-01-18 14:49:00,LOT-SUP-010-20260118-019,SUP-010,PRD-028,P03,line_release,21058,QCERT-00796,1a6bec343ffc553f,8a9bc0586e2293e0,SC-010
TX-0002110,2026-04-02 23:22:00,LOT-SUP-008-20260402-054,SUP-008,PRD-002,P03,line_release,16411,QCERT-00492,8a9bc0586e2293e0,a215a110d1683a63,SC-005
TX-0002111,2026-05-03 12:18:00,LOT-SUP-010-20260503-039,SUP-010,PRD-010,P01,shipment_handover,3623,,a215a110d1683a63,7a2e1a7c6d8271a8,SC-004
TX-0002112,2026-07-24 23:39:00,LOT-SUP-017-20260724-042,SUP-017,PRD-030,P03,shipment_handover,21128,,7a2e1a7c6d8271a8,bf7329d2ad473f8b,SC-011
TX-0002113,2026-01-19 21:40:00,LOT-SUP-013-20260119-026,SUP-013,PRD-054,P01,shipment_handover,15710,,bf7329d2ad473f8b,bf3173c4fdabc056,SC-005
TX-0002114,2025-09-12 15:02:00,LOT-SUP-012-20250912-011,SUP-012,PRD-006,P02,shipment_handover,22053,,bf3173c4fdabc056,77170251801d5b6c,SC-002
TX-0002115,2025-12-10 06:59:00,LOT-SUP-016-20251210-014,SUP-016,PRD-008,P01,quality_certificate,11947,QCERT-00154,77170251801d5b6c,cd1a8927b42eff85,SC-011
TX-0002116,2026-04-03 22:45:00,LOT-SUP-005-20260403-027,SUP-005,PRD-005,P02,line_release,4044,QCERT-00759,cd1a8927b42eff85,c8ef1f936456e8e9,SC-007
TX-0002117,2026-03-08 04:55:00,LOT-SUP-003-20260308-025,SUP-003,PRD-078,P03,line_release,11396,QCERT-00852,c8ef1f936456e8e9,c1f5069fd0cdd9c0,SC-004
TX-0002118,2026-02-27 16:42:00,LOT-SUP-012-20260227-060,SUP-012,PRD-006,P03,material_received,21938,,c1f5069fd0cdd9c0,be54e2bfcc7f8de6,SC-011
TX-0002119,2025-11-20 00:02:00,LOT-SUP-016-20251120-057,SUP-016,PRD-063,P02,material_received,9084,,be54e2bfcc7f8de6,33bbb7c4a712a64d,SC-009
TX-0002120,2026-04-30 18:50:00,LOT-SUP-016-20260430-014,SUP-016,PRD-043,P02,line_release,17810,QCERT-00586,33bbb7c4a712a64d,95a4d6502eddf3e8,SC-011
TX-0002121,2025-12-23 08:02:00,LOT-SUP-014-20251223-029,SUP-014,PRD-029,P03,shipment_handover,24395,,95a4d6502eddf3e8,dcd58763c778dc39,SC-003
TX-0002122,2026-01-18 03:56:00,LOT-SUP-008-20260118-016,SUP-008,PRD-037,P03,line_release,1303,QCERT-00580,dcd58763c778dc39,f8550ac0f585b4c6,SC-010
TX-0002123,2026-06-19 10:19:00,LOT-SUP-001-20260619-025,SUP-001,PRD-011,P02,material_received,17245,,f8550ac0f585b4c6,8e1a7ec12ef08637,SC-003
TX-0002124,2026-02-28 02:39:00,LOT-SUP-016-20260228-011,SUP-016,PRD-063,P02,material_received,10366,,8e1a7ec12ef08637,3b6f247a51488af6,SC-010
TX-0002125,2025-12-31 14:40:00,LOT-SUP-001-20251231-012,SUP-001,PRD-068,P01,material_received,20164,,3b6f247a51488af6,f10309673270b2e5,SC-011
TX-0002126,2026-06-03 21:00:00,LOT-SUP-016-20260603-042,SUP-016,PRD-063,P02,material_received,11403,,f10309673270b2e5,f8623cf50be9bb8a,SC-001
TX-0002127,2026-03-29 01:01:00,LOT-SUP-004-20260329-056,SUP-004,PRD-069,P01,line_release,19294,QCERT-00470,f8623cf50be9bb8a,fc2d5c5b2dd24cc8,SC-012
TX-0002128,2025-11-20 00:43:00,LOT-SUP-001-20251120-020,SUP-001,PRD-011,P03,material_received,12216,,fc2d5c5b2dd24cc8,d874fef4b1fcace6,SC-010
TX-0002129,2025-10-16 23:47:00,LOT-SUP-003-20251016-024,SUP-003,PRD-035,P02,line_release,12726,QCERT-00468,d874fef4b1fcace6,64603993f1ab9c55,SC-006
TX-0002130,2026-02-24 18:29:00,LOT-SUP-003-20260224-014,SUP-003,PRD-072,P02,line_release,2020,QCERT-00760,64603993f1ab9c55,c8607f187d186829,SC-006
TX-0002131,2026-02-02 14:18:00,LOT-SUP-002-20260202-042,SUP-002,PRD-064,P01,line_release,9268,QCERT-00144,c8607f187d186829,5e3c85a3c9a9b669,SC-006
TX-0002132,2026-02-15 04:09:00,LOT-SUP-003-20260215-040,SUP-003,PRD-060,P02,finished_goods,18680,,5e3c85a3c9a9b669,369816ce366a2f7f,SC-001
TX-0002133,2026-04-04 19:38:00,LOT-SUP-013-20260404-018,SUP-013,PRD-058,P01,line_release,12817,QCERT-00199,369816ce366a2f7f,bb88ea5be1bf7580,SC-008
TX-0002134,2026-03-01 21:59:00,LOT-SUP-014-20260301-010,SUP-014,PRD-025,P01,finished_goods,3223,,bb88ea5be1bf7580,4a35b59a15d2eac4,SC-007
TX-0002135,2026-01-27 18:27:00,LOT-SUP-004-20260127-055,SUP-004,PRD-069,P02,line_release,15678,QCERT-00213,4a35b59a15d2eac4,fac6bce3e09f2436,SC-001
TX-0002136,2025-11-09 04:15:00,LOT-SUP-005-20251109-029,SUP-005,PRD-023,P03,material_received,914,,fac6bce3e09f2436,89a99f1578a81053,SC-009
TX-0002137,2026-02-20 06:42:00,LOT-SUP-006-20260220-036,SUP-006,PRD-040,P03,material_received,23100,,89a99f1578a81053,7544272bac149086,SC-001
TX-0002138,2026-04-09 05:05:00,LOT-SUP-005-20260409-018,SUP-005,PRD-016,P03,material_received,19934,,7544272bac149086,5c48d6897dacbc69,SC-003
TX-0002139,2026-05-11 01:29:00,LOT-SUP-004-20260511-048,SUP-004,PRD-066,P03,quality_certificate,15444,QCERT-00410,5c48d6897dacbc69,7e817ec863b55a3e,SC-002
TX-0002140,2026-05-29 04:33:00,LOT-SUP-010-20260529-025,SUP-010,PRD-028,P02,shipment_handover,21885,,7e817ec863b55a3e,ae5c4a9981ed486f,SC-005
TX-0002141,2026-01-26 12:24:00,LOT-SUP-006-20260126-002,SUP-006,PRD-049,P02,material_received,12917,,ae5c4a9981ed486f,34b62dbab1e9c9b9,SC-007
TX-0002142,2025-11-23 20:51:00,LOT-SUP-014-20251123-058,SUP-014,PRD-025,P01,line_release,7794,QCERT-00447,34b62dbab1e9c9b9,f3e3ccea46d2ddff,SC-008
TX-0002143,2025-08-12 03:24:00,LOT-SUP-005-20250812-006,SUP-005,PRD-023,P01,quality_certificate,19621,QCERT-00617,f3e3ccea46d2ddff,6563af2738380eb5,SC-009
TX-0002144,2026-07-23 14:58:00,LOT-SUP-008-20260723-006,SUP-008,PRD-002,P03,quality_certificate,5126,QCERT-00619,6563af2738380eb5,fbd3ed526ae74d8f,SC-004
TX-0002145,2026-01-13 13:46:00,LOT-SUP-017-20260113-058,SUP-017,PRD-009,P02,material_received,15118,,fbd3ed526ae74d8f,8ac43ca2c5a25a7b,SC-011
TX-0002146,2026-07-04 15:16:00,LOT-SUP-014-20260704-034,SUP-014,PRD-025,P01,shipment_handover,15080,,8ac43ca2c5a25a7b,d52d486024f635aa,SC-008
TX-0002147,2026-04-30 20:46:00,LOT-SUP-005-20260430-002,SUP-005,PRD-014,P03,quality_certificate,3532,QCERT-00828,d52d486024f635aa,32bdc98c2374e6a2,SC-008
TX-0002148,2025-12-14 12:00:00,LOT-SUP-001-20251214-055,SUP-001,PRD-011,P02,material_received,17798,,32bdc98c2374e6a2,7e7bb870c6192c45,SC-008
TX-0002149,2025-08-18 09:30:00,LOT-SUP-003-20250818-026,SUP-003,PRD-020,P02,finished_goods,17950,,7e7bb870c6192c45,e86fabca02300bbb,SC-011
TX-0002150,2025-09-26 02:49:00,LOT-SUP-005-20250926-055,SUP-005,PRD-024,P03,quality_certificate,10090,QCERT-00080,e86fabca02300bbb,7993c099f0630fe1,SC-008
TX-0002151,2025-10-06 14:49:00,LOT-SUP-005-20251006-030,SUP-005,PRD-016,P03,quality_certificate,15292,QCERT-00623,7993c099f0630fe1,f4680aa5fd426063,SC-007
TX-0002152,2025-08-05 11:42:00,LOT-SUP-005-20250805-040,SUP-005,PRD-022,P01,material_received,4873,,f4680aa5fd426063,886a5e3c4516d013,SC-008
TX-0002153,2026-03-02 13:30:00,LOT-SUP-005-20260302-035,SUP-005,PRD-022,P03,line_release,15426,QCERT-00130,886a5e3c4516d013,affe7a18b2b4457a,SC-002
TX-0002154,2025-11-10 11:16:00,LOT-SUP-003-20251110-041,SUP-003,PRD-060,P02,finished_goods,3432,,affe7a18b2b4457a,8f70685155beedb5,SC-009
TX-0002155,2025-10-03 01:05:00,LOT-SUP-009-20251003-016,SUP-009,PRD-048,P01,finished_goods,11561,,8f70685155beedb5,dd06ba51bc39077c,SC-007
TX-0002156,2026-05-25 13:18:00,LOT-SUP-005-20260525-001,SUP-005,PRD-016,P02,finished_goods,13927,,dd06ba51bc39077c,7e58b7c7acf146bb,SC-010
TX-0002157,2025-10-19 02:38:00,LOT-SUP-013-20251019-012,SUP-013,PRD-079,P03,finished_goods,7339,,7e58b7c7acf146bb,d9e7f068b2a10ced,SC-006
TX-0002158,2025-08-10 12:37:00,LOT-SUP-003-20250810-058,SUP-003,PRD-072,P01,material_received,18642,,d9e7f068b2a10ced,b49260b925c4328b,SC-012
TX-0002159,2026-07-24 16:44:00,LOT-SUP-010-20260724-024,SUP-010,PRD-045,P03,material_received,21152,,b49260b925c4328b,fd3ffe7d50ea58dc,SC-008
TX-0002160,2026-05-28 16:07:00,LOT-SUP-007-20260528-042,SUP-007,PRD-070,P02,quality_certificate,6611,QCERT-00099,fd3ffe7d50ea58dc,ed6a403f0e67b22b,SC-010
TX-0002161,2026-03-09 21:59:00,LOT-SUP-009-20260309-058,SUP-009,PRD-034,P02,material_received,979,,ed6a403f0e67b22b,86175aeb9e2f9ae6,SC-004
TX-0002162,2025-10-14 17:50:00,LOT-SUP-001-20251014-039,SUP-001,PRD-011,P01,material_received,9867,,86175aeb9e2f9ae6,79dc1adb3ef5f612,SC-009
TX-0002163,2025-09-24 10:40:00,LOT-SUP-008-20250924-018,SUP-008,PRD-037,P01,quality_certificate,10950,QCERT-00286,79dc1adb3ef5f612,9244fbdf47245aa7,SC-001
TX-0002164,2026-07-06 01:14:00,LOT-SUP-001-20260706-001,SUP-001,PRD-046,P03,shipment_handover,6846,,9244fbdf47245aa7,8ec3c595d75dfa7d,SC-001
TX-0002165,2025-08-21 09:02:00,LOT-SUP-015-20250821-038,SUP-015,PRD-003,P01,material_received,3565,,8ec3c595d75dfa7d,25a07bde70908403,SC-009
TX-0002166,2026-01-25 23:32:00,LOT-SUP-010-20260125-050,SUP-010,PRD-028,P01,line_release,1837,QCERT-00819,25a07bde70908403,c2bf1c33c7990aa9,SC-006
TX-0002167,2026-05-13 06:50:00,LOT-SUP-015-20260513-015,SUP-015,PRD-013,P03,quality_certificate,23950,QCERT-00131,c2bf1c33c7990aa9,157c9487b31f8ec7,SC-002
TX-0002168,2026-02-07 02:35:00,LOT-SUP-014-20260207-055,SUP-014,PRD-036,P03,material_received,21632,,157c9487b31f8ec7,7e4d7791bf14b6da,SC-003
TX-0002169,2025-11-25 00:08:00,LOT-SUP-010-20251125-055,SUP-010,PRD-056,P02,line_release,2030,QCERT-00622,7e4d7791bf14b6da,7aa3dc0d6443f620,SC-010
TX-0002170,2026-04-04 04:38:00,LOT-SUP-005-20260404-047,SUP-005,PRD-022,P02,finished_goods,20901,,7aa3dc0d6443f620,57c0a19c6e8f1fc9,SC-007
TX-0002171,2026-03-25 22:48:00,LOT-SUP-006-20260325-003,SUP-006,PRD-040,P02,material_received,5422,,57c0a19c6e8f1fc9,bca9425729d819cd,SC-007
TX-0002172,2026-01-29 09:42:00,LOT-SUP-008-20260129-059,SUP-008,PRD-026,P02,material_received,14515,,bca9425729d819cd,e78c384be97d1dc9,SC-004
TX-0002173,2026-07-17 21:16:00,LOT-SUP-005-20260717-054,SUP-005,PRD-041,P03,material_received,21220,,e78c384be97d1dc9,1e6c49f77e7e34d6,SC-006
TX-0002174,2026-05-22 06:37:00,LOT-SUP-009-20260522-010,SUP-009,PRD-051,P01,shipment_handover,16216,,1e6c49f77e7e34d6,a075c74fd381eef9,SC-003
TX-0002175,2026-05-27 04:11:00,LOT-SUP-009-20260527-030,SUP-009,PRD-032,P03,line_release,4344,QCERT-00841,a075c74fd381eef9,08cfa1ad7d390e09,SC-004
TX-0002176,2025-08-07 18:56:00,LOT-SUP-008-20250807-030,SUP-008,PRD-037,P03,finished_goods,10807,,08cfa1ad7d390e09,8e0a1faf54093fa5,SC-012
TX-0002177,2025-12-25 10:08:00,LOT-SUP-011-20251225-035,SUP-011,PRD-017,P03,line_release,24789,QCERT-00327,8e0a1faf54093fa5,084c0a8a765ae198,SC-011
TX-0002178,2026-04-27 13:30:00,LOT-SUP-005-20260427-013,SUP-005,PRD-022,P03,shipment_handover,13309,,084c0a8a765ae198,4c50f516bed6bf7e,SC-012
TX-0002179,2025-12-13 08:07:00,LOT-SUP-011-20251213-026,SUP-011,PRD-017,P01,quality_certificate,16992,QCERT-00878,4c50f516bed6bf7e,f1054e869e95338a,SC-012
TX-0002180,2025-11-01 21:39:00,LOT-SUP-006-20251101-055,SUP-006,PRD-052,P03,line_release,7622,QCERT-00843,f1054e869e95338a,3a4bf064b3bbb59e,SC-011
TX-0002181,2025-11-10 05:56:00,LOT-SUP-009-20251110-051,SUP-009,PRD-051,P03,shipment_handover,2268,,3a4bf064b3bbb59e,e986ef579811535c,SC-011
TX-0002182,2026-07-26 08:33:00,LOT-SUP-012-20260726-047,SUP-012,PRD-012,P02,material_received,5960,,e986ef579811535c,93304a166cbfffd4,SC-008
TX-0002183,2026-02-27 12:36:00,LOT-SUP-008-20260227-027,SUP-008,PRD-053,P02,material_received,18645,,93304a166cbfffd4,ae21caff34374acd,SC-006
TX-0002184,2025-10-21 03:48:00,LOT-SUP-004-20251021-054,SUP-004,PRD-069,P02,line_release,2100,QCERT-00623,ae21caff34374acd,31fe6667d08c39cd,SC-007
TX-0002185,2025-10-05 13:51:00,LOT-SUP-015-20251005-002,SUP-015,PRD-047,P01,shipment_handover,17930,,31fe6667d08c39cd,239b2bb9396b9c54,SC-002
TX-0002186,2026-04-30 20:40:00,LOT-SUP-010-20260430-045,SUP-010,PRD-045,P03,material_received,13813,,239b2bb9396b9c54,81cbdc0a1f9614c0,SC-009
TX-0002187,2025-08-24 10:43:00,LOT-SUP-003-20250824-036,SUP-003,PRD-035,P02,line_release,4988,QCERT-00192,81cbdc0a1f9614c0,be51ab18aa393d18,SC-012
TX-0002188,2026-01-12 06:58:00,LOT-SUP-004-20260112-007,SUP-004,PRD-057,P02,finished_goods,21060,,be51ab18aa393d18,718dd0f242061482,SC-006
TX-0002189,2025-09-29 14:08:00,LOT-SUP-009-20250929-032,SUP-009,PRD-039,P02,material_received,3890,,718dd0f242061482,0ff15dd9cdbd8258,SC-004
TX-0002190,2026-01-07 10:07:00,LOT-SUP-010-20260107-018,SUP-010,PRD-045,P03,material_received,21600,,0ff15dd9cdbd8258,8e59b31a7cbec086,SC-007
TX-0002191,2025-09-24 14:51:00,LOT-SUP-011-20250924-032,SUP-011,PRD-075,P03,line_release,3036,QCERT-00183,8e59b31a7cbec086,c5186fc1f71eaa51,SC-007
TX-0002192,2026-07-05 01:41:00,LOT-SUP-018-20260705-046,SUP-018,PRD-019,P01,line_release,2870,QCERT-00339,c5186fc1f71eaa51,35cfba5ab0f63a04,SC-002
TX-0002193,2026-05-10 06:20:00,LOT-SUP-007-20260510-042,SUP-007,PRD-073,P02,shipment_handover,13417,,35cfba5ab0f63a04,6c21f24dcb5f091c,SC-012
TX-0002194,2025-08-06 12:04:00,LOT-SUP-015-20250806-034,SUP-015,PRD-047,P02,material_received,13572,,6c21f24dcb5f091c,b0c99711278ca914,SC-008
TX-0002195,2026-05-21 15:47:00,LOT-SUP-016-20260521-044,SUP-016,PRD-063,P01,line_release,17254,QCERT-00888,b0c99711278ca914,29dc51e9379f5477,SC-006
TX-0002196,2025-10-01 14:26:00,LOT-SUP-002-20251001-023,SUP-002,PRD-001,P02,finished_goods,5882,,29dc51e9379f5477,e9b3dd2e17143284,SC-011
TX-0002197,2025-11-28 05:03:00,LOT-SUP-008-20251128-057,SUP-008,PRD-053,P03,finished_goods,6462,,e9b3dd2e17143284,b82602ea457aa92c,SC-006
TX-0002198,2025-09-09 20:06:00,LOT-SUP-005-20250909-050,SUP-005,PRD-022,P02,material_received,11693,,b82602ea457aa92c,b6e9fb571e12de4d,SC-010
TX-0002199,2026-07-17 21:35:00,LOT-SUP-008-20260717-025,SUP-008,PRD-033,P01,material_received,22858,,b6e9fb571e12de4d,6506ac7ae597267d,SC-005
TX-0002200,2026-02-11 16:26:00,LOT-SUP-007-20260211-038,SUP-007,PRD-073,P02,material_received,17040,,6506ac7ae597267d,1865b4f734b5fb37,SC-012
TX-0002201,2025-08-30 15:08:00,LOT-SUP-015-20250830-047,SUP-015,PRD-021,P03,material_received,24015,,1865b4f734b5fb37,59630eb1ab059f83,SC-011
TX-0002202,2025-10-12 23:06:00,LOT-SUP-011-20251012-010,SUP-011,PRD-075,P01,line_release,8000,QCERT-00585,59630eb1ab059f83,2d123b02981416ff,SC-011
TX-0002203,2026-02-26 01:59:00,LOT-SUP-001-20260226-038,SUP-001,PRD-046,P01,quality_certificate,24038,QCERT-00137,2d123b02981416ff,070ad7d06f92c8f9,SC-012
TX-0002204,2026-04-10 19:18:00,LOT-SUP-005-20260410-055,SUP-005,PRD-022,P03,line_release,11975,QCERT-00692,070ad7d06f92c8f9,106115a9c908e98c,SC-003
TX-0002205,2026-02-07 19:05:00,LOT-SUP-009-20260207-017,SUP-009,PRD-077,P03,material_received,18168,,106115a9c908e98c,6be722d2bf1321e7,SC-008
TX-0002206,2026-07-06 07:22:00,LOT-SUP-009-20260706-012,SUP-009,PRD-039,P02,material_received,8443,,6be722d2bf1321e7,ac35e533307f505f,SC-005
TX-0002207,2026-01-23 16:28:00,LOT-SUP-015-20260123-041,SUP-015,PRD-021,P02,line_release,15465,QCERT-00338,ac35e533307f505f,1daa4ec497a4c98f,SC-010
TX-0002208,2026-07-15 12:23:00,LOT-SUP-014-20260715-049,SUP-014,PRD-036,P01,quality_certificate,23175,QCERT-00675,1daa4ec497a4c98f,bb523d916e5cdf17,SC-012
TX-0002209,2026-02-02 20:25:00,LOT-SUP-012-20260202-001,SUP-012,PRD-012,P01,quality_certificate,9830,QCERT-00695,bb523d916e5cdf17,260ffec43907786d,SC-007
TX-0002210,2026-07-22 03:26:00,LOT-SUP-015-20260722-021,SUP-015,PRD-013,P02,line_release,18377,QCERT-00321,260ffec43907786d,defe9ddbb4eb803e,SC-007
TX-0002211,2026-07-14 01:24:00,LOT-SUP-006-20260714-008,SUP-006,PRD-049,P02,material_received,13984,,defe9ddbb4eb803e,c9bd46a96cc17373,SC-006
TX-0002212,2025-08-04 11:40:00,LOT-SUP-002-20250804-007,SUP-002,PRD-001,P01,finished_goods,23402,,c9bd46a96cc17373,9f9cc31a12b064bc,SC-007
TX-0002213,2026-07-04 15:46:00,LOT-SUP-006-20260704-048,SUP-006,PRD-052,P02,material_received,20324,,9f9cc31a12b064bc,a0ae805e57b00958,SC-005
TX-0002214,2025-11-10 03:50:00,LOT-SUP-004-20251110-037,SUP-004,PRD-059,P02,material_received,13486,,a0ae805e57b00958,2e562033002c298b,SC-011
TX-0002215,2026-06-23 14:50:00,LOT-SUP-008-20260623-044,SUP-008,PRD-007,P03,quality_certificate,11467,QCERT-00006,2e562033002c298b,5f9fb86ca65a23a1,SC-005
TX-0002216,2025-10-29 12:35:00,LOT-SUP-002-20251029-012,SUP-002,PRD-001,P01,line_release,9444,QCERT-00782,5f9fb86ca65a23a1,2eeda865ee053ca8,SC-009
TX-0002217,2026-01-23 12:54:00,LOT-SUP-009-20260123-058,SUP-009,PRD-051,P01,material_received,3178,,2eeda865ee053ca8,a5a4bf1d83831279,SC-008
TX-0002218,2025-08-26 11:00:00,LOT-SUP-003-20250826-055,SUP-003,PRD-035,P01,finished_goods,16881,,a5a4bf1d83831279,bdc8c8c98f50956d,SC-003
TX-0002219,2026-04-22 01:36:00,LOT-SUP-015-20260422-003,SUP-015,PRD-074,P02,line_release,11671,QCERT-00829,bdc8c8c98f50956d,6352df3e2180d142,SC-009
TX-0002220,2026-06-05 05:04:00,LOT-SUP-011-20260605-023,SUP-011,PRD-017,P03,line_release,10658,QCERT-00559,6352df3e2180d142,04730a0eb08d7bcd,SC-010
TX-0002221,2025-10-21 15:53:00,LOT-SUP-001-20251021-027,SUP-001,PRD-067,P03,material_received,12510,,04730a0eb08d7bcd,3976c05ec43b170b,SC-008
TX-0002222,2026-02-17 07:55:00,LOT-SUP-011-20260217-010,SUP-011,PRD-017,P03,material_received,10941,,3976c05ec43b170b,b26c2b2b9219ace5,SC-004
TX-0002223,2026-03-10 17:23:00,LOT-SUP-015-20260310-003,SUP-015,PRD-047,P01,finished_goods,10502,,b26c2b2b9219ace5,10ad39210d543133,SC-004
TX-0002224,2026-03-06 19:56:00,LOT-SUP-016-20260306-003,SUP-016,PRD-063,P01,shipment_handover,13214,,10ad39210d543133,e7f8130e5133cbc6,SC-011
TX-0002225,2025-08-13 18:19:00,LOT-SUP-015-20250813-050,SUP-015,PRD-047,P02,quality_certificate,20997,QCERT-00539,e7f8130e5133cbc6,d45e89236a51d701,SC-003
TX-0002226,2026-07-29 12:56:00,LOT-SUP-013-20260729-042,SUP-013,PRD-062,P02,quality_certificate,3210,QCERT-00652,d45e89236a51d701,ca0b4bdd458ff632,SC-003
TX-0002227,2026-05-15 03:58:00,LOT-SUP-015-20260515-026,SUP-015,PRD-021,P01,line_release,23804,QCERT-00849,ca0b4bdd458ff632,2e6342f52dac8012,SC-002
TX-0002228,2026-04-08 20:08:00,LOT-SUP-010-20260408-015,SUP-010,PRD-076,P03,quality_certificate,9538,QCERT-00875,2e6342f52dac8012,c1a9331012cf6ed5,SC-011
TX-0002229,2026-05-06 06:59:00,LOT-SUP-013-20260506-021,SUP-013,PRD-058,P02,finished_goods,704,,c1a9331012cf6ed5,a1393764f1b94893,SC-011
TX-0002230,2026-04-25 04:36:00,LOT-SUP-014-20260425-006,SUP-014,PRD-036,P02,material_received,4016,,a1393764f1b94893,c5cf5f9278a0baa3,SC-004
TX-0002231,2026-03-27 08:11:00,LOT-SUP-015-20260327-040,SUP-015,PRD-013,P02,material_received,6277,,c5cf5f9278a0baa3,1a252c61e4cb97ef,SC-009
TX-0002232,2026-05-02 11:18:00,LOT-SUP-006-20260502-057,SUP-006,PRD-052,P03,quality_certificate,9631,QCERT-00378,1a252c61e4cb97ef,cc01588b08930556,SC-001
TX-0002233,2025-10-20 03:03:00,LOT-SUP-009-20251020-025,SUP-009,PRD-077,P02,finished_goods,20279,,cc01588b08930556,16fa90459be3c65a,SC-005
TX-0002234,2026-04-16 09:48:00,LOT-SUP-012-20260416-014,SUP-012,PRD-015,P01,finished_goods,15008,,16fa90459be3c65a,33c263f390ab2c6c,SC-002
TX-0002235,2025-10-26 17:31:00,LOT-SUP-002-20251026-014,SUP-002,PRD-042,P03,material_received,3302,,33c263f390ab2c6c,a155a8e6163dd669,SC-001
TX-0002236,2026-05-02 14:35:00,LOT-SUP-006-20260502-032,SUP-006,PRD-040,P01,material_received,7300,,a155a8e6163dd669,9d58782bb9aeba17,SC-005
TX-0002237,2026-05-17 16:42:00,LOT-SUP-018-20260517-032,SUP-018,PRD-019,P01,material_received,2416,,9d58782bb9aeba17,c797e99a9a1a51a7,SC-009
TX-0002238,2026-02-02 01:11:00,LOT-SUP-008-20260202-028,SUP-008,PRD-037,P01,line_release,19811,QCERT-00869,c797e99a9a1a51a7,817bef53df7cf789,SC-003
TX-0002239,2026-02-07 13:19:00,LOT-SUP-006-20260207-037,SUP-006,PRD-049,P01,shipment_handover,2504,,817bef53df7cf789,fa3a2c0d3df80b03,SC-001
TX-0002240,2026-05-12 08:46:00,LOT-SUP-002-20260512-028,SUP-002,PRD-042,P02,finished_goods,3508,,fa3a2c0d3df80b03,9a46fbeaa7e2caf1,SC-004
TX-0002241,2026-02-28 02:26:00,LOT-SUP-016-20260228-033,SUP-016,PRD-008,P02,line_release,14373,QCERT-00856,9a46fbeaa7e2caf1,e318c5f5699c6919,SC-007
TX-0002242,2026-05-20 12:27:00,LOT-SUP-007-20260520-002,SUP-007,PRD-073,P01,line_release,12635,QCERT-00145,e318c5f5699c6919,61e1adc9d20da5f9,SC-007
TX-0002243,2025-09-04 09:04:00,LOT-SUP-005-20250904-052,SUP-005,PRD-005,P02,shipment_handover,10372,,61e1adc9d20da5f9,135c523e9d28aed7,SC-009
TX-0002244,2026-05-24 13:51:00,LOT-SUP-005-20260524-042,SUP-005,PRD-038,P03,material_received,20257,,135c523e9d28aed7,4d3dd83d2b32472b,SC-011
TX-0002245,2026-01-01 10:02:00,LOT-SUP-017-20260101-013,SUP-017,PRD-061,P03,shipment_handover,13649,,4d3dd83d2b32472b,0da895e5f1692eed,SC-009
TX-0002246,2025-10-18 20:27:00,LOT-SUP-015-20251018-007,SUP-015,PRD-003,P03,line_release,1037,QCERT-00280,0da895e5f1692eed,0317b7a80c8192c0,SC-007
TX-0002247,2026-05-08 11:58:00,LOT-SUP-002-20260508-040,SUP-002,PRD-027,P01,material_received,3709,,0317b7a80c8192c0,c7b51dea2587b248,SC-002
TX-0002248,2026-05-18 09:58:00,LOT-SUP-005-20260518-011,SUP-005,PRD-023,P02,quality_certificate,23091,QCERT-00550,c7b51dea2587b248,2c61f3432e5199d4,SC-009
TX-0002249,2026-06-15 20:16:00,LOT-SUP-003-20260615-039,SUP-003,PRD-060,P01,material_received,10209,,2c61f3432e5199d4,feeb6dfdd4754a21,SC-006
TX-0002250,2026-05-16 04:24:00,LOT-SUP-015-20260516-049,SUP-015,PRD-004,P03,line_release,5408,QCERT-00668,feeb6dfdd4754a21,f9ec86567f85d994,SC-001
TX-0002251,2025-08-25 08:00:00,LOT-SUP-015-20250825-016,SUP-015,PRD-003,P02,finished_goods,23988,,f9ec86567f85d994,6b4d086f2f1451e2,SC-005
TX-0002252,2026-04-13 17:40:00,LOT-SUP-017-20260413-024,SUP-017,PRD-061,P02,material_received,12774,,6b4d086f2f1451e2,ccc360c63e662326,SC-005
TX-0002253,2026-06-28 06:17:00,LOT-SUP-003-20260628-051,SUP-003,PRD-060,P01,quality_certificate,21318,QCERT-00418,ccc360c63e662326,80dbfd6f81f89441,SC-004
TX-0002254,2026-01-26 06:15:00,LOT-SUP-004-20260126-036,SUP-004,PRD-057,P03,finished_goods,20729,,80dbfd6f81f89441,7929c1d00ba20d26,SC-004
TX-0002255,2025-10-12 22:09:00,LOT-SUP-002-20251012-046,SUP-002,PRD-027,P01,material_received,20701,,7929c1d00ba20d26,a9cfc8ca4d4f1ba0,SC-002
TX-0002256,2025-08-11 11:26:00,LOT-SUP-016-20250811-057,SUP-016,PRD-080,P02,material_received,4320,,a9cfc8ca4d4f1ba0,136aaebccd480d2a,SC-012
TX-0002257,2026-07-14 13:03:00,LOT-SUP-009-20260714-028,SUP-009,PRD-034,P01,finished_goods,13329,,136aaebccd480d2a,c913f10dc13ae81f,SC-010
TX-0002258,2026-02-16 03:38:00,LOT-SUP-004-20260216-043,SUP-004,PRD-066,P03,material_received,3445,,c913f10dc13ae81f,cde05d05a80333cf,SC-010
TX-0002259,2025-10-21 02:44:00,LOT-SUP-017-20251021-019,SUP-017,PRD-009,P03,line_release,18249,QCERT-00756,cde05d05a80333cf,8ef6b8ab4d854464,SC-003
TX-0002260,2026-05-04 20:59:00,LOT-SUP-011-20260504-047,SUP-011,PRD-075,P03,finished_goods,17937,,8ef6b8ab4d854464,3f003673fe32e990,SC-003
TX-0002261,2025-09-01 08:47:00,LOT-SUP-006-20250901-045,SUP-006,PRD-049,P02,quality_certificate,18164,QCERT-00535,3f003673fe32e990,ff21d9005c7f6b34,SC-012
TX-0002262,2026-06-10 17:53:00,LOT-SUP-014-20260610-049,SUP-014,PRD-029,P03,line_release,19095,QCERT-00063,ff21d9005c7f6b34,fc4bf21a3d51663d,SC-010
TX-0002263,2026-06-10 17:32:00,LOT-SUP-009-20260610-045,SUP-009,PRD-032,P02,material_received,14469,,fc4bf21a3d51663d,c3fba1527b51b437,SC-008
TX-0002264,2026-07-23 01:29:00,LOT-SUP-017-20260723-014,SUP-017,PRD-030,P02,finished_goods,14463,,c3fba1527b51b437,2a4b1e756b016269,SC-012
TX-0002265,2025-10-21 10:23:00,LOT-SUP-016-20251021-043,SUP-016,PRD-008,P01,finished_goods,22322,,2a4b1e756b016269,626326e71e6b5679,SC-001
TX-0002266,2026-05-09 05:58:00,LOT-SUP-014-20260509-059,SUP-014,PRD-025,P01,line_release,14819,QCERT-00006,626326e71e6b5679,cf52f79a2c798223,SC-003
TX-0002267,2026-05-22 04:14:00,LOT-SUP-016-20260522-050,SUP-016,PRD-080,P01,finished_goods,21365,,cf52f79a2c798223,39830c8881c703a6,SC-010
TX-0002268,2025-08-05 07:54:00,LOT-SUP-004-20250805-058,SUP-004,PRD-050,P02,material_received,19279,,39830c8881c703a6,8e5e784cdeb32904,SC-008
TX-0002269,2026-03-29 09:48:00,LOT-SUP-013-20260329-017,SUP-013,PRD-062,P01,material_received,15352,,8e5e784cdeb32904,235dbdd9353e576c,SC-008
TX-0002270,2026-05-25 06:28:00,LOT-SUP-005-20260525-039,SUP-005,PRD-038,P02,line_release,18908,QCERT-00023,235dbdd9353e576c,a15e5f2ffa9fb07c,SC-009
TX-0002271,2026-06-28 13:02:00,LOT-SUP-009-20260628-055,SUP-009,PRD-034,P01,material_received,19616,,a15e5f2ffa9fb07c,dd4153b4e4a6ad46,SC-007
TX-0002272,2026-02-20 23:03:00,LOT-SUP-005-20260220-058,SUP-005,PRD-041,P03,finished_goods,15791,,dd4153b4e4a6ad46,9b6bc2ca3a134c87,SC-004
TX-0002273,2025-10-11 19:01:00,LOT-SUP-008-20251011-039,SUP-008,PRD-037,P02,quality_certificate,17435,QCERT-00788,9b6bc2ca3a134c87,1e1a4e6e0cd73e72,SC-010
TX-0002274,2026-03-29 04:33:00,LOT-SUP-008-20260329-056,SUP-008,PRD-007,P03,quality_certificate,23166,QCERT-00680,1e1a4e6e0cd73e72,e324f05b8b804834,SC-006
TX-0002275,2025-09-23 06:00:00,LOT-SUP-011-20250923-020,SUP-011,PRD-017,P03,quality_certificate,10657,QCERT-00898,e324f05b8b804834,102fb084a2c265ec,SC-010
TX-0002276,2025-12-09 08:27:00,LOT-SUP-011-20251209-019,SUP-011,PRD-075,P02,finished_goods,20728,,102fb084a2c265ec,4013f809834fcb58,SC-002
TX-0002277,2026-04-15 22:24:00,LOT-SUP-013-20260415-031,SUP-013,PRD-062,P02,line_release,23562,QCERT-00854,4013f809834fcb58,4f4d188d348234ce,SC-007
TX-0002278,2025-09-08 06:00:00,LOT-SUP-008-20250908-014,SUP-008,PRD-044,P01,line_release,12598,QCERT-00205,4f4d188d348234ce,82d47e3ba1d6b661,SC-002
TX-0002279,2026-07-30 17:02:00,LOT-SUP-009-20260730-021,SUP-009,PRD-032,P02,finished_goods,18337,,82d47e3ba1d6b661,97e75b5d27696858,SC-001
TX-0002280,2025-12-02 01:00:00,LOT-SUP-007-20251202-029,SUP-007,PRD-070,P02,line_release,24032,QCERT-00265,97e75b5d27696858,ea536b94dc469d17,SC-001
TX-0002281,2026-06-08 03:13:00,LOT-SUP-007-20260608-039,SUP-007,PRD-073,P02,material_received,8682,,ea536b94dc469d17,4edefd516d7e7fa1,SC-008
TX-0002282,2026-07-04 00:31:00,LOT-SUP-017-20260704-010,SUP-017,PRD-009,P01,line_release,10976,QCERT-00092,4edefd516d7e7fa1,ba928161bc523d7e,SC-006
TX-0002283,2026-07-14 04:10:00,LOT-SUP-003-20260714-016,SUP-003,PRD-071,P03,shipment_handover,9900,,ba928161bc523d7e,679c94955fc3e654,SC-010
TX-0002284,2025-09-11 15:20:00,LOT-SUP-015-20250911-025,SUP-015,PRD-047,P03,line_release,16751,QCERT-00289,679c94955fc3e654,e4990de8bfb2c439,SC-009
TX-0002285,2026-02-27 23:19:00,LOT-SUP-003-20260227-029,SUP-003,PRD-020,P03,quality_certificate,6174,QCERT-00111,e4990de8bfb2c439,d74edb41ab83f21e,SC-005
TX-0002286,2025-09-28 15:41:00,LOT-SUP-009-20250928-021,SUP-009,PRD-018,P03,line_release,22912,QCERT-00407,d74edb41ab83f21e,efd129cff9078cfc,SC-001
TX-0002287,2025-09-22 10:47:00,LOT-SUP-007-20250922-033,SUP-007,PRD-073,P02,line_release,22793,QCERT-00670,efd129cff9078cfc,8d3d4833f586bf5a,SC-010
TX-0002288,2026-01-18 07:51:00,LOT-SUP-016-20260118-042,SUP-016,PRD-008,P01,line_release,15082,QCERT-00225,8d3d4833f586bf5a,5bd8adcc7246430c,SC-006
TX-0002289,2026-06-01 19:55:00,LOT-SUP-003-20260601-038,SUP-003,PRD-020,P01,material_received,21268,,5bd8adcc7246430c,1286a007bbaa288d,SC-001
TX-0002290,2025-09-25 07:27:00,LOT-SUP-014-20250925-021,SUP-014,PRD-029,P01,material_received,20748,,1286a007bbaa288d,e4de4c64c6636bd1,SC-005
TX-0002291,2025-08-06 18:03:00,LOT-SUP-005-20250806-020,SUP-005,PRD-022,P02,line_release,3839,QCERT-00372,e4de4c64c6636bd1,7d48e6c1973096e3,SC-009
TX-0002292,2025-09-28 00:37:00,LOT-SUP-017-20250928-056,SUP-017,PRD-009,P03,line_release,19224,QCERT-00123,7d48e6c1973096e3,169646350f55903c,SC-004
TX-0002293,2026-02-28 00:25:00,LOT-SUP-015-20260228-027,SUP-015,PRD-074,P01,material_received,6632,,169646350f55903c,d4427168cd9f6d7b,SC-009
TX-0002294,2026-07-01 06:10:00,LOT-SUP-005-20260701-025,SUP-005,PRD-023,P03,line_release,15720,QCERT-00418,d4427168cd9f6d7b,5d241876d74454fa,SC-010
TX-0002295,2025-08-04 12:10:00,LOT-SUP-002-20250804-059,SUP-002,PRD-042,P02,finished_goods,12014,,5d241876d74454fa,e5856e69b869649a,SC-006
TX-0002296,2026-07-11 19:11:00,LOT-SUP-016-20260711-044,SUP-016,PRD-080,P01,material_received,3253,,e5856e69b869649a,b6a3161084cb11de,SC-005
TX-0002297,2025-11-18 10:39:00,LOT-SUP-015-20251118-025,SUP-015,PRD-013,P01,finished_goods,1638,,b6a3161084cb11de,94ceb79c5e867f48,SC-007
TX-0002298,2026-04-26 04:27:00,LOT-SUP-002-20260426-018,SUP-002,PRD-042,P01,shipment_handover,3538,,94ceb79c5e867f48,ad9d49ca3299587a,SC-010
TX-0002299,2026-03-23 01:55:00,LOT-SUP-016-20260323-013,SUP-016,PRD-008,P02,line_release,19671,QCERT-00124,ad9d49ca3299587a,f6950710f58704c4,SC-001
TX-0002300,2026-05-09 02:50:00,LOT-SUP-012-20260509-004,SUP-012,PRD-012,P02,finished_goods,1557,,f6950710f58704c4,804b697c19123585,SC-010
TX-0002301,2026-06-21 13:28:00,LOT-SUP-016-20260621-043,SUP-016,PRD-063,P01,shipment_handover,19111,,804b697c19123585,423498b07010d98e,SC-001
TX-0002302,2026-05-13 08:06:00,LOT-SUP-013-20260513-053,SUP-013,PRD-079,P03,quality_certificate,23409,QCERT-00493,423498b07010d98e,d6481a645c5f28ce,SC-001
TX-0002303,2025-11-26 10:13:00,LOT-SUP-016-20251126-006,SUP-016,PRD-043,P02,material_received,16129,,d6481a645c5f28ce,2b7b6ba1f8dd85e7,SC-012
TX-0002304,2026-06-15 17:21:00,LOT-SUP-005-20260615-036,SUP-005,PRD-022,P03,material_received,2881,,2b7b6ba1f8dd85e7,5cb8bd8528f18b8e,SC-001
TX-0002305,2026-03-23 15:57:00,LOT-SUP-003-20260323-044,SUP-003,PRD-020,P03,line_release,11606,QCERT-00756,5cb8bd8528f18b8e,2eb067ebcf9fc2c1,SC-009
TX-0002306,2025-08-05 08:37:00,LOT-SUP-016-20250805-036,SUP-016,PRD-008,P02,material_received,16277,,2eb067ebcf9fc2c1,17985df4cb6e24cc,SC-001
TX-0002307,2026-01-27 14:39:00,LOT-SUP-011-20260127-048,SUP-011,PRD-017,P01,material_received,21098,,17985df4cb6e24cc,2a610e3d31dddf2d,SC-012
TX-0002308,2026-06-28 05:59:00,LOT-SUP-007-20260628-042,SUP-007,PRD-073,P03,line_release,20211,QCERT-00098,2a610e3d31dddf2d,ebeb9bba19451809,SC-001
TX-0002309,2025-11-15 04:19:00,LOT-SUP-010-20251115-013,SUP-010,PRD-028,P01,finished_goods,13568,,ebeb9bba19451809,7dc8c8ceb2095570,SC-007
TX-0002310,2026-06-18 01:29:00,LOT-SUP-003-20260618-015,SUP-003,PRD-072,P03,shipment_handover,3939,,7dc8c8ceb2095570,1fe7550ec91abea9,SC-008
TX-0002311,2026-01-17 18:44:00,LOT-SUP-005-20260117-018,SUP-005,PRD-005,P03,quality_certificate,3315,QCERT-00604,1fe7550ec91abea9,f52c8b09937181e7,SC-010
TX-0002312,2025-12-09 10:29:00,LOT-SUP-008-20251209-011,SUP-008,PRD-053,P01,finished_goods,16478,,f52c8b09937181e7,7b58e7d90aa07000,SC-008
TX-0002313,2026-02-20 03:08:00,LOT-SUP-015-20260220-004,SUP-015,PRD-003,P01,material_received,19810,,7b58e7d90aa07000,3febfe4a2d460ee4,SC-003
TX-0002314,2025-12-29 21:50:00,LOT-SUP-010-20251229-017,SUP-010,PRD-056,P02,shipment_handover,18501,,3febfe4a2d460ee4,d729cc6195b904fd,SC-004
TX-0002315,2025-08-05 01:46:00,LOT-SUP-017-20250805-051,SUP-017,PRD-030,P02,finished_goods,17584,,d729cc6195b904fd,201f85fd8dd5a7de,SC-009
TX-0002316,2025-10-05 18:13:00,LOT-SUP-009-20251005-049,SUP-009,PRD-039,P03,material_received,21727,,201f85fd8dd5a7de,7528b731b3ebaaa3,SC-003
TX-0002317,2026-04-13 19:08:00,LOT-SUP-013-20260413-006,SUP-013,PRD-079,P02,material_received,13083,,7528b731b3ebaaa3,1dab7ff964553c39,SC-008
TX-0002318,2026-04-16 00:34:00,LOT-SUP-009-20260416-048,SUP-009,PRD-039,P01,material_received,14886,,1dab7ff964553c39,0fe00757c7470d39,SC-008
TX-0002319,2026-02-05 14:06:00,LOT-SUP-005-20260205-015,SUP-005,PRD-041,P01,finished_goods,7976,,0fe00757c7470d39,c50de258ce7a7e5d,SC-009
TX-0002320,2026-07-07 05:12:00,LOT-SUP-003-20260707-049,SUP-003,PRD-060,P03,quality_certificate,23666,QCERT-00134,c50de258ce7a7e5d,bc4a00f7150da333,SC-010
TX-0002321,2025-11-06 06:54:00,LOT-SUP-009-20251106-048,SUP-009,PRD-034,P01,finished_goods,8201,,bc4a00f7150da333,f609da85bacad232,SC-007
TX-0002322,2026-06-21 11:44:00,LOT-SUP-007-20260621-025,SUP-007,PRD-073,P02,finished_goods,10477,,f609da85bacad232,5c69f3a3b9cbec56,SC-012
TX-0002323,2026-05-11 03:13:00,LOT-SUP-011-20260511-021,SUP-011,PRD-075,P01,material_received,11854,,5c69f3a3b9cbec56,2644798c4d391827,SC-005
TX-0002324,2025-11-22 02:48:00,LOT-SUP-011-20251122-057,SUP-011,PRD-017,P03,line_release,16867,QCERT-00637,2644798c4d391827,f1495af53247a6f7,SC-012
TX-0002325,2026-07-31 09:11:00,LOT-SUP-004-20260731-056,SUP-004,PRD-069,P03,material_received,11857,,f1495af53247a6f7,5e4a152e7101c96e,SC-007
TX-0002326,2026-03-28 16:49:00,LOT-SUP-007-20260328-030,SUP-007,PRD-070,P03,material_received,17149,,5e4a152e7101c96e,22142e993e5cd38b,SC-010
TX-0002327,2025-11-30 03:15:00,LOT-SUP-008-20251130-006,SUP-008,PRD-033,P02,material_received,10151,,22142e993e5cd38b,28573032c1b524fe,SC-008
TX-0002328,2025-08-01 20:03:00,LOT-SUP-007-20250801-026,SUP-007,PRD-073,P03,finished_goods,3675,,28573032c1b524fe,e93ddb522a33cae4,SC-011
TX-0002329,2026-01-13 13:04:00,LOT-SUP-006-20260113-018,SUP-006,PRD-049,P01,shipment_handover,11670,,e93ddb522a33cae4,312484c37d28774a,SC-001
TX-0002330,2025-08-26 13:35:00,LOT-SUP-010-20250826-017,SUP-010,PRD-076,P03,line_release,12865,QCERT-00193,312484c37d28774a,eee6ba7953791b76,SC-008
TX-0002331,2025-09-02 17:32:00,LOT-SUP-002-20250902-034,SUP-002,PRD-042,P02,line_release,11426,QCERT-00600,eee6ba7953791b76,0440b936617dcd63,SC-003
TX-0002332,2025-10-25 14:33:00,LOT-SUP-006-20251025-053,SUP-006,PRD-065,P02,line_release,12860,QCERT-00294,0440b936617dcd63,41b32c8918dccbce,SC-009
TX-0002333,2025-11-23 02:09:00,LOT-SUP-009-20251123-039,SUP-009,PRD-039,P03,material_received,18194,,41b32c8918dccbce,b24a02642bf103dc,SC-001
TX-0002334,2026-02-21 18:42:00,LOT-SUP-002-20260221-030,SUP-002,PRD-027,P03,line_release,7581,QCERT-00495,b24a02642bf103dc,2527e8684a92ed94,SC-009
TX-0002335,2025-09-28 14:29:00,LOT-SUP-003-20250928-058,SUP-003,PRD-020,P03,shipment_handover,15085,,2527e8684a92ed94,e0d1d2d74229cf2b,SC-002
TX-0002336,2025-08-04 02:05:00,LOT-SUP-009-20250804-002,SUP-009,PRD-039,P02,line_release,20329,QCERT-00592,e0d1d2d74229cf2b,764696b8d26f94fa,SC-004
TX-0002337,2025-09-26 20:11:00,LOT-SUP-009-20250926-020,SUP-009,PRD-051,P01,quality_certificate,22225,QCERT-00568,764696b8d26f94fa,45596d0621873865,SC-012
TX-0002338,2026-06-30 13:15:00,LOT-SUP-002-20260630-016,SUP-002,PRD-027,P03,finished_goods,13303,,45596d0621873865,04b16d02d024ac75,SC-007
TX-0002339,2026-07-03 02:38:00,LOT-SUP-007-20260703-028,SUP-007,PRD-073,P03,material_received,8533,,04b16d02d024ac75,a1751de8c7867f5a,SC-010
TX-0002340,2025-11-06 05:23:00,LOT-SUP-004-20251106-056,SUP-004,PRD-059,P03,line_release,10236,QCERT-00059,a1751de8c7867f5a,98846c6e0c3e7518,SC-010
TX-0002341,2025-12-09 16:23:00,LOT-SUP-001-20251209-014,SUP-001,PRD-011,P02,line_release,19662,QCERT-00841,98846c6e0c3e7518,22271577f323b5a3,SC-007
TX-0002342,2026-07-13 01:19:00,LOT-SUP-006-20260713-024,SUP-006,PRD-049,P01,line_release,4120,QCERT-00288,22271577f323b5a3,28410d7f2d74d3af,SC-001
TX-0002343,2025-09-03 05:28:00,LOT-SUP-017-20250903-039,SUP-017,PRD-061,P01,finished_goods,1226,,28410d7f2d74d3af,ecac4ca2d3e5be05,SC-005
TX-0002344,2026-03-09 18:51:00,LOT-SUP-008-20260309-045,SUP-008,PRD-033,P03,shipment_handover,22522,,ecac4ca2d3e5be05,97ed1964a7ddea79,SC-007
TX-0002345,2026-07-03 18:05:00,LOT-SUP-015-20260703-037,SUP-015,PRD-003,P02,finished_goods,9213,,97ed1964a7ddea79,79d74678e3514a15,SC-002
TX-0002346,2026-03-24 18:32:00,LOT-SUP-003-20260324-027,SUP-003,PRD-035,P02,quality_certificate,8233,QCERT-00747,79d74678e3514a15,8f3aa1a36a5a6615,SC-011
TX-0002347,2026-03-13 22:33:00,LOT-SUP-003-20260313-057,SUP-003,PRD-060,P03,material_received,13790,,8f3aa1a36a5a6615,554d7ea7d3855ff0,SC-006
TX-0002348,2026-03-01 19:15:00,LOT-SUP-007-20260301-001,SUP-007,PRD-070,P03,shipment_handover,22884,,554d7ea7d3855ff0,1a1de6fc9784ef77,SC-007
TX-0002349,2025-12-08 13:51:00,LOT-SUP-002-20251208-015,SUP-002,PRD-042,P01,shipment_handover,22402,,1a1de6fc9784ef77,b0046ca685de0ecc,SC-010
TX-0002350,2025-08-24 02:13:00,LOT-SUP-016-20250824-054,SUP-016,PRD-008,P02,line_release,6150,QCERT-00825,b0046ca685de0ecc,e47ac52f67d31bd8,SC-012
TX-0002351,2026-04-17 23:40:00,LOT-SUP-005-20260417-008,SUP-005,PRD-022,P01,shipment_handover,9686,,e47ac52f67d31bd8,1e5ac328e71fdd25,SC-008
TX-0002352,2025-12-03 23:57:00,LOT-SUP-003-20251203-055,SUP-003,PRD-078,P03,material_received,8051,,1e5ac328e71fdd25,7bccb73533d960ea,SC-009
TX-0002353,2026-02-04 12:25:00,LOT-SUP-016-20260204-024,SUP-016,PRD-008,P03,material_received,522,,7bccb73533d960ea,c2ad4d52241f81d9,SC-010
TX-0002354,2025-10-11 10:29:00,LOT-SUP-001-20251011-058,SUP-001,PRD-046,P02,finished_goods,19168,,c2ad4d52241f81d9,bb634b45d1744bd7,SC-002
TX-0002355,2026-03-16 14:25:00,LOT-SUP-015-20260316-006,SUP-015,PRD-021,P01,material_received,23080,,bb634b45d1744bd7,3b05daa13e5989ed,SC-001
TX-0002356,2026-05-14 19:43:00,LOT-SUP-001-20260514-043,SUP-001,PRD-046,P03,finished_goods,16920,,3b05daa13e5989ed,12f49329f7f4b127,SC-012
TX-0002357,2026-01-24 12:31:00,LOT-SUP-010-20260124-006,SUP-010,PRD-076,P01,quality_certificate,13608,QCERT-00459,12f49329f7f4b127,c15857d6260f89b9,SC-006
TX-0002358,2026-05-26 23:20:00,LOT-SUP-007-20260526-060,SUP-007,PRD-070,P02,finished_goods,6343,,c15857d6260f89b9,bd84b0b69dca90dc,SC-012
TX-0002359,2026-02-23 11:46:00,LOT-SUP-003-20260223-016,SUP-003,PRD-072,P02,material_received,17925,,bd84b0b69dca90dc,b7a9637341d4deb1,SC-009
TX-0002360,2026-06-07 02:00:00,LOT-SUP-017-20260607-006,SUP-017,PRD-009,P01,shipment_handover,19398,,b7a9637341d4deb1,c95a5968962fd8db,SC-008
TX-0002361,2026-07-16 07:01:00,LOT-SUP-009-20260716-023,SUP-009,PRD-051,P01,finished_goods,7933,,c95a5968962fd8db,ecae9076dc65950e,SC-002
TX-0002362,2026-06-22 05:20:00,LOT-SUP-008-20260622-022,SUP-008,PRD-037,P03,material_received,6537,,ecae9076dc65950e,38f5eabb5e71dc08,SC-010
TX-0002363,2025-08-10 23:55:00,LOT-SUP-013-20250810-008,SUP-013,PRD-058,P01,material_received,1335,,38f5eabb5e71dc08,cb0f6bc846162489,SC-003
TX-0002364,2025-08-03 17:21:00,LOT-SUP-003-20250803-050,SUP-003,PRD-078,P01,shipment_handover,2154,,cb0f6bc846162489,121ae17a63a0a6b3,SC-010
TX-0002365,2025-08-16 15:13:00,LOT-SUP-005-20250816-049,SUP-005,PRD-023,P02,quality_certificate,19097,QCERT-00556,121ae17a63a0a6b3,ee1b17a6910e66ce,SC-005
TX-0002366,2026-03-23 01:55:00,LOT-SUP-005-20260323-029,SUP-005,PRD-024,P02,material_received,11814,,ee1b17a6910e66ce,a654ad7e6859f56c,SC-008
TX-0002367,2026-03-06 17:54:00,LOT-SUP-013-20260306-059,SUP-013,PRD-062,P02,material_received,6028,,a654ad7e6859f56c,a3318764a5a69727,SC-006
TX-0002368,2026-06-16 22:18:00,LOT-SUP-004-20260616-029,SUP-004,PRD-066,P01,material_received,1415,,a3318764a5a69727,1648ee6ed783028a,SC-007
TX-0002369,2025-08-06 05:31:00,LOT-SUP-002-20250806-014,SUP-002,PRD-001,P03,finished_goods,14571,,1648ee6ed783028a,6ecbe69c42f3bec3,SC-003
TX-0002370,2026-07-24 05:33:00,LOT-SUP-017-20260724-052,SUP-017,PRD-030,P02,material_received,6622,,6ecbe69c42f3bec3,45ef477a38760fc6,SC-004
TX-0002371,2026-01-21 09:09:00,LOT-SUP-005-20260121-060,SUP-005,PRD-014,P03,material_received,9144,,45ef477a38760fc6,b999afe68cc827f2,SC-002
TX-0002372,2025-08-07 18:04:00,LOT-SUP-002-20250807-008,SUP-002,PRD-001,P01,line_release,22711,QCERT-00441,b999afe68cc827f2,f2e3ee12990a5e8c,SC-005
TX-0002373,2026-03-06 22:16:00,LOT-SUP-010-20260306-008,SUP-010,PRD-028,P02,quality_certificate,19087,QCERT-00542,f2e3ee12990a5e8c,056228d0a1b078ca,SC-012
TX-0002374,2025-08-13 08:08:00,LOT-SUP-002-20250813-004,SUP-002,PRD-064,P03,shipment_handover,20782,,056228d0a1b078ca,04e37a0f443b14fd,SC-004
TX-0002375,2025-08-30 15:18:00,LOT-SUP-017-20250830-029,SUP-017,PRD-061,P03,material_received,14969,,04e37a0f443b14fd,454588180a7c7fd4,SC-005
TX-0002376,2026-07-17 05:50:00,LOT-SUP-002-20260717-027,SUP-002,PRD-064,P03,material_received,20119,,454588180a7c7fd4,c25d822090a50d47,SC-002
TX-0002377,2026-07-15 18:06:00,LOT-SUP-012-20260715-019,SUP-012,PRD-006,P01,line_release,23944,QCERT-00832,c25d822090a50d47,5c64f7868943bd18,SC-009
TX-0002378,2026-07-19 12:33:00,LOT-SUP-012-20260719-007,SUP-012,PRD-006,P02,material_received,20468,,5c64f7868943bd18,4553653c9b212246,SC-003
TX-0002379,2025-09-21 05:04:00,LOT-SUP-011-20250921-020,SUP-011,PRD-075,P02,line_release,17779,QCERT-00461,4553653c9b212246,6ecbae9019ee3609,SC-002
TX-0002380,2026-05-03 14:50:00,LOT-SUP-018-20260503-045,SUP-018,PRD-019,P02,line_release,21826,QCERT-00429,6ecbae9019ee3609,d0d2ca6658eaca0b,SC-007
TX-0002381,2025-09-23 10:48:00,LOT-SUP-014-20250923-018,SUP-014,PRD-029,P02,shipment_handover,19541,,d0d2ca6658eaca0b,6f05f79e682413c9,SC-011
TX-0002382,2026-01-20 22:13:00,LOT-SUP-012-20260120-033,SUP-012,PRD-015,P03,material_received,17204,,6f05f79e682413c9,d7befb2497a0e660,SC-011
TX-0002383,2025-12-09 13:30:00,LOT-SUP-002-20251209-015,SUP-002,PRD-027,P02,shipment_handover,2301,,d7befb2497a0e660,26ed96e7d18f3daf,SC-001
TX-0002384,2026-02-22 05:59:00,LOT-SUP-004-20260222-001,SUP-004,PRD-057,P01,quality_certificate,7999,QCERT-00631,26ed96e7d18f3daf,418e77feaa0ecb6a,SC-007
TX-0002385,2026-05-29 00:34:00,LOT-SUP-010-20260529-013,SUP-010,PRD-045,P01,shipment_handover,1418,,418e77feaa0ecb6a,3b2199915b156061,SC-009
TX-0002386,2026-04-12 17:21:00,LOT-SUP-016-20260412-029,SUP-016,PRD-080,P03,material_received,12094,,3b2199915b156061,b88f08fd78134a03,SC-009
TX-0002387,2026-04-15 20:28:00,LOT-SUP-008-20260415-051,SUP-008,PRD-007,P01,line_release,8191,QCERT-00680,b88f08fd78134a03,b15fdb2b85e99189,SC-008
TX-0002388,2026-04-01 06:00:00,LOT-SUP-016-20260401-055,SUP-016,PRD-080,P01,material_received,18394,,b15fdb2b85e99189,f59a62f51c6fd9d1,SC-008
TX-0002389,2026-04-21 22:02:00,LOT-SUP-015-20260421-048,SUP-015,PRD-031,P02,finished_goods,18943,,f59a62f51c6fd9d1,b9163623ecc649a1,SC-008
TX-0002390,2026-04-21 22:05:00,LOT-SUP-017-20260421-021,SUP-017,PRD-030,P01,line_release,14159,QCERT-00352,b9163623ecc649a1,8293feff5a3ab953,SC-004
TX-0002391,2026-02-17 02:07:00,LOT-SUP-004-20260217-037,SUP-004,PRD-069,P03,shipment_handover,20798,,8293feff5a3ab953,05037b90402cf7d5,SC-006
TX-0002392,2026-06-16 12:25:00,LOT-SUP-010-20260616-031,SUP-010,PRD-076,P01,material_received,18570,,05037b90402cf7d5,6d191af78878be48,SC-011
TX-0002393,2026-05-22 16:59:00,LOT-SUP-012-20260522-004,SUP-012,PRD-012,P03,finished_goods,532,,6d191af78878be48,d3f56aa6ceef2021,SC-008
TX-0002394,2026-01-16 11:03:00,LOT-SUP-009-20260116-010,SUP-009,PRD-018,P02,finished_goods,21224,,d3f56aa6ceef2021,3638948d3be3252c,SC-003
TX-0002395,2026-07-18 08:19:00,LOT-SUP-015-20260718-036,SUP-015,PRD-003,P03,shipment_handover,14578,,3638948d3be3252c,5855ed04805ab411,SC-007
TX-0002396,2025-10-07 13:37:00,LOT-SUP-015-20251007-032,SUP-015,PRD-074,P03,material_received,11917,,5855ed04805ab411,b4fbca1f026dd495,SC-006
TX-0002397,2026-07-23 22:47:00,LOT-SUP-006-20260723-013,SUP-006,PRD-052,P03,line_release,4098,QCERT-00654,b4fbca1f026dd495,fcaf54d1245f3c40,SC-001
TX-0002398,2025-09-29 21:36:00,LOT-SUP-003-20250929-039,SUP-003,PRD-020,P03,finished_goods,11129,,fcaf54d1245f3c40,f566c9bcabbc01c5,SC-009
TX-0002399,2026-01-29 17:54:00,LOT-SUP-012-20260129-052,SUP-012,PRD-012,P03,quality_certificate,19697,QCERT-00266,f566c9bcabbc01c5,4072dec8c9f0118e,SC-003
TX-0002400,2025-10-26 06:11:00,LOT-SUP-007-20251026-019,SUP-007,PRD-070,P01,shipment_handover,4943,,4072dec8c9f0118e,b45d58fc1678ff03,SC-001
TX-0002401,2026-07-02 13:49:00,LOT-SUP-005-20260702-020,SUP-005,PRD-041,P03,quality_certificate,2755,QCERT-00313,b45d58fc1678ff03,4ea8740f2415b598,SC-012
TX-0002402,2025-09-04 15:26:00,LOT-SUP-006-20250904-048,SUP-006,PRD-049,P01,line_release,23112,QCERT-00213,4ea8740f2415b598,8476590dfaa0bc21,SC-012
TX-0002403,2026-07-30 17:22:00,LOT-SUP-002-20260730-052,SUP-002,PRD-042,P01,line_release,16728,QCERT-00776,8476590dfaa0bc21,9ddbebac7630d992,SC-011
TX-0002404,2026-03-05 07:01:00,LOT-SUP-003-20260305-054,SUP-003,PRD-072,P02,material_received,22269,,9ddbebac7630d992,da9e4afbd75b139b,SC-007
TX-0002405,2025-12-29 05:30:00,LOT-SUP-001-20251229-020,SUP-001,PRD-046,P01,material_received,18933,,da9e4afbd75b139b,18207eaeb45e853d,SC-005
TX-0002406,2026-04-06 02:22:00,LOT-SUP-010-20260406-034,SUP-010,PRD-045,P01,line_release,3298,QCERT-00521,18207eaeb45e853d,80716e69c4263f34,SC-001
TX-0002407,2025-11-08 05:29:00,LOT-SUP-017-20251108-053,SUP-017,PRD-030,P01,shipment_handover,24563,,80716e69c4263f34,14adc6176550c2fb,SC-007
TX-0002408,2026-04-28 16:58:00,LOT-SUP-017-20260428-006,SUP-017,PRD-061,P01,material_received,11602,,14adc6176550c2fb,346f76b47d19524a,SC-007
TX-0002409,2026-01-23 09:00:00,LOT-SUP-005-20260123-006,SUP-005,PRD-016,P03,finished_goods,16148,,346f76b47d19524a,15389659fd6e75c8,SC-011
TX-0002410,2025-11-20 18:19:00,LOT-SUP-010-20251120-006,SUP-010,PRD-076,P03,line_release,24513,QCERT-00826,15389659fd6e75c8,1ef5946697b2d720,SC-011
TX-0002411,2026-04-08 20:13:00,LOT-SUP-007-20260408-005,SUP-007,PRD-070,P02,shipment_handover,9384,,1ef5946697b2d720,49de75545dbba189,SC-008
TX-0002412,2026-05-14 18:44:00,LOT-SUP-009-20260514-003,SUP-009,PRD-039,P03,finished_goods,13807,,49de75545dbba189,c14c4571d70a554d,SC-009
TX-0002413,2026-07-11 05:52:00,LOT-SUP-003-20260711-022,SUP-003,PRD-078,P03,quality_certificate,15894,QCERT-00448,c14c4571d70a554d,30d8b501442821c7,SC-002
TX-0002414,2026-04-12 06:35:00,LOT-SUP-008-20260412-033,SUP-008,PRD-044,P02,quality_certificate,10173,QCERT-00173,30d8b501442821c7,d4381a0f3438069e,SC-004
TX-0002415,2026-01-04 11:11:00,LOT-SUP-016-20260104-053,SUP-016,PRD-043,P03,material_received,12631,,d4381a0f3438069e,afc9c0cf1b0ec576,SC-004
TX-0002416,2026-05-18 01:03:00,LOT-SUP-016-20260518-050,SUP-016,PRD-080,P02,finished_goods,3988,,afc9c0cf1b0ec576,42d23899184a1e28,SC-004
TX-0002417,2026-06-27 08:57:00,LOT-SUP-013-20260627-011,SUP-013,PRD-054,P02,material_received,14610,,42d23899184a1e28,8aaa6e35b21ac8a8,SC-001
TX-0002418,2026-03-12 22:03:00,LOT-SUP-002-20260312-024,SUP-002,PRD-001,P02,material_received,12185,,8aaa6e35b21ac8a8,70b08ba9f2165b2e,SC-008
TX-0002419,2025-09-21 05:34:00,LOT-SUP-003-20250921-010,SUP-003,PRD-060,P01,shipment_handover,13494,,70b08ba9f2165b2e,51df751eb283680e,SC-006
TX-0002420,2026-01-02 02:06:00,LOT-SUP-018-20260102-044,SUP-018,PRD-019,P03,shipment_handover,19214,,51df751eb283680e,bd397cab56e47074,SC-007
TX-0002421,2025-10-19 22:25:00,LOT-SUP-009-20251019-057,SUP-009,PRD-077,P01,material_received,19683,,bd397cab56e47074,3a629c5566019d68,SC-002
TX-0002422,2026-06-10 04:48:00,LOT-SUP-001-20260610-030,SUP-001,PRD-068,P02,material_received,4274,,3a629c5566019d68,b56c674562866797,SC-004
TX-0002423,2025-09-18 07:04:00,LOT-SUP-008-20250918-016,SUP-008,PRD-044,P03,quality_certificate,14141,QCERT-00471,b56c674562866797,d549930aa80fb41b,SC-007
TX-0002424,2025-08-17 02:40:00,LOT-SUP-014-20250817-039,SUP-014,PRD-025,P02,line_release,21677,QCERT-00556,d549930aa80fb41b,4a30d158eade950e,SC-009
TX-0002425,2025-11-04 18:53:00,LOT-SUP-009-20251104-051,SUP-009,PRD-077,P03,finished_goods,6625,,4a30d158eade950e,bff868150a740371,SC-009
TX-0002426,2026-03-06 20:17:00,LOT-SUP-015-20260306-034,SUP-015,PRD-003,P02,material_received,20259,,bff868150a740371,09d777a40361194a,SC-008
TX-0002427,2025-10-10 22:49:00,LOT-SUP-008-20251010-039,SUP-008,PRD-033,P01,line_release,3381,QCERT-00096,09d777a40361194a,b71b3dd154d5a250,SC-003
TX-0002428,2026-02-24 20:26:00,LOT-SUP-006-20260224-029,SUP-006,PRD-040,P01,material_received,7691,,b71b3dd154d5a250,18b87e567959ddac,SC-001
TX-0002429,2026-03-24 04:06:00,LOT-SUP-006-20260324-040,SUP-006,PRD-065,P02,line_release,21610,QCERT-00333,18b87e567959ddac,c88bdefe0082a6ca,SC-007
TX-0002430,2026-07-18 01:31:00,LOT-SUP-018-20260718-019,SUP-018,PRD-019,P02,quality_certificate,1760,QCERT-00784,c88bdefe0082a6ca,a03b84155256e173,SC-003
TX-0002431,2026-06-19 11:47:00,LOT-SUP-005-20260619-013,SUP-005,PRD-014,P01,quality_certificate,4502,QCERT-00317,a03b84155256e173,ab608569bbd9eeff,SC-011
TX-0002432,2025-11-10 01:13:00,LOT-SUP-002-20251110-034,SUP-002,PRD-042,P02,material_received,4222,,ab608569bbd9eeff,f912251734655670,SC-005
TX-0002433,2026-02-16 12:46:00,LOT-SUP-018-20260216-025,SUP-018,PRD-019,P02,finished_goods,5106,,f912251734655670,a22f253581c87846,SC-004
TX-0002434,2025-12-06 15:51:00,LOT-SUP-002-20251206-009,SUP-002,PRD-064,P03,material_received,3114,,a22f253581c87846,f572411e198923c1,SC-008
TX-0002435,2026-01-21 17:21:00,LOT-SUP-005-20260121-005,SUP-005,PRD-014,P02,material_received,15375,,f572411e198923c1,171ebd3d6f645c2a,SC-008
TX-0002436,2026-01-28 11:47:00,LOT-SUP-012-20260128-013,SUP-012,PRD-006,P01,material_received,9907,,171ebd3d6f645c2a,34e1e1b3c0459ab5,SC-005
TX-0002437,2026-01-30 21:59:00,LOT-SUP-005-20260130-032,SUP-005,PRD-005,P03,finished_goods,1647,,34e1e1b3c0459ab5,57452e1e742b27ee,SC-003
TX-0002438,2025-08-21 22:03:00,LOT-SUP-015-20250821-005,SUP-015,PRD-004,P02,material_received,3331,,57452e1e742b27ee,4eed47170d618b7b,SC-007
TX-0002439,2026-01-21 18:54:00,LOT-SUP-011-20260121-041,SUP-011,PRD-075,P01,finished_goods,15218,,4eed47170d618b7b,79f73a6b49decf6f,SC-008
TX-0002440,2026-03-05 05:52:00,LOT-SUP-002-20260305-018,SUP-002,PRD-064,P02,quality_certificate,8856,QCERT-00339,79f73a6b49decf6f,bfe8126d06ee0c45,SC-010
TX-0002441,2025-10-26 23:14:00,LOT-SUP-003-20251026-045,SUP-003,PRD-035,P03,material_received,20507,,bfe8126d06ee0c45,1fcab33fab56d18e,SC-001
TX-0002442,2026-01-01 18:47:00,LOT-SUP-014-20260101-003,SUP-014,PRD-036,P02,quality_certificate,14954,QCERT-00604,1fcab33fab56d18e,a363c19ccfafab49,SC-012
TX-0002443,2026-06-25 18:37:00,LOT-SUP-010-20260625-052,SUP-010,PRD-010,P02,line_release,9341,QCERT-00359,a363c19ccfafab49,e0bc58e7afd3898f,SC-012
TX-0002444,2026-07-20 17:24:00,LOT-SUP-016-20260720-004,SUP-016,PRD-080,P03,material_received,24161,,e0bc58e7afd3898f,40a8157ec6b6da3c,SC-011
TX-0002445,2025-11-23 16:39:00,LOT-SUP-016-20251123-045,SUP-016,PRD-080,P02,material_received,18830,,40a8157ec6b6da3c,f527629fad764533,SC-010
TX-0002446,2025-11-15 23:15:00,LOT-SUP-009-20251115-036,SUP-009,PRD-039,P03,line_release,5718,QCERT-00334,f527629fad764533,114e9427cbba5a0b,SC-002
TX-0002447,2025-11-29 08:25:00,LOT-SUP-004-20251129-014,SUP-004,PRD-059,P03,shipment_handover,19363,,114e9427cbba5a0b,a7a64a2d153c8c99,SC-004
TX-0002448,2026-04-25 08:09:00,LOT-SUP-010-20260425-030,SUP-010,PRD-056,P02,line_release,13940,QCERT-00356,a7a64a2d153c8c99,78ea3a9332abe363,SC-008
TX-0002449,2025-12-11 13:13:00,LOT-SUP-006-20251211-003,SUP-006,PRD-040,P02,line_release,2330,QCERT-00578,78ea3a9332abe363,b36a0a6a2361b998,SC-009
TX-0002450,2026-02-14 08:37:00,LOT-SUP-009-20260214-045,SUP-009,PRD-018,P03,line_release,10968,QCERT-00875,b36a0a6a2361b998,f97176e880e7b8c9,SC-011
TX-0002451,2026-06-28 01:23:00,LOT-SUP-015-20260628-019,SUP-015,PRD-047,P03,material_received,8088,,f97176e880e7b8c9,5c6b06a6394abfde,SC-009
TX-0002452,2026-03-05 14:09:00,LOT-SUP-005-20260305-006,SUP-005,PRD-005,P02,shipment_handover,20350,,5c6b06a6394abfde,eccfb36bc1aa2474,SC-011
TX-0002453,2026-03-11 08:08:00,LOT-SUP-003-20260311-027,SUP-003,PRD-078,P01,material_received,1294,,eccfb36bc1aa2474,1173f98bbc206bae,SC-011
TX-0002454,2026-04-29 16:04:00,LOT-SUP-007-20260429-006,SUP-007,PRD-073,P01,finished_goods,3026,,1173f98bbc206bae,5a110bc2a1b3043e,SC-001
TX-0002455,2025-10-13 22:30:00,LOT-SUP-012-20251013-046,SUP-012,PRD-006,P02,finished_goods,22113,,5a110bc2a1b3043e,bb861fa721c181a9,SC-008
TX-0002456,2026-02-23 15:19:00,LOT-SUP-008-20260223-020,SUP-008,PRD-002,P01,shipment_handover,871,,bb861fa721c181a9,5112b2acfd7fbed9,SC-004
TX-0002457,2026-02-16 23:16:00,LOT-SUP-006-20260216-050,SUP-006,PRD-049,P02,line_release,2924,QCERT-00045,5112b2acfd7fbed9,2378fd2e84fa658a,SC-005
TX-0002458,2026-01-09 08:42:00,LOT-SUP-015-20260109-002,SUP-015,PRD-013,P03,material_received,5339,,2378fd2e84fa658a,b30982b15553aecf,SC-001
TX-0002459,2025-12-07 18:47:00,LOT-SUP-016-20251207-010,SUP-016,PRD-043,P01,finished_goods,23015,,b30982b15553aecf,3d7583db6b1a1206,SC-010
TX-0002460,2026-02-05 00:01:00,LOT-SUP-012-20260205-039,SUP-012,PRD-012,P01,material_received,20256,,3d7583db6b1a1206,4716fab3cbece12b,SC-006
TX-0002461,2025-11-01 14:23:00,LOT-SUP-007-20251101-007,SUP-007,PRD-055,P02,finished_goods,9613,,4716fab3cbece12b,87d7a27a64fe65eb,SC-006
TX-0002462,2026-05-01 15:10:00,LOT-SUP-001-20260501-037,SUP-001,PRD-011,P01,material_received,19493,,87d7a27a64fe65eb,05851841f5679bab,SC-012
TX-0002463,2026-05-31 02:31:00,LOT-SUP-005-20260531-042,SUP-005,PRD-023,P01,line_release,1866,QCERT-00832,05851841f5679bab,6c798ddd41fd7126,SC-012
TX-0002464,2025-11-22 03:32:00,LOT-SUP-016-20251122-045,SUP-016,PRD-063,P01,line_release,20497,QCERT-00039,6c798ddd41fd7126,30323d3e573afd4e,SC-002
TX-0002465,2026-04-30 02:48:00,LOT-SUP-009-20260430-034,SUP-009,PRD-048,P01,material_received,22059,,30323d3e573afd4e,79504ebeba1e7228,SC-011
TX-0002466,2025-08-17 11:10:00,LOT-SUP-009-20250817-012,SUP-009,PRD-018,P02,line_release,23896,QCERT-00457,79504ebeba1e7228,1b327502cebfa32c,SC-009
TX-0002467,2026-03-27 14:30:00,LOT-SUP-009-20260327-005,SUP-009,PRD-077,P03,finished_goods,7817,,1b327502cebfa32c,d2c25c09370951f8,SC-010
TX-0002468,2025-11-01 09:21:00,LOT-SUP-001-20251101-029,SUP-001,PRD-068,P02,line_release,14718,QCERT-00558,d2c25c09370951f8,0eee1d96608c63d3,SC-012
TX-0002469,2025-12-05 11:00:00,LOT-SUP-003-20251205-053,SUP-003,PRD-071,P03,material_received,1010,,0eee1d96608c63d3,147d795b4ae51b12,SC-008
TX-0002470,2026-07-23 03:36:00,LOT-SUP-008-20260723-004,SUP-008,PRD-044,P03,line_release,4275,QCERT-00293,147d795b4ae51b12,01eb0202ce1abd0d,SC-005
TX-0002471,2026-04-13 22:02:00,LOT-SUP-006-20260413-027,SUP-006,PRD-052,P01,shipment_handover,12533,,01eb0202ce1abd0d,da124a7ea3466db6,SC-006
TX-0002472,2026-03-17 23:13:00,LOT-SUP-008-20260317-010,SUP-008,PRD-033,P03,quality_certificate,9800,QCERT-00445,da124a7ea3466db6,13b5552923de8359,SC-011
TX-0002473,2026-05-25 01:04:00,LOT-SUP-005-20260525-023,SUP-005,PRD-024,P02,shipment_handover,23382,,13b5552923de8359,2adf6fa055efdbf4,SC-003
TX-0002474,2026-03-29 07:21:00,LOT-SUP-009-20260329-014,SUP-009,PRD-051,P02,material_received,3719,,2adf6fa055efdbf4,64f0a01814838403,SC-004
TX-0002475,2026-06-27 12:54:00,LOT-SUP-002-20260627-022,SUP-002,PRD-064,P03,material_received,24969,,64f0a01814838403,07dc8f1a15563377,SC-010
TX-0002476,2026-07-07 15:11:00,LOT-SUP-004-20260707-057,SUP-004,PRD-059,P02,line_release,16791,QCERT-00759,07dc8f1a15563377,963d9cabb18b8e14,SC-011
TX-0002477,2026-01-23 07:37:00,LOT-SUP-007-20260123-034,SUP-007,PRD-073,P01,material_received,14837,,963d9cabb18b8e14,f3aa6efe5c0d1563,SC-009
TX-0002478,2025-08-23 14:52:00,LOT-SUP-004-20250823-002,SUP-004,PRD-050,P03,line_release,21684,QCERT-00829,f3aa6efe5c0d1563,e123ee08b98766e1,SC-008
TX-0002479,2025-12-13 21:00:00,LOT-SUP-013-20251213-045,SUP-013,PRD-054,P01,line_release,11612,QCERT-00779,e123ee08b98766e1,abd37a4f0bd825d2,SC-007
TX-0002480,2025-12-30 18:15:00,LOT-SUP-006-20251230-038,SUP-006,PRD-065,P02,finished_goods,4685,,abd37a4f0bd825d2,b2738638966d9a44,SC-004
TX-0002481,2026-05-04 09:20:00,LOT-SUP-008-20260504-031,SUP-008,PRD-033,P01,finished_goods,1800,,b2738638966d9a44,1e388675958542f1,SC-011
TX-0002482,2026-03-15 20:44:00,LOT-SUP-001-20260315-054,SUP-001,PRD-068,P01,finished_goods,14088,,1e388675958542f1,8a77a3b3ae157697,SC-002
TX-0002483,2026-07-20 07:02:00,LOT-SUP-004-20260720-036,SUP-004,PRD-050,P01,material_received,16483,,8a77a3b3ae157697,e37d669b15dc6bac,SC-006
TX-0002484,2025-10-23 04:00:00,LOT-SUP-004-20251023-056,SUP-004,PRD-057,P03,material_received,9808,,e37d669b15dc6bac,4f36a3cb7b4f9e3f,SC-007
TX-0002485,2026-06-03 05:54:00,LOT-SUP-002-20260603-032,SUP-002,PRD-064,P01,material_received,24567,,4f36a3cb7b4f9e3f,0420c73ca6872f96,SC-007
TX-0002486,2026-06-25 11:53:00,LOT-SUP-005-20260625-055,SUP-005,PRD-016,P02,material_received,23916,,0420c73ca6872f96,252d29be3b54fc35,SC-004
TX-0002487,2026-03-22 07:28:00,LOT-SUP-009-20260322-025,SUP-009,PRD-034,P03,shipment_handover,22699,,252d29be3b54fc35,697a93264996c0af,SC-003
TX-0002488,2026-03-27 20:15:00,LOT-SUP-006-20260327-024,SUP-006,PRD-040,P03,line_release,8978,QCERT-00596,697a93264996c0af,ab307d33e453a4a8,SC-006
TX-0002489,2026-01-30 03:17:00,LOT-SUP-009-20260130-033,SUP-009,PRD-051,P02,material_received,21188,,ab307d33e453a4a8,d1737aa2c0f8910c,SC-009
TX-0002490,2026-07-12 22:23:00,LOT-SUP-003-20260712-011,SUP-003,PRD-020,P03,finished_goods,7971,,d1737aa2c0f8910c,97df1b2cdf479c04,SC-007
TX-0002491,2025-09-16 04:57:00,LOT-SUP-016-20250916-026,SUP-016,PRD-043,P03,material_received,12765,,97df1b2cdf479c04,6f88a0717d3196e1,SC-005
TX-0002492,2026-06-12 05:57:00,LOT-SUP-006-20260612-010,SUP-006,PRD-040,P02,line_release,23591,QCERT-00492,6f88a0717d3196e1,377923c6116ee19b,SC-004
TX-0002493,2025-11-12 17:14:00,LOT-SUP-004-20251112-048,SUP-004,PRD-050,P02,shipment_handover,19299,,377923c6116ee19b,75b869105942a3a6,SC-008
TX-0002494,2025-12-16 11:45:00,LOT-SUP-003-20251216-056,SUP-003,PRD-020,P02,finished_goods,17087,,75b869105942a3a6,c5ecb3b9d32d41bf,SC-007
TX-0002495,2025-08-01 16:55:00,LOT-SUP-009-20250801-021,SUP-009,PRD-077,P03,quality_certificate,13365,QCERT-00344,c5ecb3b9d32d41bf,dc189a6283bdfa27,SC-010
TX-0002496,2025-09-10 16:16:00,LOT-SUP-012-20250910-023,SUP-012,PRD-015,P03,quality_certificate,19220,QCERT-00379,dc189a6283bdfa27,cc5af103d9524fad,SC-008
TX-0002497,2026-06-16 00:51:00,LOT-SUP-004-20260616-019,SUP-004,PRD-066,P02,finished_goods,4032,,cc5af103d9524fad,aff9c27cb1033c9d,SC-006
TX-0002498,2026-02-11 14:28:00,LOT-SUP-010-20260211-004,SUP-010,PRD-045,P03,shipment_handover,2802,,aff9c27cb1033c9d,e0137a69427c30da,SC-003
TX-0002499,2025-08-15 06:06:00,LOT-SUP-014-20250815-028,SUP-014,PRD-029,P03,shipment_handover,20142,,e0137a69427c30da,671a67f330322307,SC-012
TX-0002500,2026-04-23 21:25:00,LOT-SUP-006-20260423-046,SUP-006,PRD-049,P03,line_release,12998,QCERT-00579,671a67f330322307,a9d0c15f0c9d3f35,SC-007
TX-0002501,2026-01-13 13:57:00,LOT-SUP-001-20260113-010,SUP-001,PRD-011,P02,shipment_handover,16449,,a9d0c15f0c9d3f35,e98cbc891b303a5d,SC-008
TX-0002502,2026-02-27 11:27:00,LOT-SUP-017-20260227-017,SUP-017,PRD-009,P02,material_received,1803,,e98cbc891b303a5d,dd73a301261dc86f,SC-002
TX-0002503,2026-06-06 22:06:00,LOT-SUP-009-20260606-048,SUP-009,PRD-048,P01,material_received,519,,dd73a301261dc86f,562c429dd82bf434,SC-011
TX-0002504,2026-03-09 02:24:00,LOT-SUP-003-20260309-042,SUP-003,PRD-020,P01,finished_goods,1397,,562c429dd82bf434,b474de8f3f2225fc,SC-008
TX-0002505,2025-12-30 17:58:00,LOT-SUP-008-20251230-018,SUP-008,PRD-053,P01,material_received,4317,,b474de8f3f2225fc,5493ac9038e6ca04,SC-009
TX-0002506,2026-04-24 16:04:00,LOT-SUP-002-20260424-008,SUP-002,PRD-027,P01,line_release,23964,QCERT-00575,5493ac9038e6ca04,2b169389b5d86a6b,SC-009
TX-0002507,2025-08-07 14:16:00,LOT-SUP-017-20250807-034,SUP-017,PRD-009,P02,material_received,16983,,2b169389b5d86a6b,dc0d8d91e2a68803,SC-007
TX-0002508,2025-08-25 20:03:00,LOT-SUP-007-20250825-036,SUP-007,PRD-073,P01,line_release,12091,QCERT-00839,dc0d8d91e2a68803,83202f563561cf91,SC-004
TX-0002509,2025-11-20 02:27:00,LOT-SUP-005-20251120-038,SUP-005,PRD-038,P01,material_received,24086,,83202f563561cf91,8c76bc2c2e3c421e,SC-006
TX-0002510,2026-07-31 11:08:00,LOT-SUP-005-20260731-003,SUP-005,PRD-022,P03,line_release,4426,QCERT-00370,8c76bc2c2e3c421e,6eaecc703521ad83,SC-002
TX-0002511,2026-03-01 20:27:00,LOT-SUP-007-20260301-031,SUP-007,PRD-073,P03,shipment_handover,8991,,6eaecc703521ad83,117eb5f3efa0f59e,SC-011
TX-0002512,2026-04-04 06:25:00,LOT-SUP-015-20260404-015,SUP-015,PRD-003,P02,shipment_handover,10962,,117eb5f3efa0f59e,dd4b6a5a0638e97c,SC-003
TX-0002513,2025-08-30 12:43:00,LOT-SUP-013-20250830-008,SUP-013,PRD-062,P03,material_received,15579,,dd4b6a5a0638e97c,ad74e22b05d1796f,SC-003
TX-0002514,2025-09-17 20:22:00,LOT-SUP-015-20250917-047,SUP-015,PRD-021,P03,quality_certificate,6953,QCERT-00559,ad74e22b05d1796f,fbc341975fb76bce,SC-010
TX-0002515,2025-11-20 18:43:00,LOT-SUP-006-20251120-045,SUP-006,PRD-049,P03,material_received,15474,,fbc341975fb76bce,a2b77849716ecb91,SC-012
TX-0002516,2025-11-14 17:39:00,LOT-SUP-016-20251114-010,SUP-016,PRD-008,P01,finished_goods,21262,,a2b77849716ecb91,3a3a6629af2365a9,SC-007
TX-0002517,2026-07-20 01:46:00,LOT-SUP-017-20260720-003,SUP-017,PRD-009,P01,line_release,1002,QCERT-00053,3a3a6629af2365a9,9f1abc855e15e86e,SC-009
TX-0002518,2026-07-23 16:01:00,LOT-SUP-008-20260723-025,SUP-008,PRD-037,P01,material_received,12391,,9f1abc855e15e86e,2357af0af37ce16e,SC-003
TX-0002519,2025-11-02 06:34:00,LOT-SUP-009-20251102-007,SUP-009,PRD-077,P02,shipment_handover,2226,,2357af0af37ce16e,31f6ec911a6efc29,SC-002
TX-0002520,2025-12-13 19:46:00,LOT-SUP-001-20251213-010,SUP-001,PRD-067,P03,line_release,8230,QCERT-00360,31f6ec911a6efc29,5a494934761f8e88,SC-006
TX-0002521,2026-05-14 22:55:00,LOT-SUP-015-20260514-033,SUP-015,PRD-031,P01,material_received,21215,,5a494934761f8e88,3d8f0ceeb44154ef,SC-009
TX-0002522,2026-06-25 22:27:00,LOT-SUP-004-20260625-049,SUP-004,PRD-057,P02,line_release,3254,QCERT-00041,3d8f0ceeb44154ef,1639a6cc16f95911,SC-012
TX-0002523,2025-08-29 04:07:00,LOT-SUP-004-20250829-023,SUP-004,PRD-059,P02,material_received,17099,,1639a6cc16f95911,7037251e7ac4f3be,SC-005
TX-0002524,2026-06-24 07:19:00,LOT-SUP-006-20260624-042,SUP-006,PRD-049,P02,line_release,14707,QCERT-00782,7037251e7ac4f3be,c66ed822b9e707f4,SC-011
TX-0002525,2025-11-23 10:10:00,LOT-SUP-015-20251123-004,SUP-015,PRD-047,P01,quality_certificate,5503,QCERT-00402,c66ed822b9e707f4,1ad5b5e37557e13b,SC-008
TX-0002526,2025-11-26 18:27:00,LOT-SUP-012-20251126-002,SUP-012,PRD-012,P01,finished_goods,24372,,1ad5b5e37557e13b,e7d5905a2bf29b96,SC-012
TX-0002527,2026-07-18 09:24:00,LOT-SUP-015-20260718-059,SUP-015,PRD-074,P01,finished_goods,23913,,e7d5905a2bf29b96,2bf0348d56a82024,SC-012
TX-0002528,2025-08-02 07:54:00,LOT-SUP-012-20250802-048,SUP-012,PRD-015,P01,quality_certificate,7112,QCERT-00345,2bf0348d56a82024,8c948a283e8fcd59,SC-006
TX-0002529,2026-06-08 17:37:00,LOT-SUP-004-20260608-058,SUP-004,PRD-059,P01,material_received,21473,,8c948a283e8fcd59,243d567b86f36aaa,SC-010
TX-0002530,2025-09-15 19:13:00,LOT-SUP-007-20250915-040,SUP-007,PRD-073,P01,material_received,12131,,243d567b86f36aaa,dbda73dafe888136,SC-007
TX-0002531,2026-03-16 19:10:00,LOT-SUP-014-20260316-021,SUP-014,PRD-025,P02,line_release,12106,QCERT-00057,dbda73dafe888136,0011cdf8ee4f8710,SC-009
TX-0002532,2025-12-04 10:22:00,LOT-SUP-008-20251204-058,SUP-008,PRD-037,P03,finished_goods,12568,,0011cdf8ee4f8710,4b42e214d74c7394,SC-011
TX-0002533,2026-05-20 14:24:00,LOT-SUP-008-20260520-010,SUP-008,PRD-053,P02,finished_goods,2879,,4b42e214d74c7394,54cf8a1ea886a386,SC-011
TX-0002534,2026-01-24 02:11:00,LOT-SUP-004-20260124-008,SUP-004,PRD-059,P01,material_received,7794,,54cf8a1ea886a386,9fcae999c44ac183,SC-004
TX-0002535,2026-04-04 05:19:00,LOT-SUP-004-20260404-021,SUP-004,PRD-050,P03,shipment_handover,4585,,9fcae999c44ac183,ab93c0d9770f29c3,SC-011
TX-0002536,2025-11-05 01:53:00,LOT-SUP-015-20251105-043,SUP-015,PRD-013,P02,material_received,12739,,ab93c0d9770f29c3,54c26fddaeb1d0e2,SC-010
TX-0002537,2026-04-24 05:21:00,LOT-SUP-003-20260424-059,SUP-003,PRD-060,P03,finished_goods,17432,,54c26fddaeb1d0e2,0558c6e970f134df,SC-005
TX-0002538,2025-11-09 09:44:00,LOT-SUP-010-20251109-048,SUP-010,PRD-056,P02,line_release,17911,QCERT-00674,0558c6e970f134df,4db1739d6fc8c15e,SC-004
TX-0002539,2025-09-08 06:11:00,LOT-SUP-007-20250908-025,SUP-007,PRD-055,P01,quality_certificate,17316,QCERT-00292,4db1739d6fc8c15e,1d180f77f63bf184,SC-006
TX-0002540,2025-08-17 13:41:00,LOT-SUP-003-20250817-005,SUP-003,PRD-071,P01,line_release,3656,QCERT-00544,1d180f77f63bf184,890c5335a449b651,SC-007
TX-0002541,2026-06-24 22:40:00,LOT-SUP-015-20260624-022,SUP-015,PRD-003,P02,line_release,23609,QCERT-00688,890c5335a449b651,8f1ef0d110d6dade,SC-010
TX-0002542,2026-01-15 08:52:00,LOT-SUP-008-20260115-022,SUP-008,PRD-053,P03,material_received,4690,,8f1ef0d110d6dade,c832f74ef4e6087a,SC-012
TX-0002543,2026-05-06 21:53:00,LOT-SUP-009-20260506-012,SUP-009,PRD-032,P02,line_release,6005,QCERT-00332,c832f74ef4e6087a,ac436a19c3b4ca17,SC-012
TX-0002544,2026-05-10 08:42:00,LOT-SUP-012-20260510-037,SUP-012,PRD-012,P02,quality_certificate,9834,QCERT-00527,ac436a19c3b4ca17,a4f04a8f387f8150,SC-007
TX-0002545,2026-05-24 17:51:00,LOT-SUP-004-20260524-010,SUP-004,PRD-059,P02,finished_goods,24841,,a4f04a8f387f8150,b40ae9e0b63eb7d1,SC-002
TX-0002546,2026-04-28 16:48:00,LOT-SUP-010-20260428-031,SUP-010,PRD-045,P02,material_received,11394,,b40ae9e0b63eb7d1,fc64cbad620d851a,SC-011
TX-0002547,2025-12-10 18:40:00,LOT-SUP-001-20251210-047,SUP-001,PRD-011,P03,finished_goods,24498,,fc64cbad620d851a,576ed92e9358e653,SC-006
TX-0002548,2025-11-29 11:41:00,LOT-SUP-008-20251129-036,SUP-008,PRD-026,P03,material_received,9910,,576ed92e9358e653,7a941415e02d2683,SC-001
TX-0002549,2025-10-03 09:22:00,LOT-SUP-001-20251003-008,SUP-001,PRD-011,P01,shipment_handover,11529,,7a941415e02d2683,2b5e0323a7fe8e4c,SC-005
TX-0002550,2026-07-01 13:14:00,LOT-SUP-010-20260701-042,SUP-010,PRD-045,P02,quality_certificate,24755,QCERT-00307,2b5e0323a7fe8e4c,621f9cc67ed51a6e,SC-001
TX-0002551,2026-07-14 17:26:00,LOT-SUP-015-20260714-042,SUP-015,PRD-013,P03,finished_goods,11898,,621f9cc67ed51a6e,7a0a789e2558c27d,SC-009
TX-0002552,2026-01-05 12:11:00,LOT-SUP-005-20260105-003,SUP-005,PRD-023,P01,line_release,16940,QCERT-00692,7a0a789e2558c27d,920e57fa28577958,SC-005
TX-0002553,2026-05-14 13:33:00,LOT-SUP-004-20260514-017,SUP-004,PRD-059,P01,material_received,16608,,920e57fa28577958,cbc7e397f9db32eb,SC-011
TX-0002554,2025-12-05 01:53:00,LOT-SUP-004-20251205-047,SUP-004,PRD-066,P02,shipment_handover,24102,,cbc7e397f9db32eb,c2e1a182143b93ed,SC-011
TX-0002555,2025-12-21 10:17:00,LOT-SUP-005-20251221-019,SUP-005,PRD-038,P02,finished_goods,20986,,c2e1a182143b93ed,efc18b0f92b4e9d1,SC-003
TX-0002556,2026-06-27 07:34:00,LOT-SUP-002-20260627-060,SUP-002,PRD-064,P02,line_release,9212,QCERT-00278,efc18b0f92b4e9d1,688860639977b1d4,SC-004
TX-0002557,2025-11-17 00:40:00,LOT-SUP-005-20251117-060,SUP-005,PRD-038,P02,shipment_handover,14814,,688860639977b1d4,510e0bb4c3c1c828,SC-011
TX-0002558,2025-09-04 08:37:00,LOT-SUP-005-20250904-059,SUP-005,PRD-022,P01,finished_goods,19054,,510e0bb4c3c1c828,bb4daa4fa82a3fb4,SC-012
TX-0002559,2026-05-14 14:22:00,LOT-SUP-008-20260514-019,SUP-008,PRD-033,P02,shipment_handover,7237,,bb4daa4fa82a3fb4,f3b2b6626af8596c,SC-005
TX-0002560,2026-01-26 00:19:00,LOT-SUP-011-20260126-060,SUP-011,PRD-017,P03,material_received,6663,,f3b2b6626af8596c,9a2f3026d7338d43,SC-010
TX-0002561,2026-05-23 02:25:00,LOT-SUP-015-20260523-033,SUP-015,PRD-031,P01,line_release,7739,QCERT-00628,9a2f3026d7338d43,b75fcfb6dd9f20e8,SC-009
TX-0002562,2026-06-05 09:32:00,LOT-SUP-014-20260605-027,SUP-014,PRD-029,P02,material_received,1330,,b75fcfb6dd9f20e8,b49b90e208a1d595,SC-005
TX-0002563,2026-04-19 15:44:00,LOT-SUP-009-20260419-029,SUP-009,PRD-032,P01,line_release,10734,QCERT-00867,b49b90e208a1d595,4334c932f3eea23f,SC-002
TX-0002564,2026-06-14 04:21:00,LOT-SUP-015-20260614-005,SUP-015,PRD-074,P01,quality_certificate,10097,QCERT-00690,4334c932f3eea23f,6563009087db6b64,SC-007
TX-0002565,2025-09-12 21:09:00,LOT-SUP-008-20250912-041,SUP-008,PRD-053,P02,material_received,9371,,6563009087db6b64,1f4a5adb0216211f,SC-011
TX-0002566,2025-09-22 16:47:00,LOT-SUP-001-20250922-052,SUP-001,PRD-011,P02,line_release,21521,QCERT-00389,1f4a5adb0216211f,d1033103f0e94b4b,SC-006
TX-0002567,2026-05-28 05:24:00,LOT-SUP-009-20260528-003,SUP-009,PRD-039,P02,quality_certificate,4010,QCERT-00060,d1033103f0e94b4b,4e6fb7f8a85e2c94,SC-008
TX-0002568,2026-03-21 17:03:00,LOT-SUP-001-20260321-011,SUP-001,PRD-011,P02,finished_goods,11550,,4e6fb7f8a85e2c94,f960253c5dbd31b0,SC-012
TX-0002569,2025-09-25 08:44:00,LOT-SUP-012-20250925-052,SUP-012,PRD-015,P01,quality_certificate,22770,QCERT-00488,f960253c5dbd31b0,3c399d9f32815daf,SC-009
TX-0002570,2026-06-30 22:16:00,LOT-SUP-008-20260630-037,SUP-008,PRD-026,P02,material_received,4721,,3c399d9f32815daf,b00e966917a763fa,SC-004
TX-0002571,2026-02-27 13:43:00,LOT-SUP-002-20260227-056,SUP-002,PRD-042,P02,quality_certificate,10341,QCERT-00860,b00e966917a763fa,507e0f7b285d3b6d,SC-002
TX-0002572,2026-04-23 10:49:00,LOT-SUP-002-20260423-008,SUP-002,PRD-042,P02,material_received,3414,,507e0f7b285d3b6d,af7f078b7c802209,SC-005
TX-0002573,2026-07-13 08:26:00,LOT-SUP-003-20260713-035,SUP-003,PRD-078,P03,line_release,13891,QCERT-00394,af7f078b7c802209,62a10a86578e2b86,SC-010
TX-0002574,2025-10-23 19:53:00,LOT-SUP-001-20251023-006,SUP-001,PRD-046,P01,line_release,21648,QCERT-00202,62a10a86578e2b86,70b60ded8f84c6bc,SC-003
TX-0002575,2025-12-24 01:13:00,LOT-SUP-008-20251224-024,SUP-008,PRD-026,P02,line_release,2496,QCERT-00030,70b60ded8f84c6bc,a17b8245b37f2823,SC-005
TX-0002576,2025-09-13 22:39:00,LOT-SUP-007-20250913-059,SUP-007,PRD-055,P02,line_release,9998,QCERT-00156,a17b8245b37f2823,b39c6769e167a7a4,SC-010
TX-0002577,2025-12-30 15:42:00,LOT-SUP-009-20251230-049,SUP-009,PRD-034,P01,shipment_handover,22781,,b39c6769e167a7a4,4fcac1048fa9d05a,SC-008
TX-0002578,2026-03-14 23:42:00,LOT-SUP-001-20260314-048,SUP-001,PRD-011,P03,shipment_handover,9444,,4fcac1048fa9d05a,d3d76a8af7b91099,SC-007
TX-0002579,2026-06-19 19:07:00,LOT-SUP-003-20260619-006,SUP-003,PRD-072,P01,line_release,4950,QCERT-00518,d3d76a8af7b91099,cb9fb996f78c06d9,SC-007
TX-0002580,2025-10-13 06:38:00,LOT-SUP-009-20251013-032,SUP-009,PRD-039,P03,material_received,11296,,cb9fb996f78c06d9,e8c06f84f53059c1,SC-010
TX-0002581,2026-01-22 13:42:00,LOT-SUP-004-20260122-031,SUP-004,PRD-050,P03,finished_goods,19682,,e8c06f84f53059c1,127aac9158d68eff,SC-011
TX-0002582,2025-11-30 22:52:00,LOT-SUP-018-20251130-001,SUP-018,PRD-019,P03,quality_certificate,9249,QCERT-00741,127aac9158d68eff,23f320060f2cebcf,SC-004
TX-0002583,2026-07-16 04:14:00,LOT-SUP-001-20260716-010,SUP-001,PRD-011,P03,shipment_handover,20036,,23f320060f2cebcf,ae398fa1606c240f,SC-006
TX-0002584,2026-07-27 15:09:00,LOT-SUP-003-20260727-037,SUP-003,PRD-072,P03,finished_goods,20089,,ae398fa1606c240f,2616dee85d278184,SC-007
TX-0002585,2026-07-29 17:53:00,LOT-SUP-010-20260729-054,SUP-010,PRD-028,P03,quality_certificate,21503,QCERT-00586,2616dee85d278184,e37f60216daa9b13,SC-011
TX-0002586,2025-11-02 23:13:00,LOT-SUP-003-20251102-004,SUP-003,PRD-035,P03,shipment_handover,1669,,e37f60216daa9b13,fc4d0baefd07f784,SC-001
TX-0002587,2026-07-04 00:09:00,LOT-SUP-015-20260704-033,SUP-015,PRD-021,P02,finished_goods,21151,,fc4d0baefd07f784,b2d19f3d65a375d6,SC-006
TX-0002588,2026-07-06 12:54:00,LOT-SUP-005-20260706-043,SUP-005,PRD-023,P01,line_release,14514,QCERT-00538,b2d19f3d65a375d6,6d5c1b337609e9bb,SC-011
TX-0002589,2026-05-27 17:41:00,LOT-SUP-014-20260527-050,SUP-014,PRD-029,P01,quality_certificate,17977,QCERT-00400,6d5c1b337609e9bb,2d5e9a19d4836d01,SC-001
TX-0002590,2026-01-22 00:58:00,LOT-SUP-007-20260122-039,SUP-007,PRD-073,P02,material_received,15250,,2d5e9a19d4836d01,bd2cf93a33f0a60c,SC-004
TX-0002591,2025-08-31 13:58:00,LOT-SUP-005-20250831-001,SUP-005,PRD-041,P02,material_received,4710,,bd2cf93a33f0a60c,824c85b7f10a6f8a,SC-007
TX-0002592,2025-08-16 20:25:00,LOT-SUP-013-20250816-033,SUP-013,PRD-054,P01,material_received,13738,,824c85b7f10a6f8a,f6df7bd0b17387b0,SC-008
TX-0002593,2025-08-24 12:37:00,LOT-SUP-014-20250824-028,SUP-014,PRD-025,P01,shipment_handover,4080,,f6df7bd0b17387b0,1cac67fb8f9ecc7c,SC-002
TX-0002594,2025-10-09 09:01:00,LOT-SUP-010-20251009-026,SUP-010,PRD-010,P03,finished_goods,11947,,1cac67fb8f9ecc7c,52cee13817be086c,SC-002
TX-0002595,2025-09-14 15:43:00,LOT-SUP-013-20250914-016,SUP-013,PRD-054,P01,shipment_handover,16137,,52cee13817be086c,9fd323aab4a9d0a0,SC-005
TX-0002596,2025-11-24 19:35:00,LOT-SUP-011-20251124-039,SUP-011,PRD-017,P03,material_received,5597,,9fd323aab4a9d0a0,8ccab8d32de6065e,SC-005
TX-0002597,2026-04-08 15:05:00,LOT-SUP-002-20260408-015,SUP-002,PRD-027,P02,material_received,855,,8ccab8d32de6065e,e870090c11216521,SC-001
TX-0002598,2025-08-05 14:43:00,LOT-SUP-005-20250805-008,SUP-005,PRD-016,P02,finished_goods,17428,,e870090c11216521,dfbb0abfa0e9e14a,SC-012
TX-0002599,2026-02-25 19:58:00,LOT-SUP-015-20260225-002,SUP-015,PRD-031,P03,line_release,7022,QCERT-00177,dfbb0abfa0e9e14a,57c4a94eaf73a94c,SC-009
TX-0002600,2025-12-23 21:48:00,LOT-SUP-017-20251223-032,SUP-017,PRD-030,P01,line_release,14780,QCERT-00377,57c4a94eaf73a94c,c8dea528c17c3632,SC-001
TX-0002601,2026-03-07 17:02:00,LOT-SUP-004-20260307-058,SUP-004,PRD-069,P03,finished_goods,12723,,c8dea528c17c3632,e79852abaf1eb49f,SC-004
TX-0002602,2026-04-07 21:57:00,LOT-SUP-011-20260407-007,SUP-011,PRD-017,P01,finished_goods,2160,,e79852abaf1eb49f,bb4f30b76ffd60c0,SC-006
TX-0002603,2026-06-07 03:15:00,LOT-SUP-005-20260607-008,SUP-005,PRD-022,P03,shipment_handover,7256,,bb4f30b76ffd60c0,eba21e6b62c29707,SC-005
TX-0002604,2026-04-18 18:18:00,LOT-SUP-007-20260418-009,SUP-007,PRD-070,P01,material_received,19611,,eba21e6b62c29707,ccbdab06cde200d5,SC-004
TX-0002605,2025-09-27 07:13:00,LOT-SUP-001-20250927-026,SUP-001,PRD-046,P02,quality_certificate,15876,QCERT-00568,ccbdab06cde200d5,2418a93ae2f9a085,SC-006
TX-0002606,2026-01-11 11:56:00,LOT-SUP-015-20260111-055,SUP-015,PRD-013,P03,material_received,16950,,2418a93ae2f9a085,244541110c27b329,SC-012
TX-0002607,2025-09-18 00:16:00,LOT-SUP-005-20250918-039,SUP-005,PRD-023,P03,line_release,10788,QCERT-00307,244541110c27b329,0b2ac0316cc1b594,SC-008
TX-0002608,2025-09-18 14:25:00,LOT-SUP-018-20250918-028,SUP-018,PRD-019,P02,material_received,19938,,0b2ac0316cc1b594,7292277b800fe0c9,SC-008
TX-0002609,2025-08-01 12:18:00,LOT-SUP-007-20250801-059,SUP-007,PRD-073,P03,material_received,15752,,7292277b800fe0c9,f481eda7fd16cdd2,SC-012
TX-0002610,2026-03-05 09:20:00,LOT-SUP-013-20260305-019,SUP-013,PRD-062,P03,material_received,6794,,f481eda7fd16cdd2,9afe06cd158d7d7a,SC-011
TX-0002611,2025-09-12 18:43:00,LOT-SUP-014-20250912-031,SUP-014,PRD-029,P03,shipment_handover,22466,,9afe06cd158d7d7a,c9a37352a0285daf,SC-005
TX-0002612,2026-04-02 10:24:00,LOT-SUP-013-20260402-025,SUP-013,PRD-054,P03,line_release,16290,QCERT-00353,c9a37352a0285daf,ef5ddfaed4b38d0b,SC-001
TX-0002613,2026-02-03 14:53:00,LOT-SUP-013-20260203-017,SUP-013,PRD-058,P03,shipment_handover,13316,,ef5ddfaed4b38d0b,652164df54ff1cc6,SC-006
TX-0002614,2026-02-23 09:53:00,LOT-SUP-007-20260223-049,SUP-007,PRD-073,P01,line_release,14139,QCERT-00347,652164df54ff1cc6,e6401085f3c234a0,SC-010
TX-0002615,2026-04-07 11:09:00,LOT-SUP-013-20260407-034,SUP-013,PRD-062,P03,shipment_handover,3319,,e6401085f3c234a0,a43165f12111abbd,SC-008
TX-0002616,2026-01-26 23:39:00,LOT-SUP-008-20260126-058,SUP-008,PRD-026,P02,material_received,21528,,a43165f12111abbd,4e7aa4cfe7bcef08,SC-007
TX-0002617,2026-05-27 03:18:00,LOT-SUP-016-20260527-039,SUP-016,PRD-043,P03,line_release,8805,QCERT-00614,4e7aa4cfe7bcef08,5380220281c5ae7c,SC-004
TX-0002618,2026-01-27 11:15:00,LOT-SUP-017-20260127-045,SUP-017,PRD-009,P01,material_received,15450,,5380220281c5ae7c,eb9c6c1c9a7a8d2c,SC-008
TX-0002619,2026-02-02 00:52:00,LOT-SUP-001-20260202-016,SUP-001,PRD-068,P02,quality_certificate,1689,QCERT-00013,eb9c6c1c9a7a8d2c,faca1a3fdbf13bee,SC-008
TX-0002620,2026-02-28 22:25:00,LOT-SUP-007-20260228-055,SUP-007,PRD-055,P01,material_received,5187,,faca1a3fdbf13bee,0991ec1618c4311c,SC-008
TX-0002621,2025-08-08 18:34:00,LOT-SUP-005-20250808-037,SUP-005,PRD-024,P03,material_received,1019,,0991ec1618c4311c,8d0d6c3efceb7d66,SC-002
TX-0002622,2026-03-28 20:47:00,LOT-SUP-015-20260328-058,SUP-015,PRD-013,P01,line_release,14578,QCERT-00639,8d0d6c3efceb7d66,78dc369a9df6ede8,SC-001
TX-0002623,2026-03-15 16:12:00,LOT-SUP-003-20260315-049,SUP-003,PRD-072,P03,quality_certificate,20149,QCERT-00112,78dc369a9df6ede8,ed0495153cc99265,SC-001
TX-0002624,2026-05-17 12:13:00,LOT-SUP-010-20260517-032,SUP-010,PRD-028,P01,shipment_handover,21070,,ed0495153cc99265,19e96e58de1987a9,SC-011
TX-0002625,2026-06-27 05:17:00,LOT-SUP-004-20260627-005,SUP-004,PRD-059,P01,line_release,24467,QCERT-00107,19e96e58de1987a9,c20293ac1308ee4b,SC-001
TX-0002626,2025-12-02 19:45:00,LOT-SUP-010-20251202-055,SUP-010,PRD-010,P01,material_received,10747,,c20293ac1308ee4b,5c122c51c91fd935,SC-012
TX-0002627,2025-12-07 21:45:00,LOT-SUP-009-20251207-030,SUP-009,PRD-048,P03,quality_certificate,606,QCERT-00032,5c122c51c91fd935,9ba0e0b8cff9d666,SC-011
TX-0002628,2026-01-07 14:32:00,LOT-SUP-004-20260107-023,SUP-004,PRD-066,P03,line_release,4370,QCERT-00837,9ba0e0b8cff9d666,edfc53d52a28f6ca,SC-012
TX-0002629,2025-09-04 17:16:00,LOT-SUP-008-20250904-049,SUP-008,PRD-053,P03,material_received,17735,,edfc53d52a28f6ca,660b48678761247a,SC-012
TX-0002630,2025-11-30 10:47:00,LOT-SUP-010-20251130-020,SUP-010,PRD-045,P02,line_release,24560,QCERT-00293,660b48678761247a,ee84d34dcad86fc9,SC-008
TX-0002631,2025-12-18 20:12:00,LOT-SUP-008-20251218-003,SUP-008,PRD-033,P01,material_received,20221,,ee84d34dcad86fc9,e4dbffd2e636f242,SC-001
TX-0002632,2026-03-14 19:40:00,LOT-SUP-001-20260314-030,SUP-001,PRD-011,P02,shipment_handover,730,,e4dbffd2e636f242,175dccc663beb339,SC-001
TX-0002633,2026-01-18 09:32:00,LOT-SUP-001-20260118-013,SUP-001,PRD-046,P01,material_received,16608,,175dccc663beb339,7a24ea6ff3b0363f,SC-005
TX-0002634,2026-07-18 06:05:00,LOT-SUP-006-20260718-009,SUP-006,PRD-052,P01,material_received,22380,,7a24ea6ff3b0363f,1bc0ffce553f1b66,SC-008
TX-0002635,2025-10-23 21:55:00,LOT-SUP-018-20251023-035,SUP-018,PRD-019,P01,line_release,6248,QCERT-00357,1bc0ffce553f1b66,023dbf48249be968,SC-003
TX-0002636,2026-04-18 17:23:00,LOT-SUP-009-20260418-058,SUP-009,PRD-051,P03,material_received,10931,,023dbf48249be968,73d7f90571e64090,SC-011
TX-0002637,2025-12-16 07:45:00,LOT-SUP-010-20251216-007,SUP-010,PRD-076,P02,material_received,20888,,73d7f90571e64090,e9b694e16da54d05,SC-010
TX-0002638,2026-05-18 04:56:00,LOT-SUP-005-20260518-026,SUP-005,PRD-038,P02,line_release,6021,QCERT-00511,e9b694e16da54d05,fccf689dcff4d3e0,SC-001
TX-0002639,2026-06-24 15:01:00,LOT-SUP-008-20260624-059,SUP-008,PRD-002,P01,finished_goods,3703,,fccf689dcff4d3e0,b0b4aa01424b9e83,SC-012
TX-0002640,2026-02-12 21:58:00,LOT-SUP-009-20260212-023,SUP-009,PRD-034,P01,line_release,13927,QCERT-00346,b0b4aa01424b9e83,30434e3b62675086,SC-001
TX-0002641,2025-08-08 05:46:00,LOT-SUP-010-20250808-020,SUP-010,PRD-056,P03,finished_goods,19411,,30434e3b62675086,31ce215f70c23bfb,SC-001
TX-0002642,2025-08-08 04:40:00,LOT-SUP-008-20250808-005,SUP-008,PRD-033,P03,material_received,14504,,31ce215f70c23bfb,345a31b622facf55,SC-004
TX-0002643,2026-06-24 10:26:00,LOT-SUP-013-20260624-022,SUP-013,PRD-058,P03,shipment_handover,4145,,345a31b622facf55,665bee71ae538a77,SC-006
TX-0002644,2026-07-22 14:45:00,LOT-SUP-001-20260722-004,SUP-001,PRD-067,P03,material_received,5247,,665bee71ae538a77,0169546940a2584d,SC-008
TX-0002645,2026-01-23 03:04:00,LOT-SUP-004-20260123-028,SUP-004,PRD-066,P03,material_received,15134,,0169546940a2584d,e2c6e06142799307,SC-003
TX-0002646,2025-09-06 21:19:00,LOT-SUP-010-20250906-023,SUP-010,PRD-076,P03,material_received,18704,,e2c6e06142799307,d6c88aa889c349d5,SC-010
TX-0002647,2026-04-30 09:12:00,LOT-SUP-006-20260430-048,SUP-006,PRD-040,P02,quality_certificate,20694,QCERT-00317,d6c88aa889c349d5,26fd273da797e7b6,SC-012
TX-0002648,2025-12-30 12:20:00,LOT-SUP-003-20251230-058,SUP-003,PRD-078,P02,line_release,24314,QCERT-00676,26fd273da797e7b6,640a5102d997c011,SC-004
TX-0002649,2025-12-21 20:13:00,LOT-SUP-014-20251221-049,SUP-014,PRD-036,P01,material_received,21848,,640a5102d997c011,804f11dd540f2031,SC-006
TX-0002650,2025-08-05 11:08:00,LOT-SUP-004-20250805-040,SUP-004,PRD-069,P03,material_received,12626,,804f11dd540f2031,f5788411dad78b1e,SC-002
TX-0002651,2025-09-01 00:59:00,LOT-SUP-011-20250901-050,SUP-011,PRD-075,P03,shipment_handover,4011,,f5788411dad78b1e,184bcad51e271257,SC-006
TX-0002652,2026-02-20 00:59:00,LOT-SUP-009-20260220-032,SUP-009,PRD-018,P02,line_release,5621,QCERT-00624,184bcad51e271257,f555d1c9c73f3814,SC-007
TX-0002653,2026-04-03 02:34:00,LOT-SUP-004-20260403-033,SUP-004,PRD-069,P02,material_received,15253,,f555d1c9c73f3814,49bedeb58b015602,SC-001
TX-0002654,2026-03-31 23:21:00,LOT-SUP-007-20260331-028,SUP-007,PRD-070,P03,shipment_handover,3005,,49bedeb58b015602,105510fced0fc8fb,SC-002
TX-0002655,2025-08-16 20:22:00,LOT-SUP-015-20250816-028,SUP-015,PRD-074,P03,line_release,5842,QCERT-00170,105510fced0fc8fb,02c1a5f1e4850470,SC-004
TX-0002656,2026-05-30 18:40:00,LOT-SUP-014-20260530-020,SUP-014,PRD-025,P01,line_release,5007,QCERT-00260,02c1a5f1e4850470,239b51e672a5a2c6,SC-001
TX-0002657,2026-04-25 09:09:00,LOT-SUP-008-20260425-003,SUP-008,PRD-053,P03,shipment_handover,22994,,239b51e672a5a2c6,8ef776f3d9e27e7d,SC-005
TX-0002658,2025-09-18 15:43:00,LOT-SUP-005-20250918-058,SUP-005,PRD-023,P03,material_received,14190,,8ef776f3d9e27e7d,b0796d98fb3784aa,SC-001
TX-0002659,2025-11-29 06:15:00,LOT-SUP-009-20251129-002,SUP-009,PRD-032,P02,material_received,2174,,b0796d98fb3784aa,d5929c3cef4a4886,SC-001
TX-0002660,2025-10-05 03:25:00,LOT-SUP-007-20251005-041,SUP-007,PRD-055,P03,material_received,6242,,d5929c3cef4a4886,40e6422b4010b7ce,SC-001
TX-0002661,2025-12-06 18:39:00,LOT-SUP-009-20251206-030,SUP-009,PRD-039,P02,material_received,3496,,40e6422b4010b7ce,d6f5d9e5cc1084cf,SC-009
TX-0002662,2026-07-13 21:14:00,LOT-SUP-003-20260713-050,SUP-003,PRD-078,P01,line_release,9360,QCERT-00774,d6f5d9e5cc1084cf,20aabb57756870e1,SC-012
TX-0002663,2026-02-07 04:41:00,LOT-SUP-012-20260207-055,SUP-012,PRD-015,P03,material_received,20626,,20aabb57756870e1,4179098246abfb91,SC-004
TX-0002664,2026-06-03 08:32:00,LOT-SUP-014-20260603-040,SUP-014,PRD-036,P01,line_release,4717,QCERT-00183,4179098246abfb91,30f9879190821fc9,SC-012
TX-0002665,2026-04-23 11:48:00,LOT-SUP-009-20260423-045,SUP-009,PRD-018,P03,finished_goods,21273,,30f9879190821fc9,7eef54b70c88bd1e,SC-007
TX-0002666,2026-05-21 12:52:00,LOT-SUP-004-20260521-029,SUP-004,PRD-066,P02,material_received,14327,,7eef54b70c88bd1e,c667a14796d0714d,SC-005
TX-0002667,2026-06-14 10:41:00,LOT-SUP-001-20260614-049,SUP-001,PRD-067,P02,shipment_handover,10519,,c667a14796d0714d,119e4a6f7f26bbe6,SC-009
TX-0002668,2025-11-15 07:17:00,LOT-SUP-008-20251115-002,SUP-008,PRD-053,P02,quality_certificate,15984,QCERT-00342,119e4a6f7f26bbe6,748d917dd5796482,SC-009
TX-0002669,2026-03-19 20:07:00,LOT-SUP-008-20260319-058,SUP-008,PRD-026,P02,finished_goods,6552,,748d917dd5796482,111eabbd2b485047,SC-008
TX-0002670,2026-05-25 13:11:00,LOT-SUP-001-20260525-042,SUP-001,PRD-067,P02,quality_certificate,19869,QCERT-00855,111eabbd2b485047,f22ef8e724fd676c,SC-006
TX-0002671,2026-01-23 05:01:00,LOT-SUP-001-20260123-056,SUP-001,PRD-068,P02,quality_certificate,7251,QCERT-00775,f22ef8e724fd676c,6e88200d365d9aed,SC-009
TX-0002672,2026-05-11 21:54:00,LOT-SUP-012-20260511-018,SUP-012,PRD-015,P02,quality_certificate,11270,QCERT-00195,6e88200d365d9aed,b6bb271207e38716,SC-011
TX-0002673,2025-11-16 05:30:00,LOT-SUP-008-20251116-001,SUP-008,PRD-033,P01,material_received,5061,,b6bb271207e38716,7477a42512ba47c5,SC-012
TX-0002674,2026-04-10 20:56:00,LOT-SUP-009-20260410-001,SUP-009,PRD-051,P03,quality_certificate,21801,QCERT-00504,7477a42512ba47c5,6c63686cdba95d12,SC-007
TX-0002675,2025-11-15 12:06:00,LOT-SUP-013-20251115-006,SUP-013,PRD-054,P02,line_release,18676,QCERT-00550,6c63686cdba95d12,dec47b2d37ed9d88,SC-002
TX-0002676,2025-11-28 14:08:00,LOT-SUP-008-20251128-033,SUP-008,PRD-033,P01,line_release,678,QCERT-00226,dec47b2d37ed9d88,1c73f10e840d10d6,SC-004
TX-0002677,2025-09-18 04:48:00,LOT-SUP-005-20250918-017,SUP-005,PRD-014,P03,quality_certificate,20504,QCERT-00024,1c73f10e840d10d6,082ccd11a3e1bf5c,SC-009
TX-0002678,2026-04-04 01:11:00,LOT-SUP-002-20260404-016,SUP-002,PRD-042,P01,line_release,21437,QCERT-00041,082ccd11a3e1bf5c,6158b6067c243258,SC-012
TX-0002679,2026-01-13 12:51:00,LOT-SUP-012-20260113-042,SUP-012,PRD-015,P03,material_received,12715,,6158b6067c243258,d61caa49bd695a8f,SC-011
TX-0002680,2025-10-18 10:21:00,LOT-SUP-015-20251018-041,SUP-015,PRD-074,P02,finished_goods,17950,,d61caa49bd695a8f,f62c743eb6f9217a,SC-008
TX-0002681,2026-04-13 19:08:00,LOT-SUP-014-20260413-030,SUP-014,PRD-025,P03,quality_certificate,14615,QCERT-00182,f62c743eb6f9217a,d31d755e575d406a,SC-006
TX-0002682,2025-09-29 05:10:00,LOT-SUP-004-20250929-024,SUP-004,PRD-059,P02,finished_goods,22010,,d31d755e575d406a,fe912a2929545de5,SC-004
TX-0002683,2026-06-01 20:46:00,LOT-SUP-007-20260601-003,SUP-007,PRD-055,P02,material_received,7161,,fe912a2929545de5,6c6c35fad4a6f275,SC-007
TX-0002684,2025-10-06 03:27:00,LOT-SUP-014-20251006-058,SUP-014,PRD-029,P03,shipment_handover,17440,,6c6c35fad4a6f275,90cd1271bb4adc96,SC-003
TX-0002685,2025-12-17 12:41:00,LOT-SUP-016-20251217-016,SUP-016,PRD-008,P03,line_release,6861,QCERT-00519,90cd1271bb4adc96,e8087ad1e513011d,SC-010
TX-0002686,2025-10-19 20:03:00,LOT-SUP-001-20251019-028,SUP-001,PRD-068,P02,finished_goods,23530,,e8087ad1e513011d,858e61f26461be1b,SC-011
TX-0002687,2025-12-06 09:44:00,LOT-SUP-004-20251206-025,SUP-004,PRD-050,P03,line_release,3594,QCERT-00525,858e61f26461be1b,25743b06a7125d53,SC-003
TX-0002688,2026-02-27 07:03:00,LOT-SUP-011-20260227-027,SUP-011,PRD-017,P01,material_received,4538,,25743b06a7125d53,8fab8acadca45471,SC-001
TX-0002689,2025-11-25 22:03:00,LOT-SUP-004-20251125-035,SUP-004,PRD-066,P01,material_received,22003,,8fab8acadca45471,984949ab1818c7d0,SC-011
TX-0002690,2025-09-09 02:02:00,LOT-SUP-008-20250909-023,SUP-008,PRD-033,P03,shipment_handover,19327,,984949ab1818c7d0,a1b5d4643cf21fa4,SC-011
TX-0002691,2026-02-07 09:42:00,LOT-SUP-001-20260207-027,SUP-001,PRD-068,P01,material_received,3211,,a1b5d4643cf21fa4,4db2503b3585001a,SC-003
TX-0002692,2025-12-27 20:24:00,LOT-SUP-015-20251227-015,SUP-015,PRD-074,P01,material_received,3439,,4db2503b3585001a,de39db1e1ef6055c,SC-012
TX-0002693,2025-08-02 03:38:00,LOT-SUP-012-20250802-036,SUP-012,PRD-012,P02,quality_certificate,12687,QCERT-00806,de39db1e1ef6055c,6e05e318179f1515,SC-010
TX-0002694,2026-03-26 12:19:00,LOT-SUP-016-20260326-027,SUP-016,PRD-043,P01,material_received,1953,,6e05e318179f1515,6386fd329b2e68e7,SC-012
TX-0002695,2026-01-07 15:39:00,LOT-SUP-002-20260107-005,SUP-002,PRD-027,P03,finished_goods,4135,,6386fd329b2e68e7,0f32ca979b580c96,SC-009
TX-0002696,2026-02-16 10:38:00,LOT-SUP-008-20260216-036,SUP-008,PRD-033,P03,line_release,1008,QCERT-00251,0f32ca979b580c96,675746f1c9f3ac45,SC-010
TX-0002697,2025-10-06 04:59:00,LOT-SUP-013-20251006-018,SUP-013,PRD-054,P03,finished_goods,19864,,675746f1c9f3ac45,696f816290307389,SC-007
TX-0002698,2026-05-13 12:29:00,LOT-SUP-010-20260513-039,SUP-010,PRD-028,P03,shipment_handover,4543,,696f816290307389,1ed2b24b46756298,SC-003
TX-0002699,2025-08-09 09:45:00,LOT-SUP-018-20250809-044,SUP-018,PRD-019,P01,material_received,7672,,1ed2b24b46756298,a920986a5ebc1306,SC-009
TX-0002700,2025-08-22 15:31:00,LOT-SUP-012-20250822-041,SUP-012,PRD-015,P01,quality_certificate,11680,QCERT-00370,a920986a5ebc1306,fcb845821071cf54,SC-008
TX-0002701,2026-07-04 10:51:00,LOT-SUP-005-20260704-053,SUP-005,PRD-023,P02,material_received,22835,,fcb845821071cf54,59b3eb2cfa19c4f6,SC-008
TX-0002702,2025-11-03 17:26:00,LOT-SUP-005-20251103-031,SUP-005,PRD-023,P03,material_received,7059,,59b3eb2cfa19c4f6,7e6320a9843f4429,SC-009
TX-0002703,2026-04-17 18:47:00,LOT-SUP-004-20260417-023,SUP-004,PRD-057,P03,material_received,10500,,7e6320a9843f4429,4b280160124f1ff3,SC-007
TX-0002704,2025-11-08 06:45:00,LOT-SUP-004-20251108-017,SUP-004,PRD-059,P01,line_release,5133,QCERT-00678,4b280160124f1ff3,95cf8e1d4e5048d2,SC-012
TX-0002705,2026-03-13 20:50:00,LOT-SUP-013-20260313-041,SUP-013,PRD-079,P01,material_received,6129,,95cf8e1d4e5048d2,4a4b92f97aff363b,SC-009
TX-0002706,2025-10-14 01:50:00,LOT-SUP-006-20251014-014,SUP-006,PRD-065,P03,shipment_handover,22097,,4a4b92f97aff363b,253bad37fd0d6932,SC-004
TX-0002707,2025-10-20 13:10:00,LOT-SUP-008-20251020-044,SUP-008,PRD-037,P01,line_release,23776,QCERT-00784,253bad37fd0d6932,406706dc28b156d3,SC-007
TX-0002708,2025-09-27 00:55:00,LOT-SUP-002-20250927-013,SUP-002,PRD-042,P03,shipment_handover,13039,,406706dc28b156d3,85b9f85aeca3d190,SC-009
TX-0002709,2026-05-21 20:49:00,LOT-SUP-010-20260521-027,SUP-010,PRD-010,P01,material_received,9391,,85b9f85aeca3d190,46fbee26e8b0cdd7,SC-007
TX-0002710,2026-01-09 19:52:00,LOT-SUP-016-20260109-031,SUP-016,PRD-080,P02,shipment_handover,5598,,46fbee26e8b0cdd7,ca6b6509a7a4d9fd,SC-004
TX-0002711,2026-05-07 13:15:00,LOT-SUP-007-20260507-045,SUP-007,PRD-073,P01,material_received,20234,,ca6b6509a7a4d9fd,4d95e10edaa9acc6,SC-011
TX-0002712,2026-04-05 20:46:00,LOT-SUP-005-20260405-024,SUP-005,PRD-038,P03,shipment_handover,2689,,4d95e10edaa9acc6,b5ba586419713522,SC-010
TX-0002713,2026-02-27 15:25:00,LOT-SUP-007-20260227-004,SUP-007,PRD-073,P03,quality_certificate,9031,QCERT-00397,b5ba586419713522,fd44704b9f31d063,SC-005
TX-0002714,2026-06-14 17:46:00,LOT-SUP-008-20260614-036,SUP-008,PRD-044,P03,material_received,12387,,fd44704b9f31d063,72355f6d90e46ccf,SC-005
TX-0002715,2026-02-12 11:42:00,LOT-SUP-014-20260212-041,SUP-014,PRD-025,P03,quality_certificate,21875,QCERT-00657,72355f6d90e46ccf,0c8f0d23843af9f4,SC-003
TX-0002716,2025-11-02 16:17:00,LOT-SUP-010-20251102-019,SUP-010,PRD-056,P01,quality_certificate,10852,QCERT-00448,0c8f0d23843af9f4,831a825796c1765b,SC-006
TX-0002717,2026-07-06 22:23:00,LOT-SUP-006-20260706-036,SUP-006,PRD-049,P03,shipment_handover,17797,,831a825796c1765b,940873b93a6dc57f,SC-001
TX-0002718,2025-12-30 11:13:00,LOT-SUP-006-20251230-025,SUP-006,PRD-065,P01,material_received,4187,,940873b93a6dc57f,8304460371b32689,SC-010
TX-0002719,2026-04-15 09:16:00,LOT-SUP-015-20260415-009,SUP-015,PRD-003,P02,quality_certificate,7143,QCERT-00539,8304460371b32689,84a8c73011fd4119,SC-009
TX-0002720,2026-04-20 06:48:00,LOT-SUP-011-20260420-057,SUP-011,PRD-075,P02,material_received,8827,,84a8c73011fd4119,b71a8332e247ff11,SC-003
TX-0002721,2026-07-14 09:12:00,LOT-SUP-011-20260714-025,SUP-011,PRD-075,P01,line_release,18697,QCERT-00529,b71a8332e247ff11,81bcc50eb0ddc0c0,SC-007
TX-0002722,2025-11-09 10:28:00,LOT-SUP-007-20251109-005,SUP-007,PRD-070,P02,quality_certificate,24463,QCERT-00266,81bcc50eb0ddc0c0,d640d60ddebd8dee,SC-004
TX-0002723,2026-01-26 12:56:00,LOT-SUP-003-20260126-059,SUP-003,PRD-078,P03,finished_goods,10357,,d640d60ddebd8dee,66d41d1c677388f1,SC-005
TX-0002724,2025-12-09 08:51:00,LOT-SUP-018-20251209-036,SUP-018,PRD-019,P03,line_release,1393,QCERT-00578,66d41d1c677388f1,61746e91b23a2509,SC-012
TX-0002725,2026-07-10 14:18:00,LOT-SUP-016-20260710-034,SUP-016,PRD-043,P02,material_received,22565,,61746e91b23a2509,9280542807707181,SC-002
TX-0002726,2025-10-03 06:40:00,LOT-SUP-009-20251003-043,SUP-009,PRD-018,P01,quality_certificate,18698,QCERT-00356,9280542807707181,4d1fed4cb26818a8,SC-009
TX-0002727,2025-10-09 13:31:00,LOT-SUP-002-20251009-028,SUP-002,PRD-064,P02,quality_certificate,19177,QCERT-00750,4d1fed4cb26818a8,b0a7aef5b1c1e29f,SC-001
TX-0002728,2026-03-01 00:23:00,LOT-SUP-011-20260301-052,SUP-011,PRD-075,P02,line_release,22905,QCERT-00078,b0a7aef5b1c1e29f,4e224fa0171d55fc,SC-004
TX-0002729,2026-05-15 05:12:00,LOT-SUP-009-20260515-042,SUP-009,PRD-077,P02,line_release,13917,QCERT-00448,4e224fa0171d55fc,1d5e19d84a8e7b16,SC-005
TX-0002730,2026-06-10 13:45:00,LOT-SUP-011-20260610-002,SUP-011,PRD-075,P01,material_received,13633,,1d5e19d84a8e7b16,abfc8434728218c9,SC-010
TX-0002731,2026-02-27 09:06:00,LOT-SUP-015-20260227-041,SUP-015,PRD-021,P01,quality_certificate,10701,QCERT-00667,abfc8434728218c9,816e620fd2ae8967,SC-009
TX-0002732,2026-06-03 05:27:00,LOT-SUP-008-20260603-005,SUP-008,PRD-002,P01,material_received,6067,,816e620fd2ae8967,ccd8e0f3e3f029ec,SC-003
TX-0002733,2025-10-01 13:44:00,LOT-SUP-010-20251001-018,SUP-010,PRD-045,P03,material_received,13425,,ccd8e0f3e3f029ec,21efab9e83f04d7e,SC-003
TX-0002734,2026-05-07 07:59:00,LOT-SUP-003-20260507-042,SUP-003,PRD-020,P03,quality_certificate,16530,QCERT-00414,21efab9e83f04d7e,95d260fbd30fd6b7,SC-005
TX-0002735,2026-05-20 02:48:00,LOT-SUP-004-20260520-046,SUP-004,PRD-069,P03,material_received,18574,,95d260fbd30fd6b7,f32344febbb15f7f,SC-002
TX-0002736,2025-12-02 21:44:00,LOT-SUP-001-20251202-035,SUP-001,PRD-068,P02,finished_goods,17185,,f32344febbb15f7f,b91d1b2a0a2eabce,SC-001
TX-0002737,2025-11-24 16:12:00,LOT-SUP-016-20251124-050,SUP-016,PRD-063,P02,shipment_handover,5072,,b91d1b2a0a2eabce,7573a21d4c6b475f,SC-005
TX-0002738,2026-02-24 08:32:00,LOT-SUP-008-20260224-023,SUP-008,PRD-026,P01,material_received,12449,,7573a21d4c6b475f,bd25a37ea76ea110,SC-011
TX-0002739,2025-11-15 12:42:00,LOT-SUP-004-20251115-051,SUP-004,PRD-069,P01,quality_certificate,17598,QCERT-00798,bd25a37ea76ea110,c59e1ab455cd5383,SC-001
TX-0002740,2025-12-28 09:44:00,LOT-SUP-017-20251228-047,SUP-017,PRD-009,P01,material_received,11916,,c59e1ab455cd5383,35ad6caecc74304e,SC-008
TX-0002741,2026-01-11 08:23:00,LOT-SUP-001-20260111-056,SUP-001,PRD-068,P01,material_received,6552,,35ad6caecc74304e,55cd9c1dbb827bc3,SC-009
TX-0002742,2026-03-09 20:59:00,LOT-SUP-008-20260309-042,SUP-008,PRD-026,P01,shipment_handover,20618,,55cd9c1dbb827bc3,a60182e7adaaeded,SC-004
TX-0002743,2026-05-17 20:15:00,LOT-SUP-015-20260517-001,SUP-015,PRD-031,P01,quality_certificate,4837,QCERT-00072,a60182e7adaaeded,1ab3ac52a9c7454d,SC-005
TX-0002744,2026-01-22 11:54:00,LOT-SUP-007-20260122-046,SUP-007,PRD-070,P01,line_release,10945,QCERT-00643,1ab3ac52a9c7454d,f4d4664bd9e38000,SC-012
TX-0002745,2026-01-01 23:13:00,LOT-SUP-008-20260101-058,SUP-008,PRD-002,P03,material_received,6123,,f4d4664bd9e38000,9c8d91a9c5a4f859,SC-001
TX-0002746,2025-10-04 19:21:00,LOT-SUP-012-20251004-041,SUP-012,PRD-015,P03,shipment_handover,10464,,9c8d91a9c5a4f859,0b3811ac66c564ee,SC-002
TX-0002747,2025-11-26 12:11:00,LOT-SUP-007-20251126-005,SUP-007,PRD-055,P02,quality_certificate,13017,QCERT-00481,0b3811ac66c564ee,0320fe0376b29ca7,SC-003
TX-0002748,2025-10-13 22:22:00,LOT-SUP-012-20251013-013,SUP-012,PRD-015,P01,finished_goods,1077,,0320fe0376b29ca7,337fbf36d4b42709,SC-010
TX-0002749,2026-01-09 02:38:00,LOT-SUP-002-20260109-060,SUP-002,PRD-027,P02,line_release,13113,QCERT-00302,337fbf36d4b42709,d7c05a5b3973c720,SC-003
TX-0002750,2026-06-30 14:25:00,LOT-SUP-002-20260630-060,SUP-002,PRD-027,P03,line_release,8099,QCERT-00714,d7c05a5b3973c720,9e70e51ddbbeeee3,SC-008
TX-0002751,2025-10-24 00:09:00,LOT-SUP-014-20251024-032,SUP-014,PRD-029,P02,finished_goods,10753,,9e70e51ddbbeeee3,b705d8a403fff8bf,SC-012
TX-0002752,2025-12-19 13:30:00,LOT-SUP-015-20251219-024,SUP-015,PRD-003,P01,shipment_handover,21111,,b705d8a403fff8bf,89d8f7cb70aee3b0,SC-011
TX-0002753,2026-04-25 07:49:00,LOT-SUP-003-20260425-034,SUP-003,PRD-035,P03,material_received,11258,,89d8f7cb70aee3b0,be39c6a8abb3a635,SC-010
TX-0002754,2026-01-04 23:43:00,LOT-SUP-015-20260104-001,SUP-015,PRD-004,P02,shipment_handover,17661,,be39c6a8abb3a635,7da6651f1f0a1ee2,SC-006
TX-0002755,2025-09-02 02:49:00,LOT-SUP-003-20250902-002,SUP-003,PRD-078,P03,material_received,21884,,7da6651f1f0a1ee2,8e67a307ed2f38b2,SC-011
TX-0002756,2026-02-15 01:08:00,LOT-SUP-011-20260215-058,SUP-011,PRD-017,P02,finished_goods,24303,,8e67a307ed2f38b2,da36d79ee1dd50d6,SC-006
TX-0002757,2025-10-14 20:51:00,LOT-SUP-017-20251014-033,SUP-017,PRD-061,P01,material_received,23498,,da36d79ee1dd50d6,bab72f6e1b19c996,SC-005
TX-0002758,2026-06-07 01:47:00,LOT-SUP-015-20260607-034,SUP-015,PRD-004,P02,quality_certificate,22237,QCERT-00595,bab72f6e1b19c996,b9e775e44c40200c,SC-005
TX-0002759,2026-04-16 09:00:00,LOT-SUP-013-20260416-005,SUP-013,PRD-054,P03,material_received,6248,,b9e775e44c40200c,2875a9926a7e4199,SC-012
TX-0002760,2025-09-22 05:21:00,LOT-SUP-001-20250922-014,SUP-001,PRD-046,P01,quality_certificate,17586,QCERT-00849,2875a9926a7e4199,13db136a381f3f57,SC-012
TX-0002761,2026-04-23 19:48:00,LOT-SUP-016-20260423-008,SUP-016,PRD-043,P02,finished_goods,22964,,13db136a381f3f57,736531ebb3eb1199,SC-003
TX-0002762,2026-01-22 13:28:00,LOT-SUP-015-20260122-030,SUP-015,PRD-003,P02,line_release,23266,QCERT-00570,736531ebb3eb1199,52ececcb0166a37c,SC-007
TX-0002763,2025-08-05 21:27:00,LOT-SUP-010-20250805-056,SUP-010,PRD-028,P03,line_release,10981,QCERT-00251,52ececcb0166a37c,d8157839c7155dbb,SC-006
TX-0002764,2026-01-23 15:16:00,LOT-SUP-004-20260123-024,SUP-004,PRD-050,P03,shipment_handover,11052,,d8157839c7155dbb,84dd3e714c72880d,SC-001
TX-0002765,2025-09-20 09:07:00,LOT-SUP-009-20250920-003,SUP-009,PRD-032,P02,finished_goods,7170,,84dd3e714c72880d,81d47e62b3acd2fb,SC-006
TX-0002766,2026-07-14 18:30:00,LOT-SUP-007-20260714-026,SUP-007,PRD-070,P02,line_release,24329,QCERT-00077,81d47e62b3acd2fb,2943d5563f7b7e27,SC-011
TX-0002767,2025-10-21 02:40:00,LOT-SUP-003-20251021-005,SUP-003,PRD-035,P01,finished_goods,1489,,2943d5563f7b7e27,1f4aaf710fb72162,SC-011
TX-0002768,2026-07-23 08:27:00,LOT-SUP-001-20260723-021,SUP-001,PRD-067,P01,material_received,5193,,1f4aaf710fb72162,6d46c92fbef24c1e,SC-006
TX-0002769,2026-01-30 10:51:00,LOT-SUP-004-20260130-046,SUP-004,PRD-057,P02,material_received,4070,,6d46c92fbef24c1e,9ce277286721b943,SC-003
TX-0002770,2025-10-25 11:45:00,LOT-SUP-012-20251025-060,SUP-012,PRD-006,P02,line_release,12430,QCERT-00841,9ce277286721b943,7623c8a4cb0022fa,SC-007
TX-0002771,2026-06-19 16:10:00,LOT-SUP-005-20260619-003,SUP-005,PRD-023,P02,material_received,8790,,7623c8a4cb0022fa,30cd04a590459924,SC-010
TX-0002772,2026-02-27 07:59:00,LOT-SUP-018-20260227-043,SUP-018,PRD-019,P02,line_release,24327,QCERT-00103,30cd04a590459924,6821036cfba805a9,SC-001
TX-0002773,2026-03-21 21:59:00,LOT-SUP-001-20260321-010,SUP-001,PRD-046,P02,quality_certificate,21769,QCERT-00071,6821036cfba805a9,e578c0f4cd75342d,SC-011
TX-0002774,2025-11-02 03:43:00,LOT-SUP-012-20251102-004,SUP-012,PRD-015,P03,line_release,10877,QCERT-00678,e578c0f4cd75342d,ede9b9bf356c9187,SC-010
TX-0002775,2025-10-04 19:16:00,LOT-SUP-003-20251004-001,SUP-003,PRD-071,P03,finished_goods,24894,,ede9b9bf356c9187,db4c1a894bab6e66,SC-012
TX-0002776,2026-04-02 11:35:00,LOT-SUP-013-20260402-029,SUP-013,PRD-079,P02,finished_goods,13295,,db4c1a894bab6e66,9f7f30ea50799564,SC-006
TX-0002777,2025-11-05 02:05:00,LOT-SUP-015-20251105-012,SUP-015,PRD-003,P02,line_release,21122,QCERT-00354,9f7f30ea50799564,c5ff3ae5f9586d7d,SC-010
TX-0002778,2025-10-24 17:32:00,LOT-SUP-016-20251024-002,SUP-016,PRD-063,P02,line_release,11024,QCERT-00338,c5ff3ae5f9586d7d,f35216dcb8c9d4a2,SC-008
TX-0002779,2025-12-01 09:48:00,LOT-SUP-007-20251201-025,SUP-007,PRD-073,P03,shipment_handover,10694,,f35216dcb8c9d4a2,ec7650760b248073,SC-006
TX-0002780,2025-09-29 08:37:00,LOT-SUP-007-20250929-045,SUP-007,PRD-055,P03,quality_certificate,1766,QCERT-00170,ec7650760b248073,7cd3225ee80c5dee,SC-001
TX-0002781,2026-05-10 02:34:00,LOT-SUP-015-20260510-057,SUP-015,PRD-074,P02,material_received,23332,,7cd3225ee80c5dee,039f03e254b28cd6,SC-011
TX-0002782,2026-05-29 13:39:00,LOT-SUP-018-20260529-046,SUP-018,PRD-019,P01,line_release,17172,QCERT-00588,039f03e254b28cd6,32d2d22462b7fc48,SC-011
TX-0002783,2025-08-03 21:24:00,LOT-SUP-002-20250803-004,SUP-002,PRD-042,P02,quality_certificate,12627,QCERT-00023,32d2d22462b7fc48,d068e736eebb01eb,SC-003
TX-0002784,2026-03-30 04:54:00,LOT-SUP-009-20260330-047,SUP-009,PRD-051,P02,finished_goods,3720,,d068e736eebb01eb,f1c608718b459061,SC-002
TX-0002785,2026-05-19 01:54:00,LOT-SUP-014-20260519-027,SUP-014,PRD-036,P03,finished_goods,2701,,f1c608718b459061,9d19d8586e133040,SC-005
TX-0002786,2026-04-02 12:54:00,LOT-SUP-009-20260402-017,SUP-009,PRD-048,P02,quality_certificate,24535,QCERT-00062,9d19d8586e133040,b656e4af1bc582b9,SC-007
TX-0002787,2026-05-19 23:09:00,LOT-SUP-014-20260519-060,SUP-014,PRD-036,P01,material_received,5891,,b656e4af1bc582b9,6393e0c52bf24190,SC-006
TX-0002788,2025-09-17 00:26:00,LOT-SUP-016-20250917-004,SUP-016,PRD-043,P03,material_received,20704,,6393e0c52bf24190,d982b604286c7ddf,SC-007
TX-0002789,2025-09-17 19:44:00,LOT-SUP-008-20250917-047,SUP-008,PRD-037,P02,line_release,1436,QCERT-00852,d982b604286c7ddf,c9158ef6459cf2ef,SC-007
TX-0002790,2025-10-14 00:47:00,LOT-SUP-001-20251014-040,SUP-001,PRD-046,P02,finished_goods,17874,,c9158ef6459cf2ef,73f35d1ad442cf5f,SC-011
TX-0002791,2026-07-13 02:49:00,LOT-SUP-003-20260713-046,SUP-003,PRD-060,P01,shipment_handover,9862,,73f35d1ad442cf5f,8c5b28cb5cc72aee,SC-002
TX-0002792,2026-06-16 16:18:00,LOT-SUP-016-20260616-012,SUP-016,PRD-080,P02,material_received,24898,,8c5b28cb5cc72aee,3313339c662bbde4,SC-007
TX-0002793,2026-06-27 16:52:00,LOT-SUP-007-20260627-037,SUP-007,PRD-055,P03,quality_certificate,3713,QCERT-00735,3313339c662bbde4,7376c00603768e59,SC-004
TX-0002794,2025-08-24 11:48:00,LOT-SUP-004-20250824-033,SUP-004,PRD-066,P03,quality_certificate,17262,QCERT-00654,7376c00603768e59,3bdc1e6b4668020c,SC-005
TX-0002795,2026-07-03 22:52:00,LOT-SUP-012-20260703-019,SUP-012,PRD-006,P01,finished_goods,14850,,3bdc1e6b4668020c,2728f852d1c4cc69,SC-007
TX-0002796,2026-01-19 04:53:00,LOT-SUP-009-20260119-010,SUP-009,PRD-077,P01,material_received,2571,,2728f852d1c4cc69,fbcee58c442ac942,SC-005
TX-0002797,2026-07-06 11:27:00,LOT-SUP-007-20260706-026,SUP-007,PRD-055,P03,finished_goods,20582,,fbcee58c442ac942,310d49777100982c,SC-004
TX-0002798,2026-05-11 05:36:00,LOT-SUP-008-20260511-025,SUP-008,PRD-026,P01,shipment_handover,16559,,310d49777100982c,e0609af7f3965e97,SC-012
TX-0002799,2026-02-03 03:50:00,LOT-SUP-001-20260203-007,SUP-001,PRD-067,P03,shipment_handover,10225,,e0609af7f3965e97,6cd8ecb8d0584415,SC-001
TX-0002800,2025-10-04 23:17:00,LOT-SUP-002-20251004-054,SUP-002,PRD-064,P03,material_received,24644,,6cd8ecb8d0584415,866a217f8b782680,SC-001
TX-0002801,2026-01-10 15:00:00,LOT-SUP-001-20260110-025,SUP-001,PRD-067,P03,finished_goods,21760,,866a217f8b782680,9cc8d3bc78611ce3,SC-002
TX-0002802,2026-06-23 01:07:00,LOT-SUP-006-20260623-024,SUP-006,PRD-040,P02,line_release,11894,QCERT-00844,9cc8d3bc78611ce3,50b6c27e1eefcaa4,SC-002
TX-0002803,2026-02-16 17:22:00,LOT-SUP-003-20260216-027,SUP-003,PRD-020,P03,material_received,19779,,50b6c27e1eefcaa4,0947aaa4ecf24933,SC-003
TX-0002804,2025-12-01 17:46:00,LOT-SUP-013-20251201-017,SUP-013,PRD-058,P03,line_release,1395,QCERT-00471,0947aaa4ecf24933,21253c77782577f3,SC-007
TX-0002805,2026-01-13 03:04:00,LOT-SUP-015-20260113-037,SUP-015,PRD-031,P02,material_received,21917,,21253c77782577f3,2159c16305f75ca4,SC-004
TX-0002806,2026-05-15 02:29:00,LOT-SUP-006-20260515-044,SUP-006,PRD-040,P01,finished_goods,12237,,2159c16305f75ca4,400a5edd991eea0d,SC-011
TX-0002807,2026-03-12 13:55:00,LOT-SUP-006-20260312-035,SUP-006,PRD-049,P03,shipment_handover,19228,,400a5edd991eea0d,a2691919939329bb,SC-003
TX-0002808,2025-10-27 19:09:00,LOT-SUP-004-20251027-060,SUP-004,PRD-059,P02,line_release,1946,QCERT-00027,a2691919939329bb,1829341325c03930,SC-002
TX-0002809,2025-10-26 13:49:00,LOT-SUP-003-20251026-032,SUP-003,PRD-060,P02,material_received,16176,,1829341325c03930,2698704e3791beed,SC-008
TX-0002810,2026-03-22 08:32:00,LOT-SUP-004-20260322-029,SUP-004,PRD-057,P01,material_received,21896,,2698704e3791beed,c2bf661ae53985c8,SC-006
TX-0002811,2026-04-28 03:41:00,LOT-SUP-015-20260428-054,SUP-015,PRD-013,P03,shipment_handover,3074,,c2bf661ae53985c8,1cbd178fda2bfc26,SC-005
TX-0002812,2026-01-03 08:12:00,LOT-SUP-006-20260103-059,SUP-006,PRD-040,P01,material_received,8182,,1cbd178fda2bfc26,c530e4225d3a0fd2,SC-006
TX-0002813,2025-10-13 00:56:00,LOT-SUP-007-20251013-017,SUP-007,PRD-070,P02,shipment_handover,16141,,c530e4225d3a0fd2,05ee67bee44c73af,SC-007
TX-0002814,2025-10-05 15:58:00,LOT-SUP-013-20251005-051,SUP-013,PRD-079,P02,shipment_handover,2197,,05ee67bee44c73af,d631330b6350f290,SC-009
TX-0002815,2026-05-11 03:47:00,LOT-SUP-012-20260511-007,SUP-012,PRD-006,P02,material_received,8409,,d631330b6350f290,b34bde4edff56d2e,SC-010
TX-0002816,2026-03-29 20:46:00,LOT-SUP-012-20260329-045,SUP-012,PRD-015,P03,shipment_handover,21451,,b34bde4edff56d2e,a75fc13115009a95,SC-010
TX-0002817,2026-01-20 22:20:00,LOT-SUP-010-20260120-003,SUP-010,PRD-076,P01,shipment_handover,11551,,a75fc13115009a95,94aa5b872cadc97b,SC-004
TX-0002818,2026-02-06 15:02:00,LOT-SUP-017-20260206-011,SUP-017,PRD-009,P01,quality_certificate,6846,QCERT-00082,94aa5b872cadc97b,2aca6c8ec501de9d,SC-007
TX-0002819,2026-05-20 01:34:00,LOT-SUP-015-20260520-031,SUP-015,PRD-074,P02,finished_goods,740,,2aca6c8ec501de9d,da335f3f8ff7011a,SC-010
TX-0002820,2026-02-02 06:55:00,LOT-SUP-005-20260202-011,SUP-005,PRD-014,P01,finished_goods,6930,,da335f3f8ff7011a,eaa2357981e3ee2a,SC-002
TX-0002821,2026-05-23 14:05:00,LOT-SUP-002-20260523-026,SUP-002,PRD-027,P02,material_received,19386,,eaa2357981e3ee2a,16d1c4ffe49b688d,SC-001
TX-0002822,2026-04-03 02:14:00,LOT-SUP-008-20260403-031,SUP-008,PRD-053,P02,finished_goods,17762,,16d1c4ffe49b688d,4fdb88aaa553dd08,SC-007
TX-0002823,2026-03-06 10:23:00,LOT-SUP-010-20260306-007,SUP-010,PRD-045,P01,shipment_handover,16799,,4fdb88aaa553dd08,778125e7e0f4c28a,SC-005
TX-0002824,2026-04-12 23:00:00,LOT-SUP-012-20260412-001,SUP-012,PRD-015,P02,shipment_handover,10805,,778125e7e0f4c28a,9ff981f6f7fd280f,SC-002
TX-0002825,2025-11-21 16:58:00,LOT-SUP-003-20251121-033,SUP-003,PRD-078,P02,material_received,21901,,9ff981f6f7fd280f,db745d97daa85012,SC-012
TX-0002826,2026-03-13 21:47:00,LOT-SUP-002-20260313-037,SUP-002,PRD-001,P03,material_received,2614,,db745d97daa85012,aea256faa4f669d2,SC-003
TX-0002827,2026-01-07 12:30:00,LOT-SUP-009-20260107-047,SUP-009,PRD-018,P01,line_release,19485,QCERT-00382,aea256faa4f669d2,84e654c0b5efc2a7,SC-001
TX-0002828,2026-05-26 00:17:00,LOT-SUP-003-20260526-015,SUP-003,PRD-072,P02,quality_certificate,11140,QCERT-00644,84e654c0b5efc2a7,27544eecac683e7f,SC-012
TX-0002829,2025-12-26 17:51:00,LOT-SUP-016-20251226-022,SUP-016,PRD-043,P02,material_received,20145,,27544eecac683e7f,7abd0cc13a7e009f,SC-007
TX-0002830,2026-01-27 17:07:00,LOT-SUP-001-20260127-053,SUP-001,PRD-046,P03,material_received,5050,,7abd0cc13a7e009f,060979d2b6283808,SC-004
TX-0002831,2026-06-01 15:26:00,LOT-SUP-009-20260601-009,SUP-009,PRD-018,P01,material_received,19223,,060979d2b6283808,6dc58b054847d7b8,SC-011
TX-0002832,2026-01-28 07:49:00,LOT-SUP-003-20260128-037,SUP-003,PRD-072,P03,material_received,13695,,6dc58b054847d7b8,809cac68bddfd7a9,SC-004
TX-0002833,2026-03-30 01:51:00,LOT-SUP-013-20260330-036,SUP-013,PRD-079,P02,finished_goods,24531,,809cac68bddfd7a9,4ba81d7cedf4c5e8,SC-005
TX-0002834,2026-03-29 15:06:00,LOT-SUP-008-20260329-013,SUP-008,PRD-044,P01,material_received,11237,,4ba81d7cedf4c5e8,0a91521cff9366f1,SC-010
TX-0002835,2026-04-21 18:55:00,LOT-SUP-002-20260421-053,SUP-002,PRD-027,P01,quality_certificate,24087,QCERT-00848,0a91521cff9366f1,49372325ef7e7ced,SC-007
TX-0002836,2026-05-19 17:36:00,LOT-SUP-005-20260519-046,SUP-005,PRD-014,P01,quality_certificate,13059,QCERT-00731,49372325ef7e7ced,4c86f102017fc8d8,SC-003
TX-0002837,2025-09-16 18:27:00,LOT-SUP-005-20250916-004,SUP-005,PRD-016,P03,shipment_handover,22023,,4c86f102017fc8d8,e4108fcb974e0a03,SC-004
TX-0002838,2025-10-06 17:38:00,LOT-SUP-015-20251006-033,SUP-015,PRD-074,P02,material_received,9757,,e4108fcb974e0a03,f48daaae1c735da4,SC-004
TX-0002839,2026-05-29 06:13:00,LOT-SUP-015-20260529-033,SUP-015,PRD-013,P02,material_received,5248,,f48daaae1c735da4,103aa8bce4906fb9,SC-001
TX-0002840,2026-03-30 16:52:00,LOT-SUP-017-20260330-014,SUP-017,PRD-009,P02,shipment_handover,3597,,103aa8bce4906fb9,123803285d5c18c1,SC-008
TX-0002841,2025-11-24 05:44:00,LOT-SUP-013-20251124-013,SUP-013,PRD-062,P03,line_release,20445,QCERT-00810,123803285d5c18c1,ebbca864242f4447,SC-001
TX-0002842,2026-07-07 14:56:00,LOT-SUP-006-20260707-044,SUP-006,PRD-040,P03,shipment_handover,13165,,ebbca864242f4447,e9ad38b3070750d2,SC-012
TX-0002843,2026-06-10 21:57:00,LOT-SUP-016-20260610-004,SUP-016,PRD-063,P03,quality_certificate,9524,QCERT-00299,e9ad38b3070750d2,b0fbb3227eb4b10e,SC-008
TX-0002844,2026-01-15 10:29:00,LOT-SUP-006-20260115-052,SUP-006,PRD-049,P03,shipment_handover,9689,,b0fbb3227eb4b10e,f3c725c1f0ccecf9,SC-005
TX-0002845,2026-04-08 16:47:00,LOT-SUP-014-20260408-055,SUP-014,PRD-025,P02,quality_certificate,22480,QCERT-00422,f3c725c1f0ccecf9,485194e78d52b8f9,SC-010
TX-0002846,2026-07-28 15:14:00,LOT-SUP-016-20260728-006,SUP-016,PRD-080,P01,line_release,22922,QCERT-00778,485194e78d52b8f9,246bfd43b3b4cb0e,SC-002
TX-0002847,2025-10-09 19:26:00,LOT-SUP-003-20251009-044,SUP-003,PRD-071,P02,shipment_handover,3138,,246bfd43b3b4cb0e,e4822d99e5de0ee1,SC-003
TX-0002848,2025-08-25 16:07:00,LOT-SUP-003-20250825-007,SUP-003,PRD-060,P02,material_received,1253,,e4822d99e5de0ee1,65faf972ba6fe88a,SC-001
TX-0002849,2025-08-26 13:35:00,LOT-SUP-008-20250826-020,SUP-008,PRD-033,P01,quality_certificate,2037,QCERT-00227,65faf972ba6fe88a,b0c2fc7755d22cdf,SC-011
TX-0002850,2025-12-03 16:46:00,LOT-SUP-015-20251203-011,SUP-015,PRD-021,P03,finished_goods,20881,,b0c2fc7755d22cdf,c0dff722defcb76f,SC-009
TX-0002851,2026-02-16 23:55:00,LOT-SUP-004-20260216-040,SUP-004,PRD-057,P02,material_received,24916,,c0dff722defcb76f,a43833673188e9e3,SC-005
TX-0002852,2025-08-15 10:59:00,LOT-SUP-003-20250815-006,SUP-003,PRD-078,P03,line_release,12049,QCERT-00260,a43833673188e9e3,b5507213eeb25385,SC-005
TX-0002853,2025-12-04 19:47:00,LOT-SUP-015-20251204-044,SUP-015,PRD-003,P02,quality_certificate,2008,QCERT-00891,b5507213eeb25385,775d09f6c6b26eeb,SC-012
TX-0002854,2026-01-13 09:59:00,LOT-SUP-008-20260113-048,SUP-008,PRD-002,P03,material_received,6528,,775d09f6c6b26eeb,fab864844a85242a,SC-006
TX-0002855,2026-07-09 00:55:00,LOT-SUP-010-20260709-001,SUP-010,PRD-056,P02,line_release,14075,QCERT-00836,fab864844a85242a,53a5eec2e3699a5e,SC-009
TX-0002856,2026-06-19 10:24:00,LOT-SUP-007-20260619-014,SUP-007,PRD-073,P02,line_release,17296,QCERT-00458,53a5eec2e3699a5e,a95cef8919a6a259,SC-006
TX-0002857,2025-09-01 01:29:00,LOT-SUP-006-20250901-015,SUP-006,PRD-052,P01,line_release,12485,QCERT-00550,a95cef8919a6a259,54db8838928dad33,SC-001
TX-0002858,2025-11-05 15:36:00,LOT-SUP-009-20251105-017,SUP-009,PRD-048,P02,material_received,21417,,54db8838928dad33,cdec9d1d40196c8c,SC-010
TX-0002859,2026-01-03 19:12:00,LOT-SUP-011-20260103-058,SUP-011,PRD-017,P03,finished_goods,14349,,cdec9d1d40196c8c,d74a4fab4101f2c7,SC-003
TX-0002860,2025-08-19 01:46:00,LOT-SUP-005-20250819-051,SUP-005,PRD-016,P02,finished_goods,19350,,d74a4fab4101f2c7,8f4f8313ec4e0660,SC-001
TX-0002861,2026-06-02 02:51:00,LOT-SUP-009-20260602-034,SUP-009,PRD-039,P03,finished_goods,7402,,8f4f8313ec4e0660,95076f90046d0d86,SC-009
TX-0002862,2026-06-29 05:27:00,LOT-SUP-002-20260629-037,SUP-002,PRD-064,P01,line_release,9227,QCERT-00785,95076f90046d0d86,662174d76e4b126e,SC-008
TX-0002863,2025-09-12 14:38:00,LOT-SUP-016-20250912-034,SUP-016,PRD-080,P01,line_release,6162,QCERT-00491,662174d76e4b126e,9a91abe5a13df092,SC-006
TX-0002864,2026-05-19 03:07:00,LOT-SUP-005-20260519-057,SUP-005,PRD-023,P02,shipment_handover,10228,,9a91abe5a13df092,fd4828c7c55bc358,SC-010
TX-0002865,2026-04-04 00:58:00,LOT-SUP-018-20260404-023,SUP-018,PRD-019,P03,quality_certificate,1335,QCERT-00078,fd4828c7c55bc358,0b08916140f987a6,SC-003
TX-0002866,2025-11-13 03:57:00,LOT-SUP-016-20251113-014,SUP-016,PRD-063,P02,line_release,16895,QCERT-00751,0b08916140f987a6,b5016a60fb4982bf,SC-007
TX-0002867,2026-03-22 17:46:00,LOT-SUP-013-20260322-060,SUP-013,PRD-058,P03,finished_goods,8246,,b5016a60fb4982bf,2530b23d9a3c9456,SC-002
TX-0002868,2026-04-02 18:58:00,LOT-SUP-014-20260402-035,SUP-014,PRD-036,P02,quality_certificate,24360,QCERT-00504,2530b23d9a3c9456,997773806eca2e94,SC-004
TX-0002869,2025-12-29 13:41:00,LOT-SUP-002-20251229-023,SUP-002,PRD-001,P01,shipment_handover,4636,,997773806eca2e94,8e70ef2a86e59d82,SC-009
TX-0002870,2026-01-27 22:46:00,LOT-SUP-005-20260127-007,SUP-005,PRD-024,P02,shipment_handover,10866,,8e70ef2a86e59d82,16e91d3551cba2f3,SC-002
TX-0002871,2025-10-28 18:53:00,LOT-SUP-008-20251028-041,SUP-008,PRD-053,P03,material_received,10689,,16e91d3551cba2f3,b352c51c243a48d4,SC-004
TX-0002872,2026-05-24 10:59:00,LOT-SUP-013-20260524-021,SUP-013,PRD-079,P02,material_received,21021,,b352c51c243a48d4,b49e4ba763a93b28,SC-008
TX-0002873,2025-09-05 06:28:00,LOT-SUP-009-20250905-045,SUP-009,PRD-077,P03,finished_goods,22407,,b49e4ba763a93b28,bfc033d10abe8aa2,SC-012
TX-0002874,2025-11-15 06:29:00,LOT-SUP-009-20251115-022,SUP-009,PRD-051,P01,material_received,5901,,bfc033d10abe8aa2,66c324fe64f7c071,SC-009
TX-0002875,2025-11-21 13:20:00,LOT-SUP-003-20251121-017,SUP-003,PRD-078,P01,material_received,24061,,66c324fe64f7c071,2f9c484b4c10c992,SC-004
TX-0002876,2025-08-31 15:08:00,LOT-SUP-008-20250831-001,SUP-008,PRD-007,P03,line_release,5179,QCERT-00477,2f9c484b4c10c992,bcbff95b8be5a3d0,SC-011
TX-0002877,2025-10-22 23:53:00,LOT-SUP-005-20251022-015,SUP-005,PRD-038,P03,finished_goods,1852,,bcbff95b8be5a3d0,b77e448b7f937206,SC-001
TX-0002878,2026-07-05 04:30:00,LOT-SUP-009-20260705-022,SUP-009,PRD-034,P02,material_received,20898,,b77e448b7f937206,0795e347f50aaee7,SC-011
TX-0002879,2026-02-16 08:40:00,LOT-SUP-004-20260216-002,SUP-004,PRD-059,P01,line_release,15951,QCERT-00703,0795e347f50aaee7,ad38616c607f9093,SC-002
TX-0002880,2026-01-28 18:06:00,LOT-SUP-008-20260128-060,SUP-008,PRD-007,P02,shipment_handover,20847,,ad38616c607f9093,a53417058a5619dc,SC-005
TX-0002881,2025-11-10 09:21:00,LOT-SUP-010-20251110-016,SUP-010,PRD-028,P02,shipment_handover,22792,,a53417058a5619dc,3d5d289c758d685b,SC-006
TX-0002882,2026-02-21 00:22:00,LOT-SUP-005-20260221-051,SUP-005,PRD-041,P03,line_release,2109,QCERT-00313,3d5d289c758d685b,ddfdca86e446fabd,SC-005
TX-0002883,2025-09-07 22:10:00,LOT-SUP-015-20250907-031,SUP-015,PRD-021,P03,line_release,8296,QCERT-00111,ddfdca86e446fabd,065c0412d25659eb,SC-012
TX-0002884,2026-03-15 06:45:00,LOT-SUP-006-20260315-023,SUP-006,PRD-052,P03,finished_goods,19209,,065c0412d25659eb,2d3f5411b85dbbd8,SC-007
TX-0002885,2025-12-01 20:34:00,LOT-SUP-002-20251201-016,SUP-002,PRD-027,P02,material_received,14139,,2d3f5411b85dbbd8,1dcb2549d8d608c4,SC-012
TX-0002886,2026-05-07 09:27:00,LOT-SUP-008-20260507-055,SUP-008,PRD-033,P01,line_release,8086,QCERT-00774,1dcb2549d8d608c4,96844f97f89d47e0,SC-011
TX-0002887,2026-06-22 08:21:00,LOT-SUP-005-20260622-053,SUP-005,PRD-038,P01,quality_certificate,2513,QCERT-00037,96844f97f89d47e0,0a6db9ac3a61cab8,SC-004
TX-0002888,2026-03-31 13:07:00,LOT-SUP-008-20260331-034,SUP-008,PRD-044,P02,finished_goods,14820,,0a6db9ac3a61cab8,86c51bb834d4470d,SC-009
TX-0002889,2026-02-03 08:31:00,LOT-SUP-009-20260203-046,SUP-009,PRD-034,P01,material_received,19141,,86c51bb834d4470d,dbc14be644534dc9,SC-009
TX-0002890,2026-05-31 05:06:00,LOT-SUP-013-20260531-003,SUP-013,PRD-062,P03,material_received,15153,,dbc14be644534dc9,fe78437d4189352e,SC-010
TX-0002891,2026-03-31 05:04:00,LOT-SUP-008-20260331-044,SUP-008,PRD-002,P02,shipment_handover,19770,,fe78437d4189352e,3c4d6b1b07657ca6,SC-012
TX-0002892,2026-03-18 22:12:00,LOT-SUP-007-20260318-048,SUP-007,PRD-073,P02,finished_goods,3257,,3c4d6b1b07657ca6,68c0d542c8aa87d3,SC-004
TX-0002893,2026-03-01 09:37:00,LOT-SUP-017-20260301-034,SUP-017,PRD-061,P01,shipment_handover,11899,,68c0d542c8aa87d3,363c179d990bb43c,SC-007
TX-0002894,2026-05-27 03:05:00,LOT-SUP-006-20260527-004,SUP-006,PRD-052,P01,line_release,16584,QCERT-00222,363c179d990bb43c,8e3b4fc646955e96,SC-008
TX-0002895,2026-01-16 16:01:00,LOT-SUP-001-20260116-012,SUP-001,PRD-068,P02,line_release,11424,QCERT-00161,8e3b4fc646955e96,804565a9bc9de5f5,SC-002
TX-0002896,2025-10-16 05:56:00,LOT-SUP-014-20251016-001,SUP-014,PRD-025,P03,quality_certificate,20150,QCERT-00191,804565a9bc9de5f5,c2c98e3cd8ff4350,SC-001
TX-0002897,2025-09-25 06:50:00,LOT-SUP-001-20250925-009,SUP-001,PRD-011,P02,finished_goods,4724,,c2c98e3cd8ff4350,a263e80d0bbb5d52,SC-012
TX-0002898,2026-02-01 02:22:00,LOT-SUP-005-20260201-028,SUP-005,PRD-016,P01,line_release,20473,QCERT-00381,a263e80d0bbb5d52,6e516500548d937a,SC-007
TX-0002899,2025-12-14 06:18:00,LOT-SUP-005-20251214-041,SUP-005,PRD-014,P01,material_received,19450,,6e516500548d937a,2fa44719cc95d321,SC-002
TX-0002900,2025-08-29 07:28:00,LOT-SUP-018-20250829-010,SUP-018,PRD-019,P03,finished_goods,14516,,2fa44719cc95d321,88820abc68b6a811,SC-007
TX-0002901,2025-11-10 23:16:00,LOT-SUP-014-20251110-050,SUP-014,PRD-029,P02,line_release,1340,QCERT-00805,88820abc68b6a811,36443926e5301080,SC-006
TX-0002902,2025-11-25 21:41:00,LOT-SUP-001-20251125-048,SUP-001,PRD-067,P02,shipment_handover,6972,,36443926e5301080,cb6cbece8c15b1eb,SC-010
TX-0002903,2026-01-07 11:15:00,LOT-SUP-009-20260107-013,SUP-009,PRD-077,P03,quality_certificate,6159,QCERT-00141,cb6cbece8c15b1eb,1d2bb1eb5ec5bd75,SC-008
TX-0002904,2026-02-09 12:04:00,LOT-SUP-005-20260209-015,SUP-005,PRD-016,P01,line_release,21144,QCERT-00746,1d2bb1eb5ec5bd75,213de10f9edcd247,SC-005
TX-0002905,2025-09-08 18:10:00,LOT-SUP-016-20250908-047,SUP-016,PRD-008,P01,line_release,18695,QCERT-00860,213de10f9edcd247,49a72e7f752c56d0,SC-007
TX-0002906,2026-06-28 10:47:00,LOT-SUP-009-20260628-040,SUP-009,PRD-018,P02,shipment_handover,7907,,49a72e7f752c56d0,6fc3c2502d537681,SC-008
TX-0002907,2025-12-31 23:38:00,LOT-SUP-008-20251231-021,SUP-008,PRD-007,P02,shipment_handover,7383,,6fc3c2502d537681,413f8c1ee76a85d5,SC-007
TX-0002908,2026-06-06 00:48:00,LOT-SUP-015-20260606-039,SUP-015,PRD-003,P01,material_received,22748,,413f8c1ee76a85d5,4f4e6b58815abe94,SC-002
TX-0002909,2026-03-13 16:10:00,LOT-SUP-018-20260313-029,SUP-018,PRD-019,P01,finished_goods,16282,,4f4e6b58815abe94,03b18227eb960cad,SC-007
TX-0002910,2025-08-30 21:12:00,LOT-SUP-009-20250830-009,SUP-009,PRD-018,P03,material_received,11140,,03b18227eb960cad,7da0dc65d99af1b2,SC-008
TX-0002911,2026-01-23 18:59:00,LOT-SUP-015-20260123-021,SUP-015,PRD-003,P01,finished_goods,9534,,7da0dc65d99af1b2,24fa6335ec7fd97b,SC-008
TX-0002912,2026-04-01 00:00:00,LOT-SUP-005-20260401-025,SUP-005,PRD-038,P01,quality_certificate,15942,QCERT-00582,24fa6335ec7fd97b,87eeaa6f265364b7,SC-003
TX-0002913,2025-11-08 01:00:00,LOT-SUP-001-20251108-054,SUP-001,PRD-068,P03,material_received,8179,,87eeaa6f265364b7,c5d05e966f3b2b54,SC-011
TX-0002914,2025-11-03 08:36:00,LOT-SUP-016-20251103-018,SUP-016,PRD-063,P01,shipment_handover,3802,,c5d05e966f3b2b54,f1d02b7a682fff8d,SC-001
TX-0002915,2026-01-21 20:59:00,LOT-SUP-010-20260121-013,SUP-010,PRD-045,P02,line_release,24672,QCERT-00808,f1d02b7a682fff8d,0e9f25149845158f,SC-008
TX-0002916,2025-10-31 19:55:00,LOT-SUP-002-20251031-031,SUP-002,PRD-042,P02,material_received,1391,,0e9f25149845158f,d8696a1ebe9c5e0e,SC-006
TX-0002917,2026-03-03 04:52:00,LOT-SUP-007-20260303-012,SUP-007,PRD-055,P03,line_release,10514,QCERT-00591,d8696a1ebe9c5e0e,1e5f25a18862f871,SC-008
TX-0002918,2026-01-31 17:08:00,LOT-SUP-015-20260131-015,SUP-015,PRD-013,P03,material_received,18406,,1e5f25a18862f871,3fcef8ab458bdc41,SC-011
TX-0002919,2026-02-27 04:24:00,LOT-SUP-015-20260227-024,SUP-015,PRD-047,P02,shipment_handover,17692,,3fcef8ab458bdc41,874176ce9419ef51,SC-006
TX-0002920,2026-04-09 04:10:00,LOT-SUP-016-20260409-048,SUP-016,PRD-043,P02,material_received,3864,,874176ce9419ef51,bd6594930eb82770,SC-012
TX-0002921,2025-10-19 11:46:00,LOT-SUP-015-20251019-060,SUP-015,PRD-021,P01,shipment_handover,3808,,bd6594930eb82770,6affd5df93c82310,SC-012
TX-0002922,2026-07-09 04:14:00,LOT-SUP-017-20260709-024,SUP-017,PRD-009,P03,shipment_handover,13746,,6affd5df93c82310,419b4414ceec1c0c,SC-001
TX-0002923,2025-12-03 15:14:00,LOT-SUP-002-20251203-037,SUP-002,PRD-027,P01,material_received,8495,,419b4414ceec1c0c,42c4912f300d7fb7,SC-001
TX-0002924,2026-07-28 08:26:00,LOT-SUP-009-20260728-020,SUP-009,PRD-032,P02,material_received,1277,,42c4912f300d7fb7,77be62cb0a6ef053,SC-010
TX-0002925,2026-03-20 13:24:00,LOT-SUP-001-20260320-030,SUP-001,PRD-046,P01,material_received,14278,,77be62cb0a6ef053,674677caf2d00fde,SC-005
TX-0002926,2025-11-30 08:37:00,LOT-SUP-014-20251130-015,SUP-014,PRD-036,P02,finished_goods,19299,,674677caf2d00fde,b73b1545c469dd9c,SC-006
TX-0002927,2026-07-13 14:08:00,LOT-SUP-001-20260713-037,SUP-001,PRD-067,P03,quality_certificate,3788,QCERT-00378,b73b1545c469dd9c,c3e8577fc1f22e41,SC-008
TX-0002928,2026-02-01 05:36:00,LOT-SUP-015-20260201-054,SUP-015,PRD-013,P02,material_received,20911,,c3e8577fc1f22e41,f7d1e75281e8597f,SC-001
TX-0002929,2026-07-02 02:48:00,LOT-SUP-008-20260702-043,SUP-008,PRD-037,P01,shipment_handover,14636,,f7d1e75281e8597f,e89b05f105de42e4,SC-003
TX-0002930,2026-04-28 01:33:00,LOT-SUP-012-20260428-020,SUP-012,PRD-006,P01,finished_goods,22081,,e89b05f105de42e4,7c62ff644888035a,SC-005
TX-0002931,2025-09-28 02:30:00,LOT-SUP-010-20250928-012,SUP-010,PRD-010,P01,line_release,9953,QCERT-00404,7c62ff644888035a,77efded051a67e11,SC-005
TX-0002932,2026-03-10 20:12:00,LOT-SUP-008-20260310-031,SUP-008,PRD-033,P01,material_received,14803,,77efded051a67e11,412fc5cf7f6374b6,SC-006
TX-0002933,2026-05-05 17:34:00,LOT-SUP-014-20260505-004,SUP-014,PRD-036,P02,shipment_handover,18145,,412fc5cf7f6374b6,f14a98acabfe5830,SC-001
TX-0002934,2026-04-22 09:49:00,LOT-SUP-007-20260422-018,SUP-007,PRD-073,P03,shipment_handover,5396,,f14a98acabfe5830,ca9a31cdecf9765e,SC-001
TX-0002935,2025-10-28 02:56:00,LOT-SUP-009-20251028-007,SUP-009,PRD-018,P02,quality_certificate,5576,QCERT-00486,ca9a31cdecf9765e,28047b151a6a4112,SC-012
TX-0002936,2025-11-09 20:37:00,LOT-SUP-010-20251109-051,SUP-010,PRD-010,P01,material_received,5644,,28047b151a6a4112,8dc8590c61be0c67,SC-002
TX-0002937,2025-09-16 13:16:00,LOT-SUP-009-20250916-016,SUP-009,PRD-018,P03,material_received,9072,,8dc8590c61be0c67,55316f0b031b61ce,SC-008
TX-0002938,2026-01-21 13:53:00,LOT-SUP-010-20260121-027,SUP-010,PRD-010,P03,material_received,3303,,55316f0b031b61ce,7ff24f88b89b8a87,SC-002
TX-0002939,2026-03-21 05:16:00,LOT-SUP-008-20260321-025,SUP-008,PRD-026,P01,material_received,9008,,7ff24f88b89b8a87,68a0b084241a77a9,SC-005
TX-0002940,2025-09-10 23:21:00,LOT-SUP-014-20250910-057,SUP-014,PRD-029,P02,quality_certificate,10432,QCERT-00646,68a0b084241a77a9,a69011764e4e236f,SC-004
TX-0002941,2026-01-30 21:46:00,LOT-SUP-010-20260130-034,SUP-010,PRD-056,P03,line_release,22543,QCERT-00336,a69011764e4e236f,f80138249f8ac818,SC-003
TX-0002942,2026-01-07 17:06:00,LOT-SUP-010-20260107-047,SUP-010,PRD-045,P01,finished_goods,11995,,f80138249f8ac818,697cdfe43d09deef,SC-008
TX-0002943,2025-09-25 12:38:00,LOT-SUP-001-20250925-047,SUP-001,PRD-067,P01,finished_goods,20250,,697cdfe43d09deef,792294b2f2b042cc,SC-002
TX-0002944,2026-01-11 19:16:00,LOT-SUP-005-20260111-044,SUP-005,PRD-022,P02,finished_goods,16307,,792294b2f2b042cc,8df37a3acd728e74,SC-010
TX-0002945,2025-12-18 13:08:00,LOT-SUP-016-20251218-008,SUP-016,PRD-080,P01,material_received,4273,,8df37a3acd728e74,57fb8b7021093bf6,SC-001
TX-0002946,2025-08-28 06:57:00,LOT-SUP-015-20250828-025,SUP-015,PRD-013,P01,quality_certificate,15371,QCERT-00639,57fb8b7021093bf6,f7d5b875cff09233,SC-002
TX-0002947,2026-05-21 06:22:00,LOT-SUP-005-20260521-011,SUP-005,PRD-023,P03,quality_certificate,17257,QCERT-00874,f7d5b875cff09233,a57fe1e60361f7d7,SC-002
TX-0002948,2025-12-12 20:47:00,LOT-SUP-013-20251212-034,SUP-013,PRD-079,P03,finished_goods,22954,,a57fe1e60361f7d7,90f37b46ad6a4147,SC-012
TX-0002949,2026-02-16 08:38:00,LOT-SUP-007-20260216-059,SUP-007,PRD-073,P01,finished_goods,3675,,90f37b46ad6a4147,0e5305e1a0d475ac,SC-004
TX-0002950,2026-05-26 08:31:00,LOT-SUP-004-20260526-025,SUP-004,PRD-059,P03,line_release,9791,QCERT-00851,0e5305e1a0d475ac,d4aae5d2cd2b062d,SC-012
TX-0002951,2026-07-07 01:11:00,LOT-SUP-008-20260707-009,SUP-008,PRD-002,P01,finished_goods,7756,,d4aae5d2cd2b062d,b52b393a9417c423,SC-002
TX-0002952,2026-02-16 05:30:00,LOT-SUP-009-20260216-002,SUP-009,PRD-032,P03,quality_certificate,6673,QCERT-00721,b52b393a9417c423,0c61561993c8c259,SC-002
TX-0002953,2026-02-09 23:13:00,LOT-SUP-002-20260209-059,SUP-002,PRD-027,P02,material_received,13747,,0c61561993c8c259,ec105123d3450211,SC-010
TX-0002954,2026-01-13 07:32:00,LOT-SUP-015-20260113-060,SUP-015,PRD-031,P03,line_release,15313,QCERT-00426,ec105123d3450211,0a7cd1b1a1b70eea,SC-008
TX-0002955,2025-10-10 06:53:00,LOT-SUP-004-20251010-059,SUP-004,PRD-050,P01,shipment_handover,12718,,0a7cd1b1a1b70eea,ff2981e58d29e3f6,SC-005
TX-0002956,2025-09-18 03:29:00,LOT-SUP-009-20250918-038,SUP-009,PRD-039,P02,quality_certificate,16952,QCERT-00476,ff2981e58d29e3f6,e3a17171abcbcf19,SC-002
TX-0002957,2025-12-30 13:07:00,LOT-SUP-008-20251230-024,SUP-008,PRD-037,P03,line_release,15003,QCERT-00879,e3a17171abcbcf19,cc03b432cd8f7152,SC-005
TX-0002958,2026-06-21 04:25:00,LOT-SUP-006-20260621-052,SUP-006,PRD-065,P03,line_release,13896,QCERT-00359,cc03b432cd8f7152,ebb359ca3ca9ff87,SC-009
TX-0002959,2026-05-31 17:18:00,LOT-SUP-016-20260531-029,SUP-016,PRD-080,P03,material_received,19144,,ebb359ca3ca9ff87,c2d8cf01859afc21,SC-002
TX-0002960,2026-05-15 09:38:00,LOT-SUP-003-20260515-016,SUP-003,PRD-060,P01,quality_certificate,1448,QCERT-00169,c2d8cf01859afc21,5c4a837e9d5c526b,SC-001
TX-0002961,2026-07-08 21:43:00,LOT-SUP-002-20260708-041,SUP-002,PRD-064,P02,line_release,16729,QCERT-00435,5c4a837e9d5c526b,5c748f059240b8b4,SC-006
TX-0002962,2025-10-15 13:31:00,LOT-SUP-004-20251015-023,SUP-004,PRD-059,P01,finished_goods,11508,,5c748f059240b8b4,e0fd405d2c252346,SC-005
TX-0002963,2025-11-24 15:53:00,LOT-SUP-005-20251124-059,SUP-005,PRD-024,P01,line_release,16570,QCERT-00774,e0fd405d2c252346,36da74dc1b8d42c8,SC-002
TX-0002964,2025-11-08 21:11:00,LOT-SUP-007-20251108-008,SUP-007,PRD-055,P01,quality_certificate,14285,QCERT-00778,36da74dc1b8d42c8,54fb7864c6a86788,SC-001
TX-0002965,2026-01-10 04:17:00,LOT-SUP-002-20260110-055,SUP-002,PRD-064,P02,quality_certificate,22322,QCERT-00242,54fb7864c6a86788,c02c78c845b4d61b,SC-006
TX-0002966,2026-07-09 03:15:00,LOT-SUP-013-20260709-039,SUP-013,PRD-058,P03,quality_certificate,13841,QCERT-00049,c02c78c845b4d61b,6a070f94e228c67d,SC-007
TX-0002967,2025-11-19 21:56:00,LOT-SUP-010-20251119-025,SUP-010,PRD-010,P02,material_received,24806,,6a070f94e228c67d,7f7ea1141af99692,SC-011
TX-0002968,2025-10-25 02:05:00,LOT-SUP-004-20251025-015,SUP-004,PRD-059,P02,shipment_handover,17566,,7f7ea1141af99692,f4c2a0095f51faed,SC-007
TX-0002969,2026-04-11 07:40:00,LOT-SUP-004-20260411-043,SUP-004,PRD-066,P03,finished_goods,23975,,f4c2a0095f51faed,452c5a670feaeac7,SC-011
TX-0002970,2026-06-14 08:58:00,LOT-SUP-016-20260614-025,SUP-016,PRD-043,P03,material_received,22016,,452c5a670feaeac7,7b9f6e85d70eab7e,SC-003
TX-0002971,2025-09-08 02:10:00,LOT-SUP-012-20250908-058,SUP-012,PRD-015,P02,finished_goods,16147,,7b9f6e85d70eab7e,606f0246ed91251c,SC-012
TX-0002972,2025-11-08 08:13:00,LOT-SUP-008-20251108-035,SUP-008,PRD-026,P03,shipment_handover,19314,,606f0246ed91251c,9a96892fae32ba57,SC-008
TX-0002973,2026-05-23 01:15:00,LOT-SUP-015-20260523-048,SUP-015,PRD-031,P01,finished_goods,20759,,9a96892fae32ba57,8173f6f23b779c00,SC-009
TX-0002974,2025-12-06 08:09:00,LOT-SUP-015-20251206-021,SUP-015,PRD-047,P01,finished_goods,20876,,8173f6f23b779c00,bfe87c4c7c4941eb,SC-011
TX-0002975,2026-03-08 16:20:00,LOT-SUP-001-20260308-030,SUP-001,PRD-068,P03,finished_goods,23010,,bfe87c4c7c4941eb,e11da136a6bff1d1,SC-005
TX-0002976,2025-08-28 13:59:00,LOT-SUP-009-20250828-041,SUP-009,PRD-018,P02,shipment_handover,23781,,e11da136a6bff1d1,54cbfb726153a611,SC-007
TX-0002977,2026-04-01 05:56:00,LOT-SUP-004-20260401-030,SUP-004,PRD-059,P03,line_release,2919,QCERT-00637,54cbfb726153a611,2844a0067be77e18,SC-004
TX-0002978,2025-08-29 19:27:00,LOT-SUP-010-20250829-030,SUP-010,PRD-056,P01,material_received,4802,,2844a0067be77e18,b4c0e2bdd4d563e3,SC-011
TX-0002979,2026-03-16 19:54:00,LOT-SUP-015-20260316-025,SUP-015,PRD-004,P02,line_release,674,QCERT-00218,b4c0e2bdd4d563e3,f03faf5b815db7d2,SC-003
TX-0002980,2025-10-09 13:55:00,LOT-SUP-014-20251009-012,SUP-014,PRD-025,P01,finished_goods,16011,,f03faf5b815db7d2,9e723516aeeb02b0,SC-010
TX-0002981,2026-07-06 19:04:00,LOT-SUP-015-20260706-057,SUP-015,PRD-021,P03,quality_certificate,9124,QCERT-00485,9e723516aeeb02b0,d3dd1d6c0fb8758f,SC-001
TX-0002982,2026-04-25 18:01:00,LOT-SUP-009-20260425-015,SUP-009,PRD-039,P01,line_release,24930,QCERT-00359,d3dd1d6c0fb8758f,4cb479c3231c6da3,SC-001
TX-0002983,2026-04-27 04:01:00,LOT-SUP-006-20260427-035,SUP-006,PRD-052,P03,line_release,8797,QCERT-00587,4cb479c3231c6da3,9014fb665623e810,SC-012
TX-0002984,2026-06-08 16:13:00,LOT-SUP-002-20260608-016,SUP-002,PRD-001,P01,material_received,20481,,9014fb665623e810,2fc260e8638d66a7,SC-011
TX-0002985,2026-02-15 12:26:00,LOT-SUP-003-20260215-001,SUP-003,PRD-071,P02,material_received,24326,,2fc260e8638d66a7,308c439f367b9cc1,SC-008
TX-0002986,2026-04-04 19:47:00,LOT-SUP-017-20260404-044,SUP-017,PRD-030,P03,finished_goods,11681,,308c439f367b9cc1,96fc095be6141a33,SC-009
TX-0002987,2026-07-20 21:47:00,LOT-SUP-011-20260720-010,SUP-011,PRD-017,P03,line_release,3032,QCERT-00315,96fc095be6141a33,bed78b2071accad0,SC-003
TX-0002988,2025-11-02 16:07:00,LOT-SUP-004-20251102-007,SUP-004,PRD-066,P02,material_received,4406,,bed78b2071accad0,d3d61030fbe961e7,SC-008
TX-0002989,2025-09-03 03:09:00,LOT-SUP-012-20250903-048,SUP-012,PRD-012,P02,finished_goods,17581,,d3d61030fbe961e7,ee4686a666360d95,SC-010
TX-0002990,2026-01-08 20:19:00,LOT-SUP-006-20260108-022,SUP-006,PRD-052,P01,quality_certificate,23224,QCERT-00793,ee4686a666360d95,708797ce5a821e91,SC-006
TX-0002991,2026-03-27 06:59:00,LOT-SUP-013-20260327-034,SUP-013,PRD-054,P02,line_release,3532,QCERT-00392,708797ce5a821e91,d92feeb823eca0b3,SC-010
TX-0002992,2026-04-03 13:24:00,LOT-SUP-016-20260403-043,SUP-016,PRD-080,P01,line_release,19361,QCERT-00054,d92feeb823eca0b3,1a684bb7adb6162d,SC-001
TX-0002993,2026-04-01 03:52:00,LOT-SUP-008-20260401-060,SUP-008,PRD-044,P03,finished_goods,19819,,1a684bb7adb6162d,59972aa021bd7ad1,SC-008
TX-0002994,2025-12-31 05:56:00,LOT-SUP-005-20251231-041,SUP-005,PRD-022,P03,finished_goods,22863,,59972aa021bd7ad1,f6067f820acf07f1,SC-001
TX-0002995,2026-03-01 12:00:00,LOT-SUP-005-20260301-006,SUP-005,PRD-038,P03,line_release,14440,QCERT-00779,f6067f820acf07f1,885a0c1178875cb1,SC-011
TX-0002996,2026-01-06 00:53:00,LOT-SUP-005-20260106-031,SUP-005,PRD-024,P01,shipment_handover,4088,,885a0c1178875cb1,ae7d598f1ca0eaec,SC-008
TX-0002997,2026-06-22 00:08:00,LOT-SUP-009-20260622-012,SUP-009,PRD-077,P01,material_received,17982,,ae7d598f1ca0eaec,e921c6de835ef16a,SC-004
TX-0002998,2025-12-06 18:20:00,LOT-SUP-009-20251206-056,SUP-009,PRD-039,P02,material_received,22712,,e921c6de835ef16a,cb5d294e426bca6d,SC-001
TX-0002999,2025-10-21 10:00:00,LOT-SUP-010-20251021-031,SUP-010,PRD-076,P03,material_received,5903,,cb5d294e426bca6d,eb03a5bed7ce59b0,SC-012
TX-0003000,2025-12-02 15:44:00,LOT-SUP-010-20251202-048,SUP-010,PRD-076,P01,shipment_handover,10648,,eb03a5bed7ce59b0,d40c036a53ce7292,SC-001
TX-0003001,2026-04-26 13:13:00,LOT-SUP-009-20260426-038,SUP-009,PRD-034,P01,quality_certificate,4219,QCERT-00194,d40c036a53ce7292,1d14784ab2e21582,SC-004
TX-0003002,2026-03-26 07:04:00,LOT-SUP-001-20260326-044,SUP-001,PRD-067,P01,material_received,18670,,1d14784ab2e21582,f4933d0db34a7761,SC-008
TX-0003003,2026-04-10 14:35:00,LOT-SUP-016-20260410-053,SUP-016,PRD-008,P01,line_release,22489,QCERT-00564,f4933d0db34a7761,07b33cce5c3f6590,SC-005
TX-0003004,2025-11-06 07:15:00,LOT-SUP-007-20251106-039,SUP-007,PRD-073,P03,shipment_handover,2427,,07b33cce5c3f6590,005d20630d7e6494,SC-010
TX-0003005,2025-10-10 17:37:00,LOT-SUP-009-20251010-039,SUP-009,PRD-039,P03,line_release,5321,QCERT-00819,005d20630d7e6494,fd4020f68c64331d,SC-005
TX-0003006,2026-06-18 06:29:00,LOT-SUP-009-20260618-042,SUP-009,PRD-039,P03,finished_goods,12376,,fd4020f68c64331d,cff9e6048d57dcbd,SC-012
TX-0003007,2026-03-19 11:01:00,LOT-SUP-014-20260319-032,SUP-014,PRD-025,P01,shipment_handover,20090,,cff9e6048d57dcbd,172ce0a6e3c53de9,SC-001
TX-0003008,2026-01-23 11:08:00,LOT-SUP-002-20260123-058,SUP-002,PRD-001,P02,quality_certificate,19202,QCERT-00762,172ce0a6e3c53de9,1b5e1ff645212671,SC-007
TX-0003009,2025-09-02 03:29:00,LOT-SUP-008-20250902-041,SUP-008,PRD-053,P02,material_received,22618,,1b5e1ff645212671,07bc5750d4ead153,SC-007
TX-0003010,2025-09-14 00:18:00,LOT-SUP-008-20250914-055,SUP-008,PRD-044,P02,quality_certificate,24442,QCERT-00685,07bc5750d4ead153,59fc5fac10e9149c,SC-012
TX-0003011,2026-01-04 23:23:00,LOT-SUP-015-20260104-044,SUP-015,PRD-031,P03,finished_goods,21379,,59fc5fac10e9149c,8344eed2f61bfcf8,SC-002
TX-0003012,2026-05-17 15:56:00,LOT-SUP-008-20260517-030,SUP-008,PRD-033,P02,shipment_handover,23625,,8344eed2f61bfcf8,410f597ac08ea618,SC-003
TX-0003013,2026-05-06 09:07:00,LOT-SUP-008-20260506-024,SUP-008,PRD-002,P02,material_received,15456,,410f597ac08ea618,60b161909f5fe058,SC-012
TX-0003014,2026-07-26 20:22:00,LOT-SUP-015-20260726-028,SUP-015,PRD-013,P01,finished_goods,24022,,60b161909f5fe058,18d355c45e8b7dc6,SC-007
TX-0003015,2026-07-24 05:17:00,LOT-SUP-005-20260724-021,SUP-005,PRD-038,P03,material_received,16133,,18d355c45e8b7dc6,c8a30d49b0e500c3,SC-002
TX-0003016,2025-12-05 03:30:00,LOT-SUP-009-20251205-030,SUP-009,PRD-018,P01,material_received,7323,,c8a30d49b0e500c3,1abb2cf0af120ee9,SC-001
TX-0003017,2026-01-21 18:11:00,LOT-SUP-014-20260121-031,SUP-014,PRD-025,P01,material_received,11758,,1abb2cf0af120ee9,fceb22daba8f1761,SC-010
TX-0003018,2026-05-28 04:20:00,LOT-SUP-013-20260528-005,SUP-013,PRD-054,P02,line_release,20283,QCERT-00626,fceb22daba8f1761,cf5f725205f5b509,SC-011
TX-0003019,2026-05-25 09:31:00,LOT-SUP-001-20260525-050,SUP-001,PRD-011,P01,shipment_handover,16656,,cf5f725205f5b509,5d2581f3df6e9948,SC-004
TX-0003020,2025-10-27 06:00:00,LOT-SUP-005-20251027-024,SUP-005,PRD-022,P03,shipment_handover,6483,,5d2581f3df6e9948,20ca582760ca4863,SC-007
TX-0003021,2025-08-27 10:34:00,LOT-SUP-001-20250827-036,SUP-001,PRD-067,P01,quality_certificate,19385,QCERT-00148,20ca582760ca4863,dae89ab54ae3812a,SC-003
TX-0003022,2026-06-08 20:55:00,LOT-SUP-010-20260608-030,SUP-010,PRD-076,P01,shipment_handover,12948,,dae89ab54ae3812a,22fa859277984d97,SC-001
TX-0003023,2025-09-27 18:20:00,LOT-SUP-014-20250927-056,SUP-014,PRD-036,P03,shipment_handover,9809,,22fa859277984d97,798c076f5aba9450,SC-003
TX-0003024,2026-02-10 01:56:00,LOT-SUP-004-20260210-060,SUP-004,PRD-050,P02,material_received,6684,,798c076f5aba9450,bd57553a1993b444,SC-003
TX-0003025,2026-02-10 11:23:00,LOT-SUP-006-20260210-020,SUP-006,PRD-065,P01,shipment_handover,3423,,bd57553a1993b444,0ab660fbd2210e9d,SC-006
TX-0003026,2026-01-07 04:15:00,LOT-SUP-016-20260107-018,SUP-016,PRD-063,P01,finished_goods,10218,,0ab660fbd2210e9d,11a1bd4549c0be98,SC-001
TX-0003027,2026-03-10 20:19:00,LOT-SUP-005-20260310-044,SUP-005,PRD-038,P03,shipment_handover,21718,,11a1bd4549c0be98,7be07986cec818b0,SC-007
TX-0003028,2026-02-15 13:52:00,LOT-SUP-012-20260215-037,SUP-012,PRD-015,P03,material_received,15851,,7be07986cec818b0,393af6dc6a5efdfc,SC-006
TX-0003029,2025-10-15 14:38:00,LOT-SUP-005-20251015-011,SUP-005,PRD-038,P02,shipment_handover,5838,,393af6dc6a5efdfc,cb480b33dac8bd6c,SC-003
TX-0003030,2025-08-23 17:34:00,LOT-SUP-005-20250823-026,SUP-005,PRD-023,P03,material_received,22669,,cb480b33dac8bd6c,5111e6a1a02de85c,SC-010
TX-0003031,2026-02-10 22:49:00,LOT-SUP-015-20260210-031,SUP-015,PRD-003,P03,material_received,17276,,5111e6a1a02de85c,049cc259fe5e3154,SC-010
TX-0003032,2026-07-21 21:17:00,LOT-SUP-004-20260721-012,SUP-004,PRD-050,P03,line_release,3454,QCERT-00615,049cc259fe5e3154,d5eeb6e709e4a4c2,SC-011
TX-0003033,2026-04-13 10:44:00,LOT-SUP-004-20260413-010,SUP-004,PRD-066,P01,material_received,12556,,d5eeb6e709e4a4c2,c652d2a0b27cfc8a,SC-005
TX-0003034,2025-11-07 11:32:00,LOT-SUP-008-20251107-060,SUP-008,PRD-053,P02,finished_goods,23498,,c652d2a0b27cfc8a,f4311f35bc85d0a7,SC-012
TX-0003035,2025-09-22 17:49:00,LOT-SUP-009-20250922-025,SUP-009,PRD-018,P01,material_received,20118,,f4311f35bc85d0a7,b5dc592e76e8a716,SC-010
TX-0003036,2025-08-08 05:01:00,LOT-SUP-005-20250808-042,SUP-005,PRD-041,P02,material_received,10824,,b5dc592e76e8a716,c4b20be52df1ebe2,SC-012
TX-0003037,2026-01-29 12:47:00,LOT-SUP-017-20260129-011,SUP-017,PRD-030,P03,line_release,8018,QCERT-00209,c4b20be52df1ebe2,0bc23f873ba6deb4,SC-006
TX-0003038,2026-01-05 15:42:00,LOT-SUP-003-20260105-041,SUP-003,PRD-020,P02,finished_goods,10493,,0bc23f873ba6deb4,78f450341a3572ca,SC-004
TX-0003039,2026-05-18 14:38:00,LOT-SUP-010-20260518-060,SUP-010,PRD-028,P02,material_received,9285,,78f450341a3572ca,2e7402b05b91658d,SC-009
TX-0003040,2025-08-21 11:35:00,LOT-SUP-009-20250821-056,SUP-009,PRD-039,P01,material_received,3608,,2e7402b05b91658d,44f01c78167e8d18,SC-011
TX-0003041,2026-03-08 16:51:00,LOT-SUP-018-20260308-030,SUP-018,PRD-019,P02,shipment_handover,19005,,44f01c78167e8d18,5f93774393b598fb,SC-011
TX-0003042,2025-11-03 12:39:00,LOT-SUP-007-20251103-016,SUP-007,PRD-055,P03,quality_certificate,4383,QCERT-00048,5f93774393b598fb,a596a34ed53fe3f2,SC-006
TX-0003043,2026-06-21 00:51:00,LOT-SUP-008-20260621-006,SUP-008,PRD-007,P01,finished_goods,18570,,a596a34ed53fe3f2,0d90b32143416138,SC-001
TX-0003044,2026-07-28 05:57:00,LOT-SUP-016-20260728-008,SUP-016,PRD-080,P01,quality_certificate,2016,QCERT-00785,0d90b32143416138,e632249c1da0d569,SC-009
TX-0003045,2026-03-26 22:57:00,LOT-SUP-004-20260326-031,SUP-004,PRD-069,P01,line_release,5988,QCERT-00805,e632249c1da0d569,2f84ac003f1569d4,SC-010
TX-0003046,2026-07-31 11:35:00,LOT-SUP-011-20260731-050,SUP-011,PRD-017,P03,material_received,23814,,2f84ac003f1569d4,7f204d25180f6c4c,SC-006
TX-0003047,2025-11-02 17:39:00,LOT-SUP-008-20251102-025,SUP-008,PRD-033,P03,quality_certificate,14577,QCERT-00423,7f204d25180f6c4c,95261c9aa6ad5f61,SC-004
TX-0003048,2026-01-05 23:44:00,LOT-SUP-007-20260105-015,SUP-007,PRD-070,P01,line_release,1450,QCERT-00672,95261c9aa6ad5f61,5e076f4731d9c25f,SC-003
TX-0003049,2026-06-07 18:35:00,LOT-SUP-002-20260607-031,SUP-002,PRD-027,P01,material_received,12820,,5e076f4731d9c25f,d1e92a4804ae0cda,SC-002
TX-0003050,2026-04-04 04:48:00,LOT-SUP-006-20260404-043,SUP-006,PRD-065,P03,material_received,14149,,d1e92a4804ae0cda,1e8096fad0b0437b,SC-012
TX-0003051,2025-12-12 23:02:00,LOT-SUP-003-20251212-050,SUP-003,PRD-072,P01,line_release,14017,QCERT-00308,1e8096fad0b0437b,67f461bb808dfc75,SC-008
TX-0003052,2026-03-04 16:20:00,LOT-SUP-009-20260304-003,SUP-009,PRD-077,P03,finished_goods,1617,,67f461bb808dfc75,90fa8b1f0d1c5c65,SC-003
TX-0003053,2025-09-15 09:48:00,LOT-SUP-016-20250915-036,SUP-016,PRD-080,P02,line_release,5075,QCERT-00714,90fa8b1f0d1c5c65,f40a0ef26b148982,SC-003
TX-0003054,2025-11-08 19:13:00,LOT-SUP-009-20251108-031,SUP-009,PRD-051,P02,material_received,11854,,f40a0ef26b148982,80cbad1ee0fa37c4,SC-009
TX-0003055,2026-03-11 16:46:00,LOT-SUP-017-20260311-051,SUP-017,PRD-009,P02,line_release,1101,QCERT-00302,80cbad1ee0fa37c4,f051940be3a01222,SC-008
TX-0003056,2026-03-08 05:32:00,LOT-SUP-009-20260308-036,SUP-009,PRD-039,P02,line_release,10554,QCERT-00293,f051940be3a01222,fffdd7418b491f9c,SC-004
TX-0003057,2025-09-20 18:21:00,LOT-SUP-006-20250920-043,SUP-006,PRD-049,P03,finished_goods,18130,,fffdd7418b491f9c,fdc628d2c21a606e,SC-004
TX-0003058,2025-10-06 19:17:00,LOT-SUP-009-20251006-033,SUP-009,PRD-048,P02,quality_certificate,2818,QCERT-00311,fdc628d2c21a606e,ccb3abe0b9efb72e,SC-002
TX-0003059,2025-10-04 11:42:00,LOT-SUP-010-20251004-059,SUP-010,PRD-045,P02,shipment_handover,21324,,ccb3abe0b9efb72e,7bd991ab1e41ee60,SC-002
TX-0003060,2026-03-23 06:07:00,LOT-SUP-017-20260323-045,SUP-017,PRD-061,P01,material_received,10817,,7bd991ab1e41ee60,f24b8f70167d97f5,SC-004
TX-0003061,2026-01-02 09:12:00,LOT-SUP-015-20260102-025,SUP-015,PRD-004,P01,line_release,18441,QCERT-00739,f24b8f70167d97f5,2c8fedde9cad890e,SC-005
TX-0003062,2026-06-05 15:20:00,LOT-SUP-008-20260605-013,SUP-008,PRD-044,P03,shipment_handover,24258,,2c8fedde9cad890e,457600f691da629d,SC-010
TX-0003063,2026-03-11 23:27:00,LOT-SUP-014-20260311-059,SUP-014,PRD-029,P02,shipment_handover,19352,,457600f691da629d,f3b6d3a987e70ff7,SC-006
TX-0003064,2025-10-31 15:36:00,LOT-SUP-014-20251031-041,SUP-014,PRD-025,P03,quality_certificate,5386,QCERT-00336,f3b6d3a987e70ff7,130ce28a5e07c7e6,SC-003
TX-0003065,2025-09-21 03:14:00,LOT-SUP-018-20250921-036,SUP-018,PRD-019,P02,quality_certificate,2875,QCERT-00347,130ce28a5e07c7e6,d06c09e51b4e4953,SC-008
TX-0003066,2026-02-03 11:26:00,LOT-SUP-014-20260203-030,SUP-014,PRD-036,P02,quality_certificate,22985,QCERT-00530,d06c09e51b4e4953,56ae64e3b25f0402,SC-008
TX-0003067,2026-02-22 23:12:00,LOT-SUP-005-20260222-051,SUP-005,PRD-022,P01,material_received,7899,,56ae64e3b25f0402,87146d524b177523,SC-001
TX-0003068,2026-02-04 13:08:00,LOT-SUP-005-20260204-042,SUP-005,PRD-024,P02,line_release,9892,QCERT-00817,87146d524b177523,7bbebc5a4b76df44,SC-004
TX-0003069,2026-01-18 20:44:00,LOT-SUP-017-20260118-047,SUP-017,PRD-009,P01,quality_certificate,1736,QCERT-00063,7bbebc5a4b76df44,e8743a194176ab49,SC-006
TX-0003070,2025-08-25 05:34:00,LOT-SUP-009-20250825-026,SUP-009,PRD-032,P03,line_release,7598,QCERT-00768,e8743a194176ab49,e62603ef610990b4,SC-009
TX-0003071,2026-07-03 03:19:00,LOT-SUP-010-20260703-027,SUP-010,PRD-045,P03,line_release,24516,QCERT-00352,e62603ef610990b4,8a1b8bf86f88798d,SC-004
TX-0003072,2025-12-10 08:28:00,LOT-SUP-010-20251210-012,SUP-010,PRD-076,P01,finished_goods,4897,,8a1b8bf86f88798d,6aeb0564fb626c70,SC-001
TX-0003073,2026-05-24 08:26:00,LOT-SUP-002-20260524-043,SUP-002,PRD-042,P03,material_received,21224,,6aeb0564fb626c70,ea7751d889b1692c,SC-007
TX-0003074,2025-11-17 17:04:00,LOT-SUP-004-20251117-019,SUP-004,PRD-057,P01,line_release,13956,QCERT-00293,ea7751d889b1692c,48675fba4553f338,SC-010
TX-0003075,2025-09-12 06:46:00,LOT-SUP-008-20250912-032,SUP-008,PRD-044,P01,finished_goods,15717,,48675fba4553f338,6744e30072817c62,SC-001
TX-0003076,2026-01-05 13:38:00,LOT-SUP-005-20260105-008,SUP-005,PRD-016,P03,line_release,19912,QCERT-00570,6744e30072817c62,4a8910cf632c03bf,SC-002
TX-0003077,2026-01-30 13:32:00,LOT-SUP-015-20260130-035,SUP-015,PRD-074,P02,material_received,12844,,4a8910cf632c03bf,b92d172e25937706,SC-001
TX-0003078,2025-12-13 03:38:00,LOT-SUP-016-20251213-049,SUP-016,PRD-008,P01,shipment_handover,11714,,b92d172e25937706,6059c9170152fe05,SC-008
TX-0003079,2026-04-25 14:18:00,LOT-SUP-005-20260425-037,SUP-005,PRD-038,P03,material_received,19045,,6059c9170152fe05,f766d9f6783d5578,SC-012
TX-0003080,2025-11-27 02:36:00,LOT-SUP-003-20251127-006,SUP-003,PRD-060,P01,material_received,19533,,f766d9f6783d5578,720e8efc961e1a41,SC-008
TX-0003081,2025-09-27 06:13:00,LOT-SUP-002-20250927-006,SUP-002,PRD-027,P02,material_received,7518,,720e8efc961e1a41,93778aeb3ddb9f89,SC-004
TX-0003082,2026-02-11 08:07:00,LOT-SUP-016-20260211-012,SUP-016,PRD-043,P03,material_received,18508,,93778aeb3ddb9f89,9a594eebe180265f,SC-005
TX-0003083,2026-07-26 01:54:00,LOT-SUP-010-20260726-034,SUP-010,PRD-010,P03,line_release,20560,QCERT-00430,9a594eebe180265f,b19d150beef27d36,SC-007
TX-0003084,2026-02-01 19:35:00,LOT-SUP-003-20260201-048,SUP-003,PRD-060,P01,line_release,7729,QCERT-00330,b19d150beef27d36,c0c288e7258e24af,SC-012
TX-0003085,2025-12-20 04:13:00,LOT-SUP-003-20251220-051,SUP-003,PRD-072,P02,quality_certificate,10473,QCERT-00056,c0c288e7258e24af,ae297074077dc415,SC-002
TX-0003086,2025-12-01 01:28:00,LOT-SUP-017-20251201-051,SUP-017,PRD-030,P03,shipment_handover,12000,,ae297074077dc415,5eb1454ff32fc0e2,SC-009
TX-0003087,2026-06-28 00:22:00,LOT-SUP-009-20260628-019,SUP-009,PRD-034,P01,quality_certificate,12441,QCERT-00392,5eb1454ff32fc0e2,362f2838c7d55236,SC-007
TX-0003088,2025-12-24 16:41:00,LOT-SUP-008-20251224-024,SUP-008,PRD-044,P01,shipment_handover,1529,,362f2838c7d55236,936f8ea14f360813,SC-011
TX-0003089,2026-06-05 12:26:00,LOT-SUP-016-20260605-028,SUP-016,PRD-063,P01,material_received,1941,,936f8ea14f360813,8742922db296e25b,SC-002
TX-0003090,2026-06-20 15:48:00,LOT-SUP-017-20260620-036,SUP-017,PRD-061,P03,shipment_handover,18451,,8742922db296e25b,83516e40716ba4c8,SC-008
TX-0003091,2026-01-23 20:59:00,LOT-SUP-008-20260123-029,SUP-008,PRD-037,P02,material_received,10345,,83516e40716ba4c8,95acabe6bb305776,SC-004
TX-0003092,2026-03-19 00:44:00,LOT-SUP-007-20260319-028,SUP-007,PRD-055,P02,material_received,3820,,95acabe6bb305776,1e209fbbcad64e2e,SC-002
TX-0003093,2026-07-22 02:56:00,LOT-SUP-012-20260722-051,SUP-012,PRD-006,P02,quality_certificate,12423,QCERT-00869,1e209fbbcad64e2e,ba817e00e4e860f0,SC-006
TX-0003094,2025-08-13 22:37:00,LOT-SUP-001-20250813-045,SUP-001,PRD-046,P02,line_release,9332,QCERT-00105,ba817e00e4e860f0,7d32148443dc3008,SC-012
TX-0003095,2025-09-21 07:30:00,LOT-SUP-011-20250921-023,SUP-011,PRD-075,P01,material_received,13357,,7d32148443dc3008,ddb8e0980eecc60b,SC-008
TX-0003096,2026-02-23 02:16:00,LOT-SUP-010-20260223-052,SUP-010,PRD-056,P02,finished_goods,19141,,ddb8e0980eecc60b,55530c093cd49bc7,SC-003
TX-0003097,2026-01-17 21:51:00,LOT-SUP-014-20260117-050,SUP-014,PRD-025,P02,material_received,16997,,55530c093cd49bc7,c44a88226ce314f6,SC-010
TX-0003098,2026-01-02 10:51:00,LOT-SUP-005-20260102-010,SUP-005,PRD-041,P02,material_received,18196,,c44a88226ce314f6,79fbb0b9e97e031a,SC-008
TX-0003099,2026-04-04 18:04:00,LOT-SUP-008-20260404-057,SUP-008,PRD-002,P02,material_received,24870,,79fbb0b9e97e031a,8b6c40500ee3d874,SC-008
TX-0003100,2025-11-12 14:59:00,LOT-SUP-016-20251112-032,SUP-016,PRD-043,P01,material_received,1992,,8b6c40500ee3d874,4e8856d8ba23c949,SC-005
TX-0003101,2026-03-21 18:36:00,LOT-SUP-002-20260321-026,SUP-002,PRD-042,P01,finished_goods,11780,,4e8856d8ba23c949,94ea45d90b35db9d,SC-007
TX-0003102,2026-01-15 22:17:00,LOT-SUP-009-20260115-013,SUP-009,PRD-018,P01,material_received,11060,,94ea45d90b35db9d,98d72646f6a2293b,SC-008
TX-0003103,2026-06-26 18:16:00,LOT-SUP-004-20260626-043,SUP-004,PRD-050,P01,quality_certificate,4388,QCERT-00088,98d72646f6a2293b,2736982c71de9434,SC-003
TX-0003104,2026-01-04 05:16:00,LOT-SUP-009-20260104-029,SUP-009,PRD-039,P01,shipment_handover,20695,,2736982c71de9434,1642a1c6370b237b,SC-004
TX-0003105,2026-05-19 19:39:00,LOT-SUP-009-20260519-042,SUP-009,PRD-034,P02,material_received,6162,,1642a1c6370b237b,9ed2a29a19d4deef,SC-005
TX-0003106,2025-10-07 22:57:00,LOT-SUP-009-20251007-026,SUP-009,PRD-048,P03,material_received,19388,,9ed2a29a19d4deef,3d5512048b506dde,SC-005
TX-0003107,2026-02-18 14:34:00,LOT-SUP-010-20260218-038,SUP-010,PRD-010,P03,quality_certificate,11172,QCERT-00203,3d5512048b506dde,672c83d19ecaceb7,SC-010
TX-0003108,2025-09-30 05:50:00,LOT-SUP-004-20250930-034,SUP-004,PRD-066,P03,finished_goods,4672,,672c83d19ecaceb7,0e069d8339be6037,SC-007
TX-0003109,2025-11-01 09:52:00,LOT-SUP-006-20251101-055,SUP-006,PRD-040,P01,finished_goods,6420,,0e069d8339be6037,b0a75df5bdf03d11,SC-005
TX-0003110,2026-03-16 12:56:00,LOT-SUP-003-20260316-048,SUP-003,PRD-072,P01,finished_goods,20394,,b0a75df5bdf03d11,5d3d9353c30aa0c8,SC-009
TX-0003111,2026-03-14 12:33:00,LOT-SUP-008-20260314-035,SUP-008,PRD-007,P03,finished_goods,11956,,5d3d9353c30aa0c8,a615deae1821e752,SC-012
TX-0003112,2026-06-20 08:08:00,LOT-SUP-016-20260620-017,SUP-016,PRD-063,P02,finished_goods,4418,,a615deae1821e752,c03ab087cc0ccbe1,SC-001
TX-0003113,2026-07-26 19:25:00,LOT-SUP-008-20260726-048,SUP-008,PRD-037,P03,material_received,8404,,c03ab087cc0ccbe1,e9fe33037c4f8f10,SC-012
TX-0003114,2025-10-22 10:27:00,LOT-SUP-005-20251022-039,SUP-005,PRD-014,P02,finished_goods,11261,,e9fe33037c4f8f10,c0da5ed18860357a,SC-009
TX-0003115,2025-12-28 06:28:00,LOT-SUP-018-20251228-052,SUP-018,PRD-019,P02,shipment_handover,10336,,c0da5ed18860357a,9bdb2d6aa55903e8,SC-010
TX-0003116,2025-11-07 12:45:00,LOT-SUP-010-20251107-060,SUP-010,PRD-010,P01,quality_certificate,9657,QCERT-00357,9bdb2d6aa55903e8,c93581fe30def621,SC-009
TX-0003117,2026-02-15 04:38:00,LOT-SUP-005-20260215-048,SUP-005,PRD-023,P01,line_release,13813,QCERT-00246,c93581fe30def621,68b205058bf5ac36,SC-007
TX-0003118,2026-07-13 15:27:00,LOT-SUP-014-20260713-017,SUP-014,PRD-025,P02,material_received,20160,,68b205058bf5ac36,1427a912e1d5ab01,SC-006
TX-0003119,2025-08-01 07:45:00,LOT-SUP-005-20250801-010,SUP-005,PRD-023,P03,material_received,11761,,1427a912e1d5ab01,966ffbb5025bb2c3,SC-007
TX-0003120,2025-08-03 18:11:00,LOT-SUP-009-20250803-055,SUP-009,PRD-051,P01,quality_certificate,3850,QCERT-00450,966ffbb5025bb2c3,9570261e9aef185e,SC-004
TX-0003121,2025-09-28 09:05:00,LOT-SUP-005-20250928-011,SUP-005,PRD-014,P02,material_received,13547,,9570261e9aef185e,5b51223b52489494,SC-008
TX-0003122,2026-03-06 11:18:00,LOT-SUP-005-20260306-024,SUP-005,PRD-016,P02,quality_certificate,21349,QCERT-00521,5b51223b52489494,8a768565b036e4b6,SC-004
TX-0003123,2026-03-31 03:48:00,LOT-SUP-008-20260331-051,SUP-008,PRD-037,P03,line_release,13787,QCERT-00598,8a768565b036e4b6,f2c7b6aa4b27e0c4,SC-011
TX-0003124,2025-10-14 15:04:00,LOT-SUP-012-20251014-031,SUP-012,PRD-015,P02,finished_goods,11752,,f2c7b6aa4b27e0c4,21dda08940cf60c4,SC-010
TX-0003125,2025-12-02 22:46:00,LOT-SUP-017-20251202-022,SUP-017,PRD-009,P01,shipment_handover,22389,,21dda08940cf60c4,5a02dc1270b950bc,SC-005
TX-0003126,2026-07-28 07:38:00,LOT-SUP-003-20260728-040,SUP-003,PRD-035,P03,finished_goods,9124,,5a02dc1270b950bc,2e68c9f3de61721b,SC-001
TX-0003127,2026-07-17 16:54:00,LOT-SUP-001-20260717-014,SUP-001,PRD-011,P01,material_received,9831,,2e68c9f3de61721b,e2eeea78540d67f2,SC-004
TX-0003128,2026-01-14 02:37:00,LOT-SUP-010-20260114-034,SUP-010,PRD-056,P01,finished_goods,5093,,e2eeea78540d67f2,ff084b1941fe1c29,SC-005
TX-0003129,2025-11-15 04:34:00,LOT-SUP-014-20251115-019,SUP-014,PRD-029,P02,shipment_handover,8200,,ff084b1941fe1c29,48801ccffa9cbfb4,SC-008
TX-0003130,2026-02-08 02:43:00,LOT-SUP-006-20260208-055,SUP-006,PRD-040,P02,material_received,18942,,48801ccffa9cbfb4,bea5faaf1ea1c1f0,SC-007
TX-0003131,2026-05-27 15:55:00,LOT-SUP-006-20260527-058,SUP-006,PRD-040,P01,material_received,10270,,bea5faaf1ea1c1f0,d64c41b314e8a0a8,SC-009
TX-0003132,2026-04-25 20:46:00,LOT-SUP-009-20260425-011,SUP-009,PRD-032,P02,line_release,16965,QCERT-00069,d64c41b314e8a0a8,5c469fb31f017d84,SC-005
TX-0003133,2025-10-13 19:44:00,LOT-SUP-005-20251013-025,SUP-005,PRD-038,P01,material_received,21717,,5c469fb31f017d84,dcd3115e066e1dac,SC-009
TX-0003134,2025-09-07 01:14:00,LOT-SUP-002-20250907-050,SUP-002,PRD-001,P02,material_received,9523,,dcd3115e066e1dac,058284b92e29bcce,SC-001
TX-0003135,2025-10-15 18:36:00,LOT-SUP-014-20251015-047,SUP-014,PRD-036,P02,line_release,11222,QCERT-00322,058284b92e29bcce,f6490b33cd4b663b,SC-012
TX-0003136,2025-11-28 16:03:00,LOT-SUP-005-20251128-018,SUP-005,PRD-014,P01,shipment_handover,6869,,f6490b33cd4b663b,6801b458eccb5519,SC-008
TX-0003137,2026-02-05 23:32:00,LOT-SUP-014-20260205-039,SUP-014,PRD-029,P01,material_received,20134,,6801b458eccb5519,615197547fe19b76,SC-008
TX-0003138,2025-10-29 14:42:00,LOT-SUP-008-20251029-039,SUP-008,PRD-026,P01,quality_certificate,5168,QCERT-00507,615197547fe19b76,f437980b98db252b,SC-001
TX-0003139,2026-03-02 02:24:00,LOT-SUP-010-20260302-015,SUP-010,PRD-028,P02,material_received,6382,,f437980b98db252b,6a87dbdcc549749c,SC-003
TX-0003140,2026-04-10 18:01:00,LOT-SUP-010-20260410-042,SUP-010,PRD-028,P01,line_release,17263,QCERT-00701,6a87dbdcc549749c,0d03ae0e634cdea5,SC-010
TX-0003141,2025-08-06 03:25:00,LOT-SUP-003-20250806-008,SUP-003,PRD-035,P02,material_received,13949,,0d03ae0e634cdea5,78adfb0a06df9f09,SC-008
TX-0003142,2026-02-14 01:56:00,LOT-SUP-015-20260214-008,SUP-015,PRD-003,P02,quality_certificate,4564,QCERT-00780,78adfb0a06df9f09,bdd84d75ec499e18,SC-012
TX-0003143,2026-07-16 11:46:00,LOT-SUP-006-20260716-034,SUP-006,PRD-052,P01,finished_goods,15412,,bdd84d75ec499e18,96fa36cfc44c6406,SC-012
TX-0003144,2025-11-17 17:19:00,LOT-SUP-010-20251117-024,SUP-010,PRD-076,P03,line_release,8977,QCERT-00541,96fa36cfc44c6406,e4a143c705fcff41,SC-008
TX-0003145,2026-04-28 00:05:00,LOT-SUP-004-20260428-041,SUP-004,PRD-069,P02,shipment_handover,10164,,e4a143c705fcff41,00ab19c026bd2d45,SC-006
TX-0003146,2026-05-01 13:41:00,LOT-SUP-013-20260501-004,SUP-013,PRD-058,P03,material_received,23565,,00ab19c026bd2d45,db89ae91ecbc03f3,SC-007
TX-0003147,2025-08-21 23:49:00,LOT-SUP-015-20250821-025,SUP-015,PRD-004,P03,material_received,3539,,db89ae91ecbc03f3,d997f1b3c3e940e6,SC-001
TX-0003148,2026-03-22 06:13:00,LOT-SUP-018-20260322-055,SUP-018,PRD-019,P01,line_release,18281,QCERT-00769,d997f1b3c3e940e6,ed47e28b8d351df5,SC-003
TX-0003149,2026-02-13 23:21:00,LOT-SUP-003-20260213-016,SUP-003,PRD-072,P01,line_release,4487,QCERT-00481,ed47e28b8d351df5,577193ec7992811e,SC-011
TX-0003150,2025-11-27 14:20:00,LOT-SUP-004-20251127-041,SUP-004,PRD-059,P02,material_received,21494,,577193ec7992811e,8c94b1c321a905a0,SC-009
TX-0003151,2025-10-06 23:23:00,LOT-SUP-009-20251006-003,SUP-009,PRD-032,P03,quality_certificate,17817,QCERT-00442,8c94b1c321a905a0,fa949d40805b8d7d,SC-005
TX-0003152,2025-12-05 16:04:00,LOT-SUP-007-20251205-004,SUP-007,PRD-070,P03,material_received,19974,,fa949d40805b8d7d,70bbf10ad37cac66,SC-007
TX-0003153,2025-10-16 12:10:00,LOT-SUP-003-20251016-041,SUP-003,PRD-060,P03,quality_certificate,8129,QCERT-00798,70bbf10ad37cac66,f723686153039569,SC-002
TX-0003154,2026-01-25 14:04:00,LOT-SUP-013-20260125-014,SUP-013,PRD-062,P03,material_received,8447,,f723686153039569,157d13550b6218cf,SC-005
TX-0003155,2025-12-27 22:54:00,LOT-SUP-016-20251227-025,SUP-016,PRD-063,P01,finished_goods,3926,,157d13550b6218cf,82585ff4ea61793d,SC-009
TX-0003156,2026-02-20 14:16:00,LOT-SUP-009-20260220-050,SUP-009,PRD-048,P01,finished_goods,23090,,82585ff4ea61793d,254835fd1b6a5163,SC-003
TX-0003157,2026-07-07 15:06:00,LOT-SUP-015-20260707-054,SUP-015,PRD-013,P01,line_release,16564,QCERT-00466,254835fd1b6a5163,6ce8a04c99d1921e,SC-006
TX-0003158,2026-01-22 14:39:00,LOT-SUP-002-20260122-020,SUP-002,PRD-064,P03,material_received,18599,,6ce8a04c99d1921e,499242b584898872,SC-001
TX-0003159,2026-01-01 09:41:00,LOT-SUP-017-20260101-004,SUP-017,PRD-030,P03,line_release,23480,QCERT-00056,499242b584898872,3c0df9888863b73a,SC-002
TX-0003160,2025-11-19 11:55:00,LOT-SUP-017-20251119-047,SUP-017,PRD-061,P03,shipment_handover,6550,,3c0df9888863b73a,50d1ff548ff9e0d8,SC-008
TX-0003161,2025-12-18 18:15:00,LOT-SUP-015-20251218-024,SUP-015,PRD-003,P02,quality_certificate,18445,QCERT-00287,50d1ff548ff9e0d8,c109c13cee3eef2c,SC-010
TX-0003162,2025-11-04 08:38:00,LOT-SUP-003-20251104-031,SUP-003,PRD-071,P02,finished_goods,6704,,c109c13cee3eef2c,ef30108bad7da887,SC-010
TX-0003163,2026-04-22 22:53:00,LOT-SUP-016-20260422-039,SUP-016,PRD-008,P02,line_release,3060,QCERT-00454,ef30108bad7da887,ce9b4b4751a8d4e1,SC-001
TX-0003164,2026-05-01 13:29:00,LOT-SUP-015-20260501-035,SUP-015,PRD-074,P03,line_release,22832,QCERT-00284,ce9b4b4751a8d4e1,de6f05502b07eb49,SC-010
TX-0003165,2025-11-05 10:10:00,LOT-SUP-004-20251105-033,SUP-004,PRD-050,P03,shipment_handover,12932,,de6f05502b07eb49,b09ada7e78ffb464,SC-008
TX-0003166,2026-04-17 09:45:00,LOT-SUP-002-20260417-047,SUP-002,PRD-001,P03,material_received,15625,,b09ada7e78ffb464,2da9d939f54e1380,SC-004
TX-0003167,2025-11-10 11:29:00,LOT-SUP-011-20251110-046,SUP-011,PRD-075,P03,quality_certificate,24456,QCERT-00511,2da9d939f54e1380,9bb7c139cd728917,SC-009
TX-0003168,2026-07-03 06:06:00,LOT-SUP-009-20260703-030,SUP-009,PRD-018,P03,line_release,21838,QCERT-00250,9bb7c139cd728917,08f68b722ff9c45e,SC-011
TX-0003169,2026-04-16 23:57:00,LOT-SUP-010-20260416-055,SUP-010,PRD-056,P01,material_received,17020,,08f68b722ff9c45e,8a5a2b2687b85634,SC-006
TX-0003170,2025-11-26 04:49:00,LOT-SUP-001-20251126-044,SUP-001,PRD-046,P02,quality_certificate,21248,QCERT-00250,8a5a2b2687b85634,698ac7dadce4eee5,SC-002
TX-0003171,2026-05-18 17:39:00,LOT-SUP-009-20260518-034,SUP-009,PRD-039,P03,line_release,23809,QCERT-00246,698ac7dadce4eee5,af51e6d87c7ea695,SC-001
TX-0003172,2026-06-28 16:50:00,LOT-SUP-002-20260628-024,SUP-002,PRD-027,P03,shipment_handover,11615,,af51e6d87c7ea695,a5b5ea95572a9f18,SC-008
TX-0003173,2026-04-26 06:05:00,LOT-SUP-001-20260426-048,SUP-001,PRD-068,P01,finished_goods,11944,,a5b5ea95572a9f18,22f3c127d75f3fb9,SC-007
TX-0003174,2026-06-15 22:57:00,LOT-SUP-016-20260615-011,SUP-016,PRD-043,P01,finished_goods,21846,,22f3c127d75f3fb9,64860a6f60845eac,SC-009
TX-0003175,2026-03-15 14:52:00,LOT-SUP-005-20260315-047,SUP-005,PRD-005,P03,quality_certificate,689,QCERT-00070,64860a6f60845eac,99cb491b1049e684,SC-007
TX-0003176,2026-06-23 10:05:00,LOT-SUP-008-20260623-043,SUP-008,PRD-053,P01,material_received,3059,,99cb491b1049e684,7cfa2dc1bfc343cb,SC-001
TX-0003177,2025-11-03 06:34:00,LOT-SUP-015-20251103-040,SUP-015,PRD-021,P01,material_received,23418,,7cfa2dc1bfc343cb,41005aed90c680e7,SC-012
TX-0003178,2025-08-13 18:38:00,LOT-SUP-014-20250813-025,SUP-014,PRD-029,P02,material_received,19483,,41005aed90c680e7,ab98d7bbfee5756a,SC-004
TX-0003179,2025-12-15 15:43:00,LOT-SUP-009-20251215-011,SUP-009,PRD-039,P03,finished_goods,13757,,ab98d7bbfee5756a,22fad6808158aae1,SC-010
TX-0003180,2026-01-04 11:43:00,LOT-SUP-005-20260104-029,SUP-005,PRD-041,P02,shipment_handover,14928,,22fad6808158aae1,44750cf9ec9e48ef,SC-007
TX-0003181,2025-11-08 15:28:00,LOT-SUP-015-20251108-014,SUP-015,PRD-004,P03,line_release,5831,QCERT-00277,44750cf9ec9e48ef,d70b8c65517afd6c,SC-007
TX-0003182,2026-03-07 22:36:00,LOT-SUP-016-20260307-039,SUP-016,PRD-043,P02,shipment_handover,21465,,d70b8c65517afd6c,7fa9050242b4655a,SC-005
TX-0003183,2025-09-30 09:54:00,LOT-SUP-008-20250930-025,SUP-008,PRD-044,P02,quality_certificate,22540,QCERT-00620,7fa9050242b4655a,86a5f5f04f8402a1,SC-002
TX-0003184,2026-01-10 10:26:00,LOT-SUP-009-20260110-039,SUP-009,PRD-032,P03,finished_goods,9112,,86a5f5f04f8402a1,275f2f819fcc72f1,SC-008
TX-0003185,2025-12-25 14:59:00,LOT-SUP-015-20251225-035,SUP-015,PRD-074,P03,shipment_handover,23469,,275f2f819fcc72f1,0058a065085a59cb,SC-010
TX-0003186,2026-05-28 11:51:00,LOT-SUP-009-20260528-030,SUP-009,PRD-039,P02,quality_certificate,7846,QCERT-00457,0058a065085a59cb,53a5a823f50f8751,SC-002
TX-0003187,2026-02-08 02:51:00,LOT-SUP-015-20260208-038,SUP-015,PRD-074,P03,material_received,11568,,53a5a823f50f8751,5d25639991ee7834,SC-012
TX-0003188,2026-06-18 10:17:00,LOT-SUP-013-20260618-023,SUP-013,PRD-062,P02,material_received,2594,,5d25639991ee7834,004a7485d0afb416,SC-007
TX-0003189,2025-09-03 18:11:00,LOT-SUP-014-20250903-015,SUP-014,PRD-036,P03,finished_goods,21722,,004a7485d0afb416,ac3d20c5012f8c2d,SC-005
TX-0003190,2026-04-02 08:08:00,LOT-SUP-004-20260402-044,SUP-004,PRD-069,P03,line_release,7260,QCERT-00427,ac3d20c5012f8c2d,74820715ea5ffaa0,SC-011
TX-0003191,2026-04-04 09:54:00,LOT-SUP-009-20260404-021,SUP-009,PRD-032,P01,material_received,18550,,74820715ea5ffaa0,db9d2d949a61a02d,SC-007
TX-0003192,2025-08-14 15:04:00,LOT-SUP-015-20250814-024,SUP-015,PRD-003,P02,finished_goods,15668,,db9d2d949a61a02d,98d588cd49c6e989,SC-011
TX-0003193,2026-06-14 05:50:00,LOT-SUP-002-20260614-016,SUP-002,PRD-042,P02,material_received,5588,,98d588cd49c6e989,d59a97e557deddc8,SC-012
TX-0003194,2026-01-15 14:20:00,LOT-SUP-012-20260115-056,SUP-012,PRD-015,P02,material_received,1040,,d59a97e557deddc8,d7b8ec87687baf1b,SC-007
TX-0003195,2026-02-17 06:24:00,LOT-SUP-004-20260217-060,SUP-004,PRD-066,P01,quality_certificate,8989,QCERT-00610,d7b8ec87687baf1b,da12d6c5e6e8904b,SC-008
TX-0003196,2025-08-10 10:15:00,LOT-SUP-005-20250810-054,SUP-005,PRD-014,P03,finished_goods,9747,,da12d6c5e6e8904b,9df338383db56a15,SC-007
TX-0003197,2026-03-11 00:09:00,LOT-SUP-009-20260311-025,SUP-009,PRD-077,P02,line_release,7489,QCERT-00324,9df338383db56a15,ff8f972778eb5015,SC-002
TX-0003198,2026-05-27 03:54:00,LOT-SUP-001-20260527-037,SUP-001,PRD-046,P02,material_received,4145,,ff8f972778eb5015,f4fa6d8b427c5ae0,SC-010
TX-0003199,2025-11-20 01:23:00,LOT-SUP-009-20251120-005,SUP-009,PRD-034,P03,material_received,5998,,f4fa6d8b427c5ae0,12179d5859b1b73a,SC-001
TX-0003200,2025-09-18 10:04:00,LOT-SUP-008-20250918-049,SUP-008,PRD-002,P01,shipment_handover,8596,,12179d5859b1b73a,03e1cef7a5ad5a63,SC-010
