run_id,work_order_id,plant_id,line_id,machine_id,product_id,feature_date,setup_minutes,speed_ratio,operator_experience_years,operator_fairness_group,product_complexity_score,supplier_quality_score,avg_temperature_24h,max_vibration_24h,line_utilization_rate,previous_defect_rate_7d,defect_rate,high_defect_risk,dominant_defect_code,split,monitoring_window
RUN-006435,WO-003218,P02,L04,MCH-019,PRD-001,2026-02-22,36.09,1.1777,8.9,G1_senior,8.2,89.9,48.754,2.962,0.9,0.0449,0.06,1,SOLDER_VOID,train,reference
RUN-001089,WO-000545,P02,L04,MCH-022,PRD-072,2025-09-04,18.51,1.0936,1.4,G3_junior,4.1,84.7,53.257,3.308,0.662,0.0047,0.04,0,CONTAMINATION,train,reference
RUN-002066,WO-001033,P03,L06,MCH-035,PRD-010,2025-10-05,35.0,1.0611,2.3,G3_junior,6.9,97.0,48.853,2.952,1.034,0.0195,0.03,0,SOLDER_VOID,train,reference
RUN-004223,WO-002112,P03,L06,MCH-032,PRD-051,2025-12-13,26.99,0.9978,3.3,G2_mid,6.9,96.1,46.381,2.944,0.782,0.0552,0.05,0,SURFACE_DENT,train,reference
RUN-008237,WO-004119,P03,L06,MCH-034,PRD-045,2026-04-20,28.01,0.9712,15.7,G1_senior,2.5,97.0,51.895,2.867,0.979,0.0486,0.0,0,NONE,validation,reference
RUN-007304,WO-003652,P01,L01,MCH-003,PRD-028,2026-03-22,27.01,1.1315,2.3,G3_junior,6.4,97.0,49.248,3.176,0.668,0,0.015,0,MISSING_PART,train,reference
RUN-008730,WO-004365,P03,L05,MCH-029,PRD-013,2026-05-06,20.81,1.0853,8.2,G1_senior,4.9,95.9,47.522,2.689,1.058,0,0.02,0,MISSING_PART,validation,reference
RUN-001849,WO-000925,P03,L06,MCH-032,PRD-024,2025-09-28,39.63,0.952,8.2,G1_senior,7.6,85.8,49.526,3.146,0.748,0.072,0.0375,0,SOLDER_VOID,train,reference
RUN-010120,WO-005060,P02,L03,MCH-018,PRD-002,2026-06-20,27.62,0.8568,2.2,G3_junior,5.3,88.0,50.404,3.352,0.779,0.0224,0.05,0,MISSING_PART,test,reference
RUN-000686,WO-000343,P02,L04,MCH-022,PRD-036,2025-08-22,17.27,1.1527,14.6,G1_senior,4.1,87.0,51.33,3.087,1.014,0.0181,0.016,0,MISSING_PART,train,reference
RUN-010198,WO-005099,P02,L03,MCH-018,PRD-048,2026-06-23,27.92,0.9817,0.2,G3_junior,4.6,96.1,51.796,3.322,1.03,0.0262,0.035,0,SCRATCH,test,reference
RUN-005226,WO-002613,P03,L06,MCH-032,PRD-048,2026-01-14,23.69,1.0376,2.3,G3_junior,4.6,96.1,54.038,3.582,0.843,0.0537,0.0125,0,SURFACE_DENT,train,reference
RUN-007393,WO-003697,P03,L05,MCH-028,PRD-044,2026-03-24,16.42,1.0946,3.3,G2_mid,4.1,88.0,54.672,4.338,0.709,0,0.02,0,MISSING_PART,train,reference
RUN-011176,WO-005588,P02,L03,MCH-017,PRD-075,2026-07-24,26.15,1.0352,2.8,G3_junior,6.8,96.3,52.473,3.106,0.961,0.0739,0.03,0,SOLDER_VOID,test,reference
RUN-001523,WO-000762,P02,L04,MCH-024,PRD-017,2025-09-18,16.34,1.0334,0,G0_unknown,4.3,96.3,54.295,3.283,0.904,0.0348,0.015,0,SCRATCH,train,reference
RUN-011070,WO-005535,P02,L03,MCH-015,PRD-070,2026-07-21,18.39,0.8651,1.8,G3_junior,3.9,87.4,54.161,3.069,0.875,0.0114,0.024,0,SCRATCH,test,reference
RUN-005182,WO-002591,P02,L04,MCH-021,PRD-029,2026-01-13,30.77,0.9973,4.8,G2_mid,6.6,87.0,49.814,3.087,0.856,0,0.04,0,SCRATCH,train,reference
RUN-009257,WO-004629,P03,L05,MCH-029,PRD-080,2026-05-23,21.64,1.0205,1.0,G3_junior,5.2,84.5,47.362,3.028,0.729,0.0349,0.04,0,SOLDER_VOID,test,reference
RUN-007222,WO-003611,P02,L03,MCH-018,PRD-073,2026-03-19,28.74,0.8713,11.5,G1_senior,3.4,87.4,50.47,2.869,0.714,0.0155,0.01,0,SOLDER_VOID,train,reference
RUN-008926,WO-004463,P01,L02,MCH-008,PRD-079,2026-05-13,19.81,0.9098,2.3,G3_junior,3.3,71.4,47.195,2.504,0.877,0.0287,0.06,1,DIMENSION,validation,reference
RUN-006843,WO-003422,P01,L02,MCH-010,PRD-037,2026-03-07,18.32,0.9834,7.1,G2_mid,4.2,88.0,47.743,3.165,0.995,0.0014,0.0,0,NONE,train,reference
RUN-004803,WO-002402,P01,L02,MCH-012,PRD-048,2026-01-01,28.49,1.214,3.3,G2_mid,4.6,96.1,55.817,3.215,0.835,0.0439,0.025,0,SOLDER_VOID,train,reference
RUN-008547,WO-004274,P02,L03,MCH-018,PRD-048,2026-04-30,26.62,0.897,0.2,G3_junior,4.6,96.1,52.303,2.906,1.002,0,0.04,0,MISSING_PART,validation,reference
RUN-001714,WO-000857,P02,L03,MCH-014,PRD-073,2025-09-24,15.03,0.834,1.0,G3_junior,3.4,87.4,55.855,3.645,0.635,0.0454,0.02,0,CONTAMINATION,train,reference
RUN-004897,WO-002449,P03,L06,MCH-033,PRD-010,2026-01-04,22.89,1.1192,1.2,G3_junior,6.9,97.0,48.419,3.043,0.717,0.0914,0.05,0,SURFACE_DENT,train,reference
RUN-001541,WO-000771,P01,L01,MCH-003,PRD-020,2025-09-19,27.44,1.1618,2.8,G3_junior,7.8,84.7,54.598,3.228,0.862,0.1096,0.088,1,SURFACE_DENT,train,reference
RUN-007277,WO-003639,P03,L06,MCH-031,PRD-045,2026-03-20,19.35,1.0415,0,G0_unknown,2.5,97.0,54.929,3.397,0.768,0.0392,0.02,0,SOLDER_VOID,train,reference
RUN-008655,WO-004328,P03,L05,MCH-026,PRD-071,2026-05-04,30.22,0.9458,0.2,G3_junior,6.2,84.7,55.167,3.28,0.974,0.06,0.04,0,SOLDER_VOID,validation,reference
RUN-001896,WO-000948,P01,L02,MCH-010,PRD-037,2025-09-30,31.98,0.8412,4.7,G2_mid,4.2,88.0,53.999,2.974,0.938,0.0752,0.015,0,NONE,train,reference
RUN-005948,WO-002974,P02,L04,MCH-022,PRD-002,2026-02-06,13.9,0.8505,1.0,G3_junior,5.3,88.0,51.902,3.373,1.015,0.0505,0.056,1,SCRATCH,train,reference
RUN-007686,WO-003843,P03,L05,MCH-029,PRD-079,2026-04-02,30.77,1.1113,4.8,G2_mid,3.3,71.4,56.056,2.942,0.631,0.0943,0.08,1,DIMENSION,validation,reference
RUN-003687,WO-001844,P01,L01,MCH-001,PRD-032,2025-11-27,25.4,1.0653,11.2,G1_senior,6.2,96.1,53.355,6.813,0.991,0.0404,0.02,0,MISSING_PART,train,reference
RUN-008099,WO-004050,P01,L02,MCH-011,PRD-011,2026-04-16,16.88,1.1356,12.8,G1_senior,1.4,71.0,54.354,3.603,0.756,0.0484,0.025,0,SCRATCH,validation,reference
RUN-007159,WO-003580,P02,L04,MCH-020,PRD-003,2026-03-17,26.87,1.1585,1.0,G3_junior,4.8,95.9,51.439,3.105,0.839,0.022,0.02,0,SURFACE_DENT,train,reference
RUN-000913,WO-000457,P03,L06,MCH-031,PRD-040,2025-08-29,43.37,1.1716,1.8,G3_junior,8.4,82.7,54.675,3.291,1.074,0.1422,0.136,1,DIMENSION,train,reference
RUN-006700,WO-003350,P01,L01,MCH-001,PRD-016,2026-03-03,27.74,1.096,3.1,G2_mid,4.3,85.8,51.718,2.981,0.919,0,0.024,0,CONTAMINATION,train,reference
RUN-000161,WO-000081,P02,L04,MCH-022,PRD-039,2025-08-06,23.84,0.9102,5.7,G2_mid,5.6,96.1,51.372,3.678,0.964,0.0076,0.04,0,SCRATCH,train,reference
RUN-003850,WO-001925,P01,L02,MCH-011,PRD-007,2025-12-02,11.35,1.1675,1.0,G3_junior,3.9,88.0,50.299,3.378,0.633,0.0431,0.048,0,SURFACE_DENT,train,reference
RUN-004278,WO-002139,P01,L01,MCH-003,PRD-009,2025-12-16,24.5,1.0823,0.2,G3_junior,5.0,76.8,51.5,3.266,0.739,0.0761,0.08,1,MISSING_PART,train,reference
RUN-005006,WO-002503,P03,L06,MCH-035,PRD-051,2026-01-07,30.13,1.1778,11.2,G1_senior,6.9,96.1,55.013,3.636,0.756,0.0625,0.035,0,SCRATCH,train,reference
RUN-008314,WO-004157,P03,L06,MCH-036,PRD-045,2026-04-22,25.97,1.1743,2.8,G3_junior,2.5,97.0,53.202,3.05,0.761,0,0.0125,0,DIMENSION,validation,reference
RUN-003282,WO-001641,P02,L04,MCH-019,PRD-077,2025-11-13,30.78,0.9682,0.2,G3_junior,1.7,96.1,53.051,3.182,0.965,0.0187,0.015,0,SOLDER_VOID,train,reference
RUN-004723,WO-002362,P01,L01,MCH-006,PRD-013,2025-12-30,25.97,0.8517,2.3,G3_junior,4.9,95.9,50.119,2.911,0.658,0.0467,0.03,0,DIMENSION,train,reference
RUN-001627,WO-000814,P01,L01,MCH-003,PRD-068,2025-09-22,30.7,1.1034,7.0,G2_mid,2.3,71.0,52.354,3.193,0.863,0.0575,0.04,0,DIMENSION,train,reference
RUN-006873,WO-003437,P03,L05,MCH-030,PRD-063,2026-03-08,25.82,1.0276,12.8,G1_senior,5.7,84.5,46.953,2.937,0.941,0.0147,0.024,0,SURFACE_DENT,train,reference
RUN-010592,WO-005296,P03,L06,MCH-031,PRD-009,2026-07-05,16.56,0.9251,0.7,G3_junior,5.0,76.8,51.572,3.095,0.774,0.0677,0.0625,1,NONE,test,reference
RUN-003336,WO-001668,P01,L01,MCH-004,PRD-028,2025-11-15,28.49,0.8505,14.6,G1_senior,6.4,97.0,45.624,2.941,0.662,0,0.016,0,SCRATCH,train,reference
RUN-003949,WO-001975,P01,L01,MCH-006,PRD-028,2025-12-05,37.01,0.9713,5.7,G2_mid,6.4,97.0,53.242,3.234,0.722,0.0398,0.025,0,DIMENSION,train,reference
RUN-000436,WO-000218,P03,L05,MCH-027,PRD-002,2025-08-14,26.81,0.9348,7.2,G2_mid,5.3,88.0,50.626,3.159,0.803,0,0.0125,0,NONE,train,reference
RUN-005515,WO-002758,P03,L06,MCH-035,PRD-064,2026-01-23,28.07,0.8535,0.6,G3_junior,4.9,89.9,53.366,3.134,0.679,0,0.025,0,NONE,train,reference
RUN-009350,WO-004675,P03,L06,MCH-031,PRD-071,2026-05-26,23.78,1.0602,3.1,G2_mid,6.2,84.7,55.897,3.721,0.759,0.0614,0.0625,1,SOLDER_VOID,test,reference
RUN-002877,WO-001439,P01,L01,MCH-003,PRD-047,2025-10-31,26.15,1.075,6.5,G2_mid,6.4,95.9,53.821,3.92,1.097,0.0165,0.04,0,DIMENSION,train,reference
RUN-009249,WO-004625,P01,L02,MCH-010,PRD-061,2026-05-23,16.08,1.1444,2.0,G3_junior,4.8,76.8,48.026,3.048,0.837,0.0828,0.075,1,MISSING_PART,test,reference
RUN-007454,WO-003727,P02,L03,MCH-018,PRD-043,2026-03-26,36.51,1.0703,8.9,G1_senior,4.2,84.5,55.266,3.128,0.785,0,0.02,0,DIMENSION,validation,reference
RUN-002796,WO-001398,P03,L05,MCH-029,PRD-043,2025-10-28,9.6,1.0568,2.0,G3_junior,4.2,84.5,51.345,3.318,0.955,0.0132,0.05,0,SOLDER_VOID,train,reference
RUN-003022,WO-001511,P01,L02,MCH-007,PRD-029,2025-11-05,33.97,0.9463,2.3,G3_junior,6.6,87.0,50.284,4.311,0.633,0.0945,0.05,0,SOLDER_VOID,train,reference
RUN-005586,WO-002793,P03,L06,MCH-034,PRD-064,2026-01-26,20.54,0.939,0.2,G3_junior,4.9,89.9,49.353,2.741,0.822,0.0754,0.04,0,MISSING_PART,train,reference
RUN-007603,WO-003802,P02,L04,MCH-024,PRD-021,2026-03-31,8.92,0.8542,0.8,G3_junior,3.0,95.9,51.296,2.943,0.918,0.0451,0.016,0,CONTAMINATION,validation,reference
RUN-001723,WO-000862,P03,L05,MCH-030,PRD-068,2025-09-24,16.19,1.1068,1.0,G3_junior,2.3,71.0,50.521,2.9,1.002,0.0453,0.05,0,DIMENSION,train,reference
RUN-005008,WO-002504,P01,L01,MCH-006,PRD-023,2026-01-08,25.76,0.8995,14.6,G1_senior,5.0,85.8,49.473,3.071,1.093,0.0276,0.008,0,SCRATCH,train,reference
RUN-000896,WO-000448,P02,L03,MCH-018,PRD-071,2025-08-29,35.87,0.8606,15.7,G1_senior,6.2,84.7,51.817,3.114,0.809,0.057,0.04,0,SOLDER_VOID,train,reference
RUN-000073,WO-000037,P01,L01,MCH-006,PRD-001,2025-08-04,15.53,0.881,2.8,G3_junior,8.2,89.9,50.075,3.357,0.781,0.0485,0.105,1,SOLDER_VOID,train,reference
RUN-005131,WO-002566,P01,L02,MCH-008,PRD-035,2026-01-12,24.86,0.9853,2.3,G3_junior,4.3,84.7,49.642,2.884,1.002,0.0412,0.05,0,DIMENSION,train,reference
RUN-004542,WO-002271,P01,L02,MCH-012,PRD-060,2025-12-24,34.7,0.8602,4.7,G2_mid,6.7,84.7,57.562,3.923,1.021,0.0479,0.075,1,SOLDER_VOID,train,reference
RUN-005394,WO-002697,P02,L04,MCH-024,PRD-078,2026-01-20,9.18,0.9762,0.2,G3_junior,4.6,84.7,50.173,2.496,0.938,0.0704,0.045,1,SURFACE_DENT,train,reference
RUN-005112,WO-002556,P02,L03,MCH-016,PRD-058,2026-01-11,39.12,1.0208,0,G0_unknown,8.8,71.4,47.422,2.947,1.099,0.1448,0.14,1,CONTAMINATION,train,reference
RUN-007525,WO-003763,P03,L05,MCH-025,PRD-021,2026-03-28,27.69,0.8502,8.2,G1_senior,3.0,95.9,46.958,3.55,0.741,0.0141,0.02,0,SURFACE_DENT,validation,reference
RUN-000094,WO-000047,P02,L04,MCH-024,PRD-062,2025-08-04,30.78,0.9629,0.7,G3_junior,6.8,71.4,52.224,3.207,0.813,0.1321,0.112,1,SURFACE_DENT,train,reference
RUN-002543,WO-001272,P03,L05,MCH-027,PRD-010,2025-10-20,24.94,1.1163,0,G0_unknown,6.9,97.0,51.442,3.392,0.67,0.0439,0.05,0,DIMENSION,train,reference
RUN-003159,WO-001580,P01,L02,MCH-010,PRD-008,2025-11-10,23.62,1.0936,0.4,G3_junior,3.4,84.5,51.038,3.408,0.896,0.0344,0.02,0,CONTAMINATION,train,reference
RUN-010790,WO-005395,P03,L06,MCH-033,PRD-070,2026-07-11,22.66,1.1333,0,G0_unknown,3.9,87.4,55.475,5.943,0.869,0.0336,0.035,0,DIMENSION,test,reference
RUN-008865,WO-004433,P02,L04,MCH-022,PRD-062,2026-05-11,22.14,1.1443,11.5,G1_senior,6.8,71.4,48.565,2.832,0.739,0.1154,0.1,1,CONTAMINATION,validation,reference
RUN-003250,WO-001625,P03,L05,MCH-026,PRD-025,2025-11-12,11.14,0.9509,1.0,G3_junior,3.5,87.0,55.975,3.304,0.799,0.0058,0.04,0,CONTAMINATION,train,reference
RUN-002783,WO-001392,P02,L03,MCH-013,PRD-044,2025-10-28,18.9,1.1345,0.4,G3_junior,4.1,88.0,56.825,3.194,0.635,0.0603,0.03,0,DIMENSION,train,reference
RUN-010379,WO-005190,P01,L01,MCH-004,PRD-061,2026-06-29,25.08,0.9166,0,G0_unknown,4.8,76.8,52.412,2.898,0.904,0.1165,0.05,0,DIMENSION,test,reference
RUN-008702,WO-004351,P03,L06,MCH-033,PRD-067,2026-05-05,30.56,1.1332,8.2,G1_senior,4.5,71.0,53.624,3.753,0.961,0.0852,0.0875,1,SCRATCH,validation,reference
RUN-011163,WO-005582,P01,L01,MCH-001,PRD-060,2026-07-24,29.31,0.9303,0.2,G3_junior,6.7,84.7,52.689,3.188,0.639,0.0967,0.08,1,SURFACE_DENT,test,reference
RUN-002035,WO-001018,P02,L04,MCH-023,PRD-078,2025-10-04,19.29,0.9378,0.2,G3_junior,4.6,84.7,48.17,2.931,0.716,0.0768,0.05,0,DIMENSION,train,reference
RUN-000719,WO-000360,P01,L02,MCH-011,PRD-062,2025-08-24,30.79,1.1608,3.3,G2_mid,6.8,71.4,46.895,2.754,1.004,0.1146,0.0875,1,CONTAMINATION,train,reference
RUN-004194,WO-002097,P03,L05,MCH-028,PRD-055,2025-12-12,21.83,1.0955,4.6,G2_mid,4.8,87.4,55.37,3.519,0.728,0.0316,0.02,0,NONE,train,reference
RUN-009532,WO-004766,P03,L06,MCH-034,PRD-040,2026-06-01,24.12,1.0284,1.7,G3_junior,8.4,82.7,50.64,2.943,0.916,0.1296,0.1,1,MISSING_PART,test,reference
RUN-001606,WO-000803,P01,L01,MCH-001,PRD-028,2025-09-21,18.24,1.0033,1.4,G3_junior,6.4,97.0,47.283,2.757,0.848,0.0065,0.05,1,SOLDER_VOID,train,reference
RUN-004316,WO-002158,P01,L02,MCH-008,PRD-039,2025-12-17,35.86,1.0586,1.2,G3_junior,5.6,96.1,50.195,3.006,0.934,0.0401,0.025,0,CONTAMINATION,train,reference
RUN-009556,WO-004778,P02,L04,MCH-019,PRD-010,2026-06-02,24.53,0.9685,2.8,G3_junior,6.9,97.0,52.179,2.982,0.927,0.0242,0.032,0,SURFACE_DENT,test,reference
RUN-009442,WO-004721,P02,L03,MCH-015,PRD-048,2026-05-29,36.36,0.8504,2.6,G3_junior,4.6,96.1,50.341,3.0,0.645,0.0446,0.016,0,CONTAMINATION,test,reference
RUN-009469,WO-004735,P02,L04,MCH-020,PRD-002,2026-05-30,19.2,0.9752,10.6,G1_senior,5.3,88.0,48.587,3.361,0.862,0.0146,0.025,0,SOLDER_VOID,test,reference
RUN-008742,WO-004371,P01,L01,MCH-003,PRD-044,2026-05-07,29.04,1.035,14.6,G1_senior,4.1,88.0,52.922,3.669,1.077,0.0153,0.02,0,SOLDER_VOID,validation,reference
RUN-002533,WO-001267,P02,L04,MCH-021,PRD-024,2025-10-20,39.34,0.8214,0,G0_unknown,7.6,85.8,51.226,2.876,0.857,0.1425,0.104,1,MISSING_PART,train,reference
RUN-010637,WO-005319,P01,L02,MCH-010,PRD-011,2026-07-07,23.13,0.9863,0.5,G3_junior,1.4,71.0,51.568,3.581,0.777,0,0.04,0,SURFACE_DENT,test,reference
RUN-001949,WO-000975,P03,L05,MCH-027,PRD-064,2025-10-01,23.57,0.9614,1.7,G3_junior,4.9,89.9,50.024,8.178,0.835,0.0591,0.04,0,SOLDER_VOID,train,reference
RUN-001411,WO-000706,P02,L03,MCH-018,PRD-017,2025-09-15,27.45,1.0271,0.2,G3_junior,4.3,96.3,68.822,17.015,0.9,0.0612,0.04,0,SCRATCH,train,reference
RUN-008024,WO-004012,P01,L01,MCH-002,PRD-072,2026-04-14,24.98,0.9607,7.0,G2_mid,4.1,84.7,53.993,3.205,1.065,0.0084,0.016,0,SCRATCH,validation,reference
RUN-004102,WO-002051,P01,L01,MCH-002,PRD-034,2025-12-10,30.4,0.8768,2.1,G3_junior,2.6,96.1,54.719,3.422,0.676,0.0093,0.01,0,SURFACE_DENT,train,reference
RUN-000933,WO-000467,P03,L06,MCH-031,PRD-071,2025-08-30,23.37,0.8736,0.2,G3_junior,6.2,84.7,51.436,3.246,1.092,0.0878,0.06,1,SOLDER_VOID,train,reference
RUN-010202,WO-005101,P02,L04,MCH-020,PRD-049,2026-06-23,33.94,1.0168,2.1,G3_junior,10,82.7,51.917,2.683,0.708,0.1313,0.1,1,SOLDER_VOID,test,reference
RUN-004753,WO-002377,P03,L06,MCH-035,PRD-043,2025-12-30,28.96,0.9972,7.6,G2_mid,4.2,84.5,52.169,3.002,0.813,0.0341,0.02,0,SURFACE_DENT,train,reference
RUN-007834,WO-003917,P03,L06,MCH-034,PRD-066,2026-04-07,31.49,0.9968,1.6,G3_junior,7.6,88.6,52.247,2.703,1.042,0.1214,0.075,1,SURFACE_DENT,validation,reference
RUN-007319,WO-003660,P02,L04,MCH-023,PRD-042,2026-03-22,11.71,0.9842,11.2,G1_senior,1.4,89.9,48.77,2.935,1.095,0,0.0,0,NONE,train,reference
RUN-005850,WO-002925,P03,L06,MCH-031,PRD-017,2026-02-03,25.89,1.1197,11.2,G1_senior,4.3,96.3,53.246,3.392,1.011,0.0351,0.02,0,SOLDER_VOID,train,reference
RUN-009281,WO-004641,P01,L01,MCH-005,PRD-016,2026-05-25,23.59,0.977,1.7,G3_junior,4.3,85.8,50.08,2.958,1.026,0.0259,0.015,0,SCRATCH,test,reference
RUN-002753,WO-001377,P02,L04,MCH-019,PRD-021,2025-10-27,19.09,0.8628,7.6,G2_mid,3.0,95.9,54.462,2.985,1.037,0.0117,0.01,0,SOLDER_VOID,train,reference
RUN-001180,WO-000590,P03,L06,MCH-034,PRD-066,2025-09-07,39.67,0.9785,11.2,G1_senior,7.6,88.6,42.389,2.931,0.981,0.0711,0.0375,0,SURFACE_DENT,train,reference
RUN-006980,WO-003490,P03,L05,MCH-026,PRD-008,2026-03-11,22.32,0.9187,10.6,G1_senior,3.4,84.5,53.498,3.37,0.623,0.0391,0.04,0,SCRATCH,train,reference
RUN-006097,WO-003049,P02,L04,MCH-022,PRD-059,2026-02-11,27.85,0.9358,2.0,G3_junior,5.9,88.6,52.409,3.441,0.725,0.0362,0.04,0,SOLDER_VOID,train,reference
RUN-000134,WO-000067,P03,L05,MCH-028,PRD-009,2025-08-05,31.11,0.8936,2.0,G3_junior,5.0,76.8,53.471,3.85,1.065,0.0214,0.04,0,SCRATCH,train,reference
RUN-010452,WO-005226,P01,L01,MCH-003,PRD-066,2026-07-01,22.8,1.2155,11.2,G1_senior,7.6,88.6,53.655,3.197,0.735,0.0829,0.064,1,SURFACE_DENT,test,reference
RUN-003876,WO-001938,P03,L06,MCH-035,PRD-073,2025-12-02,33.04,0.8673,0.2,G3_junior,3.4,87.4,51.637,3.214,1.054,0.0342,0.02,0,DIMENSION,train,reference
RUN-000638,WO-000319,P01,L02,MCH-010,PRD-024,2025-08-21,34.59,0.9292,1.2,G3_junior,7.6,85.8,53.875,3.207,1.051,0.0491,0.08,1,CONTAMINATION,train,reference
RUN-002337,WO-001169,P02,L03,MCH-018,PRD-015,2025-10-14,26.03,1.0713,3.3,G2_mid,8.8,92.1,52.415,2.85,0.87,0.0606,0.06,1,CONTAMINATION,train,reference
RUN-000552,WO-000276,P03,L06,MCH-036,PRD-058,2025-08-18,36.59,0.8742,14.6,G1_senior,8.8,71.4,52.321,3.596,0.716,0.072,0.112,1,SURFACE_DENT,train,reference
RUN-003328,WO-001664,P03,L06,MCH-032,PRD-054,2025-11-14,39.45,0.8669,0.2,G3_junior,6.3,71.4,49.818,2.983,0.783,0.1065,0.104,1,DIMENSION,train,reference
RUN-006754,WO-003377,P02,L04,MCH-024,PRD-006,2026-03-04,26.06,1.0435,1.4,G3_junior,7.3,92.1,50.14,3.156,0.725,0.0662,0.064,1,MISSING_PART,train,reference
RUN-006414,WO-003207,P02,L03,MCH-014,PRD-075,2026-02-21,43.57,0.9912,7.6,G2_mid,6.8,96.3,50.881,8.627,0.858,0.0331,0.04,0,SCRATCH,train,reference
RUN-003086,WO-001543,P01,L01,MCH-001,PRD-077,2025-11-07,24.76,1.0045,3.3,G2_mid,1.7,96.1,55.035,3.717,1.018,0,0.0,0,NONE,train,reference
RUN-001393,WO-000697,P03,L05,MCH-027,PRD-064,2025-09-14,41.57,0.8953,0.2,G3_junior,4.9,89.9,48.0,2.85,1.018,0.0688,0.02,0,SOLDER_VOID,train,reference
RUN-010949,WO-005475,P03,L06,MCH-033,PRD-016,2026-07-16,22.57,0.955,2.8,G3_junior,4.3,85.8,55.647,3.368,0.78,0.0263,0.025,0,DIMENSION,test,reference
RUN-007678,WO-003839,P02,L04,MCH-021,PRD-079,2026-04-02,24.34,1.1104,5.7,G2_mid,3.3,71.4,51.298,2.899,0.882,0.0645,0.04,0,SURFACE_DENT,validation,reference
RUN-000385,WO-000193,P02,L03,MCH-017,PRD-037,2025-08-13,28.86,0.9389,1.0,G3_junior,4.2,88.0,50.24,3.041,0.825,0,0.02,0,DIMENSION,train,reference
RUN-007743,WO-003872,P01,L01,MCH-005,PRD-074,2026-04-05,23.31,0.8642,2.0,G3_junior,6.4,95.9,43.403,2.613,0.747,0.012,0.0375,0,CONTAMINATION,validation,reference
RUN-010194,WO-005097,P02,L03,MCH-015,PRD-048,2026-06-23,19.18,0.977,0.6,G3_junior,4.6,96.1,51.966,3.017,1.087,0.0469,0.04,0,MISSING_PART,test,reference
RUN-008264,WO-004132,P02,L04,MCH-021,PRD-032,2026-04-21,35.84,1.1191,11.8,G1_senior,6.2,96.1,52.586,3.185,0.862,0,0.01,0,SOLDER_VOID,validation,reference
RUN-008383,WO-004192,P03,L06,MCH-031,PRD-066,2026-04-24,26.34,1.0894,2.3,G3_junior,7.6,88.6,56.006,3.467,0.768,0.1477,0.11,1,CONTAMINATION,validation,reference
RUN-001522,WO-000761,P02,L03,MCH-016,PRD-044,2025-09-18,29.8,1.0816,14.6,G1_senior,4.1,88.0,53.703,7.437,0.98,0,0.03,0,SCRATCH,train,reference
RUN-009212,WO-004606,P01,L01,MCH-006,PRD-014,2026-05-22,11.76,0.9547,7.0,G2_mid,5.0,85.8,50.374,3.136,0.852,0.041,0.04,1,SURFACE_DENT,test,reference
RUN-004141,WO-002071,P01,L02,MCH-011,PRD-030,2025-12-11,10.36,1.1051,2.9,G3_junior,3.6,76.8,48.274,2.814,1.016,0.0829,0.07,1,SOLDER_VOID,train,reference
RUN-003895,WO-001948,P02,L04,MCH-022,PRD-002,2025-12-03,21.38,1.0843,7.2,G2_mid,5.3,88.0,53.211,2.932,0.627,0.0395,0.048,0,SURFACE_DENT,train,reference
RUN-011030,WO-005515,P02,L03,MCH-018,PRD-043,2026-07-20,20.28,1.0681,3.3,G2_mid,4.2,84.5,52.385,2.905,0.86,0.0557,0.04,0,SOLDER_VOID,test,reference
RUN-003084,WO-001542,P03,L06,MCH-035,PRD-040,2025-11-06,33.13,1.0828,0.6,G3_junior,8.4,82.7,50.905,3.634,1.046,0.1409,0.112,1,SOLDER_VOID,train,reference
RUN-002042,WO-001021,P03,L05,MCH-027,PRD-054,2025-10-04,36.72,1.1785,0,G0_unknown,6.3,71.4,46.225,2.734,0.823,0.1184,0.12,1,MISSING_PART,train,reference
RUN-006101,WO-003051,P03,L05,MCH-026,PRD-073,2026-02-11,21.16,1.0767,2.3,G3_junior,3.4,87.4,53.463,3.284,1.049,0.0585,0.024,0,SCRATCH,train,reference
RUN-008116,WO-004058,P02,L04,MCH-022,PRD-024,2026-04-16,38.15,0.8559,1.7,G3_junior,7.6,85.8,53.32,2.875,1.081,0.0633,0.0625,1,SURFACE_DENT,validation,reference
RUN-009126,WO-004563,P03,L05,MCH-026,PRD-007,2026-05-19,28.91,1.1789,0.2,G3_junior,3.9,88.0,53.917,3.586,0.984,0.0533,0.05,0,CONTAMINATION,validation,reference
RUN-009647,WO-004824,P01,L01,MCH-005,PRD-061,2026-06-05,31.28,0.8488,7.6,G2_mid,4.8,76.8,52.015,3.128,0.804,0.015,0.032,0,SURFACE_DENT,test,reference
RUN-004386,WO-002193,P01,L01,MCH-005,PRD-072,2025-12-19,29.24,1.1382,2.2,G3_junior,4.1,84.7,51.417,3.529,0.693,0.0384,0.03,0,DIMENSION,train,reference
RUN-002335,WO-001168,P02,L03,MCH-013,PRD-015,2025-10-14,25.41,1.1184,1.7,G3_junior,8.8,92.1,51.277,3.24,0.696,0.017,0.06,1,SURFACE_DENT,train,reference
RUN-006315,WO-003158,P02,L03,MCH-014,PRD-063,2026-02-18,24.8,1.0085,1.0,G3_junior,5.7,84.5,52.962,3.211,1.094,0.0338,0.05,0,CONTAMINATION,train,reference
RUN-006309,WO-003155,P01,L02,MCH-010,PRD-008,2026-02-18,20.31,0.9002,1.8,G3_junior,3.4,84.5,52.52,3.644,0.778,0.0403,0.04,0,NONE,train,reference
RUN-002638,WO-001319,P02,L03,MCH-016,PRD-069,2025-10-23,21.64,1.0326,11.8,G1_senior,10,88.6,54.774,3.211,0.669,0.0972,0.085,1,SCRATCH,train,reference
RUN-006438,WO-003219,P03,L05,MCH-026,PRD-039,2026-02-22,26.34,0.9852,1.4,G3_junior,5.6,96.1,52.687,3.342,0.848,0,0.03,0,DIMENSION,train,reference
RUN-008867,WO-004434,P02,L04,MCH-023,PRD-062,2026-05-11,26.84,1.0701,14.6,G1_senior,6.8,71.4,49.978,2.872,1.034,0.0905,0.095,1,SCRATCH,validation,reference
RUN-004489,WO-002245,P03,L05,MCH-025,PRD-039,2025-12-22,14.51,1.0482,0,G0_unknown,5.6,96.1,52.531,3.932,0.723,0.0092,0.025,0,MISSING_PART,train,reference
RUN-005351,WO-002676,P02,L03,MCH-017,PRD-042,2026-01-19,12.16,0.9596,2.8,G3_junior,1.4,89.9,53.081,2.964,0.886,0.0066,0.0,0,NONE,train,reference
RUN-007192,WO-003596,P02,L04,MCH-020,PRD-077,2026-03-18,15.49,1.0882,3.3,G2_mid,1.7,96.1,50.495,2.814,1.002,0,0.008,0,NONE,train,reference
RUN-010315,WO-005158,P03,L05,MCH-030,PRD-002,2026-06-26,17.13,0.9745,2.3,G3_junior,5.3,88.0,55.005,3.371,0.864,0.0538,0.05,0,DIMENSION,test,reference
RUN-010696,WO-005348,P03,L05,MCH-026,PRD-022,2026-07-08,26.5,0.9635,5.7,G2_mid,4.3,85.8,53.199,3.543,0.74,0.0419,0.04,0,NONE,test,reference
RUN-001475,WO-000738,P01,L02,MCH-007,PRD-052,2025-09-17,24.57,1.1137,1.4,G3_junior,7.2,82.7,54.3,3.549,0.837,0.0877,0.1,1,SOLDER_VOID,train,reference
RUN-004340,WO-002170,P03,L06,MCH-033,PRD-006,2025-12-17,29.67,0.9758,0.4,G3_junior,7.3,92.1,53.652,3.219,0.707,0.0732,0.06,1,CONTAMINATION,train,reference
RUN-005677,WO-002839,P02,L03,MCH-014,PRD-070,2026-01-29,18.55,0.9558,4.8,G2_mid,3.9,87.4,52.629,3.208,0.711,0.0105,0.024,0,DIMENSION,train,reference
RUN-007096,WO-003548,P03,L05,MCH-030,PRD-040,2026-03-15,34.58,1.1724,2.9,G3_junior,8.4,82.7,48.459,2.706,1.065,0.0856,0.11,1,DIMENSION,train,reference
RUN-011169,WO-005585,P01,L02,MCH-007,PRD-051,2026-07-24,21.37,1.0946,1.4,G3_junior,6.9,96.1,54.495,3.521,0.691,0.0167,0.045,0,SOLDER_VOID,test,reference
RUN-008820,WO-004410,P02,L03,MCH-018,PRD-050,2026-05-09,34.82,0.9873,0.2,G3_junior,5.5,88.6,49.96,3.127,1.084,0.035,0.06,1,DIMENSION,validation,reference
RUN-008647,WO-004324,P02,L03,MCH-013,PRD-024,2026-05-04,20.07,1.0371,0.2,G3_junior,7.6,85.8,50.854,2.985,1.012,0.1216,0.1125,1,SOLDER_VOID,validation,reference
RUN-010415,WO-005208,P01,L01,MCH-003,PRD-001,2026-06-30,31.17,1.0235,5.7,G2_mid,8.2,89.9,49.57,3.412,0.94,0.0845,0.08,1,SURFACE_DENT,test,reference
RUN-006169,WO-003085,P02,L04,MCH-020,PRD-052,2026-02-13,21.67,0.8919,4.7,G2_mid,7.2,82.7,56.931,4.341,0.706,0.0866,0.08,1,SCRATCH,train,reference
RUN-009413,WO-004707,P03,L05,MCH-029,PRD-045,2026-05-28,11.15,1.0048,2.8,G3_junior,2.5,97.0,52.136,3.097,0.958,0.0453,0.0,0,NONE,test,reference
RUN-004910,WO-002455,P01,L02,MCH-011,PRD-048,2026-01-05,12.2,1.0997,1.4,G3_junior,4.6,96.1,49.75,2.84,0.733,0.0391,0.04,0,SOLDER_VOID,train,reference
RUN-010499,WO-005250,P02,L03,MCH-016,PRD-066,2026-07-02,29.8,1.1325,6.5,G2_mid,7.6,88.6,52.239,3.056,0.693,0.0553,0.07,1,DIMENSION,test,reference
RUN-005036,WO-002518,P03,L05,MCH-025,PRD-020,2026-01-08,33.7,1.1609,11.2,G1_senior,7.8,84.7,54.592,3.444,0.976,0.0805,0.085,1,SOLDER_VOID,train,reference
RUN-006015,WO-003008,P02,L03,MCH-018,PRD-043,2026-02-09,15.07,1.0703,1.6,G3_junior,4.2,84.5,51.395,3.811,0.964,0.0257,0.04,0,CONTAMINATION,train,reference
RUN-004568,WO-002284,P03,L06,MCH-033,PRD-022,2025-12-24,30.3,0.8833,1.2,G3_junior,4.3,85.8,52.613,3.186,0.889,0.0301,0.03,0,DIMENSION,train,reference
RUN-005705,WO-002853,P01,L02,MCH-007,PRD-015,2026-01-30,20.72,0.85,4.6,G2_mid,8.8,92.1,54.695,3.267,0.956,0.0761,0.08,1,SURFACE_DENT,train,reference
RUN-006560,WO-003280,P01,L02,MCH-009,PRD-061,2026-02-26,31.87,1.0165,1.2,G3_junior,4.8,76.8,49.632,2.784,0.634,0.1113,0.075,1,SURFACE_DENT,train,reference
RUN-004293,WO-002147,P02,L04,MCH-021,PRD-066,2025-12-16,17.77,1.1468,4.6,G2_mid,7.6,88.6,51.099,2.87,0.823,0.0709,0.105,1,SCRATCH,train,reference
RUN-011357,WO-005679,P02,L04,MCH-021,PRD-005,2026-07-30,23.91,1.0043,1.0,G3_junior,5.2,85.8,52.392,3.098,0.74,0.0548,0.05,0,SOLDER_VOID,test,reference
RUN-005190,WO-002595,P03,L06,MCH-035,PRD-056,2026-01-13,17.61,1.0792,2.7,G3_junior,4.3,97.0,52.031,3.147,0.933,0.0335,0.032,0,DIMENSION,train,reference
RUN-009826,WO-004913,P03,L05,MCH-027,PRD-006,2026-06-10,36.72,1.1119,1.0,G3_junior,7.3,92.1,52.966,2.982,0.853,0.0385,0.07,1,SOLDER_VOID,test,reference
RUN-000150,WO-000075,P01,L02,MCH-008,PRD-007,2025-08-06,28.18,0.9216,11.8,G1_senior,3.9,88.0,50.951,3.027,0.777,0.0053,0.02,0,SOLDER_VOID,train,reference
RUN-006096,WO-003048,P02,L04,MCH-019,PRD-002,2026-02-11,29.0,1.0553,2.8,G3_junior,5.3,88.0,53.818,3.583,1.063,0.0379,0.04,0,SOLDER_VOID,train,reference
RUN-004808,WO-002404,P02,L03,MCH-016,PRD-017,2026-01-01,13.88,0.962,2.6,G3_junior,4.3,96.3,53.39,3.1,0.897,0,0.005,0,SURFACE_DENT,train,reference
RUN-003813,WO-001907,P01,L02,MCH-008,PRD-008,2025-12-01,23.36,0.9688,11.8,G1_senior,3.4,84.5,47.918,3.041,0.651,0.0436,0.04,0,SOLDER_VOID,train,reference
RUN-008691,WO-004346,P03,L05,MCH-025,PRD-029,2026-05-05,22.81,0.9571,3.0,G3_junior,6.6,87.0,56.714,3.537,0.997,0.0467,0.075,1,SCRATCH,validation,reference
RUN-001739,WO-000870,P01,L01,MCH-002,PRD-032,2025-09-25,24.61,0.877,11.2,G1_senior,6.2,96.1,53.652,3.058,1.049,0,0.04,0,DIMENSION,train,reference
RUN-002002,WO-001001,P01,L02,MCH-012,PRD-060,2025-10-03,17.52,1.1657,2.8,G3_junior,6.7,84.7,54.858,3.886,0.966,0.0514,0.06,1,DIMENSION,train,reference
RUN-006412,WO-003206,P01,L01,MCH-006,PRD-013,2026-02-21,24.21,0.8321,1.2,G3_junior,4.9,95.9,48.836,3.223,1.053,0.0076,0.0125,0,CONTAMINATION,train,reference
RUN-004259,WO-002130,P02,L04,MCH-024,PRD-032,2025-12-15,31.52,0.8755,2.3,G3_junior,6.2,96.1,49.903,3.02,1.011,0.0736,0.03,0,SOLDER_VOID,train,reference
RUN-002312,WO-001156,P03,L05,MCH-026,PRD-077,2025-10-13,21.73,0.8609,15.7,G1_senior,1.7,96.1,54.904,3.827,0.998,0.0292,0.01,0,MISSING_PART,train,reference
RUN-005802,WO-002901,P02,L04,MCH-019,PRD-010,2026-02-02,23.98,1.0483,2.9,G3_junior,6.9,97.0,52.289,3.747,0.69,0.0523,0.055,1,SCRATCH,train,reference
RUN-004584,WO-002292,P02,L03,MCH-017,PRD-069,2025-12-25,31.95,1.0557,6.1,G2_mid,10,88.6,55.015,3.063,0.971,0.1269,0.096,1,NONE,train,reference
RUN-005749,WO-002875,P02,L04,MCH-019,PRD-036,2026-01-31,20.69,0.825,1.6,G3_junior,4.1,87.0,48.777,7.82,0.62,0.0349,0.04,0,MISSING_PART,train,reference
RUN-008305,WO-004153,P03,L05,MCH-027,PRD-080,2026-04-22,26.34,1.0587,2.9,G3_junior,5.2,84.5,52.103,3.044,0.843,0.0549,0.0625,1,SOLDER_VOID,validation,reference
RUN-009472,WO-004736,P02,L04,MCH-024,PRD-011,2026-05-30,27.28,1.0961,0,G0_unknown,1.4,71.0,47.521,3.034,0.955,0,0.04,0,SCRATCH,test,reference
RUN-004131,WO-002066,P03,L06,MCH-033,PRD-069,2025-12-10,37.27,0.9825,0.8,G3_junior,10,88.6,59.01,3.574,1.023,0.1403,0.13,1,CONTAMINATION,train,reference
RUN-009908,WO-004954,P01,L01,MCH-005,PRD-001,2026-06-13,36.64,1.1341,0.5,G3_junior,8.2,89.9,45.929,2.799,0.755,0.0855,0.0875,1,SURFACE_DENT,test,reference
RUN-010908,WO-005454,P03,L05,MCH-028,PRD-013,2026-07-15,28.9,1.0846,2.6,G3_junior,4.9,95.9,55.685,3.197,0.775,0.0585,0.0375,0,NONE,test,reference
RUN-008241,WO-004121,P03,L06,MCH-034,PRD-006,2026-04-20,28.46,1.1497,0.2,G3_junior,7.3,92.1,51.895,2.867,1.065,0.1025,0.08,1,CONTAMINATION,validation,reference
RUN-000988,WO-000494,P03,L05,MCH-027,PRD-073,2025-09-01,16.8,1.1847,1.4,G3_junior,3.4,87.4,52.409,3.268,0.986,0.0517,0.03,0,SCRATCH,train,reference
RUN-000486,WO-000243,P02,L03,MCH-015,PRD-075,2025-08-16,12.94,1.0403,7.1,G2_mid,6.8,96.3,47.886,3.108,0.768,0,0.03,0,SOLDER_VOID,train,reference
RUN-002537,WO-001269,P02,L04,MCH-022,PRD-017,2025-10-20,29.07,1.0059,5.7,G2_mid,4.3,96.3,51.149,3.199,1.042,0.0129,0.024,0,SOLDER_VOID,train,reference
RUN-010329,WO-005165,P01,L01,MCH-002,PRD-050,2026-06-27,21.72,0.9207,0.2,G3_junior,5.5,88.6,49.587,3.137,0.688,0.0436,0.056,1,SOLDER_VOID,test,reference
RUN-002191,WO-001096,P02,L03,MCH-013,PRD-003,2025-10-09,25.93,1.173,5.8,G2_mid,4.8,95.9,53.549,2.956,0.981,0.0071,0.02,0,SOLDER_VOID,train,reference
RUN-002405,WO-001203,P01,L02,MCH-007,PRD-011,2025-10-16,22.1,1.0933,2.8,G3_junior,1.4,71.0,55.589,3.6,0.995,0.0162,0.03,0,CONTAMINATION,train,reference
RUN-009015,WO-004508,P03,L05,MCH-029,PRD-008,2026-05-15,21.54,1.0567,0.2,G3_junior,3.4,84.5,50.084,2.909,0.749,0.0034,0.0375,0,CONTAMINATION,validation,reference
RUN-000897,WO-000449,P02,L04,MCH-019,PRD-021,2025-08-29,11.82,0.9967,7.1,G2_mid,3.0,95.9,53.904,3.542,0.97,0.0602,0.025,0,SCRATCH,train,reference
RUN-011140,WO-005570,P02,L03,MCH-017,PRD-023,2026-07-23,22.81,0.9474,2.3,G3_junior,5.0,85.8,53.439,3.378,1.09,0.0263,0.05,0,DIMENSION,test,reference
RUN-008429,WO-004215,P01,L02,MCH-010,PRD-069,2026-04-27,37.84,1.1051,6.5,G2_mid,10,88.6,50.837,3.086,0.88,0.0913,0.112,1,CONTAMINATION,validation,reference
RUN-003272,WO-001636,P02,L03,MCH-014,PRD-066,2025-11-13,38.16,1.1301,0.2,G3_junior,7.6,88.6,52.791,3.114,0.954,0.0569,0.075,1,CONTAMINATION,train,reference
RUN-011300,WO-005650,P03,L06,MCH-032,PRD-048,2026-07-28,22.12,1.0974,1.2,G3_junior,4.6,96.1,54.2,3.092,0.9,0.0161,0.02,0,SOLDER_VOID,test,reference
RUN-006690,WO-003345,P03,L06,MCH-031,PRD-067,2026-03-02,23.42,1.0039,0.4,G3_junior,4.5,71.0,55.162,3.378,0.653,0.1365,0.088,1,SOLDER_VOID,train,reference
RUN-011287,WO-005644,P02,L04,MCH-019,PRD-017,2026-07-28,34.15,1.1586,0.7,G3_junior,4.3,96.3,52.736,3.217,0.654,0.0155,0.016,0,SURFACE_DENT,test,reference
RUN-003396,WO-001698,P03,L05,MCH-030,PRD-012,2025-11-17,24.51,0.9668,11.5,G1_senior,2.1,92.1,53.398,2.971,0.729,0.0111,0.01,0,CONTAMINATION,train,reference
RUN-009559,WO-004780,P03,L05,MCH-025,PRD-064,2026-06-02,22.29,1.1436,0.6,G3_junior,4.9,89.9,52.219,3.317,0.87,0.0173,0.03,0,CONTAMINATION,test,reference
RUN-005975,WO-002988,P03,L05,MCH-026,PRD-075,2026-02-07,29.65,0.8616,1.3,G3_junior,6.8,96.3,52.796,3.926,0.925,0.0019,0.025,0,SCRATCH,train,reference
RUN-009468,WO-004734,P02,L03,MCH-014,PRD-077,2026-05-30,19.5,0.8541,9.4,G1_senior,1.7,96.1,48.361,3.125,1.098,0.0472,0.025,0,MISSING_PART,test,reference
RUN-000066,WO-000033,P02,L04,MCH-019,PRD-031,2025-08-03,34.17,0.8269,0.5,G3_junior,7.0,95.9,49.673,2.944,0.987,0.0529,0.035,0,SCRATCH,train,reference
RUN-001493,WO-000747,P03,L05,MCH-027,PRD-062,2025-09-17,24.03,0.8371,0.2,G3_junior,6.8,71.4,50.039,2.96,1.066,0.1372,0.11,1,DIMENSION,train,reference
RUN-008610,WO-004305,P02,L03,MCH-015,PRD-027,2026-05-02,25.92,0.9943,5.8,G2_mid,7.1,89.9,47.976,3.626,1.063,0.0503,0.0625,1,CONTAMINATION,validation,reference
RUN-010568,WO-005284,P02,L04,MCH-020,PRD-002,2026-07-04,28.67,0.9617,1.8,G3_junior,5.3,88.0,46.852,2.925,0.63,0.0559,0.04,0,SOLDER_VOID,test,reference
RUN-008798,WO-004399,P02,L04,MCH-021,PRD-011,2026-05-08,19.86,1.1785,1.0,G3_junior,1.4,71.0,52.123,3.191,1.044,0.0025,0.025,0,DIMENSION,validation,reference
RUN-006915,WO-003458,P01,L01,MCH-003,PRD-061,2026-03-10,11.94,1.132,6.5,G2_mid,4.8,76.8,52.483,4.867,0.936,0.0309,0.05,1,DIMENSION,train,reference
RUN-004708,WO-002354,P02,L04,MCH-023,PRD-059,2025-12-29,21.17,1.1207,0.2,G3_junior,5.9,88.6,52.982,3.026,1.008,0.0468,0.05,0,MISSING_PART,train,reference
RUN-003009,WO-001505,P03,L06,MCH-035,PRD-045,2025-11-04,30.85,0.8379,0,G0_unknown,2.5,97.0,53.273,3.27,0.898,0.029,0.025,0,SURFACE_DENT,train,reference
RUN-000165,WO-000083,P02,L04,MCH-021,PRD-039,2025-08-06,27.31,1.0537,0.4,G3_junior,5.6,96.1,49.725,5.347,0.972,0.0723,0.02,0,CONTAMINATION,train,reference
RUN-000785,WO-000393,P02,L03,MCH-015,PRD-058,2025-08-26,30.72,0.9383,0.5,G3_junior,8.8,71.4,49.357,3.283,0.912,0.1355,0.14,1,SOLDER_VOID,train,reference
RUN-009214,WO-004607,P01,L02,MCH-007,PRD-063,2026-05-22,12.98,0.9434,0.2,G3_junior,5.7,84.5,55.245,3.459,1.078,0.0587,0.06,1,SURFACE_DENT,test,reference
RUN-004625,WO-002313,P02,L04,MCH-023,PRD-051,2025-12-26,21.27,0.8781,6.1,G2_mid,6.9,96.1,52.796,2.749,1.052,0.0393,0.048,0,MISSING_PART,train,reference
RUN-010078,WO-005039,P01,L01,MCH-005,PRD-009,2026-06-19,21.44,0.9136,2.9,G3_junior,5.0,76.8,50.171,2.654,0.858,0.0784,0.06,1,SURFACE_DENT,test,reference
RUN-000909,WO-000455,P03,L06,MCH-034,PRD-045,2025-08-29,7.76,1.1595,1.7,G3_junior,2.5,97.0,49.831,2.888,0.92,0,0.0,0,NONE,train,reference
RUN-002093,WO-001047,P03,L05,MCH-029,PRD-056,2025-10-06,24.48,0.976,0.2,G3_junior,4.3,97.0,52.479,3.156,0.636,0.0193,0.0375,0,SOLDER_VOID,train,reference
RUN-010987,WO-005494,P03,L06,MCH-032,PRD-016,2026-07-17,33.87,1.145,0.2,G3_junior,4.3,85.8,56.095,3.499,0.849,0.0178,0.04,0,SURFACE_DENT,test,reference
RUN-001414,WO-000707,P02,L03,MCH-018,PRD-017,2025-09-15,23.64,0.8866,1.7,G3_junior,4.3,96.3,68.822,17.015,0.947,0,0.02,0,MISSING_PART,train,reference
RUN-011115,WO-005558,P03,L05,MCH-029,PRD-052,2026-07-22,30.22,1.1359,8.9,G1_senior,7.2,82.7,52.292,3.238,0.645,0.0099,0.05,0,SOLDER_VOID,test,reference
RUN-002774,WO-001387,P01,L02,MCH-010,PRD-051,2025-10-28,30.53,1.0079,2.8,G3_junior,6.9,96.1,56.841,3.53,0.672,0.0301,0.045,0,MISSING_PART,train,reference
RUN-010017,WO-005009,P02,L03,MCH-016,PRD-040,2026-06-17,28.12,1.1487,1.0,G3_junior,8.4,82.7,53.433,3.753,0.986,0.1351,0.13,1,DIMENSION,test,reference
RUN-002366,WO-001183,P01,L02,MCH-011,PRD-022,2025-10-15,16.31,0.9404,5.7,G2_mid,4.3,85.8,52.245,3.019,0.736,0.0407,0.02,0,SOLDER_VOID,train,reference
RUN-005007,WO-002504,P01,L01,MCH-003,PRD-023,2026-01-08,28.16,0.9567,2.7,G3_junior,5.0,85.8,54.332,3.368,0.884,0.0357,0.04,0,SOLDER_VOID,train,reference
RUN-002758,WO-001379,P03,L05,MCH-027,PRD-022,2025-10-27,14.69,0.9955,1.2,G3_junior,4.3,85.8,50.647,2.857,1.026,0.0653,0.04,0,DIMENSION,train,reference
RUN-004968,WO-002484,P03,L06,MCH-032,PRD-058,2026-01-06,22.48,1.0489,4.6,G2_mid,8.8,71.4,53.857,3.429,0.859,0.1104,0.1125,1,SCRATCH,train,reference
RUN-000868,WO-000434,P03,L05,MCH-025,PRD-033,2025-08-28,33.6,1.002,2.9,G3_junior,4.7,88.0,52.569,3.505,0.792,0.0669,0.03,0,SCRATCH,train,reference
RUN-000158,WO-000079,P02,L03,MCH-016,PRD-042,2025-08-06,17.84,0.9532,0.2,G3_junior,1.4,89.9,54.808,3.621,0.705,0,0.03,0,DIMENSION,train,reference
RUN-005413,WO-002707,P01,L01,MCH-006,PRD-028,2026-01-21,18.73,0.8852,2.3,G3_junior,6.4,97.0,51.436,3.075,0.634,0.0146,0.0625,1,CONTAMINATION,train,reference
RUN-010912,WO-005456,P03,L06,MCH-035,PRD-035,2026-07-15,16.95,1.1296,11.2,G1_senior,4.3,84.7,54.328,2.975,0.756,0.0955,0.04,0,SURFACE_DENT,test,reference
RUN-010873,WO-005437,P03,L05,MCH-030,PRD-073,2026-07-14,14.79,1.162,2.8,G3_junior,3.4,87.4,51.644,3.54,0.911,0.0779,0.04,0,SOLDER_VOID,test,reference
RUN-004706,WO-002353,P02,L04,MCH-021,PRD-059,2025-12-29,29.45,1.143,18,G1_senior,5.9,88.6,55.5,2.922,0.726,0.0689,0.024,0,SOLDER_VOID,train,reference
RUN-001221,WO-000611,P01,L01,MCH-001,PRD-079,2025-09-09,17.63,1.1954,7.6,G2_mid,3.3,71.4,53.416,3.354,0.989,0.0259,0.0375,1,SURFACE_DENT,train,reference
RUN-008272,WO-004136,P03,L05,MCH-030,PRD-050,2026-04-21,30.51,0.8931,2.9,G3_junior,5.5,88.6,52.663,2.9,0.698,0.0437,0.05,0,SURFACE_DENT,validation,reference
RUN-005561,WO-002781,P01,L02,MCH-008,PRD-036,2026-01-26,29.33,1.1797,8.9,G1_senior,4.1,87.0,47.653,3.22,0.864,0.0419,0.03,0,CONTAMINATION,train,reference
RUN-009626,WO-004813,P02,L04,MCH-019,PRD-006,2026-06-04,25.02,0.8746,3.4,G2_mid,7.3,92.1,52.468,3.102,0.828,0.0465,0.04,1,SCRATCH,test,reference
RUN-008352,WO-004176,P01,L01,MCH-005,PRD-072,2026-04-24,19.44,1.0005,2.3,G3_junior,4.1,84.7,48.956,3.023,0.672,0,0.015,0,MISSING_PART,validation,reference
RUN-007990,WO-003995,P01,L01,MCH-003,PRD-016,2026-04-13,19.68,1.154,7.2,G2_mid,4.3,85.8,56.685,3.433,0.648,0.0182,0.04,0,SCRATCH,validation,reference
RUN-010936,WO-005468,P02,L04,MCH-023,PRD-024,2026-07-16,19.94,0.8686,7.6,G2_mid,7.6,85.8,50.578,2.857,0.878,0.0761,0.08,1,SURFACE_DENT,test,reference
RUN-009064,WO-004532,P01,L01,MCH-002,PRD-032,2026-05-18,30.32,0.9424,1.4,G3_junior,6.2,96.1,53.582,3.171,0.801,0.0698,0.032,0,MISSING_PART,validation,reference
RUN-001337,WO-000669,P01,L02,MCH-010,PRD-066,2025-09-12,24.25,0.9282,2.2,G3_junior,7.6,88.6,60.066,4.558,0.702,0.0652,0.06,1,SCRATCH,train,reference
RUN-009104,WO-004552,P01,L01,MCH-002,PRD-061,2026-05-19,26.49,0.8952,0,G0_unknown,4.8,76.8,53.3,3.427,0.667,0.0835,0.09,1,SCRATCH,validation,reference
RUN-007698,WO-003849,P01,L01,MCH-005,PRD-072,2026-04-03,17.54,1.0206,0,G0_unknown,4.1,84.7,66.565,17.469,0.784,0,0.04,0,SOLDER_VOID,validation,reference
RUN-011273,WO-005637,P01,L02,MCH-009,PRD-048,2026-07-28,21.3,0.8739,10.6,G1_senior,4.6,96.1,49.945,2.891,0.983,0.0153,0.0,0,NONE,test,reference
RUN-005960,WO-002980,P03,L06,MCH-031,PRD-015,2026-02-06,35.16,1.175,11.8,G1_senior,8.8,92.1,55.162,3.718,0.845,0.0223,0.06,1,SOLDER_VOID,train,reference
RUN-002144,WO-001072,P01,L01,MCH-005,PRD-020,2025-10-08,24.18,1.0703,1.0,G3_junior,7.8,84.7,48.968,2.868,0.85,0.1078,0.11,1,MISSING_PART,train,reference
RUN-011342,WO-005671,P01,L01,MCH-001,PRD-060,2026-07-30,32.55,1.0955,1.2,G3_junior,6.7,84.7,57.616,3.626,0.787,0.0863,0.072,1,DIMENSION,test,reference
RUN-010804,WO-005402,P02,L04,MCH-021,PRD-001,2026-07-12,21.0,0.9816,0.6,G3_junior,8.2,89.9,51.299,5.91,0.794,0.0677,0.07,1,SCRATCH,test,reference
RUN-002311,WO-001156,P03,L05,MCH-029,PRD-077,2025-10-13,25.24,0.9264,0.4,G3_junior,1.7,96.1,55.541,2.927,0.631,0.0887,0.0125,0,SCRATCH,train,reference
RUN-003380,WO-001690,P02,L03,MCH-014,PRD-017,2025-11-17,22.04,1.1532,2.0,G3_junior,4.3,96.3,59.955,4.346,0.868,0.0058,0.016,0,CONTAMINATION,train,reference
RUN-003976,WO-001988,P03,L05,MCH-027,PRD-071,2025-12-05,30.66,1.1635,2.1,G3_junior,6.2,84.7,49.89,3.285,0.919,0.1243,0.08,1,SCRATCH,train,reference
RUN-005065,WO-002533,P02,L04,MCH-024,PRD-052,2026-01-09,33.03,0.8561,0,G0_unknown,7.2,82.7,52.391,2.78,0.755,0.1548,0.11,1,SURFACE_DENT,train,reference
RUN-000295,WO-000148,P03,L06,MCH-034,PRD-043,2025-08-10,31.58,1.1001,1.0,G3_junior,4.2,84.5,42.491,2.95,1.065,0,0.03,1,SURFACE_DENT,train,reference
RUN-004439,WO-002220,P01,L01,MCH-004,PRD-072,2025-12-21,35.69,0.9031,1.0,G3_junior,4.1,84.7,50.879,3.057,0.728,0.0735,0.048,0,CONTAMINATION,train,reference
RUN-001891,WO-000946,P01,L01,MCH-005,PRD-051,2025-09-30,21.17,0.9355,7.6,G2_mid,6.9,96.1,47.507,2.622,0.844,0.0272,0.03,0,SURFACE_DENT,train,reference
RUN-010034,WO-005017,P03,L06,MCH-036,PRD-067,2026-06-17,27.1,1.0736,11.2,G1_senior,4.5,71.0,55.217,3.762,0.971,0.0633,0.04,0,SURFACE_DENT,test,reference
RUN-006006,WO-003003,P01,L01,MCH-003,PRD-077,2026-02-09,21.51,1.0527,1.0,G3_junior,1.7,96.1,54.027,3.084,1.025,0.0273,0.0125,0,SURFACE_DENT,train,reference
RUN-003853,WO-001927,P02,L03,MCH-013,PRD-023,2025-12-02,42.66,0.9621,3.1,G2_mid,5.0,85.8,57.092,4.606,0.814,0.057,0.04,0,SURFACE_DENT,train,reference
RUN-002421,WO-001211,P03,L05,MCH-030,PRD-033,2025-10-16,25.4,1.0827,1.0,G3_junior,4.7,88.0,68.633,6.783,0.748,0.0545,0.0375,0,SURFACE_DENT,train,reference
RUN-009672,WO-004836,P03,L05,MCH-029,PRD-007,2026-06-05,14.78,0.8485,2.3,G3_junior,3.9,88.0,52.14,3.2,0.693,0,0.04,0,SCRATCH,test,reference
RUN-007587,WO-003794,P01,L01,MCH-001,PRD-008,2026-03-31,36.39,0.9868,0.2,G3_junior,3.4,84.5,51.553,3.336,0.76,0.0582,0.024,0,SCRATCH,validation,reference
RUN-002436,WO-001218,P01,L01,MCH-006,PRD-013,2025-10-17,29.73,0.9296,4.8,G2_mid,4.9,95.9,58.487,5.023,0.768,0.0208,0.0125,0,MISSING_PART,train,reference
RUN-005651,WO-002826,P03,L05,MCH-028,PRD-078,2026-01-28,22.22,0.9361,18,G1_senior,4.6,84.7,54.694,3.844,1.061,0.0107,0.04,0,NONE,train,reference
RUN-006134,WO-003067,P02,L04,MCH-022,PRD-041,2026-02-12,24.14,1.0534,3.3,G2_mid,6.3,85.8,51.846,3.267,1.079,0.0393,0.07,1,MISSING_PART,train,reference
RUN-009749,WO-004875,P02,L04,MCH-021,PRD-052,2026-06-08,31.82,1.1002,2.8,G3_junior,7.2,82.7,49.333,2.777,0.925,0.0173,0.07,1,SCRATCH,test,reference
RUN-003401,WO-001701,P03,L06,MCH-036,PRD-048,2025-11-17,22.64,1.0804,0.5,G3_junior,4.6,96.1,70.071,6.953,0.973,0.0025,0.0,0,NONE,train,reference
RUN-008925,WO-004463,P01,L02,MCH-009,PRD-079,2026-05-13,20.02,1.0404,2.1,G3_junior,3.3,71.4,53.764,3.277,0.627,0.0548,0.06,1,SOLDER_VOID,validation,reference
RUN-002604,WO-001302,P02,L03,MCH-013,PRD-073,2025-10-22,20.29,0.9567,4.8,G2_mid,3.4,87.4,49.713,3.755,0.875,0.0617,0.02,0,MISSING_PART,train,reference
RUN-008796,WO-004398,P02,L04,MCH-023,PRD-011,2026-05-08,25.85,1.0468,2.9,G3_junior,1.4,71.0,51.157,2.666,0.915,0.0014,0.0125,0,SURFACE_DENT,validation,reference
RUN-009037,WO-004519,P02,L03,MCH-018,PRD-063,2026-05-16,23.4,0.954,3.1,G2_mid,5.7,84.5,48.86,3.614,0.835,0.0506,0.06,1,SURFACE_DENT,validation,reference
RUN-004456,WO-002228,P03,L05,MCH-029,PRD-056,2025-12-21,17.49,0.9336,0,G0_unknown,4.3,97.0,50.188,3.084,0.933,0.0426,0.0,0,NONE,train,reference
RUN-005847,WO-002924,P03,L06,MCH-033,PRD-017,2026-02-03,26.83,0.9205,11.2,G1_senior,4.3,96.3,53.378,3.174,0.943,0.0782,0.032,0,SCRATCH,train,reference
RUN-010561,WO-005281,P01,L02,MCH-012,PRD-075,2026-07-04,16.13,0.8742,8.2,G1_senior,6.8,96.3,53.721,3.679,0.835,0.0359,0.03,0,SOLDER_VOID,test,reference
RUN-009189,WO-004595,P02,L04,MCH-024,PRD-021,2026-05-21,36.78,1.0557,0.6,G3_junior,3.0,95.9,50.722,3.338,0.821,0,0.0125,0,SOLDER_VOID,test,reference
RUN-003903,WO-001952,P03,L05,MCH-030,PRD-039,2025-12-03,23.56,0.9217,7.0,G2_mid,5.6,96.1,52.608,3.593,0.913,0,0.024,0,SURFACE_DENT,train,reference
RUN-002289,WO-001145,P01,L01,MCH-005,PRD-051,2025-10-13,21.51,1.1133,11.2,G1_senior,6.9,96.1,49.217,2.92,0.847,0,0.03,0,CONTAMINATION,train,reference
RUN-003178,WO-001589,P03,L05,MCH-027,PRD-055,2025-11-10,10.1,1.0626,7.1,G2_mid,4.8,87.4,51.634,2.928,0.814,0.0062,0.0,0,NONE,train,reference
RUN-008323,WO-004162,P01,L02,MCH-008,PRD-035,2026-04-23,21.97,0.94,11.2,G1_senior,4.3,84.7,51.162,2.827,0.9,0.0041,0.0375,0,SURFACE_DENT,validation,reference
RUN-000086,WO-000043,P02,L03,MCH-013,PRD-019,2025-08-04,30.34,0.9484,2.8,G3_junior,7.2,71.7,51.888,3.337,1.033,0.0711,0.112,1,SOLDER_VOID,train,reference
RUN-003586,WO-001793,P01,L02,MCH-011,PRD-075,2025-11-24,35.0,0.939,3.0,G3_junior,6.8,96.3,48.955,3.37,0.892,0.0169,0.025,0,SURFACE_DENT,train,reference
RUN-007622,WO-003811,P01,L01,MCH-003,PRD-050,2026-04-01,19.52,0.9448,5.7,G2_mid,5.5,88.6,54.687,3.585,0.895,0.0123,0.04,0,SURFACE_DENT,validation,reference
RUN-006827,WO-003414,P03,L05,MCH-027,PRD-008,2026-03-06,28.28,1.1395,10.6,G1_senior,3.4,84.5,50.468,3.164,0.628,0.0184,0.0125,0,CONTAMINATION,train,reference
RUN-003302,WO-001651,P01,L02,MCH-012,PRD-064,2025-11-14,27.01,0.9112,3.0,G3_junior,4.9,89.9,54.043,3.078,1.075,0.015,0.008,0,SOLDER_VOID,train,reference
RUN-005873,WO-002937,P02,L04,MCH-023,PRD-010,2026-02-04,30.31,1.0266,0.7,G3_junior,6.9,97.0,52.574,3.215,0.931,0.1498,0.06,1,DIMENSION,train,reference
RUN-003133,WO-001567,P03,L06,MCH-035,PRD-054,2025-11-08,24.0,1.1182,7.6,G2_mid,6.3,71.4,50.718,3.326,0.886,0.1166,0.1,1,SURFACE_DENT,train,reference
RUN-004433,WO-002217,P02,L04,MCH-023,PRD-059,2025-12-20,32.22,1.1019,2.3,G3_junior,5.9,88.6,45.761,3.023,0.993,0.0131,0.03,0,CONTAMINATION,train,reference
RUN-009356,WO-004678,P01,L01,MCH-005,PRD-032,2026-05-27,32.13,1.0846,1.0,G3_junior,6.2,96.1,49.681,2.698,0.933,0.0491,0.0625,1,SOLDER_VOID,test,reference
RUN-009542,WO-004771,P01,L02,MCH-007,PRD-069,2026-06-02,40.54,1.082,4.8,G2_mid,10,88.6,72.766,8.454,1.068,0.101,0.112,1,SURFACE_DENT,test,reference
RUN-001213,WO-000607,P03,L06,MCH-034,PRD-073,2025-09-08,25.48,0.8647,1.6,G3_junior,3.4,87.4,51.602,2.931,0.769,0.0111,0.0125,0,SURFACE_DENT,train,reference
RUN-001753,WO-000877,P02,L04,MCH-019,PRD-039,2025-09-25,19.82,1.0805,2.9,G3_junior,5.6,96.1,52.489,3.142,0.761,0.004,0.01,0,SURFACE_DENT,train,reference
RUN-000264,WO-000132,P02,L03,MCH-017,PRD-015,2025-08-09,26.53,0.8419,4.6,G2_mid,8.8,92.1,51.084,3.225,0.848,0.0585,0.08,1,DIMENSION,train,reference
RUN-004831,WO-002416,P01,L01,MCH-002,PRD-032,2026-01-02,25.5,1.0023,0.5,G3_junior,6.2,96.1,55.68,3.136,0.673,0.0332,0.025,0,DIMENSION,train,reference
RUN-001744,WO-000872,P01,L02,MCH-008,PRD-030,2025-09-25,20.83,0.8563,7.0,G2_mid,3.6,76.8,50.54,2.834,0.953,0.1038,0.04,1,MISSING_PART,train,reference
RUN-004619,WO-002310,P02,L03,MCH-016,PRD-019,2025-12-26,35.18,1.0827,15.7,G1_senior,7.2,71.7,64.82,6.913,1.009,0.0445,0.0625,1,CONTAMINATION,train,reference
RUN-004121,WO-002061,P03,L05,MCH-027,PRD-043,2025-12-10,29.78,0.919,12.8,G1_senior,4.2,84.5,51.918,3.25,0.983,0.0249,0.024,0,SCRATCH,train,reference
RUN-006532,WO-003266,P02,L04,MCH-023,PRD-037,2026-02-25,17.16,1.0297,2.3,G3_junior,4.2,88.0,49.02,2.967,0.642,0.0712,0.04,0,DIMENSION,train,reference
RUN-009400,WO-004700,P01,L02,MCH-007,PRD-071,2026-05-28,26.74,0.8586,3.0,G3_junior,6.2,84.7,58.088,5.727,0.992,0.0598,0.06,1,SOLDER_VOID,test,reference
RUN-007350,WO-003675,P02,L04,MCH-024,PRD-078,2026-03-23,35.95,0.9558,2.8,G3_junior,4.6,84.7,51.231,2.986,0.995,0.0167,0.025,0,NONE,train,reference
RUN-010448,WO-005224,P01,L01,MCH-001,PRD-066,2026-07-01,35.91,0.905,1.8,G3_junior,7.6,88.6,54.238,9.347,0.702,0.0903,0.08,1,SCRATCH,test,reference
RUN-002505,WO-001253,P02,L04,MCH-019,PRD-003,2025-10-19,26.99,1.0979,18,G1_senior,4.8,95.9,49.588,2.973,0.988,0.0249,0.0125,0,DIMENSION,train,reference
RUN-004484,WO-002242,P02,L04,MCH-021,PRD-005,2025-12-22,36.26,0.9655,1.2,G3_junior,5.2,85.8,50.287,3.27,1.005,0.0557,0.04,0,SCRATCH,train,reference
RUN-005392,WO-002696,P02,L04,MCH-023,PRD-046,2026-01-20,33.68,0.8366,0.2,G3_junior,4.6,71.0,52.491,3.949,0.962,0.1349,0.09,1,SCRATCH,train,reference
RUN-003191,WO-001596,P01,L01,MCH-006,PRD-025,2025-11-11,29.39,1.0958,0.2,G3_junior,3.5,87.0,49.896,3.423,0.644,0.0676,0.04,0,MISSING_PART,train,reference
RUN-009042,WO-004521,P03,L05,MCH-025,PRD-008,2026-05-16,26.67,0.8823,2.8,G3_junior,3.4,84.5,47.022,3.557,1.068,0.0176,0.03,0,NONE,validation,reference
RUN-008405,WO-004203,P03,L06,MCH-035,PRD-035,2026-04-25,16.78,0.9525,2.0,G3_junior,4.3,84.7,60.325,6.499,0.84,0.033,0.025,0,MISSING_PART,validation,reference
RUN-005904,WO-002952,P02,L03,MCH-014,PRD-023,2026-02-05,19.6,1.1145,11.2,G1_senior,5.0,85.8,55.535,3.653,0.798,0.0558,0.024,0,DIMENSION,train,reference
RUN-010304,WO-005152,P02,L03,MCH-015,PRD-040,2026-06-26,10.48,0.9402,0.2,G3_junior,8.4,82.7,47.928,3.287,0.77,0.1621,0.125,1,MISSING_PART,test,reference
RUN-002428,WO-001214,P03,L06,MCH-031,PRD-037,2025-10-16,33.03,0.9098,0,G0_unknown,4.2,88.0,57.631,3.436,0.873,0.0438,0.04,0,SOLDER_VOID,train,reference
RUN-003844,WO-001922,P01,L01,MCH-005,PRD-077,2025-12-02,21.24,1.1682,1.2,G3_junior,1.7,96.1,53.676,3.234,0.985,0.0233,0.025,0,DIMENSION,train,reference
RUN-008407,WO-004204,P01,L01,MCH-005,PRD-020,2026-04-26,21.36,1.0867,11.2,G1_senior,7.8,84.7,50.083,2.815,0.654,0.0677,0.07,1,SOLDER_VOID,validation,reference
RUN-001149,WO-000575,P02,L04,MCH-021,PRD-051,2025-09-06,23.97,0.8487,1.4,G3_junior,6.9,96.1,48.665,2.773,1.091,0.0503,0.04,0,SCRATCH,train,reference
RUN-006970,WO-003485,P02,L04,MCH-023,PRD-023,2026-03-11,19.55,0.9768,2.0,G3_junior,5.0,85.8,51.377,3.006,0.728,0.0697,0.024,0,SURFACE_DENT,train,reference
RUN-001314,WO-000657,P02,L04,MCH-023,PRD-066,2025-09-11,27.37,0.8532,0,G0_unknown,7.6,88.6,49.683,3.287,1.044,0.0309,0.0625,1,DIMENSION,train,reference
RUN-002602,WO-001301,P02,L03,MCH-018,PRD-075,2025-10-22,25.63,0.9409,3.3,G2_mid,6.8,96.3,53.355,3.433,0.683,0.095,0.0625,1,SURFACE_DENT,train,reference
RUN-001747,WO-000874,P02,L03,MCH-013,PRD-077,2025-09-25,17.21,1.1459,11.8,G1_senior,1.7,96.1,51.327,3.153,0.971,0.0053,0.0,0,NONE,train,reference
RUN-005588,WO-002794,P03,L06,MCH-033,PRD-064,2026-01-26,22.47,1.1656,7.0,G2_mid,4.9,89.9,54.331,3.121,0.759,0.0242,0.04,0,CONTAMINATION,train,reference
RUN-008818,WO-004409,P01,L02,MCH-010,PRD-064,2026-05-09,13.51,1.0953,3.1,G2_mid,4.9,89.9,48.311,2.963,0.849,0,0.0125,0,NONE,validation,reference
RUN-006973,WO-003487,P02,L04,MCH-021,PRD-072,2026-03-11,24.64,1.012,1.7,G3_junior,4.1,84.7,49.534,5.819,0.865,0.0376,0.048,0,CONTAMINATION,train,reference
RUN-006487,WO-003244,P01,L02,MCH-010,PRD-069,2026-02-24,23.65,1.1178,11.2,G1_senior,10,88.6,52.148,3.533,0.624,0.0834,0.064,1,DIMENSION,train,reference
RUN-007928,WO-003964,P02,L03,MCH-014,PRD-058,2026-04-10,26.66,1.0817,1.2,G3_junior,8.8,71.4,50.415,3.218,0.968,0.1734,0.15,1,SCRATCH,validation,reference
RUN-011270,WO-005635,P01,L01,MCH-002,PRD-032,2026-07-28,19.97,0.9939,1.0,G3_junior,6.2,96.1,56.133,3.314,1.083,0.0084,0.04,0,SOLDER_VOID,test,reference
RUN-003752,WO-001876,P03,L05,MCH-029,PRD-044,2025-11-28,19.27,0.9534,2.8,G3_junior,4.1,88.0,52.364,2.975,0.97,0.0019,0.016,0,SOLDER_VOID,train,reference
RUN-004957,WO-002479,P02,L04,MCH-019,PRD-004,2026-01-06,14.69,1.1459,15.7,G1_senior,3.9,95.9,52.965,2.98,0.746,0.0091,0.025,0,DIMENSION,train,reference
RUN-001330,WO-000665,P01,L01,MCH-006,PRD-020,2025-09-12,28.96,1.1551,0.6,G3_junior,7.8,84.7,51.565,3.299,0.681,0.1185,0.1,1,CONTAMINATION,train,reference
RUN-009080,WO-004540,P02,L03,MCH-015,PRD-042,2026-05-18,19.17,0.8719,0.7,G3_junior,1.4,89.9,52.327,2.728,1.056,0.0308,0.02,0,SCRATCH,validation,reference
RUN-004136,WO-002068,P01,L01,MCH-004,PRD-050,2025-12-11,24.37,0.9639,1.4,G3_junior,5.5,88.6,55.193,2.988,1.099,0.0552,0.032,1,MISSING_PART,train,reference
RUN-004494,WO-002247,P03,L06,MCH-036,PRD-071,2025-12-22,25.48,0.8726,1.7,G3_junior,6.2,84.7,57.062,3.174,0.829,0.0409,0.065,1,SURFACE_DENT,train,reference
RUN-000443,WO-000222,P01,L01,MCH-002,PRD-008,2025-08-15,20.08,0.8236,1.6,G3_junior,3.4,84.5,52.902,3.644,0.972,0.0177,0.01,0,CONTAMINATION,train,reference
RUN-009659,WO-004830,P02,L03,MCH-016,PRD-073,2026-06-05,16.04,0.8393,18,G1_senior,3.4,87.4,52.025,3.731,0.737,0.045,0.025,0,SOLDER_VOID,test,reference
RUN-003248,WO-001624,P03,L05,MCH-030,PRD-043,2025-11-12,18.84,0.9589,3.4,G2_mid,4.2,84.5,52.732,3.303,1.098,0.0284,0.015,0,NONE,train,reference
RUN-009959,WO-004980,P03,L05,MCH-030,PRD-078,2026-06-15,24.71,1.1532,1.7,G3_junior,4.6,84.7,58.411,3.823,0.696,0.0432,0.04,0,SURFACE_DENT,test,reference
RUN-004256,WO-002128,P02,L04,MCH-021,PRD-032,2025-12-15,30.16,0.8447,3.0,G3_junior,6.2,96.1,51.133,2.922,1.07,0.0612,0.04,0,CONTAMINATION,train,reference
RUN-010664,WO-005332,P03,L06,MCH-032,PRD-024,2026-07-07,16.8,0.8745,6.5,G2_mid,7.6,85.8,53.367,3.359,0.94,0.0307,0.065,1,SCRATCH,test,reference
RUN-003233,WO-001617,P01,L02,MCH-010,PRD-008,2025-11-12,25.49,0.8965,6.5,G2_mid,3.4,84.5,53.582,3.458,0.792,0,0.02,0,SCRATCH,train,reference
RUN-001954,WO-000977,P03,L06,MCH-035,PRD-045,2025-10-01,21.12,1.0481,1.2,G3_junior,2.5,97.0,50.907,3.421,1.076,0.0268,0.025,0,SOLDER_VOID,train,reference
RUN-003764,WO-001882,P01,L02,MCH-011,PRD-022,2025-11-29,26.32,0.9859,0.2,G3_junior,4.3,85.8,48.965,2.976,0.999,0,0.03,0,SURFACE_DENT,train,reference
RUN-005675,WO-002838,P02,L03,MCH-013,PRD-070,2026-01-29,36.19,1.0829,0,G0_unknown,3.9,87.4,54.18,3.3,0.692,0.0293,0.04,0,CONTAMINATION,train,reference
RUN-008031,WO-004016,P01,L02,MCH-008,PRD-035,2026-04-14,30.77,0.9247,2.6,G3_junior,4.3,84.7,49.647,3.047,0.781,0.0281,0.04,0,SURFACE_DENT,validation,reference
RUN-001409,WO-000705,P02,L03,MCH-016,PRD-043,2025-09-15,23.17,0.9679,2.1,G3_junior,4.2,84.5,52.811,3.642,1.094,0.0294,0.025,0,SURFACE_DENT,train,reference
RUN-003839,WO-001920,P03,L06,MCH-033,PRD-071,2025-12-01,32.6,1.0812,1.0,G3_junior,6.2,84.7,54.046,3.497,0.905,0.1047,0.072,1,CONTAMINATION,train,reference
RUN-004238,WO-002119,P01,L01,MCH-002,PRD-037,2025-12-15,27.03,0.8835,1.0,G3_junior,4.2,88.0,54.591,3.351,0.745,0.0445,0.04,0,CONTAMINATION,train,reference
RUN-009583,WO-004792,P02,L03,MCH-013,PRD-077,2026-06-03,13.58,0.9168,1.0,G3_junior,1.7,96.1,48.985,2.942,0.743,0,0.0,0,NONE,test,reference
RUN-000370,WO-000185,P03,L06,MCH-036,PRD-013,2025-08-12,12.92,1.0508,15.7,G1_senior,4.9,95.9,55.864,3.858,0.898,0.0507,0.025,0,SOLDER_VOID,train,reference
RUN-005119,WO-002560,P03,L06,MCH-031,PRD-003,2026-01-11,38.38,1.1256,1.8,G3_junior,4.8,95.9,53.206,3.653,0.741,0.0264,0.032,0,MISSING_PART,train,reference
RUN-011212,WO-005606,P03,L06,MCH-033,PRD-035,2026-07-25,19.02,0.9468,1.0,G3_junior,4.3,84.7,51.727,3.173,0.851,0.0673,0.045,0,MISSING_PART,test,reference
RUN-008207,WO-004104,P01,L01,MCH-004,PRD-078,2026-04-20,20.64,1.2187,10.6,G1_senior,4.6,84.7,51.151,3.109,0.64,0.0583,0.04,0,DIMENSION,validation,reference
RUN-006095,WO-003048,P02,L04,MCH-024,PRD-002,2026-02-11,27.6,1.0872,10.6,G1_senior,5.3,88.0,47.208,2.861,0.773,0.0648,0.045,0,SURFACE_DENT,train,reference
RUN-007176,WO-003588,P01,L01,MCH-006,PRD-051,2026-03-18,39.31,1.2208,1.6,G3_junior,6.9,96.1,50.954,3.374,1.043,0.0231,0.05,0,CONTAMINATION,train,reference
RUN-001603,WO-000802,P03,L06,MCH-034,PRD-064,2025-09-20,22.17,1.105,14.6,G1_senior,4.9,89.9,46.171,2.689,0.739,0.0061,0.03,0,SCRATCH,train,reference
RUN-007459,WO-003730,P02,L04,MCH-024,PRD-006,2026-03-26,18.22,0.8646,4.7,G2_mid,7.3,92.1,50.083,2.945,0.763,0.0605,0.0625,1,NONE,validation,reference
RUN-001938,WO-000969,P02,L03,MCH-014,PRD-063,2025-10-01,31.53,0.8274,18,G1_senior,5.7,84.5,70.444,8.013,1.093,0.0243,0.02,0,SURFACE_DENT,train,reference
RUN-006801,WO-003401,P03,L06,MCH-033,PRD-035,2026-03-05,22.39,0.893,1.3,G3_junior,4.3,84.7,68.864,8.417,0.873,0.0651,0.05,0,SOLDER_VOID,train,reference
RUN-003881,WO-001941,P01,L01,MCH-002,PRD-059,2025-12-03,28.16,1.1062,0.5,G3_junior,5.9,88.6,53.126,3.383,0.87,0.0595,0.055,1,SOLDER_VOID,train,reference
RUN-004635,WO-002318,P03,L05,MCH-025,PRD-070,2025-12-26,14.54,0.9059,6.1,G2_mid,3.9,87.4,55.488,3.215,0.999,0.0631,0.02,0,SOLDER_VOID,train,reference
RUN-000699,WO-000350,P01,L02,MCH-010,PRD-063,2025-08-23,23.93,1.0792,0.2,G3_junior,5.7,84.5,48.284,2.752,0.707,0.0892,0.072,1,SCRATCH,train,reference
RUN-010227,WO-005114,P01,L02,MCH-009,PRD-053,2026-06-24,14.01,0.8398,7.6,G2_mid,5.6,88.0,50.68,3.327,1.043,0.0329,0.04,0,SCRATCH,test,reference
RUN-006969,WO-003485,P02,L04,MCH-021,PRD-023,2026-03-11,13.18,0.9234,2.8,G3_junior,5.0,85.8,49.534,5.819,0.904,0.0602,0.05,0,SCRATCH,train,reference
RUN-009594,WO-004797,P02,L04,MCH-024,PRD-006,2026-06-03,36.25,0.8788,7.6,G2_mid,7.3,92.1,47.628,3.16,0.693,0.0521,0.055,1,SCRATCH,test,reference
RUN-004865,WO-002433,P01,L01,MCH-006,PRD-016,2026-01-03,19.58,1.178,1.7,G3_junior,4.3,85.8,46.956,3.585,0.666,0.0222,0.04,0,SURFACE_DENT,train,reference
RUN-007190,WO-003595,P02,L03,MCH-018,PRD-019,2026-03-18,30.07,1.0245,2.0,G3_junior,7.2,71.7,50.068,3.279,1.079,0.1057,0.104,1,SCRATCH,train,reference
RUN-009593,WO-004797,P02,L04,MCH-021,PRD-006,2026-06-03,34.6,1.0784,14.6,G1_senior,7.3,92.1,51.079,2.888,0.853,0.0189,0.04,0,DIMENSION,test,reference
RUN-006908,WO-003454,P03,L05,MCH-030,PRD-062,2026-03-09,18.9,1.0258,1.6,G3_junior,6.8,71.4,54.393,2.999,0.649,0.1301,0.1125,1,CONTAMINATION,train,reference
RUN-001614,WO-000807,P02,L03,MCH-013,PRD-037,2025-09-21,31.89,0.9692,4.8,G2_mid,4.2,88.0,48.88,2.948,0.831,0.0354,0.03,0,SCRATCH,train,reference
RUN-007705,WO-003853,P02,L03,MCH-017,PRD-012,2026-04-03,23.35,0.8959,2.8,G3_junior,2.1,92.1,54.515,3.468,0.814,0.0188,0.02,0,SURFACE_DENT,validation,reference
RUN-004272,WO-002136,P03,L06,MCH-034,PRD-069,2025-12-15,35.1,0.9252,0,G0_unknown,10,88.6,48.22,2.776,1.089,0.1208,0.1375,1,MISSING_PART,train,reference
RUN-004314,WO-002157,P01,L01,MCH-002,PRD-032,2025-12-17,21.38,1.0069,3.0,G3_junior,6.2,96.1,52.264,5.999,0.672,0.0192,0.03,0,SURFACE_DENT,train,reference
RUN-007738,WO-003869,P03,L05,MCH-025,PRD-025,2026-04-04,36.32,1.1843,8.9,G1_senior,3.5,87.0,51.55,3.183,0.973,0,0.025,0,SURFACE_DENT,validation,reference
RUN-009894,WO-004947,P02,L04,MCH-022,PRD-036,2026-06-12,24.95,0.967,3.2,G2_mid,4.1,87.0,51.78,3.492,0.659,0.0584,0.024,0,DIMENSION,test,reference
RUN-007528,WO-003764,P03,L05,MCH-025,PRD-080,2026-03-28,30.88,1.0457,7.6,G2_mid,5.2,84.5,46.958,3.55,0.843,0.0491,0.06,1,DIMENSION,validation,reference
RUN-010433,WO-005217,P02,L04,MCH-024,PRD-003,2026-06-30,30.93,1.178,2.9,G3_junior,4.8,95.9,49.4,2.74,0.648,0.0531,0.03,0,SURFACE_DENT,test,reference
RUN-001080,WO-000540,P02,L03,MCH-018,PRD-017,2025-09-04,25.4,0.8256,0.7,G3_junior,4.3,96.3,53.132,4.674,0.696,0,0.02,0,SURFACE_DENT,train,reference
RUN-006489,WO-003245,P02,L03,MCH-015,PRD-022,2026-02-24,29.82,1.0654,3.0,G3_junior,4.3,85.8,54.715,2.869,1.013,0.0629,0.02,0,CONTAMINATION,train,reference
RUN-010678,WO-005339,P01,L02,MCH-011,PRD-063,2026-07-08,34.14,1.0665,7.1,G2_mid,5.7,84.5,53.716,3.646,0.922,0.0268,0.04,0,SURFACE_DENT,test,reference
RUN-007083,WO-003542,P01,L01,MCH-004,PRD-072,2026-03-15,21.69,1.1344,11.5,G1_senior,4.1,84.7,47.95,2.878,1.053,0.0732,0.024,0,NONE,train,reference
RUN-007332,WO-003666,P01,L01,MCH-004,PRD-080,2026-03-23,12.74,1.1144,1.0,G3_junior,5.2,84.5,53.027,3.009,1.096,0.0559,0.05,0,DIMENSION,train,reference
RUN-006311,WO-003156,P01,L02,MCH-010,PRD-052,2026-02-18,31.06,0.8251,6.5,G2_mid,7.2,82.7,52.52,3.644,0.87,0.0852,0.08,1,CONTAMINATION,train,reference
RUN-004392,WO-002196,P01,L02,MCH-007,PRD-061,2025-12-19,18.74,0.8361,2.3,G3_junior,4.8,76.8,53.229,3.693,0.759,0.0186,0.05,0,SCRATCH,train,reference
RUN-009631,WO-004816,P03,L05,MCH-029,PRD-009,2026-06-04,19.38,1.1195,1.0,G3_junior,5.0,76.8,52.151,3.327,0.904,0.0738,0.06,1,MISSING_PART,test,reference
RUN-010470,WO-005235,P02,L04,MCH-019,PRD-001,2026-07-01,35.47,1.1224,0.2,G3_junior,8.2,89.9,53.1,3.232,0.932,0.0735,0.1,1,MISSING_PART,test,reference
RUN-005146,WO-002573,P02,L04,MCH-023,PRD-024,2026-01-12,36.47,1.0851,7.2,G2_mid,7.6,85.8,48.856,3.282,1.085,0.1012,0.072,1,SOLDER_VOID,train,reference
RUN-002728,WO-001364,P03,L05,MCH-028,PRD-054,2025-10-26,25.05,0.9157,18,G1_senior,6.3,71.4,50.693,3.49,0.707,0.0567,0.04,0,SURFACE_DENT,train,reference
RUN-000234,WO-000117,P02,L04,MCH-021,PRD-067,2025-08-08,30.09,1.005,0.5,G3_junior,4.5,71.0,49.993,2.803,0.96,0.0912,0.06,1,DIMENSION,train,reference
RUN-005604,WO-002802,P02,L03,MCH-015,PRD-017,2026-01-27,22.63,1.0524,0.2,G3_junior,4.3,96.3,49.879,3.013,0.96,0.0139,0.03,0,SURFACE_DENT,train,reference
RUN-008032,WO-004016,P01,L02,MCH-010,PRD-035,2026-04-14,24.5,1.0057,2.6,G3_junior,4.3,84.7,50.601,5.556,0.723,0.0495,0.04,0,SURFACE_DENT,validation,reference
RUN-004285,WO-002143,P02,L03,MCH-017,PRD-073,2025-12-16,36.28,1.126,2.8,G3_junior,3.4,87.4,52.938,3.12,0.789,0.0215,0.01,0,MISSING_PART,train,reference
RUN-010883,WO-005442,P01,L01,MCH-002,PRD-072,2026-07-15,23.46,1.1228,5.7,G2_mid,4.1,84.7,54.671,3.106,0.877,0.024,0.015,0,DIMENSION,test,reference
RUN-004147,WO-002074,P02,L03,MCH-017,PRD-003,2025-12-11,29.62,0.8636,11.2,G1_senior,4.8,95.9,68.281,7.697,0.966,0,0.0,0,NONE,train,reference
RUN-008965,WO-004483,P02,L03,MCH-017,PRD-050,2026-05-14,17.95,1.1204,3.4,G2_mid,5.5,88.6,51.894,3.266,0.799,0.0832,0.06,1,SOLDER_VOID,validation,reference
RUN-001698,WO-000849,P03,L06,MCH-031,PRD-024,2025-09-23,35.87,1.2022,3.4,G2_mid,7.6,85.8,56.342,3.412,0.992,0.1209,0.125,1,SOLDER_VOID,train,reference
RUN-001716,WO-000858,P02,L03,MCH-015,PRD-073,2025-09-24,21.29,1.0987,3.3,G2_mid,3.4,87.4,53.97,3.453,1.095,0.0315,0.02,0,SOLDER_VOID,train,reference
RUN-006830,WO-003415,P03,L05,MCH-030,PRD-013,2026-03-06,33.5,1.0542,4.6,G2_mid,4.9,95.9,50.755,2.829,0.907,0.0688,0.032,0,DIMENSION,train,reference
RUN-000990,WO-000495,P03,L06,MCH-033,PRD-048,2025-09-01,24.11,0.8335,3.4,G2_mid,4.6,96.1,56.169,3.04,0.709,0.0532,0.008,0,CONTAMINATION,train,reference
RUN-004092,WO-002046,P03,L06,MCH-033,PRD-043,2025-12-09,14.56,0.8442,2.0,G3_junior,4.2,84.5,54.041,4.08,0.856,0.0345,0.04,0,DIMENSION,train,reference
RUN-009882,WO-004941,P01,L02,MCH-012,PRD-037,2026-06-12,24.82,0.9971,1.2,G3_junior,4.2,88.0,54.205,3.649,0.886,0.0203,0.025,0,SURFACE_DENT,test,reference
RUN-009703,WO-004852,P03,L06,MCH-033,PRD-035,2026-06-06,18.77,0.8563,2.8,G3_junior,4.3,84.7,52.024,3.437,0.849,0.0883,0.0375,0,SURFACE_DENT,test,reference
RUN-003559,WO-001780,P02,L03,MCH-016,PRD-012,2025-11-22,23.82,0.9248,2.7,G3_junior,2.1,92.1,48.794,2.932,0.766,0.0741,0.0,0,NONE,train,reference
RUN-004514,WO-002257,P02,L03,MCH-017,PRD-040,2025-12-23,41.83,0.859,0.6,G3_junior,8.4,82.7,54.363,3.484,1.095,0.1289,0.12,1,DIMENSION,train,reference
RUN-009946,WO-004973,P02,L03,MCH-017,PRD-050,2026-06-15,12.78,0.8251,2.0,G3_junior,5.5,88.6,52.205,3.514,0.838,0.0658,0.04,0,CONTAMINATION,test,reference
RUN-006586,WO-003293,P01,L01,MCH-002,PRD-013,2026-02-27,27.87,1.1496,1.0,G3_junior,4.9,95.9,56.372,3.445,0.96,0.0697,0.06,1,SCRATCH,train,reference
RUN-011225,WO-005613,P03,L05,MCH-029,PRD-064,2026-07-26,30.15,1.1029,12.8,G1_senior,4.9,89.9,48.674,2.899,0.88,0.031,0.02,0,SURFACE_DENT,test,reference
RUN-005803,WO-002902,P02,L04,MCH-024,PRD-010,2026-02-02,25.7,1.0956,2.9,G3_junior,6.9,97.0,50.457,2.979,0.631,0.0009,0.025,0,MISSING_PART,train,reference
RUN-000673,WO-000337,P01,L02,MCH-012,PRD-024,2025-08-22,21.67,1.1474,10.6,G1_senior,7.6,85.8,54.683,3.582,0.71,0.063,0.08,1,SOLDER_VOID,train,reference
RUN-008979,WO-004490,P03,L05,MCH-028,PRD-054,2026-05-14,21.91,1.1521,2.9,G3_junior,6.3,71.4,55.718,3.418,0.862,0.1017,0.1,1,MISSING_PART,validation,reference
RUN-008308,WO-004154,P03,L05,MCH-025,PRD-054,2026-04-22,29.9,1.0438,3.3,G2_mid,6.3,71.4,52.584,3.176,1.003,0.1234,0.12,1,SOLDER_VOID,validation,reference
RUN-004773,WO-002387,P02,L03,MCH-018,PRD-071,2025-12-31,19.53,1.1444,0,G0_unknown,6.2,84.7,50.286,6.972,0.694,0.0534,0.06,1,SURFACE_DENT,train,reference
RUN-002419,WO-001210,P03,L05,MCH-028,PRD-025,2025-10-16,25.12,1.1564,6.1,G2_mid,3.5,87.0,53.713,3.225,0.949,0.0892,0.04,0,MISSING_PART,train,reference
RUN-009645,WO-004823,P01,L01,MCH-003,PRD-028,2026-06-05,25.62,0.9413,0.2,G3_junior,6.4,97.0,51.768,3.248,0.756,0.0231,0.04,0,SURFACE_DENT,test,reference
RUN-006295,WO-003148,P03,L06,MCH-033,PRD-009,2026-02-17,20.98,0.9865,2.3,G3_junior,5.0,76.8,53.363,3.957,0.813,0,0.056,1,MISSING_PART,train,reference
RUN-001479,WO-000740,P01,L02,MCH-011,PRD-024,2025-09-17,28.98,1.0362,1.8,G3_junior,7.6,85.8,52.025,3.315,0.801,0.0788,0.08,1,SURFACE_DENT,train,reference
RUN-004045,WO-002023,P02,L04,MCH-023,PRD-077,2025-12-08,20.2,1.1436,11.8,G1_senior,1.7,96.1,48.775,3.045,1.067,0.0322,0.0,0,NONE,train,reference
RUN-007805,WO-003903,P01,L01,MCH-004,PRD-061,2026-04-07,14.65,1.0664,0.5,G3_junior,4.8,76.8,53.022,2.997,0.843,0.0591,0.08,1,MISSING_PART,validation,reference
RUN-003890,WO-001945,P02,L03,MCH-013,PRD-048,2025-12-03,20.86,1.0898,15.7,G1_senior,4.6,96.1,62.1,9.544,0.935,0.0054,0.0,0,NONE,train,reference
RUN-002531,WO-001266,P02,L03,MCH-016,PRD-003,2025-10-20,22.04,0.8851,1.0,G3_junior,4.8,95.9,51.223,3.4,1.013,0.0669,0.04,0,SURFACE_DENT,train,reference
RUN-007193,WO-003597,P02,L04,MCH-020,PRD-059,2026-03-18,24.17,1.1789,2.7,G3_junior,5.9,88.6,50.495,2.814,0.785,0.0294,0.0625,1,MISSING_PART,train,reference
RUN-004520,WO-002260,P02,L04,MCH-022,PRD-001,2025-12-23,38.06,0.9765,4.6,G2_mid,8.2,89.9,49.844,2.63,0.76,0.0566,0.08,1,SOLDER_VOID,train,reference
RUN-006548,WO-003274,P03,L06,MCH-033,PRD-066,2026-02-25,13.9,1.1285,0.2,G3_junior,7.6,88.6,51.785,2.969,0.943,0.0977,0.08,1,SOLDER_VOID,train,reference
RUN-008576,WO-004288,P01,L02,MCH-012,PRD-012,2026-05-01,30.69,1.176,2.8,G3_junior,2.1,92.1,53.332,3.808,0.91,0,0.0,0,NONE,validation,reference
RUN-000269,WO-000135,P03,L05,MCH-027,PRD-012,2025-08-09,21.39,1.0534,3.0,G3_junior,2.1,92.1,49.801,3.016,0.808,0.0266,0.0,0,NONE,train,reference
RUN-004232,WO-002116,P02,L04,MCH-024,PRD-059,2025-12-14,19.63,0.8836,7.6,G2_mid,5.9,88.6,44.8,2.745,0.973,0.0004,0.03,0,DIMENSION,train,reference
RUN-005468,WO-002734,P02,L04,MCH-019,PRD-039,2026-01-22,33.38,1.0088,14.6,G1_senior,5.6,96.1,51.226,3.306,0.958,0.0166,0.02,0,SCRATCH,train,reference
RUN-005543,WO-002772,P02,L03,MCH-013,PRD-027,2026-01-25,33.12,0.8721,11.8,G1_senior,7.1,89.9,48.207,3.285,0.923,0.0198,0.04,0,SOLDER_VOID,train,reference
RUN-000481,WO-000241,P01,L02,MCH-008,PRD-007,2025-08-16,15.78,1.0415,0,G0_unknown,3.9,88.0,45.281,3.65,0.667,0.0347,0.0125,0,SOLDER_VOID,train,reference
RUN-004198,WO-002099,P03,L05,MCH-028,PRD-055,2025-12-12,13.15,0.9498,3.4,G2_mid,4.8,87.4,55.37,3.519,1.098,0.0022,0.0375,0,MISSING_PART,train,reference
RUN-003771,WO-001886,P02,L04,MCH-021,PRD-010,2025-11-29,32.26,0.9606,8.2,G1_senior,6.9,97.0,47.173,2.828,0.966,0.0573,0.04,0,MISSING_PART,train,reference
RUN-009660,WO-004830,P02,L03,MCH-014,PRD-073,2026-06-05,18.32,1.0853,1.3,G3_junior,3.4,87.4,54.704,3.39,0.838,0.0038,0.01,0,DIMENSION,test,reference
RUN-008507,WO-004254,P02,L03,MCH-014,PRD-022,2026-04-29,22.96,0.9122,2.8,G3_junior,4.3,85.8,53.021,3.343,0.659,0.0649,0.06,1,CONTAMINATION,validation,reference
RUN-000237,WO-000119,P02,L04,MCH-024,PRD-067,2025-08-08,21.18,1.0831,2.0,G3_junior,4.5,71.0,51.549,2.736,0.977,0.0798,0.088,1,CONTAMINATION,train,reference
RUN-001435,WO-000718,P01,L01,MCH-004,PRD-072,2025-09-16,25.5,0.9995,2.7,G3_junior,4.1,84.7,50.987,3.011,0.953,0.0494,0.048,0,DIMENSION,train,reference
RUN-000274,WO-000137,P03,L06,MCH-035,PRD-078,2025-08-09,19.68,0.9746,4.6,G2_mid,4.6,84.7,50.493,3.146,1.075,0.064,0.048,0,CONTAMINATION,train,reference
RUN-002430,WO-001215,P03,L06,MCH-033,PRD-037,2025-10-16,29.5,0.8949,2.9,G3_junior,4.2,88.0,56.098,5.056,1.028,0.0551,0.025,0,SURFACE_DENT,train,reference
RUN-009033,WO-004517,P02,L03,MCH-015,PRD-063,2026-05-16,22.79,0.8586,2.0,G3_junior,5.7,84.5,46.119,2.954,0.672,0.0712,0.075,1,SCRATCH,validation,reference
RUN-003034,WO-001517,P02,L04,MCH-020,PRD-029,2025-11-05,18.29,0.8871,2.8,G3_junior,6.6,87.0,52.854,3.365,0.817,0.0466,0.0625,1,SOLDER_VOID,train,reference
RUN-002009,WO-001005,P02,L03,MCH-013,PRD-023,2025-10-03,12.69,1.0681,0.2,G3_junior,5.0,85.8,52.247,2.816,0.813,0.0479,0.0625,1,SCRATCH,train,reference
RUN-008472,WO-004236,P02,L03,MCH-013,PRD-015,2026-04-28,19.43,1.0566,7.1,G2_mid,8.8,92.1,54.806,3.17,0.666,0.0588,0.07,1,MISSING_PART,validation,reference
RUN-010663,WO-005332,P03,L06,MCH-036,PRD-024,2026-07-07,15.91,0.9949,5.8,G2_mid,7.6,85.8,53.697,2.925,1.067,0.1129,0.1,1,CONTAMINATION,test,reference
RUN-000478,WO-000239,P03,L06,MCH-033,PRD-074,2025-08-15,33.24,1.0687,2.8,G3_junior,6.4,95.9,55.216,3.516,0.833,0.091,0.04,0,SOLDER_VOID,train,reference
RUN-003202,WO-001601,P02,L03,MCH-014,PRD-069,2025-11-11,29.45,0.8248,1.7,G3_junior,10,88.6,53.006,3.091,0.631,0.0652,0.12,1,SURFACE_DENT,train,reference
RUN-004089,WO-002045,P03,L05,MCH-027,PRD-020,2025-12-09,26.24,1.0096,0.2,G3_junior,7.8,84.7,53.269,2.964,0.84,0.0873,0.088,1,SCRATCH,train,reference
RUN-010284,WO-005142,P03,L06,MCH-035,PRD-006,2026-06-25,30.44,1.0549,1.8,G3_junior,7.3,92.1,51.568,3.104,0.99,0.0664,0.05,0,NONE,test,reference
RUN-000992,WO-000496,P03,L06,MCH-032,PRD-070,2025-09-01,27.45,0.9524,1.0,G3_junior,3.9,87.4,52.959,3.437,0.622,0.0436,0.05,0,DIMENSION,train,reference
RUN-001265,WO-000633,P01,L02,MCH-011,PRD-004,2025-09-10,21.26,0.9616,2.8,G3_junior,3.9,95.9,51.007,3.056,0.714,0.0177,0.0125,0,SURFACE_DENT,train,reference
RUN-000880,WO-000440,P01,L01,MCH-006,PRD-027,2025-08-29,32.69,1.0064,11.2,G1_senior,7.1,89.9,53.504,3.729,0.686,0,0.016,0,CONTAMINATION,train,reference
RUN-006714,WO-003357,P02,L04,MCH-022,PRD-002,2026-03-03,25.42,0.8845,5.8,G2_mid,5.3,88.0,50.031,2.922,0.905,0.0825,0.05,0,SCRATCH,train,reference
RUN-010071,WO-005036,P03,L06,MCH-031,PRD-042,2026-06-18,28.34,1.0389,0.6,G3_junior,1.4,89.9,53.334,3.263,0.837,0.037,0.035,0,CONTAMINATION,test,reference
RUN-005928,WO-002964,P01,L01,MCH-004,PRD-008,2026-02-06,9.41,1.105,4.7,G2_mid,3.4,84.5,53.726,3.08,0.794,0.0069,0.016,0,NONE,train,reference
RUN-009313,WO-004657,P03,L06,MCH-036,PRD-022,2026-05-25,39.03,0.9154,12.8,G1_senior,4.3,85.8,55.26,3.383,0.662,0.0124,0.0,0,NONE,test,reference
RUN-004230,WO-002115,P02,L03,MCH-017,PRD-040,2025-12-14,37.52,1.0674,2.8,G3_junior,8.4,82.7,50.701,2.851,0.956,0.1331,0.1,1,SOLDER_VOID,train,reference
RUN-006582,WO-003291,P03,L06,MCH-034,PRD-024,2026-02-26,28.68,1.0354,1.0,G3_junior,7.6,85.8,52.906,2.829,0.98,0.1132,0.1,1,DIMENSION,train,reference
RUN-005064,WO-002532,P02,L04,MCH-021,PRD-062,2026-01-09,31.3,0.9082,14.6,G1_senior,6.8,71.4,47.827,3.239,0.879,0.05,0.048,0,MISSING_PART,train,reference
RUN-002341,WO-001171,P02,L04,MCH-022,PRD-001,2025-10-14,36.4,0.9195,4.6,G2_mid,8.2,89.9,49.15,3.102,0.836,0.098,0.095,1,DIMENSION,train,reference
RUN-008868,WO-004434,P02,L04,MCH-022,PRD-062,2026-05-11,27.74,1.0742,4.7,G2_mid,6.8,71.4,48.565,2.832,0.869,0.0725,0.09,1,CONTAMINATION,validation,reference
RUN-000520,WO-000260,P01,L01,MCH-002,PRD-079,2025-08-18,17.63,0.9812,2.8,G3_junior,3.3,71.4,52.469,3.633,0.808,0.0756,0.07,1,SURFACE_DENT,train,reference
RUN-010545,WO-005273,P03,L05,MCH-026,PRD-064,2026-07-03,24.64,1.0942,10.6,G1_senior,4.9,89.9,53.677,3.627,0.898,0.0091,0.0,0,NONE,test,reference
RUN-000171,WO-000086,P03,L05,MCH-029,PRD-064,2025-08-06,21.06,1.1216,8.9,G1_senior,4.9,89.9,54.284,2.969,0.797,0.0117,0.03,0,NONE,train,reference
RUN-000430,WO-000215,P02,L04,MCH-020,PRD-024,2025-08-14,20.6,1.139,0.2,G3_junior,7.6,85.8,48.582,2.875,0.822,0.0852,0.08,1,DIMENSION,train,reference
RUN-005158,WO-002579,P03,L06,MCH-035,PRD-073,2026-01-12,25.04,1.0913,3.4,G2_mid,3.4,87.4,54.509,2.953,0.792,0.029,0.02,0,NONE,train,reference
RUN-002279,WO-001140,P03,L05,MCH-026,PRD-015,2025-10-12,27.12,0.9353,1.2,G3_junior,8.8,92.1,51.539,3.641,1.02,0.1058,0.1,1,CONTAMINATION,train,reference
RUN-009233,WO-004617,P03,L05,MCH-025,PRD-022,2026-05-22,30.81,1.1641,2.7,G3_junior,4.3,85.8,54.101,3.71,0.763,0.0777,0.04,0,DIMENSION,test,reference
RUN-005503,WO-002752,P02,L04,MCH-022,PRD-001,2026-01-23,38.67,1.1106,0.2,G3_junior,8.2,89.9,50.657,3.459,0.828,0.0752,0.075,1,SCRATCH,train,reference
RUN-000726,WO-000363,P02,L03,MCH-013,PRD-023,2025-08-24,18.71,0.8647,0.7,G3_junior,5.0,85.8,49.758,3.128,0.832,0.0851,0.04,0,MISSING_PART,train,reference
RUN-004206,WO-002103,P01,L01,MCH-002,PRD-001,2025-12-13,30.81,0.886,2.8,G3_junior,8.2,89.9,50.238,2.922,0.732,0.0565,0.07,1,MISSING_PART,train,reference
RUN-009256,WO-004628,P02,L04,MCH-022,PRD-066,2026-05-23,28.57,0.822,4.8,G2_mid,7.6,88.6,47.002,2.916,0.826,0.0667,0.075,1,SOLDER_VOID,test,reference
RUN-005369,WO-002685,P03,L06,MCH-032,PRD-013,2026-01-19,33.12,1.023,11.8,G1_senior,4.9,95.9,51.371,2.863,0.652,0.0411,0.02,0,CONTAMINATION,train,reference
RUN-004683,WO-002342,P03,L06,MCH-031,PRD-017,2025-12-28,20.79,1.0294,4.7,G2_mid,4.3,96.3,52.466,3.517,0.797,0,0.0,0,NONE,train,reference
RUN-000359,WO-000180,P03,L05,MCH-025,PRD-015,2025-08-12,48.22,1.0199,0.2,G3_junior,8.8,92.1,55.144,3.583,0.773,0.0315,0.0875,1,SURFACE_DENT,train,reference
RUN-004566,WO-002283,P03,L06,MCH-035,PRD-022,2025-12-24,27.23,0.8359,2.7,G3_junior,4.3,85.8,53.677,2.975,0.953,0,0.04,0,DIMENSION,train,reference
RUN-010795,WO-005398,P01,L02,MCH-007,PRD-024,2026-07-12,21.58,1.0286,2.9,G3_junior,7.6,85.8,48.026,2.817,1.045,0.1007,0.08,1,MISSING_PART,test,reference
RUN-002972,WO-001486,P03,L06,MCH-034,PRD-056,2025-11-03,35.35,1.0014,0,G0_unknown,4.3,97.0,50.135,2.718,0.803,0.0677,0.032,0,SURFACE_DENT,train,reference
RUN-004010,WO-002005,P02,L03,MCH-015,PRD-058,2025-12-07,24.67,0.9079,2.3,G3_junior,8.8,71.4,50.191,2.961,0.803,0.1474,0.14,1,SCRATCH,train,reference
RUN-008376,WO-004188,P03,L05,MCH-027,PRD-073,2026-04-24,20.99,1.1173,5.7,G2_mid,3.4,87.4,52.549,3.248,0.865,0.0212,0.04,0,DIMENSION,validation,reference
RUN-004783,WO-002392,P03,L05,MCH-029,PRD-062,2025-12-31,38.6,1.1876,2.8,G3_junior,6.8,71.4,51.222,3.297,0.752,0.0958,0.1,1,MISSING_PART,train,reference
RUN-001270,WO-000635,P02,L03,MCH-013,PRD-048,2025-09-10,23.5,1.1604,11.5,G1_senior,4.6,96.1,49.514,3.929,0.925,0.0413,0.02,0,DIMENSION,train,reference
RUN-000268,WO-000134,P02,L04,MCH-019,PRD-005,2025-08-09,37.54,1.1115,2.3,G3_junior,5.2,85.8,48.156,8.127,0.72,0.0578,0.05,0,CONTAMINATION,train,reference
RUN-007752,WO-003876,P01,L02,MCH-011,PRD-020,2026-04-05,22.6,0.9374,1.8,G3_junior,7.8,84.7,47.434,3.108,1.04,0.054,0.072,1,DIMENSION,validation,reference
RUN-004639,WO-002320,P03,L06,MCH-033,PRD-043,2025-12-26,22.24,0.9679,3.2,G2_mid,4.2,84.5,53.866,3.296,0.633,0.0239,0.04,0,NONE,train,reference
RUN-001562,WO-000781,P02,L04,MCH-023,PRD-062,2025-09-19,28.09,1.1299,11.2,G1_senior,6.8,71.4,46.546,2.704,0.727,0.0437,0.072,1,SCRATCH,train,reference
RUN-007505,WO-003753,P03,L06,MCH-031,PRD-016,2026-03-27,36.46,1.124,1.0,G3_junior,4.3,85.8,53.873,3.234,0.967,0.0437,0.025,0,DIMENSION,validation,reference
RUN-008081,WO-004041,P03,L05,MCH-026,PRD-054,2026-04-15,37.75,1.076,0.6,G3_junior,6.3,71.4,54.758,3.423,1.052,0.1181,0.1125,1,MISSING_PART,validation,reference
RUN-010119,WO-005060,P02,L03,MCH-017,PRD-002,2026-06-20,25.2,0.9199,0.6,G3_junior,5.3,88.0,49.875,2.88,0.92,0.0425,0.06,1,SURFACE_DENT,test,reference
RUN-010445,WO-005223,P03,L06,MCH-031,PRD-015,2026-06-30,27.51,1.1632,1.3,G3_junior,8.8,92.1,58.249,3.789,0.752,0.1032,0.096,1,SOLDER_VOID,test,reference
RUN-003512,WO-001756,P01,L01,MCH-001,PRD-020,2025-11-21,36.43,1.1541,11.2,G1_senior,7.8,84.7,54.452,3.228,1.091,0.0984,0.056,1,DIMENSION,train,reference
RUN-002967,WO-001484,P03,L05,MCH-025,PRD-025,2025-11-03,18.02,1.1756,2.8,G3_junior,3.5,87.0,53.221,3.461,0.78,0.0666,0.024,0,SURFACE_DENT,train,reference
RUN-000595,WO-000298,P01,L01,MCH-001,PRD-020,2025-08-20,27.33,1.1705,3.2,G2_mid,7.8,84.7,51.822,3.309,0.764,0.0646,0.09,1,SOLDER_VOID,train,reference
RUN-007769,WO-003885,P01,L01,MCH-006,PRD-029,2026-04-06,23.12,1.0238,0.2,G3_junior,6.6,87.0,51.299,7.847,0.829,0.046,0.08,1,NONE,validation,reference
RUN-001399,WO-000700,P01,L01,MCH-004,PRD-031,2025-09-15,24.03,1.0552,11.2,G1_senior,7.0,95.9,52.591,2.971,0.831,0.0272,0.0125,0,SCRATCH,train,reference
RUN-009942,WO-004971,P01,L02,MCH-007,PRD-024,2026-06-15,34.04,1.1112,6.1,G2_mid,7.6,85.8,53.772,3.377,1.03,0.0639,0.07,1,MISSING_PART,test,reference
RUN-009922,WO-004961,P01,L01,MCH-004,PRD-064,2026-06-14,33.84,0.9159,1.6,G3_junior,4.9,89.9,70.906,8.051,0.865,0.0279,0.035,0,CONTAMINATION,test,reference
RUN-001868,WO-000934,P02,L03,MCH-016,PRD-053,2025-09-29,28.05,0.9715,2.8,G3_junior,5.6,88.0,51.029,3.621,1.063,0.0345,0.04,0,SURFACE_DENT,train,reference
RUN-004468,WO-002234,P01,L01,MCH-002,PRD-047,2025-12-22,34.93,1.0138,1.7,G3_junior,6.4,95.9,52.292,3.182,0.825,0.0147,0.0375,0,DIMENSION,train,reference
RUN-003821,WO-001911,P02,L03,MCH-017,PRD-027,2025-12-01,21.33,1.1457,0.7,G3_junior,7.1,89.9,51.898,3.135,0.65,0.0696,0.085,1,NONE,train,reference
RUN-008292,WO-004146,P02,L03,MCH-015,PRD-044,2026-04-22,21.4,1.1166,2.8,G3_junior,4.1,88.0,51.021,3.83,0.833,0.0367,0.0375,0,SOLDER_VOID,validation,reference
RUN-007378,WO-003689,P02,L03,MCH-013,PRD-037,2026-03-24,28.52,1.0862,1.3,G3_junior,4.2,88.0,50.836,2.855,0.842,0.0363,0.05,0,SCRATCH,train,reference
RUN-007888,WO-003944,P02,L03,MCH-013,PRD-040,2026-04-09,18.5,1.0084,2.1,G3_junior,8.4,82.7,52.446,3.295,0.657,0.1479,0.12,1,SCRATCH,validation,reference
RUN-010101,WO-005051,P03,L05,MCH-029,PRD-079,2026-06-19,21.79,0.8971,3.2,G2_mid,3.3,71.4,52.173,3.064,0.894,0.0464,0.06,1,DIMENSION,test,reference
RUN-001745,WO-000873,P01,L02,MCH-011,PRD-024,2025-09-25,20.91,0.9275,0.8,G3_junior,7.6,85.8,52.888,3.002,0.904,0.0551,0.07,1,DIMENSION,train,reference
RUN-007699,WO-003850,P01,L02,MCH-007,PRD-048,2026-04-03,25.24,1.1529,18,G1_senior,4.6,96.1,54.431,3.67,0.87,0.0073,0.0125,0,SCRATCH,validation,reference
RUN-003774,WO-001887,P02,L04,MCH-023,PRD-010,2025-11-29,29.5,1.1291,0.2,G3_junior,6.9,97.0,46.882,3.232,1.078,0.032,0.056,1,SOLDER_VOID,train,reference
RUN-007443,WO-003722,P01,L02,MCH-007,PRD-079,2026-03-26,25.16,0.9591,3.4,G2_mid,3.3,71.4,55.064,3.383,0.851,0.055,0.05,0,SCRATCH,validation,reference
RUN-005780,WO-002890,P03,L06,MCH-036,PRD-012,2026-02-01,22.72,0.945,1.2,G3_junior,2.1,92.1,51.495,3.104,0.869,0,0.0,0,NONE,train,reference
RUN-006569,WO-003285,P02,L04,MCH-020,PRD-023,2026-02-26,15.3,1.1485,10.6,G1_senior,5.0,85.8,49.248,3.144,0.858,0.0223,0.032,0,SCRATCH,train,reference
RUN-000813,WO-000407,P01,L02,MCH-012,PRD-036,2025-08-27,17.99,1.2149,1.4,G3_junior,4.1,87.0,55.322,3.435,0.78,0.0084,0.03,0,DIMENSION,train,reference
RUN-008203,WO-004102,P03,L05,MCH-027,PRD-071,2026-04-19,31.45,1.007,0.6,G3_junior,6.2,84.7,50.317,2.785,1.056,0.0617,0.06,1,SCRATCH,validation,reference
RUN-000448,WO-000224,P01,L01,MCH-006,PRD-008,2025-08-15,25.59,1.0009,0.6,G3_junior,3.4,84.5,52.097,2.534,0.907,0,0.02,0,MISSING_PART,train,reference
RUN-009398,WO-004699,P01,L02,MCH-011,PRD-004,2026-05-28,28.05,0.8607,7.6,G2_mid,3.9,95.9,51.661,3.209,1.009,0.0509,0.0125,0,SURFACE_DENT,test,reference
RUN-007646,WO-003823,P03,L05,MCH-029,PRD-021,2026-04-01,14.11,0.8854,4.7,G2_mid,3.0,95.9,54.855,3.315,1.088,0,0.02,0,SOLDER_VOID,validation,reference
RUN-001780,WO-000890,P01,L02,MCH-007,PRD-007,2025-09-26,20.08,0.8698,4.6,G2_mid,3.9,88.0,55.938,3.266,1.075,0.033,0.032,0,CONTAMINATION,train,reference
RUN-006728,WO-003364,P03,L06,MCH-032,PRD-045,2026-03-03,13.35,1.1127,0.7,G3_junior,2.5,97.0,51.724,3.346,0.692,0.049,0.03,0,MISSING_PART,train,reference
RUN-006061,WO-003031,P02,L04,MCH-020,PRD-039,2026-02-10,24.38,0.9387,14.6,G1_senior,5.6,96.1,53.173,3.159,0.788,0.0203,0.032,0,SCRATCH,train,reference
RUN-009205,WO-004603,P03,L06,MCH-031,PRD-043,2026-05-21,17.47,0.8228,4.6,G2_mid,4.2,84.5,69.154,7.551,0.621,0.0266,0.02,0,SURFACE_DENT,test,reference
RUN-002962,WO-001481,P02,L04,MCH-021,PRD-048,2025-11-03,44.21,1.0221,1.0,G3_junior,4.6,96.1,50.846,2.922,0.99,0,0.02,0,SCRATCH,train,reference
RUN-008074,WO-004037,P02,L03,MCH-017,PRD-077,2026-04-15,26.88,0.9832,2.0,G3_junior,1.7,96.1,54.027,8.215,0.967,0.0534,0.01,0,SURFACE_DENT,validation,reference
RUN-001565,WO-000783,P03,L05,MCH-027,PRD-052,2025-09-19,34.5,1.1638,6.1,G2_mid,7.2,82.7,53.39,2.829,0.895,0.1064,0.1,1,SOLDER_VOID,train,reference
RUN-000957,WO-000479,P03,L06,MCH-032,PRD-012,2025-08-31,26.88,0.8975,0.8,G3_junior,2.1,92.1,48.535,3.409,0.965,0.0666,0.05,0,DIMENSION,train,reference
RUN-009478,WO-004739,P03,L06,MCH-033,PRD-073,2026-05-30,31.94,0.856,1.7,G3_junior,3.4,87.4,50.095,3.227,1.091,0.0138,0.0125,0,SCRATCH,test,reference
RUN-008957,WO-004479,P01,L01,MCH-002,PRD-046,2026-05-14,33.23,0.8947,2.8,G3_junior,4.6,71.0,53.122,3.281,0.751,0.0984,0.08,1,DIMENSION,validation,reference
RUN-011299,WO-005650,P03,L06,MCH-035,PRD-048,2026-07-28,21.49,0.9182,1.2,G3_junior,4.6,96.1,49.794,3.065,0.951,0.0417,0.05,0,SURFACE_DENT,test,reference
RUN-001991,WO-000996,P03,L06,MCH-033,PRD-022,2025-10-02,29.08,1.0372,0.8,G3_junior,4.3,85.8,56.111,3.201,0.783,0.0093,0.05,0,CONTAMINATION,train,reference
RUN-008910,WO-004455,P03,L05,MCH-028,PRD-062,2026-05-12,29.66,1.0309,2.1,G3_junior,6.8,71.4,52.291,3.278,0.853,0.1281,0.12,1,SURFACE_DENT,validation,reference
RUN-004387,WO-002194,P01,L02,MCH-011,PRD-063,2025-12-19,22.21,0.8437,2.3,G3_junior,5.7,84.5,54.113,3.175,0.858,0.0938,0.0625,1,NONE,train,reference
RUN-008689,WO-004345,P02,L04,MCH-020,PRD-052,2026-05-05,30.1,1.0779,2.8,G3_junior,7.2,82.7,67.205,7.758,0.952,0.0825,0.09,1,DIMENSION,validation,reference
RUN-000070,WO-000035,P03,L06,MCH-032,PRD-048,2025-08-03,13.37,0.9765,0.2,G3_junior,4.6,96.1,47.93,3.221,0.655,0.0116,0.03,0,SOLDER_VOID,train,reference
RUN-007148,WO-003574,P01,L02,MCH-011,PRD-069,2026-03-17,22.57,1.172,11.2,G1_senior,10,88.6,51.064,3.278,1.034,0.0662,0.08,1,MISSING_PART,train,reference
RUN-007073,WO-003537,P03,L05,MCH-025,PRD-043,2026-03-14,27.41,0.8493,2.8,G3_junior,4.2,84.5,47.744,3.351,0.639,0.0273,0.02,0,SCRATCH,train,reference
RUN-003742,WO-001871,P02,L04,MCH-021,PRD-079,2025-11-28,31.94,0.8309,4.6,G2_mid,3.3,71.4,48.125,3.62,0.975,0.0578,0.04,0,SURFACE_DENT,train,reference
RUN-011016,WO-005508,P03,L06,MCH-034,PRD-034,2026-07-19,29.32,1.1379,2.2,G3_junior,2.6,96.1,43.726,2.511,0.934,0,0.0,0,NONE,test,reference
RUN-008724,WO-004362,P02,L04,MCH-024,PRD-048,2026-05-06,21.64,1.1557,11.2,G1_senior,4.6,96.1,52.436,3.144,0.683,0.026,0.03,0,SOLDER_VOID,validation,reference
RUN-003313,WO-001657,P02,L04,MCH-019,PRD-021,2025-11-14,26.16,1.0616,12.8,G1_senior,3.0,95.9,51.26,3.319,0.644,0,0.025,0,DIMENSION,train,reference
RUN-010219,WO-005110,P01,L01,MCH-002,PRD-001,2026-06-24,27.47,1.0562,18,G1_senior,8.2,89.9,66.513,7.394,0.843,0.105,0.0625,1,MISSING_PART,test,reference
RUN-008400,WO-004200,P03,L05,MCH-030,PRD-052,2026-04-25,27.67,1.0715,11.8,G1_senior,7.2,82.7,48.619,3.409,0.89,0.05,0.072,1,SURFACE_DENT,validation,reference
RUN-008951,WO-004476,P03,L06,MCH-035,PRD-073,2026-05-13,16.56,1.166,3.0,G3_junior,3.4,87.4,58.637,5.142,0.864,0,0.01,0,DIMENSION,validation,reference
RUN-009624,WO-004812,P02,L03,MCH-014,PRD-071,2026-06-04,25.97,0.8726,1.6,G3_junior,6.2,84.7,55.132,3.351,0.675,0.1019,0.07,1,NONE,test,reference
RUN-007492,WO-003746,P02,L04,MCH-023,PRD-067,2026-03-27,15.25,1.01,1.0,G3_junior,4.5,71.0,52.041,2.829,1.06,0.1003,0.095,1,CONTAMINATION,validation,reference
RUN-005565,WO-002783,P02,L03,MCH-013,PRD-019,2026-01-26,15.33,1.0927,3.3,G2_mid,7.2,71.7,50.637,2.765,0.651,0.1034,0.12,1,CONTAMINATION,train,reference
RUN-011283,WO-005642,P02,L03,MCH-017,PRD-066,2026-07-28,28.24,1.0383,4.6,G2_mid,7.6,88.6,53.605,3.355,1.026,0.0824,0.06,1,SCRATCH,test,reference
RUN-004247,WO-002124,P01,L02,MCH-012,PRD-007,2025-12-15,17.37,1.1874,1.0,G3_junior,3.9,88.0,57.781,3.77,0.81,0.0554,0.03,0,NONE,train,reference
RUN-000358,WO-000179,P02,L04,MCH-019,PRD-067,2025-08-12,26.61,0.8757,7.0,G2_mid,4.5,71.0,52.603,3.016,1.06,0.1294,0.06,1,DIMENSION,train,reference
RUN-009220,WO-004610,P02,L03,MCH-017,PRD-002,2026-05-22,32.24,1.068,2.2,G3_junior,5.3,88.0,54.449,3.528,1.081,0.003,0.05,0,SOLDER_VOID,test,reference
RUN-001560,WO-000780,P02,L04,MCH-020,PRD-062,2025-09-19,10.04,0.8835,2.9,G3_junior,6.8,71.4,52.735,3.322,0.801,0.1031,0.105,1,SOLDER_VOID,train,reference
RUN-006023,WO-003012,P02,L04,MCH-020,PRD-013,2026-02-09,21.44,1.0867,6.1,G2_mid,4.9,95.9,51.403,2.844,1.043,0.052,0.04,0,DIMENSION,train,reference
RUN-004103,WO-002052,P01,L02,MCH-007,PRD-029,2025-12-10,33.78,0.8748,0,G0_unknown,6.6,87.0,54.211,3.496,0.624,0.0646,0.07,1,MISSING_PART,train,reference
RUN-006549,WO-003275,P01,L01,MCH-003,PRD-014,2026-02-26,21.79,0.9527,0.7,G3_junior,5.0,85.8,51.12,3.767,0.958,0.0542,0.04,0,SOLDER_VOID,train,reference
RUN-001419,WO-000710,P02,L04,MCH-021,PRD-052,2025-09-15,24.96,1.1288,11.8,G1_senior,7.2,82.7,49.15,3.11,0.994,0.0496,0.06,1,SCRATCH,train,reference
RUN-009848,WO-004924,P02,L03,MCH-017,PRD-069,2026-06-11,18.55,0.992,0.7,G3_junior,10,88.6,53.997,2.947,1.03,0.0542,0.11,1,DIMENSION,test,reference
RUN-009430,WO-004715,P01,L01,MCH-004,PRD-044,2026-05-29,29.35,1.0664,1.0,G3_junior,4.1,88.0,51.164,2.876,0.669,0.0112,0.04,0,SCRATCH,test,reference
RUN-007061,WO-003531,P01,L02,MCH-010,PRD-030,2026-03-14,27.79,1.1307,2.9,G3_junior,3.6,76.8,49.261,2.893,0.948,0.0912,0.06,1,SCRATCH,train,reference
RUN-008787,WO-004394,P02,L03,MCH-013,PRD-048,2026-05-08,20.58,1.0216,2.8,G3_junior,4.6,96.1,52.069,3.396,0.918,0.067,0.025,0,SCRATCH,validation,reference
RUN-003595,WO-001798,P02,L03,MCH-015,PRD-002,2025-11-24,24.83,1.1595,7.1,G2_mid,5.3,88.0,52.147,3.259,0.62,0.0302,0.04,0,CONTAMINATION,train,reference
RUN-006505,WO-003253,P03,L05,MCH-030,PRD-079,2026-02-24,33.45,0.9737,0.2,G3_junior,3.3,71.4,58.095,3.465,0.684,0.0795,0.06,1,SURFACE_DENT,train,reference
RUN-002731,WO-001366,P01,L01,MCH-001,PRD-066,2025-10-27,19.07,0.8364,1.2,G3_junior,7.6,88.6,54.185,3.416,0.961,0.1591,0.1,1,SCRATCH,train,reference
RUN-008358,WO-004179,P01,L02,MCH-009,PRD-024,2026-04-24,28.87,0.9444,1.7,G3_junior,7.6,85.8,50.546,3.12,0.852,0.0913,0.08,1,SOLDER_VOID,validation,reference
RUN-004716,WO-002358,P03,L06,MCH-033,PRD-078,2025-12-29,19.79,1.0016,1.6,G3_junior,4.6,84.7,54.806,3.089,0.89,0.0464,0.04,0,CONTAMINATION,train,reference
RUN-010824,WO-005412,P02,L03,MCH-016,PRD-003,2026-07-13,27.71,0.916,0,G0_unknown,4.8,95.9,51.901,2.985,0.714,0.0562,0.04,0,SURFACE_DENT,test,reference
RUN-005166,WO-002583,P01,L02,MCH-009,PRD-030,2026-01-13,15.18,0.9788,7.2,G2_mid,3.6,76.8,51.524,6.657,0.977,0,0.02,0,CONTAMINATION,train,reference
RUN-004406,WO-002203,P03,L05,MCH-025,PRD-031,2025-12-19,25.48,1.0132,14.6,G1_senior,7.0,95.9,53.615,3.1,0.663,0,0.0,0,NONE,train,reference
RUN-011404,WO-005702,P03,L05,MCH-027,PRD-063,2026-07-31,17.85,0.9929,2.3,G3_junior,5.7,84.5,51.34,2.911,0.887,0.1109,0.072,1,DIMENSION,test,reference
RUN-004728,WO-002364,P01,L02,MCH-012,PRD-064,2025-12-30,20.99,0.9423,2.7,G3_junior,4.9,89.9,54.991,3.416,1.083,0.0501,0.03,0,DIMENSION,train,reference
RUN-010057,WO-005029,P02,L04,MCH-020,PRD-024,2026-06-18,29.08,0.9478,1.0,G3_junior,7.6,85.8,52.61,3.025,1.04,0.0433,0.08,1,DIMENSION,test,reference
RUN-004144,WO-002072,P01,L02,MCH-011,PRD-030,2025-12-11,25.44,1.1615,0.7,G3_junior,3.6,76.8,48.274,2.814,1.021,0.0274,0.048,0,SOLDER_VOID,train,reference
RUN-010777,WO-005389,P01,L02,MCH-010,PRD-062,2026-07-11,33.41,1.0546,0.2,G3_junior,6.8,71.4,47.474,2.825,0.674,0.0779,0.1,1,NONE,test,reference
RUN-001879,WO-000940,P03,L05,MCH-026,PRD-071,2025-09-29,16.53,1.1204,8.2,G1_senior,6.2,84.7,55.989,3.428,0.706,0.0633,0.0375,0,MISSING_PART,train,reference
RUN-001775,WO-000888,P01,L01,MCH-001,PRD-009,2025-09-26,26.19,1.0008,0.6,G3_junior,5.0,76.8,50.977,3.408,0.838,0.0518,0.08,1,SURFACE_DENT,train,reference
RUN-010816,WO-005408,P01,L02,MCH-011,PRD-008,2026-07-13,27.58,0.9191,11.2,G1_senior,3.4,84.5,51.121,2.855,0.871,0.019,0.02,0,MISSING_PART,test,reference
RUN-008625,WO-004313,P02,L04,MCH-019,PRD-079,2026-05-03,24.48,0.9587,12.8,G1_senior,3.3,71.4,46.696,3.308,1.06,0.0398,0.04,0,SCRATCH,validation,reference
RUN-009805,WO-004903,P01,L02,MCH-009,PRD-017,2026-06-10,25.0,1.0131,1.6,G3_junior,4.3,96.3,53.392,3.166,0.756,0,0.016,0,SURFACE_DENT,test,reference
RUN-009128,WO-004564,P03,L05,MCH-027,PRD-006,2026-05-19,31.9,0.8817,1.7,G3_junior,7.3,92.1,50.847,2.955,0.811,0.0226,0.055,1,SOLDER_VOID,validation,reference
RUN-009903,WO-004952,P03,L06,MCH-034,PRD-012,2026-06-12,20.53,1.0398,2.2,G3_junior,2.1,92.1,49.055,2.83,1.029,0.0692,0.025,0,SOLDER_VOID,test,reference
RUN-007940,WO-003970,P03,L05,MCH-028,PRD-054,2026-04-10,18.52,1.095,1.7,G3_junior,6.3,71.4,53.393,9.035,0.962,0.131,0.1,1,MISSING_PART,validation,reference
RUN-000554,WO-000277,P03,L06,MCH-034,PRD-048,2025-08-18,16.3,1.0024,0.2,G3_junior,4.6,96.1,51.381,3.024,0.8,0.0172,0.02,0,SOLDER_VOID,train,reference
RUN-000464,WO-000232,P02,L04,MCH-023,PRD-010,2025-08-15,34.77,1.0798,1.0,G3_junior,6.9,97.0,51.393,3.437,0.948,0.0199,0.055,1,DIMENSION,train,reference
RUN-008170,WO-004085,P01,L02,MCH-011,PRD-015,2026-04-18,29.67,1.0735,11.5,G1_senior,8.8,92.1,46.448,2.9,0.731,0.0574,0.07,1,SOLDER_VOID,validation,reference
RUN-007143,WO-003572,P01,L02,MCH-011,PRD-064,2026-03-17,24.21,1.1018,0.5,G3_junior,4.9,89.9,51.064,3.278,1.067,0.0793,0.04,1,MISSING_PART,train,reference
RUN-000656,WO-000328,P03,L05,MCH-026,PRD-045,2025-08-21,20.32,1.1398,0.2,G3_junior,2.5,97.0,54.656,3.546,0.724,0,0.01,0,DIMENSION,train,reference
RUN-011292,WO-005646,P03,L05,MCH-030,PRD-025,2026-07-28,29.22,1.0833,0.7,G3_junior,3.5,87.0,49.851,3.229,0.889,0.0463,0.04,0,MISSING_PART,test,reference
RUN-003424,WO-001712,P02,L04,MCH-023,PRD-072,2025-11-18,26.38,0.8273,1.2,G3_junior,4.1,84.7,50.974,2.881,1.044,0.0802,0.05,0,MISSING_PART,train,reference
RUN-008720,WO-004360,P02,L03,MCH-017,PRD-027,2026-05-06,31.98,0.8969,8.9,G1_senior,7.1,89.9,71.178,7.005,0.648,0.0328,0.06,1,SOLDER_VOID,validation,reference
RUN-003138,WO-001569,P02,L03,MCH-015,PRD-019,2025-11-09,32.55,1.0801,0.2,G3_junior,7.2,71.7,45.778,3.021,0.908,0.0817,0.13,1,SURFACE_DENT,train,reference
RUN-009590,WO-004795,P02,L04,MCH-024,PRD-006,2026-06-03,38.89,0.9836,3.2,G2_mid,7.3,92.1,47.628,3.16,1.035,0.0777,0.064,1,SOLDER_VOID,test,reference
RUN-009599,WO-004800,P03,L05,MCH-028,PRD-049,2026-06-03,25.73,0.9991,1.8,G3_junior,10,82.7,54.242,3.482,0.994,0.1161,0.136,1,CONTAMINATION,test,reference
RUN-011018,WO-005509,P01,L01,MCH-002,PRD-046,2026-07-20,18.51,1.1848,0.2,G3_junior,4.6,71.0,53.511,3.48,1.084,0.1245,0.08,1,CONTAMINATION,test,reference
RUN-003719,WO-001860,P03,L06,MCH-032,PRD-013,2025-11-27,32.44,0.9364,1.2,G3_junior,4.9,95.9,57.726,13.839,1.05,0.0451,0.02,0,MISSING_PART,train,reference
RUN-009143,WO-004572,P01,L02,MCH-007,PRD-062,2026-05-20,33.34,0.999,1.0,G3_junior,6.8,71.4,55.334,3.367,0.784,0.0988,0.11,1,SCRATCH,test,reference
RUN-000596,WO-000298,P01,L01,MCH-006,PRD-020,2025-08-20,27.2,0.9576,2.2,G3_junior,7.8,84.7,54.135,3.294,0.781,0.1489,0.095,1,SOLDER_VOID,train,reference
RUN-008466,WO-004233,P01,L02,MCH-009,PRD-029,2026-04-28,24.77,0.9429,0.2,G3_junior,6.6,87.0,52.101,3.243,0.748,0.0975,0.0625,1,CONTAMINATION,validation,reference
RUN-010918,WO-005459,P01,L01,MCH-004,PRD-060,2026-07-16,16.67,0.8913,8.2,G1_senior,6.7,84.7,49.284,2.53,0.842,0.0492,0.05,0,DIMENSION,test,reference
RUN-003626,WO-001813,P01,L02,MCH-007,PRD-075,2025-11-25,12.9,0.8868,2.3,G3_junior,6.8,96.3,55.566,3.317,0.646,0.052,0.06,1,CONTAMINATION,train,reference
RUN-006907,WO-003454,P03,L05,MCH-025,PRD-062,2026-03-09,20.08,1.1784,7.2,G2_mid,6.8,71.4,52.226,3.103,0.855,0.0953,0.125,1,SCRATCH,train,reference
RUN-000305,WO-000153,P01,L02,MCH-007,PRD-069,2025-08-11,28.81,1.0876,0,G0_unknown,10,88.6,51.782,4.145,0.828,0.0757,0.1,1,SCRATCH,train,reference
RUN-005216,WO-002608,P02,L04,MCH-023,PRD-051,2026-01-14,26.73,1.086,2.6,G3_junior,6.9,96.1,49.491,3.275,0.914,0.0373,0.035,0,SCRATCH,train,reference
RUN-010013,WO-005007,P01,L02,MCH-010,PRD-029,2026-06-17,30.07,0.9633,8.2,G1_senior,6.6,87.0,55.138,3.398,0.961,0.07,0.05,0,CONTAMINATION,test,reference
RUN-003273,WO-001637,P02,L03,MCH-017,PRD-066,2025-11-13,32.33,0.996,0.8,G3_junior,7.6,88.6,50.957,3.407,0.819,0.1061,0.08,1,SCRATCH,train,reference
RUN-009391,WO-004696,P01,L01,MCH-001,PRD-016,2026-05-28,32.03,0.833,11.8,G1_senior,4.3,85.8,53.103,3.805,1.046,0,0.0,0,NONE,test,reference
RUN-000185,WO-000093,P01,L02,MCH-008,PRD-064,2025-08-07,13.76,1.0509,11.2,G1_senior,4.9,89.9,50.567,2.84,1.035,0.0355,0.04,0,SCRATCH,train,reference
RUN-005911,WO-002956,P02,L04,MCH-019,PRD-078,2026-02-05,29.59,0.9165,0.4,G3_junior,4.6,84.7,54.4,2.989,0.807,0.0157,0.05,0,SCRATCH,train,reference
RUN-008484,WO-004242,P03,L05,MCH-028,PRD-075,2026-04-28,25.41,1.1698,0.6,G3_junior,6.8,96.3,53.716,3.215,1.072,0.0446,0.05,0,SOLDER_VOID,validation,reference
RUN-004178,WO-002089,P01,L02,MCH-010,PRD-031,2025-12-12,27.53,0.9975,4.8,G2_mid,7.0,95.9,54.301,3.236,0.85,0.1102,0.035,0,DIMENSION,train,reference
RUN-004836,WO-002418,P01,L02,MCH-007,PRD-036,2026-01-02,34.36,0.942,2.3,G3_junior,4.1,87.0,58.282,3.295,0.999,0.0741,0.03,0,SURFACE_DENT,train,reference
RUN-000541,WO-000271,P02,L04,MCH-021,PRD-037,2025-08-18,27.62,1.1291,11.2,G1_senior,4.2,88.0,51.11,2.656,0.792,0,0.02,0,DIMENSION,train,reference
RUN-005912,WO-002956,P02,L04,MCH-023,PRD-078,2026-02-05,24.37,0.8534,2.9,G3_junior,4.6,84.7,51.129,2.915,1.065,0.0197,0.045,0,SURFACE_DENT,train,reference
RUN-006037,WO-003019,P03,L06,MCH-034,PRD-078,2026-02-09,22.13,0.9926,2.3,G3_junior,4.6,84.7,47.671,3.214,0.731,0.0144,0.04,0,SURFACE_DENT,train,reference
RUN-010839,WO-005420,P03,L06,MCH-033,PRD-043,2026-07-13,18.03,1.1462,7.6,G2_mid,4.2,84.5,71.438,21.403,0.879,0.012,0.04,0,CONTAMINATION,test,reference
RUN-002231,WO-001116,P02,L04,MCH-021,PRD-066,2025-10-10,18.12,0.901,11.2,G1_senior,7.6,88.6,54.537,2.727,0.676,0.0519,0.04,0,CONTAMINATION,train,reference
RUN-003124,WO-001562,P02,L03,MCH-015,PRD-012,2025-11-08,17.02,0.9929,9.4,G1_senior,2.1,92.1,45.658,3.078,1.013,0.0334,0.016,0,SCRATCH,train,reference
RUN-009943,WO-004972,P02,L03,MCH-014,PRD-050,2026-06-15,30.16,1.0786,0.2,G3_junior,5.5,88.6,51.564,3.623,0.626,0.0535,0.035,0,MISSING_PART,test,reference
RUN-010320,WO-005160,P03,L06,MCH-033,PRD-042,2026-06-26,17.5,1.0059,9.4,G1_senior,1.4,89.9,53.229,3.409,0.825,0.0427,0.03,0,DIMENSION,test,reference
RUN-008476,WO-004238,P02,L03,MCH-013,PRD-023,2026-04-28,23.28,1.0642,2.0,G3_junior,5.0,85.8,54.806,3.17,0.829,0.0189,0.02,0,SURFACE_DENT,validation,reference
RUN-009244,WO-004622,P01,L01,MCH-003,PRD-013,2026-05-23,23.58,1.1523,10.6,G1_senior,4.9,95.9,51.883,3.485,0.924,0.0134,0.03,0,SCRATCH,test,reference
RUN-011164,WO-005582,P01,L01,MCH-006,PRD-060,2026-07-24,29.87,1.0364,7.0,G2_mid,6.7,84.7,51.886,3.178,0.977,0.082,0.05,0,CONTAMINATION,test,reference
RUN-011392,WO-005696,P02,L03,MCH-016,PRD-058,2026-07-31,30.37,0.895,2.0,G3_junior,8.8,71.4,53.74,6.356,0.853,0.1079,0.1125,1,CONTAMINATION,test,reference
RUN-006428,WO-003214,P01,L02,MCH-010,PRD-079,2026-02-22,15.3,1.0982,8.9,G1_senior,3.3,71.4,45.733,3.47,0.983,0.0334,0.035,0,CONTAMINATION,train,reference
RUN-001020,WO-000510,P03,L05,MCH-027,PRD-020,2025-09-02,30.14,0.9778,6.5,G2_mid,7.8,84.7,49.382,3.5,0.934,0.0746,0.07,1,DIMENSION,train,reference
RUN-009056,WO-004528,P02,L04,MCH-023,PRD-046,2026-05-17,24.18,1.202,0,G0_unknown,4.6,71.0,44.862,2.503,0.861,0.1448,0.1,1,SCRATCH,validation,reference
RUN-000489,WO-000245,P02,L04,MCH-022,PRD-002,2025-08-16,21.76,0.9993,3.3,G2_mid,5.3,88.0,47.525,2.729,0.825,0.093,0.06,1,SOLDER_VOID,train,reference
RUN-010411,WO-005206,P01,L01,MCH-001,PRD-001,2026-06-30,23.7,0.8391,14.6,G1_senior,8.2,89.9,53.315,3.473,0.958,0.0896,0.04,0,MISSING_PART,test,reference
RUN-007684,WO-003842,P03,L05,MCH-028,PRD-079,2026-04-02,30.84,1.0132,1.7,G3_junior,3.3,71.4,63.953,5.867,1.013,0.0464,0.06,1,SCRATCH,validation,reference
RUN-010674,WO-005337,P01,L02,MCH-007,PRD-063,2026-07-08,23.38,1.0438,2.8,G3_junior,5.7,84.5,54.104,3.657,1.044,0.0652,0.045,0,SURFACE_DENT,test,reference
RUN-009496,WO-004748,P03,L06,MCH-036,PRD-016,2026-05-31,23.59,1.026,6.1,G2_mid,4.3,85.8,50.719,2.939,1.081,0.0138,0.015,0,MISSING_PART,test,reference
RUN-003528,WO-001764,P02,L03,MCH-018,PRD-077,2025-11-21,23.25,1.1414,1.2,G3_junior,1.7,96.1,53.377,3.61,0.991,0.0068,0.005,0,DIMENSION,train,reference
RUN-010792,WO-005396,P01,L01,MCH-002,PRD-052,2026-07-12,29.87,1.1471,7.2,G2_mid,7.2,82.7,47.593,3.482,0.835,0.1104,0.0875,1,SOLDER_VOID,test,reference
RUN-008541,WO-004271,P01,L02,MCH-009,PRD-052,2026-04-30,23.5,0.8362,2.8,G3_junior,7.2,82.7,53.241,3.283,1.018,0.0672,0.08,1,SOLDER_VOID,validation,reference
RUN-001533,WO-000767,P03,L05,MCH-025,PRD-033,2025-09-18,28.99,1.1155,1.0,G3_junior,4.7,88.0,53.701,3.418,0.699,0.0587,0.04,0,DIMENSION,train,reference
RUN-007047,WO-003524,P03,L05,MCH-028,PRD-070,2026-03-13,12.41,0.9776,2.8,G3_junior,3.9,87.4,54.784,3.6,0.827,0.0187,0.01,0,MISSING_PART,train,reference
RUN-002523,WO-001262,P01,L02,MCH-011,PRD-030,2025-10-20,16.59,1.0175,1.0,G3_junior,3.6,76.8,51.122,3.052,0.885,0.0717,0.04,0,SOLDER_VOID,train,reference
RUN-006530,WO-003265,P02,L03,MCH-018,PRD-070,2026-02-25,23.19,1.056,1.0,G3_junior,3.9,87.4,53.468,3.534,0.659,0.0623,0.024,0,SURFACE_DENT,train,reference
RUN-000105,WO-000053,P03,L06,MCH-034,PRD-016,2025-08-04,17.46,0.847,2.8,G3_junior,4.3,85.8,50.051,3.03,1.014,0.0129,0.0375,0,SCRATCH,train,reference
RUN-001728,WO-000864,P03,L05,MCH-025,PRD-068,2025-09-24,24.45,0.9498,2.7,G3_junior,2.3,71.0,56.124,3.525,0.644,0,0.035,0,SOLDER_VOID,train,reference
RUN-007022,WO-003511,P03,L06,MCH-036,PRD-056,2026-03-12,23.45,1.0799,0.2,G3_junior,4.3,97.0,57.656,3.225,0.998,0.0552,0.0125,0,SOLDER_VOID,train,reference
RUN-003862,WO-001931,P02,L04,MCH-023,PRD-029,2025-12-02,21.3,1.1408,0.7,G3_junior,6.6,87.0,51.134,2.709,0.913,0.0801,0.07,1,SOLDER_VOID,train,reference
RUN-003797,WO-001899,P03,L05,MCH-025,PRD-075,2025-11-30,26.71,0.9019,2.9,G3_junior,6.8,96.3,49.952,3.192,0.938,0.0624,0.056,1,SURFACE_DENT,train,reference
RUN-006567,WO-003284,P02,L04,MCH-021,PRD-002,2026-02-26,30.88,0.854,0.2,G3_junior,5.3,88.0,51.957,2.579,0.762,0.0235,0.0375,0,SCRATCH,train,reference
RUN-008052,WO-004026,P03,L06,MCH-031,PRD-064,2026-04-14,21.95,1.1786,2.7,G3_junior,4.9,89.9,58.134,3.652,0.956,0.029,0.02,0,CONTAMINATION,validation,reference
RUN-011359,WO-005680,P02,L04,MCH-023,PRD-036,2026-07-30,21.67,0.8881,10.6,G1_senior,4.1,87.0,52.545,3.13,0.878,0.0548,0.03,0,SOLDER_VOID,test,reference
RUN-010931,WO-005466,P02,L03,MCH-018,PRD-003,2026-07-16,24.06,1.0871,0,G0_unknown,4.8,95.9,68.003,7.34,0.651,0.0103,0.02,0,DIMENSION,test,reference
RUN-006895,WO-003448,P02,L03,MCH-014,PRD-002,2026-03-09,21.57,1.1446,7.6,G2_mid,5.3,88.0,56.091,3.483,0.901,0.0539,0.04,0,SOLDER_VOID,train,reference
RUN-005362,WO-002681,P03,L05,MCH-026,PRD-063,2026-01-19,35.92,0.9724,0.2,G3_junior,5.7,84.5,54.689,3.347,0.974,0.0203,0.05,0,SURFACE_DENT,train,reference
RUN-003470,WO-001735,P03,L06,MCH-035,PRD-035,2025-11-19,34.67,1.0125,0.6,G3_junior,4.3,84.7,52.635,3.497,1.056,0.0599,0.064,1,SCRATCH,train,reference
RUN-003127,WO-001564,P02,L04,MCH-023,PRD-021,2025-11-08,28.92,0.8807,0.6,G3_junior,3.0,95.9,46.165,2.746,0.757,0.0548,0.02,0,MISSING_PART,train,reference
RUN-007247,WO-003624,P01,L01,MCH-004,PRD-029,2026-03-20,34.25,0.9129,3.3,G2_mid,6.6,87.0,48.234,2.863,0.889,0.0295,0.06,1,SCRATCH,train,reference
RUN-011264,WO-005632,P03,L06,MCH-036,PRD-071,2026-07-27,17.8,0.9198,0.2,G3_junior,6.2,84.7,56.257,3.799,0.648,0.0309,0.055,1,SOLDER_VOID,test,reference
RUN-006729,WO-003365,P03,L06,MCH-034,PRD-045,2026-03-03,17.67,1.0109,0,G0_unknown,2.5,97.0,51.096,3.011,0.91,0.0766,0.025,0,CONTAMINATION,train,reference
RUN-000180,WO-000090,P01,L01,MCH-001,PRD-072,2025-08-07,30.86,0.9755,11.8,G1_senior,4.1,84.7,49.881,3.452,0.787,0.0045,0.015,0,NONE,train,reference
RUN-000882,WO-000441,P01,L01,MCH-006,PRD-027,2025-08-29,29.7,0.8429,1.8,G3_junior,7.1,89.9,53.504,3.729,1.009,0.1002,0.06,1,CONTAMINATION,train,reference
RUN-008084,WO-004042,P03,L05,MCH-029,PRD-054,2026-04-15,34.17,1.0769,1.7,G3_junior,6.3,71.4,52.777,3.163,0.752,0.0691,0.1,1,DIMENSION,validation,reference
RUN-000162,WO-000081,P02,L04,MCH-019,PRD-039,2025-08-06,23.28,0.9036,7.0,G2_mid,5.6,96.1,53.081,3.323,1.084,0.0474,0.04,0,SCRATCH,train,reference
RUN-000788,WO-000394,P02,L03,MCH-018,PRD-053,2025-08-26,24.58,0.989,0.2,G3_junior,5.6,88.0,52.205,3.599,1.015,0.0747,0.0625,1,SURFACE_DENT,train,reference
RUN-001228,WO-000614,P01,L02,MCH-010,PRD-015,2025-09-09,30.22,1.0544,1.8,G3_junior,8.8,92.1,52.831,3.593,0.893,0.068,0.1,1,SURFACE_DENT,train,reference
RUN-009738,WO-004869,P01,L02,MCH-008,PRD-005,2026-06-08,28.13,1.1525,10.6,G1_senior,5.2,85.8,53.336,2.968,0.817,0.0902,0.05,0,DIMENSION,test,reference
RUN-004526,WO-002263,P03,L05,MCH-028,PRD-022,2025-12-23,26.54,1.1583,18,G1_senior,4.3,85.8,54.205,3.387,0.805,0.0702,0.04,0,SURFACE_DENT,train,reference
RUN-008356,WO-004178,P01,L01,MCH-001,PRD-072,2026-04-24,27.13,0.8997,8.2,G1_senior,4.1,84.7,53.153,3.364,1.092,0,0.016,0,SCRATCH,validation,reference
RUN-005502,WO-002751,P02,L04,MCH-020,PRD-072,2026-01-23,23.04,0.9453,2.6,G3_junior,4.1,84.7,59.841,5.263,1.095,0.0598,0.04,0,MISSING_PART,train,reference
RUN-008637,WO-004319,P01,L02,MCH-009,PRD-048,2026-05-04,24.24,0.8391,8.2,G1_senior,4.6,96.1,52.565,3.747,1.091,0.0352,0.01,0,SURFACE_DENT,validation,reference
RUN-002751,WO-001376,P02,L04,MCH-021,PRD-021,2025-10-27,20.59,0.8999,2.6,G3_junior,3.0,95.9,52.535,3.489,1.091,0.019,0.02,0,SURFACE_DENT,train,reference
RUN-005457,WO-002729,P02,L03,MCH-015,PRD-069,2026-01-22,28.22,1.0311,1.7,G3_junior,10,88.6,53.825,3.188,0.777,0.1544,0.14,1,MISSING_PART,train,reference
RUN-004462,WO-002231,P03,L06,MCH-036,PRD-012,2025-12-21,11.36,1.0828,2.8,G3_junior,2.1,92.1,49.743,3.545,0.839,0.0155,0.032,0,SCRATCH,train,reference
RUN-008390,WO-004195,P01,L01,MCH-003,PRD-064,2026-04-25,21.91,1.1765,2.9,G3_junior,4.9,89.9,48.895,11.296,0.66,0.0346,0.06,1,MISSING_PART,validation,reference
RUN-002215,WO-001108,P01,L01,MCH-003,PRD-014,2025-10-10,28.06,0.8971,7.1,G2_mid,5.0,85.8,51.406,3.442,0.757,0.0032,0.032,0,SURFACE_DENT,train,reference
RUN-002065,WO-001033,P03,L06,MCH-031,PRD-010,2025-10-05,32.41,1.1172,1.0,G3_junior,6.9,97.0,51.282,3.554,0.827,0.0178,0.032,0,DIMENSION,train,reference
RUN-006719,WO-003360,P03,L05,MCH-028,PRD-079,2026-03-03,15.44,0.9624,2.9,G3_junior,3.3,71.4,57.348,4.233,0.965,0.0917,0.07,1,SCRATCH,train,reference
RUN-003572,WO-001786,P01,L02,MCH-010,PRD-017,2025-11-23,14.15,0.9702,0.2,G3_junior,4.3,96.3,49.057,3.007,0.797,0.0077,0.03,0,MISSING_PART,train,reference
RUN-001400,WO-000700,P01,L01,MCH-006,PRD-031,2025-09-15,27.25,1.0552,4.6,G2_mid,7.0,95.9,53.419,3.28,0.789,0,0.025,0,MISSING_PART,train,reference
RUN-008652,WO-004326,P02,L04,MCH-021,PRD-051,2026-05-04,28.13,1.1649,1.7,G3_junior,6.9,96.1,50.786,3.285,0.762,0.0245,0.04,0,MISSING_PART,validation,reference
RUN-004415,WO-002208,P03,L06,MCH-032,PRD-062,2025-12-19,23.49,0.9031,2.3,G3_junior,6.8,71.4,50.909,3.316,0.956,0.1153,0.11,1,SOLDER_VOID,train,reference
RUN-006558,WO-003279,P01,L02,MCH-007,PRD-061,2026-02-26,26.06,1.1887,5.7,G2_mid,4.8,76.8,53.588,3.677,0.869,0.0271,0.06,1,MISSING_PART,train,reference
RUN-008861,WO-004431,P02,L03,MCH-013,PRD-003,2026-05-11,25.39,1.1521,11.2,G1_senior,4.8,95.9,52.826,3.191,0.688,0.009,0.03,0,CONTAMINATION,validation,reference
RUN-010325,WO-005163,P01,L01,MCH-002,PRD-050,2026-06-27,20.94,1.0269,7.0,G2_mid,5.5,88.6,49.587,3.137,0.93,0.009,0.0375,0,SCRATCH,test,reference
RUN-007992,WO-003996,P01,L02,MCH-012,PRD-035,2026-04-13,26.32,0.9394,4.7,G2_mid,4.3,84.7,54.045,3.272,1.049,0.0594,0.04,0,DIMENSION,validation,reference
RUN-000628,WO-000314,P01,L01,MCH-006,PRD-060,2025-08-21,39.78,1.1388,0.2,G3_junior,6.7,84.7,51.919,2.767,1.057,0.0479,0.0875,1,SURFACE_DENT,train,reference
RUN-003963,WO-001982,P02,L03,MCH-016,PRD-003,2025-12-05,14.21,0.8384,0.2,G3_junior,4.8,95.9,53.234,3.016,1.032,0.0175,0.03,0,DIMENSION,train,reference
RUN-002735,WO-001368,P01,L01,MCH-002,PRD-050,2025-10-27,19.91,1.1048,2.8,G3_junior,5.5,88.6,52.203,3.901,0.923,0.0001,0.02,0,MISSING_PART,train,reference
RUN-001782,WO-000891,P01,L02,MCH-011,PRD-007,2025-09-26,31.18,0.8822,0.2,G3_junior,3.9,88.0,48.722,3.107,0.799,0.0464,0.025,0,SCRATCH,train,reference
RUN-006844,WO-003422,P01,L02,MCH-007,PRD-037,2026-03-07,12.94,1.068,2.9,G3_junior,4.2,88.0,52.094,3.733,1.001,0.0443,0.03,0,SCRATCH,train,reference
RUN-004219,WO-002110,P03,L05,MCH-025,PRD-063,2025-12-13,27.92,0.8876,1.2,G3_junior,5.7,84.5,49.987,3.119,0.832,0.069,0.064,1,MISSING_PART,train,reference
RUN-001309,WO-000655,P02,L04,MCH-024,PRD-023,2025-09-11,12.64,1.0951,7.1,G2_mid,5.0,85.8,50.493,2.662,0.659,0.0542,0.032,0,DIMENSION,train,reference
RUN-000993,WO-000497,P03,L06,MCH-033,PRD-069,2025-09-01,35.76,1.1696,2.9,G3_junior,10,88.6,56.169,3.04,0.98,0.1093,0.115,1,DIMENSION,train,reference
RUN-007583,WO-003792,P03,L06,MCH-035,PRD-074,2026-03-30,32.87,0.953,2.2,G3_junior,6.4,95.9,52.466,3.148,0.993,0,0.0375,0,SCRATCH,validation,reference
RUN-002310,WO-001155,P02,L04,MCH-020,PRD-035,2025-10-13,23.31,1.0294,1.0,G3_junior,4.3,84.7,50.072,3.135,0.954,0.0482,0.04,0,DIMENSION,train,reference
RUN-000341,WO-000171,P01,L02,MCH-007,PRD-035,2025-08-12,26.53,0.8319,7.0,G2_mid,4.3,84.7,54.084,3.752,0.686,0.0518,0.04,0,SOLDER_VOID,train,reference
RUN-006143,WO-003072,P03,L06,MCH-036,PRD-051,2026-02-12,19.59,1.1584,1.6,G3_junior,6.9,96.1,63.884,6.647,0.791,0.0379,0.04,0,SCRATCH,train,reference
RUN-011227,WO-005614,P03,L06,MCH-031,PRD-037,2026-07-26,35.06,0.8538,0.8,G3_junior,4.2,88.0,50.842,3.527,0.654,0.0181,0.02,0,SURFACE_DENT,test,reference
RUN-007135,WO-003568,P03,L06,MCH-036,PRD-048,2026-03-16,26.42,0.913,2.3,G3_junior,4.6,96.1,53.294,3.227,0.628,0.0277,0.02,0,DIMENSION,train,reference
RUN-005495,WO-002748,P02,L03,MCH-013,PRD-027,2026-01-23,30.68,1.0064,2.9,G3_junior,7.1,89.9,52.338,3.182,1.095,0.0328,0.07,1,MISSING_PART,train,reference
RUN-008785,WO-004393,P01,L02,MCH-010,PRD-060,2026-05-08,26.39,1.0908,0.5,G3_junior,6.7,84.7,54.093,3.303,1.04,0.0621,0.08,1,DIMENSION,validation,reference
RUN-009856,WO-004928,P02,L04,MCH-020,PRD-032,2026-06-11,24.58,0.8593,2.2,G3_junior,6.2,96.1,51.145,10.168,0.624,0.0491,0.03,0,SCRATCH,test,reference
RUN-010150,WO-005075,P01,L01,MCH-001,PRD-044,2026-06-22,24.46,0.9673,11.8,G1_senior,4.1,88.0,52.623,3.292,0.821,0.0197,0.016,0,MISSING_PART,test,reference
RUN-010934,WO-005467,P02,L03,MCH-013,PRD-050,2026-07-16,8.92,0.9589,7.6,G2_mid,5.5,88.6,52.499,3.025,0.834,0.0446,0.03,0,DIMENSION,test,reference
RUN-001025,WO-000513,P03,L06,MCH-032,PRD-067,2025-09-02,31.58,0.8662,1.7,G3_junior,4.5,71.0,54.148,3.16,0.729,0.0845,0.09,1,SOLDER_VOID,train,reference
RUN-010260,WO-005130,P01,L02,MCH-007,PRD-031,2026-06-25,32.23,0.9819,4.8,G2_mid,7.0,95.9,56.585,3.319,0.901,0.0584,0.04,0,CONTAMINATION,test,reference
RUN-000157,WO-000079,P02,L03,MCH-018,PRD-042,2025-08-06,20.1,0.9901,15.7,G1_senior,1.4,89.9,55.077,3.75,0.655,0.0079,0.0125,0,CONTAMINATION,train,reference
RUN-004379,WO-002190,P03,L06,MCH-036,PRD-070,2025-12-18,23.24,0.9496,7.6,G2_mid,3.9,87.4,51.747,3.049,0.645,0.0104,0.032,0,DIMENSION,train,reference
RUN-008036,WO-004018,P02,L03,MCH-017,PRD-075,2026-04-14,13.87,0.9528,6.1,G2_mid,6.8,96.3,53.925,3.712,0.639,0,0.02,0,DIMENSION,validation,reference
RUN-004748,WO-002374,P03,L05,MCH-025,PRD-075,2025-12-30,12.98,1.1453,8.2,G1_senior,6.8,96.3,54.403,3.588,1.086,0,0.0,0,NONE,train,reference
RUN-000348,WO-000174,P02,L03,MCH-018,PRD-050,2025-08-12,30.29,0.9086,1.0,G3_junior,5.5,88.6,52.934,3.303,0.693,0.0931,0.04,0,SOLDER_VOID,train,reference
RUN-005611,WO-002806,P02,L04,MCH-020,PRD-021,2026-01-27,9.35,0.8714,0.6,G3_junior,3.0,95.9,68.968,8.078,0.715,0.0347,0.04,0,SOLDER_VOID,train,reference
RUN-005266,WO-002633,P03,L06,MCH-032,PRD-080,2026-01-15,22.75,1.0129,1.2,G3_junior,5.2,84.5,50.071,3.341,0.937,0.0527,0.04,0,DIMENSION,train,reference
RUN-005340,WO-002670,P01,L01,MCH-002,PRD-025,2026-01-19,23.1,1.1781,0.2,G3_junior,3.5,87.0,52.777,3.447,0.869,0.0206,0.045,0,CONTAMINATION,train,reference
RUN-004535,WO-002268,P01,L01,MCH-006,PRD-014,2025-12-24,12.94,1.1248,8.2,G1_senior,5.0,85.8,48.214,3.796,0.957,0.0475,0.032,0,CONTAMINATION,train,reference
RUN-004030,WO-002015,P01,L01,MCH-005,PRD-028,2025-12-08,39.74,1.1542,18,G1_senior,6.4,97.0,50.067,2.789,0.62,0.059,0.0375,0,MISSING_PART,train,reference
RUN-008517,WO-004259,P02,L04,MCH-020,PRD-041,2026-04-29,22.33,0.9895,10.6,G1_senior,6.3,85.8,55.726,4.047,0.886,0,0.0375,0,CONTAMINATION,validation,reference
RUN-011389,WO-005695,P02,L03,MCH-018,PRD-058,2026-07-31,40.52,0.9391,7.1,G2_mid,8.8,71.4,51.999,3.36,0.997,0.0608,0.11,1,SURFACE_DENT,test,reference
RUN-009514,WO-004757,P02,L03,MCH-017,PRD-050,2026-06-01,25.77,1.0885,1.4,G3_junior,5.5,88.6,52.546,3.134,1.045,0.0427,0.05,0,CONTAMINATION,test,reference
RUN-010141,WO-005071,P02,L04,MCH-022,PRD-017,2026-06-21,25.36,0.8477,2.8,G3_junior,4.3,96.3,50.138,2.872,1.058,0.0185,0.0125,0,SURFACE_DENT,test,reference
RUN-010712,WO-005356,P01,L02,MCH-007,PRD-036,2026-07-09,28.83,0.8821,5.7,G2_mid,4.1,87.0,54.833,3.56,0.869,0.0355,0.04,0,CONTAMINATION,test,reference
RUN-003356,WO-001678,P01,L02,MCH-007,PRD-020,2025-11-16,29.85,0.9711,2.9,G3_junior,7.8,84.7,49.589,3.404,0.891,0.0617,0.104,1,DIMENSION,train,reference
RUN-006921,WO-003461,P01,L02,MCH-008,PRD-017,2026-03-10,19.62,1.108,2.3,G3_junior,4.3,96.3,53.688,2.959,0.972,0,0.0375,0,SURFACE_DENT,train,reference
RUN-002693,WO-001347,P03,L06,MCH-036,PRD-078,2025-10-24,25.89,0.9615,2.0,G3_junior,4.6,84.7,54.975,3.107,1.057,0.0571,0.05,0,SURFACE_DENT,train,reference
RUN-001718,WO-000859,P02,L04,MCH-023,PRD-040,2025-09-24,34.73,0.8345,1.2,G3_junior,8.4,82.7,48.981,2.763,0.976,0.1253,0.1,1,SOLDER_VOID,train,reference
RUN-010643,WO-005322,P02,L03,MCH-013,PRD-022,2026-07-07,17.38,0.9147,0,G0_unknown,4.3,85.8,63.915,5.29,0.91,0.0591,0.06,1,CONTAMINATION,test,reference
RUN-006609,WO-003305,P03,L05,MCH-028,PRD-013,2026-02-27,34.06,0.9039,1.0,G3_junior,4.9,95.9,52.689,3.332,1.057,0.0302,0.04,0,SCRATCH,train,reference
RUN-005415,WO-002708,P01,L02,MCH-007,PRD-020,2026-01-21,49.07,0.9576,1.4,G3_junior,7.8,84.7,53.631,3.31,1.015,0.0539,0.088,1,SCRATCH,train,reference
RUN-002980,WO-001490,P01,L01,MCH-005,PRD-072,2025-11-04,18.34,0.8752,0.7,G3_junior,4.1,84.7,52.376,3.528,0.836,0.0835,0.024,0,DIMENSION,train,reference
RUN-007138,WO-003569,P01,L01,MCH-002,PRD-014,2026-03-17,14.99,0.8347,2.8,G3_junior,5.0,85.8,52.41,3.354,1.028,0,0.045,0,SCRATCH,train,reference
RUN-001153,WO-000577,P03,L06,MCH-032,PRD-022,2025-09-06,21.63,0.8981,1.3,G3_junior,4.3,85.8,48.081,3.223,0.986,0.0412,0.03,0,SURFACE_DENT,train,reference
RUN-010392,WO-005196,P02,L03,MCH-018,PRD-023,2026-06-29,15.58,1.1284,11.2,G1_senior,5.0,85.8,53.818,2.947,0.814,0.0637,0.024,0,CONTAMINATION,test,reference
RUN-009919,WO-004960,P03,L05,MCH-026,PRD-040,2026-06-13,37.3,0.9487,7.2,G2_mid,8.4,82.7,49.096,2.96,0.817,0.093,0.085,1,SURFACE_DENT,test,reference
RUN-001863,WO-000932,P02,L03,MCH-017,PRD-002,2025-09-29,26.81,0.888,3.1,G2_mid,5.3,88.0,51.083,3.449,0.782,0.0513,0.02,0,MISSING_PART,train,reference
RUN-005177,WO-002589,P02,L04,MCH-024,PRD-029,2026-01-13,29.07,0.8476,2.7,G3_junior,6.6,87.0,51.487,3.007,0.954,0.065,0.07,1,SOLDER_VOID,train,reference
RUN-001678,WO-000839,P02,L03,MCH-014,PRD-057,2025-09-23,23.55,1.0109,7.0,G2_mid,5.6,88.6,54.789,3.35,0.661,0.0398,0.0375,0,SURFACE_DENT,train,reference
RUN-007552,WO-003776,P01,L01,MCH-005,PRD-028,2026-03-30,28.62,0.8638,1.8,G3_junior,6.4,97.0,57.877,14.132,0.642,0.0829,0.05,0,NONE,validation,reference
RUN-008164,WO-004082,P03,L06,MCH-035,PRD-058,2026-04-17,33.16,1.1018,0,G0_unknown,8.8,71.4,51.312,3.504,0.94,0.1132,0.1375,1,SOLDER_VOID,validation,reference
RUN-000411,WO-000206,P01,L01,MCH-006,PRD-032,2025-08-14,43.73,1.0,7.0,G2_mid,6.2,96.1,53.443,3.036,1.036,0.0106,0.04,0,DIMENSION,train,reference
RUN-010248,WO-005124,P03,L06,MCH-034,PRD-009,2026-06-24,32.07,0.8498,1.3,G3_junior,5.0,76.8,52.328,3.056,0.899,0.0813,0.0875,1,CONTAMINATION,test,reference
RUN-003535,WO-001768,P03,L05,MCH-029,PRD-077,2025-11-21,8.68,1.1105,1.0,G3_junior,1.7,96.1,54.222,3.077,0.824,0,0.02,0,SURFACE_DENT,train,reference
RUN-006502,WO-003251,P03,L05,MCH-027,PRD-021,2026-02-24,21.82,0.9973,2.8,G3_junior,3.0,95.9,50.648,3.041,0.801,0.0212,0.008,0,SCRATCH,train,reference
RUN-002687,WO-001344,P03,L05,MCH-030,PRD-073,2025-10-24,30.23,0.9933,1.4,G3_junior,3.4,87.4,52.02,3.144,0.761,0.0117,0.02,0,SCRATCH,train,reference
RUN-000869,WO-000435,P03,L05,MCH-025,PRD-040,2025-08-28,27.24,0.9433,0.4,G3_junior,8.4,82.7,52.569,3.505,0.979,0.1052,0.1,1,SOLDER_VOID,train,reference
RUN-003802,WO-001901,P03,L06,MCH-035,PRD-066,2025-11-30,32.8,0.9992,2.7,G3_junior,7.6,88.6,48.832,2.914,0.652,0.0298,0.05,0,SOLDER_VOID,train,reference
RUN-006218,WO-003109,P02,L04,MCH-019,PRD-077,2026-02-15,15.45,1.0618,0.2,G3_junior,1.7,96.1,51.312,3.31,0.671,0.0495,0.0375,0,DIMENSION,train,reference
RUN-002259,WO-001130,P03,L05,MCH-025,PRD-015,2025-10-11,27.1,1.0904,0.2,G3_junior,8.8,92.1,47.393,3.448,0.857,0.0876,0.08,1,DIMENSION,train,reference
RUN-006029,WO-003015,P03,L05,MCH-029,PRD-079,2026-02-09,22.1,0.8506,14.6,G1_senior,3.3,71.4,55.081,3.381,0.773,0.0086,0.032,0,SCRATCH,train,reference
RUN-001948,WO-000974,P03,L05,MCH-029,PRD-062,2025-10-01,27.67,1.1309,11.2,G1_senior,6.8,71.4,51.982,3.037,0.802,0.1423,0.1,1,SOLDER_VOID,train,reference
RUN-005637,WO-002819,P02,L03,MCH-018,PRD-042,2026-01-28,23.51,1.0808,9.4,G1_senior,1.4,89.9,51.829,3.653,0.934,0,0.008,0,SCRATCH,train,reference
RUN-010148,WO-005074,P01,L01,MCH-001,PRD-013,2026-06-22,29.95,1.0562,1.6,G3_junior,4.9,95.9,52.623,3.292,0.845,0.0678,0.04,0,CONTAMINATION,test,reference
RUN-010920,WO-005460,P01,L01,MCH-002,PRD-077,2026-07-16,12.7,1.1477,0.2,G3_junior,1.7,96.1,51.843,3.228,0.877,0,0.005,0,CONTAMINATION,test,reference
RUN-009073,WO-004537,P01,L02,MCH-010,PRD-060,2026-05-18,22.85,0.9377,1.2,G3_junior,6.7,84.7,52.986,3.342,0.671,0.0738,0.09,1,DIMENSION,validation,reference
RUN-008843,WO-004422,P03,L06,MCH-033,PRD-012,2026-05-10,21.92,1.0768,3.3,G2_mid,2.1,92.1,48.082,2.842,0.622,0.0262,0.02,0,SCRATCH,validation,reference
RUN-004363,WO-002182,P02,L04,MCH-023,PRD-072,2025-12-18,26.23,0.8373,3.1,G2_mid,4.1,84.7,49.196,2.834,0.729,0,0.06,1,SURFACE_DENT,train,reference
RUN-004044,WO-002022,P02,L04,MCH-024,PRD-005,2025-12-08,17.84,0.854,3.3,G2_mid,5.2,85.8,48.33,2.844,0.67,0,0.04,0,SOLDER_VOID,train,reference
RUN-003607,WO-001804,P03,L05,MCH-025,PRD-020,2025-11-24,29.46,1.1734,11.2,G1_senior,7.8,84.7,54.101,4.177,0.815,0.0747,0.06,1,MISSING_PART,train,reference
RUN-002608,WO-001304,P02,L04,MCH-023,PRD-035,2025-10-22,18.34,1.069,4.8,G2_mid,4.3,84.7,49.766,3.053,0.696,0.0369,0.04,0,CONTAMINATION,train,reference
RUN-000696,WO-000348,P03,L06,MCH-031,PRD-058,2025-08-22,38.69,0.9223,11.2,G1_senior,8.8,71.4,53.118,3.713,0.629,0.0693,0.1,1,SCRATCH,train,reference
RUN-011015,WO-005508,P03,L06,MCH-033,PRD-034,2026-07-19,30.15,0.9661,1.0,G3_junior,2.6,96.1,49.824,3.3,0.671,0,0.0,0,NONE,test,reference
RUN-007536,WO-003768,P01,L02,MCH-012,PRD-024,2026-03-29,29.5,0.9452,0.7,G3_junior,7.6,85.8,52.706,3.243,0.959,0.0348,0.075,1,CONTAMINATION,validation,reference
RUN-006603,WO-003302,P02,L04,MCH-024,PRD-072,2026-02-27,28.01,0.8373,1.0,G3_junior,4.1,84.7,56.074,3.154,1.091,0.0337,0.04,0,SURFACE_DENT,train,reference
RUN-002894,WO-001447,P02,L04,MCH-020,PRD-049,2025-10-31,28.76,0.9841,0.5,G3_junior,10,82.7,49.594,3.304,0.94,0.1297,0.136,1,SURFACE_DENT,train,reference
RUN-010716,WO-005358,P02,L03,MCH-014,PRD-003,2026-07-09,22.3,1.1635,0.7,G3_junior,4.8,95.9,52.809,3.357,0.837,0.0925,0.05,0,CONTAMINATION,test,reference
RUN-009876,WO-004938,P01,L01,MCH-005,PRD-061,2026-06-12,21.41,1.0221,3.3,G2_mid,4.8,76.8,52.906,3.405,0.75,0.0846,0.08,1,SOLDER_VOID,test,reference
RUN-003076,WO-001538,P03,L05,MCH-025,PRD-080,2025-11-06,25.58,0.99,2.8,G3_junior,5.2,84.5,54.217,3.726,0.966,0,0.024,0,SOLDER_VOID,train,reference
RUN-000133,WO-000067,P03,L05,MCH-027,PRD-009,2025-08-05,30.18,1.0901,8.9,G1_senior,5.0,76.8,52.951,3.111,0.874,0.0511,0.064,1,SURFACE_DENT,train,reference
RUN-009528,WO-004764,P03,L05,MCH-027,PRD-031,2026-06-01,28.12,0.8772,1.0,G3_junior,7.0,95.9,49.908,3.486,1.015,0.0713,0.08,1,SURFACE_DENT,test,reference
RUN-003187,WO-001594,P01,L01,MCH-006,PRD-025,2025-11-11,14.95,1.1872,1.4,G3_junior,3.5,87.0,49.896,3.423,1.047,0,0.04,0,DIMENSION,train,reference
RUN-006054,WO-003027,P02,L03,MCH-017,PRD-015,2026-02-10,46.64,1.0596,5.7,G2_mid,8.8,92.1,51.801,3.536,0.711,0.0824,0.08,1,MISSING_PART,train,reference
RUN-011034,WO-005517,P02,L03,MCH-018,PRD-075,2026-07-20,27.72,0.9302,4.7,G2_mid,6.8,96.3,52.385,2.905,0.808,0,0.025,0,SURFACE_DENT,test,reference
RUN-004322,WO-002161,P02,L03,MCH-017,PRD-048,2025-12-17,25.07,0.9779,4.7,G2_mid,4.6,96.1,52.506,2.955,0.998,0,0.0,0,NONE,train,reference
RUN-001686,WO-000843,P02,L04,MCH-022,PRD-032,2025-09-23,21.56,0.947,5.8,G2_mid,6.2,96.1,54.71,3.899,0.762,0.0696,0.04,0,SURFACE_DENT,train,reference
RUN-005418,WO-002709,P01,L02,MCH-008,PRD-012,2026-01-21,32.52,0.8202,4.6,G2_mid,2.1,92.1,47.779,2.554,0.788,0.0447,0.0125,0,SCRATCH,train,reference
RUN-008703,WO-004352,P01,L01,MCH-001,PRD-020,2026-05-06,34.18,1.0347,11.2,G1_senior,7.8,84.7,53.753,3.539,0.896,0.094,0.08,1,SCRATCH,validation,reference
RUN-010751,WO-005376,P02,L03,MCH-013,PRD-017,2026-07-10,24.15,0.8685,1.0,G3_junior,4.3,96.3,71.957,22.122,1.07,0.0226,0.035,0,SOLDER_VOID,test,reference
RUN-007904,WO-003952,P03,L05,MCH-027,PRD-039,2026-04-09,13.48,0.8899,1.2,G3_junior,5.6,96.1,52.606,2.971,0.873,0.0199,0.025,0,SCRATCH,validation,reference
RUN-005024,WO-002512,P02,L03,MCH-014,PRD-012,2026-01-08,15.59,1.0054,5.8,G2_mid,2.1,92.1,54.65,3.038,0.678,0,0.0,0,NONE,train,reference
RUN-003405,WO-001703,P01,L01,MCH-003,PRD-074,2025-11-18,34.1,0.9881,1.4,G3_junior,6.4,95.9,53.39,3.378,0.857,0.0151,0.05,0,SURFACE_DENT,train,reference
RUN-011217,WO-005609,P01,L02,MCH-011,PRD-045,2026-07-26,25.9,1.0979,4.8,G2_mid,2.5,97.0,48.138,3.584,1.053,0,0.016,0,SURFACE_DENT,test,reference
RUN-005896,WO-002948,P01,L02,MCH-007,PRD-029,2026-02-05,26.65,1.085,0.2,G3_junior,6.6,87.0,54.074,12.083,0.675,0.0418,0.05,0,CONTAMINATION,train,reference
RUN-003149,WO-001575,P03,L06,MCH-035,PRD-012,2025-11-09,32.38,1.0965,18,G1_senior,2.1,92.1,51.355,3.361,0.975,0.0307,0.0,0,NONE,train,reference
RUN-000204,WO-000102,P03,L05,MCH-029,PRD-002,2025-08-07,25.46,0.9865,1.0,G3_junior,5.3,88.0,50.896,2.997,0.829,0.0802,0.032,0,SCRATCH,train,reference
RUN-009886,WO-004943,P02,L03,MCH-018,PRD-058,2026-06-12,29.91,1.0777,2.1,G3_junior,8.8,71.4,55.848,3.357,0.646,0.1713,0.125,1,SOLDER_VOID,test,reference
RUN-001981,WO-000991,P02,L04,MCH-021,PRD-010,2025-10-02,24.4,1.1773,11.5,G1_senior,6.9,97.0,52.834,2.969,0.83,0.0211,0.03,0,SOLDER_VOID,train,reference
RUN-006534,WO-003267,P02,L04,MCH-024,PRD-037,2026-02-25,17.32,1.1354,0.8,G3_junior,4.2,88.0,51.659,3.127,0.668,0.0202,0.04,0,CONTAMINATION,train,reference
RUN-008759,WO-004380,P02,L04,MCH-022,PRD-048,2026-05-07,34.24,1.0419,3.3,G2_mid,4.6,96.1,50.202,2.738,0.707,0.0038,0.0125,0,SCRATCH,validation,reference
RUN-003354,WO-001677,P01,L01,MCH-001,PRD-032,2025-11-16,28.82,0.8693,5.8,G2_mid,6.2,96.1,48.836,3.134,0.623,0.0214,0.008,0,DIMENSION,train,reference
RUN-010921,WO-005461,P01,L01,MCH-002,PRD-077,2026-07-16,25.39,0.8659,2.9,G3_junior,1.7,96.1,51.843,3.228,0.969,0.0478,0.025,0,DIMENSION,test,reference
RUN-002394,WO-001197,P03,L06,MCH-036,PRD-056,2025-10-15,32.14,0.9993,4.7,G2_mid,4.3,97.0,51.102,3.828,0.689,0.0778,0.0,0,NONE,train,reference
RUN-009835,WO-004918,P01,L01,MCH-006,PRD-080,2026-06-11,19.15,1.1196,3.4,G2_mid,5.2,84.5,53.81,3.016,0.983,0.0216,0.065,1,SOLDER_VOID,test,reference
RUN-007500,WO-003750,P03,L05,MCH-025,PRD-009,2026-03-27,18.64,1.0929,7.2,G2_mid,5.0,76.8,52.434,3.248,0.91,0.0491,0.05,0,SURFACE_DENT,validation,reference
RUN-002269,WO-001135,P01,L02,MCH-012,PRD-048,2025-10-12,20.51,1.1599,2.3,G3_junior,4.6,96.1,50.348,3.527,1.014,0.0187,0.035,0,DIMENSION,train,reference
RUN-004101,WO-002051,P01,L01,MCH-005,PRD-034,2025-12-10,28.0,1.1232,1.0,G3_junior,2.6,96.1,48.551,3.229,1.007,0.0145,0.015,0,SOLDER_VOID,train,reference
RUN-007125,WO-003563,P03,L05,MCH-029,PRD-063,2026-03-16,19.46,1.1068,4.6,G2_mid,5.7,84.5,53.43,3.131,0.954,0.0769,0.06,1,SURFACE_DENT,train,reference
RUN-009019,WO-004510,P03,L06,MCH-033,PRD-061,2026-05-15,24.04,1.0535,10.6,G1_senior,4.8,76.8,53.902,3.798,0.621,0,0.04,0,DIMENSION,validation,reference
RUN-011280,WO-005640,P02,L03,MCH-015,PRD-066,2026-07-28,29.97,1.0758,2.8,G3_junior,7.6,88.6,51.352,3.245,1.031,0.0674,0.075,1,CONTAMINATION,test,reference
RUN-008284,WO-004142,P01,L01,MCH-006,PRD-060,2026-04-22,23.24,0.9968,11.2,G1_senior,6.7,84.7,51.192,2.769,0.696,0.0254,0.065,1,SURFACE_DENT,validation,reference
RUN-009756,WO-004878,P03,L05,MCH-025,PRD-052,2026-06-08,23.3,1.1033,2.8,G3_junior,7.2,82.7,61.043,5.909,0.727,0.0883,0.08,1,CONTAMINATION,test,reference
RUN-000906,WO-000453,P03,L05,MCH-025,PRD-052,2025-08-29,32.33,0.899,10.6,G1_senior,7.2,82.7,55.618,3.142,0.952,0.0903,0.056,1,SOLDER_VOID,train,reference
RUN-007696,WO-003848,P01,L01,MCH-001,PRD-072,2026-04-03,31.59,1.1238,2.3,G3_junior,4.1,84.7,53.292,3.052,0.715,0.0218,0.02,0,SCRATCH,validation,reference
RUN-004937,WO-002469,P01,L01,MCH-006,PRD-020,2026-01-06,26.22,0.9133,0.6,G3_junior,7.8,84.7,52.067,2.978,0.989,0.0926,0.1,1,SOLDER_VOID,train,reference
RUN-003338,WO-001669,P01,L02,MCH-007,PRD-053,2025-11-15,26.21,0.9202,1.0,G3_junior,5.6,88.0,48.79,3.426,1.01,0.0916,0.04,0,SURFACE_DENT,train,reference
RUN-002479,WO-001240,P02,L04,MCH-023,PRD-004,2025-10-18,19.0,1.0054,2.9,G3_junior,3.9,95.9,46.302,2.526,0.783,0.0066,0.01,0,NONE,train,reference
RUN-008573,WO-004287,P01,L02,MCH-011,PRD-048,2026-05-01,21.32,1.1651,1.0,G3_junior,4.6,96.1,50.283,3.373,1.009,0.0153,0.0375,0,DIMENSION,validation,reference
RUN-001156,WO-000578,P03,L06,MCH-033,PRD-022,2025-09-06,21.87,0.9506,2.0,G3_junior,4.3,85.8,50.691,3.885,0.714,0.067,0.045,0,SURFACE_DENT,train,reference
RUN-005349,WO-002675,P02,L03,MCH-015,PRD-017,2026-01-19,19.42,0.9146,9.4,G1_senior,4.3,96.3,50.767,3.083,0.623,0.0417,0.025,0,DIMENSION,train,reference
RUN-006722,WO-003361,P03,L05,MCH-029,PRD-033,2026-03-03,7.36,0.8365,1.3,G3_junior,4.7,88.0,53.954,3.339,0.865,0.0148,0.03,0,SURFACE_DENT,train,reference
RUN-007644,WO-003822,P02,L04,MCH-023,PRD-010,2026-04-01,34.67,0.8798,1.7,G3_junior,6.9,97.0,52.019,2.955,0.78,0,0.025,0,SCRATCH,validation,reference
RUN-000872,WO-000436,P03,L05,MCH-028,PRD-040,2025-08-28,29.28,1.059,0.8,G3_junior,8.4,82.7,54.627,5.021,1.04,0.0589,0.1,1,SCRATCH,train,reference
RUN-000407,WO-000204,P01,L01,MCH-004,PRD-007,2025-08-14,19.37,0.9264,0.5,G3_junior,3.9,88.0,48.998,3.025,0.914,0.046,0.02,0,DIMENSION,train,reference
RUN-001596,WO-000798,P03,L05,MCH-026,PRD-049,2025-09-20,25.95,0.8472,3.1,G2_mid,10,82.7,67.189,7.156,1.097,0.1048,0.1375,1,SOLDER_VOID,train,reference
RUN-008480,WO-004240,P02,L04,MCH-020,PRD-029,2026-04-28,22.41,0.9102,18,G1_senior,6.6,87.0,55.453,3.583,0.721,0.0179,0.02,0,SCRATCH,validation,reference
RUN-005184,WO-002592,P03,L05,MCH-030,PRD-054,2026-01-13,16.19,0.8826,0.2,G3_junior,6.3,71.4,53.254,3.37,0.989,0.1039,0.104,1,DIMENSION,train,reference
RUN-001424,WO-000712,P03,L05,MCH-026,PRD-070,2025-09-15,32.74,1.1495,4.8,G2_mid,3.9,87.4,58.06,10.013,0.725,0.0211,0.0125,0,MISSING_PART,train,reference
RUN-010759,WO-005380,P02,L04,MCH-020,PRD-013,2026-07-10,19.07,1.084,2.0,G3_junior,4.9,95.9,49.664,3.184,0.686,0.0501,0.035,0,DIMENSION,test,reference
RUN-008488,WO-004244,P03,L05,MCH-027,PRD-043,2026-04-28,18.96,0.9033,2.2,G3_junior,4.2,84.5,50.34,3.522,0.71,0.0958,0.0625,1,DIMENSION,validation,reference
RUN-009046,WO-004523,P03,L05,MCH-030,PRD-045,2026-05-16,29.85,0.9882,3.0,G3_junior,2.5,97.0,50.708,3.316,1.009,0,0.02,0,SOLDER_VOID,validation,reference
RUN-007786,WO-003893,P02,L04,MCH-023,PRD-046,2026-04-06,22.29,0.967,7.0,G2_mid,4.6,71.0,49.127,3.122,1.006,0.0762,0.04,0,CONTAMINATION,validation,reference
RUN-000261,WO-000131,P02,L03,MCH-013,PRD-002,2025-08-09,20.72,1.1446,0.2,G3_junior,5.3,88.0,49.001,2.851,0.636,0.0619,0.06,1,CONTAMINATION,train,reference
RUN-009639,WO-004820,P03,L06,MCH-032,PRD-012,2026-06-04,21.32,1.0349,1.2,G3_junior,2.1,92.1,54.929,2.818,0.937,0.0043,0.03,0,SOLDER_VOID,test,reference
RUN-001807,WO-000904,P01,L01,MCH-003,PRD-027,2025-09-27,40.11,0.8295,3.4,G2_mid,7.1,89.9,48.604,2.854,1.006,0.0708,0.032,0,SCRATCH,train,reference
RUN-008606,WO-004303,P01,L02,MCH-007,PRD-002,2026-05-02,28.13,1.0092,2.8,G3_junior,5.3,88.0,51.883,3.736,0.874,0.0309,0.035,0,CONTAMINATION,validation,reference
RUN-009889,WO-004945,P02,L04,MCH-019,PRD-036,2026-06-12,25.18,1.1699,3.1,G2_mid,4.1,87.0,67.163,5.757,0.692,0.0328,0.05,0,SURFACE_DENT,test,reference
RUN-003472,WO-001736,P03,L06,MCH-033,PRD-035,2025-11-19,22.34,0.9293,6.5,G2_mid,4.3,84.7,52.003,3.276,0.798,0.0368,0.02,0,MISSING_PART,train,reference
RUN-009937,WO-004969,P01,L02,MCH-009,PRD-024,2026-06-15,29.02,0.9545,0.6,G3_junior,7.6,85.8,53.016,5.616,0.866,0.1123,0.0875,1,SURFACE_DENT,test,reference
RUN-008921,WO-004461,P01,L01,MCH-003,PRD-013,2026-05-13,19.61,1.0867,0.2,G3_junior,4.9,95.9,52.826,3.444,0.989,0.033,0.032,0,SURFACE_DENT,validation,reference
RUN-002836,WO-001418,P03,L06,MCH-034,PRD-017,2025-10-29,28.13,0.9557,2.2,G3_junior,4.3,96.3,48.656,2.713,0.885,0.0141,0.0375,0,SURFACE_DENT,train,reference
RUN-010360,WO-005180,P02,L03,MCH-015,PRD-070,2026-06-28,13.25,0.9457,2.0,G3_junior,3.9,87.4,45.537,2.806,1.03,0.0084,0.02,0,DIMENSION,test,reference
RUN-010560,WO-005280,P01,L01,MCH-006,PRD-078,2026-07-04,24.11,0.8706,3.3,G2_mid,4.6,84.7,47.132,3.587,0.715,0.0513,0.025,0,DIMENSION,test,reference
RUN-011338,WO-005669,P03,L06,MCH-031,PRD-013,2026-07-29,30.64,1.1097,0.2,G3_junior,4.9,95.9,55.074,3.538,0.702,0.0399,0.05,0,SURFACE_DENT,test,reference
RUN-002665,WO-001333,P01,L02,MCH-008,PRD-071,2025-10-24,17.45,0.9127,1.2,G3_junior,6.2,84.7,52.752,2.484,0.706,0.0915,0.0625,1,SCRATCH,train,reference
RUN-002595,WO-001298,P01,L02,MCH-009,PRD-075,2025-10-22,23.08,0.8453,7.1,G2_mid,6.8,96.3,53.461,3.481,0.789,0.0165,0.02,0,MISSING_PART,train,reference
RUN-004768,WO-002384,P01,L02,MCH-010,PRD-029,2025-12-31,35.98,1.1905,11.5,G1_senior,6.6,87.0,51.608,3.708,0.741,0.103,0.04,1,DIMENSION,train,reference
RUN-004599,WO-002300,P03,L05,MCH-030,PRD-021,2025-12-25,21.57,1.1736,0,G0_unknown,3.0,95.9,53.074,3.38,0.894,0.0567,0.025,0,SOLDER_VOID,train,reference
RUN-007425,WO-003713,P03,L05,MCH-025,PRD-010,2026-03-25,28.28,0.9951,3.0,G3_junior,6.9,97.0,55.432,3.137,0.804,0.0666,0.02,0,SCRATCH,train,reference
RUN-010115,WO-005058,P01,L02,MCH-012,PRD-004,2026-06-20,34.0,0.8685,9.4,G1_senior,3.9,95.9,51.845,3.423,0.881,0.0455,0.02,0,SURFACE_DENT,test,reference
RUN-000060,WO-000030,P02,L03,MCH-016,PRD-070,2025-08-03,21.79,1.0067,3.1,G2_mid,3.9,87.4,49.782,3.208,1.078,0.0081,0.016,0,SURFACE_DENT,train,reference
RUN-009818,WO-004909,P02,L04,MCH-021,PRD-001,2026-06-10,27.31,1.0889,0.5,G3_junior,8.2,89.9,49.435,2.828,0.844,0.09,0.075,1,SURFACE_DENT,test,reference
RUN-001646,WO-000823,P02,L04,MCH-023,PRD-040,2025-09-22,27.36,0.8628,3.0,G3_junior,8.4,82.7,52.66,2.851,0.657,0.1555,0.12,1,SCRATCH,train,reference
RUN-008897,WO-004449,P02,L03,MCH-015,PRD-037,2026-05-12,14.48,1.0742,2.7,G3_junior,4.2,88.0,51.007,3.103,0.947,0.0653,0.0,0,NONE,validation,reference
RUN-005042,WO-002521,P03,L06,MCH-032,PRD-038,2026-01-08,15.56,0.9613,1.4,G3_junior,3.2,85.8,52.547,3.541,1.008,0.0098,0.0375,0,MISSING_PART,train,reference
RUN-008465,WO-004233,P01,L02,MCH-011,PRD-029,2026-04-28,29.07,1.0143,0,G0_unknown,6.6,87.0,53.767,2.971,0.731,0.052,0.055,1,MISSING_PART,validation,reference
RUN-000885,WO-000443,P01,L02,MCH-011,PRD-008,2025-08-29,29.51,1.1934,2.3,G3_junior,3.4,84.5,53.311,3.168,1.011,0.0632,0.05,0,SOLDER_VOID,train,reference
RUN-002073,WO-001037,P01,L01,MCH-004,PRD-068,2025-10-06,20.09,0.8643,2.0,G3_junior,2.3,71.0,54.07,3.144,0.759,0.0441,0.04,0,MISSING_PART,train,reference
RUN-006979,WO-003490,P03,L05,MCH-029,PRD-008,2026-03-11,24.03,0.8936,0.2,G3_junior,3.4,84.5,52.126,3.063,0.681,0.0472,0.032,0,DIMENSION,train,reference
RUN-010665,WO-005333,P03,L06,MCH-032,PRD-024,2026-07-07,31.54,0.9562,7.6,G2_mid,7.6,85.8,53.367,3.359,0.675,0.0513,0.064,1,SURFACE_DENT,test,reference
RUN-003324,WO-001662,P03,L05,MCH-029,PRD-045,2025-11-14,17.29,1.2058,0.2,G3_junior,2.5,97.0,63.705,20.551,1.1,0.0253,0.008,0,DIMENSION,train,reference
RUN-004179,WO-002090,P01,L02,MCH-010,PRD-031,2025-12-12,18.03,0.9571,4.8,G2_mid,7.0,95.9,54.301,3.236,0.806,0.0273,0.016,0,CONTAMINATION,train,reference
RUN-007046,WO-003523,P02,L04,MCH-021,PRD-067,2026-03-13,15.41,0.9727,12.8,G1_senior,4.5,71.0,50.432,2.938,0.721,0.0237,0.0625,1,SOLDER_VOID,train,reference
RUN-001327,WO-000664,P01,L01,MCH-002,PRD-034,2025-09-12,28.22,1.1021,3.2,G2_mid,2.6,96.1,51.321,2.843,1.017,0.044,0.02,0,DIMENSION,train,reference
RUN-006795,WO-003398,P03,L05,MCH-026,PRD-010,2026-03-05,33.03,0.934,0.2,G3_junior,6.9,97.0,51.194,3.291,0.998,0.0122,0.0375,0,SCRATCH,train,reference
RUN-001147,WO-000574,P02,L04,MCH-021,PRD-023,2025-09-06,17.69,1.1408,2.6,G3_junior,5.0,85.8,48.665,2.773,0.813,0.0612,0.04,0,SURFACE_DENT,train,reference
RUN-006408,WO-003204,P03,L06,MCH-032,PRD-013,2026-02-20,28.46,1.1219,7.0,G2_mid,4.9,95.9,52.542,3.237,0.699,0,0.02,0,SURFACE_DENT,train,reference
RUN-005348,WO-002674,P01,L02,MCH-010,PRD-051,2026-01-19,34.05,1.0151,2.6,G3_junior,6.9,96.1,50.323,3.791,1.004,0.0602,0.05,0,DIMENSION,train,reference
RUN-000258,WO-000129,P01,L02,MCH-008,PRD-022,2025-08-09,24.12,0.9718,3.1,G2_mid,4.3,85.8,46.69,2.634,1.021,0.0702,0.025,0,MISSING_PART,train,reference
RUN-004541,WO-002271,P01,L02,MCH-009,PRD-060,2025-12-24,35.95,0.9515,1.7,G3_junior,6.7,84.7,51.033,3.433,0.981,0.0946,0.075,1,CONTAMINATION,train,reference
RUN-003980,WO-001990,P03,L06,MCH-035,PRD-066,2025-12-05,27.46,1.1125,0.2,G3_junior,7.6,88.6,52.019,3.267,0.971,0.0912,0.0875,1,SURFACE_DENT,train,reference
RUN-003694,WO-001847,P01,L02,MCH-010,PRD-001,2025-11-27,31.92,1.0763,11.8,G1_senior,8.2,89.9,56.443,3.589,0.855,0.0168,0.056,1,SCRATCH,train,reference
RUN-001097,WO-000549,P03,L06,MCH-034,PRD-043,2025-09-04,26.4,0.9893,0.2,G3_junior,4.2,84.5,49.057,2.717,1.036,0.0088,0.04,1,SCRATCH,train,reference
RUN-008769,WO-004385,P03,L06,MCH-033,PRD-004,2026-05-07,28.98,0.9237,2.3,G3_junior,3.9,95.9,55.351,3.812,0.789,0.0223,0.03,0,MISSING_PART,validation,reference
RUN-004711,WO-002356,P03,L05,MCH-030,PRD-006,2025-12-29,18.71,1.1133,18,G1_senior,7.3,92.1,53.118,3.306,1.017,0.0008,0.016,0,DIMENSION,train,reference
RUN-003703,WO-001852,P02,L03,MCH-018,PRD-069,2025-11-27,32.56,1.1123,18,G1_senior,10,88.6,53.196,3.631,0.753,0.0928,0.06,1,CONTAMINATION,train,reference
RUN-010355,WO-005178,P01,L02,MCH-007,PRD-053,2026-06-28,22.14,1.0091,1.0,G3_junior,5.6,88.0,52.019,3.622,1.042,0.0005,0.02,0,SOLDER_VOID,test,reference
RUN-009149,WO-004575,P02,L03,MCH-017,PRD-003,2026-05-20,19.71,0.9198,0.5,G3_junior,4.8,95.9,50.629,2.785,0.89,0,0.02,0,CONTAMINATION,test,reference
RUN-003620,WO-001810,P01,L01,MCH-002,PRD-032,2025-11-25,23.83,0.98,3.2,G2_mid,6.2,96.1,54.061,2.967,0.979,0.0398,0.03,0,SCRATCH,train,reference
RUN-005666,WO-002833,P01,L01,MCH-006,PRD-061,2026-01-29,20.7,1.1536,1.0,G3_junior,4.8,76.8,47.72,3.233,0.814,0.0807,0.085,1,DIMENSION,train,reference
RUN-007972,WO-003986,P02,L03,MCH-017,PRD-017,2026-04-12,32.85,1.1609,1.0,G3_junior,4.3,96.3,48.069,3.219,0.998,0.0466,0.0375,0,DIMENSION,validation,reference
RUN-008953,WO-004477,P01,L01,MCH-005,PRD-020,2026-05-14,30.05,1.1599,2.8,G3_junior,7.8,84.7,49.318,3.496,0.933,0.0718,0.12,1,SOLDER_VOID,validation,reference
RUN-006274,WO-003137,P01,L02,MCH-011,PRD-004,2026-02-17,27.94,1.0102,2.8,G3_junior,3.9,95.9,52.814,3.148,0.766,0.0001,0.024,0,DIMENSION,train,reference
RUN-005367,WO-002684,P03,L06,MCH-035,PRD-013,2026-01-19,30.72,1.0481,4.6,G2_mid,4.9,95.9,49.978,4.472,0.803,0.0256,0.0,0,NONE,train,reference
RUN-010672,WO-005336,P01,L01,MCH-002,PRD-007,2026-07-08,36.35,1.0239,6.1,G2_mid,3.9,88.0,54.79,3.349,1.006,0.0031,0.04,0,DIMENSION,test,reference
RUN-001384,WO-000692,P03,L06,MCH-033,PRD-003,2025-09-13,24.0,1.101,2.0,G3_junior,4.8,95.9,48.708,3.617,0.774,0.0766,0.045,0,SOLDER_VOID,train,reference
RUN-009611,WO-004806,P01,L01,MCH-006,PRD-029,2026-06-04,24.22,0.8497,14.6,G1_senior,6.6,87.0,52.599,2.931,1.078,0,0.02,0,SCRATCH,test,reference
RUN-002044,WO-001022,P01,L01,MCH-003,PRD-064,2025-10-05,30.54,0.9054,12.8,G1_senior,4.9,89.9,49.429,3.413,0.843,0.0071,0.032,0,SURFACE_DENT,train,reference
RUN-010874,WO-005437,P03,L05,MCH-025,PRD-073,2026-07-14,13.02,1.096,3.0,G3_junior,3.4,87.4,56.076,3.239,0.648,0.0184,0.05,0,DIMENSION,test,reference
RUN-010718,WO-005359,P02,L03,MCH-014,PRD-063,2026-07-09,15.04,1.1096,2.1,G3_junior,5.7,84.5,52.809,3.357,0.803,0.0283,0.06,1,NONE,test,reference
RUN-000978,WO-000489,P02,L04,MCH-023,PRD-072,2025-09-01,15.15,1.1142,11.8,G1_senior,4.1,84.7,49.505,2.861,0.726,0.011,0.02,0,SURFACE_DENT,train,reference
RUN-002849,WO-001425,P01,L02,MCH-011,PRD-002,2025-10-30,25.26,0.9589,12.8,G1_senior,5.3,88.0,48.174,3.092,1.018,0.0349,0.045,0,MISSING_PART,train,reference
RUN-010312,WO-005156,P02,L04,MCH-021,PRD-031,2026-06-26,31.68,0.9464,0.2,G3_junior,7.0,95.9,53.499,3.366,0.671,0.059,0.056,1,DIMENSION,test,reference
RUN-001783,WO-000892,P02,L03,MCH-015,PRD-027,2025-09-26,32.46,0.9377,1.7,G3_junior,7.1,89.9,51.22,2.824,0.786,0.056,0.06,1,DIMENSION,train,reference
RUN-001943,WO-000972,P02,L04,MCH-019,PRD-035,2025-10-01,19.44,1.0453,7.0,G2_mid,4.3,84.7,54.205,3.146,0.946,0.007,0.02,0,SOLDER_VOID,train,reference
RUN-004499,WO-002250,P01,L01,MCH-001,PRD-023,2025-12-23,30.24,1.1222,3.4,G2_mid,5.0,85.8,52.295,6.014,0.716,0.0629,0.04,0,SCRATCH,train,reference
RUN-001446,WO-000723,P02,L03,MCH-013,PRD-023,2025-09-16,23.68,1.1284,6.1,G2_mid,5.0,85.8,51.295,6.042,1.037,0.0543,0.056,1,DIMENSION,train,reference
RUN-009981,WO-004991,P02,L03,MCH-016,PRD-066,2026-06-16,34.51,1.1117,1.2,G3_junior,7.6,88.6,52.803,2.966,1.049,0.1158,0.075,1,SURFACE_DENT,test,reference
RUN-005590,WO-002795,P01,L01,MCH-002,PRD-028,2026-01-27,22.06,0.8985,2.1,G3_junior,6.4,97.0,50.64,3.467,1.016,0,0.03,0,SURFACE_DENT,train,reference
RUN-009217,WO-004609,P01,L02,MCH-011,PRD-063,2026-05-22,25.6,1.099,2.8,G3_junior,5.7,84.5,46.681,2.851,0.849,0.1018,0.05,0,SOLDER_VOID,test,reference
RUN-006570,WO-003285,P02,L04,MCH-022,PRD-023,2026-02-26,17.58,1.1315,0.8,G3_junior,5.0,85.8,52.486,2.736,0.681,0.0126,0.06,1,DIMENSION,train,reference
RUN-003098,WO-001549,P02,L03,MCH-015,PRD-002,2025-11-07,23.19,0.9972,5.7,G2_mid,5.3,88.0,48.67,3.369,0.842,0.0515,0.024,0,MISSING_PART,train,reference
RUN-006779,WO-003390,P02,L03,MCH-015,PRD-045,2026-03-05,14.42,1.0227,6.5,G2_mid,2.5,97.0,53.771,3.114,0.975,0.0506,0.02,0,CONTAMINATION,train,reference
RUN-005059,WO-002530,P02,L03,MCH-017,PRD-066,2026-01-09,37.78,1.1157,7.0,G2_mid,7.6,88.6,51.86,3.57,0.658,0.0488,0.04,0,CONTAMINATION,train,reference
RUN-002979,WO-001490,P01,L01,MCH-006,PRD-072,2025-11-04,22.17,0.9885,1.3,G3_junior,4.1,84.7,53.859,3.173,1.006,0.0556,0.05,0,SURFACE_DENT,train,reference
RUN-004110,WO-002055,P02,L03,MCH-016,PRD-070,2025-12-10,27.29,1.0554,2.8,G3_junior,3.9,87.4,53.065,3.003,1.063,0,0.015,0,SURFACE_DENT,train,reference
RUN-007462,WO-003731,P03,L05,MCH-030,PRD-045,2026-03-26,21.43,0.8536,0.2,G3_junior,2.5,97.0,53.899,3.439,0.661,0,0.016,0,SOLDER_VOID,validation,reference
RUN-004112,WO-002056,P02,L03,MCH-016,PRD-023,2025-12-10,14.32,0.8832,10.6,G1_senior,5.0,85.8,53.065,3.003,0.64,0,0.02,0,CONTAMINATION,train,reference
RUN-001065,WO-000533,P03,L06,MCH-033,PRD-003,2025-09-03,38.4,1.0688,1.4,G3_junior,4.8,95.9,53.406,9.84,0.93,0.0355,0.0125,0,MISSING_PART,train,reference
RUN-004086,WO-002043,P03,L05,MCH-029,PRD-020,2025-12-09,25.88,1.1455,1.2,G3_junior,7.8,84.7,53.085,3.437,0.806,0.1346,0.11,1,MISSING_PART,train,reference
RUN-006068,WO-003034,P03,L05,MCH-029,PRD-050,2026-02-10,16.09,1.0772,2.0,G3_junior,5.5,88.6,50.0,3.015,0.935,0.0479,0.04,0,SOLDER_VOID,train,reference
RUN-000836,WO-000418,P03,L05,MCH-025,PRD-002,2025-08-27,13.72,1.0886,5.7,G2_mid,5.3,88.0,52.163,3.534,0.64,0.0485,0.04,0,DIMENSION,train,reference
RUN-006063,WO-003032,P03,L05,MCH-029,PRD-064,2026-02-10,26.28,1.0401,2.1,G3_junior,4.9,89.9,50.0,3.015,0.811,0.0282,0.03,0,SURFACE_DENT,train,reference
RUN-006067,WO-003034,P03,L05,MCH-025,PRD-050,2026-02-10,20.64,0.8612,0.2,G3_junior,5.5,88.6,55.058,3.162,1.016,0.0744,0.06,1,SOLDER_VOID,train,reference
RUN-006750,WO-003375,P02,L04,MCH-022,PRD-006,2026-03-04,30.57,1.149,0.2,G3_junior,7.3,92.1,50.952,3.189,0.99,0.0232,0.056,1,CONTAMINATION,train,reference
RUN-003745,WO-001873,P02,L04,MCH-019,PRD-005,2025-11-28,36.59,0.8388,2.3,G3_junior,5.2,85.8,51.521,3.212,0.722,0.054,0.05,0,SCRATCH,train,reference
RUN-005311,WO-002656,P01,L02,MCH-011,PRD-061,2026-01-17,23.73,1.031,2.7,G3_junior,4.8,76.8,49.39,3.364,0.703,0.0437,0.065,1,SOLDER_VOID,train,reference
RUN-004715,WO-002358,P03,L06,MCH-036,PRD-078,2025-12-29,17.58,1.077,1.6,G3_junior,4.6,84.7,52.914,3.736,0.794,0.0663,0.04,0,CONTAMINATION,train,reference
RUN-000825,WO-000413,P02,L04,MCH-020,PRD-079,2025-08-27,32.3,0.8647,9.4,G1_senior,3.3,71.4,52.101,3.034,0.772,0,0.04,0,SOLDER_VOID,train,reference
RUN-005605,WO-002803,P02,L03,MCH-014,PRD-017,2026-01-27,20.09,1.0601,6.1,G2_mid,4.3,96.3,54.162,3.305,0.696,0.0417,0.02,0,SOLDER_VOID,train,reference
RUN-000623,WO-000312,P03,L06,MCH-032,PRD-073,2025-08-20,20.71,1.1007,1.2,G3_junior,3.4,87.4,53.176,3.562,0.903,0.0162,0.02,0,SURFACE_DENT,train,reference
RUN-009678,WO-004839,P03,L06,MCH-035,PRD-070,2026-06-05,15.97,1.1624,0.2,G3_junior,3.9,87.4,53.621,3.506,0.866,0.0215,0.025,0,SURFACE_DENT,test,reference
RUN-010402,WO-005201,P03,L05,MCH-029,PRD-006,2026-06-29,34.82,1.072,0.2,G3_junior,7.3,92.1,53.298,3.675,1.023,0.0708,0.056,1,CONTAMINATION,test,reference
RUN-010542,WO-005271,P02,L04,MCH-019,PRD-024,2026-07-03,19.5,1.0261,8.9,G1_senior,7.6,85.8,51.616,3.191,1.084,0.0533,0.072,1,DIMENSION,test,reference
RUN-011119,WO-005560,P03,L06,MCH-032,PRD-016,2026-07-22,22.75,1.053,3.2,G2_mid,4.3,85.8,53.577,3.105,0.938,0.084,0.048,0,SURFACE_DENT,test,reference
RUN-011040,WO-005520,P02,L04,MCH-021,PRD-005,2026-07-20,16.69,1.005,0,G0_unknown,5.2,85.8,51.968,3.236,0.759,0.039,0.06,1,SCRATCH,test,reference
RUN-000030,WO-000015,P03,L05,MCH-027,PRD-010,2025-08-01,30.9,0.9596,18,G1_senior,6.9,97.0,51.402,2.693,0.74,0.0093,0.008,0,CONTAMINATION,train,reference
RUN-005206,WO-002603,P01,L02,MCH-009,PRD-064,2026-01-14,25.44,1.0863,0.7,G3_junior,4.9,89.9,51.252,2.902,1.086,0.0769,0.04,0,DIMENSION,train,reference
RUN-004303,WO-002152,P03,L06,MCH-034,PRD-034,2025-12-16,10.22,1.0134,1.0,G3_junior,2.6,96.1,49.936,2.473,1.002,0.0035,0.0,0,NONE,train,reference
RUN-001057,WO-000529,P03,L05,MCH-025,PRD-015,2025-09-03,26.14,1.1199,2.3,G3_junior,8.8,92.1,54.124,2.965,0.943,0.1191,0.08,1,SCRATCH,train,reference
RUN-007704,WO-003852,P01,L02,MCH-007,PRD-060,2026-04-03,33.09,1.0391,0.2,G3_junior,6.7,84.7,54.431,3.67,0.646,0.0588,0.075,1,SOLDER_VOID,validation,reference
RUN-002596,WO-001298,P01,L02,MCH-012,PRD-075,2025-10-22,20.98,1.1579,3.3,G2_mid,6.8,96.3,54.62,3.571,1.053,0.0132,0.04,0,MISSING_PART,train,reference
RUN-010446,WO-005223,P03,L06,MCH-036,PRD-015,2026-06-30,28.47,1.0419,1.0,G3_junior,8.8,92.1,57.482,3.446,1.083,0.0735,0.072,1,DIMENSION,test,reference
RUN-009197,WO-004599,P03,L05,MCH-027,PRD-062,2026-05-21,30.56,0.9753,1.0,G3_junior,6.8,71.4,51.532,3.091,0.796,0.1253,0.125,1,SCRATCH,test,reference
RUN-004569,WO-002285,P03,L06,MCH-035,PRD-022,2025-12-24,30.13,0.9359,3.3,G2_mid,4.3,85.8,53.677,2.975,1.037,0.0755,0.05,0,SURFACE_DENT,train,reference
RUN-003570,WO-001785,P03,L06,MCH-032,PRD-070,2025-11-22,18.21,0.8583,3.3,G2_mid,3.9,87.4,47.353,3.001,0.63,0.0236,0.03,0,SURFACE_DENT,train,reference
RUN-002701,WO-001351,P02,L03,MCH-014,PRD-071,2025-10-25,23.87,0.9348,1.0,G3_junior,6.2,84.7,50.036,3.419,1.08,0.0184,0.05,0,SURFACE_DENT,train,reference
RUN-004802,WO-002401,P01,L02,MCH-012,PRD-048,2026-01-01,17.73,1.0405,0.7,G3_junior,4.6,96.1,55.817,3.215,0.663,0.0126,0.015,0,DIMENSION,train,reference
RUN-001046,WO-000523,P02,L03,MCH-014,PRD-058,2025-09-03,35.25,1.1242,1.2,G3_junior,8.8,71.4,52.496,3.371,1.043,0.1477,0.128,1,MISSING_PART,train,reference
RUN-003696,WO-001848,P01,L02,MCH-010,PRD-012,2025-11-27,21.34,0.9815,2.8,G3_junior,2.1,92.1,56.443,3.589,0.747,0.0062,0.01,0,MISSING_PART,train,reference
RUN-007455,WO-003728,P02,L04,MCH-023,PRD-006,2026-03-26,26.04,1.0036,12.8,G1_senior,7.3,92.1,51.288,2.948,0.808,0.0354,0.02,0,SOLDER_VOID,validation,reference
RUN-001452,WO-000726,P02,L04,MCH-023,PRD-003,2025-09-16,32.92,1.0556,3.0,G3_junior,4.8,95.9,51.792,3.306,0.692,0.0201,0.024,0,MISSING_PART,train,reference
RUN-001332,WO-000666,P01,L01,MCH-004,PRD-047,2025-09-12,17.21,0.8376,0.6,G3_junior,6.4,95.9,51.255,3.038,0.925,0.0034,0.03,0,SURFACE_DENT,train,reference
RUN-003484,WO-001742,P01,L02,MCH-007,PRD-051,2025-11-20,18.39,0.9233,1.0,G3_junior,6.9,96.1,53.973,3.384,0.914,0.0681,0.06,1,SOLDER_VOID,train,reference
RUN-002297,WO-001149,P01,L02,MCH-012,PRD-036,2025-10-13,17.45,1.0789,2.3,G3_junior,4.1,87.0,56.017,3.485,0.741,0.0795,0.0625,1,SCRATCH,train,reference
RUN-002364,WO-001182,P01,L01,MCH-002,PRD-052,2025-10-15,34.0,1.0612,0.2,G3_junior,7.2,82.7,51.116,3.25,0.717,0.1249,0.08,1,MISSING_PART,train,reference
RUN-008780,WO-004390,P01,L01,MCH-001,PRD-066,2026-05-08,20.02,1.0263,4.6,G2_mid,7.6,88.6,49.561,3.076,0.9,0.0955,0.04,0,SCRATCH,validation,reference
RUN-010726,WO-005363,P02,L04,MCH-023,PRD-002,2026-07-09,26.62,0.9107,1.2,G3_junior,5.3,88.0,52.254,3.237,0.659,0.1015,0.06,1,SCRATCH,test,reference
RUN-008673,WO-004337,P01,L02,MCH-010,PRD-007,2026-05-05,15.61,0.8618,0.6,G3_junior,3.9,88.0,50.498,3.072,0.95,0.0297,0.04,1,CONTAMINATION,validation,reference
RUN-005075,WO-002538,P03,L06,MCH-034,PRD-006,2026-01-09,21.15,1.1269,0.2,G3_junior,7.3,92.1,50.157,2.922,0.698,0.0361,0.065,1,CONTAMINATION,train,reference
RUN-003286,WO-001643,P03,L05,MCH-029,PRD-075,2025-11-13,27.12,1.1792,1.7,G3_junior,6.8,96.3,63.285,5.738,0.635,0.0643,0.04,0,SURFACE_DENT,train,reference
RUN-009321,WO-004661,P01,L01,MCH-006,PRD-059,2026-05-26,17.23,0.9803,2.8,G3_junior,5.9,88.6,50.842,2.919,0.642,0.056,0.06,1,CONTAMINATION,test,reference
RUN-008816,WO-004408,P01,L02,MCH-011,PRD-008,2026-05-09,18.36,1.0,3.2,G2_mid,3.4,84.5,47.576,8.815,0.837,0.0008,0.025,0,SURFACE_DENT,validation,reference
RUN-000116,WO-000058,P01,L02,MCH-009,PRD-012,2025-08-05,17.96,1.0447,11.2,G1_senior,2.1,92.1,54.479,2.996,0.644,0.0239,0.0,0,NONE,train,reference
RUN-008166,WO-004083,P01,L01,MCH-005,PRD-051,2026-04-18,32.71,0.9756,7.2,G2_mid,6.9,96.1,44.335,2.763,0.768,0.0117,0.0,0,NONE,validation,reference
RUN-007402,WO-003701,P01,L01,MCH-006,PRD-078,2026-03-25,28.18,0.8706,7.6,G2_mid,4.6,84.7,53.625,3.042,1.056,0.0422,0.04,0,MISSING_PART,train,reference
RUN-001385,WO-000693,P01,L01,MCH-004,PRD-046,2025-09-14,32.05,0.8837,8.2,G1_senior,4.6,71.0,47.1,3.21,0.866,0.0821,0.072,1,SCRATCH,train,reference
RUN-000015,WO-000008,P02,L03,MCH-018,PRD-023,2025-08-01,27.93,1.15,1.0,G3_junior,5.0,85.8,53.449,3.309,1.048,0.1074,0.064,1,CONTAMINATION,train,reference
RUN-005025,WO-002513,P02,L04,MCH-022,PRD-052,2026-01-08,29.03,1.1041,1.0,G3_junior,7.2,82.7,49.014,3.198,0.858,0.0747,0.1,1,SCRATCH,train,reference
RUN-011297,WO-005649,P03,L06,MCH-032,PRD-048,2026-07-28,21.78,0.8716,0.8,G3_junior,4.6,96.1,54.2,3.092,0.764,0.0268,0.02,0,MISSING_PART,test,reference
RUN-008330,WO-004165,P02,L03,MCH-016,PRD-058,2026-04-23,24.67,1.141,11.2,G1_senior,8.8,71.4,55.328,3.188,1.092,0.1266,0.12,1,DIMENSION,validation,reference
RUN-003707,WO-001854,P02,L04,MCH-023,PRD-037,2025-11-27,20.32,1.02,0.2,G3_junior,4.2,88.0,50.812,3.549,1.062,0.0362,0.02,0,SOLDER_VOID,train,reference
RUN-006957,WO-003479,P01,L02,MCH-012,PRD-071,2026-03-11,29.92,1.1464,2.8,G3_junior,6.2,84.7,52.536,3.432,0.945,0,0.05,0,SCRATCH,train,reference
RUN-007691,WO-003846,P03,L06,MCH-033,PRD-037,2026-04-02,26.72,1.1228,11.2,G1_senior,4.2,88.0,56.018,3.32,0.949,0.0083,0.02,0,MISSING_PART,validation,reference
RUN-000536,WO-000268,P02,L03,MCH-013,PRD-042,2025-08-18,14.62,1.101,0.8,G3_junior,1.4,89.9,54.073,3.031,0.635,0,0.0,0,NONE,train,reference
RUN-001984,WO-000992,P03,L05,MCH-025,PRD-044,2025-10-02,16.3,1.0377,0,G0_unknown,4.1,88.0,57.619,3.701,0.827,0.0008,0.05,0,CONTAMINATION,train,reference
RUN-009473,WO-004737,P03,L05,MCH-029,PRD-049,2026-05-30,32.3,1.0459,8.9,G1_senior,10,82.7,48.182,3.008,0.821,0.1401,0.12,1,SCRATCH,test,reference
RUN-009277,WO-004639,P02,L04,MCH-021,PRD-049,2026-05-24,30.59,1.0883,7.0,G2_mid,10,82.7,46.546,2.999,0.918,0.075,0.12,1,SCRATCH,test,reference
RUN-009912,WO-004956,P02,L03,MCH-018,PRD-045,2026-06-13,14.4,1.0052,0.8,G3_junior,2.5,97.0,48.834,3.115,0.748,0.0475,0.0,0,NONE,test,reference
RUN-007630,WO-003815,P01,L02,MCH-011,PRD-024,2026-04-01,25.2,1.0143,2.3,G3_junior,7.6,85.8,52.555,3.258,0.754,0.0964,0.0875,1,DIMENSION,validation,reference
RUN-001442,WO-000721,P01,L02,MCH-008,PRD-037,2025-09-16,19.81,1.0503,6.5,G2_mid,4.2,88.0,49.233,2.691,1.086,0.0135,0.015,0,SCRATCH,train,reference
RUN-000362,WO-000181,P03,L05,MCH-025,PRD-022,2025-08-12,40.61,0.8897,0.2,G3_junior,4.3,85.8,55.144,3.583,1.017,0.0071,0.035,0,SURFACE_DENT,train,reference
RUN-010812,WO-005406,P01,L01,MCH-004,PRD-027,2026-07-13,23.73,1.1597,10.6,G1_senior,7.1,89.9,52.777,2.979,0.99,0.0452,0.04,0,DIMENSION,test,reference
RUN-008620,WO-004310,P01,L02,MCH-008,PRD-031,2026-05-03,31.25,1.1517,7.6,G2_mid,7.0,95.9,45.129,2.498,0.621,0.0502,0.04,0,DIMENSION,validation,reference
RUN-004867,WO-002434,P01,L02,MCH-008,PRD-031,2026-01-03,28.54,1.136,0.7,G3_junior,7.0,95.9,45.219,2.987,0.819,0.0289,0.04,0,MISSING_PART,train,reference
RUN-007248,WO-003624,P01,L01,MCH-005,PRD-029,2026-03-20,33.9,0.8286,7.0,G2_mid,6.6,87.0,54.946,2.625,1.043,0.0172,0.048,0,SCRATCH,train,reference
RUN-011316,WO-005658,P02,L03,MCH-017,PRD-073,2026-07-29,18.99,0.9613,0.7,G3_junior,3.4,87.4,54.15,3.245,0.939,0,0.015,0,NONE,test,reference
RUN-007263,WO-003632,P02,L04,MCH-023,PRD-005,2026-03-20,37.13,1.1691,2.8,G3_junior,5.2,85.8,54.778,3.138,0.818,0.0932,0.0875,1,SCRATCH,train,reference
RUN-002610,WO-001305,P02,L04,MCH-020,PRD-013,2025-10-22,42.54,1.0785,1.0,G3_junior,4.9,95.9,48.703,3.145,0.649,0.0287,0.02,0,SCRATCH,train,reference
RUN-004326,WO-002163,P02,L03,MCH-017,PRD-043,2025-12-17,35.26,0.8718,2.8,G3_junior,4.2,84.5,52.506,2.955,1.099,0.0295,0.02,0,MISSING_PART,train,reference
RUN-007145,WO-003573,P01,L02,MCH-008,PRD-064,2026-03-17,15.42,0.9921,7.2,G2_mid,4.9,89.9,50.008,2.633,0.951,0.0698,0.04,0,NONE,train,reference
RUN-003454,WO-001727,P02,L03,MCH-016,PRD-057,2025-11-19,24.99,1.0103,2.8,G3_junior,5.6,88.6,54.92,3.394,0.621,0.0122,0.04,0,DIMENSION,train,reference
RUN-000056,WO-000028,P03,L06,MCH-033,PRD-070,2025-08-02,22.89,1.1344,3.3,G2_mid,3.9,87.4,57.486,3.355,0.737,0,0.032,0,DIMENSION,train,reference
RUN-004354,WO-002177,P01,L02,MCH-009,PRD-052,2025-12-18,35.94,0.9253,0.6,G3_junior,7.2,82.7,53.687,3.212,0.721,0.1166,0.105,1,SCRATCH,train,reference
RUN-010443,WO-005222,P03,L06,MCH-036,PRD-015,2026-06-30,24.17,0.8721,1.2,G3_junior,8.8,92.1,57.482,3.446,0.646,0.0882,0.1,1,SCRATCH,test,reference
RUN-009576,WO-004788,P01,L01,MCH-004,PRD-031,2026-06-03,22.24,0.8615,5.8,G2_mid,7.0,95.9,52.289,3.014,0.817,0.0824,0.064,1,DIMENSION,test,reference
RUN-006160,WO-003080,P02,L03,MCH-015,PRD-023,2026-02-13,27.83,1.0379,14.6,G1_senior,5.0,85.8,52.567,2.839,1.088,0.0375,0.025,0,SCRATCH,train,reference
RUN-003553,WO-001777,P01,L02,MCH-008,PRD-022,2025-11-22,26.21,1.1231,1.2,G3_junior,4.3,85.8,45.478,2.723,0.631,0.0957,0.06,1,SURFACE_DENT,train,reference
RUN-009907,WO-004954,P01,L01,MCH-006,PRD-001,2026-06-13,35.53,0.8969,7.1,G2_mid,8.2,89.9,48.35,2.787,0.977,0.0571,0.055,1,SURFACE_DENT,test,reference
RUN-002675,WO-001338,P02,L03,MCH-016,PRD-075,2025-10-24,31.02,1.1459,0.5,G3_junior,6.8,96.3,51.68,3.395,0.722,0.0659,0.06,1,DIMENSION,train,reference
RUN-007680,WO-003840,P02,L04,MCH-020,PRD-031,2026-04-02,31.56,0.9571,5.7,G2_mid,7.0,95.9,50.53,3.1,1.035,0.0522,0.045,0,MISSING_PART,validation,reference
RUN-004685,WO-002343,P01,L01,MCH-001,PRD-061,2025-12-29,27.97,0.8961,3.3,G2_mid,4.8,76.8,54.203,3.142,0.886,0.0583,0.06,1,CONTAMINATION,train,reference
RUN-005329,WO-002665,P02,L03,MCH-016,PRD-022,2026-01-18,24.07,0.9603,2.8,G3_junior,4.3,85.8,49.903,3.299,0.823,0.0246,0.04,0,DIMENSION,train,reference
RUN-006765,WO-003383,P03,L06,MCH-033,PRD-022,2026-03-04,16.67,1.1096,11.5,G1_senior,4.3,85.8,69.813,7.71,0.708,0.0206,0.024,0,MISSING_PART,train,reference
RUN-008179,WO-004090,P02,L04,MCH-022,PRD-021,2026-04-18,17.21,0.9132,1.0,G3_junior,3.0,95.9,46.168,3.141,0.784,0.0119,0.02,0,CONTAMINATION,validation,reference
RUN-008583,WO-004292,P02,L03,MCH-015,PRD-075,2026-05-01,22.56,0.895,1.2,G3_junior,6.8,96.3,49.837,2.611,0.983,0,0.0375,0,CONTAMINATION,validation,reference
RUN-000864,WO-000432,P02,L04,MCH-019,PRD-041,2025-08-28,17.07,1.1516,0.6,G3_junior,6.3,85.8,53.315,3.462,0.738,0.121,0.07,1,SOLDER_VOID,train,reference
RUN-006144,WO-003072,P03,L06,MCH-035,PRD-051,2026-02-12,23.27,0.9434,3.3,G2_mid,6.9,96.1,71.553,8.243,0.976,0.0616,0.05,0,CONTAMINATION,train,reference
RUN-002678,WO-001339,P02,L04,MCH-024,PRD-017,2025-10-24,15.32,0.8224,1.0,G3_junior,4.3,96.3,53.598,4.012,0.817,0.0162,0.03,0,MISSING_PART,train,reference
RUN-002075,WO-001038,P01,L02,MCH-009,PRD-060,2025-10-06,20.66,0.877,1.2,G3_junior,6.7,84.7,54.941,3.285,1.022,0.0777,0.09,1,SOLDER_VOID,train,reference
RUN-005342,WO-002671,P01,L01,MCH-006,PRD-025,2026-01-19,20.02,0.9658,3.3,G2_mid,3.5,87.0,51.583,3.148,1.021,0,0.025,0,SOLDER_VOID,train,reference
RUN-007005,WO-003503,P02,L04,MCH-020,PRD-048,2026-03-12,21.09,0.9548,0.2,G3_junior,4.6,96.1,58.64,15.05,0.86,0,0.025,0,DIMENSION,train,reference
RUN-002105,WO-001053,P01,L01,MCH-001,PRD-020,2025-10-07,20.8,1.0222,2.8,G3_junior,7.8,84.7,52.66,3.866,1.034,0.0745,0.088,1,SCRATCH,train,reference
RUN-004095,WO-002048,P03,L06,MCH-036,PRD-034,2025-12-09,20.37,0.9203,2.1,G3_junior,2.6,96.1,53.109,3.306,0.749,0.0194,0.02,0,SCRATCH,train,reference
RUN-002135,WO-001068,P03,L06,MCH-032,PRD-034,2025-10-07,20.31,1.0282,2.9,G3_junior,2.6,96.1,52.226,3.518,0.831,0.0397,0.0,0,NONE,train,reference
RUN-002470,WO-001235,P01,L01,MCH-006,PRD-077,2025-10-18,15.49,1.1109,2.0,G3_junior,1.7,96.1,60.589,11.995,0.7,0.0384,0.024,0,CONTAMINATION,train,reference
RUN-003939,WO-001970,P03,L05,MCH-025,PRD-029,2025-12-04,27.52,1.0646,0.6,G3_junior,6.6,87.0,55.839,3.101,1.069,0.0934,0.08,1,SCRATCH,train,reference
RUN-005426,WO-002713,P02,L03,MCH-018,PRD-075,2026-01-21,29.65,1.0553,0.2,G3_junior,6.8,96.3,54.626,3.565,0.727,0.0157,0.04,0,MISSING_PART,train,reference
RUN-000739,WO-000370,P01,L01,MCH-001,PRD-074,2025-08-25,30.67,1.048,1.0,G3_junior,6.4,95.9,54.498,3.601,0.822,0.0247,0.0375,0,SURFACE_DENT,train,reference
RUN-008835,WO-004418,P02,L04,MCH-022,PRD-059,2026-05-10,31.48,0.9786,1.0,G3_junior,5.9,88.6,49.466,3.238,0.9,0.0213,0.055,1,CONTAMINATION,validation,reference
RUN-003058,WO-001529,P01,L02,MCH-007,PRD-036,2025-11-06,25.45,1.0181,7.6,G2_mid,4.1,87.0,53.838,3.318,0.725,0.0525,0.016,0,CONTAMINATION,train,reference
RUN-000905,WO-000453,P03,L05,MCH-028,PRD-052,2025-08-29,26.63,1.0103,10.6,G1_senior,7.2,82.7,54.818,7.666,0.843,0.06,0.07,1,SCRATCH,train,reference
RUN-001187,WO-000594,P01,L01,MCH-001,PRD-001,2025-09-08,35.55,0.8298,1.7,G3_junior,8.2,89.9,52.921,3.086,0.693,0.0727,0.075,1,CONTAMINATION,train,reference
RUN-002184,WO-001092,P01,L02,MCH-010,PRD-012,2025-10-09,26.04,1.0256,1.0,G3_junior,2.1,92.1,52.978,3.187,0.631,0,0.005,1,SOLDER_VOID,train,reference
RUN-006762,WO-003381,P03,L06,MCH-036,PRD-022,2026-03-04,21.65,1.0968,2.8,G3_junior,4.3,85.8,54.145,8.833,1.048,0.0328,0.0375,0,SOLDER_VOID,train,reference
RUN-005944,WO-002972,P02,L04,MCH-020,PRD-002,2026-02-06,20.06,1.0985,1.2,G3_junior,5.3,88.0,53.549,3.07,1.085,0.0517,0.0375,0,SURFACE_DENT,train,reference
RUN-004007,WO-002004,P01,L02,MCH-008,PRD-022,2025-12-07,26.17,1.1359,0,G0_unknown,4.3,85.8,44.998,3.154,0.922,0.1065,0.05,0,SCRATCH,train,reference
RUN-008443,WO-004222,P02,L04,MCH-021,PRD-006,2026-04-27,23.91,1.1383,7.6,G2_mid,7.3,92.1,53.224,3.102,0.965,0.0478,0.05,0,SOLDER_VOID,validation,reference
RUN-000034,WO-000017,P03,L06,MCH-034,PRD-022,2025-08-01,29.03,1.1,1.0,G3_junior,4.3,85.8,51.481,2.663,0.686,0.001,0.03,0,CONTAMINATION,train,reference
RUN-004005,WO-002003,P01,L01,MCH-005,PRD-066,2025-12-07,22.25,1.0958,3.4,G2_mid,7.6,88.6,44.216,2.779,1.099,0.0688,0.0625,1,SOLDER_VOID,train,reference
RUN-001432,WO-000716,P03,L06,MCH-036,PRD-067,2025-09-15,20.08,0.9615,1.6,G3_junior,4.5,71.0,56.333,3.259,0.624,0.1092,0.06,1,CONTAMINATION,train,reference
RUN-001070,WO-000535,P01,L01,MCH-003,PRD-080,2025-09-04,32.14,0.8774,2.8,G3_junior,5.2,84.5,66.2,5.62,0.865,0.0513,0.064,1,SCRATCH,train,reference
RUN-005819,WO-002910,P01,L01,MCH-002,PRD-068,2026-02-03,26.56,1.0845,2.8,G3_junior,2.3,71.0,53.475,6.053,0.857,0.0517,0.0375,0,DIMENSION,train,reference
RUN-003838,WO-001919,P03,L06,MCH-036,PRD-064,2025-12-01,9.02,0.9318,6.1,G2_mid,4.9,89.9,55.118,4.026,0.62,0.0131,0.025,0,SCRATCH,train,reference
RUN-003864,WO-001932,P02,L04,MCH-022,PRD-029,2025-12-02,20.46,0.9884,1.4,G3_junior,6.6,87.0,51.249,3.203,0.756,0.0321,0.08,1,DIMENSION,train,reference
RUN-007747,WO-003874,P01,L01,MCH-006,PRD-044,2026-04-05,30.66,1.0045,7.1,G2_mid,4.1,88.0,47.36,2.903,0.646,0.0276,0.04,0,SCRATCH,validation,reference
RUN-003341,WO-001671,P01,L02,MCH-012,PRD-024,2025-11-15,24.6,1.1693,7.0,G2_mid,7.6,85.8,53.136,5.779,0.795,0.1051,0.088,1,SOLDER_VOID,train,reference
RUN-004182,WO-002091,P02,L03,MCH-014,PRD-027,2025-12-12,17.0,1.0833,0.7,G3_junior,7.1,89.9,54.947,3.67,0.642,0.0989,0.08,1,CONTAMINATION,train,reference
RUN-006711,WO-003356,P02,L03,MCH-017,PRD-015,2026-03-03,36.25,1.0522,14.6,G1_senior,8.8,92.1,52.346,3.22,0.766,0.0545,0.05,0,MISSING_PART,train,reference
RUN-003632,WO-001816,P02,L03,MCH-016,PRD-045,2025-11-25,31.84,0.9926,0.2,G3_junior,2.5,97.0,55.291,3.48,1.061,0.0596,0.04,0,SURFACE_DENT,train,reference
RUN-002475,WO-001238,P02,L03,MCH-016,PRD-003,2025-10-18,23.11,0.8914,2.6,G3_junior,4.8,95.9,47.788,2.869,0.681,0.05,0.04,0,SCRATCH,train,reference
RUN-010900,WO-005450,P02,L04,MCH-020,PRD-051,2026-07-15,31.82,1.0703,1.7,G3_junior,6.9,96.1,53.296,3.201,0.646,0.0506,0.03,0,CONTAMINATION,test,reference
RUN-009786,WO-004893,P02,L04,MCH-020,PRD-048,2026-06-09,14.92,0.8274,2.3,G3_junior,4.6,96.1,52.184,3.449,0.718,0.0178,0.04,0,CONTAMINATION,test,reference
RUN-000229,WO-000115,P02,L03,MCH-015,PRD-037,2025-08-08,25.29,0.9555,0.2,G3_junior,4.2,88.0,51.399,3.081,0.645,0.0065,0.035,0,MISSING_PART,train,reference
RUN-009790,WO-004895,P03,L05,MCH-028,PRD-075,2026-06-09,39.65,0.8748,0.4,G3_junior,6.8,96.3,53.928,3.803,0.624,0.024,0.02,0,MISSING_PART,test,reference
RUN-000809,WO-000405,P01,L01,MCH-005,PRD-074,2025-08-27,23.17,0.9329,2.8,G3_junior,6.4,95.9,49.922,2.533,0.712,0.0002,0.02,0,SOLDER_VOID,train,reference
RUN-009111,WO-004556,P02,L03,MCH-016,PRD-053,2026-05-19,23.68,0.9903,0.7,G3_junior,5.6,88.0,54.137,3.813,0.924,0.0451,0.056,1,SOLDER_VOID,validation,reference
RUN-004337,WO-002169,P03,L05,MCH-026,PRD-006,2025-12-17,32.46,1.0955,1.6,G3_junior,7.3,92.1,52.805,3.869,1.053,0.0451,0.0625,1,DIMENSION,train,reference
RUN-004448,WO-002224,P01,L02,MCH-007,PRD-029,2025-12-21,31.82,1.0122,9.4,G1_senior,6.6,87.0,53.349,3.358,1.043,0.0582,0.08,1,SURFACE_DENT,train,reference
RUN-000752,WO-000376,P02,L03,MCH-014,PRD-024,2025-08-25,26.82,1.0371,0.2,G3_junior,7.6,85.8,53.368,3.327,0.721,0.0772,0.085,1,CONTAMINATION,train,reference
RUN-000083,WO-000042,P02,L03,MCH-013,PRD-019,2025-08-04,19.62,1.141,1.4,G3_junior,7.2,71.7,51.888,3.337,0.992,0.0997,0.144,1,DIMENSION,train,reference
RUN-004738,WO-002369,P02,L03,MCH-016,PRD-071,2025-12-30,27.35,1.1505,10.6,G1_senior,6.2,84.7,47.806,4.123,0.909,0.0386,0.05,0,SURFACE_DENT,train,reference
RUN-002101,WO-001051,P03,L06,MCH-036,PRD-078,2025-10-06,23.97,1.0508,12.8,G1_senior,4.6,84.7,55.965,3.347,0.661,0.0355,0.016,0,SURFACE_DENT,train,reference
RUN-009995,WO-004998,P03,L05,MCH-030,PRD-079,2026-06-16,28.84,0.9126,0.7,G3_junior,3.3,71.4,56.158,4.301,0.899,0.0814,0.08,1,MISSING_PART,test,reference
RUN-008131,WO-004066,P01,L01,MCH-006,PRD-066,2026-04-17,35.49,0.9489,0.4,G3_junior,7.6,88.6,51.338,2.63,0.841,0.0645,0.1,1,NONE,validation,reference
RUN-010439,WO-005220,P03,L05,MCH-030,PRD-044,2026-06-30,33.42,1.1538,0.2,G3_junior,4.1,88.0,51.389,3.535,0.936,0.0725,0.04,0,SURFACE_DENT,test,reference
RUN-009712,WO-004856,P01,L02,MCH-012,PRD-045,2026-06-07,24.06,1.0306,1.6,G3_junior,2.5,97.0,48.684,3.724,0.763,0,0.02,0,SCRATCH,test,reference
RUN-007311,WO-003656,P01,L02,MCH-012,PRD-024,2026-03-22,36.56,0.8669,0,G0_unknown,7.6,85.8,53.308,7.393,0.776,0.1406,0.1,1,CONTAMINATION,train,reference
RUN-005596,WO-002798,P01,L02,MCH-012,PRD-053,2026-01-27,37.3,0.9851,0,G0_unknown,5.6,88.0,54.26,3.352,0.725,0.0723,0.064,1,SURFACE_DENT,train,reference
RUN-009531,WO-004766,P03,L06,MCH-033,PRD-040,2026-06-01,25.13,0.8307,15.7,G1_senior,8.4,82.7,51.916,4.174,0.638,0.0988,0.0875,1,SCRATCH,test,reference
RUN-010231,WO-005116,P02,L03,MCH-018,PRD-077,2026-06-24,21.75,1.1273,8.9,G1_senior,1.7,96.1,55.462,3.507,0.645,0.046,0.0125,0,SCRATCH,test,reference
RUN-010346,WO-005173,P03,L05,MCH-030,PRD-025,2026-06-27,26.31,1.1545,7.6,G2_mid,3.5,87.0,49.145,5.973,0.937,0.0085,0.02,0,DIMENSION,test,reference
RUN-001623,WO-000812,P03,L06,MCH-034,PRD-078,2025-09-21,26.27,1.0352,0,G0_unknown,4.6,84.7,45.613,2.946,0.706,0.0595,0.05,0,SURFACE_DENT,train,reference
RUN-006899,WO-003450,P02,L04,MCH-020,PRD-017,2026-03-09,25.02,1.0728,4.6,G2_mid,4.3,96.3,51.88,3.526,0.639,0.0003,0.0,0,NONE,train,reference
RUN-009833,WO-004917,P03,L06,MCH-033,PRD-040,2026-06-10,30.65,0.9464,0.4,G3_junior,8.4,82.7,53.458,3.581,0.728,0.0876,0.1,1,CONTAMINATION,test,reference
RUN-001532,WO-000766,P03,L05,MCH-028,PRD-002,2025-09-18,33.13,1.1828,5.8,G2_mid,5.3,88.0,55.875,3.554,0.822,0.0429,0.04,0,NONE,train,reference
RUN-002423,WO-001212,P03,L05,MCH-028,PRD-054,2025-10-16,34.5,0.8364,2.3,G3_junior,6.3,71.4,53.713,3.225,0.736,0.0483,0.09,1,SOLDER_VOID,train,reference
RUN-002446,WO-001223,P02,L03,MCH-013,PRD-037,2025-10-17,24.58,1.0308,1.2,G3_junior,4.2,88.0,49.766,3.124,1.031,0.0424,0.03,0,NONE,train,reference
RUN-003218,WO-001609,P03,L06,MCH-031,PRD-066,2025-11-11,25.91,1.1548,4.8,G2_mid,7.6,88.6,54.803,4.307,1.085,0.0486,0.056,1,MISSING_PART,train,reference
RUN-009145,WO-004573,P01,L02,MCH-008,PRD-045,2026-05-20,14.96,0.8934,0.2,G3_junior,2.5,97.0,50.459,4.73,0.836,0.013,0.0125,0,DIMENSION,test,reference
RUN-000932,WO-000466,P03,L06,MCH-033,PRD-073,2025-08-30,31.77,0.8693,3.1,G2_mid,3.4,87.4,51.106,3.123,0.703,0.0308,0.032,0,DIMENSION,train,reference
RUN-010852,WO-005426,P01,L02,MCH-009,PRD-012,2026-07-14,21.01,1.0207,2.8,G3_junior,2.1,92.1,51.917,3.24,1.085,0.0579,0.02,0,CONTAMINATION,test,reference
RUN-007734,WO-003867,P02,L03,MCH-017,PRD-063,2026-04-04,21.8,1.1499,3.2,G2_mid,5.7,84.5,46.014,2.623,0.72,0.1258,0.0625,1,DIMENSION,validation,reference
RUN-005484,WO-002742,P01,L01,MCH-001,PRD-007,2026-01-23,22.59,0.9851,6.1,G2_mid,3.9,88.0,53.207,3.255,0.804,0.034,0.02,0,SURFACE_DENT,train,reference
RUN-006902,WO-003451,P02,L04,MCH-023,PRD-005,2026-03-09,24.45,1.0374,11.2,G1_senior,5.2,85.8,52.095,3.097,0.79,0,0.02,0,DIMENSION,train,reference
RUN-006331,WO-003166,P03,L06,MCH-036,PRD-042,2026-02-18,23.4,0.9512,11.8,G1_senior,1.4,89.9,53.516,3.334,0.881,0.0524,0.02,0,SOLDER_VOID,train,reference
RUN-006317,WO-003159,P02,L03,MCH-014,PRD-075,2026-02-18,33.59,1.0686,6.1,G2_mid,6.8,96.3,52.962,3.211,0.66,0.038,0.04,0,SOLDER_VOID,train,reference
RUN-005527,WO-002764,P02,L03,MCH-015,PRD-057,2026-01-24,38.62,0.9349,0.7,G3_junior,5.6,88.6,47.712,3.396,0.975,0.0195,0.03,0,SCRATCH,train,reference
RUN-004539,WO-002270,P01,L01,MCH-002,PRD-014,2025-12-24,31.76,1.0199,3.1,G2_mid,5.0,85.8,55.564,3.733,1.002,0.0766,0.03,0,SCRATCH,train,reference
RUN-003026,WO-001513,P02,L03,MCH-018,PRD-073,2025-11-05,17.57,1.0447,2.8,G3_junior,3.4,87.4,51.825,3.426,0.967,0.0186,0.04,0,MISSING_PART,train,reference
RUN-010755,WO-005378,P02,L03,MCH-017,PRD-053,2026-07-10,22.46,1.1297,0.2,G3_junior,5.6,88.0,51.139,3.275,0.97,0.0621,0.064,1,CONTAMINATION,test,reference
RUN-007108,WO-003554,P01,L02,MCH-010,PRD-035,2026-03-16,30.53,1.0113,7.6,G2_mid,4.3,84.7,51.694,3.25,0.972,0.0212,0.02,0,MISSING_PART,train,reference
RUN-002709,WO-001355,P03,L06,MCH-032,PRD-078,2025-10-25,31.19,0.9099,3.0,G3_junior,4.6,84.7,50.057,3.571,0.868,0,0.06,1,SOLDER_VOID,train,reference
RUN-003280,WO-001640,P02,L04,MCH-019,PRD-077,2025-11-13,19.85,0.9309,1.3,G3_junior,1.7,96.1,53.051,3.182,0.93,0.011,0.005,0,SOLDER_VOID,train,reference
RUN-006745,WO-003373,P02,L03,MCH-017,PRD-024,2026-03-04,28.7,0.8939,2.0,G3_junior,7.6,85.8,55.903,3.778,0.813,0.1176,0.088,1,SCRATCH,train,reference
RUN-009078,WO-004539,P02,L03,MCH-016,PRD-045,2026-05-18,22.56,1.1734,1.0,G3_junior,2.5,97.0,53.87,3.037,0.764,0.0321,0.01,0,MISSING_PART,validation,reference
RUN-003503,WO-001752,P03,L05,MCH-028,PRD-008,2025-11-20,13.1,0.9986,2.0,G3_junior,3.4,84.5,55.928,3.305,0.728,0.0266,0.03,0,DIMENSION,train,reference
RUN-004023,WO-002012,P03,L06,MCH-036,PRD-004,2025-12-07,14.2,0.9694,2.9,G3_junior,3.9,95.9,50.098,3.139,0.783,0.0332,0.0125,0,CONTAMINATION,train,reference
RUN-000096,WO-000048,P03,L05,MCH-030,PRD-075,2025-08-04,31.59,1.1484,1.4,G3_junior,6.8,96.3,55.211,3.577,0.875,0.0334,0.048,0,SCRATCH,train,reference
RUN-003893,WO-001947,P02,L03,MCH-013,PRD-069,2025-12-03,34.19,1.1576,3.4,G2_mid,10,88.6,62.1,9.544,0.951,0.0808,0.11,1,CONTAMINATION,train,reference
RUN-000434,WO-000217,P03,L05,MCH-026,PRD-007,2025-08-14,30.85,1.1563,8.2,G1_senior,3.9,88.0,54.58,11.266,0.743,0.002,0.032,0,DIMENSION,train,reference
RUN-000862,WO-000431,P02,L04,MCH-022,PRD-078,2025-08-28,20.22,0.9214,2.8,G3_junior,4.6,84.7,51.476,3.006,0.948,0.0665,0.05,0,SCRATCH,train,reference
RUN-002396,WO-001198,P01,L01,MCH-001,PRD-027,2025-10-16,21.77,0.8601,0.4,G3_junior,7.1,89.9,51.509,3.026,0.82,0.0426,0.08,1,SOLDER_VOID,train,reference
RUN-009680,WO-004840,P01,L01,MCH-005,PRD-079,2026-06-06,17.7,1.0169,2.9,G3_junior,3.3,71.4,46.324,7.579,0.63,0.0907,0.04,0,SOLDER_VOID,test,reference
RUN-003956,WO-001978,P01,L02,MCH-009,PRD-007,2025-12-05,16.42,0.9545,1.0,G3_junior,3.9,88.0,53.346,3.41,0.934,0.0459,0.02,0,MISSING_PART,train,reference
RUN-006939,WO-003470,P03,L05,MCH-029,PRD-075,2026-03-10,20.77,0.9138,2.0,G3_junior,6.8,96.3,52.32,2.722,0.775,0.0302,0.04,0,SCRATCH,train,reference
RUN-006214,WO-003107,P02,L03,MCH-016,PRD-075,2026-02-15,32.3,0.8925,7.2,G2_mid,6.8,96.3,46.78,3.002,0.749,0.0586,0.05,0,SOLDER_VOID,train,reference
RUN-009479,WO-004740,P03,L06,MCH-034,PRD-024,2026-05-30,26.13,0.9806,0.8,G3_junior,7.6,85.8,48.703,2.648,0.781,0.1106,0.085,1,CONTAMINATION,test,reference
RUN-009798,WO-004899,P03,L06,MCH-034,PRD-014,2026-06-09,17.76,1.1262,4.7,G2_mid,5.0,85.8,52.748,2.571,0.843,0.0366,0.04,0,SCRATCH,test,reference
RUN-005264,WO-002632,P03,L06,MCH-034,PRD-080,2026-01-15,17.2,1.0762,5.7,G2_mid,5.2,84.5,49.391,2.874,0.89,0.0298,0.045,0,SURFACE_DENT,train,reference
RUN-002534,WO-001267,P02,L04,MCH-019,PRD-024,2025-10-20,36.06,1.1264,9.4,G1_senior,7.6,85.8,51.841,3.322,0.648,0.0947,0.07,1,SOLDER_VOID,train,reference
RUN-006391,WO-003196,P02,L04,MCH-019,PRD-072,2026-02-20,25.16,1.1459,0.7,G3_junior,4.1,84.7,50.633,3.323,1.057,0.0724,0.06,1,CONTAMINATION,train,reference
RUN-004908,WO-002454,P01,L02,MCH-008,PRD-048,2026-01-05,21.39,0.9882,2.6,G3_junior,4.6,96.1,47.795,2.64,0.838,0.0378,0.02,0,CONTAMINATION,train,reference
RUN-002385,WO-001193,P03,L05,MCH-028,PRD-056,2025-10-15,17.33,0.858,2.3,G3_junior,4.3,97.0,52.542,3.21,0.721,0.0079,0.02,0,SCRATCH,train,reference
RUN-001024,WO-000512,P03,L05,MCH-030,PRD-006,2025-09-02,25.68,0.8746,1.6,G3_junior,7.3,92.1,55.384,3.3,0.839,0.0782,0.06,1,SCRATCH,train,reference
RUN-009405,WO-004703,P02,L03,MCH-015,PRD-017,2026-05-28,21.76,1.0018,7.2,G2_mid,4.3,96.3,51.438,3.149,0.702,0.0258,0.02,0,CONTAMINATION,test,reference
RUN-006183,WO-003092,P01,L01,MCH-004,PRD-029,2026-02-14,26.88,0.9252,4.8,G2_mid,6.6,87.0,48.432,2.882,0.819,0.0568,0.06,1,NONE,train,reference
RUN-011314,WO-005657,P01,L02,MCH-007,PRD-008,2026-07-29,27.95,1.0941,2.1,G3_junior,3.4,84.5,58.113,3.314,0.757,0.0335,0.02,0,MISSING_PART,test,reference
RUN-009577,WO-004789,P01,L02,MCH-010,PRD-015,2026-06-03,43.08,1.1743,5.8,G2_mid,8.8,92.1,73.167,7.99,0.652,0.0881,0.08,1,SOLDER_VOID,test,reference
RUN-009011,WO-004506,P02,L04,MCH-021,PRD-006,2026-05-15,24.51,1.0506,7.2,G2_mid,7.3,92.1,52.469,2.969,0.928,0.0606,0.0375,0,CONTAMINATION,validation,reference
RUN-011087,WO-005544,P03,L06,MCH-034,PRD-022,2026-07-21,34.57,0.925,5.7,G2_mid,4.3,85.8,48.345,3.006,0.828,0.0071,0.032,0,DIMENSION,test,reference
RUN-005981,WO-002991,P03,L06,MCH-031,PRD-074,2026-02-07,33.79,1.1704,1.4,G3_junior,6.4,95.9,49.78,3.341,0.995,0.0903,0.06,1,SCRATCH,train,reference
RUN-007340,WO-003670,P01,L02,MCH-007,PRD-012,2026-03-23,23.8,0.8719,1.7,G3_junior,2.1,92.1,55.417,3.284,0.674,0.0213,0.01,0,CONTAMINATION,train,reference
RUN-008129,WO-004065,P01,L01,MCH-006,PRD-009,2026-04-17,27.78,1.0839,1.2,G3_junior,5.0,76.8,51.338,2.63,0.74,0.0665,0.06,1,SCRATCH,validation,reference
RUN-000288,WO-000144,P02,L04,MCH-019,PRD-078,2025-08-10,30.58,0.9345,0.2,G3_junior,4.6,84.7,48.046,2.798,0.836,0.0361,0.05,0,SOLDER_VOID,train,reference
RUN-002584,WO-001292,P03,L06,MCH-032,PRD-067,2025-10-21,19.58,1.1616,0,G0_unknown,4.5,71.0,55.293,3.373,0.691,0.164,0.0875,1,SURFACE_DENT,train,reference
RUN-008402,WO-004201,P03,L05,MCH-027,PRD-052,2026-04-25,22.66,1.0644,0.6,G3_junior,7.2,82.7,46.001,2.787,0.968,0.151,0.1,1,SOLDER_VOID,validation,reference
RUN-008357,WO-004179,P01,L02,MCH-010,PRD-024,2026-04-24,31.66,1.0067,1.7,G3_junior,7.6,85.8,51.378,3.229,0.787,0.0624,0.048,0,DIMENSION,validation,reference
RUN-006771,WO-003386,P01,L01,MCH-003,PRD-064,2026-03-05,19.76,1.1288,0.7,G3_junior,4.9,89.9,51.33,3.286,0.755,0.0069,0.04,0,NONE,train,reference
RUN-007714,WO-003857,P02,L04,MCH-020,PRD-078,2026-04-03,19.46,0.8739,0.2,G3_junior,4.6,84.7,48.572,3.107,0.915,0.0883,0.06,1,MISSING_PART,validation,reference
RUN-005116,WO-002558,P02,L04,MCH-024,PRD-011,2026-01-11,32.01,1.1505,1.4,G3_junior,1.4,71.0,44.884,2.574,0.815,0.052,0.072,1,SURFACE_DENT,train,reference
RUN-004617,WO-002309,P01,L02,MCH-008,PRD-069,2025-12-26,30.32,0.9522,0.5,G3_junior,10,88.6,51.379,2.892,0.879,0.1631,0.14,1,DIMENSION,train,reference
RUN-010390,WO-005195,P02,L03,MCH-018,PRD-023,2026-06-29,20.12,0.8306,5.8,G2_mid,5.0,85.8,53.818,2.947,1.041,0.0155,0.048,0,SOLDER_VOID,test,reference
RUN-004920,WO-002460,P02,L04,MCH-021,PRD-032,2026-01-05,27.23,1.0031,3.3,G2_mid,6.2,96.1,50.97,2.574,0.69,0.033,0.035,0,SURFACE_DENT,train,reference
RUN-001146,WO-000573,P02,L03,MCH-015,PRD-050,2025-09-06,28.27,1.0127,2.1,G3_junior,5.5,88.6,47.845,2.872,1.022,0.0567,0.0375,0,SOLDER_VOID,train,reference
RUN-001733,WO-000867,P03,L06,MCH-031,PRD-034,2025-09-24,28.22,0.8807,1.3,G3_junior,2.6,96.1,52.956,3.493,0.973,0.0145,0.008,0,CONTAMINATION,train,reference
RUN-002439,WO-001220,P01,L02,MCH-009,PRD-045,2025-10-17,20.49,1.0865,3.3,G2_mid,2.5,97.0,51.948,3.441,1.069,0,0.0125,0,SOLDER_VOID,train,reference
RUN-004903,WO-002452,P01,L01,MCH-006,PRD-027,2026-01-05,34.8,0.9892,8.9,G1_senior,7.1,89.9,51.51,3.277,0.661,0.0786,0.072,1,SOLDER_VOID,train,reference
RUN-005254,WO-002627,P02,L04,MCH-024,PRD-072,2026-01-15,20.18,1.0235,11.2,G1_senior,4.1,84.7,47.762,3.24,0.831,0.0151,0.025,0,DIMENSION,train,reference
RUN-006326,WO-003163,P03,L05,MCH-027,PRD-056,2026-02-18,34.23,0.8481,4.6,G2_mid,4.3,97.0,53.816,3.527,1.005,0.0163,0.015,0,SURFACE_DENT,train,reference
RUN-001584,WO-000792,P01,L02,MCH-012,PRD-002,2025-09-20,27.26,0.9787,3.0,G3_junior,5.3,88.0,50.57,3.782,1.007,0.0101,0.04,0,NONE,train,reference
RUN-000444,WO-000222,P01,L01,MCH-001,PRD-008,2025-08-15,19.9,0.9348,1.6,G3_junior,3.4,84.5,54.747,3.106,0.628,0,0.0,0,NONE,train,reference
RUN-011312,WO-005656,P01,L02,MCH-010,PRD-008,2026-07-29,18.8,0.9395,0.2,G3_junior,3.4,84.5,53.386,2.872,0.759,0,0.03,0,MISSING_PART,test,reference
RUN-005794,WO-002897,P02,L03,MCH-018,PRD-075,2026-02-02,28.97,0.9308,0.2,G3_junior,6.8,96.3,49.695,3.01,0.981,0.0489,0.064,1,DIMENSION,train,reference
RUN-009707,WO-004854,P03,L06,MCH-035,PRD-016,2026-06-06,18.68,0.976,5.8,G2_mid,4.3,85.8,47.351,2.982,0.934,0,0.008,0,DIMENSION,test,reference
RUN-010775,WO-005388,P01,L01,MCH-004,PRD-060,2026-07-11,30.02,1.0955,0.2,G3_junior,6.7,84.7,47.545,3.214,0.915,0.1051,0.1,1,DIMENSION,test,reference
RUN-009554,WO-004777,P02,L04,MCH-022,PRD-005,2026-06-02,29.78,0.8302,14.6,G1_senior,5.2,85.8,53.047,2.857,0.666,0.0202,0.0,0,NONE,test,reference
RUN-001342,WO-000671,P02,L03,MCH-014,PRD-063,2025-09-12,27.85,0.995,7.2,G2_mid,5.7,84.5,55.499,3.569,0.768,0.0727,0.06,1,SCRATCH,train,reference
RUN-006269,WO-003135,P01,L01,MCH-001,PRD-029,2026-02-17,37.54,0.9034,11.5,G1_senior,6.6,87.0,51.045,3.386,0.682,0.0771,0.06,1,SCRATCH,train,reference
RUN-007299,WO-003650,P03,L06,MCH-034,PRD-069,2026-03-21,33.66,1.1887,0.6,G3_junior,10,88.6,47.513,3.275,0.736,0.0607,0.125,1,SCRATCH,train,reference
RUN-000221,WO-000111,P01,L02,MCH-009,PRD-069,2025-08-08,28.38,0.9514,18,G1_senior,10,88.6,53.924,3.373,0.862,0.0495,0.05,0,DIMENSION,train,reference
RUN-000972,WO-000486,P02,L03,MCH-017,PRD-048,2025-09-01,31.22,1.1369,0.4,G3_junior,4.6,96.1,52.507,3.404,0.65,0,0.0125,0,CONTAMINATION,train,reference
RUN-010486,WO-005243,P01,L01,MCH-004,PRD-016,2026-07-02,27.71,0.868,14.6,G1_senior,4.3,85.8,50.898,2.871,1.088,0.0136,0.04,0,SURFACE_DENT,test,reference
RUN-006393,WO-003197,P02,L04,MCH-022,PRD-072,2026-02-20,19.14,1.118,15.7,G1_senior,4.1,84.7,50.362,2.919,0.992,0.0183,0.025,0,MISSING_PART,train,reference
RUN-007144,WO-003572,P01,L02,MCH-007,PRD-064,2026-03-17,25.17,1.1721,2.9,G3_junior,4.9,89.9,55.674,3.588,0.744,0.0268,0.05,0,SCRATCH,train,reference
RUN-001824,WO-000912,P03,L05,MCH-026,PRD-010,2025-09-27,23.35,1.1586,2.9,G3_junior,6.9,97.0,52.399,3.228,0.931,0.0146,0.04,0,DIMENSION,train,reference
RUN-008479,WO-004240,P02,L04,MCH-024,PRD-029,2026-04-28,23.59,1.1673,2.1,G3_junior,6.6,87.0,49.559,3.014,0.928,0.105,0.08,1,SOLDER_VOID,validation,reference
RUN-008556,WO-004278,P03,L05,MCH-030,PRD-033,2026-04-30,23.41,0.8311,2.6,G3_junior,4.7,88.0,51.061,3.62,0.941,0.0656,0.03,0,CONTAMINATION,validation,reference
RUN-005535,WO-002768,P03,L06,MCH-033,PRD-069,2026-01-24,32.66,0.9984,18,G1_senior,10,88.6,49.373,3.551,1.093,0.0655,0.085,1,SURFACE_DENT,train,reference
RUN-004158,WO-002079,P03,L05,MCH-030,PRD-033,2025-12-11,30.68,1.0137,11.8,G1_senior,4.7,88.0,65.648,7.101,1.062,0,0.0125,0,SOLDER_VOID,train,reference
RUN-008995,WO-004498,P01,L02,MCH-008,PRD-037,2026-05-15,15.66,0.8264,3.4,G2_mid,4.2,88.0,49.538,3.104,1.064,0,0.008,0,DIMENSION,validation,reference
RUN-004216,WO-002108,P02,L04,MCH-024,PRD-036,2025-12-13,18.5,1.1462,3.3,G2_mid,4.1,87.0,44.411,2.688,0.642,0.0496,0.048,0,SOLDER_VOID,train,reference
RUN-000928,WO-000464,P03,L05,MCH-025,PRD-063,2025-08-30,23.49,0.8281,1.3,G3_junior,5.7,84.5,51.34,2.903,0.993,0.0622,0.06,1,SCRATCH,train,reference
RUN-005480,WO-002740,P03,L06,MCH-032,PRD-012,2026-01-22,18.64,1.151,8.2,G1_senior,2.1,92.1,54.599,3.307,0.869,0,0.01,0,SCRATCH,train,reference
RUN-008482,WO-004241,P02,L04,MCH-019,PRD-067,2026-04-28,18.03,1.1271,7.6,G2_mid,4.5,71.0,50.924,3.114,0.635,0.0537,0.075,1,SCRATCH,validation,reference
RUN-001308,WO-000654,P02,L03,MCH-016,PRD-073,2025-09-11,19.55,1.0513,0.8,G3_junior,3.4,87.4,51.308,3.344,0.756,0.0205,0.0375,0,SOLDER_VOID,train,reference
RUN-001199,WO-000600,P02,L03,MCH-015,PRD-075,2025-09-08,16.62,0.9566,2.3,G3_junior,6.8,96.3,53.243,3.168,0.871,0.1035,0.056,1,SCRATCH,train,reference
RUN-005496,WO-002748,P02,L03,MCH-017,PRD-027,2026-01-23,27.77,0.9726,1.0,G3_junior,7.1,89.9,54.517,3.254,0.656,0.0745,0.08,1,CONTAMINATION,train,reference
RUN-004729,WO-002365,P01,L02,MCH-010,PRD-017,2025-12-30,29.91,1.1649,1.7,G3_junior,4.3,96.3,53.645,3.236,1.008,0.0026,0.0125,0,MISSING_PART,train,reference
RUN-010670,WO-005335,P01,L01,MCH-002,PRD-032,2026-07-08,25.55,0.9131,0.2,G3_junior,6.2,96.1,54.79,3.349,0.965,0,0.03,0,CONTAMINATION,test,reference
RUN-003394,WO-001697,P03,L05,MCH-030,PRD-033,2025-11-17,19.16,0.8346,1.7,G3_junior,4.7,88.0,53.398,2.971,0.64,0.0682,0.04,0,NONE,train,reference
RUN-001668,WO-000834,P01,L01,MCH-003,PRD-064,2025-09-23,25.29,1.0938,2.7,G3_junior,4.9,89.9,54.18,3.175,0.922,0.0479,0.04,0,NONE,train,reference
RUN-007770,WO-003885,P01,L01,MCH-003,PRD-029,2026-04-06,21.53,1.149,0.2,G3_junior,6.6,87.0,53.133,3.043,0.924,0.1039,0.1,1,MISSING_PART,validation,reference
RUN-002202,WO-001101,P03,L05,MCH-028,PRD-010,2025-10-09,13.43,1.0384,1.7,G3_junior,6.9,97.0,51.615,4.015,0.78,0.0416,0.05,0,DIMENSION,train,reference
RUN-011266,WO-005633,P03,L06,MCH-033,PRD-071,2026-07-27,30.81,1.006,2.7,G3_junior,6.2,84.7,57.577,3.043,0.642,0.0708,0.05,0,SCRATCH,test,reference
RUN-005133,WO-002567,P01,L02,MCH-012,PRD-005,2026-01-12,23.33,1.1432,2.9,G3_junior,5.2,85.8,55.275,3.642,1.08,0.074,0.04,0,SCRATCH,train,reference
RUN-002556,WO-001278,P01,L01,MCH-004,PRD-034,2025-10-21,16.31,1.1064,2.3,G3_junior,2.6,96.1,53.222,3.59,0.992,0.043,0.01,0,DIMENSION,train,reference
RUN-007771,WO-003886,P01,L01,MCH-005,PRD-029,2026-04-06,26.49,0.9476,11.5,G1_senior,6.6,87.0,49.843,2.738,0.995,0.0747,0.048,0,MISSING_PART,validation,reference
RUN-007409,WO-003705,P01,L02,MCH-012,PRD-069,2026-03-25,27.47,0.9053,1.0,G3_junior,10,88.6,57.917,3.528,0.857,0.1232,0.12,1,SURFACE_DENT,train,reference
RUN-006545,WO-003273,P03,L06,MCH-033,PRD-017,2026-02-25,24.61,1.0958,2.9,G3_junior,4.3,96.3,51.785,2.969,1.093,0.0234,0.0125,0,SOLDER_VOID,train,reference
RUN-004994,WO-002497,P02,L04,MCH-023,PRD-042,2026-01-07,18.17,0.8241,2.0,G3_junior,1.4,89.9,49.823,2.891,1.048,0.017,0.0,0,NONE,train,reference
RUN-009495,WO-004748,P03,L06,MCH-033,PRD-016,2026-05-31,30.79,1.114,5.8,G2_mid,4.3,85.8,51.768,4.134,1.093,0.0141,0.025,0,SURFACE_DENT,test,reference
RUN-009996,WO-004998,P03,L05,MCH-028,PRD-079,2026-06-16,31.03,0.9831,0,G0_unknown,3.3,71.4,54.469,3.649,0.802,0.04,0.05,0,DIMENSION,test,reference
RUN-006313,WO-003157,P02,L03,MCH-013,PRD-075,2026-02-18,22.01,1.1107,12.8,G1_senior,6.8,96.3,52.08,3.292,0.798,0.0087,0.0125,0,SOLDER_VOID,train,reference
RUN-010916,WO-005458,P03,L06,MCH-036,PRD-056,2026-07-15,22.45,1.0035,0.2,G3_junior,4.3,97.0,55.1,3.122,0.625,0.0365,0.025,0,SCRATCH,test,reference
RUN-003322,WO-001661,P03,L05,MCH-029,PRD-045,2025-11-14,20.35,1.1765,0.8,G3_junior,2.5,97.0,63.705,20.551,0.967,0,0.0,0,NONE,train,reference
RUN-003446,WO-001723,P01,L02,MCH-009,PRD-052,2025-11-19,29.2,1.066,1.0,G3_junior,7.2,82.7,52.928,3.229,0.927,0.1125,0.0875,1,MISSING_PART,train,reference
RUN-004558,WO-002279,P02,L04,MCH-021,PRD-067,2025-12-24,20.61,0.9186,0,G0_unknown,4.5,71.0,52.469,2.925,0.857,0.1302,0.14,1,DIMENSION,train,reference
RUN-006554,WO-003277,P01,L01,MCH-005,PRD-066,2026-02-26,33.39,1.095,0,G0_unknown,7.6,88.6,50.705,2.862,0.665,0.086,0.1,1,SOLDER_VOID,train,reference
RUN-003519,WO-001760,P01,L02,MCH-012,PRD-015,2025-11-21,31.02,0.9529,14.6,G1_senior,8.8,92.1,55.751,3.605,0.642,0.0323,0.04,0,SURFACE_DENT,train,reference
RUN-003968,WO-001984,P02,L04,MCH-023,PRD-066,2025-12-05,24.16,0.9138,11.5,G1_senior,7.6,88.6,50.405,3.609,1.057,0.0808,0.06,1,DIMENSION,train,reference
RUN-005434,WO-002717,P03,L05,MCH-026,PRD-063,2026-01-21,21.59,1.2235,15.7,G1_senior,5.7,84.5,55.139,3.47,0.916,0.0587,0.03,0,MISSING_PART,train,reference
RUN-004858,WO-002429,P03,L05,MCH-029,PRD-056,2026-01-02,30.46,1.0671,0,G0_unknown,4.3,97.0,49.651,2.913,0.97,0,0.0125,0,MISSING_PART,train,reference
RUN-006404,WO-003202,P03,L06,MCH-036,PRD-013,2026-02-20,31.33,1.0535,7.6,G2_mid,4.9,95.9,54.766,3.779,0.985,0.0175,0.025,0,SOLDER_VOID,train,reference
RUN-007831,WO-003916,P03,L05,MCH-029,PRD-079,2026-04-07,16.35,1.1428,2.1,G3_junior,3.3,71.4,53.136,2.99,1.014,0.0851,0.032,0,DIMENSION,validation,reference
RUN-002062,WO-001031,P03,L05,MCH-025,PRD-002,2025-10-05,32.0,1.1531,1.2,G3_junior,5.3,88.0,51.867,3.656,0.85,0.0576,0.056,1,SOLDER_VOID,train,reference
RUN-007369,WO-003685,P01,L01,MCH-003,PRD-020,2026-03-24,33.11,1.1561,11.5,G1_senior,7.8,84.7,53.77,3.361,0.933,0.104,0.06,1,SCRATCH,train,reference
RUN-005501,WO-002751,P02,L04,MCH-024,PRD-072,2026-01-23,26.71,0.9842,1.2,G3_junior,4.1,84.7,49.734,3.639,0.778,0,0.04,0,SCRATCH,train,reference
RUN-005439,WO-002720,P03,L06,MCH-035,PRD-040,2026-01-21,41.43,1.046,2.8,G3_junior,8.4,82.7,54.123,3.229,0.872,0.0728,0.09,1,MISSING_PART,train,reference
RUN-010805,WO-005403,P03,L05,MCH-028,PRD-033,2026-07-12,26.59,1.0024,14.6,G1_senior,4.7,88.0,52.163,3.455,0.674,0.0354,0.016,0,MISSING_PART,test,reference
RUN-004891,WO-002446,P02,L04,MCH-022,PRD-072,2026-01-04,13.79,0.8393,4.7,G2_mid,4.1,84.7,46.158,3.198,0.944,0,0.04,0,SURFACE_DENT,train,reference
RUN-001880,WO-000940,P03,L05,MCH-025,PRD-071,2025-09-29,20.05,0.8847,6.5,G2_mid,6.2,84.7,55.172,3.442,0.674,0.035,0.0375,0,SCRATCH,train,reference
RUN-005998,WO-002999,P03,L06,MCH-034,PRD-070,2026-02-08,29.97,0.9378,2.7,G3_junior,3.9,87.4,45.941,2.786,0.697,0.007,0.015,0,SOLDER_VOID,train,reference
RUN-001885,WO-000943,P03,L06,MCH-032,PRD-034,2025-09-29,25.89,0.9866,7.1,G2_mid,2.6,96.1,54.283,3.321,0.954,0.0803,0.02,0,SCRATCH,train,reference
RUN-001222,WO-000611,P01,L01,MCH-002,PRD-079,2025-09-09,13.19,1.1578,7.6,G2_mid,3.3,71.4,54.302,3.588,1.077,0.0609,0.06,1,SOLDER_VOID,train,reference
RUN-008838,WO-004419,P02,L04,MCH-021,PRD-032,2026-05-10,33.92,0.9946,2.8,G3_junior,6.2,96.1,47.053,2.527,1.081,0.0632,0.04,0,SURFACE_DENT,validation,reference
RUN-008282,WO-004141,P01,L01,MCH-004,PRD-051,2026-04-22,23.36,1.0194,7.2,G2_mid,6.9,96.1,53.004,3.389,1.083,0.0328,0.04,0,SCRATCH,validation,reference
RUN-010176,WO-005088,P03,L06,MCH-034,PRD-038,2026-06-22,14.83,1.1362,3.0,G3_junior,3.2,85.8,51.095,3.156,0.724,0.0355,0.035,0,MISSING_PART,test,reference
RUN-002911,WO-001456,P01,L02,MCH-008,PRD-069,2025-11-01,34.0,0.8766,3.3,G2_mid,10,88.6,45.406,3.007,0.715,0.0907,0.13,1,DIMENSION,train,reference
RUN-000380,WO-000190,P01,L02,MCH-009,PRD-005,2025-08-13,35.53,0.9094,1.3,G3_junior,5.2,85.8,52.038,3.344,0.721,0.0568,0.0375,0,DIMENSION,train,reference
RUN-002334,WO-001167,P01,L02,MCH-008,PRD-031,2025-10-14,33.6,0.9456,11.5,G1_senior,7.0,95.9,56.535,4.207,0.853,0.0618,0.02,0,SCRATCH,train,reference
RUN-008345,WO-004173,P03,L06,MCH-033,PRD-066,2026-04-23,24.17,1.1708,1.7,G3_junior,7.6,88.6,55.845,3.778,0.768,0.0571,0.088,1,SOLDER_VOID,validation,reference
RUN-001006,WO-000503,P01,L02,MCH-008,PRD-063,2025-09-02,26.1,1.0898,1.3,G3_junior,5.7,84.5,55.56,4.521,0.779,0.0397,0.06,1,SOLDER_VOID,train,reference
RUN-009242,WO-004621,P03,L06,MCH-033,PRD-064,2026-05-22,32.37,1.0512,1.7,G3_junior,4.9,89.9,53.636,3.243,1.044,0.0337,0.04,0,SURFACE_DENT,test,reference
RUN-002517,WO-001259,P01,L01,MCH-001,PRD-025,2025-10-20,30.97,1.0654,0,G0_unknown,3.5,87.0,56.329,3.435,0.893,0.0073,0.025,0,DIMENSION,train,reference
RUN-010249,WO-005125,P03,L06,MCH-036,PRD-074,2026-06-24,42.89,1.0176,0.2,G3_junior,6.4,95.9,53.069,11.056,0.772,0.0309,0.05,0,MISSING_PART,test,reference
RUN-009433,WO-004717,P01,L02,MCH-009,PRD-075,2026-05-29,17.34,0.8352,2.0,G3_junior,6.8,96.3,71.099,7.427,0.981,0,0.035,0,MISSING_PART,test,reference
RUN-009811,WO-004906,P02,L03,MCH-016,PRD-024,2026-06-10,38.2,0.9292,11.5,G1_senior,7.6,85.8,56.242,3.12,0.841,0.0569,0.05,0,SOLDER_VOID,test,reference
RUN-004402,WO-002201,P02,L04,MCH-023,PRD-032,2025-12-19,25.84,1.0892,0.2,G3_junior,6.2,96.1,53.118,6.588,0.992,0.0308,0.04,0,CONTAMINATION,train,reference
RUN-001125,WO-000563,P02,L04,MCH-023,PRD-029,2025-09-05,35.95,1.1054,1.4,G3_junior,6.6,87.0,51.21,2.97,1.073,0.0885,0.065,1,SCRATCH,train,reference
RUN-006306,WO-003153,P01,L01,MCH-006,PRD-014,2026-02-18,15.49,1.1193,3.4,G2_mid,5.0,85.8,51.08,3.868,1.081,0.0352,0.04,0,SCRATCH,train,reference
RUN-000330,WO-000165,P03,L06,MCH-036,PRD-054,2025-08-11,19.2,0.895,1.2,G3_junior,6.3,71.4,53.697,3.601,0.776,0.1265,0.1,1,DIMENSION,train,reference
RUN-006224,WO-003112,P03,L05,MCH-028,PRD-079,2026-02-15,16.22,0.9685,0.2,G3_junior,3.3,71.4,50.49,3.107,0.972,0.0793,0.06,1,DIMENSION,train,reference
RUN-006543,WO-003272,P03,L06,MCH-035,PRD-066,2026-02-25,34.05,0.9034,0.6,G3_junior,7.6,88.6,55.793,3.355,0.867,0.0695,0.07,1,SOLDER_VOID,train,reference
RUN-003593,WO-001797,P02,L03,MCH-015,PRD-037,2025-11-24,23.71,0.9218,7.1,G2_mid,4.2,88.0,52.147,3.259,0.737,0.0435,0.04,0,SURFACE_DENT,train,reference
RUN-006456,WO-003228,P02,L03,MCH-013,PRD-066,2026-02-23,39.47,0.9705,12.8,G1_senior,7.6,88.6,53.337,3.616,1.033,0.069,0.05,0,SOLDER_VOID,train,reference
RUN-001285,WO-000643,P03,L06,MCH-033,PRD-061,2025-09-10,28.09,1.1644,2.1,G3_junior,4.8,76.8,55.225,3.174,0.974,0.0483,0.0625,1,CONTAMINATION,train,reference
RUN-003442,WO-001721,P01,L01,MCH-002,PRD-013,2025-11-19,32.66,1.0386,1.8,G3_junior,4.9,95.9,54.553,3.262,0.814,0.0507,0.0125,0,SURFACE_DENT,train,reference
RUN-005469,WO-002735,P03,L05,MCH-029,PRD-044,2026-01-22,27.88,1.1018,2.8,G3_junior,4.1,88.0,53.723,3.369,0.969,0.0193,0.04,0,CONTAMINATION,train,reference
RUN-000989,WO-000495,P03,L06,MCH-032,PRD-048,2025-09-01,25.92,0.9704,0.7,G3_junior,4.6,96.1,52.959,3.437,1.076,0.0223,0.04,0,SURFACE_DENT,train,reference
RUN-007741,WO-003871,P03,L06,MCH-032,PRD-010,2026-04-04,21.32,1.1872,0.2,G3_junior,6.9,97.0,46.711,3.344,0.822,0.0746,0.05,0,MISSING_PART,validation,reference
RUN-006503,WO-003252,P03,L05,MCH-026,PRD-015,2026-02-24,28.96,0.9118,1.7,G3_junior,8.8,92.1,54.221,3.301,0.758,0.0791,0.09,1,MISSING_PART,train,reference
RUN-011153,WO-005577,P03,L05,MCH-028,PRD-033,2026-07-23,18.69,1.1233,11.5,G1_senior,4.7,88.0,55.009,3.476,0.677,0.012,0.025,0,MISSING_PART,test,reference
RUN-000488,WO-000244,P02,L03,MCH-014,PRD-017,2025-08-16,24.17,1.0208,0.8,G3_junior,4.3,96.3,50.72,3.139,0.687,0,0.0,0,NONE,train,reference
RUN-005976,WO-002988,P03,L05,MCH-029,PRD-075,2026-02-07,30.75,1.1164,6.5,G2_mid,6.8,96.3,45.203,2.511,1.019,0.0431,0.04,0,DIMENSION,train,reference
RUN-007389,WO-003695,P03,L05,MCH-026,PRD-044,2026-03-24,15.27,1.0215,11.2,G1_senior,4.1,88.0,53.035,3.654,1.007,0.0398,0.016,0,CONTAMINATION,train,reference
RUN-005922,WO-002961,P03,L06,MCH-031,PRD-078,2026-02-05,32.63,0.8731,12.8,G1_senior,4.6,84.7,54.276,3.199,1.005,0,0.01,0,DIMENSION,train,reference
RUN-009156,WO-004578,P02,L04,MCH-021,PRD-052,2026-05-20,35.13,1.1256,0,G0_unknown,7.2,82.7,51.885,3.005,0.898,0.1067,0.1,1,SCRATCH,test,reference
RUN-003183,WO-001592,P03,L06,MCH-031,PRD-070,2025-11-10,15.85,0.888,0.7,G3_junior,3.9,87.4,56.468,3.57,0.886,0.032,0.048,0,CONTAMINATION,train,reference
RUN-007571,WO-003786,P02,L04,MCH-022,PRD-001,2026-03-30,24.58,1.0671,0,G0_unknown,8.2,89.9,53.83,3.028,0.995,0.0922,0.096,1,CONTAMINATION,validation,reference
RUN-000538,WO-000269,P02,L04,MCH-022,PRD-078,2025-08-18,30.07,0.9443,11.5,G1_senior,4.6,84.7,50.801,3.277,0.781,0,0.0,0,NONE,train,reference
RUN-001770,WO-000885,P03,L06,MCH-033,PRD-061,2025-09-25,19.24,0.9657,9.4,G1_senior,4.8,76.8,54.798,3.575,0.746,0.0064,0.04,0,NONE,train,reference
RUN-010274,WO-005137,P02,L04,MCH-020,PRD-017,2026-06-25,15.89,1.0547,11.8,G1_senior,4.3,96.3,50.026,2.73,0.791,0.0199,0.025,0,DIMENSION,test,reference
RUN-007721,WO-003861,P03,L05,MCH-028,PRD-006,2026-04-03,28.78,1.154,4.8,G2_mid,7.3,92.1,66.085,24.886,0.906,0.0995,0.06,1,MISSING_PART,validation,reference
RUN-004410,WO-002205,P03,L05,MCH-027,PRD-031,2025-12-19,34.04,0.8722,2.9,G3_junior,7.0,95.9,66.245,6.554,0.961,0.0566,0.04,0,SURFACE_DENT,train,reference
RUN-005376,WO-002688,P01,L01,MCH-004,PRD-061,2026-01-20,18.21,0.9231,2.3,G3_junior,4.8,76.8,54.437,3.337,0.889,0.0369,0.05,0,SCRATCH,train,reference
RUN-003992,WO-001996,P02,L03,MCH-013,PRD-063,2025-12-06,26.34,1.1018,1.6,G3_junior,5.7,84.5,65.738,7.47,0.652,0.0497,0.06,1,MISSING_PART,train,reference
RUN-006596,WO-003298,P01,L02,MCH-007,PRD-060,2026-02-27,28.01,1.1763,3.2,G2_mid,6.7,84.7,55.495,4.051,0.649,0.0209,0.064,1,SOLDER_VOID,train,reference
RUN-002622,WO-001311,P03,L06,MCH-033,PRD-054,2025-10-22,33.68,1.1752,2.3,G3_junior,6.3,71.4,72.623,8.043,0.959,0.0755,0.095,1,SCRATCH,train,reference
RUN-007498,WO-003749,P03,L05,MCH-025,PRD-062,2026-03-27,30.64,1.1722,3.4,G2_mid,6.8,71.4,52.434,3.248,0.823,0.122,0.112,1,DIMENSION,validation,reference
RUN-001074,WO-000537,P01,L02,MCH-012,PRD-022,2025-09-04,16.58,0.9109,6.1,G2_mid,4.3,85.8,57.188,3.576,0.642,0.0288,0.016,0,DIMENSION,train,reference
RUN-010940,WO-005470,P02,L04,MCH-020,PRD-078,2026-07-16,25.88,0.8862,8.2,G1_senior,4.6,84.7,53.609,9.564,0.912,0.0527,0.03,0,CONTAMINATION,test,reference
RUN-009338,WO-004669,P02,L04,MCH-022,PRD-035,2026-05-26,21.95,1.0973,14.6,G1_senior,4.3,84.7,53.721,3.004,0.884,0,0.0125,0,CONTAMINATION,test,reference
RUN-002414,WO-001207,P02,L04,MCH-019,PRD-029,2025-10-16,32.78,1.0735,18,G1_senior,6.6,87.0,53.634,3.251,0.983,0.053,0.0375,0,MISSING_PART,train,reference
RUN-003418,WO-001709,P02,L03,MCH-018,PRD-073,2025-11-18,23.92,0.8893,2.9,G3_junior,3.4,87.4,53.764,3.171,0.756,0.0019,0.01,0,SURFACE_DENT,train,reference
RUN-006794,WO-003397,P03,L05,MCH-028,PRD-010,2026-03-05,33.87,1.0128,0.2,G3_junior,6.9,97.0,63.939,5.301,0.88,0.0378,0.0375,0,DIMENSION,train,reference
RUN-003288,WO-001644,P03,L05,MCH-025,PRD-025,2025-11-13,21.85,0.871,2.2,G3_junior,3.5,87.0,52.083,3.664,0.919,0.0267,0.02,0,SURFACE_DENT,train,reference
RUN-011385,WO-005693,P01,L02,MCH-012,PRD-029,2026-07-31,29.34,0.9898,2.9,G3_junior,6.6,87.0,56.082,3.81,0.704,0.0447,0.055,1,SOLDER_VOID,test,reference
RUN-007087,WO-003544,P01,L01,MCH-006,PRD-079,2026-03-15,20.0,1.047,7.2,G2_mid,3.3,71.4,45.685,3.342,0.672,0,0.01,0,SURFACE_DENT,train,reference
RUN-010846,WO-005423,P01,L01,MCH-004,PRD-050,2026-07-14,22.06,1.1508,3.4,G2_mid,5.5,88.6,53.989,3.331,0.651,0.0146,0.04,0,CONTAMINATION,test,reference
RUN-008813,WO-004407,P01,L01,MCH-001,PRD-047,2026-05-09,22.31,0.8858,3.2,G2_mid,6.4,95.9,52.478,3.347,0.93,0,0.02,0,CONTAMINATION,validation,reference
RUN-008546,WO-004273,P02,L03,MCH-017,PRD-066,2026-04-30,22.91,0.9473,4.6,G2_mid,7.6,88.6,52.882,3.174,0.843,0,0.0625,1,SURFACE_DENT,validation,reference
RUN-002799,WO-001400,P03,L06,MCH-032,PRD-022,2025-10-28,24.55,1.1212,3.3,G2_mid,4.3,85.8,53.224,3.615,0.659,0.0056,0.02,0,SCRATCH,train,reference
RUN-009324,WO-004662,P01,L02,MCH-009,PRD-024,2026-05-26,34.78,1.0,0.2,G3_junior,7.6,85.8,60.683,16.53,0.659,0.1533,0.12,1,CONTAMINATION,test,reference
RUN-001985,WO-000993,P03,L05,MCH-026,PRD-007,2025-10-02,18.61,0.8256,11.2,G1_senior,3.9,88.0,58.293,3.388,1.067,0.0627,0.02,0,DIMENSION,train,reference
RUN-004358,WO-002179,P02,L03,MCH-018,PRD-037,2025-12-18,20.05,1.1376,0.2,G3_junior,4.2,88.0,53.085,3.14,0.801,0.029,0.032,0,SURFACE_DENT,train,reference
RUN-010669,WO-005335,P01,L01,MCH-004,PRD-032,2026-07-08,19.6,1.043,3.3,G2_mid,6.2,96.1,52.751,3.173,0.801,0.0427,0.02,0,CONTAMINATION,test,reference
RUN-004810,WO-002405,P02,L03,MCH-015,PRD-017,2026-01-01,21.55,0.986,7.0,G2_mid,4.3,96.3,52.233,3.351,1.069,0,0.032,0,SCRATCH,train,reference
RUN-004573,WO-002287,P01,L01,MCH-003,PRD-059,2025-12-25,27.72,1.0608,1.0,G3_junior,5.9,88.6,52.577,3.832,0.968,0.096,0.05,0,SCRATCH,train,reference
RUN-008332,WO-004166,P02,L03,MCH-016,PRD-044,2026-04-23,12.89,0.8771,7.0,G2_mid,4.1,88.0,55.328,3.188,1.026,0.0195,0.04,0,SOLDER_VOID,validation,reference
RUN-007814,WO-003907,P01,L02,MCH-008,PRD-060,2026-04-07,23.65,0.8792,1.4,G3_junior,6.7,84.7,50.381,2.995,0.972,0.059,0.07,1,SOLDER_VOID,validation,reference
RUN-007892,WO-003946,P02,L03,MCH-016,PRD-023,2026-04-09,14.14,0.9381,8.9,G1_senior,5.0,85.8,52.599,3.104,0.958,0.0676,0.04,0,SCRATCH,validation,reference
RUN-004063,WO-002032,P01,L01,MCH-004,PRD-013,2025-12-09,18.11,1.0684,12.8,G1_senior,4.9,95.9,50.488,3.048,0.873,0.0265,0.02,0,SOLDER_VOID,train,reference
RUN-008524,WO-004262,P03,L05,MCH-027,PRD-025,2026-04-29,17.68,1.1756,11.5,G1_senior,3.5,87.0,51.712,2.787,0.952,0.0054,0.016,0,MISSING_PART,validation,reference
RUN-010404,WO-005202,P03,L05,MCH-027,PRD-040,2026-06-29,20.07,0.9372,7.0,G2_mid,8.4,82.7,51.883,3.214,0.987,0.0924,0.1,1,CONTAMINATION,test,reference
RUN-003902,WO-001951,P03,L05,MCH-028,PRD-039,2025-12-03,21.51,0.8587,15.7,G1_senior,5.6,96.1,60.346,5.549,0.924,0.0192,0.016,0,DIMENSION,train,reference
RUN-009262,WO-004631,P03,L06,MCH-032,PRD-056,2026-05-23,24.47,0.9873,2.6,G3_junior,4.3,97.0,52.358,3.075,0.693,0.023,0.0125,0,SOLDER_VOID,test,reference
RUN-003163,WO-001582,P02,L03,MCH-016,PRD-057,2025-11-10,31.64,0.9793,10.6,G1_senior,5.6,88.6,53.018,3.305,0.689,0.0702,0.056,1,DIMENSION,train,reference
RUN-002450,WO-001225,P02,L04,MCH-019,PRD-004,2025-10-17,26.26,1.1724,2.7,G3_junior,3.9,95.9,55.69,3.408,1.072,0,0.0375,0,SOLDER_VOID,train,reference
RUN-002786,WO-001393,P02,L04,MCH-019,PRD-036,2025-10-28,33.13,1.0617,0.6,G3_junior,4.1,87.0,56.419,3.135,1.082,0,0.0375,0,CONTAMINATION,train,reference
RUN-008520,WO-004260,P03,L05,MCH-028,PRD-029,2026-04-29,22.4,0.8918,1.2,G3_junior,6.6,87.0,54.558,3.446,0.753,0.0544,0.075,1,SURFACE_DENT,validation,reference
RUN-001249,WO-000625,P03,L06,MCH-035,PRD-066,2025-09-09,22.19,0.8532,0.2,G3_junior,7.6,88.6,55.689,3.406,0.707,0.0663,0.08,1,CONTAMINATION,train,reference
RUN-001048,WO-000524,P02,L03,MCH-013,PRD-058,2025-09-03,27.51,1.0657,2.3,G3_junior,8.8,71.4,52.368,3.177,0.809,0.1588,0.128,1,DIMENSION,train,reference
RUN-000182,WO-000091,P01,L01,MCH-003,PRD-072,2025-08-07,22.08,0.9923,3.0,G3_junior,4.1,84.7,53.975,3.354,0.671,0.0118,0.03,0,SOLDER_VOID,train,reference
RUN-011010,WO-005505,P02,L03,MCH-015,PRD-057,2026-07-19,18.96,0.8674,1.2,G3_junior,5.6,88.6,47.802,3.082,0.862,0.0701,0.0625,1,SOLDER_VOID,test,reference
RUN-005727,WO-002864,P03,L06,MCH-034,PRD-061,2026-01-30,32.77,1.1293,7.2,G2_mid,4.8,76.8,50.426,2.946,1.032,0.0535,0.048,0,SURFACE_DENT,train,reference
RUN-006524,WO-003262,P01,L02,MCH-012,PRD-001,2026-02-25,26.27,1.1693,6.5,G2_mid,8.2,89.9,56.399,3.683,0.926,0.1055,0.08,1,DIMENSION,train,reference
RUN-010710,WO-005355,P01,L02,MCH-011,PRD-036,2026-07-09,19.59,1.1114,2.7,G3_junior,4.1,87.0,50.188,2.917,0.691,0.0446,0.05,0,DIMENSION,test,reference
RUN-000669,WO-000335,P01,L02,MCH-009,PRD-030,2025-08-22,26.02,1.1693,3.4,G2_mid,3.6,76.8,52.683,3.383,0.919,0.0603,0.04,0,DIMENSION,train,reference
RUN-005512,WO-002756,P03,L06,MCH-031,PRD-056,2026-01-23,19.51,1.1371,0.7,G3_junior,4.3,97.0,56.006,4.081,0.973,0.0015,0.0,0,NONE,train,reference
RUN-004618,WO-002309,P01,L02,MCH-010,PRD-069,2025-12-26,29.31,0.8965,0.6,G3_junior,10,88.6,53.502,3.09,0.757,0.1083,0.12,1,SURFACE_DENT,train,reference
RUN-001805,WO-000903,P03,L06,MCH-033,PRD-004,2025-09-26,32.02,0.9742,7.2,G2_mid,3.9,95.9,52.694,3.081,0.88,0,0.0,0,NONE,train,reference
RUN-004048,WO-002024,P02,L04,MCH-024,PRD-077,2025-12-08,26.59,1.1682,5.7,G2_mid,1.7,96.1,48.33,2.844,0.81,0.0215,0.01,0,MISSING_PART,train,reference
RUN-005054,WO-002527,P01,L02,MCH-011,PRD-022,2026-01-09,23.69,1.175,1.0,G3_junior,4.3,85.8,51.649,3.21,1.02,0.0546,0.04,0,SCRATCH,train,reference
RUN-003232,WO-001616,P01,L02,MCH-009,PRD-008,2025-11-12,20.89,0.9608,14.6,G1_senior,3.4,84.5,52.443,3.316,0.629,0.0183,0.01,0,SCRATCH,train,reference
RUN-002949,WO-001475,P01,L02,MCH-010,PRD-029,2025-11-03,36.77,0.9014,2.1,G3_junior,6.6,87.0,54.11,3.427,0.758,0.1097,0.08,1,MISSING_PART,train,reference
RUN-008152,WO-004076,P02,L04,MCH-024,PRD-001,2026-04-17,32.7,1.0436,15.7,G1_senior,8.2,89.9,50.359,2.782,1.058,0.0276,0.025,0,SURFACE_DENT,validation,reference
RUN-005255,WO-002628,P03,L05,MCH-030,PRD-044,2026-01-15,24.45,0.9359,0,G0_unknown,4.1,88.0,52.349,3.011,0.836,0.0638,0.024,0,SOLDER_VOID,train,reference
RUN-002841,WO-001421,P01,L01,MCH-003,PRD-072,2025-10-30,21.59,0.8738,2.8,G3_junior,4.1,84.7,50.106,3.173,0.764,0.0344,0.04,0,MISSING_PART,train,reference
RUN-006611,WO-003306,P03,L05,MCH-029,PRD-013,2026-02-27,20.18,0.8991,3.3,G2_mid,4.9,95.9,54.163,3.945,0.674,0,0.02,0,CONTAMINATION,train,reference
RUN-007989,WO-003995,P01,L01,MCH-005,PRD-016,2026-04-13,18.45,0.836,11.8,G1_senior,4.3,85.8,50.195,2.739,1.077,0.0427,0.032,0,SCRATCH,validation,reference
RUN-002930,WO-001465,P01,L02,MCH-012,PRD-053,2025-11-02,18.74,1.1641,2.8,G3_junior,5.6,88.0,52.07,3.352,0.731,0.0736,0.06,1,SCRATCH,train,reference
RUN-007988,WO-003994,P01,L01,MCH-004,PRD-074,2026-04-13,23.02,1.0134,0.2,G3_junior,6.4,95.9,52.587,3.155,0.642,0.0069,0.048,0,NONE,validation,reference
RUN-007511,WO-003756,P01,L02,MCH-007,PRD-005,2026-03-28,28.1,1.1597,7.0,G2_mid,5.2,85.8,46.509,3.007,0.969,0.0353,0.045,0,SURFACE_DENT,validation,reference
RUN-000850,WO-000425,P01,L02,MCH-008,PRD-030,2025-08-28,24.43,1.0958,2.1,G3_junior,3.6,76.8,49.936,6.856,0.834,0,0.025,0,SURFACE_DENT,train,reference
RUN-006880,WO-003440,P01,L01,MCH-001,PRD-050,2026-03-09,36.87,0.881,7.1,G2_mid,5.5,88.6,55.041,3.36,0.83,0.0372,0.0375,0,CONTAMINATION,train,reference
RUN-008734,WO-004367,P03,L06,MCH-032,PRD-013,2026-05-06,26.34,1.0278,2.8,G3_junior,4.9,95.9,53.018,5.318,1.073,0.0223,0.03,0,DIMENSION,validation,reference
RUN-010818,WO-005409,P01,L02,MCH-010,PRD-008,2026-07-13,28.23,0.8596,11.5,G1_senior,3.4,84.5,54.11,3.251,0.933,0,0.0,0,NONE,test,reference
RUN-007209,WO-003605,P01,L01,MCH-006,PRD-009,2026-03-19,29.98,1.0602,2.8,G3_junior,5.0,76.8,51.127,2.894,0.666,0.0891,0.08,1,SOLDER_VOID,train,reference
RUN-011075,WO-005538,P02,L04,MCH-022,PRD-021,2026-07-21,9.26,0.9384,0.7,G3_junior,3.0,95.9,50.213,3.033,0.784,0.0554,0.03,0,SOLDER_VOID,test,reference
RUN-011219,WO-005610,P02,L03,MCH-016,PRD-022,2026-07-26,19.28,0.8615,2.8,G3_junior,4.3,85.8,49.119,3.478,0.731,0.0263,0.06,1,MISSING_PART,test,reference
RUN-010927,WO-005464,P01,L02,MCH-011,PRD-062,2026-07-16,15.09,0.9577,1.4,G3_junior,6.8,71.4,52.89,3.644,0.666,0.1497,0.135,1,SCRATCH,test,reference
RUN-010052,WO-005026,P02,L03,MCH-017,PRD-066,2026-06-18,29.39,1.1381,2.0,G3_junior,7.6,88.6,53.411,3.055,0.933,0.0883,0.08,1,SOLDER_VOID,test,reference
RUN-009774,WO-004887,P01,L02,MCH-010,PRD-053,2026-06-09,27.12,0.9371,0.7,G3_junior,5.6,88.0,55.514,3.03,0.928,0.0559,0.05,0,SCRATCH,test,reference
RUN-004581,WO-002291,P01,L02,MCH-007,PRD-039,2025-12-25,23.52,0.9244,4.6,G2_mid,5.6,96.1,55.389,3.239,0.777,0.0516,0.04,0,MISSING_PART,train,reference
RUN-006255,WO-003128,P03,L05,MCH-030,PRD-019,2026-02-16,27.14,1.0218,3.3,G2_mid,7.2,71.7,50.423,3.274,0.795,0.1393,0.11,1,DIMENSION,train,reference
RUN-008732,WO-004366,P03,L05,MCH-028,PRD-029,2026-05-06,20.1,1.0925,7.6,G2_mid,6.6,87.0,54.091,3.496,0.657,0.1055,0.048,0,SOLDER_VOID,validation,reference
RUN-009402,WO-004701,P02,L03,MCH-017,PRD-017,2026-05-28,14.01,0.8568,2.0,G3_junior,4.3,96.3,52.528,3.392,0.904,0.0619,0.032,0,SOLDER_VOID,test,reference
RUN-006533,WO-003267,P02,L04,MCH-022,PRD-037,2026-02-25,17.12,0.9863,1.8,G3_junior,4.2,88.0,50.891,3.173,0.712,0,0.0,0,NONE,train,reference
RUN-006693,WO-003347,P03,L06,MCH-035,PRD-043,2026-03-02,26.82,0.9359,2.7,G3_junior,4.2,84.5,51.805,3.127,0.71,0.0801,0.04,0,MISSING_PART,train,reference
RUN-009271,WO-004636,P02,L03,MCH-013,PRD-073,2026-05-24,26.62,1.024,1.8,G3_junior,3.4,87.4,44.816,6.204,0.774,0.0539,0.02,0,SOLDER_VOID,test,reference
RUN-003050,WO-001525,P01,L01,MCH-006,PRD-051,2025-11-06,29.98,0.929,3.2,G2_mid,6.9,96.1,54.31,3.153,0.911,0.0085,0.032,0,SURFACE_DENT,train,reference
RUN-007370,WO-003685,P01,L01,MCH-004,PRD-020,2026-03-24,36.2,0.9489,4.8,G2_mid,7.8,84.7,49.821,3.029,0.919,0.1111,0.08,1,SOLDER_VOID,train,reference
RUN-005148,WO-002574,P03,L05,MCH-028,PRD-022,2026-01-12,23.87,0.9519,0,G0_unknown,4.3,85.8,51.895,3.877,0.629,0,0.04,0,SURFACE_DENT,train,reference
RUN-003848,WO-001924,P01,L02,MCH-010,PRD-062,2025-12-02,24.77,0.8588,2.8,G3_junior,6.8,71.4,55.387,3.47,0.885,0.0643,0.08,1,MISSING_PART,train,reference
RUN-007171,WO-003586,P03,L06,MCH-034,PRD-012,2026-03-17,19.01,0.8986,2.8,G3_junior,2.1,92.1,51.164,3.263,0.865,0.0259,0.032,0,SURFACE_DENT,train,reference
RUN-007620,WO-003810,P03,L06,MCH-036,PRD-004,2026-03-31,22.97,1.2,8.9,G1_senior,3.9,95.9,52.356,2.799,0.877,0,0.02,0,DIMENSION,validation,reference
RUN-008304,WO-004152,P03,L05,MCH-030,PRD-080,2026-04-22,31.95,1.0082,0.6,G3_junior,5.2,84.5,54.581,4.83,1.009,0.0758,0.06,1,SURFACE_DENT,validation,reference
RUN-007283,WO-003642,P01,L02,MCH-012,PRD-001,2026-03-21,27.71,1.0101,0.6,G3_junior,8.2,89.9,50.544,3.759,0.625,0.0593,0.08,1,SOLDER_VOID,train,reference
RUN-010072,WO-005036,P03,L06,MCH-033,PRD-042,2026-06-18,28.51,1.1616,3.2,G2_mid,1.4,89.9,53.747,3.087,0.867,0.0001,0.02,0,DIMENSION,test,reference
RUN-007722,WO-003861,P03,L05,MCH-029,PRD-006,2026-04-03,32.49,0.9237,10.6,G1_senior,7.3,92.1,53.284,2.907,0.682,0.0102,0.04,0,SOLDER_VOID,validation,reference
RUN-000877,WO-000439,P03,L06,MCH-036,PRD-034,2025-08-28,20.93,0.8869,3.2,G2_mid,2.6,96.1,54.629,3.039,1.082,0,0.0,0,NONE,train,reference
RUN-006951,WO-003476,P01,L01,MCH-003,PRD-031,2026-03-11,24.08,0.8895,6.5,G2_mid,7.0,95.9,53.934,3.337,1.01,0,0.015,0,SURFACE_DENT,train,reference
RUN-005680,WO-002840,P02,L04,MCH-021,PRD-010,2026-01-29,16.22,1.0818,7.6,G2_mid,6.9,97.0,51.14,2.815,0.996,0.0999,0.04,0,SURFACE_DENT,train,reference
RUN-003718,WO-001859,P03,L06,MCH-035,PRD-013,2025-11-27,17.6,1.1239,1.3,G3_junior,4.9,95.9,52.724,3.249,0.702,0.0141,0.032,0,SOLDER_VOID,train,reference
RUN-008494,WO-004247,P03,L06,MCH-033,PRD-078,2026-04-28,14.2,1.0254,1.0,G3_junior,4.6,84.7,59.15,3.72,0.667,0.0559,0.04,0,DIMENSION,validation,reference
RUN-010628,WO-005314,P03,L06,MCH-034,PRD-017,2026-07-06,18.97,0.9404,11.5,G1_senior,4.3,96.3,51.525,2.758,0.752,0.0037,0.025,0,CONTAMINATION,test,reference
RUN-000465,WO-000233,P02,L04,MCH-023,PRD-006,2025-08-15,32.77,1.0613,2.8,G3_junior,7.3,92.1,51.393,3.437,1.015,0.0848,0.0625,1,SOLDER_VOID,train,reference
RUN-002926,WO-001463,P01,L01,MCH-002,PRD-016,2025-11-02,8.16,0.856,2.3,G3_junior,4.3,85.8,48.633,3.239,1.017,0.0843,0.05,0,SURFACE_DENT,train,reference
RUN-004917,WO-002459,P02,L04,MCH-021,PRD-046,2026-01-05,32.89,0.9608,11.2,G1_senior,4.6,71.0,50.97,2.574,0.697,0.0616,0.04,0,SCRATCH,train,reference
RUN-001157,WO-000579,P01,L01,MCH-003,PRD-068,2025-09-07,20.85,0.8816,1.0,G3_junior,2.3,71.0,63.476,7.682,0.822,0.0392,0.06,1,SCRATCH,train,reference
RUN-009977,WO-004989,P01,L02,MCH-009,PRD-063,2026-06-16,28.59,1.0417,1.0,G3_junior,5.7,84.5,52.135,2.991,0.637,0,0.048,0,SOLDER_VOID,test,reference
RUN-001321,WO-000661,P03,L06,MCH-034,PRD-035,2025-09-11,36.18,0.9779,4.6,G2_mid,4.3,84.7,47.634,2.573,0.991,0.0553,0.056,1,MISSING_PART,train,reference
RUN-001237,WO-000619,P02,L04,MCH-020,PRD-051,2025-09-09,17.92,0.9384,1.3,G3_junior,6.9,96.1,51.254,2.829,0.863,0.0763,0.06,1,DIMENSION,train,reference
RUN-000406,WO-000203,P03,L06,MCH-032,PRD-048,2025-08-13,21.8,0.953,0.5,G3_junior,4.6,96.1,53.177,3.445,0.819,0,0.0125,0,SURFACE_DENT,train,reference
RUN-010004,WO-005002,P01,L01,MCH-006,PRD-047,2026-06-17,22.2,1.0785,5.8,G2_mid,6.4,95.9,50.431,3.855,0.723,0.009,0.03,0,SURFACE_DENT,test,reference
RUN-011403,WO-005702,P03,L05,MCH-029,PRD-063,2026-07-31,24.52,1.1273,0.2,G3_junior,5.7,84.5,50.452,3.298,1.033,0.0914,0.064,1,CONTAMINATION,test,reference
RUN-006890,WO-003445,P01,L02,MCH-008,PRD-005,2026-03-09,14.22,0.8971,3.3,G2_mid,5.2,85.8,50.922,3.158,0.984,0.0719,0.04,0,DIMENSION,train,reference
RUN-009297,WO-004649,P02,L03,MCH-016,PRD-037,2026-05-25,26.18,1.0257,2.0,G3_junior,4.2,88.0,52.052,3.078,0.701,0.0434,0.035,0,SURFACE_DENT,test,reference
RUN-000704,WO-000352,P02,L03,MCH-018,PRD-042,2025-08-23,20.75,1.164,1.0,G3_junior,1.4,89.9,48.813,2.898,0.755,0.0141,0.0,0,NONE,train,reference
RUN-000214,WO-000107,P03,L06,MCH-034,PRD-022,2025-08-07,22.01,1.0462,0.2,G3_junior,4.3,85.8,51.165,8.797,0.752,0.0538,0.045,0,SOLDER_VOID,train,reference
RUN-006158,WO-003079,P01,L02,MCH-009,PRD-022,2026-02-13,28.61,0.9058,7.2,G2_mid,4.3,85.8,51.387,3.048,0.995,0,0.02,0,MISSING_PART,train,reference
RUN-009215,WO-004608,P01,L02,MCH-009,PRD-079,2026-05-22,20.03,1.0531,0.4,G3_junior,3.3,71.4,53.141,4.944,0.975,0.0852,0.088,1,SURFACE_DENT,test,reference
RUN-005902,WO-002951,P02,L03,MCH-013,PRD-066,2026-02-05,23.21,1.1253,2.0,G3_junior,7.6,88.6,54.451,3.037,1.073,0.0364,0.08,1,MISSING_PART,train,reference
RUN-001866,WO-000933,P02,L03,MCH-013,PRD-071,2025-09-29,31.35,0.992,7.6,G2_mid,6.2,84.7,54.73,3.086,0.829,0.0502,0.06,1,DIMENSION,train,reference
RUN-002540,WO-001270,P03,L05,MCH-028,PRD-010,2025-10-20,29.43,0.8729,0,G0_unknown,6.9,97.0,53.825,3.523,0.746,0.0473,0.0625,1,SCRATCH,train,reference
RUN-003223,WO-001612,P01,L01,MCH-002,PRD-066,2025-11-12,30.92,1.0982,0.4,G3_junior,7.6,88.6,58.441,8.896,0.66,0.0576,0.08,1,DIMENSION,train,reference
RUN-003045,WO-001523,P03,L06,MCH-031,PRD-024,2025-11-05,41.05,1.075,3.3,G2_mid,7.6,85.8,56.843,3.462,0.799,0.0733,0.08,1,CONTAMINATION,train,reference
RUN-003944,WO-001972,P03,L06,MCH-035,PRD-058,2025-12-04,21.61,0.859,3.1,G2_mid,8.8,71.4,53.148,3.027,0.977,0.1074,0.14,1,SURFACE_DENT,train,reference
RUN-003697,WO-001849,P01,L02,MCH-012,PRD-001,2025-11-27,23.47,1.119,0.7,G3_junior,8.2,89.9,56.407,3.499,0.757,0.1001,0.0875,1,SCRATCH,train,reference
RUN-004629,WO-002315,P02,L04,MCH-023,PRD-024,2025-12-26,25.46,1.1112,1.0,G3_junior,7.6,85.8,52.796,2.749,0.982,0.0474,0.075,1,SURFACE_DENT,train,reference
RUN-008453,WO-004227,P03,L06,MCH-031,PRD-006,2026-04-27,47.42,0.861,2.8,G3_junior,7.3,92.1,53.475,3.931,0.74,0.056,0.08,1,SCRATCH,validation,reference
RUN-001632,WO-000816,P01,L01,MCH-002,PRD-064,2025-09-22,26.1,1.0574,0.4,G3_junior,4.9,89.9,52.403,3.145,0.957,0.0556,0.03,0,SURFACE_DENT,train,reference
RUN-003156,WO-001578,P01,L01,MCH-006,PRD-079,2025-11-10,33.29,1.0874,2.8,G3_junior,3.3,71.4,52.858,3.148,1.029,0.0861,0.056,1,SURFACE_DENT,train,reference
RUN-008544,WO-004272,P02,L03,MCH-014,PRD-048,2026-04-30,32.66,1.2164,4.6,G2_mid,4.6,96.1,54.694,3.226,1.009,0.0316,0.025,0,SURFACE_DENT,validation,reference
RUN-009847,WO-004924,P02,L03,MCH-014,PRD-069,2026-06-11,22.89,0.9291,12.8,G1_senior,10,88.6,54.218,3.198,0.778,0.0849,0.08,1,SOLDER_VOID,test,reference
RUN-002840,WO-001420,P01,L01,MCH-006,PRD-072,2025-10-30,21.83,1.0811,8.9,G1_senior,4.1,84.7,54.517,3.766,0.89,0.0636,0.032,0,DIMENSION,train,reference
RUN-007654,WO-003827,P03,L06,MCH-035,PRD-004,2026-04-01,30.93,1.0865,10.6,G1_senior,3.9,95.9,52.181,2.786,0.742,0,0.025,0,SOLDER_VOID,validation,reference
RUN-003431,WO-001716,P03,L05,MCH-029,PRD-063,2025-11-18,24.22,0.9102,4.8,G2_mid,5.7,84.5,51.16,2.986,0.751,0.01,0.0375,0,SURFACE_DENT,train,reference
RUN-003689,WO-001845,P01,L01,MCH-001,PRD-059,2025-11-27,26.93,1.0094,3.4,G2_mid,5.9,88.6,53.355,6.813,0.957,0.0338,0.04,0,CONTAMINATION,train,reference
RUN-007779,WO-003890,P02,L03,MCH-017,PRD-017,2026-04-06,24.55,1.0009,3.4,G2_mid,4.3,96.3,54.446,2.842,0.996,0.0181,0.02,0,CONTAMINATION,validation,reference
RUN-007775,WO-003888,P01,L02,MCH-011,PRD-039,2026-04-06,32.95,0.9118,5.7,G2_mid,5.6,96.1,50.23,2.695,0.712,0.0189,0.03,0,NONE,validation,reference
RUN-006265,WO-003133,P01,L01,MCH-005,PRD-029,2026-02-17,37.79,0.8299,3.1,G2_mid,6.6,87.0,51.339,3.185,0.972,0.0747,0.08,1,MISSING_PART,train,reference
RUN-009115,WO-004558,P02,L03,MCH-013,PRD-045,2026-05-19,14.5,0.9266,2.3,G3_junior,2.5,97.0,54.24,3.303,0.745,0.0829,0.008,0,NONE,validation,reference
RUN-011329,WO-005665,P03,L05,MCH-027,PRD-079,2026-07-29,22.82,0.8788,7.1,G2_mid,3.3,71.4,53.773,2.828,1.007,0.0489,0.05,0,CONTAMINATION,test,reference
RUN-008682,WO-004341,P02,L03,MCH-013,PRD-042,2026-05-05,26.25,0.834,2.9,G3_junior,1.4,89.9,51.591,2.95,0.783,0.0093,0.025,0,DIMENSION,validation,reference
RUN-010548,WO-005274,P03,L05,MCH-028,PRD-015,2026-07-03,35.19,0.8926,3.3,G2_mid,8.8,92.1,53.146,7.276,1.033,0.0959,0.09,1,SOLDER_VOID,test,reference
RUN-005220,WO-002610,P03,L05,MCH-025,PRD-019,2026-01-14,15.04,1.0212,0.2,G3_junior,7.2,71.7,53.294,3.859,0.671,0.101,0.12,1,CONTAMINATION,train,reference
RUN-009989,WO-004995,P02,L04,MCH-019,PRD-052,2026-06-16,26.94,0.9634,10.6,G1_senior,7.2,82.7,72.375,8.249,0.837,0.0932,0.06,1,SURFACE_DENT,test,reference
RUN-006635,WO-003318,P01,L01,MCH-005,PRD-020,2026-03-01,25.9,1.1378,1.7,G3_junior,7.8,84.7,47.859,3.386,0.732,0.1459,0.1,1,NONE,train,reference
RUN-009082,WO-004541,P02,L04,MCH-024,PRD-041,2026-05-18,24.58,0.8405,0.6,G3_junior,6.3,85.8,51.292,2.706,0.754,0.1215,0.08,1,SURFACE_DENT,validation,reference
RUN-004441,WO-002221,P01,L01,MCH-006,PRD-013,2025-12-21,36.91,1.1578,2.8,G3_junior,4.9,95.9,47.286,3.275,0.871,0.0725,0.04,0,SOLDER_VOID,train,reference
RUN-000320,WO-000160,P02,L04,MCH-021,PRD-040,2025-08-11,31.68,0.9563,2.0,G3_junior,8.4,82.7,52.886,3.115,0.804,0.1098,0.09,1,SOLDER_VOID,train,reference
RUN-008473,WO-004237,P02,L03,MCH-014,PRD-023,2026-04-28,33.14,1.1485,0.6,G3_junior,5.0,85.8,55.251,3.163,0.942,0.0755,0.03,0,CONTAMINATION,validation,reference
RUN-005575,WO-002788,P02,L04,MCH-023,PRD-021,2026-01-26,21.51,1.0802,7.6,G2_mid,3.0,95.9,70.31,7.379,0.797,0.0455,0.01,0,DIMENSION,train,reference
RUN-002036,WO-001018,P02,L04,MCH-021,PRD-078,2025-10-04,19.7,1.0049,2.6,G3_junior,4.6,84.7,51.18,2.825,0.769,0.0394,0.0375,0,CONTAMINATION,train,reference
RUN-005111,WO-002556,P02,L03,MCH-017,PRD-058,2026-01-11,44.41,0.9087,0.6,G3_junior,8.8,71.4,49.747,3.232,0.771,0.1474,0.1375,1,SURFACE_DENT,train,reference
RUN-003019,WO-001510,P01,L02,MCH-012,PRD-060,2025-11-05,30.73,0.8712,0.2,G3_junior,6.7,84.7,53.726,3.291,0.935,0.0679,0.0875,1,SOLDER_VOID,train,reference
RUN-011069,WO-005535,P02,L03,MCH-016,PRD-070,2026-07-21,20.03,0.9899,4.8,G2_mid,3.9,87.4,53.666,3.427,0.969,0.0461,0.032,0,SCRATCH,test,reference
RUN-003846,WO-001923,P01,L01,MCH-001,PRD-077,2025-12-02,26.87,1.0145,7.6,G2_mid,1.7,96.1,52.47,3.469,0.96,0.054,0.01,0,DIMENSION,train,reference
RUN-005395,WO-002698,P02,L04,MCH-019,PRD-005,2026-01-20,31.25,0.864,3.1,G2_mid,5.2,85.8,54.383,3.468,0.705,0.058,0.05,0,MISSING_PART,train,reference
RUN-000793,WO-000397,P02,L04,MCH-019,PRD-029,2025-08-26,23.38,1.0034,1.7,G3_junior,6.6,87.0,52.757,3.157,1.096,0.082,0.06,1,SCRATCH,train,reference
RUN-004930,WO-002465,P03,L06,MCH-035,PRD-040,2026-01-05,28.85,1.0598,1.6,G3_junior,8.4,82.7,50.429,3.031,1.066,0.072,0.088,1,SCRATCH,train,reference
RUN-010820,WO-005410,P01,L02,MCH-009,PRD-008,2026-07-13,23.28,1.0227,6.1,G2_mid,3.4,84.5,48.725,3.335,0.836,0.0359,0.04,0,SURFACE_DENT,test,reference
RUN-003100,WO-001550,P02,L03,MCH-014,PRD-002,2025-11-07,40.04,1.1765,7.1,G2_mid,5.3,88.0,49.651,3.284,0.774,0.036,0.032,0,MISSING_PART,train,reference
RUN-008936,WO-004468,P02,L04,MCH-022,PRD-035,2026-05-13,9.4,1.1415,8.9,G1_senior,4.3,84.7,52.514,3.57,1.05,0.0181,0.02,0,SOLDER_VOID,validation,reference
RUN-011208,WO-005604,P03,L05,MCH-030,PRD-022,2026-07-25,14.62,1.0865,2.9,G3_junior,4.3,85.8,50.933,3.013,0.654,0.0567,0.032,0,SURFACE_DENT,test,reference
RUN-007450,WO-003725,P02,L03,MCH-015,PRD-070,2026-03-26,21.64,1.206,2.8,G3_junior,3.9,87.4,50.96,2.912,0.887,0.0738,0.04,0,DIMENSION,validation,reference
RUN-004471,WO-002236,P01,L02,MCH-009,PRD-039,2025-12-22,27.41,0.92,11.2,G1_senior,5.6,96.1,53.771,3.449,0.919,0.0136,0.02,0,CONTAMINATION,train,reference
RUN-009616,WO-004808,P01,L02,MCH-010,PRD-053,2026-06-04,29.99,1.0058,3.4,G2_mid,5.6,88.0,51.593,2.978,0.913,0.0121,0.04,0,SOLDER_VOID,test,reference
RUN-008778,WO-004389,P01,L01,MCH-001,PRD-020,2026-05-08,26.37,0.9778,2.1,G3_junior,7.8,84.7,49.561,3.076,0.889,0.1267,0.1,1,CONTAMINATION,validation,reference
RUN-008302,WO-004151,P02,L04,MCH-020,PRD-024,2026-04-22,28.49,0.8922,7.1,G2_mid,7.6,85.8,49.857,3.031,1.07,0.0981,0.1,1,CONTAMINATION,validation,reference
RUN-007408,WO-003704,P01,L02,MCH-012,PRD-030,2026-03-25,28.39,0.9254,7.2,G2_mid,3.6,76.8,57.917,3.528,0.812,0.0587,0.056,1,SURFACE_DENT,train,reference
RUN-007476,WO-003738,P01,L01,MCH-002,PRD-052,2026-03-27,28.05,0.8569,2.8,G3_junior,7.2,82.7,55.692,10.431,0.718,0.0703,0.08,1,DIMENSION,validation,reference
RUN-004504,WO-002252,P01,L01,MCH-003,PRD-023,2025-12-23,27.37,1.1423,18,G1_senior,5.0,85.8,53.49,3.248,0.775,0.0041,0.02,0,MISSING_PART,train,reference
RUN-004009,WO-002005,P02,L03,MCH-014,PRD-058,2025-12-07,27.1,0.9792,0.7,G3_junior,8.8,71.4,49.738,3.311,1.027,0.1394,0.15,1,DIMENSION,train,reference
RUN-000617,WO-000309,P03,L05,MCH-030,PRD-008,2025-08-20,17.43,1.1069,4.6,G2_mid,3.4,84.5,52.814,3.267,0.938,0.018,0.055,1,MISSING_PART,train,reference
RUN-007935,WO-003968,P03,L05,MCH-030,PRD-054,2026-04-10,33.68,0.9744,8.2,G1_senior,6.3,71.4,51.275,3.021,1.049,0.0516,0.08,1,NONE,validation,reference
RUN-003375,WO-001688,P01,L02,MCH-010,PRD-035,2025-11-17,20.88,1.0872,2.8,G3_junior,4.3,84.7,50.628,3.435,0.947,0.0281,0.0375,0,CONTAMINATION,train,reference
RUN-008268,WO-004134,P03,L05,MCH-030,PRD-054,2026-04-21,21.06,1.0413,2.8,G3_junior,6.3,71.4,52.663,2.9,0.872,0.0814,0.09,1,SOLDER_VOID,validation,reference
RUN-001073,WO-000537,P01,L02,MCH-011,PRD-022,2025-09-04,11.95,1.0571,0.7,G3_junior,4.3,85.8,50.194,2.918,0.812,0.0528,0.06,1,CONTAMINATION,train,reference
RUN-000937,WO-000469,P01,L01,MCH-004,PRD-014,2025-08-31,25.75,1.0103,11.5,G1_senior,5.0,85.8,49.647,2.905,1.032,0.0254,0.02,0,SCRATCH,train,reference
RUN-010197,WO-005099,P02,L03,MCH-014,PRD-048,2026-06-23,25.93,0.9802,1.7,G3_junior,4.6,96.1,52.337,3.303,0.851,0.0353,0.03,0,DIMENSION,test,reference
RUN-011236,WO-005618,P01,L01,MCH-002,PRD-001,2026-07-27,34.03,1.1492,5.7,G2_mid,8.2,89.9,52.485,3.437,0.867,0.1015,0.08,1,SURFACE_DENT,test,reference
RUN-002007,WO-001004,P02,L03,MCH-013,PRD-027,2025-10-03,20.03,0.9656,2.8,G3_junior,7.1,89.9,52.247,2.816,1.051,0.0915,0.06,1,SCRATCH,train,reference
RUN-010243,WO-005122,P03,L05,MCH-029,PRD-020,2026-06-24,23.03,1.0771,0.7,G3_junior,7.8,84.7,50.969,3.708,0.872,0.1073,0.08,1,MISSING_PART,test,reference
RUN-005021,WO-002511,P02,L03,MCH-015,PRD-012,2026-01-08,18.31,0.83,1.0,G3_junior,2.1,92.1,55.23,2.917,0.981,0.0035,0.016,0,NONE,train,reference
RUN-006345,WO-003173,P01,L02,MCH-008,PRD-066,2026-02-19,22.98,1.1333,2.9,G3_junior,7.6,88.6,53.414,2.559,0.728,0.0389,0.08,1,DIMENSION,train,reference
RUN-001615,WO-000808,P02,L04,MCH-020,PRD-032,2025-09-21,24.6,0.9485,0,G0_unknown,6.2,96.1,47.328,2.975,0.79,0.0551,0.04,0,CONTAMINATION,train,reference
RUN-006296,WO-003148,P03,L06,MCH-031,PRD-009,2026-02-17,21.63,1.0242,6.1,G2_mid,5.0,76.8,55.68,3.759,1.022,0.1375,0.06,1,SCRATCH,train,reference
RUN-006931,WO-003466,P02,L03,MCH-016,PRD-069,2026-03-10,31.67,0.9299,12.8,G1_senior,10,88.6,52.297,3.332,0.781,0.1281,0.1,1,CONTAMINATION,train,reference
RUN-009909,WO-004955,P01,L01,MCH-002,PRD-001,2026-06-13,22.75,1.1299,4.6,G2_mid,8.2,89.9,51.528,3.14,0.864,0.0986,0.09,1,CONTAMINATION,test,reference
RUN-005298,WO-002649,P03,L06,MCH-036,PRD-040,2026-01-16,31.09,0.8544,0.2,G3_junior,8.4,82.7,52.006,3.209,0.762,0.0404,0.07,1,SURFACE_DENT,train,reference
RUN-001173,WO-000587,P03,L05,MCH-029,PRD-055,2025-09-07,23.51,0.9418,7.6,G2_mid,4.8,87.4,46.271,3.319,0.691,0.023,0.04,0,SOLDER_VOID,train,reference
RUN-007957,WO-003979,P02,L03,MCH-013,PRD-024,2026-04-11,30.66,0.8551,1.0,G3_junior,7.6,85.8,49.748,3.333,0.812,0.0668,0.07,1,MISSING_PART,validation,reference
RUN-008980,WO-004490,P03,L05,MCH-025,PRD-054,2026-05-14,25.51,1.1562,11.8,G1_senior,6.3,71.4,52.769,3.069,1.071,0.0517,0.075,1,SURFACE_DENT,validation,reference
RUN-006734,WO-003367,P01,L01,MCH-006,PRD-044,2026-03-04,25.74,0.9691,8.2,G1_senior,4.1,88.0,51.444,2.95,0.877,0.0078,0.02,0,SCRATCH,train,reference
RUN-004969,WO-002485,P03,L06,MCH-035,PRD-058,2026-01-06,34.11,0.9191,1.2,G3_junior,8.8,71.4,51.324,2.717,0.949,0.0917,0.13,1,DIMENSION,train,reference
RUN-006114,WO-003057,P01,L01,MCH-006,PRD-051,2026-02-12,37.12,0.8258,0.6,G3_junior,6.9,96.1,51.502,2.928,0.988,0.0763,0.045,0,SCRATCH,train,reference
RUN-009499,WO-004750,P01,L01,MCH-003,PRD-025,2026-06-01,37.24,1.0,0.7,G3_junior,3.5,87.0,53.858,3.18,1.03,0.0079,0.04,0,MISSING_PART,test,reference
RUN-006684,WO-003342,P03,L05,MCH-025,PRD-071,2026-03-02,26.54,0.8225,0.2,G3_junior,6.2,84.7,51.86,3.233,0.915,0.092,0.08,1,SOLDER_VOID,train,reference
RUN-003003,WO-001502,P03,L05,MCH-028,PRD-039,2025-11-04,26.6,1.1627,2.0,G3_junior,5.6,96.1,55.651,3.539,0.627,0.0444,0.035,0,CONTAMINATION,train,reference
RUN-002720,WO-001360,P02,L03,MCH-014,PRD-042,2025-10-26,22.23,1.1507,14.6,G1_senior,1.4,89.9,47.681,3.045,0.999,0,0.01,0,SCRATCH,train,reference
RUN-006541,WO-003271,P03,L05,MCH-025,PRD-008,2026-02-25,18.51,1.06,15.7,G1_senior,3.4,84.5,66.422,6.47,1.013,0.0054,0.02,0,DIMENSION,train,reference
RUN-002206,WO-001103,P03,L05,MCH-026,PRD-013,2025-10-09,25.9,0.845,0.2,G3_junior,4.9,95.9,52.678,3.417,0.95,0.0308,0.025,0,DIMENSION,train,reference
RUN-007635,WO-003818,P02,L03,MCH-017,PRD-053,2026-04-01,27.74,0.9773,1.0,G3_junior,5.6,88.0,52.742,3.203,0.837,0.0705,0.048,0,MISSING_PART,validation,reference
RUN-000566,WO-000283,P01,L02,MCH-009,PRD-064,2025-08-19,24.83,0.9119,2.0,G3_junior,4.9,89.9,55.401,3.437,0.805,0.0652,0.04,0,CONTAMINATION,train,reference
RUN-007240,WO-003620,P03,L06,MCH-034,PRD-035,2026-03-19,24.41,0.9847,2.1,G3_junior,4.3,84.7,47.946,2.67,0.731,0.0601,0.05,0,SURFACE_DENT,train,reference
RUN-004260,WO-002130,P02,L04,MCH-019,PRD-032,2025-12-15,31.58,0.9039,2.1,G3_junior,6.2,96.1,53.968,3.01,1.036,0.0597,0.045,0,MISSING_PART,train,reference
RUN-009246,WO-004623,P01,L02,MCH-008,PRD-063,2026-05-23,33.68,1.1174,2.9,G3_junior,5.7,84.5,53.556,4.489,1.082,0.0538,0.06,1,DIMENSION,test,reference
RUN-010353,WO-005177,P01,L01,MCH-003,PRD-080,2026-06-28,23.23,0.9707,7.2,G2_mid,5.2,84.5,51.491,3.573,0.863,0.0397,0.04,0,SURFACE_DENT,test,reference
RUN-003224,WO-001612,P01,L01,MCH-003,PRD-066,2025-11-12,33.82,0.9792,7.1,G2_mid,7.6,88.6,54.646,3.345,1.053,0.0548,0.04,0,DIMENSION,train,reference
RUN-009276,WO-004638,P02,L04,MCH-020,PRD-049,2026-05-24,29.25,1.121,4.6,G2_mid,10,82.7,46.693,2.978,0.779,0.131,0.115,1,SCRATCH,test,reference
RUN-004779,WO-002390,P02,L04,MCH-024,PRD-078,2025-12-31,22.13,0.9812,11.2,G1_senior,4.6,84.7,63.782,6.517,1.086,0.0566,0.008,0,SCRATCH,train,reference
RUN-009141,WO-004571,P01,L02,MCH-011,PRD-062,2026-05-20,32.76,0.833,5.8,G2_mid,6.8,71.4,53.098,2.946,0.817,0.1578,0.1125,1,SOLDER_VOID,test,reference
RUN-007217,WO-003609,P01,L02,MCH-012,PRD-066,2026-03-19,30.42,1.0088,1.0,G3_junior,7.6,88.6,59.595,3.526,0.642,0.0996,0.112,1,SOLDER_VOID,train,reference
RUN-003780,WO-001890,P03,L05,MCH-028,PRD-007,2025-11-29,27.57,1.1393,3.3,G2_mid,3.9,88.0,50.754,3.264,0.735,0,0.0,0,NONE,train,reference
RUN-011044,WO-005522,P03,L05,MCH-027,PRD-039,2026-07-20,19.87,0.8751,2.3,G3_junior,5.6,96.1,54.769,3.309,0.974,0.0352,0.025,0,MISSING_PART,test,reference
RUN-010370,WO-005185,P03,L06,MCH-031,PRD-006,2026-06-28,36.87,0.8717,4.7,G2_mid,7.3,92.1,50.605,3.214,0.835,0.039,0.045,0,CONTAMINATION,test,reference
RUN-011042,WO-005521,P03,L05,MCH-026,PRD-039,2026-07-20,30.64,0.9819,3.3,G2_mid,5.6,96.1,51.766,3.751,0.971,0.0474,0.032,0,SURFACE_DENT,test,reference
RUN-004919,WO-002460,P02,L04,MCH-022,PRD-032,2026-01-05,20.14,1.1268,4.6,G2_mid,6.2,96.1,52.939,2.88,0.629,0.0437,0.02,0,DIMENSION,train,reference
RUN-002021,WO-001011,P03,L05,MCH-028,PRD-045,2025-10-03,14.72,0.8781,2.9,G3_junior,2.5,97.0,56.217,3.319,0.795,0,0.0,0,NONE,train,reference
RUN-000746,WO-000373,P01,L02,MCH-011,PRD-079,2025-08-25,19.71,0.9061,0.2,G3_junior,3.3,71.4,49.922,3.082,0.681,0.0924,0.08,1,CONTAMINATION,train,reference
RUN-000390,WO-000195,P02,L04,MCH-019,PRD-079,2025-08-13,21.81,0.8436,0.6,G3_junior,3.3,71.4,52.703,3.134,0.819,0.0482,0.04,0,CONTAMINATION,train,reference
RUN-002985,WO-001493,P01,L02,MCH-011,PRD-029,2025-11-04,28.77,0.9735,0.2,G3_junior,6.6,87.0,49.28,2.803,0.835,0.0924,0.075,1,SOLDER_VOID,train,reference
RUN-002285,WO-001143,P03,L06,MCH-033,PRD-022,2025-10-12,19.67,0.9744,0.7,G3_junior,4.3,85.8,48.768,3.691,0.678,0,0.035,0,DIMENSION,train,reference
RUN-000080,WO-000040,P01,L02,MCH-007,PRD-035,2025-08-04,19.7,0.837,12.8,G1_senior,4.3,84.7,53.034,4.047,0.848,0.0035,0.01,0,MISSING_PART,train,reference
RUN-006584,WO-003292,P03,L06,MCH-034,PRD-024,2026-02-26,38.94,1.0581,1.7,G3_junior,7.6,85.8,52.906,2.829,0.866,0.0505,0.1125,1,CONTAMINATION,train,reference
RUN-001166,WO-000583,P02,L03,MCH-018,PRD-048,2025-09-07,30.18,0.8608,0.2,G3_junior,4.6,96.1,47.283,3.461,0.906,0.0027,0.02,0,DIMENSION,train,reference
RUN-010090,WO-005045,P02,L03,MCH-016,PRD-070,2026-06-19,22.12,0.9994,5.8,G2_mid,3.9,87.4,52.932,3.475,0.984,0.0402,0.032,0,SOLDER_VOID,test,reference
RUN-007541,WO-003771,P02,L04,MCH-021,PRD-017,2026-03-29,19.8,0.9277,0.5,G3_junior,4.3,96.3,47.995,4.536,0.638,0.0283,0.016,0,CONTAMINATION,validation,reference
RUN-010171,WO-005086,P03,L05,MCH-027,PRD-050,2026-06-22,23.25,1.063,9.4,G1_senior,5.5,88.6,51.117,3.213,0.661,0.0176,0.024,0,DIMENSION,test,reference
RUN-005176,WO-002588,P02,L03,MCH-018,PRD-053,2026-01-13,26.57,1.0875,0.2,G3_junior,5.6,88.0,51.054,3.497,0.788,0.0251,0.05,0,CONTAMINATION,train,reference
RUN-011221,WO-005611,P02,L04,MCH-023,PRD-023,2026-07-26,19.01,1.0472,0.2,G3_junior,5.0,85.8,46.088,2.861,0.843,0.0749,0.05,0,MISSING_PART,test,reference
RUN-008850,WO-004425,P01,L01,MCH-006,PRD-013,2026-05-11,22.71,1.0047,10.6,G1_senior,4.9,95.9,52.418,2.957,0.953,0,0.0,0,NONE,validation,reference
RUN-009340,WO-004670,P02,L04,MCH-024,PRD-052,2026-05-26,27.0,0.8506,5.7,G2_mid,7.2,82.7,48.579,2.789,0.759,0.0801,0.07,1,SOLDER_VOID,test,reference
RUN-003116,WO-001558,P03,L06,MCH-034,PRD-003,2025-11-07,31.91,0.8428,0.6,G3_junior,4.8,95.9,50.974,2.625,0.767,0.0194,0.024,0,MISSING_PART,train,reference
RUN-003806,WO-001903,P01,L01,MCH-006,PRD-077,2025-12-01,15.05,0.8945,1.0,G3_junior,1.7,96.1,51.845,3.507,0.747,0,0.0,0,NONE,train,reference
RUN-007434,WO-003717,P03,L06,MCH-034,PRD-004,2026-03-25,19.18,1.1802,2.6,G3_junior,3.9,95.9,50.781,3.015,0.877,0,0.02,0,SCRATCH,train,reference
RUN-006261,WO-003131,P03,L06,MCH-031,PRD-051,2026-02-16,26.3,0.8452,1.0,G3_junior,6.9,96.1,55.829,3.393,1.004,0.0329,0.04,0,DIMENSION,train,reference
RUN-006755,WO-003378,P03,L05,MCH-027,PRD-063,2026-03-04,36.58,1.0573,1.4,G3_junior,5.7,84.5,52.69,3.519,1.06,0.049,0.04,0,DIMENSION,train,reference
RUN-002571,WO-001286,P02,L04,MCH-024,PRD-006,2025-10-21,23.94,0.8952,1.2,G3_junior,7.3,92.1,50.504,2.99,0.98,0.0399,0.05,1,CONTAMINATION,train,reference
RUN-006699,WO-003350,P01,L01,MCH-004,PRD-016,2026-03-03,21.77,0.845,1.2,G3_junior,4.3,85.8,52.801,3.02,1.018,0.0292,0.032,0,MISSING_PART,train,reference
RUN-000511,WO-000256,P03,L05,MCH-025,PRD-056,2025-08-17,19.9,1.147,0.2,G3_junior,4.3,97.0,50.341,3.283,0.945,0,0.025,0,SURFACE_DENT,train,reference
RUN-003836,WO-001918,P03,L06,MCH-035,PRD-062,2025-12-01,24.47,1.0196,0.8,G3_junior,6.8,71.4,54.697,3.423,1.067,0.1396,0.096,1,SCRATCH,train,reference
RUN-007688,WO-003844,P03,L06,MCH-036,PRD-015,2026-04-02,33.83,0.9757,1.0,G3_junior,8.8,92.1,53.555,3.488,0.745,0.0521,0.08,1,SOLDER_VOID,validation,reference
RUN-005764,WO-002882,P01,L01,MCH-005,PRD-028,2026-02-01,23.91,0.9339,11.5,G1_senior,6.4,97.0,46.246,2.575,0.862,0.0595,0.04,0,SOLDER_VOID,train,reference
RUN-011154,WO-005577,P03,L05,MCH-029,PRD-033,2026-07-23,13.83,0.978,0.2,G3_junior,4.7,88.0,54.5,3.849,1.008,0.0242,0.025,0,SOLDER_VOID,test,reference
RUN-003135,WO-001568,P01,L02,MCH-009,PRD-053,2025-11-09,26.58,0.9741,3.2,G2_mid,5.6,88.0,50.222,3.283,0.97,0.0341,0.008,0,SOLDER_VOID,train,reference
RUN-007736,WO-003868,P02,L04,MCH-020,PRD-051,2026-04-04,14.88,1.1792,0.2,G3_junior,6.9,96.1,49.523,3.099,0.845,0.0465,0.06,1,SURFACE_DENT,validation,reference
RUN-002342,WO-001171,P02,L04,MCH-019,PRD-001,2025-10-14,35.44,0.9271,3.3,G2_mid,8.2,89.9,51.374,2.941,0.901,0.0859,0.08,1,DIMENSION,train,reference
RUN-004394,WO-002197,P02,L03,MCH-013,PRD-053,2025-12-19,15.54,1.2101,3.0,G3_junior,5.6,88.0,52.544,3.371,0.785,0.0221,0.04,0,SOLDER_VOID,train,reference
RUN-000278,WO-000139,P01,L02,MCH-012,PRD-012,2025-08-10,12.87,0.9684,1.0,G3_junior,2.1,92.1,49.391,3.394,0.699,0.0457,0.032,0,SCRATCH,train,reference
RUN-001624,WO-000812,P03,L06,MCH-032,PRD-078,2025-09-21,21.38,1.0025,2.8,G3_junior,4.6,84.7,48.644,2.854,0.778,0.0256,0.045,0,SOLDER_VOID,train,reference
RUN-005883,WO-002942,P03,L06,MCH-035,PRD-038,2026-02-04,20.21,1.1086,1.3,G3_junior,3.2,85.8,54.615,4.207,0.71,0.009,0.03,0,CONTAMINATION,train,reference
RUN-001462,WO-000731,P03,L05,MCH-026,PRD-049,2025-09-16,28.65,0.8843,2.8,G3_junior,10,82.7,59.896,4.6,1.056,0.1224,0.12,1,SCRATCH,train,reference
RUN-008941,WO-004471,P03,L05,MCH-030,PRD-077,2026-05-13,17.73,1.1995,0.7,G3_junior,1.7,96.1,51.319,3.558,1.017,0.0417,0.016,0,MISSING_PART,validation,reference
RUN-007943,WO-003972,P03,L06,MCH-031,PRD-070,2026-04-10,26.97,1.0409,9.4,G1_senior,3.9,87.4,69.37,6.559,1.063,0.034,0.02,0,DIMENSION,validation,reference
RUN-005619,WO-002810,P03,L06,MCH-034,PRD-056,2026-01-27,23.51,0.9505,3.2,G2_mid,4.3,97.0,47.952,2.706,0.943,0.006,0.02,0,SURFACE_DENT,train,reference
RUN-011390,WO-005695,P02,L03,MCH-017,PRD-058,2026-07-31,38.32,1.1466,1.6,G3_junior,8.8,71.4,53.891,3.309,0.661,0.1555,0.16,1,CONTAMINATION,test,reference
RUN-008731,WO-004366,P03,L05,MCH-027,PRD-029,2026-05-06,26.31,0.8259,12.8,G1_senior,6.6,87.0,49.301,3.228,1.079,0.0344,0.04,0,NONE,validation,reference
RUN-000754,WO-000377,P02,L04,MCH-023,PRD-010,2025-08-25,18.89,1.0296,2.3,G3_junior,6.9,97.0,51.138,3.515,1.054,0.0599,0.025,0,CONTAMINATION,train,reference
RUN-000960,WO-000480,P01,L01,MCH-006,PRD-080,2025-09-01,16.34,0.8692,0.2,G3_junior,5.2,84.5,54.256,2.897,1.087,0.0332,0.0375,0,SCRATCH,train,reference
RUN-007509,WO-003755,P01,L01,MCH-005,PRD-037,2026-03-28,20.17,0.8612,14.6,G1_senior,4.2,88.0,50.008,3.179,0.888,0.0497,0.015,0,SOLDER_VOID,validation,reference
RUN-004019,WO-002010,P03,L06,MCH-031,PRD-038,2025-12-07,25.45,0.8687,0,G0_unknown,3.2,85.8,52.966,3.731,0.829,0.0212,0.03,0,SOLDER_VOID,train,reference
RUN-000113,WO-000057,P01,L02,MCH-008,PRD-012,2025-08-05,20.66,1.0213,1.0,G3_junior,2.1,92.1,49.544,3.124,0.709,0.0565,0.03,0,SURFACE_DENT,train,reference
RUN-010913,WO-005457,P03,L06,MCH-032,PRD-013,2026-07-15,22.32,1.1286,0.7,G3_junior,4.9,95.9,51.339,3.547,0.829,0.078,0.04,0,SOLDER_VOID,test,reference
RUN-010714,WO-005357,P01,L02,MCH-012,PRD-036,2026-07-09,21.52,0.8756,2.9,G3_junior,4.1,87.0,53.385,3.101,1.093,0.0311,0.03,0,CONTAMINATION,test,reference
RUN-005977,WO-002989,P03,L05,MCH-025,PRD-050,2026-02-07,28.25,0.9462,8.9,G1_senior,5.5,88.6,47.525,3.245,0.773,0.0312,0.025,0,DIMENSION,train,reference
RUN-003014,WO-001507,P01,L01,MCH-006,PRD-051,2025-11-05,19.2,0.9125,3.2,G2_mid,6.9,96.1,52.379,3.264,1.089,0.086,0.064,1,SURFACE_DENT,train,reference
RUN-011400,WO-005700,P03,L05,MCH-030,PRD-020,2026-07-31,31.78,1.0578,1.0,G3_junior,7.8,84.7,51.972,3.671,0.667,0.1057,0.1,1,SOLDER_VOID,test,reference
RUN-004591,WO-002296,P02,L04,MCH-024,PRD-011,2025-12-25,18.87,0.9027,4.8,G2_mid,1.4,71.0,51.165,3.147,0.728,0.0459,0.0625,1,CONTAMINATION,train,reference
RUN-005043,WO-002522,P01,L01,MCH-004,PRD-037,2026-01-09,19.63,1.1028,2.0,G3_junior,4.2,88.0,50.509,3.075,0.966,0.013,0.04,0,CONTAMINATION,train,reference
RUN-003789,WO-001895,P01,L01,MCH-006,PRD-023,2025-11-30,20.02,0.9629,2.8,G3_junior,5.0,85.8,50.15,2.903,0.844,0.064,0.055,1,DIMENSION,train,reference
RUN-008900,WO-004450,P02,L04,MCH-022,PRD-037,2026-05-12,21.07,1.1125,14.6,G1_senior,4.2,88.0,51.847,3.005,0.963,0.0102,0.01,0,SURFACE_DENT,validation,reference
RUN-007028,WO-003514,P01,L01,MCH-002,PRD-074,2026-03-13,31.32,0.8854,0.5,G3_junior,6.4,95.9,50.981,3.088,0.745,0.0398,0.04,0,SOLDER_VOID,train,reference
RUN-005106,WO-002553,P01,L02,MCH-012,PRD-029,2026-01-11,23.64,0.951,1.6,G3_junior,6.6,87.0,50.533,3.594,0.746,0.1078,0.08,1,DIMENSION,train,reference
RUN-005058,WO-002529,P02,L03,MCH-018,PRD-066,2026-01-09,31.04,0.8452,2.7,G3_junior,7.6,88.6,51.574,3.266,0.654,0.0563,0.08,1,DIMENSION,train,reference
RUN-001886,WO-000943,P03,L06,MCH-033,PRD-034,2025-09-29,25.23,0.9666,1.6,G3_junior,2.6,96.1,55.468,3.259,0.968,0.0026,0.016,0,DIMENSION,train,reference
RUN-000707,WO-000354,P02,L04,MCH-020,PRD-067,2025-08-23,30.17,1.0217,9.4,G1_senior,4.5,71.0,47.605,3.091,0.718,0.0083,0.03,0,SCRATCH,train,reference
RUN-003639,WO-001820,P03,L05,MCH-029,PRD-079,2025-11-25,14.82,1.1184,2.2,G3_junior,3.3,71.4,50.634,3.15,1.034,0.0624,0.0625,1,DIMENSION,train,reference
RUN-000599,WO-000300,P01,L02,MCH-008,PRD-031,2025-08-20,21.23,0.9398,0.2,G3_junior,7.0,95.9,49.006,3.151,0.909,0.0307,0.04,0,SURFACE_DENT,train,reference
RUN-002536,WO-001268,P02,L04,MCH-019,PRD-037,2025-10-20,22.57,1.0434,15.7,G1_senior,4.2,88.0,51.841,3.322,0.814,0.0475,0.0375,0,NONE,train,reference
RUN-007174,WO-003587,P01,L01,MCH-006,PRD-051,2026-03-18,18.17,1.1312,1.2,G3_junior,6.9,96.1,50.954,3.374,0.894,0.0089,0.04,0,SURFACE_DENT,train,reference
RUN-010943,WO-005472,P03,L05,MCH-029,PRD-010,2026-07-16,33.77,1.1626,5.7,G2_mid,6.9,97.0,50.346,2.711,0.711,0.0434,0.05,0,DIMENSION,test,reference
RUN-003122,WO-001561,P01,L01,MCH-005,PRD-034,2025-11-08,12.92,1.0439,2.8,G3_junior,2.6,96.1,46.515,2.531,0.997,0.0332,0.03,0,DIMENSION,train,reference
RUN-001940,WO-000970,P02,L03,MCH-013,PRD-063,2025-10-01,16.77,0.913,0.2,G3_junior,5.7,84.5,52.515,2.736,0.953,0.0931,0.08,1,SURFACE_DENT,train,reference
RUN-009772,WO-004886,P01,L02,MCH-011,PRD-053,2026-06-09,27.69,1.0311,1.4,G3_junior,5.6,88.0,50.283,2.701,0.928,0.0823,0.05,0,SOLDER_VOID,test,reference
RUN-003015,WO-001508,P01,L01,MCH-003,PRD-066,2025-11-05,26.98,1.0295,0.2,G3_junior,7.6,88.6,51.663,3.067,0.695,0.1177,0.1,1,SURFACE_DENT,train,reference
RUN-002875,WO-001438,P01,L01,MCH-001,PRD-047,2025-10-31,25.58,0.9766,0.2,G3_junior,6.4,95.9,55.02,3.373,0.894,0.0591,0.056,1,SURFACE_DENT,train,reference
RUN-010313,WO-005157,P03,L05,MCH-028,PRD-055,2026-06-26,17.81,1.0986,1.4,G3_junior,4.8,87.4,53.551,3.34,0.692,0.0115,0.04,0,NONE,test,reference
RUN-004466,WO-002233,P01,L01,MCH-006,PRD-025,2025-12-22,16.9,0.8537,1.2,G3_junior,3.5,87.0,50.962,3.106,0.656,0.0305,0.02,0,NONE,train,reference
RUN-008087,WO-004044,P03,L06,MCH-035,PRD-080,2026-04-15,29.6,0.9314,7.6,G2_mid,5.2,84.5,52.701,2.918,0.834,0.0454,0.04,0,SURFACE_DENT,validation,reference
RUN-011197,WO-005599,P01,L01,MCH-001,PRD-027,2026-07-25,32.77,1.1527,15.7,G1_senior,7.1,89.9,47.796,3.164,0.664,0.0411,0.04,0,SCRATCH,test,reference
RUN-006152,WO-003076,P01,L01,MCH-001,PRD-014,2026-02-13,27.08,0.9959,4.7,G2_mid,5.0,85.8,54.778,3.318,0.765,0.059,0.045,0,SURFACE_DENT,train,reference
RUN-010377,WO-005189,P01,L01,MCH-004,PRD-029,2026-06-29,26.11,0.968,3.3,G2_mid,6.6,87.0,52.412,2.898,1.068,0.0618,0.0375,0,SCRATCH,test,reference
RUN-008335,WO-004168,P02,L04,MCH-024,PRD-079,2026-04-23,15.44,1.1386,2.8,G3_junior,3.3,71.4,52.866,2.907,0.782,0.0842,0.072,1,SOLDER_VOID,validation,reference
RUN-008799,WO-004400,P03,L05,MCH-028,PRD-045,2026-05-08,18.19,1.0939,18,G1_senior,2.5,97.0,54.304,3.132,0.76,0,0.005,0,NONE,validation,reference
RUN-009058,WO-004529,P02,L04,MCH-019,PRD-041,2026-05-17,24.59,0.9809,2.3,G3_junior,6.3,85.8,49.36,3.182,0.768,0.0479,0.04,0,SCRATCH,validation,reference
RUN-008663,WO-004332,P03,L06,MCH-033,PRD-016,2026-05-04,21.9,1.016,10.6,G1_senior,4.3,85.8,54.687,2.992,1.053,0,0.04,0,DIMENSION,validation,reference
RUN-010993,WO-005497,P01,L02,MCH-011,PRD-007,2026-07-18,26.24,1.0957,2.0,G3_junior,3.9,88.0,47.314,3.648,0.66,0,0.04,0,CONTAMINATION,test,reference
RUN-001340,WO-000670,P02,L03,MCH-015,PRD-063,2025-09-12,35.38,1.0552,0.2,G3_junior,5.7,84.5,51.853,2.997,0.775,0.0593,0.045,0,SOLDER_VOID,train,reference
RUN-002096,WO-001048,P03,L05,MCH-025,PRD-056,2025-10-06,32.9,0.9993,15.7,G1_senior,4.3,97.0,54.835,3.425,0.97,0,0.0,0,NONE,train,reference
RUN-004805,WO-002403,P02,L03,MCH-017,PRD-017,2026-01-01,26.15,1.0239,2.9,G3_junior,4.3,96.3,52.426,3.211,0.812,0.0239,0.008,0,DIMENSION,train,reference
RUN-009954,WO-004977,P02,L04,MCH-019,PRD-051,2026-06-15,28.83,1.147,0,G0_unknown,6.9,96.1,69.11,7.69,0.717,0.038,0.064,1,SCRATCH,test,reference
RUN-007839,WO-003920,P01,L01,MCH-003,PRD-014,2026-04-08,19.44,1.1022,2.0,G3_junior,5.0,85.8,51.771,3.335,0.649,0.0498,0.05,0,SOLDER_VOID,validation,reference
RUN-009069,WO-004535,P01,L02,MCH-007,PRD-060,2026-05-18,34.41,0.8412,0.2,G3_junior,6.7,84.7,53.26,3.02,0.849,0.0803,0.075,1,SOLDER_VOID,validation,reference
RUN-008554,WO-004277,P02,L04,MCH-019,PRD-003,2026-04-30,27.81,1.1016,4.6,G2_mid,4.8,95.9,54.825,3.83,0.975,0,0.0125,0,SCRATCH,validation,reference
RUN-003871,WO-001936,P03,L06,MCH-035,PRD-038,2025-12-02,24.52,1.1031,0.2,G3_junior,3.2,85.8,51.637,3.214,0.756,0.0048,0.0125,0,SOLDER_VOID,train,reference
RUN-006962,WO-003481,P01,L02,MCH-012,PRD-062,2026-03-11,26.01,0.901,2.6,G3_junior,6.8,71.4,52.536,3.432,0.995,0.1132,0.12,1,SURFACE_DENT,train,reference
RUN-011328,WO-005664,P03,L05,MCH-030,PRD-079,2026-07-29,20.83,0.9699,12.8,G1_senior,3.3,71.4,49.994,3.207,0.744,0.0385,0.02,0,CONTAMINATION,test,reference
RUN-002902,WO-001451,P03,L05,MCH-030,PRD-062,2025-10-31,32.83,0.9,3.2,G2_mid,6.8,71.4,51.542,3.032,1.056,0.117,0.12,1,CONTAMINATION,train,reference
RUN-003896,WO-001948,P02,L04,MCH-024,PRD-002,2025-12-03,19.92,1.0262,0.5,G3_junior,5.3,88.0,52.244,2.936,0.774,0.0097,0.04,0,SURFACE_DENT,train,reference
RUN-002923,WO-001462,P03,L05,MCH-027,PRD-064,2025-11-01,35.16,0.8495,9.4,G1_senior,4.9,89.9,49.859,3.325,0.656,0,0.04,0,SOLDER_VOID,train,reference
RUN-005882,WO-002941,P03,L05,MCH-027,PRD-039,2026-02-04,29.21,1.1331,1.2,G3_junior,5.6,96.1,47.174,2.757,0.87,0.0397,0.04,0,SOLDER_VOID,train,reference
RUN-004912,WO-002456,P02,L03,MCH-013,PRD-037,2026-01-05,25.63,1.1245,0.2,G3_junior,4.2,88.0,52.3,4.27,0.709,0,0.025,0,DIMENSION,train,reference
RUN-008839,WO-004420,P02,L04,MCH-024,PRD-059,2026-05-10,18.26,1.1712,0.6,G3_junior,5.9,88.6,46.274,3.317,0.76,0.0258,0.05,0,DIMENSION,validation,reference
RUN-001950,WO-000975,P03,L05,MCH-028,PRD-064,2025-10-01,28.81,0.8824,1.6,G3_junior,4.9,89.9,54.147,4.167,0.931,0.0367,0.06,1,SURFACE_DENT,train,reference
RUN-001211,WO-000606,P03,L05,MCH-027,PRD-054,2025-09-08,31.87,0.9769,0.7,G3_junior,6.3,71.4,50.257,3.35,0.683,0.1075,0.14,1,SCRATCH,train,reference
RUN-009459,WO-004730,P03,L06,MCH-032,PRD-064,2026-05-29,33.41,1.1184,0.2,G3_junior,4.9,89.9,54.177,3.01,0.908,0.0488,0.04,0,DIMENSION,test,reference
RUN-010981,WO-005491,P03,L05,MCH-025,PRD-039,2026-07-17,21.63,0.994,4.6,G2_mid,5.6,96.1,52.171,11.422,0.944,0,0.025,0,DIMENSION,test,reference
RUN-000046,WO-000023,P02,L03,MCH-013,PRD-057,2025-08-02,25.63,1.0481,1.0,G3_junior,5.6,88.6,47.56,3.026,0.633,0.0495,0.04,0,CONTAMINATION,train,reference
RUN-007923,WO-003962,P02,L03,MCH-014,PRD-058,2026-04-10,29.91,0.9071,1.4,G3_junior,8.8,71.4,50.415,3.218,1.037,0.1683,0.14,1,MISSING_PART,validation,reference
RUN-006789,WO-003395,P02,L04,MCH-021,PRD-036,2026-03-05,27.94,0.9387,1.2,G3_junior,4.1,87.0,51.689,2.937,0.993,0.0719,0.05,0,DIMENSION,train,reference
RUN-001860,WO-000930,P01,L02,MCH-011,PRD-062,2025-09-29,14.98,0.8784,9.4,G1_senior,6.8,71.4,51.581,3.117,0.656,0.0445,0.09,1,SCRATCH,train,reference
RUN-004450,WO-002225,P02,L03,MCH-018,PRD-044,2025-12-21,21.9,0.9224,3.4,G2_mid,4.1,88.0,50.224,3.005,1.036,0.067,0.04,0,SOLDER_VOID,train,reference
RUN-004372,WO-002186,P03,L05,MCH-028,PRD-019,2025-12-18,24.44,0.9087,0.2,G3_junior,7.2,71.7,53.602,3.258,0.736,0.1157,0.1125,1,SOLDER_VOID,train,reference
RUN-001086,WO-000543,P02,L04,MCH-023,PRD-004,2025-09-04,21.99,0.8841,0,G0_unknown,3.9,95.9,49.689,2.975,0.885,0,0.02,0,DIMENSION,train,reference
RUN-000827,WO-000414,P02,L04,MCH-024,PRD-079,2025-08-27,11.21,1.0869,1.2,G3_junior,3.3,71.4,50.35,2.668,0.637,0.0633,0.08,1,SURFACE_DENT,train,reference
RUN-009791,WO-004896,P03,L05,MCH-027,PRD-021,2026-06-09,4.59,1.1657,0.2,G3_junior,3.0,95.9,50.409,3.007,0.94,0.0399,0.024,0,SURFACE_DENT,test,reference
RUN-003805,WO-001903,P01,L01,MCH-002,PRD-077,2025-12-01,20.01,1.0609,0.7,G3_junior,1.7,96.1,50.892,3.363,0.897,0.0534,0.025,0,CONTAMINATION,train,reference
RUN-005096,WO-002548,P03,L06,MCH-034,PRD-051,2026-01-10,23.62,1.1025,2.3,G3_junior,6.9,96.1,44.85,2.529,0.684,0.0166,0.0375,0,DIMENSION,train,reference
RUN-010357,WO-005179,P02,L03,MCH-016,PRD-022,2026-06-28,9.3,0.975,8.9,G1_senior,4.3,85.8,49.468,3.519,0.825,0.0552,0.02,0,SURFACE_DENT,test,reference
RUN-001504,WO-000752,P03,L06,MCH-036,PRD-038,2025-09-17,20.53,1.0012,0,G0_unknown,3.2,85.8,59.403,2.928,0.991,0.0494,0.015,0,SOLDER_VOID,train,reference
RUN-009767,WO-004884,P01,L01,MCH-003,PRD-028,2026-06-09,22.83,1.1509,8.9,G1_senior,6.4,97.0,54.096,3.291,1.023,0.0684,0.05,0,DIMENSION,test,reference
RUN-008859,WO-004430,P02,L03,MCH-016,PRD-043,2026-05-11,19.15,0.9016,2.6,G3_junior,4.2,84.5,53.714,3.004,1.032,0.0197,0.04,0,DIMENSION,validation,reference
RUN-010417,WO-005209,P01,L02,MCH-007,PRD-039,2026-06-30,20.55,1.0663,0.6,G3_junior,5.6,96.1,55.347,3.474,0.873,0.0633,0.04,0,SCRATCH,test,reference
RUN-005406,WO-002703,P03,L06,MCH-032,PRD-042,2026-01-20,12.04,0.8438,2.6,G3_junior,1.4,89.9,53.06,3.134,1.099,0,0.0,0,NONE,train,reference
RUN-009360,WO-004680,P01,L02,MCH-010,PRD-024,2026-05-27,35.22,1.1592,2.6,G3_junior,7.6,85.8,53.283,3.608,0.949,0.0728,0.075,1,SOLDER_VOID,test,reference
RUN-002109,WO-001055,P01,L01,MCH-001,PRD-020,2025-10-07,22.65,1.1098,1.0,G3_junior,7.8,84.7,52.66,3.866,0.681,0.0865,0.105,1,SOLDER_VOID,train,reference
RUN-008487,WO-004244,P03,L05,MCH-028,PRD-043,2026-04-28,18.37,0.9443,1.6,G3_junior,4.2,84.5,53.716,3.215,0.818,0.0124,0.04,0,SCRATCH,validation,reference
RUN-010037,WO-005019,P03,L06,MCH-034,PRD-051,2026-06-17,35.32,1.1297,2.3,G3_junior,6.9,96.1,52.315,2.81,0.828,0.0515,0.035,0,SOLDER_VOID,test,reference
RUN-006196,WO-003098,P02,L04,MCH-021,PRD-051,2026-02-14,23.39,1.2272,7.6,G2_mid,6.9,96.1,50.992,3.28,1.001,0.0196,0.024,0,SCRATCH,train,reference
RUN-000296,WO-000148,P03,L06,MCH-036,PRD-043,2025-08-10,30.08,1.0765,2.3,G3_junior,4.2,84.5,50.379,3.213,0.821,0,0.032,0,DIMENSION,train,reference
RUN-008056,WO-004028,P03,L06,MCH-035,PRD-064,2026-04-14,28.35,1.0632,4.6,G2_mid,4.9,89.9,52.895,2.828,0.83,0.0213,0.04,0,SOLDER_VOID,validation,reference
RUN-001354,WO-000677,P03,L05,MCH-028,PRD-022,2025-09-12,31.55,0.9776,0.2,G3_junior,4.3,85.8,53.651,6.732,1.075,0.0144,0.0375,0,SURFACE_DENT,train,reference
RUN-001580,WO-000790,P01,L01,MCH-003,PRD-013,2025-09-20,20.46,1.0095,0.2,G3_junior,4.9,95.9,48.575,3.142,1.057,0.0427,0.04,0,NONE,train,reference
RUN-000911,WO-000456,P03,L06,MCH-032,PRD-045,2025-08-29,14.05,1.0253,3.0,G3_junior,2.5,97.0,52.128,3.227,0.793,0.0063,0.024,0,SCRATCH,train,reference
RUN-003799,WO-001900,P03,L06,MCH-034,PRD-066,2025-11-30,26.53,0.8683,1.2,G3_junior,7.6,88.6,60.435,16.692,0.818,0.0731,0.08,1,MISSING_PART,train,reference
RUN-006231,WO-003116,P01,L01,MCH-002,PRD-009,2026-02-16,26.64,0.853,3.3,G2_mid,5.0,76.8,54.479,3.196,0.766,0.0656,0.06,1,SURFACE_DENT,train,reference
RUN-006787,WO-003394,P02,L04,MCH-024,PRD-003,2026-03-05,35.07,0.8523,1.7,G3_junior,4.8,95.9,48.195,3.007,0.686,0.0225,0.02,0,SCRATCH,train,reference
RUN-001185,WO-000593,P01,L01,MCH-005,PRD-025,2025-09-08,23.05,1.0111,8.9,G1_senior,3.5,87.0,50.413,2.838,1.0,0.0346,0.025,0,DIMENSION,train,reference
RUN-005107,WO-002554,P02,L03,MCH-016,PRD-012,2026-01-11,16.7,1.1891,8.2,G1_senior,2.1,92.1,47.422,2.947,0.84,0.0235,0.024,0,CONTAMINATION,train,reference
RUN-004523,WO-002262,P03,L05,MCH-030,PRD-022,2025-12-23,27.03,1.0256,4.7,G2_mid,4.3,85.8,52.528,2.974,0.689,0.0671,0.04,0,NONE,train,reference
RUN-001043,WO-000522,P02,L03,MCH-016,PRD-071,2025-09-03,21.89,0.9378,2.9,G3_junior,6.2,84.7,52.036,3.388,0.936,0.0143,0.056,1,SCRATCH,train,reference
RUN-007556,WO-003778,P01,L02,MCH-009,PRD-015,2026-03-30,33.26,1.111,4.8,G2_mid,8.8,92.1,53.534,3.448,1.091,0.0611,0.08,1,CONTAMINATION,validation,reference
RUN-003368,WO-001684,P01,L01,MCH-005,PRD-028,2025-11-17,27.27,1.0207,9.4,G1_senior,6.4,97.0,50.285,2.814,1.023,0,0.0,0,NONE,train,reference
RUN-006197,WO-003099,P02,L04,MCH-024,PRD-039,2026-02-14,28.75,0.8248,11.2,G1_senior,5.6,96.1,44.976,2.982,0.949,0.0389,0.03,0,DIMENSION,train,reference
RUN-010146,WO-005073,P01,L01,MCH-004,PRD-013,2026-06-22,15.45,1.0108,0.5,G3_junior,4.9,95.9,49.28,3.22,1.078,0.0583,0.04,0,SOLDER_VOID,test,reference
RUN-009965,WO-004983,P03,L06,MCH-034,PRD-070,2026-06-15,23.63,0.8287,2.7,G3_junior,3.9,87.4,50.06,3.227,0.793,0.0392,0.025,0,DIMENSION,test,reference
RUN-009253,WO-004627,P02,L04,MCH-023,PRD-066,2026-05-23,25.24,1.1748,2.7,G3_junior,7.6,88.6,47.615,2.716,0.845,0.1306,0.08,1,SCRATCH,test,reference
RUN-006898,WO-003449,P02,L04,MCH-024,PRD-005,2026-03-09,24.09,0.8849,2.6,G3_junior,5.2,85.8,53.106,2.973,0.87,0.0666,0.06,1,SURFACE_DENT,train,reference
RUN-008215,WO-004108,P01,L02,MCH-010,PRD-029,2026-04-20,29.75,1.0109,0.8,G3_junior,6.6,87.0,52.973,3.069,0.733,0.0301,0.065,1,SURFACE_DENT,validation,reference
RUN-005194,WO-002597,P03,L06,MCH-033,PRD-070,2026-01-13,23.56,0.9462,0.2,G3_junior,3.9,87.4,55.89,3.299,1.028,0.01,0.048,0,MISSING_PART,train,reference
RUN-004750,WO-002375,P03,L05,MCH-026,PRD-064,2025-12-30,22.93,0.8289,14.6,G1_senior,4.9,89.9,54.68,3.313,0.773,0.008,0.0,0,NONE,train,reference
RUN-006008,WO-003004,P01,L01,MCH-001,PRD-034,2026-02-09,18.19,1.0635,11.5,G1_senior,2.6,96.1,54.008,3.185,0.931,0,0.0,0,NONE,train,reference
RUN-001130,WO-000565,P03,L05,MCH-027,PRD-075,2025-09-05,20.65,0.9264,2.8,G3_junior,6.8,96.3,52.962,3.582,0.852,0.0308,0.025,0,SOLDER_VOID,train,reference
RUN-010798,WO-005399,P01,L02,MCH-008,PRD-024,2026-07-12,31.6,0.9023,2.6,G3_junior,7.6,85.8,45.831,2.453,0.632,0.1432,0.08,1,SOLDER_VOID,test,reference
RUN-004235,WO-002118,P03,L05,MCH-025,PRD-010,2025-12-14,22.52,1.1163,6.5,G2_mid,6.9,97.0,48.393,3.137,0.738,0.0195,0.03,1,DIMENSION,train,reference
RUN-011229,WO-005615,P03,L06,MCH-032,PRD-010,2026-07-26,28.29,1.1133,4.8,G2_mid,6.9,97.0,50.034,3.002,0.991,0.0666,0.04,0,SURFACE_DENT,test,reference
RUN-008860,WO-004430,P02,L03,MCH-013,PRD-043,2026-05-11,20.78,1.0495,12.8,G1_senior,4.2,84.5,52.826,3.191,0.884,0.0106,0.02,0,SCRATCH,validation,reference
RUN-003728,WO-001864,P01,L01,MCH-004,PRD-047,2025-11-28,26.0,0.852,2.9,G3_junior,6.4,95.9,53.169,3.193,0.747,0.061,0.06,1,SOLDER_VOID,train,reference
RUN-008603,WO-004302,P01,L02,MCH-012,PRD-002,2026-05-02,24.17,1.1134,15.7,G1_senior,5.3,88.0,51.636,3.611,0.762,0,0.0,0,NONE,validation,reference
RUN-000490,WO-000245,P02,L04,MCH-024,PRD-002,2025-08-16,18.38,1.0397,1.6,G3_junior,5.3,88.0,45.892,3.241,0.806,0.0604,0.025,0,CONTAMINATION,train,reference
RUN-009502,WO-004751,P01,L01,MCH-005,PRD-068,2026-06-01,16.92,0.999,14.6,G1_senior,2.3,71.0,51.121,2.941,0.69,0.0119,0.04,0,SURFACE_DENT,test,reference
RUN-002205,WO-001103,P03,L05,MCH-030,PRD-013,2025-10-09,26.35,1.09,0.2,G3_junior,4.9,95.9,53.395,3.257,0.812,0.031,0.04,0,SOLDER_VOID,train,reference
RUN-001372,WO-000686,P02,L03,MCH-018,PRD-019,2025-09-13,32.41,1.0318,6.5,G2_mid,7.2,71.7,61.789,6.256,0.693,0.1604,0.096,1,CONTAMINATION,train,reference
RUN-004977,WO-002489,P01,L02,MCH-011,PRD-036,2026-01-07,18.3,0.8621,2.2,G3_junior,4.1,87.0,53.878,3.222,0.781,0.0238,0.015,0,DIMENSION,train,reference
RUN-001566,WO-000783,P03,L05,MCH-029,PRD-052,2025-09-19,39.83,0.8458,8.2,G1_senior,7.2,82.7,51.506,3.806,1.042,0.0156,0.075,1,DIMENSION,train,reference
RUN-010296,WO-005148,P01,L02,MCH-007,PRD-008,2026-06-26,16.67,1.1485,11.8,G1_senior,3.4,84.5,55.45,3.422,0.813,0.0248,0.032,0,DIMENSION,test,reference
RUN-005094,WO-002547,P03,L05,MCH-026,PRD-006,2026-01-10,40.55,0.8446,9.4,G1_senior,7.3,92.1,49.286,3.64,0.83,0.0537,0.04,0,CONTAMINATION,train,reference
RUN-004306,WO-002153,P03,L06,MCH-036,PRD-034,2025-12-16,25.53,0.9026,1.7,G3_junior,2.6,96.1,55.991,3.422,0.822,0.0373,0.04,0,MISSING_PART,train,reference
RUN-007373,WO-003687,P01,L02,MCH-010,PRD-017,2026-03-24,27.08,1.0362,3.3,G2_mid,4.3,96.3,54.21,3.037,0.98,0.0251,0.02,0,SOLDER_VOID,train,reference
RUN-000531,WO-000266,P02,L03,MCH-014,PRD-042,2025-08-18,17.35,0.9512,8.9,G1_senior,1.4,89.9,56.4,3.448,0.71,0,0.0,0,NONE,train,reference
RUN-010708,WO-005354,P01,L01,MCH-006,PRD-072,2026-07-09,18.34,0.9803,2.3,G3_junior,4.1,84.7,53.941,3.502,0.722,0.054,0.0125,0,SURFACE_DENT,test,reference
RUN-011274,WO-005637,P01,L02,MCH-008,PRD-048,2026-07-28,19.39,1.0663,5.7,G2_mid,4.6,96.1,49.561,2.837,0.788,0.0041,0.015,0,SURFACE_DENT,test,reference
RUN-008853,WO-004427,P01,L02,MCH-008,PRD-052,2026-05-11,29.59,1.0636,2.8,G3_junior,7.2,82.7,49.317,2.731,0.917,0.1062,0.1,1,SCRATCH,validation,reference
RUN-001120,WO-000560,P02,L03,MCH-016,PRD-044,2025-09-05,10.72,0.8865,2.0,G3_junior,4.1,88.0,54.05,3.352,0.934,0.0439,0.04,0,DIMENSION,train,reference
RUN-005807,WO-002904,P03,L05,MCH-026,PRD-007,2026-02-02,25.7,1.0787,7.0,G2_mid,3.9,88.0,55.68,3.244,0.817,0.0095,0.01,0,DIMENSION,train,reference
RUN-003820,WO-001910,P02,L03,MCH-018,PRD-044,2025-12-01,23.22,1.2152,0.2,G3_junior,4.1,88.0,51.435,3.3,0.662,0.0599,0.04,0,MISSING_PART,train,reference
RUN-011375,WO-005688,P01,L01,MCH-004,PRD-072,2026-07-31,16.76,1.0739,4.7,G2_mid,4.1,84.7,50.215,3.315,1.067,0.0543,0.06,1,SURFACE_DENT,test,reference
RUN-001107,WO-000554,P01,L01,MCH-003,PRD-074,2025-09-05,24.89,1.0635,3.1,G2_mid,6.4,95.9,68.787,6.325,0.86,0.0144,0.0375,0,CONTAMINATION,train,reference
RUN-000803,WO-000402,P03,L06,MCH-032,PRD-071,2025-08-26,30.89,0.8405,1.0,G3_junior,6.2,84.7,51.43,2.994,1.064,0.078,0.06,1,SOLDER_VOID,train,reference
RUN-004250,WO-002125,P02,L03,MCH-017,PRD-022,2025-12-15,36.47,1.1673,0.6,G3_junior,4.3,85.8,56.503,2.962,0.849,0.0294,0.035,0,SCRATCH,train,reference
RUN-007097,WO-003549,P03,L06,MCH-034,PRD-043,2026-03-15,18.9,0.9865,2.3,G3_junior,4.2,84.5,43.512,2.741,0.623,0.069,0.032,0,NONE,train,reference
RUN-004217,WO-002109,P02,L04,MCH-021,PRD-048,2025-12-13,11.83,0.9008,0.2,G3_junior,4.6,96.1,46.915,2.955,0.749,0,0.02,0,CONTAMINATION,train,reference
RUN-002070,WO-001035,P01,L01,MCH-002,PRD-025,2025-10-06,23.3,0.9962,0.2,G3_junior,3.5,87.0,55.424,3.451,0.824,0.0117,0.02,0,DIMENSION,train,reference
RUN-002149,WO-001075,P01,L02,MCH-010,PRD-064,2025-10-08,24.35,1.0419,0.4,G3_junior,4.9,89.9,51.374,3.176,1.028,0.041,0.032,0,SOLDER_VOID,train,reference
RUN-002802,WO-001401,P03,L06,MCH-036,PRD-024,2025-10-28,34.46,0.8913,0.2,G3_junior,7.6,85.8,54.28,3.38,0.888,0.048,0.08,1,DIMENSION,train,reference
RUN-002377,WO-001189,P02,L04,MCH-021,PRD-006,2025-10-15,25.08,1.1618,1.7,G3_junior,7.3,92.1,49.675,3.012,0.807,0.0725,0.064,1,SOLDER_VOID,train,reference
RUN-005154,WO-002577,P03,L06,MCH-032,PRD-073,2026-01-12,16.04,0.9713,7.2,G2_mid,3.4,87.4,51.648,4.355,0.69,0.063,0.04,0,SOLDER_VOID,train,reference
RUN-006252,WO-003126,P02,L04,MCH-022,PRD-031,2026-02-16,28.88,1.1377,8.2,G1_senior,7.0,95.9,51.085,3.12,1.012,0,0.0375,0,SOLDER_VOID,train,reference
RUN-005988,WO-002994,P02,L03,MCH-014,PRD-075,2026-02-08,11.14,1.0138,4.7,G2_mid,6.8,96.3,48.29,3.308,0.863,0.0785,0.06,1,CONTAMINATION,train,reference
RUN-002681,WO-001341,P02,L04,MCH-019,PRD-017,2025-10-24,14.61,1.0307,4.7,G2_mid,4.3,96.3,52.369,3.247,0.911,0,0.0125,0,MISSING_PART,train,reference
RUN-011065,WO-005533,P02,L03,MCH-018,PRD-053,2026-07-21,24.03,0.8392,14.6,G1_senior,5.6,88.0,53.342,2.967,0.9,0.0126,0.024,0,SCRATCH,test,reference
RUN-011104,WO-005552,P02,L03,MCH-018,PRD-045,2026-07-22,20.2,1.0105,4.8,G2_mid,2.5,97.0,52.317,2.963,0.713,0.0349,0.024,0,DIMENSION,test,reference
RUN-008521,WO-004261,P03,L05,MCH-029,PRD-025,2026-04-29,32.82,0.8917,7.6,G2_mid,3.5,87.0,50.584,3.227,1.08,0.0298,0.02,0,CONTAMINATION,validation,reference
RUN-002122,WO-001061,P02,L03,MCH-016,PRD-024,2025-10-07,23.14,1.0278,3.0,G3_junior,7.6,85.8,53.807,3.419,0.823,0.0946,0.0875,1,SOLDER_VOID,train,reference
RUN-010928,WO-005464,P01,L02,MCH-009,PRD-062,2026-07-16,19.74,0.8443,2.8,G3_junior,6.8,71.4,56.239,3.002,0.772,0.1639,0.14,1,DIMENSION,test,reference
RUN-002806,WO-001403,P01,L01,MCH-006,PRD-064,2025-10-29,19.65,0.895,4.8,G2_mid,4.9,89.9,49.498,2.843,0.848,0,0.0125,0,SCRATCH,train,reference
RUN-000120,WO-000060,P02,L03,MCH-013,PRD-042,2025-08-05,13.13,1.1355,1.7,G3_junior,1.4,89.9,51.865,3.033,0.712,0.0092,0.0,0,NONE,train,reference
RUN-000477,WO-000239,P03,L06,MCH-035,PRD-074,2025-08-15,34.28,0.8451,0.2,G3_junior,6.4,95.9,50.868,5.24,0.98,0.0842,0.055,1,CONTAMINATION,train,reference
RUN-005602,WO-002801,P02,L03,MCH-017,PRD-017,2026-01-27,29.08,0.8513,11.8,G1_senior,4.3,96.3,51.89,3.372,1.028,0,0.0125,0,SCRATCH,train,reference
RUN-008501,WO-004251,P01,L02,MCH-007,PRD-036,2026-04-29,24.57,0.8305,8.9,G1_senior,4.1,87.0,57.017,3.53,1.018,0.017,0.032,0,CONTAMINATION,validation,reference
RUN-005186,WO-002593,P03,L05,MCH-028,PRD-054,2026-01-13,39.39,0.9785,1.7,G3_junior,6.3,71.4,54.091,3.78,0.651,0.0726,0.085,1,SURFACE_DENT,train,reference
RUN-000844,WO-000422,P01,L01,MCH-003,PRD-059,2025-08-28,26.55,0.9512,7.0,G2_mid,5.9,88.6,52.661,3.389,0.801,0.0653,0.04,0,SCRATCH,train,reference
RUN-002371,WO-001186,P02,L03,MCH-017,PRD-069,2025-10-15,38.37,1.0677,8.9,G1_senior,10,88.6,52.02,3.636,1.041,0.0716,0.1,1,CONTAMINATION,train,reference
RUN-009887,WO-004944,P02,L03,MCH-013,PRD-050,2026-06-12,28.32,0.9568,6.1,G2_mid,5.5,88.6,49.46,3.08,1.039,0,0.03,0,MISSING_PART,test,reference
RUN-010023,WO-005012,P02,L04,MCH-019,PRD-072,2026-06-17,23.68,1.0614,2.8,G3_junior,4.1,84.7,49.201,3.199,0.673,0.0506,0.05,0,CONTAMINATION,test,reference
RUN-007397,WO-003699,P03,L06,MCH-032,PRD-012,2026-03-24,22.03,0.8463,0,G0_unknown,2.1,92.1,54.576,3.365,0.941,0.0404,0.01,0,NONE,train,reference
RUN-002290,WO-001145,P01,L01,MCH-004,PRD-051,2025-10-13,15.94,0.8774,3.0,G3_junior,6.9,96.1,52.215,2.875,0.861,0.0266,0.02,0,DIMENSION,train,reference
RUN-008636,WO-004318,P01,L01,MCH-006,PRD-008,2026-05-04,7.45,1.157,7.6,G2_mid,3.4,84.5,53.565,2.869,0.879,0,0.025,0,SURFACE_DENT,validation,reference
RUN-000902,WO-000451,P02,L04,MCH-019,PRD-024,2025-08-29,15.77,0.8602,1.0,G3_junior,7.6,85.8,53.904,3.542,0.66,0.1119,0.0875,1,CONTAMINATION,train,reference
RUN-008064,WO-004032,P01,L02,MCH-008,PRD-061,2026-04-15,27.59,0.9641,3.0,G3_junior,4.8,76.8,49.913,2.504,0.793,0.0804,0.064,1,SOLDER_VOID,validation,reference
RUN-001084,WO-000542,P02,L03,MCH-014,PRD-053,2025-09-04,29.93,1.0065,1.7,G3_junior,5.6,88.0,54.671,3.084,0.73,0.0854,0.035,0,SOLDER_VOID,train,reference
RUN-004807,WO-002404,P02,L03,MCH-013,PRD-017,2026-01-01,17.17,1.0479,12.8,G1_senior,4.3,96.3,52.392,6.603,0.923,0.0261,0.02,0,CONTAMINATION,train,reference
RUN-003242,WO-001621,P02,L04,MCH-024,PRD-005,2025-11-12,23.76,1.0129,18,G1_senior,5.2,85.8,50.639,3.17,0.806,0.0106,0.0,0,NONE,train,reference
RUN-007326,WO-003663,P03,L06,MCH-032,PRD-024,2026-03-22,14.35,0.9385,0.2,G3_junior,7.6,85.8,48.951,3.514,0.821,0.0844,0.08,1,SOLDER_VOID,train,reference
RUN-001235,WO-000618,P02,L03,MCH-015,PRD-028,2025-09-09,29.63,1.1402,0,G0_unknown,6.4,97.0,51.81,3.049,0.76,0.0566,0.04,0,SCRATCH,train,reference
RUN-006757,WO-003379,P03,L05,MCH-025,PRD-063,2026-03-04,19.88,1.0219,11.8,G1_senior,5.7,84.5,52.676,3.04,0.631,0.0505,0.04,0,SCRATCH,train,reference
RUN-000498,WO-000249,P03,L05,MCH-030,PRD-043,2025-08-16,22.41,1.1136,0,G0_unknown,4.2,84.5,48.345,2.937,0.633,0.0355,0.05,0,SURFACE_DENT,train,reference
RUN-009330,WO-004665,P02,L03,MCH-016,PRD-024,2026-05-26,33.89,1.1095,14.6,G1_senior,7.6,85.8,54.676,3.445,0.651,0.0269,0.0375,0,DIMENSION,test,reference
RUN-004307,WO-002154,P03,L06,MCH-032,PRD-034,2025-12-16,13.95,1.1504,4.7,G2_mid,2.6,96.1,52.099,3.388,0.67,0,0.02,0,DIMENSION,train,reference
RUN-003777,WO-001889,P03,L05,MCH-028,PRD-070,2025-11-29,20.24,0.8891,1.2,G3_junior,3.9,87.4,50.754,3.264,0.98,0.019,0.024,0,CONTAMINATION,train,reference
RUN-007708,WO-003854,P02,L03,MCH-018,PRD-012,2026-04-03,33.55,0.9411,1.0,G3_junior,2.1,92.1,54.937,3.442,0.861,0.0534,0.032,0,NONE,validation,reference
RUN-007039,WO-003520,P02,L03,MCH-017,PRD-063,2026-03-13,42.62,0.8621,1.0,G3_junior,5.7,84.5,54.187,3.443,0.755,0.0954,0.05,0,SCRATCH,train,reference
RUN-005159,WO-002580,P01,L01,MCH-002,PRD-014,2026-01-13,28.76,0.8525,7.6,G2_mid,5.0,85.8,50.971,3.317,0.74,0,0.025,0,DIMENSION,train,reference
RUN-010901,WO-005451,P02,L04,MCH-023,PRD-059,2026-07-15,21.26,0.8955,1.0,G3_junior,5.9,88.6,49.214,2.795,0.909,0.031,0.05,0,SCRATCH,test,reference
RUN-001798,WO-000899,P03,L05,MCH-029,PRD-043,2025-09-26,32.98,0.9466,4.8,G2_mid,4.2,84.5,55.763,2.994,1.082,0.0296,0.05,0,DIMENSION,train,reference
RUN-010997,WO-005499,P02,L04,MCH-020,PRD-077,2026-07-18,25.02,0.8927,2.1,G3_junior,1.7,96.1,49.542,2.879,0.832,0.0294,0.02,0,CONTAMINATION,test,reference
RUN-008680,WO-004340,P02,L03,MCH-015,PRD-042,2026-05-05,20.66,0.9906,2.3,G3_junior,1.4,89.9,53.532,2.768,0.864,0.031,0.02,0,DIMENSION,validation,reference
RUN-005316,WO-002658,P02,L04,MCH-019,PRD-059,2026-01-17,25.92,1.0188,0.2,G3_junior,5.9,88.6,49.952,2.904,0.658,0.0544,0.05,0,DIMENSION,train,reference
RUN-000716,WO-000358,P01,L01,MCH-006,PRD-061,2025-08-24,16.49,1.0451,2.9,G3_junior,4.8,76.8,49.166,3.05,0.656,0.0543,0.08,1,DIMENSION,train,reference
RUN-010186,WO-005093,P01,L01,MCH-001,PRD-046,2026-06-23,21.31,1.1316,2.8,G3_junior,4.6,71.0,52.19,3.764,1.1,0.1225,0.1,1,SOLDER_VOID,test,reference
RUN-005323,WO-002662,P01,L01,MCH-006,PRD-074,2026-01-18,42.98,0.9277,1.4,G3_junior,6.4,95.9,48.881,2.848,1.004,0.0254,0.048,0,DIMENSION,train,reference
RUN-001366,WO-000683,P01,L02,MCH-012,PRD-045,2025-09-13,22.5,0.9192,0.4,G3_junior,2.5,97.0,49.841,3.408,0.645,0,0.03,0,MISSING_PART,train,reference
RUN-005126,WO-002563,P01,L01,MCH-004,PRD-077,2026-01-12,20.77,0.8259,2.3,G3_junior,1.7,96.1,51.175,3.214,0.752,0.0504,0.0125,0,DIMENSION,train,reference
RUN-001953,WO-000977,P03,L06,MCH-033,PRD-045,2025-10-01,24.66,1.0686,0.2,G3_junior,2.5,97.0,54.572,3.708,0.638,0.0142,0.016,0,SOLDER_VOID,train,reference
RUN-005003,WO-002502,P03,L06,MCH-035,PRD-051,2026-01-07,27.53,1.1197,0,G0_unknown,6.9,96.1,55.013,3.636,1.016,0.0573,0.04,0,MISSING_PART,train,reference
RUN-007285,WO-003643,P01,L02,MCH-012,PRD-011,2026-03-21,21.4,1.1946,1.2,G3_junior,1.4,71.0,50.544,3.759,0.983,0,0.0375,0,SOLDER_VOID,train,reference
RUN-011369,WO-005685,P03,L06,MCH-033,PRD-071,2026-07-30,25.58,0.993,12.8,G1_senior,6.2,84.7,55.981,3.25,0.734,0.0055,0.03,0,SCRATCH,test,reference
RUN-010262,WO-005131,P01,L02,MCH-011,PRD-031,2026-06-25,26.36,1.1665,5.7,G2_mid,7.0,95.9,51.149,2.969,0.637,0.0441,0.048,0,SCRATCH,test,reference
RUN-004678,WO-002339,P03,L05,MCH-029,PRD-078,2025-12-28,14.82,0.9435,2.3,G3_junior,4.6,84.7,46.37,3.185,0.762,0.0113,0.0375,0,SURFACE_DENT,train,reference
RUN-008162,WO-004081,P03,L06,MCH-036,PRD-058,2026-04-17,28.32,0.9087,2.9,G3_junior,8.8,71.4,51.424,3.822,0.763,0.1258,0.12,1,SCRATCH,validation,reference
RUN-001041,WO-000521,P01,L02,MCH-010,PRD-079,2025-09-03,40.21,1.0878,3.0,G3_junior,3.3,71.4,51.577,3.682,0.799,0.1021,0.075,1,DIMENSION,train,reference
RUN-008277,WO-004139,P03,L06,MCH-031,PRD-066,2026-04-21,35.26,1.1165,7.6,G2_mid,7.6,88.6,57.06,7.546,0.806,0.1029,0.072,1,MISSING_PART,validation,reference
RUN-005970,WO-002985,P02,L04,MCH-022,PRD-036,2026-02-07,32.85,1.058,1.6,G3_junior,4.1,87.0,49.606,3.08,0.672,0.0475,0.02,0,DIMENSION,train,reference
RUN-007945,WO-003973,P03,L06,MCH-035,PRD-006,2026-04-10,24.51,0.8503,12.8,G1_senior,7.3,92.1,50.546,3.314,0.743,0.0249,0.024,0,SOLDER_VOID,validation,reference
RUN-009501,WO-004751,P01,L01,MCH-006,PRD-068,2026-06-01,21.08,1.0575,0.2,G3_junior,2.3,71.0,49.003,5.961,1.093,0.0515,0.05,0,SURFACE_DENT,test,reference
RUN-007062,WO-003531,P01,L02,MCH-009,PRD-030,2026-03-14,28.92,0.9514,2.8,G3_junior,3.6,76.8,48.868,2.744,0.965,0.0694,0.05,0,MISSING_PART,train,reference
RUN-005497,WO-002749,P02,L03,MCH-016,PRD-058,2026-01-23,29.18,1.2059,6.1,G2_mid,8.8,71.4,58.799,3.238,0.669,0.092,0.125,1,SCRATCH,train,reference
RUN-007921,WO-003961,P01,L02,MCH-012,PRD-005,2026-04-10,28.78,1.046,0.2,G3_junior,5.2,85.8,52.876,3.602,0.654,0.033,0.05,0,CONTAMINATION,validation,reference
RUN-002417,WO-001209,P02,L04,MCH-023,PRD-042,2025-10-16,24.44,0.966,7.1,G2_mid,1.4,89.9,50.082,3.499,0.872,0,0.01,0,MISSING_PART,train,reference
RUN-007597,WO-003799,P02,L03,MCH-018,PRD-022,2026-03-31,19.76,0.9968,1.4,G3_junior,4.3,85.8,53.58,3.334,0.964,0.0159,0.024,0,SOLDER_VOID,validation,reference
RUN-007728,WO-003864,P03,L06,MCH-034,PRD-061,2026-04-03,18.94,1.0764,1.2,G3_junior,4.8,76.8,49.811,2.812,0.629,0.0251,0.075,1,SCRATCH,validation,reference
RUN-003770,WO-001885,P02,L04,MCH-021,PRD-010,2025-11-29,23.51,1.069,0.7,G3_junior,6.9,97.0,47.173,2.828,0.722,0.0495,0.0375,0,SCRATCH,train,reference
RUN-004848,WO-002424,P02,L04,MCH-024,PRD-023,2026-01-02,30.5,0.9768,14.6,G1_senior,5.0,85.8,65.729,7.472,1.035,0.0265,0.0375,0,DIMENSION,train,reference
RUN-007031,WO-003516,P01,L02,MCH-010,PRD-024,2026-03-13,27.86,1.0851,1.4,G3_junior,7.6,85.8,53.709,3.346,1.052,0.0671,0.08,1,SOLDER_VOID,train,reference
RUN-008630,WO-004315,P03,L06,MCH-031,PRD-014,2026-05-03,25.77,0.9095,4.8,G2_mid,5.0,85.8,50.543,3.286,0.672,0.0247,0.025,0,SCRATCH,validation,reference
RUN-010911,WO-005456,P03,L06,MCH-036,PRD-035,2026-07-15,20.88,0.8783,11.2,G1_senior,4.3,84.7,55.1,3.122,0.787,0.0307,0.045,0,CONTAMINATION,test,reference
RUN-000703,WO-000352,P02,L03,MCH-013,PRD-042,2025-08-23,17.45,1.1562,1.7,G3_junior,1.4,89.9,48.519,3.156,0.844,0.0123,0.0,0,NONE,train,reference
RUN-004545,WO-002273,P01,L02,MCH-012,PRD-060,2025-12-24,28.68,1.1536,1.4,G3_junior,6.7,84.7,57.562,3.923,0.798,0.1182,0.1,1,SOLDER_VOID,train,reference
RUN-006290,WO-003145,P03,L05,MCH-026,PRD-040,2026-02-17,34.82,1.095,0.2,G3_junior,8.4,82.7,53.298,3.19,0.908,0.0842,0.1,1,CONTAMINATION,train,reference
RUN-010270,WO-005135,P02,L03,MCH-014,PRD-015,2026-06-25,46.31,0.9919,4.6,G2_mid,8.8,92.1,53.609,3.465,1.011,0.0897,0.08,1,CONTAMINATION,test,reference
RUN-007617,WO-003809,P03,L06,MCH-036,PRD-004,2026-03-31,21.47,1.1616,7.1,G2_mid,3.9,95.9,52.356,2.799,0.955,0,0.015,0,NONE,validation,reference
RUN-000093,WO-000047,P02,L04,MCH-023,PRD-062,2025-08-04,24.26,1.0773,1.0,G3_junior,6.8,71.4,50.154,2.843,0.693,0.086,0.1,1,SURFACE_DENT,train,reference
RUN-001343,WO-000672,P02,L03,MCH-013,PRD-063,2025-09-12,38.97,0.8204,0.7,G3_junior,5.7,84.5,55.917,3.014,0.633,0.1234,0.07,1,DIMENSION,train,reference
RUN-000326,WO-000163,P03,L05,MCH-027,PRD-029,2025-08-11,26.52,1.0694,1.3,G3_junior,6.6,87.0,51.215,3.131,0.961,0.013,0.06,1,MISSING_PART,train,reference
RUN-009775,WO-004888,P02,L03,MCH-013,PRD-012,2026-06-09,24.18,1.055,0.2,G3_junior,2.1,92.1,52.413,3.138,0.772,0.0413,0.0375,0,SCRATCH,test,reference
RUN-007343,WO-003672,P02,L03,MCH-014,PRD-048,2026-03-23,25.07,1.103,18,G1_senior,4.6,96.1,53.885,3.438,0.832,0.0397,0.015,0,CONTAMINATION,train,reference
RUN-000052,WO-000026,P03,L05,MCH-028,PRD-080,2025-08-02,26.76,0.8217,12.8,G1_senior,5.2,84.5,49.762,3.27,0.798,0,0.016,0,SOLDER_VOID,train,reference
RUN-002226,WO-001113,P02,L03,MCH-013,PRD-069,2025-10-10,39.9,1.0064,11.2,G1_senior,10,88.6,51.82,2.844,0.714,0.0736,0.1,1,DIMENSION,train,reference
RUN-004214,WO-002107,P02,L03,MCH-018,PRD-066,2025-12-13,16.93,0.8659,6.1,G2_mid,7.6,88.6,47.579,2.888,1.071,0.098,0.0875,1,CONTAMINATION,train,reference
RUN-007381,WO-003691,P02,L03,MCH-014,PRD-015,2026-03-24,34.92,0.8449,0.2,G3_junior,8.8,92.1,49.928,6.887,0.661,0.0917,0.1,1,MISSING_PART,train,reference
RUN-002498,WO-001249,P01,L02,MCH-007,PRD-039,2025-10-19,25.29,1.1238,2.0,G3_junior,5.6,96.1,49.329,4.028,0.955,0.0311,0.016,0,MISSING_PART,train,reference
RUN-005544,WO-002772,P02,L03,MCH-018,PRD-027,2026-01-25,32.66,1.0681,0.2,G3_junior,7.1,89.9,47.773,2.792,0.786,0.0542,0.07,1,SOLDER_VOID,train,reference
RUN-010450,WO-005225,P01,L01,MCH-001,PRD-066,2026-07-01,24.91,0.8611,18,G1_senior,7.6,88.6,54.238,9.347,0.94,0.0392,0.04,0,SURFACE_DENT,test,reference
RUN-002386,WO-001193,P03,L05,MCH-030,PRD-056,2025-10-15,20.28,1.1187,3.4,G2_mid,4.3,97.0,62.449,6.188,0.86,0,0.008,0,CONTAMINATION,train,reference
RUN-008422,WO-004211,P03,L06,MCH-031,PRD-074,2026-04-26,33.58,0.9809,0,G0_unknown,6.4,95.9,52.792,3.457,1.001,0.0401,0.035,0,SURFACE_DENT,validation,reference
RUN-001923,WO-000962,P01,L01,MCH-003,PRD-061,2025-10-01,35.64,0.9884,0.2,G3_junior,4.8,76.8,51.996,3.164,0.901,0.0567,0.045,0,DIMENSION,train,reference
RUN-005624,WO-002812,P03,L06,MCH-036,PRD-067,2026-01-27,17.51,1.1037,0.5,G3_junior,4.5,71.0,53.523,3.607,0.872,0.1129,0.08,1,CONTAMINATION,train,reference
RUN-004416,WO-002208,P03,L06,MCH-034,PRD-062,2025-12-19,25.27,1.1392,2.3,G3_junior,6.8,71.4,50.171,5.137,0.7,0.1197,0.105,1,SCRATCH,train,reference
RUN-007033,WO-003517,P01,L02,MCH-011,PRD-024,2026-03-13,26.45,0.9562,11.8,G1_senior,7.6,85.8,53.415,2.949,0.776,0.0629,0.056,1,SOLDER_VOID,train,reference
RUN-000634,WO-000317,P01,L02,MCH-008,PRD-004,2025-08-21,16.07,1.0144,18,G1_senior,3.9,95.9,47.999,3.036,0.851,0.0162,0.0,0,NONE,train,reference
RUN-006959,WO-003480,P01,L02,MCH-008,PRD-064,2026-03-11,18.36,1.1003,15.7,G1_senior,4.9,89.9,53.346,2.947,0.923,0,0.02,0,SURFACE_DENT,train,reference
RUN-002068,WO-001034,P03,L06,MCH-034,PRD-010,2025-10-05,34.02,0.9054,5.8,G2_mid,6.9,97.0,45.097,2.766,0.787,0.0,0.025,0,SURFACE_DENT,train,reference
RUN-006191,WO-003096,P01,L02,MCH-010,PRD-051,2026-02-14,21.49,0.9735,0.2,G3_junior,6.9,96.1,52.074,3.506,0.776,0.1115,0.07,1,DIMENSION,train,reference
RUN-009013,WO-004507,P03,L05,MCH-026,PRD-002,2026-05-15,22.02,0.9766,1.3,G3_junior,5.3,88.0,54.228,3.626,0.798,0.0493,0.06,1,CONTAMINATION,validation,reference
RUN-004924,WO-002462,P03,L05,MCH-029,PRD-031,2026-01-05,29.79,1.0651,2.8,G3_junior,7.0,95.9,52.225,2.901,0.687,0.0785,0.04,0,DIMENSION,train,reference
RUN-005613,WO-002807,P03,L05,MCH-026,PRD-044,2026-01-27,9.98,0.9785,3.3,G2_mid,4.1,88.0,52.308,3.412,0.894,0,0.0,0,NONE,train,reference
RUN-008905,WO-004453,P03,L05,MCH-027,PRD-029,2026-05-12,40.57,1.2218,1.0,G3_junior,6.6,87.0,52.372,2.976,0.874,0.0837,0.08,1,CONTAMINATION,validation,reference
RUN-000108,WO-000054,P01,L01,MCH-001,PRD-009,2025-08-05,25.23,1.1502,6.1,G2_mid,5.0,76.8,52.954,3.438,0.923,0.071,0.0625,1,CONTAMINATION,train,reference
RUN-006742,WO-003371,P01,L02,MCH-007,PRD-005,2026-03-04,24.01,0.8432,1.4,G3_junior,5.2,85.8,54.019,3.364,0.708,0.0883,0.06,1,SCRATCH,train,reference
RUN-005816,WO-002908,P03,L06,MCH-035,PRD-003,2026-02-02,31.07,0.9527,1.0,G3_junior,4.8,95.9,52.465,2.884,0.653,0,0.04,0,SURFACE_DENT,train,reference
RUN-004375,WO-002188,P03,L06,MCH-034,PRD-034,2025-12-18,12.03,1.0506,7.6,G2_mid,2.6,96.1,49.116,3.13,0.943,0.0005,0.0,0,NONE,train,reference
RUN-006949,WO-003475,P03,L06,MCH-033,PRD-074,2026-03-10,24.04,0.9995,3.2,G2_mid,6.4,95.9,53.509,3.608,0.756,0.0224,0.024,0,SOLDER_VOID,train,reference
RUN-006883,WO-003442,P01,L01,MCH-002,PRD-079,2026-03-09,26.53,0.9225,1.0,G3_junior,3.3,71.4,51.823,3.277,0.746,0.0432,0.075,1,SOLDER_VOID,train,reference
RUN-008243,WO-004122,P01,L01,MCH-002,PRD-061,2026-04-21,19.79,1.0564,2.7,G3_junior,4.8,76.8,53.242,3.175,0.807,0.0201,0.06,1,CONTAMINATION,validation,reference
RUN-009870,WO-004935,P03,L06,MCH-035,PRD-070,2026-06-11,15.5,1.1674,0.2,G3_junior,3.9,87.4,53.741,3.057,1.007,0.0052,0.025,0,DIMENSION,test,reference
RUN-003077,WO-001539,P03,L05,MCH-026,PRD-063,2025-11-06,21.33,1.0339,1.3,G3_junior,5.7,84.5,52.163,3.611,0.887,0.0515,0.04,0,DIMENSION,train,reference
RUN-003995,WO-001998,P02,L04,MCH-021,PRD-066,2025-12-06,38.68,0.8819,0,G0_unknown,7.6,88.6,46.802,2.773,0.777,0.1314,0.12,1,MISSING_PART,train,reference
RUN-009292,WO-004646,P01,L02,MCH-009,PRD-063,2026-05-25,23.86,0.8897,2.3,G3_junior,5.7,84.5,61.92,5.172,1.085,0.0761,0.064,1,SURFACE_DENT,test,reference
RUN-002014,WO-001007,P02,L04,MCH-019,PRD-010,2025-10-03,26.83,1.1103,0,G0_unknown,6.9,97.0,49.782,3.429,0.709,0.1146,0.0625,1,SURFACE_DENT,train,reference
RUN-008285,WO-004143,P01,L02,MCH-009,PRD-008,2026-04-22,23.56,1.0591,2.0,G3_junior,3.4,84.5,52.639,8.562,0.964,0.0142,0.03,0,CONTAMINATION,validation,reference
RUN-003290,WO-001645,P03,L06,MCH-035,PRD-074,2025-11-13,19.2,0.921,5.8,G2_mid,6.4,95.9,53.2,3.139,0.683,0.0502,0.04,0,SURFACE_DENT,train,reference
RUN-004344,WO-002172,P03,L06,MCH-033,PRD-006,2025-12-17,33.0,0.8503,4.8,G2_mid,7.3,92.1,53.652,3.219,0.697,0.029,0.05,0,DIMENSION,train,reference
RUN-007853,WO-003927,P02,L03,MCH-017,PRD-066,2026-04-08,20.81,1.0575,3.4,G2_mid,7.6,88.6,53.074,3.701,0.975,0.0894,0.075,1,SCRATCH,validation,reference
RUN-003408,WO-001704,P01,L01,MCH-003,PRD-074,2025-11-18,40.51,1.0186,0.7,G3_junior,6.4,95.9,53.39,3.378,0.776,0.0593,0.06,1,DIMENSION,train,reference
RUN-001473,WO-000737,P01,L01,MCH-002,PRD-078,2025-09-17,32.77,0.9361,0.6,G3_junior,4.6,84.7,52.828,3.318,0.642,0.037,0.04,1,MISSING_PART,train,reference
RUN-007296,WO-003648,P03,L05,MCH-026,PRD-064,2026-03-21,29.13,1.14,0.6,G3_junior,4.9,89.9,53.314,3.096,0.888,0.0175,0.025,0,DIMENSION,train,reference
RUN-008749,WO-004375,P01,L02,MCH-007,PRD-017,2026-05-07,33.23,1.0655,15.7,G1_senior,4.3,96.3,51.853,3.098,1.099,0,0.0,0,NONE,validation,reference
RUN-010906,WO-005453,P03,L05,MCH-027,PRD-071,2026-07-15,23.11,1.0542,3.0,G3_junior,6.2,84.7,51.643,3.189,1.073,0.0212,0.045,0,DIMENSION,test,reference
RUN-005318,WO-002659,P02,L04,MCH-021,PRD-037,2026-01-17,21.47,0.9903,18,G1_senior,4.2,88.0,48.063,3.185,0.993,0.0049,0.0125,0,SURFACE_DENT,train,reference
RUN-010184,WO-005092,P01,L01,MCH-004,PRD-027,2026-06-23,30.51,0.876,2.2,G3_junior,7.1,89.9,53.135,3.051,1.018,0.1042,0.07,1,SURFACE_DENT,test,reference
RUN-009089,WO-004545,P03,L05,MCH-028,PRD-052,2026-05-18,20.53,0.9618,2.0,G3_junior,7.2,82.7,55.198,3.217,0.734,0.0479,0.09,1,SOLDER_VOID,validation,reference
RUN-011356,WO-005678,P02,L03,MCH-014,PRD-075,2026-07-30,20.59,0.866,4.7,G2_mid,6.8,96.3,56.127,3.03,0.961,0.0119,0.032,0,SCRATCH,test,reference
RUN-003035,WO-001518,P02,L04,MCH-021,PRD-029,2025-11-05,28.42,0.851,1.4,G3_junior,6.6,87.0,49.545,2.806,0.964,0.0079,0.05,0,SOLDER_VOID,train,reference
RUN-008495,WO-004248,P01,L01,MCH-004,PRD-052,2026-04-29,31.79,1.0994,0.2,G3_junior,7.2,82.7,51.638,3.067,0.688,0.0981,0.1,1,SOLDER_VOID,validation,reference
RUN-002412,WO-001206,P02,L03,MCH-016,PRD-023,2025-10-16,20.68,1.157,0.6,G3_junior,5.0,85.8,51.972,3.39,1.045,0.0515,0.05,0,SCRATCH,train,reference
RUN-005052,WO-002526,P01,L02,MCH-007,PRD-022,2026-01-09,17.73,1.125,1.0,G3_junior,4.3,85.8,54.971,3.104,0.961,0.0659,0.05,0,SURFACE_DENT,train,reference
RUN-003062,WO-001531,P02,L03,MCH-018,PRD-057,2025-11-06,21.61,0.9848,1.0,G3_junior,5.6,88.6,53.768,9.695,0.895,0.0581,0.06,1,DIMENSION,train,reference
RUN-008917,WO-004459,P01,L01,MCH-004,PRD-064,2026-05-13,13.55,1.1494,18,G1_senior,4.9,89.9,52.457,3.093,0.86,0.029,0.02,0,SCRATCH,validation,reference
RUN-009065,WO-004533,P01,L01,MCH-003,PRD-032,2026-05-18,31.91,1.1076,18,G1_senior,6.2,96.1,52.182,3.216,0.666,0.0135,0.0,0,NONE,validation,reference
RUN-004261,WO-002131,P03,L05,MCH-029,PRD-070,2025-12-15,18.25,1.0448,2.2,G3_junior,3.9,87.4,50.54,2.911,1.098,0.0827,0.04,0,CONTAMINATION,train,reference
RUN-008923,WO-004462,P01,L02,MCH-008,PRD-079,2026-05-13,18.68,0.8356,11.2,G1_senior,3.3,71.4,47.195,2.504,1.065,0.0187,0.048,0,SOLDER_VOID,validation,reference
RUN-001826,WO-000913,P03,L05,MCH-027,PRD-010,2025-09-27,19.6,0.9005,2.9,G3_junior,6.9,97.0,48.822,2.993,0.679,0.0344,0.02,0,NONE,train,reference
RUN-006022,WO-003011,P02,L04,MCH-023,PRD-049,2026-02-09,40.81,0.9028,1.4,G3_junior,10,82.7,51.415,3.001,0.943,0.1095,0.125,1,SOLDER_VOID,train,reference
RUN-006610,WO-003305,P03,L05,MCH-025,PRD-013,2026-02-27,30.56,0.9844,5.8,G2_mid,4.9,95.9,69.049,7.397,0.656,0.0223,0.03,0,SOLDER_VOID,train,reference
RUN-009960,WO-004980,P03,L05,MCH-025,PRD-078,2026-06-15,29.57,1.1138,3.1,G2_mid,4.6,84.7,53.369,3.037,0.694,0.0555,0.0375,0,CONTAMINATION,test,reference
RUN-001922,WO-000961,P03,L06,MCH-034,PRD-016,2025-09-30,23.16,0.911,3.1,G2_mid,4.3,85.8,49.969,2.898,1.085,0.0451,0.0625,1,DIMENSION,train,reference
RUN-011096,WO-005548,P01,L02,MCH-009,PRD-069,2026-07-22,26.24,0.9793,8.9,G1_senior,10,88.6,52.106,2.81,0.767,0.1095,0.1,1,MISSING_PART,test,reference
RUN-000789,WO-000395,P02,L04,MCH-019,PRD-067,2025-08-26,23.2,0.8841,2.8,G3_junior,4.5,71.0,52.757,3.157,0.695,0.0835,0.08,1,SURFACE_DENT,train,reference
RUN-011268,WO-005634,P01,L01,MCH-002,PRD-007,2026-07-28,25.76,0.8363,12.8,G1_senior,3.9,88.0,56.133,3.314,0.631,0,0.02,0,SOLDER_VOID,test,reference
RUN-003227,WO-001614,P01,L01,MCH-003,PRD-059,2025-11-12,22.92,0.9666,0,G0_unknown,5.9,88.6,54.646,3.345,0.811,0.0171,0.05,0,MISSING_PART,train,reference
RUN-005966,WO-002983,P02,L03,MCH-015,PRD-019,2026-02-07,28.97,1.1231,0.8,G3_junior,7.2,71.7,46.12,2.592,0.924,0.1334,0.12,1,DIMENSION,train,reference
RUN-009884,WO-004942,P02,L03,MCH-014,PRD-002,2026-06-12,23.48,1.1368,1.3,G3_junior,5.3,88.0,53.151,3.236,1.073,0.0854,0.064,1,DIMENSION,test,reference
RUN-006465,WO-003233,P03,L05,MCH-028,PRD-021,2026-02-23,22.52,1.0033,3.2,G2_mid,3.0,95.9,55.049,3.514,0.736,0,0.0125,0,DIMENSION,train,reference
RUN-005723,WO-002862,P03,L05,MCH-025,PRD-033,2026-01-30,26.1,0.9388,9.4,G1_senior,4.7,88.0,73.899,8.019,1.0,0.012,0.02,0,SCRATCH,train,reference
RUN-001763,WO-000882,P03,L05,MCH-026,PRD-013,2025-09-25,8.44,0.9526,2.7,G3_junior,4.9,95.9,54.72,3.337,0.699,0.0421,0.04,0,MISSING_PART,train,reference
RUN-008751,WO-004376,P02,L03,MCH-016,PRD-015,2026-05-07,27.67,0.9676,2.7,G3_junior,8.8,92.1,55.408,3.169,0.733,0.0959,0.08,1,DIMENSION,validation,reference
RUN-006485,WO-003243,P01,L02,MCH-010,PRD-069,2026-02-24,38.63,1.1274,2.9,G3_junior,10,88.6,52.148,3.533,0.732,0.0848,0.11,1,DIMENSION,train,reference
RUN-006444,WO-003222,P01,L01,MCH-002,PRD-052,2026-02-23,22.81,0.903,3.2,G2_mid,7.2,82.7,54.18,3.32,0.695,0.0581,0.06,1,SURFACE_DENT,train,reference
RUN-011194,WO-005597,P03,L06,MCH-033,PRD-051,2026-07-24,28.52,0.9004,1.7,G3_junior,6.9,96.1,55.655,3.6,1.048,0.0934,0.04,0,MISSING_PART,test,reference
RUN-008105,WO-004053,P02,L03,MCH-015,PRD-037,2026-04-16,18.82,0.9966,0,G0_unknown,4.2,88.0,49.34,3.017,0.751,0.0507,0.04,0,DIMENSION,validation,reference
RUN-010606,WO-005303,P01,L02,MCH-010,PRD-011,2026-07-06,26.11,1.0079,1.0,G3_junior,1.4,71.0,55.495,3.625,0.861,0,0.0375,0,SOLDER_VOID,test,reference
RUN-006777,WO-003389,P01,L02,MCH-010,PRD-031,2026-03-05,31.23,0.9077,1.0,G3_junior,7.0,95.9,53.67,3.457,0.746,0.0235,0.04,0,CONTAMINATION,train,reference
RUN-003809,WO-001905,P01,L01,MCH-006,PRD-077,2025-12-01,12.95,0.9841,0.4,G3_junior,1.7,96.1,51.845,3.507,0.728,0.0195,0.0,0,NONE,train,reference
RUN-008431,WO-004216,P01,L02,MCH-012,PRD-069,2026-04-27,38.47,1.121,11.8,G1_senior,10,88.6,55.567,3.567,0.642,0.0698,0.1,1,DIMENSION,validation,reference
RUN-003081,WO-001541,P03,L06,MCH-034,PRD-064,2025-11-06,21.55,1.1061,0.5,G3_junior,4.9,89.9,52.285,2.899,0.755,0,0.024,0,MISSING_PART,train,reference
RUN-001889,WO-000945,P01,L01,MCH-003,PRD-051,2025-09-30,37.62,1.0122,1.6,G3_junior,6.9,96.1,50.147,3.228,0.959,0.0496,0.032,0,CONTAMINATION,train,reference
RUN-010493,WO-005247,P01,L02,MCH-010,PRD-030,2026-07-02,29.2,1.2217,4.8,G2_mid,3.6,76.8,51.957,3.247,0.776,0.0099,0.048,0,MISSING_PART,test,reference
RUN-006892,WO-003446,P02,L03,MCH-016,PRD-002,2026-03-09,22.23,1.0624,14.6,G1_senior,5.3,88.0,51.944,3.343,0.911,0.0141,0.03,0,SOLDER_VOID,train,reference
RUN-003055,WO-001528,P01,L02,MCH-010,PRD-036,2025-11-06,13.93,0.9912,1.0,G3_junior,4.1,87.0,53.855,2.967,1.02,0,0.015,0,DIMENSION,train,reference
RUN-006763,WO-003382,P03,L06,MCH-034,PRD-022,2026-03-04,20.84,1.1782,14.6,G1_senior,4.3,85.8,51.715,3.019,0.728,0.0226,0.03,0,SOLDER_VOID,train,reference
RUN-000590,WO-000295,P03,L06,MCH-033,PRD-069,2025-08-19,40.87,1.1409,1.0,G3_junior,10,88.6,56.018,3.446,0.678,0.1264,0.12,1,MISSING_PART,train,reference
RUN-009318,WO-004659,P01,L01,MCH-003,PRD-059,2026-05-26,35.93,0.9161,2.3,G3_junior,5.9,88.6,54.27,3.692,1.041,0.0725,0.056,1,SOLDER_VOID,test,reference
RUN-006862,WO-003431,P01,L02,MCH-012,PRD-061,2026-03-08,26.62,1.1717,3.1,G2_mid,4.8,76.8,50.645,3.184,0.991,0.0735,0.06,1,SCRATCH,train,reference
RUN-000568,WO-000284,P02,L03,MCH-018,PRD-037,2025-08-19,31.71,1.0251,0.5,G3_junior,4.2,88.0,54.301,3.104,0.83,0.0412,0.056,1,DIMENSION,train,reference
RUN-004267,WO-002134,P03,L06,MCH-034,PRD-048,2025-12-15,15.59,1.1021,2.2,G3_junior,4.6,96.1,48.22,2.776,0.641,0.0498,0.025,0,SCRATCH,train,reference
RUN-006989,WO-003495,P01,L01,MCH-002,PRD-032,2026-03-12,29.27,0.9039,11.8,G1_senior,6.2,96.1,52.562,3.06,0.959,0.0045,0.0,0,NONE,train,reference
RUN-008375,WO-004188,P03,L05,MCH-028,PRD-073,2026-04-24,22.27,0.8527,7.0,G2_mid,3.4,87.4,55.221,4.062,0.676,0,0.005,0,DIMENSION,validation,reference
RUN-008754,WO-004377,P02,L03,MCH-015,PRD-044,2026-05-07,24.17,0.9561,11.5,G1_senior,4.1,88.0,54.015,3.594,0.711,0.0136,0.0,0,NONE,validation,reference
RUN-002545,WO-001273,P03,L06,MCH-035,PRD-058,2025-10-20,26.68,0.9071,3.0,G3_junior,8.8,71.4,53.184,3.364,0.754,0.173,0.14,1,MISSING_PART,train,reference
RUN-008440,WO-004220,P02,L03,MCH-017,PRD-063,2026-04-27,28.31,0.9717,1.8,G3_junior,5.7,84.5,53.504,3.087,1.036,0.0254,0.064,1,SURFACE_DENT,validation,reference
RUN-010968,WO-005484,P02,L03,MCH-017,PRD-069,2026-07-17,27.31,1.0056,1.2,G3_junior,10,88.6,51.717,3.379,0.835,0.1035,0.115,1,SURFACE_DENT,test,reference
RUN-010428,WO-005214,P02,L03,MCH-017,PRD-058,2026-06-30,41.0,1.0529,0.7,G3_junior,8.8,71.4,52.497,3.384,0.658,0.1755,0.1375,1,SOLDER_VOID,test,reference
RUN-003268,WO-001634,P01,L02,MCH-009,PRD-020,2025-11-13,13.29,0.8565,3.1,G2_mid,7.8,84.7,50.947,3.554,0.849,0.078,0.07,1,MISSING_PART,train,reference
RUN-006676,WO-003338,P02,L03,MCH-013,PRD-027,2026-03-02,23.78,0.9332,2.3,G3_junior,7.1,89.9,54.115,3.432,1.047,0,0.06,1,CONTAMINATION,train,reference
RUN-009227,WO-004614,P02,L04,MCH-020,PRD-078,2026-05-22,18.92,1.1057,7.0,G2_mid,4.6,84.7,53.222,3.141,0.763,0.0027,0.025,0,DIMENSION,test,reference
RUN-002867,WO-001434,P03,L05,MCH-025,PRD-063,2025-10-30,24.15,0.838,2.8,G3_junior,5.7,84.5,55.165,3.535,0.657,0.1034,0.07,1,CONTAMINATION,train,reference
RUN-009874,WO-004937,P01,L01,MCH-004,PRD-027,2026-06-12,26.1,1.0,0.7,G3_junior,7.1,89.9,66.953,24.404,0.969,0.0839,0.06,1,MISSING_PART,test,reference
RUN-009803,WO-004902,P01,L01,MCH-004,PRD-029,2026-06-10,25.46,0.8871,0.2,G3_junior,6.6,87.0,65.83,5.552,0.872,0.0362,0.075,1,SURFACE_DENT,test,reference
RUN-005019,WO-002510,P02,L03,MCH-017,PRD-012,2026-01-08,18.1,0.8817,0.2,G3_junior,2.1,92.1,53.308,3.356,0.765,0,0.0,0,NONE,train,reference
RUN-002190,WO-001095,P02,L03,MCH-017,PRD-003,2025-10-09,31.98,1.0953,0.5,G3_junior,4.8,95.9,59.155,4.742,0.923,0.0015,0.0,0,NONE,train,reference
RUN-009617,WO-004809,P01,L02,MCH-010,PRD-005,2026-06-04,29.4,0.8849,4.8,G2_mid,5.2,85.8,51.593,2.978,0.731,0.0632,0.05,0,SOLDER_VOID,test,reference
RUN-008481,WO-004241,P02,L04,MCH-021,PRD-067,2026-04-28,21.11,1.0658,1.2,G3_junior,4.5,71.0,51.31,2.915,1.014,0.0466,0.112,1,DIMENSION,validation,reference
RUN-005388,WO-002694,P02,L03,MCH-014,PRD-017,2026-01-20,17.46,0.9846,3.3,G2_mid,4.3,96.3,52.319,3.561,0.8,0.0067,0.02,0,SOLDER_VOID,train,reference
RUN-011085,WO-005543,P03,L06,MCH-032,PRD-022,2026-07-21,22.72,1.1147,0.2,G3_junior,4.3,85.8,53.75,3.213,0.855,0.0368,0.025,0,SURFACE_DENT,test,reference
RUN-003414,WO-001707,P01,L02,MCH-010,PRD-061,2025-11-18,20.06,0.9498,1.7,G3_junior,4.8,76.8,51.737,3.526,1.052,0.0773,0.048,0,CONTAMINATION,train,reference
RUN-000338,WO-000169,P01,L01,MCH-005,PRD-068,2025-08-12,15.39,0.8681,5.7,G2_mid,2.3,71.0,51.565,2.777,0.704,0.0675,0.032,0,SOLDER_VOID,train,reference
RUN-005669,WO-002835,P01,L02,MCH-011,PRD-002,2026-01-29,18.98,1.1432,1.2,G3_junior,5.3,88.0,52.839,3.319,0.844,0.0422,0.06,1,SURFACE_DENT,train,reference
RUN-001227,WO-000614,P01,L02,MCH-007,PRD-015,2025-09-09,34.68,0.8272,0.2,G3_junior,8.8,92.1,50.643,6.53,0.928,0.0961,0.096,1,CONTAMINATION,train,reference
RUN-006600,WO-003300,P02,L03,MCH-014,PRD-023,2026-02-27,26.29,0.9281,0.2,G3_junior,5.0,85.8,53.288,3.112,0.88,0.0434,0.05,0,SOLDER_VOID,train,reference
RUN-003029,WO-001515,P02,L03,MCH-014,PRD-073,2025-11-05,17.45,1.0753,11.8,G1_senior,3.4,87.4,54.607,3.289,0.789,0,0.016,0,SOLDER_VOID,train,reference
RUN-003730,WO-001865,P01,L02,MCH-011,PRD-017,2025-11-28,28.4,1.0827,7.6,G2_mid,4.3,96.3,51.256,2.83,0.784,0.0322,0.025,0,SOLDER_VOID,train,reference
RUN-005101,WO-002551,P01,L01,MCH-006,PRD-046,2026-01-11,13.73,0.9914,3.1,G2_mid,4.6,71.0,49.929,2.874,0.689,0.0785,0.0875,1,SOLDER_VOID,train,reference
RUN-000065,WO-000033,P02,L04,MCH-024,PRD-031,2025-08-03,30.52,0.9753,3.2,G2_mid,7.0,95.9,47.7,2.704,0.706,0.0267,0.056,1,SCRATCH,train,reference
RUN-003397,WO-001699,P03,L06,MCH-031,PRD-048,2025-11-17,20.56,0.9351,1.6,G3_junior,4.6,96.1,52.696,3.665,1.058,0.0409,0.035,0,CONTAMINATION,train,reference
RUN-004058,WO-002029,P03,L06,MCH-033,PRD-073,2025-12-08,21.31,1.064,0,G0_unknown,3.4,87.4,55.386,3.505,0.842,0.0376,0.03,0,SURFACE_DENT,train,reference
RUN-010143,WO-005072,P03,L05,MCH-029,PRD-012,2026-06-21,13.44,0.9766,1.2,G3_junior,2.1,92.1,48.025,5.5,0.699,0.0199,0.005,0,DIMENSION,test,reference
RUN-003438,WO-001719,P03,L06,MCH-036,PRD-059,2025-11-18,29.63,1.0967,8.9,G1_senior,5.9,88.6,65.326,7.486,0.88,0.0161,0.04,0,SOLDER_VOID,train,reference
RUN-003235,WO-001618,P02,L03,MCH-018,PRD-015,2025-11-12,34.47,0.8618,2.8,G3_junior,8.8,92.1,51.721,3.069,0.895,0.1176,0.1,1,DIMENSION,train,reference
RUN-002987,WO-001494,P01,L02,MCH-007,PRD-039,2025-11-04,31.46,0.9266,11.8,G1_senior,5.6,96.1,54.343,3.58,1.074,0.0385,0.03,0,MISSING_PART,train,reference
RUN-006466,WO-003233,P03,L05,MCH-025,PRD-021,2026-02-23,24.17,1.0119,7.2,G2_mid,3.0,95.9,62.865,13.388,0.713,0.0036,0.02,0,MISSING_PART,train,reference
RUN-007794,WO-003897,P03,L05,MCH-026,PRD-049,2026-04-06,35.03,1.1767,4.6,G2_mid,10,82.7,54.64,3.352,0.825,0.1624,0.155,1,DIMENSION,validation,reference
RUN-007651,WO-003826,P03,L06,MCH-033,PRD-017,2026-04-01,15.37,0.8915,0.2,G3_junior,4.3,96.3,53.115,3.669,0.658,0.0529,0.04,0,MISSING_PART,validation,reference
RUN-007324,WO-003662,P03,L05,MCH-026,PRD-009,2026-03-22,23.03,0.885,10.6,G1_senior,5.0,76.8,53.658,3.621,0.862,0.0456,0.04,0,SURFACE_DENT,train,reference
RUN-000934,WO-000467,P03,L06,MCH-033,PRD-071,2025-08-30,23.98,0.992,0.7,G3_junior,6.2,84.7,51.106,3.123,0.94,0.0927,0.07,1,SURFACE_DENT,train,reference
RUN-009190,WO-004595,P02,L04,MCH-020,PRD-021,2026-05-21,37.01,0.9377,2.2,G3_junior,3.0,95.9,50.851,3.018,0.977,0.0667,0.02,0,SOLDER_VOID,test,reference
RUN-000543,WO-000272,P03,L05,MCH-028,PRD-079,2025-08-18,18.77,0.8666,10.6,G1_senior,3.3,71.4,55.121,3.704,0.648,0.0059,0.02,0,DIMENSION,train,reference
RUN-007384,WO-003692,P02,L04,MCH-023,PRD-002,2026-03-24,18.07,1.0298,4.7,G2_mid,5.3,88.0,52.055,2.683,0.764,0.086,0.04,0,SCRATCH,train,reference
RUN-006443,WO-003222,P01,L01,MCH-003,PRD-052,2026-02-23,20.19,1.0731,1.0,G3_junior,7.2,82.7,52.94,3.117,0.855,0.0309,0.1,1,DIMENSION,train,reference
RUN-007151,WO-003576,P02,L03,MCH-013,PRD-077,2026-03-17,23.08,1.0459,9.4,G1_senior,1.7,96.1,47.946,3.617,0.922,0.0247,0.0,0,NONE,train,reference
RUN-003969,WO-001985,P02,L04,MCH-021,PRD-066,2025-12-05,27.15,1.103,4.6,G2_mid,7.6,88.6,49.621,12.883,1.027,0.0954,0.07,1,SOLDER_VOID,train,reference
RUN-002770,WO-001385,P01,L01,MCH-006,PRD-023,2025-10-28,21.26,0.9969,0.2,G3_junior,5.0,85.8,49.839,3.298,0.652,0.0493,0.075,1,SURFACE_DENT,train,reference
RUN-001513,WO-000757,P01,L02,MCH-010,PRD-004,2025-09-18,15.62,1.0631,1.2,G3_junior,3.9,95.9,51.975,3.645,0.909,0,0.04,0,DIMENSION,train,reference
RUN-009587,WO-004794,P02,L03,MCH-017,PRD-077,2026-06-03,26.95,1.1255,0.7,G3_junior,1.7,96.1,54.737,3.444,0.964,0.023,0.02,0,SCRATCH,test,reference
RUN-009150,WO-004575,P02,L03,MCH-013,PRD-003,2026-05-20,22.69,1.0833,0.6,G3_junior,4.8,95.9,51.899,3.078,0.985,0,0.02,0,CONTAMINATION,test,reference
RUN-010768,WO-005384,P03,L05,MCH-026,PRD-079,2026-07-10,11.93,0.9192,0.2,G3_junior,3.3,71.4,52.851,3.313,0.635,0.0603,0.032,0,DIMENSION,test,reference
RUN-007934,WO-003967,P02,L04,MCH-022,PRD-002,2026-04-10,27.45,1.0354,0.2,G3_junior,5.3,88.0,51.444,2.97,0.944,0.1052,0.07,1,SURFACE_DENT,validation,reference
RUN-002572,WO-001286,P02,L04,MCH-021,PRD-006,2025-10-21,21.33,1.005,0.2,G3_junior,7.3,92.1,50.598,2.949,0.98,0.0761,0.07,1,SOLDER_VOID,train,reference
RUN-007948,WO-003974,P01,L01,MCH-004,PRD-046,2026-04-11,38.43,1.0581,1.2,G3_junior,4.6,71.0,47.462,2.501,0.725,0.0806,0.08,1,MISSING_PART,validation,reference
RUN-005753,WO-002877,P03,L05,MCH-029,PRD-064,2026-01-31,28.52,1.0339,2.8,G3_junior,4.9,89.9,48.056,2.705,0.631,0.0316,0.025,0,SCRATCH,train,reference
RUN-006468,WO-003234,P03,L05,MCH-029,PRD-040,2026-02-23,39.85,1.1594,2.8,G3_junior,8.4,82.7,56.233,2.983,0.836,0.1413,0.11,1,CONTAMINATION,train,reference
RUN-009357,WO-004679,P01,L01,MCH-002,PRD-078,2026-05-27,19.34,0.8943,18,G1_senior,4.6,84.7,54.981,3.469,1.063,0,0.005,0,DIMENSION,test,reference
RUN-008316,WO-004158,P01,L01,MCH-006,PRD-061,2026-04-23,25.68,0.9177,7.2,G2_mid,4.8,76.8,52.422,3.18,1.0,0.0264,0.04,0,MISSING_PART,validation,reference
RUN-002933,WO-001467,P02,L03,MCH-016,PRD-028,2025-11-02,29.5,1.1856,1.4,G3_junior,6.4,97.0,51.562,2.929,0.827,0.0353,0.032,0,SURFACE_DENT,train,reference
RUN-003364,WO-001682,P03,L06,MCH-032,PRD-062,2025-11-16,25.68,0.9402,4.7,G2_mid,6.8,71.4,49.082,3.276,0.904,0.1274,0.09,1,MISSING_PART,train,reference
RUN-011215,WO-005608,P01,L02,MCH-010,PRD-012,2026-07-26,12.93,0.8305,2.8,G3_junior,2.1,92.1,49.841,2.879,0.792,0,0.0,0,NONE,test,reference
RUN-010323,WO-005162,P03,L06,MCH-033,PRD-059,2026-06-26,29.53,1.1087,0.2,G3_junior,5.9,88.6,53.229,3.409,0.746,0.0101,0.032,0,SCRATCH,test,reference
RUN-001345,WO-000673,P02,L04,MCH-020,PRD-032,2025-09-12,41.16,0.9124,1.0,G3_junior,6.2,96.1,52.955,2.862,0.632,0.0724,0.032,1,SOLDER_VOID,train,reference
RUN-005356,WO-002678,P02,L04,MCH-022,PRD-005,2026-01-19,27.98,1.1705,0.2,G3_junior,5.2,85.8,52.292,3.159,1.006,0,0.0375,0,SURFACE_DENT,train,reference
RUN-001546,WO-000773,P01,L01,MCH-004,PRD-020,2025-09-19,22.11,0.8247,3.3,G2_mid,7.8,84.7,50.697,2.648,0.775,0.0713,0.0875,1,MISSING_PART,train,reference
RUN-005685,WO-002843,P03,L05,MCH-029,PRD-078,2026-01-29,16.42,1.0385,3.3,G2_mid,4.6,84.7,52.935,3.141,0.638,0.0793,0.06,1,SCRATCH,train,reference
RUN-010627,WO-005314,P03,L06,MCH-035,PRD-017,2026-07-06,23.9,1.0086,0.2,G3_junior,4.3,96.3,59.006,4.42,1.071,0,0.0125,0,SOLDER_VOID,test,reference
RUN-007859,WO-003930,P02,L04,MCH-022,PRD-006,2026-04-08,27.42,0.9045,2.8,G3_junior,7.3,92.1,53.205,3.052,0.951,0.0854,0.064,1,SURFACE_DENT,validation,reference
RUN-001252,WO-000626,P03,L06,MCH-034,PRD-066,2025-09-09,27.42,1.1724,1.0,G3_junior,7.6,88.6,49.738,2.912,0.636,0.1242,0.1,1,SOLDER_VOID,train,reference
RUN-008999,WO-004500,P01,L02,MCH-009,PRD-037,2026-05-15,17.4,0.8504,8.9,G1_senior,4.2,88.0,53.661,3.265,0.993,0,0.0,0,NONE,validation,reference
RUN-007020,WO-003510,P03,L06,MCH-032,PRD-056,2026-03-12,14.33,0.8799,4.6,G2_mid,4.3,97.0,53.316,2.893,0.961,0.029,0.01,0,DIMENSION,train,reference
RUN-007186,WO-003593,P02,L03,MCH-018,PRD-019,2026-03-18,24.06,1.1416,3.0,G3_junior,7.2,71.7,50.068,3.279,0.661,0.1384,0.128,1,SOLDER_VOID,train,reference
RUN-007851,WO-003926,P02,L03,MCH-018,PRD-066,2026-04-08,19.44,1.1165,4.7,G2_mid,7.6,88.6,52.193,3.238,0.834,0.0638,0.08,1,SURFACE_DENT,validation,reference
RUN-004666,WO-002333,P01,L01,MCH-006,PRD-014,2025-12-28,18.75,0.8285,6.5,G2_mid,5.0,85.8,47.694,3.78,0.724,0.0175,0.06,1,SCRATCH,train,reference
RUN-010015,WO-005008,P02,L03,MCH-017,PRD-073,2026-06-17,16.18,0.9273,1.0,G3_junior,3.4,87.4,56.518,3.511,0.648,0.0731,0.025,0,SURFACE_DENT,test,reference
RUN-000247,WO-000124,P03,L06,MCH-034,PRD-042,2025-08-08,23.4,0.868,11.2,G1_senior,1.4,89.9,52.112,2.95,0.922,0.0589,0.02,0,SCRATCH,train,reference
RUN-009326,WO-004663,P01,L02,MCH-007,PRD-031,2026-05-26,30.34,0.8689,0.7,G3_junior,7.0,95.9,52.918,3.873,0.714,0.0211,0.05,0,SOLDER_VOID,test,reference
RUN-005205,WO-002603,P01,L02,MCH-010,PRD-064,2026-01-14,21.94,0.9405,0,G0_unknown,4.9,89.9,54.247,2.903,0.928,0.0635,0.024,0,SOLDER_VOID,train,reference
RUN-007292,WO-003646,P02,L03,MCH-013,PRD-002,2026-03-21,37.69,1.0376,2.0,G3_junior,5.3,88.0,48.29,3.33,0.661,0.0156,0.024,0,CONTAMINATION,train,reference
RUN-000102,WO-000051,P03,L06,MCH-031,PRD-016,2025-08-04,19.35,0.978,2.8,G3_junior,4.3,85.8,55.098,3.292,1.013,0.0219,0.01,0,SOLDER_VOID,train,reference
RUN-011080,WO-005540,P03,L05,MCH-029,PRD-019,2026-07-21,20.88,1.1714,2.1,G3_junior,7.2,71.7,51.518,3.024,0.698,0.1305,0.128,1,MISSING_PART,test,reference
RUN-007291,WO-003646,P02,L03,MCH-015,PRD-002,2026-03-21,33.89,0.9135,4.8,G2_mid,5.3,88.0,48.105,10.526,1.01,0,0.02,0,MISSING_PART,train,reference
RUN-011365,WO-005683,P03,L05,MCH-025,PRD-078,2026-07-30,19.07,1.1785,11.2,G1_senior,4.6,84.7,54.131,3.265,1.025,0.0487,0.02,0,SCRATCH,test,reference
RUN-001591,WO-000796,P02,L04,MCH-020,PRD-072,2025-09-20,31.89,1.1156,1.0,G3_junior,4.1,84.7,48.146,2.636,0.835,0.0711,0.0375,0,SCRATCH,train,reference
RUN-008274,WO-004137,P03,L06,MCH-036,PRD-064,2026-04-21,28.12,1.1545,3.3,G2_mid,4.9,89.9,51.422,2.963,1.031,0.0044,0.0375,0,MISSING_PART,validation,reference
RUN-005398,WO-002699,P03,L05,MCH-029,PRD-075,2026-01-20,18.43,0.9252,0.8,G3_junior,6.8,96.3,50.008,3.013,0.809,0,0.04,0,SOLDER_VOID,train,reference
RUN-005661,WO-002831,P01,L01,MCH-005,PRD-023,2026-01-29,22.53,1.1392,0.8,G3_junior,5.0,85.8,51.904,3.164,0.937,0.0422,0.05,0,SCRATCH,train,reference
RUN-009733,WO-004867,P01,L02,MCH-012,PRD-005,2026-06-08,25.19,1.054,2.2,G3_junior,5.2,85.8,55.716,3.284,1.067,0.0619,0.0375,0,CONTAMINATION,test,reference
RUN-002612,WO-001306,P03,L05,MCH-028,PRD-009,2025-10-22,29.9,0.9984,2.8,G3_junior,5.0,76.8,53.703,2.934,0.872,0.0548,0.075,1,SURFACE_DENT,train,reference
RUN-000318,WO-000159,P02,L04,MCH-022,PRD-046,2025-08-11,17.28,0.8446,5.8,G2_mid,4.6,71.0,53.383,3.351,1.011,0.0593,0.05,0,SURFACE_DENT,train,reference
RUN-008631,WO-004316,P01,L01,MCH-005,PRD-074,2026-05-04,36.88,1.0108,0,G0_unknown,6.4,95.9,48.609,2.972,0.728,0.0421,0.02,0,SURFACE_DENT,validation,reference
RUN-010494,WO-005247,P01,L02,MCH-008,PRD-030,2026-07-02,30.63,1.0386,2.0,G3_junior,3.6,76.8,49.096,2.647,0.825,0.0477,0.04,0,SOLDER_VOID,test,reference
RUN-006581,WO-003291,P03,L06,MCH-036,PRD-024,2026-02-26,30.69,0.8804,2.3,G3_junior,7.6,85.8,51.119,2.834,0.865,0.0458,0.06,1,CONTAMINATION,train,reference
RUN-008091,WO-004046,P03,L06,MCH-032,PRD-080,2026-04-15,18.78,0.9713,15.7,G1_senior,5.2,84.5,52.465,2.974,0.902,0.0042,0.0125,0,DIMENSION,validation,reference
RUN-006982,WO-003491,P03,L06,MCH-036,PRD-045,2026-03-11,18.64,0.9441,4.6,G2_mid,2.5,97.0,58.686,3.475,0.711,0.0028,0.0,0,NONE,train,reference
RUN-002668,WO-001334,P01,L02,MCH-008,PRD-017,2025-10-24,25.91,0.9602,1.0,G3_junior,4.3,96.3,52.752,2.484,0.916,0.0482,0.04,0,DIMENSION,train,reference
RUN-005256,WO-002628,P03,L05,MCH-027,PRD-044,2026-01-15,27.38,0.9004,8.2,G1_senior,4.1,88.0,50.424,3.346,0.721,0.0232,0.04,0,SOLDER_VOID,train,reference
RUN-007518,WO-003759,P02,L03,MCH-017,PRD-075,2026-03-28,30.86,0.8597,5.7,G2_mid,6.8,96.3,50.719,3.095,0.725,0.0344,0.04,0,SCRATCH,validation,reference
RUN-004918,WO-002459,P02,L04,MCH-022,PRD-046,2026-01-05,27.99,1.1071,1.0,G3_junior,4.6,71.0,52.939,2.88,0.965,0.0869,0.08,1,NONE,train,reference
RUN-006802,WO-003401,P03,L06,MCH-031,PRD-035,2026-03-05,26.27,1.1834,1.3,G3_junior,4.3,84.7,53.292,3.649,0.735,0.0302,0.048,0,SOLDER_VOID,train,reference
RUN-008415,WO-004208,P02,L04,MCH-020,PRD-032,2026-04-26,25.85,1.1783,11.8,G1_senior,6.2,96.1,47.205,2.859,0.994,0.067,0.06,1,MISSING_PART,validation,reference
RUN-005020,WO-002510,P02,L03,MCH-014,PRD-012,2026-01-08,21.27,1.1482,7.1,G2_mid,2.1,92.1,54.65,3.038,0.745,0.012,0.02,0,SCRATCH,train,reference
RUN-007246,WO-003623,P01,L01,MCH-002,PRD-029,2026-03-20,29.32,1.1361,2.3,G3_junior,6.6,87.0,50.784,3.077,0.985,0.0721,0.08,1,SURFACE_DENT,train,reference
RUN-009602,WO-004801,P03,L06,MCH-034,PRD-035,2026-06-03,28.29,0.9191,11.5,G1_senior,4.3,84.7,48.682,3.157,1.028,0.0382,0.03,0,SCRATCH,test,reference
RUN-003918,WO-001959,P01,L01,MCH-003,PRD-008,2025-12-04,22.96,0.905,4.8,G2_mid,3.4,84.5,53.421,2.924,0.902,0.0274,0.0,0,NONE,train,reference
RUN-005436,WO-002718,P03,L05,MCH-027,PRD-063,2026-01-21,11.26,1.0488,1.7,G3_junior,5.7,84.5,51.135,3.135,0.844,0.063,0.035,0,DIMENSION,train,reference
RUN-002719,WO-001360,P02,L03,MCH-015,PRD-042,2025-10-26,17.56,0.9433,0.2,G3_junior,1.4,89.9,47.863,3.15,0.924,0.0566,0.025,0,SURFACE_DENT,train,reference
RUN-010204,WO-005102,P02,L04,MCH-021,PRD-006,2026-06-23,23.45,1.1133,2.8,G3_junior,7.3,92.1,50.52,3.18,0.684,0.0124,0.056,1,CONTAMINATION,test,reference
RUN-009936,WO-004968,P01,L01,MCH-002,PRD-032,2026-06-15,32.55,0.9385,1.0,G3_junior,6.2,96.1,53.623,3.052,0.716,0.0681,0.06,1,CONTAMINATION,test,reference
RUN-010104,WO-005052,P03,L05,MCH-025,PRD-019,2026-06-19,31.28,0.9424,2.2,G3_junior,7.2,71.7,53.181,3.413,1.041,0.0838,0.12,1,SOLDER_VOID,test,reference
RUN-005673,WO-002837,P02,L03,MCH-014,PRD-070,2026-01-29,18.83,0.869,2.8,G3_junior,3.9,87.4,52.629,3.208,0.779,0.0533,0.048,0,SOLDER_VOID,train,reference
RUN-005634,WO-002817,P01,L02,MCH-011,PRD-024,2026-01-28,35.98,0.9773,2.9,G3_junior,7.6,85.8,52.181,2.807,0.667,0.0949,0.088,1,SURFACE_DENT,train,reference
RUN-002433,WO-001217,P01,L01,MCH-003,PRD-013,2025-10-17,16.48,0.8213,2.1,G3_junior,4.9,95.9,52.232,3.562,0.876,0.0104,0.04,0,DIMENSION,train,reference
RUN-005989,WO-002995,P02,L04,MCH-019,PRD-072,2026-02-08,25.84,0.9966,1.0,G3_junior,4.1,84.7,48.374,2.996,1.016,0.0647,0.05,0,SOLDER_VOID,train,reference
RUN-009250,WO-004625,P01,L02,MCH-007,PRD-061,2026-05-23,19.69,1.0751,5.7,G2_mid,4.8,76.8,50.335,3.547,0.854,0.0405,0.055,1,SOLDER_VOID,test,reference
RUN-007211,WO-003606,P01,L01,MCH-006,PRD-009,2026-03-19,20.87,0.8801,0.7,G3_junior,5.0,76.8,51.127,2.894,0.892,0.11,0.065,1,SCRATCH,train,reference
RUN-003033,WO-001517,P02,L04,MCH-024,PRD-029,2025-11-05,18.04,0.8293,1.2,G3_junior,6.6,87.0,50.467,2.961,0.623,0.0799,0.065,1,SCRATCH,train,reference
RUN-001262,WO-000631,P01,L02,MCH-012,PRD-071,2025-09-10,36.12,1.1224,1.0,G3_junior,6.2,84.7,53.791,3.661,0.858,0.0598,0.0625,1,MISSING_PART,train,reference
RUN-002253,WO-001127,P01,L02,MCH-007,PRD-004,2025-10-11,31.95,1.0264,0.8,G3_junior,3.9,95.9,48.442,3.647,0.804,0.0647,0.035,0,SURFACE_DENT,train,reference
RUN-004929,WO-002465,P03,L06,MCH-033,PRD-040,2026-01-05,30.77,1.0559,3.2,G2_mid,8.4,82.7,57.281,3.425,0.782,0.1405,0.105,1,DIMENSION,train,reference
RUN-009971,WO-004986,P01,L01,MCH-002,PRD-025,2026-06-16,29.81,0.9071,2.1,G3_junior,3.5,87.0,51.207,3.346,0.763,0.0259,0.02,0,SOLDER_VOID,test,reference
RUN-007610,WO-003805,P03,L05,MCH-026,PRD-013,2026-03-31,24.43,0.8341,0.7,G3_junior,4.9,95.9,66.514,6.854,0.684,0.0957,0.048,0,SURFACE_DENT,validation,reference
RUN-003287,WO-001644,P03,L05,MCH-027,PRD-025,2025-11-13,18.55,0.872,0.6,G3_junior,3.5,87.0,51.09,3.336,1.094,0.0309,0.04,0,MISSING_PART,train,reference
RUN-003244,WO-001622,P02,L04,MCH-021,PRD-059,2025-11-12,16.26,1.0094,1.3,G3_junior,5.9,88.6,54.815,3.825,0.958,0.0762,0.07,1,SOLDER_VOID,train,reference
RUN-010742,WO-005371,P01,L01,MCH-005,PRD-072,2026-07-10,29.28,0.8205,3.3,G2_mid,4.1,84.7,52.673,2.754,0.667,0.0266,0.01,0,SOLDER_VOID,test,reference
RUN-008458,WO-004229,P03,L06,MCH-033,PRD-006,2026-04-27,35.21,1.0884,1.4,G3_junior,7.3,92.1,53.533,2.918,1.08,0.0578,0.04,0,MISSING_PART,validation,reference
RUN-006373,WO-003187,P01,L01,MCH-006,PRD-029,2026-02-20,27.65,0.8197,1.3,G3_junior,6.6,87.0,54.821,3.046,1.098,0.076,0.065,1,SURFACE_DENT,train,reference
RUN-007665,WO-003833,P01,L02,MCH-012,PRD-060,2026-04-02,30.18,1.0892,2.3,G3_junior,6.7,84.7,61.643,5.451,1.013,0.0592,0.064,1,SOLDER_VOID,validation,reference
RUN-008909,WO-004455,P03,L05,MCH-026,PRD-062,2026-05-12,25.46,0.8278,2.0,G3_junior,6.8,71.4,55.865,3.662,0.714,0.137,0.11,1,SOLDER_VOID,validation,reference
RUN-001477,WO-000739,P01,L02,MCH-011,PRD-024,2025-09-17,30.98,0.9705,2.3,G3_junior,7.6,85.8,52.025,3.315,0.735,0.079,0.09,1,SCRATCH,train,reference
RUN-008413,WO-004207,P02,L04,MCH-022,PRD-042,2026-04-26,21.14,0.8768,2.9,G3_junior,1.4,89.9,53.023,2.998,0.722,0.0104,0.0125,0,SURFACE_DENT,validation,reference
RUN-007534,WO-003767,P01,L02,MCH-008,PRD-024,2026-03-29,29.88,0.8239,2.7,G3_junior,7.6,85.8,45.268,3.425,0.798,0.0967,0.08,1,DIMENSION,validation,reference
RUN-008894,WO-004447,P02,L03,MCH-013,PRD-037,2026-05-12,16.47,0.96,0.7,G3_junior,4.2,88.0,51.553,3.411,0.724,0.0039,0.025,0,NONE,validation,reference
RUN-003548,WO-001774,P01,L01,MCH-002,PRD-052,2025-11-22,23.91,0.9746,2.6,G3_junior,7.2,82.7,53.455,3.348,1.061,0.0921,0.096,1,DIMENSION,train,reference
RUN-008165,WO-004083,P01,L01,MCH-003,PRD-051,2026-04-18,28.07,1.0509,2.9,G3_junior,6.9,96.1,46.355,3.125,0.831,0.0547,0.05,0,MISSING_PART,validation,reference
RUN-006681,WO-003341,P02,L04,MCH-020,PRD-051,2026-03-02,20.22,0.967,1.2,G3_junior,6.9,96.1,50.621,2.74,0.938,0.0494,0.024,0,CONTAMINATION,train,reference
RUN-001933,WO-000967,P01,L02,MCH-007,PRD-005,2025-10-01,30.75,0.8957,15.7,G1_senior,5.2,85.8,55.04,3.464,0.831,0.0551,0.048,0,SURFACE_DENT,train,reference
RUN-011370,WO-005685,P03,L06,MCH-034,PRD-071,2026-07-30,28.08,1.0411,2.7,G3_junior,6.2,84.7,50.151,3.184,1.082,0.0808,0.085,1,CONTAMINATION,test,reference
RUN-001464,WO-000732,P03,L06,MCH-032,PRD-073,2025-09-16,16.21,0.9413,1.6,G3_junior,3.4,87.4,52.214,3.287,0.633,0.0864,0.05,0,SOLDER_VOID,train,reference
RUN-010979,WO-005490,P03,L05,MCH-026,PRD-039,2026-07-17,27.14,0.8499,7.6,G2_mid,5.6,96.1,54.732,3.43,1.005,0.0149,0.024,0,DIMENSION,test,reference
RUN-001373,WO-000687,P02,L03,MCH-016,PRD-057,2025-09-13,25.68,1.073,2.8,G3_junior,5.6,88.6,50.121,3.193,1.076,0,0.045,0,SCRATCH,train,reference
RUN-001158,WO-000579,P01,L01,MCH-005,PRD-068,2025-09-07,25.31,1.1242,0,G0_unknown,2.3,71.0,43.445,2.503,0.822,0.0844,0.06,1,SCRATCH,train,reference
RUN-010683,WO-005342,P02,L03,MCH-015,PRD-037,2026-07-08,14.12,1.0268,8.2,G1_senior,4.2,88.0,50.455,3.058,0.861,0,0.01,0,CONTAMINATION,test,reference
RUN-006519,WO-003260,P01,L02,MCH-012,PRD-001,2026-02-25,25.48,1.1383,7.6,G2_mid,8.2,89.9,56.399,3.683,0.977,0.09,0.08,1,SURFACE_DENT,train,reference
RUN-007510,WO-003755,P01,L01,MCH-001,PRD-037,2026-03-28,20.24,1.1148,0.2,G3_junior,4.2,88.0,62.783,7.266,0.976,0.0032,0.025,0,DIMENSION,validation,reference
RUN-000853,WO-000427,P01,L02,MCH-012,PRD-063,2025-08-28,11.99,1.1238,11.5,G1_senior,5.7,84.5,57.446,3.65,0.787,0.0456,0.025,0,MISSING_PART,train,reference
RUN-011306,WO-005653,P01,L01,MCH-002,PRD-009,2026-07-29,40.77,0.982,2.3,G3_junior,5.0,76.8,54.26,3.313,0.85,0.1031,0.08,1,DIMENSION,test,reference
RUN-007256,WO-003628,P01,L02,MCH-007,PRD-037,2026-03-20,23.55,0.8909,3.4,G2_mid,4.2,88.0,54.932,3.674,0.974,0.0315,0.0375,0,NONE,train,reference
RUN-007501,WO-003751,P03,L05,MCH-029,PRD-062,2026-03-27,22.45,1.1206,1.7,G3_junior,6.8,71.4,50.851,3.261,0.812,0.1461,0.1,1,SOLDER_VOID,validation,reference
RUN-011218,WO-005609,P01,L02,MCH-012,PRD-045,2026-07-26,23.48,1.1857,2.0,G3_junior,2.5,97.0,53.978,3.688,1.031,0,0.0,0,NONE,test,reference
RUN-003967,WO-001984,P02,L04,MCH-020,PRD-066,2025-12-05,21.0,0.9785,0.2,G3_junior,7.6,88.6,48.934,2.802,0.692,0.062,0.07,1,SOLDER_VOID,train,reference
RUN-004759,WO-002380,P01,L01,MCH-006,PRD-059,2025-12-31,17.94,0.881,0.2,G3_junior,5.9,88.6,52.923,2.961,0.64,0.1028,0.065,1,SCRATCH,train,reference
RUN-007001,WO-003501,P02,L03,MCH-015,PRD-058,2026-03-12,28.45,0.9575,3.0,G3_junior,8.8,71.4,51.183,3.197,0.666,0.1123,0.12,1,MISSING_PART,train,reference
RUN-006332,WO-003166,P03,L06,MCH-034,PRD-042,2026-02-18,28.34,1.0424,0,G0_unknown,1.4,89.9,55.011,3.238,0.98,0,0.0,0,NONE,train,reference
RUN-010362,WO-005181,P02,L04,MCH-019,PRD-048,2026-06-28,21.25,0.9534,2.3,G3_junior,4.6,96.1,48.54,3.131,1.099,0.0236,0.03,0,SURFACE_DENT,test,reference
RUN-007970,WO-003985,P01,L02,MCH-007,PRD-012,2026-04-12,22.79,0.982,0.2,G3_junior,2.1,92.1,50.882,3.247,1.036,0,0.0,0,NONE,validation,reference
RUN-001375,WO-000688,P02,L03,MCH-018,PRD-058,2025-09-13,31.54,0.9407,0.7,G3_junior,8.8,71.4,61.789,6.256,0.96,0.1224,0.13,1,CONTAMINATION,train,reference
RUN-009728,WO-004864,P01,L01,MCH-002,PRD-064,2026-06-08,28.28,0.9917,2.7,G3_junior,4.9,89.9,54.751,3.282,0.797,0.0403,0.04,0,SCRATCH,test,reference
RUN-001231,WO-000616,P02,L03,MCH-016,PRD-050,2025-09-09,40.61,1.1006,18,G1_senior,5.5,88.6,52.589,3.05,0.725,0.016,0.015,0,NONE,train,reference
RUN-007398,WO-003699,P03,L06,MCH-034,PRD-012,2026-03-24,19.27,0.9439,0.5,G3_junior,2.1,92.1,47.891,2.586,0.663,0.0178,0.0,0,NONE,train,reference
RUN-010351,WO-005176,P01,L01,MCH-006,PRD-080,2026-06-28,21.86,1.1302,7.2,G2_mid,5.2,84.5,49.91,2.988,0.67,0.0243,0.02,0,DIMENSION,test,reference
RUN-007074,WO-003537,P03,L05,MCH-026,PRD-043,2026-03-14,27.01,1.0804,0.2,G3_junior,4.2,84.5,49.663,3.074,0.713,0.0505,0.0375,1,SCRATCH,train,reference
RUN-005081,WO-002541,P02,L03,MCH-017,PRD-045,2026-01-10,12.9,1.1638,0.6,G3_junior,2.5,97.0,51.269,3.809,0.804,0.0248,0.008,0,SOLDER_VOID,train,reference
RUN-003983,WO-001992,P03,L06,MCH-034,PRD-003,2025-12-05,19.75,0.822,2.8,G3_junior,4.8,95.9,50.071,2.563,1.015,0.0198,0.02,0,CONTAMINATION,train,reference
RUN-001223,WO-000612,P01,L01,MCH-001,PRD-079,2025-09-09,20.84,1.1583,6.5,G2_mid,3.3,71.4,53.416,3.354,1.063,0.0555,0.075,1,SURFACE_DENT,train,reference
RUN-005458,WO-002729,P02,L03,MCH-018,PRD-069,2026-01-22,30.68,0.9053,3.4,G2_mid,10,88.6,51.474,2.871,1.065,0.1487,0.12,1,DIMENSION,train,reference
RUN-007800,WO-003900,P03,L06,MCH-032,PRD-054,2026-04-06,27.18,0.9264,1.7,G3_junior,6.3,71.4,55.831,2.922,0.621,0.0852,0.11,1,SCRATCH,validation,reference
RUN-002250,WO-001125,P01,L01,MCH-001,PRD-029,2025-10-11,28.7,0.9653,0.6,G3_junior,6.6,87.0,51.302,3.334,0.987,0.0417,0.05,0,DIMENSION,train,reference
RUN-006574,WO-003287,P03,L05,MCH-029,PRD-033,2026-02-26,27.77,0.9021,0.2,G3_junior,4.7,88.0,52.578,2.786,0.978,0.0034,0.04,0,MISSING_PART,train,reference
RUN-007896,WO-003948,P02,L04,MCH-024,PRD-037,2026-04-09,19.39,1.0765,7.6,G2_mid,4.2,88.0,51.48,2.795,0.679,0.0342,0.04,0,MISSING_PART,validation,reference
RUN-010255,WO-005128,P01,L01,MCH-001,PRD-028,2026-06-25,32.04,0.8391,0.6,G3_junior,6.4,97.0,51.967,3.995,0.725,0.0662,0.045,0,DIMENSION,test,reference
RUN-000216,WO-000108,P01,L01,MCH-006,PRD-031,2025-08-08,24.01,0.9835,1.3,G3_junior,7.0,95.9,53.01,2.806,1.002,0.0243,0.06,1,DIMENSION,train,reference
RUN-011196,WO-005598,P03,L06,MCH-036,PRD-051,2026-07-24,39.79,0.9728,2.2,G3_junior,6.9,96.1,51.314,2.968,0.64,0.0279,0.04,0,CONTAMINATION,test,reference
RUN-009476,WO-004738,P03,L05,MCH-026,PRD-049,2026-05-30,31.4,0.8719,2.2,G3_junior,10,82.7,51.721,7.333,0.764,0.1005,0.1,1,SOLDER_VOID,test,reference
RUN-007629,WO-003815,P01,L02,MCH-008,PRD-024,2026-04-01,26.14,1.091,1.7,G3_junior,7.6,85.8,49.398,2.749,0.679,0.0487,0.1,1,MISSING_PART,validation,reference
RUN-009407,WO-004704,P02,L04,MCH-022,PRD-046,2026-05-28,27.05,1.175,0,G0_unknown,4.6,71.0,54.306,3.032,1.043,0.1129,0.104,1,CONTAMINATION,test,reference
RUN-003810,WO-001905,P01,L01,MCH-003,PRD-077,2025-12-01,16.59,1.0982,1.7,G3_junior,1.7,96.1,50.464,3.472,0.941,0.0034,0.0125,0,CONTAMINATION,train,reference
RUN-000186,WO-000093,P01,L02,MCH-009,PRD-064,2025-08-07,14.25,1.1375,2.0,G3_junior,4.9,89.9,55.574,3.452,0.622,0.0251,0.056,1,MISSING_PART,train,reference
RUN-010316,WO-005158,P03,L05,MCH-025,PRD-002,2026-06-26,21.32,1.2048,2.1,G3_junior,5.3,88.0,52.131,3.406,1.089,0.0004,0.05,0,DIMENSION,test,reference
RUN-008597,WO-004299,P03,L06,MCH-036,PRD-017,2026-05-01,23.95,0.9738,1.6,G3_junior,4.3,96.3,51.669,3.155,1.091,0.0518,0.02,0,DIMENSION,validation,reference
RUN-002546,WO-001273,P03,L06,MCH-036,PRD-058,2025-10-20,25.31,1.1098,10.6,G1_senior,8.8,71.4,57.063,3.058,1.091,0.1422,0.14,1,SOLDER_VOID,train,reference
RUN-009485,WO-004743,P01,L02,MCH-012,PRD-022,2026-05-31,22.33,1.1474,1.7,G3_junior,4.3,85.8,50.895,3.168,0.87,0.0515,0.024,0,SOLDER_VOID,test,reference
RUN-009439,WO-004720,P02,L03,MCH-017,PRD-066,2026-05-29,23.63,1.0072,0.2,G3_junior,7.6,88.6,50.282,3.777,0.867,0.0763,0.075,1,SOLDER_VOID,test,reference
RUN-008538,WO-004269,P01,L02,MCH-009,PRD-053,2026-04-30,16.37,0.9306,0,G0_unknown,5.6,88.0,53.241,3.283,0.968,0.0855,0.04,0,DIMENSION,validation,reference
RUN-007611,WO-003806,P03,L05,MCH-029,PRD-009,2026-03-31,35.8,0.8944,2.0,G3_junior,5.0,76.8,51.749,2.899,0.712,0.0244,0.06,1,SURFACE_DENT,validation,reference
RUN-005969,WO-002985,P02,L04,MCH-021,PRD-036,2026-02-07,30.7,0.8825,0.5,G3_junior,4.1,87.0,48.65,3.098,0.67,0,0.016,0,SCRATCH,train,reference
RUN-010302,WO-005151,P02,L03,MCH-014,PRD-040,2026-06-26,29.95,1.1418,1.0,G3_junior,8.4,82.7,52.811,3.447,0.685,0.1125,0.11,1,CONTAMINATION,test,reference
RUN-008224,WO-004112,P02,L03,MCH-016,PRD-023,2026-04-20,28.53,1.0889,6.5,G2_mid,5.0,85.8,52.534,3.207,0.645,0.0281,0.032,0,CONTAMINATION,validation,reference
RUN-005074,WO-002537,P03,L06,MCH-035,PRD-006,2026-01-09,28.93,0.8838,5.7,G2_mid,7.3,92.1,52.454,2.902,0.723,0.0515,0.05,0,SURFACE_DENT,train,reference
RUN-000847,WO-000424,P01,L01,MCH-004,PRD-059,2025-08-28,23.89,1.0916,0.2,G3_junior,5.9,88.6,48.64,3.276,0.704,0.045,0.04,0,SURFACE_DENT,train,reference
RUN-008080,WO-004040,P02,L04,MCH-021,PRD-046,2026-04-15,33.39,0.8837,2.9,G3_junior,4.6,71.0,49.892,2.95,1.085,0.0593,0.08,1,SURFACE_DENT,validation,reference
RUN-007225,WO-003613,P02,L03,MCH-013,PRD-015,2026-03-19,17.12,0.8838,7.1,G2_mid,8.8,92.1,53.789,3.078,0.994,0,0.0625,1,CONTAMINATION,train,reference
RUN-006284,WO-003142,P02,L04,MCH-023,PRD-078,2026-02-17,37.77,1.1335,0.2,G3_junior,4.6,84.7,51.713,3.06,0.978,0.0886,0.04,0,SCRATCH,train,reference
RUN-009871,WO-004936,P01,L01,MCH-003,PRD-061,2026-06-12,34.06,1.0286,7.1,G2_mid,4.8,76.8,53.233,3.243,0.802,0.0623,0.07,1,SURFACE_DENT,test,reference
RUN-007308,WO-003654,P01,L02,MCH-011,PRD-024,2026-03-22,29.19,1.0185,0.7,G3_junior,7.6,85.8,48.133,3.132,0.643,0.1193,0.09,1,SURFACE_DENT,train,reference
RUN-005771,WO-002886,P02,L04,MCH-020,PRD-032,2026-02-01,30.46,1.0653,4.7,G2_mid,6.2,96.1,48.286,3.21,1.055,0.038,0.03,1,MISSING_PART,train,reference
RUN-000987,WO-000494,P03,L05,MCH-028,PRD-073,2025-09-01,19.44,1.0307,5.7,G2_mid,3.4,87.4,53.765,3.425,1.012,0,0.02,0,SCRATCH,train,reference
RUN-007399,WO-003700,P03,L06,MCH-034,PRD-012,2026-03-24,22.1,1.0599,2.8,G3_junior,2.1,92.1,47.891,2.586,0.785,0.0476,0.02,0,CONTAMINATION,train,reference
RUN-007416,WO-003708,P02,L03,MCH-015,PRD-075,2026-03-25,22.45,1.1541,0,G0_unknown,6.8,96.3,51.768,2.678,0.782,0.0961,0.075,1,SOLDER_VOID,train,reference
RUN-000057,WO-000029,P01,L02,MCH-011,PRD-020,2025-08-03,31.45,0.9306,2.3,G3_junior,7.8,84.7,48.574,2.972,0.784,0.0963,0.1,1,SCRATCH,train,reference
RUN-010387,WO-005194,P02,L03,MCH-015,PRD-040,2026-06-29,11.99,0.8452,1.4,G3_junior,8.4,82.7,52.723,2.989,0.719,0.0899,0.105,1,MISSING_PART,test,reference
RUN-007158,WO-003579,P02,L04,MCH-024,PRD-048,2026-03-17,26.26,0.9309,0,G0_unknown,4.6,96.1,51.05,3.072,1.018,0,0.0,0,NONE,train,reference
RUN-004154,WO-002077,P02,L04,MCH-020,PRD-010,2025-12-11,21.67,0.8798,1.7,G3_junior,6.9,97.0,51.981,3.283,0.824,0.0672,0.0375,0,MISSING_PART,train,reference
RUN-003486,WO-001743,P01,L02,MCH-009,PRD-053,2025-11-20,34.23,1.144,3.0,G3_junior,5.6,88.0,54.185,6.455,0.95,0.0611,0.04,0,MISSING_PART,train,reference
RUN-008745,WO-004373,P01,L02,MCH-007,PRD-017,2026-05-07,32.81,0.85,0.7,G3_junior,4.3,96.3,51.853,3.098,0.844,0.0261,0.03,0,SOLDER_VOID,validation,reference
RUN-002587,WO-001294,P01,L01,MCH-005,PRD-008,2025-10-22,22.14,1.0686,1.6,G3_junior,3.4,84.5,52.746,3.132,0.706,0.0298,0.04,0,MISSING_PART,train,reference
RUN-009290,WO-004645,P01,L02,MCH-009,PRD-063,2026-05-25,35.22,1.0014,0.8,G3_junior,5.7,84.5,61.92,5.172,0.911,0.0759,0.06,1,SURFACE_DENT,test,reference
RUN-010855,WO-005428,P01,L02,MCH-007,PRD-005,2026-07-14,25.35,0.9036,11.8,G1_senior,5.2,85.8,55.541,3.41,0.785,0.0371,0.04,0,DIMENSION,test,reference
RUN-000400,WO-000200,P03,L05,MCH-029,PRD-002,2025-08-13,33.6,0.9001,2.3,G3_junior,5.3,88.0,51.722,2.887,0.88,0.0525,0.04,0,CONTAMINATION,train,reference
RUN-005265,WO-002633,P03,L06,MCH-035,PRD-080,2026-01-15,26.97,0.9302,1.2,G3_junior,5.2,84.5,55.005,4.737,0.862,0.0398,0.0375,0,SOLDER_VOID,train,reference
RUN-009601,WO-004801,P03,L06,MCH-033,PRD-035,2026-06-03,26.19,1.0481,10.6,G1_senior,4.3,84.7,54.637,3.776,0.845,0.0176,0.03,0,SCRATCH,test,reference
RUN-002048,WO-001024,P01,L02,MCH-008,PRD-020,2025-10-05,20.88,1.0983,2.9,G3_junior,7.8,84.7,50.776,3.192,0.763,0.0901,0.07,1,SOLDER_VOID,train,reference
RUN-007756,WO-003878,P02,L03,MCH-018,PRD-043,2026-04-05,18.22,0.9544,4.6,G2_mid,4.2,84.5,47.646,3.017,0.71,0.0818,0.03,0,MISSING_PART,validation,reference
RUN-004360,WO-002180,P02,L03,MCH-017,PRD-045,2025-12-18,25.81,1.1595,2.8,G3_junior,2.5,97.0,51.37,3.106,0.634,0,0.016,0,MISSING_PART,train,reference
RUN-003095,WO-001548,P01,L02,MCH-009,PRD-022,2025-11-07,24.0,0.8603,2.8,G3_junior,4.3,85.8,52.834,3.342,0.934,0,0.025,0,SOLDER_VOID,train,reference
RUN-005230,WO-002615,P03,L06,MCH-032,PRD-073,2026-01-14,15.84,1.0513,4.6,G2_mid,3.4,87.4,54.038,3.582,0.726,0.0421,0.016,0,SCRATCH,train,reference
RUN-010111,WO-005056,P01,L01,MCH-001,PRD-020,2026-06-20,30.01,1.1031,1.0,G3_junior,7.8,84.7,50.841,3.223,0.888,0.111,0.112,1,MISSING_PART,test,reference
RUN-001286,WO-000643,P03,L06,MCH-034,PRD-061,2025-09-10,24.77,1.2222,2.8,G3_junior,4.8,76.8,48.461,2.403,0.919,0.0548,0.06,1,SOLDER_VOID,train,reference
RUN-009457,WO-004729,P03,L06,MCH-032,PRD-006,2026-05-29,29.4,0.9045,1.7,G3_junior,7.3,92.1,54.177,3.01,0.687,0.0832,0.07,1,DIMENSION,test,reference
RUN-004133,WO-002067,P01,L01,MCH-002,PRD-050,2025-12-11,22.35,1.0149,7.2,G2_mid,5.5,88.6,54.337,2.946,0.878,0.0211,0.03,0,SURFACE_DENT,train,reference
RUN-010059,WO-005030,P02,L04,MCH-023,PRD-042,2026-06-18,12.33,1.166,1.0,G3_junior,1.4,89.9,48.477,2.873,0.876,0.0392,0.024,0,MISSING_PART,test,reference
RUN-011290,WO-005645,P02,L04,MCH-021,PRD-017,2026-07-28,22.49,1.0917,4.6,G2_mid,4.3,96.3,51.943,3.206,1.028,0.0099,0.02,0,SURFACE_DENT,test,reference
RUN-002777,WO-001389,P01,L02,MCH-010,PRD-029,2025-10-28,30.33,0.8925,0.6,G3_junior,6.6,87.0,56.841,3.53,0.768,0.0809,0.08,1,SCRATCH,train,reference
RUN-008700,WO-004350,P03,L06,MCH-036,PRD-066,2026-05-05,22.53,0.8859,11.2,G1_senior,7.6,88.6,55.288,3.198,1.044,0.0204,0.048,0,SCRATCH,validation,reference
RUN-011360,WO-005680,P02,L04,MCH-020,PRD-036,2026-07-30,20.43,0.9308,4.8,G2_mid,4.1,87.0,50.489,2.668,0.971,0.0187,0.02,0,CONTAMINATION,test,reference
RUN-005806,WO-002903,P03,L05,MCH-027,PRD-007,2026-02-02,35.38,0.89,2.3,G3_junior,3.9,88.0,54.438,3.471,0.811,0.0575,0.032,0,SCRATCH,train,reference
RUN-006049,WO-003025,P01,L02,MCH-008,PRD-061,2026-02-10,23.09,0.963,0.2,G3_junior,4.8,76.8,53.856,2.767,0.815,0.0508,0.06,1,DIMENSION,train,reference
RUN-008826,WO-004413,P03,L06,MCH-034,PRD-062,2026-05-09,28.21,0.8691,0.8,G3_junior,6.8,71.4,49.28,2.479,0.741,0.0855,0.1,1,SCRATCH,validation,reference
RUN-004975,WO-002488,P01,L01,MCH-001,PRD-059,2026-01-07,34.83,0.9127,1.3,G3_junior,5.9,88.6,52.542,3.202,0.767,0.0632,0.06,1,NONE,train,reference
RUN-005687,WO-002844,P03,L05,MCH-029,PRD-078,2026-01-29,24.56,0.9296,5.8,G2_mid,4.6,84.7,52.935,3.141,0.682,0.068,0.0,0,NONE,train,reference
RUN-007917,WO-003959,P01,L02,MCH-008,PRD-075,2026-04-10,20.58,1.0409,1.3,G3_junior,6.8,96.3,49.028,2.988,0.727,0.0762,0.08,1,NONE,validation,reference
RUN-001168,WO-000584,P02,L03,MCH-016,PRD-043,2025-09-07,18.31,1.1468,6.1,G2_mid,4.2,84.5,50.283,3.526,0.953,0,0.024,0,MISSING_PART,train,reference
RUN-008876,WO-004438,P03,L06,MCH-033,PRD-059,2026-05-11,13.46,0.9966,2.9,G3_junior,5.9,88.6,53.507,3.374,0.891,0.0354,0.0625,1,SOLDER_VOID,validation,reference
RUN-007024,WO-003512,P01,L01,MCH-006,PRD-052,2026-03-13,29.77,0.9587,3.1,G2_mid,7.2,82.7,51.684,3.274,1.094,0.0665,0.085,1,NONE,train,reference
RUN-009369,WO-004685,P02,L03,MCH-014,PRD-042,2026-05-27,20.39,1.099,1.4,G3_junior,1.4,89.9,55.747,3.222,0.791,0.0126,0.03,0,DIMENSION,test,reference
RUN-003564,WO-001782,P02,L04,MCH-021,PRD-052,2025-11-22,21.91,0.8919,7.6,G2_mid,7.2,82.7,45.57,6.459,0.652,0.1168,0.08,1,NONE,train,reference
RUN-007973,WO-003987,P02,L04,MCH-019,PRD-002,2026-04-12,22.8,0.8384,3.3,G2_mid,5.3,88.0,48.879,2.668,0.655,0.0211,0.045,0,SURFACE_DENT,validation,reference
RUN-006401,WO-003201,P03,L05,MCH-030,PRD-049,2026-02-20,30.38,1.106,1.7,G3_junior,10,82.7,52.605,3.252,0.667,0.1258,0.15,1,CONTAMINATION,train,reference
RUN-008300,WO-004150,P02,L04,MCH-024,PRD-024,2026-04-22,20.87,1.1146,4.7,G2_mid,7.6,85.8,50.634,2.968,0.998,0.1093,0.095,1,CONTAMINATION,validation,reference
RUN-006179,WO-003090,P03,L06,MCH-033,PRD-054,2026-02-13,36.37,0.8438,0.6,G3_junior,6.3,71.4,53.371,2.99,0.749,0.1438,0.12,1,DIMENSION,train,reference
RUN-008969,WO-004485,P02,L03,MCH-016,PRD-045,2026-05-14,14.81,1.1289,1.6,G3_junior,2.5,97.0,50.724,3.879,0.79,0.0173,0.01,0,MISSING_PART,validation,reference
RUN-001135,WO-000568,P03,L06,MCH-032,PRD-015,2025-09-05,19.43,1.0772,3.3,G2_mid,8.8,92.1,52.044,3.233,1.029,0.0797,0.065,1,SOLDER_VOID,train,reference
RUN-009157,WO-004579,P02,L04,MCH-022,PRD-029,2026-05-20,26.43,0.9429,0.7,G3_junior,6.6,87.0,51.805,2.985,0.631,0.0912,0.065,1,SOLDER_VOID,test,reference
RUN-009265,WO-004633,P01,L01,MCH-004,PRD-029,2026-05-24,32.03,1.0279,11.5,G1_senior,6.6,87.0,49.099,2.925,1.005,0.0161,0.02,0,DIMENSION,test,reference
RUN-002854,WO-001427,P02,L03,MCH-018,PRD-043,2025-10-30,10.1,0.8256,1.2,G3_junior,4.2,84.5,54.625,3.068,0.791,0.0542,0.04,0,SOLDER_VOID,train,reference
RUN-004525,WO-002263,P03,L05,MCH-025,PRD-022,2025-12-23,26.12,0.9186,6.1,G2_mid,4.3,85.8,54.376,2.953,0.881,0.0162,0.04,0,CONTAMINATION,train,reference
RUN-002829,WO-001415,P03,L05,MCH-029,PRD-071,2025-10-29,39.83,0.8275,2.8,G3_junior,6.2,84.7,50.922,3.248,0.827,0.0685,0.0625,1,SURFACE_DENT,train,reference
RUN-008588,WO-004294,P02,L04,MCH-019,PRD-052,2026-05-01,25.54,1.0628,14.6,G1_senior,7.2,82.7,51.83,3.62,0.723,0.078,0.06,1,SCRATCH,validation,reference
RUN-007405,WO-003703,P01,L01,MCH-002,PRD-078,2026-03-25,20.91,0.9394,6.1,G2_mid,4.6,84.7,50.073,2.878,0.715,0.0044,0.024,0,SOLDER_VOID,train,reference
RUN-007266,WO-003633,P02,L04,MCH-022,PRD-077,2026-03-20,13.0,1.0182,7.6,G2_mid,1.7,96.1,52.799,3.129,0.972,0,0.02,0,SCRATCH,train,reference
RUN-005293,WO-002647,P03,L05,MCH-027,PRD-077,2026-01-16,31.44,1.035,0.7,G3_junior,1.7,96.1,48.975,2.608,1.084,0.02,0.008,0,MISSING_PART,train,reference
RUN-004991,WO-002496,P02,L04,MCH-020,PRD-042,2026-01-07,19.03,0.8783,15.7,G1_senior,1.4,89.9,51.75,3.246,1.004,0.0437,0.0,0,NONE,train,reference
RUN-006304,WO-003152,P01,L01,MCH-006,PRD-044,2026-02-18,19.09,0.9283,3.0,G3_junior,4.1,88.0,51.08,3.868,0.654,0.0473,0.04,0,SURFACE_DENT,train,reference
RUN-002440,WO-001220,P01,L02,MCH-007,PRD-045,2025-10-17,23.14,1.1263,0.2,G3_junior,2.5,97.0,53.375,3.636,0.984,0.0278,0.016,0,DIMENSION,train,reference
RUN-000982,WO-000491,P02,L04,MCH-021,PRD-072,2025-09-01,19.07,0.892,0.2,G3_junior,4.1,84.7,50.731,2.952,0.876,0.0876,0.04,0,SURFACE_DENT,train,reference
RUN-002086,WO-001043,P02,L03,MCH-018,PRD-027,2025-10-06,34.19,1.0541,1.7,G3_junior,7.1,89.9,54.505,3.329,0.648,0.0724,0.07,1,DIMENSION,train,reference
RUN-006658,WO-003329,P03,L06,MCH-031,PRD-037,2026-03-01,32.47,0.9709,0.7,G3_junior,4.2,88.0,51.215,3.076,0.656,0.0437,0.04,0,SOLDER_VOID,train,reference
RUN-001650,WO-000825,P02,L04,MCH-023,PRD-040,2025-09-22,32.53,0.9977,9.4,G1_senior,8.4,82.7,52.66,2.851,0.655,0.0988,0.08,1,DIMENSION,train,reference
RUN-003933,WO-001967,P02,L04,MCH-024,PRD-040,2025-12-04,28.14,1.0552,2.1,G3_junior,8.4,82.7,51.611,3.055,1.079,0.1355,0.104,1,DIMENSION,train,reference
RUN-000594,WO-000297,P01,L01,MCH-002,PRD-025,2025-08-20,12.14,1.0438,1.0,G3_junior,3.5,87.0,54.692,3.302,0.696,0.0388,0.03,0,CONTAMINATION,train,reference
RUN-000314,WO-000157,P02,L03,MCH-014,PRD-048,2025-08-11,31.6,0.9102,1.8,G3_junior,4.6,96.1,55.54,3.421,0.85,0.0537,0.024,0,CONTAMINATION,train,reference
RUN-003469,WO-001735,P03,L06,MCH-031,PRD-035,2025-11-19,31.68,1.0017,3.3,G2_mid,4.3,84.7,57.309,3.597,0.736,0.0517,0.04,0,SCRATCH,train,reference
RUN-002170,WO-001085,P03,L05,MCH-027,PRD-006,2025-10-08,26.68,0.9843,0.7,G3_junior,7.3,92.1,52.286,3.177,0.807,0.0909,0.06,1,SCRATCH,train,reference
RUN-008694,WO-004347,P03,L05,MCH-027,PRD-013,2026-05-05,35.23,0.912,1.4,G3_junior,4.9,95.9,51.035,3.142,0.767,0.0472,0.03,0,CONTAMINATION,validation,reference
RUN-004673,WO-002337,P02,L04,MCH-021,PRD-037,2025-12-28,29.48,1.1194,3.0,G3_junior,4.2,88.0,51.846,3.063,0.79,0.0912,0.04,0,DIMENSION,train,reference
RUN-000037,WO-000019,P01,L01,MCH-006,PRD-009,2025-08-02,21.98,0.8342,1.7,G3_junior,5.0,76.8,49.177,3.229,1.083,0.0726,0.08,1,SURFACE_DENT,train,reference
RUN-000778,WO-000389,P01,L02,MCH-008,PRD-075,2025-08-26,42.96,0.9994,11.2,G1_senior,6.8,96.3,52.428,2.879,0.986,0.0152,0.02,0,SURFACE_DENT,train,reference
RUN-001485,WO-000743,P02,L03,MCH-013,PRD-063,2025-09-17,28.24,0.8211,0.4,G3_junior,5.7,84.5,54.274,3.324,0.851,0.067,0.0625,1,SURFACE_DENT,train,reference
RUN-010069,WO-005035,P03,L06,MCH-033,PRD-006,2026-06-18,26.32,0.9515,1.8,G3_junior,7.3,92.1,53.747,3.087,0.911,0.0761,0.0875,1,SOLDER_VOID,test,reference
RUN-006300,WO-003150,P03,L06,MCH-033,PRD-009,2026-02-17,24.33,0.8232,0,G0_unknown,5.0,76.8,53.363,3.957,0.697,0.07,0.08,1,MISSING_PART,train,reference
RUN-002976,WO-001488,P03,L06,MCH-033,PRD-056,2025-11-03,33.29,1.0763,1.0,G3_junior,4.3,97.0,54.248,3.556,0.775,0.0294,0.0125,0,DIMENSION,train,reference
RUN-009806,WO-004903,P01,L02,MCH-011,PRD-017,2026-06-10,24.33,1.0194,3.3,G2_mid,4.3,96.3,53.129,3.226,0.926,0,0.01,0,CONTAMINATION,test,reference
RUN-000618,WO-000309,P03,L05,MCH-026,PRD-008,2025-08-20,19.77,1.1664,7.0,G2_mid,3.4,84.5,54.839,3.007,1.0,0,0.0,0,NONE,train,reference
RUN-008293,WO-004147,P02,L03,MCH-017,PRD-044,2026-04-22,23.23,0.97,2.0,G3_junior,4.1,88.0,54.378,3.21,1.022,0.0593,0.03,0,DIMENSION,validation,reference
RUN-005257,WO-002629,P03,L05,MCH-026,PRD-044,2026-01-15,19.7,1.0466,1.2,G3_junior,4.1,88.0,51.781,3.062,1.051,0.0814,0.06,1,MISSING_PART,train,reference
RUN-009991,WO-004996,P03,L05,MCH-025,PRD-039,2026-06-16,33.92,1.0487,1.7,G3_junior,5.6,96.1,54.903,3.22,0.703,0.0171,0.04,0,SOLDER_VOID,test,reference
RUN-007773,WO-003887,P01,L02,MCH-012,PRD-031,2026-04-06,27.67,1.0148,1.7,G3_junior,7.0,95.9,71.222,7.822,0.878,0.0762,0.05,0,SURFACE_DENT,validation,reference
RUN-002805,WO-001403,P01,L01,MCH-001,PRD-064,2025-10-29,26.05,1.0227,7.0,G2_mid,4.9,89.9,53.009,8.738,0.921,0.0011,0.0,0,NONE,train,reference
RUN-003733,WO-001867,P01,L02,MCH-012,PRD-017,2025-11-28,25.57,0.9458,4.7,G2_mid,4.3,96.3,57.917,3.63,0.711,0.0065,0.0125,0,DIMENSION,train,reference
RUN-004356,WO-002178,P01,L02,MCH-011,PRD-051,2025-12-18,27.56,0.8258,7.6,G2_mid,6.9,96.1,53.906,3.464,0.789,0.0888,0.05,0,CONTAMINATION,train,reference
RUN-002821,WO-001411,P02,L04,MCH-022,PRD-062,2025-10-29,38.18,0.8474,1.6,G3_junior,6.8,71.4,49.267,2.649,0.944,0.1548,0.125,1,CONTAMINATION,train,reference
RUN-005631,WO-002816,P01,L02,MCH-008,PRD-024,2026-01-28,27.01,1.1634,7.0,G2_mid,7.6,85.8,50.594,2.555,1.009,0.0589,0.08,1,SOLDER_VOID,train,reference
RUN-009203,WO-004602,P03,L06,MCH-032,PRD-043,2026-05-21,20.59,0.9893,1.4,G3_junior,4.2,84.5,50.529,2.98,0.926,0.0614,0.04,0,MISSING_PART,test,reference
RUN-011405,WO-005703,P03,L06,MCH-034,PRD-010,2026-07-31,34.69,1.0828,5.7,G2_mid,6.9,97.0,50.069,2.929,0.979,0,0.02,0,CONTAMINATION,test,reference
RUN-007043,WO-003522,P02,L04,MCH-024,PRD-046,2026-03-13,20.64,0.8837,1.2,G3_junior,4.6,71.0,48.62,3.071,1.045,0.1041,0.0875,1,SCRATCH,train,reference
RUN-009223,WO-004612,P02,L03,MCH-016,PRD-058,2026-05-22,30.11,1.1474,2.0,G3_junior,8.8,71.4,51.842,2.919,0.996,0.1282,0.14,1,DIMENSION,test,reference
RUN-001467,WO-000734,P03,L06,MCH-036,PRD-045,2025-09-16,20.29,1.0786,1.0,G3_junior,2.5,97.0,51.571,3.541,1.089,0.0227,0.01,0,NONE,train,reference
RUN-010583,WO-005292,P02,L03,MCH-017,PRD-070,2026-07-05,16.97,1.1176,0.8,G3_junior,3.9,87.4,48.807,3.909,0.936,0.0158,0.03,0,DIMENSION,test,reference
RUN-004999,WO-002500,P03,L05,MCH-027,PRD-050,2026-01-07,33.85,0.988,2.2,G3_junior,5.5,88.6,52.878,2.89,0.743,0.0267,0.048,0,MISSING_PART,train,reference
RUN-000289,WO-000145,P03,L05,MCH-026,PRD-077,2025-08-10,16.03,1.1523,14.6,G1_senior,1.7,96.1,46.062,3.39,0.691,0,0.005,0,NONE,train,reference
RUN-001421,WO-000711,P03,L05,MCH-028,PRD-031,2025-09-15,24.48,1.0107,0.4,G3_junior,7.0,95.9,53.969,2.879,1.048,0.0303,0.02,0,SURFACE_DENT,train,reference
RUN-006512,WO-003256,P03,L06,MCH-036,PRD-010,2026-02-24,37.36,1.0483,0.4,G3_junior,6.9,97.0,52.919,3.702,0.668,0.0583,0.07,1,DIMENSION,train,reference
RUN-006594,WO-003297,P01,L02,MCH-007,PRD-060,2026-02-27,21.76,0.9768,2.6,G3_junior,6.7,84.7,55.495,4.051,0.772,0.0759,0.08,1,CONTAMINATION,train,reference
RUN-004661,WO-002331,P03,L06,MCH-034,PRD-017,2025-12-27,24.99,0.8369,4.8,G2_mid,4.3,96.3,44.75,3.208,0.783,0.0126,0.024,0,CONTAMINATION,train,reference
RUN-004933,WO-002467,P03,L06,MCH-032,PRD-038,2026-01-05,17.11,0.981,11.5,G1_senior,3.2,85.8,53.107,3.451,0.94,0.0087,0.0,0,NONE,train,reference
RUN-003859,WO-001930,P02,L04,MCH-024,PRD-029,2025-12-02,31.13,1.0177,1.0,G3_junior,6.6,87.0,49.785,3.048,0.748,0.0789,0.055,1,SCRATCH,train,reference
RUN-007513,WO-003757,P01,L02,MCH-012,PRD-005,2026-03-28,32.58,1.0022,2.8,G3_junior,5.2,85.8,51.781,3.13,0.64,0.0403,0.02,0,CONTAMINATION,validation,reference
RUN-004900,WO-002450,P01,L01,MCH-001,PRD-044,2026-01-05,32.27,1.0901,8.9,G1_senior,4.1,88.0,53.479,3.621,0.993,0.0198,0.025,0,DIMENSION,train,reference
RUN-001590,WO-000795,P02,L03,MCH-013,PRD-022,2025-09-20,17.54,1.0647,0.6,G3_junior,4.3,85.8,47.167,2.892,1.048,0.0217,0.02,0,SOLDER_VOID,train,reference
RUN-009186,WO-004593,P02,L03,MCH-015,PRD-048,2026-05-21,21.81,0.8857,1.0,G3_junior,4.6,96.1,51.65,3.324,1.065,0.0269,0.02,0,MISSING_PART,test,reference
RUN-010121,WO-005061,P02,L03,MCH-013,PRD-002,2026-06-20,17.84,0.9887,2.6,G3_junior,5.3,88.0,48.476,3.035,0.628,0.0335,0.04,0,SCRATCH,test,reference
RUN-006764,WO-003382,P03,L06,MCH-036,PRD-022,2026-03-04,26.0,1.0917,2.6,G3_junior,4.3,85.8,54.145,8.833,0.627,0.0211,0.04,0,DIMENSION,train,reference
RUN-007007,WO-003504,P02,L04,MCH-023,PRD-048,2026-03-12,30.67,1.024,1.6,G3_junior,4.6,96.1,51.083,2.922,0.711,0,0.008,0,SCRATCH,train,reference
RUN-004059,WO-002030,P03,L06,MCH-036,PRD-073,2025-12-08,21.58,1.1587,0.7,G3_junior,3.4,87.4,54.848,3.58,0.959,0.0293,0.04,0,SCRATCH,train,reference
RUN-009566,WO-004783,P03,L06,MCH-033,PRD-059,2026-06-02,18.81,0.9221,1.0,G3_junior,5.9,88.6,53.784,3.271,0.906,0.0427,0.04,0,SURFACE_DENT,test,reference
RUN-007816,WO-003908,P02,L03,MCH-016,PRD-071,2026-04-07,18.14,0.988,3.2,G2_mid,6.2,84.7,57.08,3.224,0.714,0.0223,0.065,1,SCRATCH,validation,reference
RUN-006858,WO-003429,P01,L01,MCH-002,PRD-023,2026-03-08,20.58,0.8708,6.1,G2_mid,5.0,85.8,49.666,3.71,0.691,0.0442,0.02,0,SURFACE_DENT,train,reference
RUN-002589,WO-001295,P01,L01,MCH-004,PRD-008,2025-10-22,33.98,1.208,4.8,G2_mid,3.4,84.5,50.922,2.806,0.936,0.0364,0.032,0,CONTAMINATION,train,reference
RUN-005662,WO-002831,P01,L01,MCH-001,PRD-023,2026-01-29,19.14,0.9899,2.8,G3_junior,5.0,85.8,53.626,3.423,0.921,0.0329,0.02,0,SOLDER_VOID,train,reference
RUN-006198,WO-003099,P02,L04,MCH-019,PRD-039,2026-02-14,32.67,0.9535,8.9,G1_senior,5.6,96.1,52.166,2.821,0.697,0.001,0.01,0,SURFACE_DENT,train,reference
RUN-000802,WO-000401,P03,L06,MCH-035,PRD-071,2025-08-26,36.45,0.9689,2.8,G3_junior,6.2,84.7,51.863,3.352,1.088,0.0665,0.075,1,SURFACE_DENT,train,reference
RUN-010853,WO-005427,P01,L02,MCH-010,PRD-005,2026-07-14,32.34,0.946,2.8,G3_junior,5.2,85.8,53.239,3.177,1.005,0.0075,0.04,0,SCRATCH,test,reference
RUN-008275,WO-004138,P03,L06,MCH-034,PRD-042,2026-04-21,18.22,0.901,2.0,G3_junior,1.4,89.9,50.414,2.7,0.858,0.0054,0.02,0,CONTAMINATION,validation,reference
RUN-008563,WO-004282,P03,L06,MCH-034,PRD-054,2026-04-30,30.61,1.0802,0.7,G3_junior,6.3,71.4,51.037,3.029,0.712,0.0597,0.1,1,MISSING_PART,validation,reference
RUN-000293,WO-000147,P03,L06,MCH-036,PRD-035,2025-08-10,20.35,1.1166,2.1,G3_junior,4.3,84.7,50.379,3.213,0.956,0.0037,0.025,0,SOLDER_VOID,train,reference
RUN-007118,WO-003559,P02,L03,MCH-018,PRD-070,2026-03-16,25.3,0.9356,1.0,G3_junior,3.9,87.4,54.583,3.083,0.692,0.0226,0.03,0,CONTAMINATION,train,reference
RUN-007946,WO-003973,P03,L06,MCH-032,PRD-006,2026-04-10,23.41,1.005,7.6,G2_mid,7.3,92.1,52.702,3.015,0.826,0.0747,0.048,0,DIMENSION,validation,reference
RUN-004590,WO-002295,P02,L04,MCH-021,PRD-011,2025-12-25,30.59,0.8535,3.3,G2_mid,1.4,71.0,52.984,3.049,0.883,0.0982,0.09,1,MISSING_PART,train,reference
RUN-003457,WO-001729,P02,L04,MCH-019,PRD-078,2025-11-19,20.4,1.0778,11.2,G1_senior,4.6,84.7,52.832,3.486,0.932,0.0505,0.02,0,NONE,train,reference
RUN-007375,WO-003688,P01,L02,MCH-010,PRD-017,2026-03-24,25.71,0.8703,2.3,G3_junior,4.3,96.3,54.21,3.037,0.802,0.0158,0.02,0,SOLDER_VOID,train,reference
RUN-002270,WO-001135,P01,L02,MCH-009,PRD-048,2025-10-12,23.17,0.9737,2.1,G3_junior,4.6,96.1,47.627,2.884,0.894,0,0.0,0,NONE,train,reference
RUN-008014,WO-004007,P03,L05,MCH-028,PRD-063,2026-04-13,27.92,1.0198,2.8,G3_junior,5.7,84.5,55.797,3.686,0.857,0.0863,0.06,1,DIMENSION,validation,reference
RUN-011004,WO-005502,P01,L02,MCH-009,PRD-075,2026-07-19,21.55,0.8226,0.2,G3_junior,6.8,96.3,48.547,2.881,0.926,0.0268,0.05,0,DIMENSION,test,reference
RUN-004582,WO-002291,P01,L02,MCH-009,PRD-039,2025-12-25,29.25,1.0509,4.8,G2_mid,5.6,96.1,52.627,3.082,0.665,0.0133,0.024,0,DIMENSION,train,reference
RUN-007439,WO-003720,P01,L01,MCH-004,PRD-050,2026-03-26,20.38,0.9766,8.2,G1_senior,5.5,88.6,50.638,2.921,1.063,0.0267,0.02,0,DIMENSION,validation,reference
RUN-010356,WO-005178,P01,L02,MCH-010,PRD-053,2026-06-28,23.68,1.0577,6.5,G2_mid,5.6,88.0,48.109,3.169,0.872,0.0228,0.0375,0,CONTAMINATION,test,reference
RUN-002896,WO-001448,P02,L04,MCH-022,PRD-049,2025-10-31,32.88,0.9753,11.8,G1_senior,10,82.7,52.088,3.491,0.853,0.121,0.1,1,MISSING_PART,train,reference
RUN-000467,WO-000234,P03,L05,MCH-029,PRD-039,2025-08-15,31.31,0.9567,7.0,G2_mid,5.6,96.1,51.632,2.983,1.01,0,0.024,0,CONTAMINATION,train,reference
RUN-004565,WO-002283,P03,L06,MCH-031,PRD-022,2025-12-24,29.34,0.9385,3.4,G2_mid,4.3,85.8,52.841,3.404,0.833,0,0.016,0,DIMENSION,train,reference
RUN-001404,WO-000702,P01,L02,MCH-010,PRD-045,2025-09-15,19.3,1.1616,4.8,G2_mid,2.5,97.0,66.25,6.912,0.928,0.012,0.02,0,CONTAMINATION,train,reference
RUN-010969,WO-005485,P02,L03,MCH-015,PRD-069,2026-07-17,20.73,1.0247,2.8,G3_junior,10,88.6,53.686,3.159,0.945,0.1512,0.14,1,CONTAMINATION,test,reference
RUN-006876,WO-003438,P03,L06,MCH-031,PRD-067,2026-03-08,30.56,1.0206,6.1,G2_mid,4.5,71.0,51.624,3.642,0.822,0.0934,0.08,1,SURFACE_DENT,train,reference
RUN-005224,WO-002612,P03,L05,MCH-026,PRD-019,2026-01-14,38.78,1.1032,3.2,G2_mid,7.2,71.7,52.785,3.1,0.897,0.1068,0.135,1,MISSING_PART,train,reference
RUN-007531,WO-003766,P01,L01,MCH-003,PRD-034,2026-03-29,10.42,0.9814,2.9,G3_junior,2.6,96.1,52.31,3.395,0.649,0,0.0,0,NONE,validation,reference
RUN-010534,WO-005267,P02,L03,MCH-018,PRD-037,2026-07-03,19.4,0.8726,1.2,G3_junior,4.2,88.0,53.307,2.984,0.677,0.0614,0.025,0,SOLDER_VOID,test,reference
RUN-005169,WO-002585,P01,L02,MCH-009,PRD-037,2026-01-13,22.64,1.012,7.0,G2_mid,4.2,88.0,51.524,6.657,0.936,0.0279,0.024,0,SURFACE_DENT,train,reference
RUN-009929,WO-004965,P03,L05,MCH-028,PRD-010,2026-06-14,21.16,1.0847,7.6,G2_mid,6.9,97.0,49.675,2.962,0.964,0.0212,0.016,0,SOLDER_VOID,test,reference
RUN-003216,WO-001608,P03,L05,MCH-025,PRD-050,2025-11-11,26.27,0.9242,2.0,G3_junior,5.5,88.6,53.239,3.413,0.71,0.0447,0.05,0,MISSING_PART,train,reference
RUN-008252,WO-004126,P01,L02,MCH-012,PRD-048,2026-04-21,27.54,0.9628,1.0,G3_junior,4.6,96.1,53.971,3.436,0.975,0,0.024,0,CONTAMINATION,validation,reference
RUN-010819,WO-005410,P01,L02,MCH-008,PRD-008,2026-07-13,29.71,0.8534,1.0,G3_junior,3.4,84.5,49.206,3.476,1.03,0.0385,0.02,0,CONTAMINATION,test,reference
RUN-004703,WO-002352,P02,L04,MCH-024,PRD-059,2025-12-29,26.52,0.8647,1.8,G3_junior,5.9,88.6,58.488,5.236,0.835,0.035,0.056,1,SURFACE_DENT,train,reference
RUN-009822,WO-004911,P02,L04,MCH-023,PRD-049,2026-06-10,30.69,0.8419,1.4,G3_junior,10,82.7,51.087,3.116,0.945,0.1235,0.12,1,SOLDER_VOID,test,reference
RUN-003576,WO-001788,P03,L06,MCH-031,PRD-078,2025-11-23,26.13,0.9861,2.2,G3_junior,4.6,84.7,50.322,3.549,0.671,0.0716,0.04,0,MISSING_PART,train,reference
RUN-003801,WO-001901,P03,L06,MCH-036,PRD-066,2025-11-30,31.1,1.1229,7.6,G2_mid,7.6,88.6,50.304,3.052,1.008,0.0256,0.06,1,SOLDER_VOID,train,reference
RUN-000492,WO-000246,P02,L04,MCH-021,PRD-002,2025-08-16,26.04,1.0872,8.2,G1_senior,5.3,88.0,48.006,2.723,0.845,0.0368,0.025,0,DIMENSION,train,reference
RUN-009500,WO-004750,P01,L01,MCH-005,PRD-025,2026-06-01,37.06,0.962,5.8,G2_mid,3.5,87.0,51.121,2.941,0.965,0.0103,0.02,0,SCRATCH,test,reference
RUN-006572,WO-003286,P02,L04,MCH-023,PRD-023,2026-02-26,25.38,0.8747,0.2,G3_junior,5.0,85.8,52.285,2.707,0.725,0.1104,0.04,0,CONTAMINATION,train,reference
RUN-005364,WO-002682,P03,L05,MCH-026,PRD-063,2026-01-19,28.14,0.9236,1.4,G3_junior,5.7,84.5,54.689,3.347,0.673,0.0446,0.048,0,SURFACE_DENT,train,reference
RUN-003291,WO-001646,P03,L06,MCH-036,PRD-059,2025-11-13,27.48,0.8759,7.1,G2_mid,5.9,88.6,59.572,4.631,0.665,0.0149,0.025,0,DIMENSION,train,reference
RUN-006974,WO-003487,P02,L04,MCH-023,PRD-072,2026-03-11,27.36,0.9117,1.0,G3_junior,4.1,84.7,51.377,3.006,0.661,0.0455,0.045,0,SOLDER_VOID,train,reference
RUN-011108,WO-005554,P02,L04,MCH-020,PRD-023,2026-07-22,23.31,1.1771,1.0,G3_junior,5.0,85.8,50.721,3.508,0.646,0.0388,0.024,0,SOLDER_VOID,test,reference
RUN-002204,WO-001102,P03,L05,MCH-029,PRD-010,2025-10-09,26.26,0.864,11.5,G1_senior,6.9,97.0,52.023,3.126,0.932,0.0041,0.024,0,DIMENSION,train,reference
RUN-000395,WO-000198,P03,L05,MCH-030,PRD-070,2025-08-13,18.22,0.9356,1.0,G3_junior,3.9,87.4,50.288,2.815,0.713,0.0468,0.03,0,MISSING_PART,train,reference
RUN-008756,WO-004378,P02,L03,MCH-014,PRD-027,2026-05-07,28.87,1.0681,1.3,G3_junior,7.1,89.9,54.22,3.448,0.816,0.0853,0.056,1,SOLDER_VOID,validation,reference
RUN-000702,WO-000351,P01,L02,MCH-007,PRD-008,2025-08-23,21.23,1.0941,2.8,G3_junior,3.4,84.5,52.363,3.141,0.71,0.0546,0.04,0,SOLDER_VOID,train,reference
RUN-003843,WO-001922,P01,L01,MCH-001,PRD-077,2025-12-02,25.14,1.1391,4.7,G2_mid,1.7,96.1,52.47,3.469,0.797,0.0143,0.01,0,DIMENSION,train,reference
RUN-002606,WO-001303,P02,L04,MCH-023,PRD-013,2025-10-22,26.91,1.0007,15.7,G1_senior,4.9,95.9,49.766,3.053,0.935,0,0.0,0,NONE,train,reference
RUN-003376,WO-001688,P01,L02,MCH-007,PRD-035,2025-11-17,19.85,0.9123,1.4,G3_junior,4.3,84.7,55.529,4.445,0.679,0.0217,0.04,0,SCRATCH,train,reference
RUN-009859,WO-004930,P03,L05,MCH-028,PRD-015,2026-06-11,31.28,0.9096,2.8,G3_junior,8.8,92.1,54.87,4.1,1.069,0.0812,0.1,1,MISSING_PART,test,reference
RUN-011086,WO-005543,P03,L06,MCH-034,PRD-022,2026-07-21,27.48,1.0378,11.8,G1_senior,4.3,85.8,48.345,3.006,0.748,0.0457,0.056,1,MISSING_PART,test,reference
RUN-005506,WO-002753,P03,L05,MCH-028,PRD-040,2026-01-23,37.64,0.99,15.7,G1_senior,8.4,82.7,55.117,3.421,0.93,0.0516,0.075,1,SURFACE_DENT,train,reference
RUN-008110,WO-004055,P02,L03,MCH-017,PRD-037,2026-04-16,27.22,1.0029,2.3,G3_junior,4.2,88.0,56.271,2.957,0.858,0.0042,0.0375,0,SOLDER_VOID,validation,reference
RUN-001474,WO-000737,P01,L01,MCH-003,PRD-078,2025-09-17,32.84,1.0811,0.5,G3_junior,4.6,84.7,53.33,3.352,0.937,0.0176,0.0625,1,SOLDER_VOID,train,reference
RUN-005583,WO-002792,P03,L06,MCH-034,PRD-064,2026-01-26,30.13,1.1869,7.6,G2_mid,4.9,89.9,49.353,2.741,1.061,0.0208,0.02,0,DIMENSION,train,reference
RUN-010348,WO-005174,P03,L06,MCH-034,PRD-038,2026-06-27,31.04,1.127,2.2,G3_junior,3.2,85.8,45.177,2.492,0.862,0,0.03,0,DIMENSION,test,reference
RUN-000242,WO-000121,P03,L05,MCH-026,PRD-049,2025-08-08,34.66,1.1166,0.6,G3_junior,10,82.7,51.925,3.195,0.85,0.146,0.14,1,SCRATCH,train,reference
RUN-001078,WO-000539,P01,L02,MCH-011,PRD-022,2025-09-04,11.48,1.0051,2.0,G3_junior,4.3,85.8,50.194,2.918,0.838,0.1016,0.032,0,SURFACE_DENT,train,reference
RUN-008627,WO-004314,P03,L06,MCH-032,PRD-014,2026-05-03,24.7,1.0953,18,G1_senior,5.0,85.8,46.882,3.388,1.036,0.0139,0.04,0,NONE,validation,reference
RUN-006697,WO-003349,P01,L01,MCH-005,PRD-016,2026-03-03,38.25,1.138,7.0,G2_mid,4.3,85.8,49.891,7.008,0.881,0.0117,0.032,0,CONTAMINATION,train,reference
RUN-007901,WO-003951,P03,L05,MCH-026,PRD-039,2026-04-09,17.77,0.9294,15.7,G1_senior,5.6,96.1,52.555,3.377,0.939,0.0016,0.01,0,SURFACE_DENT,validation,reference
RUN-006219,WO-003110,P02,L04,MCH-024,PRD-021,2026-02-15,30.1,0.9019,0.8,G3_junior,3.0,95.9,46.515,2.683,0.795,0.0128,0.01,0,MISSING_PART,train,reference
RUN-011143,WO-005572,P02,L04,MCH-020,PRD-062,2026-07-23,36.53,0.9227,7.0,G2_mid,6.8,71.4,51.534,5.638,0.992,0.0914,0.11,1,DIMENSION,test,reference
RUN-010029,WO-005015,P03,L05,MCH-026,PRD-029,2026-06-17,31.11,1.0082,1.0,G3_junior,6.6,87.0,53.698,3.579,1.009,0.0665,0.075,1,SCRATCH,test,reference
RUN-002425,WO-001213,P03,L06,MCH-033,PRD-062,2025-10-16,31.63,1.0103,2.3,G3_junior,6.8,71.4,56.098,5.056,1.022,0.1206,0.1125,1,SURFACE_DENT,train,reference
RUN-009044,WO-004522,P03,L05,MCH-027,PRD-008,2026-05-16,29.73,1.0255,7.0,G2_mid,3.4,84.5,45.143,2.851,0.895,0,0.02,0,NONE,validation,reference
RUN-005599,WO-002800,P01,L02,MCH-010,PRD-031,2026-01-27,29.84,0.9918,2.3,G3_junior,7.0,95.9,50.461,3.185,0.929,0.0638,0.04,0,SURFACE_DENT,train,reference
RUN-005195,WO-002598,P01,L01,MCH-004,PRD-051,2026-01-14,23.87,1.2229,0.2,G3_junior,6.9,96.1,52.086,2.937,0.858,0.0612,0.05,0,DIMENSION,train,reference
RUN-003257,WO-001629,P03,L06,MCH-034,PRD-058,2025-11-12,33.97,0.9583,0.4,G3_junior,8.8,71.4,55.933,3.227,1.036,0.1751,0.16,1,SOLDER_VOID,train,reference
RUN-008108,WO-004054,P02,L03,MCH-015,PRD-037,2026-04-16,21.71,0.9195,0.2,G3_junior,4.2,88.0,49.34,3.017,0.724,0.0293,0.05,0,MISSING_PART,validation,reference
RUN-007289,WO-003645,P02,L03,MCH-015,PRD-002,2026-03-21,34.0,1.1262,6.5,G2_mid,5.3,88.0,48.105,10.526,0.656,0.0096,0.0375,0,CONTAMINATION,train,reference
RUN-003741,WO-001871,P02,L04,MCH-024,PRD-079,2025-11-28,30.28,1.1555,1.8,G3_junior,3.3,71.4,47.993,2.83,1.012,0.0872,0.075,1,CONTAMINATION,train,reference
RUN-011057,WO-005529,P01,L01,MCH-005,PRD-046,2026-07-21,18.92,1.0857,2.8,G3_junior,4.6,71.0,51.283,3.07,0.997,0.0523,0.07,1,DIMENSION,test,reference
RUN-006793,WO-003397,P03,L05,MCH-027,PRD-010,2026-03-05,28.75,0.8296,0.2,G3_junior,6.9,97.0,51.809,3.044,0.913,0.0738,0.05,0,SCRATCH,train,reference
RUN-001547,WO-000774,P01,L02,MCH-009,PRD-039,2025-09-19,21.67,1.0531,5.8,G2_mid,5.6,96.1,50.333,3.358,1.022,0.0314,0.04,0,DIMENSION,train,reference
RUN-000035,WO-000018,P03,L06,MCH-034,PRD-022,2025-08-01,28.25,0.834,0.6,G3_junior,4.3,85.8,51.481,2.663,1.05,0.0902,0.02,0,SURFACE_DENT,train,reference
RUN-003297,WO-001649,P01,L01,MCH-006,PRD-025,2025-11-14,26.55,1.0053,1.3,G3_junior,3.5,87.0,51.589,2.968,0.785,0.0746,0.02,0,DIMENSION,train,reference
RUN-002565,WO-001283,P02,L03,MCH-015,PRD-057,2025-10-21,11.25,1.1472,0.2,G3_junior,5.6,88.6,54.06,2.707,1.051,0.0506,0.056,1,SCRATCH,train,reference
RUN-004425,WO-002213,P01,L02,MCH-010,PRD-045,2025-12-20,23.26,0.9367,11.2,G1_senior,2.5,97.0,49.605,3.451,1.084,0,0.0,0,NONE,train,reference
RUN-008654,WO-004327,P02,L04,MCH-019,PRD-004,2026-05-04,14.58,1.0847,0.4,G3_junior,3.9,95.9,52.193,3.181,0.935,0,0.02,0,SURFACE_DENT,validation,reference
RUN-003231,WO-001616,P01,L02,MCH-012,PRD-008,2025-11-12,22.51,0.8473,7.6,G2_mid,3.4,84.5,56.495,3.712,0.861,0.0482,0.02,0,NONE,train,reference
RUN-007224,WO-003612,P02,L03,MCH-014,PRD-073,2026-03-19,37.4,1.2067,10.6,G1_senior,3.4,87.4,53.03,3.171,1.067,0.027,0.0,0,NONE,train,reference
RUN-010634,WO-005317,P01,L01,MCH-002,PRD-025,2026-07-07,22.72,1.001,8.2,G1_senior,3.5,87.0,50.996,3.193,0.996,0,0.0,0,NONE,test,reference
RUN-005864,WO-002932,P01,L02,MCH-008,PRD-071,2026-02-04,24.95,0.8756,2.1,G3_junior,6.2,84.7,47.464,2.518,0.707,0.0671,0.0875,1,CONTAMINATION,train,reference
RUN-007991,WO-003996,P01,L02,MCH-009,PRD-035,2026-04-13,22.3,0.8427,3.4,G2_mid,4.3,84.7,51.868,3.047,0.683,0.0251,0.025,0,SURFACE_DENT,validation,reference
RUN-006822,WO-003411,P02,L04,MCH-023,PRD-051,2026-03-06,35.8,1.152,0.2,G3_junior,6.9,96.1,53.743,2.922,0.927,0.038,0.0375,0,SCRATCH,train,reference
RUN-007249,WO-003625,P01,L01,MCH-005,PRD-080,2026-03-20,24.11,1.0059,2.3,G3_junior,5.2,84.5,54.946,2.625,0.926,0.1004,0.0625,1,SURFACE_DENT,train,reference
RUN-009957,WO-004979,P03,L05,MCH-027,PRD-078,2026-06-15,24.43,1.104,0.2,G3_junior,4.6,84.7,51.019,3.116,0.698,0.0896,0.055,1,DIMENSION,test,reference
RUN-000936,WO-000468,P01,L01,MCH-005,PRD-014,2025-08-31,25.24,0.9095,3.2,G2_mid,5.0,85.8,46.875,3.029,0.677,0.0538,0.025,0,SCRATCH,train,reference
RUN-002071,WO-001036,P01,L01,MCH-002,PRD-068,2025-10-06,19.51,0.8966,3.1,G2_mid,2.3,71.0,55.424,3.451,0.946,0.0014,0.016,0,DIMENSION,train,reference
RUN-006337,WO-003169,P01,L01,MCH-004,PRD-078,2026-02-19,15.42,1.1073,1.0,G3_junior,4.6,84.7,51.835,2.836,0.675,0.0458,0.05,0,SOLDER_VOID,train,reference
RUN-000805,WO-000403,P03,L06,MCH-036,PRD-071,2025-08-26,18.64,0.9729,1.6,G3_junior,6.2,84.7,51.478,8.509,0.817,0.0475,0.056,1,CONTAMINATION,train,reference
RUN-010946,WO-005473,P03,L05,MCH-030,PRD-063,2026-07-16,21.87,1.128,1.6,G3_junior,5.7,84.5,52.097,3.902,1.094,0.0313,0.06,1,SOLDER_VOID,test,reference
RUN-010773,WO-005387,P03,L06,MCH-034,PRD-056,2026-07-10,20.17,0.9675,2.8,G3_junior,4.3,97.0,55.272,3.42,0.861,0.0246,0.04,0,MISSING_PART,test,reference
RUN-002784,WO-001392,P02,L03,MCH-015,PRD-044,2025-10-28,23.6,0.8565,3.3,G2_mid,4.1,88.0,47.155,2.723,0.975,0.0263,0.03,0,MISSING_PART,train,reference
RUN-000378,WO-000189,P01,L02,MCH-012,PRD-005,2025-08-13,30.82,1.1576,11.8,G1_senior,5.2,85.8,53.982,3.719,0.63,0.0406,0.024,0,CONTAMINATION,train,reference
RUN-006310,WO-003155,P01,L02,MCH-011,PRD-008,2026-02-18,21.11,0.966,0.2,G3_junior,3.4,84.5,50.92,3.126,0.845,0,0.024,0,CONTAMINATION,train,reference
RUN-005093,WO-002547,P03,L05,MCH-027,PRD-006,2026-01-10,40.59,1.0314,3.3,G2_mid,7.3,92.1,47.656,3.312,0.802,0.0729,0.07,1,SCRATCH,train,reference
RUN-011294,WO-005647,P03,L05,MCH-030,PRD-025,2026-07-28,36.59,1.1718,1.6,G3_junior,3.5,87.0,49.851,3.229,0.746,0.039,0.04,0,CONTAMINATION,test,reference
RUN-002791,WO-001396,P03,L05,MCH-028,PRD-043,2025-10-28,28.13,1.0787,1.0,G3_junior,4.2,84.5,55.239,3.081,0.754,0.0167,0.0375,0,MISSING_PART,train,reference
RUN-008002,WO-004001,P02,L03,MCH-014,PRD-024,2026-04-13,26.89,0.9528,2.3,G3_junior,7.6,85.8,54.83,3.534,0.894,0.0755,0.07,1,CONTAMINATION,validation,reference
RUN-001417,WO-000709,P02,L04,MCH-023,PRD-052,2025-09-15,43.34,1.0461,4.7,G2_mid,7.2,82.7,52.441,2.824,1.024,0.1001,0.1,1,SOLDER_VOID,train,reference
RUN-006776,WO-003388,P01,L02,MCH-008,PRD-060,2026-03-05,32.65,0.8628,7.2,G2_mid,6.7,84.7,49.609,3.142,0.672,0.0537,0.05,0,CONTAMINATION,train,reference
RUN-000901,WO-000451,P02,L04,MCH-023,PRD-024,2025-08-29,11.95,0.8366,2.2,G3_junior,7.6,85.8,50.128,2.919,1.058,0.0647,0.056,1,SURFACE_DENT,train,reference
RUN-010027,WO-005014,P03,L05,MCH-029,PRD-045,2026-06-17,24.88,1.1529,2.6,G3_junior,2.5,97.0,53.215,3.046,0.831,0.0649,0.025,0,CONTAMINATION,test,reference
RUN-000399,WO-000200,P03,L05,MCH-027,PRD-002,2025-08-13,32.25,0.8327,6.5,G2_mid,5.3,88.0,52.92,3.254,0.884,0.0413,0.04,0,SCRATCH,train,reference
RUN-001212,WO-000606,P03,L05,MCH-029,PRD-054,2025-09-08,29.66,0.8661,2.9,G3_junior,6.3,71.4,52.005,6.671,1.045,0.1008,0.1,1,SCRATCH,train,reference
RUN-008427,WO-004214,P01,L01,MCH-006,PRD-068,2026-04-27,14.57,1.0174,1.8,G3_junior,2.3,71.0,52.748,3.033,0.76,0.0792,0.04,0,CONTAMINATION,validation,reference
RUN-009163,WO-004582,P03,L05,MCH-027,PRD-021,2026-05-20,26.86,0.9085,1.4,G3_junior,3.0,95.9,52.634,3.338,0.882,0.0378,0.025,0,SURFACE_DENT,test,reference
RUN-006367,WO-003184,P03,L06,MCH-031,PRD-015,2026-02-19,32.72,1.1787,14.6,G1_senior,8.8,92.1,56.756,3.63,0.67,0.0281,0.04,0,CONTAMINATION,train,reference
RUN-006538,WO-003269,P03,L05,MCH-028,PRD-008,2026-02-25,19.93,1.1489,0.2,G3_junior,3.4,84.5,55.512,3.466,0.787,0.061,0.035,0,MISSING_PART,train,reference
RUN-000494,WO-000247,P02,L04,MCH-024,PRD-002,2025-08-16,19.94,1.146,1.0,G3_junior,5.3,88.0,45.892,3.241,0.912,0.057,0.06,1,CONTAMINATION,train,reference
RUN-004114,WO-002057,P02,L03,MCH-018,PRD-053,2025-12-10,20.14,0.8502,3.4,G2_mid,5.6,88.0,51.864,3.041,0.971,0.0009,0.035,0,DIMENSION,train,reference
RUN-009623,WO-004812,P02,L03,MCH-016,PRD-071,2026-06-04,31.53,0.984,0.2,G3_junior,6.2,84.7,51.207,3.341,1.082,0.0558,0.06,1,CONTAMINATION,test,reference
RUN-000949,WO-000475,P02,L04,MCH-020,PRD-042,2025-08-31,21.51,0.8547,0.8,G3_junior,1.4,89.9,47.453,2.623,0.755,0.0752,0.02,0,DIMENSION,train,reference
RUN-004252,WO-002126,P02,L03,MCH-018,PRD-022,2025-12-15,20.25,0.9474,14.6,G1_senior,4.3,85.8,54.588,3.052,0.705,0.0205,0.02,0,SOLDER_VOID,train,reference
RUN-001197,WO-000599,P02,L03,MCH-015,PRD-075,2025-09-08,32.54,0.9736,2.2,G3_junior,6.8,96.3,53.243,3.168,0.799,0.0671,0.04,0,SCRATCH,train,reference
RUN-002188,WO-001094,P01,L02,MCH-008,PRD-079,2025-10-09,20.01,0.961,12.8,G1_senior,3.3,71.4,51.474,2.62,0.817,0.0331,0.02,0,CONTAMINATION,train,reference
RUN-005745,WO-002873,P02,L04,MCH-020,PRD-036,2026-01-31,26.37,1.0803,3.3,G2_mid,4.1,87.0,50.643,2.961,0.758,0.0301,0.04,0,CONTAMINATION,train,reference
RUN-000842,WO-000421,P03,L06,MCH-033,PRD-080,2025-08-27,30.12,1.1765,1.7,G3_junior,5.2,84.5,53.542,3.593,0.832,0.009,0.05,0,SOLDER_VOID,train,reference
RUN-010610,WO-005305,P02,L03,MCH-013,PRD-019,2026-07-06,33.38,1.0165,0.5,G3_junior,7.2,71.7,61.912,4.886,0.948,0.1046,0.12,1,SCRATCH,test,reference
RUN-005486,WO-002743,P01,L01,MCH-004,PRD-051,2026-01-23,23.69,1.0444,18,G1_senior,6.9,96.1,52.91,3.077,0.686,0.0028,0.0,0,NONE,train,reference
RUN-001225,WO-000613,P01,L02,MCH-009,PRD-012,2025-09-09,25.33,0.9183,0.2,G3_junior,2.1,92.1,53.724,3.525,0.703,0.0143,0.0,0,NONE,train,reference
RUN-003265,WO-001633,P01,L02,MCH-009,PRD-029,2025-11-13,31.02,0.8993,0.2,G3_junior,6.6,87.0,50.947,3.554,0.766,0.0659,0.075,1,SURFACE_DENT,train,reference
RUN-000101,WO-000051,P03,L06,MCH-032,PRD-016,2025-08-04,17.41,1.11,3.0,G3_junior,4.3,85.8,54.673,3.432,0.888,0.047,0.03,0,SCRATCH,train,reference
RUN-001267,WO-000634,P02,L03,MCH-013,PRD-002,2025-09-10,27.82,1.0943,18,G1_senior,5.3,88.0,49.514,3.929,0.913,0,0.0,0,NONE,train,reference
RUN-004485,WO-002243,P02,L04,MCH-022,PRD-005,2025-12-22,19.4,0.9784,0.2,G3_junior,5.2,85.8,68.621,8.194,0.875,0.0552,0.06,1,DIMENSION,train,reference
RUN-000642,WO-000321,P02,L03,MCH-018,PRD-027,2025-08-21,27.38,1.0725,1.7,G3_junior,7.1,89.9,54.064,3.129,0.705,0.0702,0.08,1,SCRATCH,train,reference
RUN-002160,WO-001080,P02,L04,MCH-021,PRD-024,2025-10-08,30.84,0.8972,0.2,G3_junior,7.6,85.8,49.516,2.472,0.95,0.053,0.0875,1,CONTAMINATION,train,reference
RUN-004263,WO-002132,P03,L05,MCH-025,PRD-070,2025-12-15,24.98,1.0028,0.6,G3_junior,3.9,87.4,51.607,3.643,0.778,0.0089,0.02,0,CONTAMINATION,train,reference
RUN-001430,WO-000715,P03,L06,MCH-035,PRD-054,2025-09-15,20.32,1.1083,2.0,G3_junior,6.3,71.4,54.423,3.603,0.635,0.0673,0.12,1,SURFACE_DENT,train,reference
RUN-008632,WO-004316,P01,L01,MCH-002,PRD-074,2026-05-04,36.44,0.8591,3.0,G3_junior,6.4,95.9,52.133,2.904,1.089,0.0866,0.065,1,DIMENSION,validation,reference
RUN-007807,WO-003904,P01,L01,MCH-006,PRD-047,2026-04-07,28.43,0.9023,1.2,G3_junior,6.4,95.9,52.857,2.962,0.627,0.0055,0.048,0,DIMENSION,validation,reference
RUN-006217,WO-003109,P02,L04,MCH-022,PRD-077,2026-02-15,15.39,1.0364,0.2,G3_junior,1.7,96.1,47.292,2.948,0.708,0,0.0,0,NONE,train,reference
RUN-000213,WO-000107,P03,L06,MCH-031,PRD-022,2025-08-07,18.56,1.05,0,G0_unknown,4.3,85.8,54.369,3.333,0.781,0.0589,0.056,1,NONE,train,reference
RUN-003660,WO-001830,P01,L02,MCH-012,PRD-005,2025-11-26,31.44,1.1065,2.8,G3_junior,5.2,85.8,55.758,4.124,0.917,0.0717,0.055,1,SOLDER_VOID,train,reference
RUN-006012,WO-003006,P01,L02,MCH-007,PRD-064,2026-02-09,12.16,0.97,0.2,G3_junior,4.9,89.9,50.328,3.738,0.959,0.0136,0.025,0,SURFACE_DENT,train,reference
RUN-009061,WO-004531,P03,L05,MCH-028,PRD-068,2026-05-17,22.29,0.8531,4.7,G2_mid,2.3,71.0,49.158,3.168,0.89,0.0452,0.04,0,CONTAMINATION,validation,reference
RUN-006694,WO-003347,P03,L06,MCH-034,PRD-043,2026-03-02,25.9,1.0382,3.4,G2_mid,4.2,84.5,48.078,2.884,0.915,0.0086,0.025,0,SCRATCH,train,reference
RUN-003093,WO-001547,P01,L02,MCH-011,PRD-064,2025-11-07,23.84,1.0321,2.8,G3_junior,4.9,89.9,51.29,2.877,0.982,0.0274,0.03,0,SOLDER_VOID,train,reference
RUN-004589,WO-002295,P02,L04,MCH-022,PRD-011,2025-12-25,29.3,1.0413,1.0,G3_junior,1.4,71.0,53.751,3.155,0.999,0.0831,0.088,1,CONTAMINATION,train,reference
RUN-005919,WO-002960,P03,L06,MCH-035,PRD-048,2026-02-05,28.05,1.0809,3.2,G2_mid,4.6,96.1,55.389,3.53,0.885,0.0217,0.025,0,DIMENSION,train,reference
RUN-001617,WO-000809,P02,L04,MCH-019,PRD-031,2025-09-21,23.53,0.8755,1.0,G3_junior,7.0,95.9,49.63,3.522,1.087,0.0636,0.04,0,SOLDER_VOID,train,reference
RUN-005967,WO-002984,P02,L03,MCH-015,PRD-019,2026-02-07,26.91,1.0139,1.7,G3_junior,7.2,71.7,46.12,2.592,0.79,0.0877,0.096,1,SCRATCH,train,reference
RUN-010163,WO-005082,P02,L04,MCH-024,PRD-006,2026-06-22,28.8,0.8325,12.8,G1_senior,7.3,92.1,50.222,2.806,0.887,0.0155,0.035,0,SURFACE_DENT,test,reference
