date,plant_id,line_id,planned_quantity,good_quantity,scrap_quantity,rework_quantity,runtime_minutes,downtime_minutes,energy_kwh,availability,performance,quality,oee,energy_intensity_kwh_per_good_unit
2025-08-01,P01,L01,44974,40571,1472,642,1222.11,136.84,4753.19,0.8761,0.9021,0.965,0.7626,0.11716
2025-08-01,P01,L02,78889,69657,2095,851,1146.88,187.28,8557.04,0.8221,0.883,0.9708,0.7047,0.12285
2025-08-01,P02,L03,42771,36367,1578,709,1197.31,161.37,3620.7,0.8583,0.8503,0.9584,0.6994,0.09956
2025-08-01,P02,L04,35649,31106,1532,675,1082.32,264.96,5159.25,0.7759,0.8726,0.9531,0.6452,0.16586
2025-08-01,P03,L05,42551,39427,1822,665,1210.77,143.96,5530.99,0.8679,0.9266,0.9558,0.7687,0.14028
2025-08-01,P03,L06,86812,79097,2786,909,1261.98,92.65,8916.22,0.9046,0.9111,0.966,0.7962,0.11273
2025-08-02,P01,L01,14523,12659,455,226,444.8,20.2,1175.1,0.3189,0.8717,0.9653,0.2683,0.09283
2025-08-02,P01,L02,20517,20552,417,191,378.16,72.19,3018.35,0.2711,1.0017,0.9801,0.2661,0.14686
2025-08-02,P02,L03,32408,29545,1156,387,1166.05,179.06,4722.34,0.8359,0.9117,0.9623,0.7333,0.15984
2025-08-02,P02,L04,7995,7787,194,77,374.43,70.94,1375.3,0.2684,0.974,0.9757,0.2551,0.17661
2025-08-02,P03,L05,18774,17280,813,263,866.98,38.05,2414.38,0.6215,0.9204,0.9551,0.5463,0.13972
2025-08-02,P03,L06,35372,31409,1180,435,794.96,85.52,3469.54,0.5699,0.888,0.9638,0.4877,0.11046
2025-08-03,P01,L02,15697,14600,694,328,444.06,15.55,2697.47,0.3183,0.9301,0.9546,0.2826,0.18476
2025-08-03,P02,L03,23531,21025,463,161,846.11,65.55,2676.83,0.6065,0.8935,0.9785,0.5303,0.12732
2025-08-03,P02,L04,16153,14526,532,188,777.63,144.45,1954.97,0.5574,0.8993,0.9647,0.4836,0.13458
2025-08-03,P03,L05,11315,10785,283,66,440.43,9.79,1470.26,0.3157,0.9532,0.9744,0.2932,0.13632
2025-08-03,P03,L06,22487,20071,972,353,384.07,68.7,2875.64,0.2753,0.8926,0.9538,0.2344,0.14327
2025-08-04,P01,L01,53481,48052,1237,458,1283.51,103.78,6049.22,0.9201,0.8985,0.9749,0.8059,0.12589
2025-08-04,P01,L02,61658,59666,1939,752,1226.82,110.58,6014.62,0.8794,0.9677,0.9685,0.8242,0.1008
2025-08-04,P02,L03,47588,44980,1279,446,1215.81,127.75,6601.68,0.8716,0.9452,0.9724,0.801,0.14677
2025-08-04,P02,L04,28663,25253,672,223,1216.28,134.26,3792.27,0.8719,0.881,0.9741,0.7482,0.15017
2025-08-04,P03,L05,40509,37131,1348,309,1251.29,93.09,4946.56,0.897,0.9166,0.965,0.7934,0.13322
2025-08-04,P03,L06,71946,61797,2292,878,1267.39,99.77,6742.85,0.9085,0.8589,0.9642,0.7525,0.10911
2025-08-05,P01,L01,42759,39626,1517,520,1192.76,151.29,4571.48,0.855,0.9267,0.9631,0.7632,0.11537
2025-08-05,P01,L02,83293,76014,1588,720,1288.32,63.89,5823.12,0.9235,0.9126,0.9795,0.8256,0.07661
2025-08-05,P02,L03,47915,42868,722,182,1220.89,120.45,3949.69,0.8752,0.8947,0.9834,0.77,0.09214
2025-08-05,P02,L04,24555,22214,815,369,1194.68,184.78,2725.19,0.8564,0.9047,0.9646,0.7473,0.12268
2025-08-05,P03,L05,37809,34766,765,215,1222.39,147.77,3661.49,0.8763,0.9195,0.9785,0.7884,0.10532
2025-08-05,P03,L06,77347,69941,2216,731,1257.41,106.41,7878.77,0.9014,0.9042,0.9693,0.79,0.11265
2025-08-06,P01,L01,40926,36583,1520,492,1258.56,100.06,3975.05,0.9022,0.8939,0.9601,0.7743,0.10866
2025-08-06,P01,L02,73005,67628,2858,1281,1199.52,173.1,8513.29,0.8599,0.9263,0.9595,0.7642,0.12588
2025-08-06,P02,L03,40938,37800,1115,532,1318.54,43.97,2633.75,0.9452,0.9233,0.9713,0.8477,0.06968
2025-08-06,P02,L04,27491,25193,945,331,1210.19,163.51,3428.65,0.8675,0.9164,0.9638,0.7663,0.1361
2025-08-06,P03,L05,45354,42695,1441,494,1251.96,84.91,3992.05,0.8975,0.9414,0.9674,0.8173,0.0935
2025-08-06,P03,L06,70996,61568,1653,508,1145.12,182.41,6637.54,0.8209,0.8672,0.9739,0.6933,0.10781
2025-08-07,P01,L01,48243,42996,897,338,1158.85,197.04,4297.63,0.8307,0.8912,0.9796,0.7252,0.09995
2025-08-07,P01,L02,81640,73638,3493,1197,1240.54,139.3,8583.25,0.8893,0.902,0.9547,0.7658,0.11656
2025-08-07,P02,L03,52752,51324,1846,705,1222.56,152.23,6517.86,0.8764,0.9729,0.9653,0.8231,0.12699
2025-08-07,P02,L04,32694,29119,875,303,1230.77,128.87,3411.41,0.8823,0.8907,0.9708,0.7629,0.11715
2025-08-07,P03,L05,37630,35816,1271,453,1297.26,81.15,4911.31,0.9299,0.9518,0.9657,0.8548,0.13713
2025-08-07,P03,L06,79278,71491,2226,882,1229.14,135.92,7839.56,0.8811,0.9018,0.9698,0.7706,0.10966
2025-08-08,P01,L01,51920,45078,1923,744,1165.7,191.71,6762.02,0.8356,0.8682,0.9591,0.6958,0.15001
2025-08-08,P01,L02,89656,82984,3517,1137,1188.83,156.01,13291.11,0.8522,0.9256,0.9593,0.7567,0.16016
2025-08-08,P02,L03,41226,38057,1076,480,1251.69,110.63,4977.93,0.8973,0.9231,0.9725,0.8055,0.1308
2025-08-08,P02,L04,34767,31985,669,257,1245.44,103.02,3228.56,0.8928,0.92,0.9795,0.8045,0.10094
2025-08-08,P03,L05,35985,32594,572,228,1204.17,135.28,4552.29,0.8632,0.9058,0.9828,0.7684,0.13967
2025-08-08,P03,L06,65708,62203,1867,683,1210.74,147.02,4254.82,0.8679,0.9467,0.9709,0.7977,0.0684
2025-08-09,P01,L01,34599,30743,1596,657,1280.48,113.67,4917.03,0.9179,0.8886,0.9506,0.7754,0.15994
2025-08-09,P01,L02,44488,40537,927,448,792.78,107.97,4138.52,0.5683,0.9112,0.9776,0.5063,0.10209
2025-08-09,P02,L03,20175,18361,702,351,800.65,95.57,2880.14,0.5739,0.9101,0.9632,0.5031,0.15686
2025-08-09,P02,L04,15085,13136,259,75,765.48,134.97,1243.6,0.5487,0.8708,0.9807,0.4686,0.09467
2025-08-09,P03,L05,19645,18366,208,102,815.49,104.73,1510.52,0.5846,0.9349,0.9888,0.5404,0.08225
2025-08-09,P03,L06,21149,19052,638,271,395.51,37.58,2654.79,0.2835,0.9008,0.9676,0.2471,0.13934
2025-08-10,P01,L01,14359,13871,482,148,429.61,31.03,1618.66,0.308,0.966,0.9664,0.2875,0.11669
2025-08-10,P01,L02,13365,11545,339,137,428.61,26.78,982.0,0.3072,0.8638,0.9715,0.2578,0.08506
2025-08-10,P02,L03,24878,22509,384,166,848.15,39.26,2182.84,0.608,0.9048,0.9832,0.5409,0.09698
2025-08-10,P02,L04,27020,24314,1085,431,1279.98,103.25,3092.63,0.9176,0.8999,0.9573,0.7904,0.1272
2025-08-10,P03,L05,22136,22421,357,152,826.37,91.46,2087.12,0.5924,1.0129,0.9843,0.5906,0.09309
2025-08-10,P03,L06,58253,50608,1645,659,1227.85,114.33,4768.02,0.8802,0.8688,0.9685,0.7406,0.09421
2025-08-11,P01,L01,52993,46701,840,430,1232.47,133.05,4936.76,0.8835,0.8813,0.9823,0.7648,0.10571
2025-08-11,P01,L02,68978,61485,3233,821,1276.08,78.61,10203.6,0.9148,0.8914,0.95,0.7747,0.16595
2025-08-11,P02,L03,37194,32726,995,383,1130.66,227.38,3862.78,0.8105,0.8799,0.9705,0.6921,0.11803
2025-08-11,P02,L04,29988,26553,796,351,1268.61,110.07,3253.51,0.9094,0.8855,0.9709,0.7818,0.12253
2025-08-11,P03,L05,38748,36157,845,293,1203.88,153.7,4922.46,0.863,0.9331,0.9772,0.7869,0.13614
2025-08-11,P03,L06,88030,77775,2887,947,1252.84,114.58,8912.9,0.8981,0.8835,0.9642,0.7651,0.1146
2025-08-12,P01,L01,40412,37169,924,378,1283.82,95.7,3793.13,0.9203,0.9198,0.9757,0.8259,0.10205
2025-08-12,P01,L02,79102,72476,2453,970,1223.2,143.41,7663.92,0.8768,0.9162,0.9673,0.7771,0.10574
2025-08-12,P02,L03,50692,47059,2199,885,1199.43,154.54,7354.51,0.8598,0.9283,0.9554,0.7626,0.15628
2025-08-12,P02,L04,28091,25486,909,318,1107.15,228.32,2737.73,0.7937,0.9073,0.9656,0.6953,0.10742
2025-08-12,P03,L05,40610,39823,1412,474,1169.08,138.34,6188.06,0.8381,0.9806,0.9658,0.7937,0.15539
2025-08-12,P03,L06,85884,76484,1696,866,1312.15,77.51,7918.95,0.9406,0.8906,0.9783,0.8195,0.10354
2025-08-13,P01,L01,54629,49851,1009,420,1294.33,71.84,5578.22,0.9278,0.9125,0.9802,0.8299,0.1119
2025-08-13,P01,L02,72843,65026,2555,1100,1134.31,206.23,6732.67,0.8131,0.8927,0.9622,0.6984,0.10354
2025-08-13,P02,L03,56706,53524,900,307,1175.48,187.08,7169.36,0.8426,0.9439,0.9835,0.7822,0.13395
2025-08-13,P02,L04,33813,30512,943,413,1268.35,80.94,3724.56,0.9092,0.9024,0.97,0.7959,0.12207
2025-08-13,P03,L05,37569,33190,1449,547,1217.84,121.87,4108.73,0.873,0.8834,0.9582,0.739,0.12379
2025-08-13,P03,L06,87693,78237,3386,1335,1260.3,109.38,8670.36,0.9034,0.8922,0.9585,0.7726,0.11082
2025-08-14,P01,L01,52383,47516,1832,552,1164.2,186.97,5030.12,0.8345,0.9071,0.9629,0.7289,0.10586
2025-08-14,P01,L02,89166,82434,2687,1006,1273.73,95.91,11433.01,0.9131,0.9245,0.9684,0.8175,0.13869
2025-08-14,P02,L03,45195,41012,1395,564,1227.4,117.48,5948.52,0.8799,0.9074,0.9671,0.7722,0.14504
2025-08-14,P02,L04,34374,30230,1151,442,1162.13,200.26,4253.13,0.8331,0.8794,0.9633,0.7058,0.14069
2025-08-14,P03,L05,35918,33428,1129,518,1281.95,73.96,3868.8,0.919,0.9307,0.9673,0.8273,0.11574
2025-08-14,P03,L06,81399,71960,2491,995,1255.05,94.2,10852.84,0.8997,0.884,0.9665,0.7687,0.15082
2025-08-15,P01,L01,63556,61682,898,317,1140.96,186.65,6592.02,0.8179,0.9705,0.9857,0.7824,0.10687
2025-08-15,P01,L02,80486,72661,1868,815,1207.01,145.57,8609.94,0.8652,0.9028,0.9749,0.7615,0.11849
2025-08-15,P02,L03,44070,41634,1398,445,1213.0,127.3,5734.41,0.8695,0.9447,0.9675,0.7948,0.13773
2025-08-15,P02,L04,39193,36033,1066,429,1251.31,118.98,4596.64,0.897,0.9194,0.9713,0.801,0.12757
2025-08-15,P03,L05,41955,39746,1319,475,1241.22,92.93,4981.58,0.8898,0.9473,0.9679,0.8158,0.12534
2025-08-15,P03,L06,71229,63591,2085,788,1165.38,192.47,7091.35,0.8354,0.8928,0.9683,0.7221,0.11152
2025-08-16,P01,L01,10459,9575,284,100,413.84,33.68,1309.26,0.2967,0.9155,0.9712,0.2638,0.13674
2025-08-16,P01,L02,40244,36691,942,408,817.68,70.91,4033.35,0.5861,0.9117,0.975,0.521,0.10993
2025-08-16,P02,L03,19297,16256,587,245,844.53,53.85,1976.54,0.6054,0.8424,0.9651,0.4922,0.12159
2025-08-16,P02,L04,20127,19177,687,260,1131.12,200.42,2419.77,0.8108,0.9528,0.9654,0.7458,0.12618
2025-08-16,P03,L05,23288,21206,518,223,792.94,95.95,2150.82,0.5684,0.9106,0.9762,0.5053,0.10143
2025-08-16,P03,L06,18523,15916,489,170,439.65,17.52,1566.91,0.3152,0.8593,0.9702,0.2627,0.09845
2025-08-17,P01,L02,32378,29532,553,235,881.01,22.14,3841.94,0.6315,0.9121,0.9816,0.5654,0.13009
2025-08-17,P02,L03,24306,23387,972,501,806.62,89.42,2293.1,0.5782,0.9622,0.9601,0.5342,0.09805
2025-08-17,P02,L04,7769,7666,264,107,411.96,38.74,915.84,0.2953,0.9867,0.9667,0.2817,0.11947
2025-08-17,P03,L05,19683,17402,774,335,848.11,47.14,2077.73,0.608,0.8841,0.9574,0.5146,0.1194
2025-08-17,P03,L06,36862,34324,766,333,845.47,65.4,4144.13,0.6061,0.9311,0.9782,0.552,0.12074
2025-08-18,P01,L01,48819,45551,919,308,1281.07,64.09,4700.17,0.9183,0.9331,0.9802,0.8399,0.10318
2025-08-18,P01,L02,79137,68309,1789,903,1249.41,126.66,8078.71,0.8956,0.8632,0.9745,0.7534,0.11827
2025-08-18,P02,L03,52711,46899,928,303,1137.25,207.9,3046.04,0.8152,0.8897,0.9806,0.7113,0.06495
2025-08-18,P02,L04,28110,24665,912,378,1280.1,108.08,3193.6,0.9176,0.8774,0.9643,0.7765,0.12948
2025-08-18,P03,L05,29041,26221,804,250,1243.19,114.66,3543.53,0.8912,0.9029,0.9702,0.7807,0.13514
2025-08-18,P03,L06,64933,56950,1656,475,1213.31,147.39,7734.37,0.8698,0.8771,0.9717,0.7413,0.13581
2025-08-19,P01,L01,48769,46533,1080,451,1181.09,191.87,4199.51,0.8467,0.9542,0.9773,0.7895,0.09025
2025-08-19,P01,L02,85117,82300,2821,1010,1256.2,82.04,8036.44,0.9005,0.9669,0.9669,0.8418,0.09765
2025-08-19,P02,L03,39810,36774,1054,537,1221.87,131.2,4669.36,0.8759,0.9237,0.9721,0.7866,0.12697
2025-08-19,P02,L04,37598,32610,1027,296,1280.17,58.2,5038.48,0.9177,0.8673,0.9695,0.7716,0.15451
2025-08-19,P03,L05,45276,40775,1608,723,1138.47,171.3,6363.7,0.8161,0.9006,0.9621,0.7071,0.15607
2025-08-19,P03,L06,74366,67381,3434,1404,1216.77,123.02,10858.62,0.8722,0.9061,0.9515,0.752,0.16115
2025-08-20,P01,L01,50631,47554,1625,659,1224.48,128.67,6314.61,0.8778,0.9392,0.967,0.7972,0.13279
2025-08-20,P01,L02,69758,65468,2139,775,1278.12,80.68,9619.69,0.9162,0.9385,0.9684,0.8327,0.14694
2025-08-20,P02,L03,48592,44103,2015,688,1081.9,255.47,6286.63,0.7756,0.9076,0.9563,0.6732,0.14254
2025-08-20,P02,L04,36666,34584,1246,441,1261.13,87.0,3522.94,0.904,0.9432,0.9652,0.823,0.10187
2025-08-20,P03,L05,32722,28879,768,313,1279.98,106.78,3383.08,0.9175,0.8826,0.9741,0.7888,0.11715
2025-08-20,P03,L06,84197,76547,2242,626,1127.63,185.79,8086.42,0.8083,0.9091,0.9715,0.714,0.10564
2025-08-21,P01,L01,60796,55363,2522,1078,1265.27,79.48,7903.95,0.907,0.9106,0.9564,0.79,0.14277
2025-08-21,P01,L02,62983,57646,2343,1104,1201.83,142.5,7187.73,0.8615,0.9153,0.9609,0.7577,0.12469
2025-08-21,P02,L03,56238,52636,1466,493,1331.71,40.69,6504.42,0.9546,0.936,0.9729,0.8693,0.12357
2025-08-21,P02,L04,31840,29499,1045,351,1236.9,129.49,3172.83,0.8867,0.9265,0.9658,0.7934,0.10756
2025-08-21,P03,L05,37914,35361,586,177,1294.57,87.41,3843.04,0.928,0.9327,0.9837,0.8514,0.10868
2025-08-21,P03,L06,75153,70909,2233,832,1200.57,150.96,6198.22,0.8606,0.9435,0.9695,0.7872,0.08741
2025-08-22,P01,L01,60196,53429,1480,589,1230.43,117.82,5579.12,0.882,0.8876,0.973,0.7618,0.10442
2025-08-22,P01,L02,67908,65395,1627,505,1221.28,160.37,7594.23,0.8755,0.963,0.9757,0.8226,0.11613
2025-08-22,P02,L03,44670,39453,1365,555,1242.36,138.4,3944.43,0.8906,0.8832,0.9666,0.7603,0.09998
2025-08-22,P02,L04,23912,22733,595,264,1231.55,135.93,2747.57,0.8828,0.9507,0.9745,0.8179,0.12086
2025-08-22,P03,L05,33666,30346,1414,599,1295.73,78.43,3859.71,0.9288,0.9014,0.9555,0.8,0.12719
2025-08-22,P03,L06,86540,79324,2891,1199,1216.24,139.11,11402.28,0.8719,0.9166,0.9648,0.7711,0.14374
2025-08-23,P01,L02,39545,38846,963,509,807.64,80.49,5077.6,0.579,0.9823,0.9758,0.555,0.13071
2025-08-23,P02,L03,10381,9415,311,91,444.26,9.87,656.92,0.3185,0.9069,0.968,0.2796,0.06977
2025-08-23,P02,L04,16030,14035,346,155,807.02,80.86,1484.05,0.5785,0.8755,0.9759,0.4943,0.10574
2025-08-23,P03,L06,72359,66927,2899,822,1269.25,91.98,7138.54,0.9099,0.9249,0.9585,0.8066,0.10666
2025-08-24,P01,L01,12885,12317,424,113,394.48,70.52,1237.92,0.2828,0.9559,0.9667,0.2613,0.10051
2025-08-24,P01,L02,39969,35988,821,353,776.23,129.4,5901.99,0.5564,0.9004,0.9777,0.4898,0.164
2025-08-24,P02,L03,31407,28457,1503,508,1225.46,120.96,2709.13,0.8785,0.9061,0.9498,0.756,0.0952
2025-08-24,P02,L04,7638,6457,254,85,412.58,52.42,533.18,0.2958,0.8454,0.9622,0.2406,0.08257
2025-08-24,P03,L05,24271,22557,455,192,778.15,123.83,2932.6,0.5578,0.9294,0.9802,0.5082,0.13001
2025-08-24,P03,L06,18911,18260,301,100,420.32,33.95,2372.59,0.3013,0.9656,0.9838,0.2862,0.12993
2025-08-25,P01,L01,58623,52593,2198,780,1242.94,107.59,6275.39,0.891,0.8971,0.9599,0.7673,0.11932
2025-08-25,P01,L02,55920,51328,1257,551,1211.24,140.21,5193.96,0.8683,0.9179,0.9761,0.7779,0.10119
2025-08-25,P02,L03,56409,50676,1695,538,1204.25,129.9,7254.27,0.8633,0.8984,0.9676,0.7504,0.14315
2025-08-25,P02,L04,28776,27727,984,348,1268.82,93.84,3928.92,0.9096,0.9635,0.9657,0.8464,0.1417
2025-08-25,P03,L05,49849,45906,851,237,1201.84,144.7,4690.38,0.8615,0.9209,0.9818,0.7789,0.10217
2025-08-25,P03,L06,76520,67959,3366,1166,1191.18,148.3,10023.81,0.8539,0.8881,0.9528,0.7226,0.1475
2025-08-26,P01,L01,58466,52097,2196,835,1138.15,213.22,6641.85,0.8159,0.8911,0.9596,0.6976,0.12749
2025-08-26,P01,L02,74640,68942,2906,968,1233.12,145.48,8933.01,0.884,0.9237,0.9596,0.7835,0.12957
2025-08-26,P02,L03,38901,35419,1300,475,1214.55,141.83,5470.42,0.8706,0.9105,0.9646,0.7646,0.15445
2025-08-26,P02,L04,31068,29684,952,420,1217.43,138.72,3889.71,0.8727,0.9555,0.9689,0.8079,0.13104
2025-08-26,P03,L05,40667,34774,1463,464,1191.48,164.62,4889.61,0.8541,0.8551,0.9596,0.7009,0.14061
2025-08-26,P03,L06,83224,73428,3350,1020,1180.54,178.32,11065.44,0.8463,0.8823,0.9564,0.7141,0.1507
2025-08-27,P01,L01,52561,47029,2210,962,1255.88,96.41,5561.19,0.9003,0.8948,0.9551,0.7694,0.11825
2025-08-27,P01,L02,81942,75043,2836,1094,1145.92,181.02,9758.76,0.8214,0.9158,0.9636,0.7249,0.13004
2025-08-27,P02,L03,45060,40303,1619,708,1211.01,165.94,6696.6,0.8681,0.8944,0.9614,0.7465,0.16616
2025-08-27,P02,L04,38864,35799,788,249,1289.09,68.58,3612.33,0.9241,0.9211,0.9785,0.8329,0.10091
2025-08-27,P03,L05,43626,39018,1616,486,1218.82,151.57,5086.82,0.8737,0.8944,0.9602,0.7503,0.13037
2025-08-27,P03,L06,77367,68478,2426,886,1217.84,127.74,7083.97,0.873,0.8851,0.9658,0.7463,0.10345
2025-08-28,P01,L01,51762,46648,1247,607,1210.99,148.82,5269.03,0.8681,0.9012,0.974,0.762,0.11295
2025-08-28,P01,L02,73336,66937,2443,1015,1169.13,175.52,6979.19,0.8381,0.9127,0.9648,0.738,0.10427
2025-08-28,P02,L03,62671,56576,1732,577,1230.59,113.81,7215.12,0.8821,0.9027,0.9703,0.7727,0.12753
2025-08-28,P02,L04,39204,33529,1281,534,1260.46,119.09,4710.59,0.9036,0.8552,0.9632,0.7443,0.14049
2025-08-28,P03,L05,42438,38766,1731,644,1149.5,207.52,6084.29,0.824,0.9135,0.9573,0.7205,0.15695
2025-08-28,P03,L06,90482,87673,1925,658,1215.24,123.76,5964.82,0.8711,0.969,0.9785,0.826,0.06803
2025-08-29,P01,L01,46753,41956,1642,628,1162.86,172.59,5666.57,0.8336,0.8974,0.9623,0.7199,0.13506
2025-08-29,P01,L02,73824,63351,2578,845,1222.33,133.79,6932.31,0.8762,0.8581,0.9609,0.7225,0.10943
2025-08-29,P02,L03,50342,45384,1809,825,1224.52,126.54,6571.58,0.8778,0.9015,0.9617,0.761,0.1448
2025-08-29,P02,L04,25402,24496,692,214,1204.53,167.72,2978.37,0.8635,0.9643,0.9725,0.8098,0.12159
2025-08-29,P03,L05,40834,36345,1207,405,1277.31,97.73,4194.89,0.9156,0.8901,0.9679,0.7888,0.11542
2025-08-29,P03,L06,86853,78821,2897,1120,1145.12,193.8,9123.31,0.8209,0.9075,0.9645,0.7186,0.11575
2025-08-30,P01,L01,32691,30149,816,364,830.31,59.51,3423.47,0.5952,0.9222,0.9736,0.5345,0.11355
2025-08-30,P01,L02,63465,61470,2284,1099,1193.15,144.51,8744.59,0.8553,0.9686,0.9642,0.7987,0.14226
2025-08-30,P02,L04,9530,9344,414,204,420.87,35.96,1256.17,0.3017,0.9805,0.9576,0.2833,0.13444
2025-08-30,P03,L05,14775,13183,497,209,854.39,68.34,1794.87,0.6125,0.8923,0.9637,0.5266,0.13615
2025-08-30,P03,L06,35787,30302,1204,409,808.3,85.75,3954.5,0.5794,0.8467,0.9618,0.4719,0.1305
2025-08-31,P01,L01,26263,24244,785,238,824.73,88.56,2672.31,0.5912,0.9231,0.9686,0.5286,0.11023
2025-08-31,P01,L02,22721,19578,786,321,407.31,49.41,1846.65,0.292,0.8617,0.9614,0.2419,0.09432
2025-08-31,P02,L03,29660,26007,924,279,835.6,80.09,3429.01,0.599,0.8768,0.9657,0.5072,0.13185
2025-08-31,P02,L04,23243,22266,888,387,1200.44,141.26,2830.76,0.8605,0.958,0.9616,0.7927,0.12713
2025-08-31,P03,L05,21917,20637,382,161,788.07,81.38,2333.89,0.5649,0.9416,0.9818,0.5223,0.11309
2025-08-31,P03,L06,36020,34821,745,342,798.59,105.62,2867.27,0.5725,0.9667,0.9791,0.5418,0.08234
2025-09-01,P01,L01,54726,52904,1816,614,1270.08,57.54,4918.5,0.9105,0.9667,0.9668,0.8509,0.09297
2025-09-01,P01,L02,67640,61934,2247,1021,1212.88,152.25,8292.22,0.8694,0.9156,0.965,0.7682,0.13389
2025-09-01,P02,L03,57227,53840,1560,525,1170.77,177.97,8315.94,0.8393,0.9408,0.9718,0.7674,0.15446
2025-09-01,P02,L04,31164,29088,1018,318,1253.2,84.69,2639.36,0.8984,0.9334,0.9662,0.8102,0.09074
2025-09-01,P03,L05,44939,42384,1488,534,1239.12,129.36,5050.99,0.8883,0.9431,0.9661,0.8093,0.11917
2025-09-01,P03,L06,68038,64600,1694,684,1250.63,104.81,9753.12,0.8965,0.9495,0.9744,0.8295,0.15098
2025-09-02,P01,L01,53391,48259,1759,622,1183.0,169.59,6498.06,0.848,0.9039,0.9648,0.7396,0.13465
2025-09-02,P01,L02,88652,87022,3323,1614,1200.19,160.45,13116.97,0.8604,0.9816,0.9632,0.8135,0.15073
2025-09-02,P02,L03,46382,42831,936,359,1179.77,178.56,5480.89,0.8457,0.9234,0.9786,0.7643,0.12797
2025-09-02,P02,L04,34565,30750,1126,354,1186.33,155.53,3784.29,0.8504,0.8896,0.9647,0.7298,0.12307
2025-09-02,P03,L05,36138,33365,1647,544,1172.04,158.6,4546.95,0.8402,0.9233,0.953,0.7392,0.13628
2025-09-02,P03,L06,80180,77777,2068,805,1227.37,151.41,8577.28,0.8798,0.97,0.9741,0.8314,0.11028
2025-09-03,P01,L01,52099,49734,1198,386,1219.57,146.56,6318.2,0.8742,0.9546,0.9765,0.8149,0.12704
2025-09-03,P01,L02,62738,59377,1350,539,1159.83,188.3,6769.39,0.8314,0.9464,0.9778,0.7694,0.11401
2025-09-03,P02,L03,49327,44796,1570,769,1172.23,196.28,7210.83,0.8403,0.9081,0.9661,0.7373,0.16097
2025-09-03,P02,L04,35321,31096,1025,410,1215.44,141.95,3932.76,0.8713,0.8804,0.9681,0.7426,0.12647
2025-09-03,P03,L05,51118,48150,1270,473,1274.07,54.76,8047.74,0.9133,0.9419,0.9743,0.8382,0.16714
2025-09-03,P03,L06,94938,84076,3494,1553,1248.49,106.25,9822.54,0.895,0.8856,0.9601,0.761,0.11683
2025-09-04,P01,L01,56737,52418,2071,996,1254.09,124.29,5616.97,0.899,0.9239,0.962,0.799,0.10716
2025-09-04,P01,L02,86805,81871,3126,1016,1255.96,76.75,9561.13,0.9003,0.9432,0.9632,0.8179,0.11678
2025-09-04,P02,L03,49771,43052,1972,781,1189.25,169.84,4905.01,0.8525,0.865,0.9562,0.7051,0.11393
2025-09-04,P02,L04,37247,34384,1379,672,1235.76,131.89,3696.65,0.8859,0.9231,0.9614,0.7862,0.10751
2025-09-04,P03,L05,40210,36979,982,337,1221.47,155.65,4203.4,0.8756,0.9196,0.9741,0.7844,0.11367
2025-09-04,P03,L06,89449,81121,3100,886,1148.31,206.52,7920.16,0.8232,0.9069,0.9632,0.719,0.09763
2025-09-05,P01,L01,52792,48978,1298,560,1268.48,105.38,4645.66,0.9093,0.9278,0.9742,0.8218,0.09485
2025-09-05,P01,L02,88853,87073,2678,1200,1267.96,113.56,12647.73,0.9089,0.98,0.9702,0.8641,0.14525
2025-09-05,P02,L03,43763,40002,1157,385,1239.72,123.16,4811.3,0.8887,0.9141,0.9719,0.7895,0.12028
2025-09-05,P02,L04,29660,29758,412,172,1223.54,141.0,3130.59,0.8771,1.0033,0.9863,0.868,0.1052
2025-09-05,P03,L05,48559,45247,1601,609,1194.04,167.27,6601.11,0.8559,0.9318,0.9658,0.7703,0.14589
2025-09-05,P03,L06,68172,61436,2557,999,1158.33,150.41,9925.93,0.8303,0.9012,0.96,0.7184,0.16157
2025-09-06,P01,L01,15042,14219,70,17,426.24,37.53,1321.75,0.3055,0.9453,0.9951,0.2874,0.09296
2025-09-06,P01,L02,23200,20554,386,166,353.14,87.51,3371.66,0.2531,0.8859,0.9816,0.2201,0.16404
2025-09-06,P02,L03,31901,28589,1275,270,785.39,125.53,4414.42,0.563,0.8962,0.9573,0.483,0.15441
2025-09-06,P02,L04,16357,15345,719,335,903.64,18.98,1654.22,0.6478,0.9381,0.9552,0.5805,0.1078
2025-09-06,P03,L05,12954,11890,781,342,403.82,52.2,2079.06,0.2895,0.9179,0.9384,0.2493,0.17486
2025-09-06,P03,L06,42285,40639,1166,327,860.34,51.62,4628.37,0.6167,0.9611,0.9721,0.5762,0.11389
2025-09-07,P01,L01,26834,24309,597,229,785.04,118.47,2687.26,0.5628,0.9059,0.976,0.4976,0.11055
2025-09-07,P01,L02,37146,33670,1867,832,877.55,48.94,5591.38,0.6291,0.9064,0.9475,0.5402,0.16606
2025-09-07,P02,L03,26935,23965,782,334,869.81,60.19,2495.83,0.6235,0.8897,0.9684,0.5372,0.10414
2025-09-07,P02,L04,17718,16154,490,213,761.66,137.7,2063.47,0.546,0.9117,0.9706,0.4831,0.12774
2025-09-07,P03,L05,18375,16545,566,124,862.18,55.7,1401.23,0.618,0.9004,0.9669,0.5381,0.08469
2025-09-07,P03,L06,63752,60331,1766,602,1145.07,206.31,7728.86,0.8208,0.9463,0.9716,0.7547,0.12811
2025-09-08,P01,L01,46120,43608,1502,571,1211.91,148.75,5692.32,0.8688,0.9455,0.9667,0.7941,0.13053
2025-09-08,P01,L02,69960,59650,2812,1055,1258.74,118.56,9681.13,0.9023,0.8526,0.955,0.7347,0.1623
2025-09-08,P02,L03,51343,47415,1712,752,1246.17,116.9,5904.24,0.8933,0.9235,0.9652,0.7962,0.12452
2025-09-08,P02,L04,25182,23706,994,315,1294.46,73.28,2184.19,0.9279,0.9414,0.9598,0.8384,0.09214
2025-09-08,P03,L05,37504,33899,1123,561,1207.02,115.02,3430.82,0.8652,0.9039,0.9679,0.757,0.10121
2025-09-08,P03,L06,79694,70980,2346,773,1301.09,63.26,8822.44,0.9327,0.8907,0.968,0.8041,0.12429
2025-09-09,P01,L01,43514,40378,578,263,1264.17,85.91,4217.26,0.9062,0.9279,0.9859,0.829,0.10444
2025-09-09,P01,L02,86262,78798,1820,577,1186.9,186.76,10312.48,0.8508,0.9135,0.9774,0.7597,0.13087
2025-09-09,P02,L03,36525,33620,940,338,1273.46,117.54,4035.24,0.9129,0.9205,0.9728,0.8174,0.12002
2025-09-09,P02,L04,33557,31801,1350,483,1237.64,116.02,4724.12,0.8872,0.9477,0.9593,0.8065,0.14855
2025-09-09,P03,L05,51597,50788,1220,367,1288.5,89.17,4716.75,0.9237,0.9843,0.9765,0.8878,0.09287
2025-09-09,P03,L06,89341,82551,2203,716,1269.12,116.25,11230.27,0.9098,0.924,0.974,0.8188,0.13604
2025-09-10,P01,L01,64051,55570,3318,1194,1161.26,196.13,8410.2,0.8324,0.8676,0.9437,0.6815,0.15134
2025-09-10,P01,L02,77713,68302,2407,570,1228.08,130.19,8519.79,0.8803,0.8789,0.966,0.7474,0.12474
2025-09-10,P02,L03,52741,48557,1645,609,1257.67,111.38,6221.19,0.9016,0.9207,0.9672,0.8028,0.12812
2025-09-10,P02,L04,37417,34581,1606,545,1262.31,104.4,3301.07,0.9049,0.9242,0.9556,0.7992,0.09546
2025-09-10,P03,L05,44902,41304,985,448,1198.51,159.32,4175.37,0.8591,0.9199,0.9767,0.7719,0.10109
2025-09-10,P03,L06,64234,58473,2386,932,1170.08,192.34,6144.96,0.8388,0.9103,0.9608,0.7336,0.10509
2025-09-11,P01,L01,59082,55303,1297,436,1190.6,151.34,6254.03,0.8535,0.936,0.9771,0.7806,0.11309
2025-09-11,P01,L02,77459,68405,2021,599,1221.61,137.09,6972.26,0.8757,0.8831,0.9713,0.7512,0.10193
2025-09-11,P02,L03,46926,44562,1293,539,1292.4,80.7,5633.39,0.9265,0.9496,0.9718,0.855,0.12642
2025-09-11,P02,L04,32313,31003,1394,483,1214.59,113.88,3375.41,0.8707,0.9595,0.957,0.7994,0.10887
2025-09-11,P03,L05,39108,35774,541,272,1226.85,114.72,3069.44,0.8795,0.9147,0.9851,0.7925,0.0858
2025-09-11,P03,L06,92652,90324,2781,917,1167.21,197.19,8975.46,0.8367,0.9749,0.9701,0.7913,0.09937
2025-09-12,P01,L01,62465,58976,2352,774,1255.75,102.52,7531.71,0.9002,0.9441,0.9616,0.8173,0.12771
2025-09-12,P01,L02,75338,69536,2653,1037,1243.87,102.94,9279.62,0.8917,0.923,0.9632,0.7927,0.13345
2025-09-12,P02,L03,56310,54555,1848,616,1194.43,172.29,7964.86,0.8562,0.9688,0.9672,0.8024,0.146
2025-09-12,P02,L04,29739,27800,1671,585,1197.77,138.65,3769.37,0.8586,0.9348,0.9433,0.7571,0.13559
2025-09-12,P03,L05,39003,35181,1424,478,1231.38,121.82,3863.46,0.8827,0.902,0.9611,0.7652,0.10982
2025-09-12,P03,L06,80584,72566,1866,807,1266.7,96.79,10316.56,0.908,0.9005,0.9749,0.7972,0.14217
2025-09-13,P01,L01,13631,12204,259,133,417.15,47.85,1068.63,0.299,0.8953,0.9792,0.2622,0.08756
2025-09-13,P01,L02,70515,62013,1762,855,1251.82,124.91,7411.39,0.8974,0.8794,0.9724,0.7674,0.11951
2025-09-13,P02,L03,42586,38789,1414,537,1037.66,303.51,5482.4,0.7438,0.9108,0.9648,0.6537,0.14134
2025-09-13,P02,L04,7926,6822,274,75,454.42,0.0,727.94,0.3258,0.8607,0.9614,0.2696,0.10671
2025-09-13,P03,L05,23848,21773,410,141,808.95,85.66,2530.28,0.5799,0.913,0.9815,0.5196,0.11621
2025-09-13,P03,L06,23775,22800,792,211,393.72,68.24,2007.68,0.2822,0.959,0.9664,0.2616,0.08806
2025-09-14,P01,L01,19143,17433,803,413,428.28,0.0,1798.14,0.307,0.9107,0.956,0.2673,0.10315
2025-09-14,P01,L02,21877,19851,146,34,384.98,74.68,1909.54,0.276,0.9074,0.9927,0.2486,0.09619
2025-09-14,P02,L04,15040,14028,286,73,812.85,76.97,1538.35,0.5827,0.9327,0.98,0.5326,0.10966
2025-09-14,P03,L05,10137,9043,109,40,443.11,12.74,866.85,0.3176,0.8921,0.9881,0.28,0.09586
2025-09-14,P03,L06,17293,17332,328,121,381.19,68.57,3333.58,0.2733,1.0023,0.9814,0.2688,0.19234
2025-09-15,P01,L01,47340,44865,1753,675,1150.23,184.13,6525.54,0.8245,0.9477,0.9624,0.752,0.14545
2025-09-15,P01,L02,75319,71465,2209,908,1242.39,108.29,9158.36,0.8906,0.9488,0.97,0.8197,0.12815
2025-09-15,P02,L03,53355,46928,1671,444,1318.28,17.29,4880.82,0.945,0.8795,0.9656,0.8026,0.10401
2025-09-15,P02,L04,31254,29002,1098,418,1251.61,95.13,4020.75,0.8972,0.9279,0.9635,0.8022,0.13864
2025-09-15,P03,L05,42582,38473,1094,423,1303.24,67.42,4936.82,0.9342,0.9035,0.9724,0.8207,0.12832
2025-09-15,P03,L06,74519,66094,1990,709,1180.33,172.73,7116.76,0.8461,0.8869,0.9708,0.7285,0.10768
2025-09-16,P01,L01,57669,52237,1806,768,1317.56,32.57,7155.52,0.9445,0.9058,0.9666,0.8269,0.13698
2025-09-16,P01,L02,61036,55478,1461,632,1212.71,144.19,6159.46,0.8693,0.9089,0.9743,0.7699,0.11103
2025-09-16,P02,L03,57960,51478,1513,492,1221.73,152.56,4693.69,0.8758,0.8882,0.9714,0.7556,0.09118
2025-09-16,P02,L04,31876,30314,958,427,1237.29,109.57,2985.2,0.8869,0.951,0.9694,0.8176,0.09848
2025-09-16,P03,L05,38734,35585,1425,559,1200.89,163.38,6293.62,0.8609,0.9187,0.9615,0.7604,0.17686
2025-09-16,P03,L06,91422,87752,1726,412,1226.35,148.68,8296.84,0.8791,0.9599,0.9807,0.8275,0.09455
2025-09-17,P01,L01,53515,49256,983,356,1197.88,151.37,7055.5,0.8587,0.9204,0.9804,0.7749,0.14324
2025-09-17,P01,L02,88263,79529,3419,1065,1261.44,83.88,11225.83,0.9043,0.901,0.9588,0.7812,0.14115
2025-09-17,P02,L03,61479,59762,1906,748,1285.06,59.87,7573.14,0.9212,0.9721,0.9691,0.8678,0.12672
2025-09-17,P02,L04,37987,34875,1063,317,1141.35,193.98,3079.76,0.8182,0.9181,0.9704,0.7289,0.08831
2025-09-17,P03,L05,35989,33239,1601,573,1204.34,136.26,5417.83,0.8633,0.9236,0.954,0.7607,0.163
2025-09-17,P03,L06,76045,67064,1456,544,1260.4,108.3,6102.62,0.9035,0.8819,0.9788,0.7799,0.091
2025-09-18,P01,L01,69683,62622,1945,942,1229.75,138.83,7734.73,0.8815,0.8987,0.9699,0.7683,0.12351
2025-09-18,P01,L02,77002,68161,2463,1041,1151.18,199.72,8211.66,0.8252,0.8852,0.9651,0.705,0.12047
2025-09-18,P02,L03,52040,46231,1390,594,1303.61,72.08,5026.29,0.9345,0.8884,0.9708,0.8059,0.10872
2025-09-18,P02,L04,39734,35987,1114,450,1200.61,163.09,3831.92,0.8607,0.9057,0.97,0.7561,0.10648
2025-09-18,P03,L05,50191,46953,1466,633,1126.65,231.68,6027.18,0.8076,0.9355,0.9697,0.7327,0.12837
2025-09-18,P03,L06,85655,76593,2814,994,1240.58,132.69,11618.96,0.8893,0.8942,0.9646,0.767,0.1517
2025-09-19,P01,L01,56773,53542,2616,1057,1188.07,154.86,9064.84,0.8517,0.9431,0.9534,0.7658,0.1693
2025-09-19,P01,L02,90024,78302,2000,852,1225.7,137.44,9580.02,0.8786,0.8698,0.9751,0.7452,0.12235
2025-09-19,P02,L03,56012,49358,1872,838,1133.44,194.31,5892.86,0.8125,0.8812,0.9635,0.6898,0.11939
2025-09-19,P02,L04,35495,31576,1038,320,1169.54,191.02,4925.55,0.8384,0.8896,0.9682,0.7221,0.15599
2025-09-19,P03,L05,39903,39340,1452,670,1262.78,102.09,4607.37,0.9052,0.9859,0.9644,0.8607,0.11712
2025-09-19,P03,L06,66927,60102,1904,761,1316.75,43.91,6378.26,0.9439,0.898,0.9693,0.8216,0.10612
2025-09-20,P01,L01,30589,28416,1069,296,793.65,132.03,3603.87,0.5689,0.929,0.9637,0.5093,0.12683
2025-09-20,P01,L02,54305,50893,1925,623,1244.12,138.0,6918.51,0.8918,0.9372,0.9636,0.8053,0.13594
2025-09-20,P02,L03,34095,30163,971,478,807.12,91.28,4088.32,0.5786,0.8847,0.9688,0.4959,0.13554
2025-09-20,P02,L04,19549,17566,438,157,816.92,70.66,1650.85,0.5856,0.8986,0.9757,0.5134,0.09398
2025-09-20,P03,L05,15665,15433,723,272,768.92,130.36,2527.38,0.5512,0.9852,0.9552,0.5187,0.16376
2025-09-20,P03,L06,70053,66822,2581,751,1180.92,183.3,6786.1,0.8465,0.9539,0.9628,0.7775,0.10155
2025-09-21,P01,L01,11397,9824,347,146,418.26,32.69,1148.94,0.2998,0.862,0.9659,0.2496,0.11695
2025-09-21,P01,L02,63104,57524,1868,582,1342.67,32.15,7545.69,0.9625,0.9116,0.9685,0.8498,0.13117
2025-09-21,P02,L03,10641,10572,57,16,416.34,48.66,1192.82,0.2984,0.9935,0.9946,0.2949,0.11283
2025-09-21,P02,L04,18067,16135,612,218,758.24,139.65,1962.46,0.5435,0.8931,0.9635,0.4677,0.12163
2025-09-21,P03,L05,25420,22154,652,246,816.39,94.65,2616.68,0.5852,0.8715,0.9714,0.4955,0.11811
2025-09-21,P03,L06,41848,39712,984,401,833.61,86.47,4966.53,0.5976,0.949,0.9758,0.5534,0.12506
2025-09-22,P01,L01,68138,61366,2186,602,1154.42,201.15,5678.29,0.8275,0.9006,0.9656,0.7197,0.09253
2025-09-22,P01,L02,78515,70501,2983,1103,1145.25,212.8,10260.57,0.821,0.8979,0.9594,0.7072,0.14554
2025-09-22,P02,L03,53640,50864,1805,793,1182.21,170.1,7167.51,0.8475,0.9482,0.9657,0.7761,0.14092
2025-09-22,P02,L04,35672,31900,1397,532,1211.44,145.03,5421.37,0.8684,0.8943,0.958,0.744,0.16995
2025-09-22,P03,L05,41843,35086,1313,502,1243.26,146.93,4229.82,0.8912,0.8385,0.9639,0.7203,0.12056
2025-09-22,P03,L06,89311,85848,2076,748,1221.82,161.12,8532.2,0.8759,0.9612,0.9764,0.822,0.09939
2025-09-23,P01,L01,58215,53247,2240,736,1209.56,138.87,4774.99,0.8671,0.9147,0.9596,0.7611,0.08968
2025-09-23,P01,L02,81566,78551,1979,742,1242.85,122.25,11064.86,0.8909,0.963,0.9754,0.8369,0.14086
2025-09-23,P02,L03,49382,46546,1454,482,1254.86,97.96,6839.25,0.8995,0.9426,0.9697,0.8222,0.14694
2025-09-23,P02,L04,35540,32207,1133,357,1222.81,124.09,4812.36,0.8766,0.9062,0.966,0.7674,0.14942
2025-09-23,P03,L05,31147,29579,1108,430,1282.38,63.22,3525.05,0.9193,0.9497,0.9639,0.8415,0.11917
2025-09-23,P03,L06,88021,80424,3292,1011,1255.72,106.71,11417.59,0.9002,0.9137,0.9607,0.7901,0.14197
2025-09-24,P01,L01,58454,54514,1306,548,1270.14,86.9,7430.64,0.9105,0.9326,0.9766,0.8293,0.13631
2025-09-24,P01,L02,90900,82622,3337,1113,1221.73,126.38,11651.78,0.8758,0.9089,0.9612,0.7651,0.14103
2025-09-24,P02,L03,55270,53105,779,295,1178.39,202.8,6083.89,0.8447,0.9608,0.9855,0.7999,0.11456
2025-09-24,P02,L04,30370,25965,1202,426,1170.03,193.03,4322.04,0.8387,0.855,0.9558,0.6853,0.16646
2025-09-24,P03,L05,43745,41234,1201,468,1240.44,92.98,3943.17,0.8892,0.9426,0.9717,0.8144,0.09563
2025-09-24,P03,L06,71268,66437,1491,569,1241.12,120.34,5628.94,0.8897,0.9322,0.9781,0.8112,0.08473
2025-09-25,P01,L01,71675,67692,2244,1166,1154.94,194.94,8258.96,0.8279,0.9444,0.9679,0.7568,0.12201
2025-09-25,P01,L02,76673,71461,2443,1031,1309.06,80.5,7518.41,0.9384,0.932,0.9669,0.8457,0.10521
2025-09-25,P02,L03,57574,52420,918,368,1204.9,155.02,4798.19,0.8637,0.9105,0.9828,0.7729,0.09153
2025-09-25,P02,L04,39023,35529,1073,490,1232.31,131.76,4019.61,0.8834,0.9105,0.9707,0.7807,0.11314
2025-09-25,P03,L05,46134,41436,1048,345,1151.57,191.94,4769.25,0.8255,0.8982,0.9753,0.7231,0.1151
2025-09-25,P03,L06,99271,88784,3056,1223,1198.28,153.71,10438.55,0.859,0.8944,0.9667,0.7427,0.11757
2025-09-26,P01,L01,57272,55155,1881,659,1323.25,54.07,7307.6,0.9486,0.963,0.967,0.8834,0.13249
2025-09-26,P01,L02,100145,92993,2040,600,1194.34,160.25,9967.99,0.8562,0.9286,0.9785,0.7779,0.10719
2025-09-26,P02,L03,55978,50910,2176,694,1209.14,144.77,5717.36,0.8668,0.9095,0.959,0.756,0.1123
2025-09-26,P02,L04,34198,31941,862,309,1187.91,160.46,3605.29,0.8515,0.934,0.9737,0.7744,0.11287
2025-09-26,P03,L05,37197,34073,1031,425,1186.33,164.49,3332.1,0.8504,0.916,0.9706,0.7561,0.09779
2025-09-26,P03,L06,93157,86905,3465,1512,1209.27,136.52,10025.31,0.8669,0.9329,0.9617,0.7777,0.11536
2025-09-27,P01,L01,45810,42936,1391,368,1201.43,148.24,4837.16,0.8612,0.9373,0.9686,0.7819,0.11266
2025-09-27,P01,L02,57839,51302,1992,573,1242.29,105.22,5513.51,0.8905,0.887,0.9626,0.7604,0.10747
2025-09-27,P02,L03,11964,11673,567,204,402.63,62.37,1924.46,0.2886,0.9757,0.9537,0.2686,0.16486
2025-09-27,P02,L04,8928,7890,173,59,392.54,56.81,900.21,0.2814,0.8837,0.9785,0.2433,0.11409
2025-09-27,P03,L05,30653,27044,755,331,1188.96,189.28,3887.55,0.8523,0.8823,0.9728,0.7315,0.14375
2025-09-27,P03,L06,19392,17234,453,231,379.36,67.92,1814.06,0.2719,0.8887,0.9744,0.2355,0.10526
2025-09-28,P01,L01,30802,28130,1724,601,882.05,20.83,3318.02,0.6323,0.9133,0.9423,0.5441,0.11795
2025-09-28,P01,L02,23514,19856,1012,292,394.85,54.43,2876.67,0.283,0.8444,0.9515,0.2274,0.14488
2025-09-28,P02,L03,25692,24859,705,377,832.35,53.91,3083.3,0.5967,0.9676,0.9724,0.5614,0.12403
2025-09-28,P02,L04,22148,19730,516,182,863.57,22.04,2572.69,0.619,0.8908,0.9745,0.5374,0.13039
2025-09-28,P03,L05,13949,12362,236,53,365.09,57.0,1495.28,0.2617,0.8862,0.9813,0.2276,0.12096
2025-09-28,P03,L06,34303,29578,1260,411,863.32,52.22,3752.64,0.6189,0.8623,0.9591,0.5118,0.12687
2025-09-29,P01,L01,53326,47412,1220,372,1254.65,121.35,4682.59,0.8994,0.8891,0.9749,0.7796,0.09876
2025-09-29,P01,L02,87335,81404,3967,1673,1158.26,199.67,13077.81,0.8303,0.9321,0.9535,0.7379,0.16065
2025-09-29,P02,L03,51186,44633,2206,741,1210.4,160.25,6262.53,0.8677,0.872,0.9529,0.721,0.14031
2025-09-29,P02,L04,30998,29300,1338,558,1216.2,132.19,3835.93,0.8718,0.9452,0.9563,0.7881,0.13092
2025-09-29,P03,L05,46095,42047,1472,414,1159.21,193.26,5314.78,0.831,0.9122,0.9662,0.7324,0.1264
2025-09-29,P03,L06,83410,81310,2298,691,1193.4,173.98,10018.93,0.8555,0.9748,0.9725,0.811,0.12322
2025-09-30,P01,L01,53710,50079,2218,884,1174.7,167.89,7605.75,0.8421,0.9324,0.9576,0.7518,0.15187
2025-09-30,P01,L02,85277,77393,2861,1148,1241.26,153.74,10010.2,0.8898,0.9075,0.9644,0.7787,0.12934
2025-09-30,P02,L03,55714,52581,1234,528,1248.43,108.43,6334.99,0.8949,0.9438,0.9771,0.8252,0.12048
2025-09-30,P02,L04,28763,27578,698,234,1311.71,25.86,2711.5,0.9403,0.9588,0.9753,0.8793,0.09832
2025-09-30,P03,L05,45112,40623,1429,504,1268.6,107.64,5036.5,0.9094,0.9005,0.966,0.7911,0.12398
2025-09-30,P03,L06,70272,61251,2547,762,1216.36,152.92,8724.33,0.8719,0.8716,0.9601,0.7297,0.14244
2025-10-01,P01,L01,59714,56423,2257,687,1203.31,141.61,7048.16,0.8626,0.9449,0.9615,0.7837,0.12492
2025-10-01,P01,L02,88286,80279,3791,1388,1215.57,148.95,8261.82,0.8714,0.9093,0.9549,0.7566,0.10291
2025-10-01,P02,L03,39989,36262,940,289,1174.59,186.7,5501.23,0.842,0.9068,0.9747,0.7442,0.15171
2025-10-01,P02,L04,39155,34921,1340,448,1236.4,147.29,3961.63,0.8863,0.8919,0.963,0.7613,0.11345
2025-10-01,P03,L05,36854,34127,677,260,1229.75,124.52,3914.21,0.8815,0.926,0.9805,0.8004,0.1147
2025-10-01,P03,L06,86733,85354,1627,571,1173.9,197.07,7768.11,0.8415,0.9841,0.9813,0.8126,0.09101
2025-10-02,P01,L01,56440,50165,1732,382,1122.97,222.54,6945.64,0.805,0.8888,0.9666,0.6916,0.13846
2025-10-02,P01,L02,80870,73012,2828,889,1190.71,181.9,10101.34,0.8536,0.9028,0.9627,0.7419,0.13835
2025-10-02,P02,L03,46277,42430,904,377,1192.75,161.35,4772.05,0.855,0.9169,0.9791,0.7676,0.11247
2025-10-02,P02,L04,35072,33978,1110,413,1181.62,191.26,4528.32,0.847,0.9688,0.9684,0.7947,0.13327
2025-10-02,P03,L05,39152,35216,857,395,1310.67,74.41,3859.63,0.9396,0.8995,0.9762,0.825,0.1096
2025-10-02,P03,L06,80553,69458,3009,997,1234.78,123.75,9733.56,0.8851,0.8623,0.9585,0.7315,0.14014
2025-10-03,P01,L01,62513,55232,1507,568,1254.54,116.61,5937.4,0.8993,0.8835,0.9734,0.7735,0.1075
2025-10-03,P01,L02,90922,78218,3755,1091,1227.0,124.51,10347.86,0.8796,0.8603,0.9542,0.722,0.1323
2025-10-03,P02,L03,52660,46910,2130,980,1165.53,184.22,5463.94,0.8355,0.8908,0.9566,0.712,0.11648
2025-10-03,P02,L04,32187,30084,929,436,1206.57,146.22,4318.54,0.8649,0.9347,0.97,0.7842,0.14355
2025-10-03,P03,L05,44979,40632,1185,354,1275.19,99.86,4135.33,0.9141,0.9034,0.9717,0.8024,0.10178
2025-10-03,P03,L06,88894,81847,3069,1115,1213.27,165.22,9555.19,0.8697,0.9207,0.9639,0.7718,0.11674
2025-10-04,P01,L01,17446,15572,592,219,429.9,17.79,1791.74,0.3082,0.8926,0.9634,0.265,0.11506
2025-10-04,P01,L02,20618,20341,765,247,400.47,56.44,2792.79,0.2871,0.9866,0.9638,0.273,0.1373
2025-10-04,P02,L04,9860,9630,270,79,411.33,48.81,1404.86,0.2949,0.9767,0.9727,0.2801,0.14588
2025-10-04,P03,L05,36802,34868,742,301,1238.6,111.31,3777.31,0.8879,0.9474,0.9792,0.8237,0.10833
2025-10-05,P01,L01,30365,26523,894,420,842.99,69.4,2392.96,0.6043,0.8735,0.9674,0.5106,0.09022
2025-10-05,P01,L02,15777,14119,581,310,397.46,45.34,2422.27,0.2849,0.8949,0.9605,0.2449,0.17156
2025-10-05,P02,L03,37333,34614,1391,537,1159.55,181.29,4400.08,0.8312,0.9272,0.9614,0.7409,0.12712
2025-10-05,P02,L04,23274,21855,257,95,1259.5,109.68,1998.05,0.9029,0.939,0.9884,0.838,0.09142
2025-10-05,P03,L05,23719,20375,925,359,807.22,99.29,2915.04,0.5787,0.859,0.9566,0.4755,0.14307
2025-10-05,P03,L06,33698,28710,1256,447,745.82,118.88,4184.84,0.5346,0.852,0.9581,0.4364,0.14576
2025-10-06,P01,L01,64223,57885,1367,497,1270.48,97.62,5350.93,0.9107,0.9013,0.9769,0.8019,0.09244
2025-10-06,P01,L02,78327,67081,3334,1058,1258.62,78.41,8008.92,0.9022,0.8564,0.9527,0.7361,0.11939
2025-10-06,P02,L03,57462,54862,2212,916,1268.71,98.34,7642.2,0.9095,0.9548,0.9612,0.8347,0.1393
2025-10-06,P02,L04,32391,28399,980,382,1258.44,131.71,3600.43,0.9021,0.8768,0.9666,0.7645,0.12678
2025-10-06,P03,L05,50480,44082,1506,401,1283.81,79.51,4796.15,0.9203,0.8733,0.967,0.7771,0.1088
2025-10-06,P03,L06,61467,55164,1496,427,1293.21,88.42,7027.01,0.927,0.8975,0.9736,0.81,0.12738
2025-10-07,P01,L01,51354,46437,2160,843,1095.16,231.32,7474.28,0.7851,0.9043,0.9556,0.6783,0.16096
2025-10-07,P01,L02,87283,80697,1533,533,1252.93,106.87,11040.64,0.8982,0.9245,0.9814,0.8149,0.13682
2025-10-07,P02,L03,55277,51082,1630,667,1159.42,199.61,6432.36,0.8311,0.9241,0.9691,0.7443,0.12592
2025-10-07,P02,L04,34083,31235,869,279,1205.48,170.86,3453.51,0.8641,0.9164,0.9729,0.7705,0.11057
2025-10-07,P03,L05,52404,48860,1019,376,1238.42,116.11,6913.11,0.8878,0.9324,0.9796,0.8108,0.14149
2025-10-07,P03,L06,89214,80347,2681,1050,1314.62,42.96,6579.58,0.9424,0.9006,0.9677,0.8213,0.08189
2025-10-08,P01,L01,55255,51050,2044,624,1203.11,149.42,7085.67,0.8624,0.9239,0.9615,0.7661,0.1388
2025-10-08,P01,L02,76690,71184,3634,1218,1246.15,106.08,6228.54,0.8933,0.9282,0.9514,0.7889,0.0875
2025-10-08,P02,L03,54394,51221,1485,613,1178.63,165.3,8855.96,0.8449,0.9417,0.9718,0.7732,0.1729
2025-10-08,P02,L04,31526,30670,889,371,1310.15,53.95,4566.14,0.9392,0.9728,0.9718,0.8879,0.14888
2025-10-08,P03,L05,38049,35085,1077,359,1207.22,123.87,5882.68,0.8654,0.9221,0.9702,0.7742,0.16767
2025-10-08,P03,L06,74748,70839,1698,562,1291.0,73.64,7821.06,0.9255,0.9477,0.9766,0.8565,0.11041
2025-10-09,P01,L01,65858,64058,1196,475,1236.82,117.04,6294.49,0.8866,0.9727,0.9817,0.8466,0.09826
2025-10-09,P01,L02,69874,64932,1557,546,1233.64,111.72,6877.11,0.8843,0.9293,0.9766,0.8025,0.10591
2025-10-09,P02,L03,49330,47197,1844,846,1190.65,146.59,5652.49,0.8535,0.9568,0.9624,0.7859,0.11976
2025-10-09,P02,L04,43112,41657,1525,646,1259.68,97.44,4864.89,0.903,0.9663,0.9647,0.8417,0.11678
2025-10-09,P03,L05,49398,46297,1010,384,1181.37,159.1,6353.66,0.8469,0.9372,0.9787,0.7768,0.13724
2025-10-09,P03,L06,84925,80614,2827,1157,1176.67,203.72,9546.9,0.8435,0.9492,0.9661,0.7735,0.11843
2025-10-10,P01,L01,60004,51562,1672,617,1205.72,123.94,6544.36,0.8643,0.8593,0.9686,0.7194,0.12692
2025-10-10,P01,L02,91750,86740,2386,945,1214.44,151.29,10331.94,0.8706,0.9454,0.9732,0.801,0.11911
2025-10-10,P02,L03,57424,49186,2216,905,1190.5,154.62,8051.51,0.8534,0.8565,0.9569,0.6995,0.1637
2025-10-10,P02,L04,36836,34633,1367,491,1194.75,155.29,4670.42,0.8564,0.9402,0.962,0.7747,0.13485
2025-10-10,P03,L05,39421,35718,1319,527,1186.38,147.7,4694.01,0.8504,0.9061,0.9644,0.7431,0.13142
2025-10-10,P03,L06,82469,78259,3447,1294,1175.05,179.05,8533.85,0.8423,0.949,0.9578,0.7656,0.10905
2025-10-11,P01,L01,11008,9142,410,223,430.4,18.98,1011.2,0.3085,0.8305,0.9571,0.2452,0.11061
2025-10-11,P01,L02,43363,40390,1342,514,838.34,64.58,4794.18,0.601,0.9314,0.9678,0.5418,0.1187
2025-10-11,P02,L03,12637,10507,455,230,404.44,37.24,1256.25,0.2899,0.8314,0.9585,0.2311,0.11956
2025-10-11,P02,L04,10581,8967,295,79,395.14,55.66,1457.28,0.2833,0.8475,0.9681,0.2324,0.16252
2025-10-11,P03,L05,21434,20666,684,284,772.59,139.2,2793.95,0.5538,0.9642,0.968,0.5169,0.1352
2025-10-11,P03,L06,40959,34653,1478,571,818.2,76.39,3936.85,0.5865,0.846,0.9591,0.4759,0.11361
2025-10-12,P01,L01,18160,17270,846,410,393.78,58.28,1957.79,0.2823,0.951,0.9533,0.2559,0.11336
2025-10-12,P01,L02,55116,53869,1880,684,1231.07,127.43,7028.04,0.8825,0.9774,0.9663,0.8334,0.13047
2025-10-12,P02,L03,12169,11687,137,63,432.22,9.64,953.78,0.3098,0.9604,0.9884,0.2941,0.08161
2025-10-12,P02,L04,8244,7294,118,29,420.21,41.12,933.53,0.3012,0.8848,0.9841,0.2623,0.12799
2025-10-12,P03,L05,19577,17776,378,107,812.36,103.75,3063.7,0.5823,0.908,0.9792,0.5178,0.17235
2025-10-12,P03,L06,49222,47013,2047,690,802.43,94.89,6474.83,0.5752,0.9551,0.9583,0.5265,0.13772
2025-10-13,P01,L01,42951,39661,1226,591,1246.02,114.77,5029.03,0.8932,0.9234,0.97,0.8001,0.1268
2025-10-13,P01,L02,90331,80118,3510,1648,1214.12,143.18,10940.43,0.8703,0.8869,0.958,0.7395,0.13655
2025-10-13,P02,L03,48211,45880,1023,476,1247.16,93.03,5318.47,0.894,0.9517,0.9782,0.8322,0.11592
2025-10-13,P02,L04,34598,31907,880,355,1170.09,159.53,3358.94,0.8388,0.9222,0.9732,0.7528,0.10527
2025-10-13,P03,L05,47682,47365,1002,437,1217.03,122.24,4229.68,0.8724,0.9934,0.9793,0.8487,0.0893
2025-10-13,P03,L06,103033,93895,3472,1376,1177.66,146.12,11110.02,0.8442,0.9113,0.9643,0.7419,0.11832
2025-10-14,P01,L01,68250,64340,1809,831,1226.02,127.72,6946.13,0.8789,0.9427,0.9727,0.8059,0.10796
2025-10-14,P01,L02,83202,78002,2407,703,1248.69,124.77,10915.27,0.8951,0.9375,0.9701,0.8141,0.13994
2025-10-14,P02,L03,52216,49165,2080,718,1174.45,201.28,9525.71,0.8419,0.9416,0.9594,0.7605,0.19375
2025-10-14,P02,L04,33865,31574,1169,417,1171.17,190.57,4457.89,0.8395,0.9323,0.9643,0.7548,0.14119
2025-10-14,P03,L05,38451,37585,935,265,1218.4,148.57,5505.39,0.8734,0.9775,0.9757,0.833,0.14648
2025-10-14,P03,L06,80066,71685,2251,701,1242.62,107.88,8641.62,0.8908,0.8953,0.9696,0.7732,0.12055
2025-10-15,P01,L01,59289,53887,2215,747,1211.01,124.54,6293.77,0.8681,0.9089,0.9605,0.7579,0.1168
2025-10-15,P01,L02,90341,81972,3639,1387,1306.87,46.04,9982.3,0.9368,0.9074,0.9575,0.8139,0.12178
2025-10-15,P02,L03,46765,44867,1910,737,1200.92,154.65,5106.6,0.8609,0.9594,0.9592,0.7922,0.11382
2025-10-15,P02,L04,33657,29704,1140,320,1181.03,183.75,3955.34,0.8466,0.8826,0.963,0.7196,0.13316
2025-10-15,P03,L05,46130,40732,1788,749,1307.4,63.12,4108.49,0.9372,0.883,0.9579,0.7927,0.10087
2025-10-15,P03,L06,90235,80224,3063,944,1230.73,119.37,10166.7,0.8822,0.8891,0.9632,0.7555,0.12673
2025-10-16,P01,L01,51062,48022,1790,726,1177.15,179.14,7077.82,0.8438,0.9405,0.9641,0.7651,0.14739
2025-10-16,P01,L02,63653,55318,995,453,1280.61,70.84,6259.02,0.918,0.8691,0.9823,0.7837,0.11315
2025-10-16,P02,L03,48731,42872,1964,683,1255.65,109.3,5107.61,0.9001,0.8798,0.9562,0.7572,0.11914
2025-10-16,P02,L04,33995,29845,565,147,1125.39,231.24,3220.48,0.8067,0.8779,0.9814,0.6951,0.10791
2025-10-16,P03,L05,61323,56617,1536,578,1244.63,102.63,6729.34,0.8922,0.9233,0.9736,0.802,0.11886
2025-10-16,P03,L06,85469,76823,1757,627,1272.28,112.66,10431.21,0.912,0.8988,0.9776,0.8014,0.13578
2025-10-17,P01,L01,58643,53934,650,166,1197.82,167.97,5299.72,0.8587,0.9197,0.9881,0.7803,0.09826
2025-10-17,P01,L02,95930,90844,2313,881,1226.02,117.45,8696.01,0.8789,0.947,0.9752,0.8116,0.09572
2025-10-17,P02,L03,54147,49724,1387,605,1187.68,172.57,6625.67,0.8514,0.9183,0.9729,0.7606,0.13325
2025-10-17,P02,L04,30887,28775,1050,482,1203.2,134.86,3522.31,0.8625,0.9316,0.9648,0.7752,0.12241
2025-10-17,P03,L05,41923,37519,1285,559,1171.49,167.34,4843.5,0.8398,0.895,0.9669,0.7267,0.12909
2025-10-17,P03,L06,102929,90615,3246,1121,1193.1,150.19,9352.27,0.8553,0.8804,0.9654,0.7269,0.10321
2025-10-18,P01,L01,33481,30150,939,351,814.97,115.03,3291.23,0.5842,0.9005,0.9698,0.5102,0.10916
2025-10-18,P01,L02,37241,33569,826,285,850.25,62.24,3614.38,0.6095,0.9014,0.976,0.5362,0.10767
2025-10-18,P02,L03,28522,26986,552,249,802.49,67.71,2316.56,0.5753,0.9461,0.98,0.5334,0.08584
2025-10-18,P02,L04,7315,7079,247,97,435.35,29.58,809.59,0.3121,0.9677,0.9663,0.2918,0.11436
2025-10-18,P03,L05,26500,24976,647,278,1284.0,85.69,3114.6,0.9204,0.9425,0.9747,0.8456,0.1247
2025-10-18,P03,L06,38953,34227,1363,570,880.44,34.24,3120.39,0.6311,0.8787,0.9617,0.5333,0.09117
2025-10-19,P01,L01,26463,25592,1020,431,784.36,113.21,3023.52,0.5623,0.9671,0.9617,0.5229,0.11814
2025-10-19,P01,L02,43879,40035,1608,506,852.27,61.32,5734.54,0.6109,0.9124,0.9614,0.5359,0.14324
2025-10-19,P02,L03,24582,23622,695,225,815.55,84.88,4068.44,0.5846,0.9609,0.9714,0.5457,0.17223
2025-10-19,P02,L04,18974,17860,575,218,744.16,139.92,2014.31,0.5334,0.9413,0.9688,0.4865,0.11278
2025-10-19,P03,L05,33997,30371,1149,492,1280.84,80.35,4070.26,0.9182,0.8933,0.9635,0.7903,0.13402
2025-10-19,P03,L06,19079,18118,244,62,443.79,0.0,2007.04,0.3181,0.9496,0.9867,0.2981,0.11078
2025-10-20,P01,L01,46459,43606,1422,568,1208.34,147.46,4332.98,0.8662,0.9386,0.9684,0.7873,0.09937
2025-10-20,P01,L02,98320,90592,3455,1050,1176.65,152.83,8210.41,0.8435,0.9214,0.9633,0.7486,0.09063
2025-10-20,P02,L03,64649,62372,1852,833,1264.3,95.38,6203.34,0.9063,0.9648,0.9712,0.8492,0.09946
2025-10-20,P02,L04,33077,30762,469,147,1195.59,168.97,4033.6,0.8571,0.93,0.985,0.7851,0.13112
2025-10-20,P03,L05,48203,41606,1481,491,1148.95,221.55,5987.37,0.8236,0.8631,0.9656,0.6865,0.14391
2025-10-20,P03,L06,97132,95054,3685,1459,1194.42,151.66,15577.24,0.8562,0.9786,0.9627,0.8066,0.16388
2025-10-21,P01,L01,63462,61777,1364,661,1201.15,157.11,5608.23,0.861,0.9734,0.9784,0.8201,0.09078
2025-10-21,P01,L02,94641,88663,2684,993,1261.09,117.49,10792.71,0.904,0.9368,0.9706,0.822,0.12173
2025-10-21,P02,L03,51663,46238,1469,588,1250.58,90.61,4910.34,0.8965,0.895,0.9692,0.7776,0.1062
2025-10-21,P02,L04,33881,32245,1397,460,1267.62,87.11,5155.26,0.9087,0.9517,0.9585,0.8289,0.15988
2025-10-21,P03,L05,51006,45832,855,251,1294.34,55.74,4535.82,0.9278,0.8986,0.9817,0.8185,0.09897
2025-10-21,P03,L06,96258,86857,2311,855,1195.92,156.07,6667.39,0.8573,0.9023,0.9741,0.7535,0.07676
2025-10-22,P01,L01,60676,55776,1157,553,1280.48,92.65,5713.85,0.9179,0.9192,0.9797,0.8266,0.10244
2025-10-22,P01,L02,100868,94732,3124,1110,1215.24,152.86,12710.05,0.8711,0.9392,0.9681,0.792,0.13417
2025-10-22,P02,L03,50662,46798,1032,391,1174.08,174.92,6433.58,0.8416,0.9237,0.9784,0.7607,0.13748
2025-10-22,P02,L04,39419,37056,1180,596,1164.62,160.47,3522.44,0.8348,0.9401,0.9691,0.7606,0.09506
2025-10-22,P03,L05,51185,49173,1830,570,1230.77,127.15,4782.19,0.8823,0.9607,0.9641,0.8172,0.09725
2025-10-22,P03,L06,74451,68087,2260,1011,1247.97,112.22,8320.93,0.8946,0.9145,0.9679,0.7919,0.12221
2025-10-23,P01,L01,59479,53382,2553,1089,1273.84,77.17,6461.3,0.9131,0.8975,0.9544,0.7821,0.12104
2025-10-23,P01,L02,90443,78439,2691,1020,1194.43,149.9,7379.32,0.8562,0.8673,0.9668,0.7179,0.09408
2025-10-23,P02,L03,47071,40729,2058,632,1157.32,188.2,6833.27,0.8296,0.8653,0.9519,0.6833,0.16777
2025-10-23,P02,L04,31901,28975,1146,401,1239.04,125.21,3173.17,0.8882,0.9083,0.962,0.776,0.10951
2025-10-23,P03,L05,38556,35138,1007,272,1233.72,105.73,5558.63,0.8844,0.9113,0.9721,0.7835,0.15819
2025-10-23,P03,L06,84070,79355,2119,920,1251.05,105.7,7177.66,0.8968,0.9439,0.974,0.8245,0.09045
2025-10-24,P01,L01,70650,63477,2116,774,1170.81,165.52,8260.2,0.8393,0.8985,0.9677,0.7298,0.13013
2025-10-24,P01,L02,74109,68940,2245,989,1260.14,91.68,8940.73,0.9033,0.9303,0.9685,0.8138,0.12969
2025-10-24,P02,L03,58147,54082,1727,391,1230.17,136.17,7649.7,0.8818,0.9301,0.9691,0.7948,0.14145
2025-10-24,P02,L04,40488,35959,712,341,1112.88,244.15,4037.21,0.7978,0.8881,0.9806,0.6948,0.11227
2025-10-24,P03,L05,51278,48039,776,345,1250.3,90.88,5698.7,0.8963,0.9368,0.9841,0.8263,0.11863
2025-10-24,P03,L06,82611,76357,2384,991,1199.38,153.15,9096.13,0.8598,0.9243,0.9697,0.7706,0.11913
2025-10-25,P01,L01,15410,14259,279,113,415.27,39.11,1486.19,0.2977,0.9253,0.9808,0.2702,0.10423
2025-10-25,P01,L02,42250,39843,1885,688,776.3,118.6,5668.48,0.5565,0.943,0.9548,0.5011,0.14227
2025-10-25,P02,L03,18067,16387,307,106,395.77,56.27,2626.19,0.2837,0.907,0.9816,0.2526,0.16026
2025-10-25,P02,L04,9917,9334,397,107,420.91,31.75,1249.84,0.3017,0.9412,0.9592,0.2724,0.1339
2025-10-25,P03,L05,22860,20158,585,213,874.58,22.79,1959.9,0.6269,0.8818,0.9718,0.5372,0.09723
2025-10-25,P03,L06,56910,50133,2158,847,1278.38,70.82,7319.85,0.9164,0.8809,0.9587,0.774,0.14601
2025-10-26,P01,L01,16299,15945,375,149,383.63,66.15,2141.34,0.275,0.9783,0.977,0.2628,0.1343
2025-10-26,P02,L03,24515,22538,304,84,896.38,31.72,1415.39,0.6426,0.9194,0.9867,0.5829,0.0628
2025-10-26,P02,L04,16032,15586,452,193,831.97,75.1,1385.55,0.5964,0.9722,0.9718,0.5635,0.0889
2025-10-26,P03,L05,20477,19389,611,141,799.78,106.29,2360.06,0.5733,0.9469,0.9695,0.5263,0.12172
2025-10-26,P03,L06,25841,23417,1197,336,423.24,37.62,2247.66,0.3034,0.9062,0.9514,0.2616,0.09598
2025-10-27,P01,L01,64010,58627,2376,933,1195.02,171.94,7324.23,0.8566,0.9159,0.9611,0.754,0.12493
2025-10-27,P01,L02,87760,80257,3254,828,1190.35,181.35,10781.49,0.8533,0.9145,0.961,0.7499,0.13434
2025-10-27,P02,L03,67029,62610,2144,823,1271.25,111.44,7536.23,0.9113,0.9341,0.9669,0.823,0.12037
2025-10-27,P02,L04,30270,29319,875,392,1227.93,123.88,2944.07,0.8802,0.9686,0.971,0.8279,0.10042
2025-10-27,P03,L05,42720,40436,835,243,1262.06,98.15,4522.83,0.9047,0.9465,0.9798,0.839,0.11185
2025-10-27,P03,L06,82391,72959,2030,593,1196.92,184.95,8771.6,0.858,0.8855,0.9729,0.7392,0.12023
2025-10-28,P01,L01,46042,39726,1649,636,1277.59,86.79,3908.51,0.9158,0.8628,0.9601,0.7587,0.09839
2025-10-28,P01,L02,96041,87218,3009,1150,1233.23,119.64,11597.02,0.884,0.9081,0.9667,0.776,0.13297
2025-10-28,P02,L03,42538,38316,1534,525,1205.41,144.12,4449.31,0.8641,0.9007,0.9615,0.7484,0.11612
2025-10-28,P02,L04,30844,27344,1170,472,1220.98,145.88,3351.32,0.8753,0.8865,0.959,0.7441,0.12256
2025-10-28,P03,L05,45226,42023,1460,443,1220.14,156.19,4577.47,0.8747,0.9292,0.9664,0.7854,0.10893
2025-10-28,P03,L06,69386,61593,2814,1168,1219.85,142.02,8903.26,0.8744,0.8877,0.9563,0.7423,0.14455
2025-10-29,P01,L01,47745,41491,1020,490,1277.27,94.12,4163.13,0.9156,0.869,0.976,0.7766,0.10034
2025-10-29,P01,L02,84913,78734,2758,1053,1284.19,96.92,10233.01,0.9206,0.9272,0.9662,0.8247,0.12997
2025-10-29,P02,L03,61053,55713,1624,740,1253.07,84.88,5621.11,0.8983,0.9125,0.9717,0.7965,0.10089
2025-10-29,P02,L04,30408,28240,714,310,1251.23,115.14,3480.82,0.8969,0.9287,0.9753,0.8125,0.12326
2025-10-29,P03,L05,50332,47629,2293,1071,1229.0,129.3,5580.94,0.881,0.9463,0.9541,0.7954,0.11718
2025-10-29,P03,L06,94444,86252,2388,852,1170.1,174.06,9968.93,0.8388,0.9133,0.9731,0.7454,0.11558
2025-10-30,P01,L01,62568,56938,1547,450,1242.46,101.94,5957.91,0.8907,0.91,0.9735,0.7891,0.10464
2025-10-30,P01,L02,81845,75069,2546,820,1238.07,129.21,9197.96,0.8875,0.9172,0.9672,0.7873,0.12253
2025-10-30,P02,L03,57795,54238,1709,532,1282.36,72.95,4831.62,0.9193,0.9385,0.9695,0.8363,0.08908
2025-10-30,P02,L04,33705,30821,1217,346,1160.8,199.3,4187.87,0.8321,0.9144,0.962,0.732,0.13588
2025-10-30,P03,L05,47948,44207,1504,438,1204.02,159.37,5764.72,0.8631,0.922,0.9671,0.7696,0.1304
2025-10-30,P03,L06,84572,75006,3050,1114,1226.05,129.42,7421.36,0.8789,0.8869,0.9609,0.749,0.09894
2025-10-31,P01,L01,56141,53730,1376,403,1245.85,121.64,7108.35,0.8931,0.9571,0.975,0.8334,0.1323
2025-10-31,P01,L02,86631,75246,2615,1313,1243.49,130.59,10296.2,0.8914,0.8686,0.9664,0.7482,0.13683
2025-10-31,P02,L03,45508,39144,2139,909,1297.99,70.06,5648.12,0.9305,0.8602,0.9482,0.7589,0.14429
2025-10-31,P02,L04,32871,29375,1559,744,1166.31,190.34,4765.96,0.8361,0.8936,0.9496,0.7095,0.16225
2025-10-31,P03,L05,45687,41855,1178,435,1210.13,122.37,6352.11,0.8675,0.9161,0.9726,0.773,0.15176
2025-10-31,P03,L06,84795,75367,989,454,1163.9,182.31,6634.35,0.8343,0.8888,0.987,0.732,0.08803
2025-11-01,P01,L02,53434,48164,2703,1006,1212.52,145.43,8302.45,0.8692,0.9014,0.9469,0.7418,0.17238
2025-11-01,P02,L03,33989,34014,852,307,824.49,95.81,2284.31,0.591,1.0007,0.9756,0.577,0.06716
2025-11-01,P02,L04,8171,7433,313,77,465.0,0.0,452.05,0.3333,0.9097,0.9596,0.291,0.06082
2025-11-01,P03,L05,10754,9330,323,107,433.34,16.92,852.59,0.3106,0.8676,0.9665,0.2605,0.09138
2025-11-02,P01,L01,14473,13842,348,91,437.76,21.15,1303.78,0.3138,0.9564,0.9755,0.2928,0.09419
2025-11-02,P01,L02,56773,49955,2121,935,1238.4,121.83,6313.26,0.8877,0.8799,0.9593,0.7493,0.12638
2025-11-02,P02,L03,36795,34099,744,270,1276.76,85.64,4439.7,0.9152,0.9267,0.9786,0.8301,0.1302
2025-11-02,P02,L04,7815,6515,312,136,414.35,43.29,811.73,0.297,0.8337,0.9543,0.2363,0.12459
2025-11-03,P01,L01,64540,62236,1528,497,1265.56,63.04,6456.85,0.9072,0.9643,0.976,0.8539,0.10375
2025-11-03,P01,L02,102122,95502,2935,1113,1252.78,114.34,12070.9,0.898,0.9352,0.9702,0.8148,0.12639
2025-11-03,P02,L03,47447,42806,1109,478,1252.61,126.67,4103.96,0.8979,0.9022,0.9747,0.7896,0.09587
2025-11-03,P02,L04,38618,36589,1138,478,1184.38,165.98,4959.21,0.849,0.9475,0.9698,0.7801,0.13554
2025-11-03,P03,L05,44110,39364,1327,408,1208.89,156.9,4945.27,0.8666,0.8924,0.9674,0.7481,0.12563
2025-11-03,P03,L06,96225,84588,4197,1354,1186.75,182.17,8533.64,0.8507,0.8791,0.9527,0.7125,0.10088
2025-11-04,P01,L01,69074,63272,1735,473,1232.96,158.67,6043.08,0.8838,0.916,0.9733,0.788,0.09551
2025-11-04,P01,L02,72551,68007,2186,960,1263.31,107.54,8698.5,0.9056,0.9374,0.9689,0.8224,0.12791
2025-11-04,P02,L03,48491,44655,1466,425,1240.88,121.71,4871.04,0.8895,0.9209,0.9682,0.7931,0.10908
2025-11-04,P02,L04,34618,30151,702,229,1218.45,156.7,2770.73,0.8734,0.871,0.9772,0.7434,0.0919
2025-11-04,P03,L05,46206,42530,1780,672,1171.36,181.96,5882.86,0.8397,0.9204,0.9598,0.7418,0.13832
2025-11-04,P03,L06,94211,93671,2658,1282,1218.58,123.33,10167.84,0.8735,0.9943,0.9724,0.8446,0.10855
2025-11-05,P01,L01,60610,58187,1856,846,1168.9,196.54,7621.09,0.8379,0.96,0.9691,0.7796,0.13098
2025-11-05,P01,L02,71304,61762,2540,1235,1223.36,113.18,7931.22,0.877,0.8662,0.9605,0.7296,0.12842
2025-11-05,P02,L03,61577,57027,2118,881,1199.87,153.4,6491.96,0.8601,0.9261,0.9642,0.768,0.11384
2025-11-05,P02,L04,30421,28536,703,227,1346.71,38.01,3970.97,0.9654,0.938,0.976,0.8838,0.13916
2025-11-05,P03,L05,48312,46041,1275,556,1176.08,159.05,7137.39,0.8431,0.953,0.9731,0.7818,0.15502
2025-11-05,P03,L06,79364,71089,2141,709,1150.21,184.96,9910.58,0.8245,0.8957,0.9708,0.717,0.13941
2025-11-06,P01,L01,60758,55118,2895,1299,1204.88,121.34,7739.61,0.8637,0.9072,0.9501,0.7444,0.14042
2025-11-06,P01,L02,87483,79301,3565,1234,1228.91,136.39,11112.33,0.8809,0.9065,0.957,0.7642,0.14013
2025-11-06,P02,L03,57238,52569,1745,546,1279.78,79.77,7371.2,0.9174,0.9184,0.9679,0.8155,0.14022
2025-11-06,P02,L04,35228,33841,1364,591,1241.98,102.76,3740.76,0.8903,0.9606,0.9613,0.8221,0.11054
2025-11-06,P03,L05,42327,41450,1239,542,1251.16,110.45,4428.39,0.8969,0.9793,0.971,0.8528,0.10684
2025-11-06,P03,L06,92647,85304,3939,1249,1220.24,119.13,11147.47,0.8747,0.9207,0.9559,0.7698,0.13068
2025-11-07,P01,L01,72023,66688,1066,296,1299.15,48.94,6935.25,0.9313,0.9259,0.9843,0.8487,0.104
2025-11-07,P01,L02,79089,70176,2864,669,1246.82,116.01,7819.01,0.8938,0.8873,0.9608,0.762,0.11142
2025-11-07,P02,L03,53296,50395,2014,540,1191.65,167.63,6858.41,0.8542,0.9456,0.9616,0.7767,0.13609
2025-11-07,P02,L04,33440,31331,1443,499,1279.83,86.54,5001.02,0.9174,0.9369,0.956,0.8217,0.15962
2025-11-07,P03,L05,45717,42806,927,230,1175.79,185.1,4852.78,0.8429,0.9363,0.9788,0.7725,0.11337
2025-11-07,P03,L06,95669,88596,3342,1677,1217.93,115.89,8357.82,0.8731,0.9261,0.9636,0.7791,0.09434
2025-11-08,P01,L01,15462,14267,0,0,415.78,38.14,1045.92,0.298,0.9227,1.0,0.275,0.07331
2025-11-08,P02,L03,26785,25219,530,131,834.97,73.04,2303.08,0.5985,0.9415,0.9794,0.552,0.09132
2025-11-08,P02,L04,8628,8648,166,60,397.44,60.29,861.52,0.2849,1.0023,0.9812,0.2802,0.09962
2025-11-08,P03,L05,10829,9266,293,113,364.62,74.83,1231.42,0.2614,0.8557,0.9693,0.2168,0.1329
2025-11-08,P03,L06,40894,38118,1046,429,858.23,51.79,4491.35,0.6152,0.9321,0.9733,0.5581,0.11783
2025-11-09,P01,L02,23525,21797,963,232,409.28,40.85,2755.1,0.2934,0.9265,0.9577,0.2603,0.1264
2025-11-09,P02,L03,25742,22195,842,325,836.96,75.21,2915.4,0.6,0.8622,0.9635,0.4984,0.13135
2025-11-09,P02,L04,10515,10111,494,128,450.38,14.62,1055.69,0.3229,0.9616,0.9534,0.296,0.10441
2025-11-09,P03,L05,18880,18275,815,350,772.34,112.88,2389.07,0.5536,0.968,0.9573,0.513,0.13073
2025-11-09,P03,L06,34533,34414,1249,508,800.83,101.65,3530.82,0.5741,0.9966,0.965,0.5521,0.1026
2025-11-10,P01,L01,57743,53935,1026,410,1251.35,121.2,5483.65,0.897,0.9341,0.9813,0.8222,0.10167
2025-11-10,P01,L02,89968,86061,2571,1176,1185.35,168.34,10365.54,0.8497,0.9566,0.971,0.7892,0.12044
2025-11-10,P02,L03,48604,45964,1036,416,1275.87,86.09,6060.44,0.9146,0.9457,0.978,0.8459,0.13185
2025-11-10,P02,L04,34028,31701,809,304,1267.36,92.11,3581.64,0.9085,0.9316,0.9751,0.8253,0.11298
2025-11-10,P03,L05,48285,44309,943,339,1222.24,143.43,4400.59,0.8762,0.9177,0.9792,0.7873,0.09932
2025-11-10,P03,L06,91996,88768,1813,800,1184.3,146.22,10549.62,0.849,0.9649,0.98,0.8028,0.11884
2025-11-11,P01,L01,58780,51684,1542,359,1158.42,210.12,5574.24,0.8304,0.8793,0.971,0.709,0.10785
2025-11-11,P01,L02,88409,80948,2911,759,1216.66,145.25,12081.27,0.8722,0.9156,0.9653,0.7708,0.14925
2025-11-11,P02,L03,55330,50378,1562,585,1167.32,209.61,6961.83,0.8368,0.9105,0.9699,0.739,0.13819
2025-11-11,P02,L04,28052,25671,1061,328,1168.13,172.48,3350.24,0.8374,0.9151,0.9603,0.7359,0.13051
2025-11-11,P03,L05,51290,46087,1791,836,1256.07,119.84,5288.48,0.9004,0.8986,0.9626,0.7788,0.11475
2025-11-11,P03,L06,95647,90341,2695,672,1250.64,117.0,13157.76,0.8965,0.9445,0.971,0.8223,0.14565
2025-11-12,P01,L01,53519,50916,1306,587,1303.78,35.24,5964.49,0.9346,0.9514,0.975,0.8669,0.11714
2025-11-12,P01,L02,78530,74468,1095,535,1221.04,122.44,7096.43,0.8753,0.9483,0.9855,0.818,0.0953
2025-11-12,P02,L03,49355,45177,1174,336,1234.23,139.12,5988.54,0.8848,0.9153,0.9747,0.7893,0.13256
2025-11-12,P02,L04,35471,33037,610,256,1170.69,199.29,3747.61,0.8392,0.9314,0.9819,0.7674,0.11344
2025-11-12,P03,L05,45979,42848,1958,584,1226.65,121.89,3893.3,0.8793,0.9319,0.9563,0.7836,0.09086
2025-11-12,P03,L06,79214,73132,3040,923,1260.48,85.33,12230.65,0.9036,0.9232,0.9601,0.8009,0.16724
2025-11-13,P01,L01,53691,50234,2145,604,1237.94,136.2,5632.65,0.8874,0.9356,0.959,0.7963,0.11213
2025-11-13,P01,L02,76596,69762,2665,890,1249.72,85.39,9593.87,0.8959,0.9108,0.9632,0.7859,0.13752
2025-11-13,P02,L03,58689,53932,1955,814,1209.0,118.16,6314.76,0.8667,0.9189,0.965,0.7686,0.11709
2025-11-13,P02,L04,34581,33102,217,62,1214.35,125.55,3007.87,0.8705,0.9572,0.9935,0.8278,0.09087
2025-11-13,P03,L05,46443,40896,1334,456,1259.24,92.99,4938.86,0.9027,0.8806,0.9684,0.7698,0.12077
2025-11-13,P03,L06,95585,81223,3366,908,1256.03,115.65,10369.67,0.9004,0.8497,0.9602,0.7347,0.12767
2025-11-14,P01,L01,57453,54439,1327,373,1299.08,78.89,5232.8,0.9312,0.9475,0.9762,0.8614,0.09612
2025-11-14,P01,L02,76227,71057,2551,793,1208.39,146.56,7126.27,0.8662,0.9322,0.9653,0.7795,0.10029
2025-11-14,P02,L03,57704,53599,1739,664,1211.38,148.64,6153.65,0.8684,0.9289,0.9686,0.7812,0.11481
2025-11-14,P02,L04,36566,33514,891,409,1276.0,98.22,3944.26,0.9147,0.9165,0.9741,0.8166,0.11769
2025-11-14,P03,L05,43530,39549,640,190,1250.3,102.44,3492.21,0.8963,0.9085,0.9841,0.8013,0.0883
2025-11-14,P03,L06,74094,70983,2008,610,1189.64,150.77,9759.47,0.8528,0.958,0.9725,0.7945,0.13749
2025-11-15,P01,L01,43112,41920,1082,336,1214.87,127.75,4971.27,0.8709,0.9724,0.9748,0.8255,0.11859
2025-11-15,P01,L02,59044,51755,1650,628,1242.15,111.54,6624.99,0.8904,0.8765,0.9691,0.7564,0.12801
2025-11-15,P02,L03,10389,9190,229,102,403.64,46.37,1336.19,0.2894,0.8846,0.9757,0.2497,0.1454
2025-11-15,P02,L04,16069,14569,606,290,829.78,73.65,2237.6,0.5948,0.9067,0.9601,0.5178,0.15359
2025-11-15,P03,L05,15583,13513,573,298,408.16,41.3,2458.13,0.2926,0.8672,0.9593,0.2434,0.18191
2025-11-15,P03,L06,20549,20493,578,181,418.48,27.56,2584.28,0.3,0.9973,0.9726,0.291,0.12611
2025-11-16,P01,L01,12074,10699,380,129,401.13,51.83,1475.39,0.2875,0.8861,0.9657,0.2461,0.1379
2025-11-16,P01,L02,19387,17840,687,362,375.7,64.5,2886.54,0.2693,0.9202,0.9629,0.2386,0.1618
2025-11-16,P02,L03,29836,26327,342,125,743.98,166.21,2962.81,0.5333,0.8824,0.9872,0.4646,0.11254
2025-11-16,P02,L04,7186,6844,332,132,393.39,55.47,672.91,0.282,0.9524,0.9537,0.2562,0.09832
2025-11-16,P03,L06,47018,43723,1272,641,811.51,106.51,6325.12,0.5817,0.9299,0.9717,0.5257,0.14466
2025-11-17,P01,L01,54673,51237,1009,374,1205.02,159.62,5258.2,0.8638,0.9372,0.9807,0.7939,0.10262
2025-11-17,P01,L02,95202,81902,2891,973,1231.43,126.03,8207.01,0.8827,0.8603,0.9659,0.7335,0.10021
2025-11-17,P02,L03,57876,52500,1172,410,1173.94,167.4,5611.06,0.8415,0.9071,0.9782,0.7467,0.10688
2025-11-17,P02,L04,37922,35718,1186,407,1151.26,200.94,4217.09,0.8253,0.9419,0.9679,0.7523,0.11807
2025-11-17,P03,L05,45993,42873,1184,436,1205.45,141.46,4944.26,0.8641,0.9322,0.9731,0.7839,0.11532
2025-11-17,P03,L06,72804,65755,2388,953,1185.17,159.91,8611.84,0.8496,0.9032,0.965,0.7404,0.13097
2025-11-18,P01,L01,52864,48232,1393,455,1221.03,83.06,5898.02,0.8753,0.9124,0.9719,0.7762,0.12228
2025-11-18,P01,L02,99811,94674,1853,603,1242.39,120.06,11629.71,0.8906,0.9485,0.9808,0.8285,0.12284
2025-11-18,P02,L03,65426,61901,1252,418,1255.11,108.68,6410.94,0.8997,0.9461,0.9802,0.8344,0.10357
2025-11-18,P02,L04,37958,33635,1009,341,1239.21,143.73,3620.91,0.8883,0.8861,0.9709,0.7642,0.10765
2025-11-18,P03,L05,40737,38219,1149,455,1181.95,159.13,4537.19,0.8473,0.9382,0.9708,0.7717,0.11872
2025-11-18,P03,L06,90550,83637,2343,836,1264.32,99.22,10127.61,0.9063,0.9237,0.9727,0.8143,0.12109
2025-11-19,P01,L01,67214,62428,1413,705,1256.23,102.06,6510.0,0.9005,0.9288,0.9779,0.8179,0.10428
2025-11-19,P01,L02,95186,84477,4488,1553,1180.78,195.41,11911.25,0.8464,0.8875,0.9496,0.7133,0.141
2025-11-19,P02,L03,54232,48868,1649,773,1253.26,117.95,5681.41,0.8984,0.9011,0.9674,0.7831,0.11626
2025-11-19,P02,L04,38085,34017,1331,469,1228.89,124.32,4799.54,0.8809,0.8932,0.9623,0.7572,0.14109
2025-11-19,P03,L05,41315,35796,1152,353,1268.96,64.36,3127.93,0.9097,0.8664,0.9688,0.7636,0.08738
2025-11-19,P03,L06,92739,85025,3399,1606,1223.83,135.45,9244.9,0.8773,0.9168,0.9616,0.7734,0.10873
2025-11-20,P01,L01,64560,58219,1710,734,1166.58,175.35,6453.76,0.8363,0.9018,0.9715,0.7326,0.11085
2025-11-20,P01,L02,93367,78818,3201,1185,1217.81,141.55,9881.27,0.873,0.8442,0.961,0.7082,0.12537
2025-11-20,P02,L03,49846,44462,1558,480,1279.87,88.03,5751.52,0.9175,0.892,0.9661,0.7907,0.12936
2025-11-20,P02,L04,28238,27138,806,324,1256.58,108.79,2649.33,0.9008,0.961,0.9712,0.8407,0.09762
2025-11-20,P03,L05,46900,46699,1097,390,1161.24,173.06,3929.57,0.8324,0.9957,0.977,0.8098,0.08415
2025-11-20,P03,L06,79131,70548,1727,554,1275.4,97.58,8753.25,0.9143,0.8915,0.9761,0.7956,0.12408
2025-11-21,P01,L01,67759,62489,2540,1115,1129.02,188.41,9638.21,0.8093,0.9222,0.9609,0.7172,0.15424
2025-11-21,P01,L02,80689,75676,2405,876,1349.82,23.73,12563.48,0.9676,0.9379,0.9692,0.8795,0.16602
2025-11-21,P02,L03,60392,54458,716,269,1189.7,173.11,5083.57,0.8528,0.9017,0.987,0.7591,0.09335
2025-11-21,P02,L04,33859,30255,1255,391,1182.9,170.37,4539.27,0.848,0.8936,0.9602,0.7275,0.15003
2025-11-21,P03,L05,50167,43854,1350,450,1275.37,91.57,4264.03,0.9142,0.8742,0.9701,0.7753,0.09723
2025-11-21,P03,L06,86516,77732,1567,669,1248.69,113.86,8692.1,0.8951,0.8985,0.9802,0.7883,0.11182
2025-11-22,P01,L01,28628,23927,1205,546,804.22,100.66,3837.65,0.5765,0.8358,0.9521,0.4587,0.16039
2025-11-22,P01,L02,72656,65802,1082,347,1217.34,139.81,8306.35,0.8726,0.9057,0.9838,0.7775,0.12623
2025-11-22,P02,L03,30415,30411,66,33,816.83,95.24,2123.86,0.5855,0.9999,0.9978,0.5842,0.06984
2025-11-22,P02,L04,26342,23581,1033,398,1225.42,117.1,3335.68,0.8784,0.8952,0.958,0.7534,0.14146
2025-11-22,P03,L05,11751,9886,309,65,414.46,36.35,1368.21,0.2971,0.8413,0.9697,0.2424,0.1384
2025-11-22,P03,L06,24182,20488,877,296,408.45,50.39,2558.88,0.2928,0.8472,0.959,0.2379,0.1249
2025-11-23,P01,L02,16326,16095,426,150,441.38,14.87,1731.86,0.3164,0.9859,0.9742,0.3039,0.1076
2025-11-23,P02,L04,6432,6246,117,23,385.71,54.55,861.42,0.2765,0.9711,0.9816,0.2636,0.13792
2025-11-23,P03,L06,51583,45469,2106,801,828.65,84.72,6564.65,0.594,0.8815,0.9557,0.5004,0.14438
2025-11-24,P01,L01,59587,54968,1639,775,1213.31,144.37,7226.32,0.8698,0.9225,0.971,0.7791,0.13146
2025-11-24,P01,L02,77469,73135,2811,1143,1277.43,87.8,9781.42,0.9157,0.9441,0.963,0.8325,0.13374
2025-11-24,P02,L03,49936,48238,2191,777,1254.89,110.49,5355.04,0.8996,0.966,0.9566,0.8312,0.11101
2025-11-24,P02,L04,30054,26605,1210,478,1197.2,157.98,3645.44,0.8582,0.8852,0.9565,0.7267,0.13702
2025-11-24,P03,L05,49163,47423,2534,1054,1226.7,130.81,8079.24,0.8794,0.9646,0.9493,0.8052,0.17037
2025-11-24,P03,L06,81252,75709,1111,450,1290.83,97.25,6242.68,0.9253,0.9318,0.9855,0.8497,0.08246
2025-11-25,P01,L01,58726,54840,2330,759,1268.04,104.91,5861.19,0.909,0.9338,0.9592,0.8142,0.10688
2025-11-25,P01,L02,74769,67020,2782,1122,1224.37,137.3,7546.84,0.8777,0.8964,0.9601,0.7554,0.11261
2025-11-25,P02,L03,54252,50752,1452,565,1161.7,198.82,4396.62,0.8328,0.9355,0.9722,0.7574,0.08663
2025-11-25,P02,L04,29705,25931,1049,278,1270.27,80.08,3378.27,0.9106,0.873,0.9611,0.764,0.13028
2025-11-25,P03,L05,46037,44194,1490,602,1266.2,102.19,5386.98,0.9077,0.96,0.9674,0.8429,0.12189
2025-11-25,P03,L06,72257,63478,2682,923,1247.98,115.19,7762.97,0.8946,0.8785,0.9595,0.7541,0.12229
2025-11-26,P01,L01,54370,52924,2467,923,1173.94,158.98,5015.1,0.8415,0.9734,0.9555,0.7827,0.09476
2025-11-26,P01,L02,69234,62188,2305,1052,1241.06,114.44,6779.93,0.8896,0.8982,0.9643,0.7705,0.10902
2025-11-26,P02,L03,51782,47088,1640,583,1316.91,39.9,5338.32,0.944,0.9094,0.9663,0.8296,0.11337
2025-11-26,P02,L04,33529,31366,593,287,1211.84,163.14,3879.93,0.8687,0.9355,0.9814,0.7976,0.1237
2025-11-26,P03,L05,41334,36946,1661,610,1166.12,177.87,4668.9,0.8359,0.8938,0.957,0.715,0.12637
2025-11-26,P03,L06,76159,68932,2262,790,1183.73,167.55,8868.72,0.8486,0.9051,0.9682,0.7436,0.12866
2025-11-27,P01,L01,63469,57994,2585,985,1191.03,168.12,7072.1,0.8538,0.9137,0.9573,0.7468,0.12195
2025-11-27,P01,L02,89420,81290,3115,1222,1209.22,131.45,11211.71,0.8668,0.9091,0.9631,0.7589,0.13792
2025-11-27,P02,L03,64469,58261,1989,910,1171.08,181.31,9566.88,0.8395,0.9037,0.967,0.7336,0.16421
2025-11-27,P02,L04,29960,28591,464,158,1275.08,79.19,3511.42,0.914,0.9543,0.984,0.8583,0.12282
2025-11-27,P03,L05,44510,40424,953,279,1131.39,192.35,4258.71,0.811,0.9082,0.977,0.7196,0.10535
2025-11-27,P03,L06,77547,70355,1368,544,1267.84,99.72,8599.96,0.9088,0.9073,0.9809,0.8088,0.12224
2025-11-28,P01,L01,62464,61306,1425,492,1220.46,153.01,7126.15,0.8749,0.9815,0.9773,0.8392,0.11624
2025-11-28,P01,L02,80866,78064,2408,963,1274.11,93.9,9509.47,0.9133,0.9654,0.9701,0.8553,0.12182
2025-11-28,P02,L03,55979,51175,1417,504,1260.69,104.39,6403.7,0.9037,0.9142,0.9731,0.8039,0.12513
2025-11-28,P02,L04,40066,35959,1373,583,1109.36,243.73,3653.12,0.7952,0.8975,0.9632,0.6875,0.10159
2025-11-28,P03,L05,37841,33837,530,149,1250.94,102.66,3769.84,0.8967,0.8942,0.9846,0.7895,0.11141
2025-11-28,P03,L06,100817,98288,1338,451,1265.95,112.45,7228.99,0.9075,0.9749,0.9866,0.8728,0.07355
2025-11-29,P01,L01,33997,32379,1211,418,791.44,103.77,5083.81,0.5673,0.9524,0.9639,0.5209,0.15701
2025-11-29,P01,L02,29833,28540,797,347,843.51,66.18,3551.49,0.6047,0.9567,0.9728,0.5627,0.12444
2025-11-29,P02,L03,12652,11503,467,215,396.7,67.03,983.92,0.2844,0.9092,0.961,0.2485,0.08554
2025-11-29,P02,L04,21431,19971,598,189,1238.23,116.31,2617.06,0.8876,0.9319,0.9709,0.8031,0.13104
2025-11-29,P03,L05,35113,31309,613,235,1286.53,97.84,3699.43,0.9222,0.8917,0.9808,0.8065,0.11816
2025-11-29,P03,L06,44026,39523,1200,464,816.31,100.52,4561.98,0.5852,0.8977,0.9705,0.5098,0.11543
2025-11-30,P01,L01,39739,36404,1394,413,1314.73,62.87,3619.48,0.9425,0.9161,0.9631,0.8315,0.09943
2025-11-30,P02,L03,10963,9399,168,91,391.73,53.06,724.27,0.2808,0.8573,0.9824,0.2365,0.07706
2025-11-30,P02,L04,5842,5785,255,120,396.54,52.17,1020.24,0.2843,0.9902,0.9578,0.2696,0.17636
2025-11-30,P03,L05,20165,17705,612,254,832.01,73.47,2313.61,0.5964,0.878,0.9666,0.5062,0.13068
2025-11-30,P03,L06,48846,43571,1127,462,1254.56,110.35,6325.92,0.8993,0.892,0.9748,0.782,0.14519
2025-12-01,P01,L01,62578,56386,581,216,1317.15,38.1,4347.08,0.9442,0.9011,0.9898,0.8421,0.0771
2025-12-01,P01,L02,63370,60406,794,387,1263.74,102.81,5702.54,0.9059,0.9532,0.987,0.8523,0.0944
2025-12-01,P02,L03,54027,49496,1233,480,1206.52,148.2,6562.28,0.8649,0.9161,0.9757,0.7731,0.13258
2025-12-01,P02,L04,34173,31704,468,197,1215.46,149.8,3014.35,0.8713,0.9277,0.9855,0.7966,0.09508
2025-12-01,P03,L05,37574,35080,478,195,1215.07,145.01,3494.5,0.871,0.9336,0.9866,0.8023,0.09962
2025-12-01,P03,L06,81132,72651,2513,709,1133.93,211.41,9073.6,0.8129,0.8955,0.9666,0.7035,0.12489
2025-12-02,P01,L01,61116,58847,1219,382,1243.74,122.63,5702.52,0.8916,0.9629,0.9797,0.841,0.0969
2025-12-02,P01,L02,68240,62123,1049,245,1190.55,192.8,7519.29,0.8534,0.9104,0.9834,0.764,0.12104
2025-12-02,P02,L03,59125,55192,2171,763,1227.96,136.76,5304.49,0.8803,0.9335,0.9622,0.7906,0.09611
2025-12-02,P02,L04,29276,26905,1095,497,1294.06,70.34,3358.26,0.9276,0.919,0.9609,0.8192,0.12482
2025-12-02,P03,L05,43674,38476,1452,360,1213.14,163.09,5535.47,0.8696,0.881,0.9636,0.7383,0.14387
2025-12-02,P03,L06,88765,80170,2551,997,1209.3,153.75,8741.4,0.8669,0.9032,0.9692,0.7588,0.10904
2025-12-03,P01,L01,57992,52914,2148,675,1210.83,148.73,6745.08,0.868,0.9124,0.961,0.7611,0.12747
2025-12-03,P01,L02,69809,63189,2367,894,1206.88,159.51,7750.52,0.8651,0.9052,0.9639,0.7548,0.12266
2025-12-03,P02,L03,50178,46683,1526,639,1281.75,97.0,6472.5,0.9188,0.9303,0.9683,0.8278,0.13865
2025-12-03,P02,L04,31046,26880,1197,498,1194.84,149.99,2811.74,0.8565,0.8658,0.9574,0.71,0.1046
2025-12-03,P03,L05,42767,37106,1518,633,1200.23,181.91,4368.05,0.8604,0.8676,0.9607,0.7172,0.11772
2025-12-03,P03,L06,98614,92333,3117,1206,1233.93,103.96,13331.04,0.8845,0.9363,0.9673,0.8012,0.14438
2025-12-04,P01,L01,51979,48380,1036,363,1294.32,63.39,5520.7,0.9278,0.9308,0.979,0.8455,0.11411
2025-12-04,P01,L02,84209,74311,2016,650,1242.68,130.75,7254.64,0.8908,0.8825,0.9736,0.7653,0.09763
2025-12-04,P02,L03,40853,37882,726,338,1284.31,74.04,3712.31,0.9207,0.9273,0.9812,0.8376,0.098
2025-12-04,P02,L04,34053,29811,1378,557,1176.44,195.28,4856.63,0.8433,0.8754,0.9558,0.7057,0.16291
2025-12-04,P03,L05,40575,38810,1084,414,1183.58,181.62,5528.91,0.8484,0.9565,0.9728,0.7895,0.14246
2025-12-04,P03,L06,78108,74803,3909,1644,1220.19,146.01,13346.78,0.8747,0.9577,0.9503,0.7961,0.17843
2025-12-05,P01,L01,59994,55586,1323,467,1182.07,165.07,6722.26,0.8474,0.9265,0.9768,0.7669,0.12093
2025-12-05,P01,L02,78061,75083,2002,720,1221.97,129.53,8292.44,0.876,0.9619,0.974,0.8207,0.11044
2025-12-05,P02,L03,47255,43547,1217,444,1224.66,138.15,3565.8,0.8779,0.9215,0.9728,0.787,0.08188
2025-12-05,P02,L04,38731,36723,868,346,1274.58,97.1,4247.29,0.9137,0.9482,0.9769,0.8463,0.11566
2025-12-05,P03,L05,42683,39161,1112,380,1279.55,69.24,4759.08,0.9172,0.9175,0.9724,0.8183,0.12153
2025-12-05,P03,L06,90184,81695,3660,1193,1149.77,211.44,9972.84,0.8242,0.9059,0.9571,0.7146,0.12207
2025-12-06,P01,L01,16700,14060,551,110,415.39,23.6,1347.03,0.2978,0.8419,0.9623,0.2412,0.09581
2025-12-06,P01,L02,42958,41635,1069,360,837.62,71.38,5389.68,0.6004,0.9692,0.975,0.5674,0.12945
2025-12-06,P02,L03,12876,11945,383,201,394.41,54.92,1726.45,0.2827,0.9277,0.9689,0.2541,0.14453
2025-12-06,P02,L04,13182,11707,292,84,794.57,118.83,1586.89,0.5696,0.8881,0.9757,0.4935,0.13555
2025-12-06,P03,L05,9661,8676,70,14,412.55,36.51,887.54,0.2957,0.898,0.992,0.2635,0.1023
2025-12-06,P03,L06,34764,32725,1414,470,796.62,93.86,3236.9,0.5711,0.9413,0.9586,0.5153,0.09891
2025-12-07,P01,L01,25917,24735,670,345,791.34,87.13,2621.03,0.5673,0.9544,0.9736,0.5271,0.10596
2025-12-07,P01,L02,21440,20356,836,307,391.89,54.34,2762.88,0.2809,0.9494,0.9606,0.2562,0.13573
2025-12-07,P02,L03,50635,45679,1708,473,1177.04,154.47,7290.84,0.8438,0.9021,0.964,0.7337,0.15961
2025-12-07,P02,L04,8656,8701,270,134,434.87,0.0,1106.19,0.3117,1.0052,0.9699,0.3039,0.12713
2025-12-07,P03,L05,8016,7232,204,80,396.58,57.28,1107.25,0.2843,0.9022,0.9726,0.2494,0.1531
2025-12-07,P03,L06,67989,62113,2659,783,1294.66,76.73,7111.94,0.9281,0.9136,0.9589,0.8131,0.1145
2025-12-08,P01,L01,56768,51156,1567,655,1196.58,157.93,5693.29,0.8578,0.9011,0.9703,0.75,0.11129
2025-12-08,P01,L02,82984,76352,2826,940,1307.65,46.95,8212.01,0.9374,0.9201,0.9643,0.8317,0.10755
2025-12-08,P02,L03,49416,42344,818,311,1226.98,129.67,5236.23,0.8796,0.8569,0.981,0.7394,0.12366
2025-12-08,P02,L04,34110,32056,459,171,1248.08,119.27,3051.24,0.8947,0.9398,0.9859,0.8289,0.09518
2025-12-08,P03,L05,40589,37555,1170,499,1202.2,139.42,3605.18,0.8618,0.9253,0.9698,0.7733,0.096
2025-12-08,P03,L06,79178,74457,2413,1059,1222.55,141.42,8170.06,0.8764,0.9404,0.9686,0.7983,0.10973
2025-12-09,P01,L01,50726,45036,1664,618,1210.28,159.38,5771.33,0.8676,0.8878,0.9644,0.7428,0.12815
2025-12-09,P01,L02,73465,64006,2501,968,1235.86,137.33,8985.53,0.8859,0.8712,0.9624,0.7428,0.14039
2025-12-09,P02,L03,45245,43303,1845,841,1263.54,96.14,6102.82,0.9058,0.9571,0.9591,0.8315,0.14093
2025-12-09,P02,L04,29112,25995,819,367,1260.83,113.4,3427.98,0.9038,0.8929,0.9695,0.7824,0.13187
2025-12-09,P03,L05,47429,42682,2114,646,1243.18,124.54,6486.8,0.8912,0.8999,0.9528,0.7641,0.15198
2025-12-09,P03,L06,72963,66506,1427,648,1193.18,154.66,5684.98,0.8553,0.9115,0.979,0.7633,0.08548
2025-12-10,P01,L01,66114,63112,1804,661,1235.1,128.1,6533.83,0.8854,0.9546,0.9722,0.8217,0.10353
2025-12-10,P01,L02,79176,72871,2541,965,1245.66,139.23,8986.53,0.8929,0.9204,0.9663,0.7941,0.12332
2025-12-10,P02,L03,55769,51224,2125,811,1191.05,203.69,5410.43,0.8538,0.9185,0.9602,0.753,0.10562
2025-12-10,P02,L04,29326,27274,1083,492,1287.46,86.2,2871.96,0.9229,0.93,0.9618,0.8255,0.1053
2025-12-10,P03,L05,50492,44602,1309,564,1270.27,98.2,4070.77,0.9106,0.8833,0.9715,0.7814,0.09127
2025-12-10,P03,L06,91157,84678,3517,1431,1174.42,159.61,15450.6,0.8419,0.9289,0.9601,0.7509,0.18246
2025-12-11,P01,L01,49934,45904,2078,866,1221.29,132.76,6379.21,0.8755,0.9193,0.9567,0.77,0.13897
2025-12-11,P01,L02,78463,71714,945,367,1293.18,90.63,6784.86,0.927,0.914,0.987,0.8363,0.09461
2025-12-11,P02,L03,52583,45954,1627,400,1216.93,136.35,4480.34,0.8724,0.8739,0.9658,0.7363,0.0975
2025-12-11,P02,L04,34995,32241,1459,540,1237.26,93.37,3439.52,0.8869,0.9213,0.9567,0.7817,0.10668
2025-12-11,P03,L05,33995,32077,1285,462,1197.21,166.64,4801.06,0.8582,0.9436,0.9615,0.7786,0.14967
2025-12-11,P03,L06,73477,67019,2507,1044,1245.57,101.65,8691.92,0.8929,0.9121,0.9639,0.785,0.12969
2025-12-12,P01,L01,59026,52383,1584,635,1193.94,143.93,6459.14,0.8559,0.8875,0.9706,0.7373,0.12331
2025-12-12,P01,L02,73931,69498,1460,548,1230.52,123.8,10052.57,0.8821,0.94,0.9794,0.8121,0.14465
2025-12-12,P02,L03,52062,47030,1888,802,1219.52,151.9,6538.91,0.8742,0.9033,0.9614,0.7592,0.13904
2025-12-12,P02,L04,31104,28352,790,292,1212.85,129.78,3978.82,0.8694,0.9115,0.9729,0.771,0.14034
2025-12-12,P03,L05,38915,35699,330,153,1254.15,76.17,3178.98,0.899,0.9174,0.9908,0.8172,0.08905
2025-12-12,P03,L06,79144,70432,2983,836,1151.13,179.46,11470.27,0.8252,0.8899,0.9594,0.7045,0.16286
2025-12-13,P01,L01,30223,28002,749,373,761.88,110.7,4311.23,0.5461,0.9265,0.9739,0.4928,0.15396
2025-12-13,P01,L02,14354,14016,499,132,424.28,34.3,1134.25,0.3041,0.9765,0.9656,0.2868,0.08093
2025-12-13,P02,L03,21864,21661,495,200,807.77,82.91,2491.13,0.579,0.9907,0.9777,0.5609,0.11501
2025-12-13,P02,L04,12841,12188,203,88,842.83,60.12,1493.86,0.6042,0.9491,0.9836,0.5641,0.12257
2025-12-13,P03,L05,27777,26465,1017,391,769.91,134.29,3282.83,0.5519,0.9528,0.963,0.5064,0.12404
2025-12-13,P03,L06,27909,27982,1022,347,388.24,67.21,4131.15,0.2783,1.0026,0.9648,0.2692,0.14764
2025-12-14,P01,L01,13042,11734,310,123,445.17,9.9,1196.06,0.3191,0.8997,0.9743,0.2797,0.10193
2025-12-14,P02,L03,28755,26903,359,127,909.5,9.05,3223.92,0.652,0.9356,0.9868,0.6019,0.11984
2025-12-14,P02,L04,8758,7331,287,152,410.77,36.19,883.73,0.2945,0.8371,0.9623,0.2372,0.12055
2025-12-14,P03,L05,19510,17705,615,244,835.11,75.67,2498.62,0.5986,0.9075,0.9664,0.525,0.14112
2025-12-15,P01,L01,61833,55072,1340,449,1198.17,138.71,7250.89,0.8589,0.8907,0.9762,0.7468,0.13166
2025-12-15,P01,L02,81008,74693,701,277,1218.75,155.01,8139.84,0.8737,0.922,0.9907,0.7981,0.10898
2025-12-15,P02,L03,60109,52493,2411,644,1185.71,155.05,6475.25,0.85,0.8733,0.9561,0.7097,0.12335
2025-12-15,P02,L04,28148,25289,1869,723,1215.1,133.84,2710.6,0.871,0.8984,0.9312,0.7287,0.10718
2025-12-15,P03,L05,43477,37799,1186,511,1194.96,162.13,4301.07,0.8566,0.8694,0.9696,0.7221,0.11379
2025-12-15,P03,L06,76882,69680,3363,1163,1151.22,193.21,10539.32,0.8253,0.9063,0.954,0.7135,0.15125
2025-12-16,P01,L01,65048,60562,1036,438,1290.06,66.07,6649.31,0.9248,0.931,0.9832,0.8465,0.10979
2025-12-16,P01,L02,82577,76858,3076,784,1179.28,166.43,9776.57,0.8454,0.9307,0.9615,0.7565,0.1272
2025-12-16,P02,L03,41462,38401,1069,312,1184.12,167.38,4138.35,0.8488,0.9262,0.9729,0.7649,0.10777
2025-12-16,P02,L04,28365,25172,887,396,1213.94,137.11,3303.26,0.8702,0.8874,0.966,0.746,0.13123
2025-12-16,P03,L05,56653,50800,2239,729,1199.71,128.24,6948.79,0.86,0.8967,0.9578,0.7386,0.13679
2025-12-16,P03,L06,85782,77738,1268,449,1113.33,248.9,5169.74,0.7981,0.9062,0.984,0.7116,0.0665
2025-12-17,P01,L01,63266,59485,1703,731,1201.02,146.42,6465.94,0.8609,0.9402,0.9722,0.787,0.1087
2025-12-17,P01,L02,81655,77244,3414,1523,1218.48,155.1,9441.1,0.8735,0.946,0.9577,0.7913,0.12222
2025-12-17,P02,L03,46412,44356,844,247,1243.91,130.68,5384.39,0.8917,0.9557,0.9813,0.8363,0.12139
2025-12-17,P02,L04,34416,31018,805,257,1236.5,138.17,4127.81,0.8864,0.9013,0.9747,0.7787,0.13308
2025-12-17,P03,L05,45671,40088,1394,596,1150.25,186.55,5750.6,0.8245,0.8778,0.9664,0.6994,0.14345
2025-12-17,P03,L06,90487,83849,3239,967,1203.75,162.91,13439.65,0.8629,0.9266,0.9628,0.7699,0.16028
2025-12-18,P01,L01,55041,52866,1211,511,1226.52,163.52,6375.32,0.8792,0.9605,0.9776,0.8256,0.12059
2025-12-18,P01,L02,64566,56260,3404,1509,1205.01,157.77,7930.89,0.8638,0.8714,0.9429,0.7097,0.14097
2025-12-18,P02,L03,49495,48388,1518,630,1283.3,88.48,5459.01,0.9199,0.9776,0.9696,0.872,0.11282
2025-12-18,P02,L04,38156,33036,1428,587,1171.94,180.29,3233.43,0.8401,0.8658,0.9586,0.6972,0.09788
2025-12-18,P03,L05,35613,31268,990,323,1223.0,124.09,3918.01,0.8767,0.878,0.9693,0.7461,0.1253
2025-12-18,P03,L06,72817,69650,1315,403,1226.29,114.39,6113.28,0.8791,0.9565,0.9815,0.8252,0.08777
2025-12-19,P01,L01,55458,51775,1632,760,1142.83,216.46,5487.24,0.8192,0.9336,0.9694,0.7415,0.10598
2025-12-19,P01,L02,76982,69940,3504,1355,1240.47,144.6,9178.44,0.8892,0.9085,0.9523,0.7693,0.13123
2025-12-19,P02,L03,65085,64188,1621,674,1259.07,95.7,7115.57,0.9026,0.9862,0.9754,0.8682,0.11086
2025-12-19,P02,L04,33617,32405,1198,421,1273.69,68.8,4658.19,0.913,0.9639,0.9643,0.8487,0.14375
2025-12-19,P03,L05,50710,48649,1605,605,1186.5,177.81,7269.07,0.8505,0.9594,0.9681,0.7899,0.14942
2025-12-19,P03,L06,81985,77969,2434,1105,1236.47,125.93,10226.14,0.8864,0.951,0.9697,0.8174,0.13116
2025-12-20,P01,L01,28154,26707,791,262,828.08,56.93,3179.43,0.5936,0.9486,0.9712,0.5469,0.11905
2025-12-20,P01,L02,51806,50471,1605,540,1244.61,123.04,4333.67,0.8922,0.9742,0.9692,0.8424,0.08586
2025-12-20,P02,L03,20062,19011,537,217,830.36,90.28,2146.99,0.5952,0.9476,0.9725,0.5486,0.11293
2025-12-20,P02,L04,16779,15276,605,232,787.24,138.72,2239.65,0.5643,0.9104,0.9619,0.4942,0.14661
2025-12-20,P03,L05,25140,23673,1100,271,846.28,57.2,2800.69,0.6067,0.9416,0.9556,0.5459,0.11831
2025-12-21,P01,L01,29224,26849,900,415,827.54,58.12,2675.51,0.5932,0.9187,0.9676,0.5273,0.09965
2025-12-21,P01,L02,57438,50763,2379,901,1230.93,142.7,5573.93,0.8824,0.8838,0.9552,0.7449,0.1098
2025-12-21,P02,L03,23243,21316,825,258,843.2,67.31,2758.78,0.6044,0.9171,0.9627,0.5337,0.12942
2025-12-21,P02,L04,6378,6031,135,65,450.32,0.0,621.08,0.3228,0.9456,0.9781,0.2986,0.10298
2025-12-21,P03,L05,30301,28649,976,305,1259.03,122.95,3170.35,0.9025,0.9455,0.9671,0.8252,0.11066
2025-12-21,P03,L06,22536,19221,496,206,449.26,0.0,1446.86,0.322,0.8529,0.9748,0.2678,0.07528
2025-12-22,P01,L01,58135,54467,1780,867,1219.24,134.63,6015.89,0.874,0.9369,0.9684,0.7929,0.11045
2025-12-22,P01,L02,64529,59206,2154,882,1304.05,76.7,5802.16,0.9348,0.9175,0.9649,0.8276,0.098
2025-12-22,P02,L03,49859,45784,1726,640,1251.41,90.09,6590.57,0.8971,0.9183,0.9637,0.7938,0.14395
2025-12-22,P02,L04,36421,31949,1405,467,1227.36,147.46,3290.83,0.8798,0.8772,0.9579,0.7393,0.103
2025-12-22,P03,L05,49304,44259,2127,730,1208.34,157.01,5310.23,0.8662,0.8977,0.9541,0.7419,0.11998
2025-12-22,P03,L06,82454,72926,2083,841,1267.96,93.78,10047.43,0.9089,0.8844,0.9722,0.7816,0.13778
2025-12-23,P01,L01,58379,54492,2442,1157,1162.12,171.04,5100.43,0.8331,0.9334,0.9571,0.7442,0.0936
2025-12-23,P01,L02,79795,70481,2305,778,1220.47,112.69,9991.76,0.8749,0.8833,0.9683,0.7483,0.14177
2025-12-23,P02,L03,45111,40563,1459,628,1192.59,156.96,5815.26,0.8549,0.8992,0.9653,0.742,0.14336
2025-12-23,P02,L04,29993,27485,1265,524,1185.73,173.83,2917.98,0.85,0.9164,0.956,0.7446,0.10617
2025-12-23,P03,L05,42603,37010,1025,488,1207.75,129.13,4880.94,0.8658,0.8687,0.9731,0.7318,0.13188
2025-12-23,P03,L06,78520,75148,1874,839,1143.95,186.05,9899.57,0.82,0.9571,0.9757,0.7657,0.13173
2025-12-24,P01,L01,46117,44687,1470,671,1262.51,101.69,5599.84,0.905,0.969,0.9682,0.849,0.12531
2025-12-24,P01,L02,93125,90678,3681,1736,1202.26,170.58,13616.1,0.8618,0.9737,0.961,0.8065,0.15016
2025-12-24,P02,L03,45780,43645,1747,660,1249.48,117.77,5135.0,0.8957,0.9534,0.9615,0.821,0.11765
2025-12-24,P02,L04,30213,26264,1966,881,1153.81,184.47,2564.84,0.8271,0.8693,0.9304,0.6689,0.09766
2025-12-24,P03,L05,43224,39077,1615,403,1186.83,172.92,5711.66,0.8508,0.9041,0.9603,0.7386,0.14616
2025-12-24,P03,L06,69267,62018,2413,890,1295.51,56.37,7552.44,0.9287,0.8953,0.9625,0.8004,0.12178
2025-12-25,P01,L01,57252,50427,2025,681,1189.24,174.84,5697.97,0.8525,0.8808,0.9614,0.7219,0.11299
2025-12-25,P01,L02,76171,67884,1952,709,1250.92,107.94,8711.64,0.8967,0.8912,0.972,0.7768,0.12833
2025-12-25,P02,L03,54594,49476,1837,589,1160.68,209.09,7521.48,0.832,0.9063,0.9642,0.727,0.15202
2025-12-25,P02,L04,42133,36917,3153,1257,1208.25,126.57,3013.23,0.8661,0.8762,0.9213,0.6992,0.08162
2025-12-25,P03,L05,41672,37964,865,344,1201.7,144.15,4671.43,0.8614,0.911,0.9777,0.7673,0.12305
2025-12-25,P03,L06,91424,84022,4230,1027,1231.96,106.87,13555.03,0.8831,0.919,0.9521,0.7727,0.16133
2025-12-26,P01,L01,59296,53618,1128,297,1246.7,80.02,7009.1,0.8937,0.9042,0.9794,0.7915,0.13072
2025-12-26,P01,L02,81203,71431,2328,926,1181.65,184.51,9696.08,0.8471,0.8797,0.9684,0.7216,0.13574
2025-12-26,P02,L03,43812,41485,1106,374,1215.76,128.98,5321.49,0.8715,0.9469,0.974,0.8038,0.12827
2025-12-26,P02,L04,30893,27768,1013,306,1254.27,134.81,3982.59,0.8991,0.8988,0.9648,0.7797,0.14342
2025-12-26,P03,L05,49162,44515,1210,558,1176.84,165.11,5071.38,0.8436,0.9055,0.9735,0.7437,0.11393
2025-12-26,P03,L06,80725,73780,2965,735,1208.28,130.65,8210.01,0.8662,0.914,0.9614,0.761,0.11128
2025-12-27,P01,L01,44312,38809,3635,1212,1249.23,133.35,3803.79,0.8955,0.8758,0.9144,0.7171,0.09801
2025-12-27,P01,L02,41570,40441,1068,422,815.8,93.23,4661.14,0.5848,0.9728,0.9743,0.5543,0.11526
2025-12-27,P02,L03,17835,16466,543,228,786.82,122.74,2165.89,0.564,0.9232,0.9681,0.5041,0.13154
2025-12-27,P02,L04,6483,5905,268,135,408.6,42.44,793.96,0.2929,0.9108,0.9566,0.2552,0.13445
2025-12-27,P03,L06,61854,54703,2432,999,1264.45,96.78,4948.58,0.9064,0.8844,0.9574,0.7675,0.09046
2025-12-28,P01,L01,31994,29697,1007,397,777.09,122.77,3564.57,0.5571,0.9282,0.9672,0.5001,0.12003
2025-12-28,P01,L02,18019,15950,306,107,385.3,65.61,1746.33,0.2762,0.8852,0.9812,0.2399,0.10949
2025-12-28,P02,L03,16506,16641,399,145,424.55,38.82,2630.55,0.3043,1.0082,0.9766,0.2996,0.15808
2025-12-28,P02,L04,15304,13951,365,123,862.31,45.11,1849.81,0.6181,0.9116,0.9745,0.5491,0.13259
2025-12-28,P03,L05,24688,23284,493,216,1201.25,151.67,2874.31,0.8611,0.9431,0.9793,0.7953,0.12345
2025-12-28,P03,L06,26251,24918,469,210,444.7,20.3,3020.55,0.3188,0.9492,0.9815,0.297,0.12122
2025-12-29,P01,L01,50398,45105,1684,723,1205.44,166.85,4868.5,0.8641,0.895,0.964,0.7455,0.10794
2025-12-29,P01,L02,70118,63982,2030,888,1184.15,163.84,7699.53,0.8489,0.9125,0.9692,0.7508,0.12034
2025-12-29,P02,L03,41211,37899,1508,557,1161.44,171.53,4961.9,0.8326,0.9196,0.9617,0.7364,0.13092
2025-12-29,P02,L04,41832,40605,1365,529,1273.01,53.15,5404.87,0.9126,0.9707,0.9675,0.857,0.13311
2025-12-29,P03,L05,39654,35971,1606,455,1241.71,118.78,5078.17,0.8901,0.9071,0.9573,0.7729,0.14117
2025-12-29,P03,L06,86241,78782,2339,1010,1121.01,196.29,10691.37,0.8036,0.9135,0.9712,0.7129,0.13571
2025-12-30,P01,L01,49259,44956,1743,674,1159.78,167.35,5249.04,0.8314,0.9126,0.9627,0.7304,0.11676
2025-12-30,P01,L02,79114,76550,2507,860,1273.45,73.41,8769.14,0.9129,0.9676,0.9683,0.8553,0.11455
2025-12-30,P02,L03,42556,38332,1618,494,1224.95,125.85,5339.82,0.8781,0.9007,0.9595,0.7589,0.1393
2025-12-30,P02,L04,28297,26307,764,237,1250.55,103.71,3394.43,0.8965,0.9297,0.9718,0.8099,0.12903
2025-12-30,P03,L05,38122,33517,929,218,1280.84,72.07,3783.5,0.9182,0.8792,0.973,0.7855,0.11288
2025-12-30,P03,L06,77676,69787,2036,747,1244.47,96.02,6310.38,0.8921,0.8984,0.9717,0.7788,0.09042
2025-12-31,P01,L01,69984,62529,1863,795,1257.54,123.12,7739.79,0.9015,0.8935,0.9711,0.7821,0.12378
2025-12-31,P01,L02,65373,57676,1824,778,1288.76,52.5,8295.99,0.9238,0.8823,0.9693,0.7901,0.14384
2025-12-31,P02,L03,46890,41695,1284,327,1197.9,158.38,4277.56,0.8587,0.8892,0.9701,0.7408,0.10259
2025-12-31,P02,L04,31980,30487,854,329,1317.32,65.04,3715.79,0.9443,0.9533,0.9728,0.8757,0.12188
2025-12-31,P03,L05,49094,44832,1610,641,1123.08,223.58,7092.13,0.8051,0.9132,0.9653,0.7097,0.15819
2025-12-31,P03,L06,102659,93956,2915,1024,1174.3,188.01,8453.46,0.8418,0.9152,0.9699,0.7472,0.08997
2026-01-01,P01,L01,66827,62485,2684,1143,1247.87,121.18,7629.48,0.8945,0.935,0.9588,0.802,0.1221
2026-01-01,P01,L02,92898,84316,2377,760,1222.35,148.07,10829.05,0.8762,0.9076,0.9726,0.7735,0.12843
2026-01-01,P02,L03,49572,47179,1242,360,1297.15,85.33,5305.0,0.9299,0.9517,0.9743,0.8623,0.11244
2026-01-01,P02,L04,27568,26824,883,395,1273.98,105.09,3410.48,0.9132,0.973,0.9681,0.8603,0.12714
2026-01-01,P03,L05,44992,41995,1250,540,1144.6,223.33,6871.94,0.8205,0.9334,0.9711,0.7437,0.16364
2026-01-01,P03,L06,91101,82234,2990,1239,1196.57,155.59,9859.75,0.8578,0.9027,0.9649,0.7471,0.1199
2026-01-02,P01,L01,45320,43638,1420,575,1198.96,153.23,5554.53,0.8595,0.9629,0.9685,0.8015,0.12729
2026-01-02,P01,L02,69376,66030,1968,630,1322.45,26.5,7810.89,0.948,0.9518,0.9711,0.8762,0.11829
2026-01-02,P02,L03,56764,53015,1434,485,1116.7,225.38,8092.38,0.8005,0.934,0.9737,0.7279,0.15264
2026-01-02,P02,L04,40807,38054,842,385,1262.41,72.27,3313.26,0.9049,0.9325,0.9784,0.8256,0.08707
2026-01-02,P03,L05,46193,43188,1376,493,1263.48,92.78,4217.5,0.9057,0.9349,0.9691,0.8207,0.09765
2026-01-02,P03,L06,85129,79145,3479,1319,1183.89,177.63,11318.02,0.8487,0.9297,0.9579,0.7558,0.143
2026-01-03,P01,L01,11986,10168,280,81,458.05,6.95,1029.67,0.3284,0.8483,0.9732,0.2711,0.10127
2026-01-03,P01,L02,19125,16183,661,213,405.05,57.77,2184.73,0.2904,0.8462,0.9608,0.2361,0.135
2026-01-03,P02,L03,10506,10008,265,80,438.29,20.09,1536.87,0.3142,0.9526,0.9742,0.2916,0.15356
2026-01-03,P02,L04,8172,7119,213,98,417.58,32.01,786.48,0.2993,0.8711,0.9709,0.2532,0.11048
2026-01-03,P03,L05,15888,13776,556,287,733.4,146.68,1706.66,0.5257,0.8671,0.9612,0.4382,0.12389
2026-01-03,P03,L06,70431,66109,1507,533,1306.39,44.84,8211.29,0.9365,0.9386,0.9777,0.8594,0.12421
2026-01-04,P01,L01,12994,11853,364,146,420.3,41.55,1726.88,0.3013,0.9122,0.9702,0.2666,0.14569
2026-01-04,P01,L02,18706,15590,750,251,394.23,46.8,2195.88,0.2826,0.8334,0.9541,0.2247,0.14085
2026-01-04,P02,L03,22671,20664,598,177,760.74,142.55,2880.67,0.5453,0.9115,0.9719,0.4831,0.13941
2026-01-04,P02,L04,9367,8917,254,124,446.68,0.0,941.54,0.3202,0.952,0.9723,0.2964,0.10559
2026-01-04,P03,L05,18608,17566,478,230,787.97,109.12,1927.62,0.5649,0.944,0.9735,0.5191,0.10974
2026-01-04,P03,L06,13382,12480,437,164,371.54,93.46,1846.37,0.2663,0.9326,0.9662,0.24,0.14795
2026-01-05,P01,L01,57679,54130,1686,820,1239.78,132.19,6453.65,0.8887,0.9385,0.9698,0.8089,0.11922
2026-01-05,P01,L02,76105,69156,2273,912,1236.39,127.8,8126.33,0.8863,0.9087,0.9682,0.7797,0.11751
2026-01-05,P02,L03,37851,34811,772,272,1235.97,115.97,3419.85,0.886,0.9197,0.9783,0.7972,0.09824
2026-01-05,P02,L04,37678,34216,905,349,1241.39,111.91,3677.34,0.8899,0.9081,0.9742,0.7873,0.10747
2026-01-05,P03,L05,45217,40759,1459,672,1179.59,167.5,5888.95,0.8456,0.9014,0.9654,0.7359,0.14448
2026-01-05,P03,L06,76467,69511,2363,1028,1297.2,82.1,7934.39,0.9299,0.909,0.9671,0.8175,0.11415
2026-01-06,P01,L01,50215,44800,2151,732,1280.08,80.49,7769.35,0.9176,0.8922,0.9542,0.7812,0.17342
2026-01-06,P01,L02,84449,73337,2938,1301,1194.27,153.56,8218.84,0.8561,0.8684,0.9615,0.7148,0.11207
2026-01-06,P02,L03,50533,46745,1792,731,1159.34,193.5,6791.5,0.8311,0.925,0.9631,0.7404,0.14529
2026-01-06,P02,L04,34671,32151,1216,377,1209.4,165.83,4085.57,0.867,0.9273,0.9636,0.7746,0.12707
2026-01-06,P03,L05,43745,40539,1879,911,1325.96,30.26,3821.45,0.9505,0.9267,0.9557,0.8418,0.09427
2026-01-06,P03,L06,93203,82535,2932,1054,1174.23,173.98,13281.43,0.8417,0.8855,0.9657,0.7198,0.16092
2026-01-07,P01,L01,45115,42999,1149,441,1206.89,157.43,5829.98,0.8652,0.9531,0.974,0.8031,0.13558
2026-01-07,P01,L02,72135,64099,2691,908,1279.87,99.48,7834.17,0.9175,0.8886,0.9597,0.7824,0.12222
2026-01-07,P02,L03,53320,50723,1899,730,1273.73,97.4,6669.58,0.9131,0.9513,0.9639,0.8373,0.13149
2026-01-07,P02,L04,33331,30986,845,314,1231.57,136.3,2925.38,0.8828,0.9296,0.9735,0.7989,0.09441
2026-01-07,P03,L05,44440,40550,1727,649,1273.11,92.33,5036.49,0.9126,0.9125,0.9592,0.7987,0.1242
2026-01-07,P03,L06,73846,70128,2568,1144,1217.71,148.21,9300.11,0.8729,0.9497,0.9647,0.7997,0.13262
2026-01-08,P01,L01,49033,46111,2341,863,1290.79,73.01,6244.03,0.9253,0.9404,0.9517,0.8281,0.13541
2026-01-08,P01,L02,72567,66827,2776,811,1256.1,98.2,7499.85,0.9004,0.9209,0.9601,0.7961,0.11223
2026-01-08,P02,L03,56346,51006,1500,588,1237.54,120.57,4269.0,0.8871,0.9052,0.9714,0.7801,0.0837
2026-01-08,P02,L04,27323,25366,923,329,1125.35,221.93,3963.72,0.8067,0.9284,0.9649,0.7226,0.15626
2026-01-08,P03,L05,43583,39299,2002,910,1282.89,75.0,6851.12,0.9196,0.9017,0.9515,0.789,0.17433
2026-01-08,P03,L06,64079,60015,1119,441,1271.33,85.55,5905.94,0.9113,0.9366,0.9817,0.8379,0.09841
2026-01-09,P01,L01,44760,39901,1739,495,1305.76,42.04,4031.62,0.936,0.8914,0.9582,0.7996,0.10104
2026-01-09,P01,L02,77523,68683,2745,1076,1195.39,171.56,8268.1,0.8569,0.886,0.9616,0.73,0.12038
2026-01-09,P02,L03,56859,53752,1005,432,1231.64,118.86,6981.63,0.8829,0.9454,0.9816,0.8193,0.12989
2026-01-09,P02,L04,40162,36436,1413,679,1253.53,102.84,5358.83,0.8986,0.9072,0.9627,0.7848,0.14708
2026-01-09,P03,L05,35868,35320,1140,487,1298.83,81.36,4541.49,0.9311,0.9847,0.9687,0.8882,0.12858
2026-01-09,P03,L06,87014,78441,2852,1011,1215.52,135.59,12869.27,0.8713,0.9015,0.9649,0.7579,0.16406
2026-01-10,P01,L02,13876,12393,101,21,401.9,60.0,1307.37,0.2881,0.8931,0.9919,0.2552,0.10549
2026-01-10,P02,L03,40897,37054,870,282,1153.75,164.28,3176.01,0.8271,0.906,0.9771,0.7322,0.08571
2026-01-10,P02,L04,16363,15157,648,315,834.43,52.8,1814.62,0.5982,0.9263,0.959,0.5314,0.11972
2026-01-10,P03,L05,21579,20068,613,171,780.33,141.75,3286.64,0.5594,0.93,0.9704,0.5048,0.16378
2026-01-10,P03,L06,18529,16818,676,271,464.35,0.0,2454.4,0.3329,0.9077,0.9614,0.2905,0.14594
2026-01-11,P01,L01,40030,36553,1235,456,1213.8,159.56,4445.19,0.8701,0.9131,0.9673,0.7686,0.12161
2026-01-11,P01,L02,33930,30193,943,373,867.99,58.93,3686.7,0.6222,0.8899,0.9697,0.5369,0.1221
2026-01-11,P02,L03,39676,37779,869,279,1243.14,126.34,3921.14,0.8911,0.9522,0.9775,0.8294,0.10379
2026-01-11,P02,L04,12732,12167,258,131,808.69,71.19,1279.02,0.5797,0.9556,0.9792,0.5425,0.10512
2026-01-11,P03,L05,9497,9046,482,197,375.5,60.12,821.17,0.2692,0.9525,0.9494,0.2434,0.09078
2026-01-11,P03,L06,47150,45790,1254,527,907.48,22.52,4784.66,0.6505,0.9712,0.9733,0.6149,0.10449
2026-01-12,P01,L01,51714,48531,1078,426,1263.82,87.24,4117.14,0.906,0.9384,0.9783,0.8317,0.08484
2026-01-12,P01,L02,77559,69638,2239,929,1239.14,119.69,6721.13,0.8883,0.8979,0.9688,0.7727,0.09652
2026-01-12,P02,L03,53061,49468,1721,634,1249.78,100.32,7625.55,0.8959,0.9323,0.9664,0.8072,0.15415
2026-01-12,P02,L04,27934,25563,691,236,1166.97,188.89,3853.75,0.8365,0.9151,0.9737,0.7454,0.15075
2026-01-12,P03,L05,38320,36603,1400,534,1234.04,95.29,4672.43,0.8846,0.9552,0.9632,0.8139,0.12765
2026-01-12,P03,L06,77649,75625,1797,562,1287.52,86.48,8694.09,0.923,0.9739,0.9768,0.878,0.11496
2026-01-13,P01,L01,49997,42804,1930,658,1283.77,59.35,5065.66,0.9203,0.8561,0.9569,0.7539,0.11835
2026-01-13,P01,L02,67058,64567,1719,632,1212.97,131.48,8386.79,0.8695,0.9629,0.9741,0.8155,0.12989
2026-01-13,P02,L03,39597,37431,1477,675,1260.49,116.26,4099.16,0.9036,0.9453,0.962,0.8217,0.10951
2026-01-13,P02,L04,37987,35855,1444,466,1114.91,238.13,4783.66,0.7992,0.9439,0.9613,0.7252,0.13342
2026-01-13,P03,L05,42267,40054,1020,412,1231.72,117.83,4204.69,0.883,0.9476,0.9752,0.8159,0.10498
2026-01-13,P03,L06,80282,75970,1868,671,1184.68,171.84,8146.69,0.8492,0.9463,0.976,0.7843,0.10724
2026-01-14,P01,L01,55679,48813,1325,525,1164.02,159.59,5836.84,0.8344,0.8767,0.9736,0.7122,0.11958
2026-01-14,P01,L02,75991,69263,2835,1028,1203.95,145.25,6629.52,0.863,0.9115,0.9607,0.7557,0.09572
2026-01-14,P02,L03,39811,34344,1293,526,1136.76,192.45,4634.08,0.8149,0.8627,0.9637,0.6775,0.13493
2026-01-14,P02,L04,31579,29095,942,321,1238.21,116.13,3581.94,0.8876,0.9213,0.9686,0.7921,0.12311
2026-01-14,P03,L05,49913,46386,1791,672,1216.81,122.56,6341.69,0.8723,0.9293,0.9628,0.7805,0.13672
2026-01-14,P03,L06,86885,78750,2342,1057,1232.72,91.86,9698.9,0.8837,0.9064,0.9711,0.7778,0.12316
2026-01-15,P01,L01,61162,55294,1160,442,1221.74,98.99,5694.72,0.8758,0.9041,0.9795,0.7755,0.10299
2026-01-15,P01,L02,62561,56105,2525,793,1313.04,48.8,7686.37,0.9412,0.8968,0.9569,0.8078,0.137
2026-01-15,P02,L03,45453,41358,1740,716,1186.0,182.32,6205.42,0.8502,0.9099,0.9596,0.7424,0.15004
2026-01-15,P02,L04,38331,36339,346,143,1221.89,131.12,3573.66,0.8759,0.948,0.9906,0.8226,0.09834
2026-01-15,P03,L05,34221,32971,1047,456,1188.61,163.5,3435.75,0.852,0.9635,0.9692,0.7957,0.10421
2026-01-15,P03,L06,78275,73792,2253,868,1264.17,96.13,7767.7,0.9062,0.9427,0.9704,0.829,0.10526
2026-01-16,P01,L01,45861,43828,1384,624,1260.58,77.69,4155.88,0.9036,0.9557,0.9694,0.8371,0.09482
2026-01-16,P01,L02,68026,65614,1965,899,1173.13,181.34,9841.14,0.841,0.9645,0.9709,0.7876,0.14999
2026-01-16,P02,L03,51596,46556,1379,451,1233.06,136.72,4942.8,0.8839,0.9023,0.9712,0.7746,0.10617
2026-01-16,P02,L04,29127,26163,609,207,1203.38,146.84,3125.35,0.8626,0.8982,0.9773,0.7572,0.11946
2026-01-16,P03,L05,41288,38628,1017,443,1267.86,62.33,4365.41,0.9089,0.9356,0.9743,0.8285,0.11301
2026-01-16,P03,L06,87220,81029,3724,1448,1239.66,124.55,13006.55,0.8886,0.929,0.9561,0.7893,0.16052
2026-01-17,P01,L01,25904,22620,487,208,852.19,45.24,2274.46,0.6109,0.8732,0.9789,0.5222,0.10055
2026-01-17,P01,L02,60286,56813,1597,669,1205.84,154.75,6649.04,0.8644,0.9424,0.9727,0.7923,0.11703
2026-01-17,P02,L03,14632,13731,221,46,414.57,44.41,1685.29,0.2972,0.9384,0.9842,0.2745,0.12274
2026-01-17,P02,L04,13150,11519,326,125,824.66,88.93,1593.05,0.5912,0.876,0.9725,0.5036,0.1383
2026-01-17,P03,L06,37491,35591,1495,661,805.69,99.13,4812.16,0.5776,0.9493,0.9597,0.5262,0.13521
2026-01-18,P01,L01,14790,13697,408,194,419.4,40.09,1852.94,0.3006,0.9261,0.9711,0.2704,0.13528
2026-01-18,P01,L02,42519,36450,668,205,838.96,52.13,5465.4,0.6014,0.8573,0.982,0.5063,0.14994
2026-01-18,P02,L03,11923,10733,344,105,398.81,54.08,1132.18,0.2859,0.9002,0.9689,0.2494,0.10549
2026-01-18,P02,L04,6807,6085,234,80,411.0,32.08,1086.8,0.2946,0.8939,0.963,0.2536,0.1786
2026-01-18,P03,L05,7947,7749,120,58,434.17,30.83,993.83,0.3112,0.9751,0.9848,0.2989,0.12825
2026-01-18,P03,L06,22077,20159,894,442,368.46,87.46,3470.48,0.2641,0.9131,0.9575,0.2309,0.17216
2026-01-19,P01,L01,51407,49093,1355,661,1161.53,177.16,5455.16,0.8326,0.955,0.9731,0.7738,0.11112
2026-01-19,P01,L02,69130,64049,2768,922,1221.79,150.49,9621.03,0.8758,0.9265,0.9586,0.7778,0.15021
2026-01-19,P02,L03,39050,35002,1344,449,1309.63,67.44,3821.65,0.9388,0.8963,0.963,0.8104,0.10918
2026-01-19,P02,L04,34745,30112,1052,264,1265.47,86.6,3043.89,0.9071,0.8667,0.9662,0.7596,0.10109
2026-01-19,P03,L05,34034,30472,986,299,1169.57,177.45,4551.16,0.8384,0.8953,0.9687,0.7271,0.14936
2026-01-19,P03,L06,81988,74685,1060,313,1168.86,198.06,7938.29,0.8379,0.9109,0.986,0.7526,0.10629
2026-01-20,P01,L01,54285,46139,1836,741,1251.07,125.35,4870.07,0.8968,0.8499,0.9617,0.7331,0.10555
2026-01-20,P01,L02,79508,75721,1287,532,1183.71,152.54,8170.87,0.8485,0.9524,0.9833,0.7946,0.10791
2026-01-20,P02,L03,34976,30594,1108,435,1220.78,144.94,3757.52,0.8751,0.8747,0.965,0.7387,0.12282
2026-01-20,P02,L04,33325,31053,1037,529,1242.24,92.77,3149.09,0.8905,0.9318,0.9677,0.803,0.10141
2026-01-20,P03,L05,47323,42313,1718,615,1204.98,168.67,5225.46,0.8638,0.8941,0.961,0.7422,0.1235
2026-01-20,P03,L06,77685,72906,2138,980,1266.64,102.14,5877.7,0.908,0.9385,0.9715,0.8279,0.08062
2026-01-21,P01,L01,48748,44468,1159,551,1289.7,105.3,6431.88,0.9245,0.9122,0.9746,0.8219,0.14464
2026-01-21,P01,L02,60363,52327,1714,709,1231.11,117.8,5878.65,0.8825,0.8669,0.9683,0.7408,0.11234
2026-01-21,P02,L03,39151,35412,1287,540,1215.14,132.3,4504.57,0.8711,0.9045,0.9649,0.7603,0.1272
2026-01-21,P02,L04,28173,25550,721,316,1231.84,89.77,3473.22,0.883,0.9069,0.9726,0.7788,0.13594
2026-01-21,P03,L05,33075,30076,886,234,1189.04,160.06,3926.46,0.8524,0.9093,0.9714,0.7529,0.13055
2026-01-21,P03,L06,59380,54766,2865,906,1280.37,68.92,8792.58,0.9178,0.9223,0.9503,0.8044,0.16055
2026-01-22,P01,L01,51542,48651,1797,683,1279.43,65.73,5228.29,0.9172,0.9439,0.9644,0.8349,0.10747
2026-01-22,P01,L02,75727,70049,2937,853,1168.14,152.18,9957.2,0.8374,0.925,0.9598,0.7434,0.14215
2026-01-22,P02,L03,55329,50305,2333,752,1235.91,128.19,7922.83,0.886,0.9092,0.9557,0.7698,0.1575
2026-01-22,P02,L04,25048,22434,713,283,1223.14,149.69,2396.8,0.8768,0.8956,0.9692,0.7611,0.10684
2026-01-22,P03,L05,41914,35941,577,171,1178.33,145.86,3617.89,0.8447,0.8575,0.9842,0.7129,0.10066
2026-01-22,P03,L06,75006,71771,1671,604,1290.69,58.29,7302.78,0.9252,0.9569,0.9772,0.8652,0.10175
2026-01-23,P01,L01,52738,48292,1563,736,1205.3,135.39,5443.81,0.864,0.9157,0.9686,0.7664,0.11273
2026-01-23,P01,L02,73002,68658,1740,782,1298.62,62.28,7006.88,0.9309,0.9405,0.9753,0.8539,0.10205
2026-01-23,P02,L03,53714,46950,1669,656,1191.61,154.42,7167.44,0.8542,0.8741,0.9657,0.721,0.15266
2026-01-23,P02,L04,28465,27603,740,286,1254.06,100.84,2948.55,0.899,0.9697,0.9739,0.849,0.10682
2026-01-23,P03,L05,44551,42093,1446,572,1224.54,129.33,5233.55,0.8778,0.9448,0.9668,0.8018,0.12433
2026-01-23,P03,L06,81231,73080,2995,1353,1289.98,86.85,7690.1,0.9247,0.8997,0.9606,0.7992,0.10523
2026-01-24,P01,L01,41106,35683,764,289,1251.1,107.89,3714.29,0.8968,0.8681,0.979,0.7622,0.10409
2026-01-24,P01,L02,21405,17702,919,320,428.46,22.93,2132.91,0.3071,0.827,0.9506,0.2415,0.12049
2026-01-24,P02,L03,35550,32927,1020,392,1198.01,161.27,4384.7,0.8588,0.9262,0.97,0.7715,0.13316
2026-01-24,P02,L04,8632,8403,155,57,389.34,70.76,1371.38,0.2791,0.9735,0.9819,0.2668,0.1632
2026-01-24,P03,L05,7992,7329,229,114,383.7,47.77,721.12,0.2751,0.917,0.9697,0.2446,0.09839
2026-01-24,P03,L06,32750,27788,1267,394,802.49,86.89,3925.65,0.5753,0.8485,0.9564,0.4668,0.14127
2026-01-25,P01,L01,14474,13073,919,389,434.35,0.0,1941.47,0.3114,0.9032,0.9343,0.2628,0.14851
2026-01-25,P01,L02,17859,15266,904,261,370.81,87.39,1932.3,0.2658,0.8548,0.9441,0.2145,0.12658
2026-01-25,P02,L03,12982,11171,421,200,417.41,35.71,1415.05,0.2992,0.8605,0.9637,0.2481,0.12667
2026-01-25,P02,L04,9070,9107,287,127,403.76,56.26,1115.55,0.2894,1.0041,0.9694,0.2817,0.12249
2026-01-25,P03,L05,9989,8702,266,104,371.0,62.56,982.71,0.266,0.8712,0.9703,0.2248,0.11293
2026-01-25,P03,L06,37509,32751,1138,401,838.16,64.93,3735.16,0.6008,0.8732,0.9664,0.507,0.11405
2026-01-26,P01,L01,48370,46300,1713,555,1187.23,140.3,4815.2,0.8511,0.9572,0.9643,0.7856,0.104
2026-01-26,P01,L02,70135,60930,1826,702,1217.36,133.4,6193.24,0.8727,0.8688,0.9709,0.7361,0.10165
2026-01-26,P02,L03,50888,49699,1774,792,1223.11,129.02,6328.85,0.8768,0.9766,0.9655,0.8268,0.12734
2026-01-26,P02,L04,33281,28290,727,219,1185.41,164.7,2656.69,0.8498,0.85,0.9749,0.7042,0.09391
2026-01-26,P03,L05,35484,35414,519,128,1210.27,148.5,4318.78,0.8676,0.998,0.9856,0.8534,0.12195
2026-01-26,P03,L06,91581,84808,2628,950,1306.46,66.14,7917.61,0.9365,0.926,0.9699,0.8412,0.09336
2026-01-27,P01,L01,49988,44006,1566,758,1247.06,110.08,6401.8,0.8939,0.8803,0.9656,0.7599,0.14548
2026-01-27,P01,L02,68992,61429,1844,660,1206.03,102.56,7577.99,0.8645,0.8904,0.9709,0.7473,0.12336
2026-01-27,P02,L03,47477,42145,1288,416,1221.99,129.23,4918.0,0.876,0.8877,0.9703,0.7545,0.11669
2026-01-27,P02,L04,32895,31689,685,211,1180.29,174.66,3479.53,0.8461,0.9633,0.9788,0.7978,0.1098
2026-01-27,P03,L05,49849,48059,961,445,1163.06,173.74,5861.08,0.8337,0.9641,0.9804,0.788,0.12196
2026-01-27,P03,L06,63156,59199,1537,513,1240.97,114.06,5763.85,0.8896,0.9373,0.9747,0.8127,0.09736
2026-01-28,P01,L01,57105,54046,2193,805,1312.49,6.53,6277.88,0.9409,0.9464,0.961,0.8557,0.11616
2026-01-28,P01,L02,72841,67855,1440,332,1263.36,103.28,9845.88,0.9056,0.9315,0.9792,0.8261,0.1451
2026-01-28,P02,L03,43002,39834,771,255,1279.29,86.25,3216.96,0.9171,0.9263,0.981,0.8334,0.08076
2026-01-28,P02,L04,29454,28107,1396,582,1221.7,146.1,4320.66,0.8758,0.9543,0.9527,0.7962,0.15372
2026-01-28,P03,L05,39488,36617,1237,490,1244.67,90.56,4493.86,0.8922,0.9273,0.9673,0.8003,0.12273
2026-01-28,P03,L06,84494,78529,1595,622,1246.39,132.97,8629.09,0.8935,0.9294,0.9801,0.8139,0.10988
2026-01-29,P01,L01,61028,54893,1700,520,1249.03,126.88,5637.87,0.8954,0.8995,0.97,0.7812,0.10271
2026-01-29,P01,L02,52043,46612,1597,675,1268.39,101.84,5276.8,0.9092,0.8956,0.9669,0.7874,0.11321
2026-01-29,P02,L03,43088,39365,1498,744,1250.07,132.7,4794.17,0.8961,0.9136,0.9633,0.7887,0.12179
2026-01-29,P02,L04,28542,26532,755,216,1215.62,126.4,3730.18,0.8714,0.9296,0.9723,0.7876,0.14059
2026-01-29,P03,L05,44415,39928,1456,471,1231.18,111.49,5447.47,0.8826,0.899,0.9648,0.7655,0.13643
2026-01-29,P03,L06,64618,61338,1743,628,1258.79,93.52,7403.19,0.9024,0.9492,0.9724,0.8329,0.12069
2026-01-30,P01,L01,55205,51923,1709,759,1169.91,191.8,5902.09,0.8386,0.9405,0.9681,0.7637,0.11367
2026-01-30,P01,L02,80186,72382,3135,1499,1249.65,109.03,12372.57,0.8958,0.9027,0.9585,0.7751,0.17093
2026-01-30,P02,L03,45636,43513,1404,540,1250.76,111.78,4839.46,0.8966,0.9535,0.9687,0.8282,0.11122
2026-01-30,P02,L04,30740,27059,1434,551,1194.46,152.94,4019.54,0.8562,0.8803,0.9497,0.7158,0.14855
2026-01-30,P03,L05,43493,42061,1572,560,1217.9,140.01,4838.1,0.873,0.9671,0.964,0.8139,0.11503
2026-01-30,P03,L06,73058,70724,1892,860,1138.03,191.93,7987.92,0.8158,0.9681,0.9739,0.7692,0.11295
2026-01-31,P01,L01,12563,11093,428,202,393.13,58.39,1887.95,0.2818,0.883,0.9629,0.2396,0.17019
2026-01-31,P01,L02,60830,56885,1352,433,1234.91,109.11,5130.01,0.8852,0.9351,0.9768,0.8086,0.09018
2026-01-31,P02,L03,20216,17380,731,266,794.16,102.36,2412.67,0.5693,0.8597,0.9596,0.4697,0.13882
2026-01-31,P02,L04,24774,23602,657,287,1296.9,56.35,2902.05,0.9297,0.9527,0.9729,0.8617,0.12296
2026-01-31,P03,L05,20729,19420,580,236,752.37,159.72,2122.96,0.5393,0.9369,0.971,0.4906,0.10932
2026-01-31,P03,L06,34843,32526,1270,609,868.7,61.3,3577.93,0.6227,0.9335,0.9624,0.5595,0.11
2026-02-01,P01,L01,35244,31177,1384,586,1201.94,144.13,4299.1,0.8616,0.8846,0.9575,0.7298,0.13789
2026-02-01,P01,L02,16706,16947,338,93,445.85,19.15,1650.69,0.3196,1.0144,0.9804,0.3179,0.0974
2026-02-01,P02,L03,26879,25365,735,373,790.02,105.41,2994.52,0.5663,0.9437,0.9718,0.5194,0.11806
2026-02-01,P02,L04,15874,15095,581,185,793.17,99.55,1932.65,0.5686,0.9509,0.9629,0.5206,0.12803
2026-02-01,P03,L05,10372,9084,399,211,383.75,63.81,1274.67,0.2751,0.8758,0.9579,0.2308,0.14032
2026-02-01,P03,L06,37574,35180,687,180,829.35,86.81,3825.54,0.5945,0.9363,0.9808,0.546,0.10874
2026-02-02,P01,L01,46617,41171,2015,723,1249.32,123.47,4346.02,0.8956,0.8832,0.9533,0.754,0.10556
2026-02-02,P01,L02,80208,72583,2875,1019,1128.14,229.16,10344.85,0.8087,0.9049,0.9619,0.7039,0.14252
2026-02-02,P02,L03,46194,40436,1585,682,1186.9,162.4,5672.26,0.8508,0.8754,0.9623,0.7167,0.14028
2026-02-02,P02,L04,26264,24728,605,257,1208.32,111.05,3447.28,0.8662,0.9415,0.9761,0.796,0.13941
2026-02-02,P03,L05,34317,30884,760,361,1203.89,155.99,3159.04,0.863,0.9,0.976,0.758,0.10229
2026-02-02,P03,L06,81959,78841,2836,876,1224.64,135.27,7713.23,0.8779,0.962,0.9653,0.8152,0.09783
2026-02-03,P01,L01,54091,49957,1815,503,1297.64,83.98,5732.85,0.9302,0.9236,0.9649,0.829,0.11476
2026-02-03,P01,L02,61956,58873,2312,883,1258.26,94.2,7248.63,0.902,0.9502,0.9622,0.8247,0.12312
2026-02-03,P02,L03,56160,53707,929,409,1247.09,104.16,7180.38,0.894,0.9563,0.983,0.8404,0.1337
2026-02-03,P02,L04,27925,25202,887,369,1175.64,179.49,3277.75,0.8428,0.9025,0.966,0.7347,0.13006
2026-02-03,P03,L05,29905,28176,1134,346,1257.07,122.37,3243.72,0.9011,0.9422,0.9613,0.8162,0.11512
2026-02-03,P03,L06,73798,66171,1985,828,1209.85,126.7,7802.03,0.8673,0.8967,0.9709,0.755,0.11791
2026-02-04,P01,L01,63393,56785,1769,760,1229.3,114.27,6011.87,0.8812,0.8958,0.9698,0.7655,0.10587
2026-02-04,P01,L02,73640,71605,2474,731,1255.4,95.31,10882.8,0.8999,0.9724,0.9666,0.8458,0.15198
2026-02-04,P02,L03,48129,41844,891,316,1164.96,186.96,4926.13,0.8351,0.8694,0.9792,0.7109,0.11773
2026-02-04,P02,L04,22273,19763,724,222,1313.85,39.26,2549.7,0.9418,0.8873,0.9647,0.8062,0.12901
2026-02-04,P03,L05,40048,37268,1713,803,1233.73,130.51,6631.55,0.8844,0.9306,0.9561,0.7868,0.17794
2026-02-04,P03,L06,67025,61643,1403,539,1244.08,117.09,4661.56,0.8918,0.9197,0.9777,0.802,0.07562
2026-02-05,P01,L01,51857,45962,1639,767,1216.1,145.25,5008.22,0.8718,0.8863,0.9656,0.7461,0.10896
2026-02-05,P01,L02,84533,80757,2626,807,1218.49,142.71,10075.78,0.8735,0.9553,0.9685,0.8082,0.12477
2026-02-05,P02,L03,43375,38224,1358,605,1200.52,187.56,4038.99,0.8606,0.8812,0.9657,0.7324,0.10567
2026-02-05,P02,L04,30372,26825,584,255,1179.51,158.27,3699.31,0.8455,0.8832,0.9787,0.7309,0.13791
2026-02-05,P03,L05,37538,33422,556,277,1278.41,89.91,3242.64,0.9164,0.8904,0.9836,0.8026,0.09702
2026-02-05,P03,L06,67416,67093,1137,298,1169.55,186.28,8590.83,0.8384,0.9952,0.9833,0.8205,0.12804
2026-02-06,P01,L01,59286,54290,1541,536,1231.8,127.96,6834.21,0.883,0.9157,0.9724,0.7863,0.12588
2026-02-06,P01,L02,75641,67326,1760,613,1240.3,130.66,9955.0,0.8891,0.8901,0.9745,0.7712,0.14786
2026-02-06,P02,L03,45305,42760,1053,353,1255.87,113.67,3385.27,0.9003,0.9438,0.976,0.8293,0.07917
2026-02-06,P02,L04,28937,25465,1129,435,1216.4,138.35,3465.14,0.872,0.88,0.9575,0.7348,0.13607
2026-02-06,P03,L05,40030,37304,964,438,1236.78,108.48,6360.15,0.8866,0.9319,0.9748,0.8054,0.1705
2026-02-06,P03,L06,63608,60128,2234,954,1288.89,101.91,8010.45,0.9239,0.9453,0.9642,0.8421,0.13322
2026-02-07,P01,L01,10983,9694,424,190,415.53,32.77,1173.21,0.2979,0.8826,0.9581,0.2519,0.12102
2026-02-07,P01,L02,21549,19179,648,276,432.11,20.98,1805.65,0.3098,0.89,0.9673,0.2667,0.09415
2026-02-07,P02,L03,23064,19896,494,241,786.16,111.64,2448.14,0.5636,0.8626,0.9758,0.4744,0.12305
2026-02-07,P02,L04,21547,19212,711,175,1166.45,178.98,2015.34,0.8362,0.8916,0.9643,0.7189,0.1049
2026-02-07,P03,L05,25342,24253,993,318,1306.64,60.88,3120.41,0.9367,0.957,0.9607,0.8612,0.12866
2026-02-07,P03,L06,17728,16473,312,139,396.53,68.47,1817.4,0.2842,0.9292,0.9814,0.2592,0.11033
2026-02-08,P01,L01,13077,12095,720,371,401.49,62.16,1871.66,0.2878,0.9249,0.9438,0.2512,0.15475
2026-02-08,P02,L03,19346,16905,906,398,800.3,108.14,2706.41,0.5737,0.8738,0.9491,0.4758,0.1601
2026-02-08,P02,L04,14837,14427,347,116,859.28,14.34,1302.01,0.616,0.9724,0.9765,0.5849,0.09025
2026-02-08,P03,L05,13384,11985,582,212,797.79,113.83,1038.73,0.5719,0.8955,0.9537,0.4884,0.08667
2026-02-08,P03,L06,53841,47889,1674,809,1299.45,76.18,5545.85,0.9315,0.8895,0.9662,0.8005,0.11581
2026-02-09,P01,L01,46368,42065,286,90,1328.34,46.3,3309.53,0.9522,0.9072,0.9932,0.858,0.07868
2026-02-09,P01,L02,74789,71060,2488,917,1198.89,174.84,6624.6,0.8594,0.9501,0.9662,0.7889,0.09323
2026-02-09,P02,L03,46377,41483,1298,363,1263.8,106.3,4672.16,0.906,0.8945,0.9697,0.7858,0.11263
2026-02-09,P02,L04,26890,23496,1333,528,1174.51,176.8,4027.11,0.8419,0.8738,0.9463,0.6962,0.1714
2026-02-09,P03,L05,41746,35894,1328,482,1246.88,103.77,4374.4,0.8938,0.8598,0.9643,0.7411,0.12187
2026-02-09,P03,L06,66229,60565,2530,737,1216.35,139.32,7432.95,0.8719,0.9145,0.9599,0.7654,0.12273
2026-02-10,P01,L01,46049,43845,1022,422,1216.67,131.37,5365.62,0.8722,0.9521,0.9772,0.8115,0.12238
2026-02-10,P01,L02,85550,75321,3738,1721,1293.35,81.99,9935.06,0.9271,0.8804,0.9527,0.7777,0.1319
2026-02-10,P02,L03,43176,40111,1329,545,1206.73,151.7,6058.62,0.865,0.929,0.9679,0.7779,0.15105
2026-02-10,P02,L04,27791,26400,743,241,1213.55,151.25,3402.35,0.8699,0.9499,0.9726,0.8038,0.12888
2026-02-10,P03,L05,33824,31396,1267,495,1189.75,163.84,3721.06,0.8529,0.9282,0.9612,0.7609,0.11852
2026-02-10,P03,L06,69594,62038,2203,873,1237.8,116.53,6847.14,0.8873,0.8914,0.9657,0.7638,0.11037
2026-02-11,P01,L01,47923,44850,1777,813,1153.5,210.78,4859.05,0.8269,0.9359,0.9619,0.7444,0.10834
2026-02-11,P01,L02,73093,64841,2476,884,1245.2,102.72,7934.27,0.8926,0.8871,0.9632,0.7627,0.12237
2026-02-11,P02,L03,42921,40018,900,245,1264.65,89.95,4255.56,0.9066,0.9324,0.978,0.8267,0.10634
2026-02-11,P02,L04,28520,26169,1050,522,1185.02,163.85,3509.8,0.8495,0.9176,0.9614,0.7494,0.13412
2026-02-11,P03,L05,38032,36350,1413,623,1224.76,119.84,5088.7,0.878,0.9558,0.9626,0.8077,0.13999
2026-02-11,P03,L06,80234,77011,1951,722,1170.95,188.54,7920.4,0.8394,0.9598,0.9753,0.7858,0.10285
2026-02-12,P01,L01,38578,35477,942,438,1246.77,120.18,4287.09,0.8937,0.9196,0.9741,0.8006,0.12084
2026-02-12,P01,L02,51892,46271,768,256,1253.52,101.37,3888.44,0.8986,0.8917,0.9837,0.7882,0.08404
2026-02-12,P02,L03,41092,37318,1197,400,1334.57,51.24,4434.8,0.9567,0.9082,0.9689,0.8418,0.11884
2026-02-12,P02,L04,28661,26232,962,435,1234.14,109.3,3878.85,0.8847,0.9153,0.9646,0.7811,0.14787
2026-02-12,P03,L05,33843,30048,1128,372,1225.99,152.07,4344.57,0.8788,0.8879,0.9638,0.7521,0.14459
2026-02-12,P03,L06,54803,50194,1284,525,1131.95,230.71,7721.6,0.8114,0.9159,0.9751,0.7247,0.15384
2026-02-13,P01,L01,57342,52567,2256,1146,1283.08,82.1,6970.57,0.9198,0.9167,0.9588,0.8085,0.1326
2026-02-13,P01,L02,56375,52819,1623,477,1214.75,125.5,6320.12,0.8708,0.9369,0.9702,0.7915,0.11966
2026-02-13,P02,L03,43045,39153,1489,659,1261.93,102.58,3794.26,0.9046,0.9096,0.9634,0.7927,0.09691
2026-02-13,P02,L04,32293,31219,1228,392,1210.54,121.24,4630.16,0.8678,0.9667,0.9622,0.8072,0.14831
2026-02-13,P03,L05,31000,28579,853,299,1298.54,59.9,3600.42,0.9309,0.9219,0.971,0.8333,0.12598
2026-02-13,P03,L06,59991,58717,2336,1024,1223.55,106.01,7360.99,0.8771,0.9788,0.9617,0.8256,0.12536
2026-02-14,P01,L01,37225,32386,1126,576,1187.63,160.02,4196.94,0.8513,0.87,0.9664,0.7158,0.12959
2026-02-14,P01,L02,26967,24555,619,224,901.75,11.59,3266.47,0.6464,0.9106,0.9754,0.5741,0.13303
2026-02-14,P02,L03,13675,12693,435,87,460.35,4.65,1338.11,0.33,0.9282,0.9669,0.2962,0.10542
2026-02-14,P02,L04,18112,16865,665,218,851.2,44.77,2334.67,0.6102,0.9312,0.9621,0.5466,0.13843
2026-02-14,P03,L05,8365,8152,271,146,429.68,32.08,865.58,0.308,0.9745,0.9678,0.2905,0.10618
2026-02-14,P03,L06,26165,24266,885,320,762.59,139.06,3175.73,0.5467,0.9274,0.9648,0.4891,0.13087
2026-02-15,P01,L01,23926,21990,607,203,755.39,153.86,3272.7,0.5415,0.9191,0.9731,0.4843,0.14883
2026-02-15,P01,L02,15417,14508,747,279,404.78,48.41,2234.1,0.2902,0.941,0.951,0.2597,0.15399
2026-02-15,P02,L03,33421,29594,1197,565,1175.45,204.27,3445.54,0.8426,0.8855,0.9611,0.7171,0.11643
2026-02-15,P02,L04,21799,20982,217,67,1214.02,126.94,2112.94,0.8703,0.9625,0.9898,0.8291,0.1007
2026-02-15,P03,L05,17185,16157,339,136,777.75,85.89,1726.67,0.5575,0.9402,0.9794,0.5134,0.10687
2026-02-15,P03,L06,14770,13886,682,360,385.14,39.25,1131.82,0.2761,0.9401,0.9532,0.2474,0.08151
2026-02-16,P01,L01,46957,41555,959,248,1315.34,33.46,4150.14,0.9429,0.885,0.9774,0.8156,0.09987
2026-02-16,P01,L02,61980,56737,1723,566,1206.62,152.55,7295.93,0.865,0.9154,0.9705,0.7685,0.12859
2026-02-16,P02,L03,46489,42763,1892,635,1250.28,110.85,6631.41,0.8963,0.9199,0.9576,0.7895,0.15507
2026-02-16,P02,L04,26887,23836,933,452,1098.59,239.35,3675.26,0.7875,0.8865,0.9623,0.6719,0.15419
2026-02-16,P03,L05,34654,32920,1067,398,1234.4,104.97,3797.31,0.8849,0.95,0.9686,0.8142,0.11535
2026-02-16,P03,L06,74134,67426,2695,1184,1245.89,131.2,10454.17,0.8931,0.9095,0.9616,0.7811,0.15505
2026-02-17,P01,L01,42348,38290,1210,345,1185.56,168.19,4646.66,0.8499,0.9042,0.9694,0.7449,0.12135
2026-02-17,P01,L02,61952,56130,1522,611,1126.9,224.92,6487.62,0.8078,0.906,0.9736,0.7126,0.11558
2026-02-17,P02,L03,45956,40730,1340,461,1194.12,131.51,5276.34,0.856,0.8863,0.9681,0.7345,0.12954
2026-02-17,P02,L04,24724,22089,562,148,1286.42,43.49,3015.63,0.9222,0.8934,0.9752,0.8034,0.13652
2026-02-17,P03,L05,39686,34493,1645,759,1162.56,192.23,4168.91,0.8334,0.8691,0.9545,0.6914,0.12086
2026-02-17,P03,L06,82341,76201,2145,814,1295.52,69.65,7072.03,0.9287,0.9254,0.9726,0.8359,0.09281
2026-02-18,P01,L01,45418,41902,1601,532,1168.67,144.51,4477.95,0.8378,0.9226,0.9632,0.7445,0.10687
2026-02-18,P01,L02,65616,60680,2210,951,1141.82,200.55,6911.24,0.8185,0.9248,0.9649,0.7303,0.1139
2026-02-18,P02,L03,39812,35744,1331,594,1251.6,90.63,4548.09,0.8972,0.8978,0.9641,0.7766,0.12724
2026-02-18,P02,L04,27265,24473,1034,303,1247.65,105.5,2648.39,0.8944,0.8976,0.9595,0.7702,0.10822
2026-02-18,P03,L05,34433,32164,1030,316,1207.0,151.28,3498.73,0.8652,0.9341,0.969,0.7831,0.10878
2026-02-18,P03,L06,71905,68014,1649,694,1204.12,159.55,6887.93,0.8632,0.9459,0.9763,0.7971,0.10127
2026-02-19,P01,L01,48304,44354,1131,457,1199.65,128.29,4706.79,0.86,0.9182,0.9751,0.77,0.10612
2026-02-19,P01,L02,71574,64762,1976,701,1174.04,151.45,8427.74,0.8416,0.9048,0.9704,0.739,0.13013
2026-02-19,P02,L03,51424,47173,1897,702,1189.77,162.33,6499.6,0.8529,0.9173,0.9613,0.7521,0.13778
2026-02-19,P02,L04,28644,26585,909,413,1108.02,242.68,3620.09,0.7943,0.9281,0.9669,0.7128,0.13617
2026-02-19,P03,L05,27237,23124,875,435,1272.79,95.49,3110.3,0.9124,0.849,0.9635,0.7464,0.13451
2026-02-19,P03,L06,76322,67280,2949,1129,1258.38,110.81,11884.82,0.9021,0.8815,0.958,0.7618,0.17665
2026-02-20,P01,L01,57010,52810,1593,567,1167.15,200.02,7564.3,0.8367,0.9263,0.9707,0.7523,0.14324
2026-02-20,P01,L02,66526,59221,1598,686,1203.2,161.96,9005.36,0.8625,0.8902,0.9737,0.7476,0.15206
2026-02-20,P02,L03,51078,47880,1177,463,1273.54,81.14,5801.63,0.9129,0.9374,0.976,0.8352,0.12117
2026-02-20,P02,L04,22239,20188,433,185,1284.32,107.99,1934.94,0.9207,0.9078,0.979,0.8182,0.09585
2026-02-20,P03,L05,39131,33934,1716,458,1213.71,170.73,5320.89,0.87,0.8672,0.9519,0.7182,0.1568
2026-02-20,P03,L06,77346,71650,1210,460,1240.56,108.64,7077.09,0.8893,0.9264,0.9834,0.8101,0.09877
2026-02-21,P01,L01,26423,24109,747,302,886.62,22.87,2531.91,0.6356,0.9124,0.9699,0.5625,0.10502
2026-02-21,P02,L03,11344,9709,307,104,414.31,43.35,1364.02,0.297,0.8559,0.9693,0.2464,0.14049
2026-02-21,P02,L04,14293,13499,316,95,824.29,100.32,1381.55,0.5909,0.9444,0.9771,0.5453,0.10234
2026-02-21,P03,L05,24265,20969,925,337,814.93,100.63,3600.16,0.5842,0.8642,0.9578,0.4835,0.17169
2026-02-21,P03,L06,15395,12831,390,154,368.75,88.45,1149.31,0.2643,0.8335,0.9705,0.2138,0.08957
2026-02-22,P01,L01,9753,8764,498,183,386.57,52.97,1240.69,0.2771,0.8986,0.9462,0.2356,0.14157
2026-02-22,P01,L02,22802,21099,688,225,379.01,71.79,2319.97,0.2717,0.9253,0.9684,0.2435,0.10996
2026-02-22,P02,L03,20010,19377,682,266,823.75,49.41,1293.34,0.5905,0.9684,0.966,0.5524,0.06675
2026-02-22,P02,L04,14099,12625,463,150,780.1,94.65,1927.19,0.5592,0.8955,0.9646,0.483,0.15265
2026-02-22,P03,L05,12605,12783,308,100,396.9,50.51,1727.0,0.2845,1.0141,0.9765,0.2817,0.1351
2026-02-22,P03,L06,12165,12411,115,62,394.14,59.82,1165.26,0.2825,1.0202,0.9908,0.2856,0.09389
2026-02-23,P01,L01,51416,46427,2190,844,1165.72,185.03,6832.45,0.8356,0.903,0.955,0.7206,0.14717
2026-02-23,P01,L02,74451,64409,3542,1460,1226.13,128.24,8938.85,0.8789,0.8651,0.9479,0.7208,0.13878
2026-02-23,P02,L03,50679,44615,1658,541,1169.76,174.88,6379.54,0.8385,0.8803,0.9642,0.7118,0.14299
2026-02-23,P02,L04,27888,27242,790,300,1227.18,130.44,3446.16,0.8797,0.9768,0.9718,0.8351,0.1265
2026-02-23,P03,L05,32568,30084,819,297,1239.13,107.49,3794.28,0.8883,0.9237,0.9735,0.7988,0.12612
2026-02-23,P03,L06,68090,63225,1511,653,1261.0,110.05,6276.63,0.9039,0.9286,0.9767,0.8198,0.09927
2026-02-24,P01,L01,41987,38767,1552,590,1269.27,93.06,5473.96,0.9099,0.9233,0.9615,0.8078,0.1412
2026-02-24,P01,L02,64745,59819,3262,1220,1146.1,217.62,10403.1,0.8216,0.9239,0.9483,0.7198,0.17391
2026-02-24,P02,L03,32926,29947,910,332,1227.33,135.38,3644.18,0.8798,0.9095,0.9705,0.7766,0.12169
2026-02-24,P02,L04,24857,22179,405,172,1225.24,110.82,2824.29,0.8783,0.8923,0.9821,0.7696,0.12734
2026-02-24,P03,L05,34093,31078,758,247,1271.71,85.03,4015.69,0.9116,0.9116,0.9762,0.8112,0.12921
2026-02-24,P03,L06,59762,51228,1806,748,1146.41,185.29,6354.41,0.8218,0.8572,0.9659,0.6805,0.12404
2026-02-25,P01,L01,39169,38020,1053,313,1201.76,134.64,3841.61,0.8615,0.9707,0.9731,0.8137,0.10104
2026-02-25,P01,L02,63129,60785,1585,660,1179.14,178.31,10678.26,0.8453,0.9629,0.9746,0.7932,0.17567
2026-02-25,P02,L03,39343,36365,1059,417,1290.9,73.49,3762.46,0.9254,0.9243,0.9717,0.8311,0.10346
2026-02-25,P02,L04,26309,26424,353,101,1172.96,170.07,3222.28,0.8408,1.0044,0.9868,0.8334,0.12195
2026-02-25,P03,L05,32591,29817,791,276,1290.65,48.86,3233.35,0.9252,0.9149,0.9742,0.8246,0.10844
2026-02-25,P03,L06,80642,73717,2127,1012,1196.57,168.45,9161.03,0.8578,0.9141,0.972,0.7621,0.12427
2026-02-26,P01,L01,52840,47519,2058,592,1257.79,109.49,5938.0,0.9016,0.8993,0.9585,0.7772,0.12496
2026-02-26,P01,L02,73829,65268,2118,813,1169.96,180.2,7504.17,0.8387,0.884,0.9686,0.7181,0.11497
2026-02-26,P02,L03,47306,44060,1586,607,1124.89,245.15,7456.53,0.8064,0.9314,0.9653,0.7249,0.16924
2026-02-26,P02,L04,28338,25199,1274,430,1225.98,102.72,2701.79,0.8788,0.8892,0.9519,0.7439,0.10722
2026-02-26,P03,L05,33196,29552,971,386,1203.9,174.89,3493.05,0.863,0.8902,0.9682,0.7438,0.1182
2026-02-26,P03,L06,63593,58382,1525,589,1231.75,111.25,7954.15,0.883,0.9181,0.9745,0.79,0.13624
2026-02-27,P01,L01,42419,38534,1206,341,1345.63,28.77,4062.14,0.9646,0.9084,0.9697,0.8497,0.10542
2026-02-27,P01,L02,62644,54051,1852,825,1165.94,206.04,6858.65,0.8358,0.8628,0.9669,0.6973,0.12689
2026-02-27,P02,L03,47798,44136,1648,614,1220.15,137.27,4241.9,0.8747,0.9234,0.964,0.7786,0.09611
2026-02-27,P02,L04,30740,29094,695,301,1257.38,94.78,2816.26,0.9013,0.9465,0.9767,0.8332,0.0968
2026-02-27,P03,L05,42388,37726,787,327,1271.24,69.43,3875.84,0.9113,0.89,0.9796,0.7945,0.10274
2026-02-27,P03,L06,77683,70149,2067,763,1254.26,107.5,7574.09,0.8991,0.903,0.9714,0.7887,0.10797
2026-02-28,P01,L01,9497,9381,279,71,374.83,70.71,1107.08,0.2687,0.9878,0.9711,0.2577,0.11801
2026-02-28,P01,L02,16412,16308,396,188,402.47,58.46,2228.76,0.2885,0.9937,0.9763,0.2799,0.13667
2026-02-28,P02,L03,8779,8630,405,113,427.01,20.31,1152.6,0.3061,0.983,0.9552,0.2874,0.13356
2026-02-28,P02,L04,16291,15494,554,149,862.47,54.52,1851.3,0.6183,0.9511,0.9655,0.5677,0.11949
2026-02-28,P03,L05,7726,7679,312,150,368.31,74.4,1022.65,0.264,0.9939,0.961,0.2522,0.13318
2026-02-28,P03,L06,13103,11345,507,233,361.78,90.47,1428.91,0.2593,0.8658,0.9572,0.2149,0.12595
2026-03-01,P01,L01,11661,10578,548,155,430.53,11.54,1663.59,0.3086,0.9071,0.9507,0.2662,0.15727
2026-03-01,P01,L02,47238,44966,1527,576,1216.66,148.69,6977.95,0.8722,0.9519,0.9672,0.8029,0.15518
2026-03-01,P02,L03,10722,9661,276,95,420.44,38.83,1082.47,0.3014,0.901,0.9722,0.264,0.11205
2026-03-01,P02,L04,14172,12425,190,93,811.06,98.36,1568.17,0.5814,0.8767,0.9849,0.5021,0.12621
2026-03-01,P03,L05,19055,17312,241,117,795.25,97.93,1726.22,0.5701,0.9085,0.9863,0.5108,0.09971
2026-03-01,P03,L06,48635,44680,1405,448,1194.53,162.13,5784.73,0.8563,0.9187,0.9695,0.7627,0.12947
2026-03-02,P01,L01,40566,36250,881,316,1299.41,78.59,3972.0,0.9315,0.8936,0.9763,0.8126,0.10957
2026-03-02,P01,L02,63681,55214,2526,1151,1168.66,176.55,6472.37,0.8377,0.867,0.9563,0.6946,0.11722
2026-03-02,P02,L03,47113,42189,1615,538,1251.02,95.87,6272.99,0.8968,0.8955,0.9631,0.7735,0.14869
2026-03-02,P02,L04,29308,25285,1269,560,1101.93,242.49,3618.88,0.7899,0.8627,0.9522,0.6489,0.14312
2026-03-02,P03,L05,37079,35189,1038,325,1241.05,114.67,3529.91,0.8896,0.949,0.9713,0.8201,0.10031
2026-03-02,P03,L06,70931,64214,2176,869,1175.92,157.57,6920.26,0.843,0.9053,0.9672,0.7381,0.10777
2026-03-03,P01,L01,42684,39260,680,274,1219.27,152.81,4434.25,0.874,0.9198,0.983,0.7902,0.11295
2026-03-03,P01,L02,68242,64721,2298,870,1214.08,135.73,8912.59,0.8703,0.9484,0.9657,0.7971,0.13771
2026-03-03,P02,L03,35394,30998,1619,676,1236.14,109.05,4438.09,0.8861,0.8758,0.9504,0.7375,0.14317
2026-03-03,P02,L04,31401,29428,731,321,1263.98,104.41,3939.3,0.9061,0.9372,0.9758,0.8286,0.13386
2026-03-03,P03,L05,32489,30315,889,421,1303.95,67.34,3222.3,0.9347,0.9331,0.9715,0.8473,0.10629
2026-03-03,P03,L06,75128,70658,1604,469,1186.32,152.85,5622.75,0.8504,0.9405,0.9778,0.7821,0.07958
2026-03-04,P01,L01,45654,40564,1185,477,1265.29,91.97,4157.83,0.907,0.8885,0.9716,0.783,0.1025
2026-03-04,P01,L02,59370,55130,2154,1066,1180.48,164.21,5710.28,0.8462,0.9286,0.9624,0.7562,0.10358
2026-03-04,P02,L03,48487,45250,1295,486,1204.85,165.48,5746.99,0.8637,0.9332,0.9722,0.7836,0.12701
2026-03-04,P02,L04,27457,25662,1102,435,1249.4,132.21,4261.04,0.8956,0.9346,0.9588,0.8026,0.16604
2026-03-04,P03,L05,41024,40055,1214,344,1234.81,115.56,5684.81,0.8852,0.9764,0.9706,0.8388,0.14193
2026-03-04,P03,L06,67196,61371,1879,731,1225.35,134.57,7952.17,0.8784,0.9133,0.9703,0.7784,0.12958
2026-03-05,P01,L01,45120,40728,1270,429,1275.9,88.08,4178.9,0.9146,0.9027,0.9698,0.8006,0.10261
2026-03-05,P01,L02,64968,56782,2273,916,1217.17,112.22,8498.5,0.8725,0.874,0.9615,0.7332,0.14967
2026-03-05,P02,L03,50677,47971,801,375,1210.64,133.78,4546.96,0.8678,0.9466,0.9836,0.808,0.09479
2026-03-05,P02,L04,24337,20881,533,198,1259.24,109.81,2206.04,0.9027,0.858,0.9751,0.7552,0.10565
2026-03-05,P03,L05,36195,34798,965,397,1255.22,86.17,4736.32,0.8998,0.9614,0.973,0.8417,0.13611
2026-03-05,P03,L06,52924,50225,1665,503,1203.55,126.29,5440.75,0.8628,0.949,0.9679,0.7925,0.10833
2026-03-06,P01,L01,43962,39465,967,291,1190.52,165.4,5151.29,0.8534,0.8977,0.9761,0.7478,0.13053
2026-03-06,P01,L02,54837,48295,1957,827,1245.35,142.02,7021.31,0.8927,0.8807,0.9611,0.7556,0.14538
2026-03-06,P02,L03,40445,36795,1197,457,1224.17,121.59,5550.62,0.8775,0.9098,0.9685,0.7732,0.15085
2026-03-06,P02,L04,25721,23357,995,314,1266.36,87.04,2764.5,0.9078,0.9081,0.9591,0.7907,0.11836
2026-03-06,P03,L05,31528,28605,848,440,1249.84,118.87,3148.82,0.8959,0.9073,0.9712,0.7895,0.11008
2026-03-06,P03,L06,58851,53740,1811,574,1274.93,80.61,7765.49,0.9139,0.9132,0.9674,0.8073,0.1445
2026-03-07,P01,L01,20636,19089,948,412,888.47,15.71,2987.46,0.6369,0.925,0.9527,0.5613,0.1565
2026-03-07,P01,L02,27137,24060,388,131,811.9,100.95,3203.98,0.582,0.8866,0.9841,0.5078,0.13317
2026-03-07,P02,L03,11071,9385,497,172,449.85,4.54,1289.12,0.3225,0.8477,0.9497,0.2596,0.13736
2026-03-07,P02,L04,15484,14402,486,153,851.46,50.87,1414.04,0.6104,0.9301,0.9674,0.5492,0.09818
2026-03-07,P03,L05,18280,17520,513,189,850.3,59.88,1581.42,0.6095,0.9584,0.9716,0.5676,0.09026
2026-03-08,P01,L01,27623,24677,843,413,849.17,61.47,2574.99,0.6087,0.8933,0.967,0.5258,0.10435
2026-03-08,P01,L02,11822,10861,374,148,416.37,38.96,1157.06,0.2985,0.9187,0.9667,0.2651,0.10653
2026-03-08,P02,L03,18358,16710,627,267,808.31,92.21,1879.89,0.5794,0.9102,0.9638,0.5083,0.1125
2026-03-08,P02,L04,6640,5557,193,82,337.27,90.32,565.56,0.2418,0.8369,0.9664,0.1955,0.10178
2026-03-08,P03,L05,31165,27650,1023,386,1216.26,166.59,3929.78,0.8719,0.8872,0.9643,0.7459,0.14213
2026-03-08,P03,L06,28450,26260,680,332,884.63,23.18,2910.73,0.6341,0.923,0.9748,0.5706,0.11084
2026-03-09,P01,L01,43138,37984,1537,760,1275.85,93.24,5030.71,0.9146,0.8805,0.9611,0.774,0.13244
2026-03-09,P01,L02,68337,66706,2045,553,1243.35,138.1,7754.41,0.8913,0.9761,0.9703,0.8441,0.11625
2026-03-09,P02,L03,37315,34383,849,278,1200.45,158.86,5152.22,0.8605,0.9214,0.9759,0.7738,0.14985
2026-03-09,P02,L04,28658,25475,956,380,1259.51,115.76,2523.05,0.9029,0.8889,0.9638,0.7736,0.09904
2026-03-09,P03,L05,36472,35179,957,280,1188.98,155.39,5550.41,0.8523,0.9645,0.9735,0.8003,0.15778
2026-03-09,P03,L06,67381,60244,3051,1299,1252.9,124.08,6235.48,0.8981,0.8941,0.9518,0.7643,0.1035
2026-03-10,P01,L01,43796,38683,1846,835,1281.93,71.73,4798.15,0.9189,0.8833,0.9545,0.7747,0.12404
2026-03-10,P01,L02,68222,61847,1510,673,1232.33,144.23,6377.43,0.8834,0.9066,0.9762,0.7818,0.10312
2026-03-10,P02,L03,40041,35666,1730,592,1158.98,181.05,6088.81,0.8308,0.8907,0.9537,0.7058,0.17072
2026-03-10,P02,L04,26232,24833,274,68,1235.38,139.46,2158.23,0.8856,0.9467,0.9891,0.8292,0.08691
2026-03-10,P03,L05,40324,38242,1241,490,1259.1,121.04,4674.69,0.9026,0.9484,0.9686,0.8291,0.12224
2026-03-10,P03,L06,62152,58266,1699,651,1224.32,106.33,7959.93,0.8776,0.9375,0.9717,0.7995,0.13661
2026-03-11,P01,L01,52625,47113,1124,472,1232.9,131.83,5850.43,0.8838,0.8953,0.9767,0.7728,0.12418
2026-03-11,P01,L02,63620,58346,2537,1127,1216.11,155.54,7719.53,0.8718,0.9171,0.9583,0.7662,0.13231
2026-03-11,P02,L03,38985,36817,781,373,1168.67,173.32,3334.71,0.8378,0.9444,0.9792,0.7747,0.09058
2026-03-11,P02,L04,21997,19430,739,233,1270.94,87.28,2177.79,0.9111,0.8833,0.9634,0.7753,0.11208
2026-03-11,P03,L05,42664,38704,1120,407,1143.09,195.86,4511.8,0.8194,0.9072,0.9719,0.7225,0.11657
2026-03-11,P03,L06,62077,57093,1089,389,1189.7,164.35,5141.32,0.8528,0.9197,0.9813,0.7697,0.09005
2026-03-12,P01,L01,48461,45168,1383,552,1186.5,145.46,5214.73,0.8505,0.932,0.9703,0.7692,0.11545
2026-03-12,P01,L02,56659,49015,2131,637,1264.31,106.53,6413.11,0.9063,0.8651,0.9583,0.7514,0.13084
2026-03-12,P02,L03,39526,34870,1091,358,1228.29,140.96,4588.58,0.8805,0.8822,0.9697,0.7532,0.13159
2026-03-12,P02,L04,24620,23658,886,341,1342.65,36.45,2931.62,0.9625,0.9609,0.9639,0.8915,0.12392
2026-03-12,P03,L05,35080,32555,829,366,1093.66,240.33,3265.03,0.784,0.928,0.9752,0.7095,0.10029
2026-03-12,P03,L06,65238,59386,1595,589,1145.33,209.95,6440.18,0.821,0.9103,0.9738,0.7278,0.10845
2026-03-13,P01,L01,45508,40703,1555,664,1131.29,255.3,5381.84,0.811,0.8944,0.9632,0.6986,0.13222
2026-03-13,P01,L02,60331,54137,1787,723,1149.33,177.01,8040.24,0.8239,0.8973,0.968,0.7157,0.14852
2026-03-13,P02,L03,37706,34988,1056,321,1199.01,155.29,4812.67,0.8595,0.9279,0.9707,0.7742,0.13755
2026-03-13,P02,L04,21704,20012,323,126,1261.58,92.93,2000.6,0.9044,0.922,0.9841,0.8206,0.09997
2026-03-13,P03,L05,30172,27230,892,455,1284.08,101.75,3638.1,0.9205,0.9025,0.9683,0.8044,0.13361
2026-03-13,P03,L06,49230,47907,1190,516,1227.53,138.52,4171.42,0.8799,0.9731,0.9758,0.8355,0.08707
2026-03-14,P01,L01,10637,9272,263,52,435.05,7.92,834.29,0.3119,0.8717,0.9724,0.2643,0.08998
2026-03-14,P01,L02,12597,11003,442,90,414.84,35.77,1071.55,0.2974,0.8735,0.9614,0.2497,0.09739
2026-03-14,P02,L03,22675,20974,312,67,820.87,83.2,2451.39,0.5884,0.925,0.9853,0.5363,0.11688
2026-03-14,P02,L04,18030,15992,491,232,841.33,74.23,2269.55,0.6031,0.887,0.9702,0.519,0.14192
2026-03-14,P03,L05,24829,22599,803,247,1232.98,113.74,2460.56,0.8839,0.9102,0.9657,0.7769,0.10888
2026-03-14,P03,L06,47572,42880,893,371,1211.93,98.6,3721.52,0.8688,0.9014,0.9796,0.7671,0.08679
2026-03-15,P01,L01,27719,25484,929,331,1281.21,56.71,2486.48,0.9184,0.9194,0.9648,0.8147,0.09757
2026-03-15,P02,L04,6978,6253,237,55,419.9,37.45,922.25,0.301,0.8961,0.9635,0.2599,0.14749
2026-03-15,P03,L05,25745,23263,1111,488,1212.1,165.88,3541.48,0.8689,0.9036,0.9544,0.7493,0.15224
2026-03-15,P03,L06,31136,28457,1112,385,859.69,46.75,2974.03,0.6163,0.914,0.9624,0.5421,0.10451
2026-03-16,P01,L01,45545,38681,1530,706,1281.46,32.0,5347.5,0.9186,0.8493,0.962,0.7505,0.13825
2026-03-16,P01,L02,58199,49156,2315,900,1278.69,91.76,4491.47,0.9166,0.8446,0.955,0.7394,0.09137
2026-03-16,P02,L03,41230,38678,1059,312,1147.01,189.52,4431.1,0.8222,0.9381,0.9733,0.7508,0.11456
2026-03-16,P02,L04,26840,23089,1285,565,1172.42,168.85,2999.59,0.8404,0.8602,0.9473,0.6849,0.12991
2026-03-16,P03,L05,29152,27932,877,333,1225.86,124.2,4152.26,0.8788,0.9582,0.9696,0.8163,0.14866
2026-03-16,P03,L06,62007,59206,2073,918,1243.7,88.7,7892.92,0.8915,0.9548,0.9662,0.8225,0.13331
2026-03-17,P01,L01,42427,38562,645,278,1238.35,110.78,3662.06,0.8877,0.9089,0.9835,0.7936,0.09497
2026-03-17,P01,L02,72581,66363,3435,1238,1292.75,82.46,9002.53,0.9267,0.9143,0.9508,0.8056,0.13566
2026-03-17,P02,L03,39968,39526,1322,586,1230.06,111.4,4481.51,0.8818,0.9889,0.9676,0.8438,0.11338
2026-03-17,P02,L04,22920,20262,766,305,1201.37,146.52,2277.56,0.8612,0.884,0.9636,0.7336,0.11241
2026-03-17,P03,L05,36827,32715,1295,510,1288.44,80.35,4299.84,0.9236,0.8883,0.9619,0.7892,0.13143
2026-03-17,P03,L06,56773,53167,1694,416,1232.73,117.17,5877.6,0.8837,0.9365,0.9691,0.802,0.11055
2026-03-18,P01,L01,48292,43681,1831,925,1240.06,122.28,5757.67,0.8889,0.9045,0.9598,0.7717,0.13181
2026-03-18,P01,L02,74802,69850,1941,783,1225.37,128.68,6125.02,0.8784,0.9338,0.973,0.7981,0.08769
2026-03-18,P02,L03,40466,38404,1228,354,1205.08,117.98,5116.77,0.8639,0.949,0.969,0.7944,0.13324
2026-03-18,P02,L04,27609,25492,703,237,1276.85,103.09,2939.12,0.9153,0.9233,0.9732,0.8224,0.1153
2026-03-18,P03,L05,34595,30284,1287,585,1230.61,147.66,4375.76,0.8822,0.8754,0.9592,0.7408,0.14449
2026-03-18,P03,L06,73916,67183,2240,589,1312.3,61.43,11619.29,0.9407,0.9089,0.9677,0.8274,0.17295
2026-03-19,P01,L01,42893,37815,1057,320,1197.1,126.35,3938.05,0.8581,0.8816,0.9728,0.736,0.10414
2026-03-19,P01,L02,75632,71076,2770,1089,1231.12,138.17,9434.29,0.8825,0.9398,0.9625,0.7983,0.13274
2026-03-19,P02,L03,37501,34666,1233,432,1220.29,163.77,5359.01,0.8748,0.9244,0.9657,0.7809,0.15459
2026-03-19,P02,L04,24855,22850,892,222,1312.04,66.88,3450.39,0.9405,0.9193,0.9624,0.8322,0.151
2026-03-19,P03,L05,30172,29474,816,246,1253.55,90.5,3335.59,0.8986,0.9769,0.9731,0.8542,0.11317
2026-03-19,P03,L06,59254,55231,2170,1061,1286.93,79.72,5398.58,0.9225,0.9321,0.9622,0.8274,0.09775
2026-03-20,P01,L01,45681,41118,1579,472,1195.59,135.93,4586.25,0.8571,0.9001,0.963,0.7429,0.11154
2026-03-20,P01,L02,57478,51387,978,404,1250.92,119.61,5222.16,0.8967,0.894,0.9813,0.7867,0.10162
2026-03-20,P02,L03,41828,38708,788,342,1196.22,159.36,5123.83,0.8575,0.9254,0.98,0.7777,0.13237
2026-03-20,P02,L04,24868,21862,569,229,1299.15,74.65,2507.4,0.9313,0.8791,0.9746,0.798,0.11469
2026-03-20,P03,L05,33907,30720,1210,441,1217.87,118.69,3890.62,0.873,0.906,0.9621,0.761,0.12665
2026-03-20,P03,L06,69763,64702,1199,404,1255.01,110.49,6215.45,0.8996,0.9275,0.9818,0.8192,0.09606
2026-03-21,P01,L01,10165,9859,157,44,420.15,13.21,1148.58,0.3012,0.9699,0.9843,0.2875,0.1165
2026-03-21,P01,L02,37265,36310,959,301,1169.24,168.43,4044.23,0.8382,0.9744,0.9743,0.7957,0.11138
2026-03-21,P02,L03,18985,17503,1004,464,795.61,101.87,2466.42,0.5703,0.9219,0.9458,0.4973,0.14091
2026-03-21,P02,L04,5950,5467,173,41,396.08,64.7,742.85,0.2839,0.9188,0.9693,0.2529,0.13588
2026-03-21,P03,L05,19394,16630,838,325,866.85,18.76,1641.16,0.6214,0.8575,0.952,0.5073,0.09869
2026-03-21,P03,L06,18561,17921,878,379,423.54,28.44,3022.22,0.3036,0.9655,0.9533,0.2795,0.16864
2026-03-22,P01,L01,31658,29797,1036,301,1296.28,67.98,3897.6,0.9292,0.9412,0.9664,0.8452,0.13081
2026-03-22,P01,L02,34379,32131,1123,431,1340.56,31.66,4431.27,0.961,0.9346,0.9662,0.8678,0.13791
2026-03-22,P02,L03,19574,17734,445,173,849.72,61.0,2400.97,0.6091,0.906,0.9755,0.5384,0.13539
2026-03-22,P02,L04,16113,15028,530,172,1258.85,106.79,1125.68,0.9024,0.9327,0.9659,0.813,0.07491
2026-03-22,P03,L05,10392,10259,238,123,455.81,0.0,958.23,0.3267,0.9872,0.9773,0.3153,0.0934
2026-03-22,P03,L06,30379,27149,1057,431,813.95,95.99,3300.14,0.5835,0.8937,0.9625,0.5019,0.12156
2026-03-23,P01,L01,42075,41774,1344,555,1291.31,89.16,4235.62,0.9257,0.9928,0.9688,0.8904,0.10139
2026-03-23,P01,L02,53737,48246,2155,863,1261.1,112.42,6784.06,0.904,0.8978,0.9572,0.7769,0.14061
2026-03-23,P02,L03,38807,35529,1282,547,1237.17,134.6,3831.66,0.8869,0.9155,0.9652,0.7837,0.10785
2026-03-23,P02,L04,27718,24871,675,198,1252.73,112.04,3069.5,0.898,0.8973,0.9736,0.7845,0.12342
2026-03-23,P03,L05,31384,28882,870,297,1336.15,52.78,3877.3,0.9578,0.9203,0.9708,0.8557,0.13425
2026-03-23,P03,L06,51583,45856,2314,700,1219.45,148.6,7146.3,0.8742,0.889,0.952,0.7398,0.15584
2026-03-24,P01,L01,43702,37354,1913,664,1178.62,171.51,5907.64,0.8449,0.8547,0.9513,0.687,0.15815
2026-03-24,P01,L02,69130,64017,1290,383,1319.95,45.44,7299.17,0.9462,0.926,0.9802,0.8589,0.11402
2026-03-24,P02,L03,34742,32589,1015,306,1225.67,122.55,3947.7,0.8786,0.938,0.9698,0.7993,0.12114
2026-03-24,P02,L04,21549,19580,795,311,1268.94,86.83,2564.35,0.9096,0.9086,0.961,0.7943,0.13097
2026-03-24,P03,L05,35195,32860,917,277,1273.37,100.44,3498.26,0.9128,0.9337,0.9729,0.8291,0.10646
2026-03-24,P03,L06,65442,65570,777,225,1205.42,128.69,5046.66,0.8641,1.002,0.9883,0.8556,0.07697
2026-03-25,P01,L01,44417,40119,1085,544,1305.62,56.67,5582.54,0.9359,0.9032,0.9737,0.8231,0.13915
2026-03-25,P01,L02,64997,61420,2672,853,1182.51,179.79,8857.71,0.8477,0.945,0.9583,0.7676,0.14422
2026-03-25,P02,L03,38585,34888,1402,639,1182.96,185.05,4427.4,0.848,0.9042,0.9614,0.7371,0.1269
2026-03-25,P02,L04,25994,23008,572,169,1235.9,142.69,2264.3,0.886,0.8851,0.9757,0.7652,0.09841
2026-03-25,P03,L05,39312,34975,1049,390,1202.91,134.63,4703.15,0.8623,0.8897,0.9709,0.7448,0.13447
2026-03-25,P03,L06,65858,59436,1987,785,1266.48,100.91,7463.28,0.9079,0.9025,0.9677,0.7928,0.12557
2026-03-26,P01,L01,48977,46669,1702,479,1240.34,116.89,6207.14,0.8891,0.9529,0.9648,0.8174,0.133
2026-03-26,P01,L02,61941,57841,1069,356,1291.86,76.54,5619.41,0.9261,0.9338,0.9819,0.8491,0.09715
2026-03-26,P02,L03,40962,38142,1553,769,1233.15,146.67,4300.66,0.884,0.9312,0.9609,0.7909,0.11275
2026-03-26,P02,L04,26053,22969,966,386,1223.45,132.79,3938.2,0.877,0.8816,0.9596,0.742,0.17146
2026-03-26,P03,L05,30628,27581,663,230,1205.45,149.63,3345.18,0.8641,0.9005,0.9765,0.7599,0.12129
2026-03-26,P03,L06,55349,53479,1027,401,1230.65,140.46,3571.55,0.8822,0.9662,0.9812,0.8363,0.06678
2026-03-27,P01,L01,41681,38273,1537,629,1261.22,95.58,5441.7,0.9041,0.9182,0.9614,0.7981,0.14218
2026-03-27,P01,L02,69143,63864,939,380,1250.26,95.21,8172.66,0.8962,0.9237,0.9855,0.8158,0.12797
2026-03-27,P02,L03,41736,39633,1105,486,1183.0,185.33,5002.26,0.848,0.9496,0.9729,0.7835,0.12621
2026-03-27,P02,L04,24929,23165,623,229,1295.57,70.97,2456.15,0.9287,0.9292,0.9738,0.8404,0.10603
2026-03-27,P03,L05,36128,31879,1523,499,1219.55,164.96,4097.49,0.8742,0.8824,0.9544,0.7362,0.12853
2026-03-27,P03,L06,56838,50224,1214,339,1315.04,45.05,5351.27,0.9427,0.8836,0.9764,0.8133,0.10655
2026-03-28,P01,L01,13065,11967,275,145,433.72,31.28,1510.57,0.3109,0.916,0.9775,0.2784,0.12623
2026-03-28,P01,L02,32785,30122,947,248,823.69,68.46,3069.78,0.5905,0.9188,0.9695,0.526,0.10191
2026-03-28,P02,L03,19787,17832,611,174,886.93,41.8,2376.25,0.6358,0.9012,0.9669,0.554,0.13326
2026-03-28,P02,L04,10711,9975,335,167,759.47,125.54,1388.21,0.5444,0.9313,0.9675,0.4905,0.13917
2026-03-28,P03,L05,25498,23299,470,151,1173.75,128.13,2224.91,0.8414,0.9138,0.9802,0.7536,0.09549
2026-03-28,P03,L06,15280,13916,559,147,454.2,0.8,1992.29,0.3256,0.9107,0.9614,0.2851,0.14317
2026-03-29,P01,L01,9558,8834,214,49,444.43,15.04,575.51,0.3186,0.9243,0.9763,0.2875,0.06515
2026-03-29,P01,L02,31059,30705,793,282,829.79,82.0,4439.05,0.5948,0.9886,0.9748,0.5732,0.14457
2026-03-29,P02,L03,9954,9116,213,58,344.5,103.52,1368.88,0.247,0.9158,0.9772,0.221,0.15016
2026-03-29,P02,L04,12287,11235,329,161,789.78,109.22,1349.21,0.5662,0.9144,0.9715,0.503,0.12009
2026-03-29,P03,L05,20338,19111,426,220,1255.67,95.58,2380.64,0.9001,0.9397,0.9782,0.8274,0.12457
2026-03-30,P01,L01,41391,35815,1252,373,1223.62,146.47,4462.58,0.8771,0.8653,0.9662,0.7333,0.1246
2026-03-30,P01,L02,62462,58222,2277,868,1187.91,180.07,10174.55,0.8515,0.9321,0.9624,0.7639,0.17475
2026-03-30,P02,L03,40205,39248,1296,613,1268.5,106.33,4781.55,0.9093,0.9762,0.968,0.8593,0.12183
2026-03-30,P02,L04,27549,25098,464,201,1248.73,101.72,3160.54,0.8951,0.911,0.9818,0.8007,0.12593
2026-03-30,P03,L05,37262,33332,855,277,1152.47,178.66,4025.68,0.8261,0.8945,0.975,0.7205,0.12078
2026-03-30,P03,L06,72655,63976,2491,1119,1257.54,83.19,7753.2,0.9015,0.8805,0.9625,0.764,0.12119
2026-03-31,P01,L01,34246,33097,785,326,1259.55,93.26,3074.06,0.9029,0.9664,0.9768,0.8524,0.09288
2026-03-31,P01,L02,69865,64013,1712,486,1287.19,86.58,7904.02,0.9227,0.9162,0.974,0.8234,0.12348
2026-03-31,P02,L03,41182,37657,1501,473,1299.12,38.9,4146.57,0.9313,0.9144,0.9617,0.8189,0.11011
2026-03-31,P02,L04,24260,23659,570,208,1319.8,59.34,2404.43,0.9461,0.9752,0.9765,0.9009,0.10163
2026-03-31,P03,L05,32534,29698,1049,363,1223.26,139.69,2844.6,0.8769,0.9128,0.9659,0.7731,0.09578
2026-03-31,P03,L06,64467,61211,1649,658,1239.34,115.2,7017.64,0.8884,0.9495,0.9738,0.8214,0.11465
2026-04-01,P01,L01,49664,43463,1948,798,1315.5,64.32,6251.19,0.943,0.8751,0.9571,0.7899,0.14383
2026-04-01,P01,L02,67607,60674,2716,1041,1250.31,113.09,8165.8,0.8963,0.8975,0.9572,0.7699,0.13458
2026-04-01,P02,L03,37491,35392,945,363,1243.48,128.88,4170.16,0.8914,0.944,0.974,0.8196,0.11783
2026-04-01,P02,L04,24287,21068,886,295,1227.35,151.36,2928.22,0.8798,0.8675,0.9596,0.7324,0.13899
2026-04-01,P03,L05,30013,28021,950,438,1243.9,113.79,4065.73,0.8917,0.9336,0.9672,0.8052,0.1451
2026-04-01,P03,L06,46167,41748,1053,400,1244.02,120.49,4344.87,0.8918,0.9043,0.9754,0.7866,0.10407
2026-04-02,P01,L01,46977,44774,1508,503,1221.33,146.96,5652.53,0.8755,0.9531,0.9674,0.8073,0.12625
2026-04-02,P01,L02,55536,53631,1332,540,1238.15,103.93,6788.28,0.8876,0.9657,0.9758,0.8363,0.12657
2026-04-02,P02,L03,36864,33079,984,408,1234.52,108.13,4043.42,0.885,0.8973,0.9711,0.7712,0.12224
2026-04-02,P02,L04,22542,20557,536,167,1262.0,103.48,2429.68,0.9047,0.9119,0.9746,0.804,0.11819
2026-04-02,P03,L05,29834,26762,743,261,1226.51,139.2,2677.38,0.8792,0.897,0.973,0.7674,0.10004
2026-04-02,P03,L06,66263,62601,1833,697,1224.26,155.26,7467.79,0.8776,0.9447,0.9716,0.8055,0.11929
2026-04-03,P01,L01,35956,32628,338,159,1272.88,74.47,3392.69,0.9125,0.9074,0.9897,0.8195,0.10398
2026-04-03,P01,L02,62422,55938,2086,886,1159.93,211.63,6628.92,0.8315,0.8961,0.964,0.7183,0.1185
2026-04-03,P02,L03,41693,38690,1260,441,1236.59,114.96,2969.8,0.8864,0.928,0.9685,0.7967,0.07676
2026-04-03,P02,L04,28519,26569,739,217,1216.33,169.23,3763.93,0.8719,0.9316,0.9729,0.7903,0.14167
2026-04-03,P03,L05,33104,29826,614,220,1239.88,111.44,4017.93,0.8888,0.901,0.9798,0.7846,0.13471
2026-04-03,P03,L06,51890,48060,1155,474,1176.9,150.8,5668.58,0.8437,0.9262,0.9765,0.763,0.11795
2026-04-04,P01,L01,9309,8020,0,0,396.45,63.06,919.04,0.2842,0.8615,1.0,0.2448,0.11459
2026-04-04,P01,L02,18774,17032,349,160,402.61,56.54,2535.99,0.2886,0.9072,0.9799,0.2566,0.1489
2026-04-04,P02,L03,8331,7748,157,53,439.42,25.58,1009.15,0.315,0.93,0.9801,0.2871,0.13025
2026-04-04,P02,L04,5272,5261,218,111,428.81,25.92,830.56,0.3074,0.9979,0.9602,0.2945,0.15787
2026-04-04,P03,L05,9043,8388,338,182,396.48,53.49,809.34,0.2842,0.9276,0.9613,0.2534,0.09649
2026-04-04,P03,L06,24171,21836,584,235,775.14,132.99,2788.13,0.5557,0.9034,0.974,0.4889,0.12769
2026-04-05,P01,L01,26370,23266,786,277,1200.3,172.77,2797.0,0.8604,0.8823,0.9673,0.7343,0.12022
2026-04-05,P01,L02,32311,29754,1014,437,1250.63,103.65,4368.02,0.8965,0.9209,0.967,0.7984,0.1468
2026-04-05,P02,L03,10586,9314,229,50,432.34,24.13,809.72,0.3099,0.8798,0.976,0.2661,0.08694
2026-04-05,P02,L04,5909,5414,191,74,438.17,14.62,489.45,0.3141,0.9162,0.9659,0.278,0.0904
2026-04-05,P03,L05,9743,8806,246,94,404.52,49.76,974.18,0.29,0.9038,0.9728,0.255,0.11063
2026-04-05,P03,L06,38579,35620,1364,534,1285.03,72.52,4222.07,0.9212,0.9233,0.9631,0.8191,0.11853
2026-04-06,P01,L01,56060,53441,1902,598,1236.97,117.05,7489.95,0.8867,0.9533,0.9656,0.8162,0.14015
2026-04-06,P01,L02,61047,55492,1833,849,1246.46,131.18,7592.23,0.8935,0.909,0.968,0.7862,0.13682
2026-04-06,P02,L03,43914,41504,1512,654,1136.75,203.55,4809.08,0.8149,0.9451,0.9649,0.7431,0.11587
2026-04-06,P02,L04,27889,24598,865,434,1166.56,192.03,2105.23,0.8362,0.882,0.966,0.7125,0.08559
2026-04-06,P03,L05,37303,34350,2246,670,1247.77,128.64,6011.86,0.8945,0.9208,0.9386,0.7731,0.17502
2026-04-06,P03,L06,53049,48111,1373,496,1240.89,132.24,5613.88,0.8895,0.9069,0.9723,0.7843,0.11669
2026-04-07,P01,L01,39205,37136,1406,667,1294.96,65.13,3988.5,0.9283,0.9472,0.9635,0.8472,0.1074
2026-04-07,P01,L02,66802,61482,2931,788,1255.34,111.82,9683.33,0.8999,0.9204,0.9545,0.7905,0.1575
2026-04-07,P02,L03,33822,30742,991,416,1242.88,102.26,4560.91,0.891,0.9089,0.9688,0.7845,0.14836
2026-04-07,P02,L04,23451,20579,932,340,1205.74,162.49,2901.54,0.8643,0.8775,0.9567,0.7256,0.141
2026-04-07,P03,L05,33240,31001,1249,452,1229.61,154.35,4040.58,0.8814,0.9326,0.9613,0.7902,0.13034
2026-04-07,P03,L06,55565,49009,864,438,1269.27,90.28,6157.39,0.9099,0.882,0.9827,0.7886,0.12564
2026-04-08,P01,L01,42468,39476,1543,413,1210.68,136.89,6169.86,0.8679,0.9295,0.9624,0.7764,0.15629
2026-04-08,P01,L02,60776,56344,2207,940,1213.22,154.46,9384.77,0.8697,0.9271,0.9623,0.7759,0.16656
2026-04-08,P02,L03,36027,32844,1203,501,1142.82,215.48,4414.43,0.8192,0.9116,0.9647,0.7205,0.13441
2026-04-08,P02,L04,29327,27038,1347,520,1239.62,118.67,3587.82,0.8886,0.9219,0.9525,0.7804,0.1327
2026-04-08,P03,L05,29817,26518,1059,334,1168.74,142.45,3253.77,0.8378,0.8894,0.9616,0.7165,0.1227
2026-04-08,P03,L06,49709,47032,1732,647,1197.66,163.26,5064.0,0.8585,0.9461,0.9645,0.7834,0.10767
2026-04-09,P01,L01,35735,30882,956,379,1230.15,94.41,3417.77,0.8818,0.8642,0.97,0.7392,0.11067
2026-04-09,P01,L02,55677,50766,1714,555,1141.82,231.01,6552.74,0.8185,0.9118,0.9673,0.7219,0.12908
2026-04-09,P02,L03,43781,39269,1667,571,1284.61,82.23,4445.84,0.9209,0.8969,0.9593,0.7923,0.11321
2026-04-09,P02,L04,29338,27719,413,91,1258.26,114.33,3433.07,0.902,0.9448,0.9853,0.8397,0.12385
2026-04-09,P03,L05,34924,30319,1163,380,1302.22,72.41,3987.05,0.9335,0.8681,0.9631,0.7805,0.1315
2026-04-09,P03,L06,70111,65056,3190,1248,1316.74,67.31,10002.98,0.9439,0.9279,0.9533,0.8349,0.15376
2026-04-10,P01,L01,47874,45186,704,188,1153.41,199.89,5756.76,0.8268,0.9439,0.9847,0.7684,0.1274
2026-04-10,P01,L02,45024,41248,1720,541,1285.98,77.19,4666.71,0.9218,0.9161,0.96,0.8107,0.11314
2026-04-10,P02,L03,35688,33802,1307,550,1143.94,208.68,5374.7,0.82,0.9472,0.9628,0.7478,0.15901
2026-04-10,P02,L04,22250,20198,807,292,1166.71,169.03,2112.01,0.8363,0.9078,0.9616,0.73,0.10457
2026-04-10,P03,L05,28764,25953,905,408,1270.92,90.83,2853.4,0.9111,0.9023,0.9663,0.7943,0.10994
2026-04-10,P03,L06,57017,53397,1426,481,1249.71,104.12,6646.37,0.8959,0.9365,0.974,0.8172,0.12447
2026-04-11,P01,L01,31389,28592,760,318,1160.02,172.01,3031.81,0.8316,0.9109,0.9741,0.7378,0.10604
2026-04-11,P01,L02,28095,25156,756,363,870.74,47.29,2081.96,0.6242,0.8954,0.9708,0.5426,0.08276
2026-04-11,P02,L03,8032,6708,263,109,358.42,85.21,1041.38,0.2569,0.8352,0.9623,0.2065,0.15524
2026-04-11,P02,L04,11264,10413,338,174,770.93,128.71,1285.68,0.5526,0.9244,0.9686,0.4948,0.12347
2026-04-11,P03,L06,37258,36104,1042,378,803.51,94.3,3857.98,0.576,0.969,0.9719,0.5425,0.10686
2026-04-12,P01,L01,8537,7327,439,111,423.61,37.82,956.49,0.3037,0.8583,0.9435,0.2459,0.13054
2026-04-12,P01,L02,13106,13290,185,39,428.0,15.8,971.76,0.3068,1.014,0.9863,0.3068,0.07312
2026-04-12,P02,L03,10020,9880,319,66,357.46,100.15,1142.93,0.2562,0.986,0.9687,0.2448,0.11568
2026-04-12,P02,L04,16005,14650,693,306,1242.37,119.1,2112.15,0.8906,0.9153,0.9548,0.7784,0.14417
2026-04-12,P03,L05,8749,8107,235,104,354.42,90.08,744.46,0.2541,0.9266,0.9718,0.2288,0.09183
2026-04-12,P03,L06,29341,25411,813,346,863.48,61.09,2302.2,0.619,0.8661,0.969,0.5195,0.0906
2026-04-13,P01,L01,42962,41148,1228,473,1296.98,65.55,4307.86,0.9297,0.9578,0.971,0.8647,0.10469
2026-04-13,P01,L02,57237,50313,819,312,1164.1,201.32,4822.28,0.8345,0.879,0.984,0.7218,0.09585
2026-04-13,P02,L03,46475,42144,1662,697,1264.11,124.8,6178.3,0.9062,0.9068,0.9621,0.7905,0.1466
2026-04-13,P02,L04,25266,22528,740,338,1193.81,157.33,2938.05,0.8558,0.8916,0.9682,0.7388,0.13042
2026-04-13,P03,L05,30149,29750,783,292,1257.52,75.79,4115.69,0.9014,0.9868,0.9744,0.8667,0.13834
2026-04-13,P03,L06,70851,62479,2965,1091,1154.81,216.52,5365.53,0.8278,0.8818,0.9547,0.6969,0.08588
2026-04-14,P01,L01,36102,32967,1066,476,1347.58,37.49,3507.38,0.966,0.9132,0.9687,0.8545,0.10639
2026-04-14,P01,L02,57003,51467,1555,560,1257.77,121.44,4622.16,0.9016,0.9029,0.9707,0.7902,0.08981
2026-04-14,P02,L03,41613,39718,1202,558,1138.77,203.54,4982.35,0.8163,0.9545,0.9706,0.7563,0.12544
2026-04-14,P02,L04,26403,25614,1055,424,1167.6,170.22,3207.67,0.837,0.9701,0.9604,0.7799,0.12523
2026-04-14,P03,L05,35231,32430,1220,356,1238.99,125.88,3952.16,0.8882,0.9205,0.9637,0.7879,0.12187
2026-04-14,P03,L06,62706,58691,1559,613,1276.47,70.63,5434.66,0.915,0.936,0.9741,0.8343,0.0926
2026-04-15,P01,L01,41878,38917,1680,575,1255.08,127.42,6358.45,0.8997,0.9293,0.9586,0.8015,0.16338
2026-04-15,P01,L02,56988,51547,1698,533,1206.99,170.12,5484.8,0.8652,0.9045,0.9681,0.7577,0.1064
2026-04-15,P02,L03,38746,36889,1007,266,1201.83,138.66,4434.68,0.8615,0.9521,0.9734,0.7984,0.12022
2026-04-15,P02,L04,28618,26593,930,339,1256.58,97.14,2653.56,0.9008,0.9292,0.9662,0.8088,0.09978
2026-04-15,P03,L05,27171,25518,731,285,1199.77,172.5,3029.19,0.86,0.9392,0.9722,0.7852,0.11871
2026-04-15,P03,L06,65427,59432,1335,499,1164.12,207.34,6340.27,0.8345,0.9084,0.978,0.7414,0.10668
2026-04-16,P01,L01,38265,34585,1364,658,1237.35,111.92,3968.31,0.887,0.9038,0.9621,0.7713,0.11474
2026-04-16,P01,L02,58974,57406,648,338,1246.23,97.47,4683.99,0.8934,0.9734,0.9888,0.8599,0.08159
2026-04-16,P02,L03,33054,29359,454,135,1179.79,175.27,3969.55,0.8457,0.8882,0.9848,0.7397,0.13521
2026-04-16,P02,L04,24144,23903,695,272,1197.78,163.31,3045.95,0.8586,0.99,0.9717,0.826,0.12743
2026-04-16,P03,L05,27590,25308,676,228,1256.17,84.57,2432.37,0.9005,0.9173,0.974,0.8045,0.09611
2026-04-16,P03,L06,51700,45220,1689,555,1311.69,72.88,4902.67,0.9403,0.8747,0.964,0.7928,0.10842
2026-04-17,P01,L01,40483,36878,1064,469,1227.61,153.99,4108.21,0.88,0.911,0.972,0.7792,0.1114
2026-04-17,P01,L02,53663,51065,1764,797,1250.08,84.89,5732.9,0.8961,0.9516,0.9666,0.8243,0.11227
2026-04-17,P02,L03,40138,38275,1335,462,1178.23,151.75,4210.3,0.8446,0.9536,0.9663,0.7783,0.11
2026-04-17,P02,L04,27736,25460,775,309,1251.18,121.51,3988.03,0.8969,0.9179,0.9705,0.799,0.15664
2026-04-17,P03,L05,29936,26690,938,403,1255.99,120.6,2788.13,0.9004,0.8916,0.966,0.7755,0.10446
2026-04-17,P03,L06,58853,51669,2608,1160,1278.42,98.26,7787.02,0.9164,0.8779,0.952,0.7659,0.15071
2026-04-18,P01,L01,17340,16747,640,290,740.81,147.92,2336.44,0.531,0.9658,0.9632,0.494,0.13951
2026-04-18,P01,L02,15704,13402,426,163,395.84,59.41,2613.47,0.2838,0.8534,0.9692,0.2347,0.19501
2026-04-18,P02,L03,22771,20357,588,160,895.57,29.67,1365.89,0.642,0.894,0.9719,0.5578,0.0671
2026-04-18,P02,L04,17200,16625,310,133,1166.31,187.32,1888.18,0.8361,0.9666,0.9817,0.7933,0.11357
2026-04-18,P03,L05,8240,8246,183,59,423.28,34.27,797.91,0.3034,1.0007,0.9783,0.2971,0.09676
2026-04-18,P03,L06,46329,40590,1271,434,1247.72,97.32,4775.43,0.8944,0.8761,0.9696,0.7598,0.11765
2026-04-19,P01,L01,26140,23097,1018,344,1266.37,86.62,3067.42,0.9078,0.8836,0.9578,0.7683,0.13281
2026-04-19,P01,L02,33096,29110,722,174,822.3,89.92,3204.5,0.5895,0.8796,0.9758,0.5059,0.11008
2026-04-19,P02,L03,10837,9188,396,117,406.01,55.49,1661.9,0.291,0.8478,0.9587,0.2366,0.18088
2026-04-19,P02,L04,5538,5323,110,39,384.91,63.21,423.29,0.2759,0.9612,0.9798,0.2598,0.07952
2026-04-19,P03,L05,15715,14444,387,107,819.73,110.27,2014.35,0.5876,0.9191,0.9739,0.526,0.13946
2026-04-20,P01,L01,35362,34397,1023,445,1321.01,67.87,4441.3,0.947,0.9727,0.9711,0.8945,0.12912
2026-04-20,P01,L02,47863,43498,1574,424,1223.89,105.41,5418.32,0.8773,0.9088,0.9651,0.7695,0.12456
2026-04-20,P02,L03,36692,32219,1240,482,1180.8,192.95,3138.29,0.8465,0.8781,0.9629,0.7157,0.09741
2026-04-20,P02,L04,25751,24188,1173,505,1310.92,81.47,3701.83,0.9397,0.9393,0.9537,0.8419,0.15304
2026-04-20,P03,L05,40273,39346,407,180,1257.68,91.09,3817.71,0.9016,0.977,0.9898,0.8718,0.09703
2026-04-20,P03,L06,60336,52161,1378,474,1214.71,139.86,6971.83,0.8708,0.8645,0.9743,0.7334,0.13366
2026-04-21,P01,L01,44948,40933,1515,544,1240.16,130.26,5303.78,0.889,0.9107,0.9643,0.7807,0.12957
2026-04-21,P01,L02,61597,58797,1701,687,1209.59,153.35,7560.43,0.8671,0.9545,0.9719,0.8044,0.12859
2026-04-21,P02,L03,37524,35934,1165,475,1274.68,73.57,3965.35,0.9138,0.9576,0.9686,0.8476,0.11035
2026-04-21,P02,L04,22954,21800,856,289,1188.65,153.16,2738.49,0.8521,0.9497,0.9622,0.7787,0.12562
2026-04-21,P03,L05,30368,29184,800,366,1224.17,121.47,3501.36,0.8775,0.961,0.9733,0.8208,0.11998
2026-04-21,P03,L06,61000,55218,1241,499,1287.35,57.52,5128.23,0.9228,0.9052,0.978,0.817,0.09287
2026-04-22,P01,L01,48001,42515,1412,556,1233.23,131.03,6075.58,0.884,0.8857,0.9679,0.7578,0.1429
2026-04-22,P01,L02,65756,58633,1131,502,1231.66,122.35,6718.31,0.8829,0.8917,0.9811,0.7724,0.11458
2026-04-22,P02,L03,36554,34903,1120,457,1206.28,160.83,4147.7,0.8647,0.9548,0.9689,0.8,0.11884
2026-04-22,P02,L04,25878,24066,1003,402,1214.26,150.09,3375.23,0.8704,0.93,0.96,0.7771,0.14025
2026-04-22,P03,L05,35369,32727,786,226,1139.93,174.39,3280.85,0.8172,0.9253,0.9765,0.7384,0.10025
2026-04-22,P03,L06,56353,51296,1452,501,1213.55,109.14,5248.44,0.8699,0.9103,0.9725,0.7701,0.10232
2026-04-23,P01,L01,38853,36279,1186,554,1208.34,114.41,3697.02,0.8662,0.9338,0.9683,0.7832,0.10191
2026-04-23,P01,L02,53303,48932,1077,321,1252.07,63.64,4909.59,0.8975,0.918,0.9785,0.8062,0.10033
2026-04-23,P02,L03,41092,38577,923,332,1274.39,75.37,4902.83,0.9135,0.9388,0.9766,0.8376,0.12709
2026-04-23,P02,L04,24235,23324,333,105,1254.97,95.32,2205.83,0.8996,0.9624,0.9859,0.8536,0.09457
2026-04-23,P03,L05,33640,31441,964,326,1205.67,158.0,4303.54,0.8643,0.9346,0.9703,0.7838,0.13688
2026-04-23,P03,L06,57620,53911,2145,901,1241.19,104.61,7498.3,0.8897,0.9356,0.9617,0.8006,0.13909
2026-04-24,P01,L01,32309,28908,639,226,1273.09,107.49,2744.22,0.9126,0.8947,0.9784,0.7989,0.09493
2026-04-24,P01,L02,57384,49117,1745,632,1284.75,94.79,6830.53,0.921,0.8559,0.9657,0.7612,0.13907
2026-04-24,P02,L03,35326,30911,1170,360,1310.6,71.47,4011.78,0.9395,0.875,0.9635,0.7921,0.12978
2026-04-24,P02,L04,23454,21904,269,100,1292.35,60.03,1734.27,0.9264,0.9339,0.9879,0.8547,0.07918
2026-04-24,P03,L05,28416,25089,1019,457,1278.23,65.58,3618.09,0.9163,0.8829,0.961,0.7774,0.14421
2026-04-24,P03,L06,51289,47827,1238,524,1189.69,169.5,6247.55,0.8528,0.9325,0.9748,0.7752,0.13063
2026-04-25,P01,L01,20052,18802,687,200,825.25,65.61,1832.01,0.5916,0.9377,0.9647,0.5351,0.09744
2026-04-25,P01,L02,16754,13880,377,153,367.85,80.44,1115.0,0.2637,0.8285,0.9736,0.2127,0.08033
2026-04-25,P02,L03,16886,15620,531,229,823.84,68.72,1932.27,0.5906,0.925,0.9671,0.5283,0.1237
2026-04-25,P02,L04,7555,7238,262,143,413.84,33.08,1012.4,0.2967,0.958,0.9651,0.2743,0.13987
2026-04-25,P03,L05,16874,15788,654,201,795.86,124.95,2358.69,0.5705,0.9356,0.9602,0.5126,0.1494
2026-04-25,P03,L06,26332,23405,1037,493,825.26,99.63,2306.45,0.5916,0.8888,0.9576,0.5035,0.09855
2026-04-26,P01,L01,10032,8279,375,87,407.44,49.55,1286.99,0.2921,0.8253,0.9567,0.2306,0.15545
2026-04-26,P02,L03,17284,16428,663,341,817.91,74.81,2415.27,0.5863,0.9505,0.9612,0.5357,0.14702
2026-04-26,P02,L04,12348,11152,379,138,837.32,45.7,1019.59,0.6002,0.9031,0.9671,0.5243,0.09143
2026-04-26,P03,L05,12273,11731,307,90,788.23,105.94,1202.14,0.565,0.9558,0.9745,0.5263,0.10248
2026-04-26,P03,L06,17890,17329,464,193,393.69,54.2,2312.59,0.2822,0.9686,0.9739,0.2662,0.13345
2026-04-27,P01,L01,37124,32295,1085,451,1179.61,157.9,3490.43,0.8456,0.8699,0.9675,0.7117,0.10808
2026-04-27,P01,L02,54972,49845,2188,677,1210.15,158.2,8039.49,0.8675,0.9067,0.9579,0.7535,0.16129
2026-04-27,P02,L03,33203,31431,773,350,1314.13,55.92,4869.16,0.942,0.9466,0.976,0.8703,0.15492
2026-04-27,P02,L04,18682,16184,661,200,1232.89,133.62,2295.25,0.8838,0.8663,0.9608,0.7356,0.14182
2026-04-27,P03,L05,33931,33575,932,392,1243.07,125.54,4588.05,0.8911,0.9895,0.973,0.8579,0.13665
2026-04-27,P03,L06,64348,58058,2685,664,1264.26,105.28,7987.63,0.9063,0.9023,0.9558,0.7815,0.13758
2026-04-28,P01,L01,35802,31783,554,219,1222.84,104.73,2959.56,0.8766,0.8877,0.9829,0.7649,0.09312
2026-04-28,P01,L02,52605,50943,1971,666,1242.03,136.88,6343.28,0.8903,0.9684,0.9628,0.8301,0.12452
2026-04-28,P02,L03,39941,37402,1251,488,1210.92,127.74,4290.53,0.868,0.9364,0.9676,0.7866,0.11471
2026-04-28,P02,L04,19827,18442,589,259,1192.56,141.17,2554.49,0.8549,0.9301,0.9691,0.7706,0.13851
2026-04-28,P03,L05,31141,28585,1069,314,1223.5,153.34,3376.28,0.8771,0.9179,0.964,0.776,0.11811
2026-04-28,P03,L06,71173,64469,2040,588,1220.23,144.8,8646.32,0.8747,0.9058,0.9693,0.768,0.13412
2026-04-29,P01,L01,36064,33144,1148,470,1180.98,137.8,2947.99,0.8466,0.919,0.9665,0.752,0.08894
2026-04-29,P01,L02,56842,54696,1852,640,1266.72,105.09,7229.32,0.908,0.9622,0.9672,0.8451,0.13217
2026-04-29,P02,L03,41198,39414,1235,519,1239.35,112.44,4985.93,0.8884,0.9567,0.9696,0.8241,0.1265
2026-04-29,P02,L04,23569,22136,645,223,1195.26,159.59,2758.45,0.8568,0.9392,0.9717,0.7819,0.12461
2026-04-29,P03,L05,29037,26166,819,266,1198.77,139.44,2923.6,0.8593,0.9011,0.9696,0.7509,0.11173
2026-04-29,P03,L06,67220,62519,1958,803,1240.3,130.61,7722.85,0.8891,0.9301,0.9696,0.8018,0.12353
2026-04-30,P01,L01,43297,41107,711,267,1327.86,49.56,4006.04,0.9519,0.9494,0.983,0.8884,0.09745
2026-04-30,P01,L02,65825,60980,3288,1251,1164.51,191.8,7950.87,0.8348,0.9264,0.9488,0.7338,0.13038
2026-04-30,P02,L03,32813,29915,511,218,1183.55,138.57,4155.79,0.8484,0.9117,0.9832,0.7605,0.13892
2026-04-30,P02,L04,28132,26538,625,258,1292.14,61.41,2622.42,0.9263,0.9433,0.977,0.8537,0.09882
2026-04-30,P03,L05,28547,25809,930,327,1277.31,93.56,3287.9,0.9156,0.9041,0.9652,0.799,0.12739
2026-04-30,P03,L06,50471,45664,1677,674,1313.29,30.41,5895.74,0.9414,0.9048,0.9646,0.8216,0.12911
2026-05-01,P01,L01,45598,42506,648,275,1209.66,145.99,4677.11,0.8671,0.9322,0.985,0.7962,0.11003
2026-05-01,P01,L02,58316,52093,1115,498,1240.09,94.61,5482.58,0.889,0.8933,0.979,0.7775,0.10525
2026-05-01,P02,L03,36014,31866,1246,442,1289.63,68.29,3799.2,0.9245,0.8848,0.9624,0.7872,0.11922
2026-05-01,P02,L04,22938,20652,816,294,1170.06,192.14,2795.34,0.8388,0.9003,0.962,0.7265,0.13535
2026-05-01,P03,L05,34480,32531,655,222,1153.01,214.86,3386.02,0.8265,0.9435,0.9803,0.7644,0.10409
2026-05-01,P03,L06,58283,54191,1751,619,1297.94,75.46,6207.68,0.9304,0.9298,0.9687,0.838,0.11455
2026-05-02,P01,L02,24458,23922,983,456,867.2,20.37,3302.6,0.6216,0.9781,0.9605,0.584,0.13806
2026-05-02,P02,L03,26683,23855,778,208,1269.23,74.16,3136.22,0.9098,0.894,0.9684,0.7877,0.13147
2026-05-03,P01,L01,18366,16841,348,167,794.83,113.64,1719.51,0.5698,0.917,0.9798,0.5119,0.1021
2026-05-03,P01,L02,25308,22988,563,237,863.09,46.64,3485.72,0.6187,0.9083,0.9761,0.5485,0.15163
2026-05-03,P02,L03,21178,19385,1137,389,876.45,31.06,3002.17,0.6283,0.9153,0.9446,0.5432,0.15487
2026-05-03,P02,L04,5101,4497,127,53,398.82,47.21,510.62,0.2859,0.8816,0.9725,0.2451,0.11355
2026-05-03,P03,L06,24595,21209,1077,331,848.44,64.88,2421.19,0.6082,0.8623,0.9517,0.4991,0.11416
2026-05-04,P01,L01,41486,39639,967,374,1250.89,124.29,4362.0,0.8967,0.9555,0.9762,0.8364,0.11004
2026-05-04,P01,L02,60737,57024,2220,919,1197.67,140.93,7419.57,0.8585,0.9389,0.9625,0.7759,0.13011
2026-05-04,P02,L03,37834,32432,1074,500,1191.27,148.13,4174.93,0.854,0.8572,0.9679,0.7086,0.12873
2026-05-04,P02,L04,20314,18643,702,257,1201.03,149.64,2447.83,0.861,0.9177,0.9637,0.7615,0.1313
2026-05-04,P03,L05,32209,29494,1138,401,1258.08,95.29,3814.66,0.9019,0.9157,0.9628,0.7952,0.12934
2026-05-04,P03,L06,53777,50100,1380,463,1275.57,95.56,5551.98,0.9144,0.9316,0.9732,0.829,0.11082
2026-05-05,P01,L01,33013,29972,636,237,1294.5,83.54,3532.73,0.928,0.9079,0.9792,0.825,0.11787
2026-05-05,P01,L02,68101,62728,1827,700,1291.76,74.81,7003.04,0.926,0.9211,0.9717,0.8288,0.11164
2026-05-05,P02,L03,42177,37707,969,409,1271.26,94.9,3037.94,0.9113,0.894,0.9749,0.7943,0.08057
2026-05-05,P02,L04,23018,20228,871,337,1263.89,96.31,2594.34,0.906,0.8788,0.9587,0.7633,0.12826
2026-05-05,P03,L05,35253,31711,1056,543,1229.76,105.8,4203.07,0.8815,0.8995,0.9678,0.7674,0.13254
2026-05-05,P03,L06,55836,52628,1253,395,1271.53,93.71,5859.75,0.9115,0.9425,0.9767,0.8391,0.11134
2026-05-06,P01,L01,30562,29297,941,381,1255.39,109.9,4021.66,0.8999,0.9586,0.9689,0.8358,0.13727
2026-05-06,P01,L02,52729,46967,1460,679,1183.16,166.31,6283.27,0.8481,0.8907,0.9699,0.7327,0.13378
2026-05-06,P02,L03,34819,30193,1207,439,1214.85,118.34,3646.09,0.8709,0.8671,0.9616,0.7261,0.12076
2026-05-06,P02,L04,23559,21135,731,242,1250.4,105.26,2767.52,0.8963,0.8971,0.9666,0.7772,0.13095
2026-05-06,P03,L05,39601,37423,855,315,1274.69,79.18,4136.57,0.9138,0.945,0.9777,0.8442,0.11054
2026-05-06,P03,L06,66693,63960,1635,666,1220.11,146.35,7235.22,0.8746,0.959,0.9751,0.8179,0.11312
2026-05-07,P01,L01,40201,38768,1146,484,1235.86,92.62,3738.79,0.8859,0.9644,0.9713,0.8298,0.09644
2026-05-07,P01,L02,63575,58221,1687,665,1207.27,148.78,6438.3,0.8654,0.9158,0.9718,0.7702,0.11058
2026-05-07,P02,L03,37723,34796,1284,384,1230.56,107.28,4787.53,0.8821,0.9224,0.9644,0.7847,0.13759
2026-05-07,P02,L04,28927,25712,1032,434,1209.43,135.4,3388.76,0.867,0.8889,0.9614,0.7409,0.1318
2026-05-07,P03,L05,27318,25600,1235,494,1223.84,153.79,2772.14,0.8773,0.9371,0.954,0.7843,0.10829
2026-05-07,P03,L06,53416,50306,2049,955,1306.38,42.99,5719.56,0.9365,0.9418,0.9609,0.8474,0.1137
2026-05-08,P01,L01,53315,50590,1884,604,1257.89,123.2,6825.62,0.9017,0.9489,0.9641,0.8249,0.13492
2026-05-08,P01,L02,64584,55769,2471,870,1211.15,144.62,8752.47,0.8682,0.8635,0.9576,0.7179,0.15694
2026-05-08,P02,L03,31311,28434,1031,305,1303.64,49.54,4158.74,0.9345,0.9081,0.965,0.8189,0.14626
2026-05-08,P02,L04,18692,17693,349,104,1287.64,50.62,1474.51,0.923,0.9466,0.9807,0.8568,0.08334
2026-05-08,P03,L05,36290,32870,750,379,1199.25,154.47,3826.28,0.8597,0.9058,0.9777,0.7613,0.11641
2026-05-08,P03,L06,53280,47293,1650,575,1249.05,107.22,5236.46,0.8954,0.8876,0.9663,0.768,0.11072
2026-05-09,P01,L01,18431,16333,526,251,846.78,63.52,1886.95,0.607,0.8862,0.9688,0.5211,0.11553
2026-05-09,P01,L02,30467,27597,751,285,801.05,102.13,2683.14,0.5742,0.9058,0.9735,0.5064,0.09723
2026-05-09,P02,L03,9655,9665,214,55,432.75,32.25,1486.43,0.3102,1.001,0.9783,0.3038,0.1538
2026-05-09,P03,L05,14244,12683,364,111,796.87,105.14,1718.46,0.5712,0.8904,0.9721,0.4944,0.13549
2026-05-09,P03,L06,29448,25468,692,256,832.38,67.45,3837.81,0.5967,0.8648,0.9735,0.5024,0.15069
2026-05-10,P01,L01,19751,17420,736,164,808.57,99.94,2065.28,0.5796,0.882,0.9595,0.4905,0.11856
2026-05-10,P01,L02,10652,10266,298,104,412.07,42.38,1626.01,0.2954,0.9638,0.9718,0.2767,0.15839
2026-05-10,P02,L04,15366,13935,558,247,1220.97,135.83,1806.39,0.8752,0.9069,0.9615,0.7632,0.12963
2026-05-10,P03,L05,10848,9406,569,209,381.01,46.39,1501.72,0.2731,0.8671,0.943,0.2233,0.15966
2026-05-10,P03,L06,13358,12137,214,80,395.96,47.45,956.93,0.2838,0.9086,0.9827,0.2534,0.07884
2026-05-11,P01,L01,39644,36956,869,345,1286.02,94.52,3379.52,0.9219,0.9322,0.977,0.8396,0.09145
2026-05-11,P01,L02,56527,51508,1669,764,1226.69,143.31,6875.17,0.8793,0.9112,0.9686,0.7761,0.13348
2026-05-11,P02,L03,35598,33156,1241,412,1252.28,92.95,3520.61,0.8977,0.9314,0.9639,0.8059,0.10618
2026-05-11,P02,L04,21915,20952,649,218,1245.94,107.85,3294.68,0.8931,0.9561,0.97,0.8282,0.15725
2026-05-11,P03,L05,31134,29135,935,320,1241.55,125.37,3294.68,0.89,0.9358,0.9689,0.807,0.11308
2026-05-11,P03,L06,60565,56546,2007,803,1189.5,198.24,6143.71,0.8527,0.9336,0.9657,0.7688,0.10865
2026-05-12,P01,L01,45697,41144,1160,289,1335.26,19.61,5317.38,0.9572,0.9004,0.9726,0.8382,0.12924
2026-05-12,P01,L02,56324,53963,1833,496,1202.42,133.99,5545.64,0.862,0.9581,0.9671,0.7987,0.10277
2026-05-12,P02,L03,36632,34304,1080,226,1269.33,93.01,4259.72,0.9099,0.9364,0.9695,0.8261,0.12418
2026-05-12,P02,L04,20729,18929,542,174,1332.36,22.99,2232.07,0.9551,0.9132,0.9722,0.8479,0.11792
2026-05-12,P03,L05,38654,36842,1325,546,1129.87,237.61,5680.82,0.8099,0.9531,0.9653,0.7452,0.15419
2026-05-12,P03,L06,51687,45030,1196,434,1266.44,69.22,3856.29,0.9078,0.8712,0.9741,0.7705,0.08564
2026-05-13,P01,L01,36032,32275,1358,525,1185.98,157.97,3104.16,0.8502,0.8957,0.9596,0.7308,0.09618
2026-05-13,P01,L02,67407,61747,1074,353,1260.04,92.17,6380.06,0.9033,0.916,0.9829,0.8133,0.10333
2026-05-13,P02,L03,43214,38474,1336,453,1241.21,127.18,6500.35,0.8898,0.8903,0.9664,0.7656,0.16895
2026-05-13,P02,L04,24089,21623,874,413,1239.91,119.8,2704.82,0.8888,0.8976,0.9612,0.7668,0.12509
2026-05-13,P03,L05,31552,28954,879,322,1210.71,157.33,2827.21,0.8679,0.9177,0.9705,0.773,0.09764
2026-05-13,P03,L06,50568,44271,1237,531,1293.53,59.84,4304.19,0.9273,0.8755,0.9728,0.7897,0.09722
2026-05-14,P01,L01,38885,36108,1492,634,1146.63,206.98,4170.96,0.822,0.9286,0.9603,0.733,0.11551
2026-05-14,P01,L02,53631,47747,1830,518,1196.68,165.38,6192.62,0.8578,0.8903,0.9631,0.7355,0.1297
2026-05-14,P02,L03,29454,26147,946,291,1207.1,170.81,2609.74,0.8653,0.8877,0.9651,0.7413,0.09981
2026-05-14,P02,L04,22045,19958,803,322,1229.51,123.17,2778.94,0.8814,0.9053,0.9613,0.7671,0.13924
2026-05-14,P03,L05,33073,30664,1086,457,1270.1,50.95,3142.08,0.9105,0.9272,0.9658,0.8153,0.10247
2026-05-14,P03,L06,68145,64714,1739,740,1194.9,146.15,7866.4,0.8566,0.9497,0.9738,0.7921,0.12156
2026-05-15,P01,L01,43602,41477,1628,449,1263.02,93.29,4796.11,0.9054,0.9513,0.9622,0.8287,0.11563
2026-05-15,P01,L02,52767,46997,2048,564,1183.89,166.01,5783.86,0.8487,0.8907,0.9582,0.7243,0.12307
2026-05-15,P02,L03,31486,29918,960,463,1261.32,96.82,3755.1,0.9042,0.9502,0.9689,0.8324,0.12551
2026-05-15,P02,L04,27151,24827,852,386,1189.49,184.36,3922.83,0.8527,0.9144,0.9668,0.7538,0.15801
2026-05-15,P03,L05,32869,30051,628,140,1293.45,67.04,3984.51,0.9272,0.9143,0.9795,0.8304,0.13259
2026-05-15,P03,L06,53760,49587,2152,652,1144.28,197.16,6161.49,0.8203,0.9224,0.9584,0.7251,0.12426
2026-05-16,P01,L01,11653,10735,385,207,430.76,34.24,1067.28,0.3088,0.9212,0.9654,0.2746,0.09942
2026-05-16,P01,L02,34826,31076,1021,407,1288.54,79.35,3954.22,0.9237,0.8923,0.9682,0.798,0.12724
2026-05-16,P02,L03,28106,25998,609,225,1281.07,93.5,3931.0,0.9183,0.925,0.9771,0.83,0.1512
2026-05-16,P02,L04,7575,7082,42,19,372.87,74.4,778.72,0.2673,0.9349,0.9941,0.2484,0.10996
2026-05-16,P03,L05,21881,18834,377,113,1214.22,139.4,1622.12,0.8704,0.8607,0.9804,0.7345,0.08613
2026-05-16,P03,L06,18773,18800,0,0,448.02,0.0,1601.83,0.3212,1.0014,1.0,0.3216,0.0852
2026-05-17,P01,L01,13679,11625,288,110,444.23,16.37,1661.94,0.3184,0.8498,0.9758,0.2641,0.14296
2026-05-17,P01,L02,18168,18125,648,136,437.59,27.41,2713.35,0.3137,0.9976,0.9655,0.3021,0.1497
2026-05-17,P02,L03,9854,9159,351,121,392.8,66.89,847.97,0.2816,0.9295,0.9631,0.2521,0.09258
2026-05-17,P02,L04,9980,9002,248,68,835.43,55.65,1104.34,0.5989,0.902,0.9732,0.5257,0.12268
2026-05-17,P03,L05,13212,12005,166,73,883.22,18.62,1192.14,0.6331,0.9086,0.9864,0.5674,0.0993
2026-05-18,P01,L01,46442,42081,1520,481,1262.76,75.48,5173.32,0.9052,0.9061,0.9651,0.7916,0.12294
2026-05-18,P01,L02,55687,49238,1058,402,1191.3,152.37,6386.51,0.854,0.8842,0.979,0.7392,0.12971
2026-05-18,P02,L03,39069,35882,875,379,1216.91,163.4,2759.43,0.8723,0.9184,0.9762,0.7821,0.0769
2026-05-18,P02,L04,28009,25942,915,226,1198.04,139.07,3357.1,0.8588,0.9262,0.9659,0.7683,0.12941
2026-05-18,P03,L05,30715,26967,1184,478,1192.37,162.68,3827.54,0.8547,0.878,0.9579,0.7189,0.14193
2026-05-18,P03,L06,65913,58720,1350,396,1307.57,50.69,6001.86,0.9373,0.8909,0.9775,0.8163,0.10221
2026-05-19,P01,L01,40401,39534,1278,376,1206.36,119.99,4168.23,0.8648,0.9785,0.9687,0.8197,0.10543
2026-05-19,P01,L02,59656,55052,1611,767,1276.96,77.03,6832.6,0.9154,0.9228,0.9716,0.8207,0.12411
2026-05-19,P02,L03,34412,32470,737,334,1280.97,66.89,3673.51,0.9183,0.9436,0.9778,0.8472,0.11314
2026-05-19,P02,L04,24136,23149,873,286,1190.64,176.77,3109.07,0.8535,0.9591,0.9637,0.7889,0.13431
2026-05-19,P03,L05,28826,26173,1050,297,1224.66,128.33,3152.83,0.8779,0.908,0.9614,0.7664,0.12046
2026-05-19,P03,L06,48282,45317,1356,436,1203.47,144.53,5308.69,0.8627,0.9386,0.9709,0.7862,0.11715
2026-05-20,P01,L01,32820,28869,674,182,1256.18,99.05,3104.9,0.9005,0.8796,0.9772,0.774,0.10755
2026-05-20,P01,L02,64859,60074,2214,632,1197.98,147.32,8553.97,0.8588,0.9262,0.9645,0.7671,0.14239
2026-05-20,P02,L03,38810,33789,961,362,1286.89,92.82,3181.86,0.9225,0.8706,0.9723,0.7809,0.09417
2026-05-20,P02,L04,26646,24432,796,197,1251.19,123.49,2950.26,0.8969,0.9169,0.9684,0.7964,0.12075
2026-05-20,P03,L05,30884,29442,726,238,1199.44,135.11,2955.21,0.8598,0.9533,0.9759,0.7999,0.10037
2026-05-20,P03,L06,58865,57235,1829,624,1306.91,52.13,6546.29,0.9369,0.9723,0.969,0.8827,0.11438
2026-05-21,P01,L01,43283,41883,1012,252,1179.62,179.98,4057.71,0.8456,0.9677,0.9764,0.7989,0.09688
2026-05-21,P01,L02,50180,48186,1448,513,1209.92,148.73,5722.84,0.8673,0.9603,0.9708,0.8086,0.11877
2026-05-21,P02,L03,35112,33336,1117,488,1234.65,126.46,4268.22,0.8851,0.9494,0.9676,0.813,0.12804
2026-05-21,P02,L04,27057,26382,430,173,1173.7,170.46,2641.86,0.8414,0.9751,0.984,0.8072,0.10014
2026-05-21,P03,L05,27941,25723,718,307,1335.95,45.87,3033.65,0.9577,0.9206,0.9728,0.8577,0.11794
2026-05-21,P03,L06,54655,50594,1998,1021,1209.28,153.34,4968.63,0.8669,0.9257,0.962,0.772,0.09821
2026-05-22,P01,L01,44525,42329,1245,567,1276.28,75.12,5044.28,0.9149,0.9507,0.9714,0.8449,0.11917
2026-05-22,P01,L02,61741,58551,1701,646,1211.8,119.24,7915.71,0.8687,0.9483,0.9718,0.8005,0.13519
2026-05-22,P02,L03,45215,41542,1792,776,1194.77,147.18,5968.28,0.8565,0.9188,0.9586,0.7543,0.14367
2026-05-22,P02,L04,30131,28538,918,370,1215.58,155.18,3770.48,0.8714,0.9471,0.9688,0.7996,0.13212
2026-05-22,P03,L05,33387,31201,860,258,1248.13,118.22,3559.69,0.8947,0.9345,0.9732,0.8137,0.11409
2026-05-22,P03,L06,62684,57874,2143,547,1207.4,148.68,6164.75,0.8655,0.9233,0.9643,0.7706,0.10652
2026-05-23,P01,L01,7130,5968,230,102,457.01,0.0,620.53,0.3276,0.837,0.9629,0.264,0.10398
2026-05-23,P01,L02,54041,50419,1717,851,1292.39,64.85,7067.29,0.9264,0.933,0.9671,0.8359,0.14017
2026-05-23,P02,L03,9626,8019,296,68,453.34,0.0,720.72,0.325,0.8331,0.9644,0.2611,0.08988
2026-05-23,P02,L04,9083,8019,261,98,790.46,103.61,1121.88,0.5666,0.8829,0.9685,0.4845,0.1399
2026-05-23,P03,L05,8626,8466,234,69,439.69,19.6,832.08,0.3152,0.9815,0.9731,0.301,0.09828
2026-05-23,P03,L06,33676,28793,1032,352,858.79,42.81,3149.68,0.6156,0.855,0.9654,0.5081,0.10939
2026-05-24,P01,L01,20882,19692,754,292,867.85,43.72,2410.58,0.6221,0.943,0.9631,0.565,0.12241
2026-05-24,P01,L02,33274,29243,862,343,860.1,33.25,4505.17,0.6166,0.8789,0.9714,0.5263,0.15406
2026-05-24,P02,L03,19083,16579,522,222,758.16,126.12,1965.77,0.5435,0.8688,0.9695,0.4578,0.11857
2026-05-24,P02,L04,14297,13157,605,288,838.3,80.61,2240.37,0.6009,0.9203,0.956,0.5287,0.17028
2026-05-24,P03,L06,11327,10627,477,154,445.39,13.72,1812.59,0.3193,0.9382,0.957,0.2867,0.17056
2026-05-25,P01,L01,41042,36406,1227,521,1200.13,169.11,3926.61,0.8603,0.887,0.9674,0.7382,0.10786
2026-05-25,P01,L02,56345,53298,1502,649,1130.91,191.5,7233.25,0.8107,0.9459,0.9726,0.7458,0.13571
2026-05-25,P02,L03,45594,41930,1074,451,1303.36,64.48,5118.16,0.9343,0.9196,0.975,0.8378,0.12206
2026-05-25,P02,L04,26142,25214,1079,373,1224.76,115.85,3052.28,0.878,0.9645,0.959,0.812,0.12105
2026-05-25,P03,L05,31986,30061,978,263,1248.03,102.06,3431.49,0.8946,0.9398,0.9685,0.8143,0.11415
2026-05-25,P03,L06,51761,47615,2069,655,1257.74,90.37,6690.45,0.9016,0.9199,0.9584,0.7948,0.14051
2026-05-26,P01,L01,37460,34258,843,323,1228.0,148.01,4288.64,0.8803,0.9145,0.976,0.7857,0.12519
2026-05-26,P01,L02,49133,46220,1028,306,1304.75,67.09,5612.25,0.9353,0.9407,0.9782,0.8607,0.12142
2026-05-26,P02,L03,36099,33386,994,361,1167.56,177.14,4197.98,0.837,0.9248,0.9711,0.7517,0.12574
2026-05-26,P02,L04,26499,24367,917,283,1188.91,154.18,3007.3,0.8523,0.9195,0.9637,0.7553,0.12342
2026-05-26,P03,L05,29316,25889,1164,508,1278.1,101.7,4061.36,0.9162,0.8831,0.957,0.7743,0.15688
2026-05-26,P03,L06,66431,60108,2749,860,1272.44,81.88,10026.88,0.9121,0.9048,0.9563,0.7892,0.16681
2026-05-27,P01,L01,41603,38801,1311,623,1196.32,162.69,5015.68,0.8576,0.9326,0.9673,0.7737,0.12927
2026-05-27,P01,L02,60858,56464,2376,946,1258.69,111.4,8430.11,0.9023,0.9278,0.9596,0.8033,0.1493
2026-05-27,P02,L03,36849,33491,723,254,1215.71,131.59,3228.51,0.8715,0.9089,0.9789,0.7753,0.0964
2026-05-27,P02,L04,30890,29090,1245,466,1224.82,137.23,3533.06,0.878,0.9417,0.959,0.7929,0.12145
2026-05-27,P03,L05,35014,31916,1120,456,1292.42,75.34,4920.56,0.9265,0.9115,0.9661,0.8159,0.15417
2026-05-27,P03,L06,58670,52656,1006,327,1280.61,62.2,4042.04,0.918,0.8975,0.9813,0.8085,0.07676
2026-05-28,P01,L01,49817,49422,1576,515,1284.94,61.11,7739.84,0.9211,0.9921,0.9691,0.8856,0.15661
2026-05-28,P01,L02,68846,60879,2682,877,1219.18,142.83,7131.38,0.874,0.8843,0.9578,0.7402,0.11714
2026-05-28,P02,L03,41420,35983,1292,507,1266.78,78.67,3785.9,0.9081,0.8687,0.9653,0.7615,0.10521
2026-05-28,P02,L04,23026,21136,713,288,1241.15,133.78,1994.17,0.8897,0.9179,0.9674,0.79,0.09435
2026-05-28,P03,L05,28965,28448,721,230,1216.26,119.41,2814.52,0.8719,0.9822,0.9753,0.8351,0.09894
2026-05-28,P03,L06,59299,54434,1474,653,1214.47,104.22,5282.36,0.8706,0.918,0.9736,0.7781,0.09704
2026-05-29,P01,L01,39203,38590,609,140,1343.65,16.52,4662.15,0.9632,0.9844,0.9845,0.9334,0.12081
2026-05-29,P01,L02,49998,46714,1432,564,1207.42,136.99,6799.38,0.8655,0.9343,0.9703,0.7846,0.14555
2026-05-29,P02,L03,41844,36702,782,352,1294.56,57.44,4598.2,0.928,0.8771,0.9791,0.797,0.12528
2026-05-29,P02,L04,22775,21640,529,208,1263.48,57.1,2059.49,0.9057,0.9502,0.9761,0.84,0.09517
2026-05-29,P03,L05,39527,37266,1136,450,1242.46,104.22,3737.19,0.8907,0.9428,0.9704,0.8149,0.10028
2026-05-29,P03,L06,54900,52293,1489,391,1309.99,75.83,7630.36,0.9391,0.9525,0.9723,0.8697,0.14592
2026-05-30,P01,L02,15403,12657,646,156,433.08,31.92,2146.02,0.3105,0.8217,0.9514,0.2427,0.16955
2026-05-30,P02,L03,23900,21631,627,221,1289.75,94.93,2300.07,0.9246,0.9051,0.9718,0.8132,0.10633
2026-05-30,P02,L04,15370,13999,373,102,845.14,60.58,1492.15,0.6058,0.9108,0.974,0.5375,0.10659
2026-05-30,P03,L05,11796,9965,542,240,802.75,91.23,1914.36,0.5754,0.8448,0.9484,0.4611,0.19211
2026-05-30,P03,L06,28198,27022,848,231,799.46,105.24,3127.87,0.5731,0.9583,0.9696,0.5325,0.11575
2026-05-31,P01,L01,24999,22719,1007,392,854.18,45.03,2992.77,0.6123,0.9088,0.9576,0.5329,0.13173
2026-05-31,P01,L02,28749,25005,998,413,800.15,121.82,2864.77,0.5736,0.8698,0.9616,0.4797,0.11457
2026-05-31,P02,L03,10116,10268,214,55,447.41,17.59,1527.23,0.3207,1.015,0.9796,0.3189,0.14874
2026-05-31,P02,L04,6972,5783,242,77,401.76,52.75,810.66,0.288,0.8295,0.9598,0.2293,0.14018
2026-05-31,P03,L05,7572,7341,146,62,436.96,7.83,1169.11,0.3132,0.9695,0.9805,0.2978,0.15926
2026-05-31,P03,L06,27839,27456,860,184,859.49,54.46,3374.14,0.6161,0.9862,0.9696,0.5892,0.12289
2026-06-01,P01,L01,44644,40436,1133,521,1276.29,84.62,3738.95,0.9149,0.9057,0.9727,0.8061,0.09247
2026-06-01,P01,L02,63268,63190,1989,590,1227.62,160.29,6639.6,0.88,0.9988,0.9695,0.8521,0.10507
2026-06-01,P02,L03,37007,35420,927,343,1172.49,163.27,4700.06,0.8405,0.9571,0.9745,0.7839,0.1327
2026-06-01,P02,L04,23515,21335,712,281,1273.38,71.67,2624.3,0.9128,0.9073,0.9677,0.8014,0.123
2026-06-01,P03,L05,26294,24747,1213,491,1267.62,74.42,4125.37,0.9087,0.9412,0.9533,0.8153,0.1667
2026-06-01,P03,L06,76240,65659,4377,1587,1218.86,151.3,11052.35,0.8737,0.8612,0.9375,0.7054,0.16833
2026-06-02,P01,L01,50931,47331,1311,452,1144.65,199.27,6382.94,0.8205,0.9293,0.973,0.742,0.13486
2026-06-02,P01,L02,53849,50742,2450,1123,1264.92,118.67,8374.53,0.9068,0.9423,0.9539,0.8151,0.16504
2026-06-02,P02,L03,37583,35227,1087,347,1270.99,77.18,4634.78,0.9111,0.9373,0.9701,0.8284,0.13157
2026-06-02,P02,L04,22888,20991,710,370,1236.18,135.22,2666.56,0.8862,0.9171,0.9673,0.7861,0.12703
2026-06-02,P03,L05,34412,32543,1476,688,1199.03,133.52,3676.92,0.8595,0.9457,0.9566,0.7776,0.11299
2026-06-02,P03,L06,56286,50811,1615,460,1333.77,50.39,7101.23,0.9561,0.9027,0.9692,0.8365,0.13976
2026-06-03,P01,L01,44900,40126,1127,517,1110.67,235.33,5629.44,0.7962,0.8937,0.9727,0.6921,0.14029
2026-06-03,P01,L02,58802,52490,1924,770,1139.14,169.17,7340.0,0.8166,0.8927,0.9646,0.7032,0.13984
2026-06-03,P02,L03,33093,28389,396,90,1236.25,118.48,2596.79,0.8862,0.8579,0.9862,0.7498,0.09147
2026-06-03,P02,L04,27661,26000,952,266,1220.66,125.66,4070.3,0.875,0.94,0.9647,0.7934,0.15655
2026-06-03,P03,L05,39801,36224,1674,804,1109.49,252.67,6183.82,0.7953,0.9101,0.9558,0.6919,0.17071
2026-06-03,P03,L06,66992,63999,1745,562,1255.52,121.76,6313.83,0.9,0.9553,0.9735,0.837,0.09866
2026-06-04,P01,L01,39146,35692,868,387,1263.96,100.03,4758.35,0.9061,0.9118,0.9763,0.8065,0.13332
2026-06-04,P01,L02,65105,56777,1580,647,1098.95,258.28,5954.61,0.7878,0.8721,0.9729,0.6684,0.10488
2026-06-04,P02,L03,39946,38649,1020,337,1198.33,127.05,4945.0,0.859,0.9675,0.9743,0.8098,0.12795
2026-06-04,P02,L04,21621,20751,666,314,1268.64,101.35,3513.41,0.9094,0.9598,0.9689,0.8457,0.16931
2026-06-04,P03,L05,29449,26272,713,317,1272.53,83.6,2669.92,0.9122,0.8921,0.9736,0.7923,0.10163
2026-06-04,P03,L06,61642,58925,960,400,1267.38,90.4,4910.66,0.9085,0.9559,0.984,0.8545,0.08334
2026-06-05,P01,L01,43840,40908,1116,541,1295.53,62.28,4290.86,0.9287,0.9331,0.9734,0.8436,0.10489
2026-06-05,P01,L02,64280,59157,2745,1195,1260.58,108.84,9346.03,0.9036,0.9203,0.9557,0.7947,0.15799
2026-06-05,P02,L03,42159,42059,971,310,1276.7,77.53,4559.23,0.9152,0.9976,0.9774,0.8924,0.1084
2026-06-05,P02,L04,21508,19830,1053,490,1251.93,84.2,2874.4,0.8974,0.922,0.9496,0.7857,0.14495
2026-06-05,P03,L05,32374,29947,788,369,1276.29,80.43,3739.96,0.9149,0.925,0.9744,0.8246,0.12489
2026-06-05,P03,L06,63393,60300,2480,1101,1255.11,114.09,6850.7,0.8997,0.9512,0.9605,0.822,0.11361
2026-06-06,P01,L01,36271,34029,816,216,1272.06,97.32,3291.58,0.9119,0.9382,0.9766,0.8355,0.09673
2026-06-06,P01,L02,41820,39306,1591,513,1275.87,89.66,6416.34,0.9146,0.9399,0.9611,0.8262,0.16324
2026-06-06,P02,L03,18421,16769,663,327,849.85,59.25,2229.49,0.6092,0.9103,0.962,0.5335,0.13295
2026-06-06,P02,L04,21267,20415,487,210,1331.51,38.09,2181.41,0.9545,0.9599,0.9767,0.8949,0.10685
2026-06-06,P03,L05,8114,7659,198,80,446.43,0.0,746.53,0.32,0.9439,0.9748,0.2945,0.09747
2026-06-06,P03,L06,47405,44306,1577,533,1200.84,149.31,4313.48,0.8608,0.9346,0.9656,0.7769,0.09736
2026-06-07,P01,L01,7569,7217,230,60,418.05,23.32,1139.68,0.2997,0.9535,0.9691,0.2769,0.15792
2026-06-07,P01,L02,28581,26869,566,145,843.28,67.24,2138.42,0.6045,0.9401,0.9794,0.5566,0.07959
2026-06-07,P02,L03,9102,8784,172,49,408.76,42.86,593.15,0.293,0.9651,0.9808,0.2773,0.06753
2026-06-07,P02,L04,16794,15224,630,318,819.12,60.1,1632.37,0.5872,0.9065,0.9603,0.5111,0.10722
2026-06-07,P03,L05,9213,8554,330,176,443.63,21.37,1200.31,0.318,0.9285,0.9629,0.2843,0.14032
2026-06-07,P03,L06,36922,34937,871,369,806.95,91.69,3902.9,0.5785,0.9462,0.9757,0.534,0.11171
2026-06-08,P01,L01,45681,44014,1456,563,1216.57,127.62,4220.71,0.8721,0.9635,0.968,0.8134,0.09589
2026-06-08,P01,L02,66003,59290,2418,950,1208.68,161.42,5490.22,0.8664,0.8983,0.9608,0.7478,0.0926
2026-06-08,P02,L03,36151,32984,562,164,1249.53,93.51,3519.45,0.8957,0.9124,0.9832,0.8036,0.1067
2026-06-08,P02,L04,27803,24931,901,341,1275.18,104.4,3504.27,0.9141,0.8967,0.9651,0.7911,0.14056
2026-06-08,P03,L05,35021,31078,1308,673,1172.3,162.85,3056.3,0.8404,0.8874,0.9596,0.7156,0.09834
2026-06-08,P03,L06,73543,70904,1431,334,1192.57,168.41,8371.29,0.8549,0.9641,0.9802,0.8079,0.11807
2026-06-09,P01,L01,46754,44613,1235,392,1233.86,102.56,5721.61,0.8845,0.9542,0.9731,0.8213,0.12825
2026-06-09,P01,L02,69797,63817,2535,934,1232.99,120.74,7280.28,0.8839,0.9143,0.9618,0.7773,0.11408
2026-06-09,P02,L03,43795,40630,1026,363,1252.67,113.47,4405.77,0.898,0.9277,0.9754,0.8126,0.10844
2026-06-09,P02,L04,28355,25529,718,300,1211.08,122.69,3148.5,0.8682,0.9003,0.9726,0.7603,0.12333
2026-06-09,P03,L05,28359,25677,1131,465,1211.93,139.57,3416.66,0.8688,0.9054,0.9578,0.7534,0.13306
2026-06-09,P03,L06,63544,58147,2103,803,1252.45,104.49,7036.77,0.8978,0.9151,0.9651,0.7929,0.12102
2026-06-10,P01,L01,42656,37793,1501,653,1195.39,176.73,4368.86,0.8569,0.886,0.9618,0.7302,0.1156
2026-06-10,P01,L02,55849,54828,1969,692,1216.57,141.38,6726.9,0.8721,0.9817,0.9653,0.8265,0.12269
2026-06-10,P02,L03,35848,34007,1187,433,1228.51,120.12,4605.81,0.8807,0.9486,0.9663,0.8073,0.13544
2026-06-10,P02,L04,19406,17450,703,288,1238.74,123.25,2832.42,0.888,0.8992,0.9613,0.7676,0.16232
2026-06-10,P03,L05,30830,28161,928,333,1272.61,80.43,3851.77,0.9123,0.9134,0.9681,0.8067,0.13678
2026-06-10,P03,L06,67205,59675,2409,715,1211.12,140.94,9325.02,0.8682,0.888,0.9612,0.741,0.15626
2026-06-11,P01,L01,41151,37663,1443,519,1134.12,205.81,4911.77,0.813,0.9152,0.9631,0.7166,0.13041
2026-06-11,P01,L02,72658,67943,2134,999,1236.93,139.26,8853.8,0.8867,0.9351,0.9695,0.8039,0.13031
2026-06-11,P02,L03,42948,38907,1276,466,1212.38,161.33,5342.59,0.8691,0.9059,0.9682,0.7623,0.13732
2026-06-11,P02,L04,22514,20844,794,366,1267.99,88.41,2601.37,0.909,0.9258,0.9633,0.8107,0.1248
2026-06-11,P03,L05,35555,30918,880,350,1226.82,110.47,4275.19,0.8794,0.8696,0.9723,0.7436,0.13828
2026-06-11,P03,L06,65934,60116,1070,361,1225.1,144.01,6958.58,0.8782,0.9118,0.9825,0.7867,0.11575
2026-06-12,P01,L01,42590,37908,1524,406,1170.72,181.78,4319.64,0.8392,0.8901,0.9614,0.7181,0.11395
2026-06-12,P01,L02,66582,63814,2332,685,1272.45,84.83,9274.25,0.9122,0.9584,0.9647,0.8434,0.14533
2026-06-12,P02,L03,40604,35183,1490,437,1232.96,142.07,5085.3,0.8838,0.8665,0.9594,0.7347,0.14454
2026-06-12,P02,L04,31129,28360,1227,488,1166.54,167.73,3435.37,0.8362,0.911,0.9585,0.7302,0.12113
2026-06-12,P03,L05,33982,32075,1488,634,1266.0,88.98,4546.0,0.9075,0.9439,0.9557,0.8186,0.14173
2026-06-12,P03,L06,62699,58479,670,219,1178.39,179.02,4389.95,0.8447,0.9327,0.9887,0.7789,0.07507
2026-06-13,P01,L01,22593,20928,686,213,823.22,74.97,3497.9,0.5901,0.9263,0.9683,0.5293,0.16714
2026-06-13,P02,L03,22508,19755,490,214,834.92,82.01,2159.51,0.5985,0.8777,0.9758,0.5126,0.10931
2026-06-13,P02,L04,12834,11475,656,189,833.14,70.24,2269.48,0.5972,0.8941,0.9459,0.5051,0.19778
2026-06-13,P03,L05,6559,5682,310,79,419.12,30.08,825.41,0.3004,0.8663,0.9483,0.2468,0.14527
2026-06-14,P01,L01,24226,21451,933,288,854.11,62.77,1979.73,0.6123,0.8855,0.9583,0.5195,0.09229
2026-06-14,P01,L02,19683,16894,827,393,389.0,50.78,1924.38,0.2789,0.8583,0.9533,0.2282,0.11391
2026-06-14,P02,L04,7570,7182,396,150,427.84,29.78,1096.1,0.3067,0.9487,0.9477,0.2758,0.15262
2026-06-14,P03,L05,9926,9090,368,126,411.61,29.89,1305.18,0.2951,0.9158,0.9611,0.2597,0.14358
2026-06-15,P01,L01,45006,40183,724,247,1295.78,85.62,4316.12,0.9289,0.8928,0.9823,0.8147,0.10741
2026-06-15,P01,L02,51845,48888,1842,795,1109.33,227.05,6183.8,0.7952,0.943,0.9637,0.7226,0.12649
2026-06-15,P02,L03,41638,38965,1964,792,1239.46,110.51,4946.36,0.8885,0.9358,0.952,0.7916,0.12694
2026-06-15,P02,L04,21321,20344,655,230,1235.06,132.57,3181.81,0.8853,0.9542,0.9688,0.8184,0.1564
2026-06-15,P03,L05,37082,34222,945,301,1264.01,102.38,4159.26,0.9061,0.9229,0.9731,0.8137,0.12154
2026-06-15,P03,L06,56761,52955,775,266,1268.74,71.23,6749.77,0.9095,0.9329,0.9856,0.8363,0.12746
2026-06-16,P01,L01,52348,48497,1244,519,1273.19,95.33,5920.66,0.9127,0.9264,0.975,0.8244,0.12208
2026-06-16,P01,L02,64512,59287,1876,824,1180.57,138.46,7145.18,0.8463,0.919,0.9693,0.7539,0.12052
2026-06-16,P02,L03,49850,44575,1651,542,1075.52,263.94,5807.8,0.771,0.8942,0.9643,0.6648,0.13029
2026-06-16,P02,L04,27842,26143,1381,510,1304.67,64.87,3898.29,0.9352,0.939,0.9498,0.8341,0.14911
2026-06-16,P03,L05,36229,32595,1241,499,1205.16,154.57,4454.78,0.8639,0.8997,0.9633,0.7488,0.13667
2026-06-16,P03,L06,71463,65868,912,288,1184.65,148.2,7272.29,0.8492,0.9217,0.9863,0.772,0.11041
2026-06-17,P01,L01,38177,34700,1074,424,1207.43,144.6,3850.79,0.8655,0.9089,0.97,0.7631,0.11097
2026-06-17,P01,L02,66296,62913,3217,1347,1194.6,152.25,7631.86,0.8563,0.949,0.9514,0.7731,0.12131
2026-06-17,P02,L03,35750,31961,957,273,1211.26,175.58,4173.48,0.8683,0.894,0.9709,0.7537,0.13058
2026-06-17,P02,L04,25839,23599,404,121,1234.27,113.51,2142.96,0.8848,0.9133,0.9832,0.7945,0.09081
2026-06-17,P03,L05,33417,30927,662,265,1303.99,49.35,3570.1,0.9348,0.9255,0.979,0.847,0.11544
2026-06-17,P03,L06,65265,61441,1775,486,1294.43,69.08,6764.15,0.9279,0.9414,0.9719,0.849,0.11009
2026-06-18,P01,L01,40705,38763,1374,356,1250.34,114.77,4664.45,0.8963,0.9523,0.9658,0.8243,0.12033
2026-06-18,P01,L02,75266,69505,2153,826,1182.9,180.04,8118.11,0.848,0.9235,0.97,0.7595,0.1168
2026-06-18,P02,L03,53112,49933,1568,649,1273.96,104.73,6952.08,0.9132,0.9401,0.9696,0.8324,0.13923
2026-06-18,P02,L04,29244,27253,874,380,1310.88,47.48,2662.7,0.9397,0.9319,0.9689,0.8485,0.0977
2026-06-18,P03,L05,35643,30631,1407,470,1120.76,242.66,5117.66,0.8034,0.8594,0.9561,0.6601,0.16707
2026-06-18,P03,L06,64426,62069,2052,643,1158.92,189.08,8712.39,0.8308,0.9634,0.968,0.7748,0.14037
2026-06-19,P01,L01,37392,36860,1254,522,1311.57,76.7,3626.89,0.9402,0.9858,0.9671,0.8963,0.0984
2026-06-19,P01,L02,65571,57110,2185,777,1299.0,83.07,8910.39,0.9312,0.871,0.9632,0.7811,0.15602
2026-06-19,P02,L03,40347,36554,974,322,1282.24,74.46,4237.85,0.9192,0.906,0.974,0.8111,0.11593
2026-06-19,P02,L04,28366,25388,1102,449,1281.29,86.81,4910.5,0.9185,0.895,0.9584,0.7879,0.19342
2026-06-19,P03,L05,32598,29455,895,330,1246.45,100.55,4064.66,0.8935,0.9036,0.9705,0.7836,0.138
2026-06-19,P03,L06,53143,49862,1974,509,1217.65,153.4,5261.21,0.8729,0.9383,0.9619,0.7878,0.10552
2026-06-20,P01,L01,9970,9018,338,72,394.32,48.76,1314.46,0.2827,0.9045,0.9639,0.2464,0.14576
2026-06-20,P01,L02,49011,44148,1240,352,1324.45,53.85,5546.77,0.9494,0.9008,0.9727,0.8319,0.12564
2026-06-20,P02,L03,18419,17360,621,191,832.26,40.5,2160.28,0.5966,0.9425,0.9655,0.5429,0.12444
2026-06-20,P02,L04,22271,20450,837,352,1198.36,150.85,2670.14,0.859,0.9182,0.9607,0.7578,0.13057
2026-06-20,P03,L05,17294,16196,221,51,799.52,98.69,1792.99,0.5731,0.9365,0.9865,0.5295,0.11071
2026-06-20,P03,L06,13953,14086,410,116,437.13,18.75,1554.96,0.3134,1.0095,0.9717,0.3074,0.11039
2026-06-21,P01,L02,51353,50017,1568,619,1324.3,22.28,7271.19,0.9493,0.974,0.9696,0.8965,0.14537
2026-06-21,P02,L04,7905,6726,172,77,413.24,50.29,815.97,0.2962,0.8509,0.9751,0.2458,0.12132
2026-06-21,P03,L05,10548,9795,118,42,434.54,28.55,791.61,0.3115,0.9286,0.9881,0.2858,0.08082
2026-06-22,P01,L01,41158,35731,1162,408,1270.74,81.21,4197.8,0.9109,0.8681,0.9685,0.7659,0.11748
2026-06-22,P01,L02,48349,46756,1265,476,1251.17,136.57,4727.53,0.8969,0.9671,0.9737,0.8445,0.10111
2026-06-22,P02,L03,37757,34520,1496,487,1173.02,165.3,4223.69,0.8409,0.9143,0.9585,0.7369,0.12235
2026-06-22,P02,L04,21428,19142,765,287,1225.3,141.42,2756.35,0.8784,0.8933,0.9616,0.7545,0.14399
2026-06-22,P03,L05,26416,24738,1393,458,1279.63,101.85,3390.07,0.9173,0.9365,0.9467,0.8132,0.13704
2026-06-22,P03,L06,59868,57865,2214,943,1201.56,154.51,5663.7,0.8613,0.9665,0.9631,0.8018,0.09788
2026-06-23,P01,L01,46383,40741,1635,504,1151.42,206.04,4655.81,0.8254,0.8784,0.9614,0.697,0.11428
2026-06-23,P01,L02,62322,54851,1967,653,1234.47,112.77,6951.33,0.8849,0.8801,0.9654,0.7519,0.12673
2026-06-23,P02,L03,39405,36504,1046,517,1238.32,128.22,4683.96,0.8877,0.9264,0.9721,0.7994,0.12831
2026-06-23,P02,L04,27530,24755,664,271,1253.4,90.87,3757.78,0.8985,0.8992,0.9739,0.7868,0.1518
2026-06-23,P03,L05,39395,35758,843,328,1261.84,64.18,3533.92,0.9045,0.9077,0.977,0.8021,0.09883
2026-06-23,P03,L06,65307,61401,2066,922,1270.08,101.21,6234.58,0.9105,0.9402,0.9674,0.8281,0.10154
2026-06-24,P01,L01,43761,38380,1089,493,1229.88,124.8,4723.25,0.8816,0.877,0.9724,0.7519,0.12307
2026-06-24,P01,L02,54862,50596,1525,628,1183.53,160.14,7043.33,0.8484,0.9222,0.9707,0.7595,0.13921
2026-06-24,P02,L03,36531,33517,1074,307,1244.76,112.44,4210.84,0.8923,0.9175,0.969,0.7933,0.12563
2026-06-24,P02,L04,28044,24510,746,244,1135.78,202.75,2755.34,0.8142,0.874,0.9705,0.6906,0.11242
2026-06-24,P03,L05,32587,28323,1526,501,1171.55,182.48,4466.67,0.8398,0.8692,0.9489,0.6926,0.1577
2026-06-24,P03,L06,59040,54021,1878,684,1271.06,84.66,6061.55,0.9112,0.915,0.9664,0.8057,0.11221
2026-06-25,P01,L01,48202,42581,1704,493,1144.9,217.12,6103.89,0.8207,0.8834,0.9615,0.6971,0.14335
2026-06-25,P01,L02,57562,50783,1609,575,1196.13,159.98,7305.19,0.8574,0.8822,0.9693,0.7332,0.14385
2026-06-25,P02,L03,39131,36886,1136,378,1225.34,154.66,6132.64,0.8784,0.9426,0.9701,0.8032,0.16626
2026-06-25,P02,L04,19643,18465,193,77,1252.65,120.32,2121.23,0.898,0.94,0.9897,0.8354,0.11488
2026-06-25,P03,L05,37464,32454,1127,470,1208.09,133.16,4434.42,0.866,0.8663,0.9664,0.725,0.13664
2026-06-25,P03,L06,66985,59823,3125,1107,1258.4,89.52,10181.17,0.9021,0.8931,0.9504,0.7656,0.17019
2026-06-26,P01,L01,42401,39867,1311,377,1236.91,125.22,4590.66,0.8867,0.9402,0.9682,0.8071,0.11515
2026-06-26,P01,L02,62285,62393,1111,416,1210.19,156.85,6133.06,0.8675,1.0017,0.9825,0.8538,0.0983
2026-06-26,P02,L03,36837,33119,1642,797,1216.57,147.42,5729.02,0.8721,0.8991,0.9528,0.747,0.17298
2026-06-26,P02,L04,23070,20734,695,321,1238.71,119.08,2843.4,0.888,0.8987,0.9676,0.7722,0.13714
2026-06-26,P03,L05,40733,35507,1094,452,1260.95,104.35,3739.82,0.9039,0.8717,0.9701,0.7644,0.10533
2026-06-26,P03,L06,70475,64052,2575,1161,1237.54,142.08,7212.6,0.8871,0.9089,0.9614,0.7751,0.11261
2026-06-27,P01,L01,43484,40709,1471,463,1221.21,130.71,4916.79,0.8754,0.9362,0.9651,0.791,0.12078
2026-06-27,P01,L02,27924,26616,1245,610,844.13,56.04,2423.92,0.6051,0.9532,0.9553,0.551,0.09107
2026-06-27,P02,L03,21530,18511,752,210,857.46,71.98,3209.54,0.6147,0.8598,0.961,0.5078,0.17339
2026-06-27,P02,L04,14766,12835,518,163,904.73,23.57,1433.07,0.6485,0.8692,0.9612,0.5419,0.11165
2026-06-27,P03,L05,14706,14010,507,216,870.8,47.01,1351.72,0.6242,0.9527,0.9651,0.5739,0.09648
2026-06-27,P03,L06,30523,28002,505,173,845.16,43.06,2448.8,0.6059,0.9174,0.9823,0.546,0.08745
2026-06-28,P01,L01,20222,18603,680,312,837.81,80.86,1871.14,0.6006,0.9199,0.9647,0.533,0.10058
2026-06-28,P01,L02,18111,15991,598,269,400.69,34.33,1682.24,0.2872,0.8829,0.964,0.2445,0.1052
2026-06-28,P02,L03,19235,17136,457,193,810.56,57.2,2063.12,0.581,0.8909,0.974,0.5042,0.1204
2026-06-28,P02,L04,13750,13702,405,179,855.94,42.85,1752.53,0.6136,0.9965,0.9713,0.5939,0.1279
2026-06-28,P03,L05,19248,18559,777,342,838.42,86.81,2834.28,0.601,0.9642,0.9598,0.5562,0.15272
2026-06-28,P03,L06,44306,42305,1860,731,1253.77,91.03,6848.65,0.8988,0.9548,0.9579,0.822,0.16189
2026-06-29,P01,L01,43986,39480,955,406,1301.95,42.99,4499.91,0.9333,0.8976,0.9764,0.8179,0.11398
2026-06-29,P01,L02,64692,55643,2644,1044,1240.97,112.3,8179.64,0.8896,0.8601,0.9546,0.7304,0.147
2026-06-29,P02,L03,43199,37438,1373,540,1187.04,157.76,4651.02,0.8509,0.8666,0.9646,0.7114,0.12423
2026-06-29,P02,L04,29132,25758,1088,363,1219.53,136.68,3147.08,0.8742,0.8842,0.9595,0.7416,0.12218
2026-06-29,P03,L05,37090,33364,1770,886,1187.43,162.7,5464.6,0.8512,0.8995,0.9496,0.7271,0.16379
2026-06-29,P03,L06,53177,46204,2560,985,1185.84,164.35,5800.34,0.8501,0.8689,0.9475,0.6998,0.12554
2026-06-30,P01,L01,45997,44631,1312,614,1205.06,152.96,7381.36,0.8638,0.9703,0.9714,0.8143,0.16539
2026-06-30,P01,L02,71156,66482,2687,813,1159.59,218.73,8348.82,0.8312,0.9343,0.9612,0.7465,0.12558
2026-06-30,P02,L03,49565,46079,1559,504,1253.92,86.61,6279.91,0.8989,0.9297,0.9673,0.8083,0.13629
2026-06-30,P02,L04,26842,26332,730,295,1232.42,119.08,2776.17,0.8835,0.981,0.973,0.8433,0.10543
2026-06-30,P03,L05,36136,34156,1107,421,1206.84,159.7,3866.45,0.8651,0.9452,0.9686,0.792,0.1132
2026-06-30,P03,L06,57309,51416,1840,482,1224.1,139.39,7016.02,0.8775,0.8972,0.9654,0.7601,0.13646
2026-07-01,P01,L01,38850,35464,1235,424,1215.04,152.98,4634.55,0.871,0.9128,0.9663,0.7683,0.13068
2026-07-01,P01,L02,56182,52822,2012,767,1241.73,110.1,6448.02,0.8901,0.9402,0.9633,0.8062,0.12207
2026-07-01,P02,L03,41114,38589,662,187,1190.71,153.78,3392.59,0.8536,0.9386,0.9831,0.7876,0.08792
2026-07-01,P02,L04,25878,24863,635,277,1298.63,77.56,3548.29,0.9309,0.9608,0.9751,0.8721,0.14271
2026-07-01,P03,L05,32681,29411,1655,484,1240.51,152.86,4819.28,0.8893,0.8999,0.9467,0.7576,0.16386
2026-07-01,P03,L06,72000,64894,1391,550,1230.24,138.61,5666.25,0.8819,0.9013,0.979,0.7782,0.08732
2026-07-02,P01,L01,42857,38919,1074,393,1278.13,80.4,4094.32,0.9162,0.9081,0.9731,0.8097,0.1052
2026-07-02,P01,L02,66623,63221,1842,568,1233.0,129.33,5858.96,0.8839,0.9489,0.9717,0.815,0.09267
2026-07-02,P02,L03,45455,42028,1593,666,1162.32,174.37,5683.21,0.8332,0.9246,0.9635,0.7423,0.13522
2026-07-02,P02,L04,34330,31380,1580,644,1173.8,194.75,5088.92,0.8414,0.9141,0.9521,0.7323,0.16217
2026-07-02,P03,L05,30325,28641,725,300,1230.69,128.68,4398.15,0.8822,0.9445,0.9753,0.8127,0.15356
2026-07-02,P03,L06,65069,59602,2317,937,1230.36,121.84,5356.3,0.882,0.916,0.9626,0.7776,0.08987
2026-07-03,P01,L01,37657,34303,1250,497,1210.69,151.57,4398.95,0.8679,0.9109,0.9648,0.7628,0.12824
2026-07-03,P01,L02,69725,66617,2687,1193,1208.93,140.54,11391.53,0.8666,0.9554,0.9612,0.7959,0.171
2026-07-03,P02,L03,32724,32230,927,307,1193.26,159.54,4110.94,0.8554,0.9849,0.972,0.8189,0.12755
2026-07-03,P02,L04,28048,25150,1152,571,1285.94,55.69,3320.98,0.9218,0.8967,0.9562,0.7904,0.13205
2026-07-03,P03,L05,29550,25696,948,324,1207.14,123.41,3814.97,0.8653,0.8696,0.9644,0.7257,0.14847
2026-07-03,P03,L06,70944,61965,1965,770,1127.88,204.94,6106.48,0.8085,0.8734,0.9693,0.6845,0.09855
2026-07-04,P01,L01,29013,25381,665,313,1322.38,18.31,3451.24,0.9479,0.8748,0.9745,0.8081,0.13598
2026-07-04,P01,L02,38344,33619,1313,515,781.37,85.04,4643.01,0.5601,0.8768,0.9624,0.4726,0.13811
2026-07-04,P02,L03,12073,10720,517,250,426.99,38.01,1188.77,0.3061,0.8879,0.954,0.2593,0.11089
2026-07-04,P02,L04,16000,15679,445,147,888.39,39.41,2329.31,0.6368,0.9799,0.9724,0.6068,0.14856
2026-07-04,P03,L05,9980,8527,345,120,410.04,43.06,957.32,0.2939,0.8544,0.9611,0.2414,0.11227
2026-07-04,P03,L06,11118,10567,483,97,402.12,40.35,1956.28,0.2883,0.9504,0.9563,0.262,0.18513
2026-07-05,P01,L01,30443,29256,1064,500,827.77,73.84,2827.04,0.5934,0.961,0.9649,0.5502,0.09663
2026-07-05,P01,L02,28432,26638,923,349,898.01,19.39,3064.93,0.6437,0.9369,0.9665,0.5829,0.11506
2026-07-05,P02,L03,20028,17787,630,332,849.17,63.86,2204.25,0.6087,0.8881,0.9658,0.5221,0.12392
2026-07-05,P02,L04,7476,6398,119,29,415.16,32.45,705.36,0.2976,0.8558,0.9817,0.25,0.11025
2026-07-05,P03,L05,8325,7725,298,146,382.09,68.51,1367.07,0.2739,0.9279,0.9629,0.2447,0.17697
2026-07-05,P03,L06,29831,25315,712,227,889.8,32.74,2848.08,0.6378,0.8486,0.9726,0.5265,0.11251
2026-07-06,P01,L01,48541,44805,1332,498,1177.68,164.01,5577.34,0.8442,0.923,0.9711,0.7567,0.12448
2026-07-06,P01,L02,60139,55253,1046,420,1311.82,56.65,4665.68,0.9404,0.9188,0.9814,0.8479,0.08444
2026-07-06,P02,L03,37715,34200,921,355,1206.37,153.46,4374.51,0.8648,0.9068,0.9738,0.7636,0.12791
2026-07-06,P02,L04,27418,25481,550,148,1251.86,118.3,2702.5,0.8974,0.9294,0.9789,0.8164,0.10606
2026-07-06,P03,L05,34253,31960,934,317,1216.91,164.03,4097.59,0.8723,0.9331,0.9716,0.7908,0.12821
2026-07-06,P03,L06,69587,66849,1772,838,1313.13,42.22,7186.6,0.9413,0.9607,0.9742,0.8809,0.1075
2026-07-07,P01,L01,51810,48670,1509,383,1225.57,142.31,5219.86,0.8785,0.9394,0.9699,0.8005,0.10725
2026-07-07,P01,L02,57373,55445,1417,540,1308.79,57.33,5058.49,0.9382,0.9664,0.9751,0.8841,0.09123
2026-07-07,P02,L03,42052,39987,1891,729,1297.74,81.2,4827.12,0.9303,0.9509,0.9548,0.8447,0.12072
2026-07-07,P02,L04,32030,28698,957,362,1160.37,197.81,3729.2,0.8318,0.896,0.9677,0.7212,0.12995
2026-07-07,P03,L05,38442,35840,1432,525,1265.73,82.81,5143.79,0.9073,0.9323,0.9616,0.8134,0.14352
2026-07-07,P03,L06,68571,64705,2248,1014,1205.21,119.26,9821.53,0.8639,0.9436,0.9664,0.7879,0.15179
2026-07-08,P01,L01,40034,36290,1461,484,1213.08,129.95,5044.99,0.8696,0.9065,0.9613,0.7578,0.13902
2026-07-08,P01,L02,69609,63683,2273,978,1230.17,136.07,8557.61,0.8818,0.9149,0.9655,0.779,0.13438
2026-07-08,P02,L03,40221,37198,1064,367,1291.8,51.54,4618.75,0.926,0.9248,0.9722,0.8326,0.12417
2026-07-08,P02,L04,28274,27538,1111,542,1195.9,157.33,3266.08,0.8573,0.974,0.9612,0.8026,0.1186
2026-07-08,P03,L05,33183,30037,1100,536,1198.02,152.38,3732.66,0.8588,0.9052,0.9647,0.7499,0.12427
2026-07-08,P03,L06,58824,51465,2377,720,1311.58,69.86,6519.56,0.9402,0.8749,0.9559,0.7863,0.12668
2026-07-09,P01,L01,50208,46238,1282,318,1220.74,135.3,4235.58,0.8751,0.9209,0.973,0.7841,0.0916
2026-07-09,P01,L02,69898,61577,2224,1053,1241.64,112.32,7165.24,0.8901,0.881,0.9651,0.7568,0.11636
2026-07-09,P02,L03,46439,44637,1601,547,1233.66,131.03,5206.29,0.8843,0.9612,0.9654,0.8206,0.11664
2026-07-09,P02,L04,26321,24937,617,213,1208.64,144.91,2829.22,0.8664,0.9474,0.9759,0.801,0.11345
2026-07-09,P03,L05,35558,33257,714,229,1273.2,84.08,3701.84,0.9127,0.9353,0.979,0.8357,0.11131
2026-07-09,P03,L06,67977,66486,2072,624,1265.02,115.22,9346.93,0.9068,0.9781,0.9698,0.8601,0.14058
2026-07-10,P01,L01,38522,34368,1146,396,1222.48,130.79,3411.67,0.8763,0.8922,0.9677,0.7566,0.09927
2026-07-10,P01,L02,78841,75612,759,259,1173.39,165.79,7192.49,0.8411,0.959,0.9901,0.7987,0.09512
2026-07-10,P02,L03,42570,40192,1331,527,1259.07,90.28,4927.08,0.9026,0.9441,0.9679,0.8248,0.12259
2026-07-10,P02,L04,25999,23136,648,283,1258.42,90.27,2502.43,0.9021,0.8899,0.9728,0.7809,0.10816
2026-07-10,P03,L05,27165,25059,879,209,1248.64,105.8,3816.23,0.8951,0.9225,0.9661,0.7977,0.15229
2026-07-10,P03,L06,51795,46782,1484,529,1293.07,63.6,4694.51,0.9269,0.9032,0.9693,0.8115,0.10035
2026-07-11,P01,L01,12580,11906,362,196,405.0,56.74,1693.63,0.2903,0.9464,0.9705,0.2667,0.14225
2026-07-11,P01,L02,18288,18071,784,216,410.84,34.52,2487.72,0.2945,0.9881,0.9584,0.2789,0.13766
2026-07-11,P02,L03,9662,9602,133,51,399.21,53.88,810.45,0.2862,0.9938,0.9863,0.2805,0.0844
2026-07-11,P02,L04,9262,7894,304,122,443.66,9.4,826.39,0.318,0.8523,0.9629,0.261,0.10469
2026-07-11,P03,L05,19052,18702,540,175,857.22,57.6,1899.14,0.6145,0.9816,0.9719,0.5863,0.10155
2026-07-11,P03,L06,34246,31566,933,213,868.58,48.24,3936.97,0.6226,0.9217,0.9713,0.5574,0.12472
2026-07-12,P01,L01,28542,25000,1050,504,823.63,85.85,3100.09,0.5904,0.8759,0.9597,0.4963,0.124
2026-07-12,P01,L02,32782,31896,554,263,833.92,67.46,4311.29,0.5978,0.973,0.9829,0.5717,0.13517
2026-07-12,P02,L03,11019,9474,84,19,431.38,13.48,907.86,0.3092,0.8598,0.9912,0.2635,0.09583
2026-07-12,P02,L04,12334,11244,474,207,787.62,101.36,1712.85,0.5646,0.9116,0.9595,0.4939,0.15233
2026-07-12,P03,L05,7814,7321,78,19,439.52,8.98,873.09,0.3151,0.9369,0.9895,0.2921,0.11926
2026-07-12,P03,L06,15314,14197,486,103,405.21,59.79,2296.82,0.2905,0.9271,0.9669,0.2604,0.16178
2026-07-13,P01,L01,50058,46936,2008,992,1253.11,134.72,7225.69,0.8983,0.9376,0.959,0.8077,0.15395
2026-07-13,P01,L02,70839,64984,1622,525,1194.19,164.48,6272.77,0.8561,0.9173,0.9756,0.7662,0.09653
2026-07-13,P02,L03,43651,39509,959,368,1210.73,144.03,3769.82,0.8679,0.9051,0.9763,0.7669,0.09542
2026-07-13,P02,L04,26011,23758,834,282,1213.38,108.0,2581.45,0.8698,0.9134,0.9661,0.7675,0.10866
2026-07-13,P03,L05,39935,37747,854,352,1242.88,141.61,4208.43,0.891,0.9452,0.9779,0.8235,0.11149
2026-07-13,P03,L06,70616,62763,2042,842,1225.91,150.04,5359.52,0.8788,0.8888,0.9685,0.7565,0.08539
2026-07-14,P01,L01,45869,45146,1653,621,1198.31,140.55,5363.67,0.859,0.9842,0.9647,0.8156,0.11881
2026-07-14,P01,L02,66168,59458,2294,1083,1166.25,184.78,5147.94,0.836,0.8986,0.9629,0.7233,0.08658
2026-07-14,P02,L03,49092,45636,1536,538,1183.61,166.09,4173.15,0.8485,0.9296,0.9674,0.7631,0.09144
2026-07-14,P02,L04,26102,23233,897,430,1153.79,196.15,2797.74,0.8271,0.8901,0.9628,0.7088,0.12042
2026-07-14,P03,L05,37616,33180,726,180,1241.04,116.69,3771.43,0.8896,0.8821,0.9786,0.7679,0.11367
2026-07-14,P03,L06,62255,56908,2022,910,1284.3,94.34,6778.14,0.9206,0.9141,0.9657,0.8127,0.11911
2026-07-15,P01,L01,44843,41256,850,338,1250.98,78.58,4049.57,0.8968,0.92,0.9798,0.8084,0.09816
2026-07-15,P01,L02,59234,52218,1991,646,1225.59,123.43,6924.88,0.8786,0.8816,0.9633,0.7461,0.13261
2026-07-15,P02,L03,42184,41113,1040,429,1210.14,151.89,5844.04,0.8675,0.9746,0.9753,0.8246,0.14215
2026-07-15,P02,L04,34003,30939,975,352,1247.61,106.54,4464.99,0.8943,0.9099,0.9694,0.7889,0.14432
2026-07-15,P03,L05,44136,40383,1519,529,1227.43,102.31,4788.6,0.8799,0.915,0.9637,0.7759,0.11858
2026-07-15,P03,L06,63996,56114,2204,813,1253.19,101.56,5857.45,0.8983,0.8768,0.9622,0.7579,0.10438
2026-07-16,P01,L01,49831,47703,864,326,1234.17,121.41,5913.81,0.8847,0.9573,0.9822,0.8319,0.12397
2026-07-16,P01,L02,72082,70716,2558,1037,1214.35,166.51,10512.74,0.8705,0.981,0.9651,0.8242,0.14866
2026-07-16,P02,L03,38799,34506,1468,401,1257.07,118.87,4057.51,0.9011,0.8894,0.9592,0.7687,0.11759
2026-07-16,P02,L04,27733,25167,669,243,1270.5,102.84,3674.47,0.9108,0.9075,0.9741,0.8051,0.146
2026-07-16,P03,L05,29532,28547,849,383,1231.85,143.05,4256.23,0.8831,0.9666,0.9711,0.8289,0.1491
2026-07-16,P03,L06,71108,63885,2686,1115,1238.76,115.09,6957.19,0.888,0.8984,0.9597,0.7656,0.1089
2026-07-17,P01,L01,39219,36395,718,325,1286.34,64.33,4031.59,0.9221,0.928,0.9807,0.8392,0.11077
2026-07-17,P01,L02,64626,58803,2149,619,1216.82,132.59,7506.54,0.8723,0.9099,0.9647,0.7657,0.12766
2026-07-17,P02,L03,42444,38518,2185,997,1228.45,129.8,6692.03,0.8806,0.9075,0.9463,0.7563,0.17374
2026-07-17,P02,L04,27596,25235,525,227,1158.32,193.95,2486.16,0.8303,0.9144,0.9796,0.7438,0.09852
2026-07-17,P03,L05,39542,36249,1285,620,1174.8,163.26,4780.75,0.8422,0.9167,0.9658,0.7456,0.13189
2026-07-17,P03,L06,70754,69435,2720,767,1189.61,163.04,7505.79,0.8528,0.9814,0.9623,0.8053,0.1081
2026-07-18,P01,L01,24716,21917,849,343,797.97,102.06,2738.62,0.572,0.8868,0.9627,0.4883,0.12495
2026-07-18,P01,L02,13838,12005,97,51,376.57,73.36,1140.32,0.2699,0.8675,0.992,0.2323,0.09499
2026-07-18,P02,L03,12292,10790,517,196,400.7,54.47,1416.06,0.2872,0.8778,0.9543,0.2406,0.13124
2026-07-18,P02,L04,6494,6047,40,10,428.63,26.43,576.4,0.3073,0.9312,0.9934,0.2842,0.09532
2026-07-18,P03,L05,8995,9000,63,22,421.75,28.02,979.12,0.3023,1.0006,0.993,0.3004,0.10879
2026-07-19,P01,L02,57903,50536,1555,629,1238.87,113.68,6678.02,0.8881,0.8728,0.9701,0.7519,0.13214
2026-07-19,P02,L03,22656,20380,616,249,863.28,38.59,3117.87,0.6188,0.8995,0.9707,0.5403,0.15299
2026-07-19,P02,L04,9411,8285,373,75,397.63,54.77,1167.77,0.285,0.8804,0.9569,0.2401,0.14095
2026-07-19,P03,L05,8508,7540,235,53,382.6,67.5,873.31,0.2743,0.8862,0.9698,0.2357,0.11582
2026-07-19,P03,L06,13441,12011,36,10,410.03,49.3,763.72,0.2939,0.8936,0.997,0.2619,0.06359
2026-07-20,P01,L01,49625,44893,1461,676,1248.38,129.44,4693.77,0.8949,0.9046,0.9685,0.784,0.10455
2026-07-20,P01,L02,66196,56823,1896,910,1278.26,79.0,8337.3,0.9163,0.8584,0.9677,0.7612,0.14672
2026-07-20,P02,L03,43462,39349,1665,760,1194.27,143.93,4735.4,0.8561,0.9054,0.9594,0.7436,0.12034
2026-07-20,P02,L04,28486,26297,1104,482,1238.68,95.81,2836.66,0.8879,0.9232,0.9597,0.7867,0.10787
2026-07-20,P03,L05,37254,33697,1770,558,1322.18,58.17,4949.61,0.9478,0.9045,0.9501,0.8145,0.14689
2026-07-20,P03,L06,60493,58230,1848,638,1245.28,92.59,7163.55,0.8927,0.9626,0.9692,0.8329,0.12302
2026-07-21,P01,L01,54361,51642,1689,678,1245.52,123.64,5005.8,0.8928,0.95,0.9683,0.8213,0.09693
2026-07-21,P01,L02,60930,56594,2109,948,1324.81,30.58,6474.76,0.9497,0.9288,0.9641,0.8504,0.11441
2026-07-21,P02,L03,39245,35629,1331,621,1251.26,123.08,4370.16,0.897,0.9079,0.964,0.785,0.12266
2026-07-21,P02,L04,33453,32028,388,116,1251.1,93.75,3246.27,0.8968,0.9574,0.988,0.8484,0.10136
2026-07-21,P03,L05,34651,32232,777,269,1205.77,161.48,4001.89,0.8644,0.9302,0.9765,0.7851,0.12416
2026-07-21,P03,L06,69945,67765,2501,938,1262.95,106.51,8241.94,0.9053,0.9688,0.9644,0.8459,0.12163
2026-07-22,P01,L01,45375,42076,1224,340,1276.7,98.26,4156.23,0.9152,0.9273,0.9717,0.8247,0.09878
2026-07-22,P01,L02,73219,68735,3035,704,1239.32,134.69,12173.8,0.8884,0.9388,0.9577,0.7987,0.17711
2026-07-22,P02,L03,48367,43127,994,488,1198.83,177.29,5138.72,0.8594,0.8917,0.9775,0.749,0.11915
2026-07-22,P02,L04,33788,31248,1148,411,1280.8,114.2,3074.69,0.9181,0.9248,0.9646,0.819,0.0984
2026-07-22,P03,L05,39874,35414,1699,442,1191.86,161.69,4145.38,0.8544,0.8881,0.9542,0.7241,0.11705
2026-07-22,P03,L06,70190,65882,2125,784,1244.53,142.99,7118.68,0.8921,0.9386,0.9688,0.8112,0.10805
2026-07-23,P01,L01,50994,47705,1151,337,1225.56,83.01,5923.3,0.8785,0.9355,0.9764,0.8025,0.12417
2026-07-23,P01,L02,69130,59594,2488,681,1146.8,211.25,7879.61,0.8221,0.8621,0.9599,0.6803,0.13222
2026-07-23,P02,L03,41069,37526,978,281,1247.59,87.69,3506.49,0.8943,0.9137,0.9746,0.7964,0.09344
2026-07-23,P02,L04,28339,25864,716,263,1261.73,93.53,3275.08,0.9045,0.9127,0.9731,0.8032,0.12663
2026-07-23,P03,L05,37439,36567,1146,501,1251.91,103.18,4153.06,0.8974,0.9767,0.9696,0.8499,0.11357
2026-07-23,P03,L06,59335,57522,1847,688,1356.81,34.86,6246.18,0.9726,0.9694,0.9689,0.9136,0.10859
2026-07-24,P01,L01,45708,41798,1977,744,1229.68,143.43,6177.96,0.8815,0.9145,0.9548,0.7697,0.14781
2026-07-24,P01,L02,78824,74440,3357,1349,1290.84,65.68,9730.09,0.9253,0.9444,0.9568,0.8362,0.13071
2026-07-24,P02,L03,50926,43284,2293,854,1263.05,80.34,5822.07,0.9054,0.8499,0.9497,0.7308,0.13451
2026-07-24,P02,L04,30538,29510,735,223,1220.19,137.27,3616.61,0.8747,0.9663,0.9757,0.8247,0.12256
2026-07-24,P03,L05,38321,36375,1323,530,1188.52,166.34,4657.61,0.852,0.9492,0.9649,0.7803,0.12804
2026-07-24,P03,L06,68455,64833,2657,646,1223.46,153.32,9457.78,0.877,0.9471,0.9606,0.7979,0.14588
2026-07-25,P01,L01,13306,10984,523,282,368.97,74.15,1422.41,0.2645,0.8255,0.9545,0.2084,0.1295
2026-07-25,P01,L02,34917,31346,580,270,844.7,57.49,2824.98,0.6055,0.8977,0.9818,0.5337,0.09012
2026-07-25,P02,L03,14631,12092,608,208,371.78,65.56,1590.13,0.2665,0.8265,0.9521,0.2097,0.1315
2026-07-25,P02,L04,5741,4789,191,60,415.97,36.59,594.76,0.2982,0.8342,0.9616,0.2392,0.12419
2026-07-25,P03,L05,7022,7087,102,27,393.88,47.06,855.27,0.2824,1.0093,0.9858,0.2809,0.12068
2026-07-25,P03,L06,50747,48985,2109,822,1272.08,85.24,4519.71,0.9119,0.9653,0.9587,0.8439,0.09227
2026-07-26,P01,L02,29843,29464,454,141,872.77,30.3,2677.35,0.6256,0.9873,0.9848,0.6083,0.09087
2026-07-26,P02,L03,11156,10332,353,91,430.3,8.9,1203.1,0.3085,0.9261,0.967,0.2762,0.11644
2026-07-26,P02,L04,15905,15025,437,142,709.05,177.16,1374.33,0.5083,0.9447,0.9717,0.4666,0.09147
2026-07-26,P03,L05,11183,9551,185,92,399.44,61.24,895.87,0.2863,0.8541,0.981,0.2399,0.0938
2026-07-26,P03,L06,35787,35541,896,335,773.42,90.07,4690.0,0.5544,0.9931,0.9754,0.5371,0.13196
2026-07-27,P01,L01,46137,40664,1665,682,1260.54,119.01,5445.02,0.9036,0.8814,0.9607,0.7651,0.1339
2026-07-27,P01,L02,82235,72802,2254,859,1241.88,135.41,8659.34,0.8902,0.8853,0.97,0.7645,0.11894
2026-07-27,P02,L03,52577,47829,1551,684,1214.82,126.09,6500.65,0.8708,0.9097,0.9686,0.7673,0.13591
2026-07-27,P02,L04,30178,27608,933,322,1254.31,119.88,3943.35,0.8991,0.9148,0.9673,0.7957,0.14283
2026-07-27,P03,L05,41171,40471,1316,521,1251.92,126.26,4617.72,0.8974,0.983,0.9685,0.8544,0.1141
2026-07-27,P03,L06,81004,74948,2870,900,1250.33,96.78,10873.56,0.8963,0.9252,0.9631,0.7987,0.14508
2026-07-28,P01,L01,41571,37567,902,348,1256.83,102.11,4230.44,0.901,0.9037,0.9766,0.7951,0.11261
2026-07-28,P01,L02,56873,52670,1160,310,1223.92,144.25,6099.47,0.8774,0.9261,0.9785,0.795,0.11581
2026-07-28,P02,L03,43177,40318,1510,716,1190.21,179.91,5703.69,0.8532,0.9338,0.9639,0.7679,0.14147
2026-07-28,P02,L04,37071,34407,1198,416,1293.34,48.13,3762.24,0.9271,0.9281,0.9664,0.8315,0.10935
2026-07-28,P03,L05,34416,32608,752,249,1242.7,114.22,3514.94,0.8908,0.9475,0.9775,0.825,0.10779
2026-07-28,P03,L06,57587,50832,1535,482,1182.71,185.91,6664.5,0.8478,0.8827,0.9707,0.7264,0.13111
2026-07-29,P01,L01,49539,46611,1893,936,1241.19,136.25,4919.87,0.8897,0.9409,0.961,0.8045,0.10555
2026-07-29,P01,L02,78594,74836,2060,741,1309.26,81.2,6639.03,0.9385,0.9522,0.9732,0.8697,0.08871
2026-07-29,P02,L03,52652,46550,1030,295,1209.6,152.58,5421.85,0.8671,0.8841,0.9784,0.75,0.11647
2026-07-29,P02,L04,28813,25299,789,331,1275.55,71.05,3322.62,0.9144,0.878,0.9698,0.7786,0.13133
2026-07-29,P03,L05,35716,31279,755,267,1252.48,99.45,3203.66,0.8978,0.8758,0.9764,0.7678,0.10242
2026-07-29,P03,L06,80835,77471,2623,657,1170.17,168.4,8052.13,0.8388,0.9584,0.9673,0.7776,0.10394
2026-07-30,P01,L01,42219,38827,1827,739,1206.29,118.56,5040.26,0.8647,0.9197,0.9551,0.7595,0.12981
2026-07-30,P01,L02,73767,66469,2531,856,1269.58,95.68,8103.9,0.9101,0.9011,0.9633,0.79,0.12192
2026-07-30,P02,L03,55933,53376,1290,408,1184.89,155.36,5573.42,0.8494,0.9543,0.9764,0.7914,0.10442
2026-07-30,P02,L04,33281,30654,1099,466,1218.94,151.01,3561.91,0.8738,0.9211,0.9654,0.777,0.1162
2026-07-30,P03,L05,33750,29748,674,256,1240.24,113.59,4009.57,0.8891,0.8814,0.9778,0.7663,0.13478
2026-07-30,P03,L06,59522,57469,1573,579,1178.13,192.81,8311.51,0.8445,0.9655,0.9734,0.7937,0.14463
2026-07-31,P01,L01,48259,46336,647,182,1211.12,145.31,4759.37,0.8682,0.9602,0.9862,0.8221,0.10271
2026-07-31,P01,L02,59449,55751,2563,836,1244.35,137.32,8166.25,0.892,0.9378,0.956,0.7998,0.14648
2026-07-31,P02,L03,44245,41286,1947,825,1294.26,87.89,7059.77,0.9278,0.9331,0.955,0.8267,0.171
2026-07-31,P02,L04,31495,28610,1090,389,1226.81,129.14,4075.99,0.8794,0.9084,0.9633,0.7696,0.14247
2026-07-31,P03,L05,31174,28800,1324,481,1239.42,95.7,4575.8,0.8885,0.9238,0.956,0.7847,0.15888
2026-07-31,P03,L06,69169,60267,1555,538,1244.63,89.6,6940.42,0.8922,0.8713,0.9748,0.7578,0.11516
